Node,Cluster_0,Cluster_I,Cluster_II,Cluster_III,Cluster_IV,Cluster_V,Cluster_VI,Cluster_VII,Predicted Label
0,0.07908108145799833,0.0,0.0,0.25242085861384617,0.027189790195394928,0.0,0.07084220737586949,0.029781423057087433,[3]
1,0.05565475461018285,0.0,0.0,0.22854720032841097,0.015830264296934918,0.0,0.05648744946725446,0.025899672005925103,[3]
2,0.12064242957105492,0.0,0.0,0.19280549575875727,0.0,0.0,0.08753600549290962,0.058964805313065215,[3]
3,0.03993161429205807,0.19021419480175053,0.0,0.09729905900979594,0.0,0.0,0.0,0.0,[1]
4,0.02152480917789785,0.0,0.0,0.038181389815342026,0.023228647921948856,0.0,0.021580870685044277,0.0,[3]
5,0.052045121925001235,0.0,0.0,0.16146994178532836,0.017787447581849962,0.0,0.06810061076028419,0.023986084737722527,[3]
6,0.05233146318199534,0.0,0.0,0.17012682645076263,0.02306560052723311,0.0,0.044063882709134326,0.008102145880518821,[3]
7,0.019402278218405004,0.0,0.0,0.08406169497073086,0.0006784416554486569,0.0,0.04066655930321224,0.014072028756829722,[3]
8,0.06700543800318307,0.0,0.0,0.13757121228851174,0.0,0.0,0.019158661043426888,0.006450561346102622,[3]
9,0.06413107839799728,0.0,0.0,0.1845880543049107,0.08211604036932411,0.0,0.0,0.0023490378987541215,[3]
10,0.04536060331691665,0.0,0.0,0.13978416969582405,0.0,0.012005967952186712,0.0889931724876563,0.022638579310871633,[3]
11,0.0339855762093869,0.004945231937471203,0.0,0.0,0.18779601990563333,0.0,0.0492604056956615,0.0,[4]
12,0.058417070796327984,0.0,0.0,0.17418729148983744,0.01933149377188828,0.0,0.024929278220303636,0.02131196317826858,[3]
13,0.050101630548008425,0.0,0.0,0.18994235160562167,0.10682258632769621,0.0,0.0,0.023190974225899417,[3]
14,0.03713614137082653,0.0,0.0,0.06666620309069368,0.07926709879113394,0.0,0.0,0.0009023250640576953,"[3, 4]"
15,0.16533807671899264,0.0,0.02570707390428535,0.1256455570151133,0.06686289817801978,0.0,0.026899685110479292,0.024530643913538958,[3]
16,0.011285734294225394,0.0,0.0,0.05534275383687265,0.0166865633743412,0.0,0.0,0.007196077374634748,[3]
17,0.04948403245815771,0.0,0.0,0.1543371228809708,0.0,0.0,0.08125364587484013,0.03533139108042985,[3]
18,0.056882635417208956,0.0,0.0,0.20296646906496404,0.0,0.048777530661291826,0.07129162646835381,0.0,[3]
19,0.04523761434719543,0.0,0.0,0.11718615663427542,0.0,0.04549116915859631,0.04303356749610185,0.00338492853440073,[3]
20,0.11032768708448652,0.0,0.0,0.05987284321178035,0.0,0.0,0.03828146673343886,0.00011641040844143632,[3]
21,0.037034471466593756,0.0,0.0,0.1647101046654321,0.0,0.0,0.07292173891883781,0.0225634219235828,[3]
22,0.11657626395512169,0.0,0.0,0.08600898031391763,0.0,0.0,0.029347573605780955,0.06156881254519125,"[3, 7]"
23,0.07635511269144195,0.0,0.0,0.24251037023069338,0.10670072060257169,0.0,0.0,0.009284544227554117,[3]
24,0.04024378156226015,0.0,0.0,0.05216382024132889,0.0,0.0,0.04668363481149855,0.03218600151088494,"[3, 6]"
25,0.008136544754546693,0.0,0.0,0.03453168853482927,0.0,0.0,0.01957101618011819,0.008962909668195233,[3]
26,0.03579924651505289,0.0,0.0,0.14531395380231363,0.0,0.015762548159293847,0.07868158771710565,0.0,[3]
27,0.029089249057150334,0.0,0.0,0.11709712462816646,0.0015183992177750193,0.0,0.022603170741517273,0.0042383378635440574,[3]
28,0.012204057048706446,0.0,0.0,0.0006758298811994918,0.02213320461057008,0.006013925128492588,7.166691439001449e-06,0.0,[4]
29,0.07261152136966346,0.0,0.0,0.0633860933530838,0.030685531166350376,0.0,0.0,0.0,[3]
30,0.056419172798667996,0.0,0.0,0.0,0.0,0.0,0.04583625286102277,0.04220010205523666,"[6, 7]"
31,0.0067089170188885956,0.0,0.0,0.02209069808379945,0.009963031890165982,0.0,0.012055126663322063,0.020780468077602473,"[3, 7]"
32,0.023363021548223235,0.0,0.0,0.09252224368388592,0.04710659692511482,0.0,0.0,0.009854351150672357,[3]
33,0.04661698860647482,0.0,0.0,0.16069400476699564,0.04757376655385235,0.0,0.0,0.006721208102227838,[3]
34,0.0026825446633348014,0.0,0.0,0.017292711056961094,0.0018187778217331834,0.0,0.005956798483219973,0.0025465900496039174,[3]
35,0.0026825446633348014,0.0,0.0,0.01729271105696109,0.0018187778217331795,0.0,0.005956798483220203,0.0025465900496039035,[3]
36,0.0026825446633348014,0.0,0.0,0.01729271105696109,0.0018187778217331795,0.0,0.005956798483220201,0.0025465900496038974,[3]
37,0.041252520431419845,0.0,0.0,0.11015419889509889,0.0,0.0699778486639911,0.031390384650723836,0.0,[3]
38,0.09041112329439567,0.0,0.0,0.015201282536373394,0.0,0.0,0.008594322858067294,0.08646260524849304,[7]
39,0.08609329238361887,0.018795962745692008,0.0,0.0,0.0,0.0,0.0,0.002012263227359536,[1]
40,0.10415878636908796,0.0,0.0,0.05423367441007041,0.0,0.08974805653979369,0.0,0.024492050221534625,[5]
41,0.1315422964371085,0.0,0.030345804830250445,0.0,0.0,0.0,0.0,0.3015136067303494,[7]
42,0.029235960699203034,0.01670665221706878,0.0,0.04870581781594502,0.0,0.0,0.011861997073211271,0.0076022573590610685,[3]
43,0.04432905168326105,0.0,0.0288872201778376,0.0,0.0,0.0,0.0,0.09350786126274123,[7]
44,0.07031053010928857,0.0,0.0,0.01329340572774079,0.0,0.0,0.057676685867984634,0.08680189956658328,[7]
45,0.07827118491323498,0.24352282272048806,0.0,0.047054319554284595,0.0,0.0,0.0,0.0,[1]
46,0.025104779132645617,0.0,0.0,0.012700873786336091,0.0,0.0,0.010603820688892781,0.014518965837888578,"[3, 6, 7]"
47,0.024612648357921034,0.006511871504315079,0.0,0.020428192699336926,0.0,0.0,0.0,0.0025700373061713607,[3]
48,0.12794466885582365,0.0,0.009058790842235652,0.0,0.001412588432916063,0.0,0.006634259805490862,0.0,"[2, 6]"
49,0.07857189141759831,0.0,0.0,0.009402864545269332,0.0,0.005273564837641102,0.01942771271605115,0.08053725816007812,[7]
50,0.05492540198502287,0.0,0.0,0.0,0.0,0.050303031666101186,0.02128473207305895,0.0,[5]
51,0.0806685712988491,0.0,0.0,0.026441650853380235,0.0,0.07953118803255893,0.007329882668011986,0.014080968324314914,[5]
52,0.007915583256914995,0.015485841775729436,0.0,0.014186742540136143,0.0,0.0,0.0,0.0007316734703094696,"[1, 3]"
53,0.08592928011386952,0.0,0.0,0.0,0.0,0.03934441444221702,0.0,0.006660137025371081,[5]
54,0.06094889526031049,0.0,0.0,0.0,0.0,0.0,0.0189582235030798,0.0,[6]
55,0.12639329469062527,0.003694505641224529,0.03153539293248077,0.0,0.0,0.0,0.04630543460357962,0.0,[6]
56,0.030569130771184082,0.2732444263415414,0.0,0.0226560031613177,0.0,0.0,0.06504838544039196,0.0,[1]
57,0.05422069042626482,0.2188685999966229,0.0,0.04601645202487725,0.001619865928347965,0.0,0.0,0.0,[1]
58,0.02859686680724952,0.22164257505842763,0.0,0.02399197286483201,0.0,0.0,0.0,0.0,[1]
59,0.00433814561747513,0.02630010593782012,0.0,0.011633150312892459,0.0,0.0,0.0009014477232842133,0.0024042547750373756,[1]
60,0.008921839525889309,0.07123861979975377,0.0,0.00910683108887476,0.0,0.0,0.0,0.0,[1]
61,0.04936008992067556,0.2038647179870792,0.0,0.0,0.10378244723932296,0.0,0.0,0.0,[1]
62,0.00951764403871416,0.07677309910406384,0.0,0.0,0.024436582327295567,0.0,0.0,0.0,[1]
63,0.023071021214482616,0.24397547290619476,0.0,0.020946529538442674,0.0,0.0,0.0,0.0,[1]
64,0.012951998534632735,0.171633053311906,0.0,0.017667172211036555,0.0,0.0,0.04832769030287931,0.0,[1]
65,0.02531991818673869,0.1846172781850103,0.0,0.015260049759500842,0.0,0.0,0.0,0.0,[1]
66,0.013288881353785434,0.10339640525050565,0.0,0.016040303520381077,0.00021293544291784585,0.0,0.0,0.00045698209086457507,[1]
67,0.017543787341036027,0.17756441587527516,0.0,0.0211656780804845,0.0,0.0,0.0,0.0,[1]
68,0.032243596636396865,0.22532408543854612,0.0,0.03435334996064843,0.0,0.0,0.0,0.0,[1]
69,0.037622797603875865,0.0,0.0,0.14341630907015018,0.018689318838634502,0.0,0.0,0.0,[3]
70,0.02126809787125448,0.10541063514452766,0.0,0.02032056545578562,0.0,0.0007233742628110595,0.0,0.0,[1]
71,0.04358217767645993,0.26547430408525613,0.0,0.004175797344116482,0.0,0.0,0.0,0.0,[1]
72,0.02650435773975146,0.0,0.0,0.013074835041625169,0.0,0.0347789458656311,0.050026971873418855,0.009073212542180164,[6]
73,0.04661154991959856,0.0,0.004985954160457481,0.0072857576893471795,0.0,0.0304359379804708,0.026702444634718627,0.0,"[5, 6]"
74,0.01419304312957054,0.006111868109866785,0.0,0.0,0.07301680187677989,0.007133918625804091,0.011268791167941116,0.0,[4]
75,0.08243014008424839,0.0,0.0,0.0,0.15480166008366272,0.060657547384630674,0.0,0.0,[4]
76,0.027921983806547347,0.0,0.006632441638021058,0.0,0.017083906011387297,0.0,0.017917633432229185,0.0,"[4, 6]"
77,0.021207108320653312,0.0,0.0,0.026626660221778693,0.037668373873715945,0.0,0.0,0.023027266060284785,"[3, 4]"
78,0.038163762685486824,0.0,0.0047412456868059505,0.0,0.0,0.0,0.014387805356310679,0.0,[6]
79,0.06904580428195445,0.0,0.0,0.019842113970938352,0.041941814185353817,0.00332743097692444,0.0,0.0,[4]
80,0.05345228181065011,0.0,0.0,0.04769998720337693,0.0,0.126210849887029,0.049341902154278236,0.0,[5]
81,0.03825557280532055,0.0,0.0,0.09528056343307201,0.0,0.052112273709885686,0.007839508928319236,0.0,[3]
82,0.012179111318793278,0.0,0.013805380808887246,0.01042501220145323,0.013211568048605163,0.0,0.005598690462871895,0.0,"[2, 3, 4]"
83,0.04053117977593755,0.0,0.018131654842344264,0.0,0.16649011126082386,0.0,0.024760056243826378,0.0,[4]
84,0.056818772005022083,0.04364580996199233,0.07186156280652042,0.006595251260745087,0.023928554256050637,0.08577501382824158,0.000945911423211773,0.09574551282123175,"[2, 5, 7]"
85,0.02121959105211121,0.0,0.0,0.06080404766330937,0.0,0.049787023976370595,0.024510150593514496,0.0,"[3, 5]"
86,0.017861889004129092,0.0,0.0,0.01058211379001486,0.0,0.017405574568187976,0.002659959474291788,0.01072772289683641,[5]
87,0.02916477382765884,0.02003347100285283,0.027119598298616418,0.006655681288196979,0.0038274008775414045,0.040756922105530176,0.012296172714115707,0.04083137148859401,"[5, 7]"
88,0.0078623149570373,0.0,0.0,0.01758557986418245,0.0,0.01828119387689325,0.003553802848438532,0.00447039979077227,"[3, 5]"
89,0.01721953926822466,0.15169715964109326,0.0,0.024551581297166274,0.0,0.0,0.0,0.0,[1]
90,0.017964543136786186,0.0,0.0,0.03520361747162093,0.0,0.01972383990170208,0.0025132725917242503,0.0,[3]
91,0.023326593738825722,0.0,0.0,0.0,0.0,0.0,0.01894959769378223,0.0,[6]
92,0.012645476115851272,0.0,0.0,0.02332110308468057,0.010153372121660885,0.02706466493492847,0.0,0.008108627461218914,"[3, 5]"
93,0.035837938706065595,0.0,0.0,0.07462440631345904,0.0,0.10963416249832743,0.008782170627565901,0.0,[5]
94,0.007276460558537287,0.0,0.0,0.03137907117074065,0.0,0.01338837448517272,0.014583878206084743,0.0,[3]
95,0.005660208047715672,0.0,0.0,0.01682019806687416,0.0,0.0097813182480505,0.005870972615543537,0.0011972100850283795,[3]
96,0.008141308414731142,0.0,0.0,0.01902165088679156,0.0,0.0,0.007022066351509007,0.006060470338694849,[3]
97,0.0034194698392360752,0.0,0.0,0.014697944503685055,0.00015433739601696802,0.005126665972167382,0.0025660181464417773,0.0,[3]
98,0.008844700168424232,0.0,0.0,0.01820244138667262,0.0,0.015267380845835336,0.0015485814291767341,0.0032823751331558693,"[3, 5]"
99,0.0034698603444358244,0.0,0.0,0.01555092258293292,0.0,0.005746357307864743,0.0031117574214465757,0.0006144042538348509,[3]
100,0.02644673163889447,0.0,0.0005976883608577322,0.0,0.0,0.0,0.025627916465307123,0.0,[6]
101,0.00254522994193686,0.0,0.0,0.005272861424831678,0.0,0.005052919168717506,0.004913718904723675,0.0008189275117731176,"[3, 5, 6]"
102,0.015645689115316837,0.0,0.0,0.020834858224586462,0.0,0.0,0.004558741129029862,0.003026468177902618,[3]
103,0.06098154657419484,0.0,0.0,0.0,0.0,0.0,0.022224961831132588,0.021419726652451853,"[6, 7]"
104,0.2291382015992956,0.0,0.0607941613798507,0.0,0.0,0.0,0.07460448041891767,0.0,"[2, 6]"
105,0.039835119243512865,0.0,0.0,0.058564540787000664,0.0,0.1999879353370913,0.0,0.0,[5]
106,0.04847774399288362,0.0,0.0,0.035304683681237445,0.0,0.0,0.0,0.0,[3]
107,0.02141438032488654,0.0,0.0,0.07962133364811962,0.036780936092865944,0.0,0.0,0.00427201168819563,[3]
108,0.006771397786564868,0.0,0.0,0.03219304997897634,0.016219937675304743,0.0,0.0,0.001266966358153562,[3]
109,0.018398976750742594,0.0,0.0,0.08023201128988712,0.051779160035419394,0.0,0.0,0.0025202673105891708,[3]
110,0.003091101260178305,0.0,0.0,0.013902053715676859,0.0070547007020672235,0.0,0.0,0.00028955613174088123,[3]
111,0.03157751061074493,0.0,0.0,0.09013243246192622,0.046891774064018496,0.0,0.0,0.03544161735427832,[3]
112,0.021738797028992344,0.0,0.0,0.06980988025225947,0.030238643025768615,0.0,0.0,0.013722297837549228,[3]
113,0.007195388068753605,0.0,0.0,0.031970919708295575,0.02650378485479814,0.0,0.0,0.003033678229363141,"[3, 4]"
114,0.015245687572709504,0.0,0.0,0.04855269176087475,0.009085914315098234,0.0,0.0,0.012608519296209611,[3]
115,0.1250418644211484,0.011787509159989015,0.05643031972776677,0.0,0.0,0.010468096158339397,0.0,0.0,[2]
116,0.026644589009244962,0.0,0.0,0.05549441131964477,0.07239142458230984,0.0,0.0,0.0,"[3, 4]"
117,0.011386245229163214,0.0,0.004488537082377924,0.013389907140060268,0.011453963452387826,0.007671163368353794,0.0,0.01311819702168158,"[3, 4, 7]"
118,0.015873268427259817,0.0,0.0,0.053281021278892754,0.055600289615276736,0.0,0.0,0.0,"[3, 4]"
119,0.04460582547230257,0.0,0.0,0.16297610121616998,0.0933569316360519,0.0,0.0,0.011536307136266691,[3]
120,0.013166451874106474,0.0,0.0,0.07272762763417086,0.045703254303818615,0.0,0.0,0.005438353098205313,[3]
121,0.02087481793057251,0.0,0.0,0.004803853058764154,0.0,0.0,0.0021401421324000044,0.01738090635641203,[7]
122,0.013475238986548949,0.0,0.0,0.037314195668795264,0.021898931942505355,0.0,0.0,0.004273480028731297,[3]
123,0.0330324009808773,0.0,0.0,0.07375855506563232,0.08011334214428326,0.0,0.0,0.001972852040448685,"[3, 4]"
124,0.020130986893630708,0.0,0.0,0.035972852723884334,0.0,0.0,0.0,0.0,[3]
125,0.005069070273808539,0.0,0.0,0.01793259733708061,0.005773344350313867,0.0,0.0,0.0032624283988704245,[3]
126,0.04604524385926872,0.013659500045679946,0.034771464155695014,0.008339062728999721,0.021509402136327987,0.02510525671954453,0.0,0.01574065550131154,"[2, 5]"
127,0.11848455489274753,0.0,0.01646610644693796,0.0,0.0,0.0,0.007199810208442941,0.0,[2]
128,0.029275822130947354,0.0,0.006673741578427762,0.005804815647083126,0.00719391719423668,0.0,0.008204333170495133,0.0,"[2, 3, 4, 6]"
129,0.029370640968925183,0.009733008895721717,0.027364418361515055,0.0037522130501361295,0.014442649510269204,0.021919801646330794,0.0,0.031568999688221196,"[2, 7]"
130,0.023195896083078406,0.0,0.0,0.04727571532887418,0.0,0.08515408694833147,0.05490720761545008,0.0,[5]
131,0.014088905711633869,0.0004237857412682025,0.0,0.0,0.0,0.0,0.017684903978550087,0.0005727358722264839,[6]
132,0.0337867481507418,0.008244313142273375,0.0,0.014977032296452414,0.0,0.013786169670200063,0.03754249221984598,0.0,[6]
133,0.0631984527009888,0.0,0.0,0.03982428692721893,0.0,0.12968054643324767,0.06163961202604011,0.03216855747533419,[5]
134,0.06747870777293283,0.0,0.0,0.007512628633910516,0.0,0.057040609584695055,0.0,0.04796677248099694,"[5, 7]"
135,0.012594718411132497,0.0,0.0,0.02072437333149118,0.0030285223368286592,0.0,0.011814160480658732,0.0,[3]
136,0.06214836133058007,0.0,0.0,0.0800060180663757,0.0,0.12696923309210795,0.028128875440482873,0.0,[5]
137,0.007798105424352278,0.0,0.0,0.025241112115004107,0.0,0.015037247638698391,0.017314702547656876,0.0,[3]
138,0.005839107387456187,0.003193144038763994,0.0010233324897930406,0.0,0.05118655172271434,0.0042066040738533575,0.01042310543149243,0.0,[4]
139,0.06579622755281976,0.059003481316788835,0.045792103210105614,0.0,0.25649971382623216,0.0,0.04203089657763951,0.0,[4]
140,0.014367105934913468,0.007830046924224607,0.0,0.0,0.10441288809979754,0.010519434446589763,0.01764159835507179,0.0,[4]
141,0.043230645985255736,0.008988966963438299,0.038716382004256505,0.0,0.1749704131232869,0.0,0.01664467053737205,0.0,[4]
142,0.05465178754458549,0.0,0.13332047637330433,0.0,0.10801297546665016,0.0,0.01169312685425177,0.0,"[2, 4]"
143,0.005451695585558081,0.0,0.0033778435829951016,0.0,0.02619153660176146,0.0,0.008017753887400425,0.013481639969463702,[4]
144,0.03609314104709547,0.030174985610290746,0.0,0.0,0.1855510730215853,0.027932130321779554,0.02430756589132805,0.0,[4]
145,0.04865739791627443,0.021492956996773782,0.0007485494672336999,0.0,0.25260895634183395,0.03244362335580568,0.032196748309575314,0.0,[4]
146,0.03850098788665878,0.014047965789757082,0.017596122332914688,0.0,0.19569796238543438,0.014944883397645076,0.0157100663831777,0.0,[4]
147,0.02828642633797859,0.009340236383785727,0.0028204570844628726,0.0,0.11634739407470045,0.017477816919450027,0.022286711843119242,0.0,[4]
148,0.02155550919785383,0.022213262505135566,0.002358388730062319,0.0,0.1788191138189047,0.012561776621592231,0.03502138966273111,0.0,[4]
149,0.04353175154863496,0.03306196963860913,0.0,0.0,0.21941893661211562,0.03077759040752524,0.017411846157995493,0.0,[4]
150,0.004527883967774416,0.0,0.0,0.0,0.010189637897526067,0.010542534797073667,0.003008702225586876,0.0,"[4, 5]"
151,0.03465806433488051,0.027272530492028692,0.006029970642391775,0.0,0.27756910801061074,0.02423605195067432,0.05186207338910173,0.0,[4]
152,0.019696332664304136,0.0,0.049421597768041475,0.0,0.037759685162314455,0.0,0.0,0.0,"[2, 4]"
153,0.009548157601528039,0.0,0.0,0.008783509662443323,0.00025088733254054803,0.0,0.004846194478998236,0.0039059675205414305,[3]
154,0.029724856595039255,0.0,0.0,0.036888997957399014,0.0,0.10245146411343946,0.006032477730054143,0.0,[5]
155,0.009929873215865546,0.0,0.0,0.01779645818997021,0.0,0.02600240792963296,0.0,0.0,[5]
156,0.042439987088138405,0.0,0.0,0.0,0.0,0.0,0.018553637237769146,0.04981294261959709,[7]
157,0.009737162510192417,0.0,0.0,0.0041631134804109415,0.005467580636977825,0.00657793616515891,0.0,0.01093728196226045,[7]
158,0.00733675273663826,0.0,0.021285731882042337,0.019731303253491483,0.0,0.0,0.001204426115880408,0.0,"[2, 3]"
159,0.0030587989109147717,0.0,0.0,0.013581101168536766,0.0,0.0,0.016540541011659384,0.002190666829911905,"[3, 6]"
160,0.017906997571060873,0.0,0.0,0.017141128450354,0.06572286125252187,0.0,0.0,0.007713046888725324,[4]
161,0.029790500386648343,0.0,0.0162896808826216,0.028522412332419946,0.032296520266789266,0.018098627080115576,0.0,0.03831737058863823,"[3, 4, 7]"
162,0.013877350091731123,0.0,0.0,0.04697008366241926,0.02210365076930358,0.0,0.0,0.002598922976436221,[3]
163,0.01001543136023875,0.0,0.0,0.02939440855308753,0.018826136388900454,0.0,0.0,0.004963083058625658,[3]
164,0.013583096249858973,0.0,0.0,0.07393812244436926,0.0492121220381187,0.0,0.0,0.00472773839429231,[3]
165,0.013684694832577707,0.0,0.0,0.05762280328387849,0.032741747475574005,0.0,0.0,0.0,[3]
166,0.014295300677219744,0.0,0.0,0.06063561349488297,0.03305497950015559,0.0,0.0,0.005703106989306396,[3]
167,0.023544557133470048,0.0,0.0,0.09149166134710066,0.052435787820298126,0.0,0.0,0.004095188248877942,[3]
168,0.008904082223001366,0.0,0.0,0.05405348393904358,0.03120967254337074,0.0,0.0,0.003843051629466265,[3]
169,0.008088380151930651,0.0,0.0,0.04489619534173395,0.02295484003845182,0.0,0.0,0.006189597518776913,[3]
170,0.0048690519947188465,0.0,0.0,0.015074382353964898,0.009771995287381468,0.0,0.0,0.005955378654919577,[3]
171,0.007021529162260997,0.0,0.0,0.04459478178476389,0.03019509520644489,0.0,0.0,0.005657660352836547,[3]
172,0.002897626711803465,0.0,0.0,0.016573251170497384,0.010619762654054267,0.0,0.0,0.0027152655817003373,[3]
173,0.009534492462994778,0.0,0.0,0.056092022211057614,0.03405262184861443,0.0,0.0,0.0054884160430906615,[3]
174,0.002414885531205597,0.0,0.0,0.014358779444575854,0.009034975071141302,0.0,0.0,0.002252231919470875,[3]
175,0.04773470064291302,0.0,0.0,0.07580359378957827,0.054139342676893805,0.0010082121666122857,0.0,0.02223484565838825,"[3, 4]"
176,0.0065256188228416485,0.0,0.0,0.026773074172124926,0.012949817187527052,0.0,0.0,0.005583238942248565,[3]
177,0.009855007887093066,0.0,0.0,0.04192569647945839,0.025004306516272598,0.0,0.0,0.0,[3]
178,0.007503216768944053,0.0,0.0,0.04105085081553187,0.025257476402656492,0.0,0.0,0.009104708202105674,[3]
179,0.004258794167413164,0.0,0.0,0.021517394993538625,0.006863770985551788,0.0,0.0,0.0005708551866749774,[3]
180,0.016704231495793517,0.0,0.0,0.04552240482255704,0.02821126830338253,0.0,0.0,0.01154515167579496,[3]
181,0.05353910441309746,0.0,0.0,0.1532834516900801,0.012099454272410227,0.0,0.0,0.0,[3]
182,0.055750729422568236,0.0,0.01627055801584306,0.0,0.11842520446793842,0.0,0.0,0.04673394114377881,[4]
183,0.02230385302259428,0.0,0.0,0.0,0.02442658740701068,0.014872713922072373,0.0,0.0,[4]
184,0.05729620595601246,0.005165338313267506,0.0,0.0,0.2266043109562097,0.005747956120841551,0.002075302073521163,0.0,[4]
185,0.019185169289728868,0.0,0.0,0.03181322839794449,0.0003479709328150329,0.024316551875584468,0.018212271697483545,0.0,"[3, 5]"
186,0.01791366741334468,0.0,0.0,0.0,0.03605077106250882,0.004600835157918218,0.0,0.0,[4]
187,0.01277498170200287,0.0,0.0,0.009872826136840596,0.0,0.10748016820468152,0.0,0.0,[5]
188,0.021899378676270752,0.0,0.0,0.0,0.032885422832314076,0.02991956331332827,0.0,0.007814561388330764,"[4, 5]"
189,0.015118308876084825,0.0,0.0,0.0,0.0791061639420179,0.003985598166008286,0.0,0.0,[4]
190,0.0284982136942659,0.0,0.0,0.004548414420343439,0.0,0.03336729623298858,0.0,0.01767385703452022,[5]
191,0.02811113686267144,0.027365159174729092,0.01118972253490165,0.0025671181624910013,0.009940457662891361,0.0,0.0,0.0,[1]
192,0.06085890034484533,0.049128724678917025,0.07298707242721503,0.0,0.01620831483964165,0.08252266594172321,0.00845794439258933,0.07458518740033045,"[2, 5, 7]"
193,0.0861421960408321,0.0,0.01991311428871862,0.0,0.0,0.0,0.0,0.0,[2]
194,0.012259038803250832,0.0,0.0,0.014413597740791874,0.0018539728135026066,0.0,0.0,0.012741737989517237,"[3, 7]"
195,0.15428275062838218,0.007667245048337197,0.057358883739439044,0.0,0.0,0.011554397254666535,0.011956120153588651,0.0,[2]
196,0.04639840160730075,0.004800913953555705,0.03269017915314142,0.012288712880375044,0.02272705443358951,0.024740976502041545,0.0,0.023950191548761747,"[2, 5, 7]"
197,0.09031755104627633,0.0596831267605705,0.09886305930871636,0.0,0.031841597015251674,0.09411912325078146,0.0,0.0957582514315138,"[2, 5, 7]"
198,0.03658648405305339,0.02205039283697358,0.046318226862757536,0.0057926626217658615,0.018061084265007972,0.0329135168383053,0.0,0.046457816107311874,"[2, 5, 7]"
199,0.06243332823430675,0.004935958242220815,0.04224881045607738,0.0,0.0,0.0,0.03355894115701638,0.0026831283492134875,"[2, 6]"
200,0.1054974510612039,0.0,0.024190735564562808,0.0,0.0,0.0,0.029524736488044965,0.0,"[2, 6]"
201,0.05611528300493467,0.0,0.004194241700123997,0.0,0.0,0.0,0.03239955807864509,0.0,[6]
202,0.05314956985162197,0.022229183561949032,0.004730233398721011,0.0,0.055407217290320755,0.0,0.009130331213894744,0.0,[4]
203,0.13491837528967407,0.03318376196720613,0.07443296161971028,0.0,0.0,0.052827572822527605,0.029679190377757795,0.0,"[2, 5]"
204,0.10685790184901198,0.06566030119090642,0.11169515160208546,0.0,0.019523593426196265,0.09295860433561806,0.013930765462353802,0.07904155875659236,"[2, 5, 7]"
205,0.10879002256037784,0.040173363938137106,0.04108603350869953,0.0,0.009117753254047822,0.0,0.0007981080741911153,0.0,"[1, 2]"
206,0.06823108356786375,0.027436216747347395,0.057165587056486326,0.0,0.009751214530586276,0.03423011264958244,0.013474144405611252,0.015506261689258071,[2]
207,0.03882537822705344,0.023190359068494152,0.04113759883871776,0.0,0.011690469019404303,0.032100339512249186,0.002660729276928187,0.030095295648385898,"[2, 5, 7]"
208,0.024791102597062135,0.007415583349392555,0.018303364325249163,0.0,0.009452439917484949,0.011984374682241653,0.006784277465141575,0.011064015121316077,[2]
209,0.10763784954974694,0.01592116774735509,0.02575436924812882,0.0,0.0,0.0,0.012773734510437647,0.0,[2]
210,0.04687671646685573,0.031310957122472415,0.05061133576209457,0.003825392811425808,0.0242118003785942,0.05905707373053021,0.0011495360876743934,0.06613334102413268,"[2, 5, 7]"
211,0.07785816053497055,0.05942453542247106,0.09211195797239503,0.0,0.02915675084259813,0.09607350238608388,0.009620031113282438,0.09796808379873234,"[2, 5, 7]"
212,0.07225147788818394,0.01455692137307613,0.03511953666932645,0.0,0.0,0.0,0.025843107818357282,0.0,"[2, 6]"
213,0.09205182415091175,0.00751563925095837,0.021657437652018923,0.0,0.0,0.0,0.02615025010344985,0.0,"[2, 6]"
214,0.07711903836460104,0.06989197920096986,0.10128391990504869,0.0,0.033658298089644004,0.11374330536660746,0.0005844915501636896,0.11880976362622775,"[2, 5, 7]"
215,0.07175758514718733,0.04356563079065751,0.07523535030762568,0.0,0.015238263957052663,0.05723878689191181,0.011397580645311505,0.05460164029600677,"[2, 5, 7]"
216,0.049870218550870045,0.006161565161572156,0.022683024570454274,0.0,0.0,0.0018230325836910432,0.013913595057817425,0.0,[2]
217,0.07869701009678871,0.00963568180854709,0.04348622385483631,0.0,0.0067158609015799346,0.004859857931136581,0.009828057348357448,0.007466409437134127,[2]
218,0.07002305799509669,0.08323219393633652,0.1018493063006346,0.005199299403490054,0.027733778456521554,0.10745790376328938,0.0031748669621358577,0.11751694239261457,"[1, 2, 5, 7]"
219,0.025360954338189114,0.0,0.012188502312684322,0.008855852326144028,0.009958271569654936,0.0017607334734101058,0.0,0.002092900324583693,"[2, 3, 4]"
220,0.030520647589164868,0.02057432766474404,0.03466217080356356,0.006524934589650937,0.014957787905877231,0.03555574743501379,0.0017101340382121813,0.039602384112565545,"[2, 5, 7]"
221,0.04365773286418165,0.04335476926952519,0.058416797184790537,0.002810428762161893,0.024484887346837122,0.0691472386083739,0.005480455172148362,0.07244182463931532,"[2, 5, 7]"
222,0.008379449580911254,0.0,0.0,0.010326432731426546,0.0,0.0,0.0,0.0,[3]
223,0.006976763550292976,0.0,0.0,0.011187753381977777,0.001393745043764259,0.0,0.0,0.014725391431715808,"[3, 7]"
224,0.0014900479617704712,0.0,0.0,0.00820458364857385,0.0027177329115533532,0.0,0.0,0.0031938521425781026,[3]
225,0.0026256360259396764,0.0,0.0,0.01191003482645377,0.0,0.0,0.007780439069345051,0.0031185840659379706,[3]
226,0.04969439602430834,0.0,0.0,0.013258481915544275,0.0,0.01418823364938441,0.012057465348136702,0.032543365433876016,[7]
227,0.02645986205454605,0.0,0.0,0.017789330136089944,0.0,0.028804446555226904,0.022729227497641554,0.020595822654157766,"[5, 6, 7]"
228,0.0067117409600994,0.0,0.0,0.004300259136559444,0.013282098384036808,0.014075243842217164,0.008960281293091787,0.0,"[4, 5]"
229,0.025562747460454584,0.0,0.0,0.06145599520024146,0.0,0.025954094752994223,0.034076409310871955,0.0,[3]
230,0.023922967631424836,0.0,0.0,0.0480752430342175,0.0,0.03064610439147961,0.013211606736279925,0.0,[3]
231,0.004467242547498725,0.0,0.0,0.02632567620950617,0.0,0.004806299672370721,0.014900136956931796,0.0,[3]
232,0.08005334863514396,0.0,0.0,0.1248590352267167,0.0,0.10853994808298048,0.021238757195749483,0.0,"[3, 5]"
233,0.011403312001018722,0.0,0.0,0.04110029475504413,0.0,0.022651644738545706,0.010436615775101967,0.0,[3]
234,0.023009430486543195,0.0,0.0,0.0481497210262857,0.0,0.08463283554945833,0.0,0.0,[5]
235,0.013786129780200173,0.0,0.0,0.0038033443766870476,0.0,0.0,0.012534385763390277,0.0,[6]
236,0.04568716852969732,0.0,0.0,0.06479683821145488,0.0,0.0804713855220831,0.0,0.0,"[3, 5]"
237,0.02474211325638264,0.004999214768924832,0.0,0.054079388611744855,0.0,0.06130694375044564,0.1565552371303323,0.0,[6]
238,0.040042413550777506,0.0,0.008479257200482305,0.03362195251488101,0.025729593856772225,0.012668409732945208,0.008180181444694897,0.0,"[3, 4]"
239,0.028715582526365368,0.0,0.0,0.055894419584061,0.0,0.025419865452356156,0.029566165226464467,0.0,[3]
240,0.059954433280184204,0.0,0.0,0.023166811533745973,0.0,0.13123778436974642,0.0,0.0,[5]
241,0.005333444089961856,0.0,0.0,0.004151367719123147,0.0,0.009739779911719443,0.008231988211219194,0.008659082906366727,"[5, 6, 7]"
242,0.05654196321540808,0.0,0.004380893656770551,0.0,0.006124614051889759,0.052558250311366184,0.0,0.0,[5]
243,0.010291726300175273,0.0,0.0,0.010510577657088788,0.0,0.01077721378320095,0.0,0.0,"[3, 5]"
244,0.03902431636038013,0.0,0.0,0.0,0.0,0.0,0.0072734822013693036,0.05282968089951739,[7]
245,0.034452527843124116,0.008418151073663796,0.0,0.019551393750312524,0.0,0.0,0.0014995072994623598,0.02326544542037442,"[3, 7]"
246,0.010338192105066112,0.0,0.0,0.008005424930725724,0.0,0.0007221988053592934,0.0019016011168189412,0.001512255661450982,[3]
247,0.02314244148980319,0.0,0.0,0.0011172953054438164,0.0,0.0,0.015453950790127641,0.02140908487494473,"[6, 7]"
248,0.005982047482997004,0.0,0.0,0.006952205956709134,0.0,0.0,0.004828475033654185,0.0,[3]
249,0.02689333187353974,0.0,0.0,0.011982849463261907,0.0,0.0,0.004033150962772621,0.010582372518346013,"[3, 7]"
250,0.05472307385473177,0.0,0.0,0.0,0.0,0.0,0.05528652316009929,0.0,[6]
251,0.014439863947601,0.0,0.0,0.009387399699943129,0.0,0.0,0.0056278224721635186,0.0,[3]
252,0.005317765755675563,0.0,0.0,0.004207983171728238,0.0,0.0,0.0032761589660765793,0.0,"[3, 6]"
253,0.03289717034951341,0.0,0.0,0.034736567622848526,0.0,0.05562023537205862,0.02180163948133314,0.0,[5]
254,0.03545639120810528,0.0,0.0,0.03249858641079617,0.0,0.0,0.0,0.025210512602657737,"[3, 7]"
255,0.013005218046571084,0.01385375349371624,0.0,0.013380912885234393,0.0,0.01659664536664801,0.0,0.0,"[1, 3, 5]"
256,0.02035001235772327,0.0,0.0,0.0,0.0,0.05904791650019364,0.0,0.0,[5]
257,0.016154563230340757,0.0,0.0,0.0,0.0,0.0,0.013750904137656549,0.0,[6]
258,0.052702743572104985,0.0,0.0,0.0,0.0,0.0,0.0448174359001706,0.004996462398820333,[6]
259,0.01610272085019696,0.0,0.0,0.014538541392781473,0.0,0.02387367160985897,0.012933105284439545,0.003483051548108128,[5]
260,0.005317765755675563,0.0,0.0,0.004207983171728238,0.0,0.0,0.0032761589660765806,0.0,"[3, 6]"
261,0.013249992534931072,0.0,0.0,0.010792831548687433,0.0,0.01756114301152068,0.0,0.007493310100544504,[5]
262,0.05253574179676187,0.004081748817640307,0.004656454216752767,0.0,0.006990832635372202,0.0,0.0,0.0,[4]
263,0.008302303670094166,0.0066528168807020805,0.0,0.006971470334264416,0.0,0.017796899230767663,0.08272296122749313,0.0062537237911670825,[6]
264,0.017460972632115906,0.0,0.0,0.008701091703041286,0.0,0.0,0.013969191954925311,0.009308754196938412,[6]
265,0.009270626982293244,0.0,0.0,0.015091285992981455,0.0,0.018674653966082238,0.0020443004880571,0.0015273003765411115,"[3, 5]"
266,0.03201152154398026,0.029185530896441533,0.0,0.0,0.17697657161423996,0.0007176877337848338,0.02777257288826717,0.0,[4]
267,0.04073890192161524,0.005825034490673299,0.0,0.0,0.0,0.12503710242632904,0.0,0.0,[5]
268,0.05905189404490146,0.0,0.0,0.03180462599514462,0.0,0.0788489469161075,0.0,0.0,[5]
269,0.023623653818783976,0.0,0.0,0.027236216343855778,0.0,0.04389508153058474,0.012437545279476209,0.0008304762771132752,[5]
270,0.04761420187753074,0.0,0.00015760524676786198,0.0,0.0,0.0,0.0,0.06251786231644273,[7]
271,0.012963590377278284,0.0,0.0,0.0029203975044174023,0.0,6.957358264727371e-05,0.005715995372071083,0.001632945545113878,[6]
272,0.009722873211842469,0.0,0.0,0.006407976355299728,0.0,0.0,0.0,0.013892806495213204,[7]
273,0.10721717454247172,0.021102412834087213,0.05859120572729332,0.0,0.0,0.0,0.008156519981626711,0.0,[2]
274,0.01954369068972512,0.0,0.0,0.03545858863942714,0.0,0.047541362705960793,0.0,0.0,"[3, 5]"
275,0.028868315477761645,0.0,0.05273331396250353,0.0,0.0,0.0,0.003068716825742682,0.005181053486930822,[2]
276,0.01295913348498993,0.0,0.0,0.028738939044168927,0.0,0.0,0.0,0.005194563719929529,[3]
277,0.012545381245703957,0.010653827271108054,0.0,0.007107540522702583,0.0,0.031223280068442397,0.11719220916207414,0.0032532467609900947,[6]
278,0.013600342688820643,0.0,0.0,0.012223761093411303,0.0,0.05054680581296559,0.0,0.0017610161555713733,[5]
279,0.01699262811618806,0.0,0.0,0.03885407873480328,0.0,0.0,0.0,0.022073444522192488,[3]
280,0.006925506128488305,0.0,0.0,0.004801316799596383,0.0,0.0038645218975123016,0.003744891074724795,0.004168905218355772,"[3, 5, 6, 7]"
281,0.032791046711657626,0.22843534053267972,0.0,0.04101352843449543,0.0,0.0,0.0,0.0,[1]
282,0.009408157674332956,0.0,0.0,0.008031337834494268,0.0,0.0,0.0,0.015693048479635766,[7]
283,0.04707199468828758,0.0,0.05408450300268574,0.0,0.0,0.0,0.030594384136760053,0.0,[2]
284,0.008586139019036397,0.05903317139109572,0.0,0.02028477091424158,0.007393793078325436,0.0,0.0,0.0,[1]
285,0.015324456093537428,0.02336180925152343,0.0013455597530956209,0.020522171522693984,0.013203423461239995,0.0,0.0,0.005556952482721031,"[1, 3]"
286,0.02475661105893408,0.0,0.0,0.053551717295416974,0.0,0.0,0.0,0.010682882159031131,[3]
287,0.0075674550535915425,0.0,0.0,0.01809714181301692,0.010610638005975555,0.0,0.0,0.0,[3]
288,0.06523384690182848,0.03212752773934652,0.06110596895571902,0.008004412086067326,0.025975663866257638,0.052441565012208195,0.0,0.05316183559820255,"[2, 5, 7]"
289,0.010873237955074631,0.0,0.0,0.024428428413751507,0.0054563521509218196,0.0,0.0,0.022616728918605927,"[3, 7]"
290,0.04878043827757544,0.010541038565409054,0.03606579371012271,0.0,0.009076070437846277,0.0,0.0006490815027218791,0.0,[2]
291,0.006260867401759771,0.0,0.0,0.029834420857463417,0.010520951855651899,0.0,0.0,0.0,[3]
292,0.05310764618673464,0.0,0.006584880289329467,0.0,0.0,0.0,0.0,0.0,[2]
293,0.003680296526386564,0.0,0.0,0.018290996263299424,0.00916523697323752,0.0,0.0,0.0009774102264126742,[3]
294,0.00584033081996627,0.0,0.0,0.02478930897668317,0.008066437455833408,0.0,0.0,0.004387427515922367,[3]
295,0.009614272940915498,0.0,0.0,0.0407494636688354,0.008778198518316608,0.0,0.0,0.0,[3]
296,0.012752392706662456,0.0,0.0,0.047389276933614395,0.026793230965483517,0.0,0.0,0.0173836584389835,[3]
297,0.008987927429699326,0.0,0.0067015398239653415,0.011868616806144722,0.0,0.0,0.013509107607578388,0.0,"[3, 6]"
298,0.0665112420570666,0.007419809659142548,0.25348558702106083,0.0073537922411602485,0.0,0.0,0.0,0.0,[2]
299,0.019806050858943984,0.01299146508380807,0.0,0.0,0.10330755019205598,0.0,0.02348154997196709,0.0,[4]
300,0.006771659189491247,0.0,0.0,0.006101182549878354,0.0,0.003932878803164481,0.03753185123403355,0.004224737795920307,[6]
301,0.0028980537328132535,0.0,0.0,0.005728976667369569,0.0,0.0,0.00715864410436951,0.002032378514311631,"[3, 6]"
302,0.05516407489951711,0.0,0.0727939856928021,0.0,0.021478879177775856,0.0,0.0,0.24835487571284387,[7]
303,0.004058340488225672,0.0,0.0,0.0055978708310770965,0.0,0.0,0.009772481819431411,0.003594689319172053,[6]
304,0.03288461818779956,0.0,0.0,0.02364141902415515,0.0,0.014466475102033685,0.0012694375519699075,0.0,[3]
305,0.013781853115594782,0.0,0.0,0.03648650900022712,0.0,0.018218471997069302,0.01578391064623188,0.0,[3]
306,0.027590023072370636,0.0,0.005102197121414126,0.0,0.0,0.0,0.01458808668725209,0.0,[6]
307,0.020986077432004216,0.0,0.0,0.035835821018765625,0.0,0.07234750975856437,0.0,0.0,[5]
308,0.003407063039815557,0.0,0.0,0.008975209417864994,0.0,3.1831344538459165e-05,0.010844078977237902,0.0002641236763205043,"[3, 6]"
309,0.0016994567153010916,0.0,0.0,0.0,0.004024508109775005,0.0,0.0006326726345473411,0.002537706827713371,[4]
310,0.009003669389555694,0.0,0.0,0.0,0.0005962466710566311,0.0017522089192604654,0.0036614726799703715,0.010334866838784517,[7]
311,0.008403367842905664,0.0037301250198349015,0.005331941712017291,0.0,0.026475402924714134,0.0,0.006035687662825677,0.008198247569379221,[4]
312,0.021839267930976645,0.0,0.0,0.0,0.020581940054902804,0.012566905144702824,0.004252264960607541,0.0025103666062611138,[4]
313,0.03384758416914853,0.0,0.0,0.0,0.005131038337868075,0.0,0.0027240400446349776,0.03873112991122573,[7]
314,0.00975637063229353,0.0,0.010569606963254959,0.0,0.003708634533517129,0.0018762959664200898,0.0,0.0,[2]
315,0.051065787748291167,0.0,0.0,0.0,0.0,0.12796571287569813,0.0,0.0,[5]
316,0.03399613887542057,0.0,0.01139941026182365,0.0,3.5578066424063146e-05,0.0,0.0,0.0,[2]
317,0.0034998564006096726,0.0,0.0,0.0046036112314787325,0.002674920654367666,0.0,0.0,0.0,[3]
318,0.003839194324585692,0.0,0.0,0.004202297270667165,0.002637755024896203,0.0,0.0,0.0,[3]
319,0.007487890313633393,0.0,0.0002134974427575325,0.003393400017852578,0.0019034631071075537,0.0,0.0,0.0,[3]
320,0.04789809119150704,0.0,0.0029390627146827623,0.0,0.0,0.0,0.013739674601301226,0.0,[6]
321,0.055753743024998775,0.0,0.021264083146749584,0.0,0.0008601570126150389,0.0,0.0,0.0,[2]
322,0.013314957924028818,0.0,0.0002350324933700299,0.0009213392964705929,0.0071284323490747314,0.0,0.0008241891200769226,0.0,[4]
323,0.024451470449563775,0.0,0.0,0.0,0.0,0.0,0.001154960016185177,0.0,[6]
324,0.03371021989256032,0.0,0.0077261205057229275,0.0,0.0,0.0,0.0,0.0,[2]
325,0.005643509618474005,0.0,0.0009730448833579098,0.004620930068226901,0.004033422614915282,0.0,0.0,0.0,"[3, 4]"
326,0.07786482749120331,0.025943436168029573,0.06502407046935525,0.0,0.026580673013037886,0.0441944131916679,0.0,0.046851241922271455,"[2, 7]"
327,0.02875444219450419,0.011421418335760464,0.023225276396036436,0.0,0.006228855623868383,0.01761355378319944,0.002293398437284754,0.0014555442524087669,"[2, 5]"
328,0.048203533366760525,0.0,0.01097866099227551,0.0,0.019618329405503333,0.0,0.02569452865844665,0.047036979310701756,[7]
329,0.018204835290067934,0.0,0.0,0.030559322900238578,0.0,0.03618931242088573,0.00571125164451236,0.0,"[3, 5]"
330,0.05023335831655573,0.0,0.0,0.0,0.0007884284008393086,0.0,0.08088108807615887,0.03670864600888224,[6]
331,0.09312720042921824,0.0,0.12511366145051928,0.0,0.061490290862018425,0.0,0.0,0.08193530757448102,[2]
332,0.12364025835102009,0.0,0.026841760221112,0.0,0.0,0.0,0.09593084904150215,0.0954143451388782,"[6, 7]"
333,0.019903683352902855,0.0,0.0,0.0,0.0,0.03899631827422023,0.0,0.002047924892426426,[5]
334,0.07118058359833582,0.0,0.005142128866947405,0.0,0.0,0.0,0.043458451605995554,0.026998411677602797,[6]
335,0.03313855872801186,0.0,0.008443701826906111,0.0,0.0,0.0,0.020022111129981607,0.0031521464388639233,[6]
336,0.027165985597503772,0.0,0.017376908735386814,0.0,0.0,0.0,0.004794451440343173,0.05619958166171483,[7]
337,0.027768068046825255,0.0,0.0,0.0,0.0,0.0189190158922243,0.012956314736559013,0.031965307906599766,[7]
338,0.027107212931776606,0.019707293121357203,0.0,0.0,0.0,0.0751547948678275,0.015701017673023454,0.0,[5]
339,0.029593034723987697,0.0,0.0,0.0,0.0,0.06568366650658423,0.0,0.0005626096048200992,[5]
340,0.046500676514502064,0.0071697435693835795,0.07755084365004698,0.0,0.11017454354310882,0.0,0.0,0.1812858258519696,[7]
341,0.002370317992405015,0.0,0.0,0.012881123982845468,0.0039100077522959695,0.0,0.0,0.00047406679783952793,[3]
342,0.012527225830160646,0.0014713277528186945,0.007017240598700487,0.0051059020889679665,0.004877940818163987,0.0028693351502686237,0.0,0.005900556129097915,"[2, 3, 7]"
343,0.028506572928752826,0.0,0.0,0.007588140834786676,0.0,0.07526379979062607,0.00669536790696936,0.0,[5]
344,0.002211630976746033,0.0,0.0,0.008855830887076855,0.0,0.00643953853829107,0.0034743971588898294,0.0,"[3, 5]"
345,0.01618580191112318,0.0,0.0,0.018404898801402426,0.0,0.03730972757841626,0.0,0.0,[5]
346,0.009700252279468054,0.0,0.025951890693195288,0.009263179770363157,0.0,0.0,0.0,0.0,[2]
347,0.008495231224988093,0.0,0.0,0.009116768547750844,0.0,0.016875494258302585,0.007820512843667091,0.0,[5]
348,0.014370787556306712,0.017537432223587175,0.0,0.0,0.005628840492917139,0.015665697020628075,0.0,0.0,"[1, 5]"
349,0.004632187838846678,0.0,0.0,0.0076527628589284505,0.0,0.010008696979257476,0.003943951685291545,0.0,"[3, 5]"
350,0.02720292127902666,0.04882946580289288,0.0,0.03393199217184706,0.0,0.047592113913685626,0.0,0.0,"[1, 5]"
351,0.014530497928669712,0.0,0.0,0.015276168229245532,0.0,0.11782146079274486,0.0,0.0,[5]
352,0.019786090215991103,0.011726178075038531,0.0,0.008189400663649435,0.0,0.04071260498589483,0.0,0.0,[5]
353,0.08253765630510744,0.024392560156773165,0.0,0.0,0.12399816203226367,0.07153337685137887,0.0,0.004534758695116639,[4]
354,0.06149547512280555,0.0,0.0,0.002884011057314861,0.0,0.0,0.0,0.09646978601397736,[7]
355,0.055077993180944106,0.010420134048126755,0.08353027517766475,0.0,0.0,0.0,0.0,0.010203796430275715,[2]
356,0.013506948908167542,0.0,0.0021206438874793922,0.0,0.012477838822983742,0.0,0.0,0.07884806586246819,[7]
357,0.030436976391854515,0.0,0.0,0.001581112344042067,0.0,0.11155184327002822,0.0,0.0,[5]
358,0.00860616646422413,0.0,0.0,0.0,0.006377641398272692,0.0,0.0,0.001797720880262759,[4]
359,0.018876293537432188,0.0021980587264308587,0.0006890370978859935,0.0,0.0,0.0,0.004308697666038725,0.0,[6]
360,0.07043426165870398,0.006226704354895299,0.023434504500993103,0.0,0.0,0.0,0.003269196173076486,0.0,[2]
361,0.028082144414285876,0.015748747367715542,0.0,0.0,0.0,0.038002374426299244,0.0,0.0,[5]
362,0.03184779906172421,0.016768901327427088,0.023902806722060712,0.0,0.005310128571543038,0.016771703601005383,0.0,0.01059060347790029,"[1, 2, 5]"
363,0.039339850401028574,0.005507459479272779,0.016788404971600654,0.0,0.028513093146267304,0.0,0.017969779119563763,0.004628521624293932,[4]
364,0.017409614782832247,0.0013655587392221267,0.0,0.0,0.0,0.036346332541019044,0.0,0.0,[5]
365,0.010502836950713194,0.0012624909516226767,0.0,0.0,0.0,0.0,0.0013941285789171717,0.0,"[1, 6]"
366,0.04400738192752977,0.0,0.0,0.012294705146779742,0.0,0.0,0.0,0.03514892921595019,[7]
367,0.03946746030323424,0.0065308192539646264,0.0,0.0,0.0,0.1116170721448533,0.0,0.0036787621440124785,[5]
368,0.01729131375043436,0.015639173757014166,0.0,0.006542127241730424,0.0,0.06474683548872744,0.0,0.0,[5]
369,0.006296394910589634,0.0,0.0,0.004114041088335915,0.0,0.010637068346197247,0.0,0.005680014933583814,[5]
370,0.030099952696780802,0.031493481775754305,0.0,0.0,0.13793726161061784,0.005795117492326211,0.013010187278889836,0.0,[4]
371,0.036355598249226746,0.0,0.0,0.0,0.0,0.027136827857576838,0.0,0.04071631769677312,[7]
372,0.02334713374991601,0.10915195861978813,0.0,0.007631051043523891,0.0,0.0,0.0,0.0,[1]
373,0.005020426349390545,0.0,0.0,0.00379744175899749,0.0,0.00699738250624086,0.0,0.0020305158560826016,[5]
374,0.008847778656849282,0.0,0.0,0.009936453976715621,0.0,0.024038849057112358,0.0,0.002549221340900187,[5]
375,0.025925975042058347,0.0,0.0,0.025599288598473418,0.0,0.06988020664580985,0.008138142519348338,0.0,[5]
376,0.014695086865534654,0.0,0.0,0.016195966738338282,0.0,0.04503423225420453,0.010318484563867835,0.0,[5]
377,0.07795873813232183,0.0,0.0,0.0,0.0,0.13013071916659333,0.0,0.0,[5]
378,0.007534880396687225,0.0,0.0,0.0039398608075045085,0.0,0.009857431363211466,0.0,0.004898757100596053,[5]
379,0.018956921991060874,0.0,0.03489104434694421,0.0,0.012777780702284766,0.0,0.0,0.1639444699294191,[7]
380,0.052246026460111374,0.0,0.11337618811755495,0.0,0.027457708146250537,0.0,0.0,0.23710784868559712,[7]
381,0.03299634678607284,0.0,0.05586339828722018,0.0,0.020933220799337255,0.0,0.0,0.23437137329099705,[7]
382,0.03061648583214919,0.0,0.05771931138306636,0.0,0.01033425100861498,0.0,0.0,0.18116421703368157,[7]
383,0.04710477571714419,0.0,0.07353963399475202,0.0,0.02722877206265403,0.0,0.004084932444801297,0.2779982925527226,[7]
384,0.027724482582496515,0.0,0.06712595124830001,0.0,0.01750544953666408,0.0,0.0,0.22176992927222935,[7]
385,0.0335702759923378,0.0,0.07907592587638591,0.0,0.010843044949133844,0.0,0.0,0.1831537699446999,[7]
386,0.0263581369463965,0.0,0.04328555150008043,0.0,0.008704042320268005,0.0,0.0,0.19632546409908674,[7]
387,0.017212600438910514,0.0,0.03351551025811871,0.0,0.007919816150895091,0.0,0.0,0.031485111864727654,"[2, 7]"
388,0.056229206315820165,0.0,0.21715854345139676,0.010041535994489358,0.0,0.0,0.0,0.0,[2]
389,0.10301872882187955,0.009770551131643882,0.06756170144919699,0.0,0.0,0.006529409915047514,0.0,0.004232038671874873,[2]
390,0.015290585211426781,0.0,0.0,0.0,0.0,0.032028442452799705,0.0,0.02661649925093401,"[5, 7]"
391,0.03043695917201316,0.0,0.0,0.0,0.0,0.0,0.0,0.03391419182410116,[7]
392,0.049860777685700526,0.0002448073044426333,0.09942965751104745,0.0,0.025683221091194773,0.0,0.0,0.18089268533079653,[7]
393,0.009592760519287206,0.0,0.0,0.0,0.0,0.0,0.0,0.030798622159462028,[7]
394,0.010733123300281014,0.0,0.0,0.0,0.0,0.007152127940641192,0.0,0.02848720073247009,[7]
395,0.06139915831976195,0.030128713976289002,0.17924626320115716,0.0,0.05511369693533325,0.0,0.0,0.0,[2]
396,0.01607211651524932,0.0,0.0,0.0,0.0,0.0,0.0,0.032064141749048425,[7]
397,0.017087634926357235,0.0,0.03964775102657606,0.0,0.0,0.0,0.0,0.02357219763398848,[2]
398,0.028864923610792168,0.00997683523022878,0.0,0.0,0.0,0.0,0.0,0.03281606330028136,[7]
399,0.044999558030476526,0.0,0.015230220413518115,0.0,0.0,0.0,0.0024727954392983038,0.0,[2]
400,0.05452498360670658,0.04148255944893515,0.07196066651000395,0.0,0.028398974513798456,0.07997967510335807,0.0,0.13261465599542963,[7]
401,0.01706676079915884,0.0,0.005787219663682787,0.0,0.0,0.0,0.0,0.024393383776512106,[7]
402,0.01532323238147451,0.0,0.0018982937927164427,0.0,0.0,0.0,0.0019234160033228377,0.03207773777696148,[7]
403,0.036639801281119745,0.0,0.011008863775548067,0.0,0.03001521008537263,0.0,0.009850556333862226,0.0135604284117765,[4]
404,0.009298595033043415,0.0,0.0,0.019684770178289134,0.0,0.017311696790010114,0.014909333222561754,0.0,"[3, 5, 6]"
405,0.003766052713838845,0.0,0.008760834777469426,0.0,0.0,0.0,0.0,0.01270830271245076,[7]
406,0.02040929648399545,0.0,0.06319179614682706,0.0,0.0,0.0,0.0,0.03289807600540426,[2]
407,0.009397030199602821,0.0014750359848785923,0.02698803371339041,0.0,0.0,0.0,0.0019779073630791684,0.013299335489919899,[2]
408,0.026128777281390923,0.0,0.08803617872034464,0.0,0.0,0.0,0.0,0.0,[2]
409,0.041532054767841955,0.0,0.14045274311988276,0.0,0.0,0.0,0.0,0.0,[2]
410,0.012012066283932886,2.0184916382853865e-05,0.04768247143309093,0.0,0.0008663397697552619,0.0,0.0,0.0,[2]
411,0.021268805616555156,0.0,0.08350015248305805,0.0013148166151798577,0.005553155047845341,0.0,0.0,0.0,[2]
412,0.03583998756347164,0.0,0.07628241650318336,0.0,0.0,0.0,0.0,0.0,[2]
413,0.028617864490313727,0.01628782697025179,0.02153073772770505,0.0,0.0,0.0,0.0,0.0,"[1, 2]"
414,0.03398602402529446,0.0,0.0,0.0024889894229640527,0.0,0.14511755646374663,0.0,0.0,[5]
415,0.020205203551137123,0.0024219992332521322,0.0,0.0,0.07654550778709354,0.0,0.005415448158147148,0.026454764852299268,[4]
416,0.007727244960286053,0.0,0.0,0.004139258654352718,0.0,0.014819738541863477,0.0013832181345133415,0.009286963320565124,[5]
417,0.011992677045439815,0.0008818499623397367,0.0,0.009896249927828536,0.0,0.03607389119372812,0.04221005941200971,0.013819958183172498,"[5, 6]"
418,0.007318982454822177,0.01167303047554525,0.0,0.0023125385339685276,0.0,0.023576003236618816,0.1193272317203851,0.009741066636148963,[6]
419,0.047074961851128846,0.00293988864878157,0.0,0.0,0.0,0.0,0.06867820024324678,0.01205298032113829,[6]
420,0.005489650655344054,0.0,0.0,0.0017300910821105772,0.0,0.0038483125433497905,0.0049984499812481846,0.009992618545156163,[7]
421,0.008491856865245269,0.005792947978602845,0.0,0.003570067206252685,0.0,0.02677489889428061,0.10053093481984221,0.008136615275782117,[6]
422,0.01015436078371482,0.015079932398076722,0.0,0.0,0.0,0.014570858288595728,0.0,0.000421528765948221,"[1, 5]"
423,0.0033889492217149242,0.0,0.0,0.0007801096988219531,0.0,0.0,0.005125203112756569,0.007578789016856554,[7]
424,0.016669415551458615,0.002698848105063023,0.0,0.005836596649395087,0.0,0.045798805367745644,0.0,0.0,[5]
425,0.016523552727667937,0.15875168380708124,0.0,0.01531555340014281,0.0,0.0,0.0,0.0,[1]
426,0.010695918762439945,0.10172665466091908,0.0,0.00554189609485852,0.0,0.0,0.0,0.0,[1]
427,0.007310488011657577,0.021296089389030194,0.0,0.0,0.009638440882772239,0.004413881718216234,0.012204711312502727,0.0,[1]
428,0.043258554972768155,0.02682707832063332,0.0,0.018281600926190654,0.0,0.019294803819164052,0.06128234144003759,0.0,[6]
429,0.012303497657552889,0.13971275763836008,0.0,0.013987656136442286,0.0,0.0,0.0,0.0,[1]
430,0.02633557926859435,0.013592904627103948,0.06276478569668918,0.0032795811196193025,0.0,0.0,0.0,0.0,[2]
431,0.007810152760610877,0.0417155990820975,0.0,0.0034568684441546316,0.0,0.0,0.0,0.0017229366399704618,[1]
432,0.011479129576938056,0.0,0.0005351683942752149,0.0,0.0,0.0,0.01609193535937915,0.018604083353857943,"[6, 7]"
433,0.06081736373457597,0.0,0.22960865557012547,0.021142974879721926,0.0,0.0,0.0,0.0,[2]
434,0.022554884524091455,0.0,0.0040666515100711955,0.0,0.0,0.0,0.00013985846168041355,0.0,[2]
435,0.012189902730040435,0.0026714712499838495,0.006910855820059991,0.0,0.0018044902612589615,0.000105816181209477,0.0,0.0,[2]
436,0.04005871301629594,0.0037253076909649434,0.0166821526380964,0.0,0.0,0.0,0.015246159489040501,0.0,"[2, 6]"
437,0.035949115931819105,0.0,0.039810388696936386,0.0,0.0,0.0,0.001969831999520938,0.0,[2]
438,0.08405959371656214,0.022876833813672382,0.03863034051199187,0.0,0.0,0.0,0.0,0.0,[2]
439,0.008859267067336633,0.0,0.0,0.0010611662577974976,0.0,0.0,0.0016438495066807654,0.0,[6]
440,0.024199380209318447,0.017444229019080767,0.026424643395058085,0.0,0.01533414761087466,0.03240916320324989,0.0,0.03931510111706006,"[5, 7]"
441,0.01116289107220336,0.0,0.0020600939084625732,0.0,0.0,0.0,0.0,0.0,[2]
442,0.021672547249055603,0.0,0.0009661389325024377,0.0011669589056305676,0.0,0.0010667284017254295,0.010851741942744823,0.017305310766537026,[7]
443,0.018517462100576896,0.01751666203378248,0.0,0.03743372332950584,0.0,0.01132103301138865,0.0,0.0,[3]
444,0.0129063086129662,0.0,0.0,0.011584484681978919,0.0,0.06545668246701562,0.0,0.0,[5]
445,0.08647100554420614,0.03110057065883092,0.057852993229647,0.0,0.0,0.02019058463109812,0.00929295548638522,0.0,[2]
446,0.009979094914463488,0.02116471335833715,0.0,0.007663217757434291,0.0,0.04365984632460988,0.1417859594489743,0.0,[6]
447,0.006315619712197064,0.0,0.0,0.0030569732023977138,0.0,0.019948480061754294,0.006405299668120606,0.0005384455549329576,[5]
448,0.0031963015875819422,0.0,0.0,0.0003673764649651515,0.0,0.008299655911189589,0.0,0.0,[5]
449,0.0032340969289508014,0.0,0.0,0.0,0.0,0.005563592705323896,0.0019759429179064076,0.0,[5]
450,0.008317950540918318,0.009104764254187088,0.0,0.00477087473707341,0.0,0.036232730151546225,0.0,0.0,[5]
451,0.032885809188708065,0.0,0.0,0.03342343786209191,0.0,0.19698230932407476,0.0,0.0,[5]
452,0.008300630335594512,0.005330545079286067,0.0,0.006613350889204184,0.0,0.027841909998198126,0.061218263319328996,0.0003922358348507136,[6]
453,0.0337084575666017,0.0,0.0,0.025059161083179418,0.0,0.09196633716072457,0.0,0.0,[5]
454,0.012901410275926534,0.00641012833003401,0.0,0.012360435921958332,0.0,0.09072366808353806,0.0,0.0,[5]
455,0.011388267624439704,0.0,0.0,0.013395377211892654,0.0,0.05245384573839315,0.0,0.0,[5]
456,0.02291458549393969,0.0,0.0,0.0,0.0,0.02183341520377437,0.0067475391617385794,0.012921436609485927,[5]
457,0.016580342336357166,0.0,0.0,0.015256691653988706,0.0,0.05987053165362251,0.0,0.0,[5]
458,0.00817348961758404,0.0,0.0,0.008551952948457231,0.0,0.022457088292266923,0.001990222898100621,0.0,[5]
459,0.02047116982215441,0.03311234693377749,0.0,0.025106007283364176,0.0,0.08619563299444026,0.26786210749141215,0.0,[6]
460,0.00489135051963106,0.0,0.0,0.0037609733107192215,0.0,0.013713471542013076,0.000255473168785298,0.0,[5]
461,0.008555543407519687,0.0,0.0,0.0,0.011229261432476663,0.011017607975981395,0.0,0.0,"[4, 5]"
462,0.0041417689002169866,0.0,0.0,0.0,0.0,0.002875693769093852,0.0,0.0002969489209313556,[5]
463,0.012484975518150946,0.0,0.0,0.006986401957480209,0.0,0.03268529053407239,0.0,0.0013006064101600758,[5]
464,0.0067214016755586135,0.0,0.0,0.0,0.00033885329804765493,0.005136795067030052,0.0008027607735925101,0.0019086444413803035,[5]
465,0.03231903233864885,0.005861686866002516,0.0,0.0,0.0,0.028213067011351733,0.0,0.0,[5]
466,0.03219871609401518,0.0,0.0,0.003823604743606733,0.0,0.14008381193113958,0.0,0.0,[5]
467,0.05825772088522927,0.0,0.046523524868114056,0.0,0.005038848054772494,0.0,0.0,0.0,[2]
468,0.005083804805893059,0.0,0.0,0.0,0.0,0.0,0.002407673235032524,0.0,[6]
469,0.03779397112874995,0.025610611650718713,0.008614058341556461,0.0,0.0,0.0,0.0,0.0,[1]
470,0.010289411407982858,0.00987699830559626,0.0,0.0,0.0,0.01058684981231049,0.09413980353747617,0.0,[6]
471,0.04775672140529804,0.0163917335425067,0.031495194558998955,0.0,0.0,0.004303769546891364,0.022141807009812407,0.0,"[2, 6]"
472,0.01681723265425552,0.003059996665079173,0.009641088847677304,0.0,0.0,0.0,0.005505291181526477,0.0,[2]
473,0.017364317903216263,0.0,0.006101881971688163,0.0,0.0,0.0,0.011173727848970116,0.0,[6]
474,0.009920756283863002,0.05560213403231172,0.0,0.008082219513622804,0.0,0.033447576783129804,0.10938324815682353,0.0,[6]
475,0.007217074823487482,0.08957036677211884,0.0,0.0,0.0,0.0,0.026076472065832385,0.0,[1]
476,0.005078793799226685,0.05961189394314608,0.0,0.005702969493240544,0.0,0.020602855109080616,0.11707363731422954,0.0,[6]
477,0.0029653380512264372,0.02504025769447368,0.0,0.0006573374514278608,0.0,0.006923079161974662,0.03743805817798617,0.0,[6]
478,0.005757100876043027,0.037538129550176186,0.0,0.00411172951937555,0.0,0.02435343970919875,0.09691847070864915,0.0,[6]
479,0.007209034792364618,0.04007426697639539,0.0,0.003773007080090028,0.0,0.010512147886860295,0.05147640816361198,0.0055619070510338426,"[1, 6]"
480,0.012546043707160394,0.04799942236562055,0.0,0.014697469942258741,0.0,0.057648231628395843,0.12951031458860637,0.0007729007294371506,[6]
481,0.0030675884559511766,0.029558679301062422,0.0,0.0027364001225430807,0.0,0.010414101211242024,0.059768784226167895,0.0,[6]
482,0.010002382914754356,0.11410612572517062,0.0,0.008644326797950222,0.0,0.03407917648758023,0.18062656364289678,0.0,[6]
483,0.012987332030883786,0.05103888970567855,0.0,0.0057632324286863825,0.0,0.06220624420679894,0.16538011412312692,0.0,[6]
484,0.009828112047645875,0.1537033471031007,0.0,0.01384476962747175,0.0,0.0,0.0,0.0,[1]
485,0.006672574577342431,0.05516842392487955,0.0,0.0049151207596633845,0.0,0.032201388855810226,0.17101940010076033,0.0009397074851643877,[6]
486,0.009756807939416771,0.04410861205290275,0.0,0.011342995249472038,0.0,0.042649034421740374,0.14154694411342775,0.0016779497599215347,[6]
487,0.0026134231435222827,0.017262171972521407,0.0,0.002973235698637501,0.0005357844854359995,0.0,0.0,2.5097586805221114e-05,[1]
488,0.02437728567335618,0.0,0.0,0.009075182577622137,0.0,0.0,0.0,0.028289422649472328,[7]
489,0.0039018602243910696,0.02763730818489039,0.0,0.007924295082241522,0.0021280480431396945,0.0,0.0,0.0006872018036248636,[1]
490,0.005353942841602733,0.050830446316040875,0.0,0.007832407865366021,0.0,0.0,0.008720746801070916,0.0,[1]
491,0.0050864309033897374,0.009842123379860164,0.0,0.018333041088564195,0.005041322256422288,0.0,0.0,0.0,[3]
492,0.0026134231435222827,0.017262171972521403,0.0,0.0029732356986375014,0.0005357844854360015,0.0,0.0,2.50975868052212e-05,[1]
493,0.0026134231435222827,0.017262171972521403,0.0,0.0029732356986375014,0.0005357844854360015,0.0,0.0,2.5097586805221463e-05,[1]
494,0.01711930987482009,0.0001901752181518097,0.0,0.024703338864190277,0.0,0.0,0.0,0.022307049643875497,"[3, 7]"
495,0.001440921137520096,0.017563282375368368,0.0,0.0013945092978892664,0.0,0.0,0.0,0.0,[1]
496,0.0032731102148372483,0.04692224994201438,0.0,0.0042331047462581435,0.0,0.0,0.012626533083251816,0.0,[1]
497,0.0020816364145901387,0.02024541436843264,0.0,0.0015247543205145345,0.0,0.0,0.0,0.0,[1]
498,0.0037150088630836676,0.04066621327153735,0.0,0.004340143602881229,0.0,0.0,0.007471665990684665,0.0,[1]
499,0.012951925731282794,0.10870361291291038,0.00033626345205764176,0.003955213740588652,0.0,0.0,0.0,0.0,[1]
500,0.01917031213363209,0.0,0.0,0.0,0.0,0.014015459638829624,0.0,0.0,[5]
501,0.0004300303392753675,0.005618591730779993,0.0,0.0005480893095825662,0.0,0.0,0.0,0.0,[1]
502,0.04111713098179885,0.02761145787724165,0.006001189370815285,0.0,0.0627663521307035,0.0,0.012663296854744576,0.0,[4]
503,0.05578141289941768,0.009752845919246429,0.14753124174335333,0.0,0.05381913891263812,0.0,0.0,0.0330460250722392,[2]
504,0.02009219976719372,0.030583002813948403,0.0,0.0,0.10713531606337427,0.009001701690979358,0.014150487671592545,0.0,[4]
505,0.004460632712971412,0.062008412320792836,0.0,0.00397650911529722,6.204964365585476e-05,0.0,0.0,0.0,[1]
506,0.01153187971585386,0.06980100869786689,0.0,0.0,0.009654026880132434,0.01657577798043249,0.0,0.0,[1]
507,0.005060216158609229,0.06801616817953894,0.0,0.003969618807602812,0.0,0.0,0.0,0.0,[1]
508,0.004405286768168693,0.04973876242588137,0.0,4.4818322848887446e-05,0.0010429356897376746,0.0,0.0,0.0,[1]
509,0.008159790764529695,0.12084432521418888,0.0,0.00891846456492581,0.0,0.0,0.0,0.0,[1]
510,0.004839556404110108,0.06215735450730758,0.0,0.0034994381399902266,0.0,0.0,0.0,0.0,[1]
511,0.014710191538174362,0.026099796651438096,0.02569097168541236,0.0,0.008707773814613701,0.0015254815993566199,0.0090076125130401,0.05990012422998656,[7]
512,0.012357039702720573,0.027990642218817512,0.0,0.0,0.0,0.024272268131174494,0.16480403497445342,0.009205402795577657,[6]
513,0.0006257366736016869,0.01362143509676053,0.0,0.0010246891277690044,0.0,0.0,0.004437457084145625,0.0,[1]
514,0.007421050345018445,0.010575429887745121,0.0,0.0029193196445093284,0.0,0.04386885932600248,0.0,0.0,[5]
515,0.0006405206169171464,0.008154877076027738,0.0,0.00101023744258913,0.0001837171429323248,0.0,0.0,0.00016800975042890627,[1]
516,0.0040460855883669615,0.026885438237929146,0.0007691840377276999,0.0019379571561240825,0.002209499854410954,0.0008079595357389882,0.0,0.001956055194305525,[1]
517,0.022619873530737553,0.026149206973772744,0.025737784442218525,0.006145466208535762,0.004683413111509251,0.0467571950300876,0.0,0.05644336599819934,"[5, 7]"
518,0.0006405206169171464,0.008154877076027736,0.0,0.0010102374425891305,0.00018371714293232523,0.0,0.0,0.00016800975042890654,[1]
519,0.009355130523142283,0.005430163323115084,0.0,0.01746408861113223,0.0,0.014139127063201003,0.0050949172323056634,0.0,"[3, 5]"
520,0.008135352721773284,0.023937171528601125,0.0,0.0,0.0003839457329596727,0.0027266706070415737,0.0,0.003717095253128111,[1]
521,0.0027887441844193493,0.034576182851787325,0.0,0.004083492480526156,0.0,0.0014061253580155133,0.01236475158453543,0.0,[1]
522,0.00870725689566042,0.022003463514646163,0.0,0.0,0.0,0.010287090250502305,0.0,0.0,[1]
523,0.007364905495410221,0.014278785654415295,0.0,0.0,0.0,0.005090545111672585,0.0,0.010904961990588824,"[1, 7]"
524,0.0017691342860570271,0.022661921306630396,0.0,0.00233049451895866,0.0,0.0,0.0,0.0,[1]
525,0.0015541329521532275,0.01777131627127557,0.0,0.0021444337276693964,0.0,0.0,0.0,0.0,[1]
526,0.004547603757096159,0.01868390722273371,0.0,0.0,0.0,0.0,0.0,0.006658618009786943,[1]
527,0.004990038641806617,0.01805116244708654,0.0,0.003780815516483871,0.0,0.00945809724836524,0.0,0.0,[1]
528,0.0028936994512751384,0.02118239219261567,0.0,0.0,0.0,0.0,0.0,0.002556221131181915,[1]
529,0.0019286331381572015,0.0,0.0,0.01100337731011306,0.0013457340760647562,0.00010905797202510995,0.0,0.0,[3]
530,0.0019368003308138603,0.0,0.0,0.011589939515421126,0.0015447923181884991,0.0,0.0,0.0,[3]
531,0.04262006670883904,0.0,0.0,0.05963805876386855,0.0055180464824228035,0.0069943184819510704,0.0,0.021949698318120648,[3]
532,0.003145864547592108,0.012014518238507346,0.0,0.005610441988349976,0.0,0.010339229298078897,0.038928554292495844,0.0,[6]
533,0.006970723598417495,0.01601735333695092,0.0,0.011785588427465766,0.0,0.013253586638448387,0.0,0.0,"[1, 3, 5]"
534,0.0037474732860982695,0.019906558695004708,0.0,0.0,0.0,0.010677463584005056,0.0,0.0,[1]
535,0.0032186857465480927,0.01929399472833963,0.0,0.0033038491849106317,0.0,0.005610072762101521,0.0,0.0,[1]
536,0.0027249290461359896,0.029511421700700115,0.0,0.0,0.0,0.0,0.0,0.0,[1]
537,0.010372121525024598,0.01569348210418922,0.0,0.0021936578187170108,0.0,0.037571548581449496,0.0,0.0,[5]
538,0.003769540173631431,0.029105936662558618,0.0,0.0,0.0,0.0,0.0,0.0,[1]
539,0.008678911477592678,0.03367718773829868,0.017431730727521834,0.0,0.015013148714415612,0.0,0.0,0.0,[1]
540,0.006772822204272975,0.016204777864395784,0.0,0.00724664563458433,0.0,0.026509221822059805,0.0,0.0,[5]
541,0.03225792953249145,0.026153382425101065,0.15357092500566583,0.021277981324431733,0.0,0.0,0.0,0.0,[2]
542,0.03889380861259123,0.0,0.029622069680584964,0.0,0.0,0.0,0.06357652062480858,0.04837194936536037,"[6, 7]"
543,0.0026310551734358956,0.0,0.0,0.00046470276150731554,0.0,0.0058392290817224106,0.003061723755780595,0.0002086851849730435,[5]
544,0.03492065789614782,0.0,0.0,0.0,0.0,0.0,0.05653095591702811,0.004895038147268286,[6]
545,0.004558128838183446,0.00011920110254305234,0.0,0.003817343092280413,0.0,0.005048236041269275,0.005070884078684022,0.0,"[3, 5, 6]"
546,0.004307789124123369,0.0,0.0,0.0,0.0,0.0019486106070215148,0.005982066099506116,0.0,[6]
547,0.0035437256390755388,0.0,0.0,0.002040394210913567,0.0,0.01694530797034838,0.0,0.00018006607805781837,[5]
548,0.02084456250322485,0.0,0.0,0.005977807762351233,0.0,0.08058957282203873,0.020063152363930713,0.0,[5]
549,0.0022466645547603433,0.0,0.0003003032249852015,0.00043125016439750905,0.0,0.00235794383861228,0.002300861130270439,0.0,"[5, 6]"
550,0.008150589349607863,0.0,0.0,0.0,0.0008041199669421387,0.016683536943916232,0.0,0.0,[5]
551,0.0500724482788917,0.005147825891700721,0.24011306466345755,0.029875676162583152,0.0,0.0,0.0,0.0,[2]
552,0.008502208406810695,0.0,0.0,0.0,0.003086677357017919,0.029009500445950635,0.0,0.0,[5]
553,0.021210015174114756,0.02894999200391739,0.0,0.017362852110606557,0.0,0.08459864747527318,0.19838270108831496,0.0,[6]
554,0.012068884275795808,0.002655037594086844,0.007748872705516251,0.005517446617059438,0.0021178118831279144,0.012825578390156758,0.0,0.010250893900649406,"[5, 7]"
555,0.004690414345922275,0.004722017097936592,0.0,0.0,0.044119830920752626,0.0013375676975044043,0.008719713916385412,0.0,[4]
556,0.006956873800723683,0.008051047946099074,0.0004751614499467914,0.0,0.071853764957944,0.004699482619535012,0.016065681384981483,0.0,[4]
557,0.013924781355249624,0.0,0.004545366509180083,0.0,0.0,0.0,0.010702431837857988,0.017297973808079927,[7]
558,0.005676594696362676,0.0030858448894395853,0.0,0.0,0.05102127631038291,0.003564345675675125,0.008771556584702885,0.0,[4]
559,0.004447175764270129,0.005201211829335436,0.006089331846947696,0.0,0.008050676472060848,0.00910422175049437,0.0019928367956011596,0.008109628983257686,"[4, 5, 7]"
560,0.0014910298010967812,0.0008870471421984465,0.0,0.0,0.006193021990550512,0.0,9.4945781336888e-05,0.001829105411122029,[4]
561,0.017938386378648863,0.0,0.0,0.0,0.0,0.10965339917839967,0.0,0.0,[5]
562,0.011466269934821333,0.0,0.0,0.042503205855332335,0.036607980316786616,0.0,0.0,0.0,"[3, 4]"
563,0.030952738308185505,0.044243208115364294,0.0,0.0,0.0,0.10777086731591351,0.3391119804031704,0.004110292718672848,[6]
564,0.010891909948670403,0.0036068403330209086,0.0,0.005603227804354232,0.0,0.027219662589752586,0.05680923446844367,0.0,[6]
565,0.007985331704394368,0.0,0.0,0.0,0.03140310684764077,0.004099018138489225,0.0,0.0,[4]
566,0.00949824383309834,0.0,0.0,0.0,0.03359889343704445,0.005189327813261702,0.0,0.0,[4]
567,0.026061778078569568,0.0,0.0,0.010881637200438662,0.0,0.12138057217908954,0.0,0.0,[5]
568,0.014230065931137346,0.0,0.0,0.023611020214048036,0.06386285288320344,0.0,0.0,0.0,[4]
569,0.004392798775433809,0.0,0.0,0.0,0.012174327755355936,0.005729971961808558,0.0,0.0,[4]
570,0.030037967139849926,0.003236812146649317,0.15596428674830257,0.026268887410991437,0.0,0.0,0.0,0.0,[2]
571,0.008133412406116805,0.0,0.0,0.0,0.007939358902887564,0.011104390121316452,0.0,0.0,"[4, 5]"
572,0.0456557670149752,0.025008065550801335,0.0034084676732457184,0.0,0.2711326951274265,0.011660717790590087,0.033946396958846256,0.0,[4]
573,0.012867564152680512,0.0,0.0027600733516431647,0.0,0.0,0.0,0.01803314420137156,0.004656084491133128,[6]
574,0.0010221770924837227,0.0,0.0,0.0019651230895621733,0.0031031419506039955,0.0,0.0,0.0020451994833824913,[4]
575,0.003753106153027894,0.0001153871045648754,0.0,0.0,0.0,0.0032451164253425547,0.0035354446048721545,0.0,"[5, 6]"
576,0.005167473178910148,0.0,3.7132464010534954e-05,0.0,0.00283972692099902,0.0,0.0,0.0,[4]
577,0.05307739122171549,0.0,0.004489765704337154,0.0,0.0526774956053882,0.03922653261417845,0.004242527447578324,0.07928529703129787,[7]
578,0.005408261886833548,0.0,0.0,0.0015910321299694025,0.0018440737701796695,0.007715508488962575,0.0,0.0,[5]
579,0.004252709924845306,0.0,0.0,0.003653843709760903,0.0035976159462397113,0.0019265045983296876,0.0,0.0,"[3, 4]"
580,0.011562910688519642,0.0,0.0035162519708879657,0.0,0.0012493267955766406,0.0,0.010385215748795628,0.006713117615271319,[6]
581,0.004831614170332061,0.0,0.0,0.0010727368509747736,0.0001863739702522883,0.0016912234517472995,0.012527440996263042,0.0,[6]
582,0.003327989766544197,0.0,0.0,0.0012852314188820106,0.003481494136973708,0.0,0.0,0.0,[4]
583,0.03174627992399043,0.005144345646677569,0.028437782225710678,0.012783263011498036,0.03112473769533685,0.03313537066621287,0.0,0.05049496193706447,[7]
584,0.0340911632469546,0.0,0.0,0.047378970590194414,0.0,0.11711678686610316,0.017275910979330813,0.0,[5]
585,0.016760312054406475,0.0,0.0,0.0050137842614679995,0.0,0.03202790626469868,0.007442134581156367,0.0007798705035612487,[5]
586,0.004008509001365405,0.0,0.0,0.0020428928873649785,0.0,0.01211876150355242,0.0054394159687460595,0.0020250702273217507,[5]
587,0.03438114682518184,0.0,0.0,0.039410240966938334,0.0,0.22815918911683744,0.0,0.0,[5]
588,0.003526906516916443,0.0,0.0,0.007535657121051885,0.0,0.012012811019957782,0.0,0.0,[5]
589,0.03218613803547542,0.0,0.11401537189608657,0.017783961276143154,0.002674616233960086,0.0,0.0,0.0,[2]
590,0.03821796816198228,0.0,0.10637437936666704,0.0,0.043098416167312005,0.0,0.0,0.0016615208586202206,[2]
591,0.03026874531878624,0.03588504957866588,0.05828078967292152,0.0,0.012919683882415848,0.05753298216692686,0.0,0.06847318808649672,"[2, 5, 7]"
592,0.018031364801102397,0.007431514365031032,0.02235277646757643,0.0,0.002605123652310877,0.003394981961619927,0.0,0.019791060340313124,"[2, 7]"
593,0.048948268178956506,0.04759200953048104,0.06762800556090588,0.0,0.011326660489092212,0.08104643290268647,0.004841913869479851,0.06722706659756221,"[2, 5, 7]"
594,0.014671321295146806,0.01669264791398282,0.03947078307576861,0.004257725155193572,0.005047231216239761,0.027135402855371613,0.0,0.017628333032824694,[2]
595,0.02162870826583413,0.008837733095385934,0.01887089109284676,0.0,0.0036205670990338726,0.006125819103008328,0.01046194787871863,0.009611639131224927,[2]
596,0.003424834969033238,0.0,0.0,0.011613765310003413,0.0,0.01931664254127753,0.0012304617983772252,0.0,[5]
597,0.013997521957145934,0.0,0.0,0.01954538361789779,0.0,0.0755168510724449,0.0,0.0,[5]
598,0.029381216812938253,0.022666202025498895,0.03533345899309801,0.0,0.00606474824668549,0.039902664251427473,0.0026139844919870893,0.033877395857848006,"[2, 5, 7]"
599,0.010370473545287699,0.013335502111126146,0.0225755205932911,0.0,0.005421422410192697,0.02374723641417874,0.0006938525488041029,0.020231461681016513,"[2, 5, 7]"
600,0.00928305058402229,0.013138442259493165,0.01565755871603138,0.00010389174948892214,0.0027390627846631656,0.02522518103668227,0.0009959213023219926,0.025885953827164757,"[5, 7]"
601,0.00595350763957579,0.0,0.0,0.0,0.0125739958855186,0.008846963506509776,0.0,0.0067589623698423645,"[4, 5]"
602,0.011213133487694357,0.0,0.0,0.004664713853487549,0.0,0.03500109270431883,0.0,0.00574624633981417,[5]
603,0.008278078570800916,0.0037604164547669814,0.0,0.0,0.009755390320244365,0.009711600145258185,0.0,0.009863284415126301,"[4, 5, 7]"
604,0.001881733649424979,0.024156497157193462,0.0,0.0030531180581046874,0.0,0.0,0.0,0.0,[1]
605,0.007246537802844881,0.003605228446876127,0.0,0.009903488451330895,0.0,0.01871141082548495,0.0,0.0,[5]
606,0.010258153700371699,0.0481338125813906,0.0,0.014633411489509132,0.0,0.01989002665942881,0.014780459515772166,0.0,[1]
607,0.003469260158157997,0.009577268033837282,0.0,0.0032642769580431604,0.0,0.008110280078114374,0.0,0.0,"[1, 5]"
608,0.0015851614620650879,0.01107230840495347,0.0,0.0023483646925913483,0.0,0.0005964951514864168,0.0,0.0003103611936506887,[1]
609,0.0033607628128225655,0.012950912279748638,0.0,0.006022797404346941,0.0,0.007651989878858731,0.0,0.0,[1]
610,0.0059743545859314885,0.0,0.0,0.0019002166407562342,0.0,0.015560938347979163,0.006275360682218993,0.001836462431780263,[5]
611,0.006184302091698455,0.0,0.0,0.009268499122148107,0.0,0.01817480251807868,0.003784726314642494,0.0,[5]
612,0.002129612575447752,0.0,0.0,0.007302933671867031,0.0,0.0037977269517239284,0.0035942058577218394,0.0,[3]
613,0.006977837280093781,0.0,0.0,0.011554958569161099,0.0,0.019610073677908752,0.004334536886605544,0.0,[5]
614,0.000865886295939523,0.0,0.0,0.00263202750943463,0.0,0.0015520458815212867,0.00026391926724885395,0.0,[3]
615,0.0011243357371019127,0.0,0.0,0.0,0.0,0.0,0.0016702821404598366,0.0,[6]
616,0.0067029312496674435,0.0,0.003818502518598681,0.0,0.0,0.0,0.012203607279710173,0.002960118049293497,[6]
617,0.0011243357371019127,0.0,0.0,0.0,0.0,0.0,0.001670282140459837,0.0,[6]
618,0.0011243357371019127,0.0,0.0,0.0,0.0,0.0,0.001670282140459837,0.0,[6]
619,0.0038602595842735206,0.0,0.0,0.0,0.0,0.0,0.0044506918194360265,0.0,[6]
620,0.004126865153418998,0.0,0.0,0.0020283936047493403,0.0005530230801144577,0.020375747301762132,0.0,0.0002513035555207585,[5]
621,0.0052871571629929314,0.0,0.0,0.003760275139343095,0.0006562172712216333,0.018222914460103875,0.0,0.0037931654042399313,[5]
622,0.004506265884809974,0.0,0.0,0.004694180773869201,0.0,0.02063912797553982,0.0,0.0020155175401934153,[5]
623,0.005312618501887833,0.0,0.0,0.009409397474969071,0.0,0.020589166121826836,0.0,0.0,[5]
624,0.006547889186860676,0.0,0.0,0.0,0.004558656178813772,0.015116707405050642,0.0,0.0023285220931655816,[5]
625,0.0012112812173939978,0.0,0.0,0.0022334426062895463,0.0006011188131894667,0.004892618270446833,0.0,0.0009190727800280242,[5]
626,0.0009433431948684818,0.0,0.0,0.002960398866125944,0.0010426260506385089,0.0025495245281057298,0.0,0.0,"[3, 5]"
627,0.0006095086521807876,0.0,0.0,0.0017411156739179123,0.0008782686742043143,0.0022168570549296563,0.0,0.0007782428356761775,"[3, 5]"
628,0.017100508804763163,0.0074097064501108196,0.016656487467980315,0.0,0.007568780986236618,0.017547231394397938,0.0,0.016405027060740044,"[2, 5, 7]"
629,0.003704574486716489,0.0,0.0,0.008131160301451773,0.0,0.019045126603757012,0.00048187764542049507,0.0,[5]
630,0.003929488915634882,0.0,0.0,0.010389020318098635,0.0,0.015504509391992553,0.0,0.0,[5]
631,0.007905970194157848,0.003451960859453076,0.0,0.015612893507677451,0.0,0.024532423123615085,0.007707894316593822,0.0,[5]
632,0.018720334667946006,0.0,0.015237156837856236,0.017956050310229656,0.0,0.017701770343320107,0.0,0.0,"[2, 3, 5]"
633,0.0032453884117629637,0.0,0.0,0.003289379186208051,0.0,0.012829374139047878,0.0,0.0006983151046430922,[5]
634,0.00016481755481496474,0.0,0.0,0.0011126372973167312,4.7462159521652656e-05,0.0004080617590504735,0.00027712681496787404,0.0,[3]
635,0.0035065954776369325,0.0,0.014616392897999009,0.0015486608618877108,0.0013692608559796998,0.0,0.0006093875237883416,0.0,[2]
636,0.0012747255704831355,0.0,2.1085960260980878e-05,0.0,0.0,0.0,0.002284439149636881,0.0,[6]
637,0.008531255082446702,0.0,0.0,0.0,0.0,0.01329014043993158,0.004005510792897659,0.0,[5]
638,0.0016788382949177762,0.0,0.0,0.003909475787453202,0.0,0.0016643405951621531,0.002149551108856666,0.0,[3]
639,0.00862550194841616,0.0,0.003134516834164236,0.0,0.0,0.0,0.0023693825043650508,0.0007745836008851093,"[2, 6]"
640,0.03173596949144731,0.00010688876120590099,0.01656596616115537,0.0,0.0,0.0,0.02847126231539064,0.0,[6]
641,0.03932106205668131,0.01627492193757697,0.032647797578047685,0.0,0.0,0.010656019203803236,0.012193847958195064,0.0022029316861837335,[2]
642,0.020612693671498563,0.0009610209360116297,0.010138081677144778,0.0,0.0,0.0,0.012843039252823978,0.0,"[2, 6]"
643,0.011044401582068255,0.0,0.0039041246975818848,0.0,0.0,0.0,0.006104374143303188,0.0,[6]
644,0.016576863644407577,0.00043392364351099066,0.00845254715669586,0.0,0.0,0.0,0.012809871252928488,0.0,[6]
645,0.0160362715889215,0.0004744640233102833,0.009589604579484674,0.0,0.0,0.0,0.011896105877610263,0.0,"[2, 6]"
646,0.02456561943442185,0.011019045920813621,0.023370858039871177,0.0,0.0021984039266323358,0.00900101401942149,0.00850620776102585,0.011872061044903317,[2]
647,0.03518096198656911,0.012926062045125418,0.02622273404444053,0.0,0.0,0.02953790092266045,0.0006772817265889382,0.0064897038400681785,"[2, 5]"
648,0.029922470049829092,0.00590644150583334,0.01653212114038566,0.0,0.030495806079247248,0.01107746210727005,0.0009361448687648407,0.0,[4]
649,0.03715178755515238,0.015234805350587795,0.028936399359001164,0.0,0.0,0.0010943079412367386,0.016424736155756937,0.0,[2]
650,0.013079589214541767,0.0020729626798038636,0.0043114964630993876,0.0,0.002485540799150946,0.0,0.007053307746545476,0.0,[6]
651,0.005143247290560434,0.0,0.0,0.006866799135812363,0.0,0.04497250228855765,0.0,0.0,[5]
652,0.002149501955669275,0.0,0.0,0.00446370377119766,0.0,0.018786662886605302,0.0,0.0,[5]
653,0.01571847943919225,0.0,0.0,0.02330463701647724,0.0,0.15448106873703368,0.0,0.0,[5]
654,0.003577204676755271,0.0,0.0,0.007243661604447167,0.0,0.035559603285915974,0.0,0.0,[5]
655,0.011327654891513767,0.0,0.0,0.009065476047844826,0.0,0.10331214971972133,0.0,0.0,[5]
656,0.008028541741488331,0.0,0.0,0.0058260826964978245,0.0,0.05121793085698973,0.0,0.0,[5]
657,0.010710761128506607,0.0,0.0,0.0,0.0,0.02235979302716806,0.0,0.006835421089371212,[5]
658,0.008856940059685887,0.0,0.0,0.0,0.0,0.03892125835664463,0.0,0.0018010050521822735,[5]
659,0.025702846898957507,0.0,0.0,0.02032934011981444,0.0,0.18062299119848976,0.0,0.0,[5]
660,0.009000618197619829,0.0,0.0,0.003060698387855691,0.0,0.03769057403952866,0.0,0.0036790972486465496,[5]
661,0.017003489918853705,0.0,0.0,0.01629978374313386,0.0,0.09114030038868859,0.0,0.0,[5]
662,0.013216603152951296,0.0,0.0,0.016435218392992446,0.0,0.0861551431363931,0.0,0.0,[5]
663,0.003166268805462936,0.0,0.0,0.005846370132878087,0.0,0.03183959166133009,0.0,0.0,[5]
664,0.002044092365389513,0.0,0.0,0.0040612014851200045,0.0,0.01688556956647745,0.0,0.0,[5]
665,0.009019493494169799,0.0,0.0,0.0006581086633873737,0.0,0.0,0.0,0.005226169197367439,[7]
666,0.002336614622586582,0.0,0.0,0.0025370732962385545,0.0,0.0,0.0,0.0,[3]
667,0.007969500797023833,0.0,0.0,0.011401497997863093,0.0,0.0,0.0,0.014405290457825801,"[3, 7]"
668,0.005196256831802088,0.0,0.0,0.029704395347262772,0.026352101056516402,0.0,0.0,0.0010445782418553402,"[3, 4]"
669,0.001522027779361621,0.0,0.0,0.006787343687969634,0.003990533998842009,0.0,0.0,0.0032483097490629653,[3]
670,0.009668168870526628,0.0,0.0,0.006772231266422146,0.006570179517188526,0.0,0.0,0.02574610537207288,[7]
671,0.012312980712594266,0.0,0.0,0.001590968841722926,0.0,0.0,0.0,0.00034983782817382084,[3]
672,0.0030582359084336927,0.0,0.0,0.0,0.00237641605972312,0.0,0.0,0.0051280025678638735,[7]
673,0.0010711163508629006,0.0,0.0,0.004494351722077767,0.0009925162352061357,0.0,0.0,0.002494874974183564,[3]
674,0.006035851085630207,0.0,0.0,0.009364083945101204,0.0,0.0,0.0,0.012500396346066298,"[3, 7]"
675,0.012800131578947561,0.0006183185772934131,0.0049447695621172814,0.0,0.0,0.0012745180537759046,0.0,0.0,[2]
676,0.02125941950821089,0.0,0.0,0.005005357513860356,0.0,0.059937091740152056,0.0,0.0,[5]
677,0.013867260912384221,0.001314029900736498,0.006563458576355335,0.0,0.0,0.000922793547757583,0.0,0.0,[2]
678,0.006026985267400928,0.0009296811431632605,0.0037221464761252833,0.0,0.0,0.0006948949218065693,0.0,0.0,[2]
679,0.01608900976948149,0.0,0.005081854679415754,0.0008691694931165863,0.0,0.0027817264191758034,0.0,0.0,[2]
680,0.006299000959780716,0.0007276948702442746,0.003775486850699591,0.0,0.00011817370273892339,0.0002422742129723445,0.0,0.0,[2]
681,0.0018913243881993266,0.0,0.0,0.005697400787391555,0.0062588905270808135,0.0,0.0,0.0,"[3, 4]"
682,0.0013730541181015091,0.0005647635126422053,0.0014161449689232308,0.0009055133335973464,0.001503690302588403,0.00216421401104327,0.0,0.002699917795979184,"[5, 7]"
683,0.0007931419174366732,0.0,0.0,0.00234026679340538,0.0014672773597163903,0.0,0.0,0.0014726694201942126,[3]
684,0.0021499891592815846,0.0,0.0,0.012314811222830697,0.007890433442392852,0.0,0.0,0.001167489447567795,[3]
685,0.003832347935685901,0.0,0.0030147766209742237,0.0,0.0,0.0,0.0038188135682675904,0.0003744339043063648,"[2, 6]"
686,0.022862424163473085,0.0,0.001675116347390521,0.013684947933311944,0.0,0.03201931806433311,0.0,0.0020133987102348176,[5]
687,0.011179138494136348,0.0,0.0,0.0,0.0,0.010185350254005403,0.0,0.0,[5]
688,0.004009761100095023,0.0,0.0,0.004494749701003172,0.0,0.0,0.0,0.009361083409809888,[7]
689,0.001592153115920412,0.0,0.0,0.005530122454045211,0.006623930384704529,0.0,0.0,0.00017772743888405334,"[3, 4]"
690,0.020986990823372964,0.0,0.0,0.018373628964285762,0.0,0.02903314751910782,0.0,0.00024674763224606156,[5]
691,0.02117492991539028,0.002927900181837154,0.00911429790414173,6.902533333766708e-06,0.0025345061006016916,0.013569570563439963,0.008261986041911197,0.0,[5]
692,0.009885414522412733,0.0,0.0,0.005597865861956783,0.0,0.0,0.0,0.01759485437964745,[7]
693,0.011096227570528253,0.0,0.0,0.017437874374046713,0.0,0.0,0.0,0.02418337366057145,"[3, 7]"
694,0.0389789373513468,0.028878391222215714,0.042611192363504455,0.0,0.005269597919618789,0.03506551754497676,0.0006381695935071114,0.018768146562833814,"[2, 5]"
695,0.015024501403821415,0.01584989808458405,0.02145502750107312,0.0,0.003836366350914703,0.020276842925382003,0.0037604303441694745,0.01845304487225309,"[1, 2, 5, 7]"
696,0.011837095984687348,0.0,0.005082884166392238,0.0,0.0,0.0,0.00419917008095448,0.0,"[2, 6]"
697,0.04298942613157154,0.0452860490527853,0.05954892275670237,0.0,0.014007898840574521,0.06975976379380344,0.00025093640767295393,0.07587915294142852,"[2, 5, 7]"
698,0.00939409330098568,0.0033966233420927943,0.010778886777972802,0.00786147185716831,0.012086424122526298,0.017360576187032323,0.0,0.032096525096041544,[7]
699,0.006543829892143461,0.0,0.0,0.0037993889705357623,0.0,0.01897428639626224,0.0013291897128034334,0.00020406760642144138,[5]
700,0.0062078958266806265,0.0,0.0,0.00553813981566744,0.0,0.015790151642734177,0.0027731617539915317,0.0,[5]
701,0.007941300541099013,0.0,0.0,0.01272733965957289,0.0,0.021353657199065408,0.0,0.0,[5]
702,0.0030274771279312704,0.0,0.0,0.003895245572659612,0.0,0.011097470766018983,0.004187871623399871,0.0007506814575837335,[5]
703,0.006876622480785219,0.0037499142669788856,0.0,0.0066979204358997265,0.0,0.020272107225598496,0.0015900273574980814,0.0,[5]
704,0.015924308790659262,0.0,0.0,0.012870609481445885,0.0,0.032114307700299535,0.0,0.0,[5]
705,0.007647888727214689,0.0036356074060150366,0.0,0.01132504768217101,0.0,0.04361652866006243,0.050555880775236046,0.0017913388558016684,"[5, 6]"
706,0.01086021668183494,0.0,0.0,0.008273477805428971,0.0,0.05146745995309747,0.0,0.0,[5]
707,0.005345564721081539,0.0,0.0,0.006084160833597794,0.0,0.02437747204786808,0.0027162703574401164,0.002582185377430944,[5]
708,0.01353766165503813,0.030921941336092263,0.0,0.005149980764309991,0.0,0.05289446775766249,0.17563318395322983,0.003817832618121545,[6]
709,0.007710951757493708,0.001886423783276448,0.0,0.0,0.03962923629193868,0.005601689376288557,0.009164872986407717,0.0,[4]
710,0.01985120513901692,0.0,0.0,0.018647258321347133,0.0,0.0367295135744735,0.0026249365834762153,0.0,[5]
711,0.005279380140896753,0.0004766966801750591,0.0,0.0,0.0,0.006042070949896677,0.0,0.004385622663924161,"[5, 7]"
712,0.007010046977923471,0.0,0.0,2.8359162711049286e-05,0.0,0.014998163724189564,0.0,0.0024508921415921678,[5]
713,0.0033402696895428984,0.0,0.0,0.00024284313901309362,0.0,0.004324301916408906,0.0,0.004537483680720272,"[5, 7]"
714,0.010107407959863849,0.0,0.0,0.0,0.0034277305925747925,0.020845135732417253,0.0,0.01264223744448332,[5]
715,0.0012339102635044038,0.00021608350974996004,0.0,0.0025177751085880564,0.0,0.0009879930123315919,0.0,0.0,[3]
716,0.0006070621440455853,0.0,0.0,0.0015426804989735862,0.00030067514544132,0.0,0.001137084487898671,0.0,"[3, 6]"
717,0.0029803494901603374,0.0031125614304359996,0.0,0.0014615049620525893,0.0,0.002929896884420553,0.0012841123050642096,0.0,"[1, 5]"
718,0.007114451285382356,0.0093450868251078,0.003967740820484981,0.0,0.053691750214475406,0.0020788761821151996,0.0119136394324002,0.0,[4]
719,0.00934071161488494,0.008320397650936307,0.0,0.0,0.05237042987395402,0.007445215708709946,0.004467786990936382,0.0,[4]
720,0.008475154350084788,0.006181553860149933,0.005061869936245045,0.0,0.040805676925279,0.0,0.021760062098415415,0.0,[4]
721,0.003171361015345954,0.00465360605168388,0.0031952637741285775,0.0,0.020534110915230896,0.00026727805399287075,0.004499949538610084,0.0,[4]
722,0.007359377590068277,0.0038748061931083966,0.012039783917100144,0.0,0.057814075176061255,0.002272998754226802,0.0124101326657176,0.0,[4]
723,0.0328003264837394,0.0,0.11308345397788126,0.0,0.03210958565786704,0.0,0.0,0.0,[2]
724,0.03937253558552667,0.01970425246660571,0.13059840850382623,0.0010321417378830076,0.0,0.0009114243074913973,0.0,0.0,[2]
725,0.04014591841348382,0.0017109996019106992,0.21595852377941896,0.026991373568239895,0.0,0.0,0.0,0.0,[2]
726,0.00394537562624399,0.003828671324032433,0.005469947659537101,0.0,0.0041467546062501194,0.0013735267745667518,0.0009862892978685855,0.0,"[2, 4]"
727,0.003383091365447004,0.00019728505371107807,0.012260003500999426,0.0,0.009210867814620388,0.0,0.0011567690768669306,0.0031439266184327443,"[2, 4]"
728,0.0267327308596852,0.002281852310389219,0.11777423238987629,0.01312413079062629,0.0,0.0,0.0,0.0,[2]
729,0.03298098928965193,0.0027219397196762965,0.12014001457132165,0.0,0.007218027864434955,0.0,0.0,0.030091382358159995,[2]
730,0.003998917960997984,0.0,0.012695822393527477,0.0,0.007620910792525644,0.0,0.0017184325104818955,8.424517092841539e-05,[2]
731,0.000634436170508269,0.00011450588653757011,0.0,0.0,0.005300688251892772,0.0,0.0017472604782297206,0.0009831011702992102,[4]
732,0.000634436170508269,0.00011450588653757029,0.0,0.0,0.005300688251892772,0.0,0.0017472604782297213,0.000983101170299211,[4]
733,0.0017868843489095175,0.0,0.0,0.0009659916357165248,0.0,0.006791518148110577,0.00045744593460375247,0.0004568942671990167,[5]
734,0.0034101896549769153,0.0045308870361839655,0.0,0.0,0.03732751137772382,0.004666348429929178,0.008112325502545334,0.0,[4]
735,0.009388241180769306,0.008326680954744306,0.0030226133664086985,0.0,0.06268047122724922,0.0,0.005598581499618652,0.007807181718136613,[4]
736,0.005777404378291225,0.005322869494727896,0.001853735924878603,0.0,0.0618120842899164,0.008367524343697221,0.013706851883302559,0.0,[4]
737,0.002241115796515886,0.0016557136257641526,0.0018087232342992793,0.0,0.016012611129384156,0.002341682541758259,0.002114378605683923,0.0,[4]
738,0.0035262472449319724,0.0032589485783576315,0.0016533925053362172,0.0,0.03802087397052468,0.003791788034050553,0.0074180028315713195,0.0,[4]
739,0.0016705096657822153,0.0021509851640961484,0.00046107515910813457,0.0,0.022325548287298547,0.002306610221072348,0.005514020389124206,0.0,[4]
740,0.00617330217510263,0.0010105559916376763,0.0,0.0,0.029922838938932113,0.008365996111104371,0.006724006840141179,0.0,[4]
741,0.008359913942258507,0.007635027586690864,0.006517084126063944,0.0,0.043208791346714404,0.011474285338850018,0.006727240646079455,0.0009224129883986931,[4]
742,0.0164598631537275,0.0,0.04929363248876595,0.0,0.005096423530956971,0.0,0.0,0.0,[2]
743,0.011406487970174637,0.00010491827421715663,0.04461673965123256,0.0,0.007890609116016698,0.0,0.0,0.0,[2]
744,0.010755364965131806,0.0030992823083668343,0.041861389894485505,0.0,0.0066811303063200956,0.0,0.0,0.0,[2]
745,0.007826372854941218,0.0,0.035548153790771496,0.0,0.008929819700699164,0.0,0.0,0.0,[2]
746,0.00969585708533226,0.0020695005813788254,0.0360215979523634,0.0,0.006925921664255227,0.0,0.0,0.0,[2]
747,0.011411981184817845,0.0011698027124758192,0.05342301327756786,0.004931195755991322,0.004187219192831106,0.0,0.0,0.0,[2]
748,0.005133862776523037,0.0,0.0,0.0003447855419000761,0.0,0.0,0.0036668023400985524,0.0019891474898401196,[6]
749,0.011203261934328428,0.0,0.0,0.0,0.0,0.013923740807830471,0.0,0.005508263285456066,[5]
750,0.00046932869456873714,0.0,0.0,0.0002856400631339968,0.0004579980452443902,0.0005107700600383932,0.0,0.0009684049487938438,[7]
751,0.0025444657302616442,0.0,0.0,0.0,0.0,0.011050557827968389,0.0,0.006260631961594614,[5]
752,0.004813456347731974,0.0,0.0,0.0,0.0,0.012051347240184869,0.0,0.0018097676706749406,[5]
753,0.0014357557648504446,0.0,0.0,0.0012930752290124764,0.0,0.005521427776407924,0.0,6.368620739499838e-05,[5]
754,0.002436046891395496,0.004319613532292297,0.0,0.003095928548569339,0.0,0.008470309901339243,0.007389040962485981,0.002188982193017092,"[5, 6]"
755,0.03298117580886279,0.00794743675462649,0.18914783931272325,0.04073945769983672,0.0,0.0,0.0,0.0,[2]
756,0.004748964135529054,0.027929152593781294,0.0,0.004118028250875169,0.0,0.02703460706511464,0.14394051011987652,0.0016500912133960825,[6]
757,0.00014743331009472343,0.0,0.0,0.0010284313796207606,1.3649610507057585e-05,0.0,0.001591724888482925,0.00021164922236627,[6]
758,0.00014743331009472343,0.0,0.0,0.0010284313796207606,1.3649610507057585e-05,0.0,0.001591724888482925,0.00021164922236627,[6]
759,0.0006688846566756976,0.0,0.0,0.003545717886721864,0.0018896046301913048,0.0,0.0,0.0002659826287300833,[3]
760,0.006986260497160638,0.0,0.0,0.006079573503146156,0.0,0.023685954981002913,0.0,0.0,[5]
761,0.004072484792626012,0.0,0.0,0.011098527582489722,0.0,0.00852770774446721,0.02487862068499028,0.0,[6]
762,0.002580570875373208,0.0,0.0,0.011543424594163992,0.0013557148824143801,0.0,0.0,0.0,[3]
763,0.00279884335996501,0.0,0.0008377031322125082,0.0,0.009378252413540157,0.0,0.0,0.003948052839635334,[4]
764,0.008721557506143968,0.0021296809725719693,0.0,0.0,0.00863084685452961,0.01242634353376141,0.0,0.0,[5]
765,0.0036652290299368988,0.0,0.000733694153059287,0.0,0.012837075765632507,0.0,0.0,0.0038089782585750093,[4]
766,0.012181177134711238,4.527381088678658e-06,0.0,0.0,0.02007292459197458,0.01932194247197869,0.0,0.0005417677565559393,"[4, 5]"
767,0.0009268734845622559,0.0,0.0,0.002382158219691089,0.00011779892323088024,0.0019485244821391323,0.0017384986509026415,0.0,"[3, 5, 6]"
768,0.010681430525287016,0.0,0.0,0.010638737670931488,0.0,0.11725292016764144,0.0,0.0,[5]
769,0.005749530812496916,0.0,0.0,0.0073989102755137115,0.0,0.07076092507116852,0.0,0.0,[5]
770,0.0013546310443941097,0.0,0.0,0.0013354135615344163,0.0,0.018490481108177616,0.0,0.0,[5]
771,0.00498583361763227,0.0,0.0,0.007881401571690495,0.0,0.06375147187002991,0.0,0.0,[5]
772,0.0034120138244613987,0.0,0.0038182291104217232,0.0,0.005328803665778326,0.0005931659792060762,0.0,0.003512736631794841,"[2, 4]"
773,0.0023781105039911176,0.0,0.0,0.0,0.004933307231575137,0.001488214427309712,0.0,0.012061684434026299,[7]
774,0.03055475807856535,0.01579906242668061,0.040413825629725196,0.0,0.0,0.010728861963100408,0.028690579678956808,0.011260584301758612,"[2, 6]"
775,0.0027390330601510726,0.0006197701297664919,0.0,0.0042670244732670535,0.0,0.0011405588508324428,0.0020760527704171564,0.0,[3]
776,0.011588419752048516,0.0004964635958539324,0.005017653778528212,0.0,0.0,0.0,5.09725743460633e-05,0.0,[2]
777,0.0023662791173612403,0.0,0.000160406792069995,0.0,0.0,0.0,0.0,0.00837268553822773,[7]
778,0.007436388359657915,0.0006047158093116233,0.0037509309610372064,0.0,0.0,0.0006471648865395183,0.000552032140791526,0.0,[2]
779,0.041078994015724964,0.027315625085797404,0.0494234640488871,0.0,0.016793723141853463,0.049715425860454375,0.0,0.04794009732605388,"[2, 5, 7]"
780,0.017805564160267812,0.006378714314721596,0.015814391637097275,0.0,0.001778907521607753,0.010917314032614119,0.0,0.006171054032044932,[2]
781,0.0022363908616741413,0.0003786482039581722,0.0021687375612624436,0.0009987065379440706,0.001773541903051609,0.002132528038039919,0.0,0.002147296535175979,"[2, 4, 5, 7]"
782,0.016752748268331574,0.012814436613859306,0.023029324002322077,0.0,0.006236686462894541,0.018917478583909034,0.0006993381252714114,0.012642655843219682,"[2, 5]"
783,0.013812086897648587,0.0,0.0439397904213721,0.0,0.010814934698877725,0.0,0.0,0.13208546171791935,[7]
784,0.0017634589934701706,0.0017391150362334662,0.0031397468369052392,0.0006060382657064703,0.0013358573355987436,0.002964343408068239,0.0,0.004309040755022426,"[2, 7]"
785,0.028364117656189864,0.02573377051641771,0.040894008695783406,0.0,0.009976836635243718,0.041721937737872916,0.0,0.042611809132742796,"[2, 5, 7]"
786,0.0060910725485326484,0.0028124464649685716,0.013146959121827333,0.0,0.0,0.0,0.0033068004203425806,0.0,[2]
787,0.025391997011545896,0.0031981676161876205,0.15138281466123102,0.035998794254609105,0.0,0.0,0.0,0.0,[2]
788,0.0025617954110595128,0.0017532162651976008,0.00034565366542522574,0.0,0.004512989138346719,0.0,0.0007693574450648636,0.0,[4]
789,0.012520747730310299,0.012681534083116492,0.016420265831408765,0.0,0.0009938931123813469,0.019455217040922325,0.0027790637232398517,0.012834954649582456,"[2, 5]"
790,0.006503030516513982,0.0026172041388393256,0.0049843227166863615,0.0,0.0,0.004337900467439581,0.002316591481573439,0.0,"[2, 5]"
791,0.018104891011718804,0.0217479684385758,0.028910625034194788,0.0,0.007590943443196255,0.0365674651269276,0.0022429986584794545,0.03693412025551633,"[2, 5, 7]"
792,0.007995441944649104,0.006944973212541584,0.008983963467837579,0.0,0.004222456722133444,0.009786257895135457,0.0023488868093321,0.008995230012145907,"[1, 2, 5, 7]"
793,0.006626593755698786,0.005319620894509127,0.008949025190285606,0.0,0.0009181330134530766,0.008809806184371067,0.0026193683923508384,0.007281449049741647,"[2, 5, 7]"
794,0.006051667623428718,0.0045380320863616565,0.005707566855367662,0.0,0.004834924187381906,0.01090515565571809,0.0,0.009568299253797551,"[5, 7]"
795,0.009147853358425197,0.0,0.008703144332360618,0.0,0.0011226916505070645,0.0,0.0026710129971720003,0.01515853817326965,[7]
796,0.005554581531108061,0.004719816578776807,0.00643293061348761,0.0,0.0006703974426610852,0.005160882706554339,0.002139825885594791,0.003017092014749183,"[1, 2, 5]"
797,0.007984532843822412,0.00826182778417734,0.01878609350714485,0.0,0.0025259056205008132,0.013007709226979748,0.0,0.014716771747595586,"[2, 7]"
798,0.003967761122652108,0.0006387505724958373,0.0029078646398542638,0.0,0.00021101559921580024,0.0,0.001032282511721538,0.0006546645358183388,[2]
799,0.003375093140753178,0.006564525223816773,0.007016391633714885,0.0007449672872033243,0.0019815852177334026,0.00948527988646284,0.0002550650578532227,0.011028236250262556,"[5, 7]"
800,0.005447172273197561,0.010136237048707529,0.011107046465123904,0.00045433581446597285,0.002941650456495975,0.015605510145867274,0.0001972297424382287,0.018106591132171588,"[5, 7]"
801,0.009391065772663867,0.0034299046289951868,0.010225366909513305,0.0,0.0013744614846281794,0.006523935244126536,0.0,0.014213474258206595,"[2, 7]"
802,0.002104291342732459,0.003419391739934724,0.004008589953759188,0.000408059393544091,0.0018243850490061205,0.006069197698027275,0.0004948278189741598,0.006774384255584565,"[5, 7]"
803,0.002104291342732459,0.0034193917399347254,0.004008589953759187,0.00040805939354409115,0.0018243850490061223,0.006069197698027276,0.0004948278189741603,0.006774384255584565,"[5, 7]"
804,0.0004038872853253779,0.0,0.0,0.0007615989550587431,0.0,0.0,0.0,0.0,[3]
805,0.004382603462525588,0.0012891665662297398,0.001624201028683571,0.004737895634865807,0.004779055077324091,0.003950266453711431,0.0,0.014609611244657518,[7]
806,0.002441494641229034,0.0,0.0,0.0008945975112769333,0.0,0.0008210445965743372,0.001053698803017202,0.0028637903148203544,[7]
807,0.005034392504798872,0.010672718914822944,0.0,0.00047845128989607467,0.0,0.022697597314066082,0.10970801694330204,0.005021473516652172,[6]
808,0.009753562749308888,0.001861841630144488,0.017370135962232476,0.005729747417575471,0.0,0.002753910895072576,0.00784013434382814,0.0008673755160675395,[2]
809,0.005519727742563793,0.0,0.0,0.0043017143340347815,0.0,0.008961456785784661,0.0007574707099392939,0.0,[5]
810,0.0072874213398206955,0.0012195892353511597,0.0,0.004662443573537176,0.0,0.014290717847436872,0.017710473021247345,0.0,"[5, 6]"
811,0.006236388054701278,0.0,0.0,0.011830479790434455,0.0,0.011259063364789188,0.0015555970768251978,0.0,"[3, 5]"
812,0.005788584429083531,0.0,0.0,0.011716969602420881,0.0,0.009515036108195967,0.0026722550858145275,0.0,"[3, 5]"
813,0.004004764237574285,0.0,0.0,0.00958905059155787,0.0,0.009501079426931777,0.001521426705769209,0.0,"[3, 5]"
814,0.00499720449027814,0.0,0.0,0.011283821567703776,0.0,0.012223383068717208,0.0031047707029214677,0.0,"[3, 5]"
815,0.008155743549125525,0.0029434123149407057,0.0,0.013961113683131382,0.0,0.03454458758440462,0.061282574283917375,0.0,[6]
816,0.004998584213973831,0.0,0.0,0.008404475375945807,0.0,0.0172905087630707,0.0,0.0,[5]
817,0.0025694775627759874,0.0,0.0,0.002753967668993498,0.0,0.009249723298311356,0.0,0.0,[5]
818,0.006545685550857148,0.0,0.0,0.009911056682013187,0.0,0.058492625057777775,0.0,0.0,[5]
819,0.0024315692056675903,0.0,0.0,0.004920675789319732,0.0,0.00871292900069097,0.0,0.0,[5]
820,0.005694819278928548,0.0,0.0,0.007711992372953895,0.0,0.02007661178064878,0.0,0.0,[5]
821,0.0038813652872897067,0.003494787794832986,0.0,0.004750859967873639,0.0,0.00981372921190439,0.0,0.0,[5]
822,0.0015856681217425123,0.0006264351973622465,0.0,0.0050800393150339206,0.0,0.007851990778199529,0.020498198592519223,0.0,[6]
823,0.006498288163077034,0.013479236840580968,0.0,0.006175954772739565,0.0,0.03537581213841504,0.1248041933755189,0.0,[6]
824,0.003033495718364353,0.0,0.0,0.004171496388501577,0.0,0.010151194313014616,0.0,0.0,[5]
825,0.004109391478599255,0.0,0.0,0.003464977221045922,0.0,0.006104987304139968,0.001279304859934052,0.0,[5]
826,0.00941049798460246,0.0,0.0,0.0,0.0,0.03087234484748904,0.0,0.0,[5]
827,0.00034528287437830064,0.0,0.0,0.0005013243363357272,0.0,0.002007437982384312,0.002511461074745638,0.0006083868338315028,"[5, 6]"
828,0.00517513555633369,0.0019572790675159144,0.0,0.003752676933207116,0.0,0.011520540659468842,0.0,0.0,[5]
829,0.0027253078868164525,0.0,0.0002527171240915949,0.0,0.0005398979749690697,0.004173677298487831,0.0,0.0,[5]
830,0.006119522232086437,0.0,0.0,0.003244159749965008,0.0,0.009291733748307027,0.0,0.0,[5]
831,0.0004960585246743044,0.0,0.0,0.0007692476737006038,0.0,0.0008495411992586775,0.0,0.0,"[3, 5]"
832,0.01041443427036609,0.007353333027156361,0.028123207544217554,0.0,0.0,0.0,0.003281463896803578,0.009286838298098024,[2]
833,0.005909367550447085,0.003795545076042886,0.0070338023497870375,2.8503709641292088e-05,0.0,0.0022624921042221245,0.006558466601322968,0.011804625059802036,[7]
834,0.0033746401148286188,0.0,0.0,0.0,0.0,0.0,0.003049229205326648,0.0019580241123962274,[6]
835,0.011477937120433858,0.0,0.0008192009048381881,0.0,0.0,0.0,0.0,0.012562221837027055,[7]
836,0.002641866515371584,0.0,0.0,0.004811899096581746,0.0,0.0,0.0,0.0060435147682309865,"[3, 7]"
837,0.007445623530952668,0.0,0.0,0.005363057733812281,0.0,0.0,0.0,0.01626952188287557,[7]
838,0.002902251012086236,0.0,0.0,0.006378764614736604,0.0,0.0,0.0,0.0031517978451630763,[3]
839,0.00549408787828979,0.0,0.0,0.0020929306362961093,0.0,0.01682657574557342,0.0,0.003091294755931835,[5]
840,0.0015805325097491096,0.0020174898445550673,0.0,0.0014968980782422993,0.0,0.004618531074370377,0.0,0.0,[5]
841,0.0010208081882444036,0.00045851448270171885,0.0,0.0015965599652242272,0.0,0.0031606469141393437,0.0,0.0,[5]
842,0.0009808652905105106,0.0,0.0,0.0,0.0,0.004859374401950754,0.0,0.0,[5]
843,0.0035642392788284775,0.0015790476487806961,0.0,0.005006623313066643,0.0,0.015269095362401418,0.0,0.0,[5]
844,0.0007761469470923287,0.0,0.0,0.0010577635383700874,0.0,0.0019191549349437172,0.0011725782780917147,0.0003190431131816601,[5]
845,0.004874476645804212,0.0,0.0,0.0,0.0,0.012867123342553218,0.0,0.00433443009688328,[5]
846,0.0030970696225075508,0.010580390400381235,0.0,0.00490073937862987,0.0,0.02187305718806276,0.07290615034168357,0.0014785071185070419,[6]
847,0.006048485275258165,0.020788653957867012,0.0,0.0021201556656941373,0.0,0.034381189494369226,0.16866472250221354,0.004392908692243157,[6]
848,0.0055942436534035245,0.023542319196080602,0.0,0.004324321198685182,0.0,0.036077761338485254,0.13536661632725785,0.0,[6]
849,0.0009592937341159172,0.0,0.0,0.0006669317577902943,0.0,0.0,0.001349953846613982,0.0010331197928124822,"[6, 7]"
850,0.0050890944694181196,0.004614055742756168,0.0,0.0,0.04548963680083762,0.0005102355781917204,0.008296756919612116,0.0,[4]
851,0.0015429469931993937,0.0023018635539838917,0.0,0.0,0.014278590762055414,0.00013714271588644394,0.002961083558076337,0.0,[4]
852,0.004760598215358069,0.0,0.0,0.0017596061619387258,0.0,0.02657323541699212,0.0,0.0,[5]
853,0.003387766393889445,0.0,0.0,0.003249016990761426,0.0,0.010121727498233798,0.007714054520715749,0.0,"[5, 6]"
854,0.004104884382633572,0.0011065780382245594,0.0,0.002948872316939774,0.0,0.01612961987274508,0.024619925921800814,0.0,[6]
855,0.0011386539555140426,0.0,0.0,0.0020036116000524693,0.0,0.003558237995193555,0.0011205252602187132,0.00010979781981072582,[5]
856,0.0011386539555140426,0.0,0.0,0.0020036116000524693,0.0,0.003558237995193555,0.0011205252602187132,0.0001097978198107258,[5]
857,0.0011386539555140426,0.0,0.0,0.0020036116000524693,0.0,0.003558237995193555,0.0011205252602187132,0.0001097978198107258,[5]
858,0.012531034377317564,0.0,0.01477849117809303,0.0,0.0038962215964078967,0.0,0.0,0.0,[2]
859,0.004038504952207177,0.002797614440488432,0.0,0.0,0.0,0.0,0.0,0.00955517821806579,[7]
860,0.009579132592470247,0.0,0.0005167785303229393,0.0,0.0,0.0,0.006193257156417773,0.012169644924563999,[7]
861,0.0004686399541134146,0.0,0.0,0.0004573822607330414,0.0,0.0,0.0,0.0012280762412091386,[7]
862,0.005167839862043347,0.0016643478296236795,0.003907614389765579,0.0,0.0,0.0,0.000423900822351455,0.0,[2]
863,0.003359862589976109,0.006884886440247151,0.0,0.002509186037929706,0.0,0.01223599843608589,0.0,0.0,[5]
864,0.0017598819115535696,0.0,0.005019477941098687,0.0,0.0,0.0,0.0,0.005862926149655065,"[2, 7]"
865,0.003949761700138046,0.0,0.0037704029216968694,0.0,0.003463469803073048,0.0011078838616925583,0.0005927726461100012,0.007488438942991415,[7]
866,0.0006246268556045884,0.0,0.0,0.0021544331269949023,0.0,0.0,0.0,0.00046898550620579754,[3]
867,0.005022487993860995,0.02160905700461315,0.0,0.0019905243474985963,0.0,0.026721254442333475,0.09912485257211236,0.0,[6]
868,0.004256258655186947,0.017868708816131947,0.0,0.002213163235753639,0.0,0.02641931752649416,0.09475864615752438,0.0,[6]
869,0.009791543492418262,0.01870568913649201,0.0,0.0,0.0,0.01199784999430094,0.07576742090186604,0.007144368043965914,[6]
870,0.0019004743245575847,0.006428300144756218,0.0,0.0006385657763590606,0.0,0.009936304459047815,0.035703726199709795,0.0003109817234344949,[6]
871,0.0038817603029318256,0.0,0.0,0.004806495011128734,0.0,0.01729652519992357,0.0,0.0015799645623423436,[5]
872,0.0011932621991338143,0.0,0.0,0.0040124904816005065,0.0,0.0,0.0,0.0009621119620509374,[3]
873,0.006171791553939085,0.0,0.0,0.006505427787212034,0.0,0.0,0.0,0.014014392869242548,[7]
874,0.0029383109416289952,0.0,0.0,0.008680771433920391,0.0,0.0,0.0,0.004978687620692638,[3]
875,0.0011932621991338143,0.0,0.0,0.0040124904816005065,0.0,0.0,0.0,0.0009621119620509374,[3]
876,0.0018079242031191585,0.0,0.0,0.007594055321734237,0.001636984036396181,0.0,0.0,0.002573692672969915,[3]
877,0.003222698805653937,0.0,0.0,0.006537586590364953,0.0,0.0,0.0,0.005739077124603195,"[3, 7]"
878,0.003767199383689289,0.0,0.0,0.005374389253978152,0.0,0.0,0.0,0.0068568162483334735,"[3, 7]"
879,0.0010355523729784276,0.0,0.0,0.0030361127789975645,0.00021651210261326042,0.0,0.0,0.0038862167648415764,"[3, 7]"
880,0.002559999206061481,0.0,0.0,0.009887641470336229,0.0,0.007898670998681254,0.0,0.0,"[3, 5]"
881,0.002874256083849825,0.0,0.0,0.003809921583287083,0.0028998555718491806,0.0065533717103995436,0.0,0.0045715178746162325,[5]
882,0.0012410584307152171,0.0,0.0,0.0012045698022700186,0.0,0.0023557126601633505,0.0018834412595383375,0.0,"[5, 6]"
883,0.022307704281413775,0.0015382919939250536,0.08007439581505205,0.002319843834156642,0.0,0.0,0.0022968044369512976,0.0,[2]
884,0.02124644611428395,0.0025739152142171535,0.142715353952286,0.03508498867126601,0.0,0.0,0.0,0.0,[2]
885,0.022094647819488278,0.004966177139691369,0.14966513281738295,0.03901660574779734,0.0,0.0,0.0,0.0,[2]
886,0.02061132003785924,0.003054252737291966,0.1399856623537534,0.03671409783749081,0.0,0.0,0.0,0.0,[2]
887,0.022094647819488278,0.004966177139691386,0.14966513281738295,0.03901660574779735,0.0,0.0,0.0,0.0,[2]
888,0.007646653312465676,0.0,0.01580817276378147,0.0,0.015714337827306035,0.0,0.0,0.07869674615170223,[7]
889,0.01565245453113948,0.0010125335254485299,0.044908681022872696,0.0,0.02002318297122393,0.0,0.0,0.10905679555852524,[7]
890,0.012063977959584945,0.0,0.020947945708832627,0.0,0.02092721105271328,0.0,0.0,0.10987275627243545,[7]
891,0.022270849271179362,0.0,0.07024461438522452,0.0,0.018215330140194053,0.0,0.0,0.09275942404130424,"[2, 7]"
892,0.012239526858046445,0.0,0.029586100462708712,0.0,0.01145732978336581,0.0,0.0,0.049503088841044755,[7]
893,0.00799202380517767,0.0,0.022911701856775685,0.0,0.004852977364709199,0.0,0.0,0.06898990102600401,[7]
894,0.01657128114739166,0.0,0.04556716864386858,0.0,0.014428879442829176,0.0,0.0,0.09305394268455632,[7]
895,0.011289075827449866,0.0,0.02436389455731519,0.0,0.018832515760887184,0.0,0.0,0.12213891430954947,[7]
896,0.0001956109535463451,0.0,0.0,0.00041448534499164514,0.0,0.0,0.0009198887853474136,0.00031870687120895945,[6]
897,0.0027557349641953717,0.000628254067900498,0.0,0.004005838383668025,0.0,0.0028539137979533666,0.00719981261695486,0.0,[6]
898,0.0011805704047492356,0.0,0.0,0.0025362914733817682,0.0,0.0019655850910870773,0.0019698503365539327,0.0,"[3, 5, 6]"
899,0.0017077718934161124,0.0,0.0,0.004394265844690912,0.0,0.005057331047281134,0.0016301683390927168,0.0,"[3, 5]"
900,0.001329831919527154,0.0,0.00032168035144473266,0.0,0.0,0.0,0.0012550628275092232,0.0,[6]
901,0.0044632859324156594,0.0,0.0,0.0,0.0,0.0,0.0,0.009644424908742514,[7]
902,0.0011842485628458135,0.0018589312629210416,0.0005556595071296322,0.0,0.0006344832603693154,0.0,0.0002069136189675702,0.002849406363152835,[7]
903,0.0032222851349385487,0.004768507765544816,0.009257154751601313,0.0,0.0021029442079921706,0.0,0.0007634018801237819,0.008463874997458962,"[2, 7]"
904,0.008371105256394775,0.0,0.014580919929828703,0.0,0.0036149823378840967,0.0,0.0,0.011180306855135606,"[2, 7]"
905,0.0004050401393181451,0.00029419505389256974,0.00036203589028506445,0.0,0.0021164685288441367,0.0,0.0006199074251174945,0.0007285415427093555,[4]
906,0.0021896695874521516,0.0045135477246420926,0.0011282569306262018,0.0,0.00427025407352623,0.0,0.0,0.015642987541838727,[7]
907,0.007142240721092054,0.013127884047708817,0.013136151955344693,0.0,0.013863739798744022,0.0,0.0025750714747196793,0.025744027628983018,[7]
908,0.0010526470209009217,0.0,0.0,0.0,0.0016771001870341804,0.0009776142708774972,0.00034768397457433296,0.00015626032110852228,[4]
909,0.001704822329131636,0.0005287615462839169,0.0,0.0,0.002821367085497898,0.003046686828806213,0.0,0.004422663753686089,[7]
910,0.0011581885241817842,0.0,0.0,0.0,0.002022398025072313,0.0008048906578081833,9.76301766783682e-05,0.0015601609644931333,"[4, 7]"
911,0.005737415110572068,0.000336186198195933,0.0014168397299213938,0.0,0.0014767176057980573,0.0,0.0,0.006873658812122401,[7]
912,0.002461357656909025,0.0,0.0,0.0,0.0,0.010496142570475533,0.0,0.0,[5]
913,0.0056845625847197325,0.0,0.0,0.0011182236509105633,0.0,0.03889829040909428,0.0,0.0,[5]
914,0.007040243969446721,0.0015561119430928714,0.005245776118005937,0.0,0.0,0.0,0.0,0.0,[2]
915,0.002308675508672391,0.0,0.00016241909059899447,0.0,0.0,0.0,0.0010700893806576011,0.0,[6]
916,0.002687315879123213,0.0,0.0013829913513856073,0.0,4.4781476346438114e-05,0.0,0.0,0.0,[2]
917,0.00027201569237978807,0.0,6.107501656940342e-05,0.0003407099814593778,0.00033589024670207076,0.0,0.0,0.0,"[3, 4]"
918,0.0029694179835266237,0.00010507826611895013,0.0,0.0035459362520523824,0.0,0.004361091436650851,0.006190331507709946,0.0,"[5, 6]"
919,0.011687846988254987,0.0,0.033319279926329944,0.0,0.01137274764065356,0.0,0.0,0.05081391921995957,[7]
920,0.007474552548137696,0.0,0.0,0.0,0.0,0.0018121526794212346,0.001202778144439731,0.007260702555569526,[7]
921,0.007433076101219866,0.004210597682432488,0.0,0.0,0.0,0.0024557132479377524,0.052842730948767375,0.007344976366313315,[6]
922,0.0026408458471918342,0.0,0.0,0.0003989982767424599,0.0,0.008758422451472103,0.007714901037740863,0.0005652615082996443,"[5, 6]"
923,0.0020043942814517253,0.0,0.0,0.0,0.0,0.0013732772681790536,0.0,0.010501883409958055,[7]
924,0.0016340292580941487,0.0,0.0,0.0012344857112049946,0.0,0.009444604044113545,0.0,0.0,[5]
925,0.0036221306248082224,0.0,0.0004849267501306837,0.0,0.0,0.0,0.003847022191479426,0.0021983546281228354,[6]
926,0.0018626844768477391,0.0,0.0011709287568546015,0.0,0.0,0.0,0.0018352082814798271,0.006660977522121892,[7]
927,0.0024170900583196046,0.003890958376760827,0.0,0.0,0.0,0.014353455651223077,0.021486864827041728,0.0,[6]
928,0.004241802971169837,0.002080694009248908,0.0,0.0,0.0,0.021308325093368476,0.0,0.0,[5]
929,0.005634680621916589,0.003080338722341388,0.0,0.0,0.007232338777011891,0.013923886731259365,0.0,0.0,[5]
930,0.0014080710894295,0.0013665946203635924,0.0,0.0,0.0,0.007435548895064627,0.0003347547916709415,0.0,[5]
931,0.0046939144241768755,0.005223260879706678,0.0,0.0,0.0,0.004058901070554043,0.0,0.0,"[1, 5]"
932,0.0015513571337266029,0.006255906273669124,0.0,0.0,0.0,0.007810623448625477,0.012198129286525581,0.0,[6]
933,0.0014263765589614193,0.0,0.0,0.0,0.0,0.005370654779445349,0.0,5.215961499007799e-05,[5]
934,0.0024999738075738363,0.0,0.0,0.0,0.0,0.010388616756319054,0.0,0.0022720867803643317,[5]
935,0.005410171994511058,0.0,0.014475152930893694,0.0,0.013377322602454137,0.0,0.0,0.067983836746259,[7]
936,0.0046956654756320805,0.0009881696895905204,0.014757794176776544,0.0,0.011445114096175862,0.0,0.0001745110873835522,0.013503724449283437,"[2, 4, 7]"
937,0.005782213724560516,0.0,0.012920585927046403,0.0,0.011047127786682757,0.0,0.0,0.05945609087954532,[7]
938,0.0013740093836654712,0.0,0.0,0.00048443336744051225,0.0,0.0061782092078378256,0.0004580778718652943,0.0,[5]
939,0.005097880104940206,0.0,0.025612171706973545,0.003192627160753132,0.002025306377277481,0.0,0.0,0.0,[2]
940,0.002411314816532241,0.0,0.011422037211894834,0.0005066051138192317,0.0017244639254635112,0.0,0.0,0.0,[2]
941,0.002429090061892571,0.004982173244359157,0.006585931293750092,0.0,0.0,0.0,0.0,0.0,"[1, 2]"
942,0.004452123941735496,0.0018576103054147386,0.019322867020363187,0.0,0.003419391618496033,0.0,0.0,0.0,[2]
943,0.00422033416869099,0.0019078118915130371,0.017039354677289714,0.0,0.0035226708090482536,0.0,0.0,0.0,[2]
944,0.011925182158457446,0.0,0.048965305375191066,0.0,0.004646818728590988,0.0,0.0,0.0,[2]
945,0.006500341684170721,0.0,0.02413914037414775,0.0004706319855787495,0.0,0.0,0.0,0.0,[2]
946,0.0006926682138319144,0.001383177719438371,0.0,0.0,0.0004890988839374022,0.0012370331269496674,0.0,0.0,"[1, 5]"
947,0.00022327024624755443,0.0,0.0,0.000569718762338255,0.0,0.0008144494398761449,0.0003688112036998938,0.0,[5]
948,0.00022327024624755443,0.0,0.0,0.000569718762338255,0.0,0.0008144494398761449,0.0003688112036998938,0.0,[5]
949,0.002390554458552547,0.0,0.0,0.00221101365088623,0.0,0.02155604925266035,0.0,0.0,[5]
950,0.002357528526149774,0.0,0.0,0.004017987906067758,0.0,0.02880129035798819,0.0,0.0,[5]
951,0.0043402226866872074,0.0,0.0,0.005099134076945077,0.0,0.0470847337099482,0.0,0.0,[5]
952,0.007843205610206135,0.0,0.0,0.005807106928669038,0.0,0.06894278257369386,0.0,0.0,[5]
953,0.006340345458983571,0.0,0.0,0.003937516579789242,0.0,0.04832412675458643,0.0,0.0,[5]
954,0.0039782935168115275,0.001923841831504321,0.0,0.0,0.01007723826008856,0.005760949763871213,0.0,0.00023077004014424021,[4]
955,0.0029640658694007976,0.0,0.0,1.3631470323143938e-05,0.0,0.0,0.0,0.008473180728152587,[7]
956,0.00639996935131372,0.011516937005444698,0.0,0.0009587734034887501,0.0,0.015814145931819405,0.07582931246649861,0.010908520026120652,[6]
957,0.009665250210500026,0.0,0.02337038543995838,0.0,0.004766585565421763,0.0,0.0,0.002801030898062529,[2]
958,0.0029640658694007976,0.0,0.0,1.3631470323143938e-05,0.0,0.0,0.0,0.008473180728152587,[7]
959,0.0044483896284930905,0.0013119781856839239,0.0031169582657296973,0.0,0.0,0.0,0.0,0.003084599698622003,"[2, 7]"
960,0.004206108375371823,0.0002498112666887,0.013165619254450239,0.0,0.0,0.0,0.0,0.0,[2]
961,0.00575298803713816,0.0,0.0,9.521470550276534e-05,0.0,0.040442814797053174,0.0,0.0,[5]
962,0.002150899704363517,0.005164821083837655,0.0,0.0,0.0,0.0028779258214326844,0.0,0.00044299200193059996,[1]
963,0.0021211443364343237,0.0,0.0,0.0007922422231113966,0.0,0.0,0.0,0.00301263396417525,[7]
964,0.0058319510896428515,0.0,0.0014636715487067109,0.0,0.0017857285330055597,2.7357315403872415e-05,0.0,0.004635011209071234,[7]
965,0.0021211443364343237,0.0,0.0,0.0007922422231113966,0.0,0.0,0.0,0.00301263396417525,[7]
966,0.0014116131297203084,0.0,0.0,0.002319998979006164,0.0,0.00635425973163906,0.00024102497296582054,0.0,[5]
967,0.002349967493222833,0.0,0.0,0.0011386919548514365,0.0,0.007279471308353982,0.0009451904303027612,0.0020747973772603586,[5]
968,0.0014060521136666751,0.0,0.0,0.0021113268944794416,0.0,0.00679105092446018,0.0006143605761562273,0.0,[5]
969,0.0012496252382738907,0.0,0.0,0.0018706664126710206,0.0,0.005730760813810084,0.0006780626795285401,0.0,[5]
970,0.0012496252382738907,0.0,0.0,0.0018706664126710206,0.0,0.005730760813810084,0.0006780626795285401,0.0,[5]
971,0.0007082993559937227,0.0,0.0,0.0011892656138744221,0.0,0.0037033510791823565,0.0009229709085841774,0.0,[5]
972,0.0007082993559937227,0.0,0.0,0.0011892656138744221,0.0,0.0037033510791823565,0.0009229709085841772,0.0,[5]
973,0.003950337657806108,0.0,0.0,0.0,0.0,0.010309513992022613,0.0,0.0,[5]
974,0.005046284227371777,0.0,0.0,0.0015620410536321698,0.0,0.01878532245637226,0.0,0.0,[5]
975,0.006955136416564302,0.0,0.021356862958347843,0.0,0.004142371383175209,0.0,0.0,0.05841723669816667,[7]
976,0.0015904153131299408,0.0,0.003714417097704655,0.0,0.0014826845272223159,0.0,0.0,0.021257666684458353,[7]
977,0.005399700115404594,5.331287069578643e-05,0.03190825304571168,0.003333963622327246,0.0,0.0,0.0,0.0,[2]
978,0.0012979242906973666,0.001043830276969484,0.0,0.0003956119031223215,0.0,0.006398733645517734,0.0,0.0022081351546618688,[5]
979,0.002650142100896959,0.0,0.0,0.0,0.0,0.004281412419779097,0.0,0.0027903842445892685,[5]
980,0.009262472198917321,0.0,0.03452497209255037,0.0,0.0075588673603013854,0.0,0.0,0.052005988710276355,[7]
981,0.004378165035772135,2.0910658033599162e-05,0.016161101822124223,0.0,0.002110634067935358,0.0,0.0,0.025681024875251587,[7]
982,0.009892595390757533,0.0,0.025459106890025496,0.0,0.0,0.0,0.0,0.046417109351541794,[7]
983,0.0009511611957253432,0.0,0.0,0.0,0.0,0.003668934120395783,0.0,0.0029179388616640566,"[5, 7]"
984,0.0036777607656426153,0.002693032783646776,0.009998353045308921,0.0,0.0010188037499607129,0.00031239757599170606,0.0,0.0,[2]
985,0.005006253150732859,0.001966075084025064,0.021125581882197004,0.0,0.006194316810584642,0.0,0.0,0.0,[2]
986,0.003757148657511897,0.002577221563965885,0.004312609209070647,0.00014700448547564938,0.0010412896040942385,0.011358135368881491,0.0,0.016140318706116794,"[5, 7]"
987,0.0016608679454262712,0.0,0.0006927825323437349,0.0,0.0,0.0,0.0,0.003818553006866733,[7]
988,0.0014998678171794946,0.0,0.0009412832203038337,0.0,0.0,0.0,0.0,0.0034328474131575604,[7]
989,0.002573665426963284,0.0,0.0,0.0,0.0015854343367183322,0.0037885838153934683,0.0,0.0,[5]
990,0.0009837227699417903,0.0,0.004213783491745195,0.0,0.0,0.0,0.0,0.0030759013579277545,"[2, 7]"
991,0.002493534412362724,0.0030181563126123775,0.009071049711769013,0.0,0.00243975829233108,0.0,0.0010683630000045239,0.011429685053026621,"[2, 7]"
992,0.004933215289908895,0.0,0.02468887472982689,0.00360128586551062,0.0,0.0,0.0,0.0,[2]
993,0.0009466701500588556,0.00035629197597224547,0.0,0.001549467440444544,0.0,0.00658412536625653,0.008640611245499337,0.001537028251581165,"[5, 6]"
994,0.005706641722085911,0.036069752534909266,0.0,0.0039873523350884765,0.0,0.03983374141961506,0.16257885668182817,0.0032805545327430036,[6]
995,0.004325562142458693,0.01670146217979559,0.0,0.0019518858508591442,0.0,0.024303294860714832,0.09168074300590862,0.0024912931220065337,[6]
996,0.0004935996376199971,0.0012033330832138239,0.0,0.0,0.0,0.0012115814375634312,0.0,6.596135132174169e-05,"[1, 5]"
997,0.0005167409963510139,0.00807340426180112,0.0,0.00021776008551352893,0.0,0.0,0.0,0.0,[1]
998,0.0010713740919939072,0.013528391112246409,0.0,0.0,0.00020508628105801204,0.00043367104559158585,0.0,0.0,[1]
999,0.0005155404959847975,0.008023183805137777,0.0,0.00021878772811329678,0.0,0.0,0.0,0.0,[1]
1000,0.004482666084329662,0.0037475276265117713,0.0,0.0037570724203791496,0.0,0.010252336142451562,0.004074770404136637,0.0,[5]
1001,0.003430028451459126,0.005059513918369598,0.0,0.0025624070317119187,0.0,0.008638925343023598,0.03557950851950559,0.0,[6]
1002,0.002089620829739602,0.002357052177745068,0.007414901956362061,0.0,0.0011637354298961306,0.0,0.0,0.0018222666410345103,[2]
1003,0.0010665408733206616,0.004498651741332627,0.0,0.0,0.0008065542371601742,0.0013603380532888451,0.0,0.005514445019925553,"[1, 7]"
1004,0.0020586571162785295,0.005676506270673205,0.0001157311860730043,0.0,0.0015502534164562368,0.002692063753444918,0.0,0.008284643344841072,[7]
1005,0.004051650503283282,0.001804296456798721,0.002593881016063624,0.0,0.0,0.0,0.0,0.0,[2]
1006,0.003083447726621037,0.007963797849617192,0.0,0.003195782915401617,0.0,0.0158441286163868,0.04107726466341548,0.0,[6]
1007,0.0008830352965573309,0.009717645983681102,0.0,0.0007595958636647778,0.0,0.00569677727989435,0.014412517221989779,0.0,[6]
1008,0.0035869224568968847,0.0,0.0,0.003668668811831404,0.0,0.025289811950294096,0.0,0.0,[5]
1009,0.004213750341304489,0.0,0.0,0.002862916187113048,0.0,0.03196333849243902,0.0,0.0,[5]
1010,0.0020381695531225988,0.0,0.0,0.001235481041506007,0.0,0.014658082606201342,0.0,0.0026033001264976776,[5]
1011,0.0016247388671082272,0.0,0.0,0.0018031658989173629,0.0,0.007547884980397667,0.0,0.0,[5]
1012,0.002481351029246084,0.0,0.0,0.0025652978731968324,0.0,0.011731844247377882,0.0,0.00044115221426269504,[5]
1013,0.001793755854980957,0.0,0.0,0.001909811793808665,0.0,0.007470327545519871,0.0,0.0,[5]
1014,0.0007991681782120536,0.0,0.0,0.001111082600857665,0.0,0.004940917654976909,0.0,4.477145184837844e-05,[5]
1015,0.0011912900585616308,0.0006669741339337687,0.0,0.0006807912138611675,0.0,0.005123916912182907,0.0,0.00035243073560524754,[5]
1016,0.0005578551584261994,0.0,0.0,0.00025617154351866765,0.0,0.0023753332867005802,0.00015144346873449435,0.00017379114656013292,[5]
1017,0.000393960068785585,0.0,0.0,0.0006265743130756161,0.0,0.001842313485616199,0.00016110678607400886,0.0,[5]
1018,0.0006557818866151944,0.0,0.0,0.0007686868122773785,0.0,0.0026575682039516007,0.00047194214950574555,0.0,[5]
1019,0.0022601946408497,0.018252412854883847,0.0,0.003122951012392731,0.0,0.016292205714131043,0.07570999816016,0.0,[6]
1020,0.0009867050487110233,0.0026115716333612107,0.0,0.0017962595112626892,0.0,0.007098475122318118,0.025090195039491534,0.0,[6]
1021,0.0014688172976381963,0.011611124631902066,0.0,0.00223408884961894,0.0,0.009802943961048955,0.04193819914150482,0.0,[6]
1022,0.0016821739430290803,0.007734710111440884,0.0,0.002093603077302118,0.0,0.012398695568589224,0.05252728908123168,0.0004755388171731157,[6]
1023,0.001665251370107837,0.006703330677317627,0.0,0.0021871485071066447,0.0,0.012669514849608486,0.04178080953199097,0.0,[6]
1024,0.0012156038820157519,0.004814344599095369,0.0,0.0020488168331365395,0.0,0.009318685169491157,0.03857530641810153,0.0,[6]
1025,0.0035112680437974038,0.015348214401355661,0.0,0.0026004307491909666,0.0,0.02591792336131465,0.10395536860599229,0.001292950294560569,[6]
1026,0.0012156038820157519,0.0048143445990953704,0.0,0.0020488168331365404,0.0,0.009318685169491157,0.03857530641810153,0.0,[6]
1027,0.00041237496186124437,0.0,0.0,0.0,0.0009111893515103629,0.0008997468304834044,0.0,0.0,"[4, 5]"
1028,0.00060177256521321,0.0,0.0,0.0004923269323716306,0.0,0.0026808898808422525,0.0,0.0001410575424313862,[5]
1029,0.0015577689333361043,0.0004623113901746165,0.0,0.0,0.0,0.002203267454138909,0.0,0.0,[5]
1030,0.0017509780222065567,0.00028261408352159794,0.0,0.0,0.0,0.003203549317585355,0.0,0.0,[5]
1031,0.0037419121840507642,0.0,0.0007546320002321178,0.0,0.0,0.004866617545736834,0.0,0.0009987787337190398,[5]
1032,0.002808006959213626,0.0,0.0030713949807707353,0.0,0.0002761336684773617,0.0,0.0,0.0,[2]
1033,0.00350041629522522,0.004752764219822652,0.0,0.0,0.0,0.00353369905455112,0.05608777062778265,0.005598704898630746,[6]
1034,0.002896580980394657,0.023885458419149106,0.0,0.0021194754780497816,0.0,0.02155860918987747,0.09437774956999767,0.0015809284724159411,[6]
1035,0.000879628687629919,0.010115834297533538,0.0,0.0010098668247942274,0.0,0.0071922633547170925,0.03862899506981485,0.00018519156222714393,[6]
1036,0.0015543341078148852,0.008982605110862987,0.0,0.001065895492204231,0.0,0.00821645243830405,0.03521801681946725,0.0015352903090113596,[6]
1037,0.00276240555341166,0.010154906846139266,0.0,0.002264743499867606,0.0,0.017639046193834232,0.05436987344322707,0.0007420167324953945,[6]
1038,0.0014520111151238965,0.009162394690016583,0.0,0.002609486165630666,0.0,0.015276554609440399,0.04734208931772698,0.0013271654700230217,[6]
1039,0.0004821122489271734,0.008999552998540852,0.0,0.00043782933835624746,0.0,0.0027044688387308294,0.016848004102013252,2.0872448114161174e-05,[6]
1040,0.001392374291340175,0.020505625610583597,0.0,0.0021738157228708105,0.0,0.003637302050749014,0.02011807293045454,0.0,"[1, 6]"
1041,0.0004821122489271734,0.008999552998540852,0.0,0.00043782933835624746,0.0,0.0027044688387308294,0.016848004102013252,2.087244811415984e-05,[6]
1042,0.001854697670098481,0.018352976238071746,0.0,0.0025639149879204477,0.0,0.01919506439251278,0.077195296235202,0.0015367325246989987,[6]
1043,0.00047027559913589214,0.0034788473391714893,0.0,0.0007614009344588038,0.0,0.003489057514700987,0.013236232572125818,0.00028368704587612394,[6]
1044,0.0012119568055490191,0.00913829101718534,0.0,0.0013349893775082059,0.0,0.011664351259561445,0.05680769645511493,0.0012340416540517986,[6]
1045,0.0016224194325486312,0.001013853271550378,0.0,0.0005674034926068102,0.0,0.0,0.0,0.004796256886235784,[7]
1046,0.0011160727218757563,0.0,0.0,0.0025276601542572608,0.0,0.0,0.0,0.00311744485912967,"[3, 7]"
1047,0.0002352378528204107,0.0014916120525702821,0.0,0.0,0.0005917795303866115,0.0,0.0,0.000268705373264173,[1]
1048,0.0003951257953783778,0.0035029128588429694,0.0,0.000517893315329594,0.0,0.000775395690889453,0.0010301338973949007,0.0,[1]
1049,0.0044718644797584394,0.0025788563611172243,0.008095670323912639,0.0,0.0010568081740386563,0.0,0.0,0.002369005460177311,[2]
1050,0.0008643407007499994,0.0024345839437649778,0.0024189030663344024,0.0,0.000771798933680897,0.00011657218913328378,0.0009526666643473225,0.0062731501784567675,[7]
1051,3.0160344541629757e-05,0.0010743229278043752,1.1644835111321513e-05,5.482263403504097e-05,0.0,0.0,0.00040703021621187144,1.6905051705811055e-05,[1]
1052,0.0012497491631332726,0.002202115322347366,0.0,0.0,0.0,0.003021963168817171,0.0,0.0,"[1, 5]"
1053,0.0012387733070982133,0.0014730130912666013,0.00022224731416001199,0.0,0.0005912817780138101,0.0,0.0,0.002885673440373955,[7]
1054,0.0020542761045585604,0.0,0.0,0.00441787813579444,0.0006152320538388181,0.00036015845805500887,0.0,0.0019242019063911162,[3]
1055,0.00018062723544509977,0.001570030783673682,0.0,0.0,0.0,0.0008598276502351856,0.0,0.0,[1]
1056,0.0004999335535534648,0.0012377453272620065,0.0,0.0001067890914248578,0.0,0.0030896252842629794,0.0,0.0,[5]
1057,0.0006175151189071889,0.0,0.0,0.0013429639713982225,0.0,0.005691734052993287,0.0,0.0,[5]
1058,0.0010047024785972852,0.0,0.0,0.0003870545347955523,0.0,0.006664590045087761,0.0017428169452308184,0.0,[5]
1059,0.0016486747486758658,0.0,0.0,0.0014275032222866258,0.0,0.017433905615576933,0.0,0.0,[5]
1060,0.0016659751379618586,0.0,0.0,0.0007037055633976294,0.0,0.012458745926851785,0.0,0.0,[5]
1061,0.0018301397665445478,0.0006765190983422399,0.0,0.0027185336771020346,0.0,0.014613813871614088,0.01877758195568075,0.0,"[5, 6]"
1062,0.0010475796162749758,9.796589758940184e-05,0.0020705068811798177,0.000251705412700205,0.0004547389562216185,5.2124003065886565e-05,0.0,0.001187738650174687,[2]
1063,0.00021435271248454614,0.00041021970746325386,0.00041998669188161126,0.0,0.0006309434734334959,0.0008005274240512478,0.000197948151662335,0.0007615436676358796,"[4, 5, 7]"
1064,0.0003484091603282226,9.647644424433398e-05,7.52623971951711e-05,0.0,0.0006206181599187591,0.0,0.0,0.0007623829838932798,"[4, 7]"
1065,0.0009149639579461309,0.0005808953734141519,0.0003447859191414512,0.0,0.0011668699875287114,0.0004269282832740392,0.0,0.0030602251595264938,[7]
1066,0.004854455278919597,0.0015934463836579896,0.001171580109515,0.0,0.004309788750318699,0.00852489605693739,0.0,0.014312696492931369,[7]
1067,0.0027445495674836644,0.0,0.0,0.0,0.003778507369071701,0.003863370859276309,0.0,0.007290536563568152,[7]
1068,0.003975230014648363,0.0017866395276205376,0.0011330074819709617,0.0,0.006192252928170302,0.006530267190874869,0.0,0.014259681198216292,[7]
1069,0.0031428684629550337,0.0006173658486476059,0.0004932409520432677,0.0,0.005419671479848688,0.004875425794011636,0.0,0.010970209220521273,[7]
1070,0.002558316419914553,0.0,0.0002624790182390288,0.0,0.004272548516204061,0.003141141109027264,0.00028465727899156586,0.0070420737529834545,[7]
1071,0.00019320908887045232,0.0,0.0,0.00014275724427260806,0.0,0.0009973326146007937,0.0004898915062612213,0.0001939801728214815,[5]
1072,0.0019387924317036242,0.0,0.0,0.003464513432196756,0.0,0.025069977790757963,0.0,0.0,[5]
1073,0.0014589456334768234,0.002830254760522718,0.003986501557986544,0.00013947958809314335,0.0008657057092315536,0.005148460797826819,0.0,0.006431241908517855,"[5, 7]"
1074,0.0014191616008095626,0.0006783860936854394,0.005075339347736596,0.0,0.00026747892887509303,0.0,0.0,0.0,[2]
1075,0.0008691070827395226,0.0005861237244054667,0.001505252431141027,0.0,0.00014312431415645937,0.0003735719289135794,0.0,0.0018008124636208042,"[2, 7]"
1076,0.000674676909260568,0.0,0.0,0.001447786927625406,0.0,0.00626649850476389,0.0,0.0,[5]
1077,0.0014029798950013332,0.0016091019474658713,0.0,0.0,0.0,0.004389958871292418,0.0,0.003840892560908975,"[5, 7]"
1078,0.00022961115663665193,0.0011483486873695792,0.0,0.0002921964547012385,0.0,0.0009726725157115281,0.0,0.0002308570529032453,"[1, 5]"
1079,0.00045419727691758027,0.0,0.0,0.0008482223461600853,0.0,0.002560220560069385,0.000282855647544563,0.0,[5]
1080,0.0002980817486077031,0.0,0.0,0.0006880720803974728,0.0,0.0014921136245163993,0.0003457522616271138,0.0,[5]
1081,0.0002980817486077031,0.0,0.0,0.0006880720803974728,0.0,0.0014921136245163993,0.0003457522616271138,0.0,[5]
1082,0.0002980817486077031,0.0,0.0,0.0006880720803974728,0.0,0.0014921136245163993,0.0003457522616271138,0.0,[5]
1083,0.0008670692102143851,0.0,0.0,0.0010344033729057637,0.0,0.00542453067824799,0.0,0.00020459480093986773,[5]
1084,0.0003230795388181577,0.0,0.00025071670512796394,0.0,0.0,0.0,0.001127675533844199,0.00024999819102393156,[6]
1085,0.0011069071932761677,0.0,0.0,0.0,0.0,0.0,0.0,0.0005647774123134388,[7]
1086,0.0008197520258765331,0.0,0.0,0.0,0.0,0.003646120705646725,0.0,0.0023217688935556237,[5]
1087,0.0005423994040339066,0.0,0.0,0.0,0.0,0.0019895168308262236,0.0,0.0006802574834145421,[5]
1088,0.0005423994040339066,0.0,0.0,0.0,0.0,0.0019895168308262236,0.0,0.0006802574834145417,[5]
1089,0.0009973083107266151,0.0,0.0,0.0006062342126075815,0.0,0.007283965185226483,0.0,3.395161218820003e-05,[5]
1090,0.00015261333099515575,0.0,0.0,0.0004364933765388996,0.0,0.0026567928110395405,0.0,0.0,[5]
1091,0.00046600321912308696,0.0,0.0,0.0004854257047855883,0.0005520349495190752,0.0,0.0,0.002303423910001938,[7]
1092,0.0007754860765762382,0.0,0.00032854150580485824,4.610792260955804e-05,0.0,0.00019284327966259378,0.0,0.0,[2]
1093,0.0005348352761764399,0.0,0.0,0.0012963615863090488,0.0,0.0,0.0,0.0021760592853926706,[7]
1094,0.0006081260904145381,7.927110180115727e-05,0.00031124371893647784,0.0010891520543537874,0.0008355324111907244,0.0009801632413895056,0.0,0.00344065040294597,[7]
1095,0.0002999157291645763,0.0,0.0,0.000404926014938927,0.0,0.001302257602198972,0.0002404350475595322,0.0,[5]
1096,0.0010904686205452955,0.000840883876686617,0.0,0.0010944021421504383,0.0,0.005540307337678157,0.01358056769933694,0.0,[6]
1097,0.0020825941579015786,0.011716955055672868,0.0,0.002361868891020843,0.0,0.02119066968849698,0.08147982751874937,0.0020439884095504513,[6]
1098,0.00016100012824677595,0.0,0.0,7.332609973438154e-06,0.0,0.0003465697796145987,0.0,0.000405193799836773,"[5, 7]"
1099,0.0020468297261295254,0.0,0.009100223454088197,0.0,0.0024321560514343936,0.0,0.0,0.0,[2]
1100,0.0002288988333047281,0.0022027729657341584,0.0,0.00025255732187385373,0.0,0.0022202100471730374,0.013485111378609993,0.00023435008909035446,[6]
1101,0.0004203767981360093,0.00016796799173437627,0.0,0.0,0.0007053183883673278,0.0010114850291006842,0.0,0.0,[5]
1102,4.4675060325283284e-05,0.0,0.0,0.00017907574023537547,1.5529222874388263e-05,0.00015832654095704828,0.00016687941219158323,0.0,"[3, 5, 6]"
1103,6.529286319522963e-05,0.0,0.0,9.757794124079749e-05,0.0,0.0015462285472353811,0.0,0.0,[5]
1104,0.0012393589317056042,0.0017530629688599442,0.000804621821080334,0.0,0.002131246585318382,0.003116941847429607,0.0,0.006360667105618089,[7]
1105,0.00045264692204530145,0.0002705166641353467,0.0006878585047264199,0.0,8.152268410504802e-05,0.0005830095380494735,0.0,0.0012964609170075742,[7]
1106,0.0003132157953937762,0.0010631077477721682,0.0,0.00042808422261674385,0.0,0.002924726165415502,0.01168996937774583,0.0,[6]
1107,0.00028482997539324854,0.0002993547353668989,0.00047789367766294796,2.511306672884352e-05,0.0,0.00021488844294152213,0.0006077133246731006,0.0010765524130771364,[7]
1108,0.0005532335769723915,0.0,4.660963656978319e-05,0.0,0.0,0.0,0.0,0.0010901489292188303,[7]
1109,0.0005532335769723915,0.0,4.6609636569783e-05,0.0,0.0,0.0,0.0,0.0010901489292188306,[7]
1110,0.0005532335769723915,0.0,4.660963656978305e-05,0.0,0.0,0.0,0.0,0.0010901489292188306,[7]
1111,0.001078942667574462,0.0076905642865823295,0.0,0.0008973623726237174,0.0,0.011719372477432138,0.048598906081197685,0.00024164533837910137,[6]
1112,0.0006888184395634999,0.0,0.0013145314703777416,0.0,0.00020180400332421168,0.0,0.0,0.00044437826031278597,[2]
1113,0.00047194984373520924,0.0014753181714674088,0.0,0.0,0.0,0.0009416378378683647,0.007055832442238297,0.0006573437130087243,[6]
1114,0.00029747874394913244,0.0,0.0,0.0004767858720508632,0.0,0.0,0.0,0.001255158389950461,[7]
1115,0.001075225530873302,0.00012132512815219915,0.00534674341292312,0.0006494523965650908,0.0,0.0,0.0003965839123943433,0.0,[2]
1116,0.0007544442278956052,7.985854455369739e-05,0.0029968578618974123,0.0,0.0014365860583637332,0.0,0.0,0.00994746109555984,[7]
1117,0.0001328257068698838,4.9550414096403046e-05,0.0,0.00029606109460113576,0.0,0.00022369463782613672,0.0006757902970401397,0.0,[6]
1118,0.0001431251726957066,8.28752548493927e-06,0.0,0.0002610368209687339,0.0,0.00034994879462298145,0.0005773205629648645,0.0,[6]
1119,0.0002715901370473927,0.00024294639230791758,0.0,0.0,0.0005906741920960547,0.0011497501081827281,0.0,0.0,[5]
1120,6.786865943442628e-05,0.0001077833519920264,0.0,0.0,0.0,0.0006164165490939718,1.7836062401860816e-05,0.0,[5]
1121,0.0002144112204236502,0.00010347575241865548,0.0002093482418683627,0.0,0.0,0.0,0.0,0.00027119604275685066,"[2, 7]"
1122,8.635098630486459e-05,0.00017723383059255145,0.0,0.0,0.0,0.0006283613169515591,0.0,0.00021700375059541016,[5]
1123,0.00044644874531432323,0.0,0.002303559474082027,0.0,0.0004714187061644135,0.0,0.0,0.004773139037413933,[7]
1124,2.4906781312699155e-05,0.0006367495966669157,0.0,1.497240926882246e-06,0.0,0.0,0.0,0.0,[1]
1125,0.0002160633366592975,0.00029556759791772846,0.0,0.0002660386374995324,0.0,0.0008339376512152849,0.0003639198495893488,0.0,[5]
1126,0.00017288872733227536,0.0,0.0,0.0002685203926618831,0.0,0.0021053474513667795,0.0,0.0,[5]
1127,8.108034552088097e-05,0.0006100367805311147,0.0,0.0001416085479232685,0.0,0.0010252975387655778,0.004923564979118604,7.699655647923683e-05,[6]
1128,6.023758386056592e-05,0.00017368089071831728,0.0,0.0,0.0,0.00024560050789084544,0.0,0.0,"[1, 5]"
1129,9.34492897760224e-05,0.0,0.0,0.0002584522965889335,0.0,0.0020951833015348726,0.0,0.0,[5]
1130,2.1892190340798217e-05,0.0,0.0,6.334620898265178e-05,0.0,0.0002124700636308112,2.5506010430317186e-05,0.0,[5]
1131,3.95118339425896e-05,0.0,0.0,0.0,0.0,0.00030224522136104644,0.0,0.00021418013683641022,"[5, 7]"
1132,1.4455859959417698e-05,0.0,0.0,2.9960717213599086e-05,0.0,0.00010774136512543418,2.1617588015598422e-05,0.0,[5]
