Node,Cluster_0,Cluster_I,Cluster_II,Cluster_III,Cluster_IV,Cluster_V,Cluster_VI,Predicted Label,Ground-Truth Label
0,0.0,0.0,0.0,0.0,0.020894107936730313,0.0,0.003032389317838576,4,2
1,0.0,0.0,0.0,0.003060994954819644,0.0018701485690643545,0.0,0.00801469659879449,6,5
2,0.0,0.0,0.0,0.0001230714236062864,0.0,0.0,0.0,3,4
3,0.0,0.0,0.0,0.0,0.0,0.0,0.0,0,4
4,0.0,0.0,0.0,0.0,0.0014864133312866364,0.006368055778779866,0.000441010703898135,5,3
5,0.0,0.0,0.0,0.0,0.0,0.0,0.0,0,3
6,0.0,0.0,0.0,0.0018059162766021252,0.0002711381868776299,0.0,0.005671089554674686,6,6
7,0.0,0.0,0.0,0.0,0.00841810599755731,0.0,0.002012791633316486,4,2
8,0.0,0.0,0.0,0.0,0.020908215488354788,0.0,0.003069881712040175,4,2
9,0.0,0.0,0.0,0.0004579846326289922,0.01560566640899904,0.0,0.011867435170767125,4,6
10,0.0,0.008784290477107153,0.0,0.0,0.0,0.03888042801050017,0.0,5,2
11,0.0,0.0,0.0,0.0,0.0,0.0,0.0,0,1
12,0.0,0.013635671939922616,0.004984384680705069,0.0,0.003534588289215642,0.008826080860776523,0.0,1,3
13,0.0,0.0,0.0,0.00430827607880782,0.0,0.0,0.011694707067403961,6,0
14,0.0,0.0,0.0,0.0,0.041491107906654855,0.0,0.0028471654552157063,4,2
15,0.0,0.0,0.0,0.0,0.0,0.0,0.0,0,2
16,0.0,0.0,0.0,0.0,4.548132912489289e-05,0.0,0.00024023302645859027,6,4
17,0.0,0.0,0.0,0.0,0.0,0.006203329059118304,0.0,5,2
18,0.0,0.0,0.0,0.0,0.0,0.028451353035852944,0.0,5,2
19,0.000780145439335089,0.00030702825374944375,0.0,0.0,0.0,0.0116160203486331,0.0,5,2
20,0.0,0.0,0.0,0.0010271710517139913,0.018247601489167792,0.0,0.013540480796764901,4,6
21,0.0,0.0,0.0,0.00025215702089094667,0.0,0.0,0.0,3,4
22,0.0,0.0,0.0,0.0,0.0,0.0,0.0,0,1
23,0.0,0.07056479040413761,0.0,0.0,0.002192305575752874,0.01390102496451396,0.00199618368284864,1,3
24,0.0,0.0,0.0,0.00024089653076697057,0.0,0.0,0.003980005316744274,6,4
25,0.0,0.0,0.0,0.0009942330286244396,0.014957908282146453,0.0,0.012443450458978005,4,6
26,0.0,0.0,0.0,0.07939405967906586,0.0,0.011946510130308861,0.0,3,2
27,0.0,0.014706185797230686,0.0059426606207232035,0.0,0.0037044960035514927,0.008842289293214704,0.0,1,3
28,0.0,0.0,0.0,0.0,0.0,0.007879647926359,0.0,5,2
29,0.0,0.0,0.0,0.002131808773109489,0.0032659832550482127,0.0,0.008798776296981333,6,5
30,0.0,0.0,0.0,0.006042539192856497,0.0,0.0,0.12224709861576051,6,0
31,0.0,0.0,0.0,0.0,0.007918733551663051,0.0064552034940719896,0.0006102070442936821,4,2
32,0.0,0.0,0.0,0.0028771822195440763,0.0,0.0,0.06008810972780789,6,0
33,0.0,0.0007107350757600657,0.0,0.0,0.0009114432618440413,0.012429671234536881,0.0005476552827583638,5,2
34,0.0,0.0,0.0,0.0005399090810516625,0.0,0.0,0.009130402620736586,6,4
35,0.0,0.0,0.0,0.0002389208643610844,0.0,0.0,0.004181817395641872,6,4
36,0.0,0.008262927539672057,0.0,0.0,1.2874906443083225e-05,0.02292891922211543,0.0014205697932880487,5,2
37,0.0,0.0,0.0,0.0,0.0,0.0,0.0,0,4
38,0.0,0.0,0.0,0.0,0.0,0.0,0.0,0,1
39,0.0,0.0,0.0,0.0002572082478038001,0.0,0.0,0.003719876247271299,6,4
40,0.0,0.0,0.0,0.0003000693341421392,0.007717186090240485,0.0,0.005912860673610734,4,6
41,0.0,0.21830446483464683,0.0,0.0,0.0008460957556281893,0.03471337742474082,0.030644203661672066,1,3
42,0.0,0.0,0.0,0.0,0.0,0.0,0.0,0,1
43,0.0,0.0,0.0,0.0,0.0,0.041665480772736366,0.0,5,2
44,0.0,0.0,0.0,0.0007136368755163789,0.0014157969246775483,0.0,0.006686419435149586,6,0
45,0.0,0.0,0.0,0.0,0.000497376165650656,0.0,0.001279232938796466,6,4
46,0.0,0.00033569305988798083,0.0,0.0,0.0,0.018752068537973253,0.0,5,2
47,0.0,0.0,0.0,0.00016400975894893024,0.00042201347696651815,0.0014177027235029935,0.0033803916993943835,6,0
48,0.0,0.1269246242704248,0.0,0.0,0.000333293711997828,0.01822010752967664,0.01675382259083243,1,3
49,0.0,0.0,0.0,0.003506195488016879,0.0,0.0,0.0688038462661921,6,0
50,0.0,0.0,0.0,0.004921396865242841,0.0,0.0,0.09506684279468879,6,0
51,0.0,0.011453571776558565,0.024253054324740016,0.0,0.0036629343099125393,0.008177717403381368,0.0027224788166099302,2,3
52,0.0,0.0,0.0,0.0025557006762230686,0.0018134851194259805,0.0,0.013790628125229411,6,6
53,0.0,0.0,0.0,0.0,0.0,0.0,0.0,0,1
54,0.0,0.0,0.0,0.0,0.0,0.0,0.0,0,6
55,0.0,0.0,0.0,0.0,0.0,0.0,0.0,0,1
56,0.0,0.0,0.0,0.0012169941386945401,0.005953876802600473,0.0,0.006850849754051346,6,6
57,0.0,0.0,0.0,0.00022911974242129896,0.0007587838322021332,0.0,0.0006935736553237888,4,4
58,0.006354396193852308,0.0,0.0,0.0,0.0,0.01741129331896281,0.0,5,2
59,0.0,0.0,0.0,0.0,0.0,0.15444774454674837,0.0,5,2
60,0.0,0.0,0.0,0.0007190218902650569,0.0,0.0,0.0,3,4
61,0.0,0.0,0.0016857951751428303,0.0,0.004767734396605686,0.007187527345133817,0.007768066474047147,6,3
62,0.0,0.0,0.0,0.00027309462753795507,0.0,0.0,0.0,3,4
63,0.0,0.0,0.0,0.005006873349563317,0.0,0.0,0.09369062321192631,6,0
64,0.0,0.0,0.0,0.0,0.0,0.0,0.0,0,1
65,0.0,0.0,0.0,0.004355391392616978,4.662304963625474e-05,0.0,0.060049648072295785,6,0
66,0.0,0.021844879192974648,0.09134172565302336,0.0007265586147927216,0.0003023074733663489,0.0,0.0,2,3
67,0.0,0.0,0.0,0.0,0.0,0.01627901487466731,0.0,5,2
68,0.0,0.0,0.0,0.0011015081889417608,1.522837301980592e-05,0.0,0.01539462180300505,6,0
69,0.0,0.0,0.0001081649507124012,0.0,0.005991820727634482,0.0,0.011895243621312468,6,6
70,0.0,0.0,0.0,0.0,0.0024370058324006015,0.005324952997072843,0.0034316522977024407,5,3
71,0.0,0.0,0.0,0.0,0.0,0.014518094645586562,0.0,5,2
72,0.0,0.0,0.0,0.0005736870962707904,0.0,0.007658911273909328,0.0,5,4
73,0.0,0.00487237411441486,0.0,0.0,0.0020184364470950534,0.03279572433863946,0.0032615949686698163,5,3
74,0.0,0.0,0.0,0.004547397674769845,0.0,0.0,0.08861821847237339,6,0
75,0.0,0.0013370940702926825,0.0,0.0,0.0045800768090519355,0.022366645003071256,0.004513384234776615,5,3
76,0.0,0.0,0.0,0.0,0.0,0.0,0.0,0,2
77,0.0,0.0,0.0,0.0,0.0012869573101322643,0.010389988557355397,0.0006901184828083789,5,6
78,0.0,0.0,0.0,0.00011743248271736736,0.0024803567299380978,0.0,0.0042064338669660015,6,6
79,0.0,0.0,0.0,0.0,0.0,0.0015003914315393173,0.0,5,2
80,0.0,0.0,0.0,0.000632597783288409,0.0,0.0,0.007211906191990351,6,4
81,0.0,0.0,0.0,0.0005025502440734789,0.0,0.003981990297497273,0.0,5,2
82,0.0,0.035218511762486256,0.01418285545912071,0.0,0.008554529493351021,0.020637541904113873,0.0,1,3
83,0.0,0.0,0.0,0.0003123518907008541,0.0,0.0,0.0,3,4
84,0.0,0.0,0.0,0.0003756742479279933,0.0009164543220444007,0.003071109343277643,0.007394176745954975,6,5
85,0.0,0.0,0.0,0.0010483351925522117,0.0020404257940819497,0.0,0.011393940838197017,6,6
86,0.0,0.0,0.0,0.0026613826203700603,0.002642529894506041,0.0,0.00798633431926284,6,6
87,0.0,0.0,0.0,0.0,0.0,0.007066154404364053,0.0,5,2
88,0.0,0.0,0.0,0.0,0.0,0.010986947629718444,0.0,5,2
89,0.0,0.0,0.0,0.0030744300735282143,0.001246604026375498,0.0,0.014390280282544883,6,4
90,0.0,0.06998057348723427,0.0,0.0,0.002549806048434171,0.014025693664411216,0.00013323726845489864,1,3
91,0.0,0.0926993960647735,0.0,0.0,0.0,0.0116939817887245,0.01780856354327134,1,3
92,0.0,0.06756749032255248,0.0,0.0,0.0073256462995638216,0.0210422208581374,0.0,1,3
93,0.0,0.0,0.0,0.0017425087094415043,0.0007931744410244061,0.0,0.017516729454231404,6,0
94,0.0,0.004668959657205338,0.0,0.0,0.0,0.01824494947704696,0.0,5,2
95,0.0,0.0,0.0,0.0,0.005766121577630403,0.0,0.001587694170837887,4,6
96,0.0,0.12548242568417278,0.0,0.0,0.016621273133540785,0.038990205700184404,0.0,1,3
97,0.0,0.0,0.0,0.0,0.0,0.0,0.0,0,1
98,0.0,0.0,0.0,0.0,0.0009157672131988674,0.007822051043513125,0.003821652376809868,5,2
99,0.0,0.0,0.0,0.0029502739663054183,0.0038649651475988157,0.0,0.017461529442060995,6,2
100,0.0,0.0,0.0,0.00015640242758495975,0.0,0.0,0.0,3,4
101,0.0,0.0,0.0,0.00029437734130994484,0.0,0.010705155604418955,0.0,5,2
102,0.0,0.016700125911559373,0.0548240672821522,0.0,0.0038767457264967027,0.005379229175444372,0.00392405451274307,2,3
103,0.0,0.0,0.0,0.0022543877453229887,0.000871196562164171,0.0,0.0044008196109292155,6,5
104,0.0,0.0,0.0002937843052436646,0.0,0.0013024952527575769,0.015218999638312547,0.0018961355286999497,5,3
105,0.0,0.0,0.0,0.0,0.0005178004370097584,0.01655656211354761,0.0009770799348095504,5,3
106,0.0,0.0,0.0,0.0026463808126122395,0.02651491295943878,0.0,0.022181767436237856,4,6
107,0.0,0.0,0.0,0.0,0.0,0.012621591812148739,0.0,5,2
108,0.0,0.0,0.0,0.0,0.0,0.0017249138866751248,0.0,5,2
109,0.0,0.0,0.0,0.0,0.0,0.008756240331055975,0.0,5,2
110,0.0,0.0,0.0,0.0005775807021006475,0.0,0.007648407403904232,0.0,5,2
111,0.0,0.0,0.0,0.0006240719028627395,0.006617828606539666,0.0,0.005597407412926238,4,6
112,0.0,0.12052497749610523,0.0,0.0,0.0006804794838827426,0.022417787723922358,0.017563750766388785,1,3
113,0.0,0.0,0.0,0.0007164077807091416,0.0014138208578565407,0.0,0.00673815428719184,6,0
114,0.0,0.014986513490091845,0.003161073977639035,0.0,0.00438084144796101,0.01263849247947884,0.0005160044483766993,1,3
115,0.0,0.0,0.0,0.0002002144502432732,0.0,0.0,0.0,3,4
116,0.0,0.0,0.0,0.0015175265714172,0.0016413565685773315,0.0,0.008810633362914252,6,5
117,0.0,0.0,0.0,0.0,0.0,0.0,0.0,0,1
118,0.0,0.0,0.0,0.0,0.0,0.03486955165542229,0.0,5,2
119,0.0,0.0,0.0,0.0,0.0,0.027988854043876087,0.0,5,2
120,0.0,0.0,0.0,0.0,0.0,0.02016334433288957,0.0,5,2
121,0.0,0.0,0.0,0.0,0.0,0.024589895846328164,0.0,5,2
122,0.0,0.0,0.0,0.0,0.0,0.009043078125968152,0.00029589473260092437,5,2
123,0.0,0.10150975546146573,0.0,0.0,0.0,0.010338166860278877,0.023412849629296618,1,3
124,0.0,0.0,0.0,0.0,0.0,0.031739572577007304,0.0,5,2
125,0.0,0.0,0.0,0.0001733669667196998,0.0,0.0,0.0,3,4
126,0.0,0.0,0.0,0.0,0.0,0.0,0.0,0,1
127,0.0,0.0,0.0,0.0006975330064457274,0.013684582537356963,0.0,0.009219488620263547,4,6
128,0.0,0.00033667411092593827,0.0,0.0,0.0011736220955239414,0.005714177307722999,0.0011270158555457851,5,3
129,0.0,0.0,0.0,0.0,0.0,0.0,0.0,0,4
130,0.0,0.0,0.0,0.0,0.0,0.012725231254106913,0.0,5,2
131,0.0,0.0,0.0,0.0,0.0006598323354698554,0.0,0.004487799254241122,6,2
132,0.0,0.0,0.0,0.001676017798382153,0.005060537111943818,0.0,0.009795680998580168,6,5
133,0.0,0.0,0.0,0.007373599009026512,0.002703778992479779,0.0,0.04130916047820158,6,5
134,0.0,0.08350359334514842,0.0,0.0,0.0007823601405463526,0.015635108926536658,0.012057769253943225,1,3
135,0.0,0.13751786519240833,0.0,0.0,0.000840648910476608,0.024259808997734975,0.020253775062816178,1,3
136,0.0,0.0,0.0,0.0,0.0,0.0,0.0,0,1
137,0.0,0.0,0.0,0.0016091849951323876,0.0018979128949146212,0.0,0.008129829571420515,6,6
138,0.0,0.0,0.0,0.0,0.0,0.0,0.0,0,1
139,0.0,0.0,0.0,0.0,0.00025736201638961993,0.002183993155192545,0.0009551302910240616,5,2
140,0.0,0.0,0.0,0.0,0.0,0.0,0.0,0,2
141,0.0,0.0,0.0,0.0,0.0,0.0,0.0,0,2
142,0.0,0.0,0.0,0.0,0.0,0.0,0.0,0,1
143,0.0,0.0,0.0,0.0,0.0,0.01052442201970709,0.0,5,2
144,0.0,0.0,0.0,0.001503680138240119,0.0008523747909895154,0.0,0.011653851873642242,6,0
145,0.0,0.0,0.0,0.00016551644822250994,0.0,0.0,0.0013294470244108434,6,4
146,0.0,0.0,0.0,0.001102631188272243,1.4543922588317098e-05,0.0,0.015369214580890165,6,0
147,0.0,0.0,0.0,0.0034851710130182133,0.0,0.0,0.06817102555846825,6,0
148,0.0,0.0,0.0,0.0010936079072767374,0.0024487377544554407,0.0,0.00834701104477744,6,6
149,0.0,0.0,0.0,0.0,0.0,0.0,0.0,0,2
150,0.0,0.0,0.0,0.0004856753240348161,0.0,0.002402032977710623,0.0,5,2
151,0.0,0.0008959054175555603,0.0,0.0,0.0008905745437056688,0.007848744943594893,0.0010901931023098083,5,2
152,0.0,0.017947849409547533,0.005789352644779053,0.0,0.004867137848151723,0.01265012822171857,0.0,1,3
153,0.0,0.0,0.0,0.0027344444596989173,0.0032268645572706414,0.0,0.013780505803115368,6,5
154,0.0,0.0,0.0,0.0,0.0022305472098365763,0.026957954813665995,0.0019013767561415179,5,6
155,0.0,0.0,0.0,0.003822299968177341,0.0007038839727206161,0.0,0.023806741987148522,6,6
156,0.0,0.0,0.0,0.0,0.0006126715867824581,0.009220646829693672,0.001414838716085704,5,2
157,0.0,0.05575459922067129,0.0,0.0,0.007780440257446496,0.023148785579954135,0.0,1,3
158,0.0,0.0,0.0,4.634865841045937e-05,0.0,0.0,0.0,3,4
159,0.0,0.0,0.0,0.0,0.0,0.0,0.0,0,1
160,0.0,0.0,0.0,0.0,0.007524367449101651,0.0,0.003971640624877214,4,6
161,0.0,0.0,0.0,0.0028610601378754874,0.0,0.0,0.03773749278436991,6,0
162,0.0,0.0,0.0,0.0,0.0,0.0,0.0004925498929032895,6,4
163,0.0,0.0,0.0,0.0,0.0,0.0,0.0,0,1
164,0.0,0.0,0.0,0.0,0.0,0.08288191140324074,0.0,5,2
165,0.0,0.0,0.0,0.0,0.0020552939816026305,0.008822994864993838,0.000599259824223324,5,3
166,0.0,0.0,0.0,0.0008765245918654421,0.009168012789664925,0.0,0.0077340886882503665,4,6
167,0.0,0.0,0.0,0.0014092974142518035,0.002725385128698218,0.0,0.010486754482523529,6,0
168,0.0,0.0,0.0,0.0002058278030739345,0.0,0.0,0.0,3,4
169,0.0,0.0,0.0,0.0,0.0,0.0,0.0,0,2
170,0.0,0.0,0.0,0.0005801358674539727,0.0,0.007642050578397278,0.0,5,2
171,0.0,0.0,0.0,0.002466751466013162,0.0,0.0,0.003823921110812061,6,6
172,0.0,0.0,0.0,0.001718240373691031,0.0021960480718679234,0.0,0.008616009780099057,6,5
173,0.0,0.0,0.0,0.0,0.0,0.012171964953363045,0.0,5,2
174,0.0,0.0,0.0,0.0,0.0,0.00017502204170161833,0.0,5,2
175,0.0,0.0,0.0,0.0,0.0016728970189669903,0.012883508497747527,0.0015885232067569198,5,6
176,0.0,0.08794115592994738,0.0,0.0,0.0,0.013283623157703126,0.014483836289499627,1,3
177,0.0,0.0,0.0,0.003155630291121429,0.0,0.0,0.05901746182222613,6,0
178,0.0,0.0,0.0017129032299615776,0.0,0.0036685208379267902,0.006409732574323644,0.00563446605340599,5,3
179,0.0,0.0,0.0,0.0005323849474927256,0.0,0.001909108634968143,0.0,5,4
180,0.0,0.0,0.0,0.0,0.0,0.0,0.0,0,2
181,0.0,0.0,0.0,0.0,0.0,0.0,0.0,0,1
182,0.0,0.0,0.0,0.0,0.0,0.0,0.0,0,1
183,0.0,0.007370477193597415,0.0,0.0,0.0,0.032171962777835926,0.0,5,2
184,0.0,0.0,0.0,0.0,0.0,0.0,0.0,0,1
185,0.0,0.011142877541823066,0.0,0.0,0.0,0.05080378530261995,0.0,5,2
186,0.0,0.009046842063560987,0.0,0.0,0.0,0.04338096583902758,0.0,5,2
187,0.0,0.0,0.0,0.0,0.0,0.0,0.0,0,4
188,0.0,0.0,0.0,0.000819329560008887,0.0,0.011046185931963647,0.0,5,2
189,0.0,0.0,0.0,0.0005395722993879466,0.010936908667565803,0.0,0.0078714341977881,4,6
190,0.0063647962468563885,0.0,0.0,0.0,0.0,0.012353705958055324,0.0,5,2
191,0.0,0.0,0.0,0.0,0.0,0.008434110881938137,0.0,5,2
192,0.0,0.0,0.0,0.0,0.0,0.013210596107246156,0.0,5,2
193,0.0,0.0,0.0,0.0,0.0,0.041503640751683515,0.0,5,2
194,0.0,0.0,0.0,0.0015270493708413727,0.0,0.008045782621491854,0.000288595823662313,5,2
195,0.0,0.0,0.0,0.0,0.0,0.014030573706661954,0.0,5,2
196,0.02424613077848583,0.0,0.0,0.0,0.0,0.019566167923946654,0.0,0,2
197,0.0,0.0,0.0,0.0,0.0,0.0,0.0,0,2
198,0.0,0.0,0.0,0.0017269774797915919,0.0034268424308259923,0.0,0.013675553393779339,6,6
199,0.0,0.0,0.0,0.0,0.0,0.0,0.0,0,1
200,0.0,0.0,0.0,0.00010176336353217273,0.0,0.0,0.0,3,4
201,0.0,0.012953425884986961,0.03170962077411603,0.0,0.004308681188518067,0.008246545919461293,0.004129493461412211,2,3
202,0.0,0.0,0.0,0.0,0.0,0.09834881171823313,0.0,5,2
203,0.0,0.0,0.0,0.0,0.0008937363872797547,0.0,0.0017203910251429493,6,4
204,0.0,0.0,0.0,0.0,0.0007138881393159083,0.008296073185225173,0.000736525140226759,5,2
205,0.0,0.0,0.0,0.0013424898284158371,3.513644907452685e-05,0.0,0.018661381387557508,6,0
206,0.0,0.0,0.0,0.0007221505082763678,0.0,0.013637393856918673,0.0,5,2
207,0.0,0.0,0.0,0.001602634213010999,0.002502310848738844,0.0,0.008963541344572409,6,3
208,0.0,0.0,0.0,0.0,0.0,0.0,0.0,0,1
209,0.0,0.0,0.0,0.0,0.0,0.0,0.0007929183147310205,6,4
210,0.0,0.0,0.0,0.0026242193262168917,0.0,0.0,0.04947339283935359,6,0
211,0.0,0.0,0.0,0.0035020588107472998,0.0,0.0,0.06863239128685573,6,0
212,0.0,0.0,0.0,0.0009215332030061845,0.0014741252285859908,0.0,0.00655428493264716,6,5
213,0.0,0.0,0.0,0.003330661518263942,0.002215483811630535,0.0,0.010606094970721926,6,5
214,0.0,0.0,0.0,0.0007176831324776208,0.001412173366378895,0.0,0.006748390340761287,6,0
215,0.0,0.0,0.0,0.00161229412375608,0.0013768479290104882,0.0,0.0034033848350789905,6,6
216,0.0,0.0,0.0,0.0037015952253513854,0.0020905833864547155,0.0,0.016530857901079107,6,1
217,0.0,0.0,0.0,0.00028654008165502286,0.0,0.005578878195884036,0.0,5,2
218,0.0,0.0,0.0,0.0,0.0,0.004060227523915818,0.00020716470218540452,5,2
219,0.0,0.0,0.0,0.0046852118003766945,0.0,0.0,0.0939993399205464,6,0
220,0.0,0.0,0.0,0.0,0.014293521256495424,0.0,0.0,4,2
221,0.0,0.0,0.0,0.0,0.0,0.018517722339312374,0.0,5,2
222,0.0,0.0,0.0,0.00018488914474585914,0.0,0.003638044406610562,0.0,5,2
223,0.0,0.0,0.0,0.0005796763863166483,0.0,0.007642936189761666,0.0,5,2
224,0.0,0.0,0.0,0.001874111423247382,0.0031683730743225537,0.0,0.013681829700989042,6,0
225,0.0,0.0,0.0,0.0,0.0,0.0,0.0,0,1
226,0.0,0.0012750831200978262,0.0,0.0,0.0,0.023776680714400044,0.0,5,2
227,0.0,0.0,0.0,0.00023688563691610324,0.0,0.0,0.0005404344183255646,6,4
228,0.0,0.0,0.0,0.00021532146914184438,0.0,0.007949645433893704,0.0,5,2
229,0.0,0.0,0.0,0.0,0.018225468193964815,0.0,0.003460631076161868,4,6
230,0.0,0.0,0.0,0.0,0.0,0.0,0.0,0,1
231,0.0,0.0,0.0,0.001589168125030539,0.0,0.0,0.00812978540853935,6,2
232,0.0,0.0,0.0,0.0013176788842560036,0.002202101032878188,0.0,0.0111817604333317,6,0
233,0.0,0.0,0.0,0.0,0.0011871148331737329,0.0016222913643113945,0.0,5,3
234,0.0,0.0,0.0,0.0,0.0,0.0,0.0,0,4
235,0.0,0.02130097347550327,0.07014076307021506,0.0,0.004910129805306579,0.0067457881813345055,0.005007856651044765,2,3
236,0.0,0.0,0.0,0.0,0.005421300035092792,0.02342193698594789,0.0014913763380478733,5,3
237,0.0,0.0,0.0,0.007146594400816914,0.0004035686568035159,0.0,0.019941633367661724,6,6
238,0.0,0.0,0.0,0.0,0.0,0.0,0.0,0,4
239,0.0,0.0,0.0,0.0,0.0,0.00772176147794919,0.0,5,2
240,0.0,0.0,0.0,0.0001250405691435747,0.0,0.0,0.007933442541206988,6,2
241,0.0,0.0,0.0,0.0,0.006723526271683765,0.0,0.009751253684313736,6,6
242,0.0,0.0,0.0,0.0020483900080659127,0.0038432627144817755,0.0,0.019657148312620606,6,0
243,0.0,0.0029360908445739695,0.0,0.0,0.0005067450770926931,0.012987198856704504,0.001388605825027329,5,2
244,0.0,0.0,0.0,0.0,0.027359428914927385,0.0,0.006423398473466626,4,2
245,0.0,0.0,0.0,0.0024443872421326574,0.0,0.0,0.02160689866732793,6,0
246,0.0,0.0227579679034686,0.0673462919036533,0.0,0.006370848938274706,0.010028432111094016,0.0066577624581753226,2,3
247,0.0,0.003280987213005186,0.0,0.0,0.0006586571837799809,0.009249669704623311,0.0,5,2
248,0.0,0.0,0.0,0.0,0.0,0.0,0.0,0,0
249,0.0,0.0064993761378678355,0.0,0.0,0.0003435057431495128,0.011446187327695707,0.0005578078030698257,5,2
250,0.0,0.0,0.0,0.0028068674921095916,0.002513745494335698,0.0,0.006200219982495927,6,6
251,0.0,0.0,0.0,0.0,0.0,0.0,0.0,0,1
252,0.0,0.0,0.0,0.0,0.0,0.0,0.0,0,0
253,0.0,0.0,0.0,0.0009488515358453709,0.016821011208602434,0.0,0.0124011975587401,4,6
254,0.0,0.0,0.0,0.0,0.019885876870178,0.0,0.0,4,2
255,0.0,0.0,0.0,0.00016629803025894818,0.0,0.0,0.0028632716993164382,6,2
256,0.0,0.05165558960523266,0.21469937468594252,0.0014092477879070232,0.0010475289816947353,0.0,0.0,2,3
257,0.0,0.0,0.0,0.0,0.0,0.01098760551518618,0.0,5,2
258,0.0,0.0,0.0,0.0,0.0,0.0,0.0,0,1
259,0.0,0.0,0.0,0.0008821241469079571,0.0,0.0,0.002748097490203283,6,4
260,0.0,0.02247186606428925,0.09439792571785462,0.0008435287169298369,0.00021202513452717007,0.0,0.0,2,3
261,0.0,0.05299039762061235,0.2212169007061743,0.0016800256201601744,0.0008213583668261343,0.0,0.0,2,3
262,0.0,0.0,0.0,0.0004879869000555952,0.0,0.0,0.0,3,4
263,0.0,0.0,0.001670194447124421,0.0,0.0037866522278989395,0.0055029322327501485,0.005765489329006056,6,3
264,0.0,0.022471866510711064,0.09439797639451453,0.0008382962258508431,0.00021662443026751945,0.0,0.0,2,3
265,0.0,0.008583742138247955,0.0,0.0,0.0,0.038821936540992585,0.0,5,3
266,0.0,0.0,0.0,0.0008367228428529775,0.0,0.0,0.014894625476420429,6,4
267,0.0,0.0,0.0,0.0,0.0,0.001235153892121667,0.0,5,2
268,0.0,0.0,0.0,0.004368151847711621,0.0,0.0,0.08279393326499564,6,0
269,0.0,0.0,0.0,0.005381040545683728,0.0,0.0,0.10753660981698848,6,0
270,0.0,0.0,0.0,0.002448041788029904,0.003147985851096259,0.0,0.012359720010871593,6,5
271,0.0,0.0,0.0,0.000615159474056143,0.013722147489279418,0.0,0.009494424245189084,4,6
272,0.0,0.0,0.0,0.0026211906839493843,0.00015042442839442345,0.0,0.046377528003806505,6,0
273,0.0,0.0,0.0,0.00676800028641896,0.0,0.0,0.11884652165561278,6,0
274,0.0,0.0,0.0,0.0,0.0,0.0,0.0,0,1
275,0.0,0.0,0.0,0.0,0.0,0.0,0.0,0,2
276,0.0,0.06860869604136363,0.0,0.0,0.002352640158545905,0.014031190636097037,0.0011701420880094186,1,3
277,0.0,0.0,0.0,0.0,0.0,0.07524856925019766,0.0,5,2
278,0.0,0.0,0.0,0.0007915581490374663,0.0,0.0,0.0,3,4
279,0.0,0.0,0.0,0.0,0.0,0.0,0.0006712488684179644,6,4
280,0.0,0.0,0.0,0.002358374567228283,0.003206500858798613,0.0,0.007340324961933129,6,6
281,0.0,0.0,0.0,0.1564122510117613,2.8104121141019353e-05,0.005028826148233911,0.0,3,2
282,0.0,0.0,0.0,0.00019459861939399815,0.0,0.0,0.00033982038082575923,6,4
283,0.0,0.0,0.0,0.0,0.12192728998817226,0.0,0.0,4,6
284,0.0,0.0,0.0,0.0036321644571011857,0.0,0.0,0.04679468426496153,6,0
285,0.0,0.0002486482192771246,0.0,0.0,0.0,0.01718889162326049,0.0,5,2
286,0.0,0.0,0.0,0.005500328261283085,0.0022002215290217245,0.0,0.011128899120782732,6,0
287,0.0,0.0,0.0,0.0,0.0,0.017936295169594777,0.0,5,2
288,0.0,0.0,0.0,0.00028152202019740243,0.0,0.0,0.0010060416471695168,6,4
289,0.0,0.0,0.0,0.00035673446692598826,0.00046055861031278487,0.0,0.00034860565987567373,4,4
290,0.0,0.0,0.0,0.0006445922222199275,0.014840478627256395,0.0,0.01116746135383534,4,6
291,0.0,0.0,0.0,0.0,0.0,0.0,0.0,0,1
292,0.0,0.0,0.0,0.0,0.0,0.012532351209430434,0.0,5,2
293,0.0,0.0,0.0,0.0,0.0,0.0,0.0,0,2
294,0.0,0.006090529189566002,0.012896226639090557,0.0,0.0028145289592069593,0.009085327598312152,0.0020009341677023735,2,3
295,0.0,0.0,0.0,0.0034357903786959246,0.0,0.0,0.060535468306733224,6,0
296,0.0,0.0,0.0,0.004301505230656432,0.0046152250180053365,0.0,0.021533750537137717,6,5
297,0.0,0.0,0.0,0.0005764247328184968,0.0,0.0076513909077341345,0.0,5,2
298,0.0,0.0,0.0,0.003070366969984474,0.0018626899719529771,0.0,0.008114386614373545,6,5
299,0.0,0.0,0.0,2.907082889600139e-05,0.0,0.0,0.0,3,6
300,0.0,0.0,0.0,0.0028968383889161667,0.004501869226586633,0.0,0.02180531533593944,6,0
301,0.0,0.0,0.0,0.0009757871187502497,0.0025749062473668298,0.0,0.005588290416722377,6,6
302,0.0,0.0,0.0,0.0014297876181984842,0.0,0.0,0.012768532810838827,6,2
303,0.0,0.0,0.0,0.0,0.0010075102618925834,0.0,0.0010828104127244068,6,4
304,0.0,0.0,0.0,0.00033495523421329747,0.002448696020770644,0.0,0.005034913583090348,6,6
305,0.0,0.0,0.0,0.0035497430940903013,0.004151814238905952,0.0,0.017759363984495867,6,6
306,0.0,0.0,0.0023627793421476507,0.0,0.0056456082067590846,0.008962579262715738,0.00878835484974574,5,3
307,0.0,0.009161110173822864,0.01889815981548348,0.0,0.003126333463525263,0.006369593530801914,0.0025870732837024574,2,3
308,0.0,0.0,0.0014888574702492591,0.0,0.0038490293186546516,0.005585323581736218,0.0060064914999701565,6,3
309,0.0,0.0,0.0015633758389026991,0.0,0.00492842113250576,0.006451669796366297,0.007827583158924506,6,3
310,0.0004173111039913549,0.0,0.0,0.0,0.0,0.014028443554540075,0.0,5,2
311,0.0,0.0,0.0,0.0,0.0,0.0,0.0,0,1
312,0.0,0.0,0.0,0.0,0.0,0.08061400117625257,0.0,5,2
313,0.0,0.0,0.0,0.0,0.0,0.009936044199108058,0.0010582728500614328,5,2
314,0.0,0.0,0.0021099682886944688,0.0,0.004558874460764885,0.00799169708384787,0.006978004282915427,5,3
315,0.0,0.0,0.0,1.0272751837897064e-05,0.0,0.0,0.0,3,4
316,0.0,0.0,0.0,0.0006624443365384866,0.011960253575982922,0.0,0.008869072732760108,4,6
317,0.0,0.0,0.0,0.003942286250420736,0.0032536781077844904,0.0,0.014752343348599194,6,5
318,0.0,0.0,0.0,0.0005754306510200104,0.0,0.0076543884425582225,0.0,5,2
319,0.0,0.0,0.0,0.0,0.0,0.0,0.0,0,2
320,0.0,0.0,0.0,0.00014141454242189744,0.0004776177975319495,0.00035685234710810393,0.005215942529333721,6,2
321,0.0,0.04187249293692269,0.17025075585874047,0.0002523663122297835,0.0018036349806091281,0.0,0.0,2,3
322,0.0,0.07225047749913704,0.29982124663072307,0.00192081790221233,0.001499864934461153,0.0,0.0,2,3
323,0.0,0.0,0.0,0.0,0.0,0.0,0.0,0,1
324,0.0,0.0,0.0,0.01681799442376551,0.010156580608784644,0.0,0.04406658662084802,6,5
325,0.0,0.012358148454200437,0.0,0.0,0.004015302357681487,0.01810894211972902,0.0027687468305098283,5,3
326,0.0,0.0,0.0,0.0,0.0,0.0,0.0,0,2
327,0.0,0.020087696542607964,0.0067263557027135235,0.0,0.005537886433395065,0.012207729866008508,0.0,1,3
328,0.0,0.0,0.0,0.005388621598934231,0.0035151146385015344,0.0,0.013984509589671602,6,5
329,0.0,0.0,0.0,0.0005760359850853341,0.0,0.00765269020827098,0.0,5,2
330,0.0,0.0,0.0,0.0,0.0,0.004744868634428075,0.0,5,2
331,0.0,0.0,0.0,0.0,0.0,0.0012819102564631936,0.0,5,2
332,0.0,0.10025776412521177,0.0,0.0,0.0005024114904451925,0.01628263423528704,0.013712005832127644,1,3
333,0.0,0.0,0.0,0.0,0.0,0.008416648618984585,0.0,5,2
334,0.0,0.0,0.0,0.0,0.0,0.11838262029058368,0.0,5,2
335,0.0,0.0,0.0,0.0,0.0,0.05189305842270121,0.0,5,2
336,0.0,0.0060118831477514,0.0,0.0,0.0,0.02669328960761296,0.0,5,2
337,0.0,0.0,0.0,0.0,0.0,0.0,0.0,0,1
338,0.0,0.05028092381303576,0.0,0.0,0.005853454016984618,0.015730903682967274,0.0,1,3
339,0.0,0.0,0.0,0.0,0.0,0.12552658126837754,0.0,5,2
340,0.0,0.0,0.0,0.00041755260810367914,0.002013773288673546,0.0,0.005422978063788239,6,2
341,0.0,0.0,0.0,0.0,0.0,0.0,0.0,0,1
342,0.0,0.0,0.0,0.0015986653450151757,0.08179399056664545,0.028048551478061422,0.009359039128543793,4,2
343,0.0,0.0,0.0,0.0,0.0,0.0,0.0,0,2
344,0.0,0.0,0.0,0.004333386541702651,0.0,0.0,0.0,3,4
345,0.0,0.0,0.0,0.0,0.0,0.01106840985575249,0.0,5,2
346,0.0,0.0,0.0,0.0005729766168732964,0.0,0.007660624173701809,0.0,5,2
347,0.0,0.0,0.0,0.0008819202705773593,0.0,0.0,0.0,3,4
348,0.0,0.0,0.0,0.0,0.000628095324039872,0.004437602738561783,0.002270169496220035,5,3
349,0.0,0.0,0.0,0.0,0.0,0.0,0.0,0,1
350,0.0,0.0,0.0,0.00020731387912268864,0.0,0.0,0.0,3,4
351,0.0,0.0,0.0,0.003290676245110416,0.002880667773878316,0.0,0.009097233868392712,6,6
352,0.0,0.0,0.0,0.0,0.004017901690510538,0.0033970190765123284,0.005383927017034706,6,3
353,0.0,0.0020683682919024724,0.0,0.0,0.0007779014862992275,0.007857977893120052,0.0008957184693486591,5,2
354,0.0,0.0,0.0,0.00599896245581344,0.007459869726367356,0.0,0.029177679502842363,6,6
355,0.0,0.0,0.0,0.0,0.0,0.0,0.0,0,1
356,0.0,0.0,0.0,0.00143065609486602,0.0028141102818397216,0.0,0.010546066433997373,6,6
357,0.0,0.0,0.0,0.002113710824790965,0.004032007859904904,0.0,0.01023874733929891,6,6
358,0.0,0.0,0.0,0.0019205871923646904,0.0010423061084495419,0.0,0.00612486118162247,6,2
359,0.0,0.0,0.0,0.0,0.00971770254305218,0.0,0.0006082586621008867,4,2
360,0.0,0.0,0.0,0.0002377485032644257,0.0,0.0,0.0,3,4
361,0.0,0.0,0.0,0.0,0.0,0.013581815430309552,0.0,5,2
362,0.0,0.0,0.0,0.0,0.0,0.05416691652236298,0.0,5,2
363,0.0,0.0076722187643913945,0.0,0.0,0.00010717434305894365,0.02382448016174542,0.0,5,2
364,0.0,0.0003238295096743478,0.002468164804734505,0.0,0.004552125012103161,0.008575369546055856,0.00683140645649262,5,3
365,0.0,0.0,0.0,0.0,0.0,0.0,0.0,0,1
366,0.0,0.0,0.0,0.0,0.00042318114699975553,0.0028560238703624705,0.00037626850928757904,5,2
367,0.0,0.000689294363799925,0.0,0.0,0.001285191418366454,0.008042767215016088,0.001383593876322657,5,3
368,0.0,0.0,0.0,0.0,0.007171634989039867,0.003413145385786155,0.0007409398738781017,4,2
369,0.0,0.0,0.0,0.0,0.0,0.01157638558002408,0.0,5,2
370,0.0,0.0,0.0,0.0,0.0,0.0,0.0,0,1
371,0.0,0.0,0.0,0.0014954338788199446,0.0013566306640815512,0.0,0.007411191046737436,6,5
372,0.0,0.0,0.0,0.0007254676242938055,0.0,0.003258259563273313,0.0,5,2
373,0.0,0.017502046756919555,0.05919377537009504,0.0,0.003639793274635366,0.0047206276761135625,0.003533289347465258,2,3
374,0.0,0.0,0.0,0.0,0.0,0.0019605567795907526,0.0,5,2
375,0.0,0.0,0.0,0.0,0.01820466714322994,0.0,0.0038958917120578375,4,6
376,0.0,0.0,0.0014782493609850024,0.0,0.004026481503779802,0.0,0.010306738977268394,6,3
377,0.0,0.0,0.0,0.0,0.0,0.0,0.0,0,1
378,0.0,0.0,0.0,0.0,0.0,0.0,0.0,0,1
379,0.0,0.0,0.0,0.0010555024966088721,0.001397253097778587,0.0,0.006323875545451213,6,2
380,0.0,0.0,0.0,0.0,0.0,0.0,0.0008264396950116581,6,2
381,0.0,0.0,0.0,0.0,0.0,0.003779654183496348,0.0,5,2
382,0.0020542178937315216,0.0,0.0,0.0,0.0,0.009321658315136653,0.0,5,2
383,0.12265028564597827,0.0,0.0,0.0,0.0,0.010132475045374994,0.0,0,2
384,0.0,0.0,0.0,0.0,0.0,0.0,0.0,0,2
385,0.0,0.0,0.0,0.0002784045031065126,0.0,0.0,0.0010858455360333995,6,4
386,0.005001926703339662,0.0,0.0,0.0,0.0,0.007717708181864305,0.0,5,2
387,0.0,0.0,0.0,0.0002489730804175638,0.0,0.0,0.00043187084460622355,6,4
388,1.115021463257257e-05,0.0,0.0,0.0,0.0,0.008000712063111148,0.0,5,2
389,0.0,0.0,0.0,0.049152007939540936,0.0008950775561938885,0.0,0.007345500562510949,3,0
390,0.0,0.0,0.0,0.0,0.0,0.0,0.0,0,1
391,0.0,0.11595394752328998,0.0,0.0,0.0013475799377626468,0.020743865394529135,0.014750286587109099,1,3
392,0.0,0.0,0.0,4.368553093890109e-05,0.0,0.0,0.0,3,5
393,0.0,0.0,0.0,0.0020782567628563828,0.00841027515027791,0.0,0.01543017021349575,6,6
394,0.0,0.02167650562905272,0.06933731217526282,0.0,0.005403019814569429,0.007697238601253319,0.005699578594340063,2,3
395,0.0,0.011552533315918646,0.0,0.0,0.0,0.04595497399474024,0.0,5,2
396,0.0,0.0,0.0,0.0,0.003433101614513398,0.0,0.0050002614499603335,6,6
397,0.0,0.0,0.0,0.0,0.0,0.0,0.0,0,1
398,0.0,0.0,0.0006519693766416004,0.0,0.004585701610514751,0.003595268668065403,0.007548292153194066,6,3
399,0.0017147738161008331,0.0,0.0,0.0,0.0,0.010780296325456877,0.0,5,6
400,0.0,0.0,0.0,0.00015791135590875386,0.0,0.0,0.0,3,4
401,0.0,0.0,0.0,0.006613740104760446,0.006347772395407179,0.0,0.02642100661940576,6,5
402,0.0,0.0,0.0,0.0,0.0,0.033440350429469565,0.0,5,2
403,0.0,0.0,0.0,0.0013176907164420403,0.0015803909142181167,0.0,0.002240003539678083,6,3
404,0.0,0.0,0.0,0.003773774312021308,0.006020502189980545,0.0,0.028605697107682095,6,6
405,0.0,0.0,0.0,0.000777494927946634,0.002644008769278328,0.0,0.009498234137716745,6,6
406,0.0,0.0,0.0,0.002160824726740406,0.0017167887068301243,0.0,0.007146946850746905,6,0
407,0.0,0.0,0.0,0.0,0.020908215488354608,0.0,0.0030698817120401504,4,2
408,0.0,0.0,0.0,0.0008680800461576336,0.002098933315718257,0.0,0.005228741413064533,6,6
409,0.0,0.0,0.0,0.0,0.009713697060536736,0.0,0.0007025523648372845,4,2
410,0.0,0.0,0.0,0.00037940476397984316,0.00538461664613402,0.0,0.008962132917500736,6,6
411,0.0,0.009268724224892161,0.0,0.0,0.0,0.035845488109377266,0.0,5,2
412,0.0,0.0,0.0,0.013737964073526981,0.0,0.0,0.0009150476636147274,3,4
413,0.0,0.0,0.0,0.06719480880560591,0.0010357432036787082,0.0,0.0,3,0
414,0.0,0.0,0.0009790697764232564,0.00032624460510027696,0.0031275425447784893,0.0,0.009813679141761357,6,3
415,0.0,0.0,0.0,0.0,0.009714311108582462,0.0,0.0006987590552201279,4,2
416,0.0,0.0,0.0,0.0,0.0,0.0,0.0,0,2
417,0.0,0.0,0.0,0.0009414874035653969,0.0,0.0,0.001314216235791212,6,0
418,0.0,0.0,0.0,0.00017048871563005624,0.0,0.0,0.0,3,4
419,0.20838106078959653,0.0,0.0,0.0,0.0,0.01747119777569136,0.0,0,2
420,0.0,0.0,0.0,0.0,0.0,0.0,0.0,0,1
421,0.0,0.0,0.0,0.0032339202241586985,0.0018579643433983216,0.0,0.010852645497199965,6,0
422,0.0,0.0,0.00042652427157578596,0.0,0.00020518507447859257,0.00685857291057535,0.004859625705887659,5,3
423,0.0,0.0,0.0,0.0,0.0020479474207948235,0.0,0.00174339078914141,4,4
424,0.0,0.014427780880298714,0.004000112187372817,0.0,0.004153648578797033,0.01065467193721921,0.00012961301276007104,1,3
425,0.0,0.0,0.0,0.0001289832800325665,0.031094349452481185,0.0,0.02346910179268799,4,6
426,0.0,0.0,0.0,0.003261705004953935,0.0,0.0,0.06277429773040386,6,0
427,0.0,0.0,0.0,0.00020731387912269875,0.0,0.0,0.0,3,4
428,0.0,0.0,0.0,0.0008698251012172102,0.02122622026317052,0.0,0.01609379160274833,4,6
429,0.0,0.0,0.0,0.0022096457826405896,0.0,0.0,0.026524291780104087,6,0
430,0.0,0.0,0.0,0.0,0.0,0.010967850658009539,0.0,5,2
431,0.0,0.0,0.0,0.0010604593036728908,0.01796099914338806,0.0,0.013051203609394758,4,6
432,0.0,0.0,0.0,0.0004694448560300799,0.0,0.0,0.008055836171480663,6,4
433,0.0,0.0,0.0,0.0,0.0,0.0042446718878673614,0.0,5,2
434,0.0,0.0,0.0,0.0,0.0,0.0,0.0,0,2
435,0.0,0.0,0.0,7.843271550726574e-06,0.0,0.0,0.0,3,4
436,0.0,0.04460989237705452,0.18716935794428727,0.0016196057952355518,0.00047754099689184233,0.0,0.0,2,3
437,0.0,0.0,0.0,0.00047693156147566484,0.0,0.0,0.0,3,4
438,0.0,0.0,0.0,0.0002469790317277758,0.0,0.0,0.0,3,4
439,0.0,0.061530575015392865,0.25713967859534603,0.002022088756745305,0.0008754448194763966,0.0,0.0,2,3
440,0.0,0.1371581692649845,0.0,0.0,0.0,0.020991521767433657,0.022123442379351863,1,3
441,0.0,0.0,0.0,0.0,0.0006736821645273603,0.007176091349282337,0.000725001516185354,5,2
442,0.0,0.0,0.0,0.0009254707618236013,0.00042194887512534427,0.0,0.004621871298261014,6,0
443,0.0,0.0,0.0,0.0,0.0,0.0,0.0,0,4
444,0.0,0.0,0.0,9.966365167847144e-05,0.004313855303365132,0.0,0.0014303532065823908,4,4
445,0.0,0.0,0.0,0.0,0.0,0.0,6.536227605157764e-05,6,4
446,0.0,0.0,0.0,0.0005802321793059043,0.002476791213060484,0.0,0.005602566267427934,6,2
447,0.0,0.0,0.0,0.0,0.0,0.0,0.0,0,1
448,0.0,0.0,0.0,0.0,0.0,0.07457156305017139,0.0,5,2
449,0.0,0.0,0.0,0.0,0.0,0.0007225057679461443,0.0,5,4
450,0.0,0.0,0.0,0.003773610787836041,0.0016919558527585294,0.0,0.018566279430922556,6,0
451,0.0,0.0,0.0,0.004922269400595545,0.0027585829110455848,0.0,0.03777856471455542,6,0
452,0.0,0.002427671976684724,0.0,0.0,0.00076305280275705,0.014949176452397244,0.001779167010171692,5,2
453,0.0,0.0,0.0,0.00022623420687480758,0.007964703834971061,0.0,0.006072714329553004,4,6
454,0.0,0.0,0.0,0.004891234139603789,0.0,0.0,0.011669528959532677,6,0
455,0.0,0.0,0.0,0.0010460032335247121,0.0,0.0,0.0,3,4
456,0.0,0.0,0.0,0.0,0.003825073881792496,0.004977540937389811,0.004964426962025249,5,3
457,0.0,0.0,0.005397219028347312,0.0,0.001478285072688015,0.0,0.015976574952942,6,3
458,0.0,0.0,0.0,0.007351092239181326,0.0,0.0,0.14328753629653043,6,0
459,0.0,0.0,0.0,0.0,0.0,0.0,0.0,0,2
460,0.0,0.0,0.0,0.000872824612946611,0.014538445901928154,0.0,0.010903501705556705,4,6
461,0.0,0.0,0.0,0.0,0.0,0.02221258450344173,0.0,5,2
462,0.0,0.0,0.0,0.0,0.0005983880479923165,0.0,0.0020656652897213163,6,4
463,0.0,0.12420881734682938,0.0,0.0,0.0,0.018782823026855768,0.0205139243038896,1,3
464,0.0,0.0,0.0,0.0,0.002293157799268298,0.0,0.003384994595435826,6,4
465,0.0,0.0,0.0,0.0,0.0,0.004243471100731114,0.0,5,1
466,0.0,0.0,0.0,0.0,0.0,0.008407770164305871,0.0,5,2
467,0.0,0.04152115844788432,0.17210908694976262,0.001025893785548041,0.0009554455060840715,0.0,0.0,2,3
468,0.0,0.0,0.0,0.0,0.0,0.0,0.0,0,2
469,0.0,0.0,0.0,0.001143600022504534,0.0013187002315406856,0.0,0.007963453451005473,6,6
470,0.0,0.0,0.0,0.0,0.0012439265846063258,0.011093003024005182,0.0009340099960774644,5,3
471,0.0,0.0,0.0003889164825846702,0.0,0.0008172719553334189,0.012879289024695548,0.0017886780669284677,5,3
472,0.0,0.0,0.0,0.0,0.0,0.0,0.0,0,4
473,0.0,0.0,0.0,0.0,0.0,0.0,0.0,0,2
474,0.0,0.0,0.0,0.0005367767953140269,0.0,0.0,0.0,3,4
475,0.0,0.0,0.0,0.0,0.0,0.0,0.0,0,2
476,0.0,0.0,0.0,0.0,0.0005076092231786022,0.0026749866777796066,0.002075099314384532,5,2
477,0.0,0.0,0.0,6.3789007873194e-05,0.005414661677375639,0.0,0.005007466812327214,4,4
478,0.0,0.0,0.0,0.002047970327990488,0.018078770933231365,0.0,0.01807467066442272,4,6
479,0.0,0.0,0.0,0.00011483992202209792,0.0,0.0,0.0,3,6
480,0.0,0.0,0.0,0.0023987820357490217,0.0026397323658296492,0.0,0.012380178181111144,6,5
481,0.0,0.008367519044004141,0.0,0.0,0.0,0.0370051425636627,0.0,5,3
482,0.0,0.0,0.0,0.0,0.0,0.009631814920910175,0.0,5,3
483,0.0019092161103376705,0.0,0.0,0.0,0.0,0.004990089291274137,0.0,5,2
484,0.0,0.014423615333882834,0.00395067093978191,0.0,0.004134735688418259,0.011034429086996814,0.0001604168904669068,1,3
485,0.0,0.0,0.0,0.00012023732169589141,0.00918585804074888,0.0,0.008472975637977331,4,6
486,0.0,0.0,9.842423896484312e-08,0.0,0.0,0.0,0.0,2,3
487,0.0,0.0,0.0,0.0,0.016821223906923567,0.0,0.007332047733691446,4,6
488,0.0,0.0,0.0,0.0,0.0018120470703864111,0.013189402198858625,0.0017374628375579231,5,6
489,0.0,0.014975459965611837,0.0,0.0,0.0,0.06259738141452559,0.0,5,2
490,0.0,0.0,0.0,6.532530133493313e-06,0.0005726036904890047,0.0,0.004735672775583241,6,2
491,0.0,0.0,0.0,0.006578402083523502,0.0042960245469262906,0.0,0.019000315057287956,6,5
492,0.0,0.002835789377969703,0.0,0.0,0.0006235676642732434,0.008532133227974246,0.0,5,6
493,0.0,0.0,0.0,0.0012244391982543584,0.0,0.0,0.0,3,1
494,0.0,0.0,0.0,0.0002642827049005053,0.0011275740948417958,0.0,0.006131065056873767,6,2
495,0.0,0.010033773734888863,0.0,0.0,0.0033990118524880246,0.012217737451390579,0.0,5,6
496,0.0,0.0,0.0,0.0,0.0,0.008414209493544891,0.0,5,2
497,3.2263474885604086e-05,0.0,0.0,0.0,0.0,0.04095127961265888,0.0,5,2
498,0.0,0.0,0.0,0.0,0.0,0.0,0.0,0,1
499,0.1170398951209277,0.0,0.0,0.0,0.0,0.01779487729771447,0.0,0,2
500,0.0,0.010476607388593812,0.004238254141918983,0.0,0.002670112929060523,0.006351731642715293,0.0,1,3
501,0.0,0.08439746962849191,0.0,0.0,0.0002253967492943542,0.013153346615201565,0.012158888393223837,1,3
502,0.0,0.0,0.0,0.001557306613190883,0.0,0.0,0.027705812471114116,6,0
503,0.0,0.0,0.0,0.0007595715908816792,0.013398461824775994,0.0,0.010176991508757819,4,6
504,0.009303912215561157,0.0,0.0,0.0,0.0,0.013536991496672368,0.0,5,2
505,0.0,0.0,0.0,0.0,0.0,0.0,0.0,0,1
506,0.0,0.0,0.0,0.0,0.0,0.0,0.0,0,1
507,0.0,0.0,0.0,0.005155407142135996,0.0,0.0,0.10201296858192933,6,0
508,0.0,0.0,0.0,0.0039667551900761724,0.0,0.0,0.07729805620811844,6,0
509,0.0,0.0,0.0,0.0033686009293892607,0.0,0.0,0.06574001502643854,6,0
510,0.0,0.0,0.0,0.0,0.0,0.011022712923923835,0.0,5,2
511,0.0,0.0,0.0,0.001799034905377135,0.0,0.0,0.035376727300882475,6,0
512,0.0,0.0,0.0,0.0,0.018604257484645323,0.0,0.002729627194202079,4,2
513,0.0,0.0,0.0,0.0005774779945562215,0.0,0.007648480760032939,0.0,5,2
514,0.0,0.0,0.0,0.0,0.0,0.0,0.0,0,1
515,0.0,0.0,0.0,0.0,0.0009962729949221298,0.0011540511527238855,0.003836046290844823,6,2
516,0.0,0.0,0.0,0.0002005036868781743,0.0,0.0,0.0017749318629601252,6,4
517,0.0,0.0,0.0,0.0009078014658677066,0.0243969004607768,0.0,0.015547367923695035,4,6
518,0.0,0.0,0.0,0.00024169085148675735,0.004133606827692571,0.0,0.006815021901627828,6,6
519,0.0,0.0,0.0,0.003585387297495245,0.0,0.0,0.005369500691006812,6,4
520,0.0,0.0,0.0,0.001004030589918815,0.0,0.0,0.0,3,4
521,0.0,0.0,0.0,0.0,0.0,0.027993509236746563,0.0,5,2
522,0.0,0.0,0.0,0.00026999306854088613,0.0,0.0,0.0,3,4
523,0.0,0.0,0.0,0.0,0.013281336980564301,0.0,0.002256030113044682,4,6
524,0.0,0.0,0.0,0.0,0.013284154362959742,0.0,0.0024332819247040193,4,6
525,0.0,0.00010979780860732421,0.00035200079882234843,0.0,0.0026803447179106293,0.002755659219888051,0.004115676800597279,6,3
526,0.0,0.0018696237119771991,0.0008127506790665392,0.0,0.006535526995774009,0.007870413301471119,0.009158088521560501,6,3
527,0.0,0.0,0.0,0.0,0.0003493526926613724,0.0,0.0029139854314628975,6,4
528,0.0,0.0,0.0,0.0,0.0034780153027568943,0.0047210804193190984,0.0,5,6
529,0.0,0.0,0.0,0.0,0.0,0.011407096950264563,0.0,5,2
530,0.0,0.0,0.0,0.0038523595057689754,0.0,0.0,0.0,3,4
531,0.0,0.0,0.0,0.0,0.0,0.0,0.0,0,4
532,0.0,0.0,0.0,0.00012187399912849449,0.0,0.0,0.0,3,4
533,0.0,0.0,0.0,0.0009306085870637842,0.0,0.0,0.0,3,4
534,0.0,0.0,0.0,0.0005436465907899664,0.0,0.0,0.000505440105742737,3,4
535,0.0,0.0,0.0,0.0005845735236959264,0.0,0.0,0.0,3,4
536,0.0,0.0,0.0,0.0007661608515219922,0.0007132296049195799,0.0,0.004815887534082089,6,4
537,0.0,0.0,0.0,0.0005692129905837452,0.01563460176784263,0.0,0.01881830998676092,6,6
538,0.0,0.0,0.0,0.0,0.0,0.2543891560850869,0.0,5,2
539,0.004180226518466522,0.0,0.0,0.0,0.0,0.025919368434142404,0.0,5,6
540,0.0,0.0,0.0,0.0,0.0,0.008756240331055824,0.0,5,2
541,0.0,0.03091328151477343,0.1292664033938803,0.0010195345076332918,0.00044078922671974885,0.0,0.0,2,3
542,0.0,0.0,0.0,0.0,0.0450607848608332,0.0,0.00839457745786635,4,6
543,0.0,0.0,0.0,0.00023279219371049163,0.0,0.0,0.0,3,4
544,0.0,0.0,0.0,0.0,0.0,0.2758744294497944,0.0,5,2
545,0.0,0.003950770337239096,0.00525391509194233,0.0,0.006182950723473479,0.010754618034079733,0.00876701389379902,5,3
546,0.0,0.0,0.0,0.006327559541545485,0.0,0.0,0.014099988545337052,6,0
547,0.0,0.0,0.0,0.0,0.0,0.011095820729175039,0.0,5,2
548,0.0,0.0,0.0,0.005837138269478511,0.0,0.0,0.10786591244682442,6,0
549,0.0,0.0,0.0,0.004974065016218391,0.0,0.0,0.09657906408803967,6,0
550,0.0,0.0,0.0,0.002881452089156665,0.0,0.0,0.03587606455497759,6,0
551,0.0,0.0,0.0,0.007431144472138378,0.0,0.0,0.1347972340641786,6,0
552,0.0,0.0,0.0,0.0,0.0003914567553988558,0.009838450596806632,0.0,5,3
553,0.0,0.0,0.0,0.005281959118426385,0.004067890825055998,0.0,0.02365682096198813,6,5
554,0.0,0.0,0.0,0.0,0.0,0.004029202841909979,0.0,5,2
555,0.0,0.0,0.0,0.0,0.00011322683893498458,0.005672900656866678,0.0007216811342105317,5,2
556,0.0,0.0,0.0,0.0005954338408894013,0.0,0.002145350583218548,0.0,5,4
557,0.0,0.0,0.0,0.00144394189708756,0.029044514473745852,0.0,0.022282493821356844,4,6
558,0.0,0.0,0.0,0.0036725388758721703,0.0,0.0,0.04601680033080456,6,0
559,0.0,0.0,0.0,0.005094238649541374,0.0,0.0,0.06100401935314365,6,0
560,0.0,0.0,0.0,0.0,0.0,0.021995910512569498,0.0,5,2
561,0.0,0.0,0.0,0.0,0.05563721187100325,0.0,0.0,4,6
562,0.0,0.0,0.0,0.0049667103734881216,0.001901980024222189,0.0,0.009612113237000574,6,5
563,0.0,0.0,0.0,0.0005767669636857879,0.0,0.007651025572441665,0.0,5,2
564,0.0,0.0,0.0,0.0,0.0,0.0162766728360443,0.0,5,2
565,0.0,0.0,0.0,0.0,0.0,0.0,0.0,0,4
566,0.0,0.0,0.0,0.0,0.0,0.0,0.0,0,1
567,0.0,0.0,0.0,0.004328908074925623,0.0,0.0,0.08767698526009267,6,0
568,0.0,0.000540838842194278,0.0,0.0,1.3447549114110454e-06,0.008202297189207291,0.0,5,2
569,0.0,0.0,0.0,0.0,0.0,0.08052595672902409,0.0,5,2
570,0.0,0.0,0.0,0.0,0.0,0.0,0.0,0,1
571,0.0,0.0,0.0,0.0,0.0007175612964866864,0.0050705733977568475,0.0016830888105060658,5,2
572,0.0,0.0,0.0,0.0,0.0,0.01872352670365031,0.0,5,2
573,0.0,0.0,0.0,0.00025183556491785507,0.0,0.007448574806801537,0.00044017734504714736,5,2
574,0.0,0.0,0.0,0.0,0.0,0.008425285394930164,0.0,5,2
575,7.36083212233475e-05,0.0,0.0,0.0,0.0,0.05201514834873001,0.0,5,2
576,0.0,0.0,0.0,0.005537109338252814,0.0,0.0,0.10129631595535404,6,0
577,0.0,0.0,0.0,0.0,0.01910104648562311,0.0,0.0,4,2
578,0.0,0.0,0.0,0.0,0.003997678433775168,0.0,0.0,4,6
579,0.0,0.0,0.0,0.0,0.008753821795260302,0.0,0.0,4,6
580,0.0,0.0,0.0,0.0,0.011678752458589606,0.0,0.0007776311407047804,4,2
581,0.0,0.0,0.0,0.0028487945755098975,0.001326518801475976,0.0,0.00586867191202647,6,6
582,0.0,0.008106302786020746,0.024017345045608672,0.0,0.002292240823269054,0.003609147175391501,0.0024082287211725497,2,3
583,0.0,0.0,0.0,0.0005737992183280054,0.0,0.007658499425632091,0.0,5,2
584,0.0,0.0,0.0,9.905797181163623e-05,0.0,0.0,0.0,3,4
585,0.0,0.0036947994633910464,0.0,0.0,0.0013049094702270645,0.009880755083234494,0.0012322826837777529,5,2
586,0.0,0.0,0.0030396384683849267,0.0,0.0039670445861624305,0.006484225628111065,0.004730758575503399,5,3
587,0.0,0.0,0.0,0.0,0.0,4.1660324742708165e-05,0.0,5,6
588,0.0,0.0,0.0,0.0,0.0,0.001923019497374229,0.0,5,2
589,0.0,0.0006878119804137385,0.0,0.0,0.0,0.009594446648794734,0.0,5,2
590,0.0,0.0,0.0,0.0003278522047050051,0.0010369148552524696,0.0007352427775233213,0.011421865450536244,6,2
591,0.0,0.0,0.0,0.0005758792052186932,0.0,0.007652823025047271,0.0,5,2
592,0.0,0.0,0.0,0.005169165022135982,0.0,0.0,0.09668968582879948,6,0
593,0.172623894066763,0.0,0.0,0.0,0.0,0.014313893774931566,0.0,0,2
594,0.0,0.0,0.0,0.00010976648216393215,0.0,0.00390818382403245,0.006256171816821004,6,2
595,0.0,0.0,0.0010092411835173497,0.000561280470102239,0.004537505049797751,0.0,0.013981806265636406,6,3
596,0.0,0.0,0.0,0.0,0.0,0.0,0.0,0,4
597,0.0,0.0,0.0,0.0019007147489599793,0.004255279991945499,0.0,0.01587989244431656,6,0
598,0.0,0.0,0.0,0.003929059567672476,0.009419910073615534,0.0,0.023222550409354642,6,6
599,0.0,0.0,0.0,0.0003859039025816461,0.0,0.0,0.0,3,4
600,0.0,0.0,0.0008851699513168283,0.0,0.0008259072196194511,0.0,0.0,2,3
601,0.0,0.0,0.0,0.017823098452050885,0.008286337215972363,0.0,0.02075396532646743,6,6
602,0.0,0.0,0.0,0.0,0.0,0.011553128247346839,0.0,5,3
603,0.0,0.0,0.0,0.0016010106721689097,0.031402419048511515,0.0,0.021208768937796982,4,6
604,0.0,0.0,0.0,0.0,0.00448196682711007,0.0023091308793883186,0.005710332555267557,6,3
605,0.0,0.0,0.0,0.0,0.0033385498713965444,0.004371368138388411,0.004376375282322468,6,3
606,0.0,0.0,0.0,0.006772542859635905,0.0,0.0,0.13201846886078236,6,0
607,0.0,0.0,0.0,0.00016367740328352253,0.0,0.0,0.0,3,4
608,0.0,0.011242251370556275,0.02378793089138091,0.0,0.003942977235110717,0.009291110701432664,0.00307226531517549,2,3
609,0.0,0.0,0.00024840943201348634,0.0,0.00012443925065797192,0.004049471266491774,0.002877542554915508,5,3
610,0.10287912484666804,0.0,0.0,0.0,0.0,0.010237451209571688,0.0,0,2
611,0.0,0.0,0.0,0.004747238439686798,0.0,0.0,0.04929619987426283,6,0
612,0.0,0.0,0.0,0.00015554558318806467,0.004223307626524356,0.0,0.0005419796596271326,4,4
613,0.0,0.0,0.0,0.0010549195519221424,0.002216478570383154,0.0,0.0070415962168295775,6,2
614,0.0,0.0,0.0,0.0001741118426376664,0.0,0.0,0.0,3,4
615,0.0,0.0,0.0,0.002112005461659017,0.005054390735714546,0.0,0.010230954693526457,6,5
616,0.0,0.0,0.0,0.0008193295600088689,0.0,0.011046185931963572,0.0,5,2
617,0.0,0.0,0.0,0.00013970807920843622,0.0,0.0,0.0,3,4
618,0.0,0.0,0.0,2.4919779161741216e-05,0.0,0.0,0.0,3,4
619,0.0,0.0,0.0,0.0,0.0,0.0,0.0,0,1
620,0.0,0.0,0.0,0.0,0.0,0.0,0.0,0,2
621,0.0,0.0,0.0,0.0008664682430559503,0.002100635717965569,0.0,0.005206763500199409,6,6
622,0.0,0.0,0.0,0.0,0.002063741948398763,0.006214748572191418,0.0034879542240976685,5,3
623,0.0,0.0,0.0,0.0,0.0011295179533718147,0.0084179678677806,0.0010867058306029528,5,2
624,0.0,0.0,0.0,0.0,0.0,0.0,0.0,0,2
625,0.0,0.0,0.0,0.0,0.0,0.004656139829428103,0.0,5,2
626,0.0,0.0,0.0,0.0,0.0,0.005694651230309571,0.0,5,2
627,0.0,0.0,0.0,0.0,0.0,0.007859457081278425,0.0,5,2
628,0.0,0.0034147235555537277,0.0,0.0,0.001474253643245771,0.02195756488199216,0.003062245737930844,5,2
629,0.0,0.0,0.0,0.0,0.0,0.01951422161319525,0.0,5,2
630,0.0,0.0,0.0,0.0017201141146991404,0.001907685968046373,0.0,0.008965617816438624,6,5
631,0.0,0.0,0.0,0.002196529556510322,0.0,0.0,0.044862195407257416,6,0
632,0.0,0.0,0.0,0.000497109543283283,0.0,0.0,0.0,3,4
633,0.0,0.0,0.0,0.001463882759988676,0.03244540285736131,0.0,0.019659368639126675,4,6
634,0.0,0.0,0.0,0.0,0.0,0.004239770193718314,0.0,5,2
635,0.0,0.0,0.0,0.013253706255015318,0.0035507152945733417,0.0,0.016740293172925545,6,5
636,0.0,0.0,0.0,0.0,0.0,0.08716240643492582,0.0,5,2
637,0.0,0.0,0.0,0.0,0.0008827026660802689,0.0019356333979398197,0.0012507811864561778,5,2
638,0.0,0.0,0.0,0.0040065705053657814,0.0,0.0,0.08303999714184568,6,0
639,0.0,0.0,0.0,0.0,0.0,0.013848305153432862,0.0,5,2
640,0.0,0.0,0.0,0.0,0.0,0.0,0.0,0,1
641,0.0,0.0,0.0,0.0001104961400426526,0.0006764739903995798,0.0,0.00315100271306823,6,4
642,0.0,0.0,0.0,0.0010614573930272748,0.0028618340886390975,0.0,0.009811236702511345,6,0
643,0.0,0.01559250777764098,0.0,0.0,0.0038918301272347577,0.012963102504822086,0.0,1,3
644,0.0,0.0,0.0,0.0007031037950079459,0.0,0.011089557480416373,0.0,5,2
645,0.0,0.0,0.0,0.0026539201592895604,0.004135807858721388,0.0,0.017022852554159734,6,0
646,0.0,0.0,0.0,0.0,0.0,0.01966651832048302,0.0,5,2
647,0.0,0.0,0.0,0.0005788128737544388,0.0,0.0,0.0020347043632659026,6,4
648,0.0,0.0,0.0,0.0,0.0,0.0,0.0,0,1
649,0.0,0.0,0.0,0.0005032161660051361,0.0,0.0,0.0,3,0
650,0.0,0.0,0.0,5.523982164426856e-05,0.0,0.0,0.0,3,4
651,0.0,0.0,0.0,0.001174772285301121,0.003111541716118663,0.0,0.00787876453380416,6,6
652,0.20477390123699957,0.0,0.0,0.0,0.0,0.020389860213155402,0.0,0,2
653,0.0,0.0,0.0,0.0,0.0018233394214501452,0.008354196432748144,0.0011549999327397124,5,2
654,0.0,0.0,0.0,0.0006335856526516723,0.0,0.004327408407368303,0.0,5,6
655,0.0,0.0,0.0,0.0,0.0,0.007777871568899235,0.0012124764601122563,5,2
656,0.0,0.0,0.0,0.0,0.0024120599484619308,0.0031639984582332247,0.003172039136267554,6,3
657,0.0,0.0,0.0,0.0,0.0027403824612984773,0.0,0.005339179994722791,6,2
658,0.0,0.0,0.0,0.0005341424654897388,0.0,0.0019041991702137286,0.0,5,4
659,0.0,0.0,0.0,0.0,0.0,0.007142447357178723,0.0,5,6
660,0.0,0.0,0.0,0.001986769459424038,0.0005329773074813839,0.0,0.0021188727960885514,6,2
661,0.0,0.0,0.0,0.0005877692645747469,0.0,0.004220751382383135,0.0,5,2
662,0.0,0.0,0.0,0.0,0.0023704068833062175,0.0020147494141164245,0.0031852870176939645,6,3
663,0.0003407881686717488,0.005166435498559027,0.0,0.0,0.0,0.03435245749577755,0.0,5,2
664,0.0,0.0,0.0,2.0243150917417034e-05,0.00661914561587064,0.0,0.0050026321739216634,4,6
665,0.0,0.0,0.0,0.0,0.007914539662522571,0.006441980215104737,0.0006840963859626489,4,2
666,0.0,0.0,0.0,0.00046913854252535414,0.004911020706693749,0.0,0.006290283265155861,6,6
667,0.0,0.0,0.0024347210594912933,0.0,0.0006775851588691236,0.0,0.007314851187646091,6,3
668,0.0,0.0,0.0,0.0,0.0,0.0,0.0,0,1
669,0.0,0.021412330211312034,0.0008067239239764024,0.0,0.003939008616836041,0.010152393832183415,0.0,1,3
670,0.0,0.0,0.0,0.0,0.0,0.0,0.0,0,1
671,0.0,0.010242734013190554,0.004129467101281642,0.0,0.0025172168696203597,0.0060523561061946625,0.0,1,3
672,0.0,0.0,0.0,0.0,0.0,0.009279418572970675,0.0,5,2
673,0.0,0.0,0.0,0.004695827080975687,0.0,0.0,0.014852347521639726,6,1
674,0.0,0.0,0.0,0.0,0.0,0.011268558344571624,0.0,5,2
675,0.0,0.0,0.0011983341555308028,0.0,0.0006347373543516368,0.008911051350269488,0.0080430736228558,5,2
676,0.0,0.0,0.0,0.00010295453560358684,0.001591118685012798,0.0,0.0026122544988864895,6,2
677,0.0,0.0,0.0,0.0,0.0,0.0,0.0,0,1
678,0.0,0.0,0.0,0.002807836295121715,0.002513033316222181,0.0,0.00623993901473725,6,6
679,0.0,0.0,0.0,0.00015205171838225,0.0,0.0,0.0,3,3
680,0.0,0.0,0.0,0.024366601124996303,0.0,0.011043867987098971,0.0,3,2
681,0.0,0.09963491080323021,0.0,0.0,0.0012507396996555896,0.016371094319278797,0.009740171058379803,1,3
682,0.0,0.0,0.0,0.0,0.0,0.07248707839082,0.0,5,2
683,0.0,0.0,0.0,0.0,0.0,0.0,0.0,0,1
684,0.0,0.0,0.0,0.0,0.0,0.0,0.0,0,1
685,0.0,0.048483810599834205,0.202486660572804,0.0015610361678703277,0.0007244845917200884,0.0,0.0,2,3
686,0.0,0.0,0.0,0.0,0.0,0.0001244152216661381,0.0,5,2
687,0.0,0.0,0.0,0.0,0.0,0.08944867801720985,0.0,5,2
688,0.0,0.0,0.0,0.0009782968873630574,0.016618073182739494,0.0,0.012143758576750282,4,6
689,0.0,0.0,0.0,9.011943398852671e-05,0.0,0.0,6.088952330977655e-05,3,4
690,0.0,0.0,0.0,0.0,0.0008937363872797645,0.0,0.0017203910251429152,6,4
691,0.0,0.0,0.0,0.0,0.007911574945400356,0.006433908456473534,0.0007522085061569631,4,2
692,0.0,0.0,0.0,0.0,0.0,0.01664640459634708,0.0,5,2
693,0.0,0.0,0.0,0.0003777897395364365,0.0,0.0,0.0,3,4
694,0.0,0.0,0.0,0.00013251320154719079,0.0,0.0,0.0,3,4
695,0.0,0.0,0.0,0.0,0.006360525740896527,0.0,0.005785062993111841,4,6
696,0.0,0.0,0.0,0.0,0.0,0.011931238536285,0.0,5,2
697,0.0,0.010709450027272334,0.018811689902271028,0.0,0.0035682118817336513,0.008402716046602804,0.0023597374633939345,2,3
698,0.0,0.0,0.0,0.0,0.0,0.0,0.0,0,1
699,0.0,0.0,0.0,0.0,0.0,0.0,0.0,0,1
700,0.0,0.0,0.0,0.0,0.0,0.04427549155798408,0.0,5,2
701,0.0,0.0,0.0,0.0,0.04621166724588515,0.0,0.0,4,2
702,0.0,0.0,0.0,0.004923831941227305,0.0,0.06452645892580473,0.0,5,2
703,0.0,0.08882720061181225,0.0,0.0,0.001043729918497029,0.01906298568005266,0.014087251237593523,1,3
704,0.0,0.0,0.0,4.425998484896974e-05,0.0,0.0,0.0,3,4
705,0.0,0.0,0.0,0.0009271401275126858,6.377677251090596e-07,0.0,0.004806449544165259,6,4
706,0.0,0.0,0.0,0.0,0.020891014782105463,0.0,0.0031021344550371172,4,2
707,0.0,0.0,0.0,0.002792537799349793,0.0,0.0,0.03399509703223673,6,0
708,0.0,0.0,0.0,0.0,0.0,0.0,0.0,0,2
709,0.0,0.0,0.0,0.0009259621852614256,0.00042160443227296006,0.0,0.004574977058958651,6,2
710,0.0,0.0,0.0,0.0,0.0,0.0,0.0,0,1
711,0.0,0.0,0.0,0.0,0.0,0.0,0.0,0,1
712,0.0,0.0,0.0,0.0,0.0,0.0,0.0,0,1
713,0.0,0.09971344188461861,0.0,0.0,0.0069893559656647244,0.02520667534671846,0.0,1,3
714,0.0,0.0,0.0,0.0007146577699534135,0.0014149001161399726,0.0,0.006694459196956546,6,0
715,0.0,0.0,0.0,0.0005222515677922703,0.013094722780348286,0.0,0.010006797670827745,4,6
716,0.0,0.0,0.0,0.00033191348837475446,0.0006608180430149255,0.0,0.0037144380763449903,6,6
717,0.0,0.0,0.0,0.00043558744632086365,0.0,0.015587104736367543,0.0,5,2
718,0.0,0.0,0.0,0.0003307133870422688,0.0,0.0,0.0,3,1
719,0.0,0.0,0.0,0.0,0.0,0.0,0.0,0,1
720,0.0,0.0,0.0,0.0,0.0011233699565290983,0.013802188698008888,0.0008720702054620177,5,2
721,0.0,0.0,0.0,6.993566786242984e-05,0.005089857172789489,0.0,0.0067281364373322616,6,6
722,0.0,0.006646537483623151,0.012782177487791138,0.0,0.0020552398830658947,0.0049638494986131215,0.0013464911235867769,2,3
723,0.0,0.0,0.0,0.0,0.0,0.0,0.0,0,1
724,0.0,0.0,0.0,0.0,0.0,0.0,0.000991652658543454,6,2
725,0.0,0.0,0.0,0.0,0.0,0.016404443163204437,0.0,5,2
726,0.0,0.021880580565596525,0.04202888211151956,0.0,0.00668906479819756,0.01616858772493008,0.004357221996618976,2,3
727,0.0,0.0,0.0,0.00028060634497466963,0.0,0.0,1.3638163874318838e-05,3,4
728,0.0,0.0,0.0,0.0,0.0,0.010228365670310716,0.00044359300779521596,5,2
729,0.0,0.0,0.0,8.889821004578916e-06,0.0,0.0,0.0,3,4
730,0.0,0.026193193256834318,0.09384505558737243,0.0,0.00403470714833915,0.004208624540027499,0.0031733599825905403,2,3
731,0.0,0.06012480382971511,0.0,0.0,0.00013668565470615742,0.009307806452841905,0.00873525276454369,1,3
732,0.0,0.0,0.0,0.0010192104610859995,0.009554756990780098,0.0,0.008633730045371617,4,6
733,0.0,0.0006781551543211447,0.0,0.0,0.0008926175806370249,0.011039525312476744,0.0,5,2
734,0.0,0.0,0.0,0.0,0.0,0.0,0.0,0,1
735,0.0,0.0,0.0,0.0,0.0,0.0,0.0,0,1
736,0.0,0.0,0.0005376661817616128,0.0,0.0025001640452662903,0.0017601742653955757,0.003913435230014905,6,2
737,0.0,0.0,0.0,0.0016941669209200848,0.003961613489732078,0.0,0.01455966620474594,6,0
738,0.0,0.08314730382141654,0.0,0.0,0.016549973202712835,0.030826573385734156,0.0,1,2
739,0.0,0.0,0.0,0.0019162919564738683,0.004289382874248933,0.0,0.015572995222384634,6,0
740,0.0,0.0,0.0,0.0009622285683614147,0.016795197170731697,0.0,0.012165440016989984,4,6
741,0.0,8.704813578949245e-05,0.0001495663629347882,0.0,0.0005338146145371274,0.01441704440733891,0.002394665796481605,5,3
742,0.0,0.0,0.0018174418451365234,0.0,0.0035777758208401134,0.006799125896475789,0.005797669062098038,5,3
743,0.0,0.0,0.0,0.0,0.0,0.0,0.0,0,1
744,0.0,0.0,0.0,0.0038598135374690755,0.003076538122166182,0.0,0.012243003147675931,6,6
745,0.0,0.0,0.0,0.0009849417154416816,0.01729551461687582,0.0,0.013115983527804843,4,6
746,0.0,0.0,0.0,0.0008078155471691211,0.013407639820075552,0.0,0.011258045179231086,4,6
747,0.0,0.0,0.0,0.0,0.0,0.0,0.0,0,1
748,0.0,0.0,0.0,0.0026502340571050785,0.0003551684341256115,0.0,0.009856743237864863,6,6
749,0.0,0.0,0.0,0.003691291593738848,0.00048756736589169753,0.0,0.013618112784172914,6,6
750,0.0,0.0,0.0,0.00016327904721409413,0.0,0.0015854720145166948,0.0,5,2
751,0.0,0.0,0.0,0.0013130977720780905,0.020200878406757643,0.0,0.01719526878889329,4,6
752,0.0,0.0,0.0,0.004887035922174415,0.0,0.0,0.06607865483674501,6,0
753,0.0,0.0,0.0,0.0,0.0,0.0,0.0,0,1
754,0.0,0.0,0.0,0.002690340937145162,0.0,0.0,0.04735182893020744,6,0
755,0.0,0.0,0.0,0.0,0.0,0.0,0.0,0,1
756,0.0,0.0,0.0,0.0,0.001187513160021298,0.0,0.0012953860778944953,6,4
757,0.003036867350205862,0.0,0.0,0.0,0.0,0.012463079924784988,0.0,5,2
758,0.0,0.0,0.0,0.0037371112950164674,0.0,0.0,0.0742620030979801,6,0
759,0.0,0.0,0.0,0.0,0.0,0.0,0.0,0,4
760,0.0,0.0,0.0,0.0,0.0,0.08765827231360201,0.0,5,2
761,0.0,0.0,0.0,0.40905431006663856,0.0,0.016473702699157766,0.0,3,2
762,0.0,0.0,0.0,0.0,0.00014143775409927812,0.007108018208165121,0.0,5,2
763,0.0,0.0,0.0,0.0005661109668216995,0.0,0.0,0.0,3,1
764,0.0,0.0,0.0,0.2854803342530456,0.0,0.012042504273645045,0.0,3,2
765,0.0,0.0,0.0,0.0,0.0,0.0,0.0,0,1
766,0.0,0.0,0.0,0.30069581224408815,0.0,0.012899762232802066,0.0,3,2
767,0.0,0.0,0.0,0.0,0.0,0.0,0.0,0,1
768,0.0,0.0,0.0,0.0,0.0,0.00820547082548561,0.0,5,2
769,0.0,0.0,0.0,0.0046317157268132595,0.0,0.0,0.07876728689129597,6,0
770,0.0,0.0,0.0,0.004937884961151645,0.0,0.0,0.08152110162360998,6,0
771,0.0,0.0,0.0,0.004637881430555055,0.0,0.0,0.07881431162595044,6,0
772,0.0,0.0,0.0,0.0,0.0,0.0022977746773433865,0.0,5,2
773,0.0,0.0,0.0,0.0,0.0,0.0074736876721477104,0.0,5,2
774,0.0,0.0,0.0,0.00046134695846811104,0.002261596933313333,0.0,0.006670790015659584,6,6
775,0.0,0.0,0.0,0.0,0.0,0.0023572027725005497,0.0,5,2
776,0.0,0.0,0.0,0.0042261420245298265,0.0,0.0,0.06593436945837626,6,0
777,0.0,0.0,0.0,0.0034047104957538785,0.0,0.0,0.05739894876613089,6,0
778,0.0,0.0,0.0,0.0,0.0026296010134001656,0.0,0.00211708014819387,4,2
779,0.0,0.01449652255142963,0.044647464023590946,0.0,0.004533171146453851,0.006473080751414776,0.005643710465819172,2,3
780,0.0,0.0,0.0,7.850356696050094e-05,0.0017727540021704302,0.0,0.0009000789075111817,4,2
781,0.0,0.0,0.0,0.0,0.0,0.004300671562411139,0.0,5,2
782,0.0,0.0,0.0,0.0,0.0,0.0009459186309333481,0.0,5,2
783,0.0,0.0,0.0,0.0016802631631092383,0.0019210585324948748,0.0,0.011501066311744742,6,0
784,0.0,0.0011575945525848417,0.0,0.0,0.0,0.012522365044916984,0.0,5,2
785,0.0,0.0,0.0,0.0,0.0,0.0,0.0,0,1
786,0.0,0.0,0.0,0.0,0.0,0.1279832380186923,0.0,5,2
787,0.0,0.0,0.0,0.0005422319519386672,0.0,0.0,0.005343194626040361,6,0
788,0.0,0.0,0.0,0.002577892989749036,0.0021565690790679008,0.0,0.009141870012306815,6,6
789,0.0,0.0,0.0,0.004249844245543432,0.0025611183040394627,0.0,0.010488348091963898,6,5
790,0.0,0.0,0.0,0.0,0.0,0.17272059617804073,0.0,5,2
791,0.0,0.0,0.0,0.0,0.000273996468640556,0.005815784722270938,0.00010220037198377808,5,2
792,0.0,0.009735567025253803,0.017699948407921492,0.0,0.003108351800704075,0.006595679188927519,0.0020753250642734367,2,3
793,0.0,0.0,0.0,3.56496388571341e-05,0.0,0.0,0.0,3,4
794,0.0,0.0,0.0,0.0003263445769268578,0.0011413864918234607,0.0,0.004312371929334101,6,4
795,0.0,0.0,0.0,0.0,0.0,0.0,0.0,0,1
796,0.0,0.04188486177093457,0.0,0.0,0.00842582860277694,0.015578413844926234,0.0,1,2
797,0.0,0.0,0.0,0.0,0.0,0.0,0.0,0,1
798,0.0,0.0,0.0,0.0014038965114613988,0.00756420438552634,0.0,0.008806786493671193,6,6
799,0.0,0.0,0.0,0.0013827503835108174,0.010818008302349113,0.0,0.012629824635581368,6,6
800,0.0,0.04175339022554266,0.0,0.0,0.008881254911618052,0.016010479558913885,0.0,1,3
801,0.0,0.0,0.0,0.0,0.0,0.004391325070813208,0.0,5,3
802,0.0,0.053904090113084745,0.0,0.0,0.011636765958819795,0.02143553608696633,0.0,1,3
803,0.0,0.0,0.0,0.0,0.002499773499457843,0.0,0.00782581773863271,6,6
804,0.0,0.0,0.0,0.0,0.0,0.0,0.0,0,1
805,0.0,0.05688251814600627,0.0,0.0,0.01238719550289973,0.022351984561240195,0.0,1,3
806,0.0,0.0,0.0,0.0,0.0,0.0,0.0,0,1
807,0.0,0.0,0.0,0.0031232540909110246,0.0,0.0,0.04929695762760486,6,0
808,0.0,0.0,0.0,0.0022328887655260693,0.0,0.0,0.039373730728461113,6,0
809,0.0,0.0,0.0,0.00015855161019089924,0.005889217174464664,0.0,0.004505245322987914,4,6
810,0.0,0.0,0.0,0.0,0.0,0.0,0.0,0,1
811,0.0,0.0,0.0,0.0011599083031420753,0.004103773917870113,0.0,0.009336683572210054,6,6
812,0.0,0.0,0.0,0.0031328016256461375,0.004979557976854542,0.0,0.02042672218717766,6,0
813,0.0,0.0,0.0,0.0,0.0,0.06866405214772668,0.0,5,2
814,0.0,0.0,0.0,0.0,0.0,0.009108347378682437,0.0,5,2
815,0.0,0.0,0.0,0.005570637599087582,0.0007020127117257848,0.0,0.020030553472317216,6,6
816,0.0,0.0,0.0,0.0,0.0,0.015811156811393154,0.0,5,2
817,0.0,0.0005266403586444183,0.0,0.0,0.00012576389759061778,0.014060018229688446,0.0002425330711601348,5,2
818,0.0,0.0,0.0,0.00045107638728299513,0.0,0.0,0.001975534295200606,6,4
819,0.0,0.00048489976101721166,0.0,0.0,0.0017608888918669609,0.008522533616399151,0.001773797298075745,5,3
820,0.0,0.0,0.0,5.059720794032784e-05,0.0,0.0,0.0,3,4
821,0.0,0.0010004022780336688,0.0,0.0,0.0002682489924854799,0.008907989481693511,0.0005788033137104287,5,3
822,0.0,0.0,0.0,0.0,0.0,0.10307053044198361,0.0,5,2
823,0.0,0.0,0.0,0.0,0.0,0.08595926022559221,0.0,5,2
824,0.0,0.0,0.0,0.0,0.0,0.12897979117896452,0.0,5,2
825,0.0,0.0,0.0,0.00045692461659256503,0.0,0.0,0.0,3,4
826,0.0,0.0,0.0,0.00043679441237306864,0.012000765565957597,0.0,0.008993866206382867,4,6
827,0.0,0.0,0.0,0.0031684082365048966,0.003753438416523234,0.0,0.01689024192884065,6,5
828,0.0,0.1106487606030589,0.0,0.0,0.0,0.00996855156439939,0.022944572756584427,1,2
829,0.0,0.0,0.0,0.0,0.0,0.007182993489436052,0.0,5,4
830,0.0,0.0,0.0,0.0,0.0,0.0,0.0,0,1
831,0.0,0.0,0.0,0.0,0.0,0.019578084350675803,0.0,5,2
832,0.0,0.0,0.0,0.0002520623633765836,0.0,0.0,0.0,3,4
833,0.0,0.0,0.0,0.002754041361134129,0.0,0.0,0.05683868178531512,6,0
834,0.0,0.0,0.0,0.0008765245918655701,0.009168012789665135,0.0,0.007734087258324542,4,6
835,0.0,0.0,0.0,0.0013320760167335756,0.0017051851683853314,0.0,0.007970951409541622,6,6
836,0.0,0.0,0.0,0.0016526396665523279,0.0010874194130595565,0.0,0.022010081230185555,6,6
837,0.0,0.10445160708238621,0.0,0.0,0.00018407848884039477,0.01619714790281266,0.01551347343552037,1,3
838,0.0,0.12956995082016445,0.0,0.0,0.0004390242965333452,0.020949719246623925,0.018900213834629673,1,3
839,0.0,0.0,0.0,0.0,0.0,0.015811156811393157,0.0,5,2
840,0.0,0.0,0.00039300494198465886,0.0,0.0006518375011556094,0.007003989972326633,0.001425632880456438,5,3
841,0.0,0.13946074923292234,0.0,0.0,0.00056075143309854,0.022876044652297204,0.02023138806741578,1,3
842,0.0,0.0,0.0,0.005313661355709528,0.002736797235602617,0.0,0.009327983227707436,6,5
843,0.0,0.037071342486754734,0.0,0.0,0.004554034744229537,0.011621935452860119,0.0,1,3
844,0.0,0.1047373959193831,0.0,0.0,0.0001397139351607473,0.016277080396249283,0.015849470874782785,1,3
845,0.0,0.0038832324709043927,0.005144961375402376,0.0,0.0018417637791540522,0.007248291598052963,0.0011479303669648226,5,3
846,0.0,0.0,0.0,0.0,0.00011696645648588572,0.005439594266460306,0.0,5,3
847,0.0,0.0,0.0,0.0,0.0,0.011839688856911137,0.0,5,2
848,0.0,0.0,0.0,0.001260618312640141,0.0,0.0,0.0,3,1
849,0.0,0.0,0.0,0.002710606057373366,0.0,0.0,0.043679315737752626,6,0
850,0.0,0.0,0.0,0.0035302373464820755,0.0,0.0,0.0,3,1
851,0.0,0.0,0.0,0.0,0.0,0.005145363422058604,0.0,5,6
852,0.0,0.1470999595870631,0.0,0.0,0.0011821619805969469,0.02500166855631592,0.018611478483652237,1,3
853,0.0,0.00023535536593683116,0.0014889291944489421,0.0,0.002710731893841008,0.011562825885439854,0.004624956620100617,5,3
854,0.0,0.0,0.0,0.0,0.0013078105460868975,0.0013898832037373356,0.004189744315750586,6,2
855,0.0,0.0,0.0,0.0,0.0,0.0009452297442791787,0.0,5,2
856,0.0,0.0,0.0,0.15850036667653108,0.0,0.0023932857961895815,0.0,3,2
857,0.0,0.014496522551429636,0.04464746402359094,0.0,0.004533171146453866,0.0064730807514147585,0.005643710465819175,2,3
858,0.0,0.0,0.0,0.001356564423070549,0.0,0.0,0.0,3,1
859,0.0,0.0,0.0,0.002622314338678044,0.0,0.0,0.024920971495974633,6,6
860,0.0,0.007941218857877817,0.009625810519093095,0.0,0.00230603096728013,0.012225512808175245,0.0,5,2
861,0.0,0.010327199036916826,0.03184478658998493,0.0,0.0032631814996987836,0.004662154841694297,0.0040837395538846025,2,3
862,0.0,0.0016798509607834078,0.003747879867780756,0.0,0.002859378511136498,0.004798022475011727,0.0033295674351734813,5,3
863,0.0,0.0,0.0,0.0,2.76541441736555e-05,0.012203249897354034,0.0,5,2
864,0.0,0.0717816544951912,0.0,0.0,0.015105731277196496,0.02743163751503872,0.0,1,3
865,0.0,0.0,0.0,0.0,0.0,0.0009439015388118762,0.0,5,2
866,0.0,0.0,0.0,0.1703252386773777,0.0,0.006231037429687614,0.0,3,2
867,0.0,0.0,0.0,0.0,0.0,0.0859592602255922,0.0,5,2
868,1.639708893406599e-05,0.0,0.0,0.0,0.0,0.013401333275312186,0.0,5,2
869,0.0,0.0,0.0,0.005251283173562067,0.0,0.0,0.10245056427928229,6,0
870,0.0,0.0,0.0,0.0052544947426195025,0.0,0.0,0.1025735755459873,6,0
871,0.0,0.0,0.0,0.0015033099053710984,0.009361237243722374,0.0,0.010736997704515075,6,6
872,0.0,0.0,0.0005376678063310147,0.0,0.0024997480633340754,0.001758069408674185,0.003964302702737867,6,2
873,0.0,0.0,0.0,0.00017825603358308793,0.0019609787448092346,0.0,0.006717224744286626,6,6
874,0.0,0.0,0.0,0.0005757854987723205,0.0026144530852828794,0.0,0.008120066791543657,6,0
875,0.0,0.0,0.0,0.0016622022652698289,0.0024354182450193186,0.0,0.01727677498664689,6,0
876,0.0,0.0,0.0,0.0,0.0023260850487666286,0.0,0.002410960169736599,6,3
877,0.003153928499270257,0.0,0.0,0.0,0.00016227244830306365,0.013237540224036327,0.0,5,2
878,0.0,0.0,0.0,0.0,0.0050296291158008185,0.0,0.009680743029205628,6,6
879,0.0,0.0,0.0,0.004382950077406907,0.00045501568589219663,0.0,0.014649625146345503,6,6
880,0.0,0.0,0.0,0.00038834634260866726,0.0,0.0,0.0,3,4
881,0.0,0.0,0.0,0.0,0.0,0.0,0.0,0,1
882,0.0,0.0,0.0,0.0,0.0,0.0,0.0,0,1
883,0.0,0.0,0.0,0.0,0.0,0.0,0.0,0,4
884,0.0,0.0,0.0,0.0027096945712865536,0.002279001607704873,0.0,0.010378466070787672,6,0
885,0.0,0.0,0.0,0.0,0.0,0.0,0.0,0,1
886,0.0,0.0,0.0,0.0,0.0,0.0,0.0,0,1
887,0.0,0.0,0.0,0.0,0.0,0.0,0.0,0,1
888,0.0,0.0,0.0,0.0,0.0,0.0,0.0,0,1
889,0.0,0.0,0.0,0.0,0.0,0.0,0.0,0,1
890,0.0,0.0,0.0,0.000822102787147655,0.002745747371494193,0.0,0.009240835887997746,6,3
891,0.0,0.0,0.0014625567805024626,0.0,0.003331005077951783,0.00896394092224011,0.005711099583709061,5,3
892,0.0002943273191045575,0.0,0.0,0.0,0.0,0.005336231142515583,0.0,5,2
893,0.0,0.0,0.0,0.000578514023922291,0.0022677117321783995,0.0,0.006758218994926822,6,0
894,0.2326156983603952,0.0,0.0,0.0,0.0,0.016830485513844456,0.0,0,2
895,0.0,0.0,0.0,0.0,0.002146377320233658,0.0035466762163244765,0.005488204418394576,6,2
896,0.0,0.013866777545638208,0.011483155467978307,0.0,0.003957390815661395,0.009484658232876373,0.0007015417045987965,1,3
897,0.0,0.0,0.0,0.002071057725955586,0.0,0.0,0.02078087458042824,6,0
898,0.0,0.0,0.0015584492952885377,0.0,0.002986252941985365,0.006009289199112856,0.004277217858570945,5,3
899,0.0,0.0,0.0,0.0,0.0,0.013667378232947437,0.000922359671971203,5,3
900,0.0,0.0,0.0,0.0,0.006548790885113724,0.0,0.004311326098968173,4,6
901,0.0,0.0,0.0,0.0,0.0,0.0,0.0,0,1
902,0.0,0.0,0.0,0.000329378397049488,0.0024083855429043303,0.0,0.0018337357198999758,4,6
903,0.0,0.0,0.0,0.0,0.0,0.0,0.0,0,1
904,0.0,0.0,0.0,0.0,0.0,0.0,0.0,0,1
905,0.0,0.0,0.0,0.0019268517766131644,0.0011392084089958687,0.0,0.01420487066619274,6,5
906,0.0,0.0,0.0,0.0,0.0,0.0,0.0,0,1
907,0.0,0.0,0.0,0.0,0.0,0.007360890070181154,0.0,5,2
908,0.0,0.0,0.0,0.004410216907710014,0.0027630051239235605,0.0,0.01382478749811478,6,5
909,0.0,0.0,0.0,0.0015219420023834499,0.0,0.0,0.0,3,1
910,0.0,0.0,0.0,0.0016673553532544408,0.0,0.0,0.0,3,1
911,0.0,0.0,0.0,0.0013394896878239713,0.0,0.0,0.0,3,1
912,0.0,0.0,0.0,0.001200086203093773,0.00849018204143235,0.0,0.006519026871183439,4,6
913,0.0,0.0,0.0,0.0,0.0,0.0,0.004809623929197244,6,2
914,0.0,0.0,0.0,0.0,0.0,0.006239922610406621,0.00042998837357594873,5,3
915,0.0,0.0,0.0,0.0,0.0,0.0,0.0,0,1
916,0.0,0.01959238192897286,0.06640684358467719,0.0,0.003991284837787369,0.005080494598670805,0.003892492970734331,2,3
917,0.0,0.0,0.0,0.0,0.0,0.0,0.0,0,1
918,0.0,0.0,0.0,0.0,0.0,0.01335811218790113,0.0,5,2
919,0.0,0.0,0.0015409670182080354,0.0,0.00244967152208089,0.010005021074586245,0.004157314263491465,5,3
920,0.0,0.0,0.0,0.002104998428577139,0.0015435841851807407,0.0,0.007798084935736683,6,6
921,0.0,0.0,0.0,0.0,0.0,0.009507976687074433,0.0,5,2
922,0.0,0.0,0.0,0.0,0.0,0.01560795162088868,0.0,5,2
923,0.008257311834958191,0.0,0.0,0.0,0.0,0.008610628537026797,0.0,5,2
924,0.0,0.0,0.0,0.001346582164246214,0.0,0.0,0.0,3,0
925,0.0,0.0,0.0,0.0,0.0,0.0,0.0,0,1
926,0.0,0.0,0.0,0.0029558888538751917,0.003389824808919322,0.0,0.035172273099629746,6,0
927,0.0,0.0,0.0,0.003927951168819807,0.0007375062735840858,0.0,0.02101063325654278,6,3
928,0.0,0.0,0.0,0.0030685620937948273,0.0017541484095735512,0.0,0.02691665579915098,6,0
929,0.0,0.0038281594576503567,0.003962073451967283,0.0,0.002308587079870043,0.0064029695967692405,0.003399569571279271,5,3
930,0.0,0.0,0.0,0.0,0.0,0.0,0.0,0,4
931,0.0,0.0,0.0,0.0,0.0,0.052526345823823796,0.0,5,2
932,0.004249259787836879,0.0,0.0,0.0,0.0,0.016701884075396703,0.0,5,2
933,0.0,0.0,0.0,0.002070973194763466,0.0002385286313090415,0.0,0.03193880991379239,6,0
934,0.0,0.0,0.0,0.0017648579349696725,0.0,0.0,0.033163520045885075,6,0
935,0.0,0.0,0.0,0.0017749189474577148,0.0,0.0,0.033407503828347104,6,0
936,0.0,0.0,0.0,0.0,0.0,0.0,0.0,0,1
937,0.0,0.04058615163875575,0.0,0.0,0.007513756523573129,0.016484855844789436,0.0,1,3
938,0.0,0.0,0.0,0.0008719283189017933,0.0015535987637057612,0.0,0.006725340658723032,6,5
939,0.0,0.01653432170050105,0.011461654607327005,0.0,0.00468543337470275,0.010975471684634008,0.0006209350204472616,1,3
940,0.0,0.005991698377105473,0.004936301078288954,0.0,0.004804283540428454,0.004655753130581004,0.006286121837261139,6,3
941,0.0,0.0,0.0,0.0,0.005063173203043533,0.0,0.0077618924809836525,6,6
942,0.0,0.0,0.0,0.0017660163177404204,0.0,0.0,0.03315985535793985,6,0
943,0.0,0.0,0.0,0.0014519256129554784,0.001885867038566923,0.0,0.017500978064477396,6,0
944,0.0,0.0,0.0,0.0018736895765541607,0.028642719263908344,0.0,0.02110834058411986,4,6
945,0.0,0.0,0.0,0.0016891960048729807,0.026339543856739294,0.0,0.019203689814688927,4,6
946,0.0,0.0,0.0,0.0,0.0,0.0,0.00762551824328698,6,2
947,0.0,0.0,0.0,0.0,0.02025907901139716,0.0,0.007150603055421794,4,6
948,0.0,0.0,0.0,0.006331331608801799,0.004194303161257565,0.0,0.015793788082766408,6,5
949,0.0,0.0,0.0,0.0025087573370818753,0.0030449178791832074,0.0,0.013966475046789212,6,5
950,0.0,0.0,0.0,0.0,0.0,0.0,0.0,0,1
951,0.0,0.0,0.0,0.00415701669217723,0.004896194905247311,0.0,0.022251941401370073,6,5
952,0.0,0.0,0.0,0.0025350614667081516,0.0031030302347466645,0.0,0.014269880034471301,6,5
953,0.0,0.0,0.0,7.487519686929782e-05,0.0,0.0,0.0,3,4
954,0.0,0.0,0.0,0.0,0.0,0.0887362042309126,0.0,5,2
955,0.0,0.06217685495299804,0.0,0.0,0.012981141649364474,0.02475221342676874,0.0,1,3
956,0.0,0.0,0.0,0.0,0.0,0.0,0.0,0,1
957,0.0,0.0,0.0,0.0,0.0013710740338738108,0.008541525835540473,0.0017773124416434823,5,2
958,0.0,0.0,0.0,0.0,0.0,0.0,0.0,0,1
959,0.0,0.0,0.0,0.0006209150294422643,0.0037060253744441137,0.0,0.01202640087167638,6,6
960,0.0,0.0,0.0,0.002002097998323137,0.004082005782112738,0.0,0.018498289549692137,6,3
961,0.0029952927030674975,0.0,0.0,0.0,0.0,0.00707030446945224,0.0,5,2
962,0.13365585863929502,0.0,0.0,0.0,0.0,0.00973662550409099,0.0,0,2
963,0.0,0.108175804947309,0.0,0.0,0.0,0.010336735586857337,0.0217134093771408,1,2
964,0.0,0.0,0.0,0.0,0.003212426329984202,0.0,0.008759277567030703,6,6
965,0.0,0.0,0.0,0.000655688436142172,0.014338736082683056,0.0,0.01363891383469661,4,6
966,0.0,0.0,0.0,0.0007275789833773913,0.013278335404371311,0.0,0.010790394487516956,4,6
967,0.0,0.0,0.0,0.0030945164548834133,0.005888591293824488,0.0,0.01269053613097188,6,6
968,0.01561126191869745,0.0,0.0,0.0,0.0,0.01721323073250016,0.0,5,2
969,0.0,0.09846728876694491,0.0,0.0,0.0,0.01166094486107527,0.017117057556567773,1,3
970,0.0,0.0,0.0,0.0,0.0,0.0,0.0,0,1
971,0.0,0.0,0.0,0.0,0.007561505925572256,0.0,0.006166988090748743,4,2
972,0.0,0.0,0.0,0.000957996247459033,0.008212630248891425,0.0,0.009283959448848736,6,6
973,0.0,0.0,0.0,0.0062068893023717545,0.0008503431817648951,0.0,0.0033019198717994824,3,0
974,0.0,0.0,0.0,0.0,0.0,0.0,0.0,0,1
975,0.0,0.0,0.0,0.0,0.0,0.0,0.0,0,1
976,0.0,0.0,0.0,0.0,0.0,0.0,0.0,0,1
977,0.010330592330245884,0.0,0.0,0.0,0.0,0.01485642075611586,0.0,5,2
978,0.0,0.0,0.0,0.0,0.00041350596269816315,0.009250574742059068,8.960341019699245e-05,5,2
979,0.0,0.0,0.0,0.0017671805766472399,0.0,0.0,0.03317467120767003,6,0
980,0.0,0.0,0.0,0.0017640943578623603,0.0,0.0,0.03309993465985198,6,0
981,0.0,0.0,0.0,0.11126674724720093,0.0,0.004636597395536869,0.0,3,2
982,0.01613615347215253,0.0,0.0,0.0,0.0,0.017499459963784218,0.0,5,2
983,0.010226851675179527,0.0,0.0,0.0,0.0,0.011408670269989119,0.0,5,2
984,0.0,0.0,0.0,0.26155445280792344,0.0,0.010986451002399226,0.0,3,2
985,0.0,0.0,0.0,0.0,0.0,0.0,0.0,0,4
986,0.0,0.0,0.0,0.005413397590305467,0.0,0.0,0.10846815539022486,6,0
987,0.0,0.0,0.0,0.006047053242116237,0.0,0.0,0.12079396071579923,6,0
988,0.0,0.0,0.0,0.0021632302106817255,0.0,0.0,0.02851270199166529,6,5
989,0.0,0.0,0.0,0.0,0.0,0.015956230760074217,0.0,5,6
990,0.0,0.0006899813810999978,0.0,0.0,0.0,0.015737818837533706,0.0,5,2
991,0.0,0.0009245459205095871,0.0,0.0,0.0,0.019009653149680603,0.0,5,2
992,0.0,0.0,0.0,0.0,0.005374075843193532,0.0,0.01241922149330989,6,6
993,0.0,0.0,0.0,0.0,0.0,0.0,0.0,0,1
994,0.0,0.0,0.0,0.0,0.0004904517127849096,0.003070288727926783,0.0016844512013263833,5,2
995,0.0,0.0,0.0,0.0,0.0,0.07700675188286472,0.0,5,2
996,0.0,0.0,0.0,0.0002286961359086666,0.0020983311803280764,0.0,0.009757753449312435,6,2
997,0.0,0.0,0.0,0.0,0.0,0.05584490283247275,0.0,5,2
998,0.0,0.0,0.0,0.0,0.0002923792466534113,0.0018230845760733307,0.0010051584523977578,5,2
999,0.0,0.0,0.0,0.0,0.0,0.0,0.0,0,1
1000,0.0,0.0,0.0,0.00459349735837791,0.004658217970295485,0.0,0.020960274025197234,6,5
1001,0.002518351422650651,0.0,0.0003319004134846526,0.0,0.0016830992958223813,0.012986187956650175,0.0,5,6
1002,0.0,0.0,0.0,0.0,0.0,0.0,0.0,0,1
1003,0.0,0.0,0.0021071167214825755,0.0,0.003751169384246987,0.007539026718314963,0.005263449468097039,5,3
1004,0.0,0.0,0.0,0.0,0.0,0.0,0.0,0,1
1005,0.0,0.00229135216739467,0.0,0.0,0.0,0.01236103926586843,0.0,5,2
1006,0.0,0.0,0.0,0.0,0.0,0.14010388734160284,0.0,5,2
1007,0.0,0.0,0.0,0.0,0.0,0.07991483962828369,0.0,5,2
1008,0.0,0.0,0.0,0.0,0.0,0.0,0.0,0,1
1009,0.0,0.0,0.0,0.0,0.0,0.0,0.0,0,1
1010,0.0,0.0,0.0,0.0021691669811164716,0.0,0.0,0.02866134063550657,6,5
1011,0.0,0.0,0.0,0.0,0.0,0.09941517672787487,0.0,5,2
1012,0.0,0.0,0.0,0.002438141038399457,0.003622013006380632,0.0,0.017550696569711876,6,5
1013,0.0,0.0,0.0,0.0048231899220650375,0.0049901891524892295,0.0,0.0060920894366797,6,6
1014,0.0,0.0,0.0,0.0,0.0003014127922374668,0.00710873696997478,0.0,5,2
1015,0.0,0.004527616461731143,0.011072185023757073,0.0,0.003960858124759804,0.004575410934523444,0.007015632351312971,2,3
1016,0.0,0.0,0.0,0.0,0.0,0.0,0.0,0,1
1017,0.0,0.004527616461731145,0.01107218502375706,0.0,0.003960858124759827,0.004575410934523402,0.007015632351312973,2,3
1018,0.0,0.0,0.0,0.0,0.0,0.014330368306724855,0.0,5,2
1019,0.0,0.0,0.0,0.2504116900431248,0.0,0.01081611195439338,0.0,3,2
1020,0.0,0.0,0.0,0.0042507496560593135,0.0027582826036532558,0.0,0.013278682747212382,6,5
1021,0.0,0.0,0.0,0.004933507387602191,0.003209133586878388,0.0,0.015455617363413323,6,5
1022,0.0,0.0,0.0011412430869058182,0.0,0.0023061959183518703,0.00464309812458407,0.003349982130045136,5,3
1023,0.0,0.0,0.0,0.0016210282170933637,0.0,0.0,0.027731225992397784,6,0
1024,0.0,0.0,0.0,0.0012451712048277663,8.311060584253035e-06,0.0,0.014639067313413736,6,5
1025,0.0,0.007348361802985785,0.01867716492946821,0.0,0.005494255681184813,0.0055804900643447765,0.009973531843818311,2,3
1026,0.0,0.0,0.0,0.0,0.001831661378586751,0.0,0.004766556498765888,6,3
1027,0.0,0.0,0.0,0.0,0.0,0.006439900939205101,0.0,5,2
1028,0.0,0.0,0.0,0.0017654306624054529,0.0,0.0,0.03316588108120245,6,0
1029,0.0,0.10409509932091579,0.0,0.0,0.0,0.010913828610753998,0.0197538440714281,1,2
1030,0.0,0.0,0.0,0.0,0.0,0.07182074654374686,0.0003700290823461395,5,2
1031,0.0,0.0,0.0,9.127066785604964e-05,0.0041959879501098215,0.0,0.0063856773460899,6,6
1032,0.0,0.0,0.0,0.0,0.0,0.04294441238997744,0.0,5,2
1033,0.0,0.0,0.0,0.0,0.0,0.04088525545050649,0.0,5,2
1034,0.0,0.0,0.0,0.0012264983881638718,0.02133929744620056,0.0,0.01759442863400635,4,6
1035,0.0,0.0,0.0,0.0,0.0,0.0,0.0,0,1
1036,0.0,0.00024247895247510163,0.0011177721679397961,0.0,0.0010040322826981778,0.006337235893745759,0.001968844857305091,5,3
1037,0.0,0.0,0.0,0.0,0.0,0.0,0.0,0,1
1038,0.0,0.0,0.0,0.0,0.0,0.0,0.0,0,1
1039,0.0029952927030675,0.0,0.0,0.0,0.0,0.007069992687669854,0.0,5,2
1040,0.0,0.0,0.0,0.0004356294506153568,0.003573616127374955,0.0,0.0083017946283503,6,0
1041,0.0,0.0,0.0,0.006500265221439888,0.0016372683304129955,0.0,0.02110875762383775,6,5
1042,0.0,0.0,0.0,0.0,0.0,0.012845432377969061,0.0,5,2
1043,0.0,0.0,0.0,0.0026032387497839293,0.005161333043874752,0.0,0.010972067003715849,6,6
1044,0.0,0.0,0.0,0.0009423663777603412,0.017766530166208938,0.0,0.014004641789664166,4,6
1045,0.0,0.0,0.0,0.0,0.0,0.0,0.0,0,1
1046,0.0,0.0,0.0,0.0009163907210449167,0.0026643376974292868,0.0,0.009068810709678963,6,0
1047,0.0,0.0,0.0,0.0010945223265060196,0.0035845295132491484,0.0,0.013581119171202976,6,6
1048,0.0,0.0,0.0,0.0,0.0,0.0,0.0,0,1
1049,0.0,0.0,0.0,5.8260180053949094e-05,0.008644234444550524,0.0,0.013899003092210293,6,0
1050,0.0,0.0,0.0,7.626785645905124e-05,0.003705442694350915,0.0003852265768149989,0.01338058926688351,6,2
1051,0.0,0.0,0.0,0.0,0.0,0.0,0.0,0,1
1052,0.0,0.0,0.0,0.0,0.0,0.0,0.0,0,1
1053,0.0,0.0,0.0,0.0,0.0,0.0015073427434744737,0.0,5,2
1054,0.0,0.0,0.0,0.0,0.005706253063947643,0.011979801949794292,0.0002785793133823959,5,2
1055,0.0,0.0,0.0,0.0,0.0,0.0,0.0,0,1
1056,0.0,0.0,0.0,0.0,0.0,0.0,0.0015738026535547832,6,2
1057,0.0,0.0,0.0,0.0,0.0,0.010152759820700675,0.0,5,2
1058,0.0,0.0,0.0,0.0031790065810869336,0.24880209499997044,0.06256281862010167,0.034061925199348274,4,2
1059,0.0,0.0,0.0,0.006043355153256765,0.0,0.0,0.12161519118438564,6,0
1060,0.0,0.0,0.0,0.006004208392733517,0.0,0.0,0.06061814358664227,6,0
1061,0.0,0.0,0.0,0.004841232180067814,0.0,0.0,0.09453960963842077,6,0
1062,0.0,0.0,0.0,9.38561840181947e-05,0.012291372021374468,0.0,0.009397688252032632,4,6
1063,0.0,0.0,0.0,0.004640222429833133,0.0,0.0,0.07409131192117868,6,0
1064,0.0,0.0,0.0,0.006762534736707984,0.0,0.0,0.12540682217170834,6,0
1065,0.0,0.0,0.0,0.0,0.0,0.0,0.0,0,1
1066,0.0,0.00018148020549002927,0.0005917054976013482,0.0,0.0007853985994417665,0.012951837727943349,0.0024438355426919032,5,3
1067,0.0,0.0,0.0,0.26786131672470304,0.0,0.013140907119544597,0.0,3,2
1068,0.0,0.0,0.0,0.0,0.0,0.0,0.0,0,1
1069,0.0,0.0,0.0,0.0005550214124997586,0.0,0.0,0.0,3,1
1070,0.0,0.0,0.0,0.00014227621701792966,0.004075391533574907,0.0,0.004398661081249822,6,6
1071,0.0,0.0,0.0005453552661382104,0.0,0.00030583883740502364,0.004185348061563345,0.0037854224849974503,5,3
1072,0.0,0.0,0.0,0.0,0.0,0.0,0.0,0,1
1073,0.0,0.0,0.0,0.014271093471737864,0.001879930747966677,0.0,0.008564237188893634,3,6
1074,0.0,0.0,0.0,0.0,0.0,0.0,0.0,0,1
1075,0.0,0.0,0.0,0.0,0.0007764012094743806,0.0,0.0008566784607972576,6,4
1076,0.0,0.0,0.0,0.0057615855369717445,0.0,0.0,0.11583684634459374,6,0
1077,0.0,0.0,0.0,0.0,0.0,0.0,0.0,0,1
1078,0.0,0.0,0.0,0.001319014795562858,0.0,0.0,0.0,3,1
1079,0.0,0.008628747967048217,0.010602362277365647,0.0,0.0036185592990345098,0.00785422180830353,0.0022352604501073643,2,3
1080,0.0,0.0,0.0,0.0,0.0,0.0,0.0,0,1
1081,0.0,0.0,0.0,0.0,0.0,0.0,0.0,0,1
1082,0.000624676087888976,0.0003753895332280287,0.0010385902010410669,0.0,0.00024644170790231144,0.007129460947493315,0.0,5,2
1083,0.0,0.0,0.0,0.0,0.0,0.0,0.0,0,2
1084,0.0,0.02247357963140961,0.014919687297761035,0.0,0.005273026054919378,0.013348906454347784,0.0,1,3
1085,0.0,0.0,0.0,0.006350369837993355,0.0,0.0,0.12386428122655242,6,0
1086,0.0018584252381922209,0.001706888289145658,0.0032744824012914432,0.0,0.0,0.014840190833150397,0.0,5,2
1087,0.0006451959340383442,0.0026944961790941924,0.0040209719185652325,0.0,0.0005838751826709631,0.013604970161759693,0.0,5,2
1088,0.0,0.0,0.0,0.0019578780403624943,0.0,0.0,0.040546296380783456,6,0
1089,0.0,0.0,0.0,0.0,0.0,0.0,0.0,0,1
1090,0.0,0.0,0.0,0.0023933903605589954,0.0,0.0,0.038519579785293745,6,0
1091,0.0,0.0,0.0,0.002535909279420259,0.004991233578037483,0.0,0.0186461082692876,6,0
1092,0.0,0.0,0.0,0.0,0.0,0.015563812121162784,0.0,5,2
1093,0.0,0.004346202609903468,0.0004267982240395462,0.0,0.0027672190830117186,0.0054792417414991235,0.0016689559848132216,5,3
1094,0.0,0.0,0.0,0.0,0.0,0.0,0.0,0,1
1095,0.0,0.0,0.0,0.0,0.004155861085488774,0.0,0.0068176095271307744,6,6
1096,0.0,0.0419641505080327,0.0,0.0,0.006945352553515561,0.014147980752988084,0.0,1,3
1097,0.0,0.0,0.0,0.0036166376539430384,0.0,0.0,0.05914711765557864,6,0
1098,0.0,0.0,0.0,0.0012675165140054402,0.0032831780961717315,0.0,0.015503520001700197,6,6
1099,0.0,0.0,0.0,0.0018201966299855165,0.0017961149379959725,0.0,0.007548828070922049,6,5
1100,0.0,0.0,0.0,0.0,0.0,0.0,0.0,0,1
1101,0.0,0.0,0.0,0.0,0.0007393403543302088,0.0,0.004018867855467394,6,2
1102,0.0,0.0,0.0,4.7356322599534446e-05,0.01023430178177427,0.0,0.005847173989672096,4,6
1103,0.0,0.0,0.0,0.0,0.0,0.006644585512632923,0.0,5,2
1104,0.0,0.0025974118297971984,0.005772369757105248,0.0,0.004233525120730866,0.00708209664807008,0.004872899082212022,5,3
1105,0.0,0.0,0.0,0.0014414057836275554,0.0030764077883503843,0.0,0.012423646180436228,6,6
1106,0.0,0.0,0.0,0.018319584944992275,0.002482793839326759,0.0,0.009936333880376728,3,6
1107,0.0,0.0,0.0,0.0,0.0,0.0,0.0,0,1
1108,0.0,0.0,0.0,0.0011992837913331364,0.0,0.0,0.03847802215323925,6,2
1109,0.0,0.0,0.0,0.006047977445274798,0.003916527028945972,0.0,0.024168218574244584,6,5
1110,0.0,0.0,0.0,0.0,0.0,0.0,0.0,0,1
1111,0.00017074681047757567,0.0,0.0,0.0,0.0,0.0031548466008731496,0.0,5,2
1112,0.0,0.0,0.0,0.004413508243916461,0.0028937730074417834,0.0,0.01791141651030518,6,5
1113,0.0,0.0,0.0,0.0005073598853964404,0.007781772950068578,0.0,0.008756888276593978,6,6
1114,0.0,0.0,0.0,0.003396653539790638,0.004287385690199978,0.0,0.020375092341343052,6,5
1115,0.0,0.0,0.0,0.0012905687027306204,0.0,0.0,0.0,3,4
1116,0.0,0.0,0.0,0.0,0.0,0.0,0.0,0,1
1117,0.0,0.0,0.0,0.0,0.0037470492499720354,0.0,0.0061734737965474205,6,6
1118,0.0,0.0,0.0,0.0,0.006921023614419955,0.0,0.006750790108186269,4,3
1119,0.0,0.0,0.0,0.002716117849592068,0.00227347479342938,0.0,0.010510056682769837,6,6
1120,0.0,0.0,0.0,0.0024061145787884707,0.0,0.0,0.046274477590706325,6,2
1121,0.0,0.0,0.0,0.002025119711465259,0.0003362436708899014,0.0,0.0032353203403924905,6,6
1122,0.0,0.0,0.0,0.18799168456032858,0.0,0.008193387221058411,0.0,3,2
1123,0.0,0.0,0.0,0.0,0.003653322522747827,0.0,0.00848704951093084,6,6
1124,0.0,0.0,0.0,0.00030614286474571587,0.0004717385298643925,0.0,0.0014454520611198668,6,4
1125,0.0,0.0,0.0,0.0006492563915698731,0.0,0.0,0.0,3,4
1126,0.0,0.0,0.0,0.004373109073464417,0.0,0.0,0.05162670689936717,6,0
1127,9.70027957777028e-05,1.391936937656111e-07,0.0007286384411399599,0.0,0.0,0.012008368329048481,0.0,5,2
1128,0.0,0.0,0.0,0.0,0.0003750446880669053,0.008055922436828653,0.00012187840534641582,5,2
1129,0.0,0.0,0.0,0.00039054752311813994,0.0044932028101976225,0.0,0.009619701279564226,6,6
1130,0.0,0.0,0.0,0.000399813875948288,0.01412880737352567,0.0,0.010784084016477674,4,6
1131,0.0,0.0026271139020037546,0.0,0.0,0.002773081446357709,0.0029789151072271603,0.002247050163251955,5,6
1132,0.0,0.0,0.0,0.0,0.0,0.09837404316566412,0.0,5,2
1133,0.0,0.009026880022408701,0.0150489327920272,0.0,0.0030889540120398544,0.006678261637694991,0.002135349941374595,2,3
1134,0.0,0.0,0.0,0.0006507805912589079,0.0,0.0,0.0,3,4
1135,0.0,0.0,0.0,0.0,0.0,0.017355313837232683,0.0,5,2
1136,0.0,0.0,0.0,0.0,0.0,0.0,0.0,0,1
1137,0.0,0.0,0.0,0.0,0.0,0.0,0.0,0,1
1138,0.0,0.0,0.0,0.0,0.0,0.0,0.0,0,1
1139,0.0,0.0,0.0,0.0010701481274641535,0.0,0.0,0.0,3,1
1140,0.0,0.0,0.0,0.005116764590134833,0.0023735553779367174,0.0,0.010174326065509628,6,5
1141,0.0,0.0,0.0,0.0029723656270891022,0.0,0.0,0.0544530613761165,6,0
1142,0.0,0.0,0.0,0.0033382553891285745,0.0,0.0,0.06845557436296956,6,0
1143,0.0,0.0,0.0,0.0,0.0,0.08811237245055693,0.0,5,2
1144,0.0,0.0,0.0,0.005612648346369703,0.0,0.0,0.09863882902847128,6,0
1145,0.0,0.0,0.0,0.00016736176350946543,0.0,0.0,0.0,3,4
1146,0.0,0.0,0.0,0.002638831281877982,0.0,0.0,0.04097588660114761,6,0
1147,0.0,0.0,0.0,0.006562084721016733,0.0,0.0,0.1108263708445372,6,0
1148,0.0,0.0,0.0,0.0,0.0,0.0,0.0,0,1
1149,0.0,0.0,0.0,0.0,0.0,0.0,0.0,0,1
1150,0.0,0.0,0.0,0.0,0.0,0.0,0.0,0,1
1151,0.0,0.0,0.0,0.0,0.0027640400425802073,0.002047216530053529,0.007075095749895167,6,2
1152,0.0,0.0,0.0,0.0,0.0,0.0,0.0,0,1
1153,0.0,0.0,0.0,0.1879893173073248,0.0,0.008199694811416467,0.0,3,2
1154,0.0,0.0,0.0,0.0006546541263842167,0.004974212002754962,0.0,0.008568798223258293,6,6
1155,0.0,0.0,0.0,0.0002642870734818514,0.0,0.0,0.0,3,1
1156,0.0,0.0,0.0,0.0,0.0,0.0,0.0,0,1
1157,0.0,0.0,0.0,0.0019565254875972865,0.0027985932186749586,0.0,0.009075105648260579,6,5
1158,0.0,0.0,0.0,0.0009564960387155906,0.0020920970192606597,0.0,0.004905284508210319,6,6
1159,0.0,0.0,0.0,0.0,0.0,0.0,0.0,0,4
1160,0.0,0.0,0.0,0.16099909460081452,0.0,0.00652274483244203,0.0,3,2
1161,0.0,0.0,0.0,0.0,0.0,0.0,0.0,0,1
1162,0.0,0.0,0.0,0.0,0.0,0.0,0.0,0,1
1163,0.0,0.0,0.0,0.0,0.0,0.0,0.0,0,1
1164,0.0,0.0,0.0,0.003765866843959008,0.0,0.0,0.07406716867641568,6,0
1165,0.0,0.0,0.0,0.006225337113842331,0.004526662732348676,0.0,0.022862021947993118,6,5
1166,0.0,0.0,0.0,0.00017508942488063959,0.002414423224949709,0.0,0.006936477333704343,6,6
1167,0.0,0.0,0.0,0.0021257036639289223,0.004568965016650983,0.0,0.010875554190293072,6,6
1168,0.0,0.0,0.0,0.0,0.0036648322099462425,0.0,0.004876757613868782,6,6
1169,0.0,0.0,0.0,0.00015019189584773121,0.0059537061998366815,0.0,0.00993646884077288,6,6
1170,0.0,0.0255359546829697,0.0318976145405913,0.0,0.008554528309551068,0.01967233835028264,0.0046235337731255766,2,3
1171,0.0,0.02365283992098322,0.024944686187293567,0.0,0.006879629255585329,0.017115317032163634,0.001516774072842215,2,3
1172,0.0,0.0,0.0,0.0,0.0,0.1023408129362538,0.0,5,2
1173,0.0,0.0,0.0,0.005136097813157947,0.004068632345538751,0.0,0.01778215508253726,6,5
1174,0.0,0.0,0.0,0.0,0.0,0.12944350827935525,0.0,5,2
1175,0.0,0.0,0.0,0.0,0.0,0.08420829928748114,0.0,5,2
1176,0.0,0.0,0.0,0.0,0.0,0.05178683116246076,0.0,5,2
1177,0.0,0.0,0.0,0.0009736706143520651,0.0,0.0,0.011532466135897278,6,0
1178,0.0,0.0,0.0,0.0,0.0,0.0,0.0,0,1
1179,0.0,0.0,0.0,0.0,0.0,0.0014934087432271763,0.0,5,2
1180,0.0,0.0,0.0,0.0,0.0,0.0014934087432271796,0.0,5,2
1181,0.0,0.0,0.0,0.0,0.0,0.002722195384805978,0.0,5,2
1182,0.0,0.0,0.0,0.0005607859882350754,0.0,0.0,0.0,3,4
1183,0.003516176250539831,0.0,0.0,0.0,8.764720372718155e-05,0.012413759624836585,0.0,5,2
1184,0.0,0.07359181954243967,0.0,0.0,0.008955648561127018,0.02301988572210709,0.0,1,3
1185,0.0,0.0,0.0,0.0001877777971265847,0.0008050256039892916,0.0,0.0058351374467250396,6,5
1186,0.0,0.0,0.0,0.0,0.0,0.0,0.0,0,1
1187,0.0,0.0,0.0,0.0,0.0,0.09836842793446744,0.0,5,2
1188,0.0,0.0,0.0,0.006898400965549955,0.004332376606192929,0.0,0.022676517819726197,6,5
1189,0.0,0.0,0.0,0.0043183183676534865,0.008377746903346013,0.0,0.017681803078233745,6,6
1190,0.0,0.0,0.0,0.0,0.0,0.0,0.0,0,1
1191,0.0,0.0,0.0,0.0018670177224067372,0.0037271096940729594,0.0,0.007941127914757495,6,2
1192,0.0,0.0,0.0,0.0029514816685506564,0.002103148494079184,0.0,0.013526031648853267,6,0
1193,0.0,0.0,0.0,0.0,0.0,0.0,0.0,0,1
1194,1.989010341091838e-05,0.0,0.0,0.0,0.0,0.0157767057334164,0.0,5,2
1195,0.0,0.0,0.0,0.001735304332860549,0.00037811988163419816,0.0,0.0037413680594992737,6,2
1196,0.0,0.0,0.0,0.0019199051747270488,0.004064380735751755,0.0,0.012001745795390978,6,6
1197,0.0,0.0,0.0026303908879420903,0.0,0.005464009249519442,0.006876535310074601,0.007784593834953405,6,3
1198,0.0,0.0,0.0,0.0019625246196803958,0.013442755388667866,0.0,0.014955194642424926,6,6
1199,0.0,0.0,0.0,0.0014169155782200176,0.0032436042990003984,0.0,0.014017923304656392,6,6
1200,0.0,0.0,0.0,0.0012212260701424883,0.0021481513585593064,0.0,0.009297642120982203,6,5
1201,0.3025971789827689,0.0,0.0,0.0,0.0,0.02166122756584874,0.0,0,2
1202,0.0,0.0,0.0,0.0006779434302540189,0.004313468863133009,0.0,0.007419985672216966,6,6
1203,0.0,0.0,0.0,0.0,0.0,0.0,0.0,0,1
1204,0.0,0.0,0.0,0.005798913303308511,0.004662333725054091,0.0,0.021382518855935645,6,5
1205,0.0,0.0,0.0,0.0,0.0,0.0,0.0,0,1
1206,0.0,0.0,0.0,0.004928357904193466,0.0,0.0,0.0896067795721603,6,0
1207,0.0,0.0,0.0,0.0,0.0,0.0,0.0,0,1
1208,0.0,0.0,0.0,0.0,0.0038612466612683604,0.0,0.00254929252245674,4,6
1209,0.3536236709997646,0.0,0.0,0.0,0.0,0.025735973725077757,0.0,0,2
1210,0.35192844266440765,0.0,0.0,0.0,0.0,0.025787361439691348,0.0,0,2
1211,0.0,0.0,0.0,0.0,0.0,0.004402542565308534,0.0,5,2
1212,0.0,0.0,0.0,0.0,0.0004182935654443103,0.0019822036656255743,0.0024239285421414373,6,2
1213,0.0,0.0,0.0,0.0,0.0,0.0,0.011502615430485079,6,2
1214,0.0,0.0,0.0,0.0,0.0,0.0,0.0,0,1
1215,0.0,0.0,0.001343094023748217,0.0,0.0025382502728334686,0.017703284433171415,0.0047794312686915644,5,3
1216,0.0,0.0,0.0015007411065361459,0.0,0.0,0.031903648084864386,0.0033730219661326963,5,3
1217,0.0,0.0,0.0,0.0,0.0008550573466115606,0.006310450881353992,0.0003118501003785468,5,2
1218,0.0,0.0,0.0,0.0027003504446325806,0.00974971516583108,0.0,0.020194469869119328,6,6
1219,0.0,0.0003478457371499573,0.0,0.0,0.00130406520893116,0.006281164689874393,0.0013288958919449433,5,3
1220,0.0,0.0,0.0,0.00245944098144214,9.57249591881783e-06,0.0,0.028587002341541014,6,5
1221,0.0,0.0,0.0,0.0,0.0031036544938889683,0.0,0.00019974768268653562,4,2
1222,0.0,0.001196622929796223,0.002673173087590585,0.0,0.002065320472477347,0.003468736008277143,0.002413651716090261,5,3
1223,0.0,0.0,0.0,0.000602686497447766,0.010941122036921156,0.0,0.008606815112061695,4,6
1224,0.0,0.0,0.0,0.006211951528114136,0.0008448144676312144,0.0,0.003466067442107125,3,5
1225,0.0,0.0,0.0,0.0,0.0,0.0,0.0,0,2
1226,0.0,0.0,0.0,0.0,0.0,0.0,0.0,0,1
1227,0.0,0.0,0.0,0.0,0.0,0.0488199341158758,0.0,5,2
1228,0.0,0.0,0.0,0.0017867184247257536,0.0009097755528580063,0.0,0.008078707041440434,6,5
1229,0.0,0.0,0.0,0.0010574287114361303,0.001226018174619309,0.0,0.012735746801934887,6,0
1230,0.0,0.0,0.0,0.0,0.0,0.0,0.0,0,1
1231,0.0,0.0,0.0,0.0017661002259958536,0.0,0.0,0.033158251134002885,6,0
1232,0.0,0.0,0.0,0.0,0.0,0.0,0.0,0,1
1233,0.0,0.0,0.0,0.0,0.0,0.011267047722536555,0.0,5,6
1234,0.0,0.0,0.0,0.0003154772988601375,0.0015614315611844113,0.0,0.0053698422454331604,6,2
1235,0.0,0.0,0.0,0.000253416602340647,0.006912611718551605,0.0,0.00743443726900716,6,6
1236,0.0,0.0,0.0,0.0,0.0,0.008909513533435004,0.0,5,6
1237,0.0,0.0,0.0,0.0005476030451937444,0.0,0.0,0.0,3,1
1238,0.0,0.0,0.0,0.005208792444548445,0.00766925717946692,0.0,0.017697880977237204,6,5
1239,0.0,0.0,0.0,0.0,0.0,0.0,0.014840271358777664,6,2
1240,0.0,0.0,0.0,8.143067611613649e-05,0.0,0.0,0.0,3,4
1241,0.0,0.0,0.0,0.0,0.0,0.014592485188805298,0.0,5,2
1242,0.0,0.0,0.0,7.41241402847298e-05,0.0,0.0,0.0,3,4
1243,0.0,0.0,0.0,0.0017662909288002017,0.0,0.0,0.033192278429474406,6,0
1244,0.0,0.0,0.0,0.0,0.0,0.002352228235699944,0.0,5,2
1245,0.0,0.0,0.0,0.0,0.0,0.06038236908930348,0.0,5,2
1246,0.0,0.0,0.0,0.26774484765806245,0.0,0.011130555499572663,0.0,3,2
1247,0.0,0.0,0.0,0.0034670478328562393,0.004698037803399049,0.0,0.016343661361986277,6,6
1248,0.0013901358114672801,0.0008332835321435862,0.0023022545672829425,0.0,0.000533003302172621,0.015626261882214467,0.0,5,2
1249,0.0,0.015488110884373161,0.044624099117537376,0.0,0.004537665415396386,0.007363506718270013,0.004764521858258983,2,3
1250,0.0,0.0,0.0,0.0,0.0,0.0,0.0,0,1
1251,0.0,0.03157391171838447,0.105812468854415,0.0,0.006719887692071233,0.008922778219393019,0.006536275929776219,2,3
1252,0.0,0.0,0.0,0.00331374333357514,0.0025621194065668556,0.0,0.009802359364625018,6,5
1253,0.0,0.0,0.0,0.002444921312308795,0.009410372123318604,0.0,0.02814703166890292,6,2
1254,0.0,0.0,0.0,0.0018129120799324453,0.0022002377610708464,0.0,0.026061057678943237,6,6
1255,0.0,0.0,0.0,0.0,0.0,0.0,0.0,0,1
1256,0.0,0.0,0.0,0.0,0.0,0.0,0.0,0,1
1257,0.0,0.0,0.0,0.0,0.0,0.0,0.0,0,1
1258,0.0,0.0,0.0,0.0010493600328264428,0.0,0.0,0.0,3,1
1259,0.0,0.0,0.0,0.0,0.0,0.0,0.0,0,1
1260,0.0,0.0,0.0,0.0015397158309203324,0.007178594876031796,0.0,0.01900430724886635,6,3
1261,0.0,0.0,0.0,0.0012041828411742128,0.003142867599238467,0.0,0.00787303845366557,6,3
1262,0.0,0.0,0.0,0.0015912862023561068,0.0038595964024787073,0.0,0.016299829415601173,6,6
1263,0.0,0.08961858585194336,0.0,0.0,0.0190890231829089,0.034830965536286694,0.0,1,3
1264,0.0,0.0,0.0,0.0013728342913247391,0.005597556319526935,0.0,0.01572126916510972,6,6
1265,0.0,0.0,0.0,0.0,0.0,0.008373111721903187,0.0,5,2
1266,0.0,0.0,0.0,0.16808391914687792,0.0,0.00709002587746591,0.0,3,2
1267,0.0,0.0,0.0,0.0,0.0,0.06588916943599323,0.0,5,2
1268,0.0,0.0,0.0,0.0011227811356362496,0.020804740232708188,0.0,0.014747214321117003,4,6
1269,0.0,0.0,0.0,0.005319556660611629,0.0,0.0,0.10786399491228067,6,0
1270,0.0,0.0,0.0,0.00475107505818597,0.0,0.0,0.09653632967217711,6,0
1271,0.23474315185488615,0.0,0.0,0.0,0.0,0.016770475395929473,0.0,0,2
1272,0.0,0.01707180950905069,0.013309669149716478,0.0,0.004626853567061881,0.011241385044865186,0.00026883915974167143,1,3
1273,0.0,0.0,0.0,0.004996793582324661,0.0,0.0,0.09473649071747824,6,0
1274,0.0,0.0,0.0,0.0015946542131175297,0.0,0.0,0.013472432406291684,6,1
1275,0.0,0.0,0.0,0.0,0.0,0.003973621415652954,0.003453684010599336,5,2
1276,0.0,0.0,0.0,0.0,0.0,0.0,0.0,0,1
1277,0.0,0.0,0.0,0.008356125741034509,0.0,0.0,0.15554614871513894,6,0
1278,0.0,0.0,0.0,0.004891230776830685,0.0,0.0,0.09876495524300848,6,0
1279,0.0,0.0,0.0,0.0,0.0022021103659556193,0.0050832869167442025,0.0036068157633248007,5,2
1280,0.0,0.0,0.0,0.0,0.0,0.012298720705344345,0.000724192967629403,5,3
1281,0.0,0.0,0.0,0.0004065879197151809,0.014377269366037098,0.0,0.011033204052013613,4,6
1282,0.0,0.0,0.0,9.720027267252496e-05,0.0009611616974060717,0.0,0.004473445370536016,6,2
1283,0.0,0.0,0.0,0.0005514991314786025,0.009740355046815398,0.0,0.008051889485792179,4,6
1284,0.0,0.0,0.00014625906128375895,0.0,0.001644731703601965,0.0010706157571951768,0.003076632760082746,6,6
1285,0.0,0.0,0.0,0.0,0.0,0.0,0.0,0,1
1286,0.0,0.0,0.0,0.0011368225789002593,0.02425677986833729,0.0,0.016243034628143898,4,6
1287,0.0,0.0,0.0,0.001178049904624497,0.021292788490509067,0.0,0.015345696267811437,4,6
1288,0.0,0.0,0.0,0.23234126873315306,0.0,0.009746718439036352,0.0,3,2
1289,0.0,0.0,0.0,0.0,0.0,0.013741273945874823,0.0,5,2
1290,0.0,0.0,0.0,0.002101766407487238,0.0,0.0,0.03604905373590868,6,0
1291,0.0,0.0,0.0,0.0019095898883549171,0.0,0.0,0.03427177535107537,6,0
1292,0.0,0.0,0.0,0.00031537331429941205,0.0,0.0,0.0,3,1
1293,0.0,0.0,0.0,0.0037235838801980684,0.0010868125240745077,0.0,0.01685275364643522,6,5
1294,0.0,0.0,0.0,0.0,0.0,0.0,0.0,0,1
1295,0.0,0.1011834405916282,0.0,0.0,0.0004381306526361667,0.016333281926585157,0.014134426423248693,1,3
1296,0.0,0.0,0.0,0.0,0.0,0.0032191230204441598,0.0,5,2
1297,0.0,0.0004901545940326992,0.0,0.0,0.0018228636478778023,0.00879084073796879,0.0018521293280353444,5,2
1298,0.0,0.0,0.0,0.0,0.0013813274154860528,0.006083955039530372,0.00012648262465894339,5,3
1299,0.0,0.0,0.0,0.00024116709290203058,0.0,0.0,0.0,3,4
1300,0.0,0.0,0.0,0.002331964175940521,0.0,0.0,0.04000199182832233,6,0
1301,0.0,0.0,0.0,0.00012271022290856197,0.0,0.0,0.0,3,4
1302,0.0,0.0,0.0,0.0,0.0,0.0,0.0,0,1
1303,0.0,0.0,0.0,0.0,0.0,0.0,0.0,0,1
1304,0.0,0.0,0.0,0.0,0.0,0.09792133940752143,0.0,5,3
1305,0.0,0.0,0.0,0.0,0.0,0.0,0.008744391976729042,6,2
1306,0.0,0.0,0.0,0.0,0.0,0.0,0.0,0,2
1307,0.0,0.0,0.0,0.0,0.0,0.0,0.0,0,2
1308,0.0,0.0,0.0,0.003397573351318419,0.0,0.0,0.05096492300850052,6,0
1309,0.0,0.0,0.0,0.0,0.007785598236737037,0.0,0.0,4,6
1310,0.0,0.0,0.0,0.0012307511392682397,0.007202183504621435,0.0,0.009250948849699892,6,6
1311,0.0,0.0,0.0,0.0,0.0,0.011008399342397956,0.0,5,2
1312,0.0,0.0,0.0,0.0,0.0,0.004398130866512662,0.0,5,6
1313,0.0,0.0,0.0,0.0,0.0,0.0,0.0,0,1
1314,0.0,0.0006810419120319485,0.003134242375363455,0.0,0.002773409551871555,0.017557139129166108,0.005386117329801205,5,3
1315,0.0,0.0,0.0,0.000331804380408034,0.0024059923076118327,0.0,0.0018250661484572727,4,2
1316,0.0,0.0,0.0,0.0,0.0,0.0,0.0,0,1
1317,0.0,0.00010125432986812257,0.0012943967563835593,0.0,0.001802913158244767,0.010226190175800728,0.003309463466958794,5,3
1318,0.0,0.0,0.0,0.0,0.0,0.0,0.0,0,2
1319,0.0,0.0,0.0,0.0,0.0006958616895207174,0.0037489971205606804,0.0007930759742856805,5,2
1320,0.0,0.0,0.0,0.000546109942382183,0.004170343414268399,0.0,0.004232523125202516,6,6
1321,0.0,0.0,0.0,0.0022592418752693864,0.0,0.0,0.017222872491817934,6,0
1322,0.0,0.0,0.0,0.0005772436075489482,0.0031534005287423873,0.0,0.0036961468498393807,6,2
1323,0.0,0.0,0.0,2.013025884619802e-05,0.0013408280476025563,0.00015898790802371966,0.004831496757827207,6,3
1324,0.0,0.0,0.0,0.0,0.0,0.0,0.0,0,1
1325,0.0,0.0,0.0,0.0,0.000699791742741816,0.0037608613125297043,0.000736222175197878,5,2
1326,0.0,0.0,0.00014625541774611442,0.0,0.0016434867454334626,0.0010676879017101912,0.003130418145290458,6,2
1327,0.0,0.0,0.0,0.002056126252980956,0.004057001857218429,0.0,0.017163912309198906,6,0
1328,0.0,0.0,0.0,0.0,0.0,0.0,0.0,0,1
1329,0.0,0.0,0.0,0.0,0.0,0.0,0.0,0,1
1330,0.0,0.0,0.0,0.0,0.0,0.0,0.0,0,1
1331,0.0,0.0,0.0,0.0,0.0,0.01015275982070068,0.0,5,2
1332,0.0,0.0,0.0,0.000518817571704092,0.004901732423373571,0.0,0.00987278939232457,6,0
1333,0.0,0.0,0.0,0.003117964869996271,0.0009348220975271577,0.0,0.013088567878985304,6,0
1334,0.0,0.0,0.0017540950391827773,0.0,0.0023771542906944154,0.013037609982294394,0.005029759495246409,5,3
1335,0.0,0.0,0.0,0.0037770807823260663,0.0,0.0,0.07429044871896824,6,0
1336,0.0,0.0,0.0,0.0,0.0,0.004716583406624855,0.0,5,2
1337,0.0,0.0,0.0,0.0,0.0,0.06445851520295168,0.0,5,2
1338,0.0,0.005807014651103338,6.936827014966223e-05,0.0,0.0024740505235506813,0.00690626031643622,0.0002505860867547074,5,3
1339,0.0,0.0,0.0,0.003737932808017523,0.0,0.0,0.07407862482965108,6,0
1340,0.0,0.0,0.0,0.0,0.0,0.006527011231280456,0.0,5,2
1341,0.0,0.0,0.0,0.00037768745211335254,0.004548906619472406,0.0,0.006906056728784929,6,2
1342,0.0,0.0,0.0,0.0010729900140862532,0.002684531355003915,0.0,0.009920029639945118,6,2
1343,0.0,0.0,0.0,0.0,0.0,0.0,0.0,0,1
1344,0.0,0.00879746340611646,0.0,0.0,0.00304720678623397,0.009043627886217046,0.0,5,3
1345,0.0,0.0,0.0,0.0017663507941582184,0.0,0.0,0.033164411691023174,6,0
1346,0.0,0.005807016901923689,6.937754439768067e-05,0.0,0.0024743795118338497,0.006907013296401976,0.0002714347682599322,5,3
1347,0.0,0.0,0.0,0.006528248002030476,0.007592217458236538,0.0,0.02334970358952852,6,5
1348,0.0,0.0,0.0,0.005967686347923435,0.0027154705056505776,0.0,0.01159055933984655,6,5
1349,0.0,0.0,0.0,0.0,0.0043457591785707175,0.0,0.00666178404154071,6,2
1350,0.0,0.0,0.0,0.0006094219732702087,0.005650704340257904,0.0,0.009632162549384236,6,2
1351,0.0,0.0,0.0,0.0007473612236375688,0.0,0.0,0.0,3,1
1352,0.0,0.0,0.0,0.0009579855482481238,0.016480162189319185,0.0,0.013700040386239778,4,6
1353,0.0,0.0,0.0,0.0036763365498762414,0.0017157082072231924,0.0,0.007364410198943143,6,5
1354,0.012431715506263928,0.0,0.0,0.0,0.0,0.013876007914490798,0.0,5,2
1355,0.0,0.0,0.0008711737422376951,0.0,0.0014208459130505197,0.015346109511536268,0.003096315724811692,5,3
1356,0.0,0.0,0.0,3.5382736890719343e-05,0.0,0.0,0.0,3,4
1357,0.0,0.0,0.0,0.0,0.0,0.0,0.0,0,1
1358,0.0,0.0,0.0,0.00019036545970888322,0.0,0.0,0.0007207417616427573,6,4
1359,0.0,0.0,0.0,0.0,0.0,0.0,0.0,0,1
1360,0.0,0.0,0.0,0.02273859574555075,0.0029177556542717073,0.0,0.01400828919701823,3,5
1361,0.0,0.0,0.0,0.0,0.0,0.0,0.0,0,4
1362,0.0,0.0,0.0,0.012603481659982837,0.0016463920277705484,0.0,0.007719011448719565,3,6
1363,0.0,0.0,0.0,0.01901223273520389,0.0024148115866596902,0.0,0.011751513722243223,3,5
1364,0.18993042189348577,0.0,0.0,0.0,0.0,0.0137436854238789,0.0,0,2
1365,0.0,0.0,0.0,0.0,0.0,0.0,0.0,0,4
1366,0.0,0.0,0.0,0.0024993761012230492,0.0,0.0,0.03285571910528648,6,0
1367,0.0,0.0,0.0,0.00016771752122830813,0.00813013267739146,0.0,0.006852275978590447,4,6
1368,0.0,0.0,0.0,0.0,0.0,0.06445187442761796,0.0,5,2
1369,0.27131838881814885,0.0,0.0,0.0,0.0,0.01935581524445253,0.0,0,2
1370,0.0,0.0,0.0,0.0,0.001525265605111394,0.007444585455025279,0.0001908446888130267,5,2
1371,0.0,0.0,0.0,0.0033428713865915486,0.0,0.0,0.06861773256277565,6,0
1372,0.0,0.0,0.0,1.5918737140778324e-05,0.0007200278902265822,0.0,0.003908978569401877,6,2
1373,0.0,0.0,0.0,0.0,0.0,0.0,0.0,0,1
1374,0.0,0.0,0.0,0.0009295940545651811,0.017960261737623027,0.0,0.013667130305913967,4,6
1375,0.0,0.0,0.0,0.0,0.0017899828186743588,0.0,0.0,4,2
1376,0.0,0.0,0.0,0.0,5.9522271796591205e-05,0.0,0.0007453704573028746,6,4
1377,0.0,0.0,0.0,0.0023673045056496434,0.0074800131570049375,0.0,0.007458529922159637,4,6
1378,0.0,0.0,0.0,0.0,0.0,0.018297187674043043,0.0010042956260196535,5,2
1379,0.0,0.0,0.0,0.00022717306134875976,0.0014119179987527374,0.0,0.0012402144902009802,4,2
1380,0.0,0.0,0.00041005831530141083,0.0,0.004545492428598222,0.002912137506894563,0.008622022761703044,6,3
1381,0.006665636372334733,0.0,0.0,0.0,0.0,0.015501706201156025,0.0,5,2
1382,0.0,0.0,0.0,0.0017686520470955919,0.0,0.0,0.03326212662196706,6,0
1383,0.0,0.0,0.0,0.0,0.0,0.0,0.0,0,1
1384,0.0,0.0,0.0,0.0,0.0,0.0,0.0,0,1
1385,0.0,0.0,0.0,0.002376274152876945,0.004679409251075641,0.0,0.0065565064913181885,6,6
1386,0.0,0.0,0.0,0.0011618278557301398,0.02103505727380842,0.0,0.015612784800063161,4,6
1387,0.005435424490637549,0.0,0.0,0.0,0.0,0.009605977767557006,0.0,5,2
1388,0.2982605993684973,0.0,0.0,0.0,0.0,0.024463191341386574,0.0,0,2
1389,0.0,0.07882627653839105,0.0,0.0,0.0,0.006958749146299657,0.016525036009546,1,2
1390,0.0,0.0,0.0,0.0,0.0,0.0,0.0,0,1
1391,0.0,0.0,0.0,0.0,0.0,0.0,0.0,0,1
1392,0.0,0.0,0.0,0.002102682567742298,0.0,0.0,0.03548211738848662,6,0
1393,0.0,0.0,0.0,0.0,0.0,0.0,0.0,0,1
1394,0.0,0.0,0.0,0.0,0.0,0.0009364631081836568,0.0,5,2
1395,0.0,0.0,0.0,0.0008950589098026895,0.0036782526381892483,0.0,0.010529216250070559,6,3
1396,0.0,0.0,0.0,0.0031294255091175185,0.0016111027651022744,0.0,0.016464671527057568,6,3
1397,0.0,0.0,0.0,0.0,0.004803241816394271,0.0,0.006233582686184632,6,2
1398,0.0,0.0,0.0,0.00086662092071576,0.0,0.0,0.0,3,1
1399,0.0,0.0,0.0,0.0,0.0021708140117014277,0.0,0.004509945051358413,6,6
1400,0.0,0.0,0.0,0.00426677769852967,0.0,0.0,0.06767193721183652,6,0
1401,0.0,0.0,0.0,2.1121680763803046e-05,0.007657553777319007,0.0,0.015871269826333346,6,6
1402,0.0,0.0,0.0,0.0,0.0,0.0,0.0,0,2
1403,0.0,0.0,0.0,0.0026162011681236325,0.0029775448744349025,0.0,0.013348816065018785,6,5
1404,0.0,0.0,0.0,0.0,0.0030671889105135285,0.0,0.006807855445796584,6,2
1405,0.020129438401519057,0.0,0.0,0.0,0.0,0.020708622597425844,0.0,5,2
1406,0.0,0.0,0.0,0.002384275091284516,0.0008573157832368447,0.0,0.0053676514929416885,6,5
1407,0.04971053577800269,0.0,0.0,0.0,0.0,0.015655011163705695,0.0,0,2
1408,0.0,0.0,0.0,0.0,0.0,0.008604091146812012,0.0,5,6
1409,0.0,0.0,0.0,0.0,0.0,0.009037761875868813,0.0,5,6
1410,0.0,0.0,0.0,0.0,0.0,0.011325171236193053,0.0010276743640513838,5,2
1411,0.13365585863929516,0.0,0.0,0.0,0.0,0.009731995531239589,0.0,0,2
1412,0.0,0.0,0.0,0.0,0.0,0.0,0.0,0,1
1413,0.0,0.0,0.0,0.0019215774058988268,0.0,0.0,0.0309550537478878,6,0
1414,0.0,0.0,0.0,0.004786877633271087,0.0,0.0,0.0846781822289456,6,0
1415,0.0,0.0,0.0,0.005768666438738954,0.0,0.0,0.07765588021014536,6,0
1416,0.0,0.0,0.0,0.0,0.0,0.013417958611050754,0.0,5,2
1417,0.0,0.0,0.0,0.0007561406164994175,0.004532277779607007,0.0,0.010726479019413536,6,6
1418,0.1998301730649332,0.0,0.0,0.0,0.0,0.017513187477405674,0.0,0,2
1419,0.0,0.003975442911778023,0.008073286190644631,0.0,0.0021671583780653787,0.012685394717625545,0.003723834561037617,5,3
1420,0.0,0.0,0.0,0.00491917012889645,0.0006114771098576286,0.0,0.017558012341301787,6,6
1421,0.0,0.0,0.0,0.0,0.0,0.00878805801869906,0.0,5,2
1422,0.0,0.0,0.0,0.0038598135374690425,0.0030765381221661814,0.0,0.012243003147675945,6,6
1423,0.0,0.0,0.0,0.0,0.0,0.008869762763548015,0.0005334551300300754,5,2
1424,0.0,0.0,0.0,0.0,0.005663058481152251,0.0,0.014759395461154597,6,3
1425,0.0,0.0,0.0,0.001825481163286806,0.004183978464719813,0.0,0.015175855404968056,6,0
1426,0.0,0.0,0.0,0.0007656485326128842,0.0,0.0,0.0,3,6
1427,0.0,0.0,0.0,0.0,0.0,0.0,0.0,0,4
1428,0.0,0.0,0.0,0.0,0.0,0.0,0.0,0,1
1429,0.0,0.0,0.0,0.0,0.0,0.0,0.0,0,1
1430,0.0,0.0,0.0,0.00441183295776884,0.0028270633778487665,0.0,0.01582056606929815,6,5
1431,0.0,0.0,0.0,0.0,0.0,0.24877500269007488,0.0,5,2
1432,0.0,0.0,0.0,0.0,0.0045269330496227386,0.0,0.008091204612184716,6,6
1433,0.0,0.0,0.0,9.120672846120577e-05,0.00419588367332966,0.0,0.006401026914663478,6,6
1434,0.0,0.0,0.0,0.0,0.0,0.0,0.0,0,1
1435,0.0,0.0,0.0,0.0,0.0,0.1531349068115985,0.0,5,2
1436,0.0,0.0,0.0,0.0,0.0,0.11424800860710588,0.0,5,2
1437,0.0,0.02871584970883669,0.0867419017642595,0.0,0.00908457215032576,0.012913536628555542,0.011455271714293377,2,3
1438,0.0,0.0,0.0,0.0012334524506401262,0.0030827405886510928,0.0,0.009726934523230684,6,5
1439,0.0,0.0,0.0,0.00015025337115102215,0.0,0.0,0.0,3,4
1440,0.0,0.0,0.0,0.0,0.0,0.0,0.0,0,1
1441,0.0,0.0,0.0,0.0025286329342871384,0.000603647795912173,0.0,0.03595504514844788,6,0
1442,0.0,0.0,0.001410230841678433,0.0,0.006473652833855218,0.004523748413720097,0.010186960379951903,6,3
1443,0.0,0.0,0.0,0.0,0.0,0.0,0.0,0,1
1444,0.0,0.0,0.0,0.006696863977087633,0.0,0.0,0.11262563901299114,6,0
1445,0.0,0.0,0.0,0.005084266797950925,0.0,0.0,0.09449469218369616,6,0
1446,0.0,0.0,0.0,0.0,0.0,0.0,0.0,0,1
1447,0.0,0.0,0.0,0.005679528815201101,0.0,0.0,0.1049744634550236,6,0
1448,0.0,0.0,0.0,0.0,0.0,0.0061172499597859495,0.0,5,2
1449,0.0,0.0,0.0,0.004271086687834004,0.0041916921536880565,0.0,0.015076516748072314,6,5
1450,0.0,0.0,0.0,0.0,0.0,0.0,0.0,0,4
1451,0.0,0.0,0.0,0.001574344732452246,0.0,0.0,0.027978315968356413,6,0
1452,0.0,0.010209938145257938,0.030107681068985273,0.0,0.0031336383331287718,0.004785343670615757,0.0036253963014885285,2,3
1453,0.0,0.0,0.0,0.0,0.0,0.0,0.0,0,1
1454,0.0,0.0011073531755407165,0.0066304203618921,0.0,0.0034838846746604074,0.00013167904871648354,0.009297097640850448,6,3
1455,0.0,0.0,0.0,0.00019430702979319965,0.0,0.0,0.0,3,4
1456,0.0,0.0,0.0,0.0,0.0,0.002350824515590053,0.0,5,2
1457,0.0,0.000598190535037233,0.0,0.0,0.002207930298653394,0.010659573136037872,0.0022374833629064854,5,3
1458,0.0,0.023192191409498696,0.09164642877693263,0.0,0.0016679029235924833,0.0,0.0001215179868879625,2,3
1459,0.0,0.012153080248554231,0.0010459621933141627,0.0,0.006304411164324588,0.013690194786821118,0.0025492507731860164,5,6
1460,0.0,0.0,0.0,0.0026992185231808534,0.0,0.0,0.04333236980388659,6,0
1461,0.0,0.0,0.0,0.0023483330455737546,0.0,0.0,0.03609074530130923,6,0
1462,0.0,0.0,0.0,0.0029454703603913578,0.0,0.0,0.04027012192517324,6,0
1463,0.0,0.004220476061554836,0.0004905526881571468,0.0,0.0033441915557073424,0.0060048181818502435,0.002656535431459345,5,3
1464,0.0,0.0,0.0,0.0035229676755816268,0.0,0.0,0.06278494152493069,6,0
1465,0.0,0.0,0.0,1.183773505716573e-05,0.0003225078752308623,0.0,0.0,4,4
1466,0.0,0.0,0.0,0.0,0.0,0.0,0.0,0,1
1467,0.0,0.0,0.0,0.0,0.0037648644979880325,0.0,0.003968701735090265,6,2
1468,0.0,0.0,0.0,0.0006512054624137287,0.012358200867879815,0.0,0.010575893901253063,4,4
1469,0.0,0.0,0.0,0.00033381102359091036,0.0024047723813500135,0.0,0.0018817676453141956,4,6
1470,0.0,0.0,0.0,0.0,0.0,0.013508738460479156,0.005298251138088073,5,2
1471,0.0,0.0,0.0,0.0,0.0,0.0,0.0,0,1
1472,0.0,0.0,0.0,0.0,0.0,0.013925392472335863,0.0,5,2
1473,0.0,0.0,0.0,0.0,0.0,0.008921920594641482,0.0,5,1
1474,0.0,0.0,0.0,9.38561840181882e-05,0.012291372021374458,0.0,0.009397688252032618,4,6
1475,0.0,0.0,0.0,0.00017126564347461808,0.012601266222906176,0.0,0.009672037456963083,4,6
1476,0.0,0.0,0.0,0.0006706253407907939,0.0030214418820451133,0.0,0.009379993682138123,6,0
1477,0.0,0.0,0.0,0.005258653981842412,0.006592534632771667,0.0,0.030746119593735695,6,5
1478,0.0,0.0,0.0,0.0013801533233991944,0.005441914598781152,0.0,0.016760826149995498,6,0
1479,0.0,0.0,0.0,0.0,0.0,0.0,0.0,0,1
1480,0.0,0.0,0.0,0.0,0.0,0.0,0.0,0,1
1481,0.0,0.0,0.0,0.0005126508297712938,0.0,0.0,0.0,3,4
1482,0.0,0.0,0.0,0.0,0.0021694692511586627,0.005643647902736519,0.0028248230598235647,5,0
1483,0.0,0.0,0.0,0.0,0.0,0.0,0.0,0,1
1484,0.0,0.0,0.0,0.002580505254805638,0.0021540437857261348,0.0,0.009197707529667977,6,6
1485,0.0,0.0,0.0,0.0,0.0,0.0,0.0,0,1
1486,0.0,0.0,0.0,0.004154902447572777,0.004765709621067469,0.0,0.02060330156186616,6,5
1487,0.0,0.0,0.0,0.0,0.0,0.005865855581829966,0.0,5,2
1488,0.0,0.0,0.0,0.0,0.0,0.0,0.0,0,1
1489,0.0,0.0,0.0,0.0,0.0,0.0,0.0,0,4
1490,0.0,0.0,0.00638381161384908,0.0,0.004888306206524756,0.0,0.015741953216456203,6,3
1491,0.0,0.0,0.0,2.2597181146947576e-06,0.0,0.0,0.0,3,2
1492,0.0,0.0,0.0,0.0017009695756094938,0.003895837236544644,0.0,0.021854367012127864,6,0
1493,0.0,0.0,0.0,0.0,0.0,0.0,0.0,0,4
1494,0.0,0.0,0.0,0.0006195714239708615,0.003677722592526538,0.0,0.0047353837156349455,6,6
1495,0.0,0.0,0.0,0.0013306759679268323,0.0016855603243410228,0.0,0.007841185080753998,6,5
1496,0.0,0.0,0.0,0.0,0.0,0.0,0.0,0,1
1497,0.0,0.0,0.0,0.00028705410672972805,0.0,0.0,0.0,3,4
1498,0.0,0.0,0.0,0.0002636255376639212,0.0,0.0,0.0,3,1
1499,0.0,0.0015532005568386859,0.0,0.0,0.00011444496298644683,0.017537758723218378,0.0006332733320525354,5,2
1500,0.0,0.0,0.0,0.0,0.0,0.0,0.002326870832788368,6,2
1501,0.0,0.0,0.0,0.0,0.000738753166268236,0.016087836855774394,0.0012593075806170478,5,3
1502,0.0,0.0,0.0,0.0,0.0,0.0,0.0,0,1
1503,0.0,0.0,0.0,0.003026174805986529,0.003265476067011918,0.0,0.016175183010546074,6,6
1504,0.0,0.0,0.0,0.0038772029738251964,0.0031406514164600574,0.0,0.013642265836370262,6,5
1505,0.0,0.0,0.0,0.005031125478584208,0.0,0.0,0.09636670658828494,6,0
1506,0.0,0.0,0.0,0.0,0.0,0.0,0.0,0,1
1507,0.0,0.0,0.0,0.0,0.0006302520059483501,0.0,0.000706379602914518,6,4
1508,0.0008866133522029326,0.0,0.0,0.0,0.0,0.0028872214507964815,0.0,5,2
1509,0.0,0.0,0.0,0.0037877443086099683,0.003869297151391039,0.0,0.014915768916292786,6,2
1510,0.0,0.02765838571129503,0.10470524204185634,0.0,0.0030851448491514112,0.001790462732724317,0.0017235436469481232,2,3
1511,0.0,0.0,0.0,0.0,0.0,0.0,0.0,0,1
1512,0.23474315185488617,0.0,0.0,0.0,0.0,0.016766658390480502,0.0,0,2
1513,0.0,0.0,0.0,0.0,0.0,0.0044039786828973795,0.0,5,6
1514,0.0,0.0,0.0,0.0,0.0,0.0,0.0,0,2
1515,0.0,0.0,0.0,0.0005773949407363273,0.0050477668783428095,0.0,0.009294322591619901,6,6
1516,0.0,0.0,0.00020505927728850238,0.0,0.003598434737142834,0.0019241638759400965,0.009866777284013745,6,3
1517,0.0,0.0,0.0,0.0013334104435439888,0.0016832756990909394,0.0,0.007930595056491449,6,5
1518,0.008242969018917197,0.0,0.0,0.0,0.0,0.010335698905490744,0.0,5,2
1519,0.0,0.0,0.0,0.0,0.0,0.0,0.0,0,1
1520,0.0,0.09313748898172147,0.0,0.0,0.015258867519224208,0.031321256159139804,0.0,1,3
1521,0.0,0.05928895472298651,0.0,0.0,0.009477547505524538,0.019671831048749984,0.0,1,3
1522,0.0,0.0,0.0,0.19806468552679976,0.0,0.008024889032534472,0.0,3,2
1523,0.0,0.0,0.0,0.00023378333158202274,0.0,0.0,0.0,3,4
1524,0.0,0.0,0.0,0.0012312021028328226,0.0025417322824341014,0.0,0.010225136007543456,6,0
1525,0.0,0.0,0.0,0.0,0.0024937739446056176,0.0,0.008354523653839476,6,6
1526,0.0,0.0929575868492876,0.0,0.0,0.014190518125265035,0.030274840705142973,0.0,1,3
1527,0.0,0.0,0.0,0.004413508243916484,0.002893773007441782,0.0,0.017911416510305138,6,5
1528,0.0,0.0,0.0,0.006031823685111243,0.0,0.0,0.0786950599704284,6,0
1529,0.0,0.0,0.0,0.0046734388688108915,0.005105134537758932,0.0,0.017250537631608383,6,5
1530,0.0,0.0,0.0,0.0,0.0,0.0,0.007578692774673099,6,2
1531,0.0,0.0036916223994721974,0.00031798900550656826,0.0,0.0019415445887089738,0.0042111012111006995,0.0007810026282855297,5,3
1532,0.0,0.0,0.0,0.0,0.0,0.0,0.0,0,4
1533,0.0,0.0,0.0,0.001906742191718924,0.0035757143150809355,0.0,0.021505785980992752,6,0
1534,0.0,0.0,0.0,0.004413017235084804,0.002723952378737727,0.0,0.018549262596599402,6,5
1535,0.0,0.0,0.0,0.0,0.0,0.0,0.0,0,1
1536,0.0,0.0004250497050018113,0.0011565029361714323,0.0,0.0,0.011915927054477044,0.0,5,2
1537,0.0,0.0,0.0,0.0,0.0,0.0,0.0,0,1
1538,0.0,0.0,0.0,0.0,0.0,0.0,0.0,0,4
1539,0.12234970136481083,0.0,0.0,0.0,0.0,0.009996169093474965,0.0,0,2
1540,0.0,0.0,0.0,0.0,0.0,0.004636082948457974,0.0,5,2
1541,0.0,0.0,0.0,0.0027387274714188313,0.0,0.0,0.0413977771035018,6,0
1542,0.0,0.0,0.0,0.002523933428902092,0.0036052303817147987,0.0,0.023009246465977507,6,0
1543,0.0,0.0,0.0,0.0,0.0,0.004660506683561185,0.0045482427107849084,5,2
1544,0.0,0.0,0.0,0.0,0.0,0.0,0.0,0,1
1545,0.0,0.0,0.0,0.16100170588046764,0.0,0.006516053129098546,0.0,3,2
1546,0.0,0.0,0.0,0.005574290769545361,0.0,0.0,0.11332692635070814,6,0
1547,0.0,0.0016554921933936068,0.004028332413674757,0.0,0.002826183979299532,0.003754636069350941,0.004479282253027892,6,3
1548,0.0,0.0,0.0,0.0027626330671596884,0.0,0.0,0.04338528804936346,6,0
1549,0.0,0.0,0.0,0.001334757002608651,0.0,0.0,0.0074944832474941455,6,4
1550,0.0,0.0,0.0,0.0029680714435099177,0.004605579323785948,0.0,0.021926093847430227,6,2
1551,0.0,0.0,0.0,0.0002895125795698386,0.0,0.002664625988889428,0.0,5,2
1552,0.0,0.0,0.0,0.0,0.0,0.0,0.0,0,1
1553,0.0,0.0,0.0,0.0013336298318633731,0.002203836753776188,0.0,0.01551864592180506,6,6
1554,0.0,0.0,0.0,0.002482751131561917,0.0,0.0,0.05053519067982338,6,0
1555,0.0,0.0,0.0,0.0002723831473313481,0.0,0.0,0.0,3,4
1556,0.0,0.0,0.0,0.0,0.0,0.0,0.0,0,1
1557,0.0,0.0,0.0,0.0033394332566733637,0.0037991554527387118,0.0,0.016986249409117093,6,5
1558,0.0,0.0,0.0,0.0,0.0,0.020961810774374822,0.0,5,2
1559,0.0,0.0,0.0,0.002438805975702147,0.0,0.0,0.03687976082409757,6,0
1560,0.0,0.0688796380786178,0.0,0.0,0.015007763296022268,0.02716917600330699,0.0,1,3
1561,0.0,0.0,0.0,0.0,0.0,0.0,0.007604225163175245,6,2
1562,0.0,0.0,0.0,0.0,0.0,0.06801925333903781,0.0,5,2
1563,0.0,0.0,0.0,0.0006988626865072241,0.0024378059357007256,0.0,0.006122077438063706,6,2
1564,0.0,0.0,0.0,0.0006240719028627934,0.0066178286065398184,0.0,0.005597406157086132,4,6
1565,0.0,0.0,0.0,0.0,0.0,0.035644580268049376,0.0,5,2
1566,0.0,0.0,0.0016000233077945875,0.0,0.003191964423876642,0.00642586644331456,0.004621142509556228,5,3
1567,0.0,0.0,0.0,0.0007822840594658044,0.01646964849354827,0.0,0.012696224011433607,4,6
1568,0.0,0.0,0.0,0.0,0.0,0.0,0.0,0,1
1569,0.0,0.0,0.0,0.0,0.0,0.0,0.0,0,1
1570,0.0,0.0,0.0,0.0,0.002581264849367676,0.0,0.0025340649050488964,4,2
1571,0.0,0.0,0.0,0.0027041429697708098,0.0,0.0,0.0551886068912961,6,0
1572,0.0,0.0,0.0005453552661382094,0.0,0.0003058388374050395,0.004185348061563311,0.003785422484997435,5,3
1573,0.0,0.0,0.0,0.0,0.002309448292097578,0.0,0.002180966320380603,4,2
1574,0.005319627061707874,0.0,0.0,0.0,0.0,0.027105608122080394,0.0,5,2
1575,0.0,0.0,0.0,0.0009652508530653239,0.0020845290049432696,0.0,0.005053990699083276,6,6
1576,0.0,0.0,0.0,0.0,0.0,0.0,0.0,0,1
1577,0.0,0.0,0.0,0.0021367534526720573,0.002610158139566305,0.0,0.009164514213522285,6,6
1578,0.0,0.0,0.0,0.0,0.0,0.007432935225431288,0.0,5,2
1579,0.0,0.0,0.0,0.000862634432839498,0.0,0.0,0.0,3,1
1580,0.0,0.0,0.0,0.0029676237644250705,0.0,0.0,0.05734472617068901,6,0
1581,0.0,0.0,0.0,0.0,0.0,0.0,0.0,0,1
1582,0.0,0.0,0.0,0.0,0.0,0.0,0.0,0,2
1583,0.0,0.0,0.0,0.002281474403418394,0.17950057769446218,0.04496716530044877,0.024615802997019657,4,2
1584,0.0,0.0,0.0,0.0014768413375256101,0.004174848404289974,0.0,0.012232328475734779,6,6
1585,0.0,0.0,0.0,0.0016209888895633152,0.0022117942808498503,0.0,0.01236836716267173,6,5
1586,0.0,0.0,0.0,0.0029676237644250957,0.0,0.0,0.057344726170689066,6,0
1587,0.0,0.0,0.0,0.0,0.005220217879762012,0.0,0.004458121227548986,4,6
1588,0.0,0.0,0.0,0.0030013818723396164,0.003857435336543282,0.0,0.020262145927403614,6,5
1589,0.0,0.0,0.0,0.0,0.0,0.0,0.0,0,1
1590,0.0,0.0,0.0,0.00473488617693396,0.003214274563936621,0.0,0.011927267400187134,6,5
1591,0.0,0.0,0.0,0.0,0.0,0.0,0.0,0,4
1592,0.0,0.0,0.0,0.0,0.0,0.0,0.0,0,1
1593,0.0,0.0,0.0,0.0,0.0,0.0,0.0,0,1
1594,0.0,0.0,0.0,0.0,0.0,0.0,0.0,0,1
1595,0.0,0.0,0.0,0.0,0.0,0.0,0.0,0,1
1596,0.0,0.0,0.0,0.0006357111908751594,0.0031338218150821703,0.0,0.008955126491702664,6,6
1597,0.0,0.0,0.0,0.0,0.0,0.0,0.0,0,4
1598,0.0,0.0,0.0,0.0,0.0,0.0,0.0,0,1
1599,0.0,0.0,0.0,0.0017654763262822018,0.0,0.0,0.03316255177333337,6,0
1600,0.0,0.0,0.0,0.0,0.0,0.0,0.0,0,1
1601,0.0,0.0,0.0,0.0,0.003550756756480733,0.0,0.003478219624469505,4,2
1602,0.0,0.0,0.0,0.0018436571865794494,0.0021429655354028433,0.0,0.019753114957888118,6,0
1603,0.0,0.0,0.0,0.0042240731295117885,0.0,0.0,0.06302787752124724,6,0
1604,0.0,0.0,0.0,0.0,0.0,0.012299777160512951,0.0,5,2
1605,0.0,0.0023257192962482655,0.0,0.0,0.00019426674150789012,0.01572359353395596,0.00040078415774016875,5,2
1606,0.0,3.3381585277309525e-05,0.0,0.0,0.0027285026008980473,0.0,0.003306170478847902,6,6
1607,0.0,0.0,0.0,0.0,0.0026282081591055308,0.0,0.0025348744675907295,4,4
1608,0.0,0.0,0.0,0.0,0.0,0.012310599074897887,0.0,5,2
1609,0.0,0.0,0.0,0.0009309568411740855,0.01768747794594894,0.0,0.012854100844621779,4,6
1610,0.0,0.0,0.0,0.003974461300783921,0.0,0.0,0.058109595574195816,6,0
1611,0.0,0.0,0.0,0.004200722571976749,0.0,0.0,0.0696227530650595,6,0
1612,0.0,0.0,0.0,0.00031502602742830717,0.0,0.0,0.0,3,6
1613,0.0,0.0,0.0,0.0,0.0,0.11856943559733238,0.0,5,2
1614,0.0,0.0,0.0,0.0,0.0,0.06936192820798778,0.0,5,2
1615,0.0,0.0,0.0,0.0,0.0,0.0,0.0,0,4
1616,0.0,0.0,0.0,0.0005128106841589354,0.008839209615725981,0.0,0.009604123702158256,6,6
1617,0.0,0.23010069355468524,0.0,0.0,0.0006084931744966642,0.03736444573454857,0.03490396307190339,1,3
1618,0.0,0.0,0.0,0.0,0.0,0.0,0.0,0,1
1619,0.0,0.1526040095299856,0.0,0.0,0.00039779899640233796,0.02467856528367879,0.0230585566418638,1,3
1620,0.0,0.0,0.0,0.0,0.0,0.0,0.0,0,1
1621,0.0,0.0,0.0,0.0,0.0,0.01307589600150469,0.0,5,2
1622,0.0,0.0,0.0,0.0,0.0,0.0,0.0,0,1
1623,0.0,0.0,0.0,0.0013292833021941869,0.0016872871406249936,0.0,0.007817783041987072,6,5
1624,0.0,0.07154744801253915,0.0,0.0,0.0105294332684158,0.022968576128630305,0.0,1,3
1625,0.0,0.059043594313027706,0.0,0.0,0.00894033426280993,0.019135690682873685,0.0,1,3
1626,0.0,0.0,0.0,0.0,0.0,0.011996392201729432,0.0,5,2
1627,1.6397088934065118e-05,0.0,0.0,0.0,0.0,0.01340133327531218,0.0,5,2
1628,0.0,0.0,0.0,0.0029385164217264215,0.003655720371750417,0.0,0.01810832407086413,6,5
1629,0.0,0.0,0.0,0.00017210073011214678,0.0,0.0,0.0,3,6
1630,0.0,0.0,0.0,0.0,0.0,0.0,0.0,0,1
1631,0.0,0.0,0.0,0.0,0.0,0.0,0.0,0,1
1632,0.0,0.0,0.0,0.0,0.0,0.0,0.0,0,1
1633,0.0,0.060756640419154864,0.0,0.0,8.219638087951012e-05,0.009357469165023639,0.00910197590341111,1,3
1634,0.0,0.0,0.0,0.0,0.0011094160983167057,0.0031509050157306337,0.006722928434034992,6,2
1635,0.0,0.0811729724751102,0.0,0.0,0.0004504129274586147,0.013263719116906875,0.01092481146097046,1,3
1636,0.0,0.0,0.0,0.0,0.0,0.0,0.0,0,1
1637,0.0,0.0,0.0,0.0017069053638929584,0.0024396467348981967,0.0,0.0203447847700434,6,0
1638,0.0,0.0,0.0,0.0,0.0,0.0,0.0,0,1
1639,0.0,0.0,0.0,0.0,0.0,0.0,0.0,0,1
1640,0.0,0.0,0.0,0.0,0.0,0.0,0.0,0,1
1641,0.0,0.0,0.0,0.0,0.004341473734706448,0.0,0.005248464231484234,6,6
1642,0.0,0.0,0.0,0.0,0.0,0.0,0.0,0,1
1643,0.0,0.0,0.0,0.0,0.0,0.0,0.0,0,4
1644,0.0,0.0650963337593031,0.0,0.0,0.0,0.008840538740167887,0.009959864527982417,1,3
1645,0.0,0.0,0.0,0.0009090539420877394,0.0,0.0,0.0015003719859013917,6,1
1646,0.0,0.0,0.0,0.0,0.0,0.0,0.0,0,1
1647,0.0,0.022364256817286942,0.06789917757819575,0.0,0.005966603368530223,0.009143374707490826,0.006139170849640461,2,3
1648,0.0,0.0,0.0,0.0006326132524820905,0.010640861246194344,0.0,0.008201959085712642,4,6
1649,0.0,0.0,0.0,0.0,0.0,0.0,0.0,0,3
1650,0.0,0.0,0.0,0.002446036703265833,0.0,0.0,0.05038464530005416,6,0
1651,0.0,0.0,0.0,0.0022934605305860896,0.18071451098180338,0.04521220095165399,0.0248169584772988,4,2
1652,0.0,0.0,0.0,0.0,0.0,0.0,0.0,0,4
1653,1.592222903461815e-05,0.0,0.0,0.0,0.0,0.011789526599271329,0.0,5,2
1654,0.0,0.0,0.0,0.0,0.0,0.0,0.0,0,1
1655,0.0,0.0,0.004097981272850535,0.0,0.0028367206177242425,0.0031506200816299812,0.004261482901440685,6,3
1656,0.0,0.0,0.0,0.0,0.0,0.004574052158480722,0.0,5,4
1657,0.0,0.0,0.0,0.0,0.0,0.008260025962340082,0.0,5,2
1658,0.0,0.07751737681716922,0.0,0.0,0.0,0.0063768395386783255,0.02032223024320032,1,3
1659,0.0033904408681549184,0.0,0.0,0.0,0.0,0.018812465045217257,0.0,5,6
1660,3.176483138059756e-05,0.0,0.0,0.0,0.0,0.017964557070724734,0.0,5,2
1661,0.0,0.0,0.0,0.0,0.0,0.003979272030354498,0.0,5,2
1662,0.0,0.0,0.0,0.0,0.0,0.0,0.0,0,4
1663,0.0,0.0,0.0,0.0,0.0,0.0,0.0,0,4
1664,0.0,0.0,0.0,0.0,0.0,0.0,0.0,0,1
1665,0.0,0.0,0.0,0.0,0.0,0.0,0.0,0,1
1666,0.0,0.0,0.0,0.0,0.0,0.0035504679809259506,0.0,5,2
1667,0.0,0.0,0.0,0.0,0.0,0.0,0.0,0,2
1668,0.004000272588685592,0.0,0.0,0.0,0.0,0.021722472904744206,0.0,5,2
1669,0.0,0.0,0.0,0.0,0.0,0.0,0.0,0,1
1670,0.0,0.0,0.0,0.002270210952231802,0.0010836066784162257,0.0,0.012511838623347368,6,5
1671,0.0,0.0,0.0,0.0,0.0,0.03556819667903902,0.0,5,2
1672,0.0,0.0,0.0,0.0,0.0,0.006985694787602254,0.0,5,4
1673,0.0,0.0,0.0,0.0,0.0,0.006993568897531047,0.0,5,4
1674,0.0,0.0,0.0,0.0030963307206391785,0.0023390228943296057,0.0,0.011424158466302615,6,5
1675,0.0,0.0,0.0,1.1963035061807696e-06,0.0,0.0,0.001174981407042288,6,4
1676,0.0,0.09180090265937597,0.0,0.0,0.00012300492463307843,0.012830343118704651,0.012429541239012581,1,3
1677,0.0,0.0,0.0,0.0,0.0,0.0,0.0,0,1
1678,0.0,0.0,0.0,0.0,0.0,0.0,0.0,0,1
1679,0.0,0.0,0.0,5.829943998131175e-05,0.0019213590499244516,0.0,0.003239019536686099,6,6
1680,0.0,0.0,0.0,0.0,0.0,0.04806627972615996,0.0,5,2
1681,0.0,0.0,0.0,0.0,0.0,0.0,0.0,0,2
1682,0.0,0.0,0.0,0.0,0.0,0.0,0.0,0,1
1683,0.0,0.0,0.0,0.0,0.000809560238745443,0.0,0.001918130172294634,6,4
1684,0.0,0.0,0.0,0.0011912588174377466,0.0,0.0,0.0038674917024886417,6,6
1685,0.0,0.0,0.0,0.0,0.0,0.0,0.0,0,2
1686,0.0,0.0,0.0,0.0,0.0,0.0,0.0,0,2
1687,0.0,0.0,0.0,0.0,0.0,0.0,0.0,0,2
1688,0.0,0.0,0.0,0.0,0.0,0.0,0.0,0,1
1689,0.0,0.0,0.0,0.0,0.0,0.0,0.0,0,1
1690,0.0,0.0,0.0,0.0,0.0,0.0,0.0,0,1
1691,0.0,0.05881923823169881,0.25030237127261407,0.003224964271100565,0.0,0.0,0.0,2,3
1692,0.0,0.0,0.0,0.0,0.0,0.11323743610183452,0.0,5,2
1693,0.0,0.05318729959834072,0.0,0.0,0.005765548378733277,0.016032220132819738,0.0,1,3
1694,0.0,0.000549567384364542,0.0,0.0,0.0,0.011644947157755868,0.0,5,2
1695,0.0,0.0,0.0,0.0,0.0,0.0,0.0,0,1
1696,0.0,0.0,0.0,0.004535913298052111,0.0021530426833579553,0.0,0.005417505526637791,6,6
1697,0.0,0.0,0.0,0.003014261273959119,0.002122092705186708,0.0,0.016798381619128635,6,0
1698,0.0,0.0,0.0,0.0,0.0,0.0023578522350410133,0.0,5,2
1699,0.0,0.0,0.0,0.0,0.0,0.006393052211544497,0.0,5,2
1700,0.0,0.0,0.0,0.0023842892128681163,0.004849109016654493,0.0,0.018753862097210645,6,2
1701,0.0,0.0,0.0,0.0,0.0,0.0,0.0,0,2
1702,0.0,0.0,0.0,0.0,0.0,0.12737228461007807,0.0,5,2
1703,0.0,0.0,0.0,0.0,0.0,0.01830093868772947,0.0,5,2
1704,0.0,0.0,0.0,0.0,0.0012630390674133226,0.0,0.002637605547135197,6,4
1705,0.0,0.0,0.0,0.0,0.0,0.0,0.0,0,2
1706,0.0,0.0,0.0,0.0033249098445316382,0.002287335017669546,0.0,0.01308717920612692,6,5
1707,0.0,0.0,0.0,0.0,0.0,0.007054685096876553,0.0,5,2
1708,0.0,0.0,0.0,0.0,0.0,0.08195507992738779,0.0,5,2
1709,0.0,0.0,0.0,0.0,0.0,0.036901461351543145,0.0,5,2
1710,0.0,0.0,0.0,0.0020075771397721006,0.0013021237171767766,0.0,0.011001340852294317,6,6
1711,0.0,0.0,0.0,0.0017679646247785662,0.0022500662860051096,0.0,0.010815752395107067,6,6
1712,0.0,0.0,0.0,0.0,0.0,0.019991626724843076,0.0,5,2
1713,0.0,0.0,0.0,0.0,0.0,0.0,0.0,0,1
1714,0.0,0.0,0.0,0.0,0.11426468178960844,0.0,0.0,4,6
1715,0.0,0.0,0.0,0.001254768562558161,0.0,0.0,0.0,3,4
1716,0.0,0.010492353095502187,0.0,0.0,0.0005890797946564296,0.008216940081022367,0.0014538811342340377,1,3
1717,0.0,0.0,0.0,0.0024570386889725885,0.0019577128069130406,0.0,0.014365762706853342,6,0
1718,0.0,0.0,0.0,0.0,0.0,0.0,0.0,0,1
1719,0.0,0.0,0.0,0.0,0.0,0.0,0.0,0,1
1720,0.0,0.0,0.0,0.0005929868282273516,0.0019124235851304622,0.0,0.007241208710643637,6,6
1721,0.0,0.0,0.0,0.0,0.0,0.0,0.0,0,1
1722,0.0,0.0,0.0,0.0008895731220704586,0.011898059862164278,0.0,0.009375252315877837,4,6
1723,0.0,0.0,0.0,0.0,0.0,0.0,0.0,0,1
1724,0.0,0.0,0.0,0.001529589773715955,0.0029793705125636155,0.0,0.007592820674824948,6,5
1725,0.0,0.0,0.0032925201756160575,0.0,0.0013796230241554007,0.0,0.014375116597812517,6,3
1726,0.0,0.0,0.0,0.0,0.0,0.0,0.0,0,1
1727,0.0,0.0,0.0,0.0,0.0,0.0,0.0,0,1
1728,0.0,0.0,0.0,0.0,0.0,0.0,0.0,0,4
1729,0.0,0.0,0.0023702709716762857,0.0,0.0027008732106510495,0.003309370607132924,0.004005285980048489,6,3
1730,0.0,0.0,0.0,0.002374610170574512,0.0,0.0,0.03230560993624395,6,0
1731,0.0,0.0,0.0,0.0,0.0,0.009578206023858577,0.0,5,4
1732,0.0,0.0,0.0,0.0,0.0,0.013242635923799555,0.0,5,4
1733,0.0,0.0,0.0,0.00041636287968557155,0.00590109635826901,0.0,0.005948120765660503,6,2
1734,0.0,0.0,0.0,0.00033634833983421474,0.004921082698486636,0.0,0.004972979820133728,6,2
1735,0.0,0.0,0.0,0.000546145473748989,0.008830686686101322,0.0,0.006525048124007138,4,6
1736,0.0,0.0,0.0,0.0,0.0,0.0,0.0,0,1
1737,0.0,0.0,0.0,0.0,0.0,0.0,0.0,0,2
1738,0.0,0.05696393394066298,0.0,0.0,0.007694284286873397,0.01777284028083805,0.0,1,3
1739,0.0,0.0,0.0,0.0,0.22810216720467644,0.0,0.0,4,6
1740,0.0,0.0,0.0,0.005739162247670051,0.0,0.0,0.11359933755078422,6,0
1741,0.0,0.0,0.0,0.005025756809619696,0.0,0.0,0.09930052452674953,6,0
1742,0.0,0.010492319326025255,0.0,0.0,0.0005889283497272203,0.008219046315817779,0.001460960739446731,1,3
1743,0.0,0.0,0.0,0.0,0.00015208275712648084,0.01089731404203505,0.0007153660048123528,5,3
1744,0.0,0.0,0.0,1.6451541680581685e-05,0.0,0.0,0.00018443195569535902,6,4
1745,0.0,0.0,0.0,9.136914346607717e-06,0.0010688620561627117,0.0,0.005035224061758638,6,0
1746,0.0,0.0,0.0,0.0,0.16456637220136608,0.0,0.0,4,6
1747,0.0,0.0,0.0,0.0017151978602842877,0.0022876826240602367,0.0,0.01118127743571807,6,6
1748,0.0,0.0,0.0,0.0015623112651621085,0.002071828756892948,0.0,0.010056187900414196,6,6
1749,0.0,0.0,0.0,0.004086169418126329,0.0,0.0,0.08129209460722185,6,0
1750,0.0,0.0,0.0,0.0,0.006130573746257807,0.0,0.0,4,2
1751,0.0,0.0,0.0,0.000497698222679216,0.0,0.0,0.01727611743532067,6,2
1752,0.0,0.0,0.0,0.0,0.0,0.002710559471969304,0.0,5,2
1753,0.0,0.010492356097395569,0.0,0.0,0.0005973679587986519,0.008238522701627012,0.0012191430359745979,1,3
1754,0.0,0.0,0.0,4.3093438082688726e-05,0.0,0.0,0.0,3,2
1755,0.0,0.08283277217773743,0.0,0.0,0.00015036654889014707,0.013259309799265135,0.012827491007474842,1,3
1756,0.0,0.0,0.0,0.0,0.0,0.04540638343047912,0.0,5,2
1757,0.0,0.0,0.0,0.0,0.0,0.0,0.0,0,1
1758,0.0038151753305394006,0.0,0.0,0.0,0.0,0.011375488334075999,0.0,5,6
1759,0.0,0.0,0.0,0.00018374125506348716,0.0024515916364883108,0.0,0.00535105181494461,6,3
1760,0.0,0.0,0.0,0.01393494282969569,0.0,0.0,0.01251395299282588,3,0
1761,0.0,0.0,0.0,0.0,0.0021662325759160737,0.0,0.0,4,1
1762,0.0,0.0,0.0,0.0,0.0,0.012634605972362174,0.0,5,2
1763,0.0,0.0,0.0,0.0,0.0,0.0,0.0,0,1
1764,0.0,0.0,0.0,0.004385656047702556,0.00010332330683941031,0.0,0.028047675962489523,6,5
1765,0.0,0.0,0.0,0.0,0.0,0.0,0.0,0,1
1766,0.0,0.0,0.0,0.0,0.0,0.016440081969407553,0.0,5,2
1767,0.0,0.0,0.0,0.0,0.0,0.01644008196940752,0.0,5,2
1768,0.0,0.0,0.0,0.0,0.0,0.016440081969407525,0.0,5,2
1769,0.0,0.0,0.0,0.0,0.0,0.009956305778913726,0.0,5,2
1770,0.0,0.0,0.0,0.001454726687642758,0.010635092967035223,0.0,0.011425155390538549,6,6
1771,0.0,0.0,0.0,0.0002671810059141618,0.0,0.0,0.000263894420378943,3,2
1772,0.0,0.0,0.0,0.0,0.0,0.0,0.0,0,1
1773,0.00883281845969831,0.0,0.0,0.0,0.0,0.019269735110885044,0.0,5,2
1774,0.0,0.0,0.0,0.0,0.0,0.0,0.0,0,0
1775,0.0,0.0,0.00032157525551213624,0.001678968159752638,0.0023768740518827977,0.0,0.01061490346184642,6,2
1776,0.0,0.017082238695991528,0.05318381728211078,0.0,0.0050263080354736945,0.0071859869654655436,0.006021066902335176,2,3
1777,0.0,0.0,0.0,0.0029672731475979958,0.002459326458553135,0.0,0.009373869122774318,6,2
1778,0.0,0.0,0.0,0.0,0.0,0.0,0.0,0,2
1779,0.0,0.0,0.0,0.0014742590807226524,0.019307458271824653,0.0,0.014696855340899673,4,6
1780,0.0,0.0,0.002230467841594841,0.0,0.004124442735473012,0.005394708572899095,0.005907048188882541,6,3
1781,0.0,0.0,0.0007436897803312146,0.0,0.003523789975697827,0.00247705703641458,0.005494941163963971,6,3
1782,0.0,0.0019109850231315059,0.0037857821810728166,0.0,0.002407118064136398,0.003596671493376323,0.0038282911809492397,6,3
1783,0.0,0.035095581134579966,0.15015972463042274,0.002147911078830387,0.0,0.0,0.0,2,3
1784,0.0,0.0,0.0,0.0,0.0,0.01616944946755077,0.0,5,2
1785,0.0,0.0,0.0,0.03387946184092334,0.0,0.007976579915983361,0.0,3,2
1786,0.0,0.0,0.0,0.0027238375484142517,0.0,0.0,0.05322127389591737,6,0
1787,0.0,0.0,0.0,0.0,0.0,0.0,0.0,0,1
1788,0.0,0.010492353581073335,0.0,0.0,0.0005936141077901519,0.008229064326142694,0.0013450346678633772,1,3
1789,0.0,0.04318724435950302,0.18492217303274755,0.0026825393481218042,0.0,0.0,0.0,2,3
1790,0.0,0.0,0.004306702032628762,0.00032219322212552644,0.0032017504460561436,0.0,0.016909385567558388,6,3
1791,0.0,0.0,0.0038169635325374573,0.0,0.0038536537183092344,0.0,0.011856636158384806,6,3
1792,0.00397473772296654,0.002765691303046282,0.0,0.0,0.0,0.07944825964482692,0.0,5,3
1793,0.0,0.0,0.0,0.0,0.0,0.0,0.0,0,1
1794,0.0,0.0,0.0,0.0,0.0,0.020277126145132673,0.0,5,2
1795,0.0,0.058818509901855234,0.0,0.0,0.0028125116557340697,0.013189990919672491,0.00038572303851352893,1,3
1796,0.0006735777610853686,0.0,0.0,0.0,0.0,0.009412897867748788,0.0,5,2
1797,0.0,0.0,0.0,0.0,0.0,0.012974816688065278,0.0,5,2
1798,0.0,0.0,0.0,0.0,0.0,0.0,0.0,0,1
1799,0.0,0.0,0.0,0.0013864466593475208,0.004205085829595342,0.0,0.007963341535394117,6,6
1800,0.0,0.0,0.0,0.005609794810113002,0.003829682080426492,0.0,0.01261117700787521,6,5
1801,0.0,0.0,0.0,0.0,0.0,0.0,0.0,0,1
1802,0.0,0.0,0.0,0.0,0.0,0.096576722401409,0.0,5,3
1803,0.0,0.0012080977351009669,0.0,0.0,0.001168786314134665,0.010760964134465508,0.0020059189017372866,5,2
1804,0.0,0.0015129396711116817,0.0,0.0,0.007886252873319548,0.0037879334781211805,0.0039521445419657564,4,6
1805,0.0,0.0,0.0,0.0,0.0,0.0,0.0,0,1
1806,0.0,0.05702667425240081,0.0,0.0,0.0006406993387468975,0.012204547474393269,0.00922052342638665,1,3
1807,0.0,0.0,0.0,0.00041636287968560234,0.005901096358269018,0.0,0.005948120765660506,6,2
1808,0.0,0.0019961131929891996,0.0,0.0,0.0010814211588935213,0.015322989646622083,0.00204655721860878,5,2
1809,0.0,0.0,0.0,0.0,0.0,0.0,0.0,0,1
1810,0.0,0.0,0.0,0.0,0.0,0.044987045186760014,0.0,5,2
1811,0.0,0.02825373437731895,0.0,0.0,0.001194845624918442,0.011966258911876932,0.005742802414471683,1,3
1812,0.0,0.0,0.0,0.0,0.0032741280579071273,0.005202414361772953,0.004804411322191155,5,3
1813,0.0,0.0,0.0,0.0,0.0,0.03022967554729527,0.0,5,2
1814,0.0,0.0,0.0,0.0,0.0,0.0,0.0,0,1
1815,0.0,0.0,0.001993033287378394,0.0,0.0035106681732002313,0.009548768465531843,0.0048924251558395805,5,3
1816,0.0,0.0,0.0,0.0,0.0,0.0023810752913760195,0.0,5,2
1817,0.0,0.0,0.0,0.0,0.0,0.0,0.0,0,1
1818,0.0,0.05702667425240082,0.0,0.0,0.0006406993387469043,0.012204547474393286,0.00922052342638665,1,3
1819,0.0,0.0,0.0,0.0,0.0,0.0,0.0,0,1
1820,0.0,0.0,0.0,0.0031596345682714357,0.002073484464576294,0.0,0.010595229355604937,6,5
1821,0.0,0.03731325350997792,0.15566654399528707,0.0011647558197669448,0.0005958430141741098,0.0,0.0,2,3
1822,0.0,0.0,0.0,0.0,0.0,0.0,0.0,0,1
1823,0.0,0.0,0.0,0.00032768797077071746,0.0,0.0,0.0,3,2
1824,0.0,0.0,0.0,0.0,0.0,0.0,0.0,0,1
1825,0.0,0.0,0.0,0.0008985687600502274,0.0,0.0,0.01660951363620168,6,0
1826,0.0,0.0,0.0,0.0,0.0,0.0,0.0,0,2
1827,0.0,0.0,0.0,0.0,0.006132135133035649,0.0,0.0,4,2
1828,0.0,0.0,0.0,0.0,0.0023745020826804798,0.0,0.0010732544187556307,4,4
1829,0.0,0.0,0.0,0.00017677456982853235,0.0,0.0,0.0,3,4
1830,0.0,0.0,0.0,0.0,0.0,0.0,0.0,0,1
1831,0.0,0.0,0.0,0.00012352355060511443,0.0,0.0,0.0,3,1
1832,0.0,0.0,0.0,0.0,0.044499301813656106,0.0,0.0007876779783195996,4,6
1833,0.0,0.0,0.0,0.0021175033037786482,0.002720253101401301,0.0,0.010679180340131579,6,5
1834,0.0,0.0,0.0,0.0019793953289683067,0.0026367588310280358,0.0,0.012708789849439076,6,6
1835,0.0,0.0,0.0,0.0,0.0,0.0,0.0,0,1
1836,0.0,0.0,0.0,0.0,0.0,0.009116662677221313,0.0,5,2
1837,0.0,0.0,0.0,0.0007456570773847601,0.0,0.00105158571943845,0.0,5,6
1838,0.001818697782141665,0.0,0.0,0.0,0.0,0.0240981094115971,0.0,5,2
1839,0.0,0.0,0.0,0.0,0.0,0.0,0.0,0,4
1840,0.0,0.0,0.0,0.0,0.0,0.0002614552698852436,0.0027250880210617223,6,2
1841,0.0,0.0,0.0,0.0,0.0,0.0,0.0,0,1
1842,0.0,0.0,0.0,0.0,0.0,0.0,0.0,0,1
1843,0.0,0.002983206536113652,0.0,0.0,0.0005440394787189242,0.0125840103057615,0.0014050583205705357,5,2
1844,0.0,0.0,0.0,0.0,0.0,0.0,0.0,0,4
1845,0.0,0.0,0.0,0.001939132833469191,0.0,0.0,0.0387173286672637,6,0
1846,0.0,0.1202305658645797,0.0,0.0,0.0,0.018773537925762782,0.019344719581669296,1,3
1847,0.0,0.08233613961822518,0.0,0.0,0.00018475854809004206,0.013255350866754416,0.012612748228936413,1,3
1848,0.0,0.0,0.0,0.0,0.0,0.011518957086549864,0.0,5,4
1849,0.0,0.0,0.0,0.0,0.0,0.0,0.0,0,1
1850,0.0,0.11723113041659852,0.0,0.0,0.0002348171681872851,0.01868070169894093,0.017804444426649097,1,3
1851,0.0,0.0,0.0,0.0,0.0003344283688544381,0.0,0.0009601539900260892,6,3
1852,0.0,0.0,0.0,0.0,0.0,0.0,0.0,0,1
1853,0.0,0.0,0.0,0.0,0.0,0.0,0.0,0,1
1854,0.0,0.0,0.0,0.00037121834404837565,0.005152056042010911,0.0,0.015515989244389393,6,6
1855,0.0,0.0,0.0,0.0010544144898627953,0.0013846029621139742,0.0,0.009416395510724304,6,0
1856,0.0,0.0,0.0,0.0,0.0,0.02028890091857393,0.0,5,2
1857,0.0,0.1007774189074473,0.0,0.0,0.0002232173009842201,0.016210701349434923,0.015433603254438993,1,3
1858,0.0,0.08313487756278189,0.0,0.0,9.548897360676803e-05,0.013244085580207815,0.013009654998628347,1,3
1859,0.0,0.0483189041614358,0.2016793769107622,0.0015278677171092002,0.0007517597468631032,0.0,0.0,2,3
1860,0.0,0.05008471491281615,0.21460579580185216,0.0031521640602818046,0.0,0.0,0.0,2,3
1861,0.0,0.04996576409459645,0.21401349811499248,0.003121551092224247,0.0,0.0,0.0,2,3
1862,0.0,0.0,0.0,0.0,0.0,0.008475267375805144,0.0,5,1
1863,0.0,0.031170982005233962,0.1305339884528627,0.0010800225183621747,0.00038622384500090187,0.0,0.0,2,3
1864,0.0,0.0,0.0,0.0,0.0,0.0,0.0,0,1
1865,0.0,0.10164569499956998,0.0,0.0,0.00014985763989770523,0.016225153918134685,0.015891956940362013,1,3
1866,0.0,0.0,0.0,0.0,0.0,0.007225768143772417,0.0,5,1
1867,0.0,0.0,0.0,0.0,0.013917021910197063,0.0,0.005568870972413501,4,6
1868,0.0,0.0,0.0,0.0,0.1490100662135205,0.0,0.0,4,6
1869,0.0,0.0,0.0,0.000893012438251138,0.0011514287734319603,0.0,0.0055367946093428785,6,6
1870,0.0,0.0,0.0,0.0,0.0,0.011862739708293803,0.0,5,4
1871,0.0,0.10483820133543446,0.0,0.0,0.0,0.016260280415198846,0.017087218785559893,1,3
1872,0.0,0.0,0.0,0.0012363606608050087,0.001602949050800016,0.0,0.006300015278708667,6,0
1873,0.0,0.0,0.0,0.001087961466122546,0.014649997428814383,0.0,0.011468898748076441,4,6
1874,0.0,0.0,0.0,0.001694338605628911,0.0023790624227982386,0.0,0.010366870281643332,6,6
1875,0.0,0.0011139495356755635,0.0,0.0,0.0004946319847619668,0.00781501439555626,0.000811819981088878,5,2
1876,0.0,0.0,0.0,0.0016597568318710912,0.0,0.0,0.0,3,4
1877,0.0,0.0,0.0,0.0,0.0075907381062105626,0.0019956389393343014,0.006171237490817942,4,6
1878,0.0,0.038753306865504496,0.16285854484036513,0.0015483595513769517,0.00023875855667358483,0.0,0.0,2,3
1879,0.0,0.0,0.001695540814943533,0.0008878196624371617,0.002709669985435416,0.0,0.012201198743370131,6,3
1880,0.0,0.0,0.0,0.001659756831871092,0.0,0.0,0.0,3,4
1881,0.0,0.0,0.0,0.0,0.0,0.022910423464406315,0.0,5,2
1882,0.0,0.0,0.0,0.0,7.320046233341495e-05,0.004979817986308698,0.00032782358298226233,5,2
1883,0.0,0.0,0.0,0.0,6.095492196227121e-05,0.005984331950317112,0.003627445305297085,5,2
1884,0.0,0.10483820133543444,0.0,0.0,0.0,0.016260280415198846,0.017087218785559903,1,3
1885,0.0,0.0,0.0,0.0006916996062282239,0.0012236526510314679,0.0,0.005847719169124603,6,2
1886,0.0,0.0,0.0,0.0,0.0,0.031173221964821366,0.0,5,2
1887,0.0,0.10664024450249143,0.0,0.0,0.0,0.01625543455431737,0.017611794786347737,1,3
1888,0.0,0.0,0.0,0.0,0.0,0.11117417519532427,0.0,5,2
1889,0.0,0.0,0.0,0.0005133672687619474,0.0,0.0,0.0,3,4
1890,0.0,0.0,0.0,0.0007330247970203486,0.01454913562937084,0.0,0.010623314712173808,4,6
1891,0.0,0.0,0.0,0.0,0.0,0.0,0.0,0,2
1892,0.0,0.0,0.0,0.0,0.0,0.0,0.0,0,1
1893,0.0,0.0,0.0,0.0032014530712147957,0.001795321589532498,0.0,0.006685639446341316,6,6
1894,0.0,0.0,0.0,0.004435802039352164,0.0025860831520656525,0.0,0.010486845697889498,6,5
1895,0.0,0.0,0.0,0.0009091533679086137,0.001525727963491846,0.0,0.007254191220466827,6,2
1896,0.0,0.0,0.00027811535852982725,0.0,0.008426900738485014,0.003373972082840824,0.007721459493654766,4,3
1897,0.0,0.0,0.0,0.001556938559589555,0.0,0.0,0.027844448257370372,6,0
1898,0.0,0.0,0.0,0.0004291615126486727,0.004994388560043234,0.0,0.003513290516411904,4,6
1899,0.0,0.0,0.0,0.0015006953376916273,0.0020317250975653393,0.0,0.022579420306246212,6,0
1900,0.0,0.0,0.0,0.0028511187793450916,0.0006649450170232512,0.0,0.015146884436087868,6,0
1901,0.0,0.0,0.0,0.0,0.0,0.0,0.0,0,1
1902,0.0,0.0,0.0,0.0,0.020538444253028594,0.0,0.007183683364763477,4,6
1903,0.0,0.0,0.0,0.0010137655465318409,0.0015719567834471665,0.0,0.006703786319387739,6,2
1904,0.0,0.0011725675892218432,0.0,0.0,0.0004599321544619281,0.007650883324871192,0.0010182114176804102,5,2
1905,4.905415653094293e-06,0.0,0.0,0.0,0.0,0.009067999307378054,0.0,5,2
1906,0.0,0.0,0.0,0.004535913298052146,0.0021530426833579284,0.0,0.005417505825747102,6,5
1907,0.0,0.0,0.0,0.0,0.011411423459635407,0.0,0.0,4,2
1908,0.0,0.0,0.0,0.0,0.0,0.0,0.0,0,1
1909,0.0,0.0,0.0,0.001942565704001252,0.0,0.0,0.03879218116394213,6,0
1910,0.0,0.0,0.0,0.0,0.0,0.00924040677396285,0.0,5,2
1911,0.0005068382516848904,0.0,0.0,0.0,0.0,0.012331143940426186,0.0,5,2
1912,0.0,0.0,0.0,0.0,0.0,0.0,0.0,0,4
1913,0.0,0.0,0.0,0.0023088584297281233,0.0,0.0,0.0336207770980701,6,0
1914,0.0,0.0,0.0,0.0010797331551607745,0.016155162719860335,0.0,0.01260739814837941,4,6
1915,0.0,0.0,0.0,0.0010456026942698862,0.016382692779059235,0.0,0.012522231130276215,4,6
1916,1.1312836787506575e-05,0.0,0.0,0.0,0.0,0.008503353730337303,0.0,5,1
1917,0.0,0.0,0.0,0.0,0.0,0.010270544479780564,0.0,5,2
1918,0.0,0.0,0.0,0.005106946879619583,0.004310077334404828,0.0,0.013474517915009887,6,0
1919,0.0,0.0,0.0,0.0,0.0,0.0,0.0,0,1
1920,0.0,0.0,0.0,0.0,0.006748170223059019,0.0004774640466250573,0.0037315862209547335,4,6
1921,0.0,0.0,0.0,0.0029410248831910285,0.0,0.0,0.044267992043189,6,0
1922,0.0,0.0,0.0,0.0017223539942588999,0.0,0.0,0.021240377482144877,6,0
1923,0.0,0.0,0.0,0.0029582053948466586,0.0,0.0,0.03766369657935658,6,0
1924,0.0,0.0,0.0,0.0,0.0,0.0,0.0,0,1
1925,0.0,0.0,0.0,0.0030276618005441315,1.2186229316628168e-05,0.0,0.024011542233618097,6,6
1926,0.0,0.0,0.0,0.0005994698799313181,0.0,0.0,0.001982262440315137,6,6
1927,0.0,0.0,0.0,0.0,0.0,0.028725647889352272,0.0,5,2
1928,0.0,0.01228615521204032,0.0378892121311019,0.0,0.0032639162987177614,0.004941651169735057,0.0033948772144781468,2,3
1929,0.0,0.0,0.0,0.002162885295982258,0.0015344355826203255,0.0,0.012157531074957957,6,0
1930,0.0,0.0029832052173727184,0.0,0.0,0.0005452591800871478,0.012586056624809211,0.0013838029582754837,5,2
1931,0.0,0.0,0.0,0.0,0.0,0.0,0.0,0,6
1932,0.0,0.0,0.0,0.0017228793062245824,0.002556343198218083,0.0,0.01724825710882783,6,0
1933,0.0,0.0,0.0,0.0019268655466943751,0.0,0.0,0.038409015876297324,6,0
1934,0.0,0.015714726953813495,0.039614846659333784,0.0,0.004902170388342116,0.00912306411012778,0.004640589455315312,2,3
1935,0.0,0.0,0.0,0.0,0.0,0.0,0.0,0,1
1936,0.0,0.0,0.0,0.0,0.0007296200901613283,0.0,0.002020470247048385,6,3
1937,0.0,0.0,0.0,0.003086440176035662,0.003479067834334071,0.0,0.010715319196922797,6,5
1938,0.0,0.0,0.0,0.002444199889178492,0.004856576109765361,0.0,0.010923037246194001,6,6
1939,0.0019641159638220155,0.0013191453518274431,0.0,0.0,0.0,0.041729157009345236,0.0,5,3
1940,0.0,0.0,0.0,0.0,0.0,0.0,0.0,0,1
1941,0.0,0.0,0.0,0.0,0.139641415120203,0.0,0.0,4,2
1942,0.0,0.0,0.0,0.0007475003684326134,0.0012145278147637237,0.0,0.008342241090130383,6,2
1943,0.0,0.0,0.0,0.0,0.0,0.034313733795494974,0.0,5,2
1944,0.0,0.0,0.0,0.0,0.0,0.0,0.0,0,1
1945,0.0,0.0,0.0,0.0,0.0,0.0,0.0,0,1
1946,0.0,0.021301627871635465,0.06832295341959846,0.0,0.005220289916696148,0.0074312993324130595,0.005511965371221406,2,3
1947,0.0,0.0,0.0,0.0,0.0,0.0,0.0,0,1
1948,0.0,0.0,0.0,0.0019317184169622176,0.004335123060119339,0.0,0.009990063816430693,6,2
1949,0.0,0.0,0.0,0.005152644726120357,0.0034856498046115674,0.0,0.017359243914293714,6,0
1950,0.0,0.0,0.0,0.0,0.007844623367551899,0.0,0.006077984649348715,4,6
1951,0.0,0.0,0.0,0.0,0.0,0.007772242273325729,0.0,5,2
1952,0.0,0.0,0.0,0.0,0.0,0.0,0.0,0,3
1953,0.0,0.0,0.0,0.0,0.0,0.011208008389954957,0.0,5,2
1954,0.0,0.03563792133692271,0.15285674670678687,0.0022853191778110325,0.0,0.0,0.0,2,3
1955,0.0,0.0,0.0,9.324358091752882e-05,0.011239625863715675,0.0,0.008877411069306566,4,6
1956,0.0,0.0,0.0,0.0002354288734475889,0.011929433057861687,0.0,0.010013734185937173,4,6
1957,0.0,0.0,0.0,0.0,0.0,0.0,0.0,0,1
1958,0.0,0.0,0.0,0.0,0.0,0.0,0.0,0,1
1959,0.0,0.0,0.0,0.0,0.0,0.0,0.0,0,1
1960,0.0,0.0,0.0,0.0,0.0,0.0,0.0,0,1
1961,0.0,0.0,0.0,0.0,0.015890720920189325,0.0,0.0,4,2
1962,0.0,0.00026911117480181267,0.0027570306340757842,0.0,0.003585826799711227,0.0049604705585328925,0.004831862241537231,5,3
1963,0.0,0.0,0.0,0.0,0.07299762541433302,0.0,0.0,4,6
1964,0.0,0.0,0.0,0.0,0.0,0.0,0.0,0,1
1965,0.0,0.0,0.0,0.0,0.0,0.0003337501395330442,0.003770085622089645,6,6
1966,0.0,0.00127905562072805,0.0,0.0,0.0008640652094288028,0.010347761620148254,0.001558823469288988,5,3
1967,0.0,0.03111360865603339,0.13024895036311124,0.001066125582834173,0.00039861336907295067,0.0,0.0,2,3
1968,0.0,0.0,0.0,0.0,0.0,0.0,0.0,0,1
1969,0.0,0.0,0.0,0.0,0.0,0.0,0.0,0,4
1970,0.0,0.0,0.0,0.003928691056680451,0.0,0.0,0.07531016664661684,6,0
1971,0.0,0.0,0.0,0.0023748011580759735,0.0,0.0,0.0364443858184205,6,0
1972,0.0,0.0013514844142493909,0.0,0.0,0.0007471191476123564,0.01026172301748297,0.0013520731221923145,5,2
1973,0.0,0.0,0.0,0.0,0.0,0.0,0.0,0,2
1974,0.0,0.0,0.0,0.005629019462023184,0.004867122038854433,0.0,0.01679955081542737,6,5
1975,0.0,0.0,0.0,0.0007512830217927185,0.0021144637950397376,0.0,0.013325746264382956,6,3
1976,0.0,0.0,0.0,0.0,0.0,0.0,0.0,0,0
1977,0.0,0.0,0.0,0.0,0.0,0.027181339052267793,0.0,5,2
1978,0.0,0.0,0.0,0.0,0.0,0.0,0.0,0,1
1979,0.0,0.0,0.0,0.0,0.0,0.0,0.0,0,0
1980,0.0,0.0,0.0,0.0015295897737159585,0.002979370512563657,0.0,0.0075928206748249885,6,5
1981,0.0,0.0,0.0,0.0,0.0,0.0,0.0,0,1
1982,0.0,0.0,0.0,0.0015332903454927092,0.0026749800601779923,0.0,0.01276385881251304,6,2
1983,0.0,0.0,0.0,0.0007984072997230181,0.002408670520964314,0.0,0.008964325340981816,6,0
1984,0.0,0.0046235740675610575,0.0,0.0,5.695853167870363e-05,0.008717469536776216,0.0,5,3
1985,0.0,0.0,0.0,0.0,0.0,0.0,0.0,0,1
1986,0.0,0.0,0.0023114990735341565,0.0,0.004644952085067714,0.005032458594058544,0.006530212687271365,6,3
1987,0.0,0.0,0.0,0.0,0.2023029382859291,0.0,0.0,4,6
1988,0.0,0.0,0.0,0.0,0.0,0.0,0.0,0,2
1989,0.0,0.01255518895210726,0.040830257342372195,0.0,0.003144355611274931,0.004342847346306747,0.0034426597319804127,2,3
1990,0.0,0.0,0.0,0.0,0.0,0.0,0.0,0,6
1991,0.0,0.0,0.0,0.0024206551464180832,0.015490082323768804,0.0,0.01280211489420858,4,6
1992,0.0,0.0,0.0,0.0,0.0,0.04639401881254239,0.0,5,2
1993,0.0,0.0,0.0,0.0,0.0017393793164919512,0.0,0.0013920252504912491,4,4
1994,0.0,0.0,0.0,0.0014856138188947701,0.0032697753693143395,0.0,0.01900622257406923,6,0
1995,0.0,0.0,0.0,0.0,0.0,0.0,0.0,0,1
1996,0.0,0.22140000092638742,0.0,0.0,0.00011219512927360929,0.03504393932981474,0.03510972637828319,1,3
1997,0.0,0.0,0.0,0.0011204954911818372,0.007884480640138207,0.0,0.0094735629628393,6,2
1998,0.0,0.0,0.0,4.8523676844529415e-05,0.009364331858134702,0.0,0.007243340313006215,4,6
1999,0.0,0.0,0.0,0.0019141731138607996,7.857098039939712e-05,0.0,0.030819789669038134,6,0
2000,0.0,0.0,0.0,0.0028250829660938807,0.0,0.0,0.030442346134449627,6,5
2001,0.0019859589266630192,0.0013572654414785112,0.0,0.0,0.0,0.04198877245503134,0.0,5,3
2002,0.0,0.012575915974363005,0.039210844793697144,0.0,0.0032654385884231148,0.0048765669909638,0.003370469101646483,2,3
2003,0.0,0.013034610706091854,0.04105150469818728,0.0,0.0030682994244650677,0.004690681538220168,0.00291572318945941,2,3
2004,0.0,0.0,0.0,0.0,0.0,0.007133728123405354,0.0,5,2
2005,0.0,0.0,0.0,0.0,0.0,0.0,0.0,0,3
2006,0.0,0.0,0.0,0.0,0.0,0.0,0.0,0,1
2007,0.0,0.022468593526557383,0.06867388898600475,0.0,0.005573902319070318,0.00876160971147384,0.005442885405600182,2,3
2008,0.0,0.016624749538787884,0.048189490071075536,0.0,0.004285615984210129,0.007397803719553235,0.003929757107103125,2,3
2009,0.0,0.0,0.0,0.0006348276636739642,0.01251813495945401,0.0,0.008675756859547001,4,6
2010,0.0,0.001545694783349406,0.009505226466717958,0.0,0.0034580100207495675,0.0,0.006317400018047937,2,3
2011,0.0,0.0,0.0,0.0,0.0,0.0,0.0,0,1
2012,0.0,0.0,0.0,0.006305601584977562,0.003510996144292229,0.0,0.013090359256416639,6,5
2013,0.0,0.0,0.0,0.003081021299479259,0.0008624116956979617,0.0,0.017503603834332786,6,6
2014,0.0,0.0,0.0,0.0,0.0,0.0,0.0,0,1
2015,0.0,0.0,0.0,0.00025323318923990565,0.0,0.0,0.0,3,4
2016,0.0,0.0,0.0,0.0,0.0,0.0,0.0,0,1
2017,0.0015885972369288194,0.0,0.0,0.0,0.0,0.0125026755295686,0.0,5,2
2018,0.0,0.0,0.0,0.0,0.0,0.0,0.0,0,1
2019,0.0,0.0,0.0,0.0,0.0,0.0,0.0,0,2
2020,0.0,0.0,0.0,0.0,0.001142353560754182,0.0,0.0009517427212424578,4,4
2021,0.0,0.0,0.0,0.0006782534928388321,0.002901358385764588,0.0,0.00863776919258568,6,6
2022,0.0,0.0,0.0,0.0,0.0,0.0,0.0,0,2
2023,0.0,0.0,0.0,0.0017459487625020942,0.022712097100697843,0.0,0.017661272654449587,4,6
2024,0.0,0.0,0.0,0.0,0.001537167217513109,0.0,0.0010806662908267042,4,4
2025,0.0,0.0,0.0,0.0021984320134832555,0.0,0.0,0.03532578577991041,6,0
2026,0.07274497327977252,0.0,0.0,0.0,0.0,0.012005357249157654,0.0,0,2
2027,0.12238999081765033,0.0,0.0,0.0,0.0,0.019571872851339486,0.0,0,2
2028,0.0,0.0,0.0,0.0023504447606605204,0.1610286067151893,0.04451199786906327,0.02105835182212603,4,2
2029,0.0,0.0,0.0,0.001272424810640003,0.0,0.0,0.0020687719084075194,6,1
2030,0.0,0.0,0.0,0.0,0.0,0.0,0.0,0,1
2031,0.0,0.0,0.0,0.0021175033037786535,0.0027202531014012985,0.0,0.010679180340131567,6,5
2032,0.0,0.0,0.0,0.0,0.0,0.0,0.0,0,1
2033,0.0,0.0,0.0,0.000936653904778669,0.0017473605774102363,0.0,0.008129905935640188,6,6
2034,0.0,0.0,0.0,0.0009530863657779864,0.007314110106103354,0.0,0.007404064241774104,6,6
2035,0.0,0.0,0.0,0.0,0.0,0.0,0.0,0,1
2036,0.0,0.0,0.0,0.0,0.0,0.0,0.0,0,1
2037,0.0,0.0,0.0,0.00025847142485324435,0.0,0.0,0.0,3,2
2038,0.0,0.0,0.0,0.0,0.0,0.0,0.0,0,1
2039,0.0,0.0,0.0,0.0,0.0,0.011699809553520981,0.0,5,2
2040,0.0,0.0,0.0,0.0,0.0,0.0,0.0,0,1
2041,0.0,0.0,0.0,0.0,0.0,0.0,0.0,0,1
2042,0.0,0.0,0.0,0.0,0.0,0.0,0.0,0,1
2043,0.0,0.0,0.0,9.200988699004088e-05,0.00265665978624028,0.0,0.004499889349782216,6,4
2044,0.0,0.17204599575395332,0.0,0.0,0.0,0.014479012518981956,0.0445375634007805,1,3
2045,0.0,0.0,0.0,0.0,0.0,0.0,0.0,0,4
2046,0.0,0.0,0.0,0.003258220626079606,0.001556660110206807,0.0,0.003922631140013859,6,6
2047,0.0,0.0,0.0,0.0,0.0,0.0,0.0,0,1
2048,0.0,0.0,0.0,0.00504112867739291,0.004685067755346912,0.0,0.017579325877491427,6,5
2049,0.0,0.00615032101348198,0.0,0.0,0.0,0.025820567264358923,0.0,5,2
2050,0.0,0.0,0.0,0.008438088766847365,0.0017739020542824374,0.0,0.013086485740476196,6,0
2051,0.0,0.0,0.0,0.0,0.0,0.0,0.0,0,1
2052,0.0,0.0,0.0,0.00407416080562858,0.0027869584610646725,0.0,0.010326337151865466,6,5
2053,0.0,0.0,0.0,0.0,0.0,0.012253979135074864,0.0,5,2
2054,0.0,0.12107149510443191,0.0,0.0,0.0,0.018778011449927696,0.019718208140420516,1,3
2055,0.0,0.0,0.0,0.0,0.0,0.0,0.0,0,1
2056,0.0,0.0005251091667251591,0.010586719418196888,0.0,0.001826395107586434,0.00025172103717885586,0.002965257608570215,2,3
2057,0.0,0.0,0.0,0.0,0.0012167916884975266,0.0,0.0007327396193180033,4,4
2058,0.0,0.008533964816113836,0.0,0.0,0.0,0.03699946667333758,0.0,5,2
2059,0.0,0.0,0.0,0.0,0.04759821618356168,0.0,0.0,4,2
2060,0.0,0.0,0.0,0.0,0.0023079625239923415,0.0,0.009116353810345104,6,6
2061,0.0,0.0,0.0,0.0,0.0,0.0,0.0,0,1
2062,0.0,0.0028953392423974834,0.0,0.0,0.000997091768942937,0.015183681192572277,0.002012380225459901,5,2
2063,0.0,0.0,0.0,0.0,0.0,0.04180699982237974,0.0,5,2
2064,0.0,0.0,0.0,0.004386427743901148,0.0036210435305374477,0.0,0.013943298776824358,6,5
2065,0.0,0.0,0.0,0.0,0.0,0.013482626240190155,0.0,5,2
2066,0.0,0.0,0.0,0.0024601867169179786,0.0009236441136004093,0.0,0.01405030255767341,6,0
2067,0.00016150052673783284,0.0,0.0,0.0,0.0,0.0,0.0,0,1
2068,0.0,0.0,0.0,0.0004497480940091521,0.0,0.0,0.0,3,2
2069,0.0,0.07751736048768115,0.0,0.0,0.0,0.006381940229562634,0.02027910694218831,1,3
2070,0.0,0.07751734983854543,0.0,0.0,0.0,0.0063835793728617115,0.02028549314961454,1,3
2071,0.0,0.0,0.0,0.0,0.0,0.0,0.0,0,1
2072,0.0,0.0,0.0,0.0,0.0,0.0,0.0,0,1
2073,0.0,0.0,0.0,0.0,0.0,0.011509383316433003,0.0,5,2
2074,0.0,0.0,0.0,0.0014084265694639046,0.0013351611071302854,0.0,0.009029397881565957,6,5
2075,0.0,0.025229775965404745,0.10823540333899702,0.001623969518866094,0.0,0.0,0.0,2,3
2076,0.001975602290996376,0.0013355955497568856,0.0,0.0,0.0,0.04221924947990653,0.0,5,3
2077,0.0,0.0,0.0,0.0012475322650560268,0.0016638536296255287,0.0,0.010468127009469988,6,2
2078,0.0,0.0,0.0,0.0007263466649831227,0.0009837040051111049,0.0,0.006187563723904836,6,0
2079,0.0,0.0,0.0,0.000773211983246703,0.0012491423263152853,0.0,0.008455950061935337,6,0
2080,0.0,0.0,0.0,0.0004816288061474504,0.013774664364045163,0.0,0.00856046432141554,4,6
2081,0.0,0.0,0.0,0.0,0.0,0.0,0.0,0,1
2082,0.0,0.0,0.0,0.0,0.0,0.0,0.0,0,1
2083,0.0,0.0,0.0,0.0,0.0,0.0,0.0,0,1
2084,0.0,0.0,0.0,0.0,0.0,0.0,0.0,0,1
2085,0.0,0.0,0.0,0.0,0.0,0.0,0.0,0,1
2086,0.0,0.0,0.0,0.003112547790185301,0.003758854912285808,0.0,0.011240954869583467,6,5
2087,0.0,0.0,0.0,0.0,0.0,0.0,0.0,0,1
2088,0.0,0.0,0.0,0.0,0.0,0.006225264775834762,0.0,5,1
2089,0.0,0.0,0.0,0.0008578447809620132,0.001055348780419666,0.0,0.009720095574527623,6,2
2090,0.0,0.0,0.0,0.0,0.0,0.0,0.0,0,1
2091,0.0,0.0,0.0,0.0,0.0,0.008078715793555995,0.0,5,2
2092,0.0,0.0,0.0,0.0,0.0,0.0,0.0,0,1
2093,1.584495146267166e-05,0.0,0.0,0.0,0.0,0.011545045677179696,0.0,5,2
2094,0.0,0.0,0.0,0.0,0.0,0.0,0.0,0,1
2095,0.0,0.0,0.0,0.0,0.0,0.0,0.0,0,1
2096,0.0,0.008901900425000444,0.0,0.0,0.0013226278995639347,0.01136053818721227,0.0016202990082146433,5,3
2097,0.0,0.0,0.0,0.0,0.0,0.0,0.0,0,1
2098,0.0,0.0,0.0,0.003912857865167132,0.30678076674672317,0.07704413255693295,0.04202338604744536,4,2
2099,0.0,0.0,0.0,0.0,0.0,0.0,0.0,0,1
2100,0.0,0.0020160334582371977,0.0,0.0,0.000775596032180151,0.012994445817712415,0.0017114177433016043,5,2
2101,0.0,0.0,0.0,0.0,0.0,0.0,0.0,0,1
2102,0.0,0.0,0.0,0.0007009648696878034,0.0,0.0,0.02387153859358324,6,2
2103,0.0,0.0,0.0,0.0,0.008317638647335115,0.0,0.0022075273644153112,4,6
2104,0.0,0.0,0.0,0.0,0.0,0.0,0.0,0,1
2105,0.0,0.0,0.0,0.004803862197943615,0.3697535135084838,0.09408331559314044,0.05034924130628243,4,2
2106,0.0,0.0,0.0,0.004304687259932911,0.0,0.0,0.08624690088696282,6,0
2107,0.0,0.0,0.0,0.0,0.0,0.0,0.0,0,1
2108,0.0,0.0,0.0,0.0,0.0009705449357439912,0.0024373990404487067,0.00034675944198916497,5,2
2109,0.0,0.0,0.0,0.0,0.0,0.01233965075324738,0.0,5,2
2110,0.0,0.0,0.0,0.0,0.0,0.0,0.0,0,1
2111,0.0,0.0,0.0,0.0,0.0,0.0,0.0,0,2
2112,0.0,0.0,0.0,0.004922362859176301,0.003430533738544537,0.0,0.012476264481029948,6,5
2113,0.0,0.0,0.0,0.0,0.0009672569997434649,0.0024258087708400114,0.0004553429821793006,5,2
2114,0.0,0.0,0.0,0.0,0.0018921708597850403,0.004740709979703917,0.0007735979794413654,5,2
2115,0.0,0.010209768625632772,0.0,0.0,0.0009810841011121587,0.011104969987492781,0.0,5,3
2116,0.0,0.0,0.0,0.0,0.0,0.0,0.0,0,1
2117,0.0,0.0,0.0,0.0,0.00416903695355388,0.0,0.0022170646738716784,4,3
2118,0.0,0.0,0.0,0.00515438572034598,0.004225873687087704,0.0,0.01882545139219929,6,5
2119,0.0,0.0,0.0,0.004636962986778575,0.0037031803889170578,0.0,0.01705086748470016,6,5
2120,0.0,0.0,0.0005949184230656017,0.0,0.0046304835362396875,0.0009003450829895357,0.007075492269138605,6,3
2121,0.0,0.0,0.0008990787969869024,0.0,0.0016052787816608436,0.004365060277047066,0.002245205132744756,5,3
2122,0.0,0.0,0.0,0.0015423874053820512,0.0,0.0,0.011533601259085237,6,0
2123,0.0,0.0,0.0,0.0,0.0,0.0,0.0,0,1
2124,0.0,0.0,0.0,0.0,0.0,0.0,0.0,0,1
2125,0.0,0.0,0.0,0.08519491166420418,0.0,0.0013445461106467863,0.0,3,6
2126,0.0,0.0,0.0,0.0,0.0,0.0,0.0,0,1
2127,0.0,0.0,0.0,0.0032390962834121205,0.0,0.0,0.06433859500022684,6,0
2128,0.0,0.0,0.0,0.0020773752442936138,0.0021353458433795453,0.0,0.017548547828521107,6,5
2129,0.0,0.04373619143838226,0.18765528952499,0.002823542964561105,0.0,0.0,0.0,2,3
2130,0.0,0.0,0.0,0.0,0.0,0.0,0.0,0,1
2131,0.0,0.0,0.0,0.0015405559661946172,0.0,0.0,0.028108273804951914,6,0
2132,0.0,0.0,0.0,0.11836327587804214,0.0,0.0018487974224236751,0.0,3,2
2133,0.0,0.0,0.0,0.0,0.0011431088651379035,0.0,0.0009416327262754429,4,4
2134,0.00037685876749004454,0.0,0.0,0.0,0.0,0.007850792005071777,0.0,5,2
2135,0.0,0.0,0.0,0.0,0.0,0.0040187985686429015,0.0,5,2
2136,0.0,0.0,0.0,0.0,0.0,0.0,0.0,0,4
2137,0.0,0.0,0.0,0.0020320848232830663,0.0022351390631893445,0.0,0.019649122161084102,6,0
2138,0.0,0.019160508335464246,0.0,0.0,0.002285334365601273,0.016059049850675224,0.0,1,3
2139,0.0,0.0,0.0,0.004959124758438667,0.0032337639018076396,0.0,0.015581178568653044,6,5
2140,0.0,0.07751735954975521,0.0,0.0,0.0,0.006380029973536606,0.020296265773851515,1,3
2141,0.0710015659778787,0.0,0.0,0.0,0.0,0.01141052497263768,0.0,0,2
2142,0.0,0.0,0.0,2.4149362102665064e-05,0.006522610697713847,0.0,0.004821193815031487,4,6
2143,0.0,0.0,0.0,0.0,0.0,0.0,0.0,0,1
2144,0.0,0.0,0.0,0.0,0.0,0.0,0.0,0,1
2145,0.0,0.10551037192804036,0.0,0.0,0.0,0.01625905925482814,0.017207463246755764,1,3
2146,0.0,0.0,0.0,0.00020668703688989546,0.0,0.0,0.0,3,0
2147,0.0,0.0,0.0,0.0,0.21439527950038992,0.0,0.0,4,6
2148,0.12539521472689036,0.0,0.0,0.0,0.0,0.020589241375939486,0.0,0,2
2149,0.0,0.0,0.0,0.0,0.0,0.06545795183172898,0.0,5,2
2150,0.0,0.0,0.0007533318126101189,0.0,0.0026984076291227677,0.0017579316855110682,0.003983203648865686,6,3
2151,0.0,0.0,0.0,0.0,0.0009374710190342982,0.0,0.0018565342124861098,6,6
2152,0.0,0.0,0.0,0.0,0.0,0.014025051276712623,0.0,5,2
2153,0.0,0.0,0.0,0.0,0.0,0.0,0.0,0,6
2154,0.0,0.0004096058055772978,0.0,0.0,0.007086835760242442,0.005423852372146504,0.005373748752354606,4,6
2155,0.0,0.0,0.0,0.0,0.0,0.0,0.0005412284465467708,6,4
2156,0.0,0.0,0.0,0.0031484934482008675,0.008466483742228208,0.0,0.014991636819406151,6,6
2157,0.0,0.0,0.0,0.0,0.0,0.0,0.0,0,1
2158,0.002586303570459927,0.0,0.0,0.0,0.0,0.015498132199483594,0.0,5,6
2159,0.0,0.0,0.0,0.0,0.0,0.0,0.0,0,1
2160,0.0,0.0,0.0,0.0018304040142835805,0.0028424886578072555,0.0,0.01345836317111238,6,6
2161,0.0,0.0,0.0,0.0,0.0,0.0,0.0,0,1
2162,6.657110507555937e-05,0.0,0.0,0.0,0.0,0.010774802062873151,0.0,5,2
2163,0.0,0.0,0.0,0.0,0.0,0.011851452278071155,0.0,5,2
2164,0.0,0.0,0.0,0.0,0.0,0.021599266808729634,0.0,5,2
2165,0.0,0.0,0.0,0.0006054874477013467,0.004749648348949875,0.0,0.01656115766340126,6,0
2166,0.0,0.0,0.0,0.006187228790809902,0.003153018074459965,0.0,0.012856993178534963,6,5
2167,0.0,0.0,0.0,0.0,0.0,0.0182320922454262,0.0,5,2
2168,0.0,0.0,0.0031463007352392656,0.0,0.0037810256610949287,0.0048289299361255625,0.005748129369750772,6,3
2169,0.0,0.0,0.0,0.001816792364675413,0.0037322555806979557,0.0,0.01715930230628315,6,6
2170,0.0,0.0,0.0,0.0010880426525055264,0.00341675763236656,0.0,0.013194051097619817,6,3
2171,0.0,0.0,0.0,0.0,0.0,0.006076067901104327,0.0,5,2
2172,0.0,0.0,0.0,0.0,0.2529572812169125,0.0,0.0,4,6
2173,0.0,0.0,0.0,0.0013671796904146175,0.0,0.0,0.0020710584916171387,6,6
2174,0.0,0.0,0.0,0.0,0.0,0.0,0.0,0,1
2175,0.0,0.09248819323409159,0.0,0.0,8.56378834838094e-05,0.012813988633662695,0.012590863753276886,1,3
2176,0.0,0.0,0.0,0.0006979112262586709,0.012400239663378894,0.0,0.00883371821694746,4,6
2177,0.0,0.0,0.0,0.0,0.0,0.002574736517430759,0.0,5,2
2178,1.5922229034576333e-05,0.0,0.0,0.0,0.0,0.011789539984357911,0.0,5,2
2179,0.0,0.0,0.0,0.0,0.0,0.0,0.0,0,1
2180,0.0,0.0,0.0,0.0,0.017935726537156037,0.0,0.006458637068089984,4,6
2181,0.0,0.0,0.0,0.0003107438438197782,0.0,0.013527559173545945,0.0,5,2
2182,0.0,0.0,0.0,0.0007387619925458061,0.016186025431406147,0.0,0.011510781427112943,4,6
2183,0.0,0.0,0.0,0.0,0.0,0.04397651848514745,0.0,5,2
2184,0.0,0.0,0.0,0.0015764923277578101,2.7447331011481493e-05,0.0,0.022252438540202202,6,0
2185,0.0,0.0,0.0,0.0,0.02576852866166692,0.0,0.006853537809521912,4,6
2186,0.0,0.0,0.0,0.0,0.0,0.0,0.0,0,1
2187,0.0,0.0830816293905482,0.0,0.0,0.00014937588753937458,0.013272473727839611,0.012898467907563427,1,3
2188,0.0,0.0,0.0,0.0,0.0,0.0,0.0,0,1
2189,0.0,0.0,0.0,0.0014806777658995709,0.002605419520546957,0.0,0.010835686412318113,6,0
2190,0.002441052431213443,0.001533697075791298,0.0,0.0,0.0,0.05321997096542663,0.0,5,3
2191,0.0,0.0,0.0,0.0008333408604196866,0.0026458172554890396,0.0,0.010003778427840487,6,6
2192,0.0,0.0,0.0,0.00023631668390355925,0.0,0.0,0.0,3,4
2193,0.0,0.0,0.0,0.0020593845493881743,0.0026249470094391767,0.0,0.013854935980823407,6,0
2194,0.07274497327977253,0.0,0.0,0.0,0.0,0.012005836923170345,0.0,0,2
2195,0.0,0.0,0.0,0.004202820562480873,0.0,0.0,0.07840579805626839,6,0
2196,0.0,0.0,0.0,0.004094904608406411,0.0,0.0,0.07361591388212632,6,0
2197,0.0,0.0,0.0,0.0,0.0,0.012256231603749432,0.0,5,2
2198,0.0,0.0,0.0,0.0,0.0,0.011261405839995967,0.0,5,2
2199,0.0019878005009390017,0.0013603665232827333,0.0,0.0,0.0,0.04202401742744214,0.0,5,3
2200,0.0,0.0,0.0,0.0,0.0,0.06591837655784444,0.0,5,2
2201,0.0,0.10761652490361953,0.0,0.0,0.0,0.016261953504698074,0.017804315606533238,1,3
2202,0.0014045031807222287,0.0,0.0,0.0,0.0,0.018508700650230983,0.0,5,2
2203,0.0,0.0,0.0,0.0,0.0,0.0,0.0,0,1
2204,0.0,0.0,0.0034827599584297724,0.0005911177098888266,0.0007506573914017512,0.0,0.022669397964249546,6,3
2205,0.0,0.0,0.0,0.0,0.0,0.00035316866560667997,0.0,5,2
2206,0.0,0.0007934737327159301,0.0,0.0,0.0003600977100523778,0.005640892574823312,0.0005938276110877797,5,2
2207,0.0,0.0,0.0,0.0,0.0,0.0066044326853478,0.0,5,2
2208,0.0,0.0,0.0,0.0,0.0,0.033627771710393384,0.0,5,2
2209,0.0005395271978726176,0.0,0.0,0.0,0.0,0.0185631280168597,0.0,5,2
2210,0.0,0.010353783196391677,0.0,0.0,0.0013840389407056898,0.010160689048475953,0.001677467484362132,1,3
2211,0.0,0.0025959843325695678,0.0,0.0,0.0009820897854109526,0.012858672725536764,0.0015687133777077275,5,2
2212,0.0,0.0,0.0,0.0016617988446369551,0.010686153704699093,0.0,0.012776725415847168,6,6
2213,0.0,0.0,0.0,0.0,0.0,0.0,0.0,0,1
2214,0.0,0.0,0.0,0.0,0.0,0.0,0.0,0,2
2215,0.0,0.0,0.0,0.0011273800223156219,0.005235337419705593,0.0,0.007588480293088701,6,2
2216,0.0,0.0,0.0,0.0,0.0,0.0,0.0,0,1
2217,0.0,0.0,0.0,0.0,0.0,0.008445462496501587,0.0,5,2
2218,0.0,0.0,0.0,0.0048440451765040925,0.0,0.0,0.07718681468562556,6,0
2219,0.0,0.0,0.0,0.0036305098142119037,0.0,0.0,0.04465372043622376,6,0
2220,0.0,0.0,0.0,0.0,0.0,0.025461618031220327,0.0,5,2
2221,0.0,0.0,0.0,0.0,0.0,0.0,0.0,0,1
2222,0.0,0.0,0.0,0.002078612569167214,0.0,0.0,0.02203170024273859,6,0
2223,0.0,0.0,0.0032836432227683924,0.0,0.0006175165737874877,0.0,0.0011157868082907732,2,3
2224,0.0,0.0,0.0,0.0,0.0,0.011699809553521002,0.0,5,2
2225,0.0,0.0,0.0,0.0,0.0003386587342811312,0.0,0.0008957912347963828,6,4
2226,0.0,0.0,0.0,0.0,0.0,0.0,0.0,0,1
2227,0.0,0.0,0.0,0.0,0.0,0.0,0.0,0,4
2228,0.0,0.0,0.0,0.0019073530185705725,0.0,0.0,0.0,3,2
2229,0.0,0.0,0.0,0.0,0.0,0.006914356780633476,0.0,5,2
2230,0.0,0.0,0.0,0.0,0.0006343551419106547,1.7413061272167445e-05,0.0,4,4
2231,0.0,0.0,0.0,0.0,0.0,0.007745084046560405,0.0,5,4
2232,0.0,0.0,0.0,0.0,0.0,0.011277110995710098,0.0,5,2
2233,0.0,0.0,0.0,0.0,0.0,0.011271636288208906,0.0,5,2
2234,0.0,0.0,0.0,0.0006813350480249031,0.0028135793150826723,0.0,0.008173063687842836,6,0
2235,0.0019696142563495242,0.00132837901786137,0.0,0.0,0.0,0.041833095237134375,0.0,5,3
2236,0.0,0.0,0.0,0.0,0.0008676944435434498,0.007814233754935618,0.0008046126848409982,5,3
2237,0.0,0.0,0.0,0.0,0.25033734828519455,0.0,0.0,4,6
2238,0.0,0.0,0.0004917728760103132,0.0,0.0022746282896425286,0.0006752215117334578,0.003262064063876562,6,3
2239,0.0,0.005471693766281515,0.018987572069196004,0.0,0.0032657498269546992,0.0018056361737796716,0.005124538315872049,2,3
2240,0.0,0.03607677417869578,0.0,0.0,0.002015402253320177,0.028037549935239867,0.0046589984745432685,1,3
2241,0.0,0.0,0.0,0.0,0.0,0.06591837655784442,0.0,5,2
2242,0.0,0.0,0.0,0.00040034837338607317,0.003912514821391324,0.0,0.012668047989386396,6,6
2243,0.0,0.0,0.0,0.0030499213203366783,0.0036722419127609286,0.0,0.010674668015568815,6,5
2244,0.0,0.0,0.001443363704506745,0.0,0.0035841772058723847,0.0045641004008579195,0.005843431677533907,6,3
2245,0.0,0.0,0.0,0.00834231219198967,0.005962011910122898,0.0,0.02076692708320641,6,5
2246,0.0,0.0,0.0,0.002947913095216532,0.01356687447003896,0.0,0.019616166915526353,6,2
2247,0.0,0.0,0.0,0.0006444664878004416,0.0018790559433635606,0.0,0.009300395102128925,6,3
2248,0.0,0.0,0.0,0.0,0.0,0.0,0.0,0,1
2249,0.0,0.0,0.0,3.912910630055779e-05,4.848526512786888e-05,0.0,0.0012249762073164767,6,4
2250,0.0,0.0,0.0,0.00475880154495786,0.004419244013608694,0.0,0.01418713171282142,6,5
2251,1.1312836787568208e-05,0.0,0.0,0.0,0.0,0.008503339901563949,0.0,5,4
2252,0.0,0.0,0.0,0.0,0.0,0.006310967536360052,0.0,5,2
2253,0.0,0.02057217640785857,0.06554238939138231,0.0,0.00510944995557794,0.007427886606449861,0.005231284905680242,2,3
2254,0.0,0.0,0.0,0.0,0.0,0.01070762686279991,0.0,5,4
2255,0.0,0.0,0.0,0.002407966348998504,0.0013987425782002695,0.0,0.009382910124821753,6,2
2256,0.0020080755523689455,0.0,0.0,0.0,0.0,0.00711593365330962,0.0,5,2
2257,0.0,0.0,0.0,0.0013343508916366935,0.0002752745108179418,0.0,0.0071833314586882396,6,2
2258,0.0,0.0,0.0,0.003601625960093675,0.0019120685742269946,0.0,0.020082697852277846,6,5
2259,0.0,0.0,0.0,0.0,0.0,0.0,0.0,0,4
2260,0.0,0.0,0.0,0.0007247934603254597,0.0032944187705605745,0.0,0.011004482018372926,6,3
2261,0.0,0.0,0.0,0.0,0.0,0.0,0.0,0,4
2262,0.0,0.0,0.0,0.003162055637485858,0.24708533408119782,0.0622162858670175,0.033777448403623504,4,2
2263,0.0,0.0,0.0,0.0,0.0,0.0,0.0,0,1
2264,0.0,0.0,0.0,0.001727122944946661,0.002216937490348217,0.0,0.008702942316228281,6,0
2265,0.0,0.009295927951330787,0.0,0.0,0.0005044041300328726,0.02154959026366578,0.0,5,2
2266,0.0,0.0,0.0,0.0039367465942770335,0.0,0.0,0.034032722923147206,6,5
2267,0.0,0.0,0.0,0.003790894498079646,0.0,0.0,0.03442538898649857,6,5
2268,0.0,0.0,0.0,0.0,0.0,0.0,0.0,0,1
2269,0.0,0.0,0.0,0.0,0.0,0.009413739874072386,0.0,5,2
2270,0.0,0.0,0.0,0.0,0.0,0.003010500093593911,0.0,5,4
2271,0.0,0.0,0.0,0.0,0.0,0.05338754923834685,0.0,5,2
2272,0.0,0.0,0.0,1.7464209744265356e-05,0.012093519100290027,0.0,0.007458388944264862,4,6
2273,0.0,0.12922520176629868,0.0,0.0,0.0,0.017712083917622228,0.0196309672161567,1,3
2274,0.0,0.0,0.0,6.62657399444733e-05,0.0,0.0,0.0,3,2
2275,0.001933194695406723,0.0012546212979630737,0.0,0.0,0.0,0.04240837117785922,0.0,5,3
2276,0.0,0.0,0.0,0.0,0.0,0.026446293743696832,0.0,5,2
2277,0.0,0.004144190824235143,0.00963127769081204,0.0,0.004084218710784094,0.0051940435043392,0.007009046557068653,2,3
2278,0.0,0.0,0.0003196418994558501,0.0,0.0031258887412243226,0.0,0.008750532221861736,6,3
2279,0.0,0.0002957227872887117,0.00011241081769905024,0.0,0.0023751363058954656,0.003298730783322625,0.003406228587891577,6,3
2280,0.0,0.0,0.0,0.0038961188705447613,0.002413903812239188,0.0,0.009120689304533787,6,0
2281,0.0,0.0,0.0,0.0024071776257921823,0.0022613873916099347,0.0,0.01526380105303334,6,0
2282,0.0,0.0,0.0,0.0021123194111681617,0.006717014478401156,0.0,0.013289054528542475,6,6
2283,0.0,0.0,0.0,0.0012344319695734834,0.003960622510750916,0.0,0.007846468577583263,6,3
2284,0.0,0.0,0.0,0.0,0.0,0.0,0.0,0,1
2285,0.0,0.0,0.0,0.0004475691041625616,0.0007394416352018102,0.0,0.004998897183880377,6,0
2286,0.0,0.0,0.0,0.00015175380730434403,0.0,0.0,0.0,3,4
2287,0.0,0.0,0.0,0.0019140548850022797,0.0,0.0,0.0036876890922136482,6,0
2288,0.0,0.0,0.0006323112504480609,0.0,0.0022070837030199624,0.00198906637635755,0.0037897899463049845,6,3
2289,0.0,0.0,0.0,0.0005726016570572822,0.021781576801641642,0.0,0.011593155359982097,4,6
2290,0.0,0.0,0.0,0.00016823907442933708,0.0,0.0,0.0,3,6
2291,0.0,0.000521493388324307,0.0,0.0,0.0,0.013316514319801727,0.0,5,2
2292,0.0,0.0,0.0,0.0,0.0,0.0,0.0,0,1
2293,0.0,0.0,0.0,0.0,0.0,0.0,0.0,0,1
2294,0.0,0.0,0.0,0.00022465419740880598,0.0,0.0,0.0,3,4
2295,0.0,0.0,0.0,0.0037606195325841554,0.0,0.0,0.07096760230464746,6,0
2296,0.0,0.0,0.0,0.000940932696722816,0.014985070696907002,0.0,0.01104366883329595,4,6
2297,0.0,0.0,0.0,0.0017680725519770694,0.0017071100016002336,0.0,0.014995612784155933,6,0
2298,0.0,0.0,0.0,0.0,0.0,0.0,0.0,0,4
2299,0.0,0.0,0.0,0.0,0.0,0.0003337576040746659,0.003770094572474704,6,2
2300,0.0,0.0,0.0,0.002470461309181055,0.0017199538974498874,0.0,0.014402115894269905,6,6
2301,0.0011529235389127594,0.0008043497030214827,0.0,0.0,0.0,0.023354926324870243,0.0,5,3
2302,0.0,0.0,0.0,0.004860447398514417,0.0,0.0,0.09147895432895099,6,0
2303,0.0,0.0,0.0,0.0,0.0,0.0,0.0,0,1
2304,0.0,0.0037937444504158443,0.0075063406543352616,0.0,0.004712786843894436,0.007036198304082061,0.007507491987709584,6,3
2305,0.0,0.0,0.0,0.003477994341978997,0.003170707462490106,0.0,0.010355033964528524,6,5
2306,0.004408468998670779,0.0,0.0,0.0,0.0,0.020930829178967603,0.0,5,6
2307,0.0,0.0,0.0,0.0,0.011257644496447176,0.0,0.0,4,2
2308,0.0,0.0,0.0,0.0,0.0,0.07850447330101896,0.0,5,2
2309,0.0,0.0,0.0,0.0,0.0,0.1263991221307509,0.0,5,2
2310,0.0,0.0,0.0,0.0,0.0,0.08193002224420778,0.0,5,2
2311,1.5844951462661645e-05,0.0,0.0,0.0,0.0,0.01154504567717973,0.0,5,2
2312,0.0,0.0,0.0,0.0021434852957446394,0.0,0.0,0.010906592842068456,6,0
2313,0.0,0.0,0.0,0.0,0.0,0.0,0.0,0,1
2314,0.0,0.0,0.0,0.0,0.0,0.04169248156613457,0.0,5,2
2315,0.002694650263708703,0.0017145775074193003,0.0,0.0,0.0,0.05868319419867051,0.0,5,3
2316,0.0,0.0,0.0,0.0,0.0,0.008846253647192015,0.0,5,2
2317,0.0,0.0,0.0,0.0006727380008751546,0.0034624003824424445,0.0,0.010986375787100565,6,6
2318,0.0,0.0,0.0,0.0,0.025345445521424006,0.0,0.005163633377576458,4,6
2319,0.0,0.1535870897405964,0.0,0.0,0.0003974427470625628,0.024789976505341763,0.023480179473310887,1,3
2320,0.0,0.0,0.0,0.0,0.30382332065326817,0.0,0.0,4,6
2321,0.0,0.0,0.0,0.0,0.0,0.012037139006060057,0.0,5,2
2322,0.0,0.0,0.003492606550188131,0.0,0.001453369149452953,0.0,0.015295545029036253,6,3
2323,0.0,0.0,0.0,0.0,0.0,0.007225768143772423,0.0,5,1
2324,0.0,0.0,0.0,0.0,0.0,0.0,0.0,0,1
2325,0.0,0.0,0.0,0.0,0.0,0.0,0.0,0,1
2326,0.0,0.0,0.0,0.0015764923277578208,2.7447331011484752e-05,0.0,0.02225243854020221,6,0
2327,0.0,0.0,0.0,0.0,0.0,0.0,0.0,0,1
2328,0.0,0.0,0.0,0.0021807304755613113,0.16871487037035465,0.04276842830345137,0.023033615242659636,4,2
2329,0.0,0.017779911819646707,0.05473811819927755,0.0,0.004924841468684632,0.00731586275486975,0.005482495068215795,2,3
2330,0.0,0.010888356760885483,0.03408812010516008,0.0,0.003033076187272319,0.004318128906088428,0.0035294476502321613,2,3
2331,0.0,0.004682661935147989,0.0,0.0,0.0002592371852746373,0.010972361210132254,0.0,5,2
2332,0.0,0.0,0.0,0.0003014750940803136,0.0,0.0,0.0,3,3
2333,0.0,0.0,0.0,0.001320312087772848,0.003651892174230172,0.0,0.009296586776788764,6,2
2334,0.0,0.0,0.000659889619435401,0.0,0.001970647903141546,0.0029975035491593273,0.0032489004878552058,6,3
2335,0.0,0.0,0.0,0.0,0.0015627938948994786,0.011630069441509058,0.00148971092124326,5,3
2336,0.0024884169991254085,0.0,0.0,0.0,0.0,0.015108609340858602,0.0,5,2
2337,0.0,0.0,0.0,0.000267631011416336,0.0,0.0,0.0,3,4
2338,0.0,0.0,0.0,0.0005009278551589582,0.006240822714781226,0.0,0.0062211604691796716,4,2
2339,0.0,0.0,0.0,0.0,0.0,0.008260056360922093,0.0,5,2
2340,0.0,0.0,0.0,0.003437764037578375,0.003892110674771918,0.0,0.013329518358556305,6,5
2341,0.0,0.0,0.0,0.0,0.0,0.010977320101665983,6.45855756210359e-05,5,2
2342,0.0,0.0,0.0,0.0026656591679520827,0.0,0.0,0.0,3,1
2343,0.0,0.0,0.0,0.0034862417681117974,0.0007042769154829746,0.0,0.01857988048379985,6,3
2344,0.0,0.0,0.0,0.0023339788123351497,0.0,0.0,0.03591726164935071,6,0
2345,0.0,0.0,0.0,0.0,0.0,0.0,0.0,0,2
2346,0.0,0.037284530452747947,0.15552481536333568,0.0011575264371438071,0.0006025580024650611,0.0,0.0,2,3
2347,0.0,0.0019109562507066617,0.0037857374500281857,0.0,0.002404890782656031,0.003592067042533375,0.003861479488601568,6,0
2348,0.0,0.0,0.0,0.0016617988446369465,0.010686153704699105,0.0,0.01277672541584717,6,6
2349,0.0,0.007663292792623614,0.0,0.0,0.0,0.034448130458212434,0.0,5,2
2350,0.0,0.0,0.0,0.003258220626079649,0.0015566601102067975,0.0,0.003922631212834439,6,5
2351,0.0,0.0,0.0,0.0008402471558326612,0.0,0.0,0.0,3,4
2352,0.0,0.0,0.0,0.0,0.0,0.07626899750891067,0.0,5,2
2353,0.0019167574420932137,0.0,0.0,0.0,0.0,0.005806188629659313,0.0,5,2
2354,0.0,0.0,0.0,0.0,0.0,0.0,0.0,0,1
2355,0.0,0.0,0.0,0.0021746594434916056,0.00047875858729026983,0.0,0.010070634847942019,6,6
2356,0.0,0.0,0.0,0.001984205996232517,0.0,0.0,0.03800285294491339,6,0
2357,0.0,0.0,0.0,0.0006573048782192294,0.0,0.0,0.0,3,2
2358,0.0,0.0,0.0012897287767794957,0.0,0.0005592178806437075,0.0020669656145596966,0.00695940442640738,6,3
2359,0.0,0.018304221436227744,0.04183684060486532,0.0,0.00548352622280284,0.01075433498831113,0.004288995523378857,2,3
2360,0.0,0.0,0.0,0.005249184442050638,0.001141098884265038,0.0,0.024099270186303885,6,6
2361,0.0,0.0007210582627930892,0.011576632272721493,0.0,0.0021789972626074265,0.000737563358937853,0.012757994072666931,6,3
2362,0.0,0.0,0.0,0.0,0.0,0.010343580781224623,0.0,5,2
2363,0.0,0.0,0.0,0.0,0.0,0.0,0.0,0,1
2364,0.0,0.0,0.0,0.0,0.0,0.0,0.0,0,1
2365,0.0,0.0,0.0,0.001118158942257434,4.9843777166704936e-05,0.0,0.018211352084793322,6,0
2366,0.0,0.0,0.0009251577057012561,0.0,0.0027267056154571343,0.004138949358248638,0.004482738622025239,6,3
2367,0.0,0.0,0.0,0.0,0.0,0.04641028540647255,0.0,5,2
2368,0.0,0.0,0.0,0.005141778552414136,0.0,0.0,0.07847933816506104,6,0
2369,0.0,0.0,0.0,0.0,0.0,0.005094792818674886,0.0,5,2
2370,0.0,0.0017614716053211458,0.0,0.0,0.00055458428822906,0.014745358878168167,0.0013837453361694872,5,2
2371,0.0,0.0,0.0,0.0,0.01313679870151257,0.0,0.0,4,2
2372,0.0,0.0,0.0,0.0,0.003871006061369487,0.0027112429569931904,0.0,4,2
2373,0.0018692773747182002,0.000839471402679413,0.0,0.0,0.0,0.04278568843812236,0.0,5,3
2374,0.0,0.0007162506916371079,0.0,0.0,0.0,0.01743694111409803,0.0,5,2
2375,0.0,0.0,0.0,0.0012929283828102807,0.003908381567843705,0.0,0.014710919897719514,6,3
2376,0.0,0.056963933940662966,0.0,0.0,0.007694284286873432,0.017772840280838018,0.0,1,3
2377,0.0,0.0,0.0,0.0,0.0,0.012336987104003664,0.0,5,2
2378,0.0,0.0,0.0,0.00312995459454738,0.0018794904445336117,0.0,0.015884033838549843,6,6
2379,0.0,0.0,0.0,0.0020786125691672134,0.0,0.0,0.022031700242738574,6,0
2380,0.0,0.0,0.0,0.0,0.0,0.0,0.0,0,2
2381,0.0,0.0,0.0,0.0024548650346808134,0.003957918109177133,0.0,0.018705763988399522,6,6
2382,0.0,0.0,0.0,0.004076151160250598,0.0028004380917816527,0.0,0.022106165822996543,6,0
2383,0.0,0.0,0.0,3.314133676396209e-05,0.0,0.00036490073631919315,0.0055383084076054395,6,4
2384,0.0,0.0,0.0,0.0025173090860719743,0.0016530967200605769,0.0,0.007974662153686295,6,5
2385,0.0,0.025440083683642718,0.10928437613063435,0.0016791638372809668,0.0,0.0,0.0,2,3
2386,0.0,0.0,0.0,0.0037864136281914487,0.004646158587438436,0.0,0.012755225756703395,6,5
2387,0.0,0.01227071248560435,0.0,0.0,0.00031035525923131947,0.030365615485372758,0.0,5,3
2388,0.0,0.0,0.0,0.004166080633009973,0.006216335921439315,0.0,0.015338050699920799,6,5
2389,0.0,0.05696393394066296,0.0,0.0,0.007694284286873409,0.017772840280838042,0.0,1,3
2390,0.0,0.0,0.0,0.001183578267533984,0.0023756778559143473,0.0,0.01019939091002589,6,0
2391,0.0014110842572839376,0.0,0.0,0.0,0.0,0.0052505215851178285,0.0,5,2
2392,0.0,0.0,0.0,0.0,0.0,0.011288248186675197,0.0,5,2
2393,0.0,0.0,0.0,0.0,0.0006673358167657769,0.008519999492137003,0.0019294347093823988,5,3
2394,0.0,0.0,0.0,0.0012012844743996007,0.0014578554106655043,0.0,0.013429361608951081,6,0
2395,0.0,0.0,0.0,0.0,0.0,0.0,0.0,0,1
2396,0.0,0.0,0.0,0.0,0.0,0.004212574883425125,0.0,5,2
2397,0.0,0.0,0.0,0.0,0.0,0.0,0.0,0,1
2398,0.0,0.0,0.0,0.0,0.0,0.0,0.0,0,2
2399,0.0,0.0,0.0,0.0,0.0,0.0,0.0,0,1
2400,0.0,0.0,0.0,0.00243282678688503,0.0,0.0,0.018906117420364063,6,0
2401,0.0,0.0,0.0,0.0,0.0,0.03783230006565692,0.0,5,2
2402,0.0,0.0,0.0,0.002083765515176366,0.0027087597251431264,0.0,0.018355429399109353,6,0
2403,0.0,0.00568844216538924,0.0,0.0,0.0,0.02490134487747342,0.0,5,2
2404,0.0,0.0,0.0,0.0038755240812527554,0.004181338407406668,0.0,0.012882302051614516,6,5
2405,0.0,0.0,0.0,0.0,0.0,0.012710140825956662,0.0,5,2
2406,0.0,0.0,0.0,0.0,0.0,0.01798700389155969,0.0,5,2
2407,0.0,0.0,0.0,0.066578398873049,0.0,0.015631822752584772,0.0,3,2
2408,0.0,0.0,0.0,0.0,0.0,0.0,0.0,0,1
2409,0.0,0.0,0.0,0.0017680725519770878,0.0017071100016002104,0.0,0.014995612784155947,6,0
2410,0.0,0.0,0.0,0.0012842638625855704,0.0020551404618392648,0.0,0.014128971808032683,6,2
2411,0.0,0.0,0.0,0.0017680725519770633,0.0017071100016002132,0.0,0.014995612784155942,6,0
2412,0.0,0.0,0.0,0.0047865012741910296,0.0036742334340579145,0.0,0.016384394573494065,6,5
2413,0.0,0.0,0.0,0.0003260980151159302,0.015438004957781006,0.0,0.008006156176093987,4,6
2414,0.0019406625055602544,0.0,0.0,0.0,0.0,0.020415245707004148,0.0,5,2
2415,0.0,0.0,0.0,0.0006475591723645372,0.001104335124620466,0.0,0.0052519631808452105,6,0
2416,0.0,0.0,0.0,0.0,0.0,0.00026144741366533635,0.00272507861762096,6,6
2417,0.0,0.0,0.0,0.0,0.0,0.0,0.0,0,1
2418,0.0,0.0,0.0,0.033882264921486493,0.0,0.007969286502834627,0.0,3,2
2419,0.0,0.0,0.0,0.004051935919952056,0.0,0.0,0.05467656120231443,6,0
2420,0.0,0.0,0.0,0.00011080824737093209,0.0011559326442932747,0.0,0.0037402847015074315,6,6
2421,0.0,0.0,0.0,0.00017434875801530545,0.0,0.0,0.0,3,4
2422,0.0,0.0,0.0,0.00022115243822719554,0.0,0.0,0.0,3,4
2423,0.0,0.0,0.0,0.0,0.0,0.0,0.0,0,1
2424,0.0,0.0,0.0,0.0008839591268950559,0.011902699248323623,0.0,0.00924519192659427,4,6
2425,0.0,0.0,0.0,0.0002630985486257989,0.003394651083879575,0.0,0.007355894724456613,6,3
2426,0.0,0.0,0.0,0.0024601867169179803,0.0009236441136003927,0.0,0.014050302557673415,6,0
2427,0.0,0.0,0.0,0.001921937991321051,0.0014944899888333092,0.0,0.015577093367035012,6,5
2428,0.0,0.0,0.0,0.0,0.0,0.0,0.0,0,1
2429,0.0,0.0,0.0,0.0,0.0,0.0,0.0,0,1
2430,0.0,0.0,0.0,0.0002615952428273229,0.0,0.0,0.0,3,2
2431,0.0,0.0,0.0,0.0,0.0,0.0,0.0,0,1
2432,0.0,0.0,0.0,0.002720168619834371,0.0,0.0,0.05306830644850286,6,0
2433,0.0,0.0,0.0,0.0,0.0,0.0,0.0,0,1
2434,0.0,0.0,0.0,0.0,6.28975331631465e-05,0.0,0.0006825507991469008,6,4
2435,0.0,0.0,0.0,0.00012858555228181988,0.0,0.0,0.00013135203197916077,6,2
2436,0.0,0.0,0.0,0.002836383987199534,0.00028782861261139527,0.0,0.003878863124938102,6,5
2437,0.0007635803272156333,0.0,0.0,0.0,0.00405655770272337,0.004978811386812096,0.0005502762835082022,5,6
2438,0.0,0.0,0.0,0.0007088401772169818,0.015703477894640595,0.0,0.010876933006363238,4,6
2439,0.0,0.007967963700918818,0.0,0.0,0.0006506614824026367,0.009558906662815897,0.001365826664168483,5,3
2440,0.0,0.0,0.0,0.0,0.0,0.0,0.0,0,4
2441,0.0,0.0,0.0,0.004232559686426873,0.0,0.0,0.05967303307548777,6,0
2442,0.0,0.0,0.0,0.0,0.0020444290502499097,0.0,0.00466455905160251,6,6
2443,0.0,0.0,0.0,0.0,0.00015759800807463206,0.0,0.0009163618674558976,6,0
2444,0.0,0.0,0.0,0.0,0.0,0.0,0.0,0,1
2445,0.0,0.010555892977087783,0.0,0.0,0.002719713529802196,0.007417474450258928,0.005163084681442738,1,3
2446,0.0025534442917815527,0.0017294444182014007,0.0,0.0,0.0,0.05454375441847204,0.0,5,3
2447,0.0,0.0,0.0,0.0,0.0,0.03606826352791997,0.0,5,2
2448,0.0,0.0,0.0,0.0033892804508950615,0.002706351896120364,0.0,0.011673624043870293,6,5
2449,0.0,0.0,0.0,0.0,0.0,0.0,0.0,0,1
2450,0.0,0.0,0.0,0.0,0.0010681947668595645,0.0,0.0,4,4
2451,0.0,0.0,0.0,0.0,0.0,0.0,0.0,0,1
2452,0.0,0.0,0.0,0.0,0.0003967302427357042,0.005025440804239683,0.0011468677905837393,5,3
2453,0.0,0.0,0.0,0.0,0.0,0.012790266467438152,0.0,5,2
2454,0.0,0.0,0.0,0.0,0.0,0.008348652985469942,0.0,5,2
2455,0.0,0.0,0.0,0.0005124250284540339,0.0,0.0,0.0,3,2
2456,0.0,0.0,0.0,0.0018703469942486116,0.0,0.0,0.0,3,1
2457,0.0,0.0,0.0,0.0019435492210013799,0.0,0.0,0.0157020728361077,6,2
2458,0.0,0.0,0.0,0.001544617873970133,0.002093145378535911,0.0,0.010616343312829513,6,6
2459,0.0,0.0,0.0,0.0,0.0,0.0323552186674394,0.0,5,2
2460,0.0,0.0,0.002107048203152355,0.0004066389411555376,0.004302478037446163,0.0,0.014461944328698035,6,3
2461,0.0,0.0007321701209896383,0.0,0.0,0.0,0.018480490553022033,0.0,5,2
2462,0.0,0.056963933940663,0.0,0.0,0.007694284286873456,0.017772840280838035,0.0,1,3
2463,0.0,0.0,0.0,0.0,0.0007470090117567906,0.008163381560608049,0.002007498238138234,5,2
2464,0.0,0.0,0.0,0.0,0.0005028726480288307,0.0076000970558896255,0.0007196401931878566,5,2
2465,0.0,0.09180090139595182,0.0,0.0,0.00012483425766941664,0.012836446447304122,0.012383514556430195,1,3
2466,0.0,0.0,0.0,0.0,0.0,0.010765901394460065,0.0,5,2
2467,0.0,0.0,0.0,0.0006744572404363328,0.01050314213687497,0.0,0.008133120786814772,4,6
2468,0.0,0.0,0.0,0.0,0.0005095599650896107,0.00814889840944398,0.0016275668795747164,5,2
2469,0.0,0.0,0.0,0.0001991310980611465,0.0,0.0,0.0,3,4
2470,0.0,0.0,0.0,0.0,0.0,0.0,0.0,0,1
2471,0.0,0.0,0.0,0.0,0.0,0.0,0.0,0,6
2472,0.0,0.0,0.0,0.0005903020780056245,0.010299389187366788,0.0,0.007994080221846707,4,6
2473,0.0,0.0,0.0,0.0034820212803432647,0.0009459048578041506,0.0,0.0180517388698684,6,0
2474,0.0,0.06202971304097192,0.0,0.0,0.0,0.009388842583464221,0.010336702305617349,1,3
2475,0.003867034697611258,0.0,0.0,0.0,0.0,0.021845432736751092,0.0,5,6
2476,0.0,0.0,0.0,0.0019055858214833271,0.00651048697089974,0.0,0.008116665935101772,6,6
2477,0.0,0.0,0.0,0.0008566639804479595,0.009783142851924808,0.0,0.006863162249055877,4,6
2478,0.0,0.05961463111783376,0.0,0.0,6.20252611696501e-06,0.009379149090871425,0.009508204931504501,1,3
2479,0.0,0.0,0.0,0.0,0.0,0.0,0.0,0,1
2480,0.0,0.0,0.0,0.0,0.0,0.0,0.0,0,1
2481,0.0,0.0,0.0,0.0,0.0,0.0,0.0,0,1
2482,0.0,0.0,0.0,0.0,0.0,0.0,0.0,0,1
2483,0.0,0.0,0.0,0.004819100097951511,0.0,0.0,0.09847070665121199,6,0
2484,0.0,0.0,0.0,0.0,0.0,0.010307818616507498,0.0,5,2
