om,Affinity Design,Variant,#Instances,ONMI Results,Mean ONMI,Sample Std ONMI,Omega Results,Mean Omega,Sample Std Omega,Relative Error |K'-K|/K Results,Mean Relative Error |K'-K|/K,Sample Std Relative Error |K'-K|/K,FADDIS Runtime Results,Mean FADDIS Runtime,Sample Std FADDIS Runtime
2,cosip_beta0,085_cosip_beta0_lapin-off_$\gamma0.3$,10,"[0.354676, 0.407807, 0.48261, 0.400534, 0.415865, 0.39728, 0.395614, 0.439009, 0.402229, 0.385077]",0.40807,0.033856,"[0.27212, 0.327708, 0.452887, 0.339408, 0.311578, 0.319558, 0.271692, 0.380556, 0.340907, 0.344756]",0.336117,0.052612,"[0.809524, 0.55, 0.32, 0.583333, 0.583333, 0.64, 0.545455, 0.555556, 0.75, 0.76]",0.60972,0.141052,"[17.352844, 12.463453, 13.18823, 15.182642, 15.395705, 16.112303, 14.830771, 16.827105, 16.568205, 18.886194]",15.680745,1.914105
2,cosip_beta0,086_cosip_beta0_lapin-off_$\gamma0.5$,10,"[0.406182, 0.470479, 0.603159, 0.483412, 0.495253, 0.466521, 0.467109, 0.525565, 0.46975, 0.442967]",0.48304,0.052451,"[0.455676, 0.503277, 0.644123, 0.496748, 0.457981, 0.481645, 0.450706, 0.558363, 0.530158, 0.463091]",0.504177,0.060363,"[0.809524, 0.55, 0.32, 0.583333, 0.583333, 0.64, 0.545455, 0.555556, 0.75, 0.76]",0.60972,0.141052,"[17.352844, 12.463453, 13.18823, 15.182642, 15.395705, 16.112303, 14.830771, 16.827105, 16.568205, 18.886194]",15.680745,1.914105
2,cosip_beta0,087_cosip_beta0_lapin-off_$\gamma0.6$,10,"[0.418174, 0.495578, 0.62567, 0.507853, 0.523684, 0.483561, 0.485992, 0.533706, 0.498818, 0.466919]",0.503996,0.053405,"[0.498188, 0.552451, 0.653841, 0.533038, 0.554697, 0.530072, 0.49354, 0.567038, 0.554544, 0.501335]",0.543874,0.046752,"[0.809524, 0.55, 0.32, 0.583333, 0.583333, 0.64, 0.545455, 0.555556, 0.75, 0.76]",0.60972,0.141052,"[17.352844, 12.463453, 13.18823, 15.182642, 15.395705, 16.112303, 14.830771, 16.827105, 16.568205, 18.886194]",15.680745,1.914105
2,cosip_beta0,088_cosip_beta0_lapin-off_$\gamma0.7$,10,"[0.444703, 0.530685, 0.638378, 0.522921, 0.549482, 0.518455, 0.501005, 0.557039, 0.517103, 0.498031]",0.52778,0.049772,"[0.529396, 0.615877, 0.651511, 0.538341, 0.584992, 0.556828, 0.529847, 0.580437, 0.555563, 0.521553]",0.566434,0.042095,"[0.809524, 0.55, 0.32, 0.583333, 0.583333, 0.64, 0.545455, 0.555556, 0.75, 0.76]",0.60972,0.141052,"[17.352844, 12.463453, 13.18823, 15.182642, 15.395705, 16.112303, 14.830771, 16.827105, 16.568205, 18.886194]",15.680745,1.914105
2,cosip_beta0,089_cosip_beta0_lapin-off_$\gamma0.8$,10,"[0.446758, 0.546068, 0.647795, 0.532182, 0.561808, 0.534152, 0.52108, 0.55577, 0.519184, 0.503934]",0.536873,0.050733,"[0.51051, 0.610534, 0.638952, 0.515528, 0.573841, 0.56215, 0.525377, 0.564025, 0.526425, 0.507116]",0.553446,0.04487,"[0.809524, 0.55, 0.32, 0.583333, 0.583333, 0.64, 0.545455, 0.555556, 0.75, 0.76]",0.60972,0.141052,"[17.352844, 12.463453, 13.18823, 15.182642, 15.395705, 16.112303, 14.830771, 16.827105, 16.568205, 18.886194]",15.680745,1.914105
2,cosip_beta0,090_cosip_beta0_lapin-off_$\gamma0.9$,10,"[0.456359, 0.559032, 0.653229, 0.534159, 0.571725, 0.542078, 0.524825, 0.549623, 0.52516, 0.493654]",0.540984,0.051538,"[0.487903, 0.60275, 0.625298, 0.500175, 0.572478, 0.53466, 0.509816, 0.535105, 0.514515, 0.495988]",0.537869,0.047226,"[0.809524, 0.55, 0.32, 0.583333, 0.583333, 0.64, 0.545455, 0.555556, 0.75, 0.76]",0.60972,0.141052,"[17.352844, 12.463453, 13.18823, 15.182642, 15.395705, 16.112303, 14.830771, 16.827105, 16.568205, 18.886194]",15.680745,1.914105
2,cosip_beta0,091_cosip_beta0_lapin-on_$\gamma0.3$,10,"[0.238747, 0.273079, 0.222785, 0.151179, 0.166901, 0.151219, 0.320159, 0.063396, 0.198405, 0.180461]",0.196633,0.071949,"[0.133926, 0.156589, 0.072724, 0.080948, 0.068398, 0.095428, 0.229642, 0.045865, 0.111106, 0.102841]",0.109747,0.053123,"[0.380952, 0.3, 0.2, 0.458333, 0.375, 0.2, 0.181818, 0.37037, 0.208333, 0.16]",0.283481,0.106166,"[19.826027, 16.267097, 17.514817, 21.45617, 19.061493, 17.660441, 16.101077, 22.395775, 16.862403, 20.207086]",18.735239,2.197176
2,cosip_beta0,092_cosip_beta0_lapin-on_$\gamma0.5$,10,"[0.408194, 0.400822, 0.392064, 0.25171, 0.284446, 0.271418, 0.563026, 0.159012, 0.333412, 0.337388]",0.340149,0.110148,"[0.383328, 0.409885, 0.271634, 0.230618, 0.23888, 0.248526, 0.544537, 0.178852, 0.241998, 0.279053]",0.302731,0.110164,"[0.380952, 0.3, 0.2, 0.458333, 0.375, 0.2, 0.181818, 0.37037, 0.208333, 0.16]",0.283481,0.106166,"[19.826027, 16.267097, 17.514817, 21.45617, 19.061493, 17.660441, 16.101077, 22.395775, 16.862403, 20.207086]",18.735239,2.197176
2,cosip_beta0,093_cosip_beta0_lapin-on_$\gamma0.6$,10,"[0.495094, 0.442652, 0.444807, 0.289536, 0.342975, 0.344634, 0.638549, 0.211059, 0.438501, 0.37818]",0.402599,0.118267,"[0.503571, 0.474016, 0.34711, 0.308404, 0.31843, 0.339169, 0.612598, 0.254018, 0.367507, 0.334273]",0.38591,0.109365,"[0.380952, 0.3, 0.2, 0.458333, 0.375, 0.2, 0.181818, 0.37037, 0.208333, 0.16]",0.283481,0.106166,"[19.826027, 16.267097, 17.514817, 21.45617, 19.061493, 17.660441, 16.101077, 22.395775, 16.862403, 20.207086]",18.735239,2.197176
2,cosip_beta0,094_cosip_beta0_lapin-on_$\gamma0.7$,10,"[0.523278, 0.457216, 0.49983, 0.347448, 0.395777, 0.409311, 0.675908, 0.268705, 0.552215, 0.423896]",0.455358,0.114388,"[0.533428, 0.505863, 0.445201, 0.369986, 0.389763, 0.439188, 0.650615, 0.291655, 0.522491, 0.390551]",0.453874,0.102312,"[0.380952, 0.3, 0.2, 0.458333, 0.375, 0.2, 0.181818, 0.37037, 0.208333, 0.16]",0.283481,0.106166,"[19.826027, 16.267097, 17.514817, 21.45617, 19.061493, 17.660441, 16.101077, 22.395775, 16.862403, 20.207086]",18.735239,2.197176
2,cosip_beta0,095_cosip_beta0_lapin-on_$\gamma0.8$,10,"[0.556578, 0.489359, 0.576934, 0.420918, 0.464164, 0.454547, 0.704051, 0.299347, 0.642436, 0.473462]",0.50818,0.115978,"[0.555798, 0.543122, 0.517465, 0.419001, 0.455126, 0.485968, 0.676987, 0.335598, 0.593367, 0.437328]",0.501976,0.097187,"[0.333333, 0.3, 0.2, 0.458333, 0.375, 0.2, 0.181818, 0.37037, 0.208333, 0.16]",0.278719,0.102306,"[19.826027, 16.267097, 17.514817, 21.45617, 19.061493, 17.660441, 16.101077, 22.395775, 16.862403, 20.207086]",18.735239,2.197176
2,cosip_beta0,096_cosip_beta0_lapin-on_$\gamma0.9$,10,"[0.569525, 0.512968, 0.65071, 0.485893, 0.538886, 0.482678, 0.73916, 0.328888, 0.679961, 0.551862]",0.554053,0.116458,"[0.55553, 0.540788, 0.595636, 0.466233, 0.53717, 0.524212, 0.692988, 0.369742, 0.614231, 0.533034]",0.542956,0.086217,"[0.333333, 0.3, 0.2, 0.458333, 0.375, 0.2, 0.181818, 0.37037, 0.208333, 0.16]",0.278719,0.102306,"[19.826027, 16.267097, 17.514817, 21.45617, 19.061493, 17.660441, 16.101077, 22.395775, 16.862403, 20.207086]",18.735239,2.197176
2,cosip_beta0.5,097_cosip_beta0.5_lapin-off_$\gamma0.3$,10,"[0.411113, 0.397732, 0.476984, 0.451329, 0.458334, 0.464838, 0.410882, 0.471755, 0.410904, 0.456577]",0.441045,0.029883,"[0.331101, 0.381605, 0.371341, 0.404276, 0.374891, 0.347472, 0.311682, 0.409998, 0.33521, 0.336244]",0.360382,0.032967,"[0.571429, 0.65, 0.4, 0.375, 0.541667, 0.52, 0.5, 0.407407, 0.666667, 0.44]",0.507217,0.102629,"[14.158891, 14.438613, 16.608756, 14.342931, 14.240073, 15.006508, 14.593832, 15.405433, 15.289965, 14.603594]",14.86886,0.746739
2,cosip_beta0.5,098_cosip_beta0.5_lapin-off_$\gamma0.5$,10,"[0.495583, 0.460611, 0.592989, 0.576698, 0.532873, 0.547907, 0.496043, 0.578035, 0.472934, 0.526908]",0.528058,0.046146,"[0.496308, 0.57994, 0.589603, 0.597413, 0.560939, 0.540915, 0.501236, 0.601864, 0.458048, 0.488267]",0.541453,0.05207,"[0.571429, 0.65, 0.4, 0.375, 0.541667, 0.52, 0.5, 0.407407, 0.666667, 0.44]",0.507217,0.102629,"[14.158891, 14.438613, 16.608756, 14.342931, 14.240073, 15.006508, 14.593832, 15.405433, 15.289965, 14.603594]",14.86886,0.746739
2,cosip_beta0.5,099_cosip_beta0.5_lapin-off_$\gamma0.6$,10,"[0.511312, 0.478966, 0.62555, 0.616624, 0.549308, 0.59214, 0.507297, 0.611473, 0.517178, 0.550264]",0.556011,0.052476,"[0.52016, 0.609475, 0.618281, 0.637464, 0.585409, 0.580319, 0.522425, 0.644251, 0.525938, 0.529204]",0.577293,0.049575,"[0.571429, 0.65, 0.4, 0.375, 0.541667, 0.52, 0.5, 0.407407, 0.666667, 0.44]",0.507217,0.102629,"[14.158891, 14.438613, 16.608756, 14.342931, 14.240073, 15.006508, 14.593832, 15.405433, 15.289965, 14.603594]",14.86886,0.746739
2,cosip_beta0.5,100_cosip_beta0.5_lapin-off_$\gamma0.7$,10,"[0.542157, 0.499982, 0.663296, 0.629922, 0.573581, 0.621308, 0.525954, 0.618557, 0.569693, 0.581999]",0.582645,0.051056,"[0.560283, 0.634786, 0.651159, 0.630128, 0.613479, 0.638012, 0.589561, 0.643345, 0.578762, 0.573394]",0.611291,0.033017,"[0.571429, 0.65, 0.4, 0.375, 0.541667, 0.52, 0.5, 0.407407, 0.666667, 0.44]",0.507217,0.102629,"[14.158891, 14.438613, 16.608756, 14.342931, 14.240073, 15.006508, 14.593832, 15.405433, 15.289965, 14.603594]",14.86886,0.746739
2,cosip_beta0.5,101_cosip_beta0.5_lapin-off_$\gamma0.8$,10,"[0.533803, 0.512989, 0.67045, 0.623765, 0.5814, 0.637136, 0.547771, 0.621955, 0.595287, 0.59292]",0.591748,0.049224,"[0.554969, 0.608721, 0.639922, 0.610725, 0.601887, 0.64056, 0.592455, 0.641041, 0.613558, 0.564799]",0.606864,0.030101,"[0.571429, 0.65, 0.4, 0.375, 0.541667, 0.52, 0.5, 0.407407, 0.666667, 0.44]",0.507217,0.102629,"[14.158891, 14.438613, 16.608756, 14.342931, 14.240073, 15.006508, 14.593832, 15.405433, 15.289965, 14.603594]",14.86886,0.746739
2,cosip_beta0.5,102_cosip_beta0.5_lapin-off_$\gamma0.9$,10,"[0.547747, 0.522583, 0.686085, 0.624703, 0.587347, 0.645203, 0.548389, 0.626155, 0.610424, 0.60039]",0.599903,0.049894,"[0.569539, 0.57722, 0.62782, 0.604114, 0.573507, 0.627403, 0.573422, 0.628436, 0.593261, 0.571676]",0.59464,0.025311,"[0.571429, 0.65, 0.4, 0.375, 0.541667, 0.48, 0.5, 0.407407, 0.625, 0.4]",0.49505,0.09962,"[14.158891, 14.438613, 16.608756, 14.342931, 14.240073, 15.006508, 14.593832, 15.405433, 15.289965, 14.603594]",14.86886,0.746739
2,cosip_beta0.5,103_cosip_beta0.5_lapin-on_$\gamma0.3$,10,"[0.247188, 0.359782, 0.239867, 0.284759, 0.197253, 0.231719, 0.289414, 0.078262, 0.239928, 0.259686]",0.242786,0.072426,"[0.153673, 0.237539, 0.0771, 0.208053, 0.105384, 0.150404, 0.183283, 0.041817, 0.086798, 0.184026]",0.142808,0.063068,"[0.190476, 0.45, 0.2, 0.0, 0.166667, 0.2, 0.318182, 0.185185, 0.083333, 0.32]",0.211384,0.126756,"[15.320949, 17.916126, 18.395359, 15.063797, 15.970959, 18.437913, 18.003922, 20.443483, 15.397512, 19.681386]",17.463141,1.913669
2,cosip_beta0.5,104_cosip_beta0.5_lapin-on_$\gamma0.5$,10,"[0.43753, 0.529928, 0.42129, 0.483254, 0.330334, 0.410366, 0.493859, 0.151864, 0.460499, 0.419325]",0.413825,0.107051,"[0.451018, 0.446864, 0.2952, 0.502839, 0.277712, 0.424679, 0.433983, 0.157329, 0.347532, 0.40139]",0.373855,0.104288,"[0.190476, 0.45, 0.2, 0.0, 0.166667, 0.2, 0.318182, 0.185185, 0.083333, 0.32]",0.211384,0.126756,"[15.320949, 17.916126, 18.395359, 15.063797, 15.970959, 18.437913, 18.003922, 20.443483, 15.397512, 19.681386]",17.463141,1.913669
2,cosip_beta0.5,105_cosip_beta0.5_lapin-on_$\gamma0.6$,10,"[0.510445, 0.5938, 0.519214, 0.595805, 0.388923, 0.485702, 0.594528, 0.200522, 0.515094, 0.484705]",0.488874,0.11965,"[0.534218, 0.522692, 0.397107, 0.610489, 0.350006, 0.502793, 0.581784, 0.229144, 0.440136, 0.472817]",0.464119,0.114739,"[0.190476, 0.45, 0.2, 0.0, 0.166667, 0.2, 0.318182, 0.185185, 0.083333, 0.32]",0.211384,0.126756,"[15.320949, 17.916126, 18.395359, 15.063797, 15.970959, 18.437913, 18.003922, 20.443483, 15.397512, 19.681386]",17.463141,1.913669
2,cosip_beta0.5,106_cosip_beta0.5_lapin-on_$\gamma0.7$,10,"[0.542746, 0.633511, 0.584491, 0.640064, 0.441738, 0.540528, 0.653867, 0.243603, 0.602247, 0.562015]",0.544481,0.122645,"[0.548656, 0.56062, 0.504073, 0.638573, 0.404326, 0.55757, 0.644513, 0.289143, 0.563461, 0.564577]",0.527551,0.107332,"[0.190476, 0.45, 0.2, 0.0, 0.166667, 0.2, 0.318182, 0.185185, 0.083333, 0.32]",0.211384,0.126756,"[15.320949, 17.916126, 18.395359, 15.063797, 15.970959, 18.437913, 18.003922, 20.443483, 15.397512, 19.681386]",17.463141,1.913669
2,cosip_beta0.5,107_cosip_beta0.5_lapin-on_$\gamma0.8$,10,"[0.558819, 0.673367, 0.647233, 0.660696, 0.482745, 0.588727, 0.671616, 0.285023, 0.7117, 0.618884]",0.589881,0.126059,"[0.557363, 0.620238, 0.609108, 0.663473, 0.463433, 0.589953, 0.653517, 0.338182, 0.674797, 0.600652]",0.577072,0.103731,"[0.190476, 0.45, 0.2, 0.0, 0.166667, 0.2, 0.318182, 0.185185, 0.083333, 0.32]",0.211384,0.126756,"[15.320949, 17.916126, 18.395359, 15.063797, 15.970959, 18.437913, 18.003922, 20.443483, 15.397512, 19.681386]",17.463141,1.913669
2,cosip_beta0.5,108_cosip_beta0.5_lapin-on_$\gamma0.9$,10,"[0.578622, 0.701572, 0.668785, 0.656992, 0.51526, 0.605951, 0.686142, 0.343979, 0.740833, 0.636693]",0.613483,0.114649,"[0.571704, 0.660596, 0.612607, 0.667682, 0.511782, 0.622066, 0.657216, 0.402561, 0.692409, 0.59667]",0.599529,0.087105,"[0.190476, 0.45, 0.2, 0.0, 0.166667, 0.2, 0.318182, 0.185185, 0.083333, 0.32]",0.211384,0.126756,"[15.320949, 17.916126, 18.395359, 15.063797, 15.970959, 18.437913, 18.003922, 20.443483, 15.397512, 19.681386]",17.463141,1.913669
2,cosip_beta1,109_cosip_beta1_lapin-off_$\gamma0.3$,10,"[0.440475, 0.405424, 0.518974, 0.409315, 0.45736, 0.43279, 0.386523, 0.483538, 0.49447, 0.461665]",0.449053,0.042295,"[0.331297, 0.29446, 0.396558, 0.296397, 0.362302, 0.33953, 0.265513, 0.345657, 0.394037, 0.348847]",0.33746,0.042507,"[0.285714, 0.35, 0.16, 0.416667, 0.333333, 0.48, 0.409091, 0.296296, 0.166667, 0.36]",0.325777,0.103319,"[11.46261, 11.312184, 11.926087, 14.709749, 13.922875, 14.82505, 12.490576, 14.147711, 11.522145, 14.215205]",13.053419,1.440691
2,cosip_beta1,110_cosip_beta1_lapin-off_$\gamma0.5$,10,"[0.524361, 0.51265, 0.646418, 0.512093, 0.602612, 0.532394, 0.498994, 0.643712, 0.639118, 0.547838]",0.566019,0.060211,"[0.488281, 0.559868, 0.635185, 0.49721, 0.602241, 0.556057, 0.51068, 0.599643, 0.623569, 0.526668]",0.55994,0.053432,"[0.285714, 0.35, 0.16, 0.416667, 0.333333, 0.48, 0.409091, 0.296296, 0.166667, 0.36]",0.325777,0.103319,"[11.46261, 11.312184, 11.926087, 14.709749, 13.922875, 14.82505, 12.490576, 14.147711, 11.522145, 14.215205]",13.053419,1.440691
2,cosip_beta1,111_cosip_beta1_lapin-off_$\gamma0.6$,10,"[0.555627, 0.559917, 0.686639, 0.544419, 0.629778, 0.567345, 0.517845, 0.671133, 0.667694, 0.567362]",0.596776,0.060989,"[0.530687, 0.616442, 0.668909, 0.549902, 0.63259, 0.603771, 0.542512, 0.647859, 0.657096, 0.542048]",0.599182,0.05335,"[0.285714, 0.35, 0.16, 0.416667, 0.333333, 0.48, 0.409091, 0.296296, 0.166667, 0.36]",0.325777,0.103319,"[11.46261, 11.312184, 11.926087, 14.709749, 13.922875, 14.82505, 12.490576, 14.147711, 11.522145, 14.215205]",13.053419,1.440691
2,cosip_beta1,112_cosip_beta1_lapin-off_$\gamma0.7$,10,"[0.578711, 0.58298, 0.69763, 0.582451, 0.652436, 0.599874, 0.542816, 0.692639, 0.688755, 0.587491]",0.620578,0.056748,"[0.594775, 0.629513, 0.66552, 0.58502, 0.650508, 0.632935, 0.569358, 0.699587, 0.672911, 0.558663]",0.625879,0.047417,"[0.285714, 0.35, 0.16, 0.416667, 0.333333, 0.48, 0.409091, 0.296296, 0.166667, 0.36]",0.325777,0.103319,"[11.46261, 11.312184, 11.926087, 14.709749, 13.922875, 14.82505, 12.490576, 14.147711, 11.522145, 14.215205]",13.053419,1.440691
2,cosip_beta1,113_cosip_beta1_lapin-off_$\gamma0.8$,10,"[0.593244, 0.60097, 0.700564, 0.592549, 0.663396, 0.610931, 0.549796, 0.715922, 0.699807, 0.595009]",0.632219,0.057656,"[0.600188, 0.633272, 0.652107, 0.579791, 0.657781, 0.616921, 0.573053, 0.709248, 0.657912, 0.574955]",0.625523,0.044701,"[0.238095, 0.35, 0.16, 0.416667, 0.333333, 0.44, 0.409091, 0.296296, 0.166667, 0.36]",0.317015,0.100361,"[11.46261, 11.312184, 11.926087, 14.709749, 13.922875, 14.82505, 12.490576, 14.147711, 11.522145, 14.215205]",13.053419,1.440691
2,cosip_beta1,114_cosip_beta1_lapin-off_$\gamma0.9$,10,"[0.601462, 0.593153, 0.672751, 0.617802, 0.676756, 0.61605, 0.549629, 0.704319, 0.678425, 0.60471]",0.631506,0.048847,"[0.59376, 0.612668, 0.637641, 0.577555, 0.660626, 0.605738, 0.555148, 0.689898, 0.642396, 0.57343]",0.614886,0.042439,"[0.238095, 0.35, 0.16, 0.416667, 0.333333, 0.44, 0.409091, 0.296296, 0.166667, 0.36]",0.317015,0.100361,"[11.46261, 11.312184, 11.926087, 14.709749, 13.922875, 14.82505, 12.490576, 14.147711, 11.522145, 14.215205]",13.053419,1.440691
2,cosip_beta1,115_cosip_beta1_lapin-on_$\gamma0.3$,10,"[0.356034, 0.378212, 0.33717, 0.30978, 0.287849, 0.203852, 0.417444, 0.11355, 0.207946, 0.257336]",0.286917,0.092656,"[0.299082, 0.288053, 0.229766, 0.232027, 0.182184, 0.102399, 0.321103, 0.062093, 0.089275, 0.169261]",0.197524,0.091986,"[0.095238, 0.2, 0.2, 0.208333, 0.083333, 0.04, 0.136364, 0.0, 0.208333, 0.24]",0.14116,0.082565,"[13.779674, 15.032072, 18.573635, 18.679079, 16.371771, 16.200988, 14.681085, 16.203599, 17.575996, 18.530504]",16.56284,1.743136
2,cosip_beta1,116_cosip_beta1_lapin-on_$\gamma0.5$,10,"[0.542293, 0.508681, 0.529786, 0.514042, 0.408991, 0.348257, 0.604197, 0.220809, 0.350479, 0.425544]",0.445308,0.115974,"[0.556605, 0.465542, 0.530823, 0.483898, 0.349018, 0.309474, 0.575042, 0.223428, 0.281814, 0.385327]",0.416097,0.123458,"[0.095238, 0.2, 0.2, 0.208333, 0.083333, 0.04, 0.136364, 0.0, 0.208333, 0.24]",0.14116,0.082565,"[13.779674, 15.032072, 18.573635, 18.679079, 16.371771, 16.200988, 14.681085, 16.203599, 17.575996, 18.530504]",16.56284,1.743136
2,cosip_beta1,117_cosip_beta1_lapin-on_$\gamma0.6$,10,"[0.624219, 0.556135, 0.57885, 0.595735, 0.479545, 0.433864, 0.66327, 0.297135, 0.42494, 0.501447]",0.515514,0.110452,"[0.624264, 0.536826, 0.57616, 0.596588, 0.417784, 0.416844, 0.629368, 0.31665, 0.373501, 0.499339]",0.498732,0.111525,"[0.095238, 0.2, 0.2, 0.208333, 0.083333, 0.04, 0.136364, 0.0, 0.208333, 0.24]",0.14116,0.082565,"[13.779674, 15.032072, 18.573635, 18.679079, 16.371771, 16.200988, 14.681085, 16.203599, 17.575996, 18.530504]",16.56284,1.743136
2,cosip_beta1,118_cosip_beta1_lapin-on_$\gamma0.7$,10,"[0.678457, 0.59771, 0.614899, 0.657457, 0.572552, 0.497959, 0.72276, 0.362814, 0.496759, 0.584787]",0.578615,0.104613,"[0.656368, 0.581926, 0.609483, 0.645155, 0.547692, 0.473396, 0.690628, 0.385431, 0.461822, 0.577952]",0.562985,0.096913,"[0.095238, 0.2, 0.2, 0.208333, 0.083333, 0.04, 0.136364, 0.0, 0.208333, 0.24]",0.14116,0.082565,"[13.779674, 15.032072, 18.573635, 18.679079, 16.371771, 16.200988, 14.681085, 16.203599, 17.575996, 18.530504]",16.56284,1.743136
2,cosip_beta1,119_cosip_beta1_lapin-on_$\gamma0.8$,10,"[0.682751, 0.624971, 0.660344, 0.691766, 0.653994, 0.547896, 0.748775, 0.416283, 0.555095, 0.622384]",0.620426,0.093924,"[0.677587, 0.611351, 0.620786, 0.652645, 0.618816, 0.520594, 0.716956, 0.422637, 0.523754, 0.603282]",0.596841,0.086199,"[0.095238, 0.2, 0.2, 0.208333, 0.083333, 0.04, 0.136364, 0.0, 0.208333, 0.24]",0.14116,0.082565,"[13.779674, 15.032072, 18.573635, 18.679079, 16.371771, 16.200988, 14.681085, 16.203599, 17.575996, 18.530504]",16.56284,1.743136
2,cosip_beta1,120_cosip_beta1_lapin-on_$\gamma0.9$,10,"[0.678184, 0.645288, 0.692899, 0.707245, 0.652155, 0.528924, 0.717835, 0.434108, 0.617453, 0.663663]",0.633775,0.088457,"[0.683809, 0.622228, 0.645479, 0.643193, 0.637508, 0.535815, 0.720921, 0.43527, 0.569268, 0.627243]",0.612073,0.080943,"[0.095238, 0.2, 0.2, 0.208333, 0.083333, 0.04, 0.136364, 0.0, 0.208333, 0.24]",0.14116,0.082565,"[13.779674, 15.032072, 18.573635, 18.679079, 16.371771, 16.200988, 14.681085, 16.203599, 17.575996, 18.530504]",16.56284,1.743136
2,default,001_default_lapin-off_$\gamma0.3$,10,"[0.2214, 0.163738, 0.259357, 0.216655, 0.203634, 0.239536, 0.237618, 0.180905, 0.215338, 0.218496]",0.215668,0.027992,"[0.10755, 0.021662, 0.170317, 0.113416, 0.117487, 0.124113, 0.14054, 0.074648, 0.109742, 0.113549]",0.109302,0.039306,"[0.095238, 0.3, 0.16, 0.083333, 0.083333, 0.08, 0.090909, 0.037037, 0.041667, 0.08]",0.105152,0.07613,"[10.640153, 11.72657, 12.707797, 12.354953, 10.986973, 12.000432, 10.956243, 12.285373, 10.247996, 11.69679]",11.560328,0.814886
2,default,002_default_lapin-off_$\gamma0.5$,10,"[0.426056, 0.291276, 0.477559, 0.365155, 0.357777, 0.42111, 0.448699, 0.357594, 0.392529, 0.396231]",0.393399,0.053502,"[0.401723, 0.198127, 0.493056, 0.308365, 0.34127, 0.369976, 0.463861, 0.335178, 0.355365, 0.377715]",0.364464,0.081856,"[0.095238, 0.3, 0.16, 0.083333, 0.083333, 0.08, 0.090909, 0.037037, 0.041667, 0.08]",0.105152,0.07613,"[10.640153, 11.72657, 12.707797, 12.354953, 10.986973, 12.000432, 10.956243, 12.285373, 10.247996, 11.69679]",11.560328,0.814886
2,default,003_default_lapin-off_$\gamma0.6$,10,"[0.52173, 0.369909, 0.576153, 0.434484, 0.437525, 0.495179, 0.539414, 0.450026, 0.482872, 0.503683]",0.481098,0.059813,"[0.546016, 0.326814, 0.612879, 0.420237, 0.458827, 0.487182, 0.588522, 0.45714, 0.491544, 0.522197]",0.491136,0.083351,"[0.095238, 0.3, 0.16, 0.083333, 0.083333, 0.08, 0.090909, 0.037037, 0.041667, 0.08]",0.105152,0.07613,"[10.640153, 11.72657, 12.707797, 12.354953, 10.986973, 12.000432, 10.956243, 12.285373, 10.247996, 11.69679]",11.560328,0.814886
2,default,004_default_lapin-off_$\gamma0.7$,10,"[0.587642, 0.445063, 0.653008, 0.484246, 0.530431, 0.57444, 0.602202, 0.532189, 0.572397, 0.576255]",0.555787,0.059853,"[0.619562, 0.450553, 0.677842, 0.512539, 0.555665, 0.585864, 0.651014, 0.560223, 0.60055, 0.616292]",0.58301,0.066796,"[0.095238, 0.3, 0.16, 0.083333, 0.083333, 0.08, 0.090909, 0.037037, 0.041667, 0.08]",0.105152,0.07613,"[10.640153, 11.72657, 12.707797, 12.354953, 10.986973, 12.000432, 10.956243, 12.285373, 10.247996, 11.69679]",11.560328,0.814886
2,default,005_default_lapin-off_$\gamma0.8$,10,"[0.645378, 0.497748, 0.720684, 0.526531, 0.590925, 0.634544, 0.66819, 0.579597, 0.636583, 0.62778]",0.612796,0.066074,"[0.664386, 0.545428, 0.717226, 0.571533, 0.606037, 0.642567, 0.695247, 0.602095, 0.650652, 0.66583]",0.6361,0.05423,"[0.095238, 0.3, 0.16, 0.083333, 0.083333, 0.08, 0.090909, 0.037037, 0.041667, 0.08]",0.105152,0.07613,"[10.640153, 11.72657, 12.707797, 12.354953, 10.986973, 12.000432, 10.956243, 12.285373, 10.247996, 11.69679]",11.560328,0.814886
2,default,006_default_lapin-off_$\gamma0.9$,10,"[0.685297, 0.538296, 0.739591, 0.543754, 0.592841, 0.656948, 0.70613, 0.585323, 0.646776, 0.664649]",0.63596,0.068265,"[0.690342, 0.597613, 0.731207, 0.593558, 0.622206, 0.665505, 0.716144, 0.635998, 0.664995, 0.677554]",0.659512,0.046922,"[0.095238, 0.3, 0.16, 0.083333, 0.083333, 0.08, 0.090909, 0.037037, 0.041667, 0.08]",0.105152,0.07613,"[10.640153, 11.72657, 12.707797, 12.354953, 10.986973, 12.000432, 10.956243, 12.285373, 10.247996, 11.69679]",11.560328,0.814886
2,default,007_default_lapin-on_$\gamma0.3$,10,"[0.135167, 0.23331, 0.134889, 0.127526, 0.138213, 0.120906, 0.14165, 0.069925, 0.11852, 0.12631]",0.134642,0.040214,"[0.050664, 0.11722, 0.014122, 0.032503, 0.023302, 0.005573, 0.035653, 0.00968, 0.032118, 0.028856]",0.034969,0.031864,"[0.047619, 0.0, 0.12, 0.083333, 0.041667, 0.0, 0.272727, 0.0, 0.041667, 0.08]",0.068701,0.082101,"[13.314648, 12.987108, 17.433397, 14.031907, 14.618416, 15.551277, 17.501499, 16.878615, 14.169728, 16.81022]",15.329682,1.727758
2,default,008_default_lapin-on_$\gamma0.5$,10,"[0.224772, 0.398592, 0.280358, 0.214499, 0.264705, 0.209023, 0.302093, 0.181618, 0.246965, 0.273894]",0.259652,0.061311,"[0.223531, 0.362251, 0.190694, 0.183769, 0.219259, 0.14969, 0.256609, 0.150335, 0.238325, 0.235657]",0.221012,0.061579,"[0.047619, 0.0, 0.12, 0.083333, 0.041667, 0.0, 0.272727, 0.0, 0.041667, 0.08]",0.068701,0.082101,"[13.314648, 12.987108, 17.433397, 14.031907, 14.618416, 15.551277, 17.501499, 16.878615, 14.169728, 16.81022]",15.329682,1.727758
2,default,009_default_lapin-on_$\gamma0.6$,10,"[0.243691, 0.460763, 0.349174, 0.264699, 0.329199, 0.285094, 0.380924, 0.254934, 0.306938, 0.343872]",0.321929,0.066247,"[0.306619, 0.491143, 0.302302, 0.273674, 0.34419, 0.257655, 0.395695, 0.262158, 0.352267, 0.349611]",0.333531,0.071151,"[0.047619, 0.0, 0.12, 0.083333, 0.041667, 0.0, 0.272727, 0.0, 0.041667, 0.08]",0.068701,0.082101,"[13.314648, 12.987108, 17.433397, 14.031907, 14.618416, 15.551277, 17.501499, 16.878615, 14.169728, 16.81022]",15.329682,1.727758
2,default,010_default_lapin-on_$\gamma0.7$,10,"[0.27065, 0.514548, 0.413619, 0.299501, 0.395834, 0.35721, 0.462806, 0.326712, 0.361259, 0.419462]",0.38216,0.074535,"[0.364231, 0.56495, 0.418559, 0.368859, 0.460036, 0.379378, 0.503989, 0.354347, 0.429457, 0.46832]",0.431213,0.068737,"[0.047619, 0.0, 0.12, 0.083333, 0.041667, 0.0, 0.272727, 0.0, 0.041667, 0.08]",0.068701,0.082101,"[13.314648, 12.987108, 17.433397, 14.031907, 14.618416, 15.551277, 17.501499, 16.878615, 14.169728, 16.81022]",15.329682,1.727758
2,default,011_default_lapin-on_$\gamma0.8$,10,"[0.306473, 0.563182, 0.460618, 0.324636, 0.473499, 0.413677, 0.507135, 0.388246, 0.408111, 0.47315]",0.431873,0.079717,"[0.399286, 0.604623, 0.505771, 0.424724, 0.527882, 0.46554, 0.56225, 0.434575, 0.473741, 0.561618]",0.496001,0.067689,"[0.047619, 0.0, 0.12, 0.083333, 0.041667, 0.0, 0.272727, 0.0, 0.041667, 0.08]",0.068701,0.082101,"[13.314648, 12.987108, 17.433397, 14.031907, 14.618416, 15.551277, 17.501499, 16.878615, 14.169728, 16.81022]",15.329682,1.727758
2,default,012_default_lapin-on_$\gamma0.9$,10,"[0.31705, 0.548066, 0.496943, 0.370396, 0.535867, 0.462122, 0.553156, 0.451347, 0.452471, 0.528871]",0.471629,0.07856,"[0.406082, 0.612887, 0.55897, 0.4483, 0.584593, 0.507398, 0.580174, 0.47788, 0.489231, 0.608374]",0.527389,0.071649,"[0.047619, 0.0, 0.12, 0.083333, 0.041667, 0.0, 0.272727, 0.0, 0.041667, 0.08]",0.068701,0.082101,"[13.314648, 12.987108, 17.433397, 14.031907, 14.618416, 15.551277, 17.501499, 16.878615, 14.169728, 16.81022]",15.329682,1.727758
2,dice,025_dice_lapin-off_$\gamma0.3$,10,"[0.357041, 0.382861, 0.421014, 0.31653, 0.380089, 0.371686, 0.381328, 0.40206, 0.424686, 0.39813]",0.383542,0.031629,"[0.270711, 0.317294, 0.370645, 0.274939, 0.319553, 0.298078, 0.262181, 0.307328, 0.374824, 0.313685]",0.310924,0.038353,"[0.761905, 0.65, 0.48, 0.75, 0.666667, 0.72, 0.636364, 0.592593, 0.708333, 0.56]",0.652586,0.089143,"[15.902161, 12.894555, 15.651889, 17.212623, 17.18563, 16.774822, 15.337664, 17.649302, 16.258445, 15.320178]",16.018727,1.371755
2,dice,026_dice_lapin-off_$\gamma0.5$,10,"[0.397585, 0.444619, 0.530144, 0.408285, 0.458694, 0.441407, 0.4481, 0.490231, 0.483887, 0.491345]",0.45943,0.040386,"[0.410555, 0.526322, 0.560129, 0.445576, 0.487298, 0.454078, 0.445881, 0.516369, 0.504726, 0.50262]",0.485355,0.045488,"[0.761905, 0.65, 0.48, 0.75, 0.666667, 0.72, 0.636364, 0.592593, 0.708333, 0.56]",0.652586,0.089143,"[15.902161, 12.894555, 15.651889, 17.212623, 17.18563, 16.774822, 15.337664, 17.649302, 16.258445, 15.320178]",16.018727,1.371755
2,dice,027_dice_lapin-off_$\gamma0.6$,10,"[0.428577, 0.466564, 0.577921, 0.439205, 0.486006, 0.472499, 0.477806, 0.514991, 0.495472, 0.519812]",0.487885,0.042949,"[0.477044, 0.567369, 0.589949, 0.478716, 0.528019, 0.51423, 0.518812, 0.561618, 0.525559, 0.53769]",0.529901,0.036333,"[0.761905, 0.65, 0.48, 0.75, 0.666667, 0.72, 0.636364, 0.592593, 0.708333, 0.56]",0.652586,0.089143,"[15.902161, 12.894555, 15.651889, 17.212623, 17.18563, 16.774822, 15.337664, 17.649302, 16.258445, 15.320178]",16.018727,1.371755
2,dice,028_dice_lapin-off_$\gamma0.7$,10,"[0.44186, 0.478021, 0.591316, 0.469936, 0.518052, 0.496262, 0.50354, 0.526763, 0.537355, 0.534878]",0.509798,0.041934,"[0.508052, 0.571433, 0.585352, 0.497493, 0.558457, 0.558834, 0.549996, 0.571877, 0.568835, 0.553764]",0.552409,0.028215,"[0.761905, 0.65, 0.48, 0.75, 0.666667, 0.72, 0.636364, 0.592593, 0.708333, 0.56]",0.652586,0.089143,"[15.902161, 12.894555, 15.651889, 17.212623, 17.18563, 16.774822, 15.337664, 17.649302, 16.258445, 15.320178]",16.018727,1.371755
2,dice,029_dice_lapin-off_$\gamma0.8$,10,"[0.459861, 0.489783, 0.595969, 0.494011, 0.538703, 0.50953, 0.515118, 0.538027, 0.567305, 0.543918]",0.525222,0.039891,"[0.505801, 0.562726, 0.577528, 0.49603, 0.570018, 0.549814, 0.539269, 0.566365, 0.578183, 0.536102]",0.548184,0.028914,"[0.761905, 0.65, 0.48, 0.75, 0.666667, 0.72, 0.636364, 0.592593, 0.708333, 0.56]",0.652586,0.089143,"[15.902161, 12.894555, 15.651889, 17.212623, 17.18563, 16.774822, 15.337664, 17.649302, 16.258445, 15.320178]",16.018727,1.371755
2,dice,030_dice_lapin-off_$\gamma0.9$,10,"[0.47755, 0.496702, 0.615389, 0.498297, 0.536936, 0.523694, 0.522886, 0.555917, 0.575445, 0.547285]",0.53501,0.040933,"[0.495604, 0.543999, 0.564812, 0.482839, 0.544625, 0.546942, 0.528899, 0.546091, 0.554771, 0.51778]",0.532636,0.026394,"[0.761905, 0.65, 0.48, 0.75, 0.666667, 0.72, 0.636364, 0.592593, 0.625, 0.56]",0.644253,0.087227,"[15.902161, 12.894555, 15.651889, 17.212623, 17.18563, 16.774822, 15.337664, 17.649302, 16.258445, 15.320178]",16.018727,1.371755
2,dice,031_dice_lapin-on_$\gamma0.3$,10,"[0.22371, 0.351114, 0.224588, 0.190174, 0.194178, 0.193078, 0.26879, 0.088651, 0.286319, 0.171068]",0.219167,0.071434,"[0.138957, 0.171343, 0.141128, 0.079687, 0.125362, 0.075357, 0.151084, 0.050508, 0.135661, 0.075199]",0.114429,0.040587,"[0.285714, 0.0, 0.16, 0.083333, 0.291667, 0.2, 0.363636, 0.518519, 0.291667, 0.24]",0.243454,0.145416,"[17.575662, 12.188055, 18.099826, 15.230764, 20.397952, 17.368094, 18.453453, 24.855018, 19.249972, 18.540552]",18.195935,3.273708
2,dice,032_dice_lapin-on_$\gamma0.5$,10,"[0.321361, 0.540681, 0.317076, 0.346136, 0.317958, 0.273065, 0.407611, 0.200779, 0.55002, 0.320144]",0.359483,0.11096,"[0.2792, 0.431027, 0.28921, 0.272855, 0.315826, 0.221038, 0.345359, 0.209227, 0.45795, 0.28072]",0.310241,0.081314,"[0.285714, 0.0, 0.16, 0.083333, 0.291667, 0.2, 0.363636, 0.518519, 0.291667, 0.24]",0.243454,0.145416,"[17.575662, 12.188055, 18.099826, 15.230764, 20.397952, 17.368094, 18.453453, 24.855018, 19.249972, 18.540552]",18.195935,3.273708
2,dice,033_dice_lapin-on_$\gamma0.6$,10,"[0.365748, 0.59196, 0.3799, 0.409016, 0.351376, 0.322507, 0.48783, 0.244317, 0.626715, 0.391018]",0.417039,0.11898,"[0.343188, 0.509311, 0.37051, 0.368839, 0.357263, 0.328875, 0.465321, 0.287203, 0.555116, 0.374053]",0.395968,0.085286,"[0.285714, 0.0, 0.16, 0.083333, 0.291667, 0.2, 0.363636, 0.518519, 0.291667, 0.24]",0.243454,0.145416,"[17.575662, 12.188055, 18.099826, 15.230764, 20.397952, 17.368094, 18.453453, 24.855018, 19.249972, 18.540552]",18.195935,3.273708
2,dice,034_dice_lapin-on_$\gamma0.7$,10,"[0.397803, 0.649072, 0.467604, 0.475887, 0.421595, 0.380462, 0.526898, 0.309561, 0.660986, 0.471979]",0.476185,0.11193,"[0.396555, 0.595737, 0.441196, 0.469078, 0.426906, 0.411345, 0.50384, 0.368682, 0.588197, 0.442028]",0.464356,0.076867,"[0.285714, 0.0, 0.16, 0.083333, 0.291667, 0.2, 0.363636, 0.518519, 0.291667, 0.24]",0.243454,0.145416,"[17.575662, 12.188055, 18.099826, 15.230764, 20.397952, 17.368094, 18.453453, 24.855018, 19.249972, 18.540552]",18.195935,3.273708
2,dice,035_dice_lapin-on_$\gamma0.8$,10,"[0.447371, 0.695837, 0.502434, 0.525664, 0.521568, 0.460093, 0.565962, 0.371165, 0.684422, 0.524343]",0.529886,0.100259,"[0.429208, 0.660861, 0.460175, 0.52167, 0.543221, 0.485515, 0.542075, 0.411678, 0.632799, 0.509364]",0.519657,0.080589,"[0.285714, 0.0, 0.16, 0.041667, 0.291667, 0.2, 0.363636, 0.481481, 0.291667, 0.24]",0.235583,0.14367,"[17.575662, 12.188055, 18.099826, 15.230764, 20.397952, 17.368094, 18.453453, 24.855018, 19.249972, 18.540552]",18.195935,3.273708
2,dice,036_dice_lapin-on_$\gamma0.9$,10,"[0.462523, 0.67521, 0.54333, 0.514109, 0.570289, 0.506853, 0.573721, 0.417574, 0.721295, 0.547167]",0.553207,0.090849,"[0.485359, 0.714655, 0.528598, 0.527745, 0.573248, 0.538821, 0.545165, 0.460673, 0.665438, 0.535952]",0.557565,0.077361,"[0.285714, 0.0, 0.16, 0.041667, 0.291667, 0.2, 0.272727, 0.481481, 0.291667, 0.24]",0.226492,0.137406,"[17.575662, 12.188055, 18.099826, 15.230764, 20.397952, 17.368094, 18.453453, 24.855018, 19.249972, 18.540552]",18.195935,3.273708
2,ip_beta0,049_ip_beta0_lapin-off_$\gamma0.3$,10,"[0.374887, 0.455494, 0.597267, 0.458895, 0.509094, 0.523196, 0.4161, 0.492374, 0.588278, 0.499437]",0.491502,0.069581,"[0.259227, 0.330647, 0.506005, 0.304645, 0.417926, 0.410866, 0.267638, 0.379481, 0.492795, 0.395555]",0.376478,0.085916,"[0.095238, 0.15, 0.12, 0.166667, 0.041667, 0.2, 0.181818, 0.148148, 0.125, 0.12]",0.134854,0.045533,"[9.163736, 8.835497, 11.223851, 10.356588, 9.326856, 11.053589, 10.829794, 12.97941, 10.910309, 10.129611]",10.480924,1.217537
2,ip_beta0,050_ip_beta0_lapin-off_$\gamma0.5$,10,"[0.579826, 0.619061, 0.69755, 0.658426, 0.720066, 0.627281, 0.545756, 0.662602, 0.774057, 0.629058]",0.651368,0.067061,"[0.488619, 0.577965, 0.643318, 0.598857, 0.698494, 0.541672, 0.442495, 0.609367, 0.715992, 0.578231]",0.589501,0.085371,"[0.095238, 0.15, 0.12, 0.166667, 0.041667, 0.2, 0.181818, 0.148148, 0.125, 0.12]",0.134854,0.045533,"[9.163736, 8.835497, 11.223851, 10.356588, 9.326856, 11.053589, 10.829794, 12.97941, 10.910309, 10.129611]",10.480924,1.217537
2,ip_beta0,051_ip_beta0_lapin-off_$\gamma0.6$,10,"[0.630967, 0.688424, 0.757463, 0.680155, 0.793859, 0.692555, 0.610168, 0.719584, 0.792416, 0.701531]",0.706712,0.061469,"[0.539562, 0.673441, 0.732845, 0.612272, 0.772459, 0.649762, 0.528476, 0.675913, 0.731367, 0.656244]",0.657234,0.080003,"[0.095238, 0.15, 0.12, 0.166667, 0.041667, 0.2, 0.181818, 0.148148, 0.125, 0.12]",0.134854,0.045533,"[9.163736, 8.835497, 11.223851, 10.356588, 9.326856, 11.053589, 10.829794, 12.97941, 10.910309, 10.129611]",10.480924,1.217537
2,ip_beta0,052_ip_beta0_lapin-off_$\gamma0.7$,10,"[0.695413, 0.715234, 0.795715, 0.690178, 0.804625, 0.779952, 0.693478, 0.772647, 0.798515, 0.754775]",0.750053,0.04693,"[0.640426, 0.704426, 0.767709, 0.618894, 0.796861, 0.757124, 0.6316, 0.725105, 0.729911, 0.693975]",0.706603,0.060718,"[0.095238, 0.15, 0.12, 0.166667, 0.041667, 0.2, 0.181818, 0.148148, 0.125, 0.12]",0.134854,0.045533,"[9.163736, 8.835497, 11.223851, 10.356588, 9.326856, 11.053589, 10.829794, 12.97941, 10.910309, 10.129611]",10.480924,1.217537
2,ip_beta0,053_ip_beta0_lapin-off_$\gamma0.8$,10,"[0.729602, 0.737742, 0.789596, 0.720223, 0.790637, 0.791517, 0.732971, 0.787595, 0.822358, 0.772138]",0.767438,0.034616,"[0.678011, 0.745131, 0.780102, 0.661848, 0.810046, 0.761041, 0.688221, 0.740247, 0.753985, 0.703802]",0.732243,0.047749,"[0.095238, 0.15, 0.12, 0.166667, 0.041667, 0.2, 0.181818, 0.148148, 0.125, 0.12]",0.134854,0.045533,"[9.163736, 8.835497, 11.223851, 10.356588, 9.326856, 11.053589, 10.829794, 12.97941, 10.910309, 10.129611]",10.480924,1.217537
2,ip_beta0,054_ip_beta0_lapin-off_$\gamma0.9$,10,"[0.741311, 0.7352, 0.771651, 0.743741, 0.768995, 0.794505, 0.763905, 0.793322, 0.798837, 0.785657]",0.769712,0.023534,"[0.732359, 0.752824, 0.776669, 0.693291, 0.787514, 0.765552, 0.739006, 0.755911, 0.748854, 0.72293]",0.747491,0.02733,"[0.095238, 0.15, 0.12, 0.166667, 0.041667, 0.2, 0.181818, 0.148148, 0.125, 0.12]",0.134854,0.045533,"[9.163736, 8.835497, 11.223851, 10.356588, 9.326856, 11.053589, 10.829794, 12.97941, 10.910309, 10.129611]",10.480924,1.217537
2,ip_beta0,055_ip_beta0_lapin-on_$\gamma0.3$,10,"[0.193375, 0.230519, 0.225953, 0.226544, 0.234631, 0.170286, 0.298479, 0.109397, 0.189566, 0.22908]",0.210783,0.049592,"[0.129814, 0.19662, 0.15052, 0.189926, 0.172972, 0.114029, 0.252728, 0.077637, 0.126117, 0.146876]",0.155724,0.049485,"[0.952381, 1.15, 0.68, 0.625, 0.875, 0.92, 0.909091, 0.555556, 0.791667, 0.96]",0.841869,0.17968,"[22.147079, 22.809855, 23.72478, 20.12483, 21.923951, 25.542738, 25.04106, 24.702165, 22.295483, 26.05504]",23.436698,1.890467
2,ip_beta0,056_ip_beta0_lapin-on_$\gamma0.5$,10,"[0.290498, 0.374453, 0.425113, 0.360053, 0.372852, 0.263011, 0.503292, 0.222495, 0.345591, 0.343301]",0.350066,0.080133,"[0.241198, 0.437486, 0.430924, 0.364699, 0.402176, 0.247379, 0.545223, 0.226026, 0.314866, 0.335745]",0.354572,0.102318,"[0.952381, 1.15, 0.68, 0.625, 0.875, 0.92, 0.909091, 0.555556, 0.791667, 0.96]",0.841869,0.17968,"[22.147079, 22.809855, 23.72478, 20.12483, 21.923951, 25.542738, 25.04106, 24.702165, 22.295483, 26.05504]",23.436698,1.890467
2,ip_beta0,057_ip_beta0_lapin-on_$\gamma0.6$,10,"[0.333077, 0.450982, 0.480609, 0.403396, 0.421134, 0.302902, 0.543622, 0.250261, 0.402175, 0.42761]",0.401577,0.086444,"[0.302068, 0.528335, 0.543647, 0.444786, 0.451725, 0.291314, 0.587767, 0.286509, 0.413275, 0.435033]",0.428446,0.107826,"[0.952381, 1.15, 0.68, 0.625, 0.875, 0.92, 0.909091, 0.555556, 0.791667, 0.96]",0.841869,0.17968,"[22.147079, 22.809855, 23.72478, 20.12483, 21.923951, 25.542738, 25.04106, 24.702165, 22.295483, 26.05504]",23.436698,1.890467
2,ip_beta0,058_ip_beta0_lapin-on_$\gamma0.7$,10,"[0.372886, 0.492581, 0.557757, 0.454511, 0.43938, 0.317979, 0.584482, 0.303335, 0.448338, 0.48747]",0.445872,0.092955,"[0.394976, 0.562048, 0.622792, 0.509515, 0.482065, 0.353061, 0.647803, 0.379675, 0.523065, 0.480794]",0.495579,0.099438,"[0.952381, 1.15, 0.68, 0.625, 0.875, 0.92, 0.909091, 0.555556, 0.791667, 0.96]",0.841869,0.17968,"[22.147079, 22.809855, 23.72478, 20.12483, 21.923951, 25.542738, 25.04106, 24.702165, 22.295483, 26.05504]",23.436698,1.890467
2,ip_beta0,059_ip_beta0_lapin-on_$\gamma0.8$,10,"[0.445121, 0.50562, 0.585675, 0.509618, 0.468294, 0.375796, 0.614406, 0.349921, 0.498675, 0.56178]",0.491491,0.085385,"[0.481911, 0.587256, 0.624381, 0.52993, 0.499424, 0.449161, 0.659097, 0.436515, 0.607503, 0.563982]",0.543916,0.076448,"[0.952381, 1.15, 0.64, 0.625, 0.875, 0.92, 0.909091, 0.555556, 0.791667, 0.88]",0.82987,0.179868,"[22.147079, 22.809855, 23.72478, 20.12483, 21.923951, 25.542738, 25.04106, 24.702165, 22.295483, 26.05504]",23.436698,1.890467
2,ip_beta0,060_ip_beta0_lapin-on_$\gamma0.9$,10,"[0.513536, 0.526971, 0.592526, 0.535492, 0.489101, 0.44257, 0.641867, 0.395788, 0.549572, 0.587832]",0.527526,0.072824,"[0.542716, 0.580626, 0.608044, 0.523252, 0.540069, 0.531077, 0.654184, 0.452853, 0.616896, 0.570578]",0.56203,0.057034,"[0.904762, 1.15, 0.64, 0.625, 0.875, 0.92, 0.909091, 0.555556, 0.791667, 0.84]",0.821108,0.17594,"[22.147079, 22.809855, 23.72478, 20.12483, 21.923951, 25.542738, 25.04106, 24.702165, 22.295483, 26.05504]",23.436698,1.890467
2,ip_beta0.5,061_ip_beta0.5_lapin-off_$\gamma0.3$,10,"[0.330007, 0.307234, 0.5915, 0.2997, 0.424809, 0.476449, 0.378065, 0.422706, 0.416609, 0.524559]",0.417164,0.094598,"[0.148145, 0.185224, 0.559743, 0.157566, 0.371741, 0.370859, 0.251153, 0.347198, 0.309565, 0.462805]",0.3164,0.134444,"[0.238095, 0.15, 0.04, 0.083333, 0.0, 0.16, 0.181818, 0.222222, 0.166667, 0.2]",0.144214,0.078582,"[11.292797, 10.217708, 10.993978, 10.767009, 10.716446, 11.89446, 10.818221, 13.609754, 11.103114, 12.356471]",11.376996,0.99475
2,ip_beta0.5,062_ip_beta0.5_lapin-off_$\gamma0.5$,10,"[0.508088, 0.482768, 0.801372, 0.476477, 0.694804, 0.700723, 0.478269, 0.637221, 0.652179, 0.663453]",0.609535,0.115073,"[0.462504, 0.410812, 0.764671, 0.402623, 0.664246, 0.68922, 0.385961, 0.613743, 0.566637, 0.635755]",0.559617,0.135378,"[0.238095, 0.15, 0.04, 0.083333, 0.0, 0.16, 0.181818, 0.222222, 0.166667, 0.2]",0.144214,0.078582,"[11.292797, 10.217708, 10.993978, 10.767009, 10.716446, 11.89446, 10.818221, 13.609754, 11.103114, 12.356471]",11.376996,0.99475
2,ip_beta0.5,063_ip_beta0.5_lapin-off_$\gamma0.6$,10,"[0.577001, 0.566061, 0.810845, 0.540773, 0.758442, 0.742617, 0.566343, 0.668806, 0.689102, 0.722917]",0.664291,0.095841,"[0.54112, 0.559646, 0.772212, 0.502033, 0.722207, 0.735202, 0.509875, 0.652347, 0.62004, 0.725104]",0.633979,0.101617,"[0.238095, 0.15, 0.04, 0.083333, 0.0, 0.16, 0.181818, 0.222222, 0.166667, 0.2]",0.144214,0.078582,"[11.292797, 10.217708, 10.993978, 10.767009, 10.716446, 11.89446, 10.818221, 13.609754, 11.103114, 12.356471]",11.376996,0.99475
2,ip_beta0.5,064_ip_beta0.5_lapin-off_$\gamma0.7$,10,"[0.666603, 0.640372, 0.799875, 0.604545, 0.749652, 0.776984, 0.635827, 0.718528, 0.73352, 0.767866]",0.709377,0.067873,"[0.652205, 0.640058, 0.766649, 0.567697, 0.73211, 0.76208, 0.590132, 0.685015, 0.69527, 0.737656]",0.682887,0.069535,"[0.238095, 0.15, 0.04, 0.083333, 0.0, 0.16, 0.181818, 0.222222, 0.166667, 0.2]",0.144214,0.078582,"[11.292797, 10.217708, 10.993978, 10.767009, 10.716446, 11.89446, 10.818221, 13.609754, 11.103114, 12.356471]",11.376996,0.99475
2,ip_beta0.5,065_ip_beta0.5_lapin-off_$\gamma0.8$,10,"[0.718316, 0.683367, 0.786923, 0.647348, 0.738723, 0.77903, 0.682446, 0.751878, 0.754567, 0.781455]",0.732405,0.04807,"[0.737317, 0.693536, 0.780049, 0.62348, 0.727351, 0.765269, 0.630699, 0.704768, 0.710829, 0.748205]",0.71215,0.05217,"[0.238095, 0.15, 0.04, 0.083333, 0.0, 0.16, 0.181818, 0.222222, 0.166667, 0.2]",0.144214,0.078582,"[11.292797, 10.217708, 10.993978, 10.767009, 10.716446, 11.89446, 10.818221, 13.609754, 11.103114, 12.356471]",11.376996,0.99475
2,ip_beta0.5,066_ip_beta0.5_lapin-off_$\gamma0.9$,10,"[0.725497, 0.691058, 0.765377, 0.660257, 0.723848, 0.753676, 0.706021, 0.775793, 0.739872, 0.772842]",0.731424,0.037764,"[0.744301, 0.738056, 0.768401, 0.661668, 0.716491, 0.757353, 0.652163, 0.722104, 0.748445, 0.74605]",0.725503,0.039244,"[0.238095, 0.15, 0.04, 0.083333, 0.0, 0.16, 0.181818, 0.222222, 0.166667, 0.2]",0.144214,0.078582,"[11.292797, 10.217708, 10.993978, 10.767009, 10.716446, 11.89446, 10.818221, 13.609754, 11.103114, 12.356471]",11.376996,0.99475
2,ip_beta0.5,067_ip_beta0.5_lapin-on_$\gamma0.3$,10,"[0.180789, 0.197706, 0.290245, 0.182847, 0.169507, 0.182648, 0.333843, 0.113034, 0.241034, 0.298563]",0.219022,0.069363,"[0.079953, 0.1937, 0.116856, 0.106356, 0.099281, 0.136528, 0.317727, 0.0776, 0.199506, 0.230865]",0.155837,0.077887,"[0.857143, 0.95, 0.4, 0.541667, 0.708333, 0.48, 0.863636, 0.518519, 0.583333, 0.48]",0.638263,0.192741,"[22.959909, 23.829699, 21.19878, 21.384377, 24.043073, 22.518628, 23.940538, 24.765813, 21.728774, 21.438302]",22.780789,1.309854
2,ip_beta0.5,068_ip_beta0.5_lapin-on_$\gamma0.5$,10,"[0.297006, 0.345151, 0.470092, 0.284592, 0.293045, 0.298508, 0.567932, 0.203772, 0.403484, 0.548612]",0.371219,0.12207,"[0.24798, 0.438259, 0.380103, 0.274037, 0.345529, 0.344808, 0.652791, 0.212435, 0.405206, 0.592275]",0.389342,0.142125,"[0.857143, 0.95, 0.4, 0.541667, 0.708333, 0.48, 0.863636, 0.518519, 0.583333, 0.48]",0.638263,0.192741,"[22.959909, 23.829699, 21.19878, 21.384377, 24.043073, 22.518628, 23.940538, 24.765813, 21.728774, 21.438302]",22.780789,1.309854
2,ip_beta0.5,069_ip_beta0.5_lapin-on_$\gamma0.6$,10,"[0.337645, 0.368379, 0.562714, 0.345311, 0.360853, 0.355057, 0.623231, 0.233978, 0.480842, 0.624176]",0.429219,0.134807,"[0.327472, 0.450701, 0.514664, 0.36901, 0.438741, 0.434547, 0.688943, 0.284764, 0.472935, 0.652548]",0.463432,0.129213,"[0.857143, 0.95, 0.4, 0.541667, 0.708333, 0.48, 0.863636, 0.518519, 0.583333, 0.48]",0.638263,0.192741,"[22.959909, 23.829699, 21.19878, 21.384377, 24.043073, 22.518628, 23.940538, 24.765813, 21.728774, 21.438302]",22.780789,1.309854
2,ip_beta0.5,070_ip_beta0.5_lapin-on_$\gamma0.7$,10,"[0.380096, 0.380474, 0.620932, 0.435138, 0.403674, 0.403974, 0.671644, 0.26984, 0.514211, 0.656795]",0.473678,0.135928,"[0.382313, 0.461977, 0.592346, 0.469047, 0.47859, 0.482562, 0.704337, 0.327527, 0.488921, 0.664987]",0.505261,0.117432,"[0.857143, 0.95, 0.4, 0.541667, 0.708333, 0.48, 0.863636, 0.518519, 0.583333, 0.48]",0.638263,0.192741,"[22.959909, 23.829699, 21.19878, 21.384377, 24.043073, 22.518628, 23.940538, 24.765813, 21.728774, 21.438302]",22.780789,1.309854
2,ip_beta0.5,071_ip_beta0.5_lapin-on_$\gamma0.8$,10,"[0.442675, 0.397134, 0.690001, 0.507966, 0.437194, 0.442706, 0.69787, 0.316727, 0.556054, 0.66586]",0.515419,0.132612,"[0.467022, 0.460406, 0.660647, 0.507517, 0.491293, 0.512692, 0.699361, 0.372552, 0.541321, 0.652524]",0.536534,0.103477,"[0.857143, 0.9, 0.4, 0.541667, 0.708333, 0.48, 0.772727, 0.518519, 0.583333, 0.48]",0.624172,0.173516,"[22.959909, 23.829699, 21.19878, 21.384377, 24.043073, 22.518628, 23.940538, 24.765813, 21.728774, 21.438302]",22.780789,1.309854
2,ip_beta0.5,072_ip_beta0.5_lapin-on_$\gamma0.9$,10,"[0.493597, 0.415333, 0.713823, 0.529893, 0.491015, 0.494716, 0.706961, 0.378777, 0.602158, 0.642795]",0.546907,0.115607,"[0.527435, 0.456946, 0.671807, 0.525158, 0.513465, 0.531904, 0.688894, 0.422529, 0.613082, 0.636049]",0.558727,0.08972,"[0.857143, 0.9, 0.4, 0.541667, 0.708333, 0.48, 0.727273, 0.518519, 0.583333, 0.48]",0.619627,0.169746,"[22.959909, 23.829699, 21.19878, 21.384377, 24.043073, 22.518628, 23.940538, 24.765813, 21.728774, 21.438302]",22.780789,1.309854
2,ip_beta1,073_ip_beta1_lapin-off_$\gamma0.3$,10,"[0.3005, 0.421511, 0.287692, 0.270729, 0.279796, 0.345033, 0.356412, 0.479762, 0.342308, 0.345717]",0.342946,0.065948,"[0.167169, 0.313541, 0.178358, 0.164762, 0.186703, 0.184268, 0.201541, 0.473375, 0.182544, 0.256044]",0.23083,0.097057,"[0.047619, 0.05, 0.12, 0.0, 0.125, 0.12, 0.136364, 0.074074, 0.125, 0.08]",0.087806,0.044971,"[9.611927, 9.03776, 12.189582, 10.350381, 11.203869, 11.08074, 10.46009, 11.591657, 10.885149, 11.058749]",10.74699,0.923784
2,ip_beta1,074_ip_beta1_lapin-off_$\gamma0.5$,10,"[0.460865, 0.604424, 0.461409, 0.463936, 0.397265, 0.474673, 0.500622, 0.757775, 0.514084, 0.508566]",0.514362,0.100598,"[0.362191, 0.60512, 0.407654, 0.467401, 0.337153, 0.405617, 0.44422, 0.764654, 0.443462, 0.429081]",0.466655,0.127069,"[0.047619, 0.05, 0.12, 0.0, 0.125, 0.12, 0.136364, 0.074074, 0.125, 0.08]",0.087806,0.044971,"[9.611927, 9.03776, 12.189582, 10.350381, 11.203869, 11.08074, 10.46009, 11.591657, 10.885149, 11.058749]",10.74699,0.923784
2,ip_beta1,075_ip_beta1_lapin-off_$\gamma0.6$,10,"[0.504082, 0.695097, 0.52074, 0.599755, 0.439173, 0.538874, 0.55534, 0.790486, 0.597512, 0.5955]",0.583656,0.099868,"[0.426944, 0.69708, 0.458923, 0.626859, 0.376907, 0.494072, 0.517824, 0.772907, 0.584441, 0.524505]",0.548046,0.123193,"[0.047619, 0.05, 0.12, 0.0, 0.125, 0.12, 0.136364, 0.074074, 0.125, 0.08]",0.087806,0.044971,"[9.611927, 9.03776, 12.189582, 10.350381, 11.203869, 11.08074, 10.46009, 11.591657, 10.885149, 11.058749]",10.74699,0.923784
2,ip_beta1,076_ip_beta1_lapin-off_$\gamma0.7$,10,"[0.546614, 0.736999, 0.552027, 0.669207, 0.48443, 0.606501, 0.619519, 0.801536, 0.665814, 0.66501]",0.634766,0.094032,"[0.506951, 0.722034, 0.485211, 0.680833, 0.437808, 0.592273, 0.606214, 0.776879, 0.655816, 0.59404]",0.605806,0.107376,"[0.047619, 0.05, 0.12, 0.0, 0.125, 0.12, 0.136364, 0.074074, 0.125, 0.08]",0.087806,0.044971,"[9.611927, 9.03776, 12.189582, 10.350381, 11.203869, 11.08074, 10.46009, 11.591657, 10.885149, 11.058749]",10.74699,0.923784
2,ip_beta1,077_ip_beta1_lapin-off_$\gamma0.8$,10,"[0.60648, 0.727278, 0.573009, 0.674485, 0.530961, 0.68251, 0.667629, 0.79009, 0.699979, 0.692491]",0.664491,0.075836,"[0.58772, 0.725728, 0.528414, 0.690395, 0.51211, 0.671888, 0.663905, 0.762685, 0.695413, 0.626955]",0.646521,0.08225,"[0.047619, 0.05, 0.12, 0.0, 0.125, 0.12, 0.136364, 0.074074, 0.125, 0.08]",0.087806,0.044971,"[9.611927, 9.03776, 12.189582, 10.350381, 11.203869, 11.08074, 10.46009, 11.591657, 10.885149, 11.058749]",10.74699,0.923784
2,ip_beta1,078_ip_beta1_lapin-off_$\gamma0.9$,10,"[0.636668, 0.705724, 0.602116, 0.680081, 0.597083, 0.696948, 0.689269, 0.762971, 0.705192, 0.706792]",0.678284,0.051705,"[0.628432, 0.726709, 0.598081, 0.703239, 0.60553, 0.682612, 0.685167, 0.74852, 0.710035, 0.701448]",0.678977,0.051335,"[0.047619, 0.05, 0.12, 0.0, 0.125, 0.12, 0.136364, 0.074074, 0.125, 0.08]",0.087806,0.044971,"[9.611927, 9.03776, 12.189582, 10.350381, 11.203869, 11.08074, 10.46009, 11.591657, 10.885149, 11.058749]",10.74699,0.923784
2,ip_beta1,079_ip_beta1_lapin-on_$\gamma0.3$,10,"[0.23548, 0.221461, 0.259552, 0.166712, 0.191036, 0.207259, 0.32475, 0.114327, 0.255165, 0.28428]",0.226002,0.060364,"[0.151019, 0.192033, 0.11132, 0.139172, 0.163664, 0.19858, 0.305502, 0.057446, 0.167217, 0.224456]",0.171041,0.06674,"[0.619048, 1.0, 0.44, 0.416667, 0.666667, 0.68, 0.727273, 0.407407, 0.583333, 0.72]",0.62604,0.180002,"[19.724011, 22.937248, 22.424471, 19.616933, 23.411608, 24.201631, 22.439063, 21.356697, 22.215369, 24.927642]",22.325467,1.729559
2,ip_beta1,080_ip_beta1_lapin-on_$\gamma0.5$,10,"[0.366426, 0.350322, 0.457031, 0.296189, 0.323443, 0.350297, 0.525483, 0.234663, 0.3807, 0.416584]",0.370114,0.082161,"[0.315523, 0.409921, 0.380054, 0.322764, 0.350783, 0.405315, 0.592519, 0.220206, 0.369109, 0.426768]",0.379296,0.09593,"[0.619048, 1.0, 0.44, 0.416667, 0.666667, 0.68, 0.727273, 0.407407, 0.583333, 0.72]",0.62604,0.180002,"[19.724011, 22.937248, 22.424471, 19.616933, 23.411608, 24.201631, 22.439063, 21.356697, 22.215369, 24.927642]",22.325467,1.729559
2,ip_beta1,081_ip_beta1_lapin-on_$\gamma0.6$,10,"[0.429079, 0.393004, 0.524662, 0.341208, 0.377542, 0.406168, 0.568955, 0.282382, 0.425815, 0.458272]",0.420709,0.083392,"[0.3989, 0.453176, 0.441836, 0.385699, 0.4093, 0.453191, 0.618558, 0.288704, 0.438945, 0.475746]",0.436406,0.082902,"[0.619048, 1.0, 0.44, 0.416667, 0.666667, 0.68, 0.727273, 0.407407, 0.583333, 0.72]",0.62604,0.180002,"[19.724011, 22.937248, 22.424471, 19.616933, 23.411608, 24.201631, 22.439063, 21.356697, 22.215369, 24.927642]",22.325467,1.729559
2,ip_beta1,082_ip_beta1_lapin-on_$\gamma0.7$,10,"[0.471384, 0.416204, 0.583884, 0.36308, 0.446811, 0.470861, 0.601668, 0.336331, 0.484893, 0.488188]",0.46633,0.083969,"[0.461542, 0.468193, 0.521302, 0.422069, 0.497037, 0.509693, 0.62999, 0.365328, 0.516492, 0.490124]",0.488177,0.069223,"[0.619048, 1.0, 0.44, 0.416667, 0.666667, 0.68, 0.727273, 0.407407, 0.583333, 0.72]",0.62604,0.180002,"[19.724011, 22.937248, 22.424471, 19.616933, 23.411608, 24.201631, 22.439063, 21.356697, 22.215369, 24.927642]",22.325467,1.729559
2,ip_beta1,083_ip_beta1_lapin-on_$\gamma0.8$,10,"[0.541359, 0.434607, 0.639415, 0.431204, 0.486234, 0.51918, 0.625278, 0.397767, 0.540081, 0.541742]",0.515687,0.080103,"[0.544435, 0.493189, 0.6173, 0.465373, 0.530565, 0.537612, 0.639916, 0.448347, 0.572944, 0.543148]",0.539283,0.060849,"[0.619048, 1.0, 0.4, 0.416667, 0.666667, 0.68, 0.727273, 0.407407, 0.541667, 0.72]",0.617873,0.186404,"[19.724011, 22.937248, 22.424471, 19.616933, 23.411608, 24.201631, 22.439063, 21.356697, 22.215369, 24.927642]",22.325467,1.729559
2,ip_beta1,084_ip_beta1_lapin-on_$\gamma0.9$,10,"[0.604189, 0.46366, 0.669475, 0.471012, 0.513564, 0.536159, 0.647878, 0.457857, 0.585497, 0.587073]",0.553636,0.076736,"[0.602963, 0.494879, 0.648465, 0.471483, 0.543976, 0.537321, 0.624289, 0.488725, 0.598571, 0.577423]",0.55881,0.061018,"[0.619048, 0.95, 0.4, 0.375, 0.666667, 0.68, 0.727273, 0.407407, 0.541667, 0.68]",0.604706,0.178638,"[19.724011, 22.937248, 22.424471, 19.616933, 23.411608, 24.201631, 22.439063, 21.356697, 22.215369, 24.927642]",22.325467,1.729559
2,kul,013_kul_lapin-off_$\gamma0.3$,10,"[0.323692, 0.371242, 0.405493, 0.44012, 0.367413, 0.444008, 0.447701, 0.42098, 0.428985, 0.418201]",0.406783,0.040435,"[0.243741, 0.313829, 0.271291, 0.374673, 0.309597, 0.341049, 0.383684, 0.334735, 0.333252, 0.39595]",0.33018,0.048244,"[0.904762, 0.7, 0.48, 0.625, 0.708333, 0.48, 0.454545, 0.703704, 0.583333, 0.68]",0.631968,0.138408,"[16.597693, 13.734854, 15.268076, 16.695741, 16.659971, 15.238552, 12.749685, 19.332287, 15.392543, 16.844294]",15.85137,1.82735
2,kul,014_kul_lapin-off_$\gamma0.5$,10,"[0.412363, 0.44549, 0.512775, 0.570731, 0.47204, 0.528062, 0.533805, 0.504531, 0.5086, 0.468781]",0.495718,0.046446,"[0.483181, 0.52316, 0.437014, 0.594765, 0.483778, 0.525665, 0.579352, 0.515312, 0.505538, 0.507334]",0.51551,0.045824,"[0.904762, 0.7, 0.48, 0.625, 0.708333, 0.48, 0.454545, 0.703704, 0.583333, 0.68]",0.631968,0.138408,"[16.597693, 13.734854, 15.268076, 16.695741, 16.659971, 15.238552, 12.749685, 19.332287, 15.392543, 16.844294]",15.85137,1.82735
2,kul,015_kul_lapin-off_$\gamma0.6$,10,"[0.434467, 0.465957, 0.546264, 0.584779, 0.488989, 0.55025, 0.555099, 0.526034, 0.536529, 0.486277]",0.517464,0.046683,"[0.515084, 0.561587, 0.487572, 0.592125, 0.513275, 0.552562, 0.601805, 0.560091, 0.568777, 0.524133]",0.547701,0.036719,"[0.904762, 0.7, 0.48, 0.625, 0.708333, 0.48, 0.454545, 0.703704, 0.583333, 0.68]",0.631968,0.138408,"[16.597693, 13.734854, 15.268076, 16.695741, 16.659971, 15.238552, 12.749685, 19.332287, 15.392543, 16.844294]",15.85137,1.82735
2,kul,016_kul_lapin-off_$\gamma0.7$,10,"[0.445213, 0.493861, 0.600709, 0.596173, 0.526018, 0.580773, 0.575418, 0.535657, 0.570939, 0.510314]",0.543508,0.050333,"[0.5112, 0.600376, 0.57221, 0.600126, 0.569311, 0.60924, 0.615477, 0.555925, 0.605896, 0.561162]",0.580092,0.032399,"[0.904762, 0.7, 0.48, 0.625, 0.708333, 0.48, 0.454545, 0.703704, 0.583333, 0.68]",0.631968,0.138408,"[16.597693, 13.734854, 15.268076, 16.695741, 16.659971, 15.238552, 12.749685, 19.332287, 15.392543, 16.844294]",15.85137,1.82735
2,kul,017_kul_lapin-off_$\gamma0.8$,10,"[0.452725, 0.509637, 0.617071, 0.601804, 0.531992, 0.599133, 0.577504, 0.539132, 0.587083, 0.515718]",0.55318,0.052,"[0.496016, 0.588357, 0.601398, 0.588696, 0.582008, 0.600018, 0.600165, 0.542817, 0.60795, 0.557696]",0.576512,0.034972,"[0.904762, 0.7, 0.48, 0.625, 0.708333, 0.48, 0.454545, 0.703704, 0.583333, 0.68]",0.631968,0.138408,"[16.597693, 13.734854, 15.268076, 16.695741, 16.659971, 15.238552, 12.749685, 19.332287, 15.392543, 16.844294]",15.85137,1.82735
2,kul,018_kul_lapin-off_$\gamma0.9$,10,"[0.447668, 0.5192, 0.643995, 0.605851, 0.538114, 0.605882, 0.582028, 0.540042, 0.614182, 0.526317]",0.562328,0.058618,"[0.491425, 0.568296, 0.603193, 0.574983, 0.571264, 0.59327, 0.588232, 0.523889, 0.594695, 0.544828]",0.565408,0.035493,"[0.904762, 0.7, 0.48, 0.625, 0.666667, 0.48, 0.454545, 0.703704, 0.541667, 0.68]",0.623634,0.138595,"[16.597693, 13.734854, 15.268076, 16.695741, 16.659971, 15.238552, 12.749685, 19.332287, 15.392543, 16.844294]",15.85137,1.82735
2,kul,019_kul_lapin-on_$\gamma0.3$,10,"[0.251177, 0.220735, 0.23072, 0.217963, 0.193989, 0.19628, 0.262565, 0.074146, 0.213167, 0.199187]",0.205993,0.051569,"[0.132335, 0.189189, 0.153058, 0.154432, 0.106346, 0.094366, 0.183366, 0.04419, 0.153914, 0.175065]",0.138626,0.045383,"[0.190476, 0.25, 0.08, 0.166667, 0.291667, 0.36, 0.363636, 0.296296, 0.125, 0.28]",0.240374,0.096539,"[15.062898, 14.689379, 16.620752, 19.516537, 19.328985, 20.048444, 19.119156, 22.273763, 16.395058, 19.954221]",18.300919,2.466625
2,kul,020_kul_lapin-on_$\gamma0.5$,10,"[0.406922, 0.329132, 0.377669, 0.380067, 0.322533, 0.343984, 0.401155, 0.163781, 0.344105, 0.338875]",0.340822,0.068917,"[0.39042, 0.340954, 0.329626, 0.37487, 0.255906, 0.281936, 0.360592, 0.202268, 0.364393, 0.364276]",0.326524,0.060619,"[0.190476, 0.25, 0.08, 0.166667, 0.291667, 0.36, 0.363636, 0.296296, 0.125, 0.28]",0.240374,0.096539,"[15.062898, 14.689379, 16.620752, 19.516537, 19.328985, 20.048444, 19.119156, 22.273763, 16.395058, 19.954221]",18.300919,2.466625
2,kul,021_kul_lapin-on_$\gamma0.6$,10,"[0.496858, 0.363179, 0.439066, 0.42011, 0.3932, 0.384235, 0.43456, 0.194613, 0.373874, 0.400271]",0.389997,0.078897,"[0.495707, 0.392667, 0.399681, 0.433768, 0.36937, 0.360912, 0.39903, 0.235281, 0.428197, 0.443887]",0.39585,0.06872,"[0.190476, 0.25, 0.08, 0.166667, 0.291667, 0.36, 0.363636, 0.296296, 0.125, 0.28]",0.240374,0.096539,"[15.062898, 14.689379, 16.620752, 19.516537, 19.328985, 20.048444, 19.119156, 22.273763, 16.395058, 19.954221]",18.300919,2.466625
2,kul,022_kul_lapin-on_$\gamma0.7$,10,"[0.576181, 0.395352, 0.497172, 0.44808, 0.437445, 0.430879, 0.498969, 0.256718, 0.459741, 0.455153]",0.445569,0.082557,"[0.609637, 0.412239, 0.448695, 0.45678, 0.433668, 0.430777, 0.484755, 0.325373, 0.490904, 0.484757]",0.457758,0.071967,"[0.190476, 0.25, 0.08, 0.166667, 0.291667, 0.36, 0.363636, 0.296296, 0.125, 0.28]",0.240374,0.096539,"[15.062898, 14.689379, 16.620752, 19.516537, 19.328985, 20.048444, 19.119156, 22.273763, 16.395058, 19.954221]",18.300919,2.466625
2,kul,023_kul_lapin-on_$\gamma0.8$,10,"[0.642925, 0.436245, 0.589046, 0.490193, 0.494368, 0.499046, 0.574654, 0.293156, 0.518767, 0.511154]",0.504955,0.09495,"[0.661959, 0.438893, 0.569784, 0.498518, 0.489973, 0.500526, 0.548816, 0.347887, 0.523464, 0.521738]",0.510156,0.081956,"[0.190476, 0.25, 0.08, 0.166667, 0.291667, 0.36, 0.363636, 0.296296, 0.125, 0.28]",0.240374,0.096539,"[15.062898, 14.689379, 16.620752, 19.516537, 19.328985, 20.048444, 19.119156, 22.273763, 16.395058, 19.954221]",18.300919,2.466625
2,kul,024_kul_lapin-on_$\gamma0.9$,10,"[0.651708, 0.473561, 0.641786, 0.540236, 0.528282, 0.553838, 0.622328, 0.305254, 0.555829, 0.54343]",0.541625,0.099834,"[0.674205, 0.475107, 0.614767, 0.535331, 0.535066, 0.564698, 0.560371, 0.369599, 0.568702, 0.522873]",0.542072,0.080962,"[0.190476, 0.25, 0.08, 0.166667, 0.291667, 0.36, 0.363636, 0.296296, 0.125, 0.28]",0.240374,0.096539,"[15.062898, 14.689379, 16.620752, 19.516537, 19.328985, 20.048444, 19.119156, 22.273763, 16.395058, 19.954221]",18.300919,2.466625
2,ochiai,037_ochiai_lapin-off_$\gamma0.3$,10,"[0.402824, 0.407807, 0.429252, 0.39404, 0.368949, 0.3452, 0.413252, 0.468155, 0.402229, 0.381599]",0.401331,0.033456,"[0.31914, 0.327708, 0.340108, 0.338954, 0.296035, 0.256001, 0.304133, 0.404226, 0.340907, 0.332594]",0.325981,0.038119,"[0.619048, 0.55, 0.48, 0.583333, 0.708333, 0.76, 0.5, 0.481481, 0.75, 0.76]",0.61922,0.117061,"[15.810198, 12.663402, 15.689165, 14.728285, 16.93021, 16.865072, 13.987733, 16.540578, 15.916858, 18.295492]",15.742699,1.614243
2,ochiai,038_ochiai_lapin-off_$\gamma0.5$,10,"[0.468324, 0.470479, 0.550171, 0.475502, 0.436246, 0.418599, 0.488545, 0.559155, 0.46975, 0.472698]",0.480947,0.043898,"[0.502259, 0.503277, 0.549586, 0.501748, 0.481364, 0.416189, 0.477778, 0.573315, 0.530158, 0.498218]",0.503389,0.042838,"[0.619048, 0.55, 0.48, 0.583333, 0.708333, 0.76, 0.5, 0.481481, 0.75, 0.76]",0.61922,0.117061,"[15.810198, 12.663402, 15.689165, 14.728285, 16.93021, 16.865072, 13.987733, 16.540578, 15.916858, 18.295492]",15.742699,1.614243
2,ochiai,039_ochiai_lapin-off_$\gamma0.6$,10,"[0.484097, 0.495578, 0.581648, 0.49407, 0.464967, 0.443234, 0.504694, 0.566779, 0.498818, 0.497374]",0.503126,0.04192,"[0.532271, 0.552451, 0.58336, 0.521834, 0.529464, 0.45745, 0.513155, 0.594999, 0.554544, 0.517152]",0.535668,0.038933,"[0.619048, 0.55, 0.48, 0.583333, 0.708333, 0.76, 0.5, 0.481481, 0.75, 0.76]",0.61922,0.117061,"[15.810198, 12.663402, 15.689165, 14.728285, 16.93021, 16.865072, 13.987733, 16.540578, 15.916858, 18.295492]",15.742699,1.614243
2,ochiai,040_ochiai_lapin-off_$\gamma0.7$,10,"[0.503919, 0.530685, 0.594674, 0.507482, 0.478394, 0.488937, 0.518463, 0.588471, 0.517103, 0.522128]",0.525026,0.038373,"[0.541261, 0.615877, 0.59409, 0.507352, 0.55096, 0.53031, 0.534611, 0.608221, 0.555563, 0.53695]",0.55752,0.036255,"[0.619048, 0.55, 0.48, 0.583333, 0.708333, 0.76, 0.5, 0.481481, 0.75, 0.76]",0.61922,0.117061,"[15.810198, 12.663402, 15.689165, 14.728285, 16.93021, 16.865072, 13.987733, 16.540578, 15.916858, 18.295492]",15.742699,1.614243
2,ochiai,041_ochiai_lapin-off_$\gamma0.8$,10,"[0.516174, 0.546068, 0.619256, 0.511232, 0.482337, 0.50301, 0.532704, 0.597462, 0.519184, 0.524968]",0.53524,0.042419,"[0.533424, 0.610534, 0.597926, 0.493042, 0.532576, 0.524067, 0.537813, 0.596765, 0.526425, 0.522417]",0.547499,0.039505,"[0.619048, 0.55, 0.48, 0.583333, 0.708333, 0.76, 0.5, 0.481481, 0.75, 0.76]",0.61922,0.117061,"[15.810198, 12.663402, 15.689165, 14.728285, 16.93021, 16.865072, 13.987733, 16.540578, 15.916858, 18.295492]",15.742699,1.614243
2,ochiai,042_ochiai_lapin-off_$\gamma0.9$,10,"[0.52639, 0.559032, 0.638763, 0.510728, 0.492396, 0.520897, 0.538813, 0.588993, 0.52516, 0.52123]",0.54224,0.043094,"[0.530688, 0.60275, 0.601604, 0.475432, 0.507875, 0.524584, 0.51603, 0.57183, 0.514515, 0.518985]",0.536429,0.041912,"[0.619048, 0.55, 0.48, 0.583333, 0.708333, 0.76, 0.5, 0.481481, 0.75, 0.76]",0.61922,0.117061,"[15.810198, 12.663402, 15.689165, 14.728285, 16.93021, 16.865072, 13.987733, 16.540578, 15.916858, 18.295492]",15.742699,1.614243
2,ochiai,043_ochiai_lapin-on_$\gamma0.3$,10,"[0.209427, 0.273079, 0.24806, 0.157681, 0.200836, 0.193849, 0.312823, 0.048146, 0.198405, 0.179686]",0.202199,0.071277,"[0.109315, 0.156589, 0.13054, 0.089568, 0.114136, 0.122046, 0.249096, 0.036989, 0.111106, 0.073007]",0.119239,0.056142,"[0.47619, 0.3, 0.28, 0.375, 0.333333, 0.24, 0.454545, 0.259259, 0.208333, 0.36]",0.328666,0.088887,"[20.393074, 15.511288, 19.338034, 19.778626, 19.889316, 18.226106, 20.369672, 22.519063, 16.713085, 22.666253]",19.540452,2.26648
2,ochiai,044_ochiai_lapin-on_$\gamma0.5$,10,"[0.34699, 0.400822, 0.415574, 0.25208, 0.375523, 0.311233, 0.460633, 0.116142, 0.333412, 0.31915]",0.333156,0.096582,"[0.317184, 0.409885, 0.32089, 0.277628, 0.303627, 0.294386, 0.439148, 0.12928, 0.241998, 0.201447]",0.293547,0.090994,"[0.47619, 0.3, 0.28, 0.375, 0.333333, 0.24, 0.454545, 0.259259, 0.208333, 0.36]",0.328666,0.088887,"[20.393074, 15.511288, 19.338034, 19.778626, 19.889316, 18.226106, 20.369672, 22.519063, 16.713085, 22.666253]",19.540452,2.26648
2,ochiai,045_ochiai_lapin-on_$\gamma0.6$,10,"[0.417417, 0.442652, 0.470628, 0.322426, 0.44695, 0.384977, 0.519627, 0.173103, 0.438501, 0.378201]",0.399448,0.096209,"[0.414404, 0.474016, 0.386589, 0.346312, 0.417031, 0.392679, 0.515338, 0.187558, 0.367507, 0.282203]",0.378364,0.092962,"[0.47619, 0.3, 0.28, 0.375, 0.333333, 0.24, 0.454545, 0.259259, 0.208333, 0.36]",0.328666,0.088887,"[20.393074, 15.511288, 19.338034, 19.778626, 19.889316, 18.226106, 20.369672, 22.519063, 16.713085, 22.666253]",19.540452,2.26648
2,ochiai,046_ochiai_lapin-on_$\gamma0.7$,10,"[0.461079, 0.457216, 0.546884, 0.358069, 0.503709, 0.434769, 0.564517, 0.199932, 0.552215, 0.455495]",0.453388,0.109108,"[0.463359, 0.505863, 0.491428, 0.394853, 0.483813, 0.468232, 0.545757, 0.242999, 0.522491, 0.382517]",0.450131,0.089044,"[0.47619, 0.3, 0.28, 0.375, 0.333333, 0.24, 0.454545, 0.259259, 0.208333, 0.36]",0.328666,0.088887,"[20.393074, 15.511288, 19.338034, 19.778626, 19.889316, 18.226106, 20.369672, 22.519063, 16.713085, 22.666253]",19.540452,2.26648
2,ochiai,047_ochiai_lapin-on_$\gamma0.8$,10,"[0.51219, 0.489359, 0.656931, 0.410653, 0.584827, 0.483118, 0.597807, 0.273505, 0.642436, 0.486463]",0.513729,0.115376,"[0.521404, 0.543122, 0.616681, 0.417716, 0.548676, 0.500146, 0.587145, 0.335037, 0.593367, 0.409633]",0.507293,0.092033,"[0.47619, 0.3, 0.28, 0.375, 0.333333, 0.24, 0.454545, 0.259259, 0.208333, 0.36]",0.328666,0.088887,"[20.393074, 15.511288, 19.338034, 19.778626, 19.889316, 18.226106, 20.369672, 22.519063, 16.713085, 22.666253]",19.540452,2.26648
2,ochiai,048_ochiai_lapin-on_$\gamma0.9$,10,"[0.53718, 0.512968, 0.701894, 0.430534, 0.666213, 0.484316, 0.613972, 0.324114, 0.679961, 0.507167]",0.545832,0.120355,"[0.553429, 0.540788, 0.625242, 0.426803, 0.62655, 0.541351, 0.594258, 0.372997, 0.614231, 0.442564]",0.533821,0.090191,"[0.47619, 0.3, 0.28, 0.375, 0.333333, 0.24, 0.409091, 0.259259, 0.208333, 0.36]",0.324121,0.08268,"[20.393074, 15.511288, 19.338034, 19.778626, 19.889316, 18.226106, 20.369672, 22.519063, 16.713085, 22.666253]",19.540452,2.26648
3,cosip_beta0,085_cosip_beta0_lapin-off_$\gamma0.3$,10,"[0.439062, 0.368475, 0.405529, 0.38552, 0.468119, 0.437098, 0.44354, 0.445923, 0.408486, 0.403147]",0.42049,0.031028,"[0.352483, 0.33936, 0.340114, 0.332331, 0.420361, 0.354172, 0.406821, 0.412469, 0.369561, 0.335543]",0.366322,0.034248,"[0.4375, 0.5, 0.466667, 0.517241, 0.428571, 0.310345, 0.4, 0.344828, 0.533333, 0.48]",0.441849,0.073151,"[18.690143, 15.655249, 16.934379, 17.405099, 16.942587, 16.408599, 17.10715, 16.037337, 17.80738, 16.426936]",16.941486,0.886355
3,cosip_beta0,086_cosip_beta0_lapin-off_$\gamma0.5$,10,"[0.49926, 0.440521, 0.47253, 0.458122, 0.535431, 0.523244, 0.532928, 0.51445, 0.484125, 0.457036]",0.491765,0.034246,"[0.412552, 0.445467, 0.453963, 0.443512, 0.504754, 0.466397, 0.507424, 0.48857, 0.462978, 0.444193]",0.462981,0.029907,"[0.4375, 0.5, 0.466667, 0.517241, 0.428571, 0.310345, 0.4, 0.344828, 0.533333, 0.48]",0.441849,0.073151,"[18.690143, 15.655249, 16.934379, 17.405099, 16.942587, 16.408599, 17.10715, 16.037337, 17.80738, 16.426936]",16.941486,0.886355
3,cosip_beta0,087_cosip_beta0_lapin-off_$\gamma0.6$,10,"[0.548528, 0.468079, 0.487592, 0.4764, 0.546701, 0.543399, 0.536537, 0.528994, 0.504788, 0.474142]",0.511516,0.032813,"[0.46797, 0.463511, 0.462939, 0.458405, 0.498653, 0.477196, 0.489341, 0.492581, 0.465485, 0.459512]",0.473559,0.014873,"[0.4375, 0.5, 0.466667, 0.517241, 0.428571, 0.310345, 0.4, 0.344828, 0.533333, 0.48]",0.441849,0.073151,"[18.690143, 15.655249, 16.934379, 17.405099, 16.942587, 16.408599, 17.10715, 16.037337, 17.80738, 16.426936]",16.941486,0.886355
3,cosip_beta0,088_cosip_beta0_lapin-off_$\gamma0.7$,10,"[0.569729, 0.475417, 0.503931, 0.48048, 0.554006, 0.575945, 0.543217, 0.574573, 0.515336, 0.501149]",0.529378,0.038847,"[0.474436, 0.450272, 0.460787, 0.448809, 0.501727, 0.489276, 0.473406, 0.511121, 0.457131, 0.467829]",0.473479,0.021273,"[0.4375, 0.5, 0.466667, 0.517241, 0.428571, 0.310345, 0.4, 0.344828, 0.533333, 0.48]",0.441849,0.073151,"[18.690143, 15.655249, 16.934379, 17.405099, 16.942587, 16.408599, 17.10715, 16.037337, 17.80738, 16.426936]",16.941486,0.886355
3,cosip_beta0,089_cosip_beta0_lapin-off_$\gamma0.8$,10,"[0.578077, 0.486744, 0.510414, 0.49702, 0.564513, 0.551273, 0.539309, 0.568132, 0.525177, 0.512882]",0.533354,0.031696,"[0.472241, 0.427855, 0.448945, 0.427536, 0.493775, 0.487383, 0.490329, 0.509433, 0.443822, 0.459461]",0.466078,0.028879,"[0.4375, 0.5, 0.466667, 0.517241, 0.428571, 0.310345, 0.4, 0.344828, 0.533333, 0.48]",0.441849,0.073151,"[18.690143, 15.655249, 16.934379, 17.405099, 16.942587, 16.408599, 17.10715, 16.037337, 17.80738, 16.426936]",16.941486,0.886355
3,cosip_beta0,090_cosip_beta0_lapin-off_$\gamma0.9$,10,"[0.520481, 0.469019, 0.489192, 0.484711, 0.525835, 0.517949, 0.511046, 0.536359, 0.489345, 0.490654]",0.503459,0.021717,"[0.474288, 0.416678, 0.432109, 0.406864, 0.484281, 0.478975, 0.479163, 0.492054, 0.434862, 0.451216]",0.455049,0.030715,"[0.40625, 0.5, 0.466667, 0.517241, 0.428571, 0.275862, 0.4, 0.310345, 0.5, 0.48]",0.428494,0.082175,"[18.690143, 15.655249, 16.934379, 17.405099, 16.942587, 16.408599, 17.10715, 16.037337, 17.80738, 16.426936]",16.941486,0.886355
3,cosip_beta0,091_cosip_beta0_lapin-on_$\gamma0.3$,10,"[0.176387, 0.195074, 0.269555, 0.180983, 0.254897, 0.201738, 0.190955, 0.227668, 0.332859, 0.173025]",0.220314,0.05153,"[0.1583, 0.151164, 0.217071, 0.14864, 0.198685, 0.13397, 0.127569, 0.152972, 0.292689, 0.124597]",0.170566,0.05216,"[0.03125, 0.346154, 0.133333, 0.206897, 0.178571, 0.517241, 0.233333, 0.034483, 0.066667, 0.6]",0.234793,0.197093,"[20.558086, 20.366479, 21.049527, 21.017579, 22.981593, 29.287449, 22.001305, 17.068608, 18.838289, 23.735876]",21.690479,3.283913
3,cosip_beta0,092_cosip_beta0_lapin-on_$\gamma0.5$,10,"[0.355284, 0.345667, 0.442367, 0.361681, 0.428902, 0.32506, 0.334719, 0.39875, 0.536884, 0.33316]",0.386247,0.066869,"[0.3181, 0.330857, 0.421984, 0.342236, 0.375358, 0.272909, 0.309406, 0.317693, 0.513991, 0.339938]",0.354247,0.068894,"[0.03125, 0.346154, 0.133333, 0.206897, 0.178571, 0.517241, 0.233333, 0.034483, 0.066667, 0.6]",0.234793,0.197093,"[20.558086, 20.366479, 21.049527, 21.017579, 22.981593, 29.287449, 22.001305, 17.068608, 18.838289, 23.735876]",21.690479,3.283913
3,cosip_beta0,093_cosip_beta0_lapin-on_$\gamma0.6$,10,"[0.4006, 0.422884, 0.476991, 0.430204, 0.487276, 0.387373, 0.407434, 0.480015, 0.613616, 0.375162]",0.448156,0.070441,"[0.359275, 0.416892, 0.444466, 0.385698, 0.42233, 0.33077, 0.365918, 0.40547, 0.565213, 0.398127]",0.409416,0.064136,"[0.03125, 0.346154, 0.133333, 0.206897, 0.178571, 0.517241, 0.233333, 0.034483, 0.066667, 0.6]",0.234793,0.197093,"[20.558086, 20.366479, 21.049527, 21.017579, 22.981593, 29.287449, 22.001305, 17.068608, 18.838289, 23.735876]",21.690479,3.283913
3,cosip_beta0,094_cosip_beta0_lapin-on_$\gamma0.7$,10,"[0.49424, 0.497247, 0.521581, 0.504349, 0.510659, 0.461485, 0.484116, 0.53795, 0.605229, 0.436952]",0.505381,0.045428,"[0.437041, 0.465485, 0.475052, 0.472983, 0.463431, 0.417395, 0.427908, 0.48671, 0.57014, 0.432767]",0.464891,0.04366,"[0.03125, 0.346154, 0.133333, 0.206897, 0.178571, 0.517241, 0.233333, 0.034483, 0.066667, 0.6]",0.234793,0.197093,"[20.558086, 20.366479, 21.049527, 21.017579, 22.981593, 29.287449, 22.001305, 17.068608, 18.838289, 23.735876]",21.690479,3.283913
3,cosip_beta0,095_cosip_beta0_lapin-on_$\gamma0.8$,10,"[0.513338, 0.545139, 0.529163, 0.5313, 0.541813, 0.538537, 0.542341, 0.544856, 0.595011, 0.50414]",0.538564,0.024167,"[0.471344, 0.495075, 0.480017, 0.524985, 0.500484, 0.492051, 0.455261, 0.531599, 0.577694, 0.473725]",0.500224,0.035992,"[0.03125, 0.346154, 0.133333, 0.206897, 0.178571, 0.517241, 0.233333, 0.034483, 0.066667, 0.6]",0.234793,0.197093,"[20.558086, 20.366479, 21.049527, 21.017579, 22.981593, 29.287449, 22.001305, 17.068608, 18.838289, 23.735876]",21.690479,3.283913
3,cosip_beta0,096_cosip_beta0_lapin-on_$\gamma0.9$,10,"[0.489099, 0.527134, 0.510494, 0.527504, 0.522295, 0.542682, 0.521915, 0.541932, 0.595607, 0.529084]",0.530775,0.027477,"[0.487099, 0.49347, 0.508901, 0.522034, 0.501505, 0.507389, 0.482365, 0.536342, 0.578052, 0.476523]",0.509368,0.030236,"[0.03125, 0.346154, 0.133333, 0.172414, 0.178571, 0.517241, 0.233333, 0.034483, 0.066667, 0.56]",0.227345,0.189898,"[20.558086, 20.366479, 21.049527, 21.017579, 22.981593, 29.287449, 22.001305, 17.068608, 18.838289, 23.735876]",21.690479,3.283913
3,cosip_beta0.5,097_cosip_beta0.5_lapin-off_$\gamma0.3$,10,"[0.451003, 0.367516, 0.469606, 0.414904, 0.547078, 0.4607, 0.509991, 0.433238, 0.467053, 0.46874]",0.458983,0.049074,"[0.428837, 0.308247, 0.413866, 0.343953, 0.556923, 0.423102, 0.435797, 0.369171, 0.426369, 0.437229]",0.414349,0.066664,"[0.4375, 0.538462, 0.333333, 0.344828, 0.178571, 0.413793, 0.233333, 0.37931, 0.366667, 0.28]",0.35058,0.103592,"[18.766469, 17.014718, 16.265649, 15.552571, 13.961663, 15.4538, 15.17595, 15.621526, 16.282034, 13.168682]",15.726306,1.548334
3,cosip_beta0.5,098_cosip_beta0.5_lapin-off_$\gamma0.5$,10,"[0.549358, 0.450783, 0.538823, 0.509076, 0.616993, 0.541098, 0.584907, 0.502177, 0.560255, 0.547333]",0.54008,0.045759,"[0.505331, 0.458512, 0.507167, 0.459018, 0.594497, 0.509478, 0.503576, 0.455026, 0.518931, 0.535446]",0.504698,0.042071,"[0.4375, 0.538462, 0.333333, 0.344828, 0.178571, 0.413793, 0.233333, 0.37931, 0.366667, 0.28]",0.35058,0.103592,"[18.766469, 17.014718, 16.265649, 15.552571, 13.961663, 15.4538, 15.17595, 15.621526, 16.282034, 13.168682]",15.726306,1.548334
3,cosip_beta0.5,099_cosip_beta0.5_lapin-off_$\gamma0.6$,10,"[0.578865, 0.467883, 0.552365, 0.53662, 0.61502, 0.567865, 0.611434, 0.529459, 0.601983, 0.579428]",0.564092,0.044828,"[0.534731, 0.46695, 0.505565, 0.494359, 0.570071, 0.51884, 0.531476, 0.466469, 0.54956, 0.555223]",0.519324,0.035766,"[0.4375, 0.538462, 0.333333, 0.344828, 0.178571, 0.413793, 0.233333, 0.37931, 0.366667, 0.28]",0.35058,0.103592,"[18.766469, 17.014718, 16.265649, 15.552571, 13.961663, 15.4538, 15.17595, 15.621526, 16.282034, 13.168682]",15.726306,1.548334
3,cosip_beta0.5,100_cosip_beta0.5_lapin-off_$\gamma0.7$,10,"[0.598801, 0.484754, 0.579582, 0.568242, 0.599243, 0.583401, 0.620917, 0.555991, 0.607296, 0.593633]",0.579186,0.038182,"[0.531533, 0.479422, 0.507918, 0.514894, 0.556433, 0.512393, 0.527856, 0.487439, 0.531646, 0.554251]",0.520378,0.025312,"[0.4375, 0.538462, 0.333333, 0.344828, 0.178571, 0.413793, 0.233333, 0.37931, 0.366667, 0.28]",0.35058,0.103592,"[18.766469, 17.014718, 16.265649, 15.552571, 13.961663, 15.4538, 15.17595, 15.621526, 16.282034, 13.168682]",15.726306,1.548334
3,cosip_beta0.5,101_cosip_beta0.5_lapin-off_$\gamma0.8$,10,"[0.591837, 0.505104, 0.546067, 0.569969, 0.593499, 0.586024, 0.584189, 0.551805, 0.599168, 0.574026]",0.570169,0.028808,"[0.510273, 0.472721, 0.507287, 0.498051, 0.555813, 0.499981, 0.523737, 0.502947, 0.508069, 0.544062]",0.512294,0.023779,"[0.4375, 0.5, 0.333333, 0.344828, 0.178571, 0.413793, 0.233333, 0.37931, 0.366667, 0.28]",0.346734,0.096298,"[18.766469, 17.014718, 16.265649, 15.552571, 13.961663, 15.4538, 15.17595, 15.621526, 16.282034, 13.168682]",15.726306,1.548334
3,cosip_beta0.5,102_cosip_beta0.5_lapin-off_$\gamma0.9$,10,"[0.556117, 0.445349, 0.529354, 0.529821, 0.555618, 0.549869, 0.565839, 0.513324, 0.549746, 0.542072]",0.533711,0.034737,"[0.500773, 0.446859, 0.49397, 0.48252, 0.542313, 0.493841, 0.512707, 0.499825, 0.497645, 0.535686]",0.500614,0.026732,"[0.4375, 0.5, 0.3, 0.344828, 0.178571, 0.413793, 0.233333, 0.37931, 0.366667, 0.24]",0.3394,0.101031,"[18.766469, 17.014718, 16.265649, 15.552571, 13.961663, 15.4538, 15.17595, 15.621526, 16.282034, 13.168682]",15.726306,1.548334
3,cosip_beta0.5,103_cosip_beta0.5_lapin-on_$\gamma0.3$,10,"[0.162352, 0.214621, 0.237925, 0.140797, 0.20377, 0.159314, 0.221324, 0.295391, 0.240072, 0.317155]",0.219272,0.057169,"[0.141083, 0.099042, 0.193438, 0.144101, 0.161033, 0.16672, 0.131344, 0.214919, 0.172259, 0.273147]",0.169709,0.048692,"[0.0, 0.153846, 0.266667, 0.344828, 0.178571, 0.275862, 0.133333, 0.103448, 0.1, 0.12]",0.167656,0.101909,"[20.860891, 18.129511, 22.886265, 23.04248, 21.144469, 21.932711, 20.870467, 19.345322, 16.389879, 16.557905]",20.11599,2.422236
3,cosip_beta0.5,104_cosip_beta0.5_lapin-on_$\gamma0.5$,10,"[0.333265, 0.316296, 0.435217, 0.297129, 0.340784, 0.285862, 0.312473, 0.479681, 0.382086, 0.458826]",0.364162,0.070525,"[0.319726, 0.225341, 0.374977, 0.311098, 0.307027, 0.325281, 0.24306, 0.395853, 0.32898, 0.439455]",0.32708,0.064791,"[0.0, 0.153846, 0.266667, 0.344828, 0.178571, 0.275862, 0.133333, 0.103448, 0.1, 0.12]",0.167656,0.101909,"[20.860891, 18.129511, 22.886265, 23.04248, 21.144469, 21.932711, 20.870467, 19.345322, 16.389879, 16.557905]",20.11599,2.422236
3,cosip_beta0.5,105_cosip_beta0.5_lapin-on_$\gamma0.6$,10,"[0.387085, 0.421746, 0.491254, 0.377258, 0.374639, 0.392532, 0.368156, 0.550185, 0.475057, 0.532907]",0.437082,0.069362,"[0.391795, 0.330387, 0.40781, 0.370227, 0.331296, 0.370789, 0.33841, 0.447326, 0.40816, 0.516627]",0.391283,0.058096,"[0.0, 0.153846, 0.266667, 0.344828, 0.178571, 0.275862, 0.133333, 0.103448, 0.1, 0.12]",0.167656,0.101909,"[20.860891, 18.129511, 22.886265, 23.04248, 21.144469, 21.932711, 20.870467, 19.345322, 16.389879, 16.557905]",20.11599,2.422236
3,cosip_beta0.5,106_cosip_beta0.5_lapin-on_$\gamma0.7$,10,"[0.462461, 0.505489, 0.498781, 0.418618, 0.394231, 0.428347, 0.437668, 0.6167, 0.515285, 0.571937]",0.484952,0.070737,"[0.465738, 0.419825, 0.41142, 0.404581, 0.355954, 0.391268, 0.404831, 0.503577, 0.457425, 0.550031]",0.436465,0.057873,"[0.0, 0.153846, 0.266667, 0.344828, 0.178571, 0.275862, 0.133333, 0.103448, 0.1, 0.12]",0.167656,0.101909,"[20.860891, 18.129511, 22.886265, 23.04248, 21.144469, 21.932711, 20.870467, 19.345322, 16.389879, 16.557905]",20.11599,2.422236
3,cosip_beta0.5,107_cosip_beta0.5_lapin-on_$\gamma0.8$,10,"[0.496005, 0.53497, 0.549546, 0.499868, 0.44583, 0.475094, 0.522404, 0.607549, 0.53063, 0.558458]",0.522035,0.045725,"[0.510614, 0.483004, 0.444917, 0.455892, 0.381068, 0.40631, 0.457511, 0.552682, 0.498134, 0.571168]",0.47613,0.059866,"[0.0, 0.153846, 0.266667, 0.344828, 0.178571, 0.275862, 0.133333, 0.103448, 0.1, 0.12]",0.167656,0.101909,"[20.860891, 18.129511, 22.886265, 23.04248, 21.144469, 21.932711, 20.870467, 19.345322, 16.389879, 16.557905]",20.11599,2.422236
3,cosip_beta0.5,108_cosip_beta0.5_lapin-on_$\gamma0.9$,10,"[0.490917, 0.530111, 0.531333, 0.512884, 0.445781, 0.465925, 0.544114, 0.594207, 0.531302, 0.53357]",0.518014,0.042059,"[0.511287, 0.503162, 0.487881, 0.478614, 0.411219, 0.4197, 0.481497, 0.571352, 0.541388, 0.550142]",0.495624,0.052219,"[0.0, 0.153846, 0.266667, 0.344828, 0.178571, 0.275862, 0.133333, 0.103448, 0.1, 0.08]",0.163656,0.104733,"[20.860891, 18.129511, 22.886265, 23.04248, 21.144469, 21.932711, 20.870467, 19.345322, 16.389879, 16.557905]",20.11599,2.422236
3,cosip_beta1,109_cosip_beta1_lapin-off_$\gamma0.3$,10,"[0.498429, 0.438308, 0.393926, 0.417077, 0.457352, 0.407681, 0.430484, 0.32282, 0.510452, 0.476629]",0.435316,0.055094,"[0.46294, 0.417874, 0.335191, 0.339045, 0.421623, 0.359226, 0.395638, 0.260498, 0.494837, 0.495944]",0.398282,0.075994,"[0.125, 0.153846, 0.3, 0.137931, 0.178571, 0.206897, 0.166667, 0.206897, 0.166667, 0.12]",0.176248,0.052855,"[14.898007, 12.199488, 15.358669, 13.425622, 13.571246, 14.756006, 14.841356, 13.912024, 14.071577, 12.382802]",13.94168,1.06883
3,cosip_beta1,110_cosip_beta1_lapin-off_$\gamma0.5$,10,"[0.621255, 0.547239, 0.504843, 0.547319, 0.597451, 0.541441, 0.513176, 0.480574, 0.624302, 0.57912]",0.555672,0.049079,"[0.566022, 0.519513, 0.479097, 0.482753, 0.553072, 0.519699, 0.49153, 0.418823, 0.581481, 0.573123]",0.518511,0.051532,"[0.125, 0.153846, 0.3, 0.137931, 0.178571, 0.206897, 0.166667, 0.206897, 0.166667, 0.12]",0.176248,0.052855,"[14.898007, 12.199488, 15.358669, 13.425622, 13.571246, 14.756006, 14.841356, 13.912024, 14.071577, 12.382802]",13.94168,1.06883
3,cosip_beta1,111_cosip_beta1_lapin-off_$\gamma0.6$,10,"[0.636076, 0.586853, 0.542657, 0.57448, 0.619948, 0.580884, 0.550559, 0.532874, 0.638956, 0.585879]",0.584917,0.037371,"[0.565335, 0.540828, 0.499448, 0.499146, 0.564866, 0.530343, 0.506653, 0.476325, 0.577438, 0.584239]",0.534462,0.037839,"[0.125, 0.153846, 0.3, 0.137931, 0.178571, 0.206897, 0.166667, 0.206897, 0.166667, 0.12]",0.176248,0.052855,"[14.898007, 12.199488, 15.358669, 13.425622, 13.571246, 14.756006, 14.841356, 13.912024, 14.071577, 12.382802]",13.94168,1.06883
3,cosip_beta1,112_cosip_beta1_lapin-off_$\gamma0.7$,10,"[0.630109, 0.591522, 0.562862, 0.566079, 0.60387, 0.587365, 0.574473, 0.569072, 0.630885, 0.57851]",0.589475,0.024942,"[0.559306, 0.546052, 0.502671, 0.513395, 0.560199, 0.524032, 0.522642, 0.522681, 0.578898, 0.579917]",0.540979,0.027632,"[0.125, 0.153846, 0.3, 0.137931, 0.178571, 0.206897, 0.166667, 0.206897, 0.166667, 0.12]",0.176248,0.052855,"[14.898007, 12.199488, 15.358669, 13.425622, 13.571246, 14.756006, 14.841356, 13.912024, 14.071577, 12.382802]",13.94168,1.06883
3,cosip_beta1,113_cosip_beta1_lapin-off_$\gamma0.8$,10,"[0.610553, 0.569506, 0.569511, 0.553701, 0.590218, 0.567123, 0.566068, 0.574246, 0.612425, 0.559604]",0.577296,0.020377,"[0.557462, 0.544234, 0.499505, 0.511417, 0.566272, 0.509739, 0.524997, 0.528995, 0.577693, 0.563278]",0.538359,0.027218,"[0.125, 0.153846, 0.3, 0.137931, 0.178571, 0.206897, 0.166667, 0.206897, 0.166667, 0.12]",0.176248,0.052855,"[14.898007, 12.199488, 15.358669, 13.425622, 13.571246, 14.756006, 14.841356, 13.912024, 14.071577, 12.382802]",13.94168,1.06883
3,cosip_beta1,114_cosip_beta1_lapin-off_$\gamma0.9$,10,"[0.580381, 0.552976, 0.535917, 0.538645, 0.570223, 0.539418, 0.553548, 0.540055, 0.572542, 0.543287]",0.552699,0.016234,"[0.555149, 0.547415, 0.501765, 0.500365, 0.553751, 0.502749, 0.516846, 0.534108, 0.569846, 0.541141]",0.532314,0.025312,"[0.125, 0.153846, 0.3, 0.103448, 0.178571, 0.206897, 0.166667, 0.206897, 0.166667, 0.12]",0.172799,0.056623,"[14.898007, 12.199488, 15.358669, 13.425622, 13.571246, 14.756006, 14.841356, 13.912024, 14.071577, 12.382802]",13.94168,1.06883
3,cosip_beta1,115_cosip_beta1_lapin-on_$\gamma0.3$,10,"[0.179776, 0.273635, 0.14235, 0.18608, 0.259986, 0.165422, 0.242714, 0.116575, 0.220739, 0.222071]",0.200935,0.051462,"[0.148138, 0.221419, 0.119258, 0.170243, 0.243704, 0.152933, 0.18461, 0.083252, 0.181239, 0.173827]",0.167862,0.046253,"[0.0625, 0.153846, 0.133333, 0.172414, 0.0, 0.172414, 0.033333, 0.0, 0.0, 0.16]",0.088784,0.076515,"[19.164112, 17.858165, 20.846855, 21.049746, 18.184126, 20.602351, 19.061592, 18.445322, 18.291352, 18.504373]",19.200799,1.194074
3,cosip_beta1,116_cosip_beta1_lapin-on_$\gamma0.5$,10,"[0.376353, 0.449472, 0.290297, 0.33394, 0.457473, 0.322179, 0.408306, 0.244653, 0.410135, 0.310877]",0.360368,0.07095,"[0.370094, 0.421017, 0.276017, 0.319484, 0.478198, 0.290639, 0.400211, 0.219949, 0.386122, 0.308577]",0.347031,0.077587,"[0.0625, 0.153846, 0.133333, 0.172414, 0.0, 0.172414, 0.033333, 0.0, 0.0, 0.16]",0.088784,0.076515,"[19.164112, 17.858165, 20.846855, 21.049746, 18.184126, 20.602351, 19.061592, 18.445322, 18.291352, 18.504373]",19.200799,1.194074
3,cosip_beta1,117_cosip_beta1_lapin-on_$\gamma0.6$,10,"[0.440406, 0.503479, 0.348719, 0.414135, 0.525749, 0.414537, 0.537701, 0.295562, 0.509569, 0.365617]",0.435547,0.082741,"[0.423842, 0.458052, 0.356757, 0.403569, 0.517123, 0.402648, 0.532966, 0.274351, 0.481964, 0.374284]",0.422556,0.07839,"[0.0625, 0.153846, 0.133333, 0.172414, 0.0, 0.172414, 0.033333, 0.0, 0.0, 0.16]",0.088784,0.076515,"[19.164112, 17.858165, 20.846855, 21.049746, 18.184126, 20.602351, 19.061592, 18.445322, 18.291352, 18.504373]",19.200799,1.194074
3,cosip_beta1,118_cosip_beta1_lapin-on_$\gamma0.7$,10,"[0.477825, 0.558054, 0.430712, 0.499107, 0.541618, 0.487149, 0.568339, 0.337852, 0.570333, 0.435851]",0.490684,0.074324,"[0.459268, 0.499377, 0.411514, 0.459945, 0.532227, 0.45121, 0.574679, 0.339091, 0.540351, 0.412533]",0.46802,0.070736,"[0.0625, 0.153846, 0.133333, 0.172414, 0.0, 0.172414, 0.033333, 0.0, 0.0, 0.16]",0.088784,0.076515,"[19.164112, 17.858165, 20.846855, 21.049746, 18.184126, 20.602351, 19.061592, 18.445322, 18.291352, 18.504373]",19.200799,1.194074
3,cosip_beta1,119_cosip_beta1_lapin-on_$\gamma0.8$,10,"[0.490579, 0.558363, 0.48548, 0.520669, 0.534808, 0.515182, 0.572289, 0.379799, 0.57799, 0.479033]",0.511419,0.058183,"[0.500889, 0.516169, 0.456447, 0.491206, 0.541331, 0.457339, 0.595149, 0.398865, 0.559707, 0.459823]",0.497692,0.0579,"[0.0625, 0.153846, 0.133333, 0.172414, 0.0, 0.172414, 0.033333, 0.0, 0.0, 0.16]",0.088784,0.076515,"[19.164112, 17.858165, 20.846855, 21.049746, 18.184126, 20.602351, 19.061592, 18.445322, 18.291352, 18.504373]",19.200799,1.194074
3,cosip_beta1,120_cosip_beta1_lapin-on_$\gamma0.9$,10,"[0.502241, 0.544611, 0.454775, 0.513265, 0.554764, 0.496062, 0.576809, 0.389766, 0.56891, 0.464726]",0.506593,0.058538,"[0.523036, 0.517937, 0.460278, 0.493311, 0.559221, 0.469241, 0.593872, 0.417038, 0.561598, 0.476529]",0.507206,0.05421,"[0.0625, 0.153846, 0.133333, 0.172414, 0.0, 0.172414, 0.033333, 0.0, 0.0, 0.16]",0.088784,0.076515,"[19.164112, 17.858165, 20.846855, 21.049746, 18.184126, 20.602351, 19.061592, 18.445322, 18.291352, 18.504373]",19.200799,1.194074
3,default,001_default_lapin-off_$\gamma0.3$,10,"[0.145584, 0.246757, 0.227949, 0.188185, 0.126855, 0.225828, 0.207517, 0.190473, 0.189562, 0.189166]",0.193788,0.036626,"[0.087548, 0.194904, 0.189623, 0.139072, 0.0719, 0.179698, 0.134871, 0.14256, 0.109984, 0.110984]",0.136114,0.042252,"[0.09375, 0.038462, 0.1, 0.034483, 0.071429, 0.034483, 0.066667, 0.0, 0.033333, 0.12]",0.059261,0.037396,"[13.072131, 12.192561, 11.80841, 12.322968, 11.717325, 12.358374, 12.395613, 12.828706, 13.784083, 10.405133]",12.28853,0.898963
3,default,002_default_lapin-off_$\gamma0.5$,10,"[0.308788, 0.433273, 0.426385, 0.355222, 0.237574, 0.448738, 0.371189, 0.358413, 0.314748, 0.300608]",0.355494,0.067317,"[0.314599, 0.461721, 0.425883, 0.377063, 0.231978, 0.484308, 0.355535, 0.368102, 0.281165, 0.313222]",0.361358,0.079828,"[0.09375, 0.038462, 0.1, 0.034483, 0.071429, 0.034483, 0.066667, 0.0, 0.033333, 0.12]",0.059261,0.037396,"[13.072131, 12.192561, 11.80841, 12.322968, 11.717325, 12.358374, 12.395613, 12.828706, 13.784083, 10.405133]",12.28853,0.898963
3,default,003_default_lapin-off_$\gamma0.6$,10,"[0.383419, 0.504583, 0.499839, 0.425332, 0.299041, 0.517309, 0.426498, 0.427489, 0.362511, 0.380084]",0.42261,0.06986,"[0.416956, 0.530628, 0.509972, 0.447358, 0.315438, 0.54793, 0.43225, 0.444542, 0.356858, 0.405698]",0.440763,0.073804,"[0.09375, 0.038462, 0.1, 0.034483, 0.071429, 0.034483, 0.066667, 0.0, 0.033333, 0.12]",0.059261,0.037396,"[13.072131, 12.192561, 11.80841, 12.322968, 11.717325, 12.358374, 12.395613, 12.828706, 13.784083, 10.405133]",12.28853,0.898963
3,default,004_default_lapin-off_$\gamma0.7$,10,"[0.451909, 0.570429, 0.538267, 0.487418, 0.355848, 0.572714, 0.479568, 0.483853, 0.421171, 0.436908]",0.479808,0.068116,"[0.468529, 0.570855, 0.545904, 0.508925, 0.384414, 0.577515, 0.482475, 0.494972, 0.429378, 0.465199]",0.492817,0.061084,"[0.09375, 0.038462, 0.1, 0.034483, 0.071429, 0.034483, 0.066667, 0.0, 0.033333, 0.12]",0.059261,0.037396,"[13.072131, 12.192561, 11.80841, 12.322968, 11.717325, 12.358374, 12.395613, 12.828706, 13.784083, 10.405133]",12.28853,0.898963
3,default,005_default_lapin-off_$\gamma0.8$,10,"[0.476287, 0.576441, 0.515812, 0.515658, 0.394563, 0.560428, 0.493945, 0.509389, 0.476346, 0.445655]",0.496452,0.052895,"[0.505498, 0.564546, 0.547844, 0.532363, 0.428785, 0.579012, 0.509011, 0.513895, 0.47256, 0.493922]",0.514744,0.044394,"[0.09375, 0.038462, 0.1, 0.034483, 0.071429, 0.034483, 0.066667, 0.0, 0.033333, 0.12]",0.059261,0.037396,"[13.072131, 12.192561, 11.80841, 12.322968, 11.717325, 12.358374, 12.395613, 12.828706, 13.784083, 10.405133]",12.28853,0.898963
3,default,006_default_lapin-off_$\gamma0.9$,10,"[0.442535, 0.563737, 0.508349, 0.498229, 0.409409, 0.548546, 0.465644, 0.487336, 0.46821, 0.429869]",0.482186,0.049551,"[0.516477, 0.563109, 0.543395, 0.544602, 0.454252, 0.575352, 0.506613, 0.521166, 0.493695, 0.501318]",0.521998,0.035888,"[0.09375, 0.038462, 0.1, 0.034483, 0.071429, 0.034483, 0.066667, 0.0, 0.033333, 0.12]",0.059261,0.037396,"[13.072131, 12.192561, 11.80841, 12.322968, 11.717325, 12.358374, 12.395613, 12.828706, 13.784083, 10.405133]",12.28853,0.898963
3,default,007_default_lapin-on_$\gamma0.3$,10,"[0.069076, 0.170408, 0.124648, 0.08758, 0.075648, 0.137112, 0.085625, 0.154004, 0.083452, 0.129749]",0.11173,0.035826,"[0.0217, 0.094075, 0.072245, 0.041664, 0.021604, 0.074634, 0.029465, 0.090365, 0.020817, 0.057335]",0.05239,0.029098,"[0.0625, 0.038462, 0.233333, 0.206897, 0.107143, 0.172414, 0.2, 0.034483, 0.1, 0.0]",0.115523,0.082715,"[18.551923, 16.180443, 13.969182, 14.394491, 15.746015, 14.971518, 15.406821, 18.532798, 16.721035, 15.390509]",15.986473,1.564378
3,default,008_default_lapin-on_$\gamma0.5$,10,"[0.12751, 0.300269, 0.221326, 0.182682, 0.117445, 0.282985, 0.145007, 0.290538, 0.163105, 0.246822]",0.207769,0.06987,"[0.148661, 0.330717, 0.268609, 0.203623, 0.148432, 0.303824, 0.148819, 0.301722, 0.161169, 0.234553]",0.225013,0.07249,"[0.0625, 0.038462, 0.233333, 0.206897, 0.107143, 0.172414, 0.2, 0.034483, 0.1, 0.0]",0.115523,0.082715,"[18.551923, 16.180443, 13.969182, 14.394491, 15.746015, 14.971518, 15.406821, 18.532798, 16.721035, 15.390509]",15.986473,1.564378
3,default,009_default_lapin-on_$\gamma0.6$,10,"[0.186591, 0.369823, 0.298105, 0.227412, 0.151986, 0.347615, 0.181898, 0.355958, 0.20854, 0.292146]",0.262007,0.080455,"[0.238662, 0.413865, 0.36281, 0.300344, 0.213378, 0.402068, 0.221399, 0.389125, 0.226348, 0.328331]",0.309633,0.080288,"[0.0625, 0.038462, 0.233333, 0.206897, 0.107143, 0.172414, 0.2, 0.034483, 0.1, 0.0]",0.115523,0.082715,"[18.551923, 16.180443, 13.969182, 14.394491, 15.746015, 14.971518, 15.406821, 18.532798, 16.721035, 15.390509]",15.986473,1.564378
3,default,010_default_lapin-on_$\gamma0.7$,10,"[0.236559, 0.408079, 0.366749, 0.284841, 0.214748, 0.424879, 0.20381, 0.412563, 0.238109, 0.349816]",0.314015,0.087892,"[0.318712, 0.464529, 0.423308, 0.374141, 0.28411, 0.47236, 0.301277, 0.455873, 0.293862, 0.402989]",0.379116,0.074856,"[0.0625, 0.038462, 0.233333, 0.206897, 0.107143, 0.172414, 0.2, 0.034483, 0.1, 0.0]",0.115523,0.082715,"[18.551923, 16.180443, 13.969182, 14.394491, 15.746015, 14.971518, 15.406821, 18.532798, 16.721035, 15.390509]",15.986473,1.564378
3,default,011_default_lapin-on_$\gamma0.8$,10,"[0.266845, 0.428121, 0.38626, 0.315726, 0.241881, 0.433786, 0.283859, 0.460726, 0.274507, 0.400646]",0.349236,0.081042,"[0.361559, 0.497074, 0.457892, 0.414997, 0.331036, 0.501604, 0.365418, 0.491263, 0.349086, 0.453489]",0.422342,0.066285,"[0.0625, 0.038462, 0.233333, 0.206897, 0.107143, 0.172414, 0.2, 0.034483, 0.1, 0.0]",0.115523,0.082715,"[18.551923, 16.180443, 13.969182, 14.394491, 15.746015, 14.971518, 15.406821, 18.532798, 16.721035, 15.390509]",15.986473,1.564378
3,default,012_default_lapin-on_$\gamma0.9$,10,"[0.28103, 0.44145, 0.396466, 0.335891, 0.266399, 0.403608, 0.284311, 0.459238, 0.288169, 0.403701]",0.356026,0.072979,"[0.377256, 0.495386, 0.472709, 0.428306, 0.357215, 0.502687, 0.399469, 0.503615, 0.372457, 0.466721]",0.437582,0.05764,"[0.0625, 0.038462, 0.233333, 0.206897, 0.107143, 0.172414, 0.2, 0.034483, 0.1, 0.0]",0.115523,0.082715,"[18.551923, 16.180443, 13.969182, 14.394491, 15.746015, 14.971518, 15.406821, 18.532798, 16.721035, 15.390509]",15.986473,1.564378
3,dice,025_dice_lapin-off_$\gamma0.3$,10,"[0.458875, 0.339344, 0.452282, 0.40326, 0.442929, 0.362585, 0.416152, 0.411264, 0.415169, 0.45866]",0.416052,0.040297,"[0.356188, 0.29578, 0.403353, 0.338859, 0.404121, 0.262471, 0.378531, 0.386045, 0.351249, 0.373852]",0.355045,0.045909,"[0.25, 0.576923, 0.5, 0.413793, 0.357143, 0.551724, 0.433333, 0.413793, 0.5, 0.36]",0.435671,0.099457,"[16.91557, 17.792882, 17.714982, 17.142185, 15.482174, 19.425115, 17.421522, 16.909406, 17.607454, 14.949233]",17.136052,1.243991
3,dice,026_dice_lapin-off_$\gamma0.5$,10,"[0.572606, 0.419262, 0.511162, 0.490429, 0.530115, 0.425357, 0.495149, 0.518575, 0.480303, 0.521998]",0.496496,0.04667,"[0.531294, 0.417595, 0.488211, 0.465746, 0.501983, 0.367998, 0.487904, 0.508925, 0.460807, 0.456637]",0.46871,0.047566,"[0.25, 0.576923, 0.5, 0.413793, 0.357143, 0.551724, 0.433333, 0.413793, 0.5, 0.36]",0.435671,0.099457,"[16.91557, 17.792882, 17.714982, 17.142185, 15.482174, 19.425115, 17.421522, 16.909406, 17.607454, 14.949233]",17.136052,1.243991
3,dice,027_dice_lapin-off_$\gamma0.6$,10,"[0.602454, 0.443389, 0.540964, 0.503217, 0.558699, 0.484667, 0.525694, 0.54466, 0.518906, 0.551605]",0.527426,0.043747,"[0.545304, 0.441922, 0.508088, 0.466032, 0.516306, 0.435708, 0.500054, 0.506879, 0.481945, 0.498334]",0.490057,0.034045,"[0.25, 0.576923, 0.5, 0.413793, 0.357143, 0.551724, 0.433333, 0.413793, 0.5, 0.36]",0.435671,0.099457,"[16.91557, 17.792882, 17.714982, 17.142185, 15.482174, 19.425115, 17.421522, 16.909406, 17.607454, 14.949233]",17.136052,1.243991
3,dice,028_dice_lapin-off_$\gamma0.7$,10,"[0.596563, 0.466324, 0.560784, 0.520139, 0.576021, 0.513, 0.539938, 0.552764, 0.538265, 0.577467]",0.544126,0.03783,"[0.55182, 0.451436, 0.509474, 0.464279, 0.51525, 0.462973, 0.485666, 0.496581, 0.486469, 0.523822]",0.494777,0.031106,"[0.25, 0.576923, 0.5, 0.413793, 0.357143, 0.551724, 0.433333, 0.413793, 0.5, 0.36]",0.435671,0.099457,"[16.91557, 17.792882, 17.714982, 17.142185, 15.482174, 19.425115, 17.421522, 16.909406, 17.607454, 14.949233]",17.136052,1.243991
3,dice,029_dice_lapin-off_$\gamma0.8$,10,"[0.569921, 0.450262, 0.567592, 0.525737, 0.568006, 0.526197, 0.521935, 0.55766, 0.542495, 0.583298]",0.54131,0.038571,"[0.531349, 0.44923, 0.504865, 0.454884, 0.504926, 0.46329, 0.473579, 0.481418, 0.466119, 0.523494]",0.485315,0.029018,"[0.25, 0.576923, 0.5, 0.413793, 0.357143, 0.551724, 0.433333, 0.413793, 0.5, 0.36]",0.435671,0.099457,"[16.91557, 17.792882, 17.714982, 17.142185, 15.482174, 19.425115, 17.421522, 16.909406, 17.607454, 14.949233]",17.136052,1.243991
3,dice,030_dice_lapin-off_$\gamma0.9$,10,"[0.552681, 0.443121, 0.539763, 0.496761, 0.543821, 0.498853, 0.502854, 0.520676, 0.504925, 0.544706]",0.514816,0.032977,"[0.514924, 0.43511, 0.482363, 0.442066, 0.497348, 0.450753, 0.463431, 0.466187, 0.447247, 0.513539]",0.471297,0.029328,"[0.21875, 0.576923, 0.5, 0.413793, 0.357143, 0.551724, 0.433333, 0.413793, 0.466667, 0.36]",0.429213,0.104357,"[16.91557, 17.792882, 17.714982, 17.142185, 15.482174, 19.425115, 17.421522, 16.909406, 17.607454, 14.949233]",17.136052,1.243991
3,dice,031_dice_lapin-on_$\gamma0.3$,10,"[0.1989, 0.210249, 0.246715, 0.190064, 0.187176, 0.180433, 0.163373, 0.243111, 0.256503, 0.214834]",0.209136,0.031114,"[0.159475, 0.172383, 0.170258, 0.151536, 0.140537, 0.15681, 0.110597, 0.160727, 0.214976, 0.168684]",0.160598,0.026363,"[0.0625, 0.076923, 0.066667, 0.310345, 0.25, 0.344828, 0.1, 0.137931, 0.233333, 0.4]",0.198253,0.125794,"[22.248112, 16.713385, 20.510235, 25.362208, 21.878816, 26.662252, 20.155849, 21.129531, 22.01774, 21.111222]",21.778935,2.743581
3,dice,032_dice_lapin-on_$\gamma0.5$,10,"[0.326673, 0.325203, 0.443046, 0.371728, 0.364534, 0.334746, 0.351607, 0.396587, 0.442962, 0.32675]",0.368384,0.045593,"[0.322688, 0.343242, 0.378114, 0.375621, 0.296741, 0.355042, 0.287595, 0.344232, 0.386452, 0.313584]",0.340331,0.034558,"[0.0625, 0.076923, 0.066667, 0.310345, 0.25, 0.344828, 0.1, 0.137931, 0.233333, 0.4]",0.198253,0.125794,"[22.248112, 16.713385, 20.510235, 25.362208, 21.878816, 26.662252, 20.155849, 21.129531, 22.01774, 21.111222]",21.778935,2.743581
3,dice,033_dice_lapin-on_$\gamma0.6$,10,"[0.404128, 0.403964, 0.487318, 0.441164, 0.41551, 0.399476, 0.431011, 0.519083, 0.518459, 0.400487]",0.44206,0.048393,"[0.390181, 0.417613, 0.406742, 0.44668, 0.345449, 0.413403, 0.384691, 0.474359, 0.455379, 0.37383]",0.410833,0.039621,"[0.0625, 0.076923, 0.066667, 0.310345, 0.25, 0.344828, 0.1, 0.137931, 0.233333, 0.4]",0.198253,0.125794,"[22.248112, 16.713385, 20.510235, 25.362208, 21.878816, 26.662252, 20.155849, 21.129531, 22.01774, 21.111222]",21.778935,2.743581
3,dice,034_dice_lapin-on_$\gamma0.7$,10,"[0.455947, 0.476343, 0.574124, 0.515585, 0.448587, 0.449518, 0.487818, 0.606787, 0.585445, 0.459218]",0.505937,0.061094,"[0.433924, 0.475356, 0.474077, 0.473629, 0.393085, 0.451487, 0.43238, 0.516549, 0.483671, 0.414516]",0.454867,0.036782,"[0.0625, 0.076923, 0.066667, 0.310345, 0.25, 0.344828, 0.1, 0.137931, 0.233333, 0.4]",0.198253,0.125794,"[22.248112, 16.713385, 20.510235, 25.362208, 21.878816, 26.662252, 20.155849, 21.129531, 22.01774, 21.111222]",21.778935,2.743581
3,dice,035_dice_lapin-on_$\gamma0.8$,10,"[0.486459, 0.470686, 0.600602, 0.518285, 0.517657, 0.478002, 0.525758, 0.60589, 0.639803, 0.498769]",0.534191,0.059652,"[0.472032, 0.480481, 0.478012, 0.462175, 0.433914, 0.460293, 0.460703, 0.516685, 0.526749, 0.444344]",0.473539,0.029165,"[0.0625, 0.076923, 0.066667, 0.310345, 0.25, 0.344828, 0.1, 0.137931, 0.233333, 0.4]",0.198253,0.125794,"[22.248112, 16.713385, 20.510235, 25.362208, 21.878816, 26.662252, 20.155849, 21.129531, 22.01774, 21.111222]",21.778935,2.743581
3,dice,036_dice_lapin-on_$\gamma0.9$,10,"[0.482428, 0.470327, 0.584725, 0.551553, 0.490193, 0.488793, 0.525291, 0.596738, 0.61688, 0.504692]",0.531162,0.052933,"[0.497979, 0.484695, 0.487289, 0.484696, 0.448616, 0.47851, 0.507614, 0.53496, 0.583667, 0.471378]",0.49794,0.037703,"[0.0625, 0.076923, 0.066667, 0.310345, 0.25, 0.344828, 0.1, 0.137931, 0.2, 0.4]",0.194919,0.125201,"[22.248112, 16.713385, 20.510235, 25.362208, 21.878816, 26.662252, 20.155849, 21.129531, 22.01774, 21.111222]",21.778935,2.743581
3,ip_beta0,049_ip_beta0_lapin-off_$\gamma0.3$,10,"[0.329819, 0.475787, 0.55741, 0.368713, 0.400435, 0.453233, 0.410607, 0.342579, 0.467538, 0.462262]",0.426838,0.069845,"[0.271316, 0.433992, 0.508359, 0.272352, 0.290263, 0.376015, 0.320896, 0.283278, 0.417836, 0.46245]",0.363676,0.087733,"[0.125, 0.038462, 0.166667, 0.0, 0.214286, 0.137931, 0.166667, 0.0, 0.0, 0.0]",0.084901,0.085324,"[13.173597, 13.342785, 11.912133, 9.86968, 12.645783, 11.928918, 13.489495, 11.889923, 10.632471, 9.287948]",11.817273,1.463279
3,ip_beta0,050_ip_beta0_lapin-off_$\gamma0.5$,10,"[0.515861, 0.614873, 0.687213, 0.499513, 0.565161, 0.611028, 0.587098, 0.543868, 0.665491, 0.611951]",0.590206,0.060672,"[0.445183, 0.565673, 0.625962, 0.463227, 0.480357, 0.523605, 0.528183, 0.463929, 0.62298, 0.591667]",0.531077,0.06786,"[0.125, 0.038462, 0.166667, 0.0, 0.214286, 0.137931, 0.166667, 0.0, 0.0, 0.0]",0.084901,0.085324,"[13.173597, 13.342785, 11.912133, 9.86968, 12.645783, 11.928918, 13.489495, 11.889923, 10.632471, 9.287948]",11.817273,1.463279
3,ip_beta0,051_ip_beta0_lapin-off_$\gamma0.6$,10,"[0.562805, 0.641411, 0.719354, 0.596171, 0.639089, 0.665374, 0.673859, 0.598283, 0.667811, 0.635181]",0.639934,0.045347,"[0.502241, 0.582596, 0.653778, 0.5852, 0.516782, 0.579798, 0.635415, 0.513122, 0.675967, 0.635211]",0.588011,0.062075,"[0.125, 0.038462, 0.166667, 0.0, 0.214286, 0.137931, 0.166667, 0.0, 0.0, 0.0]",0.084901,0.085324,"[13.173597, 13.342785, 11.912133, 9.86968, 12.645783, 11.928918, 13.489495, 11.889923, 10.632471, 9.287948]",11.817273,1.463279
3,ip_beta0,052_ip_beta0_lapin-off_$\gamma0.7$,10,"[0.638104, 0.63958, 0.728397, 0.605864, 0.674697, 0.685502, 0.703523, 0.616346, 0.660839, 0.629121]",0.658197,0.039572,"[0.568004, 0.607747, 0.65643, 0.61681, 0.559214, 0.63478, 0.64313, 0.559582, 0.67708, 0.641094]",0.616387,0.041982,"[0.125, 0.038462, 0.166667, 0.0, 0.214286, 0.137931, 0.166667, 0.0, 0.0, 0.0]",0.084901,0.085324,"[13.173597, 13.342785, 11.912133, 9.86968, 12.645783, 11.928918, 13.489495, 11.889923, 10.632471, 9.287948]",11.817273,1.463279
3,ip_beta0,053_ip_beta0_lapin-off_$\gamma0.8$,10,"[0.638926, 0.615783, 0.676616, 0.594261, 0.702331, 0.663339, 0.685053, 0.616815, 0.647971, 0.618963]",0.646006,0.035218,"[0.592735, 0.628124, 0.649588, 0.6232, 0.594428, 0.626974, 0.628502, 0.576212, 0.670469, 0.634149]",0.622438,0.028038,"[0.125, 0.038462, 0.166667, 0.0, 0.214286, 0.137931, 0.166667, 0.0, 0.0, 0.0]",0.084901,0.085324,"[13.173597, 13.342785, 11.912133, 9.86968, 12.645783, 11.928918, 13.489495, 11.889923, 10.632471, 9.287948]",11.817273,1.463279
3,ip_beta0,054_ip_beta0_lapin-off_$\gamma0.9$,10,"[0.618576, 0.612464, 0.662558, 0.58543, 0.657364, 0.617294, 0.657272, 0.594137, 0.636213, 0.597469]",0.623878,0.028179,"[0.59221, 0.640969, 0.647454, 0.621891, 0.636191, 0.630099, 0.610435, 0.614361, 0.658795, 0.623962]",0.627637,0.01942,"[0.125, 0.038462, 0.166667, 0.0, 0.214286, 0.137931, 0.166667, 0.0, 0.0, 0.0]",0.084901,0.085324,"[13.173597, 13.342785, 11.912133, 9.86968, 12.645783, 11.928918, 13.489495, 11.889923, 10.632471, 9.287948]",11.817273,1.463279
3,ip_beta0,055_ip_beta0_lapin-on_$\gamma0.3$,10,"[0.193109, 0.253142, 0.255943, 0.145208, 0.21244, 0.202211, 0.267077, 0.203281, 0.278959, 0.183763]",0.219513,0.04264,"[0.140778, 0.21806, 0.198664, 0.167935, 0.134145, 0.155101, 0.243973, 0.160291, 0.230562, 0.165622]",0.181513,0.038622,"[0.5, 0.692308, 0.633333, 0.862069, 0.821429, 0.862069, 0.3, 0.689655, 0.666667, 1.04]",0.706753,0.207671,"[25.244062, 24.241803, 25.388488, 26.914998, 28.675304, 28.337629, 22.454149, 31.291898, 25.165458, 26.604889]",26.431868,2.522568
3,ip_beta0,056_ip_beta0_lapin-on_$\gamma0.5$,10,"[0.340473, 0.430233, 0.349667, 0.231958, 0.364826, 0.35739, 0.49414, 0.319789, 0.417574, 0.299092]",0.360514,0.073392,"[0.299426, 0.466744, 0.319599, 0.277661, 0.332534, 0.365372, 0.475487, 0.355804, 0.426641, 0.305744]",0.362501,0.07066,"[0.5, 0.692308, 0.633333, 0.862069, 0.821429, 0.862069, 0.3, 0.689655, 0.666667, 1.04]",0.706753,0.207671,"[25.244062, 24.241803, 25.388488, 26.914998, 28.675304, 28.337629, 22.454149, 31.291898, 25.165458, 26.604889]",26.431868,2.522568
3,ip_beta0,057_ip_beta0_lapin-on_$\gamma0.6$,10,"[0.424176, 0.492972, 0.431504, 0.276382, 0.405191, 0.406412, 0.555775, 0.364424, 0.473597, 0.368057]",0.419849,0.077171,"[0.378394, 0.495382, 0.419042, 0.318973, 0.395744, 0.419414, 0.566017, 0.407635, 0.487101, 0.380215]",0.426792,0.070952,"[0.5, 0.692308, 0.633333, 0.862069, 0.821429, 0.862069, 0.3, 0.689655, 0.666667, 1.04]",0.706753,0.207671,"[25.244062, 24.241803, 25.388488, 26.914998, 28.675304, 28.337629, 22.454149, 31.291898, 25.165458, 26.604889]",26.431868,2.522568
3,ip_beta0,058_ip_beta0_lapin-on_$\gamma0.7$,10,"[0.45486, 0.51084, 0.484898, 0.293299, 0.453602, 0.455442, 0.586922, 0.422989, 0.55338, 0.428976]",0.464521,0.080304,"[0.430045, 0.488199, 0.476454, 0.341263, 0.433457, 0.457949, 0.589025, 0.444716, 0.520104, 0.436675]",0.461789,0.064787,"[0.5, 0.692308, 0.633333, 0.862069, 0.821429, 0.862069, 0.3, 0.689655, 0.666667, 1.0]",0.702753,0.20081,"[25.244062, 24.241803, 25.388488, 26.914998, 28.675304, 28.337629, 22.454149, 31.291898, 25.165458, 26.604889]",26.431868,2.522568
3,ip_beta0,059_ip_beta0_lapin-on_$\gamma0.8$,10,"[0.498627, 0.547369, 0.50702, 0.324078, 0.483839, 0.523752, 0.573434, 0.468032, 0.589052, 0.47553]",0.499073,0.073789,"[0.458209, 0.517468, 0.469816, 0.366929, 0.438082, 0.509488, 0.596616, 0.480697, 0.535056, 0.461298]",0.483366,0.0617,"[0.5, 0.692308, 0.6, 0.862069, 0.821429, 0.862069, 0.3, 0.689655, 0.633333, 1.0]",0.696086,0.203234,"[25.244062, 24.241803, 25.388488, 26.914998, 28.675304, 28.337629, 22.454149, 31.291898, 25.165458, 26.604889]",26.431868,2.522568
3,ip_beta0,060_ip_beta0_lapin-on_$\gamma0.9$,10,"[0.489113, 0.523353, 0.493626, 0.35529, 0.497178, 0.516965, 0.561814, 0.462289, 0.587415, 0.466389]",0.495343,0.063016,"[0.505636, 0.534022, 0.504993, 0.382653, 0.467914, 0.498202, 0.596635, 0.484251, 0.565341, 0.48099]",0.502064,0.057919,"[0.5, 0.692308, 0.6, 0.862069, 0.821429, 0.862069, 0.266667, 0.689655, 0.633333, 1.0]",0.692753,0.210592,"[25.244062, 24.241803, 25.388488, 26.914998, 28.675304, 28.337629, 22.454149, 31.291898, 25.165458, 26.604889]",26.431868,2.522568
3,ip_beta0.5,061_ip_beta0.5_lapin-off_$\gamma0.3$,10,"[0.453318, 0.410336, 0.460651, 0.389942, 0.359835, 0.467923, 0.361252, 0.345072, 0.353157, 0.44725]",0.404874,0.049062,"[0.413266, 0.362481, 0.363985, 0.286051, 0.290236, 0.445842, 0.317019, 0.358008, 0.281549, 0.412953]",0.353139,0.058597,"[0.03125, 0.192308, 0.1, 0.103448, 0.035714, 0.103448, 0.066667, 0.103448, 0.2, 0.16]",0.109628,0.058878,"[12.654749, 11.546819, 13.493037, 12.411042, 11.268907, 13.356677, 13.303764, 12.930318, 14.689465, 10.628229]",12.628301,1.2083
3,ip_beta0.5,062_ip_beta0.5_lapin-off_$\gamma0.5$,10,"[0.642583, 0.539456, 0.623093, 0.54998, 0.540221, 0.661167, 0.538474, 0.577443, 0.509792, 0.624199]",0.580641,0.052809,"[0.590433, 0.468169, 0.55325, 0.474196, 0.501408, 0.640667, 0.481414, 0.553863, 0.452602, 0.617949]",0.533395,0.067276,"[0.03125, 0.192308, 0.1, 0.103448, 0.035714, 0.103448, 0.066667, 0.103448, 0.2, 0.16]",0.109628,0.058878,"[12.654749, 11.546819, 13.493037, 12.411042, 11.268907, 13.356677, 13.303764, 12.930318, 14.689465, 10.628229]",12.628301,1.2083
3,ip_beta0.5,063_ip_beta0.5_lapin-off_$\gamma0.6$,10,"[0.649894, 0.566143, 0.665762, 0.586052, 0.600868, 0.691035, 0.62213, 0.633511, 0.578349, 0.65741]",0.625115,0.041517,"[0.63805, 0.497724, 0.58093, 0.513281, 0.543145, 0.655462, 0.547013, 0.613701, 0.512129, 0.63213]",0.573356,0.058453,"[0.03125, 0.192308, 0.1, 0.103448, 0.035714, 0.103448, 0.066667, 0.103448, 0.2, 0.16]",0.109628,0.058878,"[12.654749, 11.546819, 13.493037, 12.411042, 11.268907, 13.356677, 13.303764, 12.930318, 14.689465, 10.628229]",12.628301,1.2083
3,ip_beta0.5,064_ip_beta0.5_lapin-off_$\gamma0.7$,10,"[0.63675, 0.616219, 0.677663, 0.650998, 0.608679, 0.674458, 0.631094, 0.629274, 0.607002, 0.653707]",0.638584,0.025243,"[0.628498, 0.53218, 0.595948, 0.580401, 0.593195, 0.63877, 0.592648, 0.615351, 0.548278, 0.623684]",0.594895,0.034362,"[0.03125, 0.192308, 0.1, 0.103448, 0.035714, 0.103448, 0.066667, 0.103448, 0.2, 0.16]",0.109628,0.058878,"[12.654749, 11.546819, 13.493037, 12.411042, 11.268907, 13.356677, 13.303764, 12.930318, 14.689465, 10.628229]",12.628301,1.2083
3,ip_beta0.5,065_ip_beta0.5_lapin-off_$\gamma0.8$,10,"[0.614999, 0.636419, 0.68023, 0.63058, 0.608917, 0.63844, 0.611314, 0.620494, 0.648697, 0.639726]",0.632982,0.021344,"[0.619838, 0.571351, 0.618099, 0.585498, 0.606547, 0.617935, 0.609247, 0.604273, 0.577948, 0.627688]",0.603842,0.019223,"[0.03125, 0.192308, 0.1, 0.103448, 0.035714, 0.103448, 0.066667, 0.103448, 0.2, 0.16]",0.109628,0.058878,"[12.654749, 11.546819, 13.493037, 12.411042, 11.268907, 13.356677, 13.303764, 12.930318, 14.689465, 10.628229]",12.628301,1.2083
3,ip_beta0.5,066_ip_beta0.5_lapin-off_$\gamma0.9$,10,"[0.601445, 0.603195, 0.650058, 0.589953, 0.595688, 0.60601, 0.580457, 0.600632, 0.633202, 0.613169]",0.607381,0.020513,"[0.603168, 0.582831, 0.618324, 0.590846, 0.610074, 0.612879, 0.605831, 0.603103, 0.581234, 0.61798]",0.602627,0.013506,"[0.03125, 0.192308, 0.1, 0.103448, 0.035714, 0.103448, 0.066667, 0.103448, 0.2, 0.16]",0.109628,0.058878,"[12.654749, 11.546819, 13.493037, 12.411042, 11.268907, 13.356677, 13.303764, 12.930318, 14.689465, 10.628229]",12.628301,1.2083
3,ip_beta0.5,067_ip_beta0.5_lapin-on_$\gamma0.3$,10,"[0.080087, 0.205692, 0.308491, 0.143523, 0.16925, 0.170158, 0.199152, 0.157067, 0.26138, 0.149928]",0.184473,0.064045,"[0.088127, 0.14015, 0.301431, 0.122942, 0.136117, 0.113803, 0.187015, 0.116078, 0.227524, 0.157156]",0.159034,0.063994,"[0.5, 0.807692, 0.333333, 0.896552, 0.75, 0.586207, 0.2, 0.275862, 0.4, 0.88]",0.562965,0.259193,"[26.816423, 24.641578, 24.437695, 30.119737, 26.68407, 29.409825, 21.248617, 21.1824, 25.520482, 27.529001]",25.758983,3.014623
3,ip_beta0.5,068_ip_beta0.5_lapin-on_$\gamma0.5$,10,"[0.194413, 0.312771, 0.476517, 0.286236, 0.277708, 0.313735, 0.355063, 0.284947, 0.370734, 0.257168]",0.312929,0.075843,"[0.234337, 0.322701, 0.451278, 0.276847, 0.298783, 0.325538, 0.398158, 0.29321, 0.396953, 0.295001]",0.329281,0.066193,"[0.5, 0.807692, 0.333333, 0.896552, 0.75, 0.586207, 0.2, 0.275862, 0.4, 0.88]",0.562965,0.259193,"[26.816423, 24.641578, 24.437695, 30.119737, 26.68407, 29.409825, 21.248617, 21.1824, 25.520482, 27.529001]",25.758983,3.014623
3,ip_beta0.5,069_ip_beta0.5_lapin-on_$\gamma0.6$,10,"[0.252242, 0.398842, 0.509832, 0.356939, 0.327064, 0.378645, 0.411469, 0.371517, 0.438062, 0.299853]",0.374446,0.072586,"[0.290339, 0.394536, 0.48048, 0.367083, 0.335721, 0.35385, 0.470563, 0.390984, 0.45844, 0.327371]",0.386937,0.064912,"[0.5, 0.807692, 0.333333, 0.896552, 0.75, 0.586207, 0.2, 0.275862, 0.4, 0.88]",0.562965,0.259193,"[26.816423, 24.641578, 24.437695, 30.119737, 26.68407, 29.409825, 21.248617, 21.1824, 25.520482, 27.529001]",25.758983,3.014623
3,ip_beta0.5,070_ip_beta0.5_lapin-on_$\gamma0.7$,10,"[0.279997, 0.463652, 0.550516, 0.421324, 0.373058, 0.417943, 0.448653, 0.447652, 0.500998, 0.323514]",0.422731,0.080368,"[0.325528, 0.450948, 0.517288, 0.442779, 0.385624, 0.416738, 0.498076, 0.438905, 0.501284, 0.338056]",0.431523,0.066254,"[0.5, 0.807692, 0.333333, 0.896552, 0.75, 0.586207, 0.2, 0.275862, 0.4, 0.88]",0.562965,0.259193,"[26.816423, 24.641578, 24.437695, 30.119737, 26.68407, 29.409825, 21.248617, 21.1824, 25.520482, 27.529001]",25.758983,3.014623
3,ip_beta0.5,071_ip_beta0.5_lapin-on_$\gamma0.8$,10,"[0.309741, 0.487859, 0.564288, 0.458936, 0.451913, 0.462511, 0.44698, 0.474757, 0.491298, 0.362849]",0.451113,0.070173,"[0.344864, 0.467399, 0.551041, 0.435556, 0.419791, 0.449178, 0.505791, 0.457931, 0.503199, 0.374624]",0.450937,0.061793,"[0.5, 0.769231, 0.333333, 0.896552, 0.678571, 0.586207, 0.2, 0.275862, 0.366667, 0.84]",0.544642,0.247324,"[26.816423, 24.641578, 24.437695, 30.119737, 26.68407, 29.409825, 21.248617, 21.1824, 25.520482, 27.529001]",25.758983,3.014623
3,ip_beta0.5,072_ip_beta0.5_lapin-on_$\gamma0.9$,10,"[0.351742, 0.491292, 0.568418, 0.499275, 0.469022, 0.484904, 0.438253, 0.448631, 0.454861, 0.401216]",0.460761,0.058477,"[0.357919, 0.477284, 0.550104, 0.43741, 0.447279, 0.457753, 0.503726, 0.44273, 0.489159, 0.402428]",0.456579,0.053513,"[0.5, 0.769231, 0.333333, 0.896552, 0.678571, 0.586207, 0.166667, 0.275862, 0.366667, 0.84]",0.541309,0.252652,"[26.816423, 24.641578, 24.437695, 30.119737, 26.68407, 29.409825, 21.248617, 21.1824, 25.520482, 27.529001]",25.758983,3.014623
3,ip_beta1,073_ip_beta1_lapin-off_$\gamma0.3$,10,"[0.406098, 0.342849, 0.347221, 0.381696, 0.231387, 0.319407, 0.335113, 0.210721, 0.282537, 0.324509]",0.318154,0.061369,"[0.423388, 0.258467, 0.288185, 0.362935, 0.178943, 0.294601, 0.27321, 0.127699, 0.252054, 0.293514]",0.2753,0.083253,"[0.0, 0.230769, 0.166667, 0.034483, 0.035714, 0.103448, 0.1, 0.172414, 0.166667, 0.12]",0.113016,0.073315,"[12.722427, 12.747342, 14.189569, 12.903223, 12.599575, 12.707382, 13.453274, 15.261144, 13.526068, 11.73659]",13.184659,0.981013
3,ip_beta1,074_ip_beta1_lapin-off_$\gamma0.5$,10,"[0.583724, 0.499258, 0.494411, 0.554515, 0.400648, 0.488562, 0.557516, 0.343362, 0.450238, 0.562826]",0.493506,0.077359,"[0.573024, 0.450004, 0.43761, 0.498891, 0.374026, 0.491247, 0.529072, 0.287799, 0.4034, 0.567154]",0.461223,0.08966,"[0.0, 0.230769, 0.166667, 0.034483, 0.035714, 0.103448, 0.1, 0.172414, 0.166667, 0.12]",0.113016,0.073315,"[12.722427, 12.747342, 14.189569, 12.903223, 12.599575, 12.707382, 13.453274, 15.261144, 13.526068, 11.73659]",13.184659,0.981013
3,ip_beta1,075_ip_beta1_lapin-off_$\gamma0.6$,10,"[0.586545, 0.550645, 0.548836, 0.589314, 0.453543, 0.556437, 0.614713, 0.417484, 0.496023, 0.620165]",0.54337,0.067802,"[0.582958, 0.483041, 0.490425, 0.536569, 0.435003, 0.540805, 0.605251, 0.368656, 0.453211, 0.599851]",0.509577,0.077502,"[0.0, 0.230769, 0.166667, 0.034483, 0.035714, 0.103448, 0.1, 0.172414, 0.166667, 0.12]",0.113016,0.073315,"[12.722427, 12.747342, 14.189569, 12.903223, 12.599575, 12.707382, 13.453274, 15.261144, 13.526068, 11.73659]",13.184659,0.981013
3,ip_beta1,076_ip_beta1_lapin-off_$\gamma0.7$,10,"[0.5941, 0.600854, 0.594061, 0.585467, 0.523036, 0.605768, 0.614897, 0.49672, 0.555372, 0.606414]",0.577669,0.039684,"[0.589126, 0.549731, 0.542187, 0.566003, 0.487207, 0.573752, 0.61592, 0.457862, 0.512393, 0.621127]",0.551531,0.053375,"[0.0, 0.230769, 0.166667, 0.034483, 0.035714, 0.103448, 0.1, 0.172414, 0.166667, 0.12]",0.113016,0.073315,"[12.722427, 12.747342, 14.189569, 12.903223, 12.599575, 12.707382, 13.453274, 15.261144, 13.526068, 11.73659]",13.184659,0.981013
3,ip_beta1,077_ip_beta1_lapin-off_$\gamma0.8$,10,"[0.591432, 0.639499, 0.605884, 0.581718, 0.534232, 0.60323, 0.599721, 0.555521, 0.588881, 0.586353]",0.588647,0.028554,"[0.594632, 0.564083, 0.560069, 0.593749, 0.512533, 0.59637, 0.605715, 0.487413, 0.538215, 0.604613]",0.565739,0.041399,"[0.0, 0.230769, 0.166667, 0.034483, 0.035714, 0.103448, 0.1, 0.172414, 0.166667, 0.12]",0.113016,0.073315,"[12.722427, 12.747342, 14.189569, 12.903223, 12.599575, 12.707382, 13.453274, 15.261144, 13.526068, 11.73659]",13.184659,0.981013
3,ip_beta1,078_ip_beta1_lapin-off_$\gamma0.9$,10,"[0.590146, 0.622078, 0.578406, 0.561957, 0.515965, 0.591602, 0.583904, 0.52644, 0.562792, 0.573282]",0.570657,0.03125,"[0.597551, 0.579401, 0.551941, 0.584292, 0.52124, 0.588151, 0.603446, 0.494011, 0.585115, 0.596605]",0.570175,0.036383,"[0.0, 0.230769, 0.166667, 0.034483, 0.035714, 0.103448, 0.1, 0.172414, 0.166667, 0.12]",0.113016,0.073315,"[12.722427, 12.747342, 14.189569, 12.903223, 12.599575, 12.707382, 13.453274, 15.261144, 13.526068, 11.73659]",13.184659,0.981013
3,ip_beta1,079_ip_beta1_lapin-on_$\gamma0.3$,10,"[0.118263, 0.320473, 0.231886, 0.120616, 0.148592, 0.206225, 0.21468, 0.139904, 0.205056, 0.191691]",0.189739,0.061521,"[0.135847, 0.284059, 0.220465, 0.14694, 0.146891, 0.159219, 0.184832, 0.133189, 0.181353, 0.171866]",0.176466,0.046181,"[0.25, 0.461538, 0.533333, 0.689655, 0.5, 0.586207, 0.3, 0.37931, 0.333333, 0.68]",0.471338,0.154567,"[23.522979, 21.093886, 27.143453, 30.320134, 24.570663, 26.06277, 22.220599, 25.542479, 22.826677, 24.980745]",24.828438,2.668751
3,ip_beta1,080_ip_beta1_lapin-on_$\gamma0.5$,10,"[0.228831, 0.493337, 0.331299, 0.244984, 0.264225, 0.33279, 0.355328, 0.308105, 0.376913, 0.312229]",0.324804,0.075899,"[0.272269, 0.481993, 0.32876, 0.28054, 0.278363, 0.313956, 0.347606, 0.324597, 0.407987, 0.324166]",0.336024,0.064892,"[0.25, 0.461538, 0.533333, 0.689655, 0.5, 0.586207, 0.3, 0.37931, 0.333333, 0.68]",0.471338,0.154567,"[23.522979, 21.093886, 27.143453, 30.320134, 24.570663, 26.06277, 22.220599, 25.542479, 22.826677, 24.980745]",24.828438,2.668751
3,ip_beta1,081_ip_beta1_lapin-on_$\gamma0.6$,10,"[0.276317, 0.543348, 0.384916, 0.311434, 0.288798, 0.379504, 0.426779, 0.346772, 0.48964, 0.373156]",0.382066,0.085501,"[0.31419, 0.504231, 0.400668, 0.357354, 0.318426, 0.369387, 0.42309, 0.361374, 0.510048, 0.401869]",0.396064,0.068005,"[0.25, 0.461538, 0.533333, 0.689655, 0.5, 0.586207, 0.3, 0.37931, 0.333333, 0.68]",0.471338,0.154567,"[23.522979, 21.093886, 27.143453, 30.320134, 24.570663, 26.06277, 22.220599, 25.542479, 22.826677, 24.980745]",24.828438,2.668751
3,ip_beta1,082_ip_beta1_lapin-on_$\gamma0.7$,10,"[0.308346, 0.563896, 0.423581, 0.374145, 0.326935, 0.448904, 0.500454, 0.375805, 0.53466, 0.407421]",0.426415,0.085703,"[0.341856, 0.497643, 0.430967, 0.393887, 0.36438, 0.414861, 0.482962, 0.387212, 0.52271, 0.412742]",0.424922,0.05912,"[0.25, 0.461538, 0.533333, 0.689655, 0.5, 0.586207, 0.3, 0.37931, 0.333333, 0.68]",0.471338,0.154567,"[23.522979, 21.093886, 27.143453, 30.320134, 24.570663, 26.06277, 22.220599, 25.542479, 22.826677, 24.980745]",24.828438,2.668751
3,ip_beta1,083_ip_beta1_lapin-on_$\gamma0.8$,10,"[0.353656, 0.574226, 0.462333, 0.446105, 0.390357, 0.488975, 0.528602, 0.41429, 0.537549, 0.444697]",0.464079,0.06922,"[0.368902, 0.526615, 0.454444, 0.441157, 0.400706, 0.425084, 0.492571, 0.413585, 0.523621, 0.420153]",0.446684,0.052636,"[0.25, 0.461538, 0.533333, 0.689655, 0.5, 0.586207, 0.3, 0.37931, 0.333333, 0.68]",0.471338,0.154567,"[23.522979, 21.093886, 27.143453, 30.320134, 24.570663, 26.06277, 22.220599, 25.542479, 22.826677, 24.980745]",24.828438,2.668751
3,ip_beta1,084_ip_beta1_lapin-on_$\gamma0.9$,10,"[0.373619, 0.554551, 0.487206, 0.428087, 0.41644, 0.519798, 0.523344, 0.418909, 0.52568, 0.472015]",0.471965,0.059964,"[0.379894, 0.523843, 0.474873, 0.427986, 0.432018, 0.428777, 0.519241, 0.438834, 0.510355, 0.45123]",0.458705,0.0472,"[0.25, 0.461538, 0.533333, 0.689655, 0.5, 0.551724, 0.3, 0.37931, 0.333333, 0.68]",0.467889,0.152085,"[23.522979, 21.093886, 27.143453, 30.320134, 24.570663, 26.06277, 22.220599, 25.542479, 22.826677, 24.980745]",24.828438,2.668751
3,kul,013_kul_lapin-off_$\gamma0.3$,10,"[0.474881, 0.388881, 0.424035, 0.413555, 0.507847, 0.372672, 0.393154, 0.411454, 0.435329, 0.456342]",0.427815,0.041812,"[0.408806, 0.320644, 0.318241, 0.349577, 0.478173, 0.293797, 0.342428, 0.345557, 0.339225, 0.384156]",0.35806,0.05336,"[0.3125, 0.576923, 0.466667, 0.344828, 0.357143, 0.448276, 0.433333, 0.37931, 0.466667, 0.32]",0.410565,0.08292,"[18.184582, 17.183641, 17.250596, 15.151404, 16.040706, 16.934851, 18.256129, 16.451605, 17.318538, 16.985466]",16.975752,0.931901
3,kul,014_kul_lapin-off_$\gamma0.5$,10,"[0.565403, 0.470803, 0.491579, 0.485416, 0.586097, 0.479179, 0.477283, 0.506346, 0.51995, 0.538049]",0.51201,0.039748,"[0.516625, 0.459147, 0.438789, 0.447003, 0.550842, 0.382613, 0.46867, 0.465262, 0.456814, 0.510341]",0.469611,0.046893,"[0.3125, 0.576923, 0.466667, 0.344828, 0.357143, 0.448276, 0.433333, 0.37931, 0.466667, 0.32]",0.410565,0.08292,"[18.184582, 17.183641, 17.250596, 15.151404, 16.040706, 16.934851, 18.256129, 16.451605, 17.318538, 16.985466]",16.975752,0.931901
3,kul,015_kul_lapin-off_$\gamma0.6$,10,"[0.601457, 0.492806, 0.502312, 0.511503, 0.610827, 0.49776, 0.509297, 0.533929, 0.545385, 0.550886]",0.535616,0.042127,"[0.529382, 0.467721, 0.444311, 0.479967, 0.560498, 0.389553, 0.489568, 0.486517, 0.48006, 0.519465]",0.484704,0.047133,"[0.3125, 0.576923, 0.466667, 0.344828, 0.357143, 0.448276, 0.433333, 0.37931, 0.466667, 0.32]",0.410565,0.08292,"[18.184582, 17.183641, 17.250596, 15.151404, 16.040706, 16.934851, 18.256129, 16.451605, 17.318538, 16.985466]",16.975752,0.931901
3,kul,016_kul_lapin-off_$\gamma0.7$,10,"[0.615552, 0.496509, 0.526208, 0.536763, 0.616312, 0.541026, 0.526383, 0.574813, 0.5761, 0.562127]",0.557179,0.039248,"[0.531262, 0.461878, 0.465862, 0.489042, 0.541545, 0.46484, 0.483118, 0.500327, 0.488965, 0.509302]",0.493614,0.027414,"[0.3125, 0.576923, 0.466667, 0.344828, 0.357143, 0.448276, 0.433333, 0.37931, 0.466667, 0.32]",0.410565,0.08292,"[18.184582, 17.183641, 17.250596, 15.151404, 16.040706, 16.934851, 18.256129, 16.451605, 17.318538, 16.985466]",16.975752,0.931901
3,kul,017_kul_lapin-off_$\gamma0.8$,10,"[0.590979, 0.493335, 0.538201, 0.535372, 0.600898, 0.573193, 0.509451, 0.559063, 0.582826, 0.527164]",0.551048,0.036034,"[0.53674, 0.448649, 0.457163, 0.470644, 0.52408, 0.492712, 0.465873, 0.482354, 0.490384, 0.489028]",0.485763,0.027846,"[0.3125, 0.576923, 0.466667, 0.344828, 0.357143, 0.448276, 0.4, 0.37931, 0.466667, 0.32]",0.407231,0.082572,"[18.184582, 17.183641, 17.250596, 15.151404, 16.040706, 16.934851, 18.256129, 16.451605, 17.318538, 16.985466]",16.975752,0.931901
3,kul,018_kul_lapin-off_$\gamma0.9$,10,"[0.559592, 0.479297, 0.508139, 0.500084, 0.575523, 0.553112, 0.488321, 0.532062, 0.536678, 0.499274]",0.523208,0.03282,"[0.519062, 0.440132, 0.447065, 0.45456, 0.504114, 0.480498, 0.448058, 0.475596, 0.491808, 0.48079]",0.474168,0.026391,"[0.3125, 0.538462, 0.466667, 0.344828, 0.357143, 0.413793, 0.4, 0.344828, 0.433333, 0.32]",0.393155,0.071825,"[18.184582, 17.183641, 17.250596, 15.151404, 16.040706, 16.934851, 18.256129, 16.451605, 17.318538, 16.985466]",16.975752,0.931901
3,kul,019_kul_lapin-on_$\gamma0.3$,10,"[0.142146, 0.184286, 0.30157, 0.159542, 0.236519, 0.206459, 0.151652, 0.193177, 0.293877, 0.216149]",0.208538,0.055429,"[0.103112, 0.161355, 0.24776, 0.119343, 0.193344, 0.165383, 0.110618, 0.123729, 0.233207, 0.175534]",0.163338,0.050527,"[0.03125, 0.192308, 0.133333, 0.137931, 0.357143, 0.275862, 0.133333, 0.137931, 0.033333, 0.12]",0.155242,0.099847,"[21.591153, 19.464503, 20.152564, 19.97407, 25.893982, 22.861541, 22.210949, 20.375634, 17.832565, 17.220456]",20.757742,2.527212
3,kul,020_kul_lapin-on_$\gamma0.5$,10,"[0.348159, 0.365722, 0.449479, 0.246086, 0.412421, 0.36374, 0.326934, 0.410224, 0.44071, 0.329018]",0.369249,0.061601,"[0.289566, 0.369869, 0.370071, 0.282428, 0.40426, 0.336466, 0.281045, 0.314742, 0.391774, 0.323876]",0.33641,0.045609,"[0.03125, 0.192308, 0.133333, 0.137931, 0.357143, 0.275862, 0.133333, 0.137931, 0.033333, 0.12]",0.155242,0.099847,"[21.591153, 19.464503, 20.152564, 19.97407, 25.893982, 22.861541, 22.210949, 20.375634, 17.832565, 17.220456]",20.757742,2.527212
3,kul,021_kul_lapin-on_$\gamma0.6$,10,"[0.413782, 0.412543, 0.508506, 0.289559, 0.485144, 0.439113, 0.428989, 0.495016, 0.506492, 0.382813]",0.436196,0.067906,"[0.359551, 0.387, 0.42973, 0.329509, 0.453554, 0.391052, 0.401315, 0.394385, 0.475576, 0.38647]",0.400814,0.042853,"[0.03125, 0.192308, 0.133333, 0.137931, 0.357143, 0.275862, 0.133333, 0.137931, 0.033333, 0.12]",0.155242,0.099847,"[21.591153, 19.464503, 20.152564, 19.97407, 25.893982, 22.861541, 22.210949, 20.375634, 17.832565, 17.220456]",20.757742,2.527212
3,kul,022_kul_lapin-on_$\gamma0.7$,10,"[0.427006, 0.453183, 0.552273, 0.36555, 0.51683, 0.493756, 0.490319, 0.55784, 0.550377, 0.475485]",0.488262,0.061329,"[0.374153, 0.417856, 0.463832, 0.4072, 0.46444, 0.430221, 0.441041, 0.475362, 0.526617, 0.451977]",0.44527,0.041876,"[0.03125, 0.192308, 0.133333, 0.137931, 0.357143, 0.275862, 0.133333, 0.137931, 0.033333, 0.12]",0.155242,0.099847,"[21.591153, 19.464503, 20.152564, 19.97407, 25.893982, 22.861541, 22.210949, 20.375634, 17.832565, 17.220456]",20.757742,2.527212
3,kul,023_kul_lapin-on_$\gamma0.8$,10,"[0.477, 0.492454, 0.547719, 0.394144, 0.527106, 0.532067, 0.463722, 0.584806, 0.563941, 0.497952]",0.508091,0.055555,"[0.418016, 0.442376, 0.478138, 0.414613, 0.464264, 0.453214, 0.456916, 0.5142, 0.566932, 0.451077]",0.465975,0.045498,"[0.03125, 0.192308, 0.133333, 0.137931, 0.357143, 0.275862, 0.133333, 0.137931, 0.033333, 0.12]",0.155242,0.099847,"[21.591153, 19.464503, 20.152564, 19.97407, 25.893982, 22.861541, 22.210949, 20.375634, 17.832565, 17.220456]",20.757742,2.527212
3,kul,024_kul_lapin-on_$\gamma0.9$,10,"[0.50945, 0.461553, 0.529737, 0.386682, 0.506478, 0.499085, 0.456489, 0.571621, 0.566111, 0.472893]",0.49601,0.05508,"[0.471516, 0.481965, 0.485153, 0.418404, 0.475682, 0.464269, 0.471028, 0.537368, 0.574799, 0.504555]",0.488474,0.042695,"[0.03125, 0.192308, 0.133333, 0.137931, 0.357143, 0.275862, 0.133333, 0.137931, 0.033333, 0.12]",0.155242,0.099847,"[21.591153, 19.464503, 20.152564, 19.97407, 25.893982, 22.861541, 22.210949, 20.375634, 17.832565, 17.220456]",20.757742,2.527212
3,ochiai,037_ochiai_lapin-off_$\gamma0.3$,10,"[0.42548, 0.362624, 0.419815, 0.411382, 0.43614, 0.404506, 0.448732, 0.438979, 0.418622, 0.451411]",0.421769,0.025906,"[0.337795, 0.333675, 0.374089, 0.34626, 0.381194, 0.31735, 0.411726, 0.406404, 0.364006, 0.378663]",0.365116,0.031222,"[0.5, 0.538462, 0.466667, 0.448276, 0.464286, 0.37931, 0.4, 0.344828, 0.5, 0.4]",0.444183,0.061491,"[18.299804, 16.043634, 16.950636, 16.845518, 18.236147, 17.503512, 16.665746, 15.536156, 17.230273, 15.089233]",16.840066,1.060128
3,ochiai,038_ochiai_lapin-off_$\gamma0.5$,10,"[0.484791, 0.434713, 0.499366, 0.481105, 0.512569, 0.489295, 0.529811, 0.515068, 0.4965, 0.496887]",0.49401,0.02561,"[0.429656, 0.446428, 0.498755, 0.460558, 0.490313, 0.436436, 0.499528, 0.490737, 0.465037, 0.457039]",0.467449,0.025966,"[0.5, 0.538462, 0.466667, 0.448276, 0.464286, 0.37931, 0.4, 0.344828, 0.5, 0.4]",0.444183,0.061491,"[18.299804, 16.043634, 16.950636, 16.845518, 18.236147, 17.503512, 16.665746, 15.536156, 17.230273, 15.089233]",16.840066,1.060128
3,ochiai,039_ochiai_lapin-off_$\gamma0.6$,10,"[0.517411, 0.456399, 0.522318, 0.495608, 0.513457, 0.52755, 0.537614, 0.53436, 0.518883, 0.519562]",0.514316,0.023444,"[0.454789, 0.461039, 0.50283, 0.471905, 0.482251, 0.459946, 0.491357, 0.500369, 0.482913, 0.477971]",0.478537,0.016747,"[0.5, 0.538462, 0.466667, 0.448276, 0.464286, 0.37931, 0.4, 0.344828, 0.5, 0.4]",0.444183,0.061491,"[18.299804, 16.043634, 16.950636, 16.845518, 18.236147, 17.503512, 16.665746, 15.536156, 17.230273, 15.089233]",16.840066,1.060128
3,ochiai,040_ochiai_lapin-off_$\gamma0.7$,10,"[0.55805, 0.470416, 0.536543, 0.497802, 0.515909, 0.545697, 0.546215, 0.578468, 0.519668, 0.545352]",0.531412,0.031263,"[0.487703, 0.449452, 0.49089, 0.461874, 0.47054, 0.466186, 0.476884, 0.518987, 0.467531, 0.492158]",0.478221,0.01978,"[0.5, 0.538462, 0.466667, 0.448276, 0.464286, 0.37931, 0.4, 0.344828, 0.5, 0.4]",0.444183,0.061491,"[18.299804, 16.043634, 16.950636, 16.845518, 18.236147, 17.503512, 16.665746, 15.536156, 17.230273, 15.089233]",16.840066,1.060128
3,ochiai,041_ochiai_lapin-off_$\gamma0.8$,10,"[0.577653, 0.478354, 0.537954, 0.51104, 0.529619, 0.542337, 0.540179, 0.568893, 0.540097, 0.545005]",0.537113,0.02779,"[0.475994, 0.429806, 0.474265, 0.441924, 0.458269, 0.476859, 0.49214, 0.511786, 0.465627, 0.491371]",0.471804,0.024318,"[0.46875, 0.538462, 0.466667, 0.448276, 0.464286, 0.37931, 0.4, 0.344828, 0.5, 0.4]",0.441058,0.059086,"[18.299804, 16.043634, 16.950636, 16.845518, 18.236147, 17.503512, 16.665746, 15.536156, 17.230273, 15.089233]",16.840066,1.060128
3,ochiai,042_ochiai_lapin-off_$\gamma0.9$,10,"[0.538798, 0.463202, 0.51366, 0.48992, 0.518546, 0.511256, 0.51118, 0.535892, 0.513727, 0.521949]",0.511813,0.021874,"[0.476265, 0.41073, 0.457543, 0.433976, 0.440953, 0.463539, 0.481044, 0.49404, 0.459877, 0.47362]",0.459159,0.02479,"[0.46875, 0.538462, 0.466667, 0.448276, 0.464286, 0.344828, 0.4, 0.310345, 0.5, 0.4]",0.434161,0.070094,"[18.299804, 16.043634, 16.950636, 16.845518, 18.236147, 17.503512, 16.665746, 15.536156, 17.230273, 15.089233]",16.840066,1.060128
3,ochiai,043_ochiai_lapin-on_$\gamma0.3$,10,"[0.167956, 0.205593, 0.319004, 0.172621, 0.221251, 0.15942, 0.185628, 0.234006, 0.288236, 0.234754]",0.218847,0.05257,"[0.11255, 0.157815, 0.275095, 0.144676, 0.136046, 0.121011, 0.119514, 0.109444, 0.249351, 0.172001]",0.15975,0.057883,"[0.09375, 0.115385, 0.133333, 0.241379, 0.178571, 0.37931, 0.166667, 0.034483, 0.133333, 0.16]",0.163621,0.093413,"[21.308189, 17.375106, 19.398916, 21.698987, 21.778053, 25.778278, 21.264742, 18.494568, 20.518178, 17.484843]",20.509986,2.500196
3,ochiai,044_ochiai_lapin-on_$\gamma0.5$,10,"[0.37145, 0.331013, 0.46245, 0.321023, 0.431659, 0.266639, 0.327238, 0.408067, 0.45255, 0.379856]",0.375194,0.064008,"[0.33701, 0.320634, 0.408648, 0.310035, 0.354341, 0.236878, 0.297581, 0.307609, 0.387602, 0.354109]",0.331445,0.048781,"[0.09375, 0.115385, 0.133333, 0.241379, 0.178571, 0.37931, 0.166667, 0.034483, 0.133333, 0.16]",0.163621,0.093413,"[21.308189, 17.375106, 19.398916, 21.698987, 21.778053, 25.778278, 21.264742, 18.494568, 20.518178, 17.484843]",20.509986,2.500196
3,ochiai,045_ochiai_lapin-on_$\gamma0.6$,10,"[0.447032, 0.398662, 0.540534, 0.397927, 0.499351, 0.336233, 0.362874, 0.504049, 0.522887, 0.443281]",0.445283,0.070379,"[0.410802, 0.387075, 0.461558, 0.392641, 0.427476, 0.331657, 0.339836, 0.411068, 0.460106, 0.408457]",0.403068,0.043315,"[0.09375, 0.115385, 0.133333, 0.241379, 0.178571, 0.37931, 0.166667, 0.034483, 0.133333, 0.16]",0.163621,0.093413,"[21.308189, 17.375106, 19.398916, 21.698987, 21.778053, 25.778278, 21.264742, 18.494568, 20.518178, 17.484843]",20.509986,2.500196
3,ochiai,046_ochiai_lapin-on_$\gamma0.7$,10,"[0.534499, 0.443564, 0.557858, 0.48906, 0.559106, 0.401328, 0.397673, 0.590058, 0.601711, 0.473707]",0.504856,0.074873,"[0.500645, 0.421891, 0.462713, 0.465598, 0.481853, 0.409253, 0.384922, 0.522888, 0.505749, 0.432793]",0.458831,0.045469,"[0.09375, 0.115385, 0.133333, 0.241379, 0.178571, 0.37931, 0.166667, 0.034483, 0.133333, 0.16]",0.163621,0.093413,"[21.308189, 17.375106, 19.398916, 21.698987, 21.778053, 25.778278, 21.264742, 18.494568, 20.518178, 17.484843]",20.509986,2.500196
3,ochiai,047_ochiai_lapin-on_$\gamma0.8$,10,"[0.576896, 0.443738, 0.574643, 0.531782, 0.606007, 0.460295, 0.50117, 0.599686, 0.604611, 0.511187]",0.541001,0.06025,"[0.545101, 0.449073, 0.489614, 0.526892, 0.508596, 0.442239, 0.446587, 0.570979, 0.534128, 0.463186]",0.49764,0.046217,"[0.09375, 0.115385, 0.133333, 0.241379, 0.178571, 0.37931, 0.166667, 0.034483, 0.133333, 0.16]",0.163621,0.093413,"[21.308189, 17.375106, 19.398916, 21.698987, 21.778053, 25.778278, 21.264742, 18.494568, 20.518178, 17.484843]",20.509986,2.500196
3,ochiai,048_ochiai_lapin-on_$\gamma0.9$,10,"[0.544369, 0.44918, 0.558546, 0.521919, 0.576626, 0.468674, 0.469757, 0.587609, 0.597409, 0.532759]",0.530685,0.052756,"[0.545009, 0.466981, 0.528305, 0.524135, 0.516804, 0.452292, 0.478718, 0.572278, 0.549662, 0.522285]",0.515647,0.038369,"[0.09375, 0.115385, 0.133333, 0.241379, 0.178571, 0.37931, 0.166667, 0.034483, 0.133333, 0.16]",0.163621,0.093413,"[21.308189, 17.375106, 19.398916, 21.698987, 21.778053, 25.778278, 21.264742, 18.494568, 20.518178, 17.484843]",20.509986,2.500196
4,cosip_beta0,085_cosip_beta0_lapin-off_$\gamma0.3$,10,"[0.373046, 0.387014, 0.389795, 0.381698, 0.384659, 0.421104, 0.359831, 0.411879, 0.332634, 0.388345]",0.383,0.024841,"[0.349082, 0.337934, 0.356948, 0.3561, 0.331296, 0.381586, 0.317746, 0.354693, 0.27704, 0.36019]",0.342262,0.02881,"[0.413793, 0.275862, 0.416667, 0.393939, 0.419355, 0.363636, 0.451613, 0.428571, 0.548387, 0.424242]",0.413607,0.068189,"[16.05568, 16.270444, 22.008389, 18.801322, 18.206251, 17.697351, 17.502736, 19.048322, 19.213763, 20.072093]",18.487635,1.774835
4,cosip_beta0,086_cosip_beta0_lapin-off_$\gamma0.5$,10,"[0.473422, 0.470564, 0.480781, 0.455729, 0.453801, 0.481024, 0.4432, 0.46856, 0.37972, 0.485291]",0.459209,0.031013,"[0.446877, 0.409333, 0.423863, 0.405388, 0.401974, 0.433039, 0.386879, 0.38959, 0.344764, 0.442374]",0.408408,0.030548,"[0.413793, 0.275862, 0.416667, 0.393939, 0.419355, 0.363636, 0.451613, 0.428571, 0.548387, 0.424242]",0.413607,0.068189,"[16.05568, 16.270444, 22.008389, 18.801322, 18.206251, 17.697351, 17.502736, 19.048322, 19.213763, 20.072093]",18.487635,1.774835
4,cosip_beta0,087_cosip_beta0_lapin-off_$\gamma0.6$,10,"[0.48547, 0.507892, 0.506936, 0.479248, 0.47406, 0.501454, 0.459266, 0.500475, 0.412035, 0.502551]",0.482939,0.029665,"[0.44111, 0.437665, 0.420496, 0.399451, 0.395912, 0.425366, 0.38474, 0.393735, 0.35851, 0.431496]",0.408848,0.02665,"[0.413793, 0.275862, 0.416667, 0.393939, 0.419355, 0.363636, 0.451613, 0.428571, 0.548387, 0.424242]",0.413607,0.068189,"[16.05568, 16.270444, 22.008389, 18.801322, 18.206251, 17.697351, 17.502736, 19.048322, 19.213763, 20.072093]",18.487635,1.774835
4,cosip_beta0,088_cosip_beta0_lapin-off_$\gamma0.7$,10,"[0.48723, 0.493805, 0.486707, 0.468551, 0.486889, 0.49838, 0.448591, 0.508933, 0.429035, 0.482961]",0.479108,0.024097,"[0.431352, 0.438422, 0.403298, 0.386016, 0.393845, 0.418195, 0.379047, 0.389391, 0.35692, 0.419611]",0.40161,0.025387,"[0.413793, 0.275862, 0.416667, 0.393939, 0.419355, 0.363636, 0.451613, 0.428571, 0.548387, 0.424242]",0.413607,0.068189,"[16.05568, 16.270444, 22.008389, 18.801322, 18.206251, 17.697351, 17.502736, 19.048322, 19.213763, 20.072093]",18.487635,1.774835
4,cosip_beta0,089_cosip_beta0_lapin-off_$\gamma0.8$,10,"[0.453101, 0.463263, 0.466428, 0.445586, 0.462244, 0.468313, 0.406329, 0.477775, 0.407955, 0.450475]",0.450147,0.02451,"[0.418467, 0.423326, 0.383859, 0.370705, 0.383199, 0.393956, 0.365638, 0.388724, 0.348494, 0.405806]",0.388217,0.023402,"[0.413793, 0.275862, 0.416667, 0.393939, 0.387097, 0.363636, 0.451613, 0.428571, 0.516129, 0.424242]",0.407155,0.061865,"[16.05568, 16.270444, 22.008389, 18.801322, 18.206251, 17.697351, 17.502736, 19.048322, 19.213763, 20.072093]",18.487635,1.774835
4,cosip_beta0,090_cosip_beta0_lapin-off_$\gamma0.9$,10,"[0.433838, 0.437329, 0.442304, 0.413508, 0.436717, 0.447222, 0.381537, 0.4368, 0.352946, 0.427821]",0.421002,0.030479,"[0.398976, 0.416658, 0.376223, 0.356555, 0.361049, 0.370151, 0.343006, 0.372052, 0.32591, 0.375484]",0.369606,0.025866,"[0.413793, 0.275862, 0.416667, 0.393939, 0.387097, 0.363636, 0.451613, 0.428571, 0.516129, 0.424242]",0.407155,0.061865,"[16.05568, 16.270444, 22.008389, 18.801322, 18.206251, 17.697351, 17.502736, 19.048322, 19.213763, 20.072093]",18.487635,1.774835
4,cosip_beta0,091_cosip_beta0_lapin-on_$\gamma0.3$,10,"[0.215444, 0.192389, 0.247061, 0.101292, 0.191187, 0.202685, 0.222311, 0.201496, 0.32537, 0.209535]",0.210877,0.055242,"[0.213436, 0.166462, 0.235229, 0.150357, 0.18318, 0.174526, 0.183086, 0.175974, 0.293236, 0.174652]",0.195014,0.042022,"[0.310345, 0.241379, 0.0, 0.151515, 0.096774, 0.151515, 0.129032, 0.085714, 0.193548, 0.030303]",0.139012,0.093682,"[22.476196, 23.772785, 22.167914, 23.877034, 21.935665, 23.464462, 20.947829, 23.332102, 24.4908, 23.562331]",23.002712,1.082281
4,cosip_beta0,092_cosip_beta0_lapin-on_$\gamma0.5$,10,"[0.311731, 0.353737, 0.399151, 0.230708, 0.362951, 0.305762, 0.378551, 0.350692, 0.446838, 0.378093]",0.351821,0.058877,"[0.281123, 0.280825, 0.377424, 0.242552, 0.320199, 0.282975, 0.336304, 0.304696, 0.375553, 0.322042]",0.312369,0.043103,"[0.310345, 0.241379, 0.0, 0.151515, 0.096774, 0.151515, 0.129032, 0.085714, 0.193548, 0.030303]",0.139012,0.093682,"[22.476196, 23.772785, 22.167914, 23.877034, 21.935665, 23.464462, 20.947829, 23.332102, 24.4908, 23.562331]",23.002712,1.082281
4,cosip_beta0,093_cosip_beta0_lapin-on_$\gamma0.6$,10,"[0.36569, 0.412962, 0.429116, 0.301466, 0.421386, 0.389309, 0.434125, 0.404997, 0.520924, 0.417867]",0.409784,0.055425,"[0.317274, 0.318455, 0.392574, 0.291691, 0.378447, 0.333161, 0.387555, 0.341287, 0.401594, 0.358715]",0.352075,0.037346,"[0.310345, 0.241379, 0.0, 0.151515, 0.096774, 0.151515, 0.129032, 0.085714, 0.193548, 0.030303]",0.139012,0.093682,"[22.476196, 23.772785, 22.167914, 23.877034, 21.935665, 23.464462, 20.947829, 23.332102, 24.4908, 23.562331]",23.002712,1.082281
4,cosip_beta0,094_cosip_beta0_lapin-on_$\gamma0.7$,10,"[0.429475, 0.512051, 0.437486, 0.374833, 0.453933, 0.409842, 0.479434, 0.454049, 0.538821, 0.451616]",0.454154,0.047503,"[0.37016, 0.404189, 0.405767, 0.327418, 0.42513, 0.355916, 0.425254, 0.393372, 0.416006, 0.39016]",0.391337,0.031743,"[0.310345, 0.241379, 0.0, 0.151515, 0.096774, 0.151515, 0.129032, 0.085714, 0.193548, 0.030303]",0.139012,0.093682,"[22.476196, 23.772785, 22.167914, 23.877034, 21.935665, 23.464462, 20.947829, 23.332102, 24.4908, 23.562331]",23.002712,1.082281
4,cosip_beta0,095_cosip_beta0_lapin-on_$\gamma0.8$,10,"[0.435201, 0.510026, 0.42375, 0.373611, 0.456031, 0.418054, 0.484522, 0.499223, 0.52423, 0.448249]",0.45729,0.04714,"[0.378493, 0.448575, 0.414862, 0.365847, 0.441889, 0.38885, 0.438137, 0.454366, 0.415234, 0.419841]",0.416609,0.030488,"[0.310345, 0.241379, 0.0, 0.151515, 0.096774, 0.151515, 0.129032, 0.085714, 0.193548, 0.030303]",0.139012,0.093682,"[22.476196, 23.772785, 22.167914, 23.877034, 21.935665, 23.464462, 20.947829, 23.332102, 24.4908, 23.562331]",23.002712,1.082281
4,cosip_beta0,096_cosip_beta0_lapin-on_$\gamma0.9$,10,"[0.420005, 0.475099, 0.400397, 0.366967, 0.437974, 0.42565, 0.467378, 0.482561, 0.516967, 0.42958]",0.442258,0.043826,"[0.395864, 0.465186, 0.430438, 0.377879, 0.44111, 0.408921, 0.456663, 0.471064, 0.429513, 0.445455]",0.432209,0.030323,"[0.310345, 0.241379, 0.027778, 0.151515, 0.096774, 0.151515, 0.129032, 0.085714, 0.16129, 0.030303]",0.138564,0.087912,"[22.476196, 23.772785, 22.167914, 23.877034, 21.935665, 23.464462, 20.947829, 23.332102, 24.4908, 23.562331]",23.002712,1.082281
4,cosip_beta0.5,097_cosip_beta0.5_lapin-off_$\gamma0.3$,10,"[0.395009, 0.353593, 0.47089, 0.39872, 0.392041, 0.422361, 0.364344, 0.398248, 0.34271, 0.408428]",0.394634,0.03668,"[0.392219, 0.328416, 0.459194, 0.317641, 0.373438, 0.375557, 0.343639, 0.37686, 0.313152, 0.359901]",0.364002,0.043048,"[0.37931, 0.241379, 0.25, 0.333333, 0.354839, 0.212121, 0.354839, 0.314286, 0.483871, 0.333333]",0.325731,0.078583,"[15.181835, 14.03162, 18.577078, 17.078021, 16.58604, 15.598323, 17.10503, 17.324698, 17.824401, 17.362431]",16.666948,1.356652
4,cosip_beta0.5,098_cosip_beta0.5_lapin-off_$\gamma0.5$,10,"[0.48976, 0.470713, 0.543972, 0.472779, 0.46244, 0.517537, 0.448344, 0.475196, 0.413576, 0.49235]",0.478667,0.035925,"[0.457485, 0.422527, 0.473327, 0.40529, 0.414548, 0.457813, 0.399019, 0.437715, 0.379444, 0.419272]",0.426644,0.029607,"[0.37931, 0.241379, 0.25, 0.333333, 0.354839, 0.212121, 0.354839, 0.314286, 0.483871, 0.333333]",0.325731,0.078583,"[15.181835, 14.03162, 18.577078, 17.078021, 16.58604, 15.598323, 17.10503, 17.324698, 17.824401, 17.362431]",16.666948,1.356652
4,cosip_beta0.5,099_cosip_beta0.5_lapin-off_$\gamma0.6$,10,"[0.505856, 0.490461, 0.526861, 0.492535, 0.483981, 0.508008, 0.472087, 0.495364, 0.42578, 0.509674]",0.491061,0.027542,"[0.436118, 0.420401, 0.451987, 0.404207, 0.415106, 0.449581, 0.394211, 0.433034, 0.379305, 0.417708]",0.420166,0.023399,"[0.37931, 0.241379, 0.25, 0.333333, 0.354839, 0.212121, 0.354839, 0.314286, 0.483871, 0.333333]",0.325731,0.078583,"[15.181835, 14.03162, 18.577078, 17.078021, 16.58604, 15.598323, 17.10503, 17.324698, 17.824401, 17.362431]",16.666948,1.356652
4,cosip_beta0.5,100_cosip_beta0.5_lapin-off_$\gamma0.7$,10,"[0.499419, 0.47048, 0.508711, 0.488894, 0.485379, 0.486872, 0.492467, 0.480957, 0.45381, 0.502264]",0.486925,0.016006,"[0.430482, 0.410948, 0.444624, 0.392752, 0.419993, 0.434929, 0.40479, 0.421133, 0.370831, 0.42395]",0.415443,0.021658,"[0.37931, 0.241379, 0.25, 0.333333, 0.354839, 0.212121, 0.354839, 0.314286, 0.483871, 0.333333]",0.325731,0.078583,"[15.181835, 14.03162, 18.577078, 17.078021, 16.58604, 15.598323, 17.10503, 17.324698, 17.824401, 17.362431]",16.666948,1.356652
4,cosip_beta0.5,101_cosip_beta0.5_lapin-off_$\gamma0.8$,10,"[0.4713, 0.447541, 0.47911, 0.457687, 0.443062, 0.462093, 0.476591, 0.446186, 0.436543, 0.47261]",0.459272,0.015329,"[0.406374, 0.398789, 0.42539, 0.377254, 0.408138, 0.422052, 0.395793, 0.398488, 0.360877, 0.409836]",0.400299,0.019445,"[0.344828, 0.241379, 0.25, 0.333333, 0.354839, 0.212121, 0.354839, 0.314286, 0.483871, 0.333333]",0.322283,0.076705,"[15.181835, 14.03162, 18.577078, 17.078021, 16.58604, 15.598323, 17.10503, 17.324698, 17.824401, 17.362431]",16.666948,1.356652
4,cosip_beta0.5,102_cosip_beta0.5_lapin-off_$\gamma0.9$,10,"[0.435389, 0.424208, 0.460135, 0.433972, 0.430558, 0.432515, 0.444639, 0.42954, 0.403755, 0.436262]",0.433097,0.014297,"[0.394368, 0.386948, 0.403196, 0.367305, 0.386387, 0.406759, 0.382207, 0.379105, 0.349754, 0.399395]",0.385542,0.017321,"[0.344828, 0.206897, 0.25, 0.272727, 0.354839, 0.181818, 0.354839, 0.314286, 0.483871, 0.30303]",0.306714,0.086586,"[15.181835, 14.03162, 18.577078, 17.078021, 16.58604, 15.598323, 17.10503, 17.324698, 17.824401, 17.362431]",16.666948,1.356652
4,cosip_beta0.5,103_cosip_beta0.5_lapin-on_$\gamma0.3$,10,"[0.214692, 0.181052, 0.226882, 0.144138, 0.274767, 0.223577, 0.16862, 0.183471, 0.22031, 0.200404]",0.203791,0.036653,"[0.191862, 0.148068, 0.225091, 0.137962, 0.25591, 0.238257, 0.172097, 0.196794, 0.173055, 0.228278]",0.196737,0.039495,"[0.172414, 0.103448, 0.111111, 0.060606, 0.064516, 0.121212, 0.225806, 0.057143, 0.193548, 0.030303]",0.114011,0.064936,"[19.369087, 19.122147, 23.578232, 22.230031, 20.508822, 21.542225, 23.336344, 21.422157, 21.829543, 20.688462]",21.362705,1.490268
4,cosip_beta0.5,104_cosip_beta0.5_lapin-on_$\gamma0.5$,10,"[0.357312, 0.313484, 0.346892, 0.27593, 0.444665, 0.395028, 0.293761, 0.386061, 0.404549, 0.377756]",0.359544,0.052884,"[0.311969, 0.289351, 0.361305, 0.251387, 0.368613, 0.370754, 0.288386, 0.37719, 0.330042, 0.384801]",0.33338,0.046112,"[0.172414, 0.103448, 0.111111, 0.060606, 0.064516, 0.121212, 0.225806, 0.057143, 0.193548, 0.030303]",0.114011,0.064936,"[19.369087, 19.122147, 23.578232, 22.230031, 20.508822, 21.542225, 23.336344, 21.422157, 21.829543, 20.688462]",21.362705,1.490268
4,cosip_beta0.5,105_cosip_beta0.5_lapin-on_$\gamma0.6$,10,"[0.411171, 0.364823, 0.392276, 0.309551, 0.493445, 0.416027, 0.335381, 0.437063, 0.459979, 0.419654]",0.403937,0.055747,"[0.336602, 0.318019, 0.377688, 0.294184, 0.379509, 0.383288, 0.320269, 0.405826, 0.346152, 0.42891]",0.359045,0.042801,"[0.172414, 0.103448, 0.111111, 0.060606, 0.064516, 0.121212, 0.225806, 0.057143, 0.193548, 0.030303]",0.114011,0.064936,"[19.369087, 19.122147, 23.578232, 22.230031, 20.508822, 21.542225, 23.336344, 21.422157, 21.829543, 20.688462]",21.362705,1.490268
4,cosip_beta0.5,106_cosip_beta0.5_lapin-on_$\gamma0.7$,10,"[0.450265, 0.442366, 0.434594, 0.363842, 0.493272, 0.453321, 0.412914, 0.447204, 0.475551, 0.415777]",0.438911,0.03587,"[0.358825, 0.390832, 0.405928, 0.307829, 0.399353, 0.395084, 0.344776, 0.444294, 0.389292, 0.447283]",0.38835,0.042608,"[0.172414, 0.103448, 0.111111, 0.060606, 0.064516, 0.121212, 0.225806, 0.057143, 0.193548, 0.030303]",0.114011,0.064936,"[19.369087, 19.122147, 23.578232, 22.230031, 20.508822, 21.542225, 23.336344, 21.422157, 21.829543, 20.688462]",21.362705,1.490268
4,cosip_beta0.5,107_cosip_beta0.5_lapin-on_$\gamma0.8$,10,"[0.461475, 0.47382, 0.461321, 0.411382, 0.486372, 0.486425, 0.429826, 0.439539, 0.434531, 0.417998]",0.450269,0.027381,"[0.379485, 0.438112, 0.426, 0.338759, 0.434624, 0.445895, 0.343807, 0.444842, 0.400438, 0.446861]",0.409882,0.042155,"[0.172414, 0.103448, 0.111111, 0.060606, 0.064516, 0.121212, 0.225806, 0.057143, 0.193548, 0.030303]",0.114011,0.064936,"[19.369087, 19.122147, 23.578232, 22.230031, 20.508822, 21.542225, 23.336344, 21.422157, 21.829543, 20.688462]",21.362705,1.490268
4,cosip_beta0.5,108_cosip_beta0.5_lapin-on_$\gamma0.9$,10,"[0.454948, 0.443135, 0.460025, 0.420885, 0.467372, 0.490461, 0.382131, 0.440257, 0.435028, 0.393754]",0.4388,0.032987,"[0.392933, 0.465251, 0.431494, 0.379267, 0.430111, 0.456897, 0.352823, 0.436504, 0.404954, 0.438302]",0.418854,0.035541,"[0.172414, 0.103448, 0.111111, 0.030303, 0.064516, 0.121212, 0.225806, 0.057143, 0.193548, 0.030303]",0.11098,0.068324,"[19.369087, 19.122147, 23.578232, 22.230031, 20.508822, 21.542225, 23.336344, 21.422157, 21.829543, 20.688462]",21.362705,1.490268
4,cosip_beta1,109_cosip_beta1_lapin-off_$\gamma0.3$,10,"[0.372393, 0.299316, 0.350042, 0.320165, 0.40479, 0.41272, 0.263286, 0.317488, 0.340208, 0.312738]",0.339315,0.046922,"[0.382986, 0.290902, 0.36329, 0.276664, 0.355273, 0.385585, 0.27102, 0.313304, 0.305817, 0.252228]",0.319707,0.048704,"[0.206897, 0.310345, 0.25, 0.212121, 0.193548, 0.121212, 0.225806, 0.257143, 0.258065, 0.272727]",0.230786,0.051891,"[14.132721, 15.219774, 18.020568, 15.55931, 15.103112, 14.503263, 14.856463, 17.114996, 16.10699, 17.063273]",15.768047,1.272438
4,cosip_beta1,110_cosip_beta1_lapin-off_$\gamma0.5$,10,"[0.475517, 0.390702, 0.480746, 0.432743, 0.501434, 0.511532, 0.40779, 0.443846, 0.434586, 0.402315]",0.448121,0.042345,"[0.450474, 0.354696, 0.45657, 0.380386, 0.431036, 0.437588, 0.390891, 0.405122, 0.380335, 0.350377]",0.403748,0.038556,"[0.206897, 0.310345, 0.25, 0.212121, 0.193548, 0.121212, 0.225806, 0.257143, 0.258065, 0.272727]",0.230786,0.051891,"[14.132721, 15.219774, 18.020568, 15.55931, 15.103112, 14.503263, 14.856463, 17.114996, 16.10699, 17.063273]",15.768047,1.272438
4,cosip_beta1,111_cosip_beta1_lapin-off_$\gamma0.6$,10,"[0.472762, 0.441738, 0.530266, 0.482085, 0.513746, 0.508229, 0.43813, 0.485434, 0.465259, 0.446336]",0.478399,0.031782,"[0.443263, 0.370872, 0.457194, 0.40953, 0.443026, 0.454313, 0.412573, 0.406928, 0.403806, 0.38023]",0.418174,0.03017,"[0.206897, 0.310345, 0.25, 0.212121, 0.193548, 0.121212, 0.225806, 0.257143, 0.258065, 0.272727]",0.230786,0.051891,"[14.132721, 15.219774, 18.020568, 15.55931, 15.103112, 14.503263, 14.856463, 17.114996, 16.10699, 17.063273]",15.768047,1.272438
4,cosip_beta1,112_cosip_beta1_lapin-off_$\gamma0.7$,10,"[0.463486, 0.474863, 0.519946, 0.486445, 0.500373, 0.491659, 0.449744, 0.492609, 0.447491, 0.477948]",0.480456,0.022659,"[0.43617, 0.396571, 0.451875, 0.415914, 0.442873, 0.457042, 0.408998, 0.423292, 0.395976, 0.384267]",0.421298,0.025182,"[0.206897, 0.310345, 0.25, 0.212121, 0.193548, 0.121212, 0.225806, 0.257143, 0.258065, 0.272727]",0.230786,0.051891,"[14.132721, 15.219774, 18.020568, 15.55931, 15.103112, 14.503263, 14.856463, 17.114996, 16.10699, 17.063273]",15.768047,1.272438
4,cosip_beta1,113_cosip_beta1_lapin-off_$\gamma0.8$,10,"[0.45689, 0.464153, 0.510549, 0.472409, 0.48188, 0.476378, 0.450683, 0.478171, 0.417608, 0.479876]",0.46886,0.024284,"[0.428108, 0.405135, 0.444391, 0.413792, 0.443463, 0.444537, 0.398913, 0.432257, 0.385931, 0.396142]",0.419267,0.022091,"[0.206897, 0.310345, 0.25, 0.212121, 0.193548, 0.121212, 0.225806, 0.257143, 0.258065, 0.272727]",0.230786,0.051891,"[14.132721, 15.219774, 18.020568, 15.55931, 15.103112, 14.503263, 14.856463, 17.114996, 16.10699, 17.063273]",15.768047,1.272438
4,cosip_beta1,114_cosip_beta1_lapin-off_$\gamma0.9$,10,"[0.43322, 0.433766, 0.481751, 0.451639, 0.460045, 0.460215, 0.422502, 0.465066, 0.40665, 0.443835]",0.445869,0.022338,"[0.417526, 0.401687, 0.449541, 0.409372, 0.430972, 0.43871, 0.390135, 0.443647, 0.366171, 0.402795]",0.415056,0.026242,"[0.206897, 0.310345, 0.25, 0.212121, 0.193548, 0.121212, 0.225806, 0.257143, 0.258065, 0.272727]",0.230786,0.051891,"[14.132721, 15.219774, 18.020568, 15.55931, 15.103112, 14.503263, 14.856463, 17.114996, 16.10699, 17.063273]",15.768047,1.272438
4,cosip_beta1,115_cosip_beta1_lapin-on_$\gamma0.3$,10,"[0.156451, 0.171282, 0.136856, 0.098132, 0.236397, 0.217841, 0.146929, 0.113292, 0.162472, 0.132266]",0.157192,0.04312,"[0.173904, 0.170952, 0.156576, 0.148734, 0.224716, 0.218047, 0.176126, 0.138828, 0.165839, 0.123463]",0.169718,0.031872,"[0.137931, 0.034483, 0.027778, 0.121212, 0.290323, 0.090909, 0.129032, 0.057143, 0.129032, 0.030303]",0.104815,0.078776,"[19.554348, 18.716341, 22.082565, 21.765466, 24.838518, 22.656105, 21.322384, 20.507257, 21.971316, 19.864559]",21.327886,1.765223
4,cosip_beta1,116_cosip_beta1_lapin-on_$\gamma0.5$,10,"[0.304292, 0.315008, 0.284614, 0.212722, 0.369135, 0.416436, 0.336803, 0.216296, 0.362635, 0.301596]",0.311954,0.064371,"[0.309129, 0.340591, 0.298103, 0.254096, 0.327263, 0.384597, 0.323765, 0.232001, 0.324287, 0.292908]",0.308674,0.043228,"[0.137931, 0.034483, 0.027778, 0.121212, 0.290323, 0.090909, 0.129032, 0.057143, 0.129032, 0.030303]",0.104815,0.078776,"[19.554348, 18.716341, 22.082565, 21.765466, 24.838518, 22.656105, 21.322384, 20.507257, 21.971316, 19.864559]",21.327886,1.765223
4,cosip_beta1,117_cosip_beta1_lapin-on_$\gamma0.6$,10,"[0.395553, 0.379805, 0.354826, 0.247169, 0.41522, 0.463444, 0.398908, 0.262854, 0.438212, 0.373025]",0.372902,0.069711,"[0.383459, 0.388262, 0.343077, 0.266967, 0.363694, 0.405865, 0.356939, 0.276879, 0.388553, 0.321411]",0.349511,0.047761,"[0.137931, 0.034483, 0.027778, 0.121212, 0.290323, 0.090909, 0.129032, 0.057143, 0.129032, 0.030303]",0.104815,0.078776,"[19.554348, 18.716341, 22.082565, 21.765466, 24.838518, 22.656105, 21.322384, 20.507257, 21.971316, 19.864559]",21.327886,1.765223
4,cosip_beta1,118_cosip_beta1_lapin-on_$\gamma0.7$,10,"[0.427786, 0.41164, 0.401745, 0.291216, 0.490318, 0.467155, 0.440785, 0.330159, 0.456463, 0.387956]",0.410522,0.061625,"[0.410509, 0.432492, 0.37559, 0.282133, 0.399097, 0.420753, 0.389835, 0.326261, 0.424473, 0.365871]",0.382701,0.047607,"[0.137931, 0.034483, 0.027778, 0.121212, 0.290323, 0.090909, 0.129032, 0.057143, 0.129032, 0.030303]",0.104815,0.078776,"[19.554348, 18.716341, 22.082565, 21.765466, 24.838518, 22.656105, 21.322384, 20.507257, 21.971316, 19.864559]",21.327886,1.765223
4,cosip_beta1,119_cosip_beta1_lapin-on_$\gamma0.8$,10,"[0.431266, 0.431452, 0.421556, 0.324188, 0.500996, 0.462376, 0.435432, 0.339729, 0.462698, 0.391935]",0.420163,0.054862,"[0.420242, 0.449244, 0.409347, 0.30321, 0.433912, 0.423959, 0.398936, 0.347472, 0.431544, 0.410524]",0.402839,0.044472,"[0.137931, 0.034483, 0.027778, 0.121212, 0.290323, 0.090909, 0.129032, 0.057143, 0.129032, 0.030303]",0.104815,0.078776,"[19.554348, 18.716341, 22.082565, 21.765466, 24.838518, 22.656105, 21.322384, 20.507257, 21.971316, 19.864559]",21.327886,1.765223
4,cosip_beta1,120_cosip_beta1_lapin-on_$\gamma0.9$,10,"[0.412583, 0.434989, 0.392462, 0.343693, 0.466835, 0.441449, 0.415062, 0.334546, 0.450451, 0.394643]",0.408671,0.043625,"[0.420836, 0.451016, 0.420177, 0.317423, 0.430172, 0.423337, 0.411039, 0.372266, 0.436316, 0.4341]",0.411668,0.039057,"[0.137931, 0.034483, 0.027778, 0.121212, 0.290323, 0.090909, 0.129032, 0.057143, 0.129032, 0.030303]",0.104815,0.078776,"[19.554348, 18.716341, 22.082565, 21.765466, 24.838518, 22.656105, 21.322384, 20.507257, 21.971316, 19.864559]",21.327886,1.765223
4,default,001_default_lapin-off_$\gamma0.3$,10,"[0.116024, 0.175823, 0.11818, 0.095639, 0.178649, 0.129821, 0.185633, 0.07732, 0.174168, 0.134763]",0.138602,0.038131,"[0.079848, 0.178197, 0.133757, 0.087495, 0.164305, 0.13185, 0.159736, 0.083675, 0.13899, 0.135203]",0.129306,0.034917,"[0.034483, 0.068966, 0.138889, 0.121212, 0.032258, 0.030303, 0.129032, 0.114286, 0.032258, 0.121212]",0.08229,0.046683,"[12.150212, 13.918256, 14.152969, 12.992347, 14.44091, 13.862903, 14.859164, 17.777793, 14.005227, 13.048637]",14.120842,1.507365
4,default,002_default_lapin-off_$\gamma0.5$,10,"[0.211956, 0.378852, 0.244574, 0.184985, 0.344419, 0.312533, 0.314589, 0.217558, 0.328833, 0.265665]",0.280396,0.064616,"[0.261258, 0.415702, 0.311153, 0.243251, 0.371914, 0.337514, 0.34363, 0.257034, 0.321574, 0.319835]",0.318286,0.053827,"[0.034483, 0.068966, 0.138889, 0.121212, 0.032258, 0.030303, 0.129032, 0.114286, 0.032258, 0.121212]",0.08229,0.046683,"[12.150212, 13.918256, 14.152969, 12.992347, 14.44091, 13.862903, 14.859164, 17.777793, 14.005227, 13.048637]",14.120842,1.507365
4,default,003_default_lapin-off_$\gamma0.6$,10,"[0.286184, 0.447069, 0.331205, 0.259399, 0.418358, 0.390691, 0.38257, 0.269005, 0.38519, 0.30999]",0.347966,0.065662,"[0.338619, 0.476112, 0.378259, 0.29562, 0.421487, 0.397218, 0.415675, 0.31817, 0.386856, 0.376301]",0.380432,0.052962,"[0.034483, 0.068966, 0.138889, 0.121212, 0.032258, 0.030303, 0.129032, 0.114286, 0.032258, 0.121212]",0.08229,0.046683,"[12.150212, 13.918256, 14.152969, 12.992347, 14.44091, 13.862903, 14.859164, 17.777793, 14.005227, 13.048637]",14.120842,1.507365
4,default,004_default_lapin-off_$\gamma0.7$,10,"[0.369556, 0.49193, 0.381049, 0.293433, 0.458518, 0.435526, 0.427823, 0.350253, 0.436237, 0.354937]",0.399926,0.059975,"[0.393951, 0.489843, 0.412763, 0.335285, 0.456058, 0.433282, 0.459605, 0.371782, 0.416747, 0.418701]",0.418802,0.044912,"[0.034483, 0.068966, 0.138889, 0.121212, 0.032258, 0.030303, 0.129032, 0.114286, 0.032258, 0.121212]",0.08229,0.046683,"[12.150212, 13.918256, 14.152969, 12.992347, 14.44091, 13.862903, 14.859164, 17.777793, 14.005227, 13.048637]",14.120842,1.507365
4,default,005_default_lapin-off_$\gamma0.8$,10,"[0.367145, 0.477012, 0.39304, 0.288415, 0.428017, 0.417849, 0.463595, 0.353522, 0.439451, 0.377634]",0.400568,0.056639,"[0.418276, 0.4873, 0.436157, 0.361761, 0.463334, 0.452937, 0.458455, 0.406447, 0.430248, 0.436169]",0.435108,0.034792,"[0.034483, 0.068966, 0.138889, 0.121212, 0.032258, 0.030303, 0.129032, 0.114286, 0.032258, 0.121212]",0.08229,0.046683,"[12.150212, 13.918256, 14.152969, 12.992347, 14.44091, 13.862903, 14.859164, 17.777793, 14.005227, 13.048637]",14.120842,1.507365
4,default,006_default_lapin-off_$\gamma0.9$,10,"[0.389673, 0.434615, 0.383759, 0.283615, 0.418276, 0.412163, 0.455645, 0.354585, 0.427225, 0.37206]",0.393162,0.049226,"[0.422961, 0.47913, 0.43584, 0.36526, 0.461391, 0.449802, 0.447508, 0.417556, 0.426805, 0.431503]",0.433776,0.030546,"[0.034483, 0.068966, 0.138889, 0.121212, 0.032258, 0.030303, 0.129032, 0.114286, 0.032258, 0.121212]",0.08229,0.046683,"[12.150212, 13.918256, 14.152969, 12.992347, 14.44091, 13.862903, 14.859164, 17.777793, 14.005227, 13.048637]",14.120842,1.507365
4,default,007_default_lapin-on_$\gamma0.3$,10,"[0.095747, 0.076851, 0.036052, 0.043357, 0.090371, 0.087442, 0.079105, 0.021281, 0.074686, 0.06691]",0.06718,0.025166,"[0.069429, 0.043831, 0.03815, 0.040684, 0.060474, 0.054115, 0.042192, 0.024079, 0.042154, 0.075268]",0.049038,0.01561,"[0.137931, 0.103448, 0.222222, 0.181818, 0.129032, 0.030303, 0.193548, 0.257143, 0.16129, 0.090909]",0.150764,0.066914,"[15.790481, 16.824533, 17.081192, 16.680021, 16.962613, 18.629521, 15.255594, 16.093245, 15.337641, 18.824269]",16.747911,1.228391
4,default,008_default_lapin-on_$\gamma0.5$,10,"[0.174101, 0.118276, 0.096678, 0.098389, 0.16783, 0.144651, 0.13408, 0.064997, 0.184186, 0.151836]",0.133502,0.038543,"[0.247797, 0.179238, 0.166629, 0.174717, 0.21744, 0.203088, 0.186617, 0.125829, 0.228932, 0.214573]",0.194486,0.035289,"[0.137931, 0.103448, 0.222222, 0.181818, 0.129032, 0.030303, 0.193548, 0.257143, 0.16129, 0.090909]",0.150764,0.066914,"[15.790481, 16.824533, 17.081192, 16.680021, 16.962613, 18.629521, 15.255594, 16.093245, 15.337641, 18.824269]",16.747911,1.228391
4,default,009_default_lapin-on_$\gamma0.6$,10,"[0.25469, 0.17637, 0.125632, 0.14423, 0.224659, 0.205894, 0.209839, 0.094095, 0.219488, 0.216298]",0.18712,0.050697,"[0.324421, 0.252219, 0.222443, 0.237842, 0.294089, 0.271411, 0.260064, 0.186554, 0.298626, 0.289921]",0.263759,0.040886,"[0.137931, 0.103448, 0.222222, 0.181818, 0.129032, 0.030303, 0.193548, 0.257143, 0.16129, 0.090909]",0.150764,0.066914,"[15.790481, 16.824533, 17.081192, 16.680021, 16.962613, 18.629521, 15.255594, 16.093245, 15.337641, 18.824269]",16.747911,1.228391
4,default,010_default_lapin-on_$\gamma0.7$,10,"[0.283647, 0.192528, 0.178174, 0.209448, 0.275472, 0.278257, 0.281547, 0.100049, 0.244933, 0.277294]",0.232135,0.061233,"[0.373089, 0.295133, 0.274396, 0.28904, 0.345203, 0.328164, 0.316859, 0.23436, 0.341058, 0.33226]",0.312956,0.040302,"[0.137931, 0.103448, 0.222222, 0.181818, 0.129032, 0.030303, 0.193548, 0.257143, 0.16129, 0.090909]",0.150764,0.066914,"[15.790481, 16.824533, 17.081192, 16.680021, 16.962613, 18.629521, 15.255594, 16.093245, 15.337641, 18.824269]",16.747911,1.228391
4,default,011_default_lapin-on_$\gamma0.8$,10,"[0.294416, 0.208403, 0.211614, 0.229995, 0.2744, 0.317635, 0.26754, 0.141528, 0.252578, 0.294864]",0.249297,0.05253,"[0.380694, 0.318959, 0.307114, 0.319875, 0.365627, 0.36187, 0.363695, 0.278082, 0.363461, 0.371648]",0.343102,0.034272,"[0.137931, 0.103448, 0.222222, 0.181818, 0.129032, 0.030303, 0.193548, 0.257143, 0.16129, 0.090909]",0.150764,0.066914,"[15.790481, 16.824533, 17.081192, 16.680021, 16.962613, 18.629521, 15.255594, 16.093245, 15.337641, 18.824269]",16.747911,1.228391
4,default,012_default_lapin-on_$\gamma0.9$,10,"[0.29023, 0.187869, 0.195642, 0.247414, 0.291272, 0.305516, 0.267797, 0.144225, 0.276296, 0.27786]",0.248412,0.053927,"[0.375977, 0.324722, 0.332644, 0.323033, 0.373872, 0.376119, 0.370595, 0.292479, 0.362463, 0.367998]",0.34999,0.029451,"[0.137931, 0.103448, 0.222222, 0.181818, 0.129032, 0.030303, 0.193548, 0.257143, 0.16129, 0.090909]",0.150764,0.066914,"[15.790481, 16.824533, 17.081192, 16.680021, 16.962613, 18.629521, 15.255594, 16.093245, 15.337641, 18.824269]",16.747911,1.228391
4,dice,025_dice_lapin-off_$\gamma0.3$,10,"[0.33111, 0.333085, 0.401832, 0.334227, 0.432574, 0.386378, 0.401963, 0.377564, 0.354019, 0.380931]",0.373368,0.034468,"[0.317149, 0.277849, 0.331414, 0.317766, 0.401128, 0.318349, 0.373895, 0.328437, 0.309977, 0.358508]",0.333447,0.035364,"[0.482759, 0.517241, 0.361111, 0.575758, 0.354839, 0.393939, 0.258065, 0.371429, 0.451613, 0.454545]",0.42213,0.092363,"[18.60447, 17.602434, 21.415254, 22.05485, 16.556951, 17.475253, 16.176609, 16.924691, 18.071104, 20.401942]",18.528356,2.066957
4,dice,026_dice_lapin-off_$\gamma0.5$,10,"[0.429645, 0.420039, 0.473726, 0.416466, 0.503824, 0.475825, 0.490456, 0.49406, 0.42645, 0.464502]",0.459499,0.03334,"[0.400143, 0.366565, 0.380455, 0.384222, 0.420985, 0.411829, 0.414323, 0.408545, 0.380219, 0.422808]",0.399009,0.019746,"[0.482759, 0.517241, 0.361111, 0.575758, 0.354839, 0.393939, 0.258065, 0.371429, 0.451613, 0.454545]",0.42213,0.092363,"[18.60447, 17.602434, 21.415254, 22.05485, 16.556951, 17.475253, 16.176609, 16.924691, 18.071104, 20.401942]",18.528356,2.066957
4,dice,027_dice_lapin-off_$\gamma0.6$,10,"[0.46391, 0.449057, 0.52317, 0.443778, 0.519108, 0.493361, 0.486971, 0.522786, 0.442629, 0.494856]",0.483963,0.032386,"[0.409968, 0.382375, 0.413008, 0.38439, 0.410033, 0.408554, 0.405812, 0.414792, 0.383005, 0.413507]",0.402544,0.013564,"[0.482759, 0.517241, 0.361111, 0.575758, 0.354839, 0.393939, 0.258065, 0.371429, 0.451613, 0.454545]",0.42213,0.092363,"[18.60447, 17.602434, 21.415254, 22.05485, 16.556951, 17.475253, 16.176609, 16.924691, 18.071104, 20.401942]",18.528356,2.066957
4,dice,028_dice_lapin-off_$\gamma0.7$,10,"[0.48199, 0.470303, 0.505858, 0.465651, 0.516006, 0.504947, 0.471212, 0.531191, 0.439665, 0.489132]",0.487596,0.02733,"[0.404988, 0.393629, 0.397894, 0.372968, 0.421844, 0.403098, 0.394247, 0.403133, 0.376399, 0.402523]",0.397072,0.014173,"[0.482759, 0.517241, 0.361111, 0.575758, 0.354839, 0.393939, 0.258065, 0.371429, 0.451613, 0.454545]",0.42213,0.092363,"[18.60447, 17.602434, 21.415254, 22.05485, 16.556951, 17.475253, 16.176609, 16.924691, 18.071104, 20.401942]",18.528356,2.066957
4,dice,029_dice_lapin-off_$\gamma0.8$,10,"[0.47114, 0.450918, 0.476988, 0.442667, 0.478332, 0.489054, 0.454561, 0.493943, 0.416424, 0.458626]",0.463265,0.023456,"[0.403634, 0.378989, 0.377989, 0.35949, 0.412045, 0.396587, 0.395761, 0.392093, 0.360363, 0.398991]",0.387594,0.017797,"[0.482759, 0.482759, 0.361111, 0.575758, 0.354839, 0.393939, 0.258065, 0.342857, 0.451613, 0.454545]",0.415824,0.091119,"[18.60447, 17.602434, 21.415254, 22.05485, 16.556951, 17.475253, 16.176609, 16.924691, 18.071104, 20.401942]",18.528356,2.066957
4,dice,030_dice_lapin-off_$\gamma0.9$,10,"[0.446885, 0.408944, 0.437829, 0.408275, 0.440458, 0.462606, 0.438132, 0.485687, 0.386945, 0.423176]",0.433894,0.028578,"[0.395817, 0.363736, 0.388939, 0.344571, 0.392425, 0.37808, 0.385205, 0.378816, 0.34323, 0.370767]",0.374159,0.018656,"[0.448276, 0.482759, 0.361111, 0.575758, 0.322581, 0.393939, 0.225806, 0.342857, 0.451613, 0.454545]",0.405924,0.098042,"[18.60447, 17.602434, 21.415254, 22.05485, 16.556951, 17.475253, 16.176609, 16.924691, 18.071104, 20.401942]",18.528356,2.066957
4,dice,031_dice_lapin-on_$\gamma0.3$,10,"[0.217897, 0.139994, 0.231833, 0.106199, 0.273317, 0.159462, 0.178544, 0.171466, 0.276587, 0.226656]",0.198196,0.056342,"[0.177819, 0.149388, 0.199092, 0.140714, 0.266241, 0.125393, 0.207392, 0.197119, 0.233563, 0.193093]",0.188981,0.042878,"[0.241379, 0.172414, 0.027778, 0.090909, 0.451613, 0.121212, 0.193548, 0.0, 0.290323, 0.181818]",0.177099,0.132009,"[23.187546, 20.658155, 22.984949, 23.287034, 28.422721, 21.872509, 23.147012, 21.456688, 24.011076, 25.949094]",23.497678,2.258937
4,dice,032_dice_lapin-on_$\gamma0.5$,10,"[0.403151, 0.278286, 0.411687, 0.285775, 0.403776, 0.30097, 0.321685, 0.32522, 0.417713, 0.428858]",0.357712,0.060386,"[0.31895, 0.280806, 0.366032, 0.306273, 0.367667, 0.256408, 0.345277, 0.377064, 0.337498, 0.395548]",0.335152,0.044439,"[0.241379, 0.172414, 0.027778, 0.090909, 0.451613, 0.121212, 0.193548, 0.0, 0.290323, 0.181818]",0.177099,0.132009,"[23.187546, 20.658155, 22.984949, 23.287034, 28.422721, 21.872509, 23.147012, 21.456688, 24.011076, 25.949094]",23.497678,2.258937
4,dice,033_dice_lapin-on_$\gamma0.6$,10,"[0.498162, 0.367343, 0.436752, 0.346528, 0.458243, 0.366342, 0.361286, 0.376706, 0.513563, 0.481888]",0.420681,0.063948,"[0.374917, 0.35639, 0.410583, 0.338933, 0.40542, 0.304499, 0.363125, 0.402828, 0.402879, 0.414226]",0.37738,0.03649,"[0.241379, 0.172414, 0.027778, 0.090909, 0.451613, 0.121212, 0.193548, 0.0, 0.290323, 0.181818]",0.177099,0.132009,"[23.187546, 20.658155, 22.984949, 23.287034, 28.422721, 21.872509, 23.147012, 21.456688, 24.011076, 25.949094]",23.497678,2.258937
4,dice,034_dice_lapin-on_$\gamma0.7$,10,"[0.557167, 0.384797, 0.445989, 0.407304, 0.510745, 0.432354, 0.41103, 0.389221, 0.53438, 0.516699]",0.458969,0.064596,"[0.4299, 0.369905, 0.42427, 0.376412, 0.4164, 0.340981, 0.38175, 0.420238, 0.429539, 0.455786]",0.404518,0.035309,"[0.241379, 0.172414, 0.027778, 0.090909, 0.451613, 0.121212, 0.193548, 0.0, 0.290323, 0.181818]",0.177099,0.132009,"[23.187546, 20.658155, 22.984949, 23.287034, 28.422721, 21.872509, 23.147012, 21.456688, 24.011076, 25.949094]",23.497678,2.258937
4,dice,035_dice_lapin-on_$\gamma0.8$,10,"[0.544446, 0.381999, 0.462074, 0.412346, 0.512422, 0.453853, 0.44588, 0.395128, 0.519379, 0.515672]",0.46432,0.056885,"[0.423465, 0.379071, 0.4562, 0.374661, 0.419255, 0.37624, 0.406267, 0.415692, 0.434905, 0.456196]",0.414195,0.030498,"[0.241379, 0.172414, 0.027778, 0.090909, 0.451613, 0.121212, 0.193548, 0.0, 0.290323, 0.181818]",0.177099,0.132009,"[23.187546, 20.658155, 22.984949, 23.287034, 28.422721, 21.872509, 23.147012, 21.456688, 24.011076, 25.949094]",23.497678,2.258937
4,dice,036_dice_lapin-on_$\gamma0.9$,10,"[0.524425, 0.381164, 0.457841, 0.414069, 0.492327, 0.431421, 0.448713, 0.385055, 0.490016, 0.505791]",0.453082,0.050117,"[0.42727, 0.382598, 0.45878, 0.395651, 0.430027, 0.396966, 0.415101, 0.419004, 0.427615, 0.452544]",0.420556,0.02431,"[0.241379, 0.172414, 0.027778, 0.090909, 0.419355, 0.121212, 0.193548, 0.028571, 0.290323, 0.181818]",0.176731,0.120583,"[23.187546, 20.658155, 22.984949, 23.287034, 28.422721, 21.872509, 23.147012, 21.456688, 24.011076, 25.949094]",23.497678,2.258937
4,ip_beta0,049_ip_beta0_lapin-off_$\gamma0.3$,10,"[0.473252, 0.404397, 0.332208, 0.36769, 0.498316, 0.335457, 0.339418, 0.437766, 0.406056, 0.331261]",0.392582,0.061612,"[0.466531, 0.396827, 0.321486, 0.349278, 0.49947, 0.285553, 0.32359, 0.396445, 0.359438, 0.340463]",0.373908,0.066999,"[0.0, 0.103448, 0.083333, 0.030303, 0.064516, 0.212121, 0.0, 0.057143, 0.16129, 0.121212]",0.083337,0.068511,"[10.915203, 12.303401, 13.927277, 12.237284, 10.722856, 16.203565, 11.652979, 14.640255, 13.385063, 13.359784]",12.934767,1.714691
4,ip_beta0,050_ip_beta0_lapin-off_$\gamma0.5$,10,"[0.569087, 0.549924, 0.505794, 0.513834, 0.52846, 0.521281, 0.51224, 0.586381, 0.527683, 0.556223]",0.537091,0.026946,"[0.566733, 0.5305, 0.430035, 0.483111, 0.544365, 0.445591, 0.487002, 0.543197, 0.457094, 0.522034]",0.500966,0.046957,"[0.0, 0.103448, 0.083333, 0.030303, 0.064516, 0.212121, 0.0, 0.057143, 0.16129, 0.121212]",0.083337,0.068511,"[10.915203, 12.303401, 13.927277, 12.237284, 10.722856, 16.203565, 11.652979, 14.640255, 13.385063, 13.359784]",12.934767,1.714691
4,ip_beta0,051_ip_beta0_lapin-off_$\gamma0.6$,10,"[0.566903, 0.569605, 0.566492, 0.511115, 0.52431, 0.575265, 0.51585, 0.589904, 0.574266, 0.590758]",0.558447,0.029903,"[0.560903, 0.545919, 0.475248, 0.489438, 0.557706, 0.481927, 0.485, 0.578256, 0.512859, 0.526936]",0.521419,0.037787,"[0.0, 0.103448, 0.083333, 0.030303, 0.064516, 0.212121, 0.0, 0.057143, 0.16129, 0.121212]",0.083337,0.068511,"[10.915203, 12.303401, 13.927277, 12.237284, 10.722856, 16.203565, 11.652979, 14.640255, 13.385063, 13.359784]",12.934767,1.714691
4,ip_beta0,052_ip_beta0_lapin-off_$\gamma0.7$,10,"[0.566177, 0.556851, 0.564074, 0.505743, 0.516566, 0.610375, 0.505721, 0.576124, 0.585436, 0.587887]",0.557495,0.036516,"[0.555695, 0.554955, 0.473368, 0.493841, 0.545571, 0.493027, 0.474618, 0.562539, 0.517765, 0.554436]",0.522582,0.036101,"[0.0, 0.103448, 0.083333, 0.030303, 0.064516, 0.212121, 0.0, 0.057143, 0.16129, 0.121212]",0.083337,0.068511,"[10.915203, 12.303401, 13.927277, 12.237284, 10.722856, 16.203565, 11.652979, 14.640255, 13.385063, 13.359784]",12.934767,1.714691
4,ip_beta0,053_ip_beta0_lapin-off_$\gamma0.8$,10,"[0.556169, 0.535575, 0.538621, 0.500771, 0.50756, 0.597853, 0.484108, 0.553774, 0.563189, 0.581874]",0.541949,0.036191,"[0.550906, 0.556735, 0.503067, 0.497042, 0.535635, 0.491479, 0.489604, 0.547121, 0.518886, 0.554341]",0.524482,0.027519,"[0.0, 0.103448, 0.083333, 0.030303, 0.064516, 0.212121, 0.0, 0.057143, 0.16129, 0.121212]",0.083337,0.068511,"[10.915203, 12.303401, 13.927277, 12.237284, 10.722856, 16.203565, 11.652979, 14.640255, 13.385063, 13.359784]",12.934767,1.714691
4,ip_beta0,054_ip_beta0_lapin-off_$\gamma0.9$,10,"[0.538693, 0.531839, 0.522621, 0.510264, 0.502845, 0.560741, 0.475822, 0.53505, 0.542853, 0.56201]",0.528274,0.026512,"[0.53763, 0.554324, 0.503429, 0.5095, 0.527666, 0.491332, 0.509487, 0.53908, 0.519931, 0.551787]",0.524417,0.021198,"[0.0, 0.103448, 0.083333, 0.030303, 0.064516, 0.212121, 0.0, 0.057143, 0.129032, 0.121212]",0.080111,0.065108,"[10.915203, 12.303401, 13.927277, 12.237284, 10.722856, 16.203565, 11.652979, 14.640255, 13.385063, 13.359784]",12.934767,1.714691
4,ip_beta0,055_ip_beta0_lapin-on_$\gamma0.3$,10,"[0.20006, 0.155102, 0.168156, 0.169907, 0.246056, 0.164414, 0.1531, 0.200137, 0.154436, 0.146627]",0.1758,0.030895,"[0.232925, 0.164699, 0.165287, 0.160052, 0.244016, 0.196822, 0.182969, 0.220685, 0.141995, 0.11147]",0.182092,0.041888,"[0.862069, 0.793103, 0.444444, 0.606061, 0.741935, 0.757576, 0.741935, 0.628571, 0.645161, 0.575758]",0.679661,0.122615,"[28.99966, 28.110759, 26.616558, 26.758205, 28.484012, 36.08189, 29.897969, 34.855114, 28.152723, 27.336335]",29.529322,3.294594
4,ip_beta0,056_ip_beta0_lapin-on_$\gamma0.5$,10,"[0.339866, 0.253984, 0.286906, 0.293665, 0.398942, 0.308083, 0.202177, 0.372256, 0.254974, 0.306584]",0.301744,0.058313,"[0.363847, 0.286033, 0.359583, 0.289174, 0.413564, 0.323725, 0.272669, 0.389333, 0.274949, 0.254289]",0.322717,0.05546,"[0.862069, 0.793103, 0.444444, 0.606061, 0.741935, 0.757576, 0.741935, 0.628571, 0.645161, 0.575758]",0.679661,0.122615,"[28.99966, 28.110759, 26.616558, 26.758205, 28.484012, 36.08189, 29.897969, 34.855114, 28.152723, 27.336335]",29.529322,3.294594
4,ip_beta0,057_ip_beta0_lapin-on_$\gamma0.6$,10,"[0.391685, 0.304352, 0.380642, 0.354636, 0.444912, 0.371369, 0.222068, 0.43759, 0.311332, 0.354281]",0.357287,0.066054,"[0.38216, 0.340826, 0.421036, 0.344748, 0.441087, 0.37656, 0.3126, 0.42415, 0.317108, 0.326438]",0.368671,0.047425,"[0.862069, 0.793103, 0.444444, 0.606061, 0.741935, 0.757576, 0.741935, 0.628571, 0.645161, 0.575758]",0.679661,0.122615,"[28.99966, 28.110759, 26.616558, 26.758205, 28.484012, 36.08189, 29.897969, 34.855114, 28.152723, 27.336335]",29.529322,3.294594
4,ip_beta0,058_ip_beta0_lapin-on_$\gamma0.7$,10,"[0.441346, 0.345162, 0.395839, 0.419521, 0.455809, 0.402699, 0.264532, 0.478211, 0.356368, 0.414635]",0.397412,0.062144,"[0.421309, 0.365136, 0.436225, 0.360078, 0.455099, 0.379783, 0.349284, 0.438525, 0.344998, 0.352552]",0.390299,0.042703,"[0.862069, 0.793103, 0.444444, 0.606061, 0.741935, 0.757576, 0.741935, 0.628571, 0.645161, 0.575758]",0.679661,0.122615,"[28.99966, 28.110759, 26.616558, 26.758205, 28.484012, 36.08189, 29.897969, 34.855114, 28.152723, 27.336335]",29.529322,3.294594
4,ip_beta0,059_ip_beta0_lapin-on_$\gamma0.8$,10,"[0.462113, 0.372927, 0.403396, 0.475503, 0.453822, 0.414406, 0.322833, 0.466846, 0.387756, 0.448268]",0.420787,0.049429,"[0.417045, 0.371909, 0.43458, 0.392974, 0.455544, 0.364752, 0.372528, 0.422899, 0.387569, 0.404164]",0.402396,0.0299,"[0.862069, 0.793103, 0.444444, 0.606061, 0.741935, 0.727273, 0.741935, 0.628571, 0.645161, 0.575758]",0.676631,0.120837,"[28.99966, 28.110759, 26.616558, 26.758205, 28.484012, 36.08189, 29.897969, 34.855114, 28.152723, 27.336335]",29.529322,3.294594
4,ip_beta0,060_ip_beta0_lapin-on_$\gamma0.9$,10,"[0.445825, 0.373773, 0.399215, 0.475867, 0.429827, 0.438739, 0.32455, 0.458179, 0.393082, 0.446712]",0.418577,0.045693,"[0.414634, 0.380304, 0.430489, 0.414204, 0.443717, 0.380408, 0.383465, 0.417878, 0.42675, 0.441054]",0.41329,0.024166,"[0.827586, 0.793103, 0.444444, 0.575758, 0.709677, 0.727273, 0.741935, 0.628571, 0.645161, 0.575758]",0.666927,0.1159,"[28.99966, 28.110759, 26.616558, 26.758205, 28.484012, 36.08189, 29.897969, 34.855114, 28.152723, 27.336335]",29.529322,3.294594
4,ip_beta0.5,061_ip_beta0.5_lapin-off_$\gamma0.3$,10,"[0.344409, 0.280858, 0.401366, 0.29366, 0.425883, 0.301654, 0.359311, 0.374508, 0.291163, 0.376519]",0.344933,0.050898,"[0.309541, 0.298962, 0.391777, 0.296234, 0.429917, 0.302246, 0.379673, 0.358988, 0.241391, 0.387219]",0.339595,0.058314,"[0.172414, 0.206897, 0.027778, 0.030303, 0.032258, 0.121212, 0.096774, 0.028571, 0.129032, 0.030303]",0.087554,0.067534,"[12.698889, 14.316424, 14.587829, 13.447893, 12.916534, 13.891338, 14.751033, 13.679446, 14.007356, 13.781184]",13.807793,0.664529
4,ip_beta0.5,062_ip_beta0.5_lapin-off_$\gamma0.5$,10,"[0.505731, 0.477958, 0.528055, 0.473686, 0.542184, 0.459294, 0.526984, 0.516497, 0.426385, 0.530928]",0.49877,0.037706,"[0.428046, 0.469195, 0.491427, 0.435987, 0.543421, 0.402085, 0.494553, 0.494998, 0.348323, 0.494487]",0.460252,0.056826,"[0.172414, 0.206897, 0.027778, 0.030303, 0.032258, 0.121212, 0.096774, 0.028571, 0.129032, 0.030303]",0.087554,0.067534,"[12.698889, 14.316424, 14.587829, 13.447893, 12.916534, 13.891338, 14.751033, 13.679446, 14.007356, 13.781184]",13.807793,0.664529
4,ip_beta0.5,063_ip_beta0.5_lapin-off_$\gamma0.6$,10,"[0.528513, 0.544712, 0.533857, 0.482617, 0.530746, 0.523223, 0.521411, 0.54111, 0.517345, 0.529876]",0.525341,0.017209,"[0.442477, 0.502685, 0.506211, 0.446742, 0.527029, 0.452494, 0.498323, 0.542461, 0.410366, 0.500739]",0.482953,0.042312,"[0.172414, 0.206897, 0.027778, 0.030303, 0.032258, 0.121212, 0.096774, 0.028571, 0.129032, 0.030303]",0.087554,0.067534,"[12.698889, 14.316424, 14.587829, 13.447893, 12.916534, 13.891338, 14.751033, 13.679446, 14.007356, 13.781184]",13.807793,0.664529
4,ip_beta0.5,064_ip_beta0.5_lapin-off_$\gamma0.7$,10,"[0.552254, 0.537489, 0.525029, 0.482314, 0.521622, 0.524102, 0.505312, 0.533923, 0.524362, 0.523499]",0.522991,0.018746,"[0.48038, 0.528022, 0.517002, 0.468199, 0.517516, 0.464942, 0.493791, 0.538871, 0.451914, 0.523116]",0.498375,0.030507,"[0.172414, 0.206897, 0.027778, 0.030303, 0.032258, 0.121212, 0.096774, 0.028571, 0.129032, 0.030303]",0.087554,0.067534,"[12.698889, 14.316424, 14.587829, 13.447893, 12.916534, 13.891338, 14.751033, 13.679446, 14.007356, 13.781184]",13.807793,0.664529
4,ip_beta0.5,065_ip_beta0.5_lapin-off_$\gamma0.8$,10,"[0.541366, 0.530495, 0.511162, 0.459878, 0.511116, 0.509482, 0.488141, 0.524715, 0.528605, 0.499621]",0.510458,0.023723,"[0.480733, 0.512152, 0.508589, 0.479552, 0.503007, 0.465235, 0.489698, 0.526957, 0.467437, 0.524039]",0.49574,0.022405,"[0.172414, 0.206897, 0.027778, 0.030303, 0.032258, 0.121212, 0.096774, 0.028571, 0.129032, 0.030303]",0.087554,0.067534,"[12.698889, 14.316424, 14.587829, 13.447893, 12.916534, 13.891338, 14.751033, 13.679446, 14.007356, 13.781184]",13.807793,0.664529
4,ip_beta0.5,066_ip_beta0.5_lapin-off_$\gamma0.9$,10,"[0.504071, 0.514899, 0.501654, 0.456886, 0.502174, 0.507456, 0.47895, 0.51363, 0.49264, 0.493268]",0.496563,0.017546,"[0.480025, 0.509931, 0.493257, 0.478591, 0.4933, 0.479158, 0.482424, 0.513713, 0.469207, 0.515037]",0.491464,0.016409,"[0.172414, 0.206897, 0.027778, 0.0, 0.032258, 0.121212, 0.096774, 0.028571, 0.129032, 0.030303]",0.084524,0.07098,"[12.698889, 14.316424, 14.587829, 13.447893, 12.916534, 13.891338, 14.751033, 13.679446, 14.007356, 13.781184]",13.807793,0.664529
4,ip_beta0.5,067_ip_beta0.5_lapin-on_$\gamma0.3$,10,"[0.179611, 0.15889, 0.130896, 0.152353, 0.224302, 0.241415, 0.108095, 0.207992, 0.084142, 0.169363]",0.165706,0.050076,"[0.214295, 0.205125, 0.150923, 0.182149, 0.251284, 0.216862, 0.128147, 0.246398, 0.142188, 0.144883]",0.188225,0.044946,"[0.655172, 0.62069, 0.583333, 0.606061, 0.774194, 0.606061, 0.709677, 0.457143, 0.645161, 0.484848]",0.614234,0.094209,"[26.776337, 27.953547, 34.104455, 32.238342, 30.896326, 28.507993, 32.353403, 28.02221, 28.540381, 29.990359]",29.938335,2.380684
4,ip_beta0.5,068_ip_beta0.5_lapin-on_$\gamma0.5$,10,"[0.265317, 0.271117, 0.233521, 0.259736, 0.41161, 0.369623, 0.182939, 0.367902, 0.220246, 0.378342]",0.296035,0.078907,"[0.316554, 0.331278, 0.26211, 0.282893, 0.422535, 0.362501, 0.25258, 0.375056, 0.272878, 0.347354]",0.322574,0.055444,"[0.655172, 0.62069, 0.583333, 0.606061, 0.774194, 0.606061, 0.709677, 0.457143, 0.645161, 0.484848]",0.614234,0.094209,"[26.776337, 27.953547, 34.104455, 32.238342, 30.896326, 28.507993, 32.353403, 28.02221, 28.540381, 29.990359]",29.938335,2.380684
4,ip_beta0.5,069_ip_beta0.5_lapin-on_$\gamma0.6$,10,"[0.31256, 0.338335, 0.269001, 0.295859, 0.442031, 0.413007, 0.239435, 0.387021, 0.272028, 0.448259]",0.341754,0.076099,"[0.371999, 0.377863, 0.298528, 0.310858, 0.433603, 0.400504, 0.301386, 0.382398, 0.316972, 0.414412]",0.360852,0.049952,"[0.655172, 0.62069, 0.583333, 0.606061, 0.774194, 0.606061, 0.709677, 0.457143, 0.645161, 0.484848]",0.614234,0.094209,"[26.776337, 27.953547, 34.104455, 32.238342, 30.896326, 28.507993, 32.353403, 28.02221, 28.540381, 29.990359]",29.938335,2.380684
4,ip_beta0.5,070_ip_beta0.5_lapin-on_$\gamma0.7$,10,"[0.381004, 0.391687, 0.32371, 0.347631, 0.466445, 0.442461, 0.259667, 0.425412, 0.333888, 0.459414]",0.383132,0.067169,"[0.391157, 0.409793, 0.33701, 0.338415, 0.430925, 0.415477, 0.308856, 0.405486, 0.34209, 0.416459]",0.379567,0.043355,"[0.655172, 0.62069, 0.583333, 0.606061, 0.774194, 0.606061, 0.709677, 0.457143, 0.645161, 0.484848]",0.614234,0.094209,"[26.776337, 27.953547, 34.104455, 32.238342, 30.896326, 28.507993, 32.353403, 28.02221, 28.540381, 29.990359]",29.938335,2.380684
4,ip_beta0.5,071_ip_beta0.5_lapin-on_$\gamma0.8$,10,"[0.363057, 0.400143, 0.373871, 0.361869, 0.484666, 0.432637, 0.307724, 0.42673, 0.342595, 0.445885]",0.393918,0.053743,"[0.387134, 0.409768, 0.348824, 0.357076, 0.437445, 0.41208, 0.307245, 0.401702, 0.354641, 0.414636]",0.383055,0.039829,"[0.655172, 0.586207, 0.583333, 0.606061, 0.774194, 0.545455, 0.709677, 0.457143, 0.645161, 0.484848]",0.604725,0.096828,"[26.776337, 27.953547, 34.104455, 32.238342, 30.896326, 28.507993, 32.353403, 28.02221, 28.540381, 29.990359]",29.938335,2.380684
4,ip_beta0.5,072_ip_beta0.5_lapin-on_$\gamma0.9$,10,"[0.342462, 0.388912, 0.373646, 0.342412, 0.452111, 0.414166, 0.329945, 0.398803, 0.302528, 0.431203]",0.377619,0.047999,"[0.37258, 0.403386, 0.357093, 0.354083, 0.42354, 0.399048, 0.318439, 0.401969, 0.358698, 0.430538]",0.381937,0.035433,"[0.655172, 0.586207, 0.583333, 0.606061, 0.774194, 0.515152, 0.709677, 0.428571, 0.612903, 0.484848]",0.595612,0.103141,"[26.776337, 27.953547, 34.104455, 32.238342, 30.896326, 28.507993, 32.353403, 28.02221, 28.540381, 29.990359]",29.938335,2.380684
4,ip_beta1,073_ip_beta1_lapin-off_$\gamma0.3$,10,"[0.314217, 0.165306, 0.240681, 0.241336, 0.269152, 0.246985, 0.175918, 0.208795, 0.36356, 0.255222]",0.248117,0.059543,"[0.295467, 0.140849, 0.26094, 0.197132, 0.271994, 0.19425, 0.146478, 0.173841, 0.385132, 0.275634]",0.234172,0.07704,"[0.172414, 0.034483, 0.083333, 0.121212, 0.032258, 0.181818, 0.129032, 0.142857, 0.0, 0.060606]",0.095801,0.062895,"[14.020538, 13.000795, 15.168356, 15.447929, 11.754772, 15.79225, 13.348458, 16.553716, 12.410512, 15.464567]",14.296189,1.614301
4,ip_beta1,074_ip_beta1_lapin-off_$\gamma0.5$,10,"[0.501906, 0.296609, 0.450476, 0.371808, 0.434052, 0.422133, 0.305711, 0.358965, 0.479095, 0.43672]",0.405748,0.069853,"[0.464687, 0.27979, 0.407576, 0.347599, 0.432988, 0.32875, 0.299493, 0.283962, 0.493263, 0.446457]",0.378456,0.07985,"[0.172414, 0.034483, 0.083333, 0.121212, 0.032258, 0.181818, 0.129032, 0.142857, 0.0, 0.060606]",0.095801,0.062895,"[14.020538, 13.000795, 15.168356, 15.447929, 11.754772, 15.79225, 13.348458, 16.553716, 12.410512, 15.464567]",14.296189,1.614301
4,ip_beta1,075_ip_beta1_lapin-off_$\gamma0.6$,10,"[0.541538, 0.332443, 0.481471, 0.427435, 0.445469, 0.468853, 0.358124, 0.407294, 0.482014, 0.467401]",0.441204,0.062266,"[0.473612, 0.319919, 0.450668, 0.375631, 0.473149, 0.362942, 0.347753, 0.327221, 0.491418, 0.459707]",0.408202,0.067489,"[0.172414, 0.034483, 0.083333, 0.121212, 0.032258, 0.181818, 0.129032, 0.142857, 0.0, 0.060606]",0.095801,0.062895,"[14.020538, 13.000795, 15.168356, 15.447929, 11.754772, 15.79225, 13.348458, 16.553716, 12.410512, 15.464567]",14.296189,1.614301
4,ip_beta1,076_ip_beta1_lapin-off_$\gamma0.7$,10,"[0.531086, 0.375596, 0.490436, 0.449852, 0.451377, 0.507435, 0.421848, 0.457379, 0.482272, 0.473107]",0.464039,0.044094,"[0.467598, 0.349587, 0.457254, 0.420859, 0.477682, 0.422005, 0.405885, 0.37707, 0.483044, 0.480305]",0.434129,0.046667,"[0.172414, 0.034483, 0.083333, 0.121212, 0.032258, 0.181818, 0.129032, 0.142857, 0.0, 0.060606]",0.095801,0.062895,"[14.020538, 13.000795, 15.168356, 15.447929, 11.754772, 15.79225, 13.348458, 16.553716, 12.410512, 15.464567]",14.296189,1.614301
4,ip_beta1,077_ip_beta1_lapin-off_$\gamma0.8$,10,"[0.523597, 0.403251, 0.483122, 0.440956, 0.445549, 0.494633, 0.406196, 0.466711, 0.479469, 0.469731]",0.461322,0.037957,"[0.460361, 0.410769, 0.4517, 0.451528, 0.47942, 0.461517, 0.426353, 0.413517, 0.473847, 0.489078]",0.451809,0.027086,"[0.172414, 0.034483, 0.083333, 0.121212, 0.032258, 0.181818, 0.129032, 0.142857, 0.0, 0.060606]",0.095801,0.062895,"[14.020538, 13.000795, 15.168356, 15.447929, 11.754772, 15.79225, 13.348458, 16.553716, 12.410512, 15.464567]",14.296189,1.614301
4,ip_beta1,078_ip_beta1_lapin-off_$\gamma0.9$,10,"[0.47647, 0.432962, 0.46623, 0.415383, 0.440243, 0.483571, 0.415776, 0.452502, 0.476569, 0.44754]",0.450725,0.024853,"[0.463749, 0.455564, 0.459437, 0.456787, 0.480538, 0.47432, 0.439154, 0.453237, 0.466699, 0.485246]",0.463473,0.013797,"[0.172414, 0.034483, 0.083333, 0.121212, 0.032258, 0.181818, 0.129032, 0.142857, 0.0, 0.060606]",0.095801,0.062895,"[14.020538, 13.000795, 15.168356, 15.447929, 11.754772, 15.79225, 13.348458, 16.553716, 12.410512, 15.464567]",14.296189,1.614301
4,ip_beta1,079_ip_beta1_lapin-on_$\gamma0.3$,10,"[0.174724, 0.138656, 0.102896, 0.171923, 0.140164, 0.142757, 0.133914, 0.17879, 0.095212, 0.183812]",0.146285,0.031061,"[0.192402, 0.187482, 0.14654, 0.205227, 0.181788, 0.194194, 0.179464, 0.191816, 0.13336, 0.191741]",0.180401,0.022661,"[0.655172, 0.448276, 0.222222, 0.333333, 0.419355, 0.636364, 0.516129, 0.371429, 0.806452, 0.424242]",0.483297,0.173347,"[28.716529, 25.59285, 24.999947, 26.835305, 24.974856, 31.305399, 26.523699, 29.271252, 31.359184, 32.64663]",28.222565,2.846387
4,ip_beta1,080_ip_beta1_lapin-on_$\gamma0.5$,10,"[0.268376, 0.292071, 0.235206, 0.27442, 0.21712, 0.267036, 0.265594, 0.304713, 0.223952, 0.316479]",0.266497,0.033179,"[0.280278, 0.369477, 0.254282, 0.323963, 0.267713, 0.28358, 0.31146, 0.308899, 0.288624, 0.332321]",0.30206,0.034213,"[0.655172, 0.448276, 0.222222, 0.333333, 0.419355, 0.636364, 0.516129, 0.371429, 0.806452, 0.424242]",0.483297,0.173347,"[28.716529, 25.59285, 24.999947, 26.835305, 24.974856, 31.305399, 26.523699, 29.271252, 31.359184, 32.64663]",28.222565,2.846387
4,ip_beta1,081_ip_beta1_lapin-on_$\gamma0.6$,10,"[0.339669, 0.371679, 0.27052, 0.361074, 0.306693, 0.296815, 0.291312, 0.364146, 0.294013, 0.364277]",0.32602,0.037937,"[0.33934, 0.404387, 0.289027, 0.368018, 0.327233, 0.324242, 0.334556, 0.346942, 0.330475, 0.368648]",0.343287,0.031308,"[0.655172, 0.448276, 0.222222, 0.333333, 0.419355, 0.636364, 0.516129, 0.371429, 0.806452, 0.424242]",0.483297,0.173347,"[28.716529, 25.59285, 24.999947, 26.835305, 24.974856, 31.305399, 26.523699, 29.271252, 31.359184, 32.64663]",28.222565,2.846387
4,ip_beta1,082_ip_beta1_lapin-on_$\gamma0.7$,10,"[0.360636, 0.39317, 0.300794, 0.379396, 0.370801, 0.371319, 0.320165, 0.372862, 0.35416, 0.374281]",0.359758,0.028317,"[0.368759, 0.399458, 0.30123, 0.378479, 0.379701, 0.365515, 0.356379, 0.373984, 0.343858, 0.385463]",0.365283,0.027256,"[0.655172, 0.448276, 0.222222, 0.333333, 0.419355, 0.636364, 0.516129, 0.371429, 0.806452, 0.424242]",0.483297,0.173347,"[28.716529, 25.59285, 24.999947, 26.835305, 24.974856, 31.305399, 26.523699, 29.271252, 31.359184, 32.64663]",28.222565,2.846387
4,ip_beta1,083_ip_beta1_lapin-on_$\gamma0.8$,10,"[0.373721, 0.397346, 0.311597, 0.40195, 0.376031, 0.406417, 0.356333, 0.407201, 0.371706, 0.396032]",0.379833,0.029515,"[0.376972, 0.401774, 0.318646, 0.382218, 0.396664, 0.385006, 0.371836, 0.39555, 0.352536, 0.410632]",0.379183,0.026977,"[0.586207, 0.413793, 0.222222, 0.333333, 0.419355, 0.606061, 0.516129, 0.371429, 0.806452, 0.393939]",0.466892,0.166181,"[28.716529, 25.59285, 24.999947, 26.835305, 24.974856, 31.305399, 26.523699, 29.271252, 31.359184, 32.64663]",28.222565,2.846387
4,ip_beta1,084_ip_beta1_lapin-on_$\gamma0.9$,10,"[0.379723, 0.400126, 0.295888, 0.394202, 0.370562, 0.384805, 0.34593, 0.382395, 0.367277, 0.390863]",0.371177,0.030663,"[0.37653, 0.403568, 0.333858, 0.372765, 0.394748, 0.369292, 0.375161, 0.390873, 0.352081, 0.409177]",0.377805,0.023107,"[0.586207, 0.413793, 0.222222, 0.333333, 0.419355, 0.606061, 0.516129, 0.371429, 0.774194, 0.393939]",0.463666,0.159016,"[28.716529, 25.59285, 24.999947, 26.835305, 24.974856, 31.305399, 26.523699, 29.271252, 31.359184, 32.64663]",28.222565,2.846387
4,kul,013_kul_lapin-off_$\gamma0.3$,10,"[0.422443, 0.391381, 0.441797, 0.335068, 0.408812, 0.429155, 0.380807, 0.401176, 0.374194, 0.406763]",0.39916,0.03081,"[0.398576, 0.364342, 0.384213, 0.314016, 0.382249, 0.366196, 0.336327, 0.376908, 0.32275, 0.397028]",0.36426,0.030119,"[0.310345, 0.275862, 0.25, 0.393939, 0.322581, 0.272727, 0.419355, 0.457143, 0.483871, 0.393939]",0.357976,0.082481,"[15.502369, 15.608076, 17.412003, 19.367828, 17.315283, 15.560915, 18.02552, 19.49269, 19.17346, 19.664333]",17.712248,1.704305
4,kul,014_kul_lapin-off_$\gamma0.5$,10,"[0.499243, 0.480614, 0.513342, 0.424282, 0.479148, 0.506009, 0.45285, 0.459013, 0.448833, 0.485125]",0.474846,0.028232,"[0.456953, 0.431902, 0.447208, 0.371353, 0.427677, 0.424458, 0.382039, 0.4185, 0.393136, 0.42448]",0.417771,0.027544,"[0.310345, 0.275862, 0.25, 0.393939, 0.322581, 0.272727, 0.419355, 0.457143, 0.483871, 0.393939]",0.357976,0.082481,"[15.502369, 15.608076, 17.412003, 19.367828, 17.315283, 15.560915, 18.02552, 19.49269, 19.17346, 19.664333]",17.712248,1.704305
4,kul,015_kul_lapin-off_$\gamma0.6$,10,"[0.521641, 0.485887, 0.512452, 0.466019, 0.505633, 0.517776, 0.481048, 0.478246, 0.467927, 0.502001]",0.493863,0.020584,"[0.457095, 0.425564, 0.43934, 0.376732, 0.430289, 0.425269, 0.374386, 0.411234, 0.389091, 0.422861]",0.415186,0.027236,"[0.310345, 0.275862, 0.25, 0.393939, 0.322581, 0.272727, 0.419355, 0.457143, 0.483871, 0.393939]",0.357976,0.082481,"[15.502369, 15.608076, 17.412003, 19.367828, 17.315283, 15.560915, 18.02552, 19.49269, 19.17346, 19.664333]",17.712248,1.704305
4,kul,016_kul_lapin-off_$\gamma0.7$,10,"[0.501483, 0.460629, 0.483371, 0.489965, 0.493862, 0.509376, 0.481737, 0.490535, 0.490536, 0.497586]",0.489908,0.013145,"[0.4549, 0.404024, 0.42798, 0.369405, 0.42137, 0.413992, 0.379939, 0.41809, 0.395432, 0.405368]",0.40905,0.024408,"[0.310345, 0.275862, 0.25, 0.393939, 0.322581, 0.272727, 0.419355, 0.457143, 0.483871, 0.393939]",0.357976,0.082481,"[15.502369, 15.608076, 17.412003, 19.367828, 17.315283, 15.560915, 18.02552, 19.49269, 19.17346, 19.664333]",17.712248,1.704305
4,kul,017_kul_lapin-off_$\gamma0.8$,10,"[0.461494, 0.44403, 0.45525, 0.462704, 0.458044, 0.489194, 0.44053, 0.459581, 0.46322, 0.471192]",0.460524,0.013562,"[0.449271, 0.397049, 0.411564, 0.348617, 0.407552, 0.415897, 0.366509, 0.406512, 0.373923, 0.396399]",0.397329,0.028491,"[0.310345, 0.275862, 0.25, 0.393939, 0.322581, 0.272727, 0.419355, 0.457143, 0.483871, 0.393939]",0.357976,0.082481,"[15.502369, 15.608076, 17.412003, 19.367828, 17.315283, 15.560915, 18.02552, 19.49269, 19.17346, 19.664333]",17.712248,1.704305
4,kul,018_kul_lapin-off_$\gamma0.9$,10,"[0.45568, 0.407889, 0.426908, 0.424908, 0.428431, 0.469854, 0.401712, 0.424082, 0.429714, 0.430473]",0.429965,0.020028,"[0.425849, 0.387897, 0.392348, 0.343756, 0.394327, 0.416625, 0.352574, 0.384491, 0.360794, 0.38555]",0.384421,0.026149,"[0.275862, 0.275862, 0.25, 0.393939, 0.322581, 0.242424, 0.419355, 0.457143, 0.483871, 0.393939]",0.351498,0.089049,"[15.502369, 15.608076, 17.412003, 19.367828, 17.315283, 15.560915, 18.02552, 19.49269, 19.17346, 19.664333]",17.712248,1.704305
4,kul,019_kul_lapin-on_$\gamma0.3$,10,"[0.254687, 0.218738, 0.223875, 0.198946, 0.179228, 0.137472, 0.259774, 0.171323, 0.200957, 0.19964]",0.204464,0.037195,"[0.234494, 0.209111, 0.238641, 0.202844, 0.142572, 0.136451, 0.251507, 0.163681, 0.213657, 0.184107]",0.197706,0.040096,"[0.275862, 0.068966, 0.083333, 0.030303, 0.258065, 0.272727, 0.16129, 0.028571, 0.258065, 0.212121]",0.16493,0.103333,"[22.952914, 20.422478, 23.017814, 22.681956, 25.003236, 24.203314, 22.852555, 20.938272, 25.781399, 27.931154]",23.578509,2.240695
4,kul,020_kul_lapin-on_$\gamma0.5$,10,"[0.448338, 0.398261, 0.375948, 0.364533, 0.288777, 0.33088, 0.450611, 0.285784, 0.359745, 0.361989]",0.366487,0.056534,"[0.398605, 0.375061, 0.373139, 0.336035, 0.268837, 0.288895, 0.420153, 0.296808, 0.347283, 0.295163]",0.339998,0.051432,"[0.275862, 0.068966, 0.083333, 0.030303, 0.258065, 0.272727, 0.16129, 0.028571, 0.258065, 0.212121]",0.16493,0.103333,"[22.952914, 20.422478, 23.017814, 22.681956, 25.003236, 24.203314, 22.852555, 20.938272, 25.781399, 27.931154]",23.578509,2.240695
4,kul,021_kul_lapin-on_$\gamma0.6$,10,"[0.512261, 0.454836, 0.420159, 0.425156, 0.343579, 0.394744, 0.519946, 0.341286, 0.41842, 0.394578]",0.422496,0.060555,"[0.421167, 0.418937, 0.393363, 0.370288, 0.311912, 0.311452, 0.445061, 0.346502, 0.377139, 0.328074]",0.37239,0.047491,"[0.275862, 0.068966, 0.083333, 0.030303, 0.258065, 0.272727, 0.16129, 0.028571, 0.258065, 0.212121]",0.16493,0.103333,"[22.952914, 20.422478, 23.017814, 22.681956, 25.003236, 24.203314, 22.852555, 20.938272, 25.781399, 27.931154]",23.578509,2.240695
4,kul,022_kul_lapin-on_$\gamma0.7$,10,"[0.561222, 0.457766, 0.453961, 0.456938, 0.413973, 0.47567, 0.529643, 0.378836, 0.444549, 0.477509]",0.465007,0.052061,"[0.428784, 0.44085, 0.418112, 0.41891, 0.35249, 0.363421, 0.469873, 0.384247, 0.411159, 0.369876]",0.405772,0.037427,"[0.275862, 0.068966, 0.083333, 0.030303, 0.258065, 0.272727, 0.16129, 0.028571, 0.258065, 0.212121]",0.16493,0.103333,"[22.952914, 20.422478, 23.017814, 22.681956, 25.003236, 24.203314, 22.852555, 20.938272, 25.781399, 27.931154]",23.578509,2.240695
4,kul,023_kul_lapin-on_$\gamma0.8$,10,"[0.547492, 0.461046, 0.470714, 0.461637, 0.482957, 0.504856, 0.526452, 0.380605, 0.424577, 0.523253]",0.478359,0.050461,"[0.428552, 0.44845, 0.432501, 0.451501, 0.389378, 0.414385, 0.48124, 0.39465, 0.401581, 0.412276]",0.425451,0.028858,"[0.275862, 0.068966, 0.083333, 0.030303, 0.258065, 0.272727, 0.16129, 0.028571, 0.258065, 0.212121]",0.16493,0.103333,"[22.952914, 20.422478, 23.017814, 22.681956, 25.003236, 24.203314, 22.852555, 20.938272, 25.781399, 27.931154]",23.578509,2.240695
4,kul,024_kul_lapin-on_$\gamma0.9$,10,"[0.523946, 0.449123, 0.464651, 0.456502, 0.476391, 0.485584, 0.517412, 0.378448, 0.404299, 0.51752]",0.467388,0.048278,"[0.423161, 0.450324, 0.437233, 0.445077, 0.41509, 0.423908, 0.46913, 0.419319, 0.394422, 0.447962]",0.432563,0.021517,"[0.275862, 0.068966, 0.083333, 0.030303, 0.258065, 0.242424, 0.16129, 0.028571, 0.258065, 0.212121]",0.1619,0.100218,"[22.952914, 20.422478, 23.017814, 22.681956, 25.003236, 24.203314, 22.852555, 20.938272, 25.781399, 27.931154]",23.578509,2.240695
4,ochiai,037_ochiai_lapin-off_$\gamma0.3$,10,"[0.361704, 0.34692, 0.389795, 0.381698, 0.405944, 0.382453, 0.355, 0.399153, 0.314577, 0.373535]",0.371078,0.027335,"[0.329163, 0.311737, 0.356948, 0.3561, 0.339856, 0.319856, 0.323016, 0.348984, 0.26746, 0.35146]",0.330458,0.027326,"[0.448276, 0.37931, 0.416667, 0.393939, 0.451613, 0.424242, 0.451613, 0.428571, 0.580645, 0.484848]",0.445972,0.056275,"[17.742567, 17.018439, 19.877756, 19.14687, 19.508481, 18.552892, 18.432618, 18.637267, 18.787947, 20.409747]",18.811458,0.993791
4,ochiai,038_ochiai_lapin-off_$\gamma0.5$,10,"[0.457691, 0.422597, 0.480781, 0.455729, 0.469916, 0.449996, 0.429705, 0.487992, 0.377934, 0.457784]",0.449012,0.032122,"[0.410659, 0.388888, 0.423863, 0.405388, 0.415899, 0.401807, 0.384672, 0.403796, 0.337558, 0.43294]",0.400547,0.026504,"[0.448276, 0.37931, 0.416667, 0.393939, 0.451613, 0.424242, 0.451613, 0.428571, 0.580645, 0.484848]",0.445972,0.056275,"[17.742567, 17.018439, 19.877756, 19.14687, 19.508481, 18.552892, 18.432618, 18.637267, 18.787947, 20.409747]",18.811458,0.993791
4,ochiai,039_ochiai_lapin-off_$\gamma0.6$,10,"[0.485732, 0.469169, 0.506936, 0.479248, 0.497603, 0.469398, 0.450216, 0.501654, 0.414843, 0.480322]",0.475512,0.027282,"[0.424179, 0.406847, 0.420496, 0.399451, 0.421905, 0.397391, 0.392977, 0.40055, 0.362982, 0.424375]",0.405115,0.019122,"[0.448276, 0.37931, 0.416667, 0.393939, 0.451613, 0.424242, 0.451613, 0.428571, 0.580645, 0.484848]",0.445972,0.056275,"[17.742567, 17.018439, 19.877756, 19.14687, 19.508481, 18.552892, 18.432618, 18.637267, 18.787947, 20.409747]",18.811458,0.993791
4,ochiai,040_ochiai_lapin-off_$\gamma0.7$,10,"[0.508229, 0.463057, 0.486707, 0.468551, 0.506927, 0.472779, 0.451459, 0.508689, 0.437173, 0.470196]",0.477377,0.024802,"[0.426832, 0.392463, 0.403298, 0.386016, 0.402223, 0.394895, 0.384214, 0.393611, 0.367079, 0.40592]",0.395655,0.015756,"[0.448276, 0.37931, 0.416667, 0.393939, 0.451613, 0.424242, 0.451613, 0.428571, 0.580645, 0.484848]",0.445972,0.056275,"[17.742567, 17.018439, 19.877756, 19.14687, 19.508481, 18.552892, 18.432618, 18.637267, 18.787947, 20.409747]",18.811458,0.993791
4,ochiai,041_ochiai_lapin-off_$\gamma0.8$,10,"[0.45614, 0.439142, 0.466428, 0.445586, 0.478765, 0.453024, 0.392201, 0.482825, 0.43996, 0.432215]",0.448629,0.02603,"[0.419793, 0.38797, 0.383859, 0.370705, 0.384496, 0.374184, 0.37722, 0.375659, 0.372007, 0.385843]",0.383174,0.014245,"[0.448276, 0.37931, 0.416667, 0.393939, 0.451613, 0.424242, 0.451613, 0.428571, 0.548387, 0.484848]",0.442747,0.048016,"[17.742567, 17.018439, 19.877756, 19.14687, 19.508481, 18.552892, 18.432618, 18.637267, 18.787947, 20.409747]",18.811458,0.993791
4,ochiai,042_ochiai_lapin-off_$\gamma0.9$,10,"[0.434518, 0.415712, 0.442304, 0.413508, 0.44956, 0.416928, 0.365225, 0.417403, 0.410782, 0.399327]",0.416527,0.02369,"[0.399555, 0.368198, 0.376223, 0.356555, 0.362124, 0.352169, 0.352063, 0.371821, 0.352736, 0.354865]",0.364631,0.015056,"[0.448276, 0.37931, 0.416667, 0.393939, 0.419355, 0.393939, 0.451613, 0.4, 0.548387, 0.484848]",0.433633,0.051698,"[17.742567, 17.018439, 19.877756, 19.14687, 19.508481, 18.552892, 18.432618, 18.637267, 18.787947, 20.409747]",18.811458,0.993791
4,ochiai,043_ochiai_lapin-on_$\gamma0.3$,10,"[0.195537, 0.265817, 0.247061, 0.101292, 0.18305, 0.177096, 0.202775, 0.169767, 0.285878, 0.178269]",0.200654,0.053631,"[0.194642, 0.235945, 0.235229, 0.150357, 0.175252, 0.180221, 0.201218, 0.148578, 0.273647, 0.171107]",0.19662,0.040579,"[0.241379, 0.068966, 0.0, 0.151515, 0.129032, 0.030303, 0.064516, 0.028571, 0.096774, 0.0]",0.081106,0.07609,"[23.451084, 18.577858, 21.43882, 24.308116, 21.975148, 20.288298, 20.868876, 20.334698, 21.287605, 21.58468]",21.411518,1.621355
4,ochiai,044_ochiai_lapin-on_$\gamma0.5$,10,"[0.291668, 0.394829, 0.399151, 0.230708, 0.337318, 0.323696, 0.349585, 0.266957, 0.455643, 0.363266]",0.341282,0.066986,"[0.28427, 0.363856, 0.377424, 0.242552, 0.284607, 0.284478, 0.319998, 0.254237, 0.395177, 0.3047]",0.31113,0.052104,"[0.241379, 0.068966, 0.0, 0.151515, 0.129032, 0.030303, 0.064516, 0.028571, 0.096774, 0.0]",0.081106,0.07609,"[23.451084, 18.577858, 21.43882, 24.308116, 21.975148, 20.288298, 20.868876, 20.334698, 21.287605, 21.58468]",21.411518,1.621355
4,ochiai,045_ochiai_lapin-on_$\gamma0.6$,10,"[0.380075, 0.428325, 0.429116, 0.301466, 0.406035, 0.397891, 0.446924, 0.361197, 0.507548, 0.441698]",0.410028,0.055582,"[0.350137, 0.410668, 0.392574, 0.291691, 0.355153, 0.325461, 0.401564, 0.305627, 0.428577, 0.36011]",0.362156,0.045884,"[0.241379, 0.068966, 0.0, 0.151515, 0.129032, 0.030303, 0.064516, 0.028571, 0.096774, 0.0]",0.081106,0.07609,"[23.451084, 18.577858, 21.43882, 24.308116, 21.975148, 20.288298, 20.868876, 20.334698, 21.287605, 21.58468]",21.411518,1.621355
4,ochiai,046_ochiai_lapin-on_$\gamma0.7$,10,"[0.460242, 0.417416, 0.437486, 0.374833, 0.432982, 0.414994, 0.463827, 0.395097, 0.516656, 0.431439]",0.434497,0.03955,"[0.388131, 0.436159, 0.405767, 0.327418, 0.395557, 0.35483, 0.430766, 0.34454, 0.456104, 0.388384]",0.392766,0.041622,"[0.241379, 0.068966, 0.0, 0.151515, 0.129032, 0.030303, 0.064516, 0.028571, 0.096774, 0.0]",0.081106,0.07609,"[23.451084, 18.577858, 21.43882, 24.308116, 21.975148, 20.288298, 20.868876, 20.334698, 21.287605, 21.58468]",21.411518,1.621355
4,ochiai,047_ochiai_lapin-on_$\gamma0.8$,10,"[0.464453, 0.438105, 0.42375, 0.373611, 0.454733, 0.4159, 0.486795, 0.398923, 0.505559, 0.411967]",0.43738,0.040775,"[0.397057, 0.466717, 0.414862, 0.365847, 0.397567, 0.361787, 0.459445, 0.390377, 0.446326, 0.397197]",0.409718,0.036741,"[0.241379, 0.068966, 0.0, 0.151515, 0.129032, 0.030303, 0.064516, 0.028571, 0.096774, 0.0]",0.081106,0.07609,"[23.451084, 18.577858, 21.43882, 24.308116, 21.975148, 20.288298, 20.868876, 20.334698, 21.287605, 21.58468]",21.411518,1.621355
4,ochiai,048_ochiai_lapin-on_$\gamma0.9$,10,"[0.458769, 0.436924, 0.400397, 0.366967, 0.42524, 0.413763, 0.479366, 0.416171, 0.490535, 0.424591]",0.431272,0.036994,"[0.416304, 0.469292, 0.430438, 0.377879, 0.43487, 0.400994, 0.471066, 0.410116, 0.439446, 0.42483]",0.427524,0.028771,"[0.241379, 0.068966, 0.027778, 0.151515, 0.129032, 0.030303, 0.064516, 0.028571, 0.096774, 0.0]",0.083883,0.073254,"[23.451084, 18.577858, 21.43882, 24.308116, 21.975148, 20.288298, 20.868876, 20.334698, 21.287605, 21.58468]",21.411518,1.621355
5,cosip_beta0,085_cosip_beta0_lapin-off_$\gamma0.3$,10,"[0.395766, 0.325134, 0.376221, 0.364839, 0.387416, 0.402962, 0.295382, 0.428301, 0.327371, 0.278715]",0.358211,0.049283,"[0.337524, 0.331148, 0.337818, 0.32055, 0.337851, 0.339858, 0.320492, 0.393166, 0.306618, 0.256302]",0.328133,0.033978,"[0.116279, 0.470588, 0.394737, 0.285714, 0.228571, 0.277778, 0.342857, 0.194444, 0.378378, 0.484848]",0.317419,0.119203,"[19.158493, 18.908986, 20.676992, 17.301842, 17.155225, 17.782093, 18.534715, 18.080002, 19.48563, 18.989804]",18.607378,1.073584
5,cosip_beta0,086_cosip_beta0_lapin-off_$\gamma0.5$,10,"[0.478449, 0.394982, 0.436512, 0.433839, 0.434315, 0.466563, 0.387714, 0.463377, 0.414477, 0.348857]",0.425908,0.040202,"[0.405304, 0.350055, 0.350286, 0.363549, 0.349827, 0.361894, 0.360868, 0.404762, 0.347146, 0.285096]",0.357879,0.033501,"[0.116279, 0.470588, 0.394737, 0.285714, 0.228571, 0.277778, 0.342857, 0.194444, 0.378378, 0.484848]",0.317419,0.119203,"[19.158493, 18.908986, 20.676992, 17.301842, 17.155225, 17.782093, 18.534715, 18.080002, 19.48563, 18.989804]",18.607378,1.073584
5,cosip_beta0,087_cosip_beta0_lapin-off_$\gamma0.6$,10,"[0.474194, 0.390492, 0.451187, 0.425017, 0.427701, 0.447661, 0.423034, 0.45393, 0.424824, 0.367559]",0.42856,0.031324,"[0.404086, 0.334311, 0.342614, 0.365998, 0.351144, 0.353869, 0.351818, 0.394406, 0.340619, 0.290807]",0.352967,0.031583,"[0.116279, 0.470588, 0.394737, 0.285714, 0.228571, 0.277778, 0.342857, 0.194444, 0.378378, 0.484848]",0.317419,0.119203,"[19.158493, 18.908986, 20.676992, 17.301842, 17.155225, 17.782093, 18.534715, 18.080002, 19.48563, 18.989804]",18.607378,1.073584
5,cosip_beta0,088_cosip_beta0_lapin-off_$\gamma0.7$,10,"[0.475194, 0.38016, 0.420803, 0.413706, 0.412789, 0.426875, 0.415665, 0.443325, 0.406493, 0.434157]",0.422917,0.025019,"[0.403747, 0.323182, 0.344184, 0.350676, 0.341097, 0.356663, 0.341998, 0.383296, 0.332351, 0.31962]",0.349681,0.026187,"[0.116279, 0.470588, 0.394737, 0.285714, 0.228571, 0.277778, 0.342857, 0.194444, 0.378378, 0.484848]",0.317419,0.119203,"[19.158493, 18.908986, 20.676992, 17.301842, 17.155225, 17.782093, 18.534715, 18.080002, 19.48563, 18.989804]",18.607378,1.073584
5,cosip_beta0,089_cosip_beta0_lapin-off_$\gamma0.8$,10,"[0.46505, 0.369478, 0.406225, 0.400318, 0.392041, 0.410527, 0.393447, 0.423964, 0.37133, 0.415062]",0.404744,0.027522,"[0.387949, 0.304918, 0.332418, 0.335173, 0.334711, 0.344888, 0.327656, 0.369333, 0.325396, 0.310315]",0.337276,0.025156,"[0.116279, 0.470588, 0.394737, 0.285714, 0.228571, 0.277778, 0.342857, 0.194444, 0.378378, 0.484848]",0.317419,0.119203,"[19.158493, 18.908986, 20.676992, 17.301842, 17.155225, 17.782093, 18.534715, 18.080002, 19.48563, 18.989804]",18.607378,1.073584
5,cosip_beta0,090_cosip_beta0_lapin-off_$\gamma0.9$,10,"[0.447377, 0.326956, 0.385615, 0.35274, 0.370502, 0.389651, 0.364898, 0.411891, 0.336357, 0.341376]",0.372736,0.037156,"[0.385618, 0.296003, 0.325785, 0.334468, 0.321292, 0.33152, 0.331298, 0.353573, 0.3076, 0.312599]",0.329976,0.025226,"[0.116279, 0.470588, 0.368421, 0.285714, 0.2, 0.277778, 0.342857, 0.194444, 0.378378, 0.484848]",0.311931,0.120231,"[19.158493, 18.908986, 20.676992, 17.301842, 17.155225, 17.782093, 18.534715, 18.080002, 19.48563, 18.989804]",18.607378,1.073584
5,cosip_beta0,091_cosip_beta0_lapin-on_$\gamma0.3$,10,"[0.061586, 0.130884, 0.134253, 0.153167, 0.142889, 0.130245, 0.131514, 0.150176, 0.276183, 0.124736]",0.143563,0.053092,"[0.108932, 0.166124, 0.169238, 0.180515, 0.16612, 0.141546, 0.177269, 0.182078, 0.256806, 0.175478]",0.172411,0.037098,"[0.093023, 0.147059, 0.0, 0.057143, 0.114286, 0.083333, 0.114286, 0.027778, 0.0, 0.181818]",0.081873,0.060928,"[28.635553, 24.293837, 23.755577, 22.160428, 23.972419, 22.545973, 23.629709, 23.626482, 23.034293, 22.003832]",23.76581,1.879092
5,cosip_beta0,092_cosip_beta0_lapin-on_$\gamma0.5$,10,"[0.172976, 0.283557, 0.328284, 0.269266, 0.297242, 0.341311, 0.354634, 0.292302, 0.433655, 0.232521]",0.300575,0.070963,"[0.234974, 0.29332, 0.294654, 0.278117, 0.275525, 0.310114, 0.286314, 0.289111, 0.377427, 0.266808]",0.290636,0.036526,"[0.093023, 0.147059, 0.0, 0.057143, 0.114286, 0.083333, 0.114286, 0.027778, 0.0, 0.181818]",0.081873,0.060928,"[28.635553, 24.293837, 23.755577, 22.160428, 23.972419, 22.545973, 23.629709, 23.626482, 23.034293, 22.003832]",23.76581,1.879092
5,cosip_beta0,093_cosip_beta0_lapin-on_$\gamma0.6$,10,"[0.248257, 0.349946, 0.375484, 0.318023, 0.363462, 0.36815, 0.390847, 0.330462, 0.442644, 0.282638]",0.346991,0.055392,"[0.281038, 0.324759, 0.346433, 0.31518, 0.311652, 0.332747, 0.33942, 0.307154, 0.401011, 0.302593]",0.326199,0.032521,"[0.093023, 0.147059, 0.0, 0.057143, 0.114286, 0.083333, 0.114286, 0.027778, 0.0, 0.181818]",0.081873,0.060928,"[28.635553, 24.293837, 23.755577, 22.160428, 23.972419, 22.545973, 23.629709, 23.626482, 23.034293, 22.003832]",23.76581,1.879092
5,cosip_beta0,094_cosip_beta0_lapin-on_$\gamma0.7$,10,"[0.303775, 0.356169, 0.38759, 0.341398, 0.365606, 0.367865, 0.407396, 0.350236, 0.4517, 0.326845]",0.365858,0.042009,"[0.314788, 0.359185, 0.359738, 0.337918, 0.324112, 0.353352, 0.366043, 0.343763, 0.414994, 0.330563]",0.350446,0.028172,"[0.093023, 0.147059, 0.0, 0.057143, 0.114286, 0.083333, 0.114286, 0.027778, 0.0, 0.181818]",0.081873,0.060928,"[28.635553, 24.293837, 23.755577, 22.160428, 23.972419, 22.545973, 23.629709, 23.626482, 23.034293, 22.003832]",23.76581,1.879092
5,cosip_beta0,095_cosip_beta0_lapin-on_$\gamma0.8$,10,"[0.309366, 0.372736, 0.400816, 0.351084, 0.366337, 0.388933, 0.405438, 0.356313, 0.443655, 0.356725]",0.37514,0.036733,"[0.328083, 0.3664, 0.374405, 0.346101, 0.347688, 0.362078, 0.363109, 0.356452, 0.436813, 0.356554]",0.363768,0.028691,"[0.093023, 0.147059, 0.0, 0.057143, 0.114286, 0.083333, 0.114286, 0.027778, 0.0, 0.181818]",0.081873,0.060928,"[28.635553, 24.293837, 23.755577, 22.160428, 23.972419, 22.545973, 23.629709, 23.626482, 23.034293, 22.003832]",23.76581,1.879092
5,cosip_beta0,096_cosip_beta0_lapin-on_$\gamma0.9$,10,"[0.295876, 0.368605, 0.394966, 0.372095, 0.363645, 0.376005, 0.400752, 0.357037, 0.425051, 0.363687]",0.371772,0.033917,"[0.342142, 0.355483, 0.391234, 0.378098, 0.364644, 0.361596, 0.372627, 0.372794, 0.432195, 0.363279]",0.373409,0.024528,"[0.093023, 0.147059, 0.0, 0.057143, 0.114286, 0.083333, 0.114286, 0.027778, 0.0, 0.181818]",0.081873,0.060928,"[28.635553, 24.293837, 23.755577, 22.160428, 23.972419, 22.545973, 23.629709, 23.626482, 23.034293, 22.003832]",23.76581,1.879092
5,cosip_beta0.5,097_cosip_beta0.5_lapin-off_$\gamma0.3$,10,"[0.341762, 0.303238, 0.366124, 0.385861, 0.365299, 0.27072, 0.349885, 0.429636, 0.302151, 0.360443]",0.347512,0.045945,"[0.341247, 0.308799, 0.348358, 0.361535, 0.3527, 0.29669, 0.336954, 0.394854, 0.241425, 0.346319]",0.332888,0.041919,"[0.209302, 0.5, 0.263158, 0.2, 0.2, 0.361111, 0.285714, 0.194444, 0.378378, 0.151515]",0.274362,0.10867,"[19.552784, 20.065153, 19.972142, 16.664635, 17.253321, 19.596345, 17.425042, 18.333484, 20.188842, 15.072449]",18.41242,1.749821
5,cosip_beta0.5,098_cosip_beta0.5_lapin-off_$\gamma0.5$,10,"[0.467744, 0.361114, 0.437167, 0.441446, 0.42108, 0.375452, 0.438112, 0.485736, 0.391724, 0.424606]",0.424418,0.039104,"[0.383416, 0.33408, 0.375711, 0.395469, 0.383568, 0.342093, 0.373525, 0.402396, 0.312475, 0.364918]",0.366765,0.028687,"[0.209302, 0.5, 0.263158, 0.2, 0.2, 0.361111, 0.285714, 0.194444, 0.378378, 0.151515]",0.274362,0.10867,"[19.552784, 20.065153, 19.972142, 16.664635, 17.253321, 19.596345, 17.425042, 18.333484, 20.188842, 15.072449]",18.41242,1.749821
5,cosip_beta0.5,099_cosip_beta0.5_lapin-off_$\gamma0.6$,10,"[0.452301, 0.384946, 0.432992, 0.424143, 0.424424, 0.420093, 0.436275, 0.478632, 0.429093, 0.419089]",0.430199,0.024092,"[0.375842, 0.322651, 0.369411, 0.383411, 0.384496, 0.338965, 0.377147, 0.384123, 0.32635, 0.386806]",0.36492,0.025407,"[0.209302, 0.5, 0.263158, 0.2, 0.2, 0.361111, 0.285714, 0.194444, 0.378378, 0.151515]",0.274362,0.10867,"[19.552784, 20.065153, 19.972142, 16.664635, 17.253321, 19.596345, 17.425042, 18.333484, 20.188842, 15.072449]",18.41242,1.749821
5,cosip_beta0.5,100_cosip_beta0.5_lapin-off_$\gamma0.7$,10,"[0.432731, 0.384628, 0.429228, 0.409382, 0.405114, 0.417484, 0.415453, 0.462579, 0.423423, 0.408271]",0.418829,0.02057,"[0.366508, 0.327397, 0.369683, 0.368784, 0.371454, 0.337826, 0.367711, 0.379211, 0.324531, 0.374375]",0.358748,0.020485,"[0.209302, 0.5, 0.263158, 0.2, 0.2, 0.361111, 0.285714, 0.194444, 0.378378, 0.151515]",0.274362,0.10867,"[19.552784, 20.065153, 19.972142, 16.664635, 17.253321, 19.596345, 17.425042, 18.333484, 20.188842, 15.072449]",18.41242,1.749821
5,cosip_beta0.5,101_cosip_beta0.5_lapin-off_$\gamma0.8$,10,"[0.426, 0.361633, 0.418257, 0.397089, 0.40335, 0.408635, 0.389335, 0.455276, 0.409812, 0.393496]",0.406288,0.024694,"[0.362682, 0.324137, 0.35725, 0.352345, 0.36068, 0.327246, 0.355225, 0.367939, 0.308819, 0.358054]",0.347438,0.019899,"[0.209302, 0.5, 0.263158, 0.2, 0.2, 0.361111, 0.285714, 0.194444, 0.378378, 0.151515]",0.274362,0.10867,"[19.552784, 20.065153, 19.972142, 16.664635, 17.253321, 19.596345, 17.425042, 18.333484, 20.188842, 15.072449]",18.41242,1.749821
5,cosip_beta0.5,102_cosip_beta0.5_lapin-off_$\gamma0.9$,10,"[0.39485, 0.335337, 0.395776, 0.37525, 0.371191, 0.370852, 0.371013, 0.431385, 0.356724, 0.37165]",0.377403,0.025633,"[0.372245, 0.308726, 0.353003, 0.329524, 0.345934, 0.32079, 0.343241, 0.367009, 0.313064, 0.345987]",0.339952,0.021608,"[0.186047, 0.441176, 0.236842, 0.2, 0.2, 0.361111, 0.285714, 0.138889, 0.378378, 0.151515]",0.257967,0.103989,"[19.552784, 20.065153, 19.972142, 16.664635, 17.253321, 19.596345, 17.425042, 18.333484, 20.188842, 15.072449]",18.41242,1.749821
5,cosip_beta0.5,103_cosip_beta0.5_lapin-on_$\gamma0.3$,10,"[0.06418, 0.159251, 0.12657, 0.118608, 0.075898, 0.080047, 0.057116, 0.2029, 0.179455, 0.13486]",0.119888,0.05036,"[0.120188, 0.185745, 0.191688, 0.158181, 0.098929, 0.133134, 0.09438, 0.24187, 0.187242, 0.207868]",0.161922,0.049117,"[0.093023, 0.176471, 0.0, 0.085714, 0.171429, 0.027778, 0.085714, 0.055556, 0.054054, 0.0]",0.074974,0.061865,"[25.157458, 24.597977, 24.18297, 23.454867, 24.63503, 20.253762, 22.674768, 25.756709, 23.660452, 18.988124]",23.336212,2.163737
5,cosip_beta0.5,104_cosip_beta0.5_lapin-on_$\gamma0.5$,10,"[0.194788, 0.24709, 0.227698, 0.277594, 0.25353, 0.190183, 0.219271, 0.357003, 0.40369, 0.267843]",0.263869,0.068569,"[0.204902, 0.252885, 0.280574, 0.279678, 0.24314, 0.249334, 0.241104, 0.322511, 0.355895, 0.307923]",0.273795,0.044906,"[0.093023, 0.176471, 0.0, 0.085714, 0.171429, 0.027778, 0.085714, 0.055556, 0.054054, 0.0]",0.074974,0.061865,"[25.157458, 24.597977, 24.18297, 23.454867, 24.63503, 20.253762, 22.674768, 25.756709, 23.660452, 18.988124]",23.336212,2.163737
5,cosip_beta0.5,105_cosip_beta0.5_lapin-on_$\gamma0.6$,10,"[0.241718, 0.308591, 0.263633, 0.331003, 0.336437, 0.222684, 0.27497, 0.402682, 0.432502, 0.261526]",0.307575,0.068874,"[0.250715, 0.284873, 0.306622, 0.320009, 0.310641, 0.268492, 0.267985, 0.351464, 0.380293, 0.307819]",0.304891,0.039652,"[0.093023, 0.176471, 0.0, 0.085714, 0.171429, 0.027778, 0.085714, 0.055556, 0.054054, 0.0]",0.074974,0.061865,"[25.157458, 24.597977, 24.18297, 23.454867, 24.63503, 20.253762, 22.674768, 25.756709, 23.660452, 18.988124]",23.336212,2.163737
5,cosip_beta0.5,106_cosip_beta0.5_lapin-on_$\gamma0.7$,10,"[0.277107, 0.318372, 0.30247, 0.367041, 0.377143, 0.257508, 0.322825, 0.420873, 0.441107, 0.270472]",0.335492,0.063628,"[0.327911, 0.331649, 0.342555, 0.338879, 0.325073, 0.287615, 0.301573, 0.380273, 0.3926, 0.330264]",0.335839,0.031583,"[0.093023, 0.176471, 0.0, 0.085714, 0.171429, 0.027778, 0.085714, 0.055556, 0.054054, 0.0]",0.074974,0.061865,"[25.157458, 24.597977, 24.18297, 23.454867, 24.63503, 20.253762, 22.674768, 25.756709, 23.660452, 18.988124]",23.336212,2.163737
5,cosip_beta0.5,107_cosip_beta0.5_lapin-on_$\gamma0.8$,10,"[0.304756, 0.325308, 0.316918, 0.358144, 0.390461, 0.293403, 0.350983, 0.426376, 0.430532, 0.323213]",0.352009,0.049052,"[0.357937, 0.337907, 0.355938, 0.343289, 0.360965, 0.324172, 0.334629, 0.390329, 0.388462, 0.361203]",0.355483,0.021715,"[0.093023, 0.176471, 0.0, 0.085714, 0.171429, 0.027778, 0.085714, 0.055556, 0.054054, 0.0]",0.074974,0.061865,"[25.157458, 24.597977, 24.18297, 23.454867, 24.63503, 20.253762, 22.674768, 25.756709, 23.660452, 18.988124]",23.336212,2.163737
5,cosip_beta0.5,108_cosip_beta0.5_lapin-on_$\gamma0.9$,10,"[0.310963, 0.352646, 0.317528, 0.349825, 0.36704, 0.284877, 0.341556, 0.412936, 0.432295, 0.324128]",0.349379,0.045445,"[0.374295, 0.354162, 0.355866, 0.349436, 0.375019, 0.339699, 0.350728, 0.394896, 0.391002, 0.362027]",0.364713,0.018414,"[0.093023, 0.147059, 0.0, 0.085714, 0.142857, 0.027778, 0.085714, 0.055556, 0.054054, 0.030303]",0.072206,0.048239,"[25.157458, 24.597977, 24.18297, 23.454867, 24.63503, 20.253762, 22.674768, 25.756709, 23.660452, 18.988124]",23.336212,2.163737
5,cosip_beta1,109_cosip_beta1_lapin-off_$\gamma0.3$,10,"[0.32571, 0.201502, 0.276016, 0.311003, 0.271894, 0.311814, 0.302973, 0.277349, 0.336248, 0.335959]",0.295047,0.040651,"[0.373148, 0.248341, 0.302175, 0.313088, 0.296178, 0.353006, 0.322061, 0.340964, 0.322185, 0.385693]",0.325684,0.040032,"[0.093023, 0.235294, 0.289474, 0.057143, 0.114286, 0.166667, 0.085714, 0.055556, 0.216216, 0.060606]",0.137398,0.084321,"[18.428337, 16.860212, 20.210975, 14.848058, 15.484477, 16.052338, 15.208097, 14.764491, 18.368946, 13.957337]",16.418327,2.004233
5,cosip_beta1,110_cosip_beta1_lapin-off_$\gamma0.5$,10,"[0.398528, 0.359645, 0.357614, 0.409203, 0.388968, 0.442759, 0.40293, 0.406372, 0.410148, 0.414873]",0.399104,0.025446,"[0.414637, 0.314572, 0.343679, 0.387423, 0.35585, 0.421318, 0.379648, 0.39127, 0.331187, 0.434265]",0.377385,0.040182,"[0.093023, 0.235294, 0.289474, 0.057143, 0.114286, 0.166667, 0.085714, 0.055556, 0.216216, 0.060606]",0.137398,0.084321,"[18.428337, 16.860212, 20.210975, 14.848058, 15.484477, 16.052338, 15.208097, 14.764491, 18.368946, 13.957337]",16.418327,2.004233
5,cosip_beta1,111_cosip_beta1_lapin-off_$\gamma0.6$,10,"[0.394315, 0.383526, 0.404609, 0.408212, 0.395497, 0.433676, 0.405595, 0.413142, 0.40633, 0.411846]",0.405675,0.013371,"[0.407611, 0.340283, 0.352744, 0.389592, 0.367023, 0.402728, 0.399322, 0.409933, 0.347765, 0.431748]",0.384875,0.030927,"[0.093023, 0.235294, 0.289474, 0.057143, 0.114286, 0.166667, 0.085714, 0.055556, 0.216216, 0.060606]",0.137398,0.084321,"[18.428337, 16.860212, 20.210975, 14.848058, 15.484477, 16.052338, 15.208097, 14.764491, 18.368946, 13.957337]",16.418327,2.004233
5,cosip_beta1,112_cosip_beta1_lapin-off_$\gamma0.7$,10,"[0.391232, 0.385043, 0.418784, 0.401877, 0.39669, 0.426749, 0.406542, 0.416922, 0.403765, 0.412905]",0.406051,0.013026,"[0.398919, 0.345956, 0.34797, 0.379653, 0.368558, 0.386485, 0.394504, 0.399997, 0.352915, 0.425501]",0.380046,0.026098,"[0.093023, 0.235294, 0.289474, 0.057143, 0.114286, 0.166667, 0.085714, 0.055556, 0.216216, 0.060606]",0.137398,0.084321,"[18.428337, 16.860212, 20.210975, 14.848058, 15.484477, 16.052338, 15.208097, 14.764491, 18.368946, 13.957337]",16.418327,2.004233
5,cosip_beta1,113_cosip_beta1_lapin-off_$\gamma0.8$,10,"[0.386634, 0.38195, 0.406077, 0.382931, 0.392543, 0.410973, 0.390164, 0.411957, 0.381482, 0.394788]",0.39395,0.011797,"[0.38337, 0.346153, 0.338713, 0.371797, 0.374243, 0.373326, 0.389679, 0.386418, 0.354809, 0.40884]",0.372735,0.021291,"[0.093023, 0.235294, 0.289474, 0.057143, 0.114286, 0.166667, 0.085714, 0.055556, 0.216216, 0.060606]",0.137398,0.084321,"[18.428337, 16.860212, 20.210975, 14.848058, 15.484477, 16.052338, 15.208097, 14.764491, 18.368946, 13.957337]",16.418327,2.004233
5,cosip_beta1,114_cosip_beta1_lapin-off_$\gamma0.9$,10,"[0.369077, 0.365726, 0.393261, 0.375948, 0.382207, 0.40032, 0.383343, 0.401489, 0.365824, 0.386721]",0.382392,0.013312,"[0.375095, 0.333794, 0.341847, 0.363123, 0.375158, 0.356604, 0.386865, 0.3831, 0.348745, 0.392807]",0.365714,0.020075,"[0.093023, 0.235294, 0.263158, 0.057143, 0.114286, 0.166667, 0.085714, 0.055556, 0.189189, 0.060606]",0.132064,0.076641,"[18.428337, 16.860212, 20.210975, 14.848058, 15.484477, 16.052338, 15.208097, 14.764491, 18.368946, 13.957337]",16.418327,2.004233
5,cosip_beta1,115_cosip_beta1_lapin-on_$\gamma0.3$,10,"[0.07685, 0.082037, 0.119638, 0.042264, 0.083489, 0.038426, 0.110527, 0.088469, 0.028151, 0.060294]",0.073015,0.030445,"[0.149307, 0.126667, 0.197387, 0.104562, 0.158104, 0.111578, 0.219034, 0.197672, 0.079431, 0.10061]",0.144435,0.047778,"[0.023256, 0.029412, 0.0, 0.057143, 0.0, 0.138889, 0.114286, 0.055556, 0.108108, 0.121212]",0.064786,0.052192,"[26.771528, 22.160554, 24.370057, 22.066024, 21.817042, 18.16302, 18.542747, 19.96185, 24.84174, 21.621857]",22.031642,2.738325
5,cosip_beta1,116_cosip_beta1_lapin-on_$\gamma0.5$,10,"[0.231217, 0.205266, 0.300704, 0.168923, 0.21999, 0.106656, 0.230074, 0.247749, 0.163906, 0.162852]",0.203734,0.054721,"[0.274308, 0.21384, 0.327113, 0.231487, 0.279449, 0.224064, 0.321784, 0.298681, 0.207833, 0.247198]",0.262576,0.044039,"[0.023256, 0.029412, 0.0, 0.057143, 0.0, 0.138889, 0.114286, 0.055556, 0.108108, 0.121212]",0.064786,0.052192,"[26.771528, 22.160554, 24.370057, 22.066024, 21.817042, 18.16302, 18.542747, 19.96185, 24.84174, 21.621857]",22.031642,2.738325
5,cosip_beta1,117_cosip_beta1_lapin-on_$\gamma0.6$,10,"[0.25305, 0.233895, 0.301472, 0.232129, 0.246273, 0.164855, 0.254661, 0.254085, 0.223229, 0.221972]",0.238562,0.034534,"[0.304575, 0.277478, 0.349918, 0.277479, 0.300693, 0.265828, 0.343357, 0.31867, 0.238237, 0.275596]",0.295183,0.035122,"[0.023256, 0.029412, 0.0, 0.057143, 0.0, 0.138889, 0.114286, 0.055556, 0.108108, 0.121212]",0.064786,0.052192,"[26.771528, 22.160554, 24.370057, 22.066024, 21.817042, 18.16302, 18.542747, 19.96185, 24.84174, 21.621857]",22.031642,2.738325
5,cosip_beta1,118_cosip_beta1_lapin-on_$\gamma0.7$,10,"[0.244333, 0.27879, 0.327636, 0.26959, 0.278169, 0.218029, 0.26322, 0.285677, 0.288638, 0.266104]",0.272019,0.028751,"[0.323583, 0.317981, 0.360701, 0.303544, 0.32016, 0.297218, 0.343656, 0.329488, 0.271365, 0.286184]",0.315388,0.026686,"[0.023256, 0.029412, 0.0, 0.057143, 0.0, 0.138889, 0.114286, 0.055556, 0.108108, 0.121212]",0.064786,0.052192,"[26.771528, 22.160554, 24.370057, 22.066024, 21.817042, 18.16302, 18.542747, 19.96185, 24.84174, 21.621857]",22.031642,2.738325
5,cosip_beta1,119_cosip_beta1_lapin-on_$\gamma0.8$,10,"[0.252411, 0.284064, 0.328365, 0.282038, 0.303713, 0.234652, 0.291378, 0.279779, 0.292198, 0.26884]",0.281744,0.02606,"[0.327796, 0.327334, 0.35694, 0.314542, 0.331475, 0.325314, 0.353978, 0.333562, 0.304981, 0.284703]",0.326063,0.021373,"[0.023256, 0.029412, 0.0, 0.057143, 0.0, 0.138889, 0.114286, 0.083333, 0.108108, 0.121212]",0.067564,0.052385,"[26.771528, 22.160554, 24.370057, 22.066024, 21.817042, 18.16302, 18.542747, 19.96185, 24.84174, 21.621857]",22.031642,2.738325
5,cosip_beta1,120_cosip_beta1_lapin-on_$\gamma0.9$,10,"[0.263171, 0.2895, 0.347748, 0.303884, 0.316177, 0.240203, 0.292537, 0.28607, 0.306961, 0.275538]",0.292179,0.029597,"[0.32649, 0.330547, 0.35969, 0.327456, 0.348542, 0.338262, 0.358433, 0.337199, 0.320875, 0.299562]",0.334706,0.018139,"[0.0, 0.029412, 0.0, 0.057143, 0.0, 0.138889, 0.114286, 0.083333, 0.108108, 0.121212]",0.065238,0.055021,"[26.771528, 22.160554, 24.370057, 22.066024, 21.817042, 18.16302, 18.542747, 19.96185, 24.84174, 21.621857]",22.031642,2.738325
5,default,001_default_lapin-off_$\gamma0.3$,10,"[0.034951, 0.158916, 0.074885, 0.14227, 0.101008, 0.079052, 0.097807, 0.055523, 0.204265, 0.136405]",0.108508,0.051656,"[0.06866, 0.194615, 0.107717, 0.153435, 0.102766, 0.103356, 0.103477, 0.078913, 0.207881, 0.146248]",0.126707,0.047104,"[0.209302, 0.0, 0.263158, 0.114286, 0.085714, 0.194444, 0.114286, 0.083333, 0.108108, 0.121212]",0.129384,0.074728,"[14.607906, 14.897219, 12.710491, 13.992841, 14.305099, 13.54136, 13.701603, 14.18033, 14.235748, 12.896115]",13.906871,0.703155
5,default,002_default_lapin-off_$\gamma0.5$,10,"[0.143158, 0.323073, 0.143756, 0.304974, 0.207889, 0.1942, 0.184917, 0.136974, 0.352972, 0.240359]",0.223227,0.079226,"[0.229304, 0.350853, 0.247136, 0.329021, 0.254352, 0.275121, 0.258167, 0.218128, 0.406109, 0.306215]",0.287441,0.059719,"[0.209302, 0.0, 0.263158, 0.114286, 0.085714, 0.194444, 0.114286, 0.083333, 0.108108, 0.121212]",0.129384,0.074728,"[14.607906, 14.897219, 12.710491, 13.992841, 14.305099, 13.54136, 13.701603, 14.18033, 14.235748, 12.896115]",13.906871,0.703155
5,default,003_default_lapin-off_$\gamma0.6$,10,"[0.192435, 0.353027, 0.181019, 0.345472, 0.247258, 0.247471, 0.240566, 0.216111, 0.39665, 0.283252]",0.270326,0.072674,"[0.284527, 0.375749, 0.294329, 0.366443, 0.308305, 0.340284, 0.330038, 0.269032, 0.429885, 0.345443]",0.334403,0.048392,"[0.209302, 0.0, 0.263158, 0.114286, 0.085714, 0.194444, 0.114286, 0.083333, 0.108108, 0.121212]",0.129384,0.074728,"[14.607906, 14.897219, 12.710491, 13.992841, 14.305099, 13.54136, 13.701603, 14.18033, 14.235748, 12.896115]",13.906871,0.703155
5,default,004_default_lapin-off_$\gamma0.7$,10,"[0.243674, 0.356136, 0.186024, 0.343937, 0.286027, 0.255785, 0.318025, 0.271264, 0.401462, 0.278049]",0.294038,0.062331,"[0.315829, 0.384608, 0.317019, 0.379407, 0.343332, 0.367117, 0.375906, 0.309114, 0.432532, 0.361228]",0.358609,0.038289,"[0.209302, 0.0, 0.263158, 0.114286, 0.085714, 0.194444, 0.114286, 0.083333, 0.108108, 0.121212]",0.129384,0.074728,"[14.607906, 14.897219, 12.710491, 13.992841, 14.305099, 13.54136, 13.701603, 14.18033, 14.235748, 12.896115]",13.906871,0.703155
5,default,005_default_lapin-off_$\gamma0.8$,10,"[0.254993, 0.353553, 0.201383, 0.335291, 0.310546, 0.264864, 0.324764, 0.29433, 0.387061, 0.277101]",0.300389,0.053705,"[0.332047, 0.393347, 0.329169, 0.379569, 0.368438, 0.368024, 0.396993, 0.326743, 0.418291, 0.371131]",0.368375,0.031015,"[0.209302, 0.0, 0.263158, 0.114286, 0.085714, 0.194444, 0.114286, 0.083333, 0.108108, 0.121212]",0.129384,0.074728,"[14.607906, 14.897219, 12.710491, 13.992841, 14.305099, 13.54136, 13.701603, 14.18033, 14.235748, 12.896115]",13.906871,0.703155
5,default,006_default_lapin-off_$\gamma0.9$,10,"[0.239492, 0.342742, 0.199969, 0.329399, 0.296172, 0.261242, 0.33439, 0.288851, 0.361899, 0.251712]",0.290587,0.052132,"[0.341031, 0.384667, 0.334889, 0.369519, 0.352339, 0.360692, 0.40099, 0.33321, 0.39103, 0.353167]",0.362153,0.023827,"[0.209302, 0.0, 0.263158, 0.114286, 0.085714, 0.194444, 0.114286, 0.083333, 0.108108, 0.121212]",0.129384,0.074728,"[14.607906, 14.897219, 12.710491, 13.992841, 14.305099, 13.54136, 13.701603, 14.18033, 14.235748, 12.896115]",13.906871,0.703155
5,default,007_default_lapin-on_$\gamma0.3$,10,"[0.010545, 0.046458, 0.020801, 0.018516, 0.066996, 0.005405, 0.049566, 0.00523, 0.027206, 0.01068]",0.02614,0.02126,"[0.042591, 0.060583, 0.05658, 0.042758, 0.072102, 0.021479, 0.066734, 0.035211, 0.028257, 0.038524]",0.046482,0.016813,"[0.302326, 0.147059, 0.289474, 0.171429, 0.142857, 0.25, 0.085714, 0.277778, 0.189189, 0.181818]",0.203764,0.072478,"[18.628557, 17.235051, 16.773598, 18.244796, 18.906864, 16.612449, 19.460612, 15.246416, 18.449344, 16.868145]",17.642583,1.300131
5,default,008_default_lapin-on_$\gamma0.5$,10,"[0.031941, 0.10643, 0.078705, 0.054765, 0.17889, 0.025271, 0.099063, 0.04318, 0.070371, 0.056867]",0.074548,0.045303,"[0.173922, 0.157349, 0.195545, 0.150908, 0.257166, 0.102138, 0.228293, 0.141446, 0.142131, 0.169166]",0.171806,0.045159,"[0.302326, 0.147059, 0.289474, 0.171429, 0.142857, 0.25, 0.085714, 0.277778, 0.189189, 0.181818]",0.203764,0.072478,"[18.628557, 17.235051, 16.773598, 18.244796, 18.906864, 16.612449, 19.460612, 15.246416, 18.449344, 16.868145]",17.642583,1.300131
5,default,009_default_lapin-on_$\gamma0.6$,10,"[0.105393, 0.129173, 0.10535, 0.099123, 0.248064, 0.029234, 0.202562, 0.086201, 0.105648, 0.109696]",0.122044,0.061297,"[0.236579, 0.207078, 0.254206, 0.202333, 0.319202, 0.149492, 0.296735, 0.191808, 0.206202, 0.226441]",0.229008,0.050376,"[0.302326, 0.147059, 0.289474, 0.171429, 0.142857, 0.25, 0.085714, 0.277778, 0.189189, 0.181818]",0.203764,0.072478,"[18.628557, 17.235051, 16.773598, 18.244796, 18.906864, 16.612449, 19.460612, 15.246416, 18.449344, 16.868145]",17.642583,1.300131
5,default,010_default_lapin-on_$\gamma0.7$,10,"[0.116303, 0.160456, 0.155092, 0.13746, 0.258549, 0.035261, 0.262186, 0.092756, 0.134785, 0.1127]",0.146555,0.069716,"[0.263954, 0.244624, 0.293216, 0.236695, 0.341623, 0.192995, 0.324059, 0.22445, 0.258625, 0.265891]",0.264613,0.04502,"[0.302326, 0.147059, 0.289474, 0.171429, 0.142857, 0.25, 0.085714, 0.277778, 0.189189, 0.181818]",0.203764,0.072478,"[18.628557, 17.235051, 16.773598, 18.244796, 18.906864, 16.612449, 19.460612, 15.246416, 18.449344, 16.868145]",17.642583,1.300131
5,default,011_default_lapin-on_$\gamma0.8$,10,"[0.136544, 0.156645, 0.180926, 0.173138, 0.264913, 0.06272, 0.272961, 0.128941, 0.150017, 0.141725]",0.166853,0.062655,"[0.285381, 0.273821, 0.320641, 0.270985, 0.353212, 0.223914, 0.341915, 0.24872, 0.288661, 0.286924]",0.289417,0.039936,"[0.302326, 0.147059, 0.289474, 0.171429, 0.142857, 0.25, 0.085714, 0.277778, 0.189189, 0.181818]",0.203764,0.072478,"[18.628557, 17.235051, 16.773598, 18.244796, 18.906864, 16.612449, 19.460612, 15.246416, 18.449344, 16.868145]",17.642583,1.300131
5,default,012_default_lapin-on_$\gamma0.9$,10,"[0.153579, 0.17631, 0.187968, 0.180342, 0.247789, 0.054722, 0.276565, 0.154666, 0.152613, 0.155277]",0.173983,0.059657,"[0.292101, 0.284338, 0.32143, 0.286176, 0.347205, 0.231742, 0.347625, 0.261868, 0.301463, 0.295713]",0.296966,0.03574,"[0.302326, 0.147059, 0.289474, 0.171429, 0.142857, 0.25, 0.085714, 0.277778, 0.189189, 0.181818]",0.203764,0.072478,"[18.628557, 17.235051, 16.773598, 18.244796, 18.906864, 16.612449, 19.460612, 15.246416, 18.449344, 16.868145]",17.642583,1.300131
5,dice,025_dice_lapin-off_$\gamma0.3$,10,"[0.306822, 0.31214, 0.390062, 0.307783, 0.339116, 0.392264, 0.371314, 0.418656, 0.313386, 0.324519]",0.347606,0.041753,"[0.318434, 0.303419, 0.359501, 0.290715, 0.328227, 0.349832, 0.343727, 0.388625, 0.277027, 0.286184]",0.324569,0.036066,"[0.162791, 0.470588, 0.289474, 0.371429, 0.257143, 0.277778, 0.2, 0.277778, 0.432432, 0.424242]",0.316366,0.103419,"[18.468943, 19.151736, 18.867864, 18.531571, 17.055286, 17.754049, 16.403918, 20.102309, 22.017024, 17.273034]",18.562573,1.633074
5,dice,026_dice_lapin-off_$\gamma0.5$,10,"[0.429122, 0.410933, 0.449493, 0.392839, 0.423963, 0.461826, 0.431001, 0.480958, 0.398313, 0.403443]",0.428189,0.028769,"[0.386448, 0.343398, 0.37209, 0.362198, 0.373048, 0.373113, 0.383459, 0.407396, 0.314985, 0.350655]",0.366679,0.025674,"[0.162791, 0.470588, 0.289474, 0.371429, 0.257143, 0.277778, 0.2, 0.277778, 0.432432, 0.424242]",0.316366,0.103419,"[18.468943, 19.151736, 18.867864, 18.531571, 17.055286, 17.754049, 16.403918, 20.102309, 22.017024, 17.273034]",18.562573,1.633074
5,dice,027_dice_lapin-off_$\gamma0.6$,10,"[0.426212, 0.409714, 0.447683, 0.412022, 0.414547, 0.444769, 0.404591, 0.461629, 0.42066, 0.41958]",0.426141,0.01889,"[0.390288, 0.332952, 0.365475, 0.362306, 0.363342, 0.354398, 0.366869, 0.39128, 0.31391, 0.347919]",0.358874,0.023594,"[0.162791, 0.470588, 0.289474, 0.371429, 0.257143, 0.277778, 0.2, 0.277778, 0.432432, 0.424242]",0.316366,0.103419,"[18.468943, 19.151736, 18.867864, 18.531571, 17.055286, 17.754049, 16.403918, 20.102309, 22.017024, 17.273034]",18.562573,1.633074
5,dice,028_dice_lapin-off_$\gamma0.7$,10,"[0.423546, 0.396551, 0.434217, 0.386292, 0.39735, 0.43024, 0.392253, 0.442353, 0.40878, 0.378731]",0.409031,0.022146,"[0.381699, 0.319519, 0.345032, 0.343021, 0.351257, 0.342483, 0.370829, 0.373612, 0.307841, 0.338468]",0.347376,0.023329,"[0.162791, 0.470588, 0.289474, 0.371429, 0.257143, 0.277778, 0.2, 0.277778, 0.432432, 0.424242]",0.316366,0.103419,"[18.468943, 19.151736, 18.867864, 18.531571, 17.055286, 17.754049, 16.403918, 20.102309, 22.017024, 17.273034]",18.562573,1.633074
5,dice,029_dice_lapin-off_$\gamma0.8$,10,"[0.409985, 0.381404, 0.438891, 0.375501, 0.391104, 0.417071, 0.378145, 0.401835, 0.381848, 0.361998]",0.393778,0.023085,"[0.372772, 0.313277, 0.337861, 0.328633, 0.345369, 0.328877, 0.355455, 0.353869, 0.320179, 0.321269]",0.337756,0.018853,"[0.162791, 0.470588, 0.289474, 0.371429, 0.257143, 0.277778, 0.171429, 0.277778, 0.405405, 0.424242]",0.310806,0.104282,"[18.468943, 19.151736, 18.867864, 18.531571, 17.055286, 17.754049, 16.403918, 20.102309, 22.017024, 17.273034]",18.562573,1.633074
5,dice,030_dice_lapin-off_$\gamma0.9$,10,"[0.396014, 0.358538, 0.416615, 0.356129, 0.385156, 0.384732, 0.356996, 0.38246, 0.347751, 0.33617]",0.372056,0.024814,"[0.367626, 0.311451, 0.3431, 0.311501, 0.335928, 0.321757, 0.337044, 0.341866, 0.30851, 0.31958]",0.329836,0.01867,"[0.139535, 0.441176, 0.289474, 0.371429, 0.171429, 0.277778, 0.171429, 0.277778, 0.351351, 0.424242]",0.291562,0.106616,"[18.468943, 19.151736, 18.867864, 18.531571, 17.055286, 17.754049, 16.403918, 20.102309, 22.017024, 17.273034]",18.562573,1.633074
5,dice,031_dice_lapin-on_$\gamma0.3$,10,"[0.101586, 0.147243, 0.052524, 0.185388, 0.138729, 0.16714, 0.094689, 0.167439, 0.386971, 0.195592]",0.16373,0.090209,"[0.146882, 0.166754, 0.080467, 0.189447, 0.149947, 0.217399, 0.126768, 0.193893, 0.340267, 0.217935]",0.182976,0.069628,"[0.186047, 0.117647, 0.026316, 0.057143, 0.171429, 0.111111, 0.142857, 0.111111, 0.0, 0.212121]",0.113578,0.069037,"[21.136153, 21.719944, 23.621319, 22.179239, 24.563892, 24.966368, 25.017703, 25.506438, 23.86369, 23.985023]",23.655977,1.500039
5,dice,032_dice_lapin-on_$\gamma0.5$,10,"[0.202191, 0.281391, 0.16722, 0.323947, 0.254204, 0.356563, 0.283078, 0.357591, 0.471046, 0.33043]",0.302766,0.08636,"[0.261056, 0.271464, 0.191402, 0.291304, 0.220471, 0.317871, 0.246543, 0.338032, 0.452997, 0.297946]",0.288909,0.072519,"[0.186047, 0.117647, 0.026316, 0.057143, 0.171429, 0.111111, 0.142857, 0.111111, 0.0, 0.212121]",0.113578,0.069037,"[21.136153, 21.719944, 23.621319, 22.179239, 24.563892, 24.966368, 25.017703, 25.506438, 23.86369, 23.985023]",23.655977,1.500039
5,dice,033_dice_lapin-on_$\gamma0.6$,10,"[0.223378, 0.358454, 0.241197, 0.355347, 0.334317, 0.399327, 0.332299, 0.400541, 0.471114, 0.358252]",0.347423,0.073173,"[0.2791, 0.315421, 0.235856, 0.332344, 0.283272, 0.329453, 0.25716, 0.360505, 0.445325, 0.342784]",0.318122,0.059763,"[0.186047, 0.117647, 0.026316, 0.057143, 0.171429, 0.111111, 0.142857, 0.111111, 0.0, 0.212121]",0.113578,0.069037,"[21.136153, 21.719944, 23.621319, 22.179239, 24.563892, 24.966368, 25.017703, 25.506438, 23.86369, 23.985023]",23.655977,1.500039
5,dice,034_dice_lapin-on_$\gamma0.7$,10,"[0.246109, 0.402501, 0.302057, 0.362461, 0.393257, 0.389719, 0.345992, 0.401027, 0.457096, 0.395776]",0.369599,0.059438,"[0.292387, 0.358765, 0.271089, 0.348654, 0.307102, 0.340378, 0.292239, 0.374296, 0.439995, 0.366036]",0.339094,0.050168,"[0.186047, 0.117647, 0.026316, 0.057143, 0.171429, 0.111111, 0.142857, 0.111111, 0.0, 0.212121]",0.113578,0.069037,"[21.136153, 21.719944, 23.621319, 22.179239, 24.563892, 24.966368, 25.017703, 25.506438, 23.86369, 23.985023]",23.655977,1.500039
5,dice,035_dice_lapin-on_$\gamma0.8$,10,"[0.255809, 0.40886, 0.298697, 0.377942, 0.382295, 0.394248, 0.353332, 0.417512, 0.446871, 0.387407]",0.372297,0.056892,"[0.329079, 0.381653, 0.301172, 0.370041, 0.330675, 0.377256, 0.333618, 0.376931, 0.437458, 0.3822]",0.362008,0.038843,"[0.186047, 0.117647, 0.026316, 0.057143, 0.171429, 0.111111, 0.142857, 0.111111, 0.0, 0.212121]",0.113578,0.069037,"[21.136153, 21.719944, 23.621319, 22.179239, 24.563892, 24.966368, 25.017703, 25.506438, 23.86369, 23.985023]",23.655977,1.500039
5,dice,036_dice_lapin-on_$\gamma0.9$,10,"[0.261277, 0.42785, 0.309341, 0.374809, 0.374699, 0.388766, 0.355661, 0.411267, 0.436665, 0.363046]",0.370338,0.053379,"[0.341688, 0.386752, 0.331322, 0.376397, 0.351269, 0.382129, 0.361185, 0.385828, 0.428357, 0.377063]",0.372199,0.027593,"[0.186047, 0.117647, 0.026316, 0.057143, 0.171429, 0.083333, 0.142857, 0.111111, 0.0, 0.212121]",0.1108,0.069703,"[21.136153, 21.719944, 23.621319, 22.179239, 24.563892, 24.966368, 25.017703, 25.506438, 23.86369, 23.985023]",23.655977,1.500039
5,ip_beta0,049_ip_beta0_lapin-off_$\gamma0.3$,10,"[0.248873, 0.392924, 0.260161, 0.376898, 0.3309, 0.350197, 0.391854, 0.268412, 0.357457, 0.385159]",0.336284,0.056811,"[0.290609, 0.346565, 0.292753, 0.347087, 0.326133, 0.354667, 0.371772, 0.271685, 0.381728, 0.382953]",0.336595,0.039888,"[0.046512, 0.058824, 0.026316, 0.085714, 0.028571, 0.055556, 0.028571, 0.138889, 0.0, 0.0]",0.046895,0.041741,"[14.470012, 12.962429, 14.008082, 14.016074, 12.44635, 13.500456, 12.200209, 15.246713, 14.115954, 11.374051]",13.434033,1.176651
5,ip_beta0,050_ip_beta0_lapin-off_$\gamma0.5$,10,"[0.401663, 0.513929, 0.427978, 0.480956, 0.450164, 0.477525, 0.470783, 0.418012, 0.445398, 0.487207]",0.457362,0.03487,"[0.404631, 0.441982, 0.42754, 0.431978, 0.40954, 0.442881, 0.459815, 0.364607, 0.439447, 0.486605]",0.430903,0.033052,"[0.046512, 0.058824, 0.026316, 0.085714, 0.028571, 0.055556, 0.028571, 0.138889, 0.0, 0.0]",0.046895,0.041741,"[14.470012, 12.962429, 14.008082, 14.016074, 12.44635, 13.500456, 12.200209, 15.246713, 14.115954, 11.374051]",13.434033,1.176651
5,ip_beta0,051_ip_beta0_lapin-off_$\gamma0.6$,10,"[0.437262, 0.516264, 0.441583, 0.505008, 0.453983, 0.477591, 0.47799, 0.447261, 0.435816, 0.49559]",0.468835,0.029721,"[0.4443, 0.47161, 0.450637, 0.469898, 0.414955, 0.465207, 0.485418, 0.388916, 0.435498, 0.494008]",0.452045,0.032397,"[0.046512, 0.058824, 0.026316, 0.085714, 0.028571, 0.055556, 0.028571, 0.138889, 0.0, 0.0]",0.046895,0.041741,"[14.470012, 12.962429, 14.008082, 14.016074, 12.44635, 13.500456, 12.200209, 15.246713, 14.115954, 11.374051]",13.434033,1.176651
5,ip_beta0,052_ip_beta0_lapin-off_$\gamma0.7$,10,"[0.438228, 0.512631, 0.449037, 0.497468, 0.443705, 0.475063, 0.485666, 0.457499, 0.453881, 0.491206]",0.470438,0.025489,"[0.43974, 0.492888, 0.44114, 0.457542, 0.423927, 0.455403, 0.502104, 0.401348, 0.460753, 0.494729]",0.456957,0.032495,"[0.046512, 0.058824, 0.026316, 0.085714, 0.028571, 0.055556, 0.028571, 0.138889, 0.0, 0.0]",0.046895,0.041741,"[14.470012, 12.962429, 14.008082, 14.016074, 12.44635, 13.500456, 12.200209, 15.246713, 14.115954, 11.374051]",13.434033,1.176651
5,ip_beta0,053_ip_beta0_lapin-off_$\gamma0.8$,10,"[0.42938, 0.500253, 0.455829, 0.48153, 0.45353, 0.468195, 0.489542, 0.432905, 0.448206, 0.484026]",0.46434,0.024227,"[0.436045, 0.485255, 0.446559, 0.449757, 0.463162, 0.456865, 0.503197, 0.408131, 0.468351, 0.482913]",0.460024,0.02722,"[0.046512, 0.058824, 0.026316, 0.085714, 0.028571, 0.055556, 0.028571, 0.138889, 0.0, 0.0]",0.046895,0.041741,"[14.470012, 12.962429, 14.008082, 14.016074, 12.44635, 13.500456, 12.200209, 15.246713, 14.115954, 11.374051]",13.434033,1.176651
5,ip_beta0,054_ip_beta0_lapin-off_$\gamma0.9$,10,"[0.424774, 0.495639, 0.429172, 0.464941, 0.445701, 0.456209, 0.482012, 0.422643, 0.445667, 0.471532]",0.453829,0.024816,"[0.434779, 0.486989, 0.44499, 0.448456, 0.458883, 0.456789, 0.494081, 0.405147, 0.465394, 0.469992]",0.45655,0.025636,"[0.046512, 0.058824, 0.026316, 0.085714, 0.028571, 0.055556, 0.028571, 0.138889, 0.0, 0.0]",0.046895,0.041741,"[14.470012, 12.962429, 14.008082, 14.016074, 12.44635, 13.500456, 12.200209, 15.246713, 14.115954, 11.374051]",13.434033,1.176651
5,ip_beta0,055_ip_beta0_lapin-on_$\gamma0.3$,10,"[0.19578, 0.133849, 0.148752, 0.189161, 0.243761, 0.114449, 0.233462, 0.147849, 0.108498, 0.182349]",0.169791,0.046868,"[0.225806, 0.18696, 0.17299, 0.241073, 0.316951, 0.161038, 0.216409, 0.206739, 0.139691, 0.221423]",0.208908,0.049515,"[0.209302, 0.617647, 0.473684, 0.6, 0.628571, 0.611111, 0.514286, 0.555556, 0.513514, 0.818182]",0.554185,0.153936,"[27.461285, 29.66334, 30.490809, 30.77551, 31.085348, 32.144684, 28.835603, 30.720406, 30.834787, 31.297243]",30.330902,1.34734
5,ip_beta0,056_ip_beta0_lapin-on_$\gamma0.5$,10,"[0.34306, 0.22815, 0.299182, 0.343077, 0.374513, 0.237742, 0.397177, 0.260765, 0.223441, 0.245553]",0.295266,0.064881,"[0.338526, 0.288964, 0.287338, 0.342485, 0.414773, 0.276789, 0.369581, 0.292338, 0.25449, 0.29151]",0.315679,0.049293,"[0.209302, 0.617647, 0.473684, 0.6, 0.628571, 0.611111, 0.514286, 0.555556, 0.513514, 0.818182]",0.554185,0.153936,"[27.461285, 29.66334, 30.490809, 30.77551, 31.085348, 32.144684, 28.835603, 30.720406, 30.834787, 31.297243]",30.330902,1.34734
5,ip_beta0,057_ip_beta0_lapin-on_$\gamma0.6$,10,"[0.379436, 0.284598, 0.355606, 0.3743, 0.407796, 0.306772, 0.440942, 0.333172, 0.260795, 0.27822]",0.342164,0.059651,"[0.355186, 0.301466, 0.318003, 0.361958, 0.410442, 0.320067, 0.424815, 0.317213, 0.293503, 0.331159]",0.343381,0.044571,"[0.209302, 0.617647, 0.473684, 0.6, 0.628571, 0.611111, 0.514286, 0.555556, 0.513514, 0.818182]",0.554185,0.153936,"[27.461285, 29.66334, 30.490809, 30.77551, 31.085348, 32.144684, 28.835603, 30.720406, 30.834787, 31.297243]",30.330902,1.34734
5,ip_beta0,058_ip_beta0_lapin-on_$\gamma0.7$,10,"[0.378093, 0.378251, 0.362278, 0.377228, 0.38455, 0.360383, 0.453003, 0.341577, 0.315524, 0.337786]",0.368867,0.036877,"[0.373957, 0.36754, 0.360396, 0.390771, 0.401718, 0.376861, 0.478648, 0.324603, 0.366005, 0.34589]",0.378639,0.041251,"[0.209302, 0.617647, 0.473684, 0.6, 0.628571, 0.611111, 0.514286, 0.555556, 0.513514, 0.818182]",0.554185,0.153936,"[27.461285, 29.66334, 30.490809, 30.77551, 31.085348, 32.144684, 28.835603, 30.720406, 30.834787, 31.297243]",30.330902,1.34734
5,ip_beta0,059_ip_beta0_lapin-on_$\gamma0.8$,10,"[0.365542, 0.420169, 0.383712, 0.372101, 0.371029, 0.351614, 0.445691, 0.334946, 0.3291, 0.351746]",0.372565,0.036464,"[0.411914, 0.383371, 0.389166, 0.380215, 0.390471, 0.378925, 0.478991, 0.334976, 0.38041, 0.355418]",0.388386,0.037936,"[0.209302, 0.617647, 0.473684, 0.571429, 0.628571, 0.611111, 0.514286, 0.555556, 0.486486, 0.818182]",0.548625,0.154231,"[27.461285, 29.66334, 30.490809, 30.77551, 31.085348, 32.144684, 28.835603, 30.720406, 30.834787, 31.297243]",30.330902,1.34734
5,ip_beta0,060_ip_beta0_lapin-on_$\gamma0.9$,10,"[0.367145, 0.399627, 0.381365, 0.366468, 0.351747, 0.319193, 0.431142, 0.340012, 0.301583, 0.356334]",0.361462,0.037592,"[0.404585, 0.392634, 0.398973, 0.37504, 0.382416, 0.360833, 0.470605, 0.346965, 0.373697, 0.387255]",0.3893,0.033416,"[0.209302, 0.617647, 0.447368, 0.571429, 0.628571, 0.611111, 0.514286, 0.555556, 0.486486, 0.818182]",0.545994,0.155868,"[27.461285, 29.66334, 30.490809, 30.77551, 31.085348, 32.144684, 28.835603, 30.720406, 30.834787, 31.297243]",30.330902,1.34734
5,ip_beta0.5,061_ip_beta0.5_lapin-off_$\gamma0.3$,10,"[0.13801, 0.229747, 0.307811, 0.306323, 0.276993, 0.301875, 0.273018, 0.225243, 0.337328, 0.367852]",0.27642,0.065459,"[0.213929, 0.252817, 0.308167, 0.303987, 0.302281, 0.337129, 0.264557, 0.274951, 0.35014, 0.384897]",0.299286,0.050223,"[0.069767, 0.176471, 0.052632, 0.057143, 0.085714, 0.083333, 0.057143, 0.111111, 0.027027, 0.060606]",0.078095,0.041316,"[16.905926, 16.341612, 15.038463, 14.733261, 15.538179, 13.874254, 13.442769, 18.783209, 15.545952, 12.595417]",15.279904,1.798033
5,ip_beta0.5,062_ip_beta0.5_lapin-off_$\gamma0.5$,10,"[0.30088, 0.378651, 0.455227, 0.396233, 0.390836, 0.437789, 0.378349, 0.401557, 0.437703, 0.456794]",0.403402,0.046974,"[0.311425, 0.36136, 0.396499, 0.32307, 0.350639, 0.406902, 0.324603, 0.346324, 0.437003, 0.42878]",0.36866,0.045576,"[0.069767, 0.176471, 0.052632, 0.057143, 0.085714, 0.083333, 0.057143, 0.111111, 0.027027, 0.060606]",0.078095,0.041316,"[16.905926, 16.341612, 15.038463, 14.733261, 15.538179, 13.874254, 13.442769, 18.783209, 15.545952, 12.595417]",15.279904,1.798033
5,ip_beta0.5,063_ip_beta0.5_lapin-off_$\gamma0.6$,10,"[0.355042, 0.443119, 0.464108, 0.397741, 0.410816, 0.451858, 0.438781, 0.408431, 0.43597, 0.464242]",0.427011,0.034159,"[0.343068, 0.396759, 0.422163, 0.330187, 0.363267, 0.414294, 0.390578, 0.362558, 0.432924, 0.43467]",0.389047,0.037635,"[0.069767, 0.176471, 0.052632, 0.057143, 0.085714, 0.083333, 0.057143, 0.111111, 0.027027, 0.060606]",0.078095,0.041316,"[16.905926, 16.341612, 15.038463, 14.733261, 15.538179, 13.874254, 13.442769, 18.783209, 15.545952, 12.595417]",15.279904,1.798033
5,ip_beta0.5,064_ip_beta0.5_lapin-off_$\gamma0.7$,10,"[0.375156, 0.450842, 0.476931, 0.41019, 0.412391, 0.443169, 0.449652, 0.414925, 0.440161, 0.456178]",0.43296,0.029505,"[0.350361, 0.410285, 0.44045, 0.341518, 0.403416, 0.446961, 0.414354, 0.381004, 0.423905, 0.44644]",0.405869,0.037703,"[0.069767, 0.176471, 0.052632, 0.057143, 0.085714, 0.083333, 0.057143, 0.111111, 0.027027, 0.060606]",0.078095,0.041316,"[16.905926, 16.341612, 15.038463, 14.733261, 15.538179, 13.874254, 13.442769, 18.783209, 15.545952, 12.595417]",15.279904,1.798033
5,ip_beta0.5,065_ip_beta0.5_lapin-off_$\gamma0.8$,10,"[0.388281, 0.453418, 0.473492, 0.389539, 0.410258, 0.423668, 0.443507, 0.429892, 0.434922, 0.44372]",0.42907,0.027149,"[0.372698, 0.433514, 0.442032, 0.346352, 0.402368, 0.446419, 0.44136, 0.391376, 0.42218, 0.442375]",0.414067,0.034589,"[0.069767, 0.176471, 0.052632, 0.057143, 0.085714, 0.055556, 0.057143, 0.111111, 0.027027, 0.060606]",0.075317,0.041855,"[16.905926, 16.341612, 15.038463, 14.733261, 15.538179, 13.874254, 13.442769, 18.783209, 15.545952, 12.595417]",15.279904,1.798033
5,ip_beta0.5,066_ip_beta0.5_lapin-off_$\gamma0.9$,10,"[0.378157, 0.440595, 0.455307, 0.411692, 0.408358, 0.423721, 0.431854, 0.411024, 0.43122, 0.434925]",0.422685,0.021441,"[0.3981, 0.433678, 0.452448, 0.406964, 0.403842, 0.438643, 0.447896, 0.395993, 0.423521, 0.433442]",0.423453,0.020887,"[0.069767, 0.176471, 0.052632, 0.057143, 0.085714, 0.027778, 0.028571, 0.111111, 0.027027, 0.030303]",0.066652,0.047784,"[16.905926, 16.341612, 15.038463, 14.733261, 15.538179, 13.874254, 13.442769, 18.783209, 15.545952, 12.595417]",15.279904,1.798033
5,ip_beta0.5,067_ip_beta0.5_lapin-on_$\gamma0.3$,10,"[0.135267, 0.117575, 0.094585, 0.140773, 0.135655, 0.133291, 0.178922, 0.12508, 0.047501, 0.096286]",0.120494,0.035042,"[0.21205, 0.186904, 0.166598, 0.17879, 0.183945, 0.205445, 0.192941, 0.185868, 0.113928, 0.143418]",0.176989,0.029314,"[0.418605, 0.588235, 0.342105, 0.542857, 0.857143, 0.333333, 0.514286, 0.222222, 0.594595, 0.515152]",0.492853,0.177181,"[33.215339, 33.240116, 25.841131, 31.844212, 40.366147, 25.987804, 28.181096, 28.885666, 36.517736, 25.852657]",30.99319,4.938016
5,ip_beta0.5,068_ip_beta0.5_lapin-on_$\gamma0.5$,10,"[0.240944, 0.200197, 0.185066, 0.24126, 0.267241, 0.247501, 0.295704, 0.243774, 0.178225, 0.18923]",0.228914,0.038994,"[0.303932, 0.254389, 0.266082, 0.279717, 0.282157, 0.298112, 0.288716, 0.274764, 0.191544, 0.248145]",0.268756,0.032375,"[0.418605, 0.588235, 0.342105, 0.542857, 0.857143, 0.333333, 0.514286, 0.222222, 0.594595, 0.515152]",0.492853,0.177181,"[33.215339, 33.240116, 25.841131, 31.844212, 40.366147, 25.987804, 28.181096, 28.885666, 36.517736, 25.852657]",30.99319,4.938016
5,ip_beta0.5,069_ip_beta0.5_lapin-on_$\gamma0.6$,10,"[0.290708, 0.253296, 0.263407, 0.309729, 0.310796, 0.312615, 0.335043, 0.331403, 0.205522, 0.219162]",0.283168,0.045727,"[0.338168, 0.279624, 0.320834, 0.319955, 0.28688, 0.33233, 0.302949, 0.31725, 0.230418, 0.27576]",0.300417,0.032754,"[0.418605, 0.588235, 0.342105, 0.542857, 0.857143, 0.333333, 0.514286, 0.222222, 0.594595, 0.515152]",0.492853,0.177181,"[33.215339, 33.240116, 25.841131, 31.844212, 40.366147, 25.987804, 28.181096, 28.885666, 36.517736, 25.852657]",30.99319,4.938016
5,ip_beta0.5,070_ip_beta0.5_lapin-on_$\gamma0.7$,10,"[0.301793, 0.307327, 0.289093, 0.345629, 0.310153, 0.334963, 0.34724, 0.347362, 0.209251, 0.261951]",0.305476,0.044022,"[0.334669, 0.334064, 0.327695, 0.33621, 0.282589, 0.344959, 0.336668, 0.335391, 0.240588, 0.320146]",0.319298,0.032615,"[0.418605, 0.588235, 0.342105, 0.542857, 0.857143, 0.333333, 0.514286, 0.222222, 0.594595, 0.515152]",0.492853,0.177181,"[33.215339, 33.240116, 25.841131, 31.844212, 40.366147, 25.987804, 28.181096, 28.885666, 36.517736, 25.852657]",30.99319,4.938016
5,ip_beta0.5,071_ip_beta0.5_lapin-on_$\gamma0.8$,10,"[0.308521, 0.354892, 0.284216, 0.375338, 0.328709, 0.366328, 0.338883, 0.338851, 0.191462, 0.280323]",0.316752,0.054382,"[0.343907, 0.35809, 0.325478, 0.354488, 0.27829, 0.361905, 0.342409, 0.347041, 0.237707, 0.337404]",0.328672,0.039852,"[0.395349, 0.588235, 0.315789, 0.542857, 0.828571, 0.333333, 0.485714, 0.222222, 0.540541, 0.515152]",0.476776,0.171299,"[33.215339, 33.240116, 25.841131, 31.844212, 40.366147, 25.987804, 28.181096, 28.885666, 36.517736, 25.852657]",30.99319,4.938016
5,ip_beta0.5,072_ip_beta0.5_lapin-on_$\gamma0.9$,10,"[0.292982, 0.35576, 0.286663, 0.354669, 0.310627, 0.367013, 0.347794, 0.355355, 0.177504, 0.292916]",0.314128,0.057093,"[0.329246, 0.358182, 0.333873, 0.341276, 0.293967, 0.356965, 0.355788, 0.358928, 0.244027, 0.342988]",0.331524,0.036517,"[0.395349, 0.588235, 0.315789, 0.542857, 0.828571, 0.333333, 0.457143, 0.222222, 0.540541, 0.515152]",0.473919,0.171371,"[33.215339, 33.240116, 25.841131, 31.844212, 40.366147, 25.987804, 28.181096, 28.885666, 36.517736, 25.852657]",30.99319,4.938016
5,ip_beta1,073_ip_beta1_lapin-off_$\gamma0.3$,10,"[0.119873, 0.22116, 0.171089, 0.181358, 0.136218, 0.217026, 0.140137, 0.157345, 0.177389, 0.243635]",0.176523,0.040437,"[0.172668, 0.255434, 0.227653, 0.214243, 0.189321, 0.259877, 0.211029, 0.20642, 0.238599, 0.287942]",0.226319,0.034875,"[0.046512, 0.088235, 0.078947, 0.114286, 0.028571, 0.055556, 0.114286, 0.222222, 0.027027, 0.060606]",0.083625,0.057795,"[15.691276, 17.134282, 16.17046, 17.270663, 14.629218, 12.866331, 12.827151, 17.574956, 17.756558, 13.240512]",15.516141,1.989724
5,ip_beta1,074_ip_beta1_lapin-off_$\gamma0.5$,10,"[0.272856, 0.401552, 0.308324, 0.377444, 0.30043, 0.359124, 0.255576, 0.326377, 0.363307, 0.34633]",0.331132,0.046838,"[0.300328, 0.350995, 0.336056, 0.348793, 0.32831, 0.387776, 0.307271, 0.298712, 0.355778, 0.336102]",0.335012,0.027885,"[0.046512, 0.088235, 0.078947, 0.114286, 0.028571, 0.055556, 0.114286, 0.222222, 0.027027, 0.060606]",0.083625,0.057795,"[15.691276, 17.134282, 16.17046, 17.270663, 14.629218, 12.866331, 12.827151, 17.574956, 17.756558, 13.240512]",15.516141,1.989724
5,ip_beta1,075_ip_beta1_lapin-off_$\gamma0.6$,10,"[0.330503, 0.409658, 0.38145, 0.397543, 0.297217, 0.344736, 0.297306, 0.411145, 0.38128, 0.373263]",0.36241,0.042814,"[0.361815, 0.366324, 0.380139, 0.355329, 0.34256, 0.39854, 0.345122, 0.332042, 0.38975, 0.353276]",0.36249,0.021425,"[0.046512, 0.088235, 0.078947, 0.114286, 0.028571, 0.055556, 0.114286, 0.222222, 0.027027, 0.060606]",0.083625,0.057795,"[15.691276, 17.134282, 16.17046, 17.270663, 14.629218, 12.866331, 12.827151, 17.574956, 17.756558, 13.240512]",15.516141,1.989724
5,ip_beta1,076_ip_beta1_lapin-off_$\gamma0.7$,10,"[0.370593, 0.41198, 0.411293, 0.387112, 0.320787, 0.357883, 0.303077, 0.446669, 0.379445, 0.375781]",0.376462,0.042676,"[0.39073, 0.389353, 0.393812, 0.376148, 0.367147, 0.395513, 0.355617, 0.359789, 0.400394, 0.378334]",0.380684,0.015745,"[0.046512, 0.088235, 0.078947, 0.114286, 0.028571, 0.055556, 0.114286, 0.222222, 0.027027, 0.060606]",0.083625,0.057795,"[15.691276, 17.134282, 16.17046, 17.270663, 14.629218, 12.866331, 12.827151, 17.574956, 17.756558, 13.240512]",15.516141,1.989724
5,ip_beta1,077_ip_beta1_lapin-off_$\gamma0.8$,10,"[0.380271, 0.406936, 0.406415, 0.388255, 0.343345, 0.371091, 0.320326, 0.436014, 0.388408, 0.364872]",0.380593,0.033181,"[0.393884, 0.412769, 0.395969, 0.388215, 0.390904, 0.398222, 0.363326, 0.362607, 0.399408, 0.374249]",0.387955,0.016321,"[0.046512, 0.088235, 0.078947, 0.114286, 0.028571, 0.055556, 0.114286, 0.222222, 0.027027, 0.060606]",0.083625,0.057795,"[15.691276, 17.134282, 16.17046, 17.270663, 14.629218, 12.866331, 12.827151, 17.574956, 17.756558, 13.240512]",15.516141,1.989724
5,ip_beta1,078_ip_beta1_lapin-off_$\gamma0.9$,10,"[0.37318, 0.40845, 0.403904, 0.380036, 0.339327, 0.367588, 0.313674, 0.407375, 0.384627, 0.358993]",0.373715,0.030645,"[0.387198, 0.404452, 0.39896, 0.39046, 0.390701, 0.391789, 0.376341, 0.362159, 0.394808, 0.38572]",0.388259,0.011896,"[0.046512, 0.088235, 0.078947, 0.114286, 0.028571, 0.055556, 0.114286, 0.222222, 0.027027, 0.060606]",0.083625,0.057795,"[15.691276, 17.134282, 16.17046, 17.270663, 14.629218, 12.866331, 12.827151, 17.574956, 17.756558, 13.240512]",15.516141,1.989724
5,ip_beta1,079_ip_beta1_lapin-on_$\gamma0.3$,10,"[0.068417, 0.080231, 0.146762, 0.134733, 0.064658, 0.042846, 0.081539, 0.060897, 0.046689, 0.058096]",0.078487,0.035177,"[0.122908, 0.131788, 0.228961, 0.216226, 0.131087, 0.091349, 0.114311, 0.131881, 0.091701, 0.116185]",0.13764,0.047259,"[0.302326, 0.558824, 0.447368, 0.542857, 0.342857, 0.388889, 0.485714, 0.611111, 0.486486, 0.363636]",0.453007,0.101885,"[32.530732, 30.982969, 33.905033, 30.635105, 29.300135, 28.275607, 31.730111, 32.78234, 38.742002, 25.228306]",31.411234,3.597798
5,ip_beta1,080_ip_beta1_lapin-on_$\gamma0.5$,10,"[0.170936, 0.153419, 0.27884, 0.208761, 0.143528, 0.067325, 0.214838, 0.185442, 0.128551, 0.118438]",0.167008,0.05907,"[0.232432, 0.262047, 0.303063, 0.298238, 0.256386, 0.178299, 0.233829, 0.215028, 0.182077, 0.203418]",0.236482,0.04374,"[0.302326, 0.558824, 0.447368, 0.542857, 0.342857, 0.388889, 0.485714, 0.611111, 0.486486, 0.363636]",0.453007,0.101885,"[32.530732, 30.982969, 33.905033, 30.635105, 29.300135, 28.275607, 31.730111, 32.78234, 38.742002, 25.228306]",31.411234,3.597798
5,ip_beta1,081_ip_beta1_lapin-on_$\gamma0.6$,10,"[0.203231, 0.252385, 0.312294, 0.263291, 0.183917, 0.127064, 0.247755, 0.265081, 0.193429, 0.17325]",0.22217,0.055084,"[0.253951, 0.297911, 0.307131, 0.337129, 0.300724, 0.216494, 0.271585, 0.248238, 0.253591, 0.243987]",0.273074,0.0366,"[0.302326, 0.558824, 0.447368, 0.542857, 0.342857, 0.388889, 0.485714, 0.611111, 0.486486, 0.363636]",0.453007,0.101885,"[32.530732, 30.982969, 33.905033, 30.635105, 29.300135, 28.275607, 31.730111, 32.78234, 38.742002, 25.228306]",31.411234,3.597798
5,ip_beta1,082_ip_beta1_lapin-on_$\gamma0.7$,10,"[0.221103, 0.274478, 0.316587, 0.283911, 0.212812, 0.201378, 0.285645, 0.326052, 0.236505, 0.181493]",0.253996,0.050039,"[0.278005, 0.313055, 0.33914, 0.332694, 0.306767, 0.24553, 0.291378, 0.283317, 0.274651, 0.257254]",0.292179,0.030693,"[0.302326, 0.558824, 0.447368, 0.542857, 0.342857, 0.388889, 0.485714, 0.611111, 0.486486, 0.363636]",0.453007,0.101885,"[32.530732, 30.982969, 33.905033, 30.635105, 29.300135, 28.275607, 31.730111, 32.78234, 38.742002, 25.228306]",31.411234,3.597798
5,ip_beta1,083_ip_beta1_lapin-on_$\gamma0.8$,10,"[0.26184, 0.270042, 0.341062, 0.298548, 0.217749, 0.236202, 0.29807, 0.303928, 0.255863, 0.229511]",0.271282,0.038824,"[0.289554, 0.309584, 0.364854, 0.323577, 0.300725, 0.281219, 0.302938, 0.305577, 0.289758, 0.279827]",0.304761,0.025036,"[0.255814, 0.529412, 0.421053, 0.514286, 0.342857, 0.388889, 0.485714, 0.611111, 0.486486, 0.363636]",0.439926,0.10499,"[32.530732, 30.982969, 33.905033, 30.635105, 29.300135, 28.275607, 31.730111, 32.78234, 38.742002, 25.228306]",31.411234,3.597798
5,ip_beta1,084_ip_beta1_lapin-on_$\gamma0.9$,10,"[0.246984, 0.267846, 0.337569, 0.281075, 0.227392, 0.266907, 0.301741, 0.3076, 0.25927, 0.202202]",0.269859,0.039694,"[0.30255, 0.30841, 0.356956, 0.313207, 0.297195, 0.300548, 0.321739, 0.304458, 0.299747, 0.289496]",0.309431,0.018907,"[0.255814, 0.5, 0.421053, 0.514286, 0.342857, 0.388889, 0.485714, 0.611111, 0.459459, 0.363636]",0.434282,0.10149,"[32.530732, 30.982969, 33.905033, 30.635105, 29.300135, 28.275607, 31.730111, 32.78234, 38.742002, 25.228306]",31.411234,3.597798
5,kul,013_kul_lapin-off_$\gamma0.3$,10,"[0.411253, 0.379486, 0.431081, 0.354862, 0.335418, 0.381632, 0.387075, 0.406518, 0.341227, 0.342855]",0.377141,0.032936,"[0.392914, 0.34934, 0.372745, 0.325416, 0.306036, 0.335604, 0.373368, 0.337295, 0.331412, 0.331431]",0.345556,0.026466,"[0.162791, 0.294118, 0.157895, 0.314286, 0.314286, 0.333333, 0.285714, 0.305556, 0.378378, 0.333333]",0.287969,0.071969,"[18.613398, 16.489951, 17.336024, 19.323243, 17.829568, 17.652392, 18.002885, 17.688147, 20.419654, 16.771996]",18.012726,1.176463
5,kul,014_kul_lapin-off_$\gamma0.5$,10,"[0.481545, 0.422062, 0.469357, 0.41106, 0.439473, 0.439034, 0.433532, 0.480411, 0.438557, 0.409372]",0.44244,0.026466,"[0.411363, 0.364431, 0.380195, 0.347375, 0.345702, 0.338446, 0.399695, 0.350107, 0.356442, 0.360951]",0.365471,0.024225,"[0.162791, 0.294118, 0.157895, 0.314286, 0.314286, 0.333333, 0.285714, 0.305556, 0.378378, 0.333333]",0.287969,0.071969,"[18.613398, 16.489951, 17.336024, 19.323243, 17.829568, 17.652392, 18.002885, 17.688147, 20.419654, 16.771996]",18.012726,1.176463
5,kul,015_kul_lapin-off_$\gamma0.6$,10,"[0.473521, 0.410205, 0.471842, 0.421959, 0.461885, 0.446117, 0.424297, 0.461528, 0.448537, 0.40709]",0.442698,0.025078,"[0.405674, 0.369888, 0.378725, 0.360625, 0.364033, 0.331878, 0.381495, 0.347635, 0.349529, 0.358079]",0.364756,0.020667,"[0.162791, 0.294118, 0.157895, 0.314286, 0.314286, 0.333333, 0.285714, 0.305556, 0.378378, 0.333333]",0.287969,0.071969,"[18.613398, 16.489951, 17.336024, 19.323243, 17.829568, 17.652392, 18.002885, 17.688147, 20.419654, 16.771996]",18.012726,1.176463
5,kul,016_kul_lapin-off_$\gamma0.7$,10,"[0.454104, 0.401746, 0.466214, 0.392746, 0.442984, 0.43989, 0.404265, 0.461048, 0.4221, 0.390897]",0.427599,0.028877,"[0.396974, 0.361865, 0.381314, 0.342361, 0.357991, 0.342176, 0.365635, 0.356472, 0.345891, 0.338258]",0.358894,0.018742,"[0.162791, 0.294118, 0.157895, 0.314286, 0.314286, 0.333333, 0.285714, 0.305556, 0.378378, 0.333333]",0.287969,0.071969,"[18.613398, 16.489951, 17.336024, 19.323243, 17.829568, 17.652392, 18.002885, 17.688147, 20.419654, 16.771996]",18.012726,1.176463
5,kul,017_kul_lapin-off_$\gamma0.8$,10,"[0.434492, 0.393123, 0.448648, 0.376253, 0.435024, 0.396907, 0.386287, 0.443793, 0.399316, 0.355084]",0.406893,0.031715,"[0.388059, 0.347819, 0.368209, 0.318711, 0.354402, 0.332992, 0.349367, 0.349133, 0.345629, 0.325635]",0.347996,0.020128,"[0.162791, 0.294118, 0.157895, 0.314286, 0.314286, 0.333333, 0.285714, 0.305556, 0.378378, 0.333333]",0.287969,0.071969,"[18.613398, 16.489951, 17.336024, 19.323243, 17.829568, 17.652392, 18.002885, 17.688147, 20.419654, 16.771996]",18.012726,1.176463
5,kul,018_kul_lapin-off_$\gamma0.9$,10,"[0.422398, 0.365339, 0.428246, 0.364881, 0.411231, 0.369489, 0.361484, 0.404711, 0.387407, 0.344509]",0.38597,0.028995,"[0.388381, 0.335941, 0.367257, 0.305033, 0.344511, 0.332843, 0.347371, 0.346862, 0.334286, 0.314177]",0.341666,0.023962,"[0.162791, 0.264706, 0.157895, 0.314286, 0.314286, 0.333333, 0.285714, 0.305556, 0.351351, 0.333333]",0.282325,0.068835,"[18.613398, 16.489951, 17.336024, 19.323243, 17.829568, 17.652392, 18.002885, 17.688147, 20.419654, 16.771996]",18.012726,1.176463
5,kul,019_kul_lapin-on_$\gamma0.3$,10,"[0.087225, 0.146958, 0.08913, 0.108135, 0.20347, 0.091867, 0.175409, 0.271648, 0.186937, 0.147286]",0.150806,0.060051,"[0.153623, 0.151191, 0.137405, 0.14649, 0.220083, 0.136475, 0.169988, 0.294578, 0.210064, 0.202093]",0.182199,0.05004,"[0.093023, 0.205882, 0.236842, 0.285714, 0.085714, 0.138889, 0.085714, 0.027778, 0.081081, 0.181818]",0.142246,0.082204,"[22.508468, 24.460999, 28.927166, 27.745599, 23.909781, 24.025577, 22.584047, 20.495914, 24.157773, 22.059119]",24.087444,2.554983
5,kul,020_kul_lapin-on_$\gamma0.5$,10,"[0.245864, 0.333496, 0.194056, 0.296688, 0.388322, 0.211896, 0.348475, 0.419784, 0.396511, 0.329102]",0.316419,0.078184,"[0.29843, 0.256913, 0.236113, 0.280696, 0.357247, 0.265188, 0.285742, 0.396612, 0.384152, 0.324996]",0.308609,0.05508,"[0.093023, 0.205882, 0.236842, 0.285714, 0.085714, 0.138889, 0.085714, 0.027778, 0.081081, 0.181818]",0.142246,0.082204,"[22.508468, 24.460999, 28.927166, 27.745599, 23.909781, 24.025577, 22.584047, 20.495914, 24.157773, 22.059119]",24.087444,2.554983
5,kul,021_kul_lapin-on_$\gamma0.6$,10,"[0.295082, 0.372944, 0.288486, 0.354488, 0.410122, 0.328277, 0.397208, 0.425664, 0.442174, 0.347207]",0.366165,0.052996,"[0.329405, 0.275759, 0.280029, 0.304375, 0.37845, 0.335742, 0.321079, 0.412276, 0.415646, 0.336645]",0.338941,0.049335,"[0.093023, 0.205882, 0.236842, 0.285714, 0.085714, 0.138889, 0.085714, 0.027778, 0.081081, 0.181818]",0.142246,0.082204,"[22.508468, 24.460999, 28.927166, 27.745599, 23.909781, 24.025577, 22.584047, 20.495914, 24.157773, 22.059119]",24.087444,2.554983
5,kul,022_kul_lapin-on_$\gamma0.7$,10,"[0.293388, 0.379057, 0.331761, 0.346228, 0.429847, 0.376687, 0.398242, 0.435548, 0.445321, 0.359636]",0.379572,0.048949,"[0.357053, 0.306636, 0.296411, 0.304383, 0.401291, 0.37468, 0.372415, 0.411958, 0.41615, 0.363308]",0.360428,0.044634,"[0.093023, 0.205882, 0.236842, 0.285714, 0.085714, 0.138889, 0.085714, 0.027778, 0.081081, 0.181818]",0.142246,0.082204,"[22.508468, 24.460999, 28.927166, 27.745599, 23.909781, 24.025577, 22.584047, 20.495914, 24.157773, 22.059119]",24.087444,2.554983
5,kul,023_kul_lapin-on_$\gamma0.8$,10,"[0.298833, 0.394795, 0.365749, 0.350731, 0.427099, 0.360792, 0.418082, 0.427103, 0.436009, 0.390386]",0.386958,0.043312,"[0.360621, 0.325133, 0.322032, 0.34633, 0.39762, 0.371657, 0.394401, 0.419578, 0.405995, 0.390025]",0.373339,0.033938,"[0.093023, 0.205882, 0.236842, 0.285714, 0.085714, 0.138889, 0.085714, 0.027778, 0.081081, 0.181818]",0.142246,0.082204,"[22.508468, 24.460999, 28.927166, 27.745599, 23.909781, 24.025577, 22.584047, 20.495914, 24.157773, 22.059119]",24.087444,2.554983
5,kul,024_kul_lapin-on_$\gamma0.9$,10,"[0.306459, 0.383695, 0.376126, 0.318487, 0.414081, 0.357906, 0.403906, 0.426771, 0.428532, 0.376995]",0.379296,0.042149,"[0.361818, 0.331917, 0.35171, 0.34162, 0.40481, 0.365504, 0.395038, 0.41271, 0.397412, 0.384755]",0.374729,0.028059,"[0.093023, 0.205882, 0.236842, 0.257143, 0.085714, 0.138889, 0.057143, 0.027778, 0.081081, 0.181818]",0.136531,0.079691,"[22.508468, 24.460999, 28.927166, 27.745599, 23.909781, 24.025577, 22.584047, 20.495914, 24.157773, 22.059119]",24.087444,2.554983
5,ochiai,037_ochiai_lapin-off_$\gamma0.3$,10,"[0.397352, 0.319487, 0.3572, 0.366466, 0.36876, 0.388143, 0.295382, 0.441719, 0.286085, 0.30612]",0.352671,0.050153,"[0.341851, 0.319205, 0.335772, 0.319684, 0.33698, 0.334427, 0.320492, 0.415234, 0.249098, 0.281364]",0.325411,0.042844,"[0.116279, 0.470588, 0.394737, 0.257143, 0.257143, 0.305556, 0.342857, 0.194444, 0.540541, 0.424242]",0.330353,0.130211,"[18.229668, 19.540147, 20.082896, 17.610919, 16.858062, 18.571451, 19.446346, 18.817325, 22.236822, 17.397377]",18.879101,1.559586
5,ochiai,038_ochiai_lapin-off_$\gamma0.5$,10,"[0.480132, 0.395738, 0.430662, 0.423617, 0.418395, 0.446736, 0.387714, 0.462919, 0.359863, 0.343615]",0.414939,0.043625,"[0.407869, 0.347811, 0.353541, 0.338442, 0.351134, 0.355855, 0.360868, 0.416672, 0.290942, 0.304443]",0.352758,0.038853,"[0.116279, 0.470588, 0.394737, 0.257143, 0.257143, 0.305556, 0.342857, 0.194444, 0.540541, 0.424242]",0.330353,0.130211,"[18.229668, 19.540147, 20.082896, 17.610919, 16.858062, 18.571451, 19.446346, 18.817325, 22.236822, 17.397377]",18.879101,1.559586
5,ochiai,039_ochiai_lapin-off_$\gamma0.6$,10,"[0.482206, 0.393005, 0.444482, 0.430169, 0.40959, 0.446087, 0.423034, 0.449586, 0.40616, 0.385194]",0.426951,0.029617,"[0.40734, 0.334146, 0.344776, 0.356705, 0.341807, 0.349863, 0.351818, 0.398542, 0.293745, 0.31258]",0.349132,0.034312,"[0.116279, 0.470588, 0.394737, 0.257143, 0.257143, 0.305556, 0.342857, 0.194444, 0.540541, 0.424242]",0.330353,0.130211,"[18.229668, 19.540147, 20.082896, 17.610919, 16.858062, 18.571451, 19.446346, 18.817325, 22.236822, 17.397377]",18.879101,1.559586
5,ochiai,040_ochiai_lapin-off_$\gamma0.7$,10,"[0.472958, 0.380841, 0.432977, 0.419104, 0.406216, 0.433395, 0.415665, 0.438518, 0.427965, 0.422446]",0.425008,0.023704,"[0.40195, 0.319203, 0.344376, 0.366064, 0.339024, 0.348913, 0.341998, 0.383634, 0.290993, 0.327015]",0.346317,0.031847,"[0.116279, 0.470588, 0.394737, 0.257143, 0.257143, 0.305556, 0.342857, 0.194444, 0.540541, 0.424242]",0.330353,0.130211,"[18.229668, 19.540147, 20.082896, 17.610919, 16.858062, 18.571451, 19.446346, 18.817325, 22.236822, 17.397377]",18.879101,1.559586
5,ochiai,041_ochiai_lapin-off_$\gamma0.8$,10,"[0.466544, 0.361465, 0.399833, 0.402205, 0.382807, 0.408797, 0.393447, 0.420382, 0.415223, 0.406387]",0.405709,0.027276,"[0.392439, 0.301823, 0.33745, 0.342692, 0.329069, 0.340464, 0.327656, 0.36777, 0.29212, 0.31392]",0.33454,0.0297,"[0.116279, 0.470588, 0.368421, 0.257143, 0.257143, 0.305556, 0.342857, 0.194444, 0.540541, 0.424242]",0.327721,0.129026,"[18.229668, 19.540147, 20.082896, 17.610919, 16.858062, 18.571451, 19.446346, 18.817325, 22.236822, 17.397377]",18.879101,1.559586
5,ochiai,042_ochiai_lapin-off_$\gamma0.9$,10,"[0.447821, 0.326189, 0.375303, 0.358097, 0.367359, 0.389572, 0.364898, 0.410913, 0.382657, 0.344619]",0.376743,0.034294,"[0.386538, 0.293298, 0.315585, 0.34474, 0.314268, 0.327433, 0.331298, 0.355007, 0.288537, 0.321407]",0.327811,0.02905,"[0.116279, 0.470588, 0.368421, 0.257143, 0.228571, 0.305556, 0.342857, 0.194444, 0.540541, 0.424242]",0.324864,0.131063,"[18.229668, 19.540147, 20.082896, 17.610919, 16.858062, 18.571451, 19.446346, 18.817325, 22.236822, 17.397377]",18.879101,1.559586
5,ochiai,043_ochiai_lapin-on_$\gamma0.3$,10,"[0.085621, 0.183517, 0.118282, 0.117961, 0.115394, 0.107708, 0.131514, 0.176601, 0.251937, 0.0797]",0.136824,0.052634,"[0.137575, 0.203961, 0.158948, 0.132346, 0.140815, 0.130598, 0.177269, 0.173066, 0.259975, 0.144124]",0.165868,0.040559,"[0.023256, 0.117647, 0.052632, 0.142857, 0.085714, 0.055556, 0.114286, 0.138889, 0.054054, 0.181818]",0.096671,0.050411,"[25.858373, 22.278157, 21.661337, 25.008671, 23.426907, 23.131181, 24.302585, 26.361418, 25.080733, 21.272065]",23.838143,1.763955
5,ochiai,044_ochiai_lapin-on_$\gamma0.5$,10,"[0.181172, 0.402799, 0.208045, 0.220442, 0.223751, 0.293612, 0.354634, 0.311714, 0.421806, 0.242374]",0.286035,0.084759,"[0.236447, 0.315893, 0.260062, 0.230493, 0.224827, 0.292116, 0.286314, 0.260609, 0.339578, 0.277799]",0.272414,0.037445,"[0.023256, 0.117647, 0.052632, 0.142857, 0.085714, 0.055556, 0.114286, 0.138889, 0.054054, 0.181818]",0.096671,0.050411,"[25.858373, 22.278157, 21.661337, 25.008671, 23.426907, 23.131181, 24.302585, 26.361418, 25.080733, 21.272065]",23.838143,1.763955
5,ochiai,045_ochiai_lapin-on_$\gamma0.6$,10,"[0.23827, 0.426274, 0.309681, 0.298622, 0.257791, 0.322694, 0.390847, 0.377504, 0.45336, 0.3229]",0.339794,0.070408,"[0.273082, 0.392637, 0.335522, 0.2701, 0.259729, 0.311955, 0.33942, 0.32953, 0.374255, 0.305874]",0.31921,0.044109,"[0.023256, 0.117647, 0.052632, 0.142857, 0.085714, 0.055556, 0.114286, 0.138889, 0.054054, 0.181818]",0.096671,0.050411,"[25.858373, 22.278157, 21.661337, 25.008671, 23.426907, 23.131181, 24.302585, 26.361418, 25.080733, 21.272065]",23.838143,1.763955
5,ochiai,046_ochiai_lapin-on_$\gamma0.7$,10,"[0.292249, 0.419846, 0.3253, 0.317067, 0.274463, 0.319863, 0.407396, 0.417346, 0.463607, 0.349535]",0.358667,0.06369,"[0.316864, 0.382914, 0.361579, 0.279482, 0.271365, 0.336708, 0.366043, 0.346566, 0.417305, 0.335718]",0.341454,0.044623,"[0.023256, 0.117647, 0.052632, 0.142857, 0.085714, 0.055556, 0.114286, 0.138889, 0.054054, 0.181818]",0.096671,0.050411,"[25.858373, 22.278157, 21.661337, 25.008671, 23.426907, 23.131181, 24.302585, 26.361418, 25.080733, 21.272065]",23.838143,1.763955
5,ochiai,047_ochiai_lapin-on_$\gamma0.8$,10,"[0.26998, 0.429583, 0.336278, 0.349043, 0.303529, 0.327403, 0.405438, 0.424345, 0.46009, 0.35806]",0.366375,0.061192,"[0.325247, 0.387344, 0.376858, 0.311801, 0.320246, 0.350773, 0.363109, 0.35395, 0.425147, 0.334588]",0.354906,0.034809,"[0.046512, 0.117647, 0.052632, 0.142857, 0.085714, 0.055556, 0.114286, 0.138889, 0.054054, 0.181818]",0.098996,0.047074,"[25.858373, 22.278157, 21.661337, 25.008671, 23.426907, 23.131181, 24.302585, 26.361418, 25.080733, 21.272065]",23.838143,1.763955
5,ochiai,048_ochiai_lapin-on_$\gamma0.9$,10,"[0.27853, 0.414182, 0.351649, 0.318912, 0.315116, 0.314051, 0.400752, 0.415062, 0.446684, 0.353958]",0.36089,0.05547,"[0.343586, 0.373469, 0.383061, 0.337017, 0.351438, 0.363432, 0.372627, 0.371572, 0.431052, 0.368496]",0.369575,0.026019,"[0.046512, 0.117647, 0.052632, 0.142857, 0.085714, 0.055556, 0.114286, 0.138889, 0.054054, 0.181818]",0.098996,0.047074,"[25.858373, 22.278157, 21.661337, 25.008671, 23.426907, 23.131181, 24.302585, 26.361418, 25.080733, 21.272065]",23.838143,1.763955
6,cosip_beta0,085_cosip_beta0_lapin-off_$\gamma0.3$,10,"[0.327662, 0.310239, 0.390456, 0.322686, 0.394298, 0.316265, 0.377784, 0.359731, 0.284824, 0.354437]",0.343838,0.036995,"[0.33423, 0.307008, 0.359051, 0.303889, 0.363939, 0.336376, 0.327714, 0.340112, 0.298373, 0.332754]",0.330345,0.022058,"[0.282051, 0.282051, 0.186047, 0.315789, 0.186047, 0.317073, 0.295455, 0.243243, 0.352941, 0.317073]",0.277777,0.056326,"[19.002245, 19.045565, 18.973902, 19.478152, 18.597176, 19.846922, 21.45455, 17.775481, 17.620224, 20.362978]",19.21572,1.151392
6,cosip_beta0,086_cosip_beta0_lapin-off_$\gamma0.5$,10,"[0.36701, 0.388104, 0.417952, 0.371983, 0.395464, 0.371933, 0.425976, 0.387493, 0.373262, 0.378396]",0.387757,0.020164,"[0.349232, 0.322046, 0.360688, 0.327134, 0.350361, 0.351963, 0.370059, 0.354788, 0.330389, 0.318314]",0.343497,0.017683,"[0.282051, 0.282051, 0.186047, 0.315789, 0.186047, 0.317073, 0.295455, 0.243243, 0.352941, 0.317073]",0.277777,0.056326,"[19.002245, 19.045565, 18.973902, 19.478152, 18.597176, 19.846922, 21.45455, 17.775481, 17.620224, 20.362978]",19.21572,1.151392
6,cosip_beta0,087_cosip_beta0_lapin-off_$\gamma0.6$,10,"[0.360396, 0.385411, 0.40266, 0.348713, 0.372192, 0.35008, 0.426314, 0.366939, 0.382368, 0.374246]",0.376932,0.023857,"[0.339144, 0.320435, 0.345362, 0.314643, 0.328351, 0.339648, 0.362752, 0.343409, 0.327399, 0.318782]",0.333992,0.014789,"[0.282051, 0.282051, 0.186047, 0.315789, 0.186047, 0.317073, 0.295455, 0.243243, 0.352941, 0.317073]",0.277777,0.056326,"[19.002245, 19.045565, 18.973902, 19.478152, 18.597176, 19.846922, 21.45455, 17.775481, 17.620224, 20.362978]",19.21572,1.151392
6,cosip_beta0,088_cosip_beta0_lapin-off_$\gamma0.7$,10,"[0.345855, 0.374314, 0.391396, 0.326642, 0.369486, 0.341605, 0.413157, 0.340957, 0.367496, 0.349407]",0.362032,0.026346,"[0.318264, 0.306056, 0.32976, 0.294334, 0.321795, 0.315656, 0.349799, 0.328952, 0.31561, 0.304416]",0.318464,0.015564,"[0.282051, 0.282051, 0.186047, 0.315789, 0.186047, 0.317073, 0.295455, 0.243243, 0.352941, 0.317073]",0.277777,0.056326,"[19.002245, 19.045565, 18.973902, 19.478152, 18.597176, 19.846922, 21.45455, 17.775481, 17.620224, 20.362978]",19.21572,1.151392
6,cosip_beta0,089_cosip_beta0_lapin-off_$\gamma0.8$,10,"[0.326454, 0.360773, 0.3727, 0.301422, 0.337879, 0.332167, 0.367645, 0.323587, 0.357116, 0.32464]",0.340438,0.023092,"[0.293742, 0.295044, 0.315561, 0.271433, 0.307584, 0.30178, 0.327368, 0.31293, 0.29874, 0.294679]",0.301886,0.01525,"[0.282051, 0.282051, 0.186047, 0.315789, 0.162791, 0.317073, 0.272727, 0.243243, 0.352941, 0.292683]",0.27074,0.058932,"[19.002245, 19.045565, 18.973902, 19.478152, 18.597176, 19.846922, 21.45455, 17.775481, 17.620224, 20.362978]",19.21572,1.151392
6,cosip_beta0,090_cosip_beta0_lapin-off_$\gamma0.9$,10,"[0.313399, 0.337333, 0.352409, 0.272506, 0.328306, 0.308907, 0.345782, 0.305584, 0.318525, 0.306923]",0.318967,0.023279,"[0.277421, 0.29091, 0.308022, 0.255707, 0.295072, 0.284124, 0.314828, 0.298713, 0.290751, 0.283441]",0.289899,0.016519,"[0.282051, 0.282051, 0.162791, 0.315789, 0.162791, 0.317073, 0.227273, 0.189189, 0.323529, 0.292683]",0.255522,0.064317,"[19.002245, 19.045565, 18.973902, 19.478152, 18.597176, 19.846922, 21.45455, 17.775481, 17.620224, 20.362978]",19.21572,1.151392
6,cosip_beta0,091_cosip_beta0_lapin-on_$\gamma0.3$,10,"[0.083718, 0.046309, 0.12363, 0.173994, 0.084155, 0.297415, 0.248862, 0.188374, 0.178348, 0.192934]",0.161774,0.078166,"[0.166885, 0.124732, 0.191239, 0.235199, 0.165315, 0.313167, 0.300483, 0.224147, 0.240815, 0.24811]",0.221009,0.059939,"[0.076923, 0.102564, 0.023256, 0.131579, 0.046512, 0.04878, 0.068182, 0.108108, 0.088235, 0.02439]",0.071853,0.036395,"[24.881888, 25.318178, 26.786827, 25.786264, 23.92206, 23.049349, 25.404299, 23.139887, 21.860485, 24.821095]",24.497033,1.486062
6,cosip_beta0,092_cosip_beta0_lapin-on_$\gamma0.5$,10,"[0.21714, 0.192492, 0.316757, 0.310186, 0.199413, 0.356512, 0.307532, 0.239927, 0.281065, 0.306238]",0.272726,0.056514,"[0.251968, 0.22866, 0.305067, 0.320845, 0.257899, 0.373291, 0.369197, 0.249146, 0.325665, 0.304007]",0.298574,0.050585,"[0.076923, 0.102564, 0.023256, 0.131579, 0.046512, 0.04878, 0.068182, 0.108108, 0.088235, 0.02439]",0.071853,0.036395,"[24.881888, 25.318178, 26.786827, 25.786264, 23.92206, 23.049349, 25.404299, 23.139887, 21.860485, 24.821095]",24.497033,1.486062
6,cosip_beta0,093_cosip_beta0_lapin-on_$\gamma0.6$,10,"[0.271672, 0.249881, 0.338142, 0.339176, 0.249203, 0.356117, 0.324663, 0.280073, 0.310798, 0.313692]",0.303342,0.038342,"[0.27819, 0.269467, 0.321196, 0.354394, 0.290248, 0.375434, 0.380083, 0.271378, 0.335539, 0.319939]",0.319587,0.041711,"[0.076923, 0.102564, 0.023256, 0.131579, 0.046512, 0.04878, 0.068182, 0.108108, 0.088235, 0.02439]",0.071853,0.036395,"[24.881888, 25.318178, 26.786827, 25.786264, 23.92206, 23.049349, 25.404299, 23.139887, 21.860485, 24.821095]",24.497033,1.486062
6,cosip_beta0,094_cosip_beta0_lapin-on_$\gamma0.7$,10,"[0.267202, 0.280851, 0.352254, 0.349033, 0.262377, 0.351523, 0.311106, 0.308752, 0.336566, 0.328958]",0.314862,0.034663,"[0.294295, 0.287229, 0.320937, 0.350403, 0.302701, 0.363431, 0.369606, 0.290205, 0.350067, 0.332642]",0.326152,0.03141,"[0.076923, 0.102564, 0.023256, 0.131579, 0.046512, 0.04878, 0.068182, 0.108108, 0.088235, 0.02439]",0.071853,0.036395,"[24.881888, 25.318178, 26.786827, 25.786264, 23.92206, 23.049349, 25.404299, 23.139887, 21.860485, 24.821095]",24.497033,1.486062
6,cosip_beta0,095_cosip_beta0_lapin-on_$\gamma0.8$,10,"[0.293465, 0.280833, 0.344745, 0.350847, 0.260571, 0.346371, 0.319842, 0.335796, 0.345792, 0.333111]",0.321137,0.031803,"[0.295199, 0.29957, 0.34431, 0.351083, 0.303697, 0.357121, 0.369364, 0.317069, 0.355304, 0.326513]",0.331923,0.026969,"[0.076923, 0.102564, 0.023256, 0.131579, 0.046512, 0.04878, 0.068182, 0.108108, 0.088235, 0.02439]",0.071853,0.036395,"[24.881888, 25.318178, 26.786827, 25.786264, 23.92206, 23.049349, 25.404299, 23.139887, 21.860485, 24.821095]",24.497033,1.486062
6,cosip_beta0,096_cosip_beta0_lapin-on_$\gamma0.9$,10,"[0.288852, 0.284925, 0.335853, 0.340878, 0.281098, 0.346267, 0.330393, 0.343552, 0.345089, 0.317281]",0.321419,0.026605,"[0.308848, 0.319624, 0.335452, 0.34238, 0.325757, 0.352436, 0.364547, 0.340062, 0.347018, 0.32097]",0.335709,0.016995,"[0.076923, 0.076923, 0.023256, 0.131579, 0.046512, 0.04878, 0.068182, 0.108108, 0.088235, 0.02439]",0.069289,0.034862,"[24.881888, 25.318178, 26.786827, 25.786264, 23.92206, 23.049349, 25.404299, 23.139887, 21.860485, 24.821095]",24.497033,1.486062
6,cosip_beta0.5,097_cosip_beta0.5_lapin-off_$\gamma0.3$,10,"[0.316229, 0.328642, 0.353606, 0.280038, 0.371101, 0.339757, 0.384058, 0.259608, 0.296107, 0.328729]",0.325788,0.039271,"[0.344989, 0.301337, 0.333809, 0.288811, 0.381594, 0.322499, 0.377429, 0.266192, 0.294636, 0.331096]",0.324239,0.037589,"[0.205128, 0.205128, 0.209302, 0.342105, 0.139535, 0.146341, 0.25, 0.405405, 0.323529, 0.292683]",0.251916,0.087214,"[17.976527, 18.100969, 19.794399, 21.471955, 18.071331, 18.118175, 20.554228, 19.580287, 17.771581, 20.699672]",19.213912,1.37154
6,cosip_beta0.5,098_cosip_beta0.5_lapin-off_$\gamma0.5$,10,"[0.366448, 0.3744, 0.399639, 0.355805, 0.3778, 0.385336, 0.390403, 0.341538, 0.350261, 0.378758]",0.372039,0.018436,"[0.348443, 0.315235, 0.326513, 0.311704, 0.372185, 0.336376, 0.368303, 0.303032, 0.307134, 0.335167]",0.332409,0.02452,"[0.205128, 0.205128, 0.209302, 0.342105, 0.139535, 0.146341, 0.25, 0.405405, 0.323529, 0.292683]",0.251916,0.087214,"[17.976527, 18.100969, 19.794399, 21.471955, 18.071331, 18.118175, 20.554228, 19.580287, 17.771581, 20.699672]",19.213912,1.37154
6,cosip_beta0.5,099_cosip_beta0.5_lapin-off_$\gamma0.6$,10,"[0.350008, 0.367194, 0.399453, 0.336662, 0.375752, 0.389845, 0.380512, 0.366725, 0.324612, 0.383235]",0.3674,0.02381,"[0.333217, 0.301669, 0.325558, 0.302815, 0.358785, 0.338163, 0.350422, 0.299122, 0.29822, 0.332526]",0.32405,0.02236,"[0.205128, 0.205128, 0.209302, 0.342105, 0.139535, 0.146341, 0.25, 0.405405, 0.323529, 0.292683]",0.251916,0.087214,"[17.976527, 18.100969, 19.794399, 21.471955, 18.071331, 18.118175, 20.554228, 19.580287, 17.771581, 20.699672]",19.213912,1.37154
6,cosip_beta0.5,100_cosip_beta0.5_lapin-off_$\gamma0.7$,10,"[0.354114, 0.358278, 0.396956, 0.319422, 0.365786, 0.370007, 0.369811, 0.358749, 0.320401, 0.381811]",0.359534,0.02432,"[0.33602, 0.305221, 0.313173, 0.28761, 0.34344, 0.326892, 0.338048, 0.298717, 0.290791, 0.328071]",0.316798,0.020446,"[0.205128, 0.205128, 0.209302, 0.342105, 0.139535, 0.146341, 0.25, 0.405405, 0.323529, 0.292683]",0.251916,0.087214,"[17.976527, 18.100969, 19.794399, 21.471955, 18.071331, 18.118175, 20.554228, 19.580287, 17.771581, 20.699672]",19.213912,1.37154
6,cosip_beta0.5,101_cosip_beta0.5_lapin-off_$\gamma0.8$,10,"[0.346039, 0.333493, 0.378892, 0.285796, 0.348703, 0.35901, 0.347189, 0.330831, 0.299726, 0.352784]",0.338246,0.027602,"[0.32522, 0.306461, 0.302522, 0.266978, 0.32632, 0.316172, 0.31988, 0.282311, 0.290906, 0.320856]",0.305763,0.020063,"[0.205128, 0.205128, 0.209302, 0.342105, 0.139535, 0.121951, 0.227273, 0.378378, 0.323529, 0.292683]",0.244501,0.086081,"[17.976527, 18.100969, 19.794399, 21.471955, 18.071331, 18.118175, 20.554228, 19.580287, 17.771581, 20.699672]",19.213912,1.37154
6,cosip_beta0.5,102_cosip_beta0.5_lapin-off_$\gamma0.9$,10,"[0.308864, 0.322582, 0.355416, 0.269618, 0.339537, 0.341031, 0.319628, 0.307923, 0.287063, 0.323608]",0.317527,0.025669,"[0.314603, 0.289306, 0.302164, 0.255081, 0.317181, 0.316032, 0.31441, 0.266608, 0.28251, 0.306997]",0.296489,0.022252,"[0.179487, 0.205128, 0.209302, 0.315789, 0.139535, 0.121951, 0.227273, 0.378378, 0.323529, 0.243902]",0.234427,0.082721,"[17.976527, 18.100969, 19.794399, 21.471955, 18.071331, 18.118175, 20.554228, 19.580287, 17.771581, 20.699672]",19.213912,1.37154
6,cosip_beta0.5,103_cosip_beta0.5_lapin-on_$\gamma0.3$,10,"[0.085042, 0.085629, 0.082911, 0.127825, 0.098427, 0.175623, 0.144595, 0.152061, 0.140335, 0.093931]",0.118638,0.033511,"[0.181377, 0.126087, 0.150981, 0.206827, 0.175637, 0.272504, 0.234422, 0.230402, 0.22137, 0.181979]",0.198159,0.043418,"[0.025641, 0.051282, 0.069767, 0.078947, 0.069767, 0.0, 0.022727, 0.081081, 0.235294, 0.121951]",0.075646,0.06613,"[22.95157, 24.20908, 23.588183, 26.441092, 25.972152, 25.31895, 25.676427, 26.709997, 25.410428, 28.899839]",25.517772,1.700208
6,cosip_beta0.5,104_cosip_beta0.5_lapin-on_$\gamma0.5$,10,"[0.212058, 0.22495, 0.145667, 0.279149, 0.196769, 0.279959, 0.287197, 0.301293, 0.233687, 0.228918]",0.238965,0.048351,"[0.31706, 0.23918, 0.251148, 0.270148, 0.27162, 0.345059, 0.347194, 0.307327, 0.261469, 0.265268]",0.287547,0.038765,"[0.025641, 0.051282, 0.069767, 0.078947, 0.069767, 0.0, 0.022727, 0.081081, 0.235294, 0.121951]",0.075646,0.06613,"[22.95157, 24.20908, 23.588183, 26.441092, 25.972152, 25.31895, 25.676427, 26.709997, 25.410428, 28.899839]",25.517772,1.700208
6,cosip_beta0.5,105_cosip_beta0.5_lapin-on_$\gamma0.6$,10,"[0.269108, 0.242408, 0.216679, 0.278546, 0.259829, 0.266824, 0.333405, 0.325081, 0.301792, 0.268855]",0.276253,0.035695,"[0.339068, 0.283316, 0.273096, 0.275195, 0.296254, 0.330966, 0.375303, 0.327162, 0.284202, 0.283386]",0.306795,0.034301,"[0.025641, 0.051282, 0.069767, 0.078947, 0.069767, 0.0, 0.022727, 0.081081, 0.235294, 0.121951]",0.075646,0.06613,"[22.95157, 24.20908, 23.588183, 26.441092, 25.972152, 25.31895, 25.676427, 26.709997, 25.410428, 28.899839]",25.517772,1.700208
6,cosip_beta0.5,106_cosip_beta0.5_lapin-on_$\gamma0.7$,10,"[0.28702, 0.26527, 0.24196, 0.3286, 0.272597, 0.270153, 0.332391, 0.322281, 0.334807, 0.29871]",0.295379,0.032911,"[0.354251, 0.302238, 0.289506, 0.293681, 0.314301, 0.355076, 0.369503, 0.312118, 0.305014, 0.292421]",0.318811,0.029548,"[0.025641, 0.051282, 0.069767, 0.078947, 0.069767, 0.0, 0.022727, 0.081081, 0.235294, 0.121951]",0.075646,0.06613,"[22.95157, 24.20908, 23.588183, 26.441092, 25.972152, 25.31895, 25.676427, 26.709997, 25.410428, 28.899839]",25.517772,1.700208
6,cosip_beta0.5,107_cosip_beta0.5_lapin-on_$\gamma0.8$,10,"[0.309218, 0.275598, 0.25716, 0.319422, 0.299892, 0.293291, 0.325249, 0.330887, 0.335545, 0.30505]",0.305131,0.024844,"[0.357192, 0.320672, 0.292765, 0.316375, 0.32398, 0.347885, 0.352286, 0.326471, 0.31661, 0.302673]",0.325691,0.021093,"[0.025641, 0.051282, 0.069767, 0.078947, 0.069767, 0.0, 0.022727, 0.081081, 0.235294, 0.121951]",0.075646,0.06613,"[22.95157, 24.20908, 23.588183, 26.441092, 25.972152, 25.31895, 25.676427, 26.709997, 25.410428, 28.899839]",25.517772,1.700208
6,cosip_beta0.5,108_cosip_beta0.5_lapin-on_$\gamma0.9$,10,"[0.309782, 0.288886, 0.256357, 0.298119, 0.311943, 0.291352, 0.310801, 0.339221, 0.329549, 0.292079]",0.302809,0.02323,"[0.352888, 0.32278, 0.292897, 0.339788, 0.334284, 0.335487, 0.337537, 0.340596, 0.32476, 0.322029]",0.330305,0.01618,"[0.025641, 0.051282, 0.069767, 0.078947, 0.069767, 0.0, 0.022727, 0.081081, 0.235294, 0.121951]",0.075646,0.06613,"[22.95157, 24.20908, 23.588183, 26.441092, 25.972152, 25.31895, 25.676427, 26.709997, 25.410428, 28.899839]",25.517772,1.700208
6,cosip_beta1,109_cosip_beta1_lapin-off_$\gamma0.3$,10,"[0.259966, 0.199504, 0.262538, 0.262033, 0.194341, 0.214241, 0.286581, 0.229555, 0.245772, 0.296732]",0.245126,0.035037,"[0.326458, 0.219593, 0.303468, 0.321216, 0.273739, 0.3139, 0.319679, 0.254804, 0.261754, 0.347776]",0.294239,0.039936,"[0.102564, 0.205128, 0.162791, 0.131579, 0.093023, 0.097561, 0.159091, 0.162162, 0.147059, 0.073171]",0.133413,0.041068,"[18.279874, 18.490844, 20.233077, 17.406733, 16.88066, 17.707838, 19.586393, 17.550106, 15.186654, 17.697333]",17.901951,1.399427
6,cosip_beta1,110_cosip_beta1_lapin-off_$\gamma0.5$,10,"[0.343659, 0.331273, 0.33627, 0.277137, 0.294392, 0.31309, 0.350996, 0.299151, 0.295098, 0.337626]",0.317869,0.025327,"[0.347875, 0.300756, 0.32914, 0.309642, 0.312832, 0.337824, 0.359441, 0.281083, 0.293359, 0.348883]",0.322084,0.026411,"[0.102564, 0.205128, 0.162791, 0.131579, 0.093023, 0.097561, 0.159091, 0.162162, 0.147059, 0.073171]",0.133413,0.041068,"[18.279874, 18.490844, 20.233077, 17.406733, 16.88066, 17.707838, 19.586393, 17.550106, 15.186654, 17.697333]",17.901951,1.399427
6,cosip_beta1,111_cosip_beta1_lapin-off_$\gamma0.6$,10,"[0.341857, 0.350741, 0.352067, 0.279957, 0.293994, 0.313252, 0.347416, 0.298901, 0.311828, 0.357857]",0.324787,0.02837,"[0.349784, 0.30799, 0.332053, 0.312796, 0.301137, 0.319533, 0.357373, 0.295275, 0.298548, 0.344717]",0.321921,0.022674,"[0.102564, 0.205128, 0.162791, 0.131579, 0.093023, 0.097561, 0.159091, 0.162162, 0.147059, 0.073171]",0.133413,0.041068,"[18.279874, 18.490844, 20.233077, 17.406733, 16.88066, 17.707838, 19.586393, 17.550106, 15.186654, 17.697333]",17.901951,1.399427
6,cosip_beta1,112_cosip_beta1_lapin-off_$\gamma0.7$,10,"[0.34591, 0.338656, 0.356415, 0.287644, 0.322405, 0.293003, 0.351617, 0.317821, 0.316267, 0.348994]",0.327873,0.024418,"[0.339195, 0.29809, 0.323448, 0.306608, 0.316773, 0.30783, 0.341352, 0.312415, 0.312737, 0.339176]",0.319762,0.01539,"[0.102564, 0.205128, 0.139535, 0.131579, 0.093023, 0.097561, 0.159091, 0.162162, 0.147059, 0.073171]",0.131087,0.03986,"[18.279874, 18.490844, 20.233077, 17.406733, 16.88066, 17.707838, 19.586393, 17.550106, 15.186654, 17.697333]",17.901951,1.399427
6,cosip_beta1,113_cosip_beta1_lapin-off_$\gamma0.8$,10,"[0.329522, 0.320734, 0.353117, 0.272202, 0.317253, 0.308954, 0.345315, 0.311741, 0.289095, 0.337444]",0.318538,0.024831,"[0.324811, 0.301181, 0.316845, 0.310505, 0.305939, 0.30022, 0.326573, 0.317085, 0.321504, 0.349371]",0.317403,0.014589,"[0.102564, 0.205128, 0.139535, 0.131579, 0.093023, 0.097561, 0.159091, 0.162162, 0.147059, 0.073171]",0.131087,0.03986,"[18.279874, 18.490844, 20.233077, 17.406733, 16.88066, 17.707838, 19.586393, 17.550106, 15.186654, 17.697333]",17.901951,1.399427
6,cosip_beta1,114_cosip_beta1_lapin-off_$\gamma0.9$,10,"[0.312296, 0.313483, 0.335751, 0.266901, 0.314207, 0.293488, 0.330602, 0.307032, 0.286558, 0.320934]",0.308125,0.020805,"[0.31836, 0.297403, 0.307329, 0.29981, 0.302187, 0.289258, 0.329762, 0.310972, 0.313748, 0.338164]",0.310699,0.014999,"[0.102564, 0.205128, 0.139535, 0.105263, 0.093023, 0.097561, 0.159091, 0.162162, 0.117647, 0.073171]",0.125514,0.040251,"[18.279874, 18.490844, 20.233077, 17.406733, 16.88066, 17.707838, 19.586393, 17.550106, 15.186654, 17.697333]",17.901951,1.399427
6,cosip_beta1,115_cosip_beta1_lapin-on_$\gamma0.3$,10,"[0.037808, 0.033817, 0.012986, 0.042973, 0.055364, 0.058548, 0.05259, 0.08493, 0.071048, 0.040084]",0.049015,0.020249,"[0.102358, 0.078979, 0.086747, 0.105888, 0.120941, 0.157184, 0.140461, 0.163656, 0.173265, 0.128519]",0.1258,0.032626,"[0.102564, 0.025641, 0.046512, 0.105263, 0.046512, 0.02439, 0.0, 0.189189, 0.029412, 0.04878]",0.061826,0.055768,"[21.725705, 23.120018, 28.017965, 26.25938, 25.817572, 25.699404, 26.847611, 26.617743, 19.147502, 25.779462]",24.903236,2.726485
6,cosip_beta1,116_cosip_beta1_lapin-on_$\gamma0.5$,10,"[0.122149, 0.124052, 0.082756, 0.1769, 0.109096, 0.199122, 0.153719, 0.158656, 0.188072, 0.215876]",0.15304,0.042903,"[0.206244, 0.187934, 0.141926, 0.217981, 0.20763, 0.265649, 0.227141, 0.218282, 0.267631, 0.279815]",0.222023,0.041384,"[0.102564, 0.025641, 0.046512, 0.105263, 0.046512, 0.02439, 0.0, 0.189189, 0.029412, 0.04878]",0.061826,0.055768,"[21.725705, 23.120018, 28.017965, 26.25938, 25.817572, 25.699404, 26.847611, 26.617743, 19.147502, 25.779462]",24.903236,2.726485
6,cosip_beta1,117_cosip_beta1_lapin-on_$\gamma0.6$,10,"[0.147499, 0.176537, 0.137411, 0.251083, 0.174333, 0.232912, 0.198528, 0.230069, 0.221659, 0.238139]",0.200817,0.039999,"[0.228812, 0.198301, 0.191894, 0.243369, 0.235484, 0.285801, 0.247069, 0.230099, 0.30113, 0.291673]",0.245363,0.037379,"[0.102564, 0.025641, 0.046512, 0.105263, 0.046512, 0.02439, 0.0, 0.189189, 0.029412, 0.04878]",0.061826,0.055768,"[21.725705, 23.120018, 28.017965, 26.25938, 25.817572, 25.699404, 26.847611, 26.617743, 19.147502, 25.779462]",24.903236,2.726485
6,cosip_beta1,118_cosip_beta1_lapin-on_$\gamma0.7$,10,"[0.165125, 0.195519, 0.200556, 0.25879, 0.189129, 0.245907, 0.238573, 0.28148, 0.240148, 0.235108]",0.225033,0.035937,"[0.27585, 0.227283, 0.22511, 0.26837, 0.254069, 0.309516, 0.27274, 0.260291, 0.323302, 0.300043]",0.271657,0.032506,"[0.102564, 0.025641, 0.046512, 0.105263, 0.046512, 0.02439, 0.0, 0.189189, 0.029412, 0.04878]",0.061826,0.055768,"[21.725705, 23.120018, 28.017965, 26.25938, 25.817572, 25.699404, 26.847611, 26.617743, 19.147502, 25.779462]",24.903236,2.726485
6,cosip_beta1,119_cosip_beta1_lapin-on_$\gamma0.8$,10,"[0.177694, 0.209639, 0.200344, 0.275098, 0.216719, 0.241272, 0.240472, 0.29371, 0.246166, 0.235411]",0.233652,0.034469,"[0.290547, 0.237888, 0.243342, 0.279679, 0.267401, 0.30866, 0.311236, 0.288239, 0.318022, 0.299298]",0.284431,0.027637,"[0.102564, 0.025641, 0.046512, 0.105263, 0.046512, 0.02439, 0.0, 0.189189, 0.029412, 0.04878]",0.061826,0.055768,"[21.725705, 23.120018, 28.017965, 26.25938, 25.817572, 25.699404, 26.847611, 26.617743, 19.147502, 25.779462]",24.903236,2.726485
6,cosip_beta1,120_cosip_beta1_lapin-on_$\gamma0.9$,10,"[0.187312, 0.190138, 0.224886, 0.271551, 0.228338, 0.268894, 0.24685, 0.279213, 0.246434, 0.243807]",0.238742,0.031766,"[0.289299, 0.256945, 0.259539, 0.293957, 0.28861, 0.310494, 0.308552, 0.307628, 0.312476, 0.294719]",0.292222,0.019977,"[0.102564, 0.025641, 0.046512, 0.105263, 0.046512, 0.02439, 0.022727, 0.189189, 0.029412, 0.04878]",0.064099,0.053381,"[21.725705, 23.120018, 28.017965, 26.25938, 25.817572, 25.699404, 26.847611, 26.617743, 19.147502, 25.779462]",24.903236,2.726485
6,default,001_default_lapin-off_$\gamma0.3$,10,"[0.135366, 0.127374, 0.070354, 0.160969, 0.065804, 0.134767, 0.087374, 0.103419, 0.054802, 0.089315]",0.102954,0.035301,"[0.187825, 0.191338, 0.135576, 0.176408, 0.115361, 0.180241, 0.13486, 0.16865, 0.095139, 0.141858]",0.152726,0.032894,"[0.153846, 0.282051, 0.255814, 0.184211, 0.162791, 0.195122, 0.204545, 0.216216, 0.176471, 0.146341]",0.197741,0.043844,"[14.418138, 12.438478, 14.534509, 13.387836, 15.734157, 13.547625, 16.170051, 12.873894, 12.199901, 15.415943]",14.072053,1.400641
6,default,002_default_lapin-off_$\gamma0.5$,10,"[0.242287, 0.235402, 0.179188, 0.285713, 0.160999, 0.232748, 0.132043, 0.181387, 0.110113, 0.166734]",0.192661,0.0548,"[0.354776, 0.348, 0.289532, 0.33868, 0.260415, 0.323006, 0.27372, 0.300845, 0.220133, 0.279416]",0.298852,0.042801,"[0.153846, 0.282051, 0.255814, 0.184211, 0.162791, 0.195122, 0.204545, 0.216216, 0.176471, 0.146341]",0.197741,0.043844,"[14.418138, 12.438478, 14.534509, 13.387836, 15.734157, 13.547625, 16.170051, 12.873894, 12.199901, 15.415943]",14.072053,1.400641
6,default,003_default_lapin-off_$\gamma0.6$,10,"[0.260401, 0.238967, 0.182461, 0.301598, 0.191384, 0.266481, 0.169227, 0.187727, 0.129708, 0.208224]",0.213618,0.05222,"[0.370159, 0.360724, 0.31939, 0.374712, 0.305667, 0.34626, 0.312993, 0.328106, 0.26429, 0.306658]",0.328896,0.034429,"[0.153846, 0.282051, 0.255814, 0.184211, 0.162791, 0.195122, 0.204545, 0.216216, 0.176471, 0.146341]",0.197741,0.043844,"[14.418138, 12.438478, 14.534509, 13.387836, 15.734157, 13.547625, 16.170051, 12.873894, 12.199901, 15.415943]",14.072053,1.400641
6,default,004_default_lapin-off_$\gamma0.7$,10,"[0.25848, 0.240156, 0.203087, 0.295383, 0.206361, 0.258887, 0.189384, 0.218056, 0.13408, 0.215061]",0.221894,0.044554,"[0.361585, 0.35897, 0.324218, 0.372399, 0.3189, 0.348747, 0.33033, 0.351856, 0.294922, 0.313178]",0.33751,0.024877,"[0.153846, 0.282051, 0.255814, 0.184211, 0.162791, 0.195122, 0.204545, 0.216216, 0.176471, 0.146341]",0.197741,0.043844,"[14.418138, 12.438478, 14.534509, 13.387836, 15.734157, 13.547625, 16.170051, 12.873894, 12.199901, 15.415943]",14.072053,1.400641
6,default,005_default_lapin-off_$\gamma0.8$,10,"[0.292684, 0.238781, 0.208501, 0.287626, 0.208965, 0.25692, 0.194685, 0.218829, 0.182147, 0.192832]",0.228197,0.039394,"[0.356363, 0.350501, 0.32435, 0.356566, 0.320556, 0.3468, 0.322025, 0.347508, 0.31823, 0.305551]",0.334845,0.018547,"[0.153846, 0.282051, 0.255814, 0.184211, 0.162791, 0.195122, 0.204545, 0.216216, 0.176471, 0.146341]",0.197741,0.043844,"[14.418138, 12.438478, 14.534509, 13.387836, 15.734157, 13.547625, 16.170051, 12.873894, 12.199901, 15.415943]",14.072053,1.400641
6,default,006_default_lapin-off_$\gamma0.9$,10,"[0.302736, 0.23777, 0.193378, 0.276129, 0.217452, 0.265211, 0.204473, 0.214453, 0.195552, 0.205925]",0.231308,0.0378,"[0.347076, 0.340137, 0.318361, 0.341062, 0.320268, 0.337941, 0.310147, 0.335895, 0.311861, 0.302049]",0.32648,0.015724,"[0.153846, 0.282051, 0.255814, 0.184211, 0.162791, 0.195122, 0.204545, 0.216216, 0.176471, 0.146341]",0.197741,0.043844,"[14.418138, 12.438478, 14.534509, 13.387836, 15.734157, 13.547625, 16.170051, 12.873894, 12.199901, 15.415943]",14.072053,1.400641
6,default,007_default_lapin-on_$\gamma0.3$,10,"[0.004026, 0.028018, 0.012026, 0.014312, 0.004912, 0.027916, 0.009327, 0.020139, 0.009644, 0.0]",0.013032,0.009669,"[0.035358, 0.079732, 0.055488, 0.044521, 0.036077, 0.053205, 0.052462, 0.052413, 0.056928, 0.034118]",0.05003,0.013641,"[0.153846, 0.179487, 0.209302, 0.052632, 0.302326, 0.195122, 0.272727, 0.135135, 0.088235, 0.341463]",0.193028,0.092113,"[19.855295, 22.421739, 21.524582, 21.606713, 18.465499, 19.993521, 19.500775, 19.808041, 19.092858, 17.425588]",19.969461,1.522922
6,default,008_default_lapin-on_$\gamma0.5$,10,"[0.030314, 0.098156, 0.071055, 0.057831, 0.021868, 0.078283, 0.048978, 0.066687, 0.075312, 0.007574]",0.055606,0.028301,"[0.130215, 0.18535, 0.172997, 0.190385, 0.12467, 0.171377, 0.176343, 0.161609, 0.200312, 0.145615]",0.165887,0.025286,"[0.153846, 0.179487, 0.209302, 0.052632, 0.302326, 0.195122, 0.272727, 0.135135, 0.088235, 0.341463]",0.193028,0.092113,"[19.855295, 22.421739, 21.524582, 21.606713, 18.465499, 19.993521, 19.500775, 19.808041, 19.092858, 17.425588]",19.969461,1.522922
6,default,009_default_lapin-on_$\gamma0.6$,10,"[0.060406, 0.136208, 0.113706, 0.102189, 0.043445, 0.097054, 0.054833, 0.116209, 0.100901, 0.026154]",0.08511,0.036237,"[0.166251, 0.226057, 0.21363, 0.228393, 0.171237, 0.223812, 0.228225, 0.205692, 0.231844, 0.196077]",0.209122,0.024108,"[0.153846, 0.179487, 0.209302, 0.052632, 0.302326, 0.195122, 0.272727, 0.135135, 0.088235, 0.341463]",0.193028,0.092113,"[19.855295, 22.421739, 21.524582, 21.606713, 18.465499, 19.993521, 19.500775, 19.808041, 19.092858, 17.425588]",19.969461,1.522922
6,default,010_default_lapin-on_$\gamma0.7$,10,"[0.116929, 0.16984, 0.132668, 0.134366, 0.052241, 0.115288, 0.080627, 0.142206, 0.148635, 0.0412]",0.1134,0.04231,"[0.209575, 0.258489, 0.226888, 0.262265, 0.211676, 0.254756, 0.261288, 0.23791, 0.247575, 0.230865]",0.240129,0.01987,"[0.153846, 0.179487, 0.209302, 0.052632, 0.302326, 0.195122, 0.272727, 0.135135, 0.088235, 0.341463]",0.193028,0.092113,"[19.855295, 22.421739, 21.524582, 21.606713, 18.465499, 19.993521, 19.500775, 19.808041, 19.092858, 17.425588]",19.969461,1.522922
6,default,011_default_lapin-on_$\gamma0.8$,10,"[0.130725, 0.16365, 0.145141, 0.166567, 0.081308, 0.131708, 0.077664, 0.167308, 0.159289, 0.060782]",0.128414,0.04059,"[0.239106, 0.272655, 0.241346, 0.279977, 0.229649, 0.286672, 0.273671, 0.268771, 0.266109, 0.23979]",0.259775,0.020236,"[0.153846, 0.179487, 0.209302, 0.052632, 0.302326, 0.195122, 0.272727, 0.135135, 0.088235, 0.341463]",0.193028,0.092113,"[19.855295, 22.421739, 21.524582, 21.606713, 18.465499, 19.993521, 19.500775, 19.808041, 19.092858, 17.425588]",19.969461,1.522922
6,default,012_default_lapin-on_$\gamma0.9$,10,"[0.126305, 0.154756, 0.164976, 0.178703, 0.079872, 0.113355, 0.105885, 0.170445, 0.149721, 0.065739]",0.130976,0.03907,"[0.250676, 0.269325, 0.259556, 0.287889, 0.227269, 0.288128, 0.279949, 0.275482, 0.267901, 0.239828]",0.2646,0.020303,"[0.153846, 0.179487, 0.209302, 0.052632, 0.302326, 0.195122, 0.272727, 0.135135, 0.088235, 0.341463]",0.193028,0.092113,"[19.855295, 22.421739, 21.524582, 21.606713, 18.465499, 19.993521, 19.500775, 19.808041, 19.092858, 17.425588]",19.969461,1.522922
6,dice,025_dice_lapin-off_$\gamma0.3$,10,"[0.339315, 0.292063, 0.405901, 0.284065, 0.311636, 0.394556, 0.348103, 0.342983, 0.225308, 0.338241]",0.328217,0.053119,"[0.346917, 0.308965, 0.364955, 0.278908, 0.310781, 0.34018, 0.336654, 0.309943, 0.242323, 0.345859]",0.318548,0.036679,"[0.282051, 0.25641, 0.162791, 0.447368, 0.395349, 0.146341, 0.25, 0.243243, 0.382353, 0.341463]",0.290737,0.09935,"[18.850052, 18.827166, 18.507979, 21.164482, 24.257675, 18.553213, 20.955779, 18.437523, 19.862021, 21.026033]",20.044192,1.85317
6,dice,026_dice_lapin-off_$\gamma0.5$,10,"[0.380675, 0.35423, 0.406478, 0.322051, 0.404071, 0.400207, 0.408011, 0.372142, 0.347038, 0.367608]",0.376251,0.029169,"[0.367574, 0.319335, 0.351657, 0.291917, 0.330023, 0.345051, 0.364933, 0.32468, 0.298538, 0.326298]",0.332001,0.025568,"[0.282051, 0.25641, 0.162791, 0.447368, 0.395349, 0.146341, 0.25, 0.243243, 0.382353, 0.341463]",0.290737,0.09935,"[18.850052, 18.827166, 18.507979, 21.164482, 24.257675, 18.553213, 20.955779, 18.437523, 19.862021, 21.026033]",20.044192,1.85317
6,dice,027_dice_lapin-off_$\gamma0.6$,10,"[0.362851, 0.351361, 0.407063, 0.330913, 0.38642, 0.375088, 0.406763, 0.370487, 0.358002, 0.358699]",0.370765,0.024067,"[0.347138, 0.306279, 0.342742, 0.287912, 0.322553, 0.34029, 0.350975, 0.332111, 0.29751, 0.317714]",0.324522,0.021864,"[0.282051, 0.25641, 0.162791, 0.447368, 0.395349, 0.146341, 0.25, 0.243243, 0.382353, 0.341463]",0.290737,0.09935,"[18.850052, 18.827166, 18.507979, 21.164482, 24.257675, 18.553213, 20.955779, 18.437523, 19.862021, 21.026033]",20.044192,1.85317
6,dice,028_dice_lapin-off_$\gamma0.7$,10,"[0.352285, 0.353658, 0.39941, 0.316715, 0.378485, 0.365448, 0.400197, 0.356901, 0.337614, 0.35159]",0.36123,0.025991,"[0.326974, 0.314628, 0.344298, 0.283462, 0.325431, 0.324632, 0.357482, 0.324641, 0.292112, 0.30025]",0.319391,0.022717,"[0.282051, 0.25641, 0.162791, 0.447368, 0.395349, 0.146341, 0.25, 0.243243, 0.382353, 0.341463]",0.290737,0.09935,"[18.850052, 18.827166, 18.507979, 21.164482, 24.257675, 18.553213, 20.955779, 18.437523, 19.862021, 21.026033]",20.044192,1.85317
6,dice,029_dice_lapin-off_$\gamma0.8$,10,"[0.33135, 0.350729, 0.387116, 0.274536, 0.358491, 0.350871, 0.381799, 0.344517, 0.327964, 0.324522]",0.34319,0.031982,"[0.302003, 0.310106, 0.325557, 0.275299, 0.311676, 0.310355, 0.34824, 0.31618, 0.280937, 0.291236]",0.307159,0.021421,"[0.282051, 0.25641, 0.162791, 0.447368, 0.395349, 0.146341, 0.25, 0.243243, 0.382353, 0.341463]",0.290737,0.09935,"[18.850052, 18.827166, 18.507979, 21.164482, 24.257675, 18.553213, 20.955779, 18.437523, 19.862021, 21.026033]",20.044192,1.85317
6,dice,030_dice_lapin-off_$\gamma0.9$,10,"[0.315898, 0.329749, 0.368726, 0.249814, 0.331994, 0.322551, 0.351248, 0.316394, 0.319734, 0.297713]",0.320382,0.031706,"[0.286815, 0.305311, 0.317617, 0.256373, 0.298717, 0.297259, 0.33074, 0.307943, 0.275024, 0.281058]",0.295686,0.021678,"[0.282051, 0.25641, 0.139535, 0.394737, 0.395349, 0.121951, 0.204545, 0.243243, 0.382353, 0.317073]",0.273725,0.100134,"[18.850052, 18.827166, 18.507979, 21.164482, 24.257675, 18.553213, 20.955779, 18.437523, 19.862021, 21.026033]",20.044192,1.85317
6,dice,031_dice_lapin-on_$\gamma0.3$,10,"[0.090378, 0.084206, 0.104411, 0.124069, 0.092065, 0.197298, 0.179051, 0.173657, 0.136222, 0.121333]",0.130269,0.040483,"[0.199493, 0.139041, 0.15184, 0.179053, 0.177008, 0.268273, 0.214592, 0.208185, 0.230464, 0.163087]",0.193104,0.0391,"[0.025641, 0.102564, 0.0, 0.026316, 0.046512, 0.02439, 0.090909, 0.027027, 0.235294, 0.195122]",0.077378,0.079712,"[22.991331, 26.025958, 25.548698, 23.50458, 26.769847, 23.994409, 23.835289, 22.473757, 24.239101, 29.657049]",24.904002,2.152044
6,dice,032_dice_lapin-on_$\gamma0.5$,10,"[0.184915, 0.24076, 0.227409, 0.216559, 0.204693, 0.310533, 0.285515, 0.285449, 0.288703, 0.245899]",0.249044,0.041754,"[0.273989, 0.232206, 0.242544, 0.262222, 0.279251, 0.330915, 0.315487, 0.281552, 0.310497, 0.249211]",0.277787,0.032869,"[0.025641, 0.102564, 0.0, 0.026316, 0.046512, 0.02439, 0.090909, 0.027027, 0.235294, 0.195122]",0.077378,0.079712,"[22.991331, 26.025958, 25.548698, 23.50458, 26.769847, 23.994409, 23.835289, 22.473757, 24.239101, 29.657049]",24.904002,2.152044
6,dice,033_dice_lapin-on_$\gamma0.6$,10,"[0.210675, 0.307804, 0.268125, 0.234466, 0.216675, 0.309628, 0.311684, 0.318347, 0.314997, 0.300623]",0.279302,0.043206,"[0.289156, 0.273214, 0.279698, 0.272744, 0.293769, 0.339421, 0.352151, 0.328118, 0.320962, 0.283455]",0.303269,0.029249,"[0.025641, 0.102564, 0.0, 0.026316, 0.046512, 0.02439, 0.090909, 0.027027, 0.235294, 0.195122]",0.077378,0.079712,"[22.991331, 26.025958, 25.548698, 23.50458, 26.769847, 23.994409, 23.835289, 22.473757, 24.239101, 29.657049]",24.904002,2.152044
6,dice,034_dice_lapin-on_$\gamma0.7$,10,"[0.247586, 0.333076, 0.291484, 0.262683, 0.229822, 0.31323, 0.311444, 0.350846, 0.330857, 0.312453]",0.298348,0.039725,"[0.318569, 0.299562, 0.293387, 0.292042, 0.313031, 0.3371, 0.354058, 0.339815, 0.328824, 0.303725]",0.318011,0.02136,"[0.025641, 0.102564, 0.0, 0.026316, 0.046512, 0.02439, 0.090909, 0.027027, 0.235294, 0.195122]",0.077378,0.079712,"[22.991331, 26.025958, 25.548698, 23.50458, 26.769847, 23.994409, 23.835289, 22.473757, 24.239101, 29.657049]",24.904002,2.152044
6,dice,035_dice_lapin-on_$\gamma0.8$,10,"[0.271457, 0.338809, 0.29513, 0.288948, 0.259764, 0.298134, 0.339601, 0.354156, 0.314562, 0.310576]",0.307114,0.030565,"[0.32515, 0.332859, 0.294605, 0.320513, 0.327472, 0.332685, 0.375253, 0.337124, 0.325996, 0.303492]",0.327515,0.021457,"[0.025641, 0.102564, 0.0, 0.026316, 0.046512, 0.02439, 0.090909, 0.027027, 0.235294, 0.195122]",0.077378,0.079712,"[22.991331, 26.025958, 25.548698, 23.50458, 26.769847, 23.994409, 23.835289, 22.473757, 24.239101, 29.657049]",24.904002,2.152044
6,dice,036_dice_lapin-on_$\gamma0.9$,10,"[0.273743, 0.325154, 0.280872, 0.287657, 0.263936, 0.299658, 0.332668, 0.334958, 0.321654, 0.319802]",0.30401,0.026099,"[0.320497, 0.33721, 0.298916, 0.32041, 0.323977, 0.329224, 0.3649, 0.343636, 0.321158, 0.308814]",0.326874,0.018471,"[0.025641, 0.102564, 0.0, 0.026316, 0.046512, 0.02439, 0.090909, 0.027027, 0.235294, 0.170732]",0.074938,0.075995,"[22.991331, 26.025958, 25.548698, 23.50458, 26.769847, 23.994409, 23.835289, 22.473757, 24.239101, 29.657049]",24.904002,2.152044
6,ip_beta0,049_ip_beta0_lapin-off_$\gamma0.3$,10,"[0.326031, 0.294856, 0.262775, 0.338227, 0.219188, 0.196171, 0.216167, 0.322102, 0.274054, 0.198478]",0.264805,0.054743,"[0.370183, 0.322355, 0.267841, 0.414222, 0.281341, 0.275055, 0.281025, 0.354442, 0.299275, 0.268137]",0.313388,0.050579,"[0.0, 0.025641, 0.0, 0.052632, 0.046512, 0.02439, 0.090909, 0.027027, 0.0, 0.04878]",0.031589,0.029024,"[13.710023, 13.268592, 14.789351, 12.650149, 16.049772, 14.560615, 13.492028, 12.647704, 12.285983, 13.821662]",13.727588,1.149608
6,ip_beta0,050_ip_beta0_lapin-off_$\gamma0.5$,10,"[0.420932, 0.376623, 0.379935, 0.400379, 0.355275, 0.363224, 0.342316, 0.373725, 0.375872, 0.304305]",0.369259,0.031706,"[0.445397, 0.391062, 0.371488, 0.463946, 0.378144, 0.404075, 0.408604, 0.411672, 0.378838, 0.37445]",0.402768,0.031219,"[0.0, 0.025641, 0.0, 0.052632, 0.046512, 0.02439, 0.090909, 0.027027, 0.0, 0.04878]",0.031589,0.029024,"[13.710023, 13.268592, 14.789351, 12.650149, 16.049772, 14.560615, 13.492028, 12.647704, 12.285983, 13.821662]",13.727588,1.149608
6,ip_beta0,051_ip_beta0_lapin-off_$\gamma0.6$,10,"[0.419813, 0.389142, 0.399974, 0.398194, 0.402775, 0.372199, 0.35303, 0.378189, 0.379917, 0.317423]",0.381066,0.029085,"[0.433296, 0.393383, 0.376049, 0.469065, 0.39628, 0.405167, 0.408969, 0.404089, 0.363041, 0.383037]",0.403238,0.030153,"[0.0, 0.025641, 0.0, 0.052632, 0.046512, 0.02439, 0.090909, 0.027027, 0.0, 0.04878]",0.031589,0.029024,"[13.710023, 13.268592, 14.789351, 12.650149, 16.049772, 14.560615, 13.492028, 12.647704, 12.285983, 13.821662]",13.727588,1.149608
6,ip_beta0,052_ip_beta0_lapin-off_$\gamma0.7$,10,"[0.415393, 0.381499, 0.42023, 0.403906, 0.422201, 0.373985, 0.360625, 0.367354, 0.362901, 0.308262]",0.381636,0.035291,"[0.414304, 0.405004, 0.393519, 0.468046, 0.41956, 0.40313, 0.411581, 0.393211, 0.367008, 0.382084]",0.405745,0.026985,"[0.0, 0.025641, 0.0, 0.052632, 0.046512, 0.02439, 0.090909, 0.027027, 0.0, 0.04878]",0.031589,0.029024,"[13.710023, 13.268592, 14.789351, 12.650149, 16.049772, 14.560615, 13.492028, 12.647704, 12.285983, 13.821662]",13.727588,1.149608
6,ip_beta0,053_ip_beta0_lapin-off_$\gamma0.8$,10,"[0.40752, 0.385162, 0.404182, 0.406205, 0.422869, 0.374412, 0.349417, 0.359962, 0.372472, 0.316024]",0.379822,0.032336,"[0.410056, 0.397786, 0.404962, 0.457244, 0.41964, 0.395795, 0.398852, 0.400052, 0.362082, 0.376302]",0.402277,0.025298,"[0.0, 0.025641, 0.0, 0.052632, 0.046512, 0.02439, 0.090909, 0.027027, 0.0, 0.04878]",0.031589,0.029024,"[13.710023, 13.268592, 14.789351, 12.650149, 16.049772, 14.560615, 13.492028, 12.647704, 12.285983, 13.821662]",13.727588,1.149608
6,ip_beta0,054_ip_beta0_lapin-off_$\gamma0.9$,10,"[0.403566, 0.359827, 0.382336, 0.399973, 0.404, 0.383804, 0.348147, 0.352086, 0.348688, 0.303417]",0.368584,0.032134,"[0.405149, 0.398875, 0.397953, 0.446416, 0.410859, 0.39708, 0.394124, 0.395263, 0.378119, 0.36808]",0.399192,0.020712,"[0.0, 0.025641, 0.0, 0.052632, 0.046512, 0.02439, 0.090909, 0.027027, 0.0, 0.04878]",0.031589,0.029024,"[13.710023, 13.268592, 14.789351, 12.650149, 16.049772, 14.560615, 13.492028, 12.647704, 12.285983, 13.821662]",13.727588,1.149608
6,ip_beta0,055_ip_beta0_lapin-on_$\gamma0.3$,10,"[0.11789, 0.128987, 0.152294, 0.139769, 0.100701, 0.144743, 0.201757, 0.168802, 0.129347, 0.139875]",0.142416,0.027942,"[0.204489, 0.220132, 0.192413, 0.163413, 0.170891, 0.217355, 0.262166, 0.214885, 0.227766, 0.211489]",0.2085,0.028356,"[0.589744, 0.435897, 0.395349, 0.631579, 0.627907, 0.634146, 0.636364, 0.486486, 0.5, 0.560976]",0.549845,0.089712,"[33.193818, 29.784999, 32.095828, 33.797817, 36.646153, 34.977364, 35.333234, 28.466146, 28.345114, 34.524164]",32.716464,2.948053
6,ip_beta0,056_ip_beta0_lapin-on_$\gamma0.5$,10,"[0.23139, 0.236761, 0.256717, 0.288788, 0.211089, 0.218153, 0.336347, 0.31163, 0.294389, 0.208074]",0.259334,0.045596,"[0.295491, 0.293526, 0.283244, 0.304784, 0.276552, 0.279609, 0.344496, 0.318863, 0.366044, 0.285101]",0.304771,0.029858,"[0.589744, 0.435897, 0.395349, 0.631579, 0.627907, 0.634146, 0.636364, 0.486486, 0.5, 0.560976]",0.549845,0.089712,"[33.193818, 29.784999, 32.095828, 33.797817, 36.646153, 34.977364, 35.333234, 28.466146, 28.345114, 34.524164]",32.716464,2.948053
6,ip_beta0,057_ip_beta0_lapin-on_$\gamma0.6$,10,"[0.26937, 0.271243, 0.302096, 0.35149, 0.260895, 0.280687, 0.358784, 0.345656, 0.316629, 0.227116]",0.298397,0.044002,"[0.303051, 0.300011, 0.293847, 0.343896, 0.292897, 0.301891, 0.348381, 0.321822, 0.378441, 0.269325]",0.315356,0.032627,"[0.589744, 0.435897, 0.395349, 0.631579, 0.627907, 0.634146, 0.636364, 0.486486, 0.5, 0.560976]",0.549845,0.089712,"[33.193818, 29.784999, 32.095828, 33.797817, 36.646153, 34.977364, 35.333234, 28.466146, 28.345114, 34.524164]",32.716464,2.948053
6,ip_beta0,058_ip_beta0_lapin-on_$\gamma0.7$,10,"[0.308881, 0.275271, 0.323039, 0.382275, 0.284028, 0.291797, 0.334315, 0.346427, 0.327136, 0.2973]",0.317047,0.032461,"[0.309857, 0.310625, 0.326726, 0.354737, 0.30407, 0.310277, 0.341553, 0.325904, 0.368234, 0.292067]",0.324405,0.024044,"[0.589744, 0.435897, 0.395349, 0.631579, 0.627907, 0.634146, 0.636364, 0.486486, 0.5, 0.560976]",0.549845,0.089712,"[33.193818, 29.784999, 32.095828, 33.797817, 36.646153, 34.977364, 35.333234, 28.466146, 28.345114, 34.524164]",32.716464,2.948053
6,ip_beta0,059_ip_beta0_lapin-on_$\gamma0.8$,10,"[0.306053, 0.293648, 0.330918, 0.3743, 0.287369, 0.320381, 0.322581, 0.336636, 0.345111, 0.310389]",0.322739,0.025718,"[0.315454, 0.327661, 0.347623, 0.361355, 0.312384, 0.323194, 0.347807, 0.320409, 0.362354, 0.300283]",0.331852,0.02153,"[0.589744, 0.435897, 0.348837, 0.631579, 0.604651, 0.634146, 0.636364, 0.486486, 0.5, 0.560976]",0.542868,0.097407,"[33.193818, 29.784999, 32.095828, 33.797817, 36.646153, 34.977364, 35.333234, 28.466146, 28.345114, 34.524164]",32.716464,2.948053
6,ip_beta0,060_ip_beta0_lapin-on_$\gamma0.9$,10,"[0.289448, 0.297105, 0.309716, 0.356889, 0.294169, 0.329472, 0.305681, 0.34197, 0.337245, 0.295632]",0.315733,0.023753,"[0.318608, 0.33724, 0.339976, 0.378658, 0.316764, 0.34929, 0.346255, 0.325592, 0.354719, 0.300132]",0.336723,0.022438,"[0.589744, 0.435897, 0.348837, 0.552632, 0.581395, 0.609756, 0.590909, 0.486486, 0.5, 0.560976]",0.525663,0.083022,"[33.193818, 29.784999, 32.095828, 33.797817, 36.646153, 34.977364, 35.333234, 28.466146, 28.345114, 34.524164]",32.716464,2.948053
6,ip_beta0.5,061_ip_beta0.5_lapin-off_$\gamma0.3$,10,"[0.168214, 0.255911, 0.232542, 0.31586, 0.222453, 0.290044, 0.247791, 0.221507, 0.273991, 0.28455]",0.251286,0.042555,"[0.263935, 0.282367, 0.27967, 0.360033, 0.306482, 0.362565, 0.309335, 0.309277, 0.342114, 0.358524]",0.31743,0.036391,"[0.025641, 0.051282, 0.0, 0.052632, 0.069767, 0.04878, 0.0, 0.054054, 0.029412, 0.04878]",0.038035,0.02358,"[14.982906, 16.205051, 15.068243, 15.154577, 17.484695, 14.060793, 16.307265, 15.199678, 13.65004, 16.008042]",15.412129,1.126729
6,ip_beta0.5,062_ip_beta0.5_lapin-off_$\gamma0.5$,10,"[0.285062, 0.320306, 0.338449, 0.373622, 0.341921, 0.343083, 0.331884, 0.328767, 0.354084, 0.372593]",0.338977,0.025808,"[0.34072, 0.325784, 0.347688, 0.367396, 0.398934, 0.420085, 0.371238, 0.38216, 0.399884, 0.397999]",0.375189,0.030221,"[0.025641, 0.051282, 0.0, 0.052632, 0.069767, 0.04878, 0.0, 0.054054, 0.029412, 0.04878]",0.038035,0.02358,"[14.982906, 16.205051, 15.068243, 15.154577, 17.484695, 14.060793, 16.307265, 15.199678, 13.65004, 16.008042]",15.412129,1.126729
6,ip_beta0.5,063_ip_beta0.5_lapin-off_$\gamma0.6$,10,"[0.297167, 0.324472, 0.349723, 0.394957, 0.379189, 0.347035, 0.360587, 0.336888, 0.356296, 0.367952]",0.351427,0.02779,"[0.345734, 0.338513, 0.337319, 0.367261, 0.400647, 0.40265, 0.374235, 0.374042, 0.396026, 0.390496]",0.372692,0.025211,"[0.025641, 0.051282, 0.0, 0.052632, 0.069767, 0.04878, 0.0, 0.054054, 0.029412, 0.04878]",0.038035,0.02358,"[14.982906, 16.205051, 15.068243, 15.154577, 17.484695, 14.060793, 16.307265, 15.199678, 13.65004, 16.008042]",15.412129,1.126729
6,ip_beta0.5,064_ip_beta0.5_lapin-off_$\gamma0.7$,10,"[0.340877, 0.349307, 0.352829, 0.400679, 0.377359, 0.346401, 0.360226, 0.342179, 0.349766, 0.352073]",0.35717,0.018492,"[0.349877, 0.362491, 0.358178, 0.394116, 0.391206, 0.388797, 0.3643, 0.37789, 0.387963, 0.375155]",0.374997,0.015563,"[0.025641, 0.051282, 0.0, 0.052632, 0.069767, 0.04878, 0.0, 0.054054, 0.029412, 0.04878]",0.038035,0.02358,"[14.982906, 16.205051, 15.068243, 15.154577, 17.484695, 14.060793, 16.307265, 15.199678, 13.65004, 16.008042]",15.412129,1.126729
6,ip_beta0.5,065_ip_beta0.5_lapin-off_$\gamma0.8$,10,"[0.343324, 0.354026, 0.3606, 0.383665, 0.378328, 0.343033, 0.357984, 0.345976, 0.346114, 0.339112]",0.355216,0.015272,"[0.34339, 0.37887, 0.364412, 0.406373, 0.383473, 0.380443, 0.363862, 0.367732, 0.373713, 0.368698]",0.373097,0.016309,"[0.025641, 0.051282, 0.0, 0.052632, 0.069767, 0.04878, 0.0, 0.054054, 0.029412, 0.04878]",0.038035,0.02358,"[14.982906, 16.205051, 15.068243, 15.154577, 17.484695, 14.060793, 16.307265, 15.199678, 13.65004, 16.008042]",15.412129,1.126729
6,ip_beta0.5,066_ip_beta0.5_lapin-off_$\gamma0.9$,10,"[0.353873, 0.36071, 0.348329, 0.380444, 0.368572, 0.340675, 0.352677, 0.345875, 0.340625, 0.345087]",0.353687,0.012873,"[0.369995, 0.375926, 0.360868, 0.40275, 0.380053, 0.371345, 0.356765, 0.360872, 0.36314, 0.364725]",0.370644,0.01343,"[0.025641, 0.051282, 0.0, 0.026316, 0.069767, 0.04878, 0.0, 0.054054, 0.058824, 0.04878]",0.038344,0.024234,"[14.982906, 16.205051, 15.068243, 15.154577, 17.484695, 14.060793, 16.307265, 15.199678, 13.65004, 16.008042]",15.412129,1.126729
6,ip_beta0.5,067_ip_beta0.5_lapin-on_$\gamma0.3$,10,"[0.060352, 0.064927, 0.076358, 0.19569, 0.044704, 0.092469, 0.17404, 0.048048, 0.132147, 0.072467]",0.09612,0.053181,"[0.151989, 0.098018, 0.165252, 0.261081, 0.151702, 0.19299, 0.254012, 0.116445, 0.216874, 0.12477]",0.173313,0.056516,"[0.538462, 0.641026, 0.255814, 0.552632, 0.232558, 0.658537, 0.386364, 0.810811, 0.529412, 0.658537]",0.526415,0.185281,"[36.812562, 39.915656, 30.228417, 36.122751, 31.786061, 36.105878, 35.549067, 41.052758, 30.399115, 37.272623]",35.524489,3.705093
6,ip_beta0.5,068_ip_beta0.5_lapin-on_$\gamma0.5$,10,"[0.163437, 0.152215, 0.212958, 0.311408, 0.128956, 0.223812, 0.315542, 0.124694, 0.225567, 0.155973]",0.201456,0.069447,"[0.226484, 0.196242, 0.259699, 0.340374, 0.234893, 0.25132, 0.351581, 0.214373, 0.282756, 0.208905]",0.256663,0.053583,"[0.538462, 0.641026, 0.255814, 0.552632, 0.232558, 0.658537, 0.386364, 0.810811, 0.529412, 0.658537]",0.526415,0.185281,"[36.812562, 39.915656, 30.228417, 36.122751, 31.786061, 36.105878, 35.549067, 41.052758, 30.399115, 37.272623]",35.524489,3.705093
6,ip_beta0.5,069_ip_beta0.5_lapin-on_$\gamma0.6$,10,"[0.250379, 0.216204, 0.21917, 0.312151, 0.166683, 0.25094, 0.277604, 0.180284, 0.305119, 0.18942]",0.236795,0.051083,"[0.254772, 0.213121, 0.27014, 0.336394, 0.256061, 0.301962, 0.342745, 0.227722, 0.30569, 0.221511]",0.273012,0.046791,"[0.538462, 0.641026, 0.255814, 0.552632, 0.232558, 0.658537, 0.386364, 0.810811, 0.529412, 0.658537]",0.526415,0.185281,"[36.812562, 39.915656, 30.228417, 36.122751, 31.786061, 36.105878, 35.549067, 41.052758, 30.399115, 37.272623]",35.524489,3.705093
6,ip_beta0.5,070_ip_beta0.5_lapin-on_$\gamma0.7$,10,"[0.271921, 0.253452, 0.245344, 0.333465, 0.182112, 0.278612, 0.286435, 0.235559, 0.30373, 0.219809]",0.261044,0.04349,"[0.247548, 0.254119, 0.279156, 0.343798, 0.258724, 0.29929, 0.341054, 0.247485, 0.305479, 0.247171]",0.282382,0.038113,"[0.538462, 0.615385, 0.255814, 0.552632, 0.232558, 0.658537, 0.386364, 0.810811, 0.529412, 0.658537]",0.523851,0.183689,"[36.812562, 39.915656, 30.228417, 36.122751, 31.786061, 36.105878, 35.549067, 41.052758, 30.399115, 37.272623]",35.524489,3.705093
6,ip_beta0.5,071_ip_beta0.5_lapin-on_$\gamma0.8$,10,"[0.265395, 0.25261, 0.268782, 0.33941, 0.185069, 0.293481, 0.307578, 0.24785, 0.288937, 0.238105]",0.268722,0.042387,"[0.280713, 0.283276, 0.280423, 0.342131, 0.28393, 0.297724, 0.339771, 0.259651, 0.29884, 0.265654]",0.293211,0.027895,"[0.538462, 0.589744, 0.255814, 0.526316, 0.209302, 0.634146, 0.386364, 0.783784, 0.529412, 0.634146]",0.508749,0.177606,"[36.812562, 39.915656, 30.228417, 36.122751, 31.786061, 36.105878, 35.549067, 41.052758, 30.399115, 37.272623]",35.524489,3.705093
6,ip_beta0.5,072_ip_beta0.5_lapin-on_$\gamma0.9$,10,"[0.248287, 0.247259, 0.279898, 0.324302, 0.229288, 0.285454, 0.301442, 0.224832, 0.236857, 0.22273]",0.260035,0.035434,"[0.297077, 0.289752, 0.289426, 0.340005, 0.294749, 0.290723, 0.32937, 0.262727, 0.295997, 0.276103]",0.296593,0.02276,"[0.512821, 0.589744, 0.255814, 0.5, 0.209302, 0.585366, 0.386364, 0.783784, 0.529412, 0.634146]",0.498675,0.173822,"[36.812562, 39.915656, 30.228417, 36.122751, 31.786061, 36.105878, 35.549067, 41.052758, 30.399115, 37.272623]",35.524489,3.705093
6,ip_beta1,073_ip_beta1_lapin-off_$\gamma0.3$,10,"[0.114213, 0.133, 0.152126, 0.228235, 0.152173, 0.154222, 0.211938, 0.227449, 0.095244, 0.209614]",0.167821,0.048222,"[0.197806, 0.216321, 0.244613, 0.314202, 0.20659, 0.249131, 0.283496, 0.290844, 0.158291, 0.303755]",0.246505,0.051492,"[0.0, 0.102564, 0.046512, 0.105263, 0.139535, 0.219512, 0.045455, 0.027027, 0.0, 0.04878]",0.073465,0.068819,"[17.404661, 17.559954, 18.608945, 15.811025, 17.298573, 19.165605, 17.436927, 14.91224, 12.812935, 18.179206]",16.919007,1.905103
6,ip_beta1,074_ip_beta1_lapin-off_$\gamma0.5$,10,"[0.227249, 0.309504, 0.255753, 0.311999, 0.299787, 0.277645, 0.299806, 0.325318, 0.227651, 0.292449]",0.282716,0.034848,"[0.266255, 0.300004, 0.329035, 0.368625, 0.283957, 0.269777, 0.334419, 0.36298, 0.277881, 0.356411]",0.314934,0.040075,"[0.0, 0.102564, 0.046512, 0.105263, 0.139535, 0.219512, 0.045455, 0.027027, 0.0, 0.04878]",0.073465,0.068819,"[17.404661, 17.559954, 18.608945, 15.811025, 17.298573, 19.165605, 17.436927, 14.91224, 12.812935, 18.179206]",16.919007,1.905103
6,ip_beta1,075_ip_beta1_lapin-off_$\gamma0.6$,10,"[0.254679, 0.329778, 0.309815, 0.332708, 0.34105, 0.305926, 0.320402, 0.33562, 0.2658, 0.323384]",0.311916,0.029455,"[0.286887, 0.322191, 0.35859, 0.370522, 0.31406, 0.268885, 0.359806, 0.367095, 0.3014, 0.359716]",0.330915,0.037006,"[0.0, 0.102564, 0.046512, 0.105263, 0.139535, 0.219512, 0.045455, 0.027027, 0.0, 0.04878]",0.073465,0.068819,"[17.404661, 17.559954, 18.608945, 15.811025, 17.298573, 19.165605, 17.436927, 14.91224, 12.812935, 18.179206]",16.919007,1.905103
6,ip_beta1,076_ip_beta1_lapin-off_$\gamma0.7$,10,"[0.286792, 0.361591, 0.313652, 0.357404, 0.341263, 0.314264, 0.336011, 0.328824, 0.275444, 0.337427]",0.325267,0.028092,"[0.315, 0.339861, 0.353464, 0.37169, 0.335395, 0.275436, 0.368479, 0.360104, 0.316346, 0.370432]",0.340621,0.031086,"[0.0, 0.102564, 0.046512, 0.105263, 0.139535, 0.219512, 0.045455, 0.027027, 0.0, 0.04878]",0.073465,0.068819,"[17.404661, 17.559954, 18.608945, 15.811025, 17.298573, 19.165605, 17.436927, 14.91224, 12.812935, 18.179206]",16.919007,1.905103
6,ip_beta1,077_ip_beta1_lapin-off_$\gamma0.8$,10,"[0.304103, 0.351434, 0.322014, 0.354724, 0.368893, 0.314069, 0.34869, 0.319632, 0.299372, 0.32814]",0.331107,0.02347,"[0.343852, 0.333922, 0.355218, 0.371072, 0.353331, 0.316366, 0.36137, 0.357355, 0.331426, 0.367881]",0.349179,0.017484,"[0.0, 0.102564, 0.046512, 0.105263, 0.139535, 0.219512, 0.045455, 0.027027, 0.0, 0.04878]",0.073465,0.068819,"[17.404661, 17.559954, 18.608945, 15.811025, 17.298573, 19.165605, 17.436927, 14.91224, 12.812935, 18.179206]",16.919007,1.905103
6,ip_beta1,078_ip_beta1_lapin-off_$\gamma0.9$,10,"[0.301753, 0.315399, 0.331103, 0.338069, 0.360521, 0.323792, 0.330899, 0.324603, 0.269019, 0.330759]",0.322592,0.024147,"[0.349318, 0.333357, 0.354593, 0.365885, 0.360904, 0.318521, 0.353443, 0.351617, 0.329762, 0.363974]",0.348137,0.015795,"[0.0, 0.102564, 0.046512, 0.105263, 0.139535, 0.195122, 0.045455, 0.027027, 0.0, 0.04878]",0.071026,0.063276,"[17.404661, 17.559954, 18.608945, 15.811025, 17.298573, 19.165605, 17.436927, 14.91224, 12.812935, 18.179206]",16.919007,1.905103
6,ip_beta1,079_ip_beta1_lapin-on_$\gamma0.3$,10,"[0.062999, 0.10489, 0.020772, 0.084042, 0.07104, 0.033347, 0.108453, 0.052896, 0.039211, 0.044139]",0.062179,0.029829,"[0.150173, 0.1296, 0.105711, 0.169667, 0.164827, 0.125324, 0.19182, 0.125144, 0.115957, 0.107657]",0.138588,0.029077,"[0.282051, 0.333333, 0.348837, 0.394737, 0.372093, 0.512195, 0.318182, 0.432432, 0.470588, 0.317073]",0.378152,0.073937,"[37.615763, 31.143897, 37.268611, 28.324188, 30.045037, 34.858076, 33.394764, 30.07944, 27.964444, 34.612597]",32.530682,3.51914
6,ip_beta1,080_ip_beta1_lapin-on_$\gamma0.5$,10,"[0.154394, 0.161897, 0.122453, 0.218401, 0.177606, 0.123991, 0.212374, 0.156285, 0.132876, 0.113811]",0.157409,0.036547,"[0.246587, 0.187876, 0.164418, 0.290107, 0.244175, 0.194649, 0.265293, 0.216134, 0.231297, 0.196978]",0.223751,0.038807,"[0.282051, 0.333333, 0.348837, 0.394737, 0.372093, 0.512195, 0.318182, 0.432432, 0.470588, 0.317073]",0.378152,0.073937,"[37.615763, 31.143897, 37.268611, 28.324188, 30.045037, 34.858076, 33.394764, 30.07944, 27.964444, 34.612597]",32.530682,3.51914
6,ip_beta1,081_ip_beta1_lapin-on_$\gamma0.6$,10,"[0.195267, 0.209626, 0.164012, 0.264883, 0.208703, 0.14477, 0.250951, 0.155313, 0.177828, 0.157448]",0.19288,0.041007,"[0.267521, 0.211997, 0.180529, 0.319504, 0.263481, 0.220803, 0.305992, 0.23622, 0.264662, 0.207859]",0.247857,0.044363,"[0.282051, 0.333333, 0.348837, 0.394737, 0.372093, 0.512195, 0.318182, 0.432432, 0.470588, 0.317073]",0.378152,0.073937,"[37.615763, 31.143897, 37.268611, 28.324188, 30.045037, 34.858076, 33.394764, 30.07944, 27.964444, 34.612597]",32.530682,3.51914
6,ip_beta1,082_ip_beta1_lapin-on_$\gamma0.7$,10,"[0.234887, 0.228879, 0.180859, 0.27748, 0.204985, 0.172217, 0.246086, 0.153182, 0.204956, 0.204867]",0.21084,0.037128,"[0.288009, 0.231522, 0.19463, 0.308977, 0.284765, 0.230405, 0.310774, 0.229086, 0.268675, 0.226001]",0.257284,0.040066,"[0.282051, 0.333333, 0.348837, 0.394737, 0.372093, 0.512195, 0.318182, 0.432432, 0.470588, 0.317073]",0.378152,0.073937,"[37.615763, 31.143897, 37.268611, 28.324188, 30.045037, 34.858076, 33.394764, 30.07944, 27.964444, 34.612597]",32.530682,3.51914
6,ip_beta1,083_ip_beta1_lapin-on_$\gamma0.8$,10,"[0.251319, 0.257367, 0.207153, 0.27946, 0.223223, 0.201673, 0.261495, 0.178731, 0.212934, 0.221752]",0.229511,0.031618,"[0.29786, 0.251074, 0.210062, 0.31019, 0.301752, 0.242049, 0.310335, 0.257243, 0.274414, 0.237583]",0.269256,0.034938,"[0.282051, 0.333333, 0.348837, 0.368421, 0.325581, 0.487805, 0.295455, 0.432432, 0.470588, 0.317073]",0.366158,0.07273,"[37.615763, 31.143897, 37.268611, 28.324188, 30.045037, 34.858076, 33.394764, 30.07944, 27.964444, 34.612597]",32.530682,3.51914
6,ip_beta1,084_ip_beta1_lapin-on_$\gamma0.9$,10,"[0.249872, 0.258776, 0.223812, 0.289115, 0.224755, 0.21079, 0.245888, 0.188614, 0.229834, 0.214326]",0.233578,0.028353,"[0.292647, 0.262235, 0.230689, 0.307883, 0.289103, 0.254868, 0.305567, 0.259539, 0.277155, 0.247708]",0.272739,0.025809,"[0.230769, 0.333333, 0.348837, 0.368421, 0.325581, 0.487805, 0.295455, 0.432432, 0.470588, 0.292683]",0.35859,0.082516,"[37.615763, 31.143897, 37.268611, 28.324188, 30.045037, 34.858076, 33.394764, 30.07944, 27.964444, 34.612597]",32.530682,3.51914
6,kul,013_kul_lapin-off_$\gamma0.3$,10,"[0.355511, 0.340616, 0.398136, 0.31417, 0.336907, 0.33844, 0.365482, 0.336231, 0.298605, 0.317431]",0.340153,0.028257,"[0.355152, 0.30245, 0.368212, 0.317616, 0.337986, 0.312744, 0.345499, 0.342993, 0.311201, 0.301084]",0.329494,0.023482,"[0.25641, 0.205128, 0.139535, 0.315789, 0.302326, 0.195122, 0.25, 0.297297, 0.294118, 0.243902]",0.249963,0.056328,"[18.848785, 17.968464, 17.676387, 19.699574, 20.485744, 19.483316, 21.108491, 20.027897, 16.524361, 19.317194]",19.114021,1.389285
6,kul,014_kul_lapin-off_$\gamma0.5$,10,"[0.373832, 0.372065, 0.422347, 0.364148, 0.381717, 0.392463, 0.416927, 0.372762, 0.343411, 0.366205]",0.380588,0.024142,"[0.361154, 0.309224, 0.381178, 0.331023, 0.331416, 0.333309, 0.354871, 0.350248, 0.322438, 0.290973]",0.336583,0.02627,"[0.25641, 0.205128, 0.139535, 0.315789, 0.302326, 0.195122, 0.25, 0.297297, 0.294118, 0.243902]",0.249963,0.056328,"[18.848785, 17.968464, 17.676387, 19.699574, 20.485744, 19.483316, 21.108491, 20.027897, 16.524361, 19.317194]",19.114021,1.389285
6,kul,015_kul_lapin-off_$\gamma0.6$,10,"[0.361186, 0.359381, 0.416955, 0.354675, 0.363902, 0.377747, 0.414381, 0.361967, 0.336135, 0.347531]",0.369386,0.026686,"[0.342879, 0.295612, 0.364028, 0.313975, 0.320112, 0.32298, 0.357924, 0.339992, 0.317273, 0.291034]",0.326581,0.024388,"[0.25641, 0.205128, 0.139535, 0.315789, 0.302326, 0.195122, 0.25, 0.297297, 0.294118, 0.243902]",0.249963,0.056328,"[18.848785, 17.968464, 17.676387, 19.699574, 20.485744, 19.483316, 21.108491, 20.027897, 16.524361, 19.317194]",19.114021,1.389285
6,kul,016_kul_lapin-off_$\gamma0.7$,10,"[0.359975, 0.347144, 0.407604, 0.334464, 0.341244, 0.365349, 0.397297, 0.337388, 0.328345, 0.347525]",0.356634,0.026689,"[0.335499, 0.307563, 0.348899, 0.294427, 0.324562, 0.308608, 0.341265, 0.320719, 0.296677, 0.312474]",0.319069,0.018497,"[0.25641, 0.205128, 0.139535, 0.315789, 0.302326, 0.195122, 0.25, 0.297297, 0.294118, 0.243902]",0.249963,0.056328,"[18.848785, 17.968464, 17.676387, 19.699574, 20.485744, 19.483316, 21.108491, 20.027897, 16.524361, 19.317194]",19.114021,1.389285
6,kul,017_kul_lapin-off_$\gamma0.8$,10,"[0.343974, 0.322678, 0.382822, 0.310686, 0.331153, 0.360938, 0.36257, 0.32585, 0.333267, 0.357804]",0.343174,0.022353,"[0.314589, 0.305796, 0.324693, 0.274021, 0.309757, 0.292196, 0.332825, 0.295506, 0.287985, 0.302926]",0.304029,0.017561,"[0.25641, 0.205128, 0.139535, 0.315789, 0.302326, 0.195122, 0.25, 0.297297, 0.294118, 0.243902]",0.249963,0.056328,"[18.848785, 17.968464, 17.676387, 19.699574, 20.485744, 19.483316, 21.108491, 20.027897, 16.524361, 19.317194]",19.114021,1.389285
6,kul,018_kul_lapin-off_$\gamma0.9$,10,"[0.325112, 0.31308, 0.360026, 0.294236, 0.304669, 0.339668, 0.348293, 0.307875, 0.321948, 0.342721]",0.325763,0.021336,"[0.30196, 0.291131, 0.307296, 0.258217, 0.294288, 0.29702, 0.320086, 0.282456, 0.284513, 0.303197]",0.294016,0.016754,"[0.25641, 0.179487, 0.139535, 0.315789, 0.27907, 0.195122, 0.204545, 0.297297, 0.294118, 0.219512]",0.238088,0.058841,"[18.848785, 17.968464, 17.676387, 19.699574, 20.485744, 19.483316, 21.108491, 20.027897, 16.524361, 19.317194]",19.114021,1.389285
6,kul,019_kul_lapin-on_$\gamma0.3$,10,"[0.053175, 0.064048, 0.097482, 0.16002, 0.049144, 0.113042, 0.1639, 0.124735, 0.087313, 0.118779]",0.103164,0.040769,"[0.142461, 0.126055, 0.143928, 0.221828, 0.1261, 0.189902, 0.22219, 0.183074, 0.163587, 0.209132]",0.172826,0.037662,"[0.076923, 0.102564, 0.069767, 0.078947, 0.046512, 0.121951, 0.068182, 0.297297, 0.235294, 0.073171]",0.117061,0.082524,"[24.948074, 25.922423, 25.902613, 24.417162, 29.057129, 27.097285, 27.10903, 30.148672, 24.114625, 27.395331]",26.611234,1.954608
6,kul,020_kul_lapin-on_$\gamma0.5$,10,"[0.129158, 0.214176, 0.195812, 0.279268, 0.107587, 0.226279, 0.284147, 0.259873, 0.207777, 0.238632]",0.214271,0.058626,"[0.257936, 0.211752, 0.211531, 0.2941, 0.209293, 0.251108, 0.290559, 0.251723, 0.241592, 0.280152]",0.249975,0.032036,"[0.076923, 0.102564, 0.069767, 0.078947, 0.046512, 0.121951, 0.068182, 0.297297, 0.235294, 0.073171]",0.117061,0.082524,"[24.948074, 25.922423, 25.902613, 24.417162, 29.057129, 27.097285, 27.10903, 30.148672, 24.114625, 27.395331]",26.611234,1.954608
6,kul,021_kul_lapin-on_$\gamma0.6$,10,"[0.172273, 0.25975, 0.251736, 0.294987, 0.144146, 0.265349, 0.308295, 0.337288, 0.225952, 0.273184]",0.253296,0.059282,"[0.277612, 0.226901, 0.253848, 0.314165, 0.238172, 0.275429, 0.332988, 0.28236, 0.24722, 0.306844]",0.275554,0.034733,"[0.076923, 0.102564, 0.069767, 0.078947, 0.046512, 0.121951, 0.068182, 0.297297, 0.235294, 0.073171]",0.117061,0.082524,"[24.948074, 25.922423, 25.902613, 24.417162, 29.057129, 27.097285, 27.10903, 30.148672, 24.114625, 27.395331]",26.611234,1.954608
6,kul,022_kul_lapin-on_$\gamma0.7$,10,"[0.223222, 0.261721, 0.274806, 0.305442, 0.191547, 0.294476, 0.323734, 0.354825, 0.288417, 0.287545]",0.280574,0.047024,"[0.304346, 0.241346, 0.288318, 0.319876, 0.256565, 0.307593, 0.330652, 0.309971, 0.287954, 0.31596]",0.296258,0.02835,"[0.076923, 0.102564, 0.069767, 0.078947, 0.046512, 0.121951, 0.068182, 0.297297, 0.235294, 0.073171]",0.117061,0.082524,"[24.948074, 25.922423, 25.902613, 24.417162, 29.057129, 27.097285, 27.10903, 30.148672, 24.114625, 27.395331]",26.611234,1.954608
6,kul,023_kul_lapin-on_$\gamma0.8$,10,"[0.237446, 0.312485, 0.289401, 0.303104, 0.19239, 0.330254, 0.324619, 0.363099, 0.27869, 0.306125]",0.293761,0.048735,"[0.303732, 0.276505, 0.29545, 0.318481, 0.266084, 0.323354, 0.328722, 0.330943, 0.309533, 0.316231]",0.306904,0.021818,"[0.076923, 0.102564, 0.069767, 0.078947, 0.046512, 0.121951, 0.068182, 0.297297, 0.205882, 0.073171]",0.11412,0.078255,"[24.948074, 25.922423, 25.902613, 24.417162, 29.057129, 27.097285, 27.10903, 30.148672, 24.114625, 27.395331]",26.611234,1.954608
6,kul,024_kul_lapin-on_$\gamma0.9$,10,"[0.235872, 0.323734, 0.306408, 0.297385, 0.205139, 0.324763, 0.311422, 0.342105, 0.270519, 0.287368]",0.290472,0.042635,"[0.297515, 0.311038, 0.297708, 0.331061, 0.285195, 0.329897, 0.328695, 0.322979, 0.314538, 0.304464]",0.312309,0.015912,"[0.076923, 0.102564, 0.069767, 0.078947, 0.046512, 0.121951, 0.045455, 0.297297, 0.205882, 0.073171]",0.111847,0.080047,"[24.948074, 25.922423, 25.902613, 24.417162, 29.057129, 27.097285, 27.10903, 30.148672, 24.114625, 27.395331]",26.611234,1.954608
6,ochiai,037_ochiai_lapin-off_$\gamma0.3$,10,"[0.36535, 0.302677, 0.391489, 0.280736, 0.380639, 0.345279, 0.355713, 0.311339, 0.244797, 0.390666]",0.336868,0.049977,"[0.365234, 0.292192, 0.372341, 0.262403, 0.374774, 0.351242, 0.326986, 0.310117, 0.280975, 0.344337]",0.32806,0.04009,"[0.205128, 0.282051, 0.232558, 0.394737, 0.209302, 0.170732, 0.227273, 0.351351, 0.294118, 0.219512]",0.258676,0.070825,"[17.581941, 19.395142, 20.359944, 20.579554, 18.91829, 18.309, 20.278629, 19.111618, 16.386878, 19.059173]",18.998017,1.311269
6,ochiai,038_ochiai_lapin-off_$\gamma0.5$,10,"[0.381342, 0.378312, 0.42523, 0.332097, 0.369095, 0.377984, 0.413653, 0.372529, 0.362648, 0.389827]",0.380272,0.025934,"[0.364871, 0.317079, 0.367281, 0.303307, 0.370688, 0.365045, 0.371095, 0.335629, 0.342375, 0.322776]",0.346015,0.025233,"[0.205128, 0.282051, 0.232558, 0.394737, 0.209302, 0.170732, 0.227273, 0.351351, 0.294118, 0.219512]",0.258676,0.070825,"[17.581941, 19.395142, 20.359944, 20.579554, 18.91829, 18.309, 20.278629, 19.111618, 16.386878, 19.059173]",18.998017,1.311269
6,ochiai,039_ochiai_lapin-off_$\gamma0.6$,10,"[0.375977, 0.375307, 0.420394, 0.334582, 0.359087, 0.357622, 0.407053, 0.35297, 0.356229, 0.383126]",0.372235,0.026045,"[0.350536, 0.31854, 0.351371, 0.298295, 0.352524, 0.346245, 0.358676, 0.321249, 0.325178, 0.322726]",0.334534,0.019877,"[0.205128, 0.282051, 0.232558, 0.394737, 0.209302, 0.170732, 0.227273, 0.351351, 0.294118, 0.219512]",0.258676,0.070825,"[17.581941, 19.395142, 20.359944, 20.579554, 18.91829, 18.309, 20.278629, 19.111618, 16.386878, 19.059173]",18.998017,1.311269
6,ochiai,040_ochiai_lapin-off_$\gamma0.7$,10,"[0.364373, 0.372775, 0.408219, 0.304975, 0.357208, 0.34343, 0.388185, 0.32929, 0.350474, 0.37142]",0.359035,0.029377,"[0.330536, 0.303249, 0.329126, 0.280171, 0.343149, 0.326739, 0.345172, 0.312307, 0.31295, 0.323763]",0.320716,0.01942,"[0.205128, 0.282051, 0.232558, 0.394737, 0.209302, 0.170732, 0.227273, 0.351351, 0.294118, 0.219512]",0.258676,0.070825,"[17.581941, 19.395142, 20.359944, 20.579554, 18.91829, 18.309, 20.278629, 19.111618, 16.386878, 19.059173]",18.998017,1.311269
6,ochiai,041_ochiai_lapin-off_$\gamma0.8$,10,"[0.349377, 0.354532, 0.393526, 0.261318, 0.325369, 0.32984, 0.348233, 0.307069, 0.329802, 0.353165]",0.335223,0.034759,"[0.314013, 0.294624, 0.31075, 0.263412, 0.328623, 0.316524, 0.326128, 0.298027, 0.299903, 0.318787]",0.307079,0.019178,"[0.205128, 0.282051, 0.232558, 0.394737, 0.186047, 0.170732, 0.227273, 0.351351, 0.294118, 0.219512]",0.256351,0.072975,"[17.581941, 19.395142, 20.359944, 20.579554, 18.91829, 18.309, 20.278629, 19.111618, 16.386878, 19.059173]",18.998017,1.311269
6,ochiai,042_ochiai_lapin-off_$\gamma0.9$,10,"[0.329984, 0.34166, 0.371547, 0.237341, 0.317555, 0.301162, 0.329025, 0.287004, 0.322413, 0.33621]",0.31739,0.036194,"[0.302157, 0.288599, 0.297537, 0.24841, 0.31088, 0.301911, 0.313973, 0.279557, 0.292606, 0.304973]",0.29406,0.019044,"[0.205128, 0.282051, 0.209302, 0.368421, 0.186047, 0.170732, 0.181818, 0.297297, 0.294118, 0.170732]",0.236565,0.068641,"[17.581941, 19.395142, 20.359944, 20.579554, 18.91829, 18.309, 20.278629, 19.111618, 16.386878, 19.059173]",18.998017,1.311269
6,ochiai,043_ochiai_lapin-on_$\gamma0.3$,10,"[0.067191, 0.075096, 0.064308, 0.175265, 0.103572, 0.163433, 0.228742, 0.121712, 0.187424, 0.208097]",0.139484,0.06097,"[0.138222, 0.104946, 0.158176, 0.253427, 0.169206, 0.234722, 0.286478, 0.171419, 0.232389, 0.24506]",0.199404,0.058671,"[0.025641, 0.179487, 0.046512, 0.052632, 0.023256, 0.121951, 0.0, 0.162162, 0.176471, 0.073171]",0.086128,0.068176,"[22.838642, 27.904753, 24.248307, 21.534631, 24.08891, 28.152081, 26.808973, 25.318927, 22.723613, 26.878707]",25.049754,2.321623
6,ochiai,044_ochiai_lapin-on_$\gamma0.5$,10,"[0.172446, 0.181317, 0.132852, 0.272231, 0.238096, 0.313145, 0.312197, 0.235839, 0.291864, 0.349521]",0.249951,0.070557,"[0.255522, 0.228476, 0.217094, 0.319772, 0.238446, 0.318933, 0.354081, 0.238018, 0.305382, 0.311675]",0.27874,0.04821,"[0.025641, 0.179487, 0.046512, 0.052632, 0.023256, 0.121951, 0.0, 0.162162, 0.176471, 0.073171]",0.086128,0.068176,"[22.838642, 27.904753, 24.248307, 21.534631, 24.08891, 28.152081, 26.808973, 25.318927, 22.723613, 26.878707]",25.049754,2.321623
6,ochiai,045_ochiai_lapin-on_$\gamma0.6$,10,"[0.179684, 0.273185, 0.190929, 0.27725, 0.285832, 0.308411, 0.32681, 0.274973, 0.306278, 0.350785]",0.277414,0.054511,"[0.26532, 0.253694, 0.240463, 0.337957, 0.269844, 0.330301, 0.359345, 0.248714, 0.322404, 0.319971]",0.294801,0.043388,"[0.025641, 0.179487, 0.046512, 0.052632, 0.023256, 0.121951, 0.0, 0.162162, 0.176471, 0.073171]",0.086128,0.068176,"[22.838642, 27.904753, 24.248307, 21.534631, 24.08891, 28.152081, 26.808973, 25.318927, 22.723613, 26.878707]",25.049754,2.321623
6,ochiai,046_ochiai_lapin-on_$\gamma0.7$,10,"[0.224503, 0.306117, 0.217178, 0.292251, 0.29625, 0.316769, 0.311303, 0.297234, 0.324786, 0.360892]",0.294728,0.043629,"[0.291763, 0.264642, 0.253165, 0.342364, 0.30148, 0.338664, 0.34992, 0.281013, 0.339347, 0.345677]",0.310804,0.036702,"[0.025641, 0.179487, 0.046512, 0.052632, 0.023256, 0.121951, 0.0, 0.162162, 0.176471, 0.073171]",0.086128,0.068176,"[22.838642, 27.904753, 24.248307, 21.534631, 24.08891, 28.152081, 26.808973, 25.318927, 22.723613, 26.878707]",25.049754,2.321623
6,ochiai,047_ochiai_lapin-on_$\gamma0.8$,10,"[0.232021, 0.325554, 0.227805, 0.301539, 0.300295, 0.317262, 0.307817, 0.307796, 0.340723, 0.349378]",0.301019,0.040818,"[0.310161, 0.272649, 0.252831, 0.340616, 0.302865, 0.327009, 0.347321, 0.293136, 0.34932, 0.346186]",0.314209,0.033824,"[0.025641, 0.179487, 0.046512, 0.052632, 0.023256, 0.121951, 0.0, 0.162162, 0.176471, 0.073171]",0.086128,0.068176,"[22.838642, 27.904753, 24.248307, 21.534631, 24.08891, 28.152081, 26.808973, 25.318927, 22.723613, 26.878707]",25.049754,2.321623
6,ochiai,048_ochiai_lapin-on_$\gamma0.9$,10,"[0.253188, 0.313045, 0.234799, 0.313197, 0.293612, 0.318807, 0.321923, 0.289462, 0.345955, 0.35405]",0.303804,0.037508,"[0.322945, 0.302148, 0.276524, 0.334252, 0.316651, 0.325132, 0.350721, 0.316437, 0.348018, 0.347372]",0.32402,0.023063,"[0.025641, 0.179487, 0.046512, 0.052632, 0.023256, 0.121951, 0.0, 0.162162, 0.147059, 0.073171]",0.083187,0.064373,"[22.838642, 27.904753, 24.248307, 21.534631, 24.08891, 28.152081, 26.808973, 25.318927, 22.723613, 26.878707]",25.049754,2.321623
7,cosip_beta0,085_cosip_beta0_lapin-off_$\gamma0.3$,9,"[0.266757, 0.336238, 0.280567, 0.315487, 0.29803, 0.305163, 0.315666, 0.270726, 0.303485]",0.299124,0.022842,"[0.317851, 0.347476, 0.327039, 0.35944, 0.364119, 0.345376, 0.324564, 0.322985, 0.343838]",0.339188,0.016732,"[0.234043, 0.090909, 0.227273, 0.191489, 0.133333, 0.175, 0.297872, 0.186047, 0.133333]",0.185478,0.062516,"[21.204446, 18.559367, 19.793841, 21.364063, 19.21747, 18.792747, 22.487351, 19.278282, 18.84052]",19.948676,1.393179
7,cosip_beta0,086_cosip_beta0_lapin-off_$\gamma0.5$,9,"[0.311047, 0.33891, 0.303322, 0.321511, 0.307916, 0.309307, 0.346606, 0.291893, 0.313782]",0.316033,0.017224,"[0.326086, 0.327339, 0.312585, 0.33829, 0.355079, 0.342362, 0.327349, 0.347866, 0.335942]",0.334766,0.012909,"[0.234043, 0.090909, 0.227273, 0.191489, 0.133333, 0.175, 0.297872, 0.186047, 0.133333]",0.185478,0.062516,"[21.204446, 18.559367, 19.793841, 21.364063, 19.21747, 18.792747, 22.487351, 19.278282, 18.84052]",19.948676,1.393179
7,cosip_beta0,087_cosip_beta0_lapin-off_$\gamma0.6$,9,"[0.324045, 0.333973, 0.305409, 0.316022, 0.306289, 0.329458, 0.332554, 0.281794, 0.305892]",0.315048,0.017005,"[0.314651, 0.320772, 0.299618, 0.317904, 0.339014, 0.329138, 0.307923, 0.326487, 0.312568]",0.318675,0.01184,"[0.234043, 0.090909, 0.227273, 0.191489, 0.133333, 0.175, 0.297872, 0.186047, 0.133333]",0.185478,0.062516,"[21.204446, 18.559367, 19.793841, 21.364063, 19.21747, 18.792747, 22.487351, 19.278282, 18.84052]",19.948676,1.393179
7,cosip_beta0,088_cosip_beta0_lapin-off_$\gamma0.7$,9,"[0.319776, 0.324315, 0.285169, 0.299012, 0.299254, 0.314282, 0.323639, 0.277207, 0.29246]",0.303902,0.017342,"[0.300324, 0.310952, 0.280201, 0.298133, 0.33432, 0.313033, 0.290938, 0.307737, 0.300315]",0.303995,0.015255,"[0.234043, 0.090909, 0.227273, 0.191489, 0.133333, 0.175, 0.297872, 0.186047, 0.133333]",0.185478,0.062516,"[21.204446, 18.559367, 19.793841, 21.364063, 19.21747, 18.792747, 22.487351, 19.278282, 18.84052]",19.948676,1.393179
7,cosip_beta0,089_cosip_beta0_lapin-off_$\gamma0.8$,9,"[0.300096, 0.312833, 0.274978, 0.284456, 0.296695, 0.314154, 0.306829, 0.265688, 0.284831]",0.293396,0.016975,"[0.28299, 0.299349, 0.263886, 0.285357, 0.317037, 0.297197, 0.277188, 0.287065, 0.281742]",0.287979,0.015112,"[0.234043, 0.090909, 0.227273, 0.191489, 0.133333, 0.175, 0.297872, 0.186047, 0.133333]",0.185478,0.062516,"[21.204446, 18.559367, 19.793841, 21.364063, 19.21747, 18.792747, 22.487351, 19.278282, 18.84052]",19.948676,1.393179
7,cosip_beta0,090_cosip_beta0_lapin-off_$\gamma0.9$,9,"[0.282922, 0.306758, 0.243808, 0.26998, 0.290819, 0.305559, 0.292615, 0.262008, 0.27655]",0.281224,0.020574,"[0.271331, 0.295727, 0.262159, 0.273515, 0.305612, 0.285225, 0.26886, 0.264889, 0.280984]",0.2787,0.014596,"[0.191489, 0.090909, 0.227273, 0.170213, 0.111111, 0.175, 0.276596, 0.186047, 0.133333]",0.173552,0.057382,"[21.204446, 18.559367, 19.793841, 21.364063, 19.21747, 18.792747, 22.487351, 19.278282, 18.84052]",19.948676,1.393179
7,cosip_beta0,091_cosip_beta0_lapin-on_$\gamma0.3$,9,"[0.12511, 0.025598, 0.103019, 0.142419, 0.146682, 0.065822, 0.06196, 0.121869, 0.079855]",0.096926,0.041183,"[0.2405, 0.12383, 0.181588, 0.286724, 0.238316, 0.154238, 0.143939, 0.185125, 0.161722]",0.190665,0.053513,"[0.06383, 0.045455, 0.045455, 0.0, 0.044444, 0.05, 0.106383, 0.0, 0.111111]",0.051853,0.038965,"[29.041433, 26.095798, 27.330409, 28.919629, 25.181733, 25.642473, 32.061497, 25.128133, 30.815375]",27.801831,2.54513
7,cosip_beta0,092_cosip_beta0_lapin-on_$\gamma0.5$,9,"[0.235977, 0.089234, 0.200681, 0.272933, 0.217122, 0.150892, 0.164331, 0.218023, 0.18225]",0.192383,0.053593,"[0.296406, 0.22976, 0.224101, 0.326923, 0.299959, 0.251024, 0.218086, 0.282983, 0.242243]",0.263498,0.039011,"[0.06383, 0.045455, 0.045455, 0.0, 0.044444, 0.05, 0.106383, 0.0, 0.111111]",0.051853,0.038965,"[29.041433, 26.095798, 27.330409, 28.919629, 25.181733, 25.642473, 32.061497, 25.128133, 30.815375]",27.801831,2.54513
7,cosip_beta0,093_cosip_beta0_lapin-on_$\gamma0.6$,9,"[0.281269, 0.14329, 0.199398, 0.279214, 0.245655, 0.178254, 0.190718, 0.230145, 0.202559]",0.216722,0.046284,"[0.301831, 0.270547, 0.245138, 0.323863, 0.296508, 0.258205, 0.226454, 0.292245, 0.261291]",0.27512,0.030834,"[0.06383, 0.045455, 0.045455, 0.0, 0.044444, 0.05, 0.106383, 0.0, 0.111111]",0.051853,0.038965,"[29.041433, 26.095798, 27.330409, 28.919629, 25.181733, 25.642473, 32.061497, 25.128133, 30.815375]",27.801831,2.54513
7,cosip_beta0,094_cosip_beta0_lapin-on_$\gamma0.7$,9,"[0.285679, 0.181482, 0.221109, 0.291342, 0.25609, 0.203726, 0.218934, 0.247622, 0.248671]",0.239406,0.03649,"[0.302313, 0.29038, 0.277875, 0.319191, 0.294838, 0.274675, 0.254262, 0.296951, 0.280186]",0.287852,0.018673,"[0.06383, 0.045455, 0.045455, 0.0, 0.044444, 0.05, 0.106383, 0.0, 0.111111]",0.051853,0.038965,"[29.041433, 26.095798, 27.330409, 28.919629, 25.181733, 25.642473, 32.061497, 25.128133, 30.815375]",27.801831,2.54513
7,cosip_beta0,095_cosip_beta0_lapin-on_$\gamma0.8$,9,"[0.301374, 0.216679, 0.223004, 0.294071, 0.261663, 0.21197, 0.206069, 0.257524, 0.275997]",0.249817,0.036512,"[0.315905, 0.302781, 0.294945, 0.313197, 0.285863, 0.275115, 0.252044, 0.296241, 0.28452]",0.291179,0.019789,"[0.06383, 0.045455, 0.045455, 0.0, 0.044444, 0.05, 0.106383, 0.0, 0.111111]",0.051853,0.038965,"[29.041433, 26.095798, 27.330409, 28.919629, 25.181733, 25.642473, 32.061497, 25.128133, 30.815375]",27.801831,2.54513
7,cosip_beta0,096_cosip_beta0_lapin-on_$\gamma0.9$,9,"[0.287917, 0.226136, 0.216438, 0.281084, 0.259784, 0.218284, 0.220331, 0.262495, 0.266537]",0.248778,0.0285,"[0.306904, 0.300558, 0.288332, 0.308525, 0.291932, 0.285685, 0.281593, 0.293278, 0.279818]",0.292958,0.010439,"[0.06383, 0.045455, 0.045455, 0.021277, 0.044444, 0.05, 0.106383, 0.0, 0.111111]",0.054217,0.035955,"[29.041433, 26.095798, 27.330409, 28.919629, 25.181733, 25.642473, 32.061497, 25.128133, 30.815375]",27.801831,2.54513
7,cosip_beta0.5,097_cosip_beta0.5_lapin-off_$\gamma0.3$,9,"[0.300661, 0.288083, 0.230169, 0.238003, 0.29177, 0.342074, 0.346992, 0.236204, 0.268768]",0.282525,0.043597,"[0.328854, 0.328596, 0.283499, 0.324188, 0.332771, 0.362434, 0.33932, 0.281149, 0.333522]",0.323815,0.025982,"[0.191489, 0.181818, 0.295455, 0.085106, 0.177778, 0.125, 0.170213, 0.395349, 0.177778]",0.199998,0.09245,"[20.921278, 19.213597, 20.985909, 19.874764, 20.235463, 17.478448, 20.62894, 22.594447, 19.864971]",20.199757,1.398856
7,cosip_beta0.5,098_cosip_beta0.5_lapin-off_$\gamma0.5$,9,"[0.295781, 0.321403, 0.289935, 0.271227, 0.312716, 0.323612, 0.32733, 0.313052, 0.297994]",0.305894,0.018483,"[0.32498, 0.325104, 0.27173, 0.307351, 0.334094, 0.355961, 0.32423, 0.278328, 0.312153]",0.314881,0.026488,"[0.191489, 0.181818, 0.295455, 0.085106, 0.177778, 0.125, 0.170213, 0.395349, 0.177778]",0.199998,0.09245,"[20.921278, 19.213597, 20.985909, 19.874764, 20.235463, 17.478448, 20.62894, 22.594447, 19.864971]",20.199757,1.398856
7,cosip_beta0.5,099_cosip_beta0.5_lapin-off_$\gamma0.6$,9,"[0.288925, 0.341883, 0.288259, 0.295641, 0.309114, 0.325277, 0.315596, 0.285485, 0.294327]",0.304945,0.019435,"[0.303381, 0.324927, 0.27338, 0.311589, 0.320616, 0.338329, 0.307224, 0.261267, 0.29352]",0.303804,0.024582,"[0.191489, 0.181818, 0.295455, 0.085106, 0.177778, 0.125, 0.170213, 0.395349, 0.177778]",0.199998,0.09245,"[20.921278, 19.213597, 20.985909, 19.874764, 20.235463, 17.478448, 20.62894, 22.594447, 19.864971]",20.199757,1.398856
7,cosip_beta0.5,100_cosip_beta0.5_lapin-off_$\gamma0.7$,9,"[0.276806, 0.339311, 0.293557, 0.309374, 0.30423, 0.304881, 0.306126, 0.277352, 0.302544]",0.301576,0.018672,"[0.288976, 0.307216, 0.274171, 0.304899, 0.304282, 0.32351, 0.299108, 0.261384, 0.285635]",0.294353,0.018865,"[0.191489, 0.181818, 0.295455, 0.085106, 0.177778, 0.125, 0.170213, 0.395349, 0.177778]",0.199998,0.09245,"[20.921278, 19.213597, 20.985909, 19.874764, 20.235463, 17.478448, 20.62894, 22.594447, 19.864971]",20.199757,1.398856
7,cosip_beta0.5,101_cosip_beta0.5_lapin-off_$\gamma0.8$,9,"[0.265677, 0.322448, 0.286111, 0.292245, 0.278292, 0.300839, 0.289483, 0.247564, 0.280902]",0.28484,0.021105,"[0.271204, 0.290473, 0.26892, 0.292128, 0.296782, 0.312802, 0.285969, 0.260735, 0.277512]",0.284058,0.016122,"[0.191489, 0.181818, 0.295455, 0.085106, 0.177778, 0.125, 0.170213, 0.395349, 0.177778]",0.199998,0.09245,"[20.921278, 19.213597, 20.985909, 19.874764, 20.235463, 17.478448, 20.62894, 22.594447, 19.864971]",20.199757,1.398856
7,cosip_beta0.5,102_cosip_beta0.5_lapin-off_$\gamma0.9$,9,"[0.258167, 0.28384, 0.266393, 0.279708, 0.261192, 0.298115, 0.27552, 0.245442, 0.263056]",0.270159,0.015766,"[0.257338, 0.287103, 0.2588, 0.286186, 0.295737, 0.302812, 0.280409, 0.243276, 0.264145]",0.27509,0.020009,"[0.170213, 0.181818, 0.295455, 0.085106, 0.155556, 0.1, 0.170213, 0.348837, 0.177778]",0.18722,0.08483,"[20.921278, 19.213597, 20.985909, 19.874764, 20.235463, 17.478448, 20.62894, 22.594447, 19.864971]",20.199757,1.398856
7,cosip_beta0.5,103_cosip_beta0.5_lapin-on_$\gamma0.3$,9,"[0.056072, 0.010831, 0.086726, 0.072745, 0.012502, 0.02627, 0.062708, 0.066304, 0.022665]",0.046314,0.028414,"[0.154475, 0.090906, 0.224089, 0.174819, 0.127826, 0.106938, 0.159175, 0.140889, 0.142088]",0.146801,0.038892,"[0.021277, 0.0, 0.113636, 0.148936, 0.066667, 0.0, 0.021277, 0.023256, 0.022222]",0.046363,0.052599,"[27.859209, 26.726769, 28.226049, 24.549686, 25.238589, 23.873724, 28.090825, 27.827929, 27.594271]",26.665228,1.673924
7,cosip_beta0.5,104_cosip_beta0.5_lapin-on_$\gamma0.5$,9,"[0.139622, 0.073581, 0.239437, 0.138664, 0.099934, 0.075145, 0.189864, 0.179169, 0.107794]",0.138134,0.056057,"[0.233648, 0.18272, 0.314051, 0.240731, 0.224625, 0.182455, 0.222968, 0.239102, 0.236538]",0.23076,0.038548,"[0.021277, 0.0, 0.113636, 0.148936, 0.066667, 0.0, 0.021277, 0.023256, 0.022222]",0.046363,0.052599,"[27.859209, 26.726769, 28.226049, 24.549686, 25.238589, 23.873724, 28.090825, 27.827929, 27.594271]",26.665228,1.673924
7,cosip_beta0.5,105_cosip_beta0.5_lapin-on_$\gamma0.6$,9,"[0.179236, 0.116829, 0.264012, 0.157139, 0.128824, 0.114285, 0.193431, 0.19235, 0.13776]",0.164874,0.048176,"[0.251973, 0.21018, 0.32146, 0.248599, 0.257944, 0.2123, 0.230434, 0.255808, 0.250756]",0.248828,0.032763,"[0.021277, 0.0, 0.113636, 0.148936, 0.066667, 0.0, 0.021277, 0.023256, 0.022222]",0.046363,0.052599,"[27.859209, 26.726769, 28.226049, 24.549686, 25.238589, 23.873724, 28.090825, 27.827929, 27.594271]",26.665228,1.673924
7,cosip_beta0.5,106_cosip_beta0.5_lapin-on_$\gamma0.7$,9,"[0.204706, 0.142118, 0.271772, 0.153798, 0.156012, 0.149789, 0.183003, 0.194227, 0.158602]",0.179336,0.040785,"[0.270405, 0.237199, 0.317126, 0.260053, 0.268817, 0.232831, 0.237323, 0.261746, 0.261476]",0.260775,0.025548,"[0.021277, 0.0, 0.113636, 0.148936, 0.066667, 0.0, 0.021277, 0.023256, 0.022222]",0.046363,0.052599,"[27.859209, 26.726769, 28.226049, 24.549686, 25.238589, 23.873724, 28.090825, 27.827929, 27.594271]",26.665228,1.673924
7,cosip_beta0.5,107_cosip_beta0.5_lapin-on_$\gamma0.8$,9,"[0.196682, 0.156215, 0.280534, 0.152369, 0.158616, 0.191763, 0.230351, 0.215438, 0.191709]",0.197075,0.041253,"[0.26149, 0.242036, 0.308667, 0.26954, 0.271785, 0.25662, 0.275159, 0.281561, 0.276237]",0.271455,0.018412,"[0.021277, 0.0, 0.113636, 0.148936, 0.066667, 0.0, 0.042553, 0.023256, 0.022222]",0.048727,0.051803,"[27.859209, 26.726769, 28.226049, 24.549686, 25.238589, 23.873724, 28.090825, 27.827929, 27.594271]",26.665228,1.673924
7,cosip_beta0.5,108_cosip_beta0.5_lapin-on_$\gamma0.9$,9,"[0.200181, 0.167109, 0.264455, 0.166276, 0.19818, 0.189995, 0.256721, 0.195333, 0.191011]",0.203251,0.034824,"[0.26536, 0.262021, 0.304777, 0.267129, 0.28006, 0.280624, 0.288258, 0.290861, 0.282981]",0.28023,0.013748,"[0.021277, 0.0, 0.113636, 0.148936, 0.066667, 0.0, 0.042553, 0.023256, 0.022222]",0.048727,0.051803,"[27.859209, 26.726769, 28.226049, 24.549686, 25.238589, 23.873724, 28.090825, 27.827929, 27.594271]",26.665228,1.673924
7,cosip_beta1,109_cosip_beta1_lapin-off_$\gamma0.3$,9,"[0.208653, 0.097333, 0.21666, 0.112915, 0.128398, 0.21401, 0.232223, 0.147485, 0.205054]",0.173637,0.05168,"[0.300526, 0.259044, 0.31546, 0.226187, 0.261123, 0.305819, 0.311662, 0.242605, 0.307279]",0.281078,0.033859,"[0.170213, 0.045455, 0.090909, 0.12766, 0.044444, 0.175, 0.170213, 0.116279, 0.088889]",0.11434,0.051151,"[20.724622, 18.556266, 18.346543, 21.328142, 18.481609, 18.448794, 20.940428, 20.253292, 17.387501]",19.385244,1.42265
7,cosip_beta1,110_cosip_beta1_lapin-off_$\gamma0.5$,9,"[0.258331, 0.194972, 0.275353, 0.200699, 0.209178, 0.308126, 0.250635, 0.238924, 0.244081]",0.242255,0.036801,"[0.298661, 0.290636, 0.310771, 0.259138, 0.270916, 0.321369, 0.306316, 0.270364, 0.319422]",0.294177,0.022825,"[0.170213, 0.045455, 0.090909, 0.12766, 0.044444, 0.175, 0.170213, 0.116279, 0.088889]",0.11434,0.051151,"[20.724622, 18.556266, 18.346543, 21.328142, 18.481609, 18.448794, 20.940428, 20.253292, 17.387501]",19.385244,1.42265
7,cosip_beta1,111_cosip_beta1_lapin-off_$\gamma0.6$,9,"[0.274601, 0.183909, 0.280742, 0.232258, 0.24528, 0.302012, 0.269324, 0.252781, 0.239157]",0.25334,0.034203,"[0.291407, 0.278941, 0.301296, 0.266346, 0.288001, 0.32106, 0.298243, 0.280241, 0.31015]",0.292854,0.016867,"[0.170213, 0.045455, 0.090909, 0.12766, 0.044444, 0.175, 0.170213, 0.116279, 0.088889]",0.11434,0.051151,"[20.724622, 18.556266, 18.346543, 21.328142, 18.481609, 18.448794, 20.940428, 20.253292, 17.387501]",19.385244,1.42265
7,cosip_beta1,112_cosip_beta1_lapin-off_$\gamma0.7$,9,"[0.26621, 0.202656, 0.274157, 0.232244, 0.239211, 0.296321, 0.268878, 0.235062, 0.2432]",0.250882,0.028026,"[0.29041, 0.277589, 0.296356, 0.262687, 0.28898, 0.322867, 0.289172, 0.280258, 0.294856]",0.289242,0.01634,"[0.170213, 0.045455, 0.090909, 0.12766, 0.044444, 0.175, 0.170213, 0.116279, 0.088889]",0.11434,0.051151,"[20.724622, 18.556266, 18.346543, 21.328142, 18.481609, 18.448794, 20.940428, 20.253292, 17.387501]",19.385244,1.42265
7,cosip_beta1,113_cosip_beta1_lapin-off_$\gamma0.8$,9,"[0.269372, 0.209759, 0.255615, 0.242745, 0.233217, 0.288431, 0.247266, 0.223678, 0.242602]",0.245854,0.023552,"[0.283754, 0.272103, 0.289943, 0.264396, 0.283336, 0.306564, 0.280003, 0.277278, 0.285412]",0.282532,0.011803,"[0.170213, 0.045455, 0.090909, 0.12766, 0.022222, 0.175, 0.170213, 0.093023, 0.088889]",0.109287,0.055625,"[20.724622, 18.556266, 18.346543, 21.328142, 18.481609, 18.448794, 20.940428, 20.253292, 17.387501]",19.385244,1.42265
7,cosip_beta1,114_cosip_beta1_lapin-off_$\gamma0.9$,9,"[0.261857, 0.204825, 0.253882, 0.232543, 0.231194, 0.274146, 0.223401, 0.223269, 0.238155]",0.238141,0.021606,"[0.278034, 0.26445, 0.280483, 0.266381, 0.277726, 0.293082, 0.267968, 0.278604, 0.276539]",0.275919,0.008778,"[0.170213, 0.045455, 0.090909, 0.12766, 0.022222, 0.175, 0.170213, 0.093023, 0.088889]",0.109287,0.055625,"[20.724622, 18.556266, 18.346543, 21.328142, 18.481609, 18.448794, 20.940428, 20.253292, 17.387501]",19.385244,1.42265
7,cosip_beta1,115_cosip_beta1_lapin-on_$\gamma0.3$,9,"[0.049491, 0.008896, 0.047825, 0.013621, 0.041904, 0.013177, 0.00631, 0.004351, 0.010277]",0.021761,0.018819,"[0.158094, 0.099994, 0.168096, 0.087416, 0.147262, 0.103528, 0.13062, 0.092245, 0.082878]",0.118904,0.032579,"[0.085106, 0.068182, 0.022727, 0.085106, 0.044444, 0.075, 0.042553, 0.046512, 0.0]",0.052181,0.028983,"[24.341679, 24.565908, 27.454655, 26.794544, 24.863752, 22.619906, 26.392588, 23.84744, 26.712851]",25.288147,1.620388
7,cosip_beta1,116_cosip_beta1_lapin-on_$\gamma0.5$,9,"[0.126315, 0.048364, 0.116652, 0.070194, 0.075157, 0.09486, 0.088373, 0.065091, 0.051822]",0.08187,0.027122,"[0.224893, 0.183489, 0.22443, 0.185758, 0.202889, 0.189316, 0.224436, 0.189844, 0.171854]",0.199657,0.020328,"[0.085106, 0.068182, 0.022727, 0.085106, 0.044444, 0.075, 0.042553, 0.046512, 0.0]",0.052181,0.028983,"[24.341679, 24.565908, 27.454655, 26.794544, 24.863752, 22.619906, 26.392588, 23.84744, 26.712851]",25.288147,1.620388
7,cosip_beta1,117_cosip_beta1_lapin-on_$\gamma0.6$,9,"[0.156748, 0.068525, 0.151158, 0.088295, 0.092998, 0.104808, 0.127863, 0.085041, 0.09085]",0.107365,0.030889,"[0.232845, 0.20732, 0.235721, 0.218205, 0.208256, 0.220628, 0.25045, 0.205451, 0.198554]",0.219714,0.017002,"[0.085106, 0.068182, 0.022727, 0.085106, 0.044444, 0.075, 0.042553, 0.046512, 0.0]",0.052181,0.028983,"[24.341679, 24.565908, 27.454655, 26.794544, 24.863752, 22.619906, 26.392588, 23.84744, 26.712851]",25.288147,1.620388
7,cosip_beta1,118_cosip_beta1_lapin-on_$\gamma0.7$,9,"[0.169881, 0.084506, 0.200837, 0.104424, 0.125025, 0.150756, 0.178156, 0.09478, 0.10317]",0.134615,0.041646,"[0.244331, 0.219854, 0.253944, 0.236365, 0.214777, 0.245401, 0.265416, 0.211319, 0.210547]",0.23355,0.020185,"[0.085106, 0.068182, 0.022727, 0.085106, 0.044444, 0.075, 0.042553, 0.046512, 0.0]",0.052181,0.028983,"[24.341679, 24.565908, 27.454655, 26.794544, 24.863752, 22.619906, 26.392588, 23.84744, 26.712851]",25.288147,1.620388
7,cosip_beta1,119_cosip_beta1_lapin-on_$\gamma0.8$,9,"[0.175693, 0.107035, 0.212482, 0.108506, 0.144239, 0.161621, 0.198624, 0.109158, 0.132143]",0.149945,0.039767,"[0.248985, 0.224471, 0.260779, 0.244297, 0.230732, 0.256418, 0.269457, 0.238324, 0.210858]",0.242702,0.018647,"[0.085106, 0.068182, 0.022727, 0.085106, 0.044444, 0.075, 0.042553, 0.046512, 0.0]",0.052181,0.028983,"[24.341679, 24.565908, 27.454655, 26.794544, 24.863752, 22.619906, 26.392588, 23.84744, 26.712851]",25.288147,1.620388
7,cosip_beta1,120_cosip_beta1_lapin-on_$\gamma0.9$,9,"[0.165207, 0.118134, 0.214765, 0.126935, 0.147326, 0.171362, 0.192902, 0.133504, 0.128849]",0.155443,0.033034,"[0.255268, 0.232827, 0.272252, 0.257672, 0.241675, 0.255687, 0.275349, 0.24992, 0.218736]",0.251043,0.017988,"[0.085106, 0.068182, 0.022727, 0.085106, 0.044444, 0.075, 0.042553, 0.046512, 0.0]",0.052181,0.028983,"[24.341679, 24.565908, 27.454655, 26.794544, 24.863752, 22.619906, 26.392588, 23.84744, 26.712851]",25.288147,1.620388
7,default,001_default_lapin-off_$\gamma0.3$,10,"[0.131231, 0.075507, 0.027133, 0.048542, 0.041419, 0.0135, 0.093145, 0.052102, 0.05061, 0.043065]",0.057625,0.034177,"[0.182899, 0.162022, 0.105813, 0.107129, 0.131533, 0.10526, 0.14941, 0.135672, 0.089694, 0.123017]",0.129245,0.029103,"[0.276596, 0.340909, 0.181818, 0.340426, 0.266667, 0.15, 0.276596, 0.139535, 0.244444, 0.288889]",0.250588,0.071899,"[14.736619, 13.217431, 17.100064, 13.747435, 14.757017, 13.985176, 14.927892, 15.910973, 15.134168, 13.698935]",14.721571,1.158813
7,default,002_default_lapin-off_$\gamma0.5$,10,"[0.248041, 0.139281, 0.097312, 0.101615, 0.091909, 0.077368, 0.197458, 0.17875, 0.118154, 0.103527]",0.135342,0.055376,"[0.349265, 0.279721, 0.252386, 0.227588, 0.254122, 0.235764, 0.305939, 0.281604, 0.215549, 0.243367]",0.26453,0.040431,"[0.276596, 0.340909, 0.181818, 0.340426, 0.266667, 0.15, 0.276596, 0.139535, 0.244444, 0.288889]",0.250588,0.071899,"[14.736619, 13.217431, 17.100064, 13.747435, 14.757017, 13.985176, 14.927892, 15.910973, 15.134168, 13.698935]",14.721571,1.158813
7,default,003_default_lapin-off_$\gamma0.6$,10,"[0.227241, 0.114714, 0.114361, 0.13488, 0.104688, 0.143576, 0.237941, 0.208728, 0.148183, 0.118909]",0.155322,0.050193,"[0.360964, 0.291081, 0.282019, 0.254729, 0.280906, 0.281695, 0.324284, 0.301158, 0.24889, 0.27691]",0.290264,0.032757,"[0.276596, 0.340909, 0.181818, 0.340426, 0.266667, 0.15, 0.276596, 0.139535, 0.244444, 0.288889]",0.250588,0.071899,"[14.736619, 13.217431, 17.100064, 13.747435, 14.757017, 13.985176, 14.927892, 15.910973, 15.134168, 13.698935]",14.721571,1.158813
7,default,004_default_lapin-off_$\gamma0.7$,10,"[0.209105, 0.121779, 0.157435, 0.15112, 0.139776, 0.188617, 0.23791, 0.217647, 0.135469, 0.139067]",0.169792,0.040359,"[0.340445, 0.293828, 0.29139, 0.277538, 0.28818, 0.297037, 0.329603, 0.308665, 0.270532, 0.291311]",0.298853,0.021815,"[0.276596, 0.340909, 0.181818, 0.340426, 0.266667, 0.15, 0.276596, 0.139535, 0.244444, 0.288889]",0.250588,0.071899,"[14.736619, 13.217431, 17.100064, 13.747435, 14.757017, 13.985176, 14.927892, 15.910973, 15.134168, 13.698935]",14.721571,1.158813
7,default,005_default_lapin-off_$\gamma0.8$,10,"[0.214795, 0.128275, 0.152235, 0.163621, 0.130603, 0.21463, 0.231545, 0.215421, 0.146569, 0.156758]",0.175445,0.039337,"[0.318685, 0.285363, 0.294798, 0.277896, 0.287995, 0.300014, 0.316504, 0.297894, 0.274196, 0.291436]",0.294478,0.01466,"[0.276596, 0.340909, 0.181818, 0.340426, 0.266667, 0.15, 0.276596, 0.139535, 0.244444, 0.288889]",0.250588,0.071899,"[14.736619, 13.217431, 17.100064, 13.747435, 14.757017, 13.985176, 14.927892, 15.910973, 15.134168, 13.698935]",14.721571,1.158813
7,default,006_default_lapin-off_$\gamma0.9$,10,"[0.2172, 0.134429, 0.17487, 0.157466, 0.173607, 0.21838, 0.232062, 0.215881, 0.126845, 0.16965]",0.182039,0.037115,"[0.298131, 0.271191, 0.292892, 0.272857, 0.27986, 0.290661, 0.304598, 0.284411, 0.26711, 0.280623]",0.284233,0.012243,"[0.276596, 0.340909, 0.181818, 0.340426, 0.266667, 0.15, 0.276596, 0.139535, 0.244444, 0.288889]",0.250588,0.071899,"[14.736619, 13.217431, 17.100064, 13.747435, 14.757017, 13.985176, 14.927892, 15.910973, 15.134168, 13.698935]",14.721571,1.158813
7,default,007_default_lapin-on_$\gamma0.3$,10,"[0.004659, 0.0, 0.004385, 0.0, 0.0, 0.0, 0.005201, 0.004883, 0.005027, 0.010616]",0.003477,0.003478,"[0.052733, 0.041968, 0.037875, 0.03475, 0.050363, 0.049449, 0.0777, 0.062579, 0.050641, 0.0618]",0.051986,0.012814,"[0.255319, 0.25, 0.272727, 0.297872, 0.311111, 0.275, 0.276596, 0.348837, 0.266667, 0.288889]",0.284302,0.029243,"[21.70703, 20.961962, 20.516235, 21.50948, 19.547537, 17.63235, 21.322802, 16.317749, 20.25603, 20.886984]",20.065816,1.773653
7,default,008_default_lapin-on_$\gamma0.5$,10,"[0.043832, 0.018662, 0.01401, 0.00639, 0.005427, 0.022876, 0.054158, 0.014409, 0.048727, 0.025247]",0.025374,0.017555,"[0.128327, 0.122634, 0.136209, 0.125469, 0.141074, 0.176707, 0.188223, 0.145868, 0.154262, 0.145166]",0.146394,0.021585,"[0.255319, 0.25, 0.272727, 0.297872, 0.311111, 0.275, 0.276596, 0.348837, 0.266667, 0.288889]",0.284302,0.029243,"[21.70703, 20.961962, 20.516235, 21.50948, 19.547537, 17.63235, 21.322802, 16.317749, 20.25603, 20.886984]",20.065816,1.773653
7,default,009_default_lapin-on_$\gamma0.6$,10,"[0.05286, 0.036988, 0.023916, 0.027768, 0.025173, 0.042601, 0.085117, 0.022927, 0.067076, 0.035061]",0.041949,0.020699,"[0.156906, 0.160071, 0.166038, 0.15765, 0.182397, 0.217527, 0.217063, 0.181828, 0.195516, 0.175862]",0.181086,0.02276,"[0.255319, 0.25, 0.272727, 0.297872, 0.311111, 0.275, 0.276596, 0.348837, 0.266667, 0.288889]",0.284302,0.029243,"[21.70703, 20.961962, 20.516235, 21.50948, 19.547537, 17.63235, 21.322802, 16.317749, 20.25603, 20.886984]",20.065816,1.773653
7,default,010_default_lapin-on_$\gamma0.7$,10,"[0.07667, 0.038673, 0.038706, 0.028602, 0.043442, 0.05824, 0.092752, 0.016816, 0.064611, 0.043784]",0.05023,0.022892,"[0.191256, 0.179016, 0.189839, 0.190182, 0.204969, 0.246669, 0.239952, 0.204529, 0.221394, 0.199884]",0.206769,0.022448,"[0.255319, 0.25, 0.272727, 0.297872, 0.311111, 0.275, 0.276596, 0.348837, 0.266667, 0.288889]",0.284302,0.029243,"[21.70703, 20.961962, 20.516235, 21.50948, 19.547537, 17.63235, 21.322802, 16.317749, 20.25603, 20.886984]",20.065816,1.773653
7,default,011_default_lapin-on_$\gamma0.8$,10,"[0.077503, 0.03784, 0.037216, 0.036551, 0.05118, 0.066697, 0.092585, 0.055691, 0.072277, 0.048033]",0.057557,0.019159,"[0.21714, 0.190108, 0.200511, 0.213681, 0.211928, 0.248628, 0.251479, 0.221669, 0.231527, 0.211354]",0.219802,0.019457,"[0.255319, 0.25, 0.272727, 0.297872, 0.311111, 0.275, 0.276596, 0.348837, 0.266667, 0.288889]",0.284302,0.029243,"[21.70703, 20.961962, 20.516235, 21.50948, 19.547537, 17.63235, 21.322802, 16.317749, 20.25603, 20.886984]",20.065816,1.773653
7,default,012_default_lapin-on_$\gamma0.9$,10,"[0.072517, 0.057261, 0.067697, 0.057266, 0.050594, 0.064183, 0.097784, 0.072771, 0.073817, 0.05226]",0.066615,0.013908,"[0.231771, 0.194979, 0.205515, 0.207934, 0.214928, 0.235157, 0.249906, 0.22352, 0.23157, 0.206823]",0.22021,0.016962,"[0.255319, 0.25, 0.272727, 0.297872, 0.311111, 0.275, 0.276596, 0.348837, 0.266667, 0.288889]",0.284302,0.029243,"[21.70703, 20.961962, 20.516235, 21.50948, 19.547537, 17.63235, 21.322802, 16.317749, 20.25603, 20.886984]",20.065816,1.773653
7,dice,025_dice_lapin-off_$\gamma0.3$,10,"[0.287296, 0.308927, 0.289887, 0.315229, 0.304142, 0.341609, 0.297537, 0.307792, 0.275216, 0.298406]",0.302604,0.018072,"[0.34373, 0.329566, 0.309372, 0.34228, 0.357876, 0.335858, 0.322199, 0.342386, 0.352443, 0.330022]",0.336573,0.014385,"[0.170213, 0.113636, 0.272727, 0.255319, 0.133333, 0.1, 0.234043, 0.162791, 0.177778, 0.177778]",0.179762,0.058286,"[20.948411, 20.42923, 22.046482, 23.734831, 21.725639, 18.193291, 21.985413, 18.821798, 20.176526, 20.330149]",20.839177,1.629274
7,dice,026_dice_lapin-off_$\gamma0.5$,10,"[0.276484, 0.345088, 0.292481, 0.33087, 0.296072, 0.358412, 0.338009, 0.292931, 0.279553, 0.29536]",0.310526,0.029532,"[0.313634, 0.328717, 0.32041, 0.320807, 0.358734, 0.34759, 0.31375, 0.33009, 0.321601, 0.323974]",0.327931,0.014565,"[0.170213, 0.113636, 0.272727, 0.255319, 0.133333, 0.1, 0.234043, 0.162791, 0.177778, 0.177778]",0.179762,0.058286,"[20.948411, 20.42923, 22.046482, 23.734831, 21.725639, 18.193291, 21.985413, 18.821798, 20.176526, 20.330149]",20.839177,1.629274
7,dice,027_dice_lapin-off_$\gamma0.6$,10,"[0.291176, 0.345207, 0.292817, 0.329978, 0.287272, 0.35426, 0.33466, 0.299496, 0.283259, 0.298687]",0.311681,0.026451,"[0.301767, 0.321189, 0.316478, 0.314074, 0.347534, 0.33263, 0.297455, 0.320768, 0.302101, 0.308654]",0.316265,0.015339,"[0.170213, 0.113636, 0.272727, 0.255319, 0.133333, 0.1, 0.234043, 0.162791, 0.177778, 0.177778]",0.179762,0.058286,"[20.948411, 20.42923, 22.046482, 23.734831, 21.725639, 18.193291, 21.985413, 18.821798, 20.176526, 20.330149]",20.839177,1.629274
7,dice,028_dice_lapin-off_$\gamma0.7$,10,"[0.283441, 0.337706, 0.273124, 0.31605, 0.283991, 0.344272, 0.333305, 0.286175, 0.261365, 0.283166]",0.30026,0.029754,"[0.298984, 0.311887, 0.293512, 0.296671, 0.328969, 0.323012, 0.29949, 0.322132, 0.292843, 0.293674]",0.306117,0.014029,"[0.170213, 0.113636, 0.272727, 0.255319, 0.133333, 0.1, 0.234043, 0.162791, 0.177778, 0.177778]",0.179762,0.058286,"[20.948411, 20.42923, 22.046482, 23.734831, 21.725639, 18.193291, 21.985413, 18.821798, 20.176526, 20.330149]",20.839177,1.629274
7,dice,029_dice_lapin-off_$\gamma0.8$,10,"[0.270196, 0.339147, 0.257905, 0.293789, 0.271736, 0.333174, 0.322701, 0.264274, 0.258498, 0.269848]",0.288127,0.031875,"[0.282611, 0.301525, 0.2755, 0.280535, 0.305427, 0.311425, 0.303878, 0.303761, 0.285261, 0.280412]",0.293034,0.013286,"[0.170213, 0.113636, 0.272727, 0.255319, 0.133333, 0.1, 0.212766, 0.162791, 0.177778, 0.177778]",0.177634,0.056443,"[20.948411, 20.42923, 22.046482, 23.734831, 21.725639, 18.193291, 21.985413, 18.821798, 20.176526, 20.330149]",20.839177,1.629274
7,dice,030_dice_lapin-off_$\gamma0.9$,10,"[0.264631, 0.316221, 0.249776, 0.277604, 0.253807, 0.321291, 0.304381, 0.263119, 0.243703, 0.255214]",0.274975,0.028708,"[0.272875, 0.299307, 0.266976, 0.269799, 0.28764, 0.30498, 0.291311, 0.292706, 0.276574, 0.27089]",0.283306,0.013558,"[0.106383, 0.113636, 0.25, 0.255319, 0.133333, 0.1, 0.212766, 0.139535, 0.177778, 0.155556]",0.164431,0.057604,"[20.948411, 20.42923, 22.046482, 23.734831, 21.725639, 18.193291, 21.985413, 18.821798, 20.176526, 20.330149]",20.839177,1.629274
7,dice,031_dice_lapin-on_$\gamma0.3$,10,"[0.079125, 0.019278, 0.039098, 0.039046, 0.138392, 0.039653, 0.126477, 0.155039, 0.079491, 0.114618]",0.083022,0.048275,"[0.169796, 0.119965, 0.144319, 0.135465, 0.22012, 0.123318, 0.240265, 0.268565, 0.18332, 0.225348]",0.183048,0.052954,"[0.042553, 0.090909, 0.068182, 0.042553, 0.0, 0.075, 0.06383, 0.023256, 0.044444, 0.022222]",0.047295,0.02764,"[26.504086, 31.890676, 29.818643, 27.68726, 28.045099, 26.182759, 30.899891, 24.551923, 28.193995, 25.983383]",27.975772,2.320965
7,dice,032_dice_lapin-on_$\gamma0.5$,10,"[0.224371, 0.111325, 0.161543, 0.140419, 0.23596, 0.137294, 0.193042, 0.214593, 0.199173, 0.20254]",0.182026,0.041832,"[0.290675, 0.205003, 0.238315, 0.228426, 0.300438, 0.245054, 0.263856, 0.290827, 0.256188, 0.289973]",0.260875,0.031906,"[0.042553, 0.090909, 0.068182, 0.042553, 0.0, 0.075, 0.06383, 0.023256, 0.044444, 0.022222]",0.047295,0.02764,"[26.504086, 31.890676, 29.818643, 27.68726, 28.045099, 26.182759, 30.899891, 24.551923, 28.193995, 25.983383]",27.975772,2.320965
7,dice,033_dice_lapin-on_$\gamma0.6$,10,"[0.249615, 0.168691, 0.158003, 0.139861, 0.279337, 0.178801, 0.211188, 0.2671, 0.242106, 0.230811]",0.212551,0.048695,"[0.28938, 0.243214, 0.238638, 0.223034, 0.311708, 0.26635, 0.291423, 0.312715, 0.270645, 0.300606]",0.274771,0.031673,"[0.042553, 0.090909, 0.068182, 0.042553, 0.0, 0.075, 0.06383, 0.023256, 0.044444, 0.022222]",0.047295,0.02764,"[26.504086, 31.890676, 29.818643, 27.68726, 28.045099, 26.182759, 30.899891, 24.551923, 28.193995, 25.983383]",27.975772,2.320965
7,dice,034_dice_lapin-on_$\gamma0.7$,10,"[0.239151, 0.198388, 0.187132, 0.155022, 0.293317, 0.215392, 0.238333, 0.283743, 0.258651, 0.248277]",0.231741,0.043266,"[0.277953, 0.244054, 0.25422, 0.2296, 0.311965, 0.287149, 0.30431, 0.313704, 0.274846, 0.293039]",0.279084,0.028846,"[0.042553, 0.090909, 0.068182, 0.042553, 0.0, 0.075, 0.06383, 0.023256, 0.044444, 0.022222]",0.047295,0.02764,"[26.504086, 31.890676, 29.818643, 27.68726, 28.045099, 26.182759, 30.899891, 24.551923, 28.193995, 25.983383]",27.975772,2.320965
7,dice,035_dice_lapin-on_$\gamma0.8$,10,"[0.247298, 0.215458, 0.180141, 0.185663, 0.28523, 0.232345, 0.253739, 0.279231, 0.269751, 0.257897]",0.240675,0.036854,"[0.285511, 0.246848, 0.262195, 0.248636, 0.303083, 0.296681, 0.307356, 0.311738, 0.286999, 0.292728]",0.284178,0.023649,"[0.042553, 0.090909, 0.068182, 0.042553, 0.0, 0.075, 0.06383, 0.023256, 0.044444, 0.022222]",0.047295,0.02764,"[26.504086, 31.890676, 29.818643, 27.68726, 28.045099, 26.182759, 30.899891, 24.551923, 28.193995, 25.983383]",27.975772,2.320965
7,dice,036_dice_lapin-on_$\gamma0.9$,10,"[0.234206, 0.213834, 0.193579, 0.178526, 0.274031, 0.242772, 0.234261, 0.268716, 0.282146, 0.24734]",0.236941,0.034013,"[0.301665, 0.262011, 0.269731, 0.252516, 0.30117, 0.291616, 0.306392, 0.304184, 0.28967, 0.285861]",0.286482,0.018933,"[0.06383, 0.090909, 0.068182, 0.042553, 0.0, 0.075, 0.042553, 0.023256, 0.022222, 0.022222]",0.045073,0.028765,"[26.504086, 31.890676, 29.818643, 27.68726, 28.045099, 26.182759, 30.899891, 24.551923, 28.193995, 25.983383]",27.975772,2.320965
7,ip_beta0,049_ip_beta0_lapin-off_$\gamma0.3$,10,"[0.205058, 0.206963, 0.20319, 0.219246, 0.192485, 0.231102, 0.225352, 0.156382, 0.230779, 0.140234]",0.201079,0.030789,"[0.297336, 0.317255, 0.30132, 0.327642, 0.297663, 0.312624, 0.31082, 0.294919, 0.311668, 0.24984]",0.302109,0.021045,"[0.085106, 0.090909, 0.045455, 0.085106, 0.066667, 0.025, 0.042553, 0.069767, 0.044444, 0.044444]",0.059945,0.02256,"[16.564878, 14.121952, 15.903697, 14.686186, 13.929852, 14.100216, 15.02779, 13.719556, 15.9346, 15.932914]",14.992164,1.025957
7,ip_beta0,050_ip_beta0_lapin-off_$\gamma0.5$,10,"[0.286303, 0.290872, 0.275259, 0.297196, 0.317252, 0.31288, 0.293644, 0.267539, 0.357775, 0.246392]",0.294511,0.030476,"[0.359554, 0.348706, 0.323878, 0.376915, 0.377856, 0.355316, 0.351157, 0.360466, 0.393863, 0.357397]",0.360511,0.019116,"[0.085106, 0.090909, 0.045455, 0.085106, 0.066667, 0.025, 0.042553, 0.069767, 0.044444, 0.044444]",0.059945,0.02256,"[16.564878, 14.121952, 15.903697, 14.686186, 13.929852, 14.100216, 15.02779, 13.719556, 15.9346, 15.932914]",14.992164,1.025957
7,ip_beta0,051_ip_beta0_lapin-off_$\gamma0.6$,10,"[0.288759, 0.279747, 0.296094, 0.31131, 0.323767, 0.31595, 0.310674, 0.262349, 0.356788, 0.250601]",0.299604,0.031081,"[0.353218, 0.342446, 0.329424, 0.379541, 0.364169, 0.369257, 0.359766, 0.359071, 0.390217, 0.350615]",0.359772,0.017561,"[0.085106, 0.090909, 0.045455, 0.085106, 0.066667, 0.025, 0.042553, 0.069767, 0.044444, 0.044444]",0.059945,0.02256,"[16.564878, 14.121952, 15.903697, 14.686186, 13.929852, 14.100216, 15.02779, 13.719556, 15.9346, 15.932914]",14.992164,1.025957
7,ip_beta0,052_ip_beta0_lapin-off_$\gamma0.7$,9,"[0.30596, 0.271382, 0.298231, 0.32202, 0.332428, 0.331913, 0.305823, 0.277282, 0.354127]",0.311018,0.026925,"[0.357825, 0.342559, 0.330068, 0.374258, 0.354786, 0.375045, 0.363498, 0.352436, 0.373141]",0.35818,0.015305,"[0.085106, 0.090909, 0.045455, 0.085106, 0.066667, 0.025, 0.042553, 0.069767, 0.044444]",0.061667,0.023221,"[16.564878, 14.121952, 15.903697, 14.686186, 13.929852, 14.100216, 15.02779, 13.719556, 15.9346]",14.887636,1.030166
7,ip_beta0,053_ip_beta0_lapin-off_$\gamma0.8$,9,"[0.303212, 0.280422, 0.291349, 0.331126, 0.325561, 0.350911, 0.298882, 0.275113, 0.364407]",0.313443,0.031275,"[0.343261, 0.334861, 0.329622, 0.367949, 0.367602, 0.369268, 0.359712, 0.343018, 0.360908]",0.352911,0.015325,"[0.085106, 0.090909, 0.045455, 0.085106, 0.066667, 0.025, 0.042553, 0.069767, 0.044444]",0.061667,0.023221,"[16.564878, 14.121952, 15.903697, 14.686186, 13.929852, 14.100216, 15.02779, 13.719556, 15.9346]",14.887636,1.030166
7,ip_beta0,054_ip_beta0_lapin-off_$\gamma0.9$,9,"[0.293923, 0.271789, 0.286191, 0.315368, 0.30922, 0.336463, 0.305569, 0.261095, 0.363552]",0.304797,0.031723,"[0.338641, 0.323841, 0.327427, 0.354692, 0.356853, 0.36685, 0.359671, 0.335509, 0.355982]",0.346607,0.015457,"[0.085106, 0.090909, 0.045455, 0.085106, 0.066667, 0.025, 0.042553, 0.069767, 0.044444]",0.061667,0.023221,"[16.564878, 14.121952, 15.903697, 14.686186, 13.929852, 14.100216, 15.02779, 13.719556, 15.9346]",14.887636,1.030166
7,ip_beta0,055_ip_beta0_lapin-on_$\gamma0.3$,9,"[0.085813, 0.064066, 0.111331, 0.105189, 0.110884, 0.129577, 0.145831, 0.121029, 0.088716]",0.106937,0.024693,"[0.152163, 0.181098, 0.207333, 0.196365, 0.18249, 0.195249, 0.207263, 0.218373, 0.202678]",0.193668,0.019617,"[0.617021, 0.613636, 0.5, 0.468085, 0.644444, 0.525, 0.574468, 0.581395, 0.555556]",0.564401,0.058143,"[46.653024, 36.886339, 35.046753, 35.594411, 38.82454, 33.547937, 39.006651, 34.549641, 37.993591]",37.566987,3.910805
7,ip_beta0,056_ip_beta0_lapin-on_$\gamma0.5$,9,"[0.214281, 0.1627, 0.252954, 0.219831, 0.233744, 0.241068, 0.267886, 0.232192, 0.230045]",0.2283,0.02949,"[0.275822, 0.228928, 0.276696, 0.238609, 0.272129, 0.276242, 0.272843, 0.277622, 0.250703]",0.263288,0.0188,"[0.617021, 0.613636, 0.5, 0.468085, 0.644444, 0.525, 0.574468, 0.581395, 0.555556]",0.564401,0.058143,"[46.653024, 36.886339, 35.046753, 35.594411, 38.82454, 33.547937, 39.006651, 34.549641, 37.993591]",37.566987,3.910805
7,ip_beta0,057_ip_beta0_lapin-on_$\gamma0.6$,9,"[0.248814, 0.201576, 0.269379, 0.227963, 0.265269, 0.265993, 0.282926, 0.222976, 0.257005]",0.2491,0.026345,"[0.292887, 0.240149, 0.290101, 0.237506, 0.284302, 0.283184, 0.292198, 0.271415, 0.254287]",0.271781,0.022266,"[0.617021, 0.613636, 0.5, 0.468085, 0.644444, 0.525, 0.574468, 0.581395, 0.555556]",0.564401,0.058143,"[46.653024, 36.886339, 35.046753, 35.594411, 38.82454, 33.547937, 39.006651, 34.549641, 37.993591]",37.566987,3.910805
7,ip_beta0,058_ip_beta0_lapin-on_$\gamma0.7$,9,"[0.262601, 0.212853, 0.29261, 0.253599, 0.299099, 0.286834, 0.319501, 0.235649, 0.276043]",0.270977,0.033334,"[0.280449, 0.263024, 0.319648, 0.257273, 0.303835, 0.290556, 0.298931, 0.288342, 0.27805]",0.286679,0.019643,"[0.617021, 0.613636, 0.5, 0.468085, 0.644444, 0.525, 0.574468, 0.581395, 0.555556]",0.564401,0.058143,"[46.653024, 36.886339, 35.046753, 35.594411, 38.82454, 33.547937, 39.006651, 34.549641, 37.993591]",37.566987,3.910805
7,ip_beta0,059_ip_beta0_lapin-on_$\gamma0.8$,9,"[0.239436, 0.234212, 0.292682, 0.265983, 0.302552, 0.296025, 0.299481, 0.232988, 0.305802]",0.274351,0.031291,"[0.279789, 0.297349, 0.30916, 0.276869, 0.300208, 0.30462, 0.327796, 0.284309, 0.305039]",0.298349,0.016107,"[0.617021, 0.613636, 0.5, 0.468085, 0.644444, 0.525, 0.574468, 0.581395, 0.555556]",0.564401,0.058143,"[46.653024, 36.886339, 35.046753, 35.594411, 38.82454, 33.547937, 39.006651, 34.549641, 37.993591]",37.566987,3.910805
7,ip_beta0,060_ip_beta0_lapin-on_$\gamma0.9$,9,"[0.226514, 0.22657, 0.291563, 0.281817, 0.287691, 0.292624, 0.294979, 0.233409, 0.287358]",0.269169,0.030546,"[0.292341, 0.287731, 0.308024, 0.298572, 0.297288, 0.319122, 0.326583, 0.281009, 0.302997]",0.301519,0.014595,"[0.595745, 0.568182, 0.454545, 0.404255, 0.622222, 0.525, 0.531915, 0.581395, 0.533333]",0.535177,0.069129,"[46.653024, 36.886339, 35.046753, 35.594411, 38.82454, 33.547937, 39.006651, 34.549641, 37.993591]",37.566987,3.910805
7,ip_beta0.5,061_ip_beta0.5_lapin-off_$\gamma0.3$,9,"[0.154128, 0.204176, 0.127597, 0.197646, 0.209015, 0.131919, 0.270417, 0.119481, 0.138575]",0.17255,0.050645,"[0.290277, 0.294137, 0.249603, 0.305519, 0.264166, 0.273681, 0.335351, 0.229585, 0.269373]",0.279077,0.031389,"[0.106383, 0.022727, 0.045455, 0.042553, 0.088889, 0.025, 0.042553, 0.023256, 0.0]",0.044091,0.033713,"[14.824612, 16.433159, 17.8488, 17.354494, 17.835845, 15.699672, 16.93893, 15.436704, 16.501097]",16.541479,1.066161
7,ip_beta0.5,062_ip_beta0.5_lapin-off_$\gamma0.5$,9,"[0.21971, 0.269918, 0.20952, 0.259045, 0.310007, 0.219417, 0.282391, 0.21179, 0.227723]",0.245502,0.036045,"[0.320741, 0.33489, 0.262113, 0.352014, 0.308512, 0.323475, 0.346804, 0.316982, 0.30397]",0.318833,0.026726,"[0.106383, 0.022727, 0.045455, 0.042553, 0.088889, 0.025, 0.042553, 0.023256, 0.0]",0.044091,0.033713,"[14.824612, 16.433159, 17.8488, 17.354494, 17.835845, 15.699672, 16.93893, 15.436704, 16.501097]",16.541479,1.066161
7,ip_beta0.5,063_ip_beta0.5_lapin-off_$\gamma0.6$,9,"[0.241013, 0.278493, 0.235867, 0.269812, 0.317281, 0.241129, 0.28505, 0.241758, 0.241007]",0.261268,0.028118,"[0.333325, 0.349041, 0.27929, 0.354045, 0.315391, 0.312995, 0.343453, 0.322209, 0.298952]",0.323189,0.024531,"[0.106383, 0.022727, 0.045455, 0.042553, 0.088889, 0.025, 0.042553, 0.023256, 0.0]",0.044091,0.033713,"[14.824612, 16.433159, 17.8488, 17.354494, 17.835845, 15.699672, 16.93893, 15.436704, 16.501097]",16.541479,1.066161
7,ip_beta0.5,064_ip_beta0.5_lapin-off_$\gamma0.7$,9,"[0.252973, 0.293797, 0.269524, 0.266568, 0.322926, 0.268477, 0.294518, 0.257156, 0.271389]",0.277481,0.022181,"[0.335971, 0.353409, 0.304681, 0.351976, 0.320819, 0.306334, 0.341321, 0.330543, 0.305895]",0.327883,0.019433,"[0.106383, 0.022727, 0.045455, 0.042553, 0.088889, 0.025, 0.042553, 0.023256, 0.0]",0.044091,0.033713,"[14.824612, 16.433159, 17.8488, 17.354494, 17.835845, 15.699672, 16.93893, 15.436704, 16.501097]",16.541479,1.066161
7,ip_beta0.5,065_ip_beta0.5_lapin-off_$\gamma0.8$,9,"[0.269001, 0.293929, 0.262346, 0.265642, 0.30898, 0.264137, 0.288007, 0.257518, 0.260024]",0.274398,0.018064,"[0.330725, 0.34226, 0.304199, 0.342536, 0.325815, 0.306893, 0.328464, 0.33284, 0.304292]",0.324225,0.015396,"[0.106383, 0.022727, 0.045455, 0.042553, 0.088889, 0.025, 0.042553, 0.023256, 0.0]",0.044091,0.033713,"[14.824612, 16.433159, 17.8488, 17.354494, 17.835845, 15.699672, 16.93893, 15.436704, 16.501097]",16.541479,1.066161
7,ip_beta0.5,066_ip_beta0.5_lapin-off_$\gamma0.9$,9,"[0.273712, 0.28464, 0.254062, 0.281438, 0.299101, 0.274559, 0.294606, 0.257323, 0.260091]",0.275504,0.016095,"[0.32348, 0.331864, 0.303681, 0.339554, 0.320112, 0.31111, 0.331865, 0.327861, 0.316501]",0.322892,0.011292,"[0.106383, 0.0, 0.045455, 0.06383, 0.066667, 0.025, 0.06383, 0.023256, 0.0]",0.043825,0.035102,"[14.824612, 16.433159, 17.8488, 17.354494, 17.835845, 15.699672, 16.93893, 15.436704, 16.501097]",16.541479,1.066161
7,ip_beta0.5,067_ip_beta0.5_lapin-on_$\gamma0.3$,9,"[0.067613, 0.0238, 0.072675, 0.084329, 0.064286, 0.093266, 0.090829, 0.043333, 0.105245]",0.071708,0.025709,"[0.163239, 0.132422, 0.164913, 0.195772, 0.12949, 0.187087, 0.18203, 0.121186, 0.185569]",0.162412,0.028135,"[0.595745, 0.318182, 0.590909, 0.382979, 0.311111, 0.35, 0.446809, 0.674419, 0.355556]",0.447301,0.137606,"[40.331817, 32.716962, 41.287367, 39.571367, 34.326088, 31.047518, 40.324243, 37.309862, 37.914113]",37.20326,3.684954
7,ip_beta0.5,068_ip_beta0.5_lapin-on_$\gamma0.5$,9,"[0.16077, 0.086877, 0.188728, 0.188399, 0.143881, 0.204298, 0.179127, 0.098759, 0.234372]",0.165023,0.048247,"[0.210569, 0.206194, 0.220066, 0.277343, 0.210384, 0.266108, 0.231054, 0.184973, 0.243218]",0.227768,0.029857,"[0.595745, 0.318182, 0.590909, 0.382979, 0.311111, 0.35, 0.446809, 0.674419, 0.355556]",0.447301,0.137606,"[40.331817, 32.716962, 41.287367, 39.571367, 34.326088, 31.047518, 40.324243, 37.309862, 37.914113]",37.20326,3.684954
7,ip_beta0.5,069_ip_beta0.5_lapin-on_$\gamma0.6$,9,"[0.188065, 0.139234, 0.222931, 0.232801, 0.170957, 0.213645, 0.199203, 0.140079, 0.270482]",0.197489,0.043256,"[0.228904, 0.240205, 0.235816, 0.288504, 0.225156, 0.25216, 0.261003, 0.17926, 0.281295]",0.243589,0.032752,"[0.595745, 0.318182, 0.590909, 0.382979, 0.311111, 0.35, 0.446809, 0.674419, 0.355556]",0.447301,0.137606,"[40.331817, 32.716962, 41.287367, 39.571367, 34.326088, 31.047518, 40.324243, 37.309862, 37.914113]",37.20326,3.684954
7,ip_beta0.5,070_ip_beta0.5_lapin-on_$\gamma0.7$,9,"[0.205866, 0.160259, 0.229251, 0.254231, 0.179915, 0.228059, 0.22195, 0.155929, 0.290221]",0.213965,0.043889,"[0.247742, 0.260744, 0.246691, 0.280798, 0.229875, 0.272456, 0.256913, 0.1901, 0.29159]",0.25299,0.030155,"[0.595745, 0.318182, 0.590909, 0.382979, 0.311111, 0.35, 0.446809, 0.674419, 0.355556]",0.447301,0.137606,"[40.331817, 32.716962, 41.287367, 39.571367, 34.326088, 31.047518, 40.324243, 37.309862, 37.914113]",37.20326,3.684954
7,ip_beta0.5,071_ip_beta0.5_lapin-on_$\gamma0.8$,9,"[0.212585, 0.169099, 0.223855, 0.245764, 0.172033, 0.221807, 0.228235, 0.133002, 0.285533]",0.210213,0.045686,"[0.255285, 0.26746, 0.252008, 0.275122, 0.244595, 0.279854, 0.263896, 0.194581, 0.297547]",0.258928,0.028931,"[0.574468, 0.318182, 0.590909, 0.361702, 0.311111, 0.35, 0.446809, 0.651163, 0.355556]",0.439989,0.131484,"[40.331817, 32.716962, 41.287367, 39.571367, 34.326088, 31.047518, 40.324243, 37.309862, 37.914113]",37.20326,3.684954
7,ip_beta0.5,072_ip_beta0.5_lapin-on_$\gamma0.9$,9,"[0.217281, 0.193458, 0.21284, 0.22276, 0.185698, 0.252578, 0.23555, 0.160797, 0.296754]",0.219746,0.039759,"[0.261761, 0.265369, 0.267735, 0.285277, 0.269485, 0.290465, 0.275435, 0.231318, 0.302146]",0.27211,0.020205,"[0.574468, 0.318182, 0.545455, 0.340426, 0.288889, 0.325, 0.446809, 0.651163, 0.333333]",0.424858,0.134149,"[40.331817, 32.716962, 41.287367, 39.571367, 34.326088, 31.047518, 40.324243, 37.309862, 37.914113]",37.20326,3.684954
7,ip_beta1,073_ip_beta1_lapin-off_$\gamma0.3$,9,"[0.158847, 0.11448, 0.12103, 0.098245, 0.076694, 0.070564, 0.122479, 0.060088, 0.086003]",0.100937,0.031253,"[0.280052, 0.244767, 0.225186, 0.238177, 0.18569, 0.21369, 0.226253, 0.161391, 0.192579]",0.218643,0.035361,"[0.042553, 0.090909, 0.090909, 0.085106, 0.066667, 0.025, 0.085106, 0.023256, 0.044444]",0.06155,0.028097,"[22.571811, 14.985574, 18.466332, 17.248611, 16.114884, 14.75968, 18.698933, 17.211252, 18.771828]",17.647656,2.382557
7,ip_beta1,074_ip_beta1_lapin-off_$\gamma0.5$,9,"[0.252315, 0.17862, 0.198374, 0.161088, 0.152682, 0.164721, 0.216399, 0.144014, 0.176719]",0.18277,0.034402,"[0.334392, 0.294037, 0.277606, 0.304607, 0.260639, 0.276857, 0.261011, 0.227634, 0.236544]",0.274814,0.033355,"[0.042553, 0.090909, 0.090909, 0.085106, 0.066667, 0.025, 0.085106, 0.023256, 0.044444]",0.06155,0.028097,"[22.571811, 14.985574, 18.466332, 17.248611, 16.114884, 14.75968, 18.698933, 17.211252, 18.771828]",17.647656,2.382557
7,ip_beta1,075_ip_beta1_lapin-off_$\gamma0.6$,9,"[0.25179, 0.191905, 0.235521, 0.186339, 0.213955, 0.198609, 0.259372, 0.156531, 0.198574]",0.210288,0.033273,"[0.32845, 0.299625, 0.300688, 0.305619, 0.302965, 0.283627, 0.27653, 0.264343, 0.260928]",0.291419,0.021808,"[0.042553, 0.090909, 0.090909, 0.085106, 0.066667, 0.025, 0.085106, 0.023256, 0.044444]",0.06155,0.028097,"[22.571811, 14.985574, 18.466332, 17.248611, 16.114884, 14.75968, 18.698933, 17.211252, 18.771828]",17.647656,2.382557
7,ip_beta1,076_ip_beta1_lapin-off_$\gamma0.7$,9,"[0.248868, 0.199776, 0.253829, 0.204936, 0.220618, 0.249271, 0.28323, 0.179805, 0.20664]",0.227441,0.0331,"[0.322174, 0.298972, 0.301868, 0.311666, 0.313841, 0.308977, 0.28863, 0.28588, 0.27998]",0.301332,0.014221,"[0.042553, 0.090909, 0.090909, 0.085106, 0.066667, 0.025, 0.085106, 0.023256, 0.044444]",0.06155,0.028097,"[22.571811, 14.985574, 18.466332, 17.248611, 16.114884, 14.75968, 18.698933, 17.211252, 18.771828]",17.647656,2.382557
7,ip_beta1,077_ip_beta1_lapin-off_$\gamma0.8$,9,"[0.252093, 0.214447, 0.258715, 0.214014, 0.2535, 0.239765, 0.271692, 0.202538, 0.210057]",0.235202,0.025259,"[0.316677, 0.294822, 0.302583, 0.308601, 0.315425, 0.306612, 0.309635, 0.28786, 0.286066]",0.303142,0.011251,"[0.042553, 0.090909, 0.090909, 0.085106, 0.066667, 0.025, 0.085106, 0.023256, 0.044444]",0.06155,0.028097,"[22.571811, 14.985574, 18.466332, 17.248611, 16.114884, 14.75968, 18.698933, 17.211252, 18.771828]",17.647656,2.382557
7,ip_beta1,078_ip_beta1_lapin-off_$\gamma0.9$,9,"[0.248673, 0.21858, 0.252583, 0.218168, 0.24599, 0.266675, 0.272734, 0.186275, 0.252711]",0.240265,0.027466,"[0.310426, 0.291778, 0.295002, 0.305295, 0.306306, 0.301902, 0.316062, 0.292496, 0.29892]",0.302021,0.008302,"[0.042553, 0.090909, 0.090909, 0.085106, 0.066667, 0.025, 0.06383, 0.023256, 0.044444]",0.059186,0.026729,"[22.571811, 14.985574, 18.466332, 17.248611, 16.114884, 14.75968, 18.698933, 17.211252, 18.771828]",17.647656,2.382557
7,ip_beta1,079_ip_beta1_lapin-on_$\gamma0.3$,9,"[0.096699, 0.029074, 0.065057, 0.044282, 0.033912, 0.034214, 0.037226, 0.028909, 0.030704]",0.044453,0.02261,"[0.169441, 0.118447, 0.193286, 0.143774, 0.129402, 0.089578, 0.161857, 0.113127, 0.162112]",0.142336,0.032556,"[0.553191, 0.068182, 0.545455, 0.212766, 0.266667, 0.15, 0.553191, 0.302326, 0.244444]",0.321802,0.18447,"[45.24726, 26.06876, 39.932496, 34.260925, 34.819959, 25.8984, 39.690912, 32.511501, 33.632679]",34.673655,6.340633
7,ip_beta1,080_ip_beta1_lapin-on_$\gamma0.5$,9,"[0.182705, 0.077483, 0.181206, 0.109039, 0.094998, 0.072045, 0.144531, 0.062972, 0.09164]",0.112958,0.045747,"[0.253644, 0.192111, 0.293283, 0.237229, 0.203378, 0.169825, 0.220446, 0.175905, 0.227927]",0.219305,0.039328,"[0.553191, 0.068182, 0.545455, 0.212766, 0.266667, 0.15, 0.553191, 0.302326, 0.244444]",0.321802,0.18447,"[45.24726, 26.06876, 39.932496, 34.260925, 34.819959, 25.8984, 39.690912, 32.511501, 33.632679]",34.673655,6.340633
7,ip_beta1,081_ip_beta1_lapin-on_$\gamma0.6$,9,"[0.221082, 0.09363, 0.182754, 0.122281, 0.101659, 0.099449, 0.21387, 0.09055, 0.130757]",0.139559,0.052401,"[0.274442, 0.20904, 0.281572, 0.246317, 0.210564, 0.198123, 0.255855, 0.199769, 0.245201]",0.235654,0.032133,"[0.553191, 0.068182, 0.545455, 0.212766, 0.266667, 0.15, 0.553191, 0.302326, 0.244444]",0.321802,0.18447,"[45.24726, 26.06876, 39.932496, 34.260925, 34.819959, 25.8984, 39.690912, 32.511501, 33.632679]",34.673655,6.340633
7,ip_beta1,082_ip_beta1_lapin-on_$\gamma0.7$,9,"[0.233893, 0.129135, 0.19462, 0.135662, 0.12702, 0.117922, 0.225711, 0.10782, 0.137714]",0.156611,0.048083,"[0.278853, 0.218893, 0.27838, 0.255775, 0.224295, 0.21165, 0.258331, 0.204476, 0.260666]",0.24348,0.028817,"[0.553191, 0.068182, 0.545455, 0.212766, 0.266667, 0.15, 0.553191, 0.302326, 0.244444]",0.321802,0.18447,"[45.24726, 26.06876, 39.932496, 34.260925, 34.819959, 25.8984, 39.690912, 32.511501, 33.632679]",34.673655,6.340633
7,ip_beta1,083_ip_beta1_lapin-on_$\gamma0.8$,9,"[0.243243, 0.154087, 0.202829, 0.146948, 0.152093, 0.143552, 0.236505, 0.105109, 0.155124]",0.171054,0.046222,"[0.270726, 0.218495, 0.272983, 0.258973, 0.241961, 0.228333, 0.258876, 0.213821, 0.256388]",0.246728,0.022071,"[0.553191, 0.068182, 0.522727, 0.212766, 0.266667, 0.15, 0.489362, 0.302326, 0.244444]",0.312185,0.17186,"[45.24726, 26.06876, 39.932496, 34.260925, 34.819959, 25.8984, 39.690912, 32.511501, 33.632679]",34.673655,6.340633
7,ip_beta1,084_ip_beta1_lapin-on_$\gamma0.9$,9,"[0.244691, 0.159771, 0.218403, 0.151582, 0.172569, 0.159466, 0.240545, 0.113284, 0.163778]",0.180454,0.044344,"[0.270215, 0.214744, 0.270045, 0.250406, 0.243866, 0.240582, 0.256233, 0.221049, 0.248464]",0.246178,0.019131,"[0.553191, 0.068182, 0.5, 0.191489, 0.266667, 0.15, 0.468085, 0.302326, 0.244444]",0.304932,0.167465,"[45.24726, 26.06876, 39.932496, 34.260925, 34.819959, 25.8984, 39.690912, 32.511501, 33.632679]",34.673655,6.340633
7,kul,013_kul_lapin-off_$\gamma0.3$,10,"[0.305448, 0.320593, 0.243417, 0.314775, 0.339518, 0.336136, 0.264555, 0.286196, 0.306297, 0.261537]",0.297847,0.032763,"[0.344876, 0.35058, 0.3295, 0.346036, 0.342331, 0.352833, 0.306246, 0.331546, 0.335841, 0.330646]",0.337044,0.013665,"[0.191489, 0.159091, 0.227273, 0.148936, 0.244444, 0.25, 0.340426, 0.232558, 0.2, 0.2]",0.219422,0.054345,"[20.83488, 20.890553, 21.268325, 21.182318, 20.94426, 21.003029, 23.490114, 19.23877, 20.374076, 21.059847]",21.028617,1.045486
7,kul,014_kul_lapin-off_$\gamma0.5$,10,"[0.300525, 0.329606, 0.291107, 0.299573, 0.341669, 0.322391, 0.331839, 0.312783, 0.299384, 0.312626]",0.31415,0.016761,"[0.351422, 0.332275, 0.317835, 0.32076, 0.33968, 0.326817, 0.315522, 0.321506, 0.310269, 0.348649]",0.328474,0.01413,"[0.191489, 0.159091, 0.227273, 0.148936, 0.244444, 0.25, 0.340426, 0.232558, 0.2, 0.2]",0.219422,0.054345,"[20.83488, 20.890553, 21.268325, 21.182318, 20.94426, 21.003029, 23.490114, 19.23877, 20.374076, 21.059847]",21.028617,1.045486
7,kul,015_kul_lapin-off_$\gamma0.6$,10,"[0.290209, 0.308648, 0.284334, 0.302897, 0.329881, 0.313389, 0.32703, 0.305979, 0.316035, 0.29196]",0.307036,0.015238,"[0.334375, 0.31199, 0.303318, 0.312964, 0.330863, 0.317461, 0.305065, 0.295573, 0.304597, 0.326211]",0.314242,0.012854,"[0.191489, 0.159091, 0.227273, 0.148936, 0.244444, 0.25, 0.340426, 0.232558, 0.2, 0.2]",0.219422,0.054345,"[20.83488, 20.890553, 21.268325, 21.182318, 20.94426, 21.003029, 23.490114, 19.23877, 20.374076, 21.059847]",21.028617,1.045486
7,kul,016_kul_lapin-off_$\gamma0.7$,10,"[0.290697, 0.302205, 0.291468, 0.296555, 0.317964, 0.288395, 0.322163, 0.298756, 0.302291, 0.286474]",0.299697,0.012081,"[0.321427, 0.292971, 0.292016, 0.294227, 0.319322, 0.295831, 0.284959, 0.278528, 0.299709, 0.308404]",0.298739,0.013898,"[0.191489, 0.159091, 0.227273, 0.148936, 0.244444, 0.25, 0.340426, 0.232558, 0.2, 0.2]",0.219422,0.054345,"[20.83488, 20.890553, 21.268325, 21.182318, 20.94426, 21.003029, 23.490114, 19.23877, 20.374076, 21.059847]",21.028617,1.045486
7,kul,017_kul_lapin-off_$\gamma0.8$,10,"[0.288069, 0.286666, 0.280515, 0.298513, 0.317955, 0.276415, 0.302905, 0.282081, 0.272264, 0.261474]",0.286686,0.016299,"[0.306234, 0.286539, 0.274329, 0.278122, 0.312006, 0.282139, 0.269502, 0.268451, 0.292476, 0.287365]",0.285716,0.014615,"[0.191489, 0.159091, 0.227273, 0.148936, 0.222222, 0.25, 0.340426, 0.232558, 0.2, 0.2]",0.2172,0.053658,"[20.83488, 20.890553, 21.268325, 21.182318, 20.94426, 21.003029, 23.490114, 19.23877, 20.374076, 21.059847]",21.028617,1.045486
7,kul,018_kul_lapin-off_$\gamma0.9$,10,"[0.274579, 0.275575, 0.260603, 0.289919, 0.301571, 0.248867, 0.277796, 0.259268, 0.259845, 0.241022]",0.268904,0.018521,"[0.284233, 0.271991, 0.276695, 0.272289, 0.296485, 0.27481, 0.265984, 0.260739, 0.281182, 0.2671]",0.275151,0.010281,"[0.191489, 0.136364, 0.227273, 0.148936, 0.177778, 0.2, 0.297872, 0.186047, 0.177778, 0.2]",0.194354,0.044617,"[20.83488, 20.890553, 21.268325, 21.182318, 20.94426, 21.003029, 23.490114, 19.23877, 20.374076, 21.059847]",21.028617,1.045486
7,kul,019_kul_lapin-on_$\gamma0.3$,10,"[0.098374, 0.026917, 0.076446, 0.083063, 0.043215, 0.040622, 0.121239, 0.121676, 0.092874, 0.13132]",0.083575,0.036803,"[0.201433, 0.114565, 0.185691, 0.182202, 0.148825, 0.09376, 0.192507, 0.229885, 0.158125, 0.269944]",0.177694,0.052013,"[0.021277, 0.068182, 0.045455, 0.042553, 0.088889, 0.025, 0.06383, 0.069767, 0.088889, 0.0]",0.051384,0.02971,"[27.799816, 29.393963, 27.87406, 27.967079, 30.641461, 26.146334, 29.63365, 27.51824, 29.275472, 26.813726]",28.30638,1.390837
7,kul,020_kul_lapin-on_$\gamma0.5$,10,"[0.18554, 0.093255, 0.158126, 0.206103, 0.12536, 0.162127, 0.229697, 0.248257, 0.200065, 0.214647]",0.182318,0.047956,"[0.292087, 0.174486, 0.243597, 0.262596, 0.225137, 0.20815, 0.264309, 0.298192, 0.258179, 0.304304]",0.253104,0.041486,"[0.021277, 0.068182, 0.045455, 0.042553, 0.088889, 0.025, 0.06383, 0.069767, 0.088889, 0.0]",0.051384,0.02971,"[27.799816, 29.393963, 27.87406, 27.967079, 30.641461, 26.146334, 29.63365, 27.51824, 29.275472, 26.813726]",28.30638,1.390837
7,kul,021_kul_lapin-on_$\gamma0.6$,10,"[0.218107, 0.124841, 0.203049, 0.255761, 0.142081, 0.175418, 0.270023, 0.272783, 0.273434, 0.21845]",0.215395,0.054383,"[0.301704, 0.185181, 0.276671, 0.289903, 0.222245, 0.22214, 0.27518, 0.284047, 0.277893, 0.298344]",0.263331,0.039237,"[0.021277, 0.068182, 0.045455, 0.042553, 0.088889, 0.025, 0.06383, 0.069767, 0.088889, 0.0]",0.051384,0.02971,"[27.799816, 29.393963, 27.87406, 27.967079, 30.641461, 26.146334, 29.63365, 27.51824, 29.275472, 26.813726]",28.30638,1.390837
7,kul,022_kul_lapin-on_$\gamma0.7$,10,"[0.226528, 0.184657, 0.242484, 0.251196, 0.195988, 0.237013, 0.281015, 0.276476, 0.25752, 0.237738]",0.239061,0.03098,"[0.304056, 0.217973, 0.295006, 0.292237, 0.247987, 0.250139, 0.273021, 0.291106, 0.265245, 0.312289]",0.274906,0.029609,"[0.021277, 0.068182, 0.045455, 0.042553, 0.088889, 0.025, 0.06383, 0.069767, 0.088889, 0.0]",0.051384,0.02971,"[27.799816, 29.393963, 27.87406, 27.967079, 30.641461, 26.146334, 29.63365, 27.51824, 29.275472, 26.813726]",28.30638,1.390837
7,kul,023_kul_lapin-on_$\gamma0.8$,10,"[0.239903, 0.221042, 0.235415, 0.252055, 0.230335, 0.250065, 0.260715, 0.286807, 0.264514, 0.234976]",0.247583,0.019413,"[0.29815, 0.23949, 0.299076, 0.292015, 0.256155, 0.268563, 0.2715, 0.290437, 0.272366, 0.30883]",0.279658,0.021725,"[0.021277, 0.068182, 0.045455, 0.042553, 0.088889, 0.025, 0.06383, 0.069767, 0.088889, 0.0]",0.051384,0.02971,"[27.799816, 29.393963, 27.87406, 27.967079, 30.641461, 26.146334, 29.63365, 27.51824, 29.275472, 26.813726]",28.30638,1.390837
7,kul,024_kul_lapin-on_$\gamma0.9$,10,"[0.253945, 0.226881, 0.251761, 0.262428, 0.239144, 0.227595, 0.271387, 0.280205, 0.260179, 0.244923]",0.251845,0.017615,"[0.299087, 0.262863, 0.296643, 0.296265, 0.271734, 0.276497, 0.288959, 0.296587, 0.282005, 0.305529]",0.287617,0.013788,"[0.021277, 0.068182, 0.045455, 0.042553, 0.088889, 0.025, 0.06383, 0.069767, 0.066667, 0.0]",0.049162,0.027329,"[27.799816, 29.393963, 27.87406, 27.967079, 30.641461, 26.146334, 29.63365, 27.51824, 29.275472, 26.813726]",28.30638,1.390837
7,ochiai,037_ochiai_lapin-off_$\gamma0.3$,10,"[0.26071, 0.341955, 0.264627, 0.322275, 0.293412, 0.315125, 0.301859, 0.276246, 0.304872, 0.26662]",0.29477,0.027398,"[0.339371, 0.349525, 0.306721, 0.374754, 0.372278, 0.328128, 0.319268, 0.316735, 0.362469, 0.32426]",0.339351,0.024287,"[0.234043, 0.090909, 0.318182, 0.148936, 0.111111, 0.15, 0.297872, 0.209302, 0.088889, 0.2]",0.184924,0.081496,"[21.999239, 19.573177, 24.088762, 21.384723, 19.605188, 18.89444, 22.797958, 19.584585, 18.900424, 19.024062]",20.585256,1.853829
7,ochiai,038_ochiai_lapin-off_$\gamma0.5$,10,"[0.307447, 0.339599, 0.294604, 0.336665, 0.300737, 0.317081, 0.338569, 0.303836, 0.320287, 0.314726]",0.317355,0.016357,"[0.350754, 0.326929, 0.294522, 0.344658, 0.360983, 0.335069, 0.320131, 0.333776, 0.350717, 0.336756]",0.33543,0.01883,"[0.234043, 0.090909, 0.318182, 0.148936, 0.111111, 0.15, 0.297872, 0.209302, 0.088889, 0.2]",0.184924,0.081496,"[21.999239, 19.573177, 24.088762, 21.384723, 19.605188, 18.89444, 22.797958, 19.584585, 18.900424, 19.024062]",20.585256,1.853829
7,ochiai,039_ochiai_lapin-off_$\gamma0.6$,10,"[0.310682, 0.335106, 0.297743, 0.318258, 0.314945, 0.326621, 0.31921, 0.28703, 0.311457, 0.314375]",0.313543,0.013573,"[0.3386, 0.322488, 0.298189, 0.330311, 0.362527, 0.33038, 0.297917, 0.322296, 0.32886, 0.316469]",0.324804,0.018867,"[0.234043, 0.090909, 0.318182, 0.148936, 0.111111, 0.15, 0.297872, 0.209302, 0.088889, 0.2]",0.184924,0.081496,"[21.999239, 19.573177, 24.088762, 21.384723, 19.605188, 18.89444, 22.797958, 19.584585, 18.900424, 19.024062]",20.585256,1.853829
7,ochiai,040_ochiai_lapin-off_$\gamma0.7$,10,"[0.308005, 0.326323, 0.27837, 0.307899, 0.309375, 0.304923, 0.314337, 0.265977, 0.303507, 0.30427]",0.302299,0.017449,"[0.319416, 0.315715, 0.28232, 0.315154, 0.348785, 0.313177, 0.285075, 0.293828, 0.313511, 0.30186]",0.308884,0.019372,"[0.234043, 0.090909, 0.318182, 0.148936, 0.111111, 0.15, 0.297872, 0.209302, 0.088889, 0.2]",0.184924,0.081496,"[21.999239, 19.573177, 24.088762, 21.384723, 19.605188, 18.89444, 22.797958, 19.584585, 18.900424, 19.024062]",20.585256,1.853829
7,ochiai,041_ochiai_lapin-off_$\gamma0.8$,10,"[0.301177, 0.314202, 0.271084, 0.300069, 0.306784, 0.284304, 0.296125, 0.258793, 0.28265, 0.291914]",0.29071,0.016826,"[0.307388, 0.300508, 0.271101, 0.29573, 0.334697, 0.2957, 0.283814, 0.271623, 0.297798, 0.293061]",0.295142,0.018303,"[0.234043, 0.090909, 0.318182, 0.148936, 0.111111, 0.15, 0.297872, 0.209302, 0.088889, 0.2]",0.184924,0.081496,"[21.999239, 19.573177, 24.088762, 21.384723, 19.605188, 18.89444, 22.797958, 19.584585, 18.900424, 19.024062]",20.585256,1.853829
7,ochiai,042_ochiai_lapin-off_$\gamma0.9$,10,"[0.288888, 0.308091, 0.242154, 0.282966, 0.299918, 0.28273, 0.28297, 0.244473, 0.297392, 0.262409]",0.279199,0.022583,"[0.292394, 0.296229, 0.26628, 0.293489, 0.32195, 0.278045, 0.271448, 0.250654, 0.289482, 0.28761]",0.284758,0.019455,"[0.191489, 0.090909, 0.318182, 0.12766, 0.088889, 0.15, 0.276596, 0.209302, 0.088889, 0.177778]",0.171969,0.079551,"[21.999239, 19.573177, 24.088762, 21.384723, 19.605188, 18.89444, 22.797958, 19.584585, 18.900424, 19.024062]",20.585256,1.853829
7,ochiai,043_ochiai_lapin-on_$\gamma0.3$,10,"[0.076215, 0.032694, 0.100695, 0.114098, 0.151024, 0.060003, 0.086138, 0.170658, 0.125395, 0.106672]",0.102359,0.041254,"[0.170548, 0.114038, 0.187109, 0.266858, 0.227133, 0.151643, 0.158904, 0.194822, 0.19231, 0.237553]",0.190092,0.044933,"[0.085106, 0.045455, 0.068182, 0.085106, 0.0, 0.025, 0.06383, 0.046512, 0.044444, 0.155556]",0.061919,0.042028,"[30.005702, 25.930907, 28.766992, 26.261006, 28.69495, 24.709507, 30.644438, 26.004249, 26.652798, 31.460864]",27.913141,2.307472
7,ochiai,044_ochiai_lapin-on_$\gamma0.5$,10,"[0.146673, 0.098486, 0.212026, 0.211905, 0.235853, 0.184052, 0.198197, 0.286829, 0.226266, 0.238225]",0.203851,0.052196,"[0.218735, 0.199246, 0.225714, 0.317818, 0.282989, 0.224935, 0.227004, 0.314969, 0.259196, 0.294717]",0.256532,0.04329,"[0.085106, 0.045455, 0.068182, 0.085106, 0.0, 0.025, 0.06383, 0.046512, 0.044444, 0.155556]",0.061919,0.042028,"[30.005702, 25.930907, 28.766992, 26.261006, 28.69495, 24.709507, 30.644438, 26.004249, 26.652798, 31.460864]",27.913141,2.307472
7,ochiai,045_ochiai_lapin-on_$\gamma0.6$,10,"[0.201913, 0.109934, 0.243505, 0.252053, 0.265489, 0.202982, 0.224692, 0.292202, 0.268541, 0.231022]",0.229233,0.050816,"[0.24834, 0.213492, 0.275426, 0.329549, 0.311171, 0.249294, 0.22374, 0.305202, 0.276152, 0.291206]",0.272357,0.038258,"[0.085106, 0.045455, 0.068182, 0.085106, 0.0, 0.025, 0.06383, 0.046512, 0.044444, 0.155556]",0.061919,0.042028,"[30.005702, 25.930907, 28.766992, 26.261006, 28.69495, 24.709507, 30.644438, 26.004249, 26.652798, 31.460864]",27.913141,2.307472
7,ochiai,046_ochiai_lapin-on_$\gamma0.7$,10,"[0.223492, 0.138025, 0.263904, 0.25291, 0.288183, 0.225697, 0.258297, 0.296745, 0.312858, 0.229371]",0.248948,0.049566,"[0.277135, 0.220117, 0.292074, 0.329887, 0.30329, 0.255093, 0.265766, 0.301883, 0.304811, 0.292182]",0.284224,0.031017,"[0.085106, 0.045455, 0.068182, 0.085106, 0.0, 0.025, 0.06383, 0.046512, 0.044444, 0.155556]",0.061919,0.042028,"[30.005702, 25.930907, 28.766992, 26.261006, 28.69495, 24.709507, 30.644438, 26.004249, 26.652798, 31.460864]",27.913141,2.307472
7,ochiai,047_ochiai_lapin-on_$\gamma0.8$,10,"[0.244798, 0.160631, 0.268945, 0.261003, 0.293435, 0.259865, 0.268085, 0.305786, 0.322047, 0.253203]",0.26378,0.043741,"[0.282099, 0.240571, 0.292211, 0.324637, 0.299612, 0.270288, 0.283285, 0.303748, 0.301558, 0.301395]",0.28994,0.022825,"[0.085106, 0.045455, 0.068182, 0.085106, 0.0, 0.025, 0.06383, 0.046512, 0.044444, 0.155556]",0.061919,0.042028,"[30.005702, 25.930907, 28.766992, 26.261006, 28.69495, 24.709507, 30.644438, 26.004249, 26.652798, 31.460864]",27.913141,2.307472
7,ochiai,048_ochiai_lapin-on_$\gamma0.9$,10,"[0.243483, 0.171735, 0.265951, 0.267633, 0.28159, 0.268188, 0.248902, 0.285879, 0.302227, 0.259149]",0.259474,0.035378,"[0.288216, 0.249844, 0.299816, 0.317873, 0.295866, 0.294979, 0.285004, 0.294214, 0.299933, 0.30676]",0.29325,0.017841,"[0.085106, 0.045455, 0.068182, 0.085106, 0.0, 0.025, 0.042553, 0.046512, 0.044444, 0.133333]",0.057569,0.037135,"[30.005702, 25.930907, 28.766992, 26.261006, 28.69495, 24.709507, 30.644438, 26.004249, 26.652798, 31.460864]",27.913141,2.307472
8,cosip_beta0,085_cosip_beta0_lapin-off_$\gamma0.3$,10,"[0.201613, 0.255744, 0.241845, 0.21351, 0.248805, 0.213098, 0.191411, 0.232366, 0.225114, 0.245735]",0.226924,0.021581,"[0.311305, 0.382609, 0.334326, 0.283513, 0.335481, 0.332921, 0.302616, 0.327139, 0.32588, 0.329967]",0.326576,0.025806,"[0.195652, 0.212766, 0.148148, 0.173913, 0.212766, 0.117647, 0.12766, 0.24, 0.23913, 0.173913]",0.18416,0.043502,"[19.806075, 20.633635, 22.757758, 20.801027, 21.249743, 21.564421, 20.254962, 21.980039, 22.373974, 21.274193]",21.269583,0.932245
8,cosip_beta0,086_cosip_beta0_lapin-off_$\gamma0.5$,10,"[0.216242, 0.241893, 0.252106, 0.23603, 0.218248, 0.223046, 0.219588, 0.263969, 0.222026, 0.27098]",0.236413,0.0201,"[0.331706, 0.349921, 0.313633, 0.309968, 0.309167, 0.299988, 0.303818, 0.315481, 0.313372, 0.309611]",0.315666,0.014673,"[0.195652, 0.212766, 0.148148, 0.173913, 0.212766, 0.117647, 0.12766, 0.24, 0.23913, 0.173913]",0.18416,0.043502,"[19.806075, 20.633635, 22.757758, 20.801027, 21.249743, 21.564421, 20.254962, 21.980039, 22.373974, 21.274193]",21.269583,0.932245
8,cosip_beta0,087_cosip_beta0_lapin-off_$\gamma0.6$,10,"[0.191856, 0.232796, 0.264176, 0.235298, 0.214175, 0.214777, 0.225093, 0.264319, 0.215258, 0.271158]",0.232891,0.026184,"[0.309381, 0.330176, 0.31441, 0.29514, 0.303565, 0.275691, 0.282258, 0.304036, 0.290664, 0.297906]",0.300323,0.015829,"[0.195652, 0.212766, 0.148148, 0.173913, 0.212766, 0.117647, 0.12766, 0.24, 0.23913, 0.173913]",0.18416,0.043502,"[19.806075, 20.633635, 22.757758, 20.801027, 21.249743, 21.564421, 20.254962, 21.980039, 22.373974, 21.274193]",21.269583,0.932245
8,cosip_beta0,088_cosip_beta0_lapin-off_$\gamma0.7$,10,"[0.193599, 0.222274, 0.252829, 0.235756, 0.205761, 0.215644, 0.214896, 0.2589, 0.197249, 0.263947]",0.226086,0.025534,"[0.292925, 0.304377, 0.296734, 0.279614, 0.288202, 0.270902, 0.268206, 0.2858, 0.266603, 0.28198]",0.283534,0.012573,"[0.195652, 0.212766, 0.148148, 0.173913, 0.212766, 0.117647, 0.12766, 0.24, 0.23913, 0.173913]",0.18416,0.043502,"[19.806075, 20.633635, 22.757758, 20.801027, 21.249743, 21.564421, 20.254962, 21.980039, 22.373974, 21.274193]",21.269583,0.932245
8,cosip_beta0,089_cosip_beta0_lapin-off_$\gamma0.8$,10,"[0.17708, 0.216974, 0.246196, 0.210907, 0.18758, 0.204741, 0.198739, 0.248911, 0.176049, 0.2496]",0.211678,0.028494,"[0.277252, 0.281923, 0.280129, 0.263066, 0.274872, 0.258766, 0.25635, 0.27453, 0.245323, 0.268744]",0.268096,0.011909,"[0.195652, 0.212766, 0.148148, 0.173913, 0.212766, 0.117647, 0.106383, 0.24, 0.23913, 0.173913]",0.182032,0.046955,"[19.806075, 20.633635, 22.757758, 20.801027, 21.249743, 21.564421, 20.254962, 21.980039, 22.373974, 21.274193]",21.269583,0.932245
8,cosip_beta0,090_cosip_beta0_lapin-off_$\gamma0.9$,10,"[0.17775, 0.192958, 0.229527, 0.190487, 0.172036, 0.182309, 0.168011, 0.204217, 0.177268, 0.224303]",0.191887,0.021323,"[0.26034, 0.260256, 0.269874, 0.245143, 0.265189, 0.250135, 0.241805, 0.260873, 0.234523, 0.256954]",0.254509,0.011212,"[0.130435, 0.212766, 0.12963, 0.152174, 0.212766, 0.098039, 0.106383, 0.22, 0.23913, 0.173913]",0.167524,0.051239,"[19.806075, 20.633635, 22.757758, 20.801027, 21.249743, 21.564421, 20.254962, 21.980039, 22.373974, 21.274193]",21.269583,0.932245
8,cosip_beta0,091_cosip_beta0_lapin-on_$\gamma0.3$,10,"[0.031917, 0.032322, 0.046888, 0.081719, 0.059291, 0.016615, 0.038283, 0.050061, 0.084018, 0.053596]",0.049471,0.021501,"[0.12347, 0.207252, 0.185705, 0.168663, 0.193994, 0.142152, 0.152604, 0.160651, 0.186056, 0.157178]",0.167772,0.025636,"[0.108696, 0.12766, 0.037037, 0.0, 0.148936, 0.019608, 0.106383, 0.02, 0.152174, 0.043478]",0.076397,0.058166,"[31.060358, 24.144809, 33.439535, 28.096928, 31.54341, 29.47301, 31.232773, 29.439852, 31.924552, 25.633029]",29.598826,2.915818
8,cosip_beta0,092_cosip_beta0_lapin-on_$\gamma0.5$,10,"[0.085723, 0.117112, 0.157532, 0.177087, 0.159246, 0.082524, 0.137787, 0.14202, 0.170053, 0.120032]",0.134912,0.03313,"[0.198845, 0.249643, 0.257268, 0.273971, 0.24827, 0.189781, 0.226192, 0.240769, 0.246663, 0.209045]",0.234045,0.02722,"[0.108696, 0.12766, 0.037037, 0.0, 0.148936, 0.019608, 0.106383, 0.02, 0.152174, 0.043478]",0.076397,0.058166,"[31.060358, 24.144809, 33.439535, 28.096928, 31.54341, 29.47301, 31.232773, 29.439852, 31.924552, 25.633029]",29.598826,2.915818
8,cosip_beta0,093_cosip_beta0_lapin-on_$\gamma0.6$,10,"[0.113151, 0.161041, 0.194248, 0.223979, 0.185375, 0.075735, 0.175662, 0.152307, 0.153365, 0.172636]",0.16075,0.041779,"[0.215118, 0.26587, 0.268857, 0.275071, 0.267999, 0.201317, 0.245389, 0.245171, 0.236446, 0.234055]",0.245529,0.024562,"[0.108696, 0.12766, 0.037037, 0.0, 0.148936, 0.019608, 0.106383, 0.02, 0.152174, 0.043478]",0.076397,0.058166,"[31.060358, 24.144809, 33.439535, 28.096928, 31.54341, 29.47301, 31.232773, 29.439852, 31.924552, 25.633029]",29.598826,2.915818
8,cosip_beta0,094_cosip_beta0_lapin-on_$\gamma0.7$,10,"[0.126716, 0.170132, 0.204539, 0.226219, 0.197227, 0.102617, 0.199386, 0.163175, 0.15197, 0.181316]",0.17233,0.037739,"[0.22501, 0.25468, 0.263251, 0.266923, 0.267733, 0.236052, 0.249372, 0.239787, 0.224761, 0.244324]",0.247189,0.016029,"[0.108696, 0.12766, 0.037037, 0.0, 0.148936, 0.019608, 0.106383, 0.02, 0.152174, 0.043478]",0.076397,0.058166,"[31.060358, 24.144809, 33.439535, 28.096928, 31.54341, 29.47301, 31.232773, 29.439852, 31.924552, 25.633029]",29.598826,2.915818
8,cosip_beta0,095_cosip_beta0_lapin-on_$\gamma0.8$,10,"[0.139533, 0.181621, 0.218075, 0.224423, 0.194081, 0.125524, 0.203256, 0.164346, 0.160054, 0.191429]",0.180234,0.032563,"[0.225427, 0.261596, 0.252879, 0.261478, 0.261581, 0.240589, 0.257343, 0.244006, 0.229571, 0.253448]",0.248792,0.013356,"[0.108696, 0.12766, 0.037037, 0.0, 0.12766, 0.019608, 0.106383, 0.02, 0.152174, 0.043478]",0.07427,0.055548,"[31.060358, 24.144809, 33.439535, 28.096928, 31.54341, 29.47301, 31.232773, 29.439852, 31.924552, 25.633029]",29.598826,2.915818
8,cosip_beta0,096_cosip_beta0_lapin-on_$\gamma0.9$,10,"[0.137577, 0.187828, 0.217649, 0.223545, 0.195043, 0.130362, 0.192948, 0.171536, 0.149751, 0.197219]",0.180346,0.03217,"[0.22997, 0.25414, 0.255593, 0.26444, 0.269911, 0.239082, 0.262438, 0.258493, 0.245904, 0.245102]",0.252507,0.012376,"[0.086957, 0.12766, 0.0, 0.021739, 0.12766, 0.019608, 0.042553, 0.02, 0.152174, 0.043478]",0.064183,0.05485,"[31.060358, 24.144809, 33.439535, 28.096928, 31.54341, 29.47301, 31.232773, 29.439852, 31.924552, 25.633029]",29.598826,2.915818
8,cosip_beta0.5,097_cosip_beta0.5_lapin-off_$\gamma0.3$,10,"[0.194825, 0.216291, 0.200892, 0.201077, 0.226641, 0.22348, 0.161655, 0.190001, 0.231618, 0.250771]",0.209725,0.025292,"[0.35504, 0.345888, 0.277006, 0.285135, 0.319114, 0.324318, 0.293095, 0.328537, 0.312813, 0.328173]",0.316912,0.025389,"[0.108696, 0.170213, 0.166667, 0.043478, 0.042553, 0.176471, 0.106383, 0.24, 0.282609, 0.152174]",0.148924,0.077147,"[19.322694, 22.136826, 23.730013, 19.049257, 18.158129, 22.485767, 20.245894, 22.544649, 23.320433, 20.6089]",21.160256,1.940303
8,cosip_beta0.5,098_cosip_beta0.5_lapin-off_$\gamma0.5$,10,"[0.208574, 0.223509, 0.231759, 0.209545, 0.229703, 0.210831, 0.173624, 0.214913, 0.222225, 0.273145]",0.219783,0.024887,"[0.330511, 0.338577, 0.285572, 0.29415, 0.343958, 0.311312, 0.281302, 0.324381, 0.279465, 0.3047]",0.309393,0.0241,"[0.108696, 0.170213, 0.166667, 0.043478, 0.042553, 0.176471, 0.106383, 0.24, 0.282609, 0.152174]",0.148924,0.077147,"[19.322694, 22.136826, 23.730013, 19.049257, 18.158129, 22.485767, 20.245894, 22.544649, 23.320433, 20.6089]",21.160256,1.940303
8,cosip_beta0.5,099_cosip_beta0.5_lapin-off_$\gamma0.6$,10,"[0.205892, 0.226728, 0.243224, 0.220173, 0.226744, 0.220827, 0.170431, 0.206793, 0.20597, 0.261594]",0.218838,0.024438,"[0.312559, 0.326883, 0.27676, 0.285516, 0.332553, 0.292831, 0.270988, 0.314087, 0.266029, 0.290828]",0.296903,0.02339,"[0.108696, 0.170213, 0.166667, 0.043478, 0.042553, 0.176471, 0.106383, 0.24, 0.282609, 0.152174]",0.148924,0.077147,"[19.322694, 22.136826, 23.730013, 19.049257, 18.158129, 22.485767, 20.245894, 22.544649, 23.320433, 20.6089]",21.160256,1.940303
8,cosip_beta0.5,100_cosip_beta0.5_lapin-off_$\gamma0.7$,10,"[0.208813, 0.227496, 0.225976, 0.222245, 0.216766, 0.210847, 0.182997, 0.224522, 0.20005, 0.260003]",0.217971,0.020174,"[0.28836, 0.305634, 0.26163, 0.272134, 0.315305, 0.281541, 0.266564, 0.29886, 0.260244, 0.278614]",0.282889,0.018915,"[0.108696, 0.170213, 0.166667, 0.043478, 0.042553, 0.176471, 0.106383, 0.24, 0.282609, 0.152174]",0.148924,0.077147,"[19.322694, 22.136826, 23.730013, 19.049257, 18.158129, 22.485767, 20.245894, 22.544649, 23.320433, 20.6089]",21.160256,1.940303
8,cosip_beta0.5,101_cosip_beta0.5_lapin-off_$\gamma0.8$,10,"[0.189088, 0.233612, 0.224281, 0.216217, 0.201884, 0.181588, 0.170537, 0.203086, 0.185686, 0.249977]",0.205596,0.02519,"[0.274346, 0.292682, 0.251543, 0.260483, 0.30069, 0.261107, 0.248087, 0.286458, 0.248508, 0.264641]",0.268854,0.018898,"[0.108696, 0.170213, 0.166667, 0.043478, 0.021277, 0.176471, 0.106383, 0.24, 0.282609, 0.152174]",0.146797,0.080622,"[19.322694, 22.136826, 23.730013, 19.049257, 18.158129, 22.485767, 20.245894, 22.544649, 23.320433, 20.6089]",21.160256,1.940303
8,cosip_beta0.5,102_cosip_beta0.5_lapin-off_$\gamma0.9$,10,"[0.178209, 0.205313, 0.202141, 0.206233, 0.185509, 0.168659, 0.171628, 0.202361, 0.176914, 0.232948]",0.192992,0.020212,"[0.263014, 0.292231, 0.246942, 0.253577, 0.285639, 0.250921, 0.237724, 0.277785, 0.232253, 0.250386]",0.259047,0.02018,"[0.108696, 0.170213, 0.12963, 0.043478, 0.021277, 0.137255, 0.106383, 0.22, 0.217391, 0.130435]",0.128476,0.064724,"[19.322694, 22.136826, 23.730013, 19.049257, 18.158129, 22.485767, 20.245894, 22.544649, 23.320433, 20.6089]",21.160256,1.940303
8,cosip_beta0.5,103_cosip_beta0.5_lapin-on_$\gamma0.3$,10,"[0.031463, 0.007638, 0.037699, 0.057683, 0.029698, 0.014231, 0.029275, 0.013683, 0.08763, 0.072027]",0.038103,0.026403,"[0.086398, 0.134992, 0.172779, 0.171774, 0.183596, 0.143475, 0.133232, 0.158459, 0.221373, 0.162902]",0.156898,0.035858,"[0.086957, 0.06383, 0.037037, 0.043478, 0.021277, 0.039216, 0.0, 0.02, 0.130435, 0.043478]",0.048571,0.037418,"[26.941181, 26.730048, 32.848181, 27.440464, 28.328121, 32.047577, 28.285786, 27.791244, 32.336734, 28.429603]",29.117894,2.349056
8,cosip_beta0.5,104_cosip_beta0.5_lapin-on_$\gamma0.5$,10,"[0.087084, 0.040206, 0.100536, 0.124851, 0.134521, 0.094892, 0.095366, 0.079886, 0.174254, 0.152846]",0.108444,0.038869,"[0.15396, 0.215572, 0.216763, 0.205594, 0.26945, 0.213811, 0.20778, 0.222969, 0.272576, 0.238363]",0.221684,0.033852,"[0.086957, 0.06383, 0.037037, 0.043478, 0.021277, 0.039216, 0.0, 0.02, 0.130435, 0.043478]",0.048571,0.037418,"[26.941181, 26.730048, 32.848181, 27.440464, 28.328121, 32.047577, 28.285786, 27.791244, 32.336734, 28.429603]",29.117894,2.349056
8,cosip_beta0.5,105_cosip_beta0.5_lapin-on_$\gamma0.6$,10,"[0.088509, 0.068151, 0.117354, 0.152751, 0.141256, 0.140214, 0.112914, 0.102684, 0.179971, 0.183001]",0.12868,0.037686,"[0.169397, 0.224098, 0.221467, 0.225716, 0.286632, 0.234881, 0.213677, 0.25555, 0.279795, 0.246993]",0.235821,0.033958,"[0.086957, 0.06383, 0.037037, 0.043478, 0.021277, 0.039216, 0.0, 0.02, 0.130435, 0.043478]",0.048571,0.037418,"[26.941181, 26.730048, 32.848181, 27.440464, 28.328121, 32.047577, 28.285786, 27.791244, 32.336734, 28.429603]",29.117894,2.349056
8,cosip_beta0.5,106_cosip_beta0.5_lapin-on_$\gamma0.7$,10,"[0.101997, 0.111181, 0.116975, 0.173534, 0.168476, 0.153343, 0.122636, 0.127523, 0.179375, 0.190226]",0.144527,0.032048,"[0.189243, 0.248463, 0.237837, 0.225668, 0.29022, 0.249008, 0.2151, 0.271242, 0.275912, 0.256544]",0.245924,0.030313,"[0.086957, 0.06383, 0.037037, 0.043478, 0.021277, 0.039216, 0.0, 0.02, 0.130435, 0.021739]",0.046397,0.038366,"[26.941181, 26.730048, 32.848181, 27.440464, 28.328121, 32.047577, 28.285786, 27.791244, 32.336734, 28.429603]",29.117894,2.349056
8,cosip_beta0.5,107_cosip_beta0.5_lapin-on_$\gamma0.8$,10,"[0.111325, 0.125491, 0.147829, 0.161808, 0.166826, 0.161384, 0.139679, 0.132969, 0.204001, 0.197383]",0.15487,0.029766,"[0.220859, 0.256958, 0.242167, 0.236481, 0.279139, 0.250941, 0.226447, 0.273582, 0.265383, 0.256762]",0.250872,0.019372,"[0.086957, 0.06383, 0.037037, 0.043478, 0.021277, 0.039216, 0.0, 0.02, 0.130435, 0.021739]",0.046397,0.038366,"[26.941181, 26.730048, 32.848181, 27.440464, 28.328121, 32.047577, 28.285786, 27.791244, 32.336734, 28.429603]",29.117894,2.349056
8,cosip_beta0.5,108_cosip_beta0.5_lapin-on_$\gamma0.9$,10,"[0.122103, 0.122029, 0.146948, 0.170678, 0.181351, 0.17788, 0.154441, 0.129699, 0.206319, 0.180242]",0.159169,0.028743,"[0.229127, 0.254415, 0.241347, 0.24788, 0.279386, 0.249257, 0.239817, 0.271634, 0.262723, 0.252692]",0.252828,0.015127,"[0.086957, 0.06383, 0.037037, 0.043478, 0.021277, 0.039216, 0.021277, 0.06, 0.108696, 0.021739]",0.050351,0.029584,"[26.941181, 26.730048, 32.848181, 27.440464, 28.328121, 32.047577, 28.285786, 27.791244, 32.336734, 28.429603]",29.117894,2.349056
8,cosip_beta1,109_cosip_beta1_lapin-off_$\gamma0.3$,10,"[0.123404, 0.086796, 0.116337, 0.147592, 0.150636, 0.155507, 0.109746, 0.162559, 0.167771, 0.149779]",0.137013,0.026414,"[0.227822, 0.242057, 0.248457, 0.261215, 0.312166, 0.255078, 0.255434, 0.288216, 0.278342, 0.258466]",0.262725,0.024311,"[0.086957, 0.106383, 0.055556, 0.065217, 0.042553, 0.058824, 0.0, 0.1, 0.086957, 0.130435]",0.073288,0.037048,"[19.588221, 19.76606, 22.459836, 19.369402, 17.62626, 20.708375, 18.573408, 20.674591, 19.776214, 19.097872]",19.764024,1.316835
8,cosip_beta1,110_cosip_beta1_lapin-off_$\gamma0.5$,10,"[0.161596, 0.127047, 0.152543, 0.192375, 0.173716, 0.158323, 0.144459, 0.197373, 0.194922, 0.209639]",0.171199,0.026772,"[0.234022, 0.266601, 0.259602, 0.28719, 0.29104, 0.258219, 0.256569, 0.271792, 0.293401, 0.283889]",0.270232,0.018899,"[0.086957, 0.106383, 0.055556, 0.065217, 0.042553, 0.058824, 0.0, 0.1, 0.086957, 0.130435]",0.073288,0.037048,"[19.588221, 19.76606, 22.459836, 19.369402, 17.62626, 20.708375, 18.573408, 20.674591, 19.776214, 19.097872]",19.764024,1.316835
8,cosip_beta1,111_cosip_beta1_lapin-off_$\gamma0.6$,10,"[0.165498, 0.168601, 0.197926, 0.195106, 0.18201, 0.156834, 0.149371, 0.193121, 0.213809, 0.197491]",0.181977,0.020951,"[0.228889, 0.26969, 0.259948, 0.277355, 0.285882, 0.256927, 0.256893, 0.275918, 0.280891, 0.26818]",0.266057,0.016471,"[0.086957, 0.106383, 0.055556, 0.065217, 0.042553, 0.058824, 0.0, 0.1, 0.086957, 0.130435]",0.073288,0.037048,"[19.588221, 19.76606, 22.459836, 19.369402, 17.62626, 20.708375, 18.573408, 20.674591, 19.776214, 19.097872]",19.764024,1.316835
8,cosip_beta1,112_cosip_beta1_lapin-off_$\gamma0.7$,10,"[0.165844, 0.180795, 0.196144, 0.2079, 0.191046, 0.16479, 0.170216, 0.198497, 0.20561, 0.204139]",0.188498,0.016825,"[0.227737, 0.264875, 0.255664, 0.264343, 0.274673, 0.255615, 0.253216, 0.26416, 0.270585, 0.259669]",0.259054,0.012924,"[0.086957, 0.106383, 0.055556, 0.065217, 0.042553, 0.058824, 0.0, 0.1, 0.086957, 0.130435]",0.073288,0.037048,"[19.588221, 19.76606, 22.459836, 19.369402, 17.62626, 20.708375, 18.573408, 20.674591, 19.776214, 19.097872]",19.764024,1.316835
8,cosip_beta1,113_cosip_beta1_lapin-off_$\gamma0.8$,10,"[0.165106, 0.179749, 0.196117, 0.209543, 0.182017, 0.160858, 0.168498, 0.187876, 0.195765, 0.187418]",0.183295,0.015327,"[0.230228, 0.263432, 0.250977, 0.257349, 0.269833, 0.255026, 0.246393, 0.260185, 0.257634, 0.245329]",0.253639,0.011102,"[0.086957, 0.106383, 0.055556, 0.065217, 0.042553, 0.058824, 0.0, 0.08, 0.086957, 0.130435]",0.071288,0.03597,"[19.588221, 19.76606, 22.459836, 19.369402, 17.62626, 20.708375, 18.573408, 20.674591, 19.776214, 19.097872]",19.764024,1.316835
8,cosip_beta1,114_cosip_beta1_lapin-off_$\gamma0.9$,10,"[0.16598, 0.154345, 0.184357, 0.208304, 0.189272, 0.163945, 0.172888, 0.193198, 0.190629, 0.171602]",0.179452,0.016411,"[0.23701, 0.260442, 0.247109, 0.249686, 0.258803, 0.247614, 0.237652, 0.251963, 0.244392, 0.234384]",0.246906,0.008852,"[0.065217, 0.106383, 0.037037, 0.065217, 0.042553, 0.039216, 0.021277, 0.08, 0.086957, 0.130435]",0.067429,0.034164,"[19.588221, 19.76606, 22.459836, 19.369402, 17.62626, 20.708375, 18.573408, 20.674591, 19.776214, 19.097872]",19.764024,1.316835
8,cosip_beta1,115_cosip_beta1_lapin-on_$\gamma0.3$,10,"[0.005169, 0.0103, 0.009337, 0.023584, 0.005014, 0.010686, 0.005185, 0.007648, 0.014764, 0.024499]",0.011619,0.00722,"[0.05535, 0.125495, 0.12253, 0.130532, 0.127676, 0.094048, 0.08713, 0.113409, 0.140989, 0.153348]",0.115051,0.02885,"[0.043478, 0.06383, 0.055556, 0.152174, 0.042553, 0.176471, 0.12766, 0.02, 0.065217, 0.021739]",0.076868,0.055274,"[29.331968, 26.084931, 31.083382, 23.838715, 25.424346, 26.245126, 27.280536, 30.584605, 30.341511, 26.936424]",27.715154,2.471595
8,cosip_beta1,116_cosip_beta1_lapin-on_$\gamma0.5$,10,"[0.041622, 0.015369, 0.060325, 0.047366, 0.065408, 0.027946, 0.049013, 0.033127, 0.080611, 0.091865]",0.051265,0.023726,"[0.148508, 0.188818, 0.182595, 0.207041, 0.145366, 0.183353, 0.160782, 0.192377, 0.204707, 0.223237]",0.183678,0.025572,"[0.043478, 0.06383, 0.055556, 0.152174, 0.042553, 0.176471, 0.12766, 0.02, 0.065217, 0.021739]",0.076868,0.055274,"[29.331968, 26.084931, 31.083382, 23.838715, 25.424346, 26.245126, 27.280536, 30.584605, 30.341511, 26.936424]",27.715154,2.471595
8,cosip_beta1,117_cosip_beta1_lapin-on_$\gamma0.6$,10,"[0.071024, 0.034296, 0.073816, 0.065794, 0.083669, 0.046371, 0.057913, 0.068344, 0.121113, 0.11115]",0.073349,0.026658,"[0.175866, 0.19292, 0.200666, 0.223358, 0.156504, 0.19128, 0.176256, 0.225258, 0.205495, 0.241998]",0.19896,0.026101,"[0.043478, 0.06383, 0.055556, 0.152174, 0.042553, 0.176471, 0.12766, 0.02, 0.065217, 0.021739]",0.076868,0.055274,"[29.331968, 26.084931, 31.083382, 23.838715, 25.424346, 26.245126, 27.280536, 30.584605, 30.341511, 26.936424]",27.715154,2.471595
8,cosip_beta1,118_cosip_beta1_lapin-on_$\gamma0.7$,10,"[0.09829, 0.048055, 0.107861, 0.0843, 0.089703, 0.051652, 0.057943, 0.082452, 0.156467, 0.154323]",0.093105,0.038288,"[0.200788, 0.203126, 0.20403, 0.227606, 0.180679, 0.204532, 0.193338, 0.229193, 0.224589, 0.258252]",0.212613,0.022326,"[0.043478, 0.06383, 0.055556, 0.152174, 0.042553, 0.176471, 0.12766, 0.02, 0.065217, 0.021739]",0.076868,0.055274,"[29.331968, 26.084931, 31.083382, 23.838715, 25.424346, 26.245126, 27.280536, 30.584605, 30.341511, 26.936424]",27.715154,2.471595
8,cosip_beta1,119_cosip_beta1_lapin-on_$\gamma0.8$,10,"[0.102675, 0.056137, 0.109947, 0.084527, 0.100376, 0.061901, 0.090868, 0.099067, 0.162698, 0.167553]",0.103575,0.036776,"[0.206143, 0.215965, 0.216434, 0.232446, 0.204074, 0.219117, 0.212924, 0.228415, 0.236169, 0.262421]",0.223411,0.017307,"[0.043478, 0.06383, 0.055556, 0.152174, 0.042553, 0.176471, 0.12766, 0.02, 0.065217, 0.021739]",0.076868,0.055274,"[29.331968, 26.084931, 31.083382, 23.838715, 25.424346, 26.245126, 27.280536, 30.584605, 30.341511, 26.936424]",27.715154,2.471595
8,cosip_beta1,120_cosip_beta1_lapin-on_$\gamma0.9$,10,"[0.102919, 0.057702, 0.10651, 0.107314, 0.111946, 0.082937, 0.104387, 0.104242, 0.162947, 0.171165]",0.111207,0.033558,"[0.208863, 0.221629, 0.226447, 0.237429, 0.217616, 0.226539, 0.222513, 0.232535, 0.238274, 0.264486]",0.229633,0.015162,"[0.043478, 0.06383, 0.055556, 0.152174, 0.042553, 0.176471, 0.12766, 0.02, 0.065217, 0.021739]",0.076868,0.055274,"[29.331968, 26.084931, 31.083382, 23.838715, 25.424346, 26.245126, 27.280536, 30.584605, 30.341511, 26.936424]",27.715154,2.471595
8,default,001_default_lapin-off_$\gamma0.3$,10,"[0.07517, 0.03871, 0.058517, 0.05074, 0.033253, 0.031563, 0.089627, 0.059543, 0.048625, 0.080084]",0.056583,0.01997,"[0.182404, 0.153574, 0.150841, 0.123056, 0.119354, 0.114434, 0.178368, 0.133031, 0.129861, 0.163554]",0.144848,0.024518,"[0.26087, 0.276596, 0.388889, 0.304348, 0.255319, 0.254902, 0.276596, 0.3, 0.26087, 0.26087]",0.283926,0.0409,"[15.481389, 15.371736, 14.068306, 16.34746, 14.939062, 16.327143, 15.153366, 15.202258, 14.634196, 15.123145]",15.264806,0.693688
8,default,002_default_lapin-off_$\gamma0.5$,10,"[0.134342, 0.113207, 0.124055, 0.126502, 0.113815, 0.084545, 0.141002, 0.119915, 0.119561, 0.133002]",0.120995,0.015657,"[0.27727, 0.31281, 0.280858, 0.225578, 0.264137, 0.250618, 0.277932, 0.253413, 0.250852, 0.259205]",0.265267,0.023533,"[0.26087, 0.276596, 0.388889, 0.304348, 0.255319, 0.254902, 0.276596, 0.3, 0.26087, 0.26087]",0.283926,0.0409,"[15.481389, 15.371736, 14.068306, 16.34746, 14.939062, 16.327143, 15.153366, 15.202258, 14.634196, 15.123145]",15.264806,0.693688
8,default,003_default_lapin-off_$\gamma0.6$,10,"[0.157029, 0.156048, 0.101095, 0.106605, 0.122897, 0.090446, 0.15875, 0.135718, 0.107237, 0.152575]",0.12884,0.026416,"[0.283755, 0.327923, 0.281438, 0.245825, 0.291908, 0.269931, 0.280003, 0.272032, 0.25932, 0.274721]",0.278686,0.021668,"[0.26087, 0.276596, 0.388889, 0.304348, 0.255319, 0.254902, 0.276596, 0.3, 0.26087, 0.26087]",0.283926,0.0409,"[15.481389, 15.371736, 14.068306, 16.34746, 14.939062, 16.327143, 15.153366, 15.202258, 14.634196, 15.123145]",15.264806,0.693688
8,default,004_default_lapin-off_$\gamma0.7$,10,"[0.153915, 0.146704, 0.117135, 0.135792, 0.142753, 0.124187, 0.16446, 0.149262, 0.111583, 0.150844]",0.139664,0.017142,"[0.282349, 0.309486, 0.269712, 0.254278, 0.290287, 0.27375, 0.287165, 0.273277, 0.259392, 0.277837]",0.277753,0.015856,"[0.26087, 0.276596, 0.388889, 0.304348, 0.255319, 0.254902, 0.276596, 0.3, 0.26087, 0.26087]",0.283926,0.0409,"[15.481389, 15.371736, 14.068306, 16.34746, 14.939062, 16.327143, 15.153366, 15.202258, 14.634196, 15.123145]",15.264806,0.693688
8,default,005_default_lapin-off_$\gamma0.8$,10,"[0.180095, 0.141091, 0.126756, 0.13061, 0.150192, 0.128882, 0.174306, 0.145674, 0.135184, 0.137875]",0.145066,0.018499,"[0.268399, 0.289473, 0.262554, 0.260016, 0.286331, 0.260653, 0.282535, 0.263005, 0.264261, 0.267361]",0.270459,0.011229,"[0.26087, 0.276596, 0.388889, 0.304348, 0.255319, 0.254902, 0.276596, 0.3, 0.26087, 0.26087]",0.283926,0.0409,"[15.481389, 15.371736, 14.068306, 16.34746, 14.939062, 16.327143, 15.153366, 15.202258, 14.634196, 15.123145]",15.264806,0.693688
8,default,006_default_lapin-off_$\gamma0.9$,10,"[0.160094, 0.133358, 0.130983, 0.116326, 0.146278, 0.135581, 0.18643, 0.138756, 0.121785, 0.144534]",0.141412,0.020106,"[0.254809, 0.269001, 0.250769, 0.247358, 0.269811, 0.251382, 0.274878, 0.254055, 0.250907, 0.258135]",0.258111,0.009607,"[0.26087, 0.276596, 0.388889, 0.304348, 0.255319, 0.254902, 0.276596, 0.3, 0.26087, 0.26087]",0.283926,0.0409,"[15.481389, 15.371736, 14.068306, 16.34746, 14.939062, 16.327143, 15.153366, 15.202258, 14.634196, 15.123145]",15.264806,0.693688
8,default,007_default_lapin-on_$\gamma0.3$,10,"[0.0, 0.005483, 0.0, 0.0, 0.005001, 0.005531, 0.00954, 0.005472, 0.0, 0.009844]",0.004087,0.003894,"[0.061442, 0.047218, 0.047666, 0.056505, 0.086906, 0.041605, 0.083145, 0.050816, 0.04873, 0.097556]",0.062159,0.019729,"[0.282609, 0.276596, 0.37037, 0.26087, 0.276596, 0.411765, 0.255319, 0.32, 0.326087, 0.304348]",0.308456,0.050281,"[20.238879, 20.862203, 21.162735, 22.004422, 20.824831, 18.706842, 21.413019, 21.100849, 19.161664, 20.052233]",20.552768,1.02096
8,default,008_default_lapin-on_$\gamma0.5$,10,"[0.026928, 0.016477, 0.013053, 0.016221, 0.033255, 0.022361, 0.037635, 0.029332, 0.013332, 0.032623]",0.024122,0.009044,"[0.162885, 0.140523, 0.120996, 0.15667, 0.191282, 0.12037, 0.213257, 0.145662, 0.145736, 0.19219]",0.158957,0.031162,"[0.282609, 0.276596, 0.37037, 0.26087, 0.276596, 0.411765, 0.255319, 0.32, 0.326087, 0.304348]",0.308456,0.050281,"[20.238879, 20.862203, 21.162735, 22.004422, 20.824831, 18.706842, 21.413019, 21.100849, 19.161664, 20.052233]",20.552768,1.02096
8,default,009_default_lapin-on_$\gamma0.6$,10,"[0.02832, 0.018108, 0.01504, 0.03537, 0.041748, 0.028499, 0.0709, 0.03713, 0.027941, 0.041239]",0.03443,0.015617,"[0.185198, 0.166239, 0.14543, 0.175254, 0.212001, 0.143513, 0.25625, 0.179382, 0.178853, 0.220712]",0.186283,0.03475,"[0.282609, 0.276596, 0.37037, 0.26087, 0.276596, 0.411765, 0.255319, 0.32, 0.326087, 0.304348]",0.308456,0.050281,"[20.238879, 20.862203, 21.162735, 22.004422, 20.824831, 18.706842, 21.413019, 21.100849, 19.161664, 20.052233]",20.552768,1.02096
8,default,010_default_lapin-on_$\gamma0.7$,10,"[0.034358, 0.031837, 0.024608, 0.05627, 0.042376, 0.027601, 0.074671, 0.040818, 0.04008, 0.057519]",0.043014,0.015557,"[0.19691, 0.17832, 0.164117, 0.203217, 0.226026, 0.159606, 0.260102, 0.19235, 0.200091, 0.229979]",0.201072,0.030992,"[0.282609, 0.276596, 0.37037, 0.26087, 0.276596, 0.411765, 0.255319, 0.32, 0.326087, 0.304348]",0.308456,0.050281,"[20.238879, 20.862203, 21.162735, 22.004422, 20.824831, 18.706842, 21.413019, 21.100849, 19.161664, 20.052233]",20.552768,1.02096
8,default,011_default_lapin-on_$\gamma0.8$,10,"[0.042003, 0.036272, 0.031618, 0.065963, 0.06456, 0.048365, 0.08248, 0.060486, 0.044643, 0.065055]",0.054144,0.016015,"[0.211813, 0.181365, 0.180024, 0.211137, 0.22315, 0.183832, 0.248714, 0.193983, 0.207059, 0.225482]",0.206656,0.022293,"[0.282609, 0.276596, 0.37037, 0.26087, 0.276596, 0.411765, 0.255319, 0.32, 0.326087, 0.304348]",0.308456,0.050281,"[20.238879, 20.862203, 21.162735, 22.004422, 20.824831, 18.706842, 21.413019, 21.100849, 19.161664, 20.052233]",20.552768,1.02096
8,default,012_default_lapin-on_$\gamma0.9$,10,"[0.056042, 0.03674, 0.043932, 0.073104, 0.063874, 0.047332, 0.096383, 0.051622, 0.057602, 0.072477]",0.059911,0.017376,"[0.203226, 0.179384, 0.181589, 0.20957, 0.218114, 0.186693, 0.23831, 0.188409, 0.202878, 0.219514]",0.202769,0.019107,"[0.282609, 0.276596, 0.37037, 0.26087, 0.276596, 0.411765, 0.255319, 0.32, 0.326087, 0.304348]",0.308456,0.050281,"[20.238879, 20.862203, 21.162735, 22.004422, 20.824831, 18.706842, 21.413019, 21.100849, 19.161664, 20.052233]",20.552768,1.02096
8,dice,025_dice_lapin-off_$\gamma0.3$,10,"[0.227122, 0.221781, 0.228475, 0.183937, 0.241694, 0.180054, 0.242969, 0.272367, 0.267063, 0.248502]",0.231396,0.030715,"[0.35451, 0.342181, 0.355047, 0.292302, 0.345332, 0.300263, 0.335455, 0.355326, 0.353148, 0.315255]",0.334882,0.023812,"[0.130435, 0.191489, 0.148148, 0.173913, 0.148936, 0.137255, 0.085106, 0.14, 0.217391, 0.217391]",0.159006,0.041401,"[21.35632, 20.759093, 23.361128, 21.005873, 21.548659, 24.202441, 19.421124, 20.474423, 20.873876, 21.508041]",21.451098,1.387436
8,dice,026_dice_lapin-off_$\gamma0.5$,10,"[0.219061, 0.236925, 0.255402, 0.21787, 0.240664, 0.223561, 0.239344, 0.279576, 0.236239, 0.270646]",0.241929,0.020892,"[0.34573, 0.319992, 0.329991, 0.292177, 0.334171, 0.294232, 0.323454, 0.335625, 0.317889, 0.31861]",0.321187,0.017157,"[0.130435, 0.191489, 0.148148, 0.173913, 0.148936, 0.137255, 0.085106, 0.14, 0.217391, 0.217391]",0.159006,0.041401,"[21.35632, 20.759093, 23.361128, 21.005873, 21.548659, 24.202441, 19.421124, 20.474423, 20.873876, 21.508041]",21.451098,1.387436
8,dice,027_dice_lapin-off_$\gamma0.6$,10,"[0.214833, 0.212786, 0.253781, 0.208596, 0.217181, 0.216249, 0.232972, 0.272641, 0.237849, 0.257571]",0.232446,0.022342,"[0.328516, 0.297462, 0.314699, 0.280869, 0.312085, 0.278177, 0.30461, 0.318047, 0.298823, 0.295072]",0.302836,0.016042,"[0.130435, 0.191489, 0.148148, 0.173913, 0.148936, 0.137255, 0.085106, 0.14, 0.217391, 0.217391]",0.159006,0.041401,"[21.35632, 20.759093, 23.361128, 21.005873, 21.548659, 24.202441, 19.421124, 20.474423, 20.873876, 21.508041]",21.451098,1.387436
8,dice,028_dice_lapin-off_$\gamma0.7$,10,"[0.196335, 0.218114, 0.242918, 0.196453, 0.214704, 0.197535, 0.21367, 0.283301, 0.225184, 0.253624]",0.224184,0.028295,"[0.303718, 0.272374, 0.306806, 0.263518, 0.293814, 0.268584, 0.285348, 0.305518, 0.284497, 0.276181]",0.286036,0.015925,"[0.130435, 0.191489, 0.148148, 0.173913, 0.148936, 0.137255, 0.085106, 0.14, 0.217391, 0.217391]",0.159006,0.041401,"[21.35632, 20.759093, 23.361128, 21.005873, 21.548659, 24.202441, 19.421124, 20.474423, 20.873876, 21.508041]",21.451098,1.387436
8,dice,029_dice_lapin-off_$\gamma0.8$,10,"[0.181771, 0.193914, 0.238768, 0.171246, 0.21987, 0.195408, 0.21289, 0.249123, 0.215543, 0.232183]",0.211072,0.025267,"[0.287054, 0.261695, 0.287449, 0.258048, 0.271247, 0.263343, 0.26061, 0.28861, 0.264512, 0.266641]",0.270921,0.012113,"[0.130435, 0.191489, 0.148148, 0.173913, 0.148936, 0.117647, 0.085106, 0.14, 0.195652, 0.217391]",0.154872,0.040037,"[21.35632, 20.759093, 23.361128, 21.005873, 21.548659, 24.202441, 19.421124, 20.474423, 20.873876, 21.508041]",21.451098,1.387436
8,dice,030_dice_lapin-off_$\gamma0.9$,10,"[0.184473, 0.174725, 0.220992, 0.173656, 0.19986, 0.177881, 0.169765, 0.235377, 0.186394, 0.202826]",0.192595,0.021894,"[0.26789, 0.243976, 0.278423, 0.241842, 0.258671, 0.260329, 0.240382, 0.263713, 0.246001, 0.25183]",0.255306,0.01261,"[0.130435, 0.170213, 0.074074, 0.152174, 0.148936, 0.078431, 0.085106, 0.1, 0.195652, 0.195652]",0.133067,0.046781,"[21.35632, 20.759093, 23.361128, 21.005873, 21.548659, 24.202441, 19.421124, 20.474423, 20.873876, 21.508041]",21.451098,1.387436
8,dice,031_dice_lapin-on_$\gamma0.3$,10,"[0.04935, 0.051275, 0.052473, 0.065367, 0.043714, 0.023426, 0.024406, 0.050113, 0.074087, 0.045723]",0.047993,0.015646,"[0.131847, 0.153953, 0.181013, 0.165281, 0.173929, 0.163637, 0.181916, 0.178252, 0.172393, 0.181618]",0.168384,0.015767,"[0.152174, 0.085106, 0.037037, 0.065217, 0.12766, 0.019608, 0.042553, 0.1, 0.130435, 0.021739]",0.078153,0.048218,"[31.551412, 30.509316, 32.727082, 29.951377, 30.818798, 29.011394, 30.491566, 26.615307, 31.256294, 27.566908]",30.049945,1.853658
8,dice,032_dice_lapin-on_$\gamma0.5$,10,"[0.11778, 0.097143, 0.123071, 0.150729, 0.158492, 0.103409, 0.140318, 0.136023, 0.169001, 0.112145]",0.130811,0.024041,"[0.196703, 0.190896, 0.226144, 0.238173, 0.255139, 0.217702, 0.262503, 0.257343, 0.223506, 0.228387]",0.22965,0.024382,"[0.152174, 0.085106, 0.037037, 0.065217, 0.12766, 0.019608, 0.042553, 0.1, 0.130435, 0.021739]",0.078153,0.048218,"[31.551412, 30.509316, 32.727082, 29.951377, 30.818798, 29.011394, 30.491566, 26.615307, 31.256294, 27.566908]",30.049945,1.853658
8,dice,033_dice_lapin-on_$\gamma0.6$,10,"[0.158526, 0.120487, 0.171412, 0.191603, 0.186694, 0.11793, 0.160467, 0.159648, 0.217219, 0.126831]",0.161082,0.032554,"[0.208308, 0.203474, 0.252558, 0.233438, 0.255137, 0.230777, 0.255815, 0.259021, 0.235937, 0.229585]",0.236405,0.01961,"[0.152174, 0.085106, 0.037037, 0.065217, 0.12766, 0.019608, 0.042553, 0.1, 0.130435, 0.021739]",0.078153,0.048218,"[31.551412, 30.509316, 32.727082, 29.951377, 30.818798, 29.011394, 30.491566, 26.615307, 31.256294, 27.566908]",30.049945,1.853658
8,dice,034_dice_lapin-on_$\gamma0.7$,10,"[0.160317, 0.150114, 0.1701, 0.208365, 0.18149, 0.135412, 0.17538, 0.15415, 0.214663, 0.141391]",0.169138,0.026615,"[0.209006, 0.222606, 0.247095, 0.262211, 0.249393, 0.242649, 0.257804, 0.256024, 0.255401, 0.235724]",0.243791,0.016956,"[0.152174, 0.085106, 0.037037, 0.065217, 0.12766, 0.019608, 0.042553, 0.1, 0.130435, 0.021739]",0.078153,0.048218,"[31.551412, 30.509316, 32.727082, 29.951377, 30.818798, 29.011394, 30.491566, 26.615307, 31.256294, 27.566908]",30.049945,1.853658
8,dice,035_dice_lapin-on_$\gamma0.8$,10,"[0.16296, 0.173699, 0.180613, 0.207362, 0.182094, 0.146321, 0.189042, 0.16311, 0.213122, 0.163238]",0.178156,0.020893,"[0.217579, 0.228987, 0.240921, 0.261811, 0.258494, 0.250097, 0.267735, 0.259321, 0.257938, 0.246048]",0.248893,0.015827,"[0.152174, 0.085106, 0.037037, 0.065217, 0.12766, 0.019608, 0.042553, 0.1, 0.130435, 0.021739]",0.078153,0.048218,"[31.551412, 30.509316, 32.727082, 29.951377, 30.818798, 29.011394, 30.491566, 26.615307, 31.256294, 27.566908]",30.049945,1.853658
8,dice,036_dice_lapin-on_$\gamma0.9$,10,"[0.184933, 0.196653, 0.214904, 0.197911, 0.172943, 0.146421, 0.173464, 0.165121, 0.21906, 0.165725]",0.183714,0.023271,"[0.233955, 0.243567, 0.2452, 0.262908, 0.263251, 0.253785, 0.262738, 0.260677, 0.252307, 0.260252]",0.253864,0.010087,"[0.130435, 0.085106, 0.037037, 0.065217, 0.12766, 0.019608, 0.021277, 0.1, 0.130435, 0.021739]",0.073851,0.047095,"[31.551412, 30.509316, 32.727082, 29.951377, 30.818798, 29.011394, 30.491566, 26.615307, 31.256294, 27.566908]",30.049945,1.853658
8,ip_beta0,049_ip_beta0_lapin-off_$\gamma0.3$,10,"[0.251189, 0.231079, 0.211844, 0.166653, 0.197072, 0.092729, 0.126843, 0.163954, 0.158467, 0.129222]",0.172905,0.049887,"[0.339334, 0.374414, 0.313494, 0.288104, 0.321546, 0.266585, 0.232974, 0.298152, 0.298489, 0.248725]",0.298182,0.042273,"[0.043478, 0.042553, 0.148148, 0.130435, 0.085106, 0.137255, 0.106383, 0.04, 0.108696, 0.108696]",0.095075,0.040687,"[15.33734, 15.582841, 15.8698, 16.060608, 15.214726, 17.393746, 14.171751, 17.886829, 14.888483, 14.057258]",15.646338,1.240722
8,ip_beta0,050_ip_beta0_lapin-off_$\gamma0.5$,10,"[0.275661, 0.259614, 0.247653, 0.214585, 0.244112, 0.150612, 0.184411, 0.232143, 0.251413, 0.171266]",0.223147,0.041546,"[0.386294, 0.372638, 0.323922, 0.328811, 0.35288, 0.289547, 0.288322, 0.33595, 0.349178, 0.294776]",0.332232,0.034183,"[0.043478, 0.042553, 0.148148, 0.130435, 0.085106, 0.137255, 0.106383, 0.04, 0.108696, 0.108696]",0.095075,0.040687,"[15.33734, 15.582841, 15.8698, 16.060608, 15.214726, 17.393746, 14.171751, 17.886829, 14.888483, 14.057258]",15.646338,1.240722
8,ip_beta0,051_ip_beta0_lapin-off_$\gamma0.6$,10,"[0.262357, 0.270926, 0.26737, 0.22247, 0.24952, 0.175792, 0.193075, 0.239498, 0.255891, 0.181869]",0.231877,0.036362,"[0.383005, 0.360811, 0.317431, 0.326075, 0.340731, 0.279925, 0.293834, 0.326924, 0.34361, 0.283474]",0.325582,0.033378,"[0.043478, 0.042553, 0.148148, 0.130435, 0.085106, 0.137255, 0.106383, 0.04, 0.108696, 0.108696]",0.095075,0.040687,"[15.33734, 15.582841, 15.8698, 16.060608, 15.214726, 17.393746, 14.171751, 17.886829, 14.888483, 14.057258]",15.646338,1.240722
8,ip_beta0,052_ip_beta0_lapin-off_$\gamma0.7$,10,"[0.266854, 0.257725, 0.261274, 0.22907, 0.245384, 0.159238, 0.207769, 0.253634, 0.25433, 0.197286]",0.233256,0.034895,"[0.372513, 0.348013, 0.317832, 0.313096, 0.330955, 0.273164, 0.288752, 0.318096, 0.349318, 0.283133]",0.319487,0.031806,"[0.043478, 0.042553, 0.148148, 0.130435, 0.085106, 0.137255, 0.106383, 0.04, 0.108696, 0.108696]",0.095075,0.040687,"[15.33734, 15.582841, 15.8698, 16.060608, 15.214726, 17.393746, 14.171751, 17.886829, 14.888483, 14.057258]",15.646338,1.240722
8,ip_beta0,053_ip_beta0_lapin-off_$\gamma0.8$,10,"[0.246311, 0.256478, 0.264652, 0.21612, 0.241755, 0.176583, 0.229695, 0.256701, 0.244164, 0.199241]",0.23317,0.02811,"[0.362083, 0.341354, 0.309526, 0.299401, 0.327003, 0.27394, 0.296118, 0.307697, 0.339178, 0.283918]",0.314022,0.02782,"[0.043478, 0.042553, 0.148148, 0.130435, 0.106383, 0.137255, 0.106383, 0.04, 0.108696, 0.108696]",0.097203,0.040664,"[15.33734, 15.582841, 15.8698, 16.060608, 15.214726, 17.393746, 14.171751, 17.886829, 14.888483, 14.057258]",15.646338,1.240722
8,ip_beta0,054_ip_beta0_lapin-off_$\gamma0.9$,10,"[0.267154, 0.238925, 0.249015, 0.209412, 0.244811, 0.183794, 0.225103, 0.255301, 0.242176, 0.212892]",0.232858,0.024996,"[0.358152, 0.329023, 0.303393, 0.292229, 0.321305, 0.268866, 0.29107, 0.296342, 0.324583, 0.282044]",0.306701,0.026436,"[0.043478, 0.042553, 0.166667, 0.130435, 0.106383, 0.137255, 0.12766, 0.04, 0.108696, 0.108696]",0.101182,0.044468,"[15.33734, 15.582841, 15.8698, 16.060608, 15.214726, 17.393746, 14.171751, 17.886829, 14.888483, 14.057258]",15.646338,1.240722
8,ip_beta0,055_ip_beta0_lapin-on_$\gamma0.3$,10,"[0.104061, 0.070916, 0.080103, 0.103029, 0.076729, 0.041849, 0.050865, 0.045967, 0.063051, 0.057826]",0.06944,0.021931,"[0.209643, 0.19721, 0.218055, 0.237572, 0.202318, 0.159694, 0.127215, 0.162966, 0.175796, 0.154534]",0.1845,0.033974,"[0.826087, 0.382979, 0.425926, 0.565217, 0.510638, 0.490196, 0.468085, 0.44, 0.652174, 0.586957]",0.534826,0.130463,"[45.05985, 34.525928, 41.500536, 44.160461, 37.477135, 47.318488, 35.752052, 38.48475, 39.171575, 35.473171]",39.892395,4.427909
8,ip_beta0,056_ip_beta0_lapin-on_$\gamma0.5$,10,"[0.149916, 0.125575, 0.196708, 0.181273, 0.199245, 0.110352, 0.126658, 0.155001, 0.142623, 0.163984]",0.155133,0.030386,"[0.225439, 0.238443, 0.235231, 0.247439, 0.286281, 0.225122, 0.218345, 0.226669, 0.233166, 0.204383]",0.234052,0.021766,"[0.826087, 0.382979, 0.425926, 0.565217, 0.510638, 0.490196, 0.468085, 0.44, 0.652174, 0.586957]",0.534826,0.130463,"[45.05985, 34.525928, 41.500536, 44.160461, 37.477135, 47.318488, 35.752052, 38.48475, 39.171575, 35.473171]",39.892395,4.427909
8,ip_beta0,057_ip_beta0_lapin-on_$\gamma0.6$,10,"[0.165048, 0.139813, 0.21833, 0.188672, 0.195716, 0.130131, 0.155652, 0.159917, 0.16362, 0.203646]",0.172054,0.028498,"[0.231571, 0.232822, 0.245033, 0.241573, 0.284558, 0.233392, 0.25389, 0.237845, 0.237197, 0.213049]",0.241093,0.018557,"[0.826087, 0.382979, 0.425926, 0.565217, 0.510638, 0.490196, 0.468085, 0.44, 0.652174, 0.586957]",0.534826,0.130463,"[45.05985, 34.525928, 41.500536, 44.160461, 37.477135, 47.318488, 35.752052, 38.48475, 39.171575, 35.473171]",39.892395,4.427909
8,ip_beta0,058_ip_beta0_lapin-on_$\gamma0.7$,10,"[0.195603, 0.163979, 0.225904, 0.17622, 0.195521, 0.139652, 0.176153, 0.15968, 0.164105, 0.231673]",0.182849,0.029363,"[0.243859, 0.234638, 0.264704, 0.233104, 0.295841, 0.228405, 0.258925, 0.252133, 0.239167, 0.241578]",0.249235,0.020027,"[0.826087, 0.382979, 0.425926, 0.565217, 0.510638, 0.490196, 0.468085, 0.44, 0.652174, 0.586957]",0.534826,0.130463,"[45.05985, 34.525928, 41.500536, 44.160461, 37.477135, 47.318488, 35.752052, 38.48475, 39.171575, 35.473171]",39.892395,4.427909
8,ip_beta0,059_ip_beta0_lapin-on_$\gamma0.8$,10,"[0.193013, 0.173057, 0.225125, 0.180134, 0.209914, 0.136517, 0.175791, 0.169662, 0.177379, 0.211423]",0.185202,0.025577,"[0.276573, 0.250112, 0.263805, 0.237883, 0.297093, 0.219088, 0.26835, 0.244869, 0.246682, 0.23125]",0.253571,0.02313,"[0.782609, 0.382979, 0.425926, 0.565217, 0.510638, 0.470588, 0.446809, 0.42, 0.652174, 0.586957]",0.52439,0.123953,"[45.05985, 34.525928, 41.500536, 44.160461, 37.477135, 47.318488, 35.752052, 38.48475, 39.171575, 35.473171]",39.892395,4.427909
8,ip_beta0,060_ip_beta0_lapin-on_$\gamma0.9$,10,"[0.184888, 0.175907, 0.219979, 0.16557, 0.2143, 0.131271, 0.197033, 0.174307, 0.18056, 0.197943]",0.184176,0.025536,"[0.264554, 0.249124, 0.275971, 0.248694, 0.286398, 0.228999, 0.285611, 0.24383, 0.25656, 0.257311]",0.259705,0.018605,"[0.782609, 0.382979, 0.407407, 0.565217, 0.510638, 0.45098, 0.446809, 0.42, 0.608696, 0.586957]",0.516229,0.122418,"[45.05985, 34.525928, 41.500536, 44.160461, 37.477135, 47.318488, 35.752052, 38.48475, 39.171575, 35.473171]",39.892395,4.427909
8,ip_beta0.5,061_ip_beta0.5_lapin-off_$\gamma0.3$,10,"[0.109265, 0.1234, 0.11117, 0.137387, 0.113119, 0.116359, 0.138359, 0.142326, 0.140795, 0.097519]",0.12297,0.015821,"[0.234762, 0.255754, 0.256752, 0.281812, 0.282872, 0.272511, 0.258957, 0.272201, 0.289023, 0.266497]",0.267114,0.016157,"[0.0, 0.106383, 0.055556, 0.108696, 0.148936, 0.058824, 0.085106, 0.06, 0.086957, 0.043478]",0.075394,0.04125,"[16.470313, 20.787679, 18.256437, 15.810636, 15.605364, 18.687324, 15.694493, 16.52035, 15.506225, 16.192014]",16.953084,1.738741
8,ip_beta0.5,062_ip_beta0.5_lapin-off_$\gamma0.5$,10,"[0.1657, 0.223348, 0.170555, 0.163646, 0.159682, 0.170064, 0.187984, 0.21553, 0.212267, 0.163717]",0.183249,0.024672,"[0.273624, 0.295206, 0.280595, 0.31545, 0.293852, 0.312754, 0.293787, 0.299159, 0.31723, 0.271519]",0.295318,0.016541,"[0.0, 0.106383, 0.055556, 0.108696, 0.148936, 0.058824, 0.085106, 0.06, 0.086957, 0.043478]",0.075394,0.04125,"[16.470313, 20.787679, 18.256437, 15.810636, 15.605364, 18.687324, 15.694493, 16.52035, 15.506225, 16.192014]",16.953084,1.738741
8,ip_beta0.5,063_ip_beta0.5_lapin-off_$\gamma0.6$,10,"[0.199857, 0.214128, 0.187209, 0.1657, 0.163736, 0.17579, 0.216746, 0.222661, 0.225701, 0.163718]",0.193525,0.025369,"[0.270784, 0.28547, 0.276895, 0.300573, 0.291555, 0.302128, 0.293933, 0.28043, 0.326023, 0.268742]",0.289653,0.017251,"[0.0, 0.106383, 0.055556, 0.108696, 0.148936, 0.058824, 0.085106, 0.06, 0.086957, 0.043478]",0.075394,0.04125,"[16.470313, 20.787679, 18.256437, 15.810636, 15.605364, 18.687324, 15.694493, 16.52035, 15.506225, 16.192014]",16.953084,1.738741
8,ip_beta0.5,064_ip_beta0.5_lapin-off_$\gamma0.7$,10,"[0.212751, 0.232717, 0.198468, 0.177705, 0.157291, 0.183301, 0.237201, 0.222856, 0.222042, 0.173385]",0.201772,0.027698,"[0.292231, 0.283734, 0.283209, 0.298374, 0.286455, 0.290216, 0.2984, 0.277324, 0.315461, 0.271898]",0.28973,0.012381,"[0.0, 0.106383, 0.055556, 0.108696, 0.148936, 0.058824, 0.085106, 0.06, 0.086957, 0.043478]",0.075394,0.04125,"[16.470313, 20.787679, 18.256437, 15.810636, 15.605364, 18.687324, 15.694493, 16.52035, 15.506225, 16.192014]",16.953084,1.738741
8,ip_beta0.5,065_ip_beta0.5_lapin-off_$\gamma0.8$,10,"[0.211116, 0.235356, 0.224402, 0.170546, 0.179084, 0.195502, 0.241705, 0.246383, 0.217, 0.173217]",0.209431,0.028484,"[0.285389, 0.286785, 0.289465, 0.289118, 0.282995, 0.282213, 0.301115, 0.292244, 0.305539, 0.273163]",0.288803,0.009319,"[0.0, 0.106383, 0.055556, 0.130435, 0.148936, 0.078431, 0.085106, 0.06, 0.086957, 0.043478]",0.079528,0.043202,"[16.470313, 20.787679, 18.256437, 15.810636, 15.605364, 18.687324, 15.694493, 16.52035, 15.506225, 16.192014]",16.953084,1.738741
8,ip_beta0.5,066_ip_beta0.5_lapin-off_$\gamma0.9$,10,"[0.220458, 0.220109, 0.24497, 0.192646, 0.175293, 0.183274, 0.238065, 0.252559, 0.211535, 0.185147]",0.212406,0.027519,"[0.282385, 0.281379, 0.283492, 0.277095, 0.276913, 0.278829, 0.293204, 0.290156, 0.295648, 0.269252]",0.282835,0.008142,"[0.021739, 0.106383, 0.055556, 0.130435, 0.148936, 0.078431, 0.085106, 0.06, 0.086957, 0.043478]",0.081702,0.039109,"[16.470313, 20.787679, 18.256437, 15.810636, 15.605364, 18.687324, 15.694493, 16.52035, 15.506225, 16.192014]",16.953084,1.738741
8,ip_beta0.5,067_ip_beta0.5_lapin-on_$\gamma0.3$,10,"[0.027052, 0.049168, 0.084632, 0.043095, 0.072603, 0.053101, 0.062408, 0.032552, 0.039724, 0.057055]",0.052139,0.017835,"[0.110667, 0.171235, 0.211463, 0.205969, 0.177826, 0.159319, 0.161729, 0.136496, 0.168597, 0.196164]",0.169946,0.03089,"[0.73913, 0.468085, 0.185185, 0.434783, 0.510638, 0.254902, 0.446809, 0.54, 0.565217, 0.5]",0.464475,0.155568,"[44.446022, 51.471426, 34.60021, 37.001739, 41.364631, 37.392824, 36.66522, 41.544395, 40.235423, 38.340536]",40.306243,4.871059
8,ip_beta0.5,068_ip_beta0.5_lapin-on_$\gamma0.5$,10,"[0.099407, 0.084475, 0.157123, 0.121021, 0.148115, 0.150964, 0.121796, 0.078201, 0.120296, 0.129549]",0.121095,0.027171,"[0.166863, 0.229369, 0.273599, 0.234579, 0.238681, 0.223309, 0.220511, 0.195857, 0.233992, 0.215082]",0.223184,0.028005,"[0.73913, 0.468085, 0.185185, 0.434783, 0.510638, 0.254902, 0.446809, 0.54, 0.565217, 0.5]",0.464475,0.155568,"[44.446022, 51.471426, 34.60021, 37.001739, 41.364631, 37.392824, 36.66522, 41.544395, 40.235423, 38.340536]",40.306243,4.871059
8,ip_beta0.5,069_ip_beta0.5_lapin-on_$\gamma0.6$,10,"[0.113228, 0.111923, 0.150128, 0.147552, 0.169704, 0.143901, 0.119453, 0.104903, 0.142707, 0.15569]",0.135919,0.021866,"[0.167632, 0.22452, 0.262389, 0.240229, 0.262244, 0.241108, 0.221593, 0.217988, 0.243337, 0.226179]",0.230722,0.02716,"[0.73913, 0.468085, 0.185185, 0.434783, 0.510638, 0.254902, 0.446809, 0.54, 0.565217, 0.5]",0.464475,0.155568,"[44.446022, 51.471426, 34.60021, 37.001739, 41.364631, 37.392824, 36.66522, 41.544395, 40.235423, 38.340536]",40.306243,4.871059
8,ip_beta0.5,070_ip_beta0.5_lapin-on_$\gamma0.7$,10,"[0.112282, 0.124248, 0.164701, 0.156366, 0.174138, 0.160957, 0.123807, 0.123888, 0.169692, 0.190704]",0.150078,0.026786,"[0.187349, 0.247743, 0.249227, 0.244733, 0.259478, 0.244311, 0.228203, 0.224098, 0.24872, 0.228876]",0.236274,0.020523,"[0.73913, 0.468085, 0.185185, 0.434783, 0.510638, 0.254902, 0.446809, 0.54, 0.565217, 0.5]",0.464475,0.155568,"[44.446022, 51.471426, 34.60021, 37.001739, 41.364631, 37.392824, 36.66522, 41.544395, 40.235423, 38.340536]",40.306243,4.871059
8,ip_beta0.5,071_ip_beta0.5_lapin-on_$\gamma0.8$,10,"[0.12834, 0.126923, 0.180181, 0.166572, 0.165405, 0.15547, 0.131489, 0.147359, 0.173579, 0.198795]",0.157411,0.024018,"[0.211506, 0.25361, 0.268294, 0.248688, 0.260276, 0.250103, 0.239882, 0.23078, 0.243726, 0.231175]",0.243804,0.016393,"[0.717391, 0.425532, 0.185185, 0.434783, 0.510638, 0.235294, 0.446809, 0.52, 0.565217, 0.5]",0.454085,0.153749,"[44.446022, 51.471426, 34.60021, 37.001739, 41.364631, 37.392824, 36.66522, 41.544395, 40.235423, 38.340536]",40.306243,4.871059
8,ip_beta0.5,072_ip_beta0.5_lapin-on_$\gamma0.9$,10,"[0.152943, 0.129487, 0.179787, 0.170063, 0.163462, 0.154585, 0.132724, 0.14872, 0.177496, 0.174344]",0.158361,0.017861,"[0.232639, 0.2434, 0.259092, 0.243271, 0.263143, 0.246522, 0.24281, 0.233712, 0.239625, 0.231942]",0.243616,0.010545,"[0.717391, 0.425532, 0.185185, 0.434783, 0.468085, 0.235294, 0.425532, 0.52, 0.543478, 0.5]",0.445528,0.151077,"[44.446022, 51.471426, 34.60021, 37.001739, 41.364631, 37.392824, 36.66522, 41.544395, 40.235423, 38.340536]",40.306243,4.871059
8,ip_beta1,073_ip_beta1_lapin-off_$\gamma0.3$,10,"[0.063274, 0.102623, 0.054503, 0.078415, 0.09961, 0.060952, 0.028659, 0.066619, 0.141654, 0.104697]",0.080101,0.032348,"[0.153122, 0.230226, 0.190905, 0.226348, 0.265823, 0.228494, 0.146616, 0.194163, 0.234887, 0.244726]",0.211531,0.039164,"[0.086957, 0.085106, 0.111111, 0.108696, 0.021277, 0.078431, 0.12766, 0.1, 0.043478, 0.086957]",0.084967,0.031839,"[20.298851, 19.41326, 19.287063, 15.158704, 16.81547, 18.28823, 16.175851, 16.579579, 19.952381, 16.039565]",17.800895,1.858957
8,ip_beta1,074_ip_beta1_lapin-off_$\gamma0.5$,10,"[0.133778, 0.149583, 0.114247, 0.139053, 0.172407, 0.136558, 0.082545, 0.100531, 0.171649, 0.151098]",0.135145,0.029068,"[0.20528, 0.258979, 0.243391, 0.29096, 0.307831, 0.259846, 0.208944, 0.245429, 0.259149, 0.269935]",0.254974,0.031943,"[0.086957, 0.085106, 0.111111, 0.108696, 0.021277, 0.078431, 0.12766, 0.1, 0.043478, 0.086957]",0.084967,0.031839,"[20.298851, 19.41326, 19.287063, 15.158704, 16.81547, 18.28823, 16.175851, 16.579579, 19.952381, 16.039565]",17.800895,1.858957
8,ip_beta1,075_ip_beta1_lapin-off_$\gamma0.6$,10,"[0.157464, 0.16105, 0.129041, 0.159564, 0.196109, 0.166866, 0.104731, 0.127878, 0.181647, 0.157131]",0.154148,0.026953,"[0.212573, 0.258139, 0.248194, 0.295091, 0.303149, 0.273613, 0.219828, 0.265982, 0.256945, 0.273815]",0.260733,0.028897,"[0.086957, 0.085106, 0.111111, 0.108696, 0.021277, 0.078431, 0.12766, 0.1, 0.043478, 0.086957]",0.084967,0.031839,"[20.298851, 19.41326, 19.287063, 15.158704, 16.81547, 18.28823, 16.175851, 16.579579, 19.952381, 16.039565]",17.800895,1.858957
8,ip_beta1,076_ip_beta1_lapin-off_$\gamma0.7$,10,"[0.194819, 0.165232, 0.152264, 0.18333, 0.20735, 0.174062, 0.088259, 0.124213, 0.188238, 0.176782]",0.165455,0.035734,"[0.222986, 0.260638, 0.2615, 0.302225, 0.301237, 0.274727, 0.232308, 0.268096, 0.262899, 0.277548]",0.266416,0.025408,"[0.086957, 0.085106, 0.111111, 0.108696, 0.021277, 0.078431, 0.12766, 0.1, 0.043478, 0.086957]",0.084967,0.031839,"[20.298851, 19.41326, 19.287063, 15.158704, 16.81547, 18.28823, 16.175851, 16.579579, 19.952381, 16.039565]",17.800895,1.858957
8,ip_beta1,077_ip_beta1_lapin-off_$\gamma0.8$,10,"[0.194109, 0.167191, 0.173339, 0.186671, 0.194541, 0.181325, 0.10093, 0.15201, 0.195077, 0.177821]",0.172301,0.028558,"[0.235072, 0.266331, 0.261175, 0.295461, 0.293747, 0.265046, 0.241692, 0.262508, 0.265267, 0.276249]",0.266255,0.019226,"[0.086957, 0.085106, 0.111111, 0.108696, 0.021277, 0.078431, 0.12766, 0.1, 0.043478, 0.086957]",0.084967,0.031839,"[20.298851, 19.41326, 19.287063, 15.158704, 16.81547, 18.28823, 16.175851, 16.579579, 19.952381, 16.039565]",17.800895,1.858957
8,ip_beta1,078_ip_beta1_lapin-off_$\gamma0.9$,10,"[0.186773, 0.178587, 0.179904, 0.18261, 0.197711, 0.172569, 0.122012, 0.1665, 0.18346, 0.16879]",0.173892,0.020366,"[0.251355, 0.269308, 0.261996, 0.284995, 0.282862, 0.270927, 0.248755, 0.270732, 0.267624, 0.270022]",0.267858,0.011619,"[0.086957, 0.085106, 0.111111, 0.130435, 0.021277, 0.078431, 0.12766, 0.1, 0.043478, 0.086957]",0.087141,0.034287,"[20.298851, 19.41326, 19.287063, 15.158704, 16.81547, 18.28823, 16.175851, 16.579579, 19.952381, 16.039565]",17.800895,1.858957
8,ip_beta1,079_ip_beta1_lapin-on_$\gamma0.3$,10,"[0.01341, 0.008103, 0.017774, 0.030097, 0.046994, 0.0, 0.021535, 0.031402, 0.012028, 0.048707]",0.023005,0.01616,"[0.093918, 0.072403, 0.129353, 0.146398, 0.130527, 0.114232, 0.092304, 0.105559, 0.117586, 0.190687]",0.119297,0.033078,"[0.347826, 0.510638, 0.222222, 0.173913, 0.276596, 0.156863, 0.361702, 0.26, 0.369565, 0.326087]",0.300541,0.105706,"[36.457948, 40.340703, 39.825473, 29.640709, 34.373641, 33.206295, 37.792347, 35.786844, 41.649768, 34.372402]",36.344613,3.669929
8,ip_beta1,080_ip_beta1_lapin-on_$\gamma0.5$,10,"[0.018847, 0.016896, 0.096897, 0.079696, 0.116724, 0.052219, 0.051888, 0.103925, 0.055124, 0.1013]",0.069352,0.035636,"[0.166823, 0.117632, 0.203131, 0.204894, 0.195462, 0.162324, 0.141222, 0.169076, 0.156437, 0.215019]",0.173202,0.031113,"[0.347826, 0.510638, 0.222222, 0.173913, 0.276596, 0.156863, 0.361702, 0.26, 0.369565, 0.326087]",0.300541,0.105706,"[36.457948, 40.340703, 39.825473, 29.640709, 34.373641, 33.206295, 37.792347, 35.786844, 41.649768, 34.372402]",36.344613,3.669929
8,ip_beta1,081_ip_beta1_lapin-on_$\gamma0.6$,10,"[0.045281, 0.04364, 0.126761, 0.09536, 0.133494, 0.053776, 0.065832, 0.107373, 0.07098, 0.116508]",0.0859,0.034181,"[0.1852, 0.146142, 0.214945, 0.216561, 0.204244, 0.181272, 0.176349, 0.183208, 0.184395, 0.2165]",0.190882,0.02239,"[0.347826, 0.510638, 0.222222, 0.173913, 0.276596, 0.156863, 0.361702, 0.26, 0.369565, 0.326087]",0.300541,0.105706,"[36.457948, 40.340703, 39.825473, 29.640709, 34.373641, 33.206295, 37.792347, 35.786844, 41.649768, 34.372402]",36.344613,3.669929
8,ip_beta1,082_ip_beta1_lapin-on_$\gamma0.7$,10,"[0.050146, 0.070809, 0.133263, 0.124099, 0.139281, 0.063195, 0.100875, 0.12778, 0.089405, 0.121564]",0.102042,0.032025,"[0.188639, 0.174957, 0.216844, 0.228554, 0.211972, 0.194484, 0.196127, 0.194886, 0.17703, 0.222205]",0.20057,0.018522,"[0.347826, 0.510638, 0.222222, 0.173913, 0.276596, 0.156863, 0.361702, 0.26, 0.369565, 0.326087]",0.300541,0.105706,"[36.457948, 40.340703, 39.825473, 29.640709, 34.373641, 33.206295, 37.792347, 35.786844, 41.649768, 34.372402]",36.344613,3.669929
8,ip_beta1,083_ip_beta1_lapin-on_$\gamma0.8$,10,"[0.051918, 0.068772, 0.142492, 0.14125, 0.152613, 0.058701, 0.119053, 0.128197, 0.09459, 0.1315]",0.108909,0.037497,"[0.188681, 0.19647, 0.230191, 0.230076, 0.215162, 0.210097, 0.220065, 0.205812, 0.181839, 0.225076]",0.210347,0.017039,"[0.347826, 0.510638, 0.203704, 0.152174, 0.276596, 0.156863, 0.361702, 0.24, 0.369565, 0.326087]",0.294516,0.111277,"[36.457948, 40.340703, 39.825473, 29.640709, 34.373641, 33.206295, 37.792347, 35.786844, 41.649768, 34.372402]",36.344613,3.669929
8,ip_beta1,084_ip_beta1_lapin-on_$\gamma0.9$,10,"[0.065966, 0.090056, 0.142657, 0.141202, 0.154585, 0.059105, 0.135688, 0.146283, 0.110206, 0.126418]",0.117217,0.034448,"[0.190673, 0.204713, 0.232092, 0.226783, 0.227546, 0.217828, 0.2274, 0.219824, 0.19704, 0.228873]",0.217277,0.01466,"[0.347826, 0.489362, 0.203704, 0.152174, 0.255319, 0.156863, 0.361702, 0.22, 0.347826, 0.326087]",0.286086,0.106976,"[36.457948, 40.340703, 39.825473, 29.640709, 34.373641, 33.206295, 37.792347, 35.786844, 41.649768, 34.372402]",36.344613,3.669929
8,kul,013_kul_lapin-off_$\gamma0.3$,10,"[0.213905, 0.221553, 0.231931, 0.199953, 0.253631, 0.244343, 0.197708, 0.197108, 0.257847, 0.237822]",0.22558,0.023015,"[0.343404, 0.340792, 0.353725, 0.29089, 0.346276, 0.346743, 0.290977, 0.312505, 0.346399, 0.330688]",0.33024,0.023644,"[0.217391, 0.191489, 0.037037, 0.152174, 0.148936, 0.098039, 0.148936, 0.26, 0.195652, 0.173913]",0.162357,0.062325,"[20.814182, 20.954377, 20.86583, 20.036637, 23.469098, 21.109458, 20.620693, 24.641884, 22.517804, 20.578401]",21.560836,1.484528
8,kul,014_kul_lapin-off_$\gamma0.5$,10,"[0.204138, 0.225017, 0.26161, 0.220623, 0.227885, 0.232001, 0.182464, 0.267139, 0.235225, 0.263986]",0.232009,0.027019,"[0.334345, 0.329626, 0.337676, 0.291024, 0.326557, 0.306587, 0.29479, 0.314677, 0.332085, 0.320667]",0.318803,0.016564,"[0.217391, 0.191489, 0.037037, 0.152174, 0.148936, 0.098039, 0.148936, 0.26, 0.195652, 0.173913]",0.162357,0.062325,"[20.814182, 20.954377, 20.86583, 20.036637, 23.469098, 21.109458, 20.620693, 24.641884, 22.517804, 20.578401]",21.560836,1.484528
8,kul,015_kul_lapin-off_$\gamma0.6$,10,"[0.184993, 0.229261, 0.248937, 0.218981, 0.237962, 0.232332, 0.191403, 0.255114, 0.213279, 0.252164]",0.226443,0.024358,"[0.308562, 0.309891, 0.319624, 0.277466, 0.311805, 0.291076, 0.278011, 0.295593, 0.305125, 0.299156]",0.299631,0.014188,"[0.217391, 0.191489, 0.037037, 0.152174, 0.148936, 0.098039, 0.148936, 0.26, 0.195652, 0.173913]",0.162357,0.062325,"[20.814182, 20.954377, 20.86583, 20.036637, 23.469098, 21.109458, 20.620693, 24.641884, 22.517804, 20.578401]",21.560836,1.484528
8,kul,016_kul_lapin-off_$\gamma0.7$,10,"[0.185026, 0.226569, 0.243684, 0.226117, 0.227107, 0.226201, 0.182042, 0.251705, 0.192286, 0.248974]",0.220971,0.025815,"[0.281997, 0.288792, 0.316575, 0.265587, 0.301173, 0.271323, 0.264153, 0.290123, 0.276213, 0.278336]",0.283427,0.016342,"[0.217391, 0.191489, 0.037037, 0.152174, 0.148936, 0.098039, 0.148936, 0.26, 0.195652, 0.173913]",0.162357,0.062325,"[20.814182, 20.954377, 20.86583, 20.036637, 23.469098, 21.109458, 20.620693, 24.641884, 22.517804, 20.578401]",21.560836,1.484528
8,kul,017_kul_lapin-off_$\gamma0.8$,10,"[0.164581, 0.191016, 0.236853, 0.220763, 0.217019, 0.220129, 0.172773, 0.22862, 0.1766, 0.253911]",0.208226,0.030105,"[0.263322, 0.270962, 0.298316, 0.258972, 0.286127, 0.273212, 0.247694, 0.270683, 0.252989, 0.265361]",0.268764,0.015029,"[0.195652, 0.191489, 0.037037, 0.152174, 0.148936, 0.098039, 0.148936, 0.26, 0.195652, 0.173913]",0.160183,0.060546,"[20.814182, 20.954377, 20.86583, 20.036637, 23.469098, 21.109458, 20.620693, 24.641884, 22.517804, 20.578401]",21.560836,1.484528
8,kul,018_kul_lapin-off_$\gamma0.9$,10,"[0.159841, 0.179831, 0.215189, 0.181236, 0.203173, 0.21614, 0.160544, 0.188043, 0.169036, 0.205188]",0.187822,0.021279,"[0.244322, 0.254337, 0.288473, 0.250152, 0.268207, 0.259247, 0.23509, 0.254977, 0.236958, 0.260493]",0.255226,0.015643,"[0.173913, 0.170213, 0.018519, 0.108696, 0.148936, 0.058824, 0.12766, 0.24, 0.195652, 0.173913]",0.141633,0.065695,"[20.814182, 20.954377, 20.86583, 20.036637, 23.469098, 21.109458, 20.620693, 24.641884, 22.517804, 20.578401]",21.560836,1.484528
8,kul,019_kul_lapin-on_$\gamma0.3$,10,"[0.058575, 0.021126, 0.09403, 0.07393, 0.057475, 0.01773, 0.043657, 0.054107, 0.073144, 0.07206]",0.056583,0.023948,"[0.173246, 0.145555, 0.224114, 0.224838, 0.189382, 0.167418, 0.18566, 0.138234, 0.210208, 0.171939]",0.183059,0.029991,"[0.021739, 0.085106, 0.0, 0.065217, 0.021277, 0.019608, 0.06383, 0.04, 0.065217, 0.173913]",0.055591,0.049527,"[28.290049, 26.415448, 32.839312, 28.422649, 30.215067, 29.603983, 25.97145, 31.006055, 33.016606, 32.506692]",29.828731,2.557282
8,kul,020_kul_lapin-on_$\gamma0.5$,10,"[0.17701, 0.0544, 0.170763, 0.143017, 0.138331, 0.117171, 0.128169, 0.16611, 0.188577, 0.146559]",0.143011,0.038457,"[0.254117, 0.191238, 0.260022, 0.273718, 0.212604, 0.183359, 0.259729, 0.231679, 0.265706, 0.244732]",0.23769,0.031906,"[0.021739, 0.085106, 0.0, 0.065217, 0.021277, 0.019608, 0.06383, 0.04, 0.065217, 0.173913]",0.055591,0.049527,"[28.290049, 26.415448, 32.839312, 28.422649, 30.215067, 29.603983, 25.97145, 31.006055, 33.016606, 32.506692]",29.828731,2.557282
8,kul,021_kul_lapin-on_$\gamma0.6$,10,"[0.196226, 0.068191, 0.195538, 0.183846, 0.142238, 0.150668, 0.152307, 0.195125, 0.236258, 0.181455]",0.170185,0.045346,"[0.260108, 0.235205, 0.25563, 0.284141, 0.215755, 0.18831, 0.267186, 0.250359, 0.27735, 0.252606]",0.248665,0.028924,"[0.021739, 0.085106, 0.0, 0.065217, 0.021277, 0.019608, 0.06383, 0.04, 0.065217, 0.173913]",0.055591,0.049527,"[28.290049, 26.415448, 32.839312, 28.422649, 30.215067, 29.603983, 25.97145, 31.006055, 33.016606, 32.506692]",29.828731,2.557282
8,kul,022_kul_lapin-on_$\gamma0.7$,10,"[0.203377, 0.118031, 0.20917, 0.189388, 0.148657, 0.162388, 0.186092, 0.222148, 0.253338, 0.195236]",0.188783,0.0384,"[0.254942, 0.244129, 0.251488, 0.293547, 0.231977, 0.207685, 0.267799, 0.266387, 0.276219, 0.251701]",0.254587,0.023893,"[0.021739, 0.085106, 0.0, 0.065217, 0.021277, 0.019608, 0.06383, 0.04, 0.065217, 0.173913]",0.055591,0.049527,"[28.290049, 26.415448, 32.839312, 28.422649, 30.215067, 29.603983, 25.97145, 31.006055, 33.016606, 32.506692]",29.828731,2.557282
8,kul,023_kul_lapin-on_$\gamma0.8$,10,"[0.201455, 0.143059, 0.235464, 0.21923, 0.185187, 0.183211, 0.167779, 0.23534, 0.246562, 0.194032]",0.201132,0.033084,"[0.254597, 0.258502, 0.260466, 0.278565, 0.252457, 0.235839, 0.266724, 0.258807, 0.266806, 0.252289]",0.258505,0.011289,"[0.021739, 0.085106, 0.0, 0.065217, 0.021277, 0.039216, 0.06383, 0.04, 0.065217, 0.173913]",0.057552,0.048317,"[28.290049, 26.415448, 32.839312, 28.422649, 30.215067, 29.603983, 25.97145, 31.006055, 33.016606, 32.506692]",29.828731,2.557282
8,kul,024_kul_lapin-on_$\gamma0.9$,10,"[0.180424, 0.153414, 0.231278, 0.21188, 0.204198, 0.208434, 0.161569, 0.21693, 0.245028, 0.195282]",0.200844,0.028998,"[0.259878, 0.254588, 0.259015, 0.279119, 0.261267, 0.262532, 0.26134, 0.261562, 0.26075, 0.250428]",0.261048,0.007373,"[0.021739, 0.085106, 0.0, 0.065217, 0.021277, 0.039216, 0.06383, 0.02, 0.043478, 0.173913]",0.053378,0.049529,"[28.290049, 26.415448, 32.839312, 28.422649, 30.215067, 29.603983, 25.97145, 31.006055, 33.016606, 32.506692]",29.828731,2.557282
8,ochiai,037_ochiai_lapin-off_$\gamma0.3$,10,"[0.195438, 0.264848, 0.243039, 0.202, 0.257574, 0.22876, 0.174862, 0.232225, 0.201652, 0.247809]",0.224821,0.029856,"[0.311401, 0.372237, 0.352676, 0.281402, 0.337641, 0.354627, 0.279347, 0.326645, 0.325586, 0.328942]",0.32705,0.03015,"[0.195652, 0.170213, 0.055556, 0.152174, 0.170213, 0.098039, 0.148936, 0.24, 0.26087, 0.173913]",0.166557,0.060323,"[19.964027, 20.912295, 21.394926, 20.487363, 21.409318, 21.391001, 20.398551, 22.337086, 22.793114, 21.037588]",21.212527,0.86504
8,ochiai,038_ochiai_lapin-off_$\gamma0.5$,10,"[0.220528, 0.236238, 0.240946, 0.245491, 0.231681, 0.224252, 0.193859, 0.263575, 0.229396, 0.27399]",0.235996,0.022444,"[0.335539, 0.354455, 0.339146, 0.304013, 0.300695, 0.306586, 0.295383, 0.31441, 0.309078, 0.310659]",0.316996,0.019313,"[0.195652, 0.170213, 0.055556, 0.152174, 0.170213, 0.098039, 0.148936, 0.24, 0.26087, 0.173913]",0.166557,0.060323,"[19.964027, 20.912295, 21.394926, 20.487363, 21.409318, 21.391001, 20.398551, 22.337086, 22.793114, 21.037588]",21.212527,0.86504
8,ochiai,039_ochiai_lapin-off_$\gamma0.6$,10,"[0.183596, 0.229236, 0.249808, 0.244595, 0.228892, 0.227431, 0.194849, 0.264465, 0.212923, 0.272354]",0.230815,0.02842,"[0.314887, 0.329256, 0.334923, 0.291909, 0.298043, 0.282069, 0.277359, 0.304084, 0.286666, 0.301493]",0.302069,0.019306,"[0.195652, 0.170213, 0.055556, 0.152174, 0.170213, 0.098039, 0.148936, 0.24, 0.26087, 0.173913]",0.166557,0.060323,"[19.964027, 20.912295, 21.394926, 20.487363, 21.409318, 21.391001, 20.398551, 22.337086, 22.793114, 21.037588]",21.212527,0.86504
8,ochiai,040_ochiai_lapin-off_$\gamma0.7$,10,"[0.195342, 0.216177, 0.250715, 0.231983, 0.221647, 0.225689, 0.200083, 0.2589, 0.199225, 0.26841]",0.226817,0.025744,"[0.296744, 0.301679, 0.315294, 0.279961, 0.287052, 0.278657, 0.258955, 0.286089, 0.26714, 0.284236]",0.285581,0.016328,"[0.195652, 0.170213, 0.055556, 0.152174, 0.170213, 0.098039, 0.148936, 0.24, 0.26087, 0.173913]",0.166557,0.060323,"[19.964027, 20.912295, 21.394926, 20.487363, 21.409318, 21.391001, 20.398551, 22.337086, 22.793114, 21.037588]",21.212527,0.86504
8,ochiai,041_ochiai_lapin-off_$\gamma0.8$,10,"[0.183788, 0.202888, 0.2478, 0.209776, 0.204878, 0.209064, 0.201289, 0.249095, 0.18072, 0.250421]",0.213972,0.026101,"[0.281889, 0.274135, 0.296649, 0.262843, 0.282647, 0.270915, 0.248273, 0.273672, 0.242716, 0.267949]",0.270169,0.016036,"[0.195652, 0.170213, 0.055556, 0.152174, 0.170213, 0.098039, 0.148936, 0.24, 0.26087, 0.173913]",0.166557,0.060323,"[19.964027, 20.912295, 21.394926, 20.487363, 21.409318, 21.391001, 20.398551, 22.337086, 22.793114, 21.037588]",21.212527,0.86504
8,ochiai,042_ochiai_lapin-off_$\gamma0.9$,10,"[0.168685, 0.179905, 0.225962, 0.197382, 0.191845, 0.188057, 0.191088, 0.204634, 0.165223, 0.224314]",0.19371,0.020495,"[0.265079, 0.25643, 0.279084, 0.248349, 0.268529, 0.255839, 0.232469, 0.259727, 0.224818, 0.256225]",0.254655,0.016169,"[0.130435, 0.170213, 0.055556, 0.130435, 0.170213, 0.098039, 0.12766, 0.22, 0.26087, 0.173913]",0.153733,0.058997,"[19.964027, 20.912295, 21.394926, 20.487363, 21.409318, 21.391001, 20.398551, 22.337086, 22.793114, 21.037588]",21.212527,0.86504
8,ochiai,043_ochiai_lapin-on_$\gamma0.3$,10,"[0.033489, 0.058961, 0.077082, 0.057204, 0.038196, 0.028362, 0.048422, 0.061547, 0.068681, 0.086412]",0.055836,0.018903,"[0.165104, 0.197093, 0.210582, 0.208926, 0.172115, 0.135862, 0.191225, 0.196525, 0.19017, 0.236846]",0.190445,0.027768,"[0.108696, 0.021277, 0.055556, 0.043478, 0.042553, 0.058824, 0.06383, 0.02, 0.108696, 0.043478]",0.056639,0.030939,"[29.502791, 28.257187, 35.541742, 29.563602, 30.405217, 28.529492, 30.478328, 30.039798, 30.715716, 26.514531]",29.95484,2.342441
8,ochiai,044_ochiai_lapin-on_$\gamma0.5$,10,"[0.115559, 0.115427, 0.174845, 0.199384, 0.14853, 0.084073, 0.134502, 0.161429, 0.143377, 0.171981]",0.144911,0.034034,"[0.225023, 0.249899, 0.281414, 0.303118, 0.198634, 0.196307, 0.247593, 0.241088, 0.222877, 0.278928]",0.244488,0.035446,"[0.108696, 0.021277, 0.055556, 0.043478, 0.042553, 0.058824, 0.06383, 0.02, 0.108696, 0.043478]",0.056639,0.030939,"[29.502791, 28.257187, 35.541742, 29.563602, 30.405217, 28.529492, 30.478328, 30.039798, 30.715716, 26.514531]",29.95484,2.342441
8,ochiai,045_ochiai_lapin-on_$\gamma0.6$,10,"[0.130225, 0.129378, 0.203941, 0.21928, 0.169017, 0.105635, 0.135516, 0.199811, 0.160843, 0.190832]",0.164448,0.038361,"[0.244687, 0.247964, 0.271222, 0.303713, 0.213939, 0.209553, 0.244286, 0.248991, 0.221665, 0.291976]",0.2498,0.031451,"[0.108696, 0.021277, 0.055556, 0.043478, 0.042553, 0.058824, 0.06383, 0.02, 0.108696, 0.043478]",0.056639,0.030939,"[29.502791, 28.257187, 35.541742, 29.563602, 30.405217, 28.529492, 30.478328, 30.039798, 30.715716, 26.514531]",29.95484,2.342441
8,ochiai,046_ochiai_lapin-on_$\gamma0.7$,10,"[0.166131, 0.148588, 0.221269, 0.225368, 0.201961, 0.113304, 0.153384, 0.205265, 0.190871, 0.207028]",0.183317,0.036449,"[0.245384, 0.265829, 0.265022, 0.294741, 0.234189, 0.219303, 0.233716, 0.250089, 0.248689, 0.288545]",0.254551,0.024123,"[0.108696, 0.021277, 0.055556, 0.043478, 0.042553, 0.058824, 0.06383, 0.02, 0.108696, 0.043478]",0.056639,0.030939,"[29.502791, 28.257187, 35.541742, 29.563602, 30.405217, 28.529492, 30.478328, 30.039798, 30.715716, 26.514531]",29.95484,2.342441
8,ochiai,047_ochiai_lapin-on_$\gamma0.8$,10,"[0.167939, 0.165063, 0.230685, 0.233361, 0.218875, 0.147503, 0.16613, 0.205991, 0.198088, 0.213201]",0.194684,0.03072,"[0.246141, 0.270567, 0.265855, 0.291776, 0.255548, 0.242526, 0.24592, 0.254818, 0.246714, 0.282341]",0.260221,0.016909,"[0.108696, 0.021277, 0.055556, 0.043478, 0.042553, 0.058824, 0.06383, 0.02, 0.108696, 0.043478]",0.056639,0.030939,"[29.502791, 28.257187, 35.541742, 29.563602, 30.405217, 28.529492, 30.478328, 30.039798, 30.715716, 26.514531]",29.95484,2.342441
8,ochiai,048_ochiai_lapin-on_$\gamma0.9$,10,"[0.15494, 0.184928, 0.212759, 0.245448, 0.218464, 0.160797, 0.195417, 0.209273, 0.19722, 0.208645]",0.198789,0.026954,"[0.250354, 0.264424, 0.264397, 0.281446, 0.273181, 0.247393, 0.249947, 0.265253, 0.247634, 0.277421]",0.262145,0.012752,"[0.108696, 0.042553, 0.037037, 0.021739, 0.042553, 0.058824, 0.06383, 0.02, 0.086957, 0.043478]",0.052567,0.027957,"[29.502791, 28.257187, 35.541742, 29.563602, 30.405217, 28.529492, 30.478328, 30.039798, 30.715716, 26.514531]",29.95484,2.342441
