Node,Cluster_0,Cluster_I,Cluster_II,Cluster_III,Cluster_IV,Cluster_V,Cluster_VI,Cluster_VII,Cluster_VIII,Cluster_IX,Cluster_X,Cluster_XI,Cluster_XII,Cluster_XIII,Cluster_XIV,Cluster_XV,Cluster_XVI,Cluster_XVII,Cluster_XVIII,Cluster_XIX,Cluster_XX,Cluster_XXI,Cluster_XXII,Cluster_XXIII,Cluster_XXIV,Cluster_XXV,Cluster_XXVI,Predicted Label,Ground-Truth Label
0,0.07964533394892866,0.0,0.00034917573370005494,0.0029659711023289283,0.0049873455880688035,0.0,0.0,0.0,0.0,0.005934578438500906,0.012127533283176345,0.001297004380336896,0.010202767896538935,0.0,0.0,0.0028795171915376545,0.0,0.026111611481306366,0.0057364419385574255,0.012585793455648562,0.0,0.04799473578823065,0.0,0.0,0.0005200545821259718,0.0005849887718461879,0.0006136558334242466,[21],[20]
1,0.07336038898546632,0.0,0.0001860535312786664,0.0,0.0005944401416515252,0.0,0.028274903381370817,0.0,0.012724969429479163,0.0077934886397901205,0.0008657256636345788,0.0,0.001188431254021102,0.10192518862456769,0.008862757948473417,0.0,0.006293465955926617,0.0,0.009709056459219824,0.0,0.0317583596585603,0.023864973265082638,0.004331913752156739,0.0,0.04445196899653025,0.04437013515732778,0.044357923983998,[13],[20]
2,1.1274565286212283e-05,0.0007457362384486216,0.09556457167766094,0.0028852449358198547,0.0005372305706304258,0.0,0.0010117241687353162,0.0,0.0,0.003637201583046318,0.006920126817992991,0.0,0.0,0.00024226686413092373,0.0012909877548123458,0.01616590404648014,0.0,0.0,0.0,0.0,0.0,0.0,0.036514104115369525,0.03205213135713674,0.0,0.0,0.0,[2],[1]
3,7.910199588033457e-06,0.000523193693638683,0.07920411770821201,0.0024744010983122145,4.261188603059608e-05,0.001574428619943858,0.00408583773221266,0.0,0.0,0.010015329207395118,0.013370451132576866,0.0,0.0,0.0005576669162516456,0.010384881757825737,0.022062159317740814,0.0,0.0,0.0,0.0,0.0277255893288385,0.0,0.122690914727229,0.10978462217007734,0.0,0.0,0.0,"[22, 23]",[1]
4,0.0744112687878311,0.0,0.00024073076909077426,0.0012228782030064035,0.00303473763098741,0.0,0.0,0.0,0.027927337538834602,0.006590370118956138,0.015668834794382053,0.0,0.023752548238180526,0.0,0.0,0.0,0.0,0.11117600265974557,0.010009278088576212,0.1258399193807388,0.0,0.045664622313888625,0.013866608204397769,0.0,0.0,0.0,0.0,"[17, 19]",[20]
5,0.07927273135411923,0.0,3.6989163451699354e-05,0.0,0.0006823739781274427,0.0,0.0036394590717482903,0.00022512730141748135,0.015975088127518345,0.0,0.0,0.010068095998529876,0.01571653847275865,0.14628452223836366,0.00883859070395798,0.010538138068321457,0.010146675685708786,0.0,0.0,0.0,0.0018405285114947534,0.0016036376323922664,0.014308569270828273,0.007550204565867714,0.03129503133960763,0.031712796305564415,0.031913836645576336,[13],[20]
6,0.08135974912160832,0.0,0.00024054814550787776,0.0015875229848650472,0.0029397477426965275,0.0,0.010726089455246196,0.0,0.0,0.0062927113749698055,0.016336113574361665,0.0,0.0025709584194974684,0.0,0.0,0.007501134172450905,0.0,0.07213501493745653,0.00220962262690246,0.05437680924144971,0.0,0.01929003515066037,0.0,0.0,0.001285363313580809,0.0009203087771762956,0.0007572557700269824,"[17, 19]",[20]
7,0.05353188310181455,0.0,0.0,0.00010897776897826257,0.0,0.07644688420423397,0.009305336017551544,0.0018872717516290986,0.0,0.0,0.025751520843218474,0.0,0.0383816303858623,0.0,0.0,0.01894381523051395,0.016601390372875575,0.2307129220328765,0.0,0.18239461766655382,0.0885796530504169,0.0,0.0,0.0,0.0,0.0,0.0,"[17, 19]","[12, 20]"
8,0.0006591873659152681,0.009202408171010285,0.0,0.0,0.12014341615560138,0.007328938901064211,0.01014870762632908,0.0,0.010524353217981862,0.0,0.0,0.0,0.02284994766726067,0.0,0.009183698329521504,0.0,0.0,0.01398098915745079,0.02283917929011861,0.03287358484777953,0.0,0.0,0.0,0.0,0.1385599471016941,0.13855669891743477,0.13852855269230613,"[4, 24, 25, 26]",[13]
9,0.00029550400168235617,0.010635161518061525,0.0,0.0,0.10771298950417135,0.001974124673585225,0.0,0.0,0.018891993404322634,0.003562591804346958,0.0,0.0,0.013228039550008135,0.0,0.0,0.0,0.0,0.0,0.032683097444073175,0.02520878877881773,0.0025391034130273363,0.0,0.0,0.0,0.08560603809380266,0.085542840456326,0.08550240502016071,"[4, 24, 25, 26]","[11, 40]"
10,0.04846243019284953,0.0,0.00025236919811968907,0.003200231588918626,0.004267006941528466,0.0,0.0,0.0,0.02376585978953479,0.0053142681442877905,0.011226090825530154,0.0009451456487746728,0.0,0.0,0.0,0.0,0.0,0.06868234078263942,0.005367877432063642,0.0933744430202069,0.0,0.08337634534793155,0.022749275411507727,0.0,0.0,0.0,0.0,"[17, 19, 21]",[20]
11,0.0828891464320205,0.0,0.00019373688034434431,0.001014652735004463,0.0017499191911622828,0.0,0.0,0.0,0.01152805832807768,0.001093529420504067,0.0077501344658114455,0.0008396022787650399,0.0040071411431961065,0.0021323120196484607,0.0,0.014506303328074548,0.0,0.0,0.0,0.0037092789465467796,0.0,0.01182733058379576,0.0,0.005777972636306886,0.0,0.0,0.0,"[8, 15, 21]","[20, 43]"
12,0.07307538052458387,0.0,0.0005052759781667283,0.0,0.0021844439304263296,0.0020036800421085,0.021503997275624864,0.0,0.0,0.012234201213868798,0.01248819844582789,0.0,0.03761007671390486,0.0,0.007343968510639668,0.007759052244810634,0.005172231217901262,0.06675085255825965,0.008926011042623935,0.00542175367510677,0.0025952416446112497,0.026983004494728798,0.0,0.0,0.04421079521785324,0.04366405853324699,0.04342484135889405,[17],"[20, 32]"
13,0.06712780844187853,0.0,0.0,0.0,0.0,0.0,0.005591593780427167,0.01466304611484826,0.013670918667818695,0.0,0.0,0.0,0.011034023604992515,0.0,0.017581781927540552,0.0041778903321544655,0.06588976164334341,0.03416544443034167,0.0,0.03176235039677204,0.016465840796030386,0.0,0.0,0.016615765417750873,0.007039298363040056,0.006656325951836111,0.006485676166771947,[16],[20]
14,0.056813746452226345,0.0,0.00021546099520854047,0.0014673411116495742,0.002857386466686667,0.0,0.032678708906200726,0.0,0.0,0.009201938703729696,0.006451333596741009,0.0,0.0,0.07229953707919023,0.0,0.0,0.0,0.0,0.00712618221647461,0.0,0.06055066392867929,0.04463385032305295,0.0,0.0,0.05666427012491051,0.05689228019101829,0.05701570519529057,"[13, 20, 24, 25, 26]",[20]
15,0.08236110102728304,0.0,2.5763581597455313e-05,0.0007224967620452944,0.0,0.0,0.0,0.0,0.0,0.0,0.010362222457852897,0.0,0.020252854916501802,0.0,0.0,0.0,0.0032605551772503204,0.046207418181458716,0.0,0.022953511162787273,0.008896394463425416,0.0,0.004181466122826762,0.002916225150265816,0.0,0.0,0.0,[17],"[3, 20]"
16,0.00468214085355875,0.07215583672264739,0.0,0.0,0.0,0.035751199965078445,0.008214685921796425,0.09490199115659398,0.034976784903809344,0.0,0.0,0.0,0.015363965685614643,0.0,0.12983645631045698,0.0,0.06631469302855447,0.0,0.0,0.0,0.0,0.0,0.08877369909201543,0.09005654974132936,0.0341578556613092,0.03262646179616298,0.031944892523913554,"[7, 14]","[10, 15, 34, 37]"
17,0.004872098310782897,0.08693798058456774,0.0,0.012157516906834715,0.0,9.160037040260972e-05,0.00046377692996437287,0.12785900019506288,0.002296803493720612,0.0,0.0,0.0,0.0,0.0,0.1380152050496372,0.0,0.0,0.0,0.0,0.0,0.0,0.0,0.06948050507319092,0.06672384899603773,0.02667594210301437,0.025258271366536595,0.024643625454934096,"[7, 14]",[37]
18,0.056001021115631426,0.0,0.0,0.0,0.0,0.0,0.0,0.006590385770141174,0.0,0.0,0.005982142477339296,0.0,0.030490638285529434,0.0,0.0038932143439034893,0.0,0.018578793516212458,0.07661821942283259,0.0,0.05931984173685145,0.056649430297382015,0.0,0.0,0.00403330803005047,0.0,0.0,0.0,"[17, 19, 20]","[3, 20]"
19,0.05074660507699871,0.07895877053663423,0.0,0.0,0.0,0.01811671132324161,0.0,0.15188402136423237,0.002570723352082655,0.0,0.0,0.0,0.0,0.04971911671291945,0.1717036575093821,0.0,0.11213914073963392,0.0,0.0,0.0,0.06533566014915729,0.0,0.0,0.01863776810087011,0.0,0.0,0.0,"[7, 14]","[0, 20, 37]"
20,0.003640530087165814,0.026944250245317377,0.0,0.048930580413091986,0.019680593442272933,0.010667014735923845,0.007624456896292952,0.0,0.0,0.06018779475971225,0.021513629088730116,0.0,0.006308679247027753,0.0018478608367396715,0.0,0.01464899775875379,0.01679371478043671,0.0,0.0,0.0,0.0,0.0,0.0,0.0,0.0,0.0,0.0,"[3, 9]","[30, 34]"
21,0.0025338580975140376,0.05759747054692897,0.0,0.176451607408411,0.001425145887969068,0.0,0.0,0.0,0.018878973393055377,0.08527084666953504,0.06716426464490823,0.0,0.000516205023540469,0.0030339501463905283,0.0,0.0,0.03308505180839787,0.006698554250413057,0.0,0.0030191538773204404,0.0,0.022041265021012023,0.021679998204614543,0.022008390697022023,0.0,0.0,0.0,[3],[21]
22,3.0070463641362036e-05,8.515166591627247e-05,0.0,0.0004092402916686998,0.0005503259572173308,0.007244609860834005,0.24919226085095322,0.0,0.003005856429726035,0.0,0.0006151843051120282,0.0,0.0,0.0,0.0,0.0,0.0,0.0,0.0,0.00333122425492288,0.0,0.013228951736029023,0.013588651262265314,0.013878394567103656,0.0,0.0,0.0,[6],[27]
23,0.0011848344627068247,0.00034156149459591017,0.0,0.0004930426956407935,0.0008978318568408945,0.033392630720915396,0.23277260009740733,0.0015430586206980755,0.0005869049004548678,0.0,0.0,0.012167807671094046,0.0012883670026183384,0.0009000922424294011,0.0,0.0,0.0,0.0,0.0,0.0,0.0,0.01729555689949376,0.015180943447583297,0.01672231820048844,0.0,0.0,0.0,[6],[-1]
24,0.0746464384318416,0.0,0.00038665815434539276,0.005251851080625206,0.007579737500739403,0.0,0.04849393405788698,0.0,0.0,0.01117311009355384,0.025087470864916306,0.004264879124144418,0.003304279911723631,0.0,0.0,0.0018641084960053234,0.0,0.09221270955550206,0.011147864734925125,0.06366589530721166,0.03150385378047525,0.05792134483390817,0.0,0.0,0.026012153679461896,0.02581515186111576,0.025749592834971108,[17],[20]
25,0.0847719610346227,0.0,5.4816137053417394e-05,0.0,0.0,0.01962373564394056,0.0,0.0016665965438656407,0.007841115722030646,0.0,0.01082193765169999,0.0,0.00021225320617712613,0.0,0.0,0.0,0.005695822543411962,0.05133996165516434,0.0,0.04589253979802822,0.020681540907266274,0.0,0.0,0.0013191427122761271,0.0,0.0,0.0,"[17, 19]",[20]
26,0.002220325057813618,0.0699062539999882,0.007025264811699033,0.0,0.017187586224202047,0.0359342893290314,0.0,0.0,0.05873371202920497,0.10022451237277696,0.0,0.0260403054316123,0.00022615624249031424,0.018057028291314756,0.0,0.0,0.15839076430267326,0.036376005138381406,0.18901426603376958,0.016929012264464728,0.0,0.0,0.09916897528505672,0.09723942927776551,0.0,0.0,0.0,"[16, 18]","[37, 41]"
27,0.002949493875630509,0.0646396939669702,0.04533955049774216,0.0,0.0,0.04465971302516141,0.0,0.0,0.0,0.13810870167667944,0.00914151373522108,0.0,0.0,0.009781726593263108,0.0,0.0,0.0,0.0,0.15481118971601313,0.0,0.037846611515587596,0.0,0.06237315138807202,0.058629669484926476,0.0,0.0,0.0,"[9, 18]","[1, 32, 37]"
28,0.004235574734205498,0.09421292729940475,0.0,0.0,0.0,0.02866797884929172,0.0,0.0,0.0,0.022017655757011183,0.0,0.03225325062441783,0.0,0.009670666521154574,0.0,3.8145378337506575e-05,0.0,0.0010900098914895494,0.11157947413917312,0.0,0.04265773725084133,0.0,0.0,0.0,0.0,0.0,0.0,"[1, 18]","[7, 15, 37]"
29,0.004794812838246108,0.09804412136733448,0.0,0.0,0.0,0.0026148446667059824,0.007946700849656138,0.05648001368241884,0.0,0.0,0.0,0.06828240943782797,0.0,0.0,0.018081961572014228,0.062396017241009516,0.0,0.006937754571191497,0.0,0.012510514270723238,0.03792585412312684,0.0,0.0,0.0,0.0,0.0,0.0,[1],[-1]
30,0.08367315038334025,0.0,3.957224494815334e-05,0.0,0.0008868203810233113,0.0,0.0,0.0,0.005641655583992441,0.0,0.002149653422009071,0.003907470391570931,0.006477001444490358,0.01664723816178987,0.0,0.0,0.0,0.0,0.0,0.0,0.03897206286167307,0.010901680691381381,0.0036339557002553003,0.0036060552426666246,0.0,0.0,0.0,[20],[20]
31,0.04888704530210518,0.0,0.0,0.0,0.0,0.0,0.0,0.00467686578565066,0.09293658952652153,0.0,0.0,0.0,0.0,0.0,0.006569691215819285,0.034583572425458994,0.04690961504752126,0.02821361873757793,0.0,0.10336832563504302,0.04841499321782306,0.0,0.008662174089249663,0.026448105639022293,0.0,0.0,0.0,"[8, 19]",[20]
32,0.06447730216261408,0.0,0.00029984544668214144,0.002276582722469187,0.00423104078673024,0.0,0.07078844725620197,0.0,0.0,0.015190458458639793,0.011026596583508326,0.0,0.0,0.08395753087889817,0.0,0.007962993605344557,0.0,0.0,0.018780539742950915,0.0,0.0,0.027792079911472763,0.0,0.0,0.09895662717583299,0.09866133169717549,0.098580183742418,"[6, 13, 24, 25, 26]",[20]
33,0.08068279779789188,0.0,0.00021318053097852868,0.00038562112792989416,0.0017352175623191958,0.0,0.0,0.0,0.0021549195552511375,0.001303454603433244,0.004994736092594085,0.0050843562440151665,0.0026079970899021187,0.07410485490983044,0.0,0.010784333183636146,0.0,0.0,0.0,0.0,0.03048487678246449,0.030410283863541856,0.0,0.0,0.0,0.0,0.0,[13],[20]
34,0.0002189472075915309,0.008069356906922405,0.0,0.0,0.11075932479565045,0.0059068351210904745,0.0,0.0,0.0,0.0,0.0,0.0,0.022324736478259145,0.0,0.0146021532327017,0.0,0.0,0.004664208272854885,0.032347825218414665,0.039228374778280894,0.015574824885129769,0.0,0.0,0.0,0.1395157160885501,0.13914472918445242,0.13894760168627315,"[4, 24, 25, 26]",[40]
35,0.0039114934509720785,0.08568733122763313,0.0,0.0,0.04114224390065402,0.014490751144098235,0.0,0.034169744408364004,0.0,0.0007156400003329441,0.0,0.0,0.06855706223741602,0.0,0.10174073685991775,0.0,0.0,0.0,0.020798301273013936,0.00079695933912564,0.0,0.05132320448303532,0.006142268322674854,0.0054167394124824695,0.09034300929176625,0.08885275301352288,0.0881780500603013,"[1, 14, 24, 25, 26]","[37, 40]"
36,0.08209402325554037,0.0,0.0,0.0,0.0025316513976618217,0.10860642061127944,0.0016824052904470302,0.0,0.007631559455961352,0.0,0.016273413821740437,0.019289475064997865,0.0,0.0,0.0,0.011986010892442774,0.01736567445195543,0.07286391889769746,0.0,0.06628136273392485,0.005451721174372097,0.0,0.0,0.0,0.0,0.0,0.0,[5],[20]
37,0.07854801602637736,0.0,0.00012337556472369392,0.0,0.00031368332464469485,0.006872674707023224,0.0,0.000788475314951252,0.0,0.0,0.0,0.015869488324335553,0.00234476126175504,0.08965248143299558,0.0,0.0,0.0,0.0,0.0,0.0,0.052640431373581445,0.03796565614537306,0.008568928229419692,0.0,0.0,0.0,0.0,[13],[20]
38,0.07655368038280996,0.0,6.449354641751793e-05,0.0,0.0,0.0,0.0035148729478523258,0.002241529792452949,0.0,0.0,0.0,0.0006207588734580574,0.01207245733450602,0.13477924836293326,0.013034726229916783,0.011896540403513494,0.0027854669680312744,0.0,0.0,0.0,0.0,0.010484844401552534,0.007121609915734343,0.0037961872715294004,0.033853984435185336,0.03432197409523433,0.03453787912719843,[13],[20]
39,0.0032763808483933002,0.08065758230820408,0.0,0.0,0.018680487907744132,0.023049962915891564,0.00246376033462424,0.0,0.0,0.12645079816662702,0.0029696762848667405,0.0,0.0,0.01806455830736844,0.0,0.0,0.0,0.01741142462391454,0.12683832763438385,0.0,0.021853040710193963,0.0,0.06616772265439125,0.06734969556966745,0.0,0.0,0.0,"[9, 18]","[35, 37]"
40,0.00507157975855053,0.10655627363783758,0.0,0.000786084494776968,0.0,0.0044374741047842475,0.0002520949569308153,0.05064401209663815,0.0,0.0,0.010379430681351623,0.0,0.0,0.0,0.04805032860515677,0.054134206350147956,0.052649212378978315,0.0,0.0,0.0,0.0,0.0,0.0,0.0,0.0,0.0,0.0,[1],"[8, 15, 19, 22, 23, 37]"
41,4.6935517960884283e-05,0.0021945623786701735,0.14165152407680573,0.0017449258719930733,0.0,0.0009038618440811023,0.0032638789923055533,0.0,0.0,0.01649744693256545,0.011403669811178435,0.0,0.0,0.0005637245481190004,0.000525928963937074,0.0,0.0,0.0,0.0,0.0,7.979561477077383e-06,0.0,0.09068796297896811,0.08268898305236068,0.0,0.0,0.0,[2],[1]
42,3.932247921215549e-05,0.0018121857759456764,0.1351617641910048,0.0015551299988540818,0.0,0.0,0.0,0.0033448686960189248,0.02040596014234347,0.0,0.0,0.0070272152484611265,0.0,0.0,0.0011336764408828985,0.01546020465459149,0.03401552221600416,0.002433984479666603,0.0,0.009358659636847323,0.014908400481050736,0.10200633530984002,0.0,0.0,0.015222342593454626,0.015187116926958812,0.015167971279406174,"[2, 21]",[1]
43,0.0673039582426525,0.0,0.00033366994827637033,0.0017981383979363069,0.00333928124689848,0.0,0.0,0.0,0.06461213306432187,0.002547238497856148,0.0,0.003609684395206848,0.0,0.04863168626346214,0.0,0.0,0.0019402942339764196,0.0,0.00857259123515099,0.01626714852913131,0.0,0.020070163398065038,0.003824542992282918,0.0,0.0,0.0,0.0,"[8, 13]",[20]
44,0.05747169121029117,0.0,0.00017031991471726915,0.0,0.0,0.0,0.0032451102657363334,0.003207905593516867,0.03021750564569753,0.0,0.0,0.002948708888488681,0.026492860104289584,0.2733468364106786,0.03045265660621628,0.025111671063208225,0.04844282308072593,0.0,0.0,0.0,0.0,0.0,0.02071834277589473,0.022501871458720735,0.05774202811510435,0.05846261849988987,0.058802839685459726,[13],[20]
45,5.8870355604453765e-05,0.0018808786215675111,0.00013393433436759155,0.0,0.07011016147472156,0.0,0.0,0.09178154265650308,0.0,0.0563702212095971,0.14560210119037406,0.019714571099038656,0.0,0.018064981581189063,0.0,0.02320147441405173,0.038892070556941015,0.0,0.0,0.0,0.0,0.06307979030894484,0.02277949404467357,0.024344480171162003,0.0,0.0,0.0,[10],[40]
46,2.714033136584359e-05,0.0009660643637464496,9.093210272732707e-05,0.0,0.03585399152592489,0.0,0.0,0.05324007534935101,0.0,0.03141936877064779,0.08312700833698218,0.018652316733307948,0.0,0.011173782898748893,0.0,0.0,0.016174025730860894,0.0,0.0,0.0,0.0,0.03522612193555344,0.0034780260300337493,0.00527912674988414,0.0,0.0,0.0,[10],"[35, 40]"
47,0.07430516936625488,0.0,0.00010982524071976663,0.0002186293595765835,0.00016131030393392508,0.0,0.0447260149631728,0.0,0.021132301007510155,0.0041350660008368425,0.010135016397360802,0.0,0.0,0.0,0.0,0.0,0.04204146893669481,0.0532906440709661,0.0007403817007407415,0.05989725279071691,0.006995683748279908,0.0,0.0,0.011429230404808297,0.03931873768749665,0.03864648456518325,0.03837261257940457,"[6, 16, 17, 19]",[20]
48,0.05570341394490918,0.0,0.00018557446003676493,0.00212591485347008,0.0030480550338402882,0.0,0.0,0.0,0.08596645234811492,0.0074637403101500575,0.008931215450051029,0.0,0.0,0.0,0.0,0.0,0.0,0.10259992253281873,0.01350512491229913,0.16638279935230038,0.03462683389107697,0.041520935000957916,0.031399141542655405,0.002617563614758474,0.0,0.0,0.0,[19],[20]
49,0.06644296861140442,0.0,0.00012849238890621584,0.0,0.0005336885561354855,0.0,0.03152683971840168,0.0,0.03295880752701131,0.005039983684186014,0.009340819111008019,0.0,0.002771572454286951,0.0,0.0,0.0530849779373348,0.03372611174720985,0.02409318531287495,0.004018871040971435,0.03966394412493642,0.0,0.0,0.0,0.0,0.02193357941804643,0.02156142528359944,0.021421427129983704,"[15, 19]",[20]
50,0.06779153272773503,0.0,4.848917215764681e-05,0.0,0.0,0.0,0.03453539344581937,0.0035943181726577726,0.0,0.0018191173561953806,0.0,0.0,0.00979659944694851,0.0681534277032,0.01652363547373117,0.0,0.030214987838818604,0.0,0.0,0.0,0.014874727013936544,0.0,0.0,0.006213143037696169,0.05594186180760405,0.055789914391481475,0.0557428834521513,"[13, 24, 25, 26]",[20]
51,0.08131836260023409,0.0,0.0,0.000130751672450494,0.0,0.0,0.0,0.009251391489881265,0.008594020074218398,0.0,0.0,0.0,0.0,0.014231756650863897,0.015787161755429737,0.004952012964546878,0.020611207568189745,0.0,0.0,0.0,0.0,0.0,0.03840777693300147,0.04292949252484902,0.003682093601319867,0.0038048756863811764,0.003844725595492127,"[22, 23]","[14, 17, 20]"
52,0.08017548054737941,0.0,0.0002536800738271804,0.0014482527982228705,0.003016231243023366,0.0,0.02361925563980727,0.0,0.0005548238020259207,0.008566036427030223,0.013184549985359327,0.0,0.0,0.0,0.0,0.0105672174598332,0.0,0.0435936591357138,0.008898572517013238,0.04000853562990818,0.0007574126908621312,0.001958357227867749,0.0,0.0,0.02015361712115594,0.019796162335753667,0.019650473082405386,"[17, 19]",[20]
53,0.08671463593069224,0.0,0.00011845465452040974,8.643521749579432e-05,0.0007906075663584877,0.008946499037167753,0.0013249353197042901,0.0,0.01969211752054129,0.0,0.008090972234965212,0.0028229266003581195,0.0010369957589139807,0.0,0.0,0.0,0.012707564353786923,0.01514348120517239,0.0,0.0211471210061402,0.0,0.0,0.0005719533843174883,0.0066420218907040285,0.0,0.0,0.0,"[8, 17, 19]",[20]
54,0.07168222001427972,0.0,0.0002962970026724828,0.004593005422325494,0.008491714398414011,0.022405885639590915,0.0,0.0,0.0,0.011780631709365847,0.027547554684327322,0.010708795013825326,0.0,0.0,0.0,0.037982267812109644,0.0,0.09788125296561466,0.006326859657991519,0.06128180608125196,0.0,0.09709174642979784,0.0,0.0,0.0,0.0,0.0,"[17, 21]",[20]
55,0.07817801547626146,0.0,0.000186874816225731,0.0009756174106311228,0.001870410619007809,0.0,0.012634232820958678,0.0,0.0,0.005605678444064635,0.005301305813635906,0.0,0.0,0.09041415777304948,0.001290769709372981,0.0033610799598463746,0.0,0.0,0.0,0.0,0.04908411807808525,0.012341180271235616,0.0,0.0,0.03094163735955304,0.0311678184631092,0.031284712681913775,[13],[20]
56,0.08208806846637401,0.0,0.0,0.0018692191962425518,0.0010302552547516212,0.02163898840551177,0.0,0.0,0.011040277569592844,0.0,0.010450553509041572,0.004016572985258528,0.0,0.0,0.0,0.0,0.004996530182323602,0.02246892435389838,0.0,0.025388629925201384,0.0,0.0,0.0,0.0,0.0,0.0,0.0,"[5, 17, 19]",[20]
57,0.0621139070462826,0.0,0.0,0.0,0.0,0.0,0.0,0.01082472319899012,0.0,0.0,0.0,0.0,0.006859458879101232,0.06934541038720425,0.021162297181558196,0.0,0.03176734655479805,0.0,0.0,0.0,0.0,0.0,0.008301224988962207,0.02832142843891889,0.0007479387981573035,0.0011615738376095782,0.0013337798557016506,[13],"[17, 20]"
58,0.08569845722084815,0.0017771134055390777,0.0026110009143717186,0.0,0.0,0.008145548440281435,0.0010947641360615507,0.0,0.02804137860875654,0.027519153258312872,0.0005248146960088254,0.0,0.013492846235830773,0.0,0.01905855298339326,0.0,0.06660268953410757,0.020984234921446958,0.021804538013216072,0.02617704835480621,0.0,0.0,0.003527462503196665,0.0,0.0,0.0,0.0,[16],[20]
59,0.07334789602443773,0.0,0.0003106558119277613,0.00118380280608491,0.004083656203028038,0.0,0.04595914852942594,0.0,0.032348441863918706,0.00924610142168075,0.007567622690631125,0.0,8.576766405915353e-05,0.05337841791391661,0.0,0.022052568828171474,0.022122248365864773,0.0,0.01243573304415334,0.005481546364341566,0.05072883082088044,0.0,0.00941142814413779,0.021350659500671942,0.061057413917265095,0.06077301667252035,0.06068177255733131,"[6, 13, 20, 24, 25, 26]",[20]
60,0.002555848456557167,0.0840833010021289,0.0,0.08357833887612605,0.01729514430357237,0.0,0.0006990009316769428,0.0,0.0,0.13181128901472727,0.045408728667943196,0.0,0.019729101575816074,0.012662184782404294,0.0,0.0,0.0,0.025540399015753546,0.07432595288777637,0.006392029687779311,0.04691556460020058,0.04011178963597481,0.0634253047281575,0.060063085260548314,0.0,0.0,0.0,[9],"[21, 37]"
61,0.001087625659694621,0.03252943103257037,0.0,0.18042013024025097,0.0,0.0,0.0,0.00961665690559274,0.010991169543719632,0.0,0.04761062481452576,0.015481608551819348,0.0,0.00571974090145435,0.0,0.0,0.0,0.0,0.0,0.021313140637864443,0.0,0.02283818071397327,0.023899115551508962,0.02150588355415325,0.0,0.0,0.0,[3],[21]
62,0.004619022950091758,0.1063923461826175,0.00026665347698425423,0.0,0.0,0.03593698116939152,0.001235744884540785,0.020599485165593335,0.0,0.006910573040437817,0.0,0.0,0.017661904888406677,0.00431871025771835,0.035251063370851966,0.0,0.0,0.0,0.09272933828752537,0.0,0.0,0.0,0.0,0.0,0.009422292207207316,0.009018237341306988,0.008853066619520867,"[1, 18]",[37]
63,0.0016885151245535697,0.05588612936231222,0.0,0.016605633485962907,0.03890075542172291,0.02691626675615058,0.008664977186662697,0.0,0.0008156420711426748,0.2331877751018932,0.042353304311878455,0.0,0.0,0.021449663143192063,0.0,0.011479908979159176,0.03733104952512922,0.0021268876426171163,0.16393084772391303,0.0,0.0,0.041132481401508485,0.020881300125342696,0.018856500554532987,0.0,0.0,0.0,"[9, 18]",[-1]
64,0.0044702951707095455,0.10408622553799073,0.0,0.0,0.004688137812047736,0.0023870037777876316,0.016650588039287727,0.0,0.0,0.0,0.0,0.05422780362723917,0.02765830420046727,0.00779147841685552,0.0,0.0,0.0,0.004755247673030666,0.05179886658531524,0.0,0.0007203561894598361,0.008290567325193563,0.0,0.0,0.0,0.0,0.0,[1],"[37, 39]"
65,0.0046944402996345735,0.07954087711865027,0.0,0.07030813211346433,0.0,0.0,0.0,0.10343276206537455,0.031146890865601986,0.0,0.0,0.0,0.0,0.0,0.08552882906366047,0.0,0.0,0.0,0.0,0.026297512437551487,0.0,0.02112171883444646,0.15059885563683176,0.1508044151654802,0.10273759335075106,0.10204095916211993,0.10171970651636462,"[22, 23]","[5, 21, 26, 29]"
66,0.07524878340066472,0.0,6.84672426910035e-05,0.0,0.0,0.0,0.0,0.0014895631987050218,0.03207211852037978,0.0,0.0023122711288617293,0.0,0.01683908498118719,0.0,0.0025505744461223256,0.015049010594706737,0.0,0.006934442363896896,0.0,0.030503210153900274,0.0670478638116252,0.015184812658600862,0.017064647193767452,0.007496893130241511,0.0,0.0,0.0,[20],[20]
67,0.0034917824620432684,0.07083092432407903,0.0010998163048142814,0.0,0.0,0.01617758953135621,0.0,0.012905204836720776,0.0,0.0,0.0,0.09576926408405859,0.0,0.010472511643587727,0.0,0.0,0.0,0.02737191444211524,0.09610657657676304,0.03531993332571216,0.0,0.0,0.0,0.0,0.030313706709900582,0.03119099366240667,0.031569884846744216,"[1, 11, 18]","[32, 37]"
68,0.003493581573786604,0.07158190391434636,0.0,0.0,0.0,0.038816820989264804,0.002805313554393195,0.08449291455245174,0.014042918928073904,0.0014214150128288795,0.0,0.0,0.0,0.0,0.12972537918989516,0.0,0.03890827761371898,0.0,0.05039623987534497,0.0,0.0,0.0,0.06925268291277649,0.06845201015759518,0.058013578087848156,0.05608491415678543,0.0552234558084693,[14],"[10, 15, 32, 37]"
69,0.05683162319848807,0.0,0.0,0.0026639760908243656,0.005615896523313392,0.1485564457972746,0.0,0.0,0.0,0.0,0.03531906975854872,0.015051508614161858,0.0,0.0,0.0,0.015907211881777385,0.0,0.20713479653790268,0.0,0.18244287569247739,0.015831615548578586,0.0029545290955600967,0.0,0.0,0.0,0.0,0.0,"[5, 17, 19]",[20]
70,0.07999340050156097,0.0,0.0002387670877701713,0.0006431169185793204,0.007053538752092625,0.0,0.0,0.0,0.016437739666963328,0.0015811787696375166,0.007285771245412889,0.0,0.0,0.0,0.0,0.034177661917470986,0.0,0.035808420449099786,0.0006576614905749847,0.04758126370314659,0.0,0.03772938141575867,0.0,0.0,0.0,0.0,0.0,"[15, 17, 19, 21]",[20]
71,5.464131214206096e-05,0.0025284738414529896,0.1636923820254982,0.001260587461123968,0.0,0.0,0.0,0.0026492934392233977,0.004482656336326124,0.0,0.0,0.006448636716448545,0.0,0.0,0.0,0.03149113175392782,0.0,0.0018583516931220774,0.0,0.005749530930193201,0.0,0.00030266346420405226,0.0,0.0,0.006063650224536219,0.006075625367861816,0.00607785059632863,[2],[1]
72,3.2937859239447645e-05,0.001566901509230847,0.12930636105094287,0.0021856130299317397,0.0,0.0,0.0,0.0009081938787526135,0.004808262655959274,0.0,0.000304134287532708,0.00017622671135574845,0.0,0.0,0.0018038245441178748,0.038746584087620335,0.0,0.0,0.0,0.0029344524267642205,0.03220564354255942,0.0,0.0,0.0,0.001995378294684906,0.001974957646905342,0.001965466146423891,[2],[1]
73,0.0012206292025200801,0.022650453327823013,0.0,0.16124048055461976,0.0,0.0,0.0,0.0,0.02399071846563163,0.00077552430652828,0.04507541146798675,0.0,0.0,0.0,0.0,0.0,0.006924351497488323,0.0,0.0,0.009607841697819064,0.011974693595187835,0.03905243198519684,0.019109378635052146,0.0172671033109943,0.0009285042271297525,0.0008250043133873074,0.0007840212116142657,[3],[21]
74,0.0004588962351261702,0.013291249244625228,0.0,0.045798365161679774,0.052826761815691924,0.0011138300296102926,0.0,0.0,0.0,0.030383065195947297,0.008364527176933662,0.0,0.0,0.0,0.013607950896687768,0.0576562542926295,0.0,0.0,0.0,0.014257741308266505,0.06257073607772502,0.014132378269799479,0.0,0.0,0.044003853868326906,0.04335137921715601,0.0430461666471224,"[3, 4, 15, 20, 24]",[40]
75,0.08184756731404431,0.0,0.00012119166934774268,0.00041723093254421393,0.001072552293257642,0.0,0.0013380540254213497,0.0,0.03088652491561739,0.0019838555980766248,0.008374875036618738,0.0011216260240181244,0.0025608761105947696,0.0,0.0,0.0,0.01383852351758138,0.018689872987138773,0.0,0.040851623106152105,0.0,0.0,0.0,0.001986780270769242,0.0,0.0,0.0,"[8, 19]",[20]
76,0.003524639749592738,0.08901043927929757,0.0003406645149414222,0.0,0.011393482259070355,0.010478434275582402,0.013165776185098663,0.0,0.0,0.010640244644020814,0.0,0.09865115393540996,0.02887445060738205,0.011851102842547565,0.0,0.0,0.00360865494951611,0.028760973236966504,0.11796871747050669,0.0,0.027690686677707344,0.0,0.0,0.0,0.0,0.0,0.0,"[1, 11, 18]","[7, 15, 37]"
77,0.005241591879773075,0.10764815606881753,0.0,0.0,0.0,0.03607832685097651,0.004553098153080925,0.017990473935231215,0.00814004959186476,0.023869331909506544,0.0,0.0,0.0,0.0,0.04648585947221616,0.0,0.0,0.0,0.06677975125733426,0.0,0.0,0.0,0.16253274297196335,0.1654875981606043,0.039214474394935465,0.03883523619409478,0.03866229519916072,"[22, 23]",[37]
78,0.08156700157731846,0.0,0.00017278562940837056,0.0,0.0013488958931638939,0.0004028480233204206,0.03358310523604272,0.0,0.0013169288899911105,0.0024634586522776754,0.01183481752814471,0.0008383469039664471,0.009270381282574095,0.005390483350565914,0.0,0.0,0.02079544444290191,0.01513145611579767,0.0,0.006041774629178898,0.0,0.0,0.0,0.001006284856309548,0.04143373873899147,0.0412534824451967,0.041198297500641766,"[6, 24, 25, 26]",[20]
79,0.050287819378584404,0.0,0.0003947449865348581,0.0012419861453755313,0.005424284611161037,0.0,0.07215583902529807,0.0,0.0,0.011363440073608516,0.010014518515720768,0.0024648511858380868,0.005272474482743444,0.08235001225152151,0.0,0.06467354455445204,0.0,0.0,0.01850384141082808,0.0,0.0,0.03215561528814007,0.0007074025504451627,0.0,0.10753388524806523,0.10746096910257619,0.1074801182465477,"[13, 24, 25, 26]",[20]
80,0.06256481556627277,0.0,0.00021631945710155813,0.0,0.0007011461346513392,0.0,0.01412685336717038,0.0,0.036426166040028435,0.004450678305991236,0.0,0.0,0.0,0.05877996020983123,0.0011705638421290882,0.0,0.019935636620735418,0.0,0.006280896750989093,0.0,0.041994983904084286,0.0,0.0,0.005395763235409955,0.012486016545539368,0.012453782625942659,0.012452658432144579,"[13, 20]",[20]
81,0.0720800189561377,0.08810904880597197,0.0,0.0,0.0,0.03919553925149726,0.0,0.11160022578691249,0.0,0.0,0.0,0.0,0.06606449171611536,0.0008620881789645184,0.14290262002401052,0.0,0.0965648123428854,0.0,0.0,0.0,0.0,0.0,0.0,0.0,0.06787681224862806,0.06656573898968263,0.06596764727928,"[7, 14]","[0, 7, 10, 20, 37]"
82,0.0826811894456265,0.0,2.9368309447149844e-05,0.0,0.0,0.0,0.00953666224359283,0.002726911823713901,0.0,0.0,0.0,0.00011480190581560182,0.006710241811429616,0.03718160619921161,0.00638577483365818,0.014381986117316194,0.006053753098706509,0.0,0.0,0.0,0.0,0.0,0.0,0.0017477709701342672,0.0012316929897542186,0.0013787673253603824,0.0014401129525599653,[13],[20]
83,0.06697954009497147,0.0,0.0,0.0,0.0,0.05162906220054072,0.0,0.005441858082431864,0.0,0.0,0.01034337409760378,0.004479079032012892,0.0,0.0,0.0,0.037786258577109016,0.0,0.020492546849951564,0.0,0.0,0.013201249380644493,0.052475035406518884,0.0,0.0,0.0,0.0,0.0,"[5, 15, 21]","[12, 20]"
84,0.06516088089460333,0.0,0.00021747564103693343,0.0012932830598179508,0.008542363539521888,0.0,0.020429176392899994,0.0,0.010632546248579459,0.012413938796785531,0.02645697072811132,0.0,0.0,0.0,0.0,0.06583608712711671,0.0,0.10932540280401999,0.010036019947681416,0.11763833958399916,0.0,0.023563057648906878,0.0,0.0,0.0,0.0,0.0,"[17, 19]","[20, 43]"
85,0.0010050179883555187,0.017254236895025397,0.0,0.0,0.0,0.012468309764970396,0.0025968040891488423,0.04665287075185935,0.0,0.0,0.0,0.0,0.00470727207949563,0.0,0.06143419474991807,0.004358011442553997,0.0,0.0,0.0,0.005355041560332778,0.004509989425352103,0.0,0.016477334028135886,0.020629261685585976,0.02586744235881548,0.025128003727767738,0.0247996847228834,"[7, 14]",[37]
86,0.0053382913250979375,0.10115364681048188,0.0,0.0,0.0,0.028816699443543516,0.0005535581660603455,0.024495705782106587,0.0,0.03778496865460944,0.0,0.0,0.0,0.0,0.08106810450306326,0.021139213046506296,0.0,0.0,0.05139285798533927,0.0,0.0,0.019676260607601265,0.06577184626751544,0.07009505706888632,0.0016593629888718526,0.000629536155295567,0.00019401642451432276,"[1, 14]","[5, 37]"
87,0.025753187563222753,0.0,4.128849091072129e-05,0.00196084051173422,0.003972474240119941,0.042595418149117915,0.0,0.0,0.030677196077625906,0.0026709562961751056,0.011460283300127088,0.007429760598575452,0.0,0.0,0.0,0.0,0.0,0.15888893904698212,0.004979808913760226,0.15887206924178782,0.04848935254184024,0.005429638698603948,0.027680212279590815,0.013409812872070442,0.0,0.0,0.0,"[17, 19]",[20]
88,0.0699689080346913,0.0,0.0,0.0,0.0,0.005307453956009024,0.0,0.005896620555581203,0.0,0.0,0.0,0.008199557282602035,0.0,0.1471036800894849,0.014005404861767424,0.0,0.0,0.0,0.0,0.0,0.047641130534525226,0.03021574483947657,0.0,0.0,0.0,0.0,0.0,[13],[20]
89,0.007591953738017693,0.06628017190702609,0.0,0.0,0.02434025470929289,0.12547197498136423,0.0,0.0,0.020724326655655663,0.11812586044686459,0.006399586680630525,0.0,0.0,0.018531825597531734,0.0,0.035068622393728204,0.010686850423391186,0.011653928461457509,0.12389152834103233,0.0,0.037135900890234656,0.0,0.005413552303588368,0.011117997035493021,0.0,0.0,0.0,"[5, 9, 18]","[14, 20, 26]"
90,0.002511455392153139,0.0667843358313322,0.0,0.0,0.026725975186487227,0.03995451323513915,0.008501201736971898,0.0,0.0,0.19974782332615193,0.023704081011039914,0.0,0.0,0.0200683129098502,0.0,0.0358301076318874,0.0,0.0,0.17292915948881746,0.0,0.032244604260737074,0.04334865473601197,0.05232765740005719,0.054903397156032825,0.0,0.0,0.0,"[9, 18]","[35, 37]"
91,0.07777521747993173,0.0,9.3944393913859e-05,0.0,0.0002029537667919565,0.0,0.0,0.0,0.0,0.0,0.002184746084142721,0.008019645581648256,0.0,0.09329777624209959,0.0011859448455631718,0.0,0.0,0.0,0.0,0.0,0.008503279835175659,0.05652773037051147,0.011252530258326614,0.0,0.0,0.0,0.0,[13],[20]
92,0.06829574170949305,0.0,4.7965172158458935e-05,0.0,0.0,0.0,0.0,0.0025356885328544757,0.0,0.0,0.0,0.0012748563293017421,0.0,0.0944925016292668,0.008881990279658252,0.007731080367359049,0.0,0.0,0.0,0.0,0.050001269082699355,0.06998873437959749,0.0,0.0,0.0,0.0,0.0,"[13, 21]",[20]
93,0.07751853327465116,0.0,0.0002947444436705898,0.0031434242071745177,0.00473341083385232,0.0,0.0005550987730782062,0.0,0.0181656574755511,0.012420959079206153,0.012551866316754666,0.0,0.013508780342303673,0.0,0.0,0.0,0.0,0.025603857885924404,0.013536328992725208,0.033920264440013774,0.04108712454880595,0.04891442751712361,0.009068191231966798,0.0,0.0,0.0,0.0,"[20, 21]",[20]
94,0.061177179273039665,0.0,0.0,0.00031187305043597956,0.0,0.0,0.010510358691795507,0.0025199488476292217,0.005930228350857142,0.0,0.0,0.005956708992568271,0.005781030353866266,0.22156108183983564,0.019947551748491065,0.0,0.0,0.0,0.0,0.0,0.00851756730567908,0.019453602813199484,0.026647429883544044,0.02438423917619103,0.05752118872456683,0.058122763953696074,0.05841267359265396,[13],[20]
95,0.003324843022607488,0.08947299174774635,0.0,0.1051726895116798,0.021678377765439773,0.0,0.0,0.0,0.005719692574555834,0.11010539501701985,0.041624106884168746,0.0,0.0,0.011058401737069656,0.0,0.0,0.0,0.009765514737232023,0.03973508985487457,0.0,0.04937300267305579,0.011145240267227229,0.05911112680056854,0.056081861362047236,0.0,0.0,0.0,"[1, 3, 9]",[21]
96,0.0021033988650185145,0.0527014417514647,0.0,0.05665365658840548,0.014060581336824673,0.0081372783214837,0.05577420356553542,0.0,0.007186644554842035,0.1503471033174665,0.05080029582549795,0.0,0.0,0.016595152770223658,0.0,0.04714463732535103,0.037555518489133126,0.0,0.06834846342859793,0.0,0.06467627359612531,0.0,0.0,0.0,0.0,0.0,0.0,[9],"[21, 27, 37]"
97,0.0807367684818043,0.0,1.3034755700337357e-05,5.912370725489445e-05,8.816364647655208e-05,0.0,0.0,0.0,0.0,0.0,0.0037677574369079066,0.003648217569579919,0.0,0.0372071342624879,0.0011150943382209823,0.000402705314774711,0.016844911744072932,0.0,0.0,0.0,0.0,0.0,0.0,0.0,0.0,0.0,0.0,[13],[20]
98,0.0802463597570445,0.0,0.00010894783872409706,0.00014298552062957156,0.0,0.0,0.0,0.0,0.025098232957909843,0.002026678664137612,0.008412085613450932,0.0,0.006316039989979376,0.0,0.0,0.0,0.001364056207098756,0.06545233355410573,0.0,0.07419766647745099,0.0,0.004629359745164565,0.0037857644438437626,0.0,0.0,0.0,0.0,"[17, 19]",[20]
99,0.07397688594608914,0.0,0.00023209226174610812,0.0009864217461333035,0.0024525737468630696,0.0,0.0019285448623515852,0.0,0.0,0.006636465311967579,0.014744639510233712,0.0,0.0,0.0,0.0,0.019324712244778865,0.0,0.03840823764256594,0.0043469002738390616,0.03898714786183459,0.0,0.04596974785921836,0.0,0.0,0.0,0.0,0.0,"[17, 19, 21]",[20]
100,0.0648337045857077,0.0,0.0003174475123360596,0.004132775936888233,0.0072977981914744885,0.04020902619875386,0.06009838609089018,0.0,0.0,0.004546606516107882,0.028824666655216505,0.012623352788291176,0.0,0.0,0.0,0.0,0.0,0.125215006945711,0.002688931424735112,0.08211297572008602,0.015656589649958676,0.022003882243598945,0.0,0.0,0.0497004112105794,0.04935712561312331,0.049238327877300085,[17],[20]
101,0.07490040862590405,0.0,0.00010444024351530105,0.0008839613743444534,0.0006934429069908757,0.0,0.0,0.0,0.03296500482858283,0.002369194956152286,0.015378284959222435,0.0,0.0,0.0,0.0,0.0,0.0,0.1276338761157516,0.0,0.1471736410660223,0.052699265065521445,0.015114454291502703,0.0,0.0,0.0,0.0,0.0,"[17, 19]",[20]
102,0.07513319142571247,0.0,0.00023126142153240647,0.002782492435926529,0.009371358497657972,0.020359057622359237,0.02185789660449276,0.0,0.0,0.00786978067257864,0.031214077563885754,0.005478628472304732,0.0,0.0,0.0,0.060173794177500524,0.0,0.07109922549819513,0.0,0.04539620621376112,0.051700968213531845,0.019162050221395326,0.009382840469112572,0.0,0.010541308030274348,0.010350152249703192,0.010279786396736386,"[15, 17, 20]","[20, 27, 30]"
103,0.07758764269519117,0.0,0.0002776120293221181,0.002016756420207323,0.003692664665610983,0.0,0.0,0.0,0.0061028705242071254,0.0071574238965771385,0.006494450877112494,0.0018252670896423764,0.013891208541194083,0.07055561181430817,0.0,0.0,0.0,0.0,0.003942955066688149,0.0,0.0,0.05448488929974472,0.02829300775027502,0.0064859789737790885,0.008742517556569317,0.009044204699246843,0.009184046981919668,"[13, 21]",[20]
104,0.0804766763391677,0.0,0.00022085294400740578,0.0007221532502385315,0.002259271340896759,0.0,0.0,0.0,0.04108266614959344,0.001761322898455134,0.0071130166711388726,0.001456741443287794,0.017486611131156782,0.0,0.0,0.0,0.0,0.025937664537755936,0.0,0.05114848588862033,0.0,0.010602135212656372,0.0168711351240731,0.014231004851153563,0.0,0.0,0.0,"[8, 19]",[20]
105,0.0035786856789130506,0.09279130621910474,0.00024367761086906172,0.0,0.16124737013299487,0.006696980734549741,0.0,0.0,0.0,0.0033482893420651943,0.0,0.04574099001187512,0.0,0.000498517287799637,0.0,0.05333804251121732,0.0,0.05263583263907939,0.1381383358852844,0.050296050511238574,0.0,0.0,0.0,0.0,0.07965935684164889,0.08157302576673903,0.08240618387243277,"[4, 18]","[11, 37, 40]"
106,0.0002805661239558367,0.009871914430535821,0.0,0.0,0.11933551258313202,0.0,0.004238124975740048,0.0,0.017818498235265504,0.0,0.0,0.047842966315037844,0.0,0.0,0.022378069177736923,0.005419862592791534,0.05974889721484804,0.03476006294113074,0.0,0.0,0.001547635225450633,0.004765993781169206,0.0,0.0,0.07375988503694705,0.07416246988566935,0.07435572928626379,[4],"[11, 40]"
107,8.8122332548869e-06,0.0005822271503056265,0.08105559597251771,0.0029404050363556647,0.0008262053061036674,0.0008034664510222624,0.0027671011751108647,0.0,0.0,0.008630731504179838,0.011995922280146827,0.0,0.0,0.0007969661777572245,0.005504052980712421,0.034880518356010734,0.0,0.0,0.0,0.0,0.0,0.0,0.10803466697703278,0.09648648368563524,0.0,0.0,0.0,"[2, 22, 23]",[1]
108,1.0493475812821041e-05,0.0007064665202956505,0.10314172223429316,0.0032006605348232613,0.0,0.0,0.0032914079482924056,0.0006384332238612508,0.0,0.004642619789485351,0.012256059636628382,0.0,0.0,0.0004331047447991013,0.008213502410896193,0.03946817648971596,0.0,0.0,0.0,0.0,0.0,0.0,0.08211721511244681,0.0747929650649301,0.0,0.0,0.0,"[2, 22, 23]",[1]
109,0.07611441513234576,0.0,0.0001443618657075099,0.0,0.0007488428013397453,0.0,0.024121316626721744,0.0,0.01515757698794726,0.0020831744722680013,0.0021853057627178717,0.0,0.0,0.06339483440214748,0.0027645368896604054,0.0023466987641816953,0.0071841981222620045,0.0,0.0,0.0,0.0070606760024166946,0.006324773905253122,0.0,0.0,0.01074975336841383,0.01082210623332918,0.010866460634985503,[13],[20]
110,0.02618376564752064,0.0,0.0001562815859641706,0.0,0.005110025184060713,0.15938034234809642,0.004316708778669585,0.0,0.022251508573575458,0.0,0.010682752198870177,0.0416854707310036,0.0,0.003521268306710514,0.0,0.0,0.00030737694603238437,0.011951460454303314,0.0,0.037831418853754004,0.03734359413810379,0.0,0.00948028616440204,0.015072569584692198,0.008782917061922912,0.009288010477050197,0.009537208276071804,[5],[20]
111,0.07949814623190839,0.0,0.00015174145567112092,0.00037552998672498047,0.0006170213156920379,0.0,0.0,0.0,0.023408185831233618,0.003311497617416337,0.006219877437634049,0.0,0.0,0.007843540917416873,0.0,0.0,0.0,0.0,0.0007814600159460867,0.018033400549889243,0.06265363501236756,0.017527569343534895,0.0,0.0,0.0,0.0,0.0,[20],[20]
112,0.07600606700636928,0.0,0.00017940226563654046,0.0012058191580494803,0.001646464777567149,0.0,0.0,0.0,0.009667968252448877,0.0023493764411973194,0.01271874662071455,0.0,0.001642113049722388,0.0,0.0,0.011186101027850658,0.0,0.08416815875548292,0.0,0.08197015566467229,0.017205823605589497,0.0,0.0,0.0,0.0,0.0,0.0,"[17, 19]","[20, 43]"
113,0.07982303495290557,0.07634724679627639,0.0,0.0,0.0,0.05522088053046885,0.005935350082856189,0.07272494177161731,0.0,0.024191901394424058,0.0,0.0,0.0,0.03213481642495189,0.13967838660529772,0.0,0.0,0.0,0.011145185261661387,0.0,0.00026309652267951034,0.0,0.025413014452265393,0.04863721651798119,0.0,0.0,0.0,[14],"[20, 37]"
114,0.06992086798731241,0.0,0.0,0.0004912229850105376,0.00015625725934360524,0.03211330023003837,0.025901594716478026,0.002047604121537471,0.0,0.0,0.010422505232507021,0.010931881794494645,0.0,0.0,0.0,0.0,0.0,0.04194313128780406,0.0,0.0026971596884309457,0.010616100225812972,0.0,0.0,0.0,0.0,0.0,0.0,"[5, 17]",[20]
115,0.005411704946284075,0.10007078084615413,0.0,0.0,0.15415937230639915,0.021143283647494234,0.0109682073238782,0.13749521632785322,0.2531816968706939,0.0,0.0,0.0,0.0,0.0,0.11993082578795694,0.02091320703543315,0.0,0.0,0.0,0.0,0.0060391773935230125,0.0,0.0,0.0,0.12704421524163345,0.12631901348282507,0.12598694522519022,[8],"[0, 10, 37, 40]"
116,0.0036550620888000547,0.07452332076620997,0.0,0.0,0.0,0.054183372494589585,0.014418195103013202,0.06943210923635097,0.0,0.011377358040930836,0.0,0.0,0.0,0.004706028474749053,0.11701450123061201,0.07345975459551664,0.0,0.0,0.047096936024446104,0.0,0.0,0.0,0.0,0.0,0.0,0.0,0.0,[14],[37]
117,0.0739236507126186,0.0,0.00031721983432754795,0.0022258701579304222,0.004623825081576076,0.0,0.0,0.0,0.002706906271402828,0.009155315183050369,0.013177751351172658,0.002219501299351374,0.0,0.0,0.0,0.0,0.0,0.001277138395616182,0.008860324182720428,0.008840761358726254,0.03567933781500508,0.08249509389991451,0.01990183802232956,0.0,0.0,0.0,0.0,[21],[20]
118,0.0034237772401181322,0.04962710370986629,0.0,0.0,0.0,0.05171706501590656,0.004261412304023388,0.12452474254779262,0.0,0.0,0.0,0.0,0.0,0.0,0.18350366152843714,0.0,0.0,0.0,0.0,0.0,0.016893005388444748,0.03301150166010894,0.0,0.0,0.03707932999808897,0.034747319137460514,0.03373938277134694,[14],[37]
119,0.006262193772827066,0.09683027385437114,0.0,0.0,0.0,0.04310809623781074,0.0,0.029858056114864907,0.0,0.025988487322932838,0.0,0.0,0.0,0.0,0.08034483966443459,0.0,0.007214362385515878,0.0,0.0484754102046267,0.0,0.0,0.03738671707055672,0.0709447287529323,0.0734352704447188,0.028518064482847525,0.027549443288808588,0.02713024595713772,"[1, 14, 22, 23]","[32, 34, 37]"
120,0.06008040333787327,0.0,0.0001906783576357618,0.0024403853979895604,0.0022447676927812915,0.0028572897927103473,0.0,0.0,0.0,0.0012988256332669066,0.016478133420148516,0.0,0.044479815541626916,0.0,0.0,0.02648385319225335,0.0,0.14371235892761802,0.0,0.10552135206358554,0.005454117058530935,0.04975502345756969,0.0,0.0,0.0,0.0,0.0,"[17, 19]",[20]
121,0.06358292196867861,0.0,0.0,0.0,0.0,0.026534717429569046,0.0,0.022589862891944937,0.0,0.0,0.0,0.0,0.023089859063249524,0.0,0.028379372789798244,0.0019440074403588702,0.04159637917355702,0.0,0.0,0.0,0.0,0.0,0.012673024452226718,0.04582035928023821,0.014305495272049489,0.014411780563557835,0.014445156301610635,"[16, 23]",[20]
122,0.060495275108820676,0.0,4.3576164392417564e-05,0.0,0.0,0.0,0.023376736853003018,0.000323858601423383,0.040199218788202526,0.0,0.0,0.010953179259246201,0.002112037924384624,0.20391904183861476,0.013897480343612174,0.0,0.024208424866993806,0.0,0.0,0.0,0.040153651850973804,0.0,0.005973858663232129,0.010672269281153243,0.0574924694037706,0.057891537345531305,0.058099770555582374,[13],[20]
123,0.0731921887471539,0.0,6.036819274708921e-05,0.001626232444263068,0.0008506843264249369,0.014423844823379385,0.0,0.0,0.0,0.0,0.01324097801575633,0.0015290873567237917,0.020973549865353276,0.0,0.0,0.0,0.0,0.004193928966767534,0.0,0.0,0.02678624137409038,0.03217734989169206,0.0,0.0,0.0,0.0,0.0,"[20, 21]",[20]
124,0.005050505876305315,0.07523867256300477,0.0,0.0,0.0,0.025734888437624507,0.0017144796751549583,0.15661806475598458,0.0,0.0,0.0,0.0,0.01795000197946238,0.0,0.16168011499040355,0.0,0.0073058164773017464,0.0,0.0,0.0,0.038679023744649564,0.0,0.0,0.0,0.06497177160090956,0.06341089865929872,0.0627317623188882,"[7, 14]",[37]
125,0.004507625863030742,0.10282351809585889,0.0,0.07946163970484,0.0,2.8666596263647844e-05,0.0027314007313212,0.02549756670922158,0.0,0.04389057430142356,0.06012193129058204,0.0,0.0,0.0,0.07949798785938603,0.07900170633486102,0.0,0.0,0.0,0.0,0.01471830633687711,0.03437701407840415,0.0,0.0,0.0,0.0,0.0,"[1, 3, 14, 15]","[21, 37]"
126,0.004660786025373075,0.09599341402544924,0.0,0.10380100747424585,0.0,0.0,0.0,0.03395967470515333,0.0,0.0,0.0,0.08617764778019751,0.0,0.0,0.0,0.03042525750203271,0.0,0.017787403091739647,0.0,0.038973570961768136,0.0,0.0,0.0,0.0,0.0,0.0,0.0,"[1, 3, 11]","[21, 37]"
127,0.0048604655912672734,0.11355541693151688,0.0,0.0,0.0,0.0,0.015898482352344503,0.0,0.0,0.0,0.0,0.04414993635436808,0.021743884736937533,0.0,0.0,0.0,0.011379202255963679,0.0008061425767269886,0.011479918869738873,0.0,0.0,0.005247675395488705,0.0,0.0,0.0,0.0,0.0,[1],"[15, 34, 37, 39, 42]"
128,0.07301576098045132,0.0,0.00030345432525856096,0.00018160475468489688,0.0021800790365712037,0.0,0.02348288100496139,0.0,0.0,0.0100977533530962,0.006881049281448665,0.0,0.02027119904212095,0.05541344072787795,0.0,0.01492533704754344,0.0,0.0,0.01129381103640626,0.0,0.0,0.03379179148943919,0.0,0.0,0.04605212386553581,0.04600406555013733,0.04600271540018267,"[13, 24, 25, 26]",[20]
129,0.0012011718012836794,0.02690648385036158,0.0,0.18079640663699661,0.0,0.0,0.0,0.009991084911783533,0.012864915570488298,0.0,0.04581132036153166,0.007768411591071922,0.0,0.0,0.0,0.0,0.0,0.0034428987465201415,0.0,0.017253342129934644,0.04199191767478392,0.02478207639433527,0.020956360367014,0.019050405256578327,0.0,0.0,0.0,[3],[21]
130,0.0003509072812325261,0.010006765809895107,0.0,0.07115553614178859,0.0019421888511109587,0.0,0.0,0.0,0.0019689389912661013,0.01884964246577041,0.023394240777619923,0.0,0.0031719864791103216,0.0,0.0,0.0,0.0,0.0,0.0,0.0007953904936111283,0.0,0.0,0.0,0.0,0.0,0.0,0.0,[3],"[10, 15, 21]"
131,0.0847883895412454,0.0,0.0001547082826674618,0.0,0.003444305961254302,0.03468343231482038,0.0,0.0,0.0025567131417058696,0.0,0.011499854304837295,0.012505016328589247,0.0,0.00011378599455515944,0.0,0.003167412488372322,0.0,0.014045699400014728,0.0,0.014643753823664266,0.0,0.014153833031020613,0.0,0.0,0.001149221479142494,0.0012899652947138728,0.0013551598954359572,[5],"[20, 30]"
132,0.08034835535227974,0.0,0.0001849297265430114,0.0008623537795746085,0.002435333215899143,0.0,0.01434776276394415,0.0,0.009327966510706765,0.0026685277393489293,0.012129647414563714,0.0052049759676796765,0.0,0.02462823844159403,0.0,0.013884531277014072,0.0,0.0,0.0,0.0,0.0,0.0056074719230919945,0.0,0.0,0.016152551776980942,0.01622958152666222,0.01627957198147448,[13],[20]
133,0.0379206603529424,0.0,0.00020313191292837038,0.0014603639604538136,0.002019088474407781,0.0036572385885982233,0.030382592551505508,0.0,0.03900069128423327,0.0035417292800322803,0.011998199645052833,0.0,0.0,0.0,0.0,0.0049987796399706365,0.035828424125372106,0.1075141779534126,0.0055665377206644134,0.13437200352510847,0.0,0.0,0.0,0.0,0.0,0.0,0.0,"[17, 19]",[20]
134,0.07986473083952839,0.0,0.00014283624693697518,0.0004067226422769834,0.0009183055511294574,0.0,0.02278020991119008,0.0,0.0,0.004433011715183788,0.010057204736420163,0.0,0.007443038677577263,0.006939418787953326,0.0,0.0,0.0,0.00863763252420291,0.0011826660918441286,0.0,0.03385720051864034,0.02098895410119412,0.0,0.0,0.027824198660572008,0.0275793034500857,0.027484595196325613,"[20, 24, 25, 26]",[20]
135,0.004028165701899076,0.08003226572426644,0.0,0.0,0.0,0.014724929473108803,0.022448370020221816,0.08122787072659057,0.0,0.0,0.0,0.0,0.04299767392938312,0.0,0.1471176594056391,0.008048372302477241,0.0,0.0,0.0,0.0,0.050991370878996564,0.10167197164749232,0.0,0.0,0.04710307959733319,0.04515028109136975,0.04430522666984485,[14],[37]
136,0.003924077925725613,0.09589243701342183,0.00015814533939808792,0.0,0.14623699383574873,0.015137235600568254,0.0,0.0,0.0,0.0,0.0,0.02844616421226052,0.0,0.0,0.0,0.009580489857955286,0.0,0.03507304573820087,0.11912057054490673,0.028521676715825416,0.0,0.0,0.0,0.0,0.10283511149723763,0.10380511002404795,0.1042269713047429,"[4, 18, 24, 25, 26]","[37, 38, 40]"
137,0.07789004078934822,0.0,0.00015128894404633003,0.000945206588818396,0.001281564230950184,0.0,0.034172514255893335,0.0,0.022387297295204417,0.006778126006187627,0.014836571866157505,0.0,0.007173162844224456,0.0,0.0,0.0,0.023156239466317126,0.1000416967758016,0.005651995935306437,0.10176321524790029,0.06800984599429931,0.0,0.000707137888512943,0.005648853919475417,0.02286284330828318,0.02202977616528034,0.021677135395783264,"[17, 19]",[20]
138,0.08412273118160223,0.0,3.230322993774164e-05,0.0,0.0012169189005346813,0.051040060562480116,0.0,0.0,0.006126268501336846,0.0,0.012260924590300756,0.007764927652486027,0.010735599112962868,0.0,0.0,0.0,0.0,0.02057579225410383,0.0,0.014126359244273329,0.02183233567967036,0.011811748927286135,0.016043603303433372,0.010382725400255793,0.0,0.0,0.0,[5],[20]
139,0.05066296000228743,0.0,4.034665341703583e-05,3.8755329090991156e-05,0.0,0.07789043261590563,0.0,0.0,0.0,0.0,0.01924243309668206,0.0012961890520219144,0.01360856725881733,0.0,0.0,0.0,0.0,0.12043960407871639,0.0,0.08057213372784458,0.015749979780089986,0.0,0.0,0.0,0.0,0.0,0.0,[17],[20]
140,0.004962287990972561,0.11832832145270786,0.0,0.05827732270681501,0.0,0.0,0.0023363776150380116,0.014524147105600736,0.020591098333930406,0.0,0.0,0.0,0.025826214720652562,0.0,0.009825653704703915,0.0020393490943565024,0.0,0.00023622548896432713,0.0,0.005051214314295372,0.0054611900527859105,0.041627797180336865,0.06308746748234041,0.06402417437424897,0.038287583010517094,0.03824995301449434,0.03822559531870604,[1],"[10, 21, 37]"
141,0.005083816047598198,0.04180665247763592,0.0,0.161632520903421,0.0,0.0,0.0,0.05374909297741762,0.0,0.0,0.04300363636268007,0.0,0.0,0.0,0.049739628745419324,0.0,0.013666251718653035,0.0,0.0,0.012886685042554682,0.02349150080813647,0.0,0.0,0.0,0.0,0.0,0.0,[3],"[15, 21, 26]"
142,0.08269692884126148,0.0,0.00013811203319645472,0.0003550320884030832,0.0005145111481486425,0.0,0.004351974054359692,0.0,0.0,0.002821504502674555,0.00931123460761936,0.0,0.0,0.0,0.0,0.0,0.0,0.0057866937966498605,0.0,0.0,0.0004309060485441945,0.018028925212829523,0.0,0.0,0.0017981966208475636,0.0017009902632764901,0.0016601622594398532,[21],"[3, 20]"
143,0.0806046540454956,0.0,6.205903358019197e-05,6.52300840005834e-05,0.0,0.0,0.0,0.00020199941650363238,0.001933542572582026,0.0,0.004267733698237218,0.001113704613182372,0.0,0.02002012013771693,0.0002265745670057724,0.0,0.0,0.0,0.0,0.0,0.035598384361219884,0.020966215650080715,0.009064993311510785,0.006544867161995433,0.0,0.0,0.0,[20],[20]
144,0.044514170710310316,0.0,0.0,0.013871411147949512,0.011881287042030028,0.03259879380906902,0.034599374848528694,0.0,0.0,0.00628176450647188,0.0190357412276444,0.0,0.0,0.0,0.0,0.013819152193543838,0.0,0.11690498576870706,0.001055943985421074,0.05656995166886859,0.03605920723105607,0.0,0.0,0.0,0.052314446612023495,0.051973650544388156,0.05183009339540536,[17],[20]
145,0.0019345418811696628,0.050535609244082486,0.0,0.16857213519514444,0.0,0.0,0.004482984102375504,0.0,0.0,0.05522578777851667,0.07213221190784408,0.0,0.015441956721430405,0.004124945365882318,0.0,0.0,0.018212870023004445,0.0,0.0,0.0,0.0,0.0403472296561697,0.0,0.0,0.0,0.0,0.0,[3],[21]
146,0.002284794839585883,0.0500188148238288,0.0,0.02726409674202813,0.0,0.0,0.0,0.02799622115871554,0.0,0.0,0.0,0.005473335945572201,0.054601925205158774,0.0,0.01827343022518475,0.0,0.0,0.00756791840373009,0.0,0.008956196463131378,0.0,0.10964780742476485,0.10713788236663363,0.11076982570738023,0.0,0.0,0.0,"[21, 22, 23]",[-1]
147,0.044752295251690284,0.0,0.0001600111108431997,0.001289174552464332,0.0018682715864292783,0.0,0.0,0.0,0.04147676294173367,0.008262303848531211,0.01551457811427167,0.0,0.01446032359125173,0.0,0.0,0.0,0.0,0.2080590900387015,0.012888506583185138,0.22628546103355313,0.0,0.02323507737110262,0.01892556888293404,0.002834089011397857,0.0,0.0,0.0,"[17, 19]",[20]
148,0.05266188603480244,0.0,0.000142308688389149,0.0005078205662666225,0.001263541379757779,0.03167450679719414,0.0,0.0,0.0,0.0027927052650731934,0.019347248793176713,0.0,0.0291665271275395,0.0,0.0,0.003761921173692781,0.0,0.12159036169088067,0.0,0.07399002083180856,0.0,0.06266758225317845,0.0,0.0,0.0,0.0,0.0,[17],[20]
149,0.0025738588933532642,0.0691102250084064,0.0,0.0,0.14069062030752896,0.00816039094871021,0.0,0.0,0.0,0.09956071150916734,0.0,0.018372792350867386,0.0,0.012850311127781419,0.0,0.0,0.0,0.05743617710065677,0.16342816803152455,0.05004165314537154,0.07188387308447798,0.0,0.0,0.0,0.011301566035032032,0.014425539603623338,0.015804536997615918,"[4, 18]","[11, 37, 40]"
150,0.004083791861543564,0.08685816871582563,4.8466153039277695e-05,0.0,0.005483328613189593,0.0,0.0,0.01917937713322103,0.0,0.0,0.0,0.14670118300739193,0.017303603771344746,0.0,0.0,0.0,0.0,0.05061874188312076,0.0,0.04419831143457321,0.005766238852673907,0.0,0.0,0.0,0.023026800865941933,0.0242269544494732,0.024749660979400366,[11],"[34, 37]"
151,0.06283312555312015,0.02051680451698187,0.0,0.0010013279550625882,0.0,0.04568163508589998,0.0,0.06419794197020011,0.0,0.0,0.0,0.013271861238435746,0.0,0.0,0.04266989103050694,0.06779880637827701,0.0057135923474069174,0.05274080481431356,0.0,0.015101930191946049,0.0,0.0,0.0,0.0,0.0,0.0,0.0,"[7, 15, 17]","[10, 20, 28, 38]"
152,0.07922385410756745,0.0,0.00010169502805734927,0.00024072411906793503,0.0,0.0,0.003894870881771443,0.0,0.013413125778180017,0.0016601845415919374,0.01146610618744171,0.0,0.0,0.0,0.0,0.0,0.01129680435390659,0.07439975078645296,0.0,0.07840436925369619,0.0,0.0,0.0,0.0,0.0,0.0,0.0,"[17, 19]",[20]
153,0.08390212902524065,0.0,0.00012065611294401669,5.805038213948931e-05,0.0009694263772695246,0.0,0.0,0.0,0.010858745863636386,0.0,0.0046509937772079854,0.006529020684753819,0.010485449765328978,0.06545703750151072,0.0,0.016082370769093222,0.0016327125329288067,0.0,0.0,0.0,0.0,0.013703707997718655,0.002167940979800163,0.0,0.00567491710141166,0.005832066621184534,0.005908179023717866,[13],[20]
154,0.07953165797708463,0.0,0.00018647003988527168,0.00140573599605277,0.0020849412055954516,0.0,0.0,0.0,0.00719413228634259,0.0,0.000565905383224918,0.007377295605832823,0.0,0.08404524332342196,0.0,0.016526192550191228,0.0005794510428308381,0.0,0.0,0.0,0.0,0.019999620022761205,0.0008176804925,0.0,0.0072881843922454215,0.0076419907311763005,0.007800385236367383,[13],[20]
155,0.004231772493246957,0.06281321076419864,0.0,0.0,0.0,0.03633479256491658,0.006186923609538545,0.14398732019379307,0.0,0.0,0.0,0.0,0.0,0.0,0.184133033042432,0.0006723887010697164,0.0,0.0,0.0,0.0,0.0,0.0,0.0,0.0,0.012875227179498384,0.010628683339003277,0.009655517270605525,"[7, 14]",[37]
156,0.06712902829248024,0.0,0.00022364556737693484,0.0025151193812890963,0.0030763935715292226,0.0,0.0,0.0,0.0,0.011125774681468362,0.009065651831219846,0.0,0.009518912856427185,0.006748702649867623,0.0,0.036078840291301734,0.0,0.0,0.00807158040182092,0.0,0.0,0.06673722208680705,0.015946917265761373,0.0,0.0,0.0,0.0,[21],[20]
157,0.06967656215064053,0.0,0.00021560726612347123,0.0012023228701254379,0.003421587857555244,0.0,0.0,0.0,0.02491018532744391,0.002435583224941532,0.0007394351527730708,0.008603572141868085,0.0,0.14111411062438967,0.0,0.014166379582369054,0.0,0.0,0.001541566704462399,0.0,0.0006879103300482367,0.06304950051739087,0.02311223857194625,0.005576903585491691,0.009633614605862614,0.01018500779864932,0.010443075997922692,[13],[20]
158,0.05480345706773744,0.0,0.0,0.0034195068897627675,0.0,0.023688241269876995,0.0,0.0,0.029225113541589756,0.0010029344061235146,0.01580732039924482,0.0,0.018108226919984555,0.0,0.0,0.051517351171995386,0.009622104985331031,0.14914628589653747,0.0,0.16287575368314444,0.0,0.0,0.0,0.0,0.0,0.0,0.0,"[17, 19]",[20]
159,0.0031920251680645525,0.06970080900279009,0.00013701402622090668,0.0,0.0,0.047142441304491,0.005111566404350163,0.0,0.0,0.12956031584823854,0.0,0.0,0.02311920424942716,0.012586856067358413,0.0,0.0,0.0,0.0,0.1809899268792042,0.0,0.0,0.03672509304458021,0.0,0.0,0.0,0.0,0.0,"[9, 18]",[-1]
160,0.05487298716295959,0.0,0.0,0.0,0.0,0.0,0.0,0.004999603608790487,0.0,0.0032785445939389974,9.367396633093867e-06,0.0,0.032334184578934215,0.0,0.015486314618636754,0.03230819784255769,0.0093491833753413,0.01544747658319741,0.002762289116789856,0.009054244178113964,0.0010585632431308694,0.0,0.0,0.0,0.0,0.0,0.0,"[12, 15]",[20]
161,0.061236167607041064,0.0,8.330570274690112e-05,0.0007105772900289211,0.0006831967863793367,0.026435377752257988,0.0,0.0,0.0,0.0,0.01020953971394313,0.004616866122529013,0.0,0.0,0.0,0.009985592130663582,0.0,0.004603359097010822,0.0,0.0,0.0,0.008767100382232424,0.0,0.0,0.0,0.0,0.0,[5],[20]
162,0.08359509267326722,0.0,0.0,0.015828426026243653,0.0,0.04847656285458267,0.0,0.0027041762226608797,0.0,0.0,0.016615576495773686,0.0010190025966120633,0.0,0.0,0.0,0.0,0.0027811897217883837,0.029760461334986228,0.0,0.007158025942878492,0.01865397216139339,0.0,0.0,0.0015184826365083122,0.004936045605825295,0.004918082552576132,0.004906303986825061,[5],"[20, 43]"
163,0.05027693111375887,0.0,0.00021650299241053497,0.002106268356433845,0.0041503363473102,0.0,0.0,0.0,0.08206867499380073,0.0,0.00808971521761941,0.006079520512911251,0.0,0.0,0.0,0.0023279335015928223,0.0027876559881894252,0.08932885936721795,0.0015490000130636557,0.15846758464213798,0.06870376107333886,0.0,0.007951463933631449,0.005019466305058677,0.0,0.0,0.0,[19],[-1]
164,0.08416027971853306,0.0,9.114856120099238e-05,0.00032314152672606385,0.0,0.0,0.0,0.0,0.0148115472349601,0.0,0.008528872494438419,0.0,0.017817730820316232,0.0,0.0,0.0,0.008475694335055243,0.05213272059267414,0.0,0.04958015008521539,0.0003337594691389994,0.0,0.008765319165857967,0.009917696216569639,0.0,0.0,0.0,"[17, 19]",[20]
165,0.00446085219181313,0.10383225713189828,0.0,0.0,0.0011764852666924772,0.002115355319447754,0.015521373523824027,0.0,0.0,0.0,0.0,0.04729450338239212,0.03703604315590268,0.006024109387516191,0.0,0.0,0.0,0.007581052006823062,0.054120527731935326,0.0,0.0,0.011196475046708673,0.0,0.0,0.0,0.0,0.0,[1],"[37, 39]"
166,0.06043579809107205,0.0,0.00015922707043338356,0.0,0.00027366040645762337,0.0,0.007753429288384774,0.0,0.04550140542271329,0.0033149901895581134,0.0,0.0,0.04488779369208399,0.049839232416416614,0.005084339329838822,0.0,0.016560597975673393,0.0,0.008425518995825129,0.0005070881951358315,0.007805016396583578,0.0010977894235544474,0.021987537148463836,0.0048241357708644775,0.01622863268601211,0.016058755501482117,0.015998038582298285,"[8, 12, 13]",[20]
167,0.07626105079844873,0.0,4.0839481314484044e-05,0.0,0.003979512927084651,0.004647393927258976,0.0,0.0,0.0,0.0,0.002690856674678718,0.0032800843045696117,0.024245642360351084,0.0,0.0,0.0,0.0,0.0,0.0,0.0,0.0315613802171118,0.02800482690275775,0.0,0.0,0.004892257523454064,0.00533637483939382,0.005523066466410845,"[12, 20, 21]","[20, 30]"
168,0.07620397050056442,0.0,0.0002628358974269522,0.0019398952655935032,0.004599504300991564,0.005041940706268239,0.0,0.0,0.0,0.002826275953015139,0.011774267957573192,0.010515625803774664,0.003395752402962834,0.05180114377871889,0.0,0.03363712326594359,0.0,0.0,0.0,0.0,0.023151266062648727,0.03894020146004432,0.0,0.0,0.0,0.0,1.2938205676232407e-05,"[13, 21]",[20]
169,0.03868696783811934,0.0,0.0,0.006839264081311831,0.0012151615823143846,0.05025087909930979,0.055630319379281166,0.0,0.0,0.0,0.022317209158055722,0.0004395825184167429,0.0,0.0,0.0,0.01654515740526704,0.020900448542480493,0.1460483487397085,0.0,0.09562135700510281,0.08218941347344588,0.0,0.0,0.0,0.047420270475518146,0.046770509387319505,0.04650648918872346,[17],[20]
170,0.0016735513479339637,0.033584567756269994,0.0,0.18027779221793097,0.0,0.0,0.0,0.009755236675936437,0.012449857461193729,0.0,0.0394700937667233,0.047160604315640245,0.005967662899504065,0.0,0.0,0.0,0.0,0.01000525374892057,0.0,0.024539416523361737,0.0,0.0025859459564948127,0.0133610658549992,0.009199158653662387,0.0,0.0,0.0,[3],"[15, 21]"
171,0.0017839286254713181,0.05579232462769626,0.0,0.16994365300292358,0.0043189780180234345,0.0,0.0,0.0,0.007880217261271905,0.06843114636546799,0.06360244612873471,0.0,0.0,0.00966125562596956,0.0,0.0,0.0,0.004316830777307407,0.0,0.005725670179230234,0.0005099528753523005,0.01818926382622992,0.004652269164001584,0.001937222566409175,0.0,0.0,0.0,[3],[21]
172,0.00011644897815919543,0.0036958334709577476,0.0031741446479977152,0.0,0.09397495660242183,0.0,0.0,0.13385394283891514,0.0,0.08009230221782443,0.20151195321042722,0.02307607129520447,0.22239371440967012,0.022281456471446213,0.0055927182093026325,0.0,0.02349011305315422,0.0,0.0,0.0,0.15122048792043147,0.0,0.05593526331705568,0.054170651397612755,0.0,0.0,0.0,"[10, 12]","[33, 40]"
173,0.06785872282630998,0.0,4.997866189858878e-05,0.0,0.0,0.0,0.018336618646406396,0.004236015442419566,0.0,0.001631009387134616,0.0,0.0,0.017228066266396468,0.13786633247490793,0.022282787493460323,0.0,0.024151054771952885,0.0,0.0,0.0,0.020868361573215227,0.0,0.0026987836106871733,0.001568145368994319,0.04766355839719028,0.04781640489391719,0.04790056260155589,[13],[20]
174,0.06967937377123921,0.0,0.0,0.006061031871885022,9.584778326255455e-05,0.0,0.0,0.0,0.0,0.0013311594430188765,0.008416499496466591,0.0,0.0,0.043641795096334514,0.0020514787479208882,0.02338603713640597,0.0,0.0,0.0,0.0,0.0,0.0625907634192701,0.0,0.0,0.0,0.0,0.0,[21],"[20, 30]"
175,8.443699994393105e-05,0.0026266826014699246,0.0,0.0,0.032605775027408385,0.0,0.00870248676579892,0.0015956182859259078,0.011591435828029163,0.0,0.0,0.005218965796011552,0.0,0.0,0.013388480485104031,0.037843531891027245,0.014137591352451552,0.004630936048192598,0.0,0.0,0.0,0.001735192749117477,0.009279155107329401,0.009582562317151122,0.008169591559533538,0.00822497565073272,0.008256868347966588,"[4, 15]",[44]
176,0.0007078373044624997,0.005965178906368953,0.0,0.0,0.07228539946817399,0.0,0.0,0.01172046710156039,0.0,0.0,0.0,0.025366899540374997,0.0,0.0,0.02802834985404491,0.11212141941849957,0.031540196208939025,0.01547265609478105,0.0,0.00036617383622699826,0.0,0.00809635982150151,0.006987895909200623,0.008373320863519895,0.020854805415113458,0.020878153426560284,0.020898325304446918,[15],[35]
177,1.651102293813685e-05,0.0008564091898173421,0.10950806390973243,0.00267833029448131,0.0001289369144591627,0.0006029057139721208,0.002514274098794892,0.0,0.0,0.008719064896615728,0.011092082381527016,0.0,0.0,0.0003990706443794296,0.006286765236056886,0.005664661755929863,0.0,0.0,0.0,0.0,0.011820439338998765,0.0,0.07930807080513592,0.07125860691693821,0.0,0.0,0.0,"[2, 22]",[1]
178,0.07567258170852047,0.0,0.0,0.0,0.0006112438332143279,0.12462569487847103,0.0,0.00339000939763702,0.0,0.0,0.0,0.04670612397622338,0.0,0.016587852521408823,0.0,0.0048559482278584185,0.0,0.0,0.0,0.0,0.04840044575948389,0.016578452907077552,0.013478024228322472,0.011825929575553439,0.0,0.0,0.0,[5],[20]
179,0.06388654584828099,0.0,6.346480466610102e-05,0.0,0.0,0.0,0.0,0.0,0.03280705599435951,0.0,0.0,0.009098719901547874,0.0,0.15723677104274203,0.00848463172498206,0.012244061554594846,0.0,0.0,0.0,0.0,0.1043576024971079,0.07523777093117778,0.030056342635955052,0.0023552544848546055,0.0,0.0,0.0,[13],[20]
180,0.0012239349067057533,0.027336852617196292,0.00023741380929656562,0.0,0.22817082244136638,0.0,0.0,0.04740084925455375,0.0,0.0,0.0,0.04897871444222546,0.0,0.0,0.0317573895852826,0.05070787942261251,0.05967925992405431,0.011316444201381315,0.0,0.02800527081978411,0.016473130331486358,0.005682082582800855,0.025542465008611213,0.02997494230476824,0.04543060350299254,0.04526502370436993,0.045176828627464666,[4],"[11, 40]"
181,0.07926511482353957,0.0,0.00014842196078123724,0.0,0.0006164308693534964,0.0,0.009220176808202252,0.0,0.0,0.0,0.0019394243818107529,0.0029915933924128694,0.0017550719280128876,0.10654433268203817,0.004241051383340654,0.0,0.00011564016932193685,0.0,0.0,0.0,0.011502949705956752,0.011126094092642678,0.0,0.001362576096762563,0.0351149443000183,0.03546974459607048,0.035641967019335405,[13],[20]
182,0.03998470292283429,0.0,7.831336579432946e-05,0.0,0.0,0.0,0.0337633731889114,0.0018847319645900406,0.021602316481336325,0.003104523421297268,0.0,0.0,0.026281395864913997,0.10964289777298829,0.018903056108137143,0.0,0.03931669701598611,0.0,0.007883144089662123,0.0,0.041857456645347305,0.0,0.014279308609212026,0.01994019206514543,0.06284737072218727,0.06268718534525906,0.06263960055104026,[13],[20]
183,4.635954526237839e-05,0.0015258359437420595,0.00041196260637875687,0.0,0.07350243005311985,0.0,0.0,0.10694085133801616,0.0,0.0712877546584803,0.17032086389067683,0.019499569676551393,0.0,0.02124979956592105,0.0009698493223343242,0.0,0.04074361851288673,0.0,0.0,0.005760320899983812,0.02902882439761309,0.048865174727502,0.03159034055952765,0.032931059903045,0.0,0.0,0.0,[10],[40]
184,5.479244123376055e-06,0.00029119411671866093,0.0006976031199509581,0.0,0.041012183335691156,0.0,0.0,0.06477670097007339,0.0,0.04699983398541591,0.10745748286259334,0.016457781564638136,0.28657205478067566,0.011802208036900833,0.0,0.0,0.005329870301497185,0.0,0.0,0.0,0.0049957487321125515,0.0,0.032737852282933515,0.03291349395740747,0.0,0.0,0.0,[12],[40]
185,0.0002660580306267811,0.008891071863537168,0.0009941446499635838,0.0,0.12558081816693425,0.0,0.002262231413830739,0.0,0.008822100949475269,0.0,0.0,0.050369618646886286,0.0,0.0,0.02947732366227897,0.08940452762598826,0.06687574106959382,0.03267287541251511,0.0,0.0,0.0,0.012842787535925899,0.005770658383763711,0.007095723621877762,0.06528514086246512,0.06562637005437452,0.06579396144545076,"[4, 15]",[40]
186,0.0690849487226103,0.0,0.00016896489584682092,0.0005793401011925115,0.0017642827620802921,0.008849252381472493,0.023611658118875962,0.0,0.014978445474385252,0.0024516281351138,0.011719414352220995,0.0011556493082237223,0.0,0.0,0.0,0.06375643689084019,0.017027224753050324,0.02563202108925605,0.0,0.02681229457411343,0.016248295912542173,0.0,0.0,0.0,0.019890890693122523,0.01971880102032724,0.019657278435805888,[15],[20]
187,0.07055374799370827,0.0,0.0002263246652131335,0.002813632952286262,0.005546187468319807,0.0536749257689487,0.051331623482904556,0.0,0.00939317894124615,0.004870655165648194,0.027654549105199506,0.008492615147984254,0.0028781008538462,0.0,0.0,0.0,0.002060534165791502,0.1211980066233599,0.0013776226875189949,0.11401255398765234,0.0,0.0,0.005117386298887012,0.006013919651516299,0.038308205875943156,0.037816513142306676,0.03763072355843145,"[17, 19]",[20]
188,0.003133974061863225,0.0665512660389847,0.0014202984648488434,0.0,0.0,0.05073234287178052,0.0005832587743760768,0.10479319802617555,0.0,0.0,0.0,0.0,0.00843852773497112,0.0,0.16387093117423848,0.002491376393933026,0.0,0.0,0.03275096761023364,0.0,0.0,0.04794215050018049,0.0,0.0,0.06407586226324784,0.06177625855298369,0.060771168725569084,[14],[37]
189,0.0020513827858651586,0.06547647643716464,0.001660451924041102,0.0,0.08231057030960938,0.02469741103072167,0.0,0.0,0.0013294333953449624,0.12521463686115442,0.0,0.0,0.0,0.01398202531324923,0.0,0.0,0.0,0.04060837185133248,0.1859849184184523,0.01497087336702654,0.0,0.040685365088621465,0.06987483856450534,0.07556091854364072,0.0,0.0,0.0009251925104617982,[18],"[5, 37, 40]"
190,0.005523233926953573,0.08396783890044922,0.003049898984515176,0.0,0.0,0.0617642414866555,0.0,0.10621821679851065,0.00944483144242455,0.0,0.0,0.0,0.0,0.0,0.1764042940600086,0.02972954910846505,0.04266838153581262,0.0,0.029553452710620993,0.0,0.0,0.012936516531938428,0.10998438562261567,0.12156616179962929,0.07537639840066455,0.0732558867093169,0.07232029253933914,[14],"[32, 37]"
191,0.00466396692794555,0.09166378005981748,0.0031783087705232137,0.0,0.0,0.05372757748951286,0.007580870636652702,0.019911146452436305,0.0,0.08184114079169943,0.008883313404382122,0.0,0.0,0.0,0.10998118612363599,0.0,0.05454312072950472,0.0,0.08004860997974877,0.0,0.0744507118389056,0.0,0.018321654556932503,0.020489151342089944,0.0,0.0,0.0,"[1, 9, 14, 18]","[32, 37]"
192,0.004489975695819424,0.08175987853790519,0.0,0.0,0.0,0.06256859582974703,0.007971269187533757,0.05911827477514074,0.0,0.04669183366586702,0.0,0.0,0.0,0.0,0.16202267452006455,0.032818162349529875,0.01744022588007237,0.0,0.05392963682496444,0.0,0.04817922274502797,0.007706285275519171,0.0,0.0,0.0,0.0,0.0,[14],[37]
193,0.062442472301711675,0.0,8.221331680530423e-05,0.0,0.0,0.0,0.0,0.0006393125038740759,0.04131671669605198,0.0,0.0007352686520620619,0.0,0.0,0.0,0.0,0.0,0.015020894998568115,0.007230093226307566,0.0,0.05223827351950008,0.0,0.0,0.0,0.01088703986461189,0.0,0.0,0.0,"[8, 19]",[20]
194,0.08430482127190878,0.0,0.00016757128597979503,0.0,0.0007616834209157894,1.4989325754717971e-05,0.0,0.0,0.020120645914630718,0.0004289840050475044,0.0070741302237325755,0.0022160488991512573,0.008443092086741866,0.031090762182711586,0.0,0.0,0.0035547594905691207,0.0,0.0,0.0,0.0,0.007775664098530085,0.00819704094066175,0.012092630605016511,0.0,0.0,0.0,[13],[20]
195,0.004305554267885938,0.08041350258157548,0.0,0.06236283882919261,0.0,0.0,0.0007352852338458622,0.11704483866189362,0.0,0.0,0.0,0.0,0.00782731174303222,0.0,0.10600076423253163,0.0,0.0,0.0,0.0,0.00975788923540952,0.048511876966604216,0.0,0.06737007676268915,0.06765542986982132,0.028701704389053773,0.027722104568920145,0.02728810107192191,"[7, 14]","[21, 37]"
196,0.0020336019791262856,0.06467787753142015,0.0,0.0,0.041750169467045024,0.0,0.0,0.0,0.0,0.0,0.0,0.17242159870930995,0.0,0.0,0.0,0.03485726441001843,0.0,0.07931190521149173,0.04044421903235935,0.0872321777547359,0.004670627070328508,0.0,0.08292407056457371,0.08756791327610049,0.09001071491469348,0.09228194163200139,0.09325222883506464,[11],"[4, 37]"
197,0.07749670771348113,0.0,9.01938100204217e-05,0.0005359750637110076,0.0007012429882198429,0.001850305105080265,0.01629530812576593,0.0,0.0,0.0010190380502688267,0.016546032348893198,0.0,0.006364840788301414,0.0,0.0,0.0,0.0,0.07491323600363593,0.0,0.048578555969165486,0.0,0.005181938638521159,0.0,0.0,0.012604757012268862,0.012273974923542433,0.012133986635380269,[17],[20]
198,0.005127040977245969,0.11251042811708489,0.0,0.058809260224690525,0.0,0.0,0.007984084431763539,0.015824753212518205,0.0,0.02345191510883192,0.02810528992381036,0.0,0.0,0.0,0.020296853210366235,0.034551285273586016,0.0,0.0,0.0,0.0,0.009134365290785056,0.04694494208493349,0.048387096974495405,0.04679907735980866,0.0,0.0,0.0,[1],"[21, 37]"
199,0.004689694314912182,0.10901780414074612,0.0,0.08156439638417967,0.0,0.008085719471608625,0.0,0.0,0.0,0.06056468537262894,0.03718045333695291,0.0,0.0,0.0074516617564197975,0.0,0.004406687856005256,0.0,0.0,0.027110290597132162,0.0,0.0,0.0,0.0,0.0,0.0,0.0,0.0,"[1, 3]","[21, 37, 39]"
200,8.65406254976726e-05,0.003403874817028318,0.13072995329119336,0.0,0.0,0.0,0.0,0.011012824297214998,0.04017914842947835,0.0,0.0,0.020742717248492238,0.03529633244176582,0.0,0.0014503198078829188,0.0,0.07642019217668618,0.009029870776726153,0.0,0.02019171505885357,0.037862099499447015,0.23341117883923782,0.0,0.0,0.043045569666129074,0.043016710119155276,0.04299468565174532,[21],[1]
201,3.0641451849936014e-05,0.0014036332414512952,0.10426379402637587,0.0012949826235808726,0.0,0.0,0.0,0.0005856707324654485,0.008353785895648717,0.0,0.0,0.0017170953959480288,0.0,0.0,0.00036815535069207114,0.02265291910466488,0.009661589456136353,7.55960900241735e-05,0.0,0.00445784765700515,0.007831064639029295,0.01990643217133761,0.0,0.0,0.0034542060310927976,0.0034457852065249493,0.0034414478754123527,[2],[1]
202,5.716170384593164e-05,0.0017533370040924664,0.0004596906836389581,0.0,0.08542131790952638,0.0,0.0,0.11613982335227177,0.0,0.0678318771015108,0.17395439505045202,0.02296981017084671,0.0,0.022317067996582673,0.0010301494563499207,0.0,0.03809533817937752,0.0,0.0,0.0,0.0,0.04784338238510834,0.03102740883410099,0.0318826747739254,0.0,0.0,0.0,[10],"[35, 40]"
203,2.68581738427608e-05,0.0010497812099640642,0.00017163381718704243,0.0,0.02189608130641909,0.0,0.0,0.022147525461691832,0.004599530453679495,0.015438634421859408,0.0359891297403677,0.004874519775521938,0.011596754357809961,0.005518985549789218,0.0,0.0,0.0,0.0,0.0,0.0,0.008034413764812103,0.0033704998224235805,0.0008942943748923329,0.0014130906449306049,0.0,0.0,0.0,[10],[-1]
204,0.07422997770204573,0.0,0.00018105834618624962,0.00021466876183906362,0.001015173601684656,0.0,0.009167304470217517,0.0,0.024173582811206226,0.0055839474717691295,0.007054226659359713,0.0,0.006154753638482911,0.0,0.0,0.0,0.0073594286869423375,0.045320052296000335,0.007361716165011252,0.05760132944723157,0.022291233383154332,0.004577618475573571,0.004538018285820487,0.003718582544604594,0.0,0.0,0.0,"[17, 19]",[20]
205,0.0028560435939251816,0.06735456262330199,0.0,0.0413169155904116,0.033862187187804524,0.0,0.008589204443676867,0.03331682055556385,0.009687846640844553,0.0,0.0,0.13583439478324433,0.0013378759921890602,0.0,0.0,0.0,0.00894808653721239,0.04648156399252562,0.0,0.025669192982865015,0.09452910100991328,0.0,0.025546540644740347,0.027659474413225877,0.02748682642403044,0.028520808577737807,0.028966723353053215,[11],[37]
206,0.005700627093418602,0.0833422387563469,0.0,0.0,0.0,0.0491980006235755,0.0015899174551418387,0.09792457876197923,0.0,0.0,0.0,0.0,0.0,0.0,0.15108742567971417,0.04002387540939797,0.004817842232578383,0.0,0.024217011408842887,0.0,0.0,0.0,0.05469072656788189,0.06430308690121755,0.05166228360555349,0.04991659998734932,0.049154464072730504,[14],"[5, 37]"
207,0.004305755716248408,0.08128260978654378,0.0,0.0,0.0,0.025492832485035113,0.0028730926645396493,0.10140928468469111,0.0,0.0,0.00038810648753727356,0.0,0.0,0.0,0.12337374703942598,0.0,0.04066710056394301,0.0,0.0,0.0,0.0,0.0,0.0038977874235279564,0.0020801362109931854,0.0,0.0,0.0,"[7, 14]",[37]
208,0.0020681458526352584,0.05560268099229576,0.0630819215618393,0.0,0.020515958115379283,0.007584941131977558,0.008006264235702464,0.0,0.0,0.14405009791917422,0.014767842235656203,0.0,0.04399253186031832,0.013255904612241923,0.0,0.0,0.0,0.020644038667319613,0.1400573327109551,0.0,0.0,0.00814106843324485,0.08502655291734579,0.0824687293192913,0.0,0.0,0.0,"[9, 18]","[1, 37]"
209,0.00475701493776073,0.09718298607421813,0.0,0.0,0.0,0.02687083078889087,0.012917139217920164,0.049777038706731995,0.0,0.006987161347359312,0.0,0.0,0.0,0.0,0.10046948185699806,0.06064145232893523,0.01324752341690017,0.0,0.0,0.0,0.01731518917297465,0.0,0.0,0.0,0.0,0.0,0.0,"[1, 14]","[8, 37]"
210,0.004509118729328289,0.09864307269304794,0.0,0.0,0.0,0.033975052171118326,0.006109017778036908,0.08779522338356394,0.0,0.0,0.0,0.009068407387172753,0.0,0.0,0.08147853060707225,0.007594729264512208,0.0,0.0038738303290254965,0.0,0.017864276330422108,0.0,0.0,0.032817375862779004,0.034199148852498445,0.09820301586664512,0.09761073079471866,0.09733126987056764,"[1, 7, 14, 24, 25, 26]",[37]
211,3.0389427342864463e-06,0.0001708267852802335,0.002615577559193873,0.0,0.015797225048598824,0.0,0.00036069778921295485,0.0199306398336712,0.005738192446718971,0.011435958721837464,0.028663914878306624,0.004144014340785108,0.07596856507694648,0.0032737527449878782,0.0,0.0,0.0,0.0,0.0,0.0,0.004211888111963965,0.0,0.010505997395726089,0.009212671410160229,0.0,0.0,0.0,[12],[40]
212,3.7494416342974366e-06,0.00019050843133759668,0.0003902700242566775,0.0,0.02470896963745415,0.0,7.615528416557362e-06,0.037990402149328494,0.006680482651014436,0.02208793147169813,0.05502227296840387,0.009897639889455778,0.09691235280940992,0.006752769067748402,0.0,0.0,0.0,0.0,0.0,0.0,0.039390876446563236,0.0,0.008012761232305723,0.0071985559315084725,0.0,0.0,0.0,[12],[40]
213,0.003457753866839143,0.07745497168846269,0.0,0.0,0.0,0.02148216567831629,0.009434266179460872,0.09478469075054001,0.03738810208724154,0.0,0.0,0.0,0.0040460184216197835,0.0,0.08831142075464206,0.00820631310785033,0.0,0.006339727793336431,0.0,0.019820038517509925,0.06786107532440204,0.0,0.15610712146555533,0.1607597542618657,0.12033883117766135,0.11967238644567064,0.11934965245284858,"[22, 23, 24, 25, 26]","[37, 41]"
214,0.010661216910429861,0.06493699944847818,0.0019715977915085625,0.0,0.01586573958768708,0.18114302999881227,0.0,0.01914868885176821,0.0,0.0,0.0,0.2074828556962576,0.0,0.042485995619695106,0.0,0.03298053144083505,0.0,0.021531604830766955,0.03142101248900822,0.031398209440926285,0.061735751136989606,0.0,0.0,0.0,0.04040244299060277,0.042700928812779496,0.043704463875699116,"[5, 11]","[20, 37]"
215,0.08261903522966534,0.0,0.0001905211246907342,0.00010341847945877707,0.0011501176060482094,0.0,0.01629348431789036,0.0,0.031138283072955138,0.00435072025409149,0.009910521037926869,0.0,0.008390285440998515,0.0,0.0,0.0,0.01976958630172092,0.049027329646577626,0.002688361893122259,0.0654751739530548,0.0,0.0,0.0,0.007159787513658007,0.005934901561541603,0.005452594591897521,0.005249027060728639,"[17, 19]",[20]
216,0.06579911249694431,0.0,0.0004055124205164835,0.0033078697650335107,0.006892541240275266,0.0,0.042373793295500964,0.0,0.016213995958886254,0.013217876644428713,0.009568966275843778,0.001799309681923047,0.0,0.06581720600046012,0.0,0.008404378755533825,0.0,0.0,0.022288120925096105,0.0,0.0030471537042480908,0.0634842819356547,0.025785584491375597,0.0,0.05759764698468321,0.05752075126251744,0.05752116421069422,"[13, 21, 24, 25, 26]",[20]
217,0.06984874762586354,0.0,0.00013393523585284622,0.00019066181421905365,0.000238795677619157,0.021379412769549605,0.0,0.0,0.0,0.0,0.01032440639610522,0.0006386493670285904,0.030032167336050016,0.0,0.0,0.030850384338305458,0.0,0.011926464197950187,0.0,0.0,0.0,0.015357854220157927,0.0,0.0,0.0,0.0,0.0,"[12, 15]","[1, 20]"
218,0.057696032099607365,0.0,4.098040892566659e-05,0.0,0.0003205806574268291,0.0,0.0,0.0,0.032356612894866014,0.0,0.0022324054785111936,0.0010839470211150976,0.0,0.014782682551441382,0.0,0.01145594445661198,0.0,0.0,0.0,0.008347917342548632,0.0,0.02076826167716984,0.0,0.0,0.0,0.0,0.0,[8],[-1]
219,0.08751558515968663,0.00030111616488193784,0.0,0.005031264574391793,0.0012918879918433297,0.1431059191865856,0.0,0.0,0.015200952149650879,0.0,0.005254979927554307,0.03997560012576763,0.0,0.0,0.0,0.0012473643055669525,0.006641066529665134,0.028615903536487613,0.0,0.03021050268412598,0.0,0.0,0.012661884072679331,0.015714371892869984,0.0,0.0,0.0,[5],"[10, 15, 20]"
220,1.0934429954802795e-05,0.00023344406339004682,2.661981496764961e-05,0.0,0.012589204256253867,0.0,0.0003695673649673026,0.017631307444414674,0.0,0.009880558094511726,0.03002144852997844,0.006038804036735779,0.0,0.002497575227983739,0.0,0.31380354142529054,0.019685615655732302,0.0,0.0,0.001754178679214977,0.0006725783325376131,0.024249350956515585,0.011895921517720915,0.011463913921799978,0.0,0.0,0.0,[15],"[4, 13]"
221,7.135575116250743e-06,7.388425921970774e-05,4.490192611588727e-06,0.0,0.006231183393045112,0.0,0.0004054096781922906,0.007279082286949936,0.0,0.0037242945099382266,0.012223810649865968,0.0016866148359607287,0.0,0.000595264780084252,0.00043847126554789976,0.13149973452647143,0.007978355047619795,0.0,0.0,9.591110211823765e-05,0.004248850143859661,0.009639669582359428,0.004170522610541092,0.0039013407444313747,0.0,0.0,0.0,[15],"[4, 16]"
222,0.0032301271483659703,0.07954026818972014,0.0,0.1468507945250909,0.008791648257337241,0.0,0.0,0.0,0.0,0.10714249089613515,0.06309626252839386,0.0,0.0,0.020989051621907777,0.0,0.0,0.024818612206411197,0.004249916779821421,0.015968242067693133,0.0,0.0,0.01457392511072597,0.010841326073422648,0.013128776475160813,0.0,0.0,0.0,"[3, 9]","[6, 10, 21, 37]"
223,0.00042267512878050114,0.014208399049369533,0.0,0.10106091092317508,0.006091989580710553,0.0,0.013891152740419938,0.0,0.010658463761991378,0.028829934017396915,0.03294911537331681,0.0,0.0,0.0009088759232682752,0.0,0.006776179267401448,0.0,0.0,0.0,0.0013141689036118905,0.001814005138731865,0.031148955187620956,0.007370004029942229,0.006997942472190508,0.0,0.0,0.0,[3],[21]
224,4.8537612906146916e-05,0.0021175711093638218,0.10408265292595836,0.0,0.00022550620616133458,0.0,0.0,0.0019725447567381115,0.0,0.0,0.0,0.0079791959841187,0.0,0.0,0.0,0.026586047538467942,0.0,0.002287644319075705,0.0,0.0019237494159196052,0.0,0.0,0.032425934541207305,0.030388320819743995,0.0006343154728909017,0.0006825795091362235,0.0007027820363892511,[2],[1]
225,7.805945105445445e-05,0.003397002795236786,0.14100550204338047,0.0,0.0,0.0,0.0,0.0,0.013820013610951008,0.0,0.0,0.016278564925798534,0.015816429572096936,0.0,0.0,0.0,0.01915427674344553,0.008726099000129797,0.002656759259567781,0.008019904480062127,0.0,0.08211623033057386,0.0,0.0,0.016535082070133673,0.016629947821878675,0.016665242561359893,[2],[1]
226,0.08072903706911538,0.0,0.0,0.0,9.968643858686146e-05,0.0,0.0,0.0016037137989742848,0.0,0.0,0.0002708208282665348,0.0026738960475093483,0.006229662705454542,0.03241975975550183,0.0028746997881062423,0.03448652929066003,0.0,0.0,0.0,0.0,0.0,0.00909450308420806,0.0,0.0,0.0,0.0,0.0,"[13, 15]",[20]
227,0.07053173482862912,0.0,0.0,0.010239600650545532,0.0015596846700664515,0.0705229277880063,0.0,0.0,0.0,0.0,0.01814372636851623,0.015840983449653585,0.0,0.0,0.0,0.0,0.0,0.06601948028201156,0.0,0.022648353486516438,0.0,0.057222384102912784,0.0,0.0,0.0,0.0,0.0,"[5, 17, 21]",[20]
228,0.0036583748035408483,0.08203438355862709,0.0,0.10977663066115688,0.002929869088945405,0.0,0.0034873960586650436,0.025773826446318676,0.0,0.0,0.0,0.10944877997571907,0.04879853322523849,0.0,0.0,0.0,0.029832306419614523,0.02640288266622113,0.0,0.007325966139267133,0.06461289848101709,0.0,0.0,0.0,0.0,0.0,0.0,"[1, 3, 11]",[21]
229,3.891923793612058e-05,0.0017212307079422235,0.05851118266557488,0.0,0.0,0.0,0.0,0.005149392013074598,0.03554185035295038,0.0,0.0,0.02188852612657836,0.032282937803082605,0.0,0.0,0.0,0.06213927429494489,0.01029075496558424,0.0025500228182304286,0.017016835234114795,0.041368252412537575,0.17215811761368688,0.0,0.0,0.037467398960858246,0.03752667721891544,0.037541392808899766,[21],[1]
230,1.9911189956542303e-06,9.968075989254e-05,0.0002739726544942097,0.0,0.01747138457406828,0.0,0.0,0.03085786257166743,0.0,0.023021770730089968,0.0508140767132045,0.007113586056757736,0.08034994027840357,0.006116514352102854,0.0,0.0,0.002955450345130216,0.0,0.0,0.0,0.012809961316995522,0.0,0.010919085635868145,0.010914886741918843,0.0,0.0,0.0,[12],[40]
231,4.049619989015501e-06,0.00021908672529813328,0.0030611121338480147,0.0,0.030825813494777705,0.0,0.0,0.04584324180813548,0.0,0.03442133826938245,0.07806874646764644,0.010887829021875491,0.26562079584575354,0.00816798909408653,0.0,0.006674755331690857,0.0,0.0,0.0,0.0,0.0,0.0,0.040782102500721465,0.03859199241614329,0.0,0.0,0.0,[12],"[15, 40]"
232,0.0016261792784249098,0.04345797112571955,0.0,0.1665457229830964,0.0,0.0,0.0,0.03807444943771631,0.0,0.0,0.012620049750675669,0.07192262406402906,0.008846840691580026,0.0,0.0,0.0,0.037205444947504884,0.008106779867690775,0.0,0.007284573863332983,0.028910216880364267,0.0,0.0,0.0,0.0,0.0,0.0,[3],[21]
233,0.06691176086465406,0.0,0.0001959841530979835,0.0,0.0011397187181080262,0.0,0.014484507472346014,0.0,0.07216588945564632,0.006223775603501,0.0,0.0,0.0,0.0,0.0,0.008199869886623676,0.029349238526321077,0.02001525585669787,0.01636185553505198,0.07252613690163691,0.02716682068495328,0.0,0.028303815225648562,0.018363284503333296,0.0,0.0,0.0,"[8, 19]",[20]
234,0.004016631352495726,0.08777340607427293,0.0,0.0,0.0028019395712552725,0.019451191315250145,0.011143434124962208,0.0,0.0,0.12161492236098019,0.026440697504648347,0.0,0.0,0.009784811720946451,0.0,0.0,0.04262218952137116,0.0,0.07280522293615777,0.0,0.0,0.0,0.0,0.0,0.0,0.0,0.0,"[1, 9]","[7, 15, 37]"
235,0.07364403392765477,0.0,0.00022059825144070858,0.0012234395259665832,0.0025320927479531735,0.0,0.0,0.0,0.0,0.0037170416686115684,0.010789076571952378,0.004248555951614965,0.0042436748025127665,0.02277310877932999,0.0,0.0,0.0,0.0,0.0,0.0,0.0,0.09325368296136648,0.0031288827073977688,0.0,0.0,0.0,0.0,[21],[20]
236,7.682285039510216e-05,0.0033360796952231074,0.140303532939235,0.0,0.0007270567834819371,0.0,0.0,9.276941848847443e-05,0.01690996580968278,0.0,0.0,0.017611181974550555,0.03400278022957334,0.0,0.0,0.0,0.02599172625835758,0.008433393317178258,0.00045814047791925056,0.010480253964001046,0.0,0.10926314720287139,0.0,0.0,0.018075455584085184,0.018185044422541638,0.018226725905150315,"[2, 21]",[1]
237,6.320106035016213e-05,0.0027326469977057427,0.12302172452860917,0.0,0.0,0.0,0.0,0.005542957578018951,0.03211675193631045,0.0,0.0,0.02106413666190887,0.02753786700336426,0.0,0.0,0.0,0.052941086168044924,0.009428545010388208,0.0,0.017074360395805867,0.005643590314832121,0.16588965173558548,0.0,0.0,0.034724983251156166,0.03476374494147461,0.034770668149356636,"[2, 21]",[1]
238,2.442341036282678e-05,0.001288502076525919,0.0969584196674884,0.0015222371655604302,0.0005038463394567854,0.0,0.002088710682238589,0.0,0.0,0.009864786247245502,0.007809667072304882,0.0,0.014427549223702724,0.00031443243011386305,0.0,0.0,0.0,0.0,0.0,0.0,0.0,0.0,0.016631502225764466,0.01501336877300742,0.0,0.0,0.0,[2],[1]
239,2.7897203713028424e-05,0.0014844478963145203,0.1099568483886722,0.0003542313559368622,0.024390729916282692,0.0,0.003917727253691934,0.026729931622904192,0.0,0.03693280143599328,0.07089840104399966,0.0,0.1466066205261566,0.006593539283210738,0.005780320269851806,0.0074381151643556275,0.0,0.0,0.0,0.0,0.0,0.0,0.15387965011004015,0.13988111330491454,0.0,0.0,0.0,"[2, 12, 22, 23]","[1, 40]"
240,0.08471540381807602,0.0,0.0,0.012720276904710618,0.007015541023617819,0.10976323552818579,0.0,0.0,0.0,0.0,0.012430233686553337,0.025553589053168384,0.0,0.0,0.0,0.0025331140284873786,0.0,0.05757185519078696,0.0,0.04228217811051862,0.0,0.0,0.0,0.0,0.0,0.0,0.0,[5],"[10, 14, 15, 20]"
241,0.07810554695715485,0.0,2.3270846424172748e-05,0.0001703542777123318,0.0018098050064685903,0.0,0.01688108795823158,0.0,0.0,0.0,0.005713569567975507,0.007057013730863193,0.0,0.03830959305646026,0.0,0.025609112503230367,0.0,0.0,0.0,0.0,0.08732764159888812,0.0019628161811433885,0.0,0.0,0.025609363088903273,0.025689753780053594,0.025735786166478265,[20],[20]
242,0.08072517313167309,0.0,0.0,0.004159227208249899,0.0,0.0,0.0,0.005303554167185209,0.022785069570100118,0.006540458947732307,0.0,0.0,0.011082298447635199,0.0,0.01870668134504296,0.0,0.029911112933036024,0.004922999852681275,0.0,0.0,0.0,0.0,0.06626268249564292,0.07505672441559894,0.0,0.0,0.0,"[22, 23]",[20]
243,0.05769407937279365,0.0,0.0,0.0,0.0,0.1028507449312181,0.0,0.006365998975386016,0.0,0.0,0.0,0.03592361325509283,0.0,0.17793562078755254,0.0024696179926554864,2.7000551912055844e-05,0.0,0.0,0.0,0.0,0.0,0.019052914435239918,0.0,0.0,0.0,0.0,0.0,[13],[20]
244,4.253372411295956e-05,0.0014093452387633765,0.00024384305566473645,0.0,0.06123871058778762,0.0,7.653003031686672e-05,0.09540826464003836,0.11871514289862403,0.052229578909467354,0.12282779771969013,0.015311149443306435,0.0,0.019001616082371987,0.0,0.0,0.0,0.0,0.0,0.0,0.0,0.022490611397480882,0.0,0.0,0.0,0.0,0.0,"[7, 8, 10]",[40]
245,3.717435238805074e-05,0.0011319702697973198,7.403635550987631e-06,0.0,0.022754457152853503,0.0,0.003023712590310184,0.037152133341859434,0.19539486935409042,0.008062084308914991,0.01814133193839061,0.0,0.0003492983546069382,0.006407115208302218,0.0,0.0,0.0,0.0,0.0,0.0,0.008648968542789553,0.0,0.0,0.0,0.0,0.0,0.0,[8],[40]
246,0.03184723541414731,0.005022593310234442,0.0,0.0,0.0,0.13534466166054632,0.0,0.00677345863127158,0.06411037144749615,0.0,0.0,0.03395941430208186,0.0,0.19672022545732154,0.00847370267783399,0.05175779776922262,0.021404027402125728,0.0,0.0,0.0,0.0,0.0,0.0,0.009899870956955376,0.0,0.0,0.0,[13],[-1]
247,0.04732160902744578,0.0,0.0,0.0,0.0,0.1891120802727438,0.025952241655898683,0.002163042630355795,0.0,0.0,0.020778249353538072,0.02407510651595133,0.005344171467161718,0.0,0.0,0.007059385145441937,0.023689970216555844,0.0593191813571213,0.0,0.011388960384088547,0.0,0.0,0.0,0.0,0.04091928070623229,0.04097010229304964,0.041019128874955284,[5],[20]
248,0.034469099345031666,0.0,0.0,0.0,0.0,0.033848689205380394,0.014405774310483427,0.0007918049496929704,0.0,0.0,0.010226631543159512,0.0,0.0,0.0,0.0,0.024954460702322444,0.0015112625010393337,0.04063686906814291,0.0,0.009113725845377126,0.05921783845267578,0.0,0.0,0.0,0.011392254712606055,0.011338981216590006,0.011322838109978466,[20],[20]
249,0.067003672815387,0.0,0.0001131361450205804,0.00023941432301193482,0.0,0.0,0.0,0.0,0.04555950499415985,0.004887726695584185,0.0100425505657416,0.0,0.012992564876436966,0.0,0.0,0.0,0.017355533860411124,0.12983623891198945,0.00460464148973259,0.15714346025094286,0.048059310375582455,0.0,0.0,0.0027300665077232343,0.0,0.0,0.0,"[17, 19]",[20]
250,0.042432537921466035,0.0,0.00011280612035928484,0.0007579835184332128,0.0015007999365948433,0.0,0.0034341130249269684,0.0,0.09681005097632546,0.0075797887869286495,0.004471108908496734,0.0,0.0,0.0,0.0,0.0,0.026629391816124077,0.08619988840167497,0.017166344088844182,0.16597770125470024,0.0,0.0,0.006430332561120746,0.010164001748355838,0.0,0.0,0.0,[19],[-1]
251,0.021030999143452304,0.0,3.328783434016957e-05,0.001272713636335515,0.0013797043015530343,0.03250571762585991,0.013432360441031993,0.0,0.0,0.0,0.002095859489680309,0.00832263144650842,0.0041992023346934,0.04402074519809098,0.0,0.059354538304620154,0.01920678264154465,0.0,0.0,0.0,0.0,0.0,0.006786461597442999,0.003879744323442685,0.024186055322469268,0.024477322772176194,0.024617958713243796,"[13, 15]",[20]
252,0.0800163948801288,0.0,6.652741906737032e-05,0.0066528284227603375,0.003320103924036819,0.0,0.0,0.0,0.0,0.004842501107325207,0.017005762094737364,0.00038786582853095726,0.007294822808123333,0.0,0.0,0.0,0.0,0.06042148654306664,0.0015161258513710428,0.05795542253285092,0.04030682623634092,0.02741695351540923,0.0,0.0,0.0,0.0,0.0,"[17, 19]",[40]
253,0.010640619913422866,0.0002195488129020844,0.0,0.0,0.003446043983377462,0.1908976021938397,0.0,0.0,0.02578428886121557,0.0,0.010255541348349642,0.03986541262835429,0.0,0.0,0.0,0.02655229991315807,0.0,0.03563309873974947,0.0,0.05333400034351265,0.0,0.004366030190480751,0.002462045633332277,0.0071551595764609375,0.0,0.0,0.0,[5],[20]
254,0.0016673525297649118,0.0006231182006317674,1.8630055545376837e-05,0.0,0.002102902525880812,0.11819840349466967,0.0,0.0,0.009468415707763099,0.0,0.002757306640748746,0.032924334916383254,0.0023948086140147744,0.019049064860195974,0.0,0.0,0.0,0.0,0.0,0.004930136817216778,0.01184779702884571,0.013196373568514105,0.008025146205768182,0.004363522035321089,0.0,0.0,0.0,[5],[20]
255,3.429803720162263e-05,0.001384798182523729,0.0,0.0,0.020869840646020085,6.454786414005594e-05,0.0,0.0,0.0,0.0,0.0,0.002131947208135636,0.0,0.0,0.0,0.013103710393711195,0.0,0.0034679768997028806,0.0010393410074158622,0.005999786357038956,0.0,0.0,0.001059639770512825,0.002571243895853229,0.012455986359127112,0.012518018230345276,0.01254386834218175,[4],[35]
256,3.096230127150898e-05,0.0013273018967147913,0.10703086251275147,0.0010734752260409045,0.0,0.00017299523173370618,0.0016866911253328068,0.004781706032780056,0.0,0.0008679694173107835,0.006606572773155715,0.0,0.004339434300318172,0.0,0.010669746241352555,0.0059505356051593504,0.0,0.0,0.0,0.0,0.0,0.0,0.02039673704695704,0.018072863651661497,0.0,0.0,0.0,[2],[1]
257,0.08161693951964866,0.0,0.00013369131720280362,8.7983621260495e-05,0.0005255024080130405,0.0,0.0011996937921865901,0.0,0.0,0.0008553663982031099,0.010692798434779261,0.0015301051633956591,0.0,0.015018258103592119,0.0,0.0,0.0,0.0,0.0,0.0,0.023857525436308504,0.021088934831807404,0.0,0.0,0.001790159576763074,0.001919669793557646,0.001982502437857208,"[20, 21]",[20]
258,0.08369038699509196,0.0,0.00013500236278394338,0.0001408494439665332,0.0004258288167911865,0.0,0.0,0.0,0.018970211321618333,0.003050180800006655,0.003019551841845797,0.0,0.012515962553883842,0.020722288146331425,0.003526519642514257,0.0,0.00272332233628492,0.0,8.253941728158864e-05,0.0014526638782267449,0.0,0.014127327285999998,0.00882110355936431,0.0025186465760795446,0.0,0.0,0.0,"[8, 13]",[20]
259,0.0033401800800803043,0.08083522198967982,0.002790426783258826,0.0,0.012218457908087794,0.008642908799749476,0.0,0.009857181001551172,0.006957481462192976,0.0,0.0,0.12642640880406344,0.0,0.003767738445807659,0.0,0.041467243394137224,0.07298390025899015,0.03411911640809562,0.06355781528717483,0.03518517820047351,0.014746288655614214,0.0,0.0,0.0,0.030055784446321576,0.03137850211544213,0.031964507718537996,[11],[37]
260,0.08085382293330994,0.0,0.00028034284969129816,0.0010576560853743794,0.0035101346841515634,0.019953721224899988,0.005824864223537879,0.0,0.0,0.002969587443516201,0.015163941935594432,0.0067224319183111884,0.005577293025984235,0.017614873221372437,0.0,0.024102998312443263,0.0,0.0,0.0,0.0,0.005225557194253791,0.02833615189392181,0.0,0.0,0.018457197755583042,0.018772176625352337,0.01892186579915063,"[5, 15, 21]","[20, 30]"
261,0.08103640256105284,0.0,8.924383296391997e-05,0.0,0.0,0.0,0.0,0.00033055093765914107,0.01385901068663873,6.0320071614064165e-05,0.003255116088577272,0.0,0.0,0.020277154337026974,0.003602043766177999,0.009682994439982807,0.0003094571104847637,0.0,0.0,0.0,0.0,0.00978641052008938,0.0,0.0,0.0,0.0,0.0,[13],"[20, 43]"
262,0.0007573323252657485,0.00805367599415806,0.1274766522564924,0.0,0.008435853504196933,0.002905153491346771,0.0,0.0,0.08393361993304116,0.01058753226161459,0.0,0.0,0.0023509384167820268,0.0,0.0,0.0,0.2091223587076987,0.007024328693300868,0.03891485667204504,0.017219314043145,0.03580020937701607,0.09884369224003305,0.0,0.0,0.0302434231407854,0.030569262632301843,0.030715404624076608,[16],[1]
263,5.0742649105376555e-05,0.0022246184862152294,0.13872021152428182,0.0009139720896696432,0.0,0.0,0.0004700067056428501,0.0,0.0,0.010508835244628117,0.0060049459752721706,0.0,0.00966620769751478,4.3842926474306166e-05,0.0,0.0,0.0,0.0,0.000677098796325765,0.0,0.004574665675350422,0.04455636719919159,0.0,0.0,0.0,0.0,0.0,[2],[30]
264,6.629095050052676e-06,0.00034728369906405126,0.00014903971509005895,0.0,0.03678729048190021,0.0,0.0006759501382576376,0.048396075078798534,0.043037631812919766,0.01989054676987618,0.06017319008096021,0.015439819219210322,0.0,0.008732832968959107,0.0,0.0,0.006996658104699115,0.0,0.0,0.0,0.0,0.014403239661324677,0.0004655572428781166,0.00033891150626284074,0.0,0.0,0.0,"[7, 8, 10]","[9, 15, 40]"
265,2.8611800786919774e-06,0.00014594694748622816,5.322836090222354e-05,0.0,0.019860513993368387,0.0,0.0,0.03231584506899164,0.05441459188129959,0.019562835030847974,0.043595657957839526,0.005883748864306335,0.0,0.007419483381964047,0.0,0.0,0.0,0.0,0.0,0.0,0.0,0.01031525676598657,0.0,0.0,0.0,0.0,0.0,"[8, 10]",[40]
266,0.08310695876548359,0.011972979130463926,0.0,0.0,0.0,0.04763873530123084,0.0,0.05739000460148591,0.023206109277066813,0.0,0.0,0.0,0.0,0.014982087416956369,0.042189696353834544,0.0,0.0,0.0,0.0,0.0,0.0,0.0,0.09005934391227233,0.08508360606210115,0.05945089328086334,0.05945583290427319,0.059450264429794814,"[22, 23]","[10, 20, 26]"
267,0.005189560654365509,0.09271718045753141,0.0,0.0,0.0,0.0177598651030105,0.0,0.11522215862192486,0.0,0.0,0.0,0.02977897397384255,0.0,0.0,0.08380393852681166,0.0,0.004248770853821861,0.0,0.0,0.017920460354817473,0.04516688539459128,0.0,0.0,0.0,0.041537668368200345,0.0409409265754942,0.04066691383600237,"[1, 7, 14]",[37]
268,0.00390391563325164,0.08284054034840897,0.0,0.0,0.0,0.04173638249386996,0.012647430136580061,0.042522622765000836,0.0,0.0704109451644426,0.030249408825368095,0.0,0.005708469066712082,0.0013997160302473754,0.1403689047717666,0.0,0.0,0.0,0.041789452186184496,0.0,0.003077826819792497,0.0046695922148978115,0.0,0.0,0.0,0.0,0.0,[14],[37]
269,1.5517010922286805e-05,0.0007965980269368982,0.10414800427857787,0.002712723954599471,3.261967136254604e-05,0.0004284820349006815,0.0025373260649572673,0.0,0.0,0.006928478119787871,0.010179988305423104,0.0,0.0,0.00033337303390467175,0.006769327575145244,0.02037664628368357,0.0,0.0,0.0,0.0,0.047392041279349886,0.0,0.07924779975587752,0.07062215850898487,0.0,0.0,0.0,"[2, 22]",[30]
270,3.683811467572984e-05,0.0016075728246074971,0.12477012967964698,0.0012386097224061018,0.0,0.0003936663078290079,0.0013410042184391203,0.0,0.0,0.006419768673161767,0.008418597262877485,0.0,0.0,8.927552290469185e-05,0.004516211097811354,0.018486981861573267,0.0,0.0,0.0,0.0,0.038843316151185046,0.0,0.040539512872794184,0.03594802311503481,0.0,0.0,0.0,[2],[1]
271,0.0809711643683807,0.0,7.410821840595626e-05,0.00046468399951544087,0.0,0.0,0.0,0.0001589407102605773,0.001890276771111483,0.0,0.006462954903466683,0.0,0.0,0.011455233175986486,0.001207057877085015,0.030637282288482153,0.007152532352197557,0.0,0.0,0.0,0.0,0.0,0.0,0.0007066619827228038,0.0023580586348272703,0.0023426733937554024,0.002334616918894322,[15],[20]
272,3.1161084850075576e-05,0.0014208958184862063,0.09042666428945732,0.00010920596978525348,0.0,0.0,0.0,0.002038888019409764,0.03737196260802947,0.0,0.0,0.011748856425982454,0.026104828901183832,0.0,0.0,0.0,0.07228129037204133,0.005431945259578852,1.7130964490378348e-05,0.01738153637025746,0.0,0.2091783478808607,0.0,0.0,0.02508677574634818,0.02511781352035835,0.02512537978445035,[21],[1]
273,4.8327217385879575e-05,0.0018721461761985823,0.10899987205599983,0.00014749946545007423,0.0,0.00045890822498072654,0.0007897022034359397,0.003414185573016358,0.0,0.0,0.0034263785268876055,0.0,0.0,0.0,0.009509853986538475,0.03871933786188463,0.0,0.0,0.0,0.0,0.03041660237127563,0.0,0.035415754285372594,0.030889570752075997,0.0,0.0,0.0,[2],[30]
274,1.0503016466395417e-05,0.0004604165758854828,0.04963170127552584,0.0007419839583992022,0.0,0.0,0.0,0.0001601416073943482,0.008943449010857972,0.0,0.0,0.0009786079131851777,0.0,0.0,0.0,0.0119157443826905,0.01367849453600017,0.0007459562742864169,0.0,0.0035275830088319607,0.018179397018729945,0.02383386362348452,0.0,0.0,0.004602032054498173,0.004608754436342603,0.004610854904940815,[2],[1]
275,0.08397770578912461,0.0,0.00010941087271538346,0.0001750241560186624,0.0,0.0,0.0,0.0,0.0010060071209294244,0.0013765641345377022,0.004674566242720835,0.0,0.006595281928752621,0.031408402771607176,0.003309460069049547,0.0,0.005289197333602306,0.0,0.0,0.0,0.03302005719828368,0.001641579509947286,0.0,0.000849336340995876,0.00808110196351717,0.008106132894604767,0.008118482236231198,"[13, 20]","[20, 43]"
276,0.06661928794908331,0.0,0.0,0.0,0.0,0.0009011202426493845,0.0,0.009007528139567827,0.0,0.0,3.3355303146506604e-05,0.0,0.005888483395093984,0.0,0.006788407054402701,0.0,0.0,0.00878400294901751,0.0,0.0,0.0,0.01953907225724836,0.0013244133943665396,0.012437011950466965,0.0,0.0,0.0,[21],"[12, 20]"
277,0.07634155778772096,0.0,9.037501609611647e-06,0.0,2.9241829123083927e-05,0.0,0.027525677834536976,0.0004429168948622017,0.019617632843581177,0.0,0.0035119426532670968,0.0,0.012807311416761894,0.0,0.0,0.0,0.03381769712536675,0.043719049949922595,0.0,0.04806793373741844,0.08260592183960379,0.0,0.0008477323566736254,0.01904358818959063,0.0275558326650267,0.02710897180267614,0.026926947652915582,[20],[20]
278,0.07972455986913814,0.0,0.00020420922581445913,0.00014678871552321063,0.0008772547668272507,0.0,0.020676112686705606,0.0,0.004651720026125757,0.007213717595347176,0.010521144541890487,0.0,0.01818273257484706,0.0,0.0,0.0,0.016411745663289547,0.026929716549930583,0.004950384050224671,0.022521631906385675,0.0,0.0,0.0,0.0,0.013770579135059809,0.013340652166023502,0.013160325592452535,"[6, 17, 19]",[20]
279,0.04409402479496307,0.0,0.0002440891347959071,0.00024944331769566634,0.0059011535286863,0.14110195852233628,0.02189411189082704,0.0,0.0,0.0,0.01939081852316158,0.04020196485162338,0.03818266940278032,0.0,0.0,0.0,0.0,0.03089862928445624,0.0,0.01975171150109851,0.06240991548199514,0.04446108551504017,0.015396685444703012,0.0,0.03734162818964855,0.03780977257231193,0.03805111054638805,[5],[20]
280,0.001337520290559014,0.04078692254439041,0.0,0.18270537386226166,0.0,0.0,0.0,0.02128005087371497,0.009924968838289317,0.0,0.020756787505110123,0.05697407589745708,0.0,0.0,0.0,0.002218394488361508,0.0028246984077345536,0.012199519815799203,0.0,0.030964436393865848,0.0,0.03236758580175684,0.018268407073767312,0.015566098989870549,0.0,0.0,0.0,[3],[21]
281,0.000546211576721996,0.0063068053084987625,0.0,0.04045458090339339,0.012280985742043258,0.003773750524884839,0.0,0.0,0.019387412626746984,0.005739319995405772,0.002731249848646604,0.0,0.0004474519911716631,0.0,0.0,0.0,0.026271377350680553,0.01308717360551488,0.0,0.012253382456323451,0.0,0.009117009596072905,0.0032205653470000666,0.0020127332555256693,0.00875296730508439,0.008745322749256651,0.008743008750262012,[3],"[23, 35]"
282,0.0030534941359959098,0.07061559531378883,0.0,0.08161292599305381,0.0,0.0,0.0,0.06291077073915545,0.0,0.0,0.0,0.13896607068621497,0.014715908785290428,0.0,0.0,0.0,0.0,0.02130777932610256,0.0,0.03443757354033163,0.0,0.0,0.0,0.0,0.0,0.0,0.0,[11],"[15, 21, 37]"
283,0.04771315744440499,0.0,0.0,0.0,0.0,0.0,0.0,0.013726828599468274,0.024422161006869756,0.0,0.0,0.0015958249239583808,0.010996587038101477,0.2906755318965412,0.042356952790644095,0.0,0.035948155200864085,0.0,0.0,0.0,0.0044459084854382375,0.0,0.014290326505812906,0.021195284840527438,0.052147546180205714,0.05292944506953648,0.05329027567010996,[13],[20]
284,0.08095811711277671,0.0,0.00017111757090692198,0.0,0.004351552499467819,0.09093309744214446,0.0,0.0,0.0,0.0,0.009423187313277882,0.027087858754365576,0.0,0.03522834890162252,0.0,0.030873582508611226,0.0,0.0,0.0,0.0,0.0,0.002995954079674337,0.0,0.0,0.0,0.0,0.0,[5],[20]
285,0.005815207040722284,0.10496165579419924,0.0,0.10140731101323094,0.013871331343568874,0.01648928188318369,0.0,0.0,0.01806451859366286,0.09860327312231149,0.03704106605628527,0.0,0.0,0.007906943750107944,0.0,0.0,0.03567467206380102,0.0,0.046094461027296606,0.0,0.00829424745921006,0.0,0.012590431910318682,0.00937769700206257,0.0,0.0,0.0,"[1, 3, 9]","[15, 21, 37, 38]"
286,0.002455662652191391,0.062443418196272256,0.0,0.14492392129772008,0.0,0.0,0.0,0.05114565513829051,0.0,0.0,0.0,0.17285479732297376,0.04421998883627127,0.0,0.0,0.0,0.003487235826502331,0.04451830611737735,0.0,0.04057433136664235,0.0,0.03806544746083601,0.0,0.0,0.008064970196941692,0.008936548581520013,0.00931954122768727,"[3, 11]","[21, 37]"
287,0.002881943126287216,0.08061672209547542,0.0003237009694318491,0.0,0.03577751073470348,0.017465566408815653,0.0,0.0,0.0,0.09164294864266867,0.0,0.04298151916993061,0.005114533312732801,0.02136622515116115,0.0,0.03026766609565098,0.0,0.04006230050994151,0.17993280384542226,0.0261152214503727,0.0,0.0,0.0,0.0,0.0,0.0,0.0,[18],[37]
288,0.0056590821244614,0.10184240306893597,0.0,0.0963042079666781,0.0,0.0011261099460618707,0.001356435652930394,0.05451242233283926,0.020603898542046577,0.0,0.02412210938502483,0.0,0.0,0.0,0.08735467796777825,0.0,0.00737833936060372,0.0,0.0,0.0,0.0,0.004258736649826228,0.06038711972359712,0.060756382292917493,0.0,0.0,0.0,"[1, 3, 14]","[21, 37]"
289,0.07006910625338204,0.0,0.0001871261079495663,0.0,0.00086357935606873,0.0,0.02137580043209121,0.0,0.0,0.0047407809818003025,0.0,0.0,0.019275959549290733,0.11078638069257489,0.009832660665410662,0.0,0.0,0.0,0.0011360556049599974,0.0,0.0,0.02107228440594568,0.008253111005532082,0.0008855016648981713,0.058485577622473486,0.058759943924237515,0.058895461377418315,[13],[20]
290,0.060228272703038856,0.0,0.00018458548241512997,0.0,0.00048742493805310565,0.0,0.0,0.0,0.07096926575223932,0.002145752358917789,0.002716629245186202,0.0,0.004031979515610825,0.0,0.0,0.0,0.0,0.028183487859821256,0.006922246978757891,0.0836381630012055,0.03794420729565411,0.02090132023996091,0.01644421323776919,0.00011381144999418872,0.0,0.0,0.0,"[8, 19]",[20]
291,0.0028989929890500753,0.06883961833901701,0.0,0.0025196378970190874,0.0,0.0,0.0,0.04343412531061899,0.0,0.0,0.0,0.17498431415722723,0.0,0.0,0.0,0.0036573053654426904,0.0,0.05179691043808699,0.0,0.06400160144558242,0.0,0.0,0.0,0.0,0.009968529159917805,0.011470300184030679,0.012127147258597749,[11],[37]
292,0.00453898432380148,0.0899787205149044,0.0,0.0,0.0,0.03283842067702057,0.01621614810930611,0.09358991381270516,0.0,0.0,0.0011410691131655353,0.0,0.0,0.0,0.12926998026287675,0.027049801505816935,0.007883087382631618,0.0,0.0,0.0,0.0656317582794715,0.0,0.013302708664238765,0.010159475267071888,0.0,0.0,0.0,"[7, 14]",[37]
293,0.07150708968500409,0.0,0.00030023128343543336,0.002147358675110684,0.00412816167016443,0.0,0.04228185312652991,0.0,0.015889262564477417,0.013478868959702735,0.008531828186950035,0.0,0.01775608479540746,0.061246646944937956,0.0,0.0,0.0,0.0,0.01859426155502721,0.0,0.014301598059885668,0.033678331097093346,0.018923516059059016,0.0,0.058597186764368266,0.058297832477304884,0.058197597332707574,"[13, 24, 25, 26]",[20]
294,0.003836385627246296,0.08352769527311257,0.0,0.012397359411895249,0.1073768652294597,0.0,0.0015395745285719641,0.01609560468979947,0.0,0.0,0.0,0.17368421651652752,0.0,0.0,0.0,0.06614934101652496,0.03798745710793635,0.049678766921159564,0.0,0.0129515386103319,0.0,0.028133952598912135,0.0,0.0,0.03708768608701756,0.03828952268497855,0.0388355885437097,[11],[40]
295,3.5124638425978276e-06,0.00018058882899802143,0.00025348096521063363,0.0,0.03141037404696755,0.0,0.0,0.05470195190069832,0.0,0.04022151130082599,0.08907235752135502,0.013288011590114793,0.04994824556164102,0.011661926786158454,0.0,0.0,0.005416046296452645,0.0,0.0,0.0,0.12742807120717545,0.017432737165873045,0.0066359431634087805,0.007896387206218538,0.0,0.0,0.0,[20],"[33, 40]"
296,2.8835757885106677e-05,0.00152646613693865,0.12699517365247276,0.0021192123721480425,0.0,0.0,6.073109374735214e-06,0.001202388123450899,0.0,0.0,0.0048863841089972024,0.00015656904918068813,0.0028627785226348007,0.0,0.0006566336043566906,0.006489422186928429,0.0,0.0,0.0,0.0011752578176327862,0.0,0.022233271906512524,0.0,0.0,0.0,0.0,0.0,[2],[1]
297,9.120028223791137e-06,0.0005902594053280158,0.0721759503426761,0.001481730326111882,0.0,0.0,0.0,0.0013780238688664735,0.014137438468735422,0.0,0.0,0.0009062994214709862,0.0064014671850080255,0.0,0.0005318103446935213,0.00516077269173101,0.017605969555705137,0.0007966741080609499,0.0,0.0060585302805647966,0.0,0.09022961323268373,0.0,0.0,0.008168006849889544,0.00814065102731612,0.008126470739370966,"[2, 21]",[-1]
298,0.045672172009620836,0.0,0.00019267536345024815,0.002628119820020009,0.003011766743308273,0.0,0.008144160200466542,0.0,0.038742415452117186,0.0036717509217172894,0.010878742882671622,0.0,0.0,0.0,0.0,0.0,0.019574876223300078,0.1156379701406725,0.0035393432947407517,0.13585414664275822,0.0,0.0,0.0,0.01106256006550235,0.0,0.0,0.0,"[17, 19]",[-1]
299,0.08493061351925099,0.0,0.0001259784377606009,0.0005676536429025539,5.102315529323721e-05,0.0,0.0032030615498597034,0.0,0.012073543066668644,0.003428042970240062,0.007464234087676406,0.0,0.011775333058843592,0.0,0.0009403860085933572,0.0,0.01146934075614116,0.040256803435365994,0.0,0.03770576587651011,0.0336468131507679,0.0,0.0021801478605472375,0.002425578336718723,0.0,0.0,0.0,"[17, 19, 20]",[20]
300,5.121470161831185e-05,0.0017356554493830197,0.00024631738482510344,0.0,0.06753619906435962,0.0,0.0009772937937644044,0.09052059450328416,0.2018020233920035,0.03759568425405216,0.09728432735685351,0.010282974399055855,0.0,0.017851786812891495,0.0,0.0,0.0,0.0,0.0,0.0,0.014875658074085607,0.0,0.0,0.0,0.0,0.0,0.0,[8],[40]
301,2.4954793940220264e-05,0.0008778628417225598,0.003053686395617062,0.0,0.0903998994627449,0.0,0.0,0.12797924839778627,0.0,0.08466074463599035,0.20404371372029925,0.027502135091856564,0.008378397202676163,0.026848142269834036,0.0,0.0,0.022664185032629704,0.0,0.0,0.0,0.04263589172762802,0.021966348677549243,0.040747475088221956,0.04026430586486101,0.0,0.0,0.0,[10],[40]
302,0.04072508115264901,0.0,0.0,0.004373794561394546,0.0,0.01759524042150906,0.00549542245026487,0.000982070893500317,0.0,0.0,0.0027457061566468276,0.001045486492515919,0.009802236415885214,0.009639656617012254,2.7610515716049064e-05,0.0,0.01248234882275481,0.0,0.0,0.0,0.0,0.0,0.01958472364592891,0.014374551832732245,0.014571490971064163,0.014681302307170907,0.014738595641516238,"[5, 22, 23, 24, 25, 26]",[20]
303,0.0714348338292595,0.0,0.0003500910871801235,0.005111641351889894,0.006934068415039259,0.0,0.0,0.0,0.0,0.009101824031607643,0.018990340209448297,0.0052094300673373286,0.0,0.0,0.0,0.01673898765540991,0.0,0.03525076531628123,0.007589179204937821,0.029908553590697447,0.0,0.10409348564577996,0.0041837675693377424,0.0,0.0,0.0,0.0,[21],[20]
304,0.08274303144640885,0.0,0.00010922936128874097,0.00030058043208400264,0.0,0.0,0.0,0.0,0.00012577936247936268,0.0,0.006850037284231445,0.00695761565303014,0.0,0.014607562562171874,0.0,0.0,0.0,0.0,0.0,0.0,0.05461733557260397,0.021531222383984208,0.011316698195283397,0.00837842799348618,0.0,0.0,0.0,[20],[20]
305,0.08262140752407175,0.0,0.000119747502184433,0.0,0.0019752372694102505,0.019350936739129458,0.0,0.0,0.0,0.0,0.006650819965819714,0.01202494552294465,0.0,0.0,0.0,0.0,0.0,0.0,0.0,0.0,0.03936866608906821,0.014220915582006667,0.0,0.0,0.0,0.0,0.0,[20],[20]
306,0.010998532931898912,0.0007674791186356017,0.0,0.0,0.004583920840235122,0.18039118337829194,0.0,0.0,0.026400486633441595,0.0,0.0003221262132985088,0.05279251977333266,0.008359565455931944,0.057475622127448736,0.0,0.011488636781054216,0.0,0.0,0.0,0.0023650170835757276,0.0,0.0022553781449643727,0.008452898961634361,0.009775554550028827,0.00010124703894848089,0.0007394737229447039,0.0010373399881275364,[5],[20]
307,0.05627930180685202,0.0,0.0,0.0,0.0,0.021348196157073892,0.0,0.003462389684203067,0.05179241529278695,0.0,0.011166202448849574,0.0,0.017079808579873474,0.0,0.0,0.0,0.02292749793074111,0.19126287017664031,0.0,0.2119692184267031,0.02704142301649455,0.0,0.0037718383715970947,0.010560809660958612,0.0,0.0,0.0,"[17, 19]",[20]
308,0.0037743244243557818,0.09144253396171642,0.0,0.0,0.03766464477007807,0.03635951433444846,0.0017725723194209864,0.0,0.018407656686823735,0.09767389197684911,0.0,0.0,0.0,0.007670895310880773,0.0,0.007066459267438738,0.0,0.015573962435791493,0.14323534329231805,0.0023514133851145367,0.030026073558054395,0.0,0.13372474806439733,0.13930307640901968,0.02830737642380037,0.029391513581193948,0.029863928808417144,"[18, 22, 23]","[34, 37]"
309,0.013467822286839237,0.09855024343238823,0.0,0.0,0.012703325300924377,0.11642872381681803,0.0,0.01803437563725298,0.0,0.0,0.0,0.09675830367480392,0.0,0.12248516625170759,0.0,0.06823791187681275,0.0,0.0,0.0,0.0,0.014282901570427109,0.0,0.0,0.0,0.041113453087091786,0.0422638823796366,0.04277430009510725,"[1, 5, 11, 13]","[20, 37]"
310,0.00213449124278691,0.052874424898072724,0.0008725799255821734,0.0,0.003711369003257286,0.0,0.0,0.04041805372728348,0.0064397142877164176,0.0,0.0,0.17362354693675008,0.0,0.0,0.0,0.010295860157098543,0.0,0.068682847918406,0.04158860328156138,0.07493328069505045,0.0,0.0,0.013535971382876806,0.013004608530296138,0.11074599255956202,0.11222026715004592,0.11283303219517449,[11],"[35, 37]"
311,0.05113683890158193,0.0,6.229233796922755e-05,0.0,0.0,0.0,0.0,0.005779711007304948,0.0,0.0,0.0,0.005483494348777538,0.01177579838510659,0.13061539158267235,0.01492040419836891,0.0051596346924496165,0.0,0.0,0.0,0.0,0.0,0.0945403421226441,0.010682296455911148,0.0,0.0,0.0,0.0,"[13, 21]",[20]
312,0.074842626910444,0.0,0.00013643932359750152,0.0,0.00021672319797979333,0.0,0.0,0.0,0.04049619012072708,0.0013549048234207856,0.0012423738300009327,0.0,0.00236819084701447,0.04659751372759819,0.00039603536782279597,0.0,0.0,0.0,0.0016251641541750728,0.008919084765754188,0.004147852411050892,0.024579989745183228,0.01438807913956364,0.0,0.0,0.0,0.0,"[8, 13]",[20]
313,9.325746087689276e-07,4.3166835363504336e-05,8.220069760542833e-05,0.0,0.004522522511616107,0.0,0.0,0.008169455398596715,0.0,0.00641830992930243,0.013871935053621599,0.001683083021488013,0.030894692211037366,0.0014927429448795169,0.0,0.0,0.004220502265663836,0.0,0.0,0.0010516019543227947,0.28408955003056996,0.0,0.0031937897991957185,0.0033460850620700097,0.0,0.0,0.0,[20],[33]
314,0.0769273844259904,0.0,9.053807179923269e-05,0.0,0.0,0.0,0.0,0.0,0.0290665901180221,0.0,0.000649930674881009,0.0,0.0,0.024910508080420047,0.0037081739828080528,0.0,0.0,0.0,0.0,0.004298659580487251,0.0,0.009049012360845403,0.0,0.0007325745864294519,0.0,0.0,0.0,"[8, 13]",[20]
315,9.015371502749654e-05,0.002897152852706105,0.0005443382537079419,0.0,0.09325973022481876,0.0,0.0,0.1278347120666173,0.0,0.07567669186518303,0.19073187917848355,0.023333863410543863,0.0,0.02444773728678163,0.0,0.0,0.009983540554773998,0.0,0.0,0.0,0.0,0.035315339156746034,0.02998160627053274,0.029697740995300058,0.0,0.0,0.0,[10],[40]
316,0.001485330065920185,0.03727534118615737,0.0,0.13146153281422174,0.0,0.0,0.007305180496574775,0.04027398123929932,0.0,0.0,0.0,0.11836328040737566,0.02051763080960212,0.0,0.0,0.0,0.02479949227815872,0.024017533194811605,0.0,0.006582591716095323,0.0,0.0,0.0,0.0,0.0,0.0,0.0,"[3, 11]","[21, 37]"
317,0.07083111860095993,0.0,2.623459788781191e-05,0.0008581856509719704,4.746958678914396e-05,0.03001162717489529,0.008824944028006713,0.0,0.0,0.0,0.020719432818062815,0.0,0.0,0.0,0.0,0.008379046389661146,0.0,0.1452682432489342,0.0,0.11584247614646523,0.0,0.0,0.0,0.0,0.0,0.0,0.0,"[17, 19]","[20, 43]"
318,0.0027023471947810193,0.037639568013470494,0.0,0.0,0.0,0.005324888203474935,0.0,0.10476356712070117,0.07778685880362127,0.0,0.0,0.0,0.0,0.0,0.08983234832403082,0.0,0.0,0.020422325734891486,0.0,0.0331865557970697,0.0,0.0,0.2658109300556684,0.2728845257917064,0.14191602888370655,0.14145159262084672,0.1411936103151205,"[22, 23]",[29]
319,0.0032450534329868217,0.015374511002035659,0.0003152385566718856,0.0,0.0,0.007042543899349438,0.0,0.05328572315326514,0.07577940715744938,0.0,0.0,0.0,0.0,0.0,0.0643625625616243,0.0,0.07505419934401807,0.0,0.0,0.0,0.0,0.0,0.15845277457324083,0.16355302024130153,0.06545750277911079,0.0650538826721973,0.06485456381059987,"[22, 23]",[35]
320,0.00024539672189061407,0.007747352260849004,0.004542558236188698,0.0,0.00035125134260176896,0.009402185701753949,0.0,0.0,0.07925622202348988,0.023080895200102054,0.0,0.002726015655995578,0.0,0.003314711177327314,0.0,0.005946626443488325,0.20376071692221914,0.0070256322244065155,0.05198661299946136,0.015001855060074027,0.0,0.0,0.055514267130118915,0.050771188241635394,0.013565062870381601,0.014133359705146769,0.014389597392213616,[16],"[35, 41]"
321,0.0795017473157853,0.0,0.0,0.01000922326464333,0.0,0.026814419003490613,0.00513155775588294,0.0042717193135755555,0.0009455437345134639,0.0,0.008288040178081706,0.008443241373445673,0.0,0.0,0.0,0.0,0.0063599545565566655,0.07099657259032587,0.0,0.06639897552703156,0.0,0.0,0.0,0.0,0.0,0.0,0.0,"[17, 19]","[15, 20]"
322,0.0032929505642061434,0.07038005986743466,0.0,0.0,0.029343507344770176,0.016422642600603173,0.0,0.0,0.013575636743752737,0.1766352919359825,0.03188582549779155,0.0,0.0,0.015288437261495126,0.0,0.03946438349652411,0.057041485481719625,0.0,0.11442281989242876,0.0,0.0,0.012613888472625758,0.0,0.002516759963824962,0.0,0.0,0.0,[9],"[8, 37]"
323,0.0032307608647044427,0.05953691370543333,0.0,0.01497287841462111,0.0053652398655189126,0.019328042117984248,0.0008677687982819531,0.0,0.0030560773102139304,0.13387541601308695,0.0344614175382686,0.0,0.0,0.010675751116133477,0.0,0.04851325907846735,0.05915984474769536,0.0,0.043983659017230586,0.0,0.0,0.00467955989238548,0.011555619320637556,0.01575131643416729,0.0,0.0,0.0,[9],[21]
324,0.00020121290670673894,0.006506308059004243,0.15985752787425983,0.0,0.0,0.0043887293501675625,0.0,0.0,0.01622895310018215,0.008187958606370347,0.0002716442321374826,0.0,0.0,0.0,0.012667649281092928,0.0,0.0488664839639879,0.0,0.008234362102653046,0.0,0.01714351820635533,0.023242259530181966,0.009845224205052345,0.00981485288571801,0.00436117673828794,0.004129995362371087,0.004030055417473905,[2],[30]
325,0.0016122350691277498,0.01166754508166803,0.0,0.0,0.11301104681270639,0.01532663099681512,0.0,0.0,0.0,0.0005599341379180672,0.0,0.0,0.0019801973664034995,0.0,0.0,0.034373508438252896,0.0,0.013496336749733478,0.04583431191630758,0.032737666691963485,0.04343853777413545,0.0,0.0,0.0,0.1148197287887297,0.11468440372395264,0.11459344789254813,"[4, 24, 25, 26]",[40]
326,0.00028017229528163066,0.01081839292360893,0.0,0.0,0.13953958202718705,0.0012202019818618205,0.0,0.0,0.006400718976475765,0.0,0.0,0.0,0.038135499602204095,0.0,0.0012154177318885798,0.0,0.0,0.013558485381954234,0.03380345157445949,0.04314935196144565,0.0,0.0,0.0,0.0,0.15899584912205691,0.1589821253848427,0.15894813070633274,"[4, 24, 25, 26]","[11, 37, 40]"
327,0.004741248584118265,0.09061830251943039,0.0,0.0,0.0,0.06252911044231733,0.0,0.06594521248702334,0.0,0.0,0.0,0.0,0.0,0.024119569271333737,0.09341088388120927,0.0729160691958565,0.0,0.0,0.062422900865624284,0.0,0.017409429697944928,0.0,0.0,0.0,0.013302157331309978,0.01228749187716391,0.011858731030646922,"[1, 7, 14, 15]",[37]
328,0.004097714636470154,0.09224493306062483,0.005810148001170079,0.0,0.011634166727334062,0.02211545321790565,0.0,0.0,0.04439004587822501,0.04640591303133033,0.0,0.0,0.021914411569331747,0.008139856519896932,0.0,0.0,0.07344764606191695,0.017338035181986077,0.12311601956930318,0.0015387304241137752,0.03864039588090713,0.038232120712089916,0.14050644718553798,0.1491455838344189,0.04580033620271034,0.04668676490569872,0.04707176664228851,"[18, 22, 23]","[37, 39]"
329,0.002854553091476187,0.07017490315962634,0.005627073857777885,0.0,0.03168297580508081,0.019860053792070745,0.0,0.0,0.05391703757836434,0.09215709146597462,0.0,0.05010104069349461,0.0,0.022258657179184932,0.0,0.04330726667135219,0.10600782209944115,0.04520980564088966,0.19482948365493172,0.0361028098369403,0.06907196904132747,0.0,0.0716212125717184,0.07028122731931422,0.0,0.0,0.0,[18],"[37, 41]"
330,0.002570415907672028,0.07070746580298122,0.0,0.0,0.15173419557073758,0.018300106301293,0.0,0.0,0.0,0.10858581356859708,0.0,0.0,0.011201406603224148,0.00249484998432524,0.0,0.009904659673452677,0.0,0.016735536270158356,0.1519947129669204,0.014456733454919808,0.0,0.0248335788540919,0.052145651292291734,0.05850821906930889,0.05807735448787107,0.059368853747656915,0.05995080463667646,"[4, 9, 18]","[11, 37, 40]"
331,0.001888762182286554,0.05826449334420585,0.0,0.0,0.0022205609641576295,0.0,0.0,0.00641385017857195,0.027524204125048704,0.0,0.0,0.004617806242587393,0.014204009288928059,0.0,0.009078303693499202,0.084840683520837,0.03314149627516316,0.00537630425295627,0.0,0.018903219542828382,0.0,0.060791135772217855,0.10786026445113488,0.11308113458044754,0.03152158178995799,0.03161493979567161,0.03165414412323044,"[15, 22, 23]",[20]
332,0.004291525356842497,0.0985233034381769,0.0,0.0,0.0,0.0,0.0033674967228872017,0.021606605381604176,0.0,0.0,0.0,0.08289081926973717,0.00698986968400199,0.0,0.0,0.0,0.0,0.03107760885909084,0.01885349726333553,0.009229727780779344,0.0,0.0,0.03674684748232862,0.040657071334223485,0.028262958900871146,0.02885229713307731,0.02910762327789526,"[1, 11]",[37]
333,0.005160965060946062,0.1092374994872101,0.0,0.0,0.0,0.04464582829041523,0.0,0.004240493179177127,0.007517289131524509,0.05080178299852274,0.0,0.0,0.00877542955750248,0.0,0.04550654057595192,0.0,0.07950292461283959,0.0,0.07706834297088314,0.0,0.0,0.0,0.019471465201235643,0.01929487640467026,0.0,0.0,0.0,"[1, 16, 18]","[34, 37]"
334,0.06988313108771649,0.0,0.00012226280339901465,0.0,0.0,0.0,0.04336771314474686,0.0,0.004242099353804818,0.004029229625841728,0.0,0.0,0.0,0.13583444991999255,0.011254536411547124,0.0,0.017648440166547222,0.0,0.00243364688706877,0.0,0.0,0.0,0.0,0.0,0.0675077466556278,0.06755204931740177,0.06760519895350267,[13],[20]
335,0.05507903780208468,0.0,0.00014351313172104865,0.0,0.0,0.0,0.0,0.002468878970179915,0.033080732573947474,0.0,0.0,0.0,0.01246307635281451,0.15151730255890847,0.01907767720981,0.0,0.0005329900563182849,0.0,0.0,0.0,0.0,0.01455417737555204,0.019805905847561315,0.025905848832526873,0.0,0.0,0.0,[13],[20]
336,5.103435960127349e-05,0.0022788228287328577,0.12122613673276073,0.0,4.0555351366027955e-05,0.0,0.0,0.001552366345210335,0.013601736349904973,0.0,0.0,0.010937883387543958,0.003131262941036561,0.0,0.0,0.010102068394527729,0.022704015171486933,0.004082448400932431,0.0,0.009639188313304105,0.004250227236903557,0.05198024799230252,0.0,0.0,0.010923701355322968,0.010982775571600104,0.011004708754949976,[2],[1]
337,6.382554756760063e-05,0.0027697686853423347,0.12628646465976828,0.0,0.0,0.0,0.0,0.004598560851114192,0.04023598844700527,0.0,0.0,0.022582728204498713,0.022556520355618767,0.0,0.0,0.0,0.070105317019041,0.010052830764247404,0.0,0.0199374281224415,0.02593370797454519,0.19128944458258149,0.0,0.0,0.0363817386864801,0.036451680509607065,0.03647229510279032,[21],[1]
338,3.765210044548295e-05,0.001153454674143799,2.392656817660831e-05,0.0,0.026459445921288915,0.0,0.003110790511217884,0.04305869000008679,0.20499965103533177,0.011514961365394333,0.02616094852933451,0.0,0.004481218494854202,0.007640047017986942,0.0,0.0,0.0,0.0,0.0,0.0,0.009106136415129303,0.0,0.0,0.0,0.0,0.0,0.0,[8],[40]
339,2.04381606640755e-05,0.0009182285619411063,0.00019509904792634931,0.0,0.029064129002702364,0.0,0.0,0.0242377760358294,0.0,0.02506526523248442,0.04950754814704459,0.003325883894424371,0.0866096778054384,0.006370816576080546,0.0,0.0,0.0,0.0,0.0,0.0,0.0,0.0010578068128685133,0.018623657214615005,0.01925539494015474,0.0,0.0,0.0,[12],"[15, 23, 40]"
340,2.719717082091585e-05,0.0010680339590516006,0.002911638366418727,0.0,0.03204358690226572,0.0,0.0,0.043084627066275256,0.0,0.033407822230429464,0.07392013921739296,0.010452723967605652,0.14388120696652767,0.009015152126452106,0.0,0.0,0.0,0.0,0.0,0.0,0.0,0.0,0.028661755762578327,0.02730345102137931,0.0,0.0,0.0,[12],"[23, 40]"
341,0.06297222094619122,0.0,0.0003571722919755024,0.004104185511793587,0.00632440642087391,0.0,0.008064482346813402,0.0,0.0,0.011360259286893324,0.014969584091442011,0.0008147445258402786,0.0,0.014503276753574415,0.0,0.01605652495220062,0.0,0.0,0.010667564144679759,0.0,0.005388934422495659,0.09872715120282038,0.0,0.0,0.017314524461962976,0.01760343052588598,0.017738845244718707,[21],[20]
342,0.0059941078630765645,0.10215077978644053,0.0,0.0,0.0,0.014330262236127673,0.0,0.03430220475507692,0.0,0.0,0.0,0.04951724730009853,0.012599364067216115,0.0,0.0027135577539564755,0.0,0.0,0.021457983458627473,0.01931950891065044,0.02001636201472904,0.0,0.0,0.06266041409379786,0.06547920026552866,0.04516986822449105,0.04541229403061299,0.045504262457059595,[1],"[15, 37]"
343,9.81468178921567e-06,0.00022325027234923673,0.0005313779087415951,0.0,0.035618090712437864,0.0,0.0,0.059370127498929386,0.0,0.04453051599155507,0.10149063318084725,0.015338702226567842,0.1691983376857079,0.010920330955732797,0.0,0.0009971507224454132,0.019241224487604094,0.0,0.0,0.00635799510120086,0.031290527460209584,0.004166799673020623,0.031263729323672426,0.031563740939971295,0.0,0.0,0.0,[12],"[15, 40]"
344,1.7396116540403998e-06,9.02524522208026e-05,0.0003302113958999066,0.0,0.017586920747036328,0.0,0.0,0.03033698742136831,0.0,0.023183664609045314,0.0521518314037208,0.007640282450356424,0.06361480198276837,0.006207903694850293,0.0,0.0,0.012330796560548524,0.0,0.0,0.0038143363717806854,0.04513393431815167,1.7255184882804934e-05,0.016522132747057754,0.016398313467528933,0.0,0.0,0.0,"[10, 12, 20]",[40]
345,0.002087015954468331,0.05107379187151422,0.0,0.17030619625318386,0.0,0.0,0.0037877488476433614,0.03694376150213494,0.0,0.0,0.0,0.10600135665622713,0.05567648792374138,0.0,0.0,0.0,0.018725831461656125,0.020215641101023696,0.0,0.008932862540942232,0.0,0.04757036036436033,0.0,0.0,0.0,0.0,0.0,[3],[21]
346,0.03032773722187447,0.0,0.0002481713431350287,0.0021745096999537593,0.0020559046202185665,0.0,0.019778483846005487,0.0,0.02502025083682679,0.007118455028498369,0.0,0.0,0.024661361849386512,0.04127795031361923,0.0021812769265043648,0.0,0.0386761133450481,0.0,0.00592470431518965,0.0,0.0469530168100752,0.009299798941638187,0.028731253438532913,0.01361513427117348,0.024858710232025124,0.02471654204172744,0.024673904257247845,"[13, 16, 20]",[20]
347,0.0006415075268191923,0.020271174480674104,0.007664753197887766,0.0,0.0,0.00850554224363777,0.0,0.0,0.09400467539150184,0.030213114935540093,0.0,0.0,0.0,0.0006393027914038255,0.0,0.019855784660639194,0.2565365241187372,0.0,0.05008410301673098,0.016995647679239688,0.0,0.0,0.06279396225972018,0.05822320376407529,0.015401539539147793,0.01576303596780644,0.015931640387483254,[16],"[35, 41]"
348,0.07157378433328875,0.0,0.0,0.007465255387508334,0.0046809953869372985,0.07444159269106329,0.0,0.0,0.006328507241781872,0.0,0.024216323191197563,0.009151419601551703,0.0,0.0,0.0,0.049101770605148906,0.0,0.10176923311107731,0.0,0.09789251380267773,0.04718030785093366,0.029381661763457828,0.0,0.0,0.0,0.0,0.0,"[5, 17, 19]",[20]
349,0.0020755106189153227,0.04049549989881,0.0,0.0,0.0,0.004452353894657596,0.0,0.05524981233663194,0.0,0.0,0.0,0.02019817284923067,0.013446330742468727,0.0,0.0401722992604063,0.04691284460789552,0.0,0.0024355362952865403,0.0,0.015058268641667958,0.1649719914625644,0.02545108201661914,0.08543473592369141,0.09633104525405643,0.04595602666828789,0.045978663692867794,0.045980277029911004,[20],[-1]
350,0.003797533698429352,0.08400724727320236,0.0,0.013284910848029314,0.026507432728335178,0.0021289907614810166,0.0023122030329219096,0.0,0.006207743582356644,0.1233424454616404,0.018771763126598614,0.0,0.010290395188536312,0.00835519029177173,0.0,0.04920195901103471,0.04547704767584985,0.0,0.055439368842704846,0.0,0.0,0.0,0.0,0.0,0.0,0.0,0.0,[9],"[8, 37]"
351,0.0575260976666841,0.0,0.0001248523681077072,0.00039701194837066673,0.0003102512574310066,0.0,0.03191323335087139,0.0,0.05020539138006142,0.004950437045299826,0.007913867255966222,0.0,0.009023031236474304,0.0,0.0,0.0,0.03146557583864094,0.09871220497492833,0.007831135807318144,0.11910710429550392,0.0,0.0,0.0019784821330591624,0.005883281386608379,0.011008601425922006,0.010104854321698302,0.009722080850865294,"[17, 19]",[20]
352,0.06608612330602051,0.0,0.00041206978660465537,0.0031984917257004484,0.006541827722467083,0.0,0.03615278372848887,0.0,0.0,0.01012154234817056,0.013659043493372512,0.007582418362354202,0.0,0.06491130260037861,0.0,0.05629333035829063,0.0,0.0,0.01303757511378313,0.0,0.0,0.05017936252382319,0.0,0.0,0.04829540360050142,0.04846032244268559,0.04856684721887803,"[13, 15, 21, 24, 25, 26]",[20]
353,0.06261308782565372,0.0,0.00024154800867413954,0.0012614455066713717,0.002533326084789224,0.0,0.019524590605087058,0.0,0.06506898752036853,0.006877606489036868,0.007628919843052503,0.0,0.013971025821780425,0.0,0.0,0.0,0.025380170766646747,0.12270596978464494,0.016046213641440276,0.16765289916613466,0.0,0.0,0.0,0.0018185036449511443,0.0,0.0,0.0,"[17, 19]",[20]
354,0.0025502218186316643,0.06060902554840329,0.0,0.0,0.03454150924885353,0.016018247649023785,0.0,0.0,0.0,0.14688041343195543,0.006281492617191336,0.0,0.0,0.007519498555759566,0.0,0.0,0.002699195047294404,0.03503047988067339,0.16428771473291345,0.011331712206524831,0.0,0.0,0.054316372155904825,0.05269703556994255,0.0,0.0,0.0,"[9, 18]",[37]
355,1.9192414060404362e-07,6.391766508279786e-06,8.076973045739666e-06,0.0,0.0004706243985585618,0.0,0.0,0.0010355366876887069,0.0,0.0011992650366852316,0.002091669930549758,0.0001170427919564891,0.009783610553043649,0.00018269054396922513,0.00021282453797366902,0.0,0.0024940732539994077,0.0,3.5900617063973782e-06,0.00046559368712059966,0.2654071617838145,0.0,0.00019986157558727981,0.0003120235193891957,0.0006042352893912361,0.0006034247969510575,0.0006036424844282768,[20],[33]
356,1.4268584131084554e-08,9.830330194534559e-07,4.268113067570192e-06,0.0,0.00039593759459413734,0.0,0.0,0.0008716956113090969,0.0,0.000836596917451651,0.0016296820886197941,0.00024222900861122694,0.00875544375314994,0.0001308857262617469,0.0,0.0,0.001023055248250889,0.0,0.00013569633292857846,0.0004780468387876333,0.22445112634756118,0.0,4.3727989993787174e-05,0.00016468745471575347,0.0005506393632172334,0.0005538843624004146,0.0005558490173032061,[20],[33]
357,0.00014467296421775004,0.002251027030762738,0.0,0.003304822375693127,0.0022575013398247355,0.008858612617095144,0.26697892466932555,0.001352660908369777,0.003309200204561541,0.0,0.0,0.02087218551206927,0.0002320548796083479,0.0,0.0,0.0010061660054226016,0.0,0.0,0.0,0.00574300863968263,0.0,0.0,0.0,0.0,0.0,0.0,0.0,[6],[27]
358,2.6057010114675602e-05,0.0005614476981705235,0.0,0.0018864134676279919,0.0008989852899762423,0.004573486893433149,0.1417797991269011,0.0,0.0025389754015211633,0.005619155634150836,0.0018147638295716907,0.0,0.0,0.0,0.0,0.002656948910693508,0.0,0.0,0.001400269386366437,0.0005893001946908993,0.0061384304986043985,0.00523011584804369,0.003716550359414339,0.0038110604709361696,0.0,0.0,0.0,[6],[27]
359,0.004371015285329584,0.08123449083296945,0.0,0.0,0.0,0.0,0.004061711601969156,0.059601567076379904,0.010891192185728283,0.0,0.0,0.1665658199395935,0.0,0.0,0.0,0.0,0.0,0.04416250157211809,0.0,0.029845317427197274,0.0,0.0,0.0,0.0,0.07903194163816304,0.07992006731040383,0.08028314174412911,[11],[37]
360,0.0023398499262118973,0.05669684444788073,0.0,0.0,0.0,0.0209909469675404,0.0,0.08140162879655319,0.0,0.0,0.0,0.01824281025184582,0.0,0.0,0.061037487741912456,0.1067771620596245,0.0,0.0015577103730370025,0.014995410513917742,0.038069630100921015,0.0,0.0,0.0,0.0,0.07529292520193326,0.07485954121950367,0.07466713684603414,"[7, 15, 24, 25]",[39]
361,0.03977404286335152,0.0,0.00011692429303433189,0.0024809019940654964,0.002647608057458337,0.017380592278477852,0.004528437135229227,0.0,0.020612665745054954,0.002731029924414146,0.01583900992906256,0.0,0.007093203773766327,0.0,0.0,0.02963094099137309,0.022040247922306404,0.18428496385927323,0.0,0.1709844998936919,0.0,0.0,0.0,0.0010798362479421946,0.0,0.0,0.0,"[17, 19]",[20]
362,0.0028894116075278507,0.0498651678651941,0.0333468975726917,0.0,0.0,0.04062036462410399,0.004561645611185017,0.10909874310286241,0.0,0.0,0.0,0.0,0.020090400635676797,0.0,0.16620391078529578,0.0010802850758814663,0.0,0.0,0.0,0.0,0.04253910699302552,0.11838325353827753,0.0,0.0,0.03212192424704196,0.030061255543093843,0.029176342702988474,"[14, 21]","[1, 37]"
363,0.0036969753133950186,0.08881343393502153,0.0,0.0,0.008032147473139916,0.035811554325087584,0.010559028819220889,0.0,0.0,0.08673237264233437,0.0,0.0,0.0,0.015612492630765485,0.0,0.04346788335070956,0.0,1.997376778685396e-05,0.13654745597561585,0.0,0.0,0.002333729486986293,0.0,0.0,0.0,0.0,0.0,[18],"[10, 26, 37, 39]"
364,0.0023764138714249842,0.06191904350999371,0.08743929494186661,0.0,0.0,0.0,0.0,0.026503345232233393,0.003425662378635142,0.0,0.0,0.1387461753757527,0.036599663396336655,0.0,0.0,0.002470246604911363,0.08744420079143031,0.04033885442167841,0.05343228803207605,0.0573053285344703,0.0,0.1739724701404381,0.0,0.0,0.06889094013640099,0.06976188615433782,0.07013119864116979,"[11, 21]","[1, 32, 37]"
365,0.0041852786006464,0.07666370813991139,0.0,0.0864935244358465,0.0,0.0,0.0,0.05409849550772092,0.0,0.0,0.0,0.1617933450524289,0.0,0.002526774198810815,0.0,0.0,0.0,0.03613357270761297,0.0,0.05782250605107675,0.0,0.0,0.0,0.0,0.00914539368409751,0.010244713163374122,0.010724682354276278,[11],"[21, 37]"
366,7.319043913048493e-06,0.000488349919091836,0.06051617756889423,0.0012868139344040903,0.0,0.0,0.0,0.0014868780271683727,0.021032762877815338,0.0,0.0,0.004523131110145961,0.01741381856301677,0.0,0.0,0.0,0.03090849363902526,0.0026638965971877535,0.0,0.009264354151233138,0.0,0.13340972687013206,0.0,0.0,0.014369287855631123,0.014368450566786184,0.014364076902711659,[21],[-1]
367,0.003932715610109377,0.08432155707707717,0.0,0.0,0.0,0.052787741492282665,0.005406090147479506,0.037425423558316274,0.0,0.04341353841574455,0.0,0.0,0.0,0.0030611657320086983,0.12030044700185237,0.027337111374691286,0.0,0.0,0.07167937370893877,0.0,0.019982842096480827,0.05304376532788654,0.0,0.002629726372962575,0.021194881340027266,0.019421366653260046,0.01865815408547781,"[1, 14]",[37]
368,0.0011003145782117509,0.026445618000015197,0.0,0.17454056467273618,0.0,0.0,0.0,0.004147173218702821,0.021067407123609126,0.0,0.04988156683987302,0.0,0.0,0.0,0.0,0.0,3.8158414379925416e-05,0.004969616413403691,0.0,0.015483658212254614,0.019314837072613993,0.029598889627909415,0.03500155048106951,0.033039080466449045,0.005156401212589859,0.005067478319229372,0.005032908058690569,[3],[21]
369,0.006172281021370516,0.035941811324089606,0.0,0.17863401643621318,0.0,0.00655444635357624,0.0,0.0,0.005465755880432505,0.0,0.044123699598130464,0.014967932962593333,0.0011962128138434543,0.0,0.0,0.0,0.012431870425619832,0.02594367747192331,0.0,0.02059619667245902,0.0,0.0,0.0,0.0,0.0015355254459404996,0.0017725359055009657,0.0018647350455378874,[3],"[15, 21]"
370,0.07167232129965016,0.0,0.00014710248904225645,0.0,0.0004660980789937759,0.0,0.0396614966388774,0.0,0.006048111972680126,0.006029987124077574,0.011409356086727003,0.0,0.009952038635646056,0.0,0.0,0.0,0.01265559745411168,0.0424479534976469,0.005925932609434867,0.04111595761077049,0.012384798492353405,0.0,0.0,0.0,0.03720255331945248,0.03656936485456346,0.036307995255873825,"[6, 17, 19, 24, 25, 26]",[20]
371,0.0033102080899891687,0.07659613005569929,0.0027670107735729937,0.0,0.010664352180038214,0.04435803301564957,0.0,0.0,0.054604514333756994,0.11457998873090174,0.0,0.0,0.0,0.011494712444328288,0.0,0.0,0.1514237127218816,0.014669771009471996,0.1886025373117925,0.0012739689799773973,0.007306952635530626,0.0,0.06074128728872821,0.061658685320595874,0.0002872357753577761,0.00143054631972341,0.0019440822171719863,"[16, 18]","[37, 41]"
372,0.003910778544599598,0.08474702834410933,0.000641867757754711,0.0,0.0,0.017317807676368032,0.0,0.04020544618553047,0.0,0.0,0.0,0.0,0.016586851966506954,0.0010915869424768928,0.030951788286584486,0.010995167532771726,0.0,0.0,0.03515573857670931,0.008631921970396564,0.0,0.01608061300158239,0.02195369804802992,0.02925210893025671,0.021181522506440308,0.020994566265097367,0.02091011856073897,[1],[-1]
373,0.03197264653570528,0.000485018702898958,0.0,0.0011397078126320333,0.0018108301059832942,0.23943236926044348,0.0,0.0,0.0016961175502548521,0.0,0.0008940908749133038,0.05880055339608114,0.0,0.12107929545398927,0.0,0.031104552993179754,0.0,0.0,0.0,0.0,0.0,0.0002025970516801146,0.0,0.008647177868962101,0.0,0.0,0.0,[5],[20]
374,0.030554129365588264,0.0003496146452861923,0.0,0.0,0.0,0.08558380899104566,0.0,0.0059275581251414826,0.03983267221206837,0.0,0.0,0.030213102482924765,0.0,0.14928784458579017,0.005356676953265663,0.03195804869799956,0.0053177687120141166,0.0,0.0,0.0,0.0,0.0,0.0,0.007820554218700145,0.0,0.0,0.0,[13],[-1]
375,0.004747569803898724,0.09633967181938526,0.0,0.0,0.0,0.0,0.005205887578110145,0.08791399695675609,0.0,0.0,0.0,0.0,0.0,0.0,0.10160447253069478,0.0047987551048045704,0.03256036122943756,0.0,0.0,0.0,0.0,0.0,0.0,0.0,0.0,0.0,0.0,"[1, 7, 14]","[0, 15, 37]"
376,0.004512304206781155,0.0741803777300996,0.002523024824187373,0.0,0.0,0.051475399309272814,0.006201781271231874,0.10261104270943842,0.0,0.0,0.0,0.0,0.0036918965591037174,0.0,0.1331424740660253,0.0,0.026014006178476146,0.0,0.030043288024202537,0.0,0.026787722484689948,0.0,0.0,0.0,0.03679812941776575,0.035117355872072736,0.03438649510014757,"[7, 14]",[37]
377,0.07607698560942082,0.0,0.00015504623299789693,0.0,0.0016409848336227867,0.0,0.0,0.0,0.021315035458050254,0.0,0.0,0.004934264368493705,0.016677739850171226,0.12795843191907602,0.004494174279560077,0.014378824287268853,0.0,0.0,0.001696093277963287,0.0,0.0,0.022821522309077164,0.0016525235112730035,0.0,0.005066566424359092,0.00543164848108371,0.005596912357508478,[13],[20]
378,0.0033001609972547986,0.07646871579546508,0.0,0.0,0.011965658919959318,0.05084181148062277,0.014688584285857483,0.0,0.006496686819188761,0.18191586561077602,0.016468958318392585,0.0,0.0,0.019150597261129547,0.0,0.007311042456406136,0.04861212145061721,0.0,0.17520123423386696,0.0,0.05073752816426283,0.0,0.0027091438186894203,0.003800594365593475,0.0,0.0,0.0,"[9, 18]","[7, 37]"
379,0.002415574152615848,0.06562666252899484,0.0,0.0924524308047845,0.00740523125499243,0.0,0.0,0.0,0.0,0.14352029119100151,0.06198476052910859,0.0,0.0,0.014513989023904095,0.0,0.013956991659902841,0.0,0.0,0.07268029950723662,0.0,0.026298774209270053,0.05639587699746567,0.01774808874607446,0.021413860722870295,0.0,0.0,0.0,[9],"[21, 37]"
380,0.00284957660489545,0.039021559181858165,0.0,0.0,0.0,0.0005819960460381586,0.0,0.10728865455024973,0.08174786836336295,0.0,0.0,0.00766483943423269,0.008157430760929629,0.0,0.08277716881983635,0.0,0.0,0.02901207148388774,0.0,0.04168567833018536,0.0,0.019109859070403558,0.26579459173640413,0.27582041315908823,0.17426871400092891,0.1739278763093165,0.17372063115888123,"[22, 23]","[29, 35]"
381,2.2988462451200334e-05,0.0006743694538544234,0.003107612770301168,0.0,0.050936372035299236,0.0,0.0,0.06384362079956839,0.0,0.03740971395756796,0.10061308888139416,0.01456824239111515,0.05642317620319818,0.011639983826481156,0.0027494295483796835,0.009488236534750212,0.025285186998564104,0.0,0.0,0.0,0.007509408661069077,0.0,0.047570252009724395,0.04498165154331438,0.0,0.0,0.0,[10],[40]
382,1.859593459714651e-05,0.0008356095608082842,0.0008510597666597708,0.0,0.0794229227335872,0.0,0.0,0.10808557040931072,0.0,0.06723950930482861,0.16800546598388527,0.02519940812475112,0.02845213952360785,0.022185510202989377,0.0,0.0,0.03817020379879535,0.0,0.0,0.0,0.013017313546164448,0.02781141830092272,0.038121124955975985,0.03826499186861113,0.0,0.0,0.0,[10],[40]
383,0.03675361782765238,0.0,3.8334467266377754e-05,0.0010576554411613772,0.001871825766889798,0.1273488452151005,0.0,0.0,0.0,0.0,0.02596429224339592,0.009921572673296677,0.005794695070696756,0.0,0.0,0.0,0.0,0.15833413724705092,0.0,0.1293116150561613,0.014335331981264276,0.023566240685185844,0.018436210231867273,0.010278302697948504,0.0,0.0,0.0,"[5, 17, 19]",[20]
384,0.0002739013496462685,0.009802976407500538,0.0,0.0,0.14807192445272302,0.0,0.0,0.039178504506911335,0.027762864707965722,0.0,0.039534236966745226,0.02506866606561853,0.003305997342507456,0.004023424012232104,0.007515716303484811,0.0,0.0555228761717925,0.0,0.0,0.0,0.0,0.02800827754747495,0.03152283224124926,0.031905040291628314,0.0,0.0,0.0,[4],[40]
385,0.05197969664772678,0.0,5.840635905919438e-05,0.0007108460783972167,0.0002791305759964556,0.03553404899745023,0.0,0.0,0.0,0.0030731871103532077,0.0211643353779375,0.0,0.05154805977276228,0.0,0.0,0.007647728348082994,0.0,0.1795635527378391,0.0,0.12279747787218283,0.0,0.0,0.0,0.0,0.0,0.0,0.0,[17],"[12, 20]"
386,0.052530058521716744,0.0,0.00022966901526435486,0.001148441636421816,0.002096311736113006,0.0,0.08235706697649096,0.0,0.027210471494657718,0.013676138761311808,0.0,0.0,0.0,0.12382610971299214,0.010947701076366402,0.0,0.03941726869033155,0.0,0.02157892244333916,0.0,0.0,0.0,0.00675408572012723,0.012616769876225004,0.10446035972252476,0.10394558424155409,0.10377265153576945,"[13, 24, 25, 26]",[20]
387,0.07614261468721951,0.0,6.018397380854584e-05,2.014961610564882e-05,0.0,0.0,0.0,0.0,0.05794969259405269,0.0011593259378055716,0.0,0.0,0.0,0.05559531439457536,0.005269332962942037,0.0,0.011046831751185204,0.0,0.002617111730920702,0.009027405376845281,0.028291054744321285,0.005784357069152972,0.016178742725965332,0.014876647991648324,0.0,0.0,0.0,"[8, 13]",[20]
388,0.0010835239217150223,0.036594226550295296,0.0,0.17623267807675005,0.04830958134633682,0.0,0.0,0.0,0.02409030349720576,0.03659510514410885,0.02992187144443039,0.0,0.0027177359217706956,0.0006365498760580485,0.0,0.0,0.0,0.0015881555395926839,0.0,0.027635120417459785,0.012828159088836437,0.02327674476209986,0.005383248382819398,0.0034737286763148016,0.021905921206799867,0.02236506078922732,0.022569006844171666,[3],"[21, 40]"
389,4.627010394857386e-05,0.0013192720450385094,0.00013196719900980883,0.0,0.05307535037295367,0.0,0.0,0.08399820312292411,0.050051568220519746,0.04819069367488569,0.11498668860401426,0.01453994572252774,0.0,0.015813506959166442,0.0,0.0,0.0,0.0,0.0,0.0,0.0,0.029481265367933523,0.0,0.0,0.0,0.0,0.0,"[7, 10]",[-1]
390,0.001823488345141836,0.04263751466116001,0.03419868370068049,0.0,0.0017183104971165827,0.0,0.008891449618334641,0.06970689682532868,0.028968854351262126,0.0,0.0,0.13130380583711074,0.09663227080313722,0.0,0.014175666891295737,0.0,0.011674420420904824,0.04476995603758316,0.0,0.03250573805453626,0.0,0.22752460931212018,0.0,0.0,0.1372396948695227,0.1374427496806024,0.13750440273278733,[21],[-1]
391,4.6569562730578383e-05,0.0019359964929696353,0.0879432691706862,0.0,0.0,0.0,0.0,0.0,0.01163388252047799,0.009194602923823418,0.0,0.0,0.011429520201898767,5.547934406002022e-05,0.0,0.0,0.02952237897293068,0.0035030784364412557,0.009175618551383978,0.002823456874808307,0.009424714570004733,0.07890171047999844,0.0,0.0,0.0005532654193609737,0.0006433079089166413,0.0006834758030881182,"[2, 21]","[1, 15]"
392,0.08278857402193791,0.0,0.00025355873230420596,0.0008552431410322623,0.0020953529045760304,0.0,0.014187173129632986,0.0,0.0026005972578170993,0.006172225763332289,0.008061792576651313,0.0,0.00886570580240251,0.016483647049587394,0.0,0.0,0.00267713771637735,0.0027907453664401055,0.003245692846258145,0.0,0.0,0.006275942599307885,0.0036403387661248328,0.00010435161501358775,0.022233473508345085,0.022097513080588337,0.022045867558250245,"[13, 24, 25, 26]",[20]
393,0.07249253658875768,0.0,7.009921194232503e-05,0.0,0.0,0.0,0.0,0.0007505085837731397,0.0,0.0,0.0039643453964606345,0.0,0.02377032498170868,0.04626180064155625,0.003987348561530143,0.012934520902564311,0.0,0.0,0.0,0.0,0.02494979235747596,0.06088815269532695,0.0003431518360176291,0.0,0.0,0.0,0.0,"[13, 21]",[20]
394,0.07572118881991574,0.0,0.00017787671801385005,0.0008219155076836784,0.001250731547853942,0.0,0.03456046370194495,0.0,0.0,0.0042385857400566085,0.010954912126422574,0.0,0.01226189568658636,0.010196872906204165,0.0,0.028250365472746765,0.0015529260715059676,0.0,0.0,0.0,0.04533440630266343,0.0,0.0,0.0,0.06558844434799359,0.06560141117798657,0.06562499184936665,"[24, 25, 26]",[20]
395,0.05514381271485254,0.0,5.7278566953440083e-05,0.0,0.0,0.0,0.04127598215852819,0.006073867596060577,0.0,0.0009881699962358487,0.0,0.0,0.03183916957902347,0.15994493299948903,0.029483826951728926,0.0,0.039458368715423985,0.0,0.00400021330797396,0.0,0.042498209503190415,0.0,0.0,0.019211832836772687,0.09208690209568597,0.09224948379794545,0.09234915089979814,[13],[20]
396,0.0037107167570454434,0.07952250641373457,0.0,0.0,0.0,0.062051867995749514,0.019297613088782993,0.02441069599683906,0.0,0.09554183180845639,0.008909652724735682,0.0,0.0029832388609552485,0.0,0.15535949795280338,0.013185186772636442,0.0,0.0,0.09180945328256535,0.0,0.05919092501879583,0.006685405922574917,0.0,0.0,0.0,0.0,0.0,[14],[37]
397,0.057217090898736986,0.0,3.780780011086035e-05,0.0013233308755297372,0.0008712038317797462,0.038244350876840215,0.0,0.0,0.0,0.0,0.017960529598956936,0.0020130082089389652,0.0,0.0,0.0,0.0,0.0,0.03200112139390967,0.0,0.0,0.0,0.06097120186777295,0.0,0.0,0.0,0.0,0.0,[21],[20]
398,0.003993098622387053,0.06798864818491128,0.0,0.0,0.0,0.041277609196852395,0.010285323197632574,0.11634985582480101,0.0,0.0,0.0,0.0,0.0,0.0,0.1771227368431771,0.006078756273536673,0.0,0.0,0.007383466012714838,0.0,0.0,0.014372764876855744,0.0,0.0,0.03365929759368515,0.03126468134475684,0.030229056023991743,[14],"[5, 37]"
399,0.0011832691289555464,0.03876920806922092,0.0,0.1856815891163021,0.014583815984591905,0.0,0.0,0.008178352113617747,0.010688723896358108,0.0,0.03211811950931417,0.045719848180800125,0.0,0.0,0.0,0.0,0.012491036716360312,0.011569098508604589,0.0,0.013072830350744595,0.012549273471984267,0.01831501358139654,0.023589265778479414,0.018797077875918448,0.0,0.0,0.0,[3],[21]
400,0.003342102073381473,0.0017365926048949468,0.0,0.002238670019193655,0.020784254553724738,0.08645101196627589,0.0,0.004373812104899011,0.0,0.0,0.0,0.03837352987493622,0.0,0.0,0.0,0.03672681199308327,0.021782945845808088,0.005522121799607462,0.0,0.0025343489964670947,0.0,0.0,0.0,0.0006515707248367589,0.0,0.0,0.0,[5],"[20, 35]"
401,0.0011586396130161504,0.023383805851837403,0.0003017778322330959,0.0,0.014835898712150327,0.0,0.0035981133798882094,0.02822611252221047,0.0468248473330242,0.0,0.0,0.02831657355216803,0.0032267248417029402,0.0,0.012163782599215531,0.007887801072827333,0.0,0.04121611086232608,0.008035754659979688,0.030761005600599124,0.007487026360369379,0.0371921438304153,0.13940659568999705,0.14057543606956688,0.12852219023726835,0.12866706608543507,0.12869212986770698,"[22, 23, 24, 25, 26]","[29, 35]"
402,0.0029900047991629863,0.07210187899587443,0.0,0.0,0.03282051179191931,0.027202143967081413,0.011937994958061655,0.0,0.0,0.1753056970907219,0.014462625877219653,0.0,0.010889258505886823,0.01759746468700314,0.0,0.0,0.0,0.0,0.13887001438005134,0.0,0.0,0.05400984226881292,0.009539430009264731,0.015300677822931093,0.0,0.0,0.0,"[9, 18]",[37]
403,0.002553404963045137,0.03917077276646854,0.0,0.011613617662767623,0.0,0.0,0.0,0.03959250946881203,0.0,0.0,0.0,0.07870218696093624,0.021800678884706937,0.0003040213032031738,0.0,0.01568347003979457,0.0068701983401734685,0.018216370003854853,0.0,0.027559846143483384,0.0487750972562776,0.019441444285869015,0.1004937993007586,0.10732798996728372,0.013305472092066417,0.013853121462106353,0.014090196896803589,"[11, 22, 23]",[-1]
404,0.0046158775035688646,0.08782549090463565,0.0017896932065919013,0.0,0.0,0.02873477532687518,0.0,0.03920728525591263,0.0,0.0,0.0,0.04396617702268459,0.0,0.004820922936994924,0.0030128178871140533,0.0,0.031458016498204164,0.0022172146124024203,0.05577404193341381,0.026155667182619115,0.0,0.0,0.0,0.0,0.01737299438317384,0.017673331575234846,0.01780933479658349,[1],"[37, 41]"
405,0.002817614932781415,0.07939972812304069,0.0,0.10882457971212638,0.00045714565656304146,0.0,0.0,0.003976152555901559,0.0,0.0,0.0,0.17089073653442985,0.0,0.0035376670219314974,0.0,0.029635870435881975,0.0,0.04747124187790365,0.0,0.05200959335432693,0.06003998379152776,0.0,0.0,0.0,0.0,0.0,0.0,[11],[21]
406,1.8108428527274585e-05,0.0009714680606554695,0.1258189375993103,0.003056415396927982,0.0,0.0,0.0019779201908452864,0.0,0.0,0.003465400393471264,0.009775871974868292,0.0,0.0,0.0001590364162878059,0.0065988292720801,0.033679845551799294,0.0,0.0,0.0,0.0,0.0,0.0,0.049956939228006925,0.04492045733704188,0.0,0.0,0.0,[2],[1]
407,2.2913467679548563e-05,0.0012037186328780374,0.09274438178174797,0.0019024228108144962,0.0008361477731410019,0.0,0.003692945895853762,0.0,0.0,0.012478710820944799,0.011460193229251838,0.0,0.0,0.0006671787872987441,0.002249046799072606,0.0,0.0,0.0,0.0,0.0,0.0,0.0,0.10106694737898086,0.0920106156039495,0.0,0.0,0.0,"[2, 22, 23]",[1]
408,0.0017710131890349423,0.019573740029900585,0.0,0.0,0.0,0.012454983462101442,0.01112836602514949,0.0,0.0,0.06318567983563603,0.01866501025111173,0.0,0.021361820523580446,0.0,7.928017452786943e-06,0.0,0.05680987767683361,0.0,0.03318108080673848,0.0,0.0,0.0,0.0,0.0,0.0,0.0,0.0,"[9, 16]","[7, 37]"
409,0.02110185361465934,0.0,9.700050254008698e-05,0.0,0.0010451765805537278,0.01765560479881971,0.0,0.0,0.017810550693120503,0.0,0.0,0.008935569517540752,0.03074093937953032,0.10138346737364223,0.002449868598263615,0.0,0.010744478932503401,0.0,0.0,0.0,0.0,0.008414445273227718,0.04586463574736133,0.030074971792772465,0.006934797129421544,0.007446431990704941,0.007675491858657687,[13],[20]
410,0.0037127320907549654,0.08245020198721838,0.0,0.0,0.0,0.024275410132133284,0.011058737160743893,0.0,0.0,0.15743096348045083,0.03986317661160671,0.0,0.0,0.015761616334648447,0.0,0.006453894761778221,0.021303154966248756,0.0,0.09436911449430936,0.0,0.0,0.0,0.014351210607527186,0.01574625784918581,0.0,0.0,0.0,[9],"[8, 37, 39]"
411,0.003475005347394539,0.0596368473367456,0.0,0.04859760527969237,0.030325243696259857,0.0,0.03553595895160188,0.022616026135195803,0.0,0.0,0.0,0.17406558444322798,0.021565173642718642,0.0010835624845489953,0.0,0.0,0.04077909835690454,0.021120973276337295,0.0,0.0042910113014147915,0.0,0.0,0.0,0.0,0.0,0.0,0.0,[11],[37]
412,0.002535247055122967,0.06838430207505805,0.0,0.0,0.021371171115204275,0.02439767050182259,0.012346111888322365,0.0,0.0,0.18869239829736958,0.029928353594718862,0.0,0.0,0.007693024075516397,0.0,0.012665238467534716,0.0,0.0,0.12425085889291239,0.0,0.028705151435319442,0.061314441538116084,0.05712302794025198,0.05905587860652682,0.0,0.0,0.0,[9],"[37, 39]"
413,3.315303921345013e-05,0.001611386743832156,0.12483200021325436,0.0022656217915036523,0.001097669142591266,0.0,0.002052045630786869,0.0,0.0,0.01383191755866724,0.009686807880204682,0.0,0.0,0.0006314182675481086,0.0,0.0,0.0,0.0,0.0,0.0,0.0,0.0,0.08131172577475511,0.07348595725440207,0.0,0.0,0.0,[2],[-1]
414,0.0006326008417513062,0.020790431033742677,0.0,0.1595507358015688,0.005361716595946315,0.0,0.0,0.0,0.0226169265657885,0.005221506918490696,0.03847517059024469,0.0,0.0,0.0005545818828093156,0.0,0.0,0.008118271989297293,0.0020639810456932793,0.0,0.014350493761240986,0.022350551689371848,0.015399216708871132,0.0,0.0,0.00017614315241797917,0.0003522283584134362,0.00043412884928889327,[3],"[21, 36]"
415,2.1474320918044547e-06,0.00010916751511137357,0.0005011649375394892,0.0,0.019541386803431194,0.0,0.0,0.034918768192541486,0.0,0.026539946240055956,0.058495866148537794,0.008643646067843465,0.21713294574038902,0.005754593315036488,0.0,0.003996473134348656,0.0,0.0,0.0012397201676021502,0.0011382609782925985,0.007278431106458281,0.0,0.021689816160282326,0.02123707316543039,0.0,0.0,0.0,[12],"[15, 40]"
416,4.897887029716173e-06,0.00025553412148575605,0.006180545447031784,0.0,0.03460144681377897,0.0,0.0,0.053234316245406664,0.0,0.036998523561059544,0.0877919369158249,0.013020995189204417,0.23382837529145625,0.009111655411177833,0.0,0.0,0.0,0.0,0.0,0.0,0.0,0.0,0.058505095772193094,0.05454326407921601,0.0,0.0,0.0,[12],"[1, 40]"
417,0.0773881920237778,0.0,0.00022796413224890385,0.0006955961140931567,0.0018348125685651666,0.0,0.0,0.0,0.010810570827973053,0.005297871313881564,0.0,0.0,0.003138393742687497,0.08929249843532724,0.0031879239469419026,0.0,0.0,0.0,0.005323625862917844,0.0,0.0,0.05124710495051343,0.014847529634246615,0.0,0.001166820608221909,0.0014153960303642191,0.0015209758765263213,[13],[20]
418,0.0400235099345453,0.0011677674181979944,0.0,0.002602210329774139,0.0,0.01495105045546576,0.0,0.017942128264876123,0.0019124059414817693,0.0,0.0,0.0,0.022238822976933966,0.0,0.02503721187065993,0.017267978764806038,0.04097441182260219,0.021779949341341556,0.0,0.007628287679519117,0.11772559445028002,0.0,0.03983893442602174,0.06808445020652729,0.0,0.0,0.0,[20],[20]
419,0.04310399489689394,0.0,0.00017314069980938504,0.0014622899960731127,0.002485752456895696,0.0,0.0,0.0,0.06311247092211168,0.008407530902731516,0.010474418696004614,0.0,0.006912319640041442,0.0,0.0,0.0,0.0,0.1250339877476614,0.013975915894939125,0.16350152677041085,0.0,0.056333879308770304,0.04387309719823776,0.010127357551382513,0.0,0.0,0.0,"[17, 19]",[20]
420,3.836582035025065e-05,0.0012527641736977903,0.00031581209295798187,0.0,0.06310946341779113,0.0,0.0,0.10123141408765259,0.0,0.07021691739335185,0.16229974777851489,0.01893748556174536,0.0,0.020538561952166072,0.0,0.0,0.03315172724759525,0.0,0.0,0.0007294810538547629,0.0,0.056781335539053776,0.022712773649841093,0.024145145513809998,0.0,0.0,0.0,[10],"[35, 40]"
421,0.0006026751427084397,0.0037152095563323705,0.0,0.0,0.052864726888055165,0.0,0.0,0.0,0.0,0.0,0.0,0.020557492648164196,0.0,0.0,0.011074282617290833,0.06026379756595755,0.012256430227186801,0.015501567004259555,0.0,0.007511271306381525,0.0,0.0,0.0,0.0,0.027565417669744064,0.027734938317510196,0.0278152966685456,"[4, 15]",[35]
422,0.0036732439288967955,0.07712198612083541,0.0,0.0,0.0,0.04317305647581766,0.01549674079088928,0.05760102066042093,0.0,0.03281503235320644,0.0,0.0,0.023182563151677976,0.0,0.13475282440863814,0.005915602471500086,0.047931012581610054,0.0,0.054232336891456324,0.0,0.0,0.0,0.0,0.0,0.0,0.0,0.0,[14],"[7, 37]"
423,0.003397433201310794,0.04199010741308991,0.0,0.0,0.0,0.032531145355684035,0.0033340730049460114,0.11538293713519271,0.005811560609363109,0.0,0.0,0.0,0.0,0.0,0.1496139815869439,0.025257036513244298,0.029317630328167144,0.0,0.0,0.0,0.0,0.0,0.04191582701647228,0.04699872482822176,0.025847652931738824,0.024230413636898325,0.023521805929764727,"[7, 14]",[20]
424,6.411428991104572e-05,0.0020801294226148194,0.0003006790224749568,0.0,0.06699356615805414,0.0,0.0021604826009258156,0.09104414981375962,0.18093544191944852,0.051600066559181985,0.11480705584463016,0.0095303775953601,0.0,0.018296856260444562,0.0,0.0,0.0,0.0,0.0,0.0,0.0,0.0,0.0,0.0,0.0,0.0,0.0,[8],[40]
425,6.711112167672797e-05,0.001962259841557415,8.037150279799902e-06,0.0,0.029727191327294396,0.0,0.0008592322284510803,0.043370000168354336,0.06754859479623959,0.01757239351153365,0.04520228116544191,3.1758104810506414e-05,0.0,0.006146921569048055,0.003101738885635518,0.005756975509406923,0.0,0.0,0.0,0.0,0.0,0.009962839569211368,0.0,0.0,0.0,0.0,0.0,[8],[40]
426,0.00333703756946137,0.06369961539015723,0.0,0.0,0.0,0.029185466847177904,0.01492145604848686,0.0,0.008738011417032416,0.09875530193762601,0.030140411093000925,0.0,0.017728110203194366,0.011112652009963095,0.0031340777264906483,0.0007175282908695671,0.10899189640636013,0.0,0.05631332420044973,0.0,0.0,0.0,0.0,0.0,0.0,0.0,0.0,"[9, 16]","[7, 37]"
427,0.0018845554894999438,0.027653223386838777,0.0,0.0,0.0,0.0,0.0,0.07864543483428356,0.08627042685390182,0.0,0.0,0.024389754100910124,0.0,0.0,0.045521119630440164,0.0,0.0,0.03926686425888806,0.0,0.042087455968886474,0.0,0.0,0.2597734157831508,0.26555215032797913,0.1471065280904534,0.14706419348466246,0.14699763580104389,"[22, 23]","[29, 35]"
428,0.056747039762669226,0.0,0.0,0.0,0.0,0.01486072506066571,0.0,0.013915600548962527,0.016264950746543206,0.0,0.0,0.007300564692987024,0.013670282930990143,0.19296460693228656,0.029781801351704957,0.0,0.013865414198417348,0.0,0.0,0.0,0.0,0.0,0.006263494812668478,0.029261130779922186,0.0,0.0,0.0,[13],[20]
429,1.9233950678209685e-05,0.0010402944404994305,0.1359489976134953,0.0034643008806271545,0.0,0.0,0.002377479844771402,0.0,0.0,0.005716191282217079,0.011061204487580795,0.0,0.0,0.0001484587591238825,0.007888603190067988,0.02754607530190143,0.0,0.0,0.0,0.0,0.010690914992215923,0.0,0.06132613537092614,0.05531556555309663,0.0,0.0,0.0,[2],[1]
430,0.00035809494889065354,0.01208496921861483,0.0,0.0,0.11779595283051343,0.0,0.005430624449642711,0.018351360468994535,0.0,0.0,0.0,0.059820006473985776,0.0,0.0,0.03398106699207904,0.051919220451161596,0.0601492398364555,0.02800398653874867,0.0,0.0,0.012926265523886541,0.016735713915400918,0.026953704051460758,0.02552730042821636,0.033287795421223794,0.03340959661505457,0.03348081693315522,[4],[40]
431,0.0005026600712296714,0.016144307373469023,0.0,0.0,0.17722736280369464,0.0,0.0003334753106709899,0.0,0.0,0.0,0.0,0.05191951118346921,0.0,0.0,0.01982775128886286,0.05904118295404956,0.005941830662559524,0.03911595346277356,0.0,0.02434040017292125,0.0,0.0,0.0,0.0,0.13651016835449717,0.1369851751301205,0.13718938391707652,"[4, 24, 25, 26]","[11, 40]"
432,0.07312370204597063,0.0,0.0003936947156079942,0.005361195687380646,0.008023704627894717,0.0,0.020191839373126685,0.0,0.0,0.011111736329941224,0.027109328129501897,0.006256838933385001,0.0,0.0,0.0,0.0,0.0,0.117493304230336,0.01317147449423486,0.10676259857265087,0.005327883391672136,0.08884362015611273,0.0,0.0,0.0,0.0,0.0,"[17, 19, 21]",[20]
433,0.00686775415157794,0.0034939772263764537,0.0,0.0,0.0,0.1259059587770039,0.0,0.0,0.0073476958604796515,0.0,0.009917626617530246,0.017458094413547863,0.0,0.0,0.0,0.0226029354044514,0.0,0.00434403441999791,0.0,0.012244206826330583,0.027050344597656446,0.0,0.0,0.0,0.0,0.0,0.0,[5],[-1]
434,1.0671187729312535e-05,0.00027041793827867655,0.0003554451828305068,0.0,0.02509486833988774,0.0,0.0,0.028184830442146893,0.0,0.015514062471913054,0.04297151235097853,0.004977792170514148,0.00028776234685845467,0.004672137717563522,0.001735900117789783,0.02654624633953619,0.00857935667007281,0.0,0.0,0.0,0.001992297002817553,0.00558909154947383,0.009597940401188816,0.008495455631595334,0.0,0.0,0.0,[10],[40]
435,0.06792447979892036,0.0,0.0002003352077706443,0.0033503548139710597,0.0036606130388934202,0.0,0.01977615197249942,0.0,0.0386439862851235,0.010753542689484344,0.019640854920874026,0.0,0.0,0.0,0.0,0.014131397799410689,0.0,0.1376783865370051,0.01343494502020183,0.15928363794799383,0.0,0.003986099274038485,0.0033937344032487172,3.116063288011685e-05,0.0,0.0,0.0,"[17, 19]",[20]
436,0.001118495416041131,0.019395604874537925,0.0,0.024523093605094304,0.11138626473493493,0.0,0.00171268641609743,0.0,0.027305423678063854,0.0,0.0,0.001200033933703033,0.0,0.0,0.0,0.0,0.07024204643861374,0.02557189813616635,0.0,0.0,0.033436473972670334,0.003615746204042499,0.0,0.0,0.025485279144974043,0.026239143720247434,0.026586953937513542,[4],[-1]
437,0.06738065560925824,0.0,0.0,0.0,0.0,0.018853641358917893,0.0,0.007923300896196502,0.0,0.0,0.009281411082322296,0.0,0.031057691926053628,0.0,0.0032219856821631703,0.02560835542189392,0.0,0.03933919524267397,0.0,0.0,0.07288616825883831,0.017039027113066922,0.0,0.0,0.0,0.0,0.0,[20],"[12, 20]"
438,0.000583582136945726,0.020849260977081993,0.0,0.0,0.15982998692053993,0.0,0.0,0.0,0.0,0.0,0.0,0.0,0.03549900541358781,0.0,0.0,0.0,0.0,0.023897533756916996,0.06807193436721037,0.048859429359769405,0.0,0.0,0.0,0.0,0.13951645344956268,0.14020506707663716,0.14048293084093658,"[4, 24, 25, 26]","[6, 10, 11, 37, 40]"
439,0.05967352578266842,0.0,0.0,0.0,0.0,0.0380886586989592,0.06886163624937686,0.0020388141780917834,0.0,0.0,0.017384927164046108,0.0,0.0,0.0,0.0,0.00989847818285434,0.029787205315336393,0.11823869320795942,0.0,0.07388273261868995,0.0,0.0,0.0,0.007695936106705882,0.06983344839225736,0.06905954807860543,0.06874621348370866,[17],"[20, 43]"
440,0.07243028148231281,0.0,5.443843973327674e-05,0.0,0.0,0.0,0.0,0.002659885522788337,0.0,0.0011535566181625323,0.005750040166885884,0.0,0.004346746712499701,0.0,0.0054291933149437826,0.010728289253314151,0.0075007005356908145,0.01903649187209054,0.0,0.001512396462901366,0.0,0.0,0.0,0.00034624495190553427,0.0,0.0,0.0,[17],[20]
441,0.0021546465059822935,0.05517808470341326,0.0,0.01916045952921339,0.02380116444735689,0.0,0.007986853399082682,0.0,0.0040151499136991215,0.1275994235113223,0.03327326627424016,0.0,0.005596994005077984,0.0029772376875854623,0.0,0.0,0.0535826326265208,0.010720575649446838,0.06627922399517254,0.0,0.0,0.008104563825670234,0.01789689147516942,0.014467475866492179,0.0,0.0,0.0,[9],[-1]
442,0.003594777700694473,0.07442846805242986,0.0,0.0,0.11121168293663385,0.03282060405607498,0.005626371853045914,0.0,0.0,0.05667749516831634,0.0,0.0,0.02662892855658959,0.0,0.06278066776342489,0.05576337946924924,0.0,0.0,0.07856974218806212,0.0,0.0,0.021226308584371894,0.0,0.0,0.11743380303868088,0.11620978918528817,0.11565515619717945,"[4, 24, 25, 26]","[15, 37, 39, 40]"
443,3.7958165833898505e-05,0.0001218157953280381,0.0,0.0009044454563162757,0.0007425321923282062,0.008070741598586052,0.24514741971763448,0.0,0.0032356142318837235,0.0,2.5630182636010636e-06,0.001126278272769074,0.00039581469904657375,0.0,0.0,0.0,0.0,0.0,0.0,0.0029824640774406327,0.0,0.012200540683374944,0.013243404174219318,0.01337030303656881,0.0,0.0,0.0,[6],"[27, 35]"
444,0.005914828334979246,0.11557538692002312,0.00034798719907575183,0.059438843891068446,0.0,0.006761031825300274,0.0,0.0411101725621235,0.07082092816656096,0.0,0.0,0.0,0.0,0.0,0.035642241168393325,0.0,0.1537924549107193,0.0,0.0,0.0159890904439897,0.0,0.0,0.07602581961500593,0.07509267251741228,0.04447217799821397,0.04419855750304961,0.04407958146371213,"[1, 16]","[21, 37, 41]"
445,3.685523191647577e-05,0.0017437299490185906,0.13815041213205448,0.0015698620975198691,3.2431432254899424e-05,0.0,0.0,0.0025131351846095443,0.014621424540208842,0.0,0.0,0.003908446438564568,0.0,0.0,0.0003269767480454197,0.029324859687823387,0.009932006525964633,0.0017228545542145527,0.0,0.007060985859343569,0.0,0.05225834295164854,0.0,0.0,0.011107399147557137,0.01110442469694014,0.011098994377943096,[2],[1]
446,0.04237660794532818,0.001140084257992505,0.0,0.0,0.0,0.01352139540678696,0.0,0.017545837675118203,0.0,0.0,0.0,0.0,0.008559698136868124,0.0,0.01917862416142148,0.0,0.0,0.0,0.0,0.0,0.0,0.0,0.07158210100196583,0.09330384317318449,0.04559918384910358,0.04579683929188119,0.04586059554122671,"[22, 23]",[20]
447,3.720334073447805e-05,0.0016253537324369672,0.12512390249659394,0.001371094725568898,0.0,0.0014328257681668123,0.0024114808699588638,0.0,0.0,0.013013259846551046,0.01185067169649942,0.0,0.0,0.00043872913019908747,0.005414664436536064,0.0,0.0,0.0,0.0,0.0,0.04349754616304416,0.0,0.08009321580763899,0.07151829134035428,0.0,0.0,0.0,[2],[1]
448,1.881563523064077e-06,0.00010217688389489359,0.002707429328873212,0.0,0.014103013146448467,0.0,0.0,0.024285997749688145,0.0,0.018704001584542045,0.041404362831175275,0.005362497033618804,0.16410796411164283,0.003880934476659176,0.0,0.002305343490670236,0.0,0.0,0.00011381923881444759,0.0,0.002971076379233271,0.0,0.025223053025168595,0.023861462106835447,0.0,0.0,0.0,[12],"[15, 40]"
449,2.714815698673307e-05,0.0010864122008485385,0.08520583202970375,0.0006775393806018739,0.0,0.0,0.0,0.006243191373324045,0.011316937778472596,0.0,0.0,0.0,0.0035122367031454114,0.0,0.009412949485122543,0.024093261223514167,0.010581411423969563,0.0,0.0,0.004555051988371916,0.0,0.10049273346886332,0.0,0.0,0.007683168823312385,0.0075594227461973605,0.007505322044962403,"[2, 21]",[1]
450,6.008670656698602e-05,0.0025375219937105718,0.09715121391787464,0.0,0.0,0.0,0.0,0.006886785471849116,0.0477417645485611,0.0,0.0,0.02715524849284894,0.03464844851283326,0.0,0.0,0.0,0.08546034292552077,0.012106397949202445,0.0008707727450576341,0.02457737901665253,0.026908087213889775,0.23845151397554312,0.0,0.0,0.046156937612302606,0.04624023967056401,0.04626413839760073,[21],[1]
451,0.062054621904932585,0.0,0.0001360072382397545,0.0,0.0008792668880607498,0.0,0.039566087843632636,0.0,0.03836316263868614,0.006057545146661603,0.0011679685140405993,0.0,0.0,0.05829292125695417,0.0018231765735058473,0.0,0.014045557135430896,0.0,0.010046749962723466,0.002681040676860245,0.0,0.0,0.02363968623086801,0.007181657598848923,0.037742697725499534,0.03736407275165643,0.03722328594578728,[13],[20]
452,1.5193209084906146e-05,0.0010029829447427792,0.13751936595972775,0.0036619107762753396,0.0,6.477944873612137e-05,0.003539403759408876,0.0,0.0,0.005952498068787504,0.012826655609681999,0.0,0.0,0.00018319512497794372,0.009739186319384913,0.02141196656106207,0.0,0.0,0.0,0.0,0.03590328849761423,0.0,0.08863403947162482,0.07942085793139489,0.0,0.0,0.0,[2],[1]
453,2.7856900122213428e-05,0.001503525911932949,0.12878078621221103,0.003099637159339091,0.0006497282341003463,0.0007269738282664977,0.004000731771875624,0.0,0.0,0.016020589800669838,0.015170838544743919,0.0,0.0,0.001056124553477065,0.003080367511281039,0.014648405395901943,0.0,0.0,0.0,0.0,0.0,0.0,0.11505765958382891,0.10446590465155231,0.0,0.0,0.0,"[2, 22, 23]",[1]
454,0.0011145294140265576,0.007196921320121898,0.0001446997747242447,0.0,0.14435230801321744,0.0,0.0035024377194677538,0.12902738012971618,0.0,0.04924007329027823,0.1857979065000907,0.03460382492655363,0.0,0.00916629544840681,0.00812800739994594,0.40762066393549995,0.06031932683880938,0.0,0.0,0.0,0.0,0.08668435395449174,0.048810197527516926,0.046299675680113846,0.0,0.0,0.0,[15],[40]
455,0.01353879083906508,0.0,0.0001339071139662634,2.9267368718597642e-05,0.0011786485022060819,0.0,0.0,0.0,0.020915275614421556,0.001772083317217075,0.0,0.000841852193957428,0.0019686745607691426,0.01984476486500794,0.0,0.0,0.0068635125043598555,0.0,0.004055578444438001,0.005908070551297447,0.01157414892398903,0.0020774877494961464,0.0051335418112398055,0.003177576302533832,0.0004000752382699901,0.0003879657550325059,0.0003884757856968274,"[8, 13]",[20]
456,0.07580397135843868,0.0,0.0002502443924854203,0.00022572483203400765,0.0018494453971520189,0.0,0.020447259447601753,0.0,0.0,0.006364940357342975,0.0056834001321963545,0.0,0.0,0.08710002869004295,0.0,0.031843181862066416,0.0,0.0,0.004293979571013285,0.0,0.0,0.02559173305432844,0.0,0.0,0.03768951397592782,0.037896000607500126,0.03800773165670147,[13],[20]
457,0.0728546319079445,0.0,0.00018525058163942603,0.0023639665283134424,0.002592283779120766,0.0,0.0,0.0,0.0,0.0025999045355844293,0.014017887110468547,0.0,0.0,0.0,0.0,0.0,0.0,0.02934059432491835,0.0,0.00238939051417718,0.04455266835267133,0.06848305010198975,0.0,0.0,0.0,0.0,0.0,[21],"[3, 20]"
458,0.0005302281585040958,0.018655581415041794,0.0,0.02495606336169932,0.09451077268937477,0.00034622782899158296,0.0,0.0,0.010229560657112757,0.06306826129441444,0.0,0.0,0.021538600754237497,0.0,0.0,0.0,0.0,0.015137692186567115,0.07245980274015544,0.02753069529243639,0.0,0.007984383005762756,0.0,0.0,0.053994082754734204,0.054873897458360105,0.055262302477591244,"[4, 18]",[40]
459,0.0026987605771065615,0.06139927203185125,0.0,0.0,0.0,0.017995648488551938,0.01566536806872652,0.07549967008289313,0.0,0.0,0.0,0.05086349781624994,0.0,0.0008308482586448069,0.04514067864183858,0.08890249269090317,0.0,0.0,0.02478366330951023,0.018577601223039805,0.0,0.0,0.0,0.0,0.050846061069095345,0.05069783331225863,0.05063330779567324,"[7, 15]",[39]
460,9.225849600395595e-05,0.00311449433539924,0.09513317336836442,0.0,0.0,0.0044806996183764025,0.002376010093167348,0.0,0.0,0.014854903922081596,0.0077295367079998345,0.0,0.005415348890981062,4.570162634049092e-06,0.010145403193056636,0.0,0.0,0.0,0.005439630665421478,0.0,0.03373300496733281,0.0,0.04765593293613527,0.040982147397411677,0.0,0.0,0.0,[2],[1]
461,0.00395140521966948,0.08711373292045563,0.0,0.11942203113829852,0.0,0.0,0.0,0.039001451383253644,0.0,0.0,0.0,0.12160499540672517,0.0013172692645619152,0.0,0.0,0.0,0.0,0.02413844738562309,0.0,0.03559993904143438,0.0,0.0,0.0,0.0,0.0,0.0,0.0,"[1, 3, 11]","[21, 37]"
462,0.0035510241478598575,0.0908825167814276,0.0,0.0019729438813873533,0.01354759763581033,0.0,0.004389653718536498,0.0,0.0,0.09853819682803687,0.018098955785739352,0.0,0.0,0.008406514733451038,0.0,0.013601035883744584,0.04700077851227475,0.001415086956823339,0.04424043757515494,0.0,0.06450420698679177,0.009927383138105365,0.010479214158505773,0.014291417393662222,0.0,0.0,0.0,"[1, 9]","[4, 8, 37]"
463,0.0002683769461451969,0.009775819942098663,0.0,0.001027226498042923,0.0777573192023949,0.0,0.0,0.0,0.006237893165636042,0.013176902687004374,0.0,0.0,0.0036062832230174297,0.0,0.0,0.0,0.0,0.0,0.020220158935312132,0.015573821827093354,0.03392122186529988,0.008890327814839833,0.0,0.0,0.04757848354003628,0.04760942676253046,0.047617294166352235,[4],"[11, 40]"
464,0.0022590352713638814,0.04796068898921971,0.0,0.0,0.0,0.033213753847633254,0.01232517076508345,0.11128265965597954,0.0,0.0,0.0,0.0,0.0,0.0,0.17643139062477645,0.04744079436224905,0.0,0.0,0.0,0.0,0.0,0.05052276074648003,0.0,0.0,0.004783659493167989,0.0024218844376486183,0.0014102594870896074,[14],[39]
465,0.06441232983828721,0.0,0.00023025030796299038,0.001584860485331295,0.0029704506744384906,0.004129599451104179,0.04009537076704172,0.0,0.0,0.00875849315094643,0.02270330571384529,0.0,0.0,0.0,0.0,0.015054859600813182,0.004444979883212216,0.13560669055817215,0.007078095855549271,0.11199067418255314,0.0,0.0,0.0,0.0,0.02347316194802884,0.022742071421635857,0.022436164185203843,"[17, 19]",[20]
466,0.0016798635289206425,0.038643573244306846,5.166024115106827e-05,0.0,0.09165570019404354,0.0,0.014677798571601171,0.046379959522573636,0.0,0.0,0.0,0.18136657728421582,0.059493102341175615,0.0,0.011247073678061617,0.010557189832561533,0.03297606395798197,0.054502011966045365,0.0,0.009202396691203126,0.0,0.057816543915825365,0.0,0.0,0.10338637235421058,0.10394848281158245,0.10418976310019312,[11],"[15, 40]"
467,4.574981842426221e-05,0.0021263541115016933,0.13771115482936203,0.001746817107751047,0.001202328201446001,0.0007902823461162187,0.003925843780870473,0.0,0.0,0.021089158475723856,0.019827303107186875,0.0,0.0,0.0014699290686770498,0.002417507406546127,0.0,0.0,0.0,0.0,0.0,0.0,0.0,0.11825538235795179,0.1077817034219658,0.0,0.0,0.0,"[2, 22, 23]",[1]
468,5.062749163678338e-05,0.002406535991973759,0.16235282865458817,0.0018636927610332405,0.0,0.0,0.0,0.0,0.0004241014488865848,0.0006365651611854827,0.004792502937026499,0.0,0.005365636623186936,3.663097529802866e-05,0.0,0.000839409765977028,0.0,0.0009110418880955196,0.0,0.0012119416223164746,0.0,0.022397137078014877,0.0,0.0,0.0,0.0,0.0,[2],[1]
469,0.009147102181426567,0.060623459920743535,0.0,0.01203686165410528,0.0,0.0,0.0,0.028223021545687257,0.0022464294548720605,0.0,0.0,0.04834525130296039,5.630035855173928e-05,0.0,0.0062496227869369685,0.0,0.07355149282633112,0.020504182797386014,0.0,0.047607959286909286,0.0,0.0,0.01382917943873635,0.022881879330159945,0.0,0.0,0.0,"[1, 16]","[5, 35]"
470,5.248222572809076e-05,0.0022574626068558082,0.0,0.0,0.05803858675947343,0.004292071162940231,0.0,0.0,0.003977206229547576,0.0,0.0,0.0,0.02835312429100058,0.0,0.0059766587012710665,0.0,0.0,0.00096973040151761,0.02503306523856424,0.026259795824951075,0.0,0.0,0.0,0.0,0.09039272718356788,0.09020106635733699,0.09009547026682259,"[24, 25, 26]",[35]
471,3.43763971278115e-05,0.0013206473023459591,0.10530699087049052,0.0009485519687725981,0.0,0.0010937779164397132,0.0013251607955638688,0.003230398894486356,0.0,0.0,0.004073977538742631,0.0,0.0,0.0,0.012013656584818688,0.033718928511589065,0.0,0.0,0.0,0.0,0.014574819003860404,0.0,0.02780185683241499,0.024506667733973732,0.0,0.0,0.0,[2],[1]
472,6.574176022281167e-05,0.0029146057833864206,0.15473657555913006,0.0,0.0,0.0,0.0,0.003540180929332951,0.021096146735512064,0.0,0.0,0.01623448095976791,0.0,0.0,0.0,0.007222745607845123,0.02301071079348681,0.0068556077676674675,0.0,0.012058706532304907,0.033813402543571805,0.08777241332853168,0.0,0.0,0.023146699047050096,0.02316687763083767,0.02316800247019426,[2],[1]
473,3.37391915634123e-05,0.0012764096682130876,0.09775460751245678,0.00032092774798661935,0.0,0.0,0.0,0.005129704758765878,0.017268094932109793,0.0,0.0,0.0,0.0,0.0,0.008773594815544855,0.017925199116866863,0.02703103679685079,0.0,0.0,0.005465712595100194,0.0,0.09926743754675176,0.0,0.0,0.008983681728267178,0.008864286101268378,0.008812228235681443,"[2, 21]",[1]
474,9.105561570473566e-05,0.003553266384303931,0.0,0.0,0.06477679960503188,0.0,0.0,0.024749619814497578,0.04051433933112527,0.02057673546914366,0.04683410931626183,0.0,0.0,0.008257964310617056,0.0,0.0004116080538871308,0.0,0.0,0.0,0.0,0.0,0.01506995569226738,0.0026099210149105566,0.004449111679349771,0.0,0.0,0.0,"[4, 10]",[40]
475,0.06967271348515881,0.0,8.219949339248325e-05,0.00012353589124851548,0.0,0.0,0.0,0.0,0.048895472133857205,0.0036730697465184904,0.012386232792029677,0.0,0.02144297397918894,0.0,0.0,0.0,0.0059036015896050545,0.14150604210333853,0.004470107423921058,0.1782549409303172,0.0,0.004269754778459572,0.0,0.0,0.0,0.0,0.0,"[17, 19]",[20]
476,0.0038457624831002664,0.010064581835025635,0.0,0.0,0.0,0.007273845232577908,0.0,0.0481597277230253,0.058761261774285284,0.0,0.0,0.0,0.0,0.0,0.05142275530107915,0.0,0.029836072766179042,0.0,0.0,0.0,0.0,0.0,0.15058520110827683,0.15999365359805828,0.05479988748197578,0.054641071507731655,0.05454959969719444,"[22, 23]",[44]
477,0.06903699411840832,0.0,0.00010200030507036572,0.0012321058327915211,0.0009395473521969999,0.0,0.0,0.0,0.001735997764042458,0.0033627273254083047,0.00030579451196355463,0.00021167171443597807,0.0,0.10736400115285279,0.0034873936101923915,0.0,0.0,0.0,0.0,0.0,0.002482002729490193,0.05914155029354662,0.019747315023713193,0.010270836450051338,0.0,0.0,0.0,[13],[20]
478,4.6621301111859154e-05,0.0019276222561098067,0.09900987267482408,0.00012901814996003032,0.0002502076396773842,0.002059209154768035,0.0030001793520951343,0.0,0.0,0.01950031495217892,0.012508178114737485,0.0,0.0,0.0009966083996513293,0.0017951324992922049,0.0,0.0,0.0,0.0007860822005541458,0.0,0.06635354278938761,0.0,0.1088867628105237,0.0978936718292258,0.0,0.0,0.0,"[2, 22, 23]",[1]
479,0.0005992088867078776,0.017982371064418072,0.0,0.14836837889837085,0.0060712412034330705,0.0,0.0,0.0,0.03604439480537437,0.009217208251892123,0.031118818166835656,0.0,0.004098784769576999,0.0,0.0,0.0,0.01754442758019159,0.0009209113157321425,0.0,0.014170952480195674,0.0,0.03107097933435706,0.034346918140490394,0.03361088158288855,0.0183341990431295,0.018365297749726513,0.01838413322533784,[3],"[15, 21]"
480,5.0308698537375526e-05,0.002229040907584219,0.11485128754878692,0.0,0.0,0.0,0.0,0.002373984669629791,0.034625178495418046,0.0,0.0,0.016098510341884163,0.01371804946241775,0.0,0.0,0.0,0.06111551409392614,0.007087206319556316,0.0,0.016570059969514172,0.019722319656554972,0.14863268541042554,0.0,0.0,0.027355390504046468,0.02741622603584261,0.02743465890098591,"[2, 21]",[1]
481,0.006448203460735041,0.11082076262957835,0.0,0.07262010764881922,0.0,0.0,0.0,0.05906041128574065,0.0,0.0,0.008896056381145498,0.0,0.0,0.0,0.06642572078098559,0.019211700361480923,0.0,0.0,0.0,0.0025267096638179327,0.01666748885736357,0.0,0.04259880519059847,0.044923752141301565,0.001264249708683516,0.0006012814671690739,0.00031145715336557676,[1],"[17, 21, 34, 37]"
482,0.0024832521115468373,0.03928661424267368,0.0,0.0,0.0,0.03697474382444184,0.01020979188604956,0.12470681385717029,0.0,0.0,0.0,0.0,0.0,0.0,0.19662568254261747,0.03792827471205645,0.0,0.0,0.0,0.0,0.018794246502521227,0.03598174514148867,0.0,0.0,0.017272440583616443,0.0147467937545444,0.013659038592992246,[14],[39]
483,0.002714557554137905,0.0738611289366535,0.0004324333651672039,0.0,0.13727595246549093,0.0,0.0,0.0,0.0006390341278575111,0.0,0.0,0.17917344056981047,0.008435508632063868,0.0,0.0,0.02352772312004035,0.0,0.0872662105690923,0.02762830210888974,0.0643148277686353,0.028857473457085895,0.0,0.0,0.0,0.17428449983068448,0.17622073520523168,0.17704385150720542,"[4, 11, 24, 25, 26]","[11, 37, 40]"
484,0.0013810606109274128,0.004517914943318523,0.0,0.0,0.03185840315611885,0.0,0.0012150205265305735,0.0,0.014937563331275433,0.002954143153969337,0.0,0.0,0.005838156721226355,0.0,0.0012972370536942829,0.0,0.04646090256261372,0.000545173821154816,0.00345055546853396,0.0,0.0,0.006622093329228033,0.015564273799657614,0.014278390109727045,0.01953711622750634,0.01961159289824295,0.01965326016489819,[16],[20]
485,2.0028694471192137e-06,0.00010533602078128592,0.0005096948170744402,0.0,0.02237880685752646,0.0,0.0,0.0405297942953092,0.0,0.03202707739469193,0.06997686259331667,0.01073546300969106,0.2478058789766125,0.0069129387566208445,0.0,0.0,0.004072605156793637,0.0,0.0015224508928873722,0.004771986153670717,0.04077704311137652,0.0,0.02532855206451524,0.02554692402119631,0.0,0.0,0.0,[12],"[15, 40]"
486,0.007069552262084015,0.001179869286179339,0.0,0.0,0.0028801077851859057,0.18169690363826427,0.0,0.0,0.018917384854330206,0.0,0.0,0.05107736414152185,0.007876667563919571,0.09573132457785309,0.0,0.009616280947245936,0.0,0.0,0.0,0.0,0.04265497639904491,0.010369527529395236,0.014686170058991544,0.010260953722619256,0.00385572230301244,0.0046574218196966995,0.005022983227042312,[5],"[20, 35]"
487,3.695002655021545e-05,0.0016473413970351258,0.14155127417154206,0.0022636974266427245,0.0,0.0006675921980770412,0.0021030660935766705,0.0,0.0,0.010622470381007386,0.011033143239138421,0.0,0.0,0.0003038600595594904,0.004420107609582153,0.0016874865264485763,0.0,0.0,0.0,0.0,0.0,0.0,0.0452213636523223,0.03964252320485205,0.0,0.0,0.0,[2],[30]
488,0.0002512090716252301,0.008952084476677648,0.0,0.0,0.05301933717681578,0.0,0.0,0.0,0.008354724231666284,0.010508025444251778,0.0,0.0,0.0,0.0,0.0,0.004861304189467717,0.0,0.014499042274383787,0.0291100270534469,0.012136806177233474,0.0,0.0,0.0,0.0,0.022332301659192963,0.023002334867248144,0.023292807471431237,[4],[4]
489,0.002366621978409305,0.06087723954152765,0.0,0.16807026719269974,0.0,0.0,0.0006798600890259753,0.026356434373955816,0.0020016399145960286,0.0,0.0,0.12399209625429433,0.03657152035583757,0.0,0.0,0.0,0.03084893323788363,0.029074180653918848,0.0,0.023229983718193063,0.003974617905674594,0.034780375921460265,0.01070616814374495,0.009678524849737467,0.0,0.0,0.0,"[3, 11]",[21]
490,6.37511973331345e-05,0.0027706059266319957,0.12642620449579622,0.0,2.6943941484216135e-05,0.0,0.0,0.004807080718008372,0.013862438381832579,0.0,0.0,0.01887128193384338,0.025437857817835217,0.0,0.0,0.0,0.021092076353660588,0.007918003562975917,0.0,0.01147362453992026,0.011780660697502821,0.08506872740517024,0.0,0.0,0.022038203333998203,0.022088927527786698,0.02210395872802721,[2],[1]
491,0.0030381814014997415,0.056301512796522915,0.0,0.0,0.0,0.03576643974608409,0.008941378653628401,0.15070855399122574,0.0,0.0,0.0,0.0,0.0,0.0,0.20943683672539487,0.0,0.0,0.0,0.0,0.0,0.0,0.03661257005608153,0.0,0.0,0.05298432280292152,0.05026646678652275,0.0490870062830476,"[7, 14]",[37]
492,0.00044676420911225404,0.013467746122073387,0.0005066695198798223,0.0,0.0024215994131871347,0.0,0.0,0.0063039175190042025,0.0,0.0,0.0,0.03391161560074474,0.0,0.005675582257322993,0.0,0.07084271074595,0.0,0.012149756557373152,0.012413153164406512,0.013460829665694436,0.024164433886690925,0.005954261141727697,0.0502867278206489,0.05077715800633933,0.009144474974242891,0.009502945526517136,0.009653706615280162,"[15, 22, 23]",[35]
493,0.0123427427842445,0.0006503521655353952,0.0,0.0,0.0034641313686317094,0.1443605624717351,0.01727939705182339,0.0,0.00011278141876721295,0.0,0.0035223701178119845,0.03955480396387868,0.0008746559261733882,0.019165391622037734,0.0,0.0012715953310613827,0.00842122917026234,0.0009933382874479388,0.0,0.005648589994659612,0.0,0.0,0.00831690876869373,0.017167969332335522,0.030514335740283473,0.03091836742701431,0.03112091375080209,[5],[20]
494,0.0012661536968452498,0.025706379128774492,0.0029667698452755563,0.0,0.0,0.025513965103156632,0.0015391135826870672,0.0,0.032516234867695795,0.03150712736936787,0.0,0.0,0.03569799996400792,0.0,0.03949341237291089,0.0,0.15724901131172317,0.0,0.0604384059406849,0.0,0.0012137622607980426,0.0,0.0,0.0,0.023203883653366383,0.022270838127877356,0.021851834629874046,[16],"[7, 35]"
495,0.00496698659215071,0.03291476536349886,0.0,0.0,0.0,0.031030409901397087,0.0,0.0921494787495058,0.0,0.0,0.0,0.0,0.0,0.0,0.10588691546376336,0.003212542302962067,0.04613762481984403,0.0,0.0,0.0013049370469092494,0.04824169034316074,0.0,0.0,0.0,0.0,0.0,0.0,"[7, 14]","[12, 35]"
496,0.000185108491241211,0.0071244139538611745,0.0,0.0,0.10631005207731946,0.005690977065262312,0.0,0.0,0.0,0.0,0.0,0.0,0.017807771568784908,0.0,0.0,8.208986620757495e-05,0.0,0.006048168416283904,0.045224663047317606,0.040116682604638645,0.005092345820945418,0.0,0.0,0.0,0.12056067567818472,0.12051002843756907,0.12046115095061294,"[4, 24, 25, 26]",[40]
497,0.0052044322953095305,0.07629855575281522,0.0,0.0,0.0,0.014357098062120151,0.0427051099845636,0.06855288515589031,0.0,0.0,0.0,0.1235764087140496,0.0,0.0,0.0,0.05649785927450919,0.0,0.03308645547433876,0.0,0.05169164116996158,0.06754297769880359,0.0,0.0,0.0,0.028875885246747415,0.029748562783691722,0.03010970476020312,[11],"[27, 37]"
498,0.0018743534367956396,0.05985699441678983,0.0005493999208891904,0.0,0.025043409230803927,0.0,0.0,0.02294350706847339,0.0,0.0,0.0,0.20040932234001493,0.0,0.0011508947710470157,0.0,0.06075247776192387,0.0,0.06206170505447595,0.03571530502199434,0.06135640558317584,0.0,0.0,0.0,0.0,0.05014002292542892,0.051849594212673523,0.05259540043789848,[11],[37]
499,0.003822460020689121,0.0939358904308525,0.0,0.0,0.007842991115782042,0.03401462422320164,0.0,0.0,0.0,0.08996409072208614,0.0,0.0025591060615669484,0.0,0.017177902520536657,0.0,0.04323047355685926,0.0,0.01594075370078177,0.1721959838010284,0.012413519765737987,0.013551527912722924,0.0,0.010645721621811273,0.015487467798388643,0.0,0.0,0.0,[18],"[32, 37]"
500,4.288321994772307e-05,0.0005847902726371484,0.0,0.0020220415666869374,0.0010062323771774465,0.007273355276732516,0.24149777809853343,0.0,0.003459864789921229,0.005418135686328909,0.002333690554428731,0.0,0.0,0.0,0.0,0.001066774847223089,0.0,0.0,0.0011381317346975746,0.002445115390517744,0.005573289621605181,0.011040504974205159,0.010223219824207113,0.010432279942967906,0.0,0.0,0.0,[6],[27]
501,0.000828788747968969,0.02645781491026069,0.0,0.1715055232292586,0.0,0.0,0.0,0.011240912037414608,0.020970736202575956,0.0,0.04683890025029982,0.0004345213024883147,0.0,0.0008095038642797107,0.0,0.0,0.004727056534518696,0.0,0.0,0.015097604460933497,0.020473446634476228,0.025461223375470556,0.02116666580477625,0.019063620697555714,0.0027718067857492607,0.002618594616263133,0.0025558976905504295,[3],[21]
502,0.0030299525331003193,0.06408483852244273,0.0,0.0,0.0,0.023179363290179104,0.01358041517553309,0.09111595736039851,0.01994820983407753,0.0,0.0,0.0,0.005062850472001965,0.0,0.10570368581177274,0.03249125723381445,0.0,0.0,0.0007514565243987806,0.013202711767617744,0.050649767839137515,0.025949962039067485,0.10394132341720734,0.10980371737689659,0.11286047697755117,0.11178736418696893,0.11129448960409434,"[7, 14, 22, 23, 24, 25, 26]","[6, 10, 14, 37, 42]"
503,0.060454677288468275,0.0,0.0002449461231821137,0.002990441359020597,0.004073406900968879,0.0,0.04308132743511126,0.0,0.0,0.006712474142651378,0.016131813363015522,0.0,0.008931049625774913,0.0,0.0,0.015562128783057847,0.001379071569775901,0.1026059552590483,0.009830673112341632,0.07843342818287027,0.0,0.0,0.0,0.0,0.035365983484259275,0.03477640459066011,0.03453149195459768,"[17, 19]",[20]
504,0.08309112691725619,0.0,0.0001276053082254553,0.0007567701778901658,0.001385854685403532,0.0,0.0,0.0,0.021846753058311814,0.00043398527525666237,0.012091893684375228,0.00032217624121861596,0.0,0.0,0.0,0.0033163322317419043,0.005692594357935909,0.055119410566903136,0.0,0.06384087260553681,0.006052396944664808,0.0,0.0,0.0,0.0,0.0,0.0,"[17, 19]",[20]
505,0.0002911371317839879,0.010647052187824855,0.004818332252154714,0.0,0.13657748580757076,0.0,0.0016836158933274845,0.0003271178527683374,0.005112656661386128,0.0,0.0,0.022216703711719233,0.03730837732087145,0.0,0.03486178162438125,0.036098975028924715,0.06391013384031256,0.01634948044537693,0.0,0.0,0.007579821142739783,0.004023306023864806,0.0105851156968566,0.008007746602993766,0.059762910990805135,0.059653256560420656,0.05961246434466311,[4],[40]
506,0.002568745516516978,0.08332111669938673,0.00035118809578155543,0.0,0.07640356726464355,0.0,0.0,0.0,0.0,0.0,0.0,0.11515987758045032,0.0,0.010248255387571008,0.0,0.01862656682073681,0.0,0.0729571520695602,0.13821118939154564,0.05137036948371384,0.020702200892795168,0.0,0.028008382952184822,0.03012998037105999,0.009420447242859724,0.01222140217635729,0.013459710886907957,"[11, 18]","[10, 37, 40]"
507,0.06247057689964342,0.0,0.0002471685082772648,0.0,0.0017179994204066604,0.0,0.0,0.0,0.07941950591774308,0.00543080402017232,0.0,0.0,0.0,0.04726442039721724,0.0,0.014326547814035402,0.008226248469617883,0.0,0.014183004491140088,0.04763768913154944,0.0,0.0,0.006048577367671869,0.0014521523245189058,0.0,0.0,0.0,[8],[20]
508,0.003211176820925544,0.07815901346563218,0.0,0.132966781806171,0.023894441927442358,0.0,0.0,0.0,0.012293449029707281,0.15233697065790813,0.059932185904198056,0.0,0.0,0.009046569325269167,0.0,0.0,5.6619769846701606e-05,0.00618518378985901,0.0683906138971937,0.0,0.0,0.02066886212109887,0.01861476775811718,0.017341728844476312,0.0,0.0,0.0,"[3, 9]","[10, 21, 38]"
509,0.0006003101316584497,0.02005729685449982,0.0,0.1292856552624041,0.0,0.0,0.0,0.0,0.022041235700459006,0.02027253059303569,0.04582724784843922,0.0,0.0,0.003139177125052651,0.0034210998421020933,0.0,0.0,0.0,0.0,0.005284292657705217,0.020890116667022424,0.02452618321723449,0.03175592237266288,0.029938716493651013,0.0026822197787565415,0.002438444262581957,0.0023373386223354354,[3],"[21, 37]"
510,0.0006462529136783039,0.02171751698609157,0.0,0.16096277445607507,0.0013926260144233548,0.0,0.0,0.0,0.020479605498793785,0.013273546374743438,0.044048102619565835,0.0,0.0,0.002082958912336318,0.0,0.0,0.0,0.0021141874303195803,0.0,0.013648938718998044,0.03781077870517485,0.02648535863973303,0.01407811924180955,0.01272075816431694,0.0,0.0,0.0,[3],"[21, 36]"
511,0.06987776697535701,0.0,0.00011989981089629175,0.00033671921399577425,0.0023398688442687857,0.09148025319315435,0.024616256810599434,0.0,0.0,0.0,0.018698388147277426,0.013087771713096967,0.01756833920176928,0.0,0.0,0.03597848789391096,0.0,0.05663126414934433,0.0,0.02629222745274002,0.0,0.0,0.010099397521087222,0.0025252865924651974,0.03465626849912843,0.034548301401802345,0.03451189158008089,[5],[20]
512,0.032405935188450745,0.0,0.00016012652121860806,0.0,0.0,0.0,0.05401277412168718,0.0,0.0,0.008622724802297733,0.0,0.0,0.003909002252434741,0.1356675784806357,0.013247164826749779,0.0,0.011197030810391948,0.0,0.012835466119989944,0.0,0.005064506233389568,0.00965633576512104,0.0,0.0,0.08721131660924696,0.0869655325599629,0.08689399207424088,[13],[20]
513,1.2371742985147467e-05,0.0006271703348330516,0.09055944736085848,0.0026363050013582575,0.0004705794513505636,0.0,0.0013367689473106365,0.0,0.0,0.0029150740800382925,0.007656172754825424,0.0,0.0016609660057250435,0.0001828979259930362,0.003384079140000031,0.01825449751882043,0.0,0.0,0.0,0.0,0.0,0.0,0.010449157658286553,0.0096657342822931,0.0,0.0,0.0,[2],[30]
514,3.251976399624209e-05,0.00021468683261925597,0.0,0.0032428818515152272,0.0007328484280253543,0.0070210801897454675,0.24115011073897363,0.0,0.0034005853596537467,0.0002849857360434267,0.0014321678513369953,0.0,0.0,0.0,0.0,0.0,0.0,0.0,0.0,0.002972654180169797,0.0,0.014675118944987096,0.013753007714832918,0.014114645868880586,0.0,0.0,0.0,[6],[27]
515,3.743726945940148e-05,0.00011514238170038125,0.0,0.0008336820244687279,0.0006824411720373552,0.007166933353004001,0.21035952527225246,0.00012672620423120608,0.0026617962690616477,0.0,0.0,0.001616921945487375,0.0003613369367370238,0.0,0.0,0.0,0.0,0.0,0.0,0.0025644007881834695,0.0,0.010087167365025842,0.011130481008213648,0.011219032346384949,0.0,0.0,0.0,[6],"[27, 35]"
516,0.004276593565654004,0.09681965201676523,0.0,0.0,0.017141679755457866,0.010649819449258347,0.01333564359339214,0.0,0.0,0.06162336664930264,0.0,0.05336944211399059,0.015677536898071418,0.022374991467612453,0.0,0.019916813466787617,0.0,0.01943824208630314,0.10454690372223117,0.0,0.0,0.014759628160251403,0.0,0.0,0.0,0.0,0.0,"[1, 18]",[37]
517,0.07311637245514885,0.0,0.0002796366069790364,0.0008485415286737841,0.002212393363043633,0.0,0.0004483440183205708,0.0,0.030129119093778717,0.008797639220765274,0.009128031001479412,0.0,0.021443042452727164,0.0,0.0,0.0,0.0,0.052350018979163145,0.013499648827640817,0.0705302759751674,0.0,0.015725965335233436,0.004273565287177233,0.0012826147056604583,0.0,0.0,0.0,"[17, 19]",[20]
518,7.358136142724889e-06,8.67942300126218e-05,1.5372145229020566e-05,0.0,0.007507211166585169,0.0,4.8147330250674455e-05,0.009344699384985243,0.0,0.005223475406814998,0.015414389203671958,0.002096403638817378,0.0,0.0010463926990119784,0.000582545329855284,0.05730184409872893,0.009588470074757181,0.0,0.0,0.00100420386495048,0.002964551651889585,0.008298433728913849,0.005450245140471392,0.005162705939229779,0.0,0.0,0.0,[15],"[15, 40]"
519,7.605331479968476e-06,0.00010198350145416228,0.000153677401905989,0.0,0.010619109305749351,0.0,0.0,0.01514744579398835,0.0,0.00986648309098169,0.02558766162417847,0.003482451263511644,0.0,0.0023493155899538824,0.0002976675145703508,0.049281599819444,0.011562145050800077,0.0,0.0,0.002018935512852702,0.0,0.0075251224274298645,0.009972648559501201,0.009519836320264827,0.0,0.0,0.0,[15],"[2, 10, 15, 40]"
520,0.00039091301949571424,0.014349783072887944,0.0004014148589076513,0.0,0.15744424455634692,0.0,0.0,0.0,0.0521766186897828,0.0,0.0,0.0,0.0,0.0,0.0,0.0,0.09134126812339269,0.03445900200457054,0.02771474350644583,0.04011434503482227,0.0012280822670631222,0.0,0.0,0.0,0.13679942138206586,0.13769768795395942,0.13808821780653904,"[4, 24, 25, 26]","[11, 37, 40]"
521,0.0005777605607085323,0.002224087146766888,0.0,0.0,0.0005003559868728784,0.00037504475086702215,0.23203689411954156,0.0076645255293173575,0.0,0.0,0.0,0.022284455326181524,0.0,0.0,0.0,0.004543688612527917,0.0,0.0,0.0,0.006158612777996027,0.0,0.0,0.0,0.0,0.0,0.0,0.0,[6],[27]
522,6.766313493784786e-05,0.0021543637296277873,0.00010254269675778189,0.0,0.08097835478770121,0.0,0.0,0.043330147474529956,0.0,0.039792829847657814,0.08385222366287469,0.0,0.0,0.007283362037634176,0.014243033089882928,0.0443701709838164,0.0,0.0,0.0,0.014095905360547827,0.06489688415285284,0.018615294532279086,0.0,0.0,0.0,0.0,0.0,"[4, 10, 20]","[0, 40]"
523,0.001286078165699499,0.04167982544029136,0.0,0.0030435046199098212,0.017879913308072315,0.005119288862360901,0.0,0.0,0.0,0.09118198958226358,0.016474540112640598,0.0,0.0028185701508711258,0.011614185194644772,0.0,0.0,0.0111982351660896,0.01594181223894361,0.0716740888522611,0.00702766490240671,0.0,0.0,0.009149270726443153,0.008942757585063792,0.0,0.0,0.0,"[9, 18]",[-1]
524,0.003929342081879909,0.08425440761337284,0.0,0.0,0.0,0.04674254801794504,0.00239573861992105,0.06904028592551666,0.0013675308630142205,0.0,0.0,0.0,0.0,0.0,0.09833750295253935,0.03624846054713297,0.0,0.0,0.058632178200511705,0.0,0.0,0.054666409430327315,0.06972658972439454,0.07433959198419021,0.08571446780987847,0.08463187889932067,0.08415082784501071,"[1, 7, 14, 22, 23, 24, 25, 26]",[37]
525,0.00018874565323283307,0.0070032062236362195,0.15137352028739812,0.0,0.0,0.0,0.0,0.0,0.0027307854108453073,0.0025960454316098806,0.0,0.012948188013163374,0.0,0.0015838812973074938,0.0,0.0,0.015287147269048678,0.007924142878614916,0.01875806731284518,0.007562178440939018,0.01732875255026974,0.0,0.028114219661508563,0.025877016856642506,0.0,0.0,0.0,[2],[30]
526,0.0003414306538058378,0.013135469086924062,0.0,0.0,0.12461675858145067,0.0022526611347356133,0.0,0.0,0.0006744595780535852,8.972228870253065e-05,0.0,0.0,0.026087345267185723,0.0,0.0,0.0,0.0,0.009383959583806138,0.051728460182126165,0.04283210854106145,0.022996049654119523,0.0,0.0,0.0,0.12324771620514566,0.12338879728734384,0.1234273646009523,"[4, 24, 25, 26]","[11, 40]"
527,0.004579725303469153,0.057781489784221846,0.007233279250031058,0.0,0.0,0.02272487460088285,0.006281985104283953,0.0,0.07558966125178604,0.10508332593828318,0.03432919805703801,0.0,0.016418570464484798,0.010483898731633667,0.06326318353157968,0.0,0.235231261102906,0.0,0.036358764654573585,0.0,0.0,0.0,0.041173567194800566,0.03904094604749685,0.0,0.0,0.0,[16],"[32, 34, 35]"
528,8.558667146517077e-05,0.00304014057254509,8.502348478960927e-05,0.0,0.05296753433893954,0.0,0.0,0.060239771458989545,0.11233143222221603,0.03148101596761502,0.0733978482198159,0.010489174287330798,0.0,0.013228025661957802,0.0,0.0,0.0,0.0,0.0,0.0,0.0,0.008672136818359676,0.0,0.0,0.0,0.0,0.0,[8],[40]
529,4.892964062295889e-05,0.0014611075515941505,0.00027118622950038276,0.0,0.06224598061431017,0.0,0.00041994756234055026,0.0911895585718149,0.09619813085651414,0.04727115490212088,0.11735832629437477,0.014102630680671632,0.002752217871249698,0.016866327376925325,0.0,0.0,0.0,0.0,0.0,0.0,0.0,0.011978024560536791,0.0,0.0,0.0,0.0,0.0,"[7, 8, 10]",[40]
530,0.011164327558337624,0.0,0.0,0.0,0.0026000960626601116,0.15701144754437382,0.0,0.0,0.0,0.0,0.006497081442765652,0.03927821296933536,0.0,0.026543035255964346,0.0,0.002974947048660189,0.0,0.0,0.0,0.0,0.1012220762817004,0.02778876169511557,0.007914429673383882,0.00036431132645368974,0.0,0.0,0.0,[5],[20]
531,0.004017388966360988,0.0006459335084452843,0.0,0.0021309265479087973,0.008665196094375523,0.07298866855210488,0.050641549723267835,0.008630705667619707,0.0,0.0,0.0018339260295485089,0.034532244844013175,0.0,0.0,0.0,0.02840888737143906,0.009468452747394393,0.010580801449237554,0.0,0.009716456683765078,0.0,0.011289094653939917,0.0,0.0,0.0,0.0,0.0,[5],"[20, 31]"
532,0.0008965113448786447,0.0,0.0,0.0,0.0006661523201284606,0.044906869413656986,0.018270878747550262,0.0,0.0,0.0,0.004541209173019491,0.007661284042321168,0.007172064562872492,0.0,0.0,0.0,0.0038659596137059953,0.005074561157242757,0.0,0.006207283581501931,0.0,0.0,0.002432753855683008,0.0027158656370286183,0.009433031998246185,0.009510069060382131,0.009552866954113101,[5],[-1]
533,3.8801550223280156e-05,0.0012139701653657866,3.0804234570706614e-05,0.0,0.03216093819308428,0.0,0.0029705873122997475,0.049159327319849906,0.2160456701132675,0.015351877268546687,0.034285039858952655,0.0,0.006773139039129537,0.008880651069455627,0.0,0.0,0.0,0.0,0.0,0.0,0.014438455202503817,0.0,0.0,0.0,0.0,0.0,0.0,[8],[40]
534,0.016006883587799562,0.0,0.0,0.00014052451574767243,0.00325927120273235,0.12583532229489938,0.0014723913800097296,0.0,0.00010895171011076834,0.0,0.017288121468050137,0.02066915193356939,0.011745915898437176,0.0,0.0,0.01189358653883141,0.00880456137250699,0.03549230369367757,0.0,0.029668256091900738,0.1116791644952952,0.0,0.0009722041798880841,0.007237388935072779,0.0005884277669257746,0.0009253097768228903,0.0010879247287254306,"[5, 20]",[20]
535,0.00027090298976615554,0.010253049327120256,0.0,0.0,0.13312291196528248,0.00023323360729579257,0.0,0.0,0.0,0.0,0.0,0.0,0.0,0.0,0.0,0.022070275141779613,0.0,0.014016053822942196,0.027199972303406653,0.0400375016889694,0.0,0.0,0.0,0.0,0.13547495874348728,0.13557922394114663,0.1356025434864159,"[4, 24, 25, 26]","[11, 36, 40]"
536,4.997818256968437e-05,0.001543181473132389,0.00013314967729013437,0.0,0.04508574320308621,0.0,0.0,0.0643725938159409,0.0,0.03850831045060424,0.10220592420571188,0.014652899263365235,0.0,0.012060772688799352,0.0,0.11948619905891862,0.040891967070604496,0.0,0.0,0.003774259261134289,0.0,0.04090818605474494,0.013882943560221015,0.014207869988412723,0.0,0.0,0.0,"[10, 15]",[40]
537,0.013396428016290145,0.0005463637994851103,0.0,0.0,0.0,0.0,0.0,0.011890071922220469,0.03253578524153453,0.0,0.0,0.0,0.013635650955070201,0.0011704356408807014,0.016323347922360436,0.0,0.028739544561189736,0.0,0.0,0.014217183014624137,0.012734861018009727,0.0,0.016172473062689707,0.01763716723135326,0.0,0.0,0.0,"[8, 16]",[20]
538,1.667271192772055e-06,8.243891783876411e-05,0.00021559855688976656,0.0,0.016872076051179078,0.0,0.0,0.030951771194481684,0.0,0.023753183061926687,0.051581932504790595,0.007571181526590828,0.09596716994637454,0.006051758080150397,0.0,0.0,0.003219326559186085,0.0,0.0,0.001974705797462206,0.035208633788851584,0.00020240724945592696,0.009465223787099587,0.009879507829414979,0.0,0.0,0.0,[12],[40]
539,3.771743746020324e-05,0.0011589283305739964,8.707247706892929e-05,0.0,0.028251248239432546,0.0,0.002661260167703403,0.04566520880472745,0.18074929153130723,0.014646685803689979,0.03389448659865375,0.0006021773767999745,0.008572338603079044,0.00802597470875162,0.0,0.0038838849185566108,0.0,0.0,0.0,0.0,0.003385898133304664,0.0,0.0,0.0,0.0,0.0,0.0,[8],[40]
540,0.041991582270022115,0.0,0.00017477785304016036,0.0002752824776172152,0.0018651571447344624,0.0,0.036499073537781875,0.0,0.026825307616552423,0.006401889380545839,0.003079757570135137,0.001963127879213805,0.0,0.09513460735926936,0.0,0.0,0.0046997031478533844,0.0,0.007672028758770168,0.0,0.014574689731284207,0.006682470366703015,0.01949765090354436,0.010332550088946561,0.0544391303058917,0.05442951314652767,0.05446121744503384,[13],[20]
541,0.0005676150693867403,0.0190143200400797,0.0,0.0,0.16502497656784454,0.0,0.0,0.0,0.0,0.0,0.0,0.012411298534413044,0.0,0.0,0.0,0.03555298541305731,0.0,0.03640797972138521,0.01144602074777841,0.04442443371396294,0.0,0.0,0.0,0.0,0.1667283385102272,0.16734591708457716,0.1675963327303559,"[4, 24, 25, 26]","[11, 40]"
542,0.059036105723425096,0.0,0.0002004504039595469,0.0,0.0015256606013748619,0.0,0.05996801272289304,0.0,0.0,0.005208652157941146,0.0014957154698027563,0.004362165895691798,0.0,0.15983737688075678,0.002137875002161119,0.001431862969094156,0.0,0.0,0.00808930431929925,0.0,0.007947939524760776,0.01580583394353799,0.0,0.0,0.10104511665528136,0.10115109333081672,0.10124305329855304,[13],[20]
543,2.9852257817598628e-05,7.939253116558768e-05,0.0,0.00034855779339029193,0.0004744382228694701,0.006824401825198593,0.23242431608435493,0.0,0.0026223394473934318,0.0,0.00043040547335098273,9.949487047731362e-05,0.00020907234840436296,0.0,0.0,0.0,0.0,0.0,0.0,0.0032963434352365137,0.0,0.012128399499373837,0.012497272660859367,0.012773856647434207,0.0,0.0,0.0,[6],[27]
544,0.0012946655356219018,0.02789656683814116,0.0,0.0024496831140834747,0.06347421941651119,0.0,0.012739931390276339,0.02888136665934519,0.020149206026099795,0.0,0.0,0.1322218727587767,0.05985707208949075,0.0,0.010114935043029903,0.0,0.05328759413864434,0.03979030525570421,0.0,0.0,0.0,0.03987328070145486,0.0,0.0,0.06451543244449505,0.06506835545906824,0.06532114235807233,[11],"[37, 40]"
545,0.0010391837687348713,0.03523966156094948,0.0,0.0,0.17926640094360946,0.0,0.0,0.0,0.0,0.0,0.0,0.0,0.03015327112491227,0.0,0.0,0.04632974868636838,0.0,0.01737378318699034,0.042825708670991516,0.02293707144029437,0.06405198223004123,0.049164752007032665,0.030006290424841445,0.03093585884849756,0.12563879190242794,0.12598587324366456,0.12613639088355635,"[4, 24, 25, 26]","[11, 40]"
546,1.010955120227348e-05,0.00023015035119144006,9.795923251897619e-05,0.0,0.02917078332920378,0.0,0.0,0.04641874213619113,0.0,0.032216098737631066,0.07421783575904414,0.01039736876368515,0.0,0.009481522373993245,0.0,0.03372394066701528,0.003447010495067099,0.0,0.0,0.0,0.0,0.02311337972934036,0.00271680027389274,0.0034379651697495836,0.0,0.0,0.0,[10],[40]
547,0.00015739872086778056,0.005594252177338924,0.0,0.0,0.08428496042217312,0.0,0.006950325348938165,0.015118714210644969,0.024629922247995577,0.0,0.0,0.06430955159749224,0.0,0.0,0.035826383808840234,0.016299658690801338,0.08878555642851092,0.02763536539264922,0.0,0.0,0.01891892188295068,0.004919597350067763,0.007095124007315906,0.0039721242112424095,0.027965447935825696,0.028197758982355967,0.02832455470195422,"[4, 11, 16]",[40]
548,0.0001243088463072287,0.00450485628732202,0.0,0.0,0.055277238941603093,0.0,0.0005290917419548465,0.0,0.00928965978995626,0.0,0.0,0.006366868383082621,0.022930738819849132,0.0,0.020510595978069875,0.0,0.0,0.01262486225523012,0.0,0.008776831352476217,0.0,0.006809491311727503,0.0,0.0,0.06922005424814684,0.0691751025689449,0.06914666813944241,"[4, 24, 25, 26]",[-1]
549,0.0008628916781603884,0.028525966873445406,0.0,0.1841860903068213,0.0,0.0,0.0,0.00840438531904932,0.013959992277337243,0.0,0.049460054163779875,0.010194804056482985,0.0,0.0007534936819510516,0.0,0.0,0.0,0.001943467189896645,0.0,0.01840192915814317,0.01112931757654932,0.02662239325994246,0.026389696419383844,0.023039266093597563,0.0,0.0,0.0,[3],[21]
550,0.0012155973761948722,0.03582094739817358,0.0015562624779011547,0.0,0.0008854335757444828,0.01923349457684257,0.0,0.017075753069753834,0.0,0.0,0.0,0.10379530833481551,0.0,0.006078857144404986,0.0,0.015834355940724465,0.0,0.03632574170975373,0.08642235464780974,0.04323718607205763,0.040195566473852064,0.0,0.0,0.0,0.0637515961391088,0.06450260368216891,0.064829449437389,"[11, 18]",[-1]
551,3.28297743979425e-05,0.000793398552944078,8.569984732100646e-06,0.0,0.008579288649563815,0.0,0.0,0.02395816743298877,0.0,0.008763124421103018,0.026453267181523864,0.0033315766195635564,0.0,0.0027463523558779413,0.0029423751082216015,0.0,0.007429620132796205,0.0,0.0,0.0011625150738469683,0.0,0.010496558490253077,0.0,0.0,0.0,0.0,0.0,"[7, 10]","[15, 40]"
552,2.5817866021836304e-07,8.166916052810128e-06,3.1419892629254347e-06,0.0,0.00039832691096623784,0.0,0.0,0.0010522833999119276,0.0,0.000482198691085316,0.0012491361500821421,0.00017755620108629916,0.0012663734496833952,7.615356707277058e-05,3.0233040924830412e-05,0.0,0.000769022668606009,1.4811960430143524e-06,0.0,0.00022292148206247962,0.0,0.00037691543062131266,0.00040639406929545715,0.0004026141368521333,0.0,0.0,0.0,"[7, 10, 12]",[40]
553,2.4129123024757965e-05,0.0008146682156494152,0.00043713667909706745,0.0,0.07295572056056472,0.0,0.0,0.10217306065288782,0.0,0.06087794950051213,0.15598347198189183,0.02528581299873848,0.0,0.020303245132544986,0.0,0.0,0.03731267174274911,0.0,0.0,0.0,0.0,0.051603192936690856,0.025399829158080107,0.02598569873318981,0.0,0.0,0.0,[10],[40]
554,5.044126819221756e-05,0.0015358342437031874,0.0001270571521780781,0.0,0.06890006271893417,0.0,0.001710380335259892,0.10370904491560735,0.20656056614813711,0.0490649548124083,0.11901067415886414,0.01515199020953114,0.0,0.02013840197131676,0.0,0.0,0.0,0.0,0.0,0.0,0.0,0.018419996858095766,0.0,0.0,0.0,0.0,0.0,[8],[40]
555,0.0028997605592230246,0.07458157836036419,0.06636480331683232,0.0,0.016460112770600412,0.00045386563657840627,0.0,0.03805328343039853,0.05708957997601451,0.0,0.0,0.17275798266626974,0.03375517943186191,0.0,0.0,0.0,0.08649163076534844,0.06782637201763386,0.05588361606026264,0.07375788191459141,0.01696435572278632,0.13095240347820797,0.0,0.0,0.1567089443874448,0.15795876085081254,0.15846467580055965,"[11, 21, 24, 25, 26]","[1, 34, 37]"
556,0.003681318376257928,0.07591811413767155,0.0,0.0,0.0,0.03509851058738593,0.017320918778049848,0.08144390961883684,0.017688843744378117,0.01866836868459942,0.00628144735177251,0.0,0.0,0.0,0.14609046464666678,0.024553818902930378,0.012496675186220654,0.0,0.0,0.0,0.0019188337205313865,0.0,0.05473945949429114,0.05227193507023231,0.005743511998680562,0.003786186001469249,0.0029321346405274426,[14],"[0, 15, 37]"
557,5.82771325615058e-06,0.00030845632471448076,0.0032177604084983246,0.0,0.04003610736816369,0.0,0.0,0.06056949645175233,0.0,0.04136210573194318,0.0969223888509691,0.013153822974627277,0.19682469287321833,0.011023719809985753,0.0,0.0,0.0,0.0,0.0,0.0,0.03174227915756878,0.0,0.036992875492957676,0.034735841400461605,0.0,0.0,0.0,[12],[40]
558,0.0074785435873477215,0.0002744934597430408,0.0,0.0,0.0020677370994505923,0.05250661689897393,0.0,0.0,0.017752299814123358,0.0,0.0,0.02003319248368487,0.0,0.10682463453886554,0.0,0.03656448075333446,0.0058796308843380544,0.0,0.0,0.0,0.0,0.0,0.0006087257206175376,0.004041918045004827,0.01380696982223191,0.014245334106845925,0.014453061299449357,[13],[-1]
559,0.0003589226065771023,0.012029836841195069,0.0,0.0,0.12213831977609796,0.009265739936916475,0.0,0.0,0.0,0.007518182370158232,0.0,0.0,0.019020719757874286,0.0,0.0,0.0005402172654567038,0.0,0.005247528851462125,0.04678684637660436,0.03562001653825052,0.03944101347120871,0.0,0.0,0.0,0.11052211692452124,0.11060890921349321,0.11061973612405522,"[4, 24, 25, 26]",[40]
560,0.0012167093406315291,0.04002839766760304,0.0,0.14749378639092722,0.02755454691533554,0.0,0.0,0.0,0.03423964514529065,0.05743568824174175,0.037906459869249294,0.0,0.0,0.0,0.0,0.024602687983951346,0.03416526057166109,0.0,0.0,0.009804943465583927,0.02871806118916473,0.033970806139307,0.045684804109642506,0.04300114507974616,0.0,0.0,0.0,[3],"[21, 36]"
561,1.0507850096874468e-05,0.0004350400182444242,0.040584700856478736,0.00015669536286355918,0.0,0.0,0.0,0.0003146230022800905,0.021889170688949525,0.0,0.0,0.0019519644780584627,0.007441116011381167,0.0,0.0,0.0,0.04366192925552737,0.0014378237037509965,0.0,0.007389136959544664,0.03572416873690359,0.09697857587258686,0.0,0.0,0.01242357102325591,0.012412100178685333,0.01240457650002174,[21],[1]
562,6.632012154884816e-05,0.00295742559447502,0.1643820187130658,0.0004013820076429224,0.0,0.0,0.0,0.004102419846363274,0.018322773421092984,0.0,0.0,0.014294207142660817,0.0,0.0,0.0,0.011431393743882606,0.0148887265807155,0.006034675743692903,0.0,0.011055505448449824,0.0,0.0754490305001332,0.0,0.0,0.020860021979879927,0.020875229249700086,0.02087489383788984,[2],[1]
563,0.0003394794836394953,0.01272766767597498,0.0,0.0,0.1373174200354927,0.0,0.0,0.0,0.0,0.0,0.0,0.0,0.031094528138933625,0.0,0.0,0.0,0.0,0.024187239386393406,0.0315713690568843,0.043105087510935794,0.0,0.0,0.0,0.0,0.15296333448358418,0.15325698405748753,0.15336048047652953,"[4, 24, 25, 26]","[11, 37, 40]"
564,0.03846922097038578,0.0,0.00018326001844274416,0.002709004793785488,0.00347456477130659,0.0,0.0,0.0,0.0,0.004686797852784835,0.003181301918867561,0.00019579658268895246,0.05333503402102847,0.03623676707539217,0.0,0.004667221820004529,0.0,0.0,0.0032203604308682038,0.0,0.016315727163127944,0.09217691062965697,0.012784691121771162,0.0,0.0,0.0,0.0,[21],[20]
565,0.0012558970479924058,0.041167865449214185,0.0,0.11405228843991225,0.02602974883635429,0.0,0.00906084828232816,0.0,0.010891121571466178,0.08443902873126874,0.046485001090506364,0.0,0.0,0.005992434944548947,0.0,0.04937474740454254,0.07966159294391127,0.0,0.0,0.0,0.0,0.016267860054465115,0.0,0.0,0.0,0.0,0.0,"[3, 9]","[8, 37]"
566,0.0011541715412971706,0.01479498352673815,0.00568270434208622,0.0016629321566606755,0.007820381100763826,0.001391395035322004,0.0,0.0,0.08752558331057173,0.034578423879717504,0.0,0.0,0.0,0.007101061589765679,0.0,0.008674387477615121,0.25493610520965665,0.0,0.029444563896183183,0.007706757176737159,0.0,0.0,0.014821743122228543,0.0150754777280803,0.0,0.0,0.0,[16],"[35, 41]"
567,0.0034597780141112874,0.06813311574991894,0.0,0.0,0.0,0.040453124941704395,0.016722589839002825,0.11076504609462998,0.0,0.0,0.0,0.0,0.02492180587058238,0.0,0.17378672695515238,0.0,0.012708098729961852,0.0,0.0038853166360251004,0.0,0.028155115431554585,0.0177670231270948,0.0,0.0,0.0,0.0,0.0,[14],[37]
568,0.002443765690450373,0.03465879352019397,0.0,0.00509422483345108,0.005361876840574885,0.0,0.08652166370962415,0.0632489464124031,0.01866048952776641,0.0,0.0,0.14938950352535765,0.050788107094823676,0.0,0.0009256121763625668,0.0,0.0,0.0403450680055836,0.0,0.011688317575717932,0.0,0.011233604119112514,0.0,0.0,0.05801859573346532,0.05860946009107722,0.05884923618656451,[11],"[27, 37]"
569,9.302139233390827e-05,0.00319436313274835,0.0,0.0,0.03532311443496599,0.0008978305122757008,0.0,0.0,0.00796548608495589,0.0,0.0,0.0,0.0,0.0,0.011601332126464125,0.021972679627915014,0.0,0.002097818114857969,0.0,0.0028795788512690065,0.0,0.0,0.0,0.0,0.028793624141161794,0.028751413398519637,0.02872930758318018,"[4, 24, 25, 26]",[35]
570,0.0033321199371220242,0.06603628204096898,0.0,0.0,0.017028844629423886,0.05086107458332511,0.00037349839211615876,0.0,0.0,0.17563485174074606,0.00786989312525256,0.0,0.0,0.02490577763841357,0.0,0.018399875852814634,0.0022508636897024085,0.008059267304244368,0.19565516883652903,0.0,0.0,0.0,0.040506370332193974,0.04677464380060672,0.0,0.0,0.0,"[9, 18]","[37, 39]"
571,0.007614364657234883,0.0012836487620815217,0.0,0.0,0.0032512372428776448,0.1839540900981242,0.005446876442819371,0.0,0.0,0.0,0.006630721111813583,0.047198218087982906,0.0006538147966829527,9.69293260991098e-06,0.0,0.0,0.0,0.011845054944856562,0.0,0.009355448870865387,0.0,0.023395892561962443,0.017845496941626387,0.007902613151217132,0.0,0.0,0.0,[5],[20]
572,0.0020621420904106498,0.03645395208737416,0.0,0.19342913834147285,0.0,0.0,0.0,0.0,0.01813852457283306,0.012729427033335523,0.06200560854416749,0.0,0.006648759353771182,0.0,0.012329213684005066,0.0,0.018133986876194635,0.0,0.0,0.0,0.0045787607463771965,0.019747264203761966,0.0,0.0,0.0,0.0,0.0,[3],"[21, 37]"
573,0.00028408505726245845,0.008867673405850542,0.002141266997205513,0.0,0.004304688988915849,0.008940830465827254,0.0,0.0,0.07643824124172753,0.021518628423637366,0.0,0.0,0.0,0.0023553433808261443,0.0,0.0,0.19676584511011433,0.005704446223203461,0.04969489273240124,0.014547542839556468,0.0,0.0,0.06744971578242094,0.06282614559143425,0.018115629200915313,0.018608984861904272,0.018834184338169534,[16],"[35, 41]"
574,0.004332497725939756,0.0,0.0,0.0009118448320826457,0.001177830063235669,0.09509409546876282,0.0,0.0,0.006249568165351187,0.0,0.007057886411336878,0.016058232619330506,0.0,0.0,0.0,0.0065830331170101284,0.0,0.01573535112613417,0.0,0.01794826539289483,0.0,0.0,0.0,0.0,0.0,0.0,0.0,[5],[35]
575,3.502263763730136e-05,0.0017013299846694715,0.14485128670227088,0.0025870184506532126,0.0,0.0,0.0,0.001112915264408108,0.0,0.0,0.00495857004577753,0.0,0.0,0.0,0.0016200240568518345,0.03260861570350623,0.0,0.0,0.0,0.0010057268176340557,0.0,0.0,0.0,0.0,0.0,0.0,0.0,[2],[1]
576,0.0006234409484866569,0.0066272546702957555,0.0,0.0,0.022507076536377624,0.013502505575920963,0.00349100976179004,0.0,0.0,0.030101155957865174,0.0,0.0,0.026025612841097303,0.0,0.01249674236199117,0.002051715569261359,0.021198069662539655,0.0,0.030405624600792623,0.0,0.026093160393244323,0.0,0.0,0.0,0.03029848451308746,0.029785042168860024,0.029546965625024492,"[4, 9, 12, 18, 20, 24, 25, 26]","[7, 18, 35]"
577,0.0008027429475478209,0.026745712304696582,0.0,0.16703813363453018,0.0024380472885310346,0.0,0.0,0.0,0.02121937067871678,0.017580845768715863,0.047689709334413,0.0,0.0,0.0016586278041979326,0.0,0.000591321290785873,0.004014003246723452,0.0010079322351748566,0.0,0.011358052712738063,0.0,0.04338571843141933,0.012069815534553918,0.010326673886951094,0.0,0.0,0.0,[3],"[21, 36]"
578,0.0008924075046359491,0.015864878705821178,0.0,0.0,0.0,0.017855780083821132,0.008838668246330885,0.0,0.0,0.04293323800472809,0.005429115271677656,0.0,0.030270548187427807,0.0012970945892103842,0.024835418931049916,0.0,0.03776260762827821,0.0,0.044004940552262915,0.0,0.025591785659967888,0.0,0.0,0.0,0.0,0.0,0.0,"[9, 16, 18]","[7, 35]"
579,3.802374414061168e-05,0.001172807959701567,0.00011129515199379287,0.0,0.031643567209101525,0.0,0.002850664189339824,0.052861246190602104,0.20052310642440915,0.019122095445791677,0.04253968553478917,0.0019456644717356746,0.03417139670192724,0.009568842481172507,0.0,0.0,0.0,0.0,0.0,0.0,0.006741419983002675,0.0,0.0,0.0,0.0,0.0,0.0,[8],[40]
580,0.0015074607630966748,0.019241450455052954,0.0018966974824218884,0.0,0.0018981755502214196,0.021304047883972173,0.0012756385848802418,0.0,0.014719476667952527,0.04860068179130709,0.002489922508092499,0.0,0.016304342833499987,0.0,0.016265521460976182,0.0,0.09273328779463968,0.0,0.044395929358838425,0.0,0.0,0.007104232169209659,0.018412519920262417,0.01789392279605715,0.016356677377729133,0.015828735679770913,0.015595649479875297,[16],"[32, 35]"
581,3.49289337164971e-05,0.001498363723857424,0.12254637133444793,0.0020387827619263036,0.0,0.0022495180808128983,0.003958437468314207,0.0,0.0,0.01558470267625893,0.015928700911289805,0.0,0.0,0.0009227612392497766,0.008106102772937345,0.02660299402805226,0.0,0.0,0.0,0.0,0.0,0.0,0.1355773078763291,0.12234684305766776,0.0,0.0,0.0,"[2, 22, 23]",[30]
582,0.00010268515067941835,0.00372611246173978,0.08945619285943571,0.0,0.0,0.0,0.0,0.010316816941086925,0.02437297983443714,0.0,0.0,0.010916746157194597,0.03280610657714705,0.0,0.0017569843327240194,0.0,0.062429322770211786,0.004203543654042218,0.0,0.015395233095361203,0.07340022385692097,0.14921617489618677,0.0,0.0,0.02534273134907587,0.0252986947353177,0.025274079755422375,[21],"[1, 41]"
583,2.8870965525432514e-05,0.001600534945368871,0.1432202888106852,0.003035628342386563,0.00016338073351813103,0.0,0.0020583620872919586,0.0,0.0,0.0068524603621531845,0.008771684207854624,0.0,0.0,0.0001859498535749673,0.0,0.0005880330720495345,0.0,0.0,0.0,0.0,0.0,0.0,0.02727977553116779,0.025234566391217374,0.0,0.0,0.0,[2],[1]
584,0.03164935480695226,0.0,2.5775503030195514e-05,0.0,0.0,0.054134193217631535,0.07108367640099561,0.0027292166293316628,0.0,0.0012105556488379735,0.013219850121379152,0.0,0.0,0.0,0.0017106778298128038,0.02037637724124848,0.0343952766756836,0.08298501934120472,0.0,0.026582079433391012,0.007602901797304994,0.0,0.0,0.004323016063215548,0.0852773522552117,0.08454868033523856,0.08425847260671333,"[6, 17, 24, 25, 26]",[20]
585,0.007930263260166822,0.001087096732400193,0.0,0.0023060310551835344,0.0032838543323282536,0.06760224625225315,0.014442278279055547,0.0,0.0,0.0,0.00550338810536652,0.01666274654759151,0.00934606724973315,0.0,0.0,0.0,0.010669266167025498,0.02172959113184289,0.0016254365978641936,0.024637460943032187,0.0,0.0,0.004126043517768732,0.007249681257494946,0.01874238178213222,0.01888128154674271,0.01896368084080883,[5],[20]
586,0.002599735320663799,0.06801004941380889,0.0,0.0,0.04512078608225167,0.04294969295483508,0.0,0.0,0.0,0.14242588720745816,0.0,0.0,0.0047360134265199035,0.02110395164732084,0.0,0.022823984605947693,0.0,0.024278164002080334,0.19352653071909873,0.003322256543825509,0.03110061370330387,0.03698458559243665,0.045242030291145624,0.054715025289880016,0.0,0.0,0.0,"[9, 18]",[31]
587,7.759340026031028e-06,9.766125568133378e-05,1.2158552487291254e-05,0.0,0.010108026756150313,0.0,0.00029875149348035,0.013693327952260336,0.0,0.007947339027907627,0.023364728832664935,0.003620490994221066,0.0,0.0016986122891504691,0.0003263474068401734,0.2206697467459017,0.017302272118732906,0.0,0.0,0.0016518007957808127,0.00020697905386349934,0.018567195807708877,0.006737118690512645,0.006436876614935046,0.0,0.0,0.0,[15],[35]
588,2.96783570930874e-05,7.872955693894698e-05,0.0,0.0003315114956290288,0.0004983576046736891,0.006669801446563661,0.22673503041944676,0.0,0.0026043683434830594,0.0,0.00041374466277643596,3.601199054389953e-05,0.0,0.0,0.0,0.0,0.0,0.0,0.0,0.0031523990795056392,0.0,0.011971958176175489,0.012307480723370644,0.012590117659077173,0.0,0.0,0.0,[6],[27]
589,2.912785703363781e-05,7.246776822118408e-05,0.0,0.00041163155617871417,0.0003810773381171789,0.006248623316508214,0.2117068564641093,0.0,0.0024449717558519533,0.0,0.0007953115578869877,0.0,0.0,0.0,0.0,0.0,0.0,0.0,0.0,0.002379946908657871,0.0,0.011540610247953016,0.011564494154605323,0.011805231970142665,0.0,0.0,0.0,[6],[27]
590,0.00077095500472357,0.01563404835858235,0.017568704346821465,0.0,0.0,0.0,0.005504851082404671,0.038476422795680754,0.0,0.0,0.0,0.05032300539284554,0.05640065595144221,0.0,0.023083017077183084,0.0,0.06518402633300854,0.011011702655774608,0.0,0.0,0.04032649139344302,0.11730960736124108,0.0,0.0,0.027236084755048167,0.027157147141947766,0.027127064731854885,[21],"[1, 37]"
591,0.005654139248796173,0.0013533903605881554,0.0,0.0,0.0028160208752260594,0.1852389162518748,0.0,0.0,0.016509675138261095,0.0,0.00209629409430095,0.049147478927690315,0.00821662026499445,0.04067400587143394,0.0,0.0,0.0,0.0,0.0,0.0,0.040924165010160635,0.008770371392966714,0.01616946079272903,0.013206283755846832,0.0,0.0,0.0,[5],[20]
592,0.013623743612861148,0.0027994514991865078,0.0,0.00014290536036731718,0.0009813033012695297,0.2391393409126177,0.0,0.0003086452221774352,0.0025294249164144926,0.0,0.011740570012706252,0.055899543892579145,0.0,0.0,0.0,0.0,0.0,0.011267927446260758,0.0,0.023584322607761044,0.0,0.02591792165331981,0.016011088334151553,0.008848503259162204,0.0,0.0,0.0,[5],[20]
593,6.183021434048207e-05,0.0024275457126581254,0.08664091266222546,0.0,0.0,0.0023021409642873286,0.0009309076351546072,0.0,0.0,0.014929957138761921,0.0057159325313138505,0.0,0.011650183022325305,0.0004241414993201318,0.0013594458997863094,0.0,0.0,0.0,0.006048377272124414,0.0,0.06412628977227332,0.0,0.03597371684193654,0.0316200375234831,0.0,0.0,0.0,"[2, 20]",[1]
594,2.313358927510538e-05,0.0012293083127767979,0.10685740809004396,0.0025875244880637885,0.0005844321255900532,0.0003142639503041338,0.004410664348710807,0.0,0.0,0.013503998706763795,0.014138678505567003,0.0,0.0,0.0007864242365854072,0.004917893867306561,0.004287399912396317,0.0,0.0,0.0,0.0,0.0,0.0,0.09646159098882139,0.08765440499894224,0.0,0.0,0.0,"[2, 22, 23]",[1]
595,3.1974411062307537e-06,0.00016956671414734554,0.002853300841206752,0.0,0.02862134130950738,0.0,0.0,0.04958345194165118,0.0,0.036561207900717166,0.07912279968002767,0.010199496799444633,0.18946988477449347,0.009691640700700714,0.0,0.0,0.0,0.0,0.0,0.0,0.051836006402554737,0.0,0.016531263682070127,0.0148585030003079,0.0,0.0,0.0,[12],[40]
596,2.3165003771771804e-05,0.0007792118454819311,0.000531917829601345,0.0,0.03943708063058675,0.0,0.0,0.03723765905712215,0.0,0.02300864388899924,0.060641509851892775,0.005025207858885494,0.08619768347777512,0.0066807181129655896,0.0020130072591556464,0.030947247733568713,0.0040077410460739316,0.0,0.0,0.00043469161806191595,0.052884019324503234,0.0,0.02619031430129489,0.025074732671892353,0.0,0.0,0.0,"[10, 12]",[40]
597,1.0042494833229945e-05,0.00022083003197907264,9.795387148385368e-05,0.0,0.031708128156116386,0.0,0.0,0.051192167624405434,0.0,0.03562680798786837,0.0856196982821611,0.01309221998167335,0.0,0.010399069508035196,0.0,0.03740885735299615,0.03539409677086024,0.0,0.0,0.006584295457736496,0.0,0.0436083606232664,0.01589377521915513,0.016963994316396662,0.0,0.0,0.0,[10],"[35, 40]"
598,1.8029163901623147e-06,9.075170061920934e-05,0.0003401506364139495,0.0,0.015375740793035844,0.0,0.0,0.02564880560001617,0.0,0.017946446058076593,0.040644165973475886,0.00577613307572181,0.09336219834968211,0.00486315224762263,0.0,0.0,0.0,0.0,0.0,0.0,0.0,0.0,0.009397807850624128,0.008746774683275128,0.0,0.0,0.0,[12],[40]
599,1.2956833770170313e-05,0.00037520406230071306,0.00028765831325830167,0.0,0.05234508815916431,0.0,0.0,0.08384292283231626,0.0,0.057570830066443514,0.13605001469385916,0.020095014254653244,0.0,0.01756652966214448,0.0,0.0,0.034046797951326355,0.0,0.0,0.0,0.0,0.052644665808773757,0.019023956055578536,0.020322675294466404,0.0,0.0,0.0,[10],[40]
600,0.006872674171162228,0.0002803720457702821,0.0,0.0,0.003296963727045317,0.14125891383307043,0.0,0.0,0.010975945171551843,0.0,0.011163941510634597,0.023122161317138363,0.0,0.0,0.0,0.01940360187743498,0.0,0.01945612718755529,0.0,0.021046766724622634,0.0,0.0036378374577656467,0.0,0.0012427509710404357,0.0,0.0,0.0,[5],[-1]
601,0.0008804557712648562,0.017648538584368715,0.0,0.01051621271906773,0.04837140521778368,0.0,0.013565708312500391,0.032579842548303845,0.010793192701970093,0.0,0.0,0.1288398407933612,0.027511287728987588,0.0,0.01194013328838176,0.0,0.059091761648668195,0.03183759841620421,0.0,0.0,0.05130799693309186,0.0003945999439891613,0.0,0.0,0.023000527287454966,0.02356901516589714,0.02383385574162877,[11],[40]
602,1.3958202953694706e-05,0.0005959562162857415,0.0,0.003351948837346049,0.014242943278025449,0.0,0.0,0.0,0.0,0.0,0.0,0.0,0.0,0.0,0.0048088623735682385,0.009129519004804246,0.004494842290801763,0.00010423141671194147,0.0,0.0038345896018264504,0.0,0.00023884282388716765,0.0009215652655647789,0.0012880091820579342,0.006174270420227952,0.006133727434890551,0.006115554825231193,[4],[44]
603,0.00011613190958741108,0.004425055435251774,0.10344889122052975,0.0,0.0,0.0,0.0,0.0019772453690596946,0.027038124209641367,0.0,0.0,0.01797449342802259,0.04224467255614453,0.0,0.0,0.0,0.07127047458680384,0.009399703290069481,0.01382706748742545,0.012971159190971098,0.07790257880791907,0.20136830632454156,0.0,0.0,0.03135404688477049,0.03135760321574602,0.031352799973390515,[21],[1]
604,0.00021753460336572657,0.0072284287038298905,0.0,0.021892261799378723,0.004718366192049608,0.0,0.0,0.0,0.0,0.013412759170509216,0.010623288312059987,0.0,0.0,0.00021749831061189905,0.0,0.012495369494132706,0.0,0.0,0.0,0.00042624732643679056,0.027664123525406186,0.005736990659743488,0.009643514531486416,0.008666720169887244,0.0,0.0,0.0,"[3, 20]","[21, 35]"
605,0.00021693298120299903,0.007234190826894621,0.0,0.021590224357058062,0.0,0.0,0.0002722912067514099,0.0,0.0,0.01984398921237626,0.016632600488309057,0.0,0.0,0.0,0.0,0.01632009722091347,0.0,0.0,0.0,0.0,0.02337606296814625,0.010408474564005473,0.014375999298960811,0.013302386896529492,0.0,0.0,0.0,"[3, 9, 10, 20]","[21, 35]"
606,7.165355406403916e-05,0.0023871710571837772,0.0005773038271728027,0.0,0.08056243553418349,0.0,0.0,0.1068113522016586,0.0,0.06693451607823903,0.16213501631747515,0.023743940093241912,0.000887215371943895,0.02167180223082625,0.0,0.0,0.004273542605360725,0.0,0.0,0.0,0.0,0.029209241950539075,0.02388061012925467,0.025108432944627015,0.0,0.0,0.0,[10],"[15, 40]"
607,3.3401741867753455e-05,0.00016125557676260264,0.0,0.0,0.0044456817425508,0.007085029507923231,0.2244994680877825,0.0,0.0031277239734540745,0.0,0.0,0.0,0.0020836859976525236,0.0,0.0,0.0,0.0,0.0,0.0,0.004456366591406356,0.0,0.009753016735860452,0.008455805079905293,0.008676038837397317,0.0,0.0,0.0,[6],[27]
608,0.0011133826901297073,0.026418839288203454,0.0,0.014796126161378202,0.07989603893616683,0.0,0.00818621970264612,0.03212427913606429,0.0,0.0,0.0,0.13439498996433408,0.0,0.0,0.022066649771508694,0.0,0.08427366878873141,0.041371475339495284,0.0,0.0,0.06802260984583589,0.0,0.0,0.0,0.014306666352814594,0.014808361437121107,0.015051752598923692,[11],"[37, 40]"
609,0.007838485772567506,0.0010414920697104989,0.0,0.0,0.00381128195137548,0.1618529169076396,0.0,0.0,0.0,0.0,0.0046071461525727135,0.045786361131316844,0.0008177887404832735,0.03357155292929552,0.0,0.004805903319038857,0.0,0.0,0.0,0.0,0.040566706831533884,0.024485906097481226,0.008244344938073245,0.0014029484133564962,0.0015767654439513353,0.002235206222570449,0.00253440832604059,[5],[-1]
610,1.2177136485489376e-05,0.0004608889838281304,0.000613886086501068,0.0,0.020263618524216005,0.0,8.806780887404233e-05,0.0321291901290683,0.0,0.015460184785329914,0.047170400637375674,0.015359084115310711,0.22429383918773485,0.0040137961789570515,0.0,0.0055701604223376494,0.003264212227704276,0.0,0.0,0.0001453096613313557,0.0,0.0,0.025585060298891325,0.024321768430880138,0.0,0.0,0.0,[12],"[10, 15, 40]"
611,4.266025126079007e-05,0.001907649198480516,0.10814816458982103,0.000839506493196531,0.0,0.001819205160916202,0.00327537004625405,0.0,0.0,0.017317937346640465,0.010750965637145697,0.0,0.0,0.0007446022536945731,0.0010141762539171198,0.0,0.0,0.0,0.0,0.0,0.024389823218381526,0.0,0.08766683141023299,0.07958842241205938,0.0,0.0,0.0,"[2, 22, 23]",[1]
612,4.420081431630864e-05,0.0012095526285408496,0.002398504007168585,0.0,0.029304654887445516,0.0,0.003842610153833384,0.04483432062052576,0.19400706868787154,0.012582124225519601,0.030761108762056146,0.0,0.0,0.00730320893241244,0.0,0.04517693528941729,0.0,0.0,0.0,0.0,0.011239188310224997,0.0,0.0,0.0,0.0,0.0,0.0,[8],"[35, 40]"
613,8.372382991926217e-06,0.00014724517220179544,0.0028735482844933994,0.0,0.01924236038705811,0.0,0.0,0.02922271018078669,0.0,0.021052579084333684,0.050420439041907975,0.006632325919800145,0.03748987517158094,0.00524357623772528,0.0,0.055451349094165686,0.003653702525783458,0.0,0.0,0.0,0.0,0.0,0.031023172746893955,0.028721580648748905,0.0,0.0,0.0,"[10, 15]","[35, 40]"
614,0.0002109568366239088,0.006841521059499491,0.0,3.0496996143755388e-05,0.08213983711818847,0.005854140298034534,0.0,0.0,0.0,0.004794911527185994,0.0,0.0,0.037425623398759385,0.0,0.0037311534430512824,0.00036584528307294936,0.0,0.0,0.03302748436471974,0.03129716197661077,0.0,0.0,0.0,0.0,0.10445148030261207,0.10407538744165368,0.10388015501685587,"[4, 24, 25, 26]",[40]
615,0.0007815514062484807,0.007327636596845774,0.010179328026570648,0.00012358662966474598,0.012062512223131882,0.0023283404691712916,0.0,0.0,0.08836209864799734,0.02085296424438185,0.0,0.0,0.0,0.0,0.0,0.0,0.21556968075553,0.011946474806215893,0.0396379883750498,0.025131109799700756,5.483287552650978e-05,0.0,0.053490229915715476,0.04956971519128078,0.019533531625090608,0.020179335802844957,0.02047187287337841,[16],"[4, 35, 41]"
616,0.0002798411832248232,0.008968801997135586,0.020733342729882503,0.0,0.011303333718824126,0.008437143114217576,0.0,0.0,0.08058626014192666,0.03976065485397381,0.0,0.0,0.0,0.0034742105073620804,0.0,0.023271545390431168,0.20378326527664245,0.00837321476939469,0.04517862697171991,0.015007770896726011,0.0,0.0,0.06985889281041201,0.06370718364284025,0.0,0.0,0.0,[16],"[35, 41]"
617,0.00013526435195137048,0.004000032063544594,0.0,0.04189645996738579,2.622566902279608e-05,0.0,0.0,0.0,0.0036206430039652337,0.0,0.010351959425962707,0.0,0.00013239290820170964,0.0,0.0003598499534554458,0.0,0.0,0.0,0.0,0.0021878569132059754,0.0,0.0,0.0,0.0,0.0066463494059431,0.006546124287821197,0.006501656154915095,[3],"[21, 35]"
618,1.7212679157244388e-06,0.0001210979910709593,0.02326602858342259,0.0009514607568368346,0.0,0.00048370618617741293,0.0011044225441991223,0.0,0.0,0.001747790742631326,0.003568535871944916,0.0,0.0,0.00016873794874681296,0.003333303754053688,0.02207218003854523,0.0,0.0,0.0,0.0,0.010216401815755033,0.0,0.03572331201719285,0.03197232485388559,0.0,0.0,0.0,"[22, 23]",[1]
619,0.0012865423128296883,0.003907981236996671,0.0,0.01756739746140069,0.007237380202046302,0.01926379095095806,0.05707938180716659,0.005258974405436128,0.006045396272477681,0.0,0.0,0.03091814494084577,0.0025457183985678443,0.0,0.0,0.0,0.01933116835141356,0.003118310981013632,0.0,0.0,0.0,0.0,0.0015176001005674747,0.0,0.0,0.0,0.0,[6],[-1]
620,4.710373013605761e-05,0.0019923067083206895,0.0,0.002933793563323524,0.029361093641465254,0.002490795113819729,0.0,0.0,0.0,0.006990313145921453,0.0,0.0,0.011482068806042824,0.0,0.0,0.0036673570781475613,0.0,0.0007117862187491655,0.017951347132838302,0.013072558365496917,0.03257116944762705,0.004023954066986881,0.0,0.0,0.036180206707717814,0.036137540516556474,0.03611120035437975,"[4, 20, 24, 25, 26]",[40]
621,8.050195371753205e-05,0.0026688072441805417,0.000429343012574256,0.0,0.07285622924771297,0.0,0.0,0.08555639609396389,0.0,0.04462661123056444,0.11890992958468335,0.011454174054638055,0.11613667970906519,0.01307967222110958,0.006308065543117989,0.007039610333931623,0.011193738626180625,0.0,0.0,0.0,0.007748782026414503,0.021180338238666992,0.026510824524177943,0.02558780316167473,0.0,0.0,0.0,"[7, 10, 12]",[-1]
622,0.0022551081881148115,0.03008166884203999,0.0,0.0,0.002780134279386616,0.01844703214031786,0.0,0.018824629045507257,0.023222169636402255,0.0,0.0,0.0,0.015670536060551268,0.0,0.02447766594505922,0.00019028561882311948,0.005199862744476244,0.0,0.00406174070796808,0.006268363242466061,0.0,0.0,0.0501273206300103,0.05920276952868951,0.05349179727624174,0.05349276533288894,0.05347244612127328,"[22, 23, 24, 25, 26]",[-1]
623,0.00012974455767118142,0.004547676648090178,0.0,0.0,0.06443825774702916,0.0,0.006753688180015493,0.01345883341435047,0.01870701372813261,0.0,0.0,0.05119736952542516,0.0,0.0,0.030041415868601287,0.010348975377569056,0.050812215302024774,0.02235270120354457,0.0,0.0,0.014673271391700556,0.002247064208747573,0.0,0.0,0.03699090146649477,0.03712575612958807,0.03719822524338483,"[4, 11, 16]","[11, 40]"
624,7.128079007670019e-06,7.336547825967027e-05,4.157979804657746e-06,0.0,0.005954910221667776,0.0,0.00044834136581088944,0.006857975603261305,0.0,0.0033570284382686082,0.011374888148638991,0.0016356529469724122,0.0,0.0005084726711459076,0.00037758157316677965,0.11738684283826055,0.00725027297235841,0.0,0.0,0.0,0.0036486320628601183,0.008851514914915018,0.004283142680963575,0.003984150676639519,0.0,0.0,0.0,[15],"[4, 16]"
625,2.4944174605361643e-05,0.0007712556398661451,0.003344163171359641,0.0,0.07162605004160118,0.0,0.0,0.0991403252490375,0.0,0.06406729367870229,0.16013616369499853,0.02269946918395195,0.07993065294599672,0.019196849913104753,0.0007860352429807871,0.0,0.036483907107620304,0.0,0.0,0.0,0.031378485427736365,0.0,0.060024274777494974,0.0576845577568317,0.0,0.0,0.0,[10],[40]
626,3.829316408367488e-05,0.0012593775542034508,0.0,0.0,0.019082769029101793,0.0,0.0,0.0,0.0,0.0,0.0,0.004954817867569737,0.0,0.0,0.003257559286482062,0.029770163709972115,0.007926872716306738,0.0036627020333500045,0.0,0.0026631283771075963,0.0,0.000699872804836487,0.006327945998013658,0.007379245335751689,0.0027186858678474577,0.0027736392349201684,0.00280117336669958,[15],[35]
627,5.529323184092649e-05,0.0022221702695422647,0.12707282917499826,0.0,0.0,0.0,0.0005662062640322954,0.00520914019562692,0.0,0.0,0.0014295883291466794,0.0,0.005260164121661955,0.0,0.007366790707969796,0.004267512177362766,0.0,0.0,0.0,0.0,0.0,0.0,0.013646471175988486,0.013057548297790022,0.0019304717012253575,0.0018527135932987534,0.0018193037565248811,[2],[1]
628,0.0036033888726143826,0.07426553717295865,0.0007685706911210882,0.0,0.0,0.0,0.003385299580992055,0.08028261440568013,0.0008465015802531943,0.0,0.0,0.1705422579388154,0.042244471746254245,0.0,0.0,0.0,0.0,0.04888801830192653,0.0,0.04031923452368012,0.0,0.0,0.017755471875017307,0.02454144806799069,0.0855103602814961,0.08631159599346641,0.08663981493900788,[11],[-1]
629,5.335114968847082e-08,4.4811820715972635e-06,7.636144234690208e-05,0.0,0.001998761614528379,0.0,0.0,0.003546375711945253,0.0,0.002828507040177648,0.006125532110864804,0.0010210336010994486,0.035768128431868586,0.0005300783117120977,0.0,0.0,0.0,0.0,0.0007941955795975376,0.0,0.0,0.0,0.002481385399521092,0.0024892705193104324,0.0,0.0,0.0,[12],[40]
630,7.5283042052478066e-06,9.35260168977727e-05,1.1228453703457973e-05,0.0,0.008729289377463373,0.0,0.00017307415869416835,0.0117060408374026,0.0,0.006646107895768765,0.01963240936997567,0.0031891173587076885,0.0,0.0014978545910301663,0.00018524908636173513,0.13601662528596956,0.013873498242998352,0.0,0.0,0.0014181677934662798,0.0,0.014661789784349994,0.0057979549550897175,0.0055694766167219125,0.0,0.0,0.0,[15],"[35, 40]"
631,0.0012125645022235151,0.00883071222536727,0.0,0.0,0.0,0.010109274590058887,0.0029676729205647978,0.0,0.0,0.020257490098747583,0.0010429416307299328,0.0,0.01662602932222586,0.0,0.0097715670800907,0.006844637968613081,0.03898606660540139,0.0,0.017530938290562334,0.0,0.03714484414836765,0.0,0.0,0.0,0.0,0.0,0.0,"[16, 20]","[15, 35]"
632,0.0014598966673798923,0.011594862444982824,0.0,0.0,0.0,0.0018660704615762506,0.00030792197596947864,0.033197286461208245,0.04523192713151885,0.0,0.0,0.0,0.0,0.0,0.02314832813377965,0.0,0.0,0.021816074329105577,0.0,0.013051828586771681,0.0035566297847168518,0.0,0.127504296781713,0.1296079309391932,0.06849444538696323,0.06837308337520788,0.06829526491534918,"[22, 23]",[20]
633,0.00017301732932017573,0.006042763907924187,0.0,0.0,0.055112120207663956,0.003169778734220074,0.0,0.0,0.030685538998463303,0.01084662632455405,0.0,0.0,0.02876067669137575,0.0,0.0,0.0,0.0,0.0,0.027207456510172832,0.01523603447459452,0.0,0.0,0.0,0.0,0.06481229249722192,0.06480752463275295,0.06479416477760813,"[4, 24, 25, 26]",[11]
634,0.0007450155415041992,0.008480857204646154,0.0,0.004239901345069479,0.0,0.0,0.0031163698815539712,0.007340804459253488,0.0,0.0,0.0,0.014214453701493837,0.0,0.0,0.0009940643706924219,0.0,0.0,0.0015510630534191884,0.0,0.0034290475517255487,0.003958987506244373,0.0,0.019219852426263163,0.02096751720670818,0.0,0.0,0.0,"[22, 23]",[-1]
635,7.1718173962957345e-06,7.405485158133264e-05,4.245856225536505e-06,0.0,0.006141212585014384,0.0,0.0004770043763886405,0.00710932126008853,0.0,0.0034982474587261086,0.011829236702143019,0.001692046596747225,0.0,0.0005239935741045558,0.00039214629741410236,0.1264333810024012,0.007644298404417196,0.0,0.0,0.0,0.004122907252560931,0.009316932285809904,0.0044854132130366636,0.0041670175246415414,0.0,0.0,0.0,[15],"[13, 35]"
636,7.3174981755160934e-06,7.698718032581187e-05,5.110106348666585e-06,0.0,0.007218154458572816,0.0,0.0005285532220221115,0.008738827162667205,0.0,0.00462987716516433,0.014919513706629818,0.002068517789395173,0.0,0.0007271906244728945,0.0004959095403184346,0.19322825485184128,0.010657378479150752,0.0,0.0,0.00015078821617774414,0.007056593591830821,0.012581891796495279,0.005082265797599866,0.004737175638795228,0.0,0.0,0.0,[15],"[4, 16]"
637,0.0002246206882517708,0.008273996824267476,0.0,0.0,0.10118650106725664,0.0,0.004444946121634205,0.004451443772585913,0.03458308394649204,0.0,0.0,0.06260020597537733,0.0,0.0,0.02458373288705354,0.009062788780312645,0.06372206193602992,0.028997989692790573,0.0,0.0,0.027439205828476046,0.0068885305363393405,0.011539562388409162,0.010337941427973937,0.04161749952512725,0.041968713164634734,0.04214318266056512,[4],[40]
638,4.574721070918841e-05,0.0015845343883920096,0.0004553742941352109,0.0,0.07558272109654544,0.0,0.0,0.10038708388931797,0.0,0.06716543614915718,0.16437538032438787,0.024491221302412207,0.0,0.021364912994710654,0.0,0.038274025120088775,0.04457669273377811,0.0,0.0,0.006798379103174138,0.0,0.05979724077399513,0.025983950089158048,0.027767983524066862,0.0,0.0,0.0,[10],"[35, 40]"
639,2.2512662122572665e-06,0.0001592199120399618,0.027515643833874098,0.0009655975472538576,0.0006587772482134871,0.00010056555721984505,0.001314875247276743,0.0007943844474544037,0.0,0.0028708822716621684,0.005760036547993404,0.0,0.0,0.0002964396557773979,0.003220471356971537,0.014859501416302594,0.0,0.0,0.0,0.0,0.027170482060802203,0.0,0.04326615523614138,0.038315195749940384,0.0,0.0,0.0,"[22, 23]",[1]
640,3.520550088367857e-05,0.0014894241062394496,0.0,0.004795699280222417,0.016710924055429063,0.0,0.0,0.0,0.004608379513795813,0.005366065604789264,0.0,0.0,0.005710138835280835,0.0,0.0,0.0,0.0,0.003694361792282783,0.008448748981780326,0.005638590104326164,0.01467815710042693,0.0,0.0,0.0,0.010736246985828146,0.010960623170472894,0.011060138917216685,"[4, 20]",[-1]
641,2.5022092793250614e-06,0.00012735775673113523,0.00035502446771321886,0.0,0.023574121789642667,0.0,0.0,0.0403330129121598,0.0,0.02938546861668478,0.06557546588365909,0.009594154640849516,0.11606241138646836,0.007875576277619556,0.0,0.0,0.0,0.0,0.0,0.0,0.03141656888418876,0.0,0.010215931691984688,0.010479175215578078,0.0,0.0,0.0,[12],[40]
642,6.2256496064062e-05,0.002917874111209331,0.13673306922892314,0.0,0.0001827421268825341,0.0,0.0,0.0,0.004609290893994605,0.0,0.0,0.011133622885748318,0.022023793358911165,0.0,0.0,0.0,0.006762923880966135,0.005538925955085196,0.0008112946020033658,0.00716394479657639,0.0,0.06172238392555277,0.0,0.0,0.006522427973517131,0.006608673987460878,0.006643273960417472,[2],[1]
643,7.2724744037859e-05,0.002879635185064957,0.15202752949821421,0.0,0.0,0.0004509842902199144,0.0,0.001767673663351176,0.002350102215959061,0.0,0.0007765533138890556,0.0,0.0,0.0,0.00737180551309783,0.005894783186902144,0.0009421548296750413,0.0,0.0,0.0010429378468686142,0.04863933401043954,0.04762189876207879,0.0,0.0,0.001100337366547781,0.0009478998068113495,0.0008827210165214904,[2],[1]
644,8.326055747034863e-06,0.000127122438275377,2.0112550771398944e-05,0.0,0.013802908441957182,0.0,0.0,0.016818029120809125,0.0,0.010966363441991731,0.02960716256484168,0.0026325199982967077,0.0,0.002466325701927707,0.0012065150519347512,0.21041680792628864,0.016497472489900803,0.0,0.0,0.003201226852292589,0.003555137649294542,0.019793589835973516,0.005476383343015088,0.005323883912511447,0.0,0.0,0.0,[15],"[4, 16]"
645,8.368280310240785e-05,0.0021969181952551276,0.0,0.0,0.0,0.0033276867948235376,0.0,0.008404818944562494,0.008169146459883007,0.0,0.0,0.0,0.0,0.0,0.011672454648139697,0.0,0.00044420582711259004,0.00020109006324150184,0.0010823604467157732,0.0017241443614212195,0.0,0.000618104730530771,0.042299399802788046,0.04272228836415172,0.01475872280526662,0.014649582009873253,0.014596456077119868,"[22, 23]",[20]
646,4.004297763916768e-05,0.0012780909572954692,6.981726463643587e-05,0.0,0.039715787929756094,0.0,0.002765078008566235,0.06395880719071095,0.22056087695315296,0.024257483178039933,0.055544209465243154,0.0038335830142890285,0.015606151959064316,0.012038321279424575,0.0,0.0,0.0,0.0,0.0,0.0,0.0043726693998142555,0.0,0.0,0.0,0.0,0.0,0.0,[8],"[35, 40]"
647,0.0017760217918492232,0.02373287350836021,0.0,0.016039625380664956,0.06807241082530748,0.0,0.015770488425483738,0.02927060402672711,0.0,0.0,0.0,0.1411687534877577,0.0,0.0,0.012121662806567042,0.020725721689012443,0.0704582676933443,0.03802366760985292,0.0,0.0,0.02096337451515866,0.0,0.0,0.0,0.0031035132223965105,0.0037887436376258044,0.004107489893190504,[11],"[35, 40]"
648,1.9514448867018655e-06,9.7080679671216e-05,0.0,0.0,0.00451795431701831,0.0,0.0002890249684055479,1.9343742038148267e-05,0.0,0.0,0.0,0.0016707063404160255,0.0,0.0,0.002524768555592459,0.007040750020026852,0.006291489649147774,0.0016403152962806132,0.0,0.0,0.0037689359922410594,0.0005426600748579309,0.002299287901336753,0.0020582527525272133,0.0021459709367702205,0.0021559504733271364,0.002161925421957971,"[15, 16]","[15, 40]"
649,8.719224363596985e-06,5.8845714304280516e-05,0.0001332026219201787,0.0,0.003232222734699741,0.0,0.0,0.0027235789493053305,0.0,0.000994810187127259,0.0034006104190191476,0.00039945430955166906,0.02030012130623203,0.0,0.0008189396744015455,0.009939616304542771,0.0028380329380693907,0.0003727304937524046,0.0,0.0,0.0006400087725762656,0.0,0.007986062598664174,0.007627989083178772,0.0,0.0,0.0,[12],"[23, 40]"
650,0.00011478094101954836,0.004468546390631874,0.10006370924143428,0.0005161199380753521,0.0007826161628962794,0.0,0.0,0.0,0.06943606872329995,0.0,0.0,0.02514167908628807,0.028905290206856938,0.0,0.0,0.0,0.15148204945586172,0.013031496308494131,0.0105813027684431,0.02516618348514266,0.03366717492693782,0.16035010206676079,0.0,0.0,0.03985333062709672,0.04016867422404326,0.04029979494753765,"[16, 21]","[1, 42]"
651,5.636685963159458e-05,0.0021713548084044245,0.0,0.0,0.02880279909024807,0.0008557180415809241,0.0,0.0,0.0,0.0,0.0,0.003502944010118037,0.0,0.0,0.0,0.03151383113663206,0.0,0.006511445824420675,0.0036625962758971187,0.004496447747598648,0.0,0.0022284290247045393,0.0068199960777735255,0.009117562787815375,0.012844378421123622,0.012996304970827408,0.013065899263267585,"[4, 15]",[35]
652,1.0996628564309337e-05,0.00028192073718861333,0.0001119847320672581,0.0,0.02669598189436115,0.0,4.535589398214466e-05,0.0346032181271837,0.013312826179482583,0.01946956230977908,0.05100323377279576,0.006831781934564376,0.0,0.006461120194808046,0.0,0.05653949295634964,0.003732969614398991,0.0,0.0,0.0,0.0,0.016252977008112054,0.0,0.0,0.0,0.0,0.0,"[10, 15]",[40]
653,0.0013885433282475818,0.0056875186600643494,0.0,0.0,0.046205821901980686,0.0,0.0,0.0,0.022352052602122877,0.0,0.0,0.0,0.0,0.0,0.014486216794333956,0.025134784200795415,0.024095652362316568,0.01808294752699523,0.0,0.0025624081835890857,0.030560151066656886,0.002399522003939612,0.033479986426878106,0.03497648402505545,0.0282870348339923,0.028378970921120343,0.028417638406827775,"[4, 22, 23]","[15, 40]"
654,0.0025406787898036233,0.0009579701851669039,0.0,0.0,0.001962714824753619,0.13857303139145,0.0,0.0,0.009337590906472647,0.0,0.0024738464428046857,0.034064619342085406,0.0,0.0386059392363685,0.0,0.005759275922639293,0.0,0.0,0.0,0.0,0.0,0.021117264658109963,0.013989623626141293,0.009280541023326217,0.0,0.0,0.0,[5],[20]
655,1.0915083794536578e-10,1.2169201220123092e-08,8.508215449403129e-08,0.0,1.5775214669066205e-05,0.0,0.0,2.1214421290563687e-05,0.0,1.5142414145424799e-05,3.825943168075567e-05,5.807879981329748e-06,0.0007604197065471596,0.0,6.954644776779884e-06,0.0007035181394710493,3.1822925491656986e-05,0.0,3.602573471048492e-05,1.4829030182651476e-05,0.0010492424911611735,0.0,4.944077124743617e-05,4.8051636341334495e-05,7.855873456143651e-05,7.949221260846466e-05,7.995164079822897e-05,"[12, 20]","[24, 25, 40]"
656,1.6198422952655186e-08,1.1920656605246805e-06,1.8771398983729453e-06,0.0,0.00035124062387144556,0.0,0.0,0.00030627825386842357,0.0,0.00012974754960222803,0.0004508172290892045,6.361740622426385e-05,0.0038861320791072876,0.0,0.00017466944373368835,0.0036231394227004585,0.0005537960273194417,0.0,0.0,9.943904215115679e-05,0.0061134383243495885,0.0,0.00048365328102857515,0.00045011057050900726,0.00027955880074075605,0.0002831369828227079,0.0002850592030364615,[20],"[10, 15, 40]"
657,0.00020026957537212924,0.00739188628448819,0.0,0.0,0.1043356828481385,0.005146090965654623,0.0,0.0,0.0032780489444063873,0.0,0.0,0.0,0.01144127738321865,0.0,0.0,0.0,0.0,0.013013896576160769,0.033606031263439376,0.03590959075146306,0.0,0.0,0.0,0.0,0.12838838191006238,0.1284105137169056,0.12839235840902774,"[4, 24, 25, 26]",[40]
658,0.012593306965703625,0.002331738082258214,0.0,0.0,0.006352845418638868,0.2072754256698955,0.0,0.0,0.006972431787337087,0.0,0.0,0.0640174931257308,0.0,0.03185020298015062,0.0,0.0,0.0,0.0,0.0,0.0,0.07379338543705645,0.018903344588605188,0.0020545867144319734,0.0,0.0,0.0,0.0,[5],"[20, 35]"
659,6.995484928639619e-05,0.0025886173629638466,0.00048473161191495536,0.0,0.08776873623502662,0.0,0.0,0.10291297362411514,0.0,0.06686173500914255,0.16561003641861505,0.026889693924073164,0.0,0.022962957585200207,0.0,0.0,0.02198317847349363,0.0,0.0,0.0,0.0,0.04750500608176164,0.022152235776433826,0.024108399244304093,0.0,0.0,0.0,[10],[40]
660,1.3236456213459891e-05,0.0003921643126534003,0.0006933078637812043,0.0,0.06573845384182897,0.0,0.0,0.1068669680797465,0.0,0.07818302527756595,0.17874007797794836,0.025151254584497337,0.07625324607316127,0.02177546418699303,0.0,0.0,0.03712358929665961,0.0,0.0,0.00692080085188721,0.0354466092949755,0.03428752729927478,0.037093522032934534,0.03806036851355948,0.0,0.0,0.0,[10],"[35, 40]"
661,2.5667371224856925e-05,0.0013124828385941126,0.09920430349932376,0.0014501191992475552,0.0,0.0,0.0,0.0023855525780527046,0.009267592757523261,0.0,0.0,0.004375145992515853,0.0,0.0,0.0,0.03235621197843284,0.006703687467626769,0.0010544344045210071,0.0,0.007364419645543031,0.0,0.06358336604268097,0.0,0.0,0.006558237365822709,0.006552123963389433,0.006547938749874077,[2],[1]
662,4.827856443844327e-06,0.00027458774037389215,0.018467088337430458,0.0,0.0,0.0,0.0,0.0007310315211845575,0.0128682312569284,0.0,0.0,0.001987230274473493,0.016952344564325476,0.0,0.0,0.0,0.0313414750558621,0.0012849943238542303,0.001792598201432597,0.0040865668841536164,0.03708727732247003,0.06753252918727363,0.0,0.0,0.009559614916518631,0.009540078941690682,0.009529395208654506,[21],[40]
663,0.0005158978647943424,0.007369344023513452,0.0013404788204068574,0.0,0.00844992628714158,0.0,0.0,0.018716931387072356,0.0,0.01970773415830679,0.03826473449693678,0.0,0.0,0.00477241004052495,0.008266361891834889,0.06729385912370466,0.03348116704683746,0.0,0.0,0.0,0.060774092821477846,0.0,0.0,0.0,0.0,0.0,0.0,"[15, 20]","[8, 35]"
664,2.13159463745736e-05,0.0006334906530330981,0.0,0.0,0.024720630347986303,0.0,0.0,0.002341131143321044,0.0,0.0,0.0,0.008414565051523796,0.0,0.0,0.014048933147635018,0.03597039122041422,0.022901140380870953,0.0057961683392914005,0.0,0.0,0.0,0.0,0.005709784301957156,0.005770105460191235,0.007570483009156303,0.007584313090010421,0.007596647214020918,[15],[35]
665,9.811670384916555e-06,0.00022683663374685147,0.0031690054405774104,0.0,0.0321344110700745,0.0,0.0,0.05208928456216354,0.0,0.039695310992437935,0.09044047869222618,0.012572387239140281,0.2664447825646394,0.008557357153722776,0.0,0.03526306869658588,0.0,0.0,0.0,0.0006410463938080455,0.0,0.0,0.0492702866018622,0.047043453153963063,0.0,0.0,0.0,[12],[40]
666,7.871193347107628e-06,0.00011395994121209081,0.00017801297303003465,0.0,0.012730393653276826,0.0,0.00014618109643509486,0.019686521072030262,0.0,0.012909888454583669,0.031180259398147003,0.004366780911248784,0.0436082135892758,0.003001623325777767,0.0,0.05800328557771323,0.0,0.0,0.0,0.0,0.0,0.0,0.005842349834458478,0.005224009660726192,0.0,0.0,0.0,"[12, 15]","[35, 40]"
667,4.074842026540454e-05,0.0013162283515172468,0.00012403307600376866,0.0,0.04379490387908504,0.0,0.0021909369883663316,0.06725923630131511,0.20940757942318575,0.02855097359758616,0.06487908546066949,0.003523124498736442,0.0,0.01332385362057953,0.0,0.0,0.0,0.0,0.0,0.0,0.0,0.0,0.0,0.0,0.0,0.0,0.0,[8],[40]
668,5.594102077166308e-06,0.000293902681899542,0.00039275664612082055,0.0,0.036961825753253096,0.0,0.0,0.05735887018839711,0.0,0.0415615270587542,0.09506003918325151,0.014200289131935773,0.12387072202080963,0.011681136823992267,0.0,0.0,0.013623423841535712,0.0,0.0,0.0012440326892989178,0.021912022167719567,0.00868142216774868,0.02199747333196811,0.02307027399983552,0.0,0.0,0.0,"[10, 12]","[15, 18, 40]"
669,0.0011884548381329617,0.02488225720809495,0.0,0.0,0.003615765476310446,0.016975083333096358,0.013248924279305923,0.0,0.0038138943679523374,0.09759764216386388,0.01759298375776014,0.0,0.018161011116789447,0.006536370275834241,0.0,0.0,0.05545652595341192,0.0,0.07083849230323505,0.0,0.014919980645623466,0.0,0.0,0.0,0.0,0.0,0.0,"[9, 18]","[7, 37]"
670,3.82301861533187e-05,0.0011775670015122478,4.595747724991761e-05,0.0,0.032190019758745775,0.0,0.0030704731867493115,0.05259554013273618,0.21002113996767688,0.01715105949942497,0.039576661342195125,0.0013246191908134932,0.0,0.009571339584134074,0.0,0.0,0.0,0.0,0.0,0.0,0.0,0.0,0.0,0.0,0.0,0.0,0.0,[8],[40]
671,0.00019749121040097997,0.0067460581588954785,0.006571491695940562,0.0,0.002751415182141022,0.005479826590271835,0.0,0.0,0.07906282396466312,0.02643382460487231,0.0,0.0,0.0,0.0029333710838313188,0.0,0.006587504009529234,0.1955728857645435,0.008190475851008787,0.04485104602603044,0.016438492195197097,0.0,0.0,0.055467604519194524,0.05226440538826894,0.011181344924763179,0.011814381959808079,0.01210036174623028,[16],[35]
672,0.00355916027268356,0.012758459109521827,0.0,0.0,0.0,0.004607234037969357,0.0,0.05677317562443721,0.06489979131160442,0.0,0.0,0.0,0.0,0.0,0.06024251868876043,0.0,0.03246907018094806,0.0,0.0,0.0030287806795699836,0.0,0.0,0.16167640082793208,0.16649601404002035,0.05306717004721044,0.05279333759622099,0.0526505601014065,"[22, 23]",[35]
673,0.0007337275308244959,0.0098221126783734,0.00020587169665595227,0.0,0.0,0.011452933014524522,0.003555016494544112,0.02773611662397952,0.0,0.0,0.0,0.0,0.005161303727976048,0.0,0.042395961579188485,0.030637050912642544,0.0,0.0,0.008045452384713138,0.0,0.0,0.012412700764164506,0.0,0.0,0.007036928717609587,0.006515039260157504,0.006293432049746396,"[14, 15]",[39]
674,9.062166481708415e-05,0.0011121457344326737,0.0,0.0,0.0003060119366193099,0.006395718734089042,0.18634584541684618,0.004710462344049761,0.0017812907689438073,0.0,0.0,0.013421375056591767,0.0,0.0,0.0,0.0003083311820810846,0.0,0.0,0.0,0.007633263037713917,0.0008692914378717436,0.0007647626963549608,0.0047390282129231,0.005072181031593577,0.0,0.0,0.0,[6],[-1]
675,3.74537418594348e-05,0.0011442723402810707,8.863912421813475e-05,0.0,0.02796403210669644,0.0,0.0030536638267920878,0.0466205378804408,0.20447093529946705,0.014540786410651573,0.03211929954006277,0.0005340784860787014,0.01915335240767875,0.008361046865232735,0.0,0.0,0.0,0.0,0.0,0.0,0.012336231242448021,0.0,0.0,0.0,0.0,0.0,0.0,[8],[40]
676,5.069553872892562e-05,0.0015752700584763875,0.00018039274375621168,0.0,0.05424331392364763,0.0,0.0,0.07823216156233144,0.0,0.04920634485492565,0.12518375923080177,0.015909662584871767,0.0,0.014802924650079744,0.0006757116350739047,0.08044837959795083,0.04660434827879916,0.0,0.0,0.005480012251927106,0.0,0.04427245159050312,0.01664183041850263,0.017056649736152753,0.0,0.0,0.0,[10],[40]
677,1.5037995615159063e-06,7.988133927661932e-05,0.00019573357474045596,0.0,0.011481993108764126,0.0,0.0,0.01935011156912307,0.0008987507550695367,0.012709821618124147,0.02915307234250393,0.004303159512930983,0.07213493984683297,0.003544236525619238,0.0,0.0,0.0,0.0,0.0,0.0,0.039433491297671854,0.0,0.0037418396060144815,0.0034387040505399237,0.0,0.0,0.0,[12],"[15, 40]"
678,3.3031180037459547e-08,2.4866104415274768e-06,7.993430021870312e-06,0.0,0.0013669823440419905,0.0,0.0,0.002726210916053407,0.0,0.0023909637037641193,0.004862551645782393,0.0007306739110397176,0.009409761609466516,0.0005683674898229579,0.0,0.0,0.0010707091193094406,0.0,0.0,0.0006798217745697636,0.18961608614688344,0.0008667328920278862,0.0,6.567869489611148e-05,0.0,0.0,0.0,[20],"[13, 35]"
679,1.9192414060404365e-07,6.391766508279788e-06,8.076973045739676e-06,0.0,0.0004706243985585618,0.0,0.0,0.0010355366876887066,0.0,0.0011992650366852316,0.0020916699305497588,0.00011704279195648907,0.009783610553043652,0.0001826905439692253,0.00021282453797366957,0.0,0.0024940732539994073,0.0,3.5900617063975366e-06,0.00046559368712060156,0.26540716178381446,0.0,0.00019986157558727697,0.0003120235193891963,0.0006042352893912367,0.000603424796951058,0.0006036424844282762,[20],[-1]
680,2.75640570977676e-06,0.00014138853735692222,0.0004157361342578482,0.0,0.02671166913100366,0.0,0.0,0.04576415716194544,0.0,0.03346313252864898,0.0749415313438646,0.01068331804626607,0.057459616587862264,0.009755030715396521,0.0,0.0,0.00502065065978767,0.0,0.0,0.0,0.034916726127174155,0.002990684808255383,0.01385746776441517,0.01389852578821505,0.0,0.0,0.0,"[10, 12]",[40]
681,0.0004910904919685845,0.008156063052556988,0.0,0.0,0.10640166091285623,0.006372400684551556,0.0,0.0,0.0,0.0,0.0,0.0,0.026741765064873364,0.0,0.0,0.0,0.0,0.00894676884322298,0.04011767987373404,0.04015009510571659,0.03220145308051035,0.0,0.0,0.0,0.13036249161323926,0.13010229604056192,0.12995964989020933,"[4, 24, 25, 26]",[40]
682,4.326642830557682e-05,0.0011771292096466744,5.24328250810779e-05,0.0,0.02125049821657617,0.0,0.0012643205025110397,0.02026882567459948,0.013694950945580089,7.07251758472021e-05,0.015375623466886213,0.0018622149477499086,0.0,0.0007448601455965616,0.005573838115800128,0.05078671121766743,0.007898991349464457,0.0,0.0,0.0,0.0,0.0064386772960664295,0.006844034350684422,0.006266168993952667,0.0,0.0,0.0,[15],[40]
683,2.8115447111501524e-05,0.0009781081509490975,0.0,0.0028182322875826174,0.02631531772309644,0.0,0.0005947380858179054,0.004828147256096448,0.0,0.0,0.0,0.012177996440583282,0.0,0.0,0.015596779946526048,0.03829714467777297,0.03468237700420013,0.006909180015203547,0.0,0.0,0.0,0.003175655103697773,0.013829642480447876,0.013260524517931234,0.0007283579005385912,0.0007547451918737592,0.0007774196882175923,"[15, 16]",[35]
684,8.26774820228346e-09,5.454068121612707e-07,2.26938795619228e-06,0.0,0.00019628849826486055,0.0,0.0,0.0004368929259390511,0.0,0.0004330464125166414,0.0008281783692067293,0.00011558659987936416,0.0052066083825835895,5.868126535043965e-05,1.068987743806931e-05,0.0,0.0006842355456549794,0.0,8.646544686441184e-05,0.0002644711001124379,0.15453565376299852,0.0,6.508962796610083e-06,7.55776349253193e-05,0.00043260117222868543,0.0004347226703340074,0.0004360070578000098,[20],[33]
685,0.0009875752260815893,0.0009140240947194926,0.0,0.0,0.0,0.011225655421633778,0.22447788006058533,0.0012433161674700363,0.0,0.0,0.00014345279470086183,0.005714553980157612,0.0,0.0,0.0,0.0017845206309253091,0.0,0.0,0.0,0.006524643423689983,0.011384529813457635,0.01132273236246308,0.010102470962557654,0.008691229510862866,0.0,0.0,0.0,[6],"[12, 27]"
686,9.277318372471903e-06,4.529588944375072e-05,0.0,0.000237057284843896,0.0014181380830433493,0.003959113189208749,0.12114314002678186,0.0,0.002618475694382129,0.0,2.125400778826715e-05,0.0,0.0,0.0,0.0,0.0006049819961236675,0.0,0.0,0.0,0.0002923887205577782,0.0,0.008517451380358707,0.00925396220986237,0.00942693220771757,0.0,0.0,0.0,[6],[27]
687,0.0015170036252397645,0.0,0.0,0.0003899945451532558,0.0007505331625014951,0.010884616242357564,0.24224609650006756,0.0005186805948609928,0.0,0.0,0.00038226751703929846,0.002073316827599151,0.0,0.0,0.0,0.0,0.0,0.0,0.0,0.0033389607559819083,0.0,0.009049691547918706,0.01125678328828636,0.013709864659008085,0.0,0.0,0.0,[6],[27]
688,0.004606908602349828,0.0008858608962669181,0.0,0.004593083446678337,0.0,0.032718719915175394,0.0,0.0034004938329591197,0.0,0.0,0.005388776162513714,0.0,0.0,0.0,0.0020506397767172104,0.0,0.0,0.015607894413393523,0.0,0.01099431550497841,0.007788230803612382,0.0,0.0030939827484738856,0.003055726277686976,0.0,0.0,0.0,[5],[35]
689,1.1422002791957336e-05,0.0004235634732170294,0.00011358249894789382,0.0,0.010142032718485365,0.0,0.0006362764670700861,0.013559488351406041,0.0,0.001038807043187205,0.015025206876585463,0.01043371425164249,0.08660225750470867,0.0011086091113293932,0.0,0.0,0.0044788403706458885,0.0,0.0,0.0,0.0013977348296588354,0.0,0.006277143577171358,0.005934839023667176,0.0,0.0,0.0,[12],[40]
690,3.937514728231826e-05,0.0012438080507151876,0.0007136830701958867,0.0,0.045786987157153576,0.0,0.0019699113661119177,0.07309347976834904,0.16877549969982825,0.035395289679523545,0.07919048494917487,0.0052625051522846664,0.1578425536228199,0.01302020613122271,0.0,0.0,0.0,0.0,0.0,0.0,0.04447895309692318,0.0,0.0,0.0,0.0,0.0,0.0,"[8, 12]",[40]
691,9.034495492254857e-07,5.223277026442216e-05,0.0003450318661162274,0.0,0.010901183229413672,0.0,0.0,0.018410524187385355,0.0,0.014500916447445293,0.03199462845548123,0.0049389453702707265,0.16948604717020818,0.0027034631308461327,0.0,0.011248573244495746,0.0,0.0,0.0029622076739972162,0.0,0.0,0.0,0.01708190597445796,0.016673735068567355,0.0,0.0,0.0,[12],"[15, 35, 40]"
692,1.9327096528539136e-05,0.0005270644759198473,6.143670917457636e-05,0.0,0.02552012338593849,0.0,0.00016845015317705822,0.03575469085048336,0.0,0.015051850325211313,0.0526781389023119,0.016111406726009744,0.0,0.00548606449571746,0.0,0.17058768285633227,0.03538277291067902,0.0,0.0,0.003380460077110703,0.0,0.04042393187896483,0.012797744600959999,0.012755964534123835,0.0,0.0,0.0,[15],"[35, 40]"
693,4.810216095590497e-05,0.00157485983685107,0.0004064518961030535,0.0,0.05999203830858428,0.0,0.0,0.08125329099937653,0.0,0.041862201862175284,0.11312546810852754,0.018402363690754594,0.0,0.0146875280654333,0.0019371852203627458,0.0,0.023742814133951896,0.0,0.0,0.0,0.0,0.020346620755624698,0.02913378172814093,0.029503377876622883,0.0,0.0,0.0,"[7, 10]","[15, 40]"
694,3.631678672478769e-05,0.0010895584437670602,2.95434933601562e-05,0.0,0.022457674909014652,0.0,0.0013992322043725053,0.03433223501058819,0.08584264559876462,0.010916356758234748,0.029567914682961695,0.0018613955985537205,0.012064172916652198,0.005200545346027431,0.0,0.0,0.0,0.0,0.0,0.0,0.0,0.0,0.0,0.0,0.0,0.0,0.0,[8],[40]
695,7.088914236329399e-06,7.311120725389017e-05,4.354403810546177e-06,0.0,0.005942924744791899,0.0,0.00035836094260313444,0.006849107458006551,0.0,0.0034455997533312725,0.011399384632758157,0.0015838482624102603,0.0,0.0005631611660983149,0.0004081914569568069,0.10277342143182733,0.007160340227165349,0.0,0.0,0.00012273292862982068,0.001732463341998003,0.008708681773266566,0.004001196245583169,0.0037506610959100956,0.0,0.0,0.0,[15],[35]
696,7.037496990529535e-06,7.190457686370835e-05,3.918302096098924e-06,0.0,0.005492696693874152,0.0,0.0003653334816088208,0.006200718430805165,0.0,0.0029647225136740112,0.010158247559817103,0.0014832811565387214,0.0,0.0004664642939578376,0.0003422500161759918,0.08327661824756896,0.006168106451314119,0.0,0.0,0.0,0.0008330667529092662,0.007564603967921087,0.0038631119749891873,0.0036117774798185612,0.0,0.0,0.0,[15],[35]
697,2.8759707742630764e-05,0.0005692822675742222,0.00017348621481493462,0.0,0.002092103879991798,1.5779462037410474e-05,0.0,0.003886892349856412,0.0,0.008270963198555742,0.01057839664119755,0.0,0.007695831278702726,0.001388410429458775,0.004019221520156239,0.0,0.0209635966615436,0.0,0.0,0.0,0.16032446483317545,0.0029802889990475623,0.004079397121731851,0.003932962054670712,0.0,0.0,0.0,[20],"[33, 34]"
698,8.378648841000087e-06,0.00030129535760011833,0.0,0.0,0.009709047098499568,0.0,0.0,0.002230941740661297,0.0,0.0,0.0,0.0011495643495754019,0.0,0.0,0.003952217694261667,0.00864404592088835,0.008015246032469071,0.00017998307308405748,0.0,0.001262992293793694,0.0,0.0005277210689572988,0.004885352911380781,0.005151236645078372,0.0,0.0,0.0,"[4, 15, 16]",[44]
699,1.4115658484194422e-08,9.646073557822527e-07,4.144128920010037e-06,0.0,0.00035775238733002057,0.0,0.0,0.0007844645010086223,0.0,0.0007516806540826421,0.0014656156683086783,0.00021171403018671971,0.008422469499220863,0.00011138251938715862,0.0,0.0,0.0010033011664511,0.0,0.00013077923476552175,0.0004319946484587891,0.2199120293184691,0.0,8.378451310124313e-05,0.0001896638276163212,0.0005739484772378739,0.0005772102990326118,0.000579176108915365,[20],"[0, 33]"
700,0.0001694858373939481,0.005113524841304829,0.0,0.0,0.072760758746131,0.0,0.0006408909777596628,0.0,0.007087593895708009,0.0,0.0,0.02623127264082552,0.0,0.0,0.02455813735611158,0.06084826667484488,0.03116289246649521,0.01859579478017741,0.0,0.0,0.0,0.0,0.0,0.0008576438044912213,0.041797538707801146,0.041991086335407546,0.04208749426266977,"[4, 15]","[35, 40]"
701,1.5797613503301778e-05,0.0005359727460864082,0.0001398343330835429,0.0,0.03441436705431566,0.0,0.00036403756424794123,0.02643473343570736,0.0,0.00698351674251883,0.034944359854111366,0.0071551098212556405,0.02133501639445355,0.003322192335353692,0.003637747869467988,0.057139867537339295,0.018304769688229756,0.0,0.0,0.0,0.0,0.012405991698436269,0.012361381213026441,0.011924861654882634,0.0,0.0,0.0,[15],[40]
702,7.139380674490658e-06,7.414210878413095e-05,4.714401320516276e-06,0.0,0.006370106069465572,0.0,0.0003936349261859284,0.007557129993800712,0.0,0.003931272532700633,0.012736743127077435,0.0018000776138848338,0.0,0.000650361872859613,0.00042024341230429405,0.137396813003995,0.008679056502353632,0.0,0.0,0.0002624934028793019,0.002968528497219546,0.010269371584529298,0.004301322313937089,0.0040343264327376725,0.0,0.0,0.0,[15],"[16, 35]"
703,5.550882723241632e-05,0.0019343041116198665,0.00013791294587614305,0.0,0.033017765670180436,0.0,0.0014842885658229764,0.0312366236735033,0.0630315874409668,0.0,0.018151834914692282,0.011811594654115264,0.010129302535279862,0.0030506834522979554,0.0006006789469710598,0.0,0.0,0.0,0.0,0.0,0.006479202362320725,0.0,0.0,0.0,0.0,0.0,0.0,[8],[40]
704,3.4866931471491276e-05,0.0010247258243121647,0.0,0.0,0.014248599869097819,0.0,0.0002283801876229061,0.020017180753316842,0.022745833091760183,0.005708741645851255,0.018059758548203443,0.0010756803802095536,0.0,0.002451576909418675,0.0022560612652672628,0.0,0.0,0.0,0.0,0.0,0.00278043467992251,0.001967332337660987,0.0,0.0,0.0,0.0,0.0,"[7, 8, 10]",[40]
705,2.6055810530802635e-05,0.0008816596192314793,0.0,0.0,0.012848546193628201,0.0,0.00034332059317516685,0.0,0.0,0.0,0.0,0.0005860054854744814,0.0,0.0,0.0019469285826626543,0.015751358932509164,0.014149482991983518,0.0008316045628900806,0.0,0.0,0.0,0.0018675771995578226,0.007429106785853826,0.007459621121696779,0.0,0.0,0.0,"[4, 15, 16]",[44]
706,7.209768547656398e-06,8.415123967270764e-05,1.3318923798651864e-05,0.0,0.007416397307171888,0.0,1.4145912230798827e-05,0.0092347650608597,0.0,0.0054189276791353005,0.015435718295738105,0.0022540766185256875,0.0,0.001296659742346245,0.00016560397835194913,0.04410795396498055,0.007848343852085767,0.0,0.0,0.00098187321650272,0.0,0.009552822817179627,0.0043514474955631535,0.0043172596219748114,0.0,0.0,0.0,[15],[-1]
707,9.326904809244049e-07,4.318110843185253e-05,8.22814285160743e-05,0.0,0.004554230539678232,0.0,0.0,0.008240258906947037,0.0,0.006485925205085322,0.014003667721434573,0.001707213210777389,0.030938750779091966,0.0015106977732179242,0.0,0.0,0.00422072778678492,0.0,0.0,0.0010803395064730387,0.27945206746624224,0.0,0.003163945904292173,0.0033256876315996536,0.0,0.0,0.0,[20],"[21, 33]"
708,4.060014618480423e-05,0.0012519037482135844,0.0,0.0,0.022156014408465225,0.0032967550078523795,0.0,0.0,0.0,0.0007652556181353636,0.0,0.0,0.010601462666305735,0.0,0.007119121342453234,0.007926601489899814,0.0,0.0,0.010297926426270133,0.009070333037808116,0.008254239592038035,0.0,0.0,0.0,0.035875156121677895,0.03564289845428964,0.03553004793176939,"[24, 25, 26]","[17, 40]"
709,0.0001192094894069453,0.004190447330810952,0.0,0.0,0.028206994243610128,0.0022705109181198084,0.0004568480004309544,0.0,0.04153005286325074,0.0033174564099318605,0.0,0.0,0.0,0.0003670563258048789,0.0,0.005003720941042145,0.0,0.0,0.013891083180203032,0.0,0.0,0.0,0.0,0.0,0.010449613215096567,0.010442173666900744,0.010440278290844101,[8],[40]
710,6.000115918237287e-09,4.374894308356061e-07,1.996937798737519e-06,0.0,0.00019857998647584857,0.0,0.0,0.00043200540899812016,0.0,0.0004005035551290556,0.0007959351217082084,0.0001253593907937307,0.0035453754014052262,7.145612411267203e-05,0.0,0.0,0.00033893313038894,0.0,4.956253370842917e-05,0.0002121224509591505,0.07061096217321296,0.0,3.9591136159323204e-05,9.054960717609719e-05,0.00011872224901507271,0.00011990393952385591,0.00012061168471756047,[20],[33]
711,2.861400205667289e-05,6.288858748039362e-05,0.0,0.0002583278101692061,0.00043395413873018886,0.0074328757499494726,0.17700385311234967,2.1281588311183422e-05,0.0021071651681828316,0.0,0.00018702158453428114,0.0009018639297432258,0.0012513467380709732,0.0,0.0,0.0,0.0,0.0,0.0,0.0027312367420954924,0.0,0.008595944815369128,0.009141965729869937,0.009495939407444462,0.0,0.0,0.0,[6],[27]
712,2.3013535457061806e-05,0.0007618382995104577,0.0005110757265520408,0.0,0.08288655314742154,0.0,0.0,0.12582985073789119,0.0,0.08159121839557525,0.19516373004103219,0.02899933666380236,0.0,0.02645892804001909,0.0,0.0,0.023412137172807587,0.0,0.0,0.0,0.0,0.05316323581982441,0.016372297783289764,0.01795575577840879,0.0,0.0,0.0,[10],[35]
713,6.767709587892045e-08,5.60503003212539e-06,0.00013600582887244862,0.0,0.0024723831261650527,0.0,8.57594008499176e-06,0.004279786201253949,0.0,0.003256765777592157,0.007175275590544619,0.0011917739112499133,0.04194661647501658,0.0006419028732162543,0.0,0.0,0.0,0.0,0.0006879884397452214,0.0,0.0,0.0,0.003488352761151644,0.003261612005044956,0.0,0.0,0.0,[12],[1]
714,0.00016770063229351332,0.005730923590799756,0.004557146020102131,0.0,0.007231638024899886,0.0050508687804218235,0.0,0.0,0.07263031391296192,0.011841213065111298,0.0,0.008790385682078197,0.0,0.0024679009865052554,0.0,0.009141424767451943,0.18665378749341688,0.011566981515225904,0.045292453571822835,0.020999109455077467,0.0,0.0,0.04778492616108941,0.04329909272918768,0.01560796678575979,0.01630192080198276,0.016615453633589218,[16],"[35, 41]"
715,0.0003805183183369158,0.011679949743558174,0.0029705988768683315,0.0,0.004229092111438264,0.0,0.014101568243784187,0.019643995918187003,0.0,0.0,0.0,0.07577456038405513,0.025484726452608023,0.0,0.0,0.0,0.026052803091828173,0.01960538363823805,0.0,0.0,0.007095384522980867,0.015308627836151924,0.0,0.0,0.009390607422651272,0.009601922538049118,0.009698120970752063,[11],"[32, 37]"
716,8.293127583572023e-06,0.00012938304617260432,8.016486321867041e-05,0.0,0.012057463588619437,0.0,0.0,0.017232828026049404,0.0,0.010434966755067382,0.028679786533611116,0.004271699805625226,0.0,0.002452219707588986,0.00029438301074538636,0.15096911097204632,0.016354166649088384,0.0,0.0,0.0019098393377515019,0.015707857769560896,0.014307619954940133,0.009230453242350656,0.008836136448991115,0.0,0.0,0.0,[15],"[35, 40]"
717,0.0020431194343765438,0.0,0.0,0.0004334811003595617,0.001233093673406277,0.08655805732978923,0.01028076233256198,0.0,0.0031156559832246976,0.0,0.006623878972834471,0.01672973893429236,0.01432011972038415,0.0,0.0,0.0,0.006133138022644553,0.013996934899578248,0.0,0.015786236715683348,0.010641898622695425,0.0,0.0058692360311077075,0.006423250946164188,0.010583298936333915,0.01071757014012608,0.010789899639135219,[5],[20]
718,0.00034270141960524215,0.0104405681062459,0.0,0.0,0.0,0.0009802144175139822,0.000188593319398333,0.029265126325899858,0.04105825093240031,0.0,0.0,0.0,0.006980548148848917,0.0,0.022310008377421878,0.0,0.0,0.015690599486162873,0.0,0.014595083740900225,0.009681878106393243,0.015022778889375355,0.11872334076382526,0.11896744394500527,0.0719724646272899,0.0718532662171325,0.07177729487831688,"[22, 23]",[-1]
719,4.1907455592324016e-05,0.001172061862191918,0.0,0.0,0.004629528797903567,0.0,0.00019362422500079958,0.008128512143148593,0.0,0.0031030457840128933,0.012644362005489905,0.0002497462127033462,0.0,0.0,0.0017033241078002435,0.058583596282599196,0.01139193027287082,0.0,0.0,0.0,0.00547615892882847,0.0019898654689486208,0.0,0.0,0.0,0.0,0.0,[15],"[8, 18, 35]"
720,1.861689599032701e-07,5.647178677797016e-06,8.295027452504926e-05,0.0,0.002621211712129033,0.0,0.0,0.00470130791056237,0.0,0.003915305679600706,0.0085685464723064,0.0013701834188327036,0.03862748916427747,0.0006538026630189486,0.0,0.011322203997460808,0.0009318786592119971,0.0,0.0007330414716666551,0.0008163414859844818,0.0,0.0,0.0052557032198247665,0.005129415505440084,0.0,0.0,0.0,[12],"[10, 23, 40]"
721,2.4965335759185563e-05,6.191022180048734e-06,0.0,6.276302373146559e-05,0.00029308183355690134,0.0037069674209815797,0.003572389103445119,0.0003121685039376522,0.0,0.0,0.00015972158012491502,0.0014372591836752026,0.0,0.0,0.0,0.002433683761289772,0.0009479563802025876,0.00028166143674973094,0.0,0.00039370036312363346,0.0,0.0011589966172868948,0.00020624447774185168,0.0,0.0,0.0,0.0,"[5, 6]",[31]
722,8.168120763130882e-06,0.0001258856884305184,7.675349616939476e-05,0.0,0.011829648902258042,0.0,0.00038616593853634955,0.016075214297086422,0.0,0.008844666826133425,0.02398818218039378,0.0028154142078096497,0.0,0.002394991254359281,0.0,0.08701487729746993,0.0026848802069256313,0.0,0.0,0.0,0.003272685159848267,0.008777378009315247,0.0031778991137760134,0.0026944105528590038,0.0,0.0,0.0,[15],"[35, 40]"
723,7.3997808620650895e-06,8.182125066820793e-05,8.001840117471613e-06,0.0,0.008053870758643524,0.0,0.0004898444725035442,0.010243658145919796,0.0,0.005482961287456735,0.017358289399218435,0.002805171684900463,0.0,0.0010214543883727604,0.0003538212890285197,0.2008712509135068,0.01323709686602763,0.0,0.0,0.0007038061012524321,0.0028117246052690678,0.015000824938285704,0.005850376838103647,0.005514509742498911,0.0,0.0,0.0,[15],"[16, 35]"
724,8.694331492768484e-06,5.596920369898419e-05,0.0,0.0,0.001770474092831745,0.0,0.0,3.3580262757347596e-06,0.0015801039190877567,0.0,0.0,0.0,0.0,0.0,0.0013416927527917812,0.003258338339107726,0.002621356933163166,0.0011753577374360713,0.0,0.0,0.006235292554249223,0.0001756195185450891,0.0033806737510965828,0.0034041057792250666,0.0012516830563518945,0.0012576951833424752,0.0012605286887141087,[20],"[15, 40]"
725,4.7258281801130735e-08,9.772910504134549e-07,3.4025780900021267e-06,0.0,0.0003580528641204615,0.0,0.0,0.0006044113550785715,0.0,0.0004540289581955227,0.0011086969539804434,0.00015659878772054356,0.0,9.59612693386862e-05,1.211327261532834e-05,0.004990822856602012,0.0008214879432441963,0.0,0.0,0.00022580346839708604,0.0,0.00043206425381597596,0.00063341934839367,0.000589464120038918,0.0,0.0,0.0,[15],"[10, 40]"
726,4.220961875760056e-05,0.0011859305135409335,0.0,0.0,0.006659971460336923,0.0,0.00024833227806005597,0.01162375242981848,0.0,0.005225214350062361,0.017397493301057703,0.0008310432946852282,0.0,0.0007226559996046855,0.0012585447797394298,0.05371728507829506,0.00936272589683244,0.0,0.0,0.0,0.002226721672763239,0.002504225941904007,0.0,0.0,0.0,0.0,0.0,[15],"[8, 35]"
727,7.082609274790262e-06,7.262772282613324e-05,4.044548230415763e-06,0.0,0.005711526280368886,0.0,0.00040869683935412077,0.006507649624748303,0.0,0.003140705401707555,0.010716041036568223,0.0015538725108640583,0.0,0.0004842996489856313,0.00035431956488917257,0.09761310635829709,0.006621996403123576,0.0,0.0,0.0,0.0020729725053607226,0.008127895947026507,0.0040907810428148636,0.003811800072122421,0.0,0.0,0.0,[15],"[23, 35]"
728,1.9095112510831472e-06,9.64761585649797e-05,0.00014766232263959794,0.0,0.01739631917026107,0.0,0.0,0.02862666161157155,0.0,0.01928831322749138,0.04469623400301747,0.006659970227463968,0.05102984995250506,0.005690692344216154,0.0,0.0,0.0011311807461561448,0.0,0.0,0.0,0.005127565263764773,0.002353521503161686,0.005645367732267343,0.005815925960421162,0.0,0.0,0.0,"[10, 12]",[40]
729,7.229189700212961e-06,7.558788487073686e-05,4.927528314460057e-06,0.0,0.006823595627010078,0.0,0.0004640335877995842,0.00819959898904057,0.0,0.004321978495239609,0.013935925145339695,0.0019467644381532057,0.0,0.0006946130169271942,0.0004638377335818975,0.1706174147049577,0.009792199284849265,0.0,0.0,0.00021904395348454792,0.0055317270564066235,0.01156084515764386,0.004674111080080387,0.00437002229192764,0.0,0.0,0.0,[15],"[4, 16]"
730,0.00015438415053486068,0.004790602315587583,0.0,0.0,0.08549081311105461,0.0,0.009022103058491075,0.02735816857658056,0.011977879582788013,0.0,0.0,0.0524096861459361,0.02657890670632916,0.0,0.032085806415811755,0.0,0.09447361748481806,0.018368013635537524,0.0,0.0,0.022202705521391215,0.008187590744361768,0.03011880408619078,0.025868971335813014,0.00034091650022671864,0.0004440010423094003,0.0005156919145350564,"[4, 16]",[40]
731,4.7258281801130735e-08,9.77291050413455e-07,3.4025780900021372e-06,0.0,0.0003580528641204614,0.0,0.0,0.0006044113550785715,0.0,0.0004540289581955227,0.0011086969539804432,0.00015659878772054364,0.0,9.596126933868605e-05,1.2113272615328382e-05,0.004990822856602014,0.0008214879432441963,0.0,0.0,0.00022580346839708518,0.0,0.0004320642538159765,0.0006334193483936696,0.0005894641200389161,0.0,0.0,0.0,[15],"[10, 15, 40]"
732,7.177070384265111e-06,7.451899014502148e-05,5.797764079784115e-06,0.0,0.006291630621509442,0.0,0.00047006212454967216,0.007390085830906203,0.0,0.0036860370022488145,0.012189077630204638,0.0017255765269430247,0.0,0.0005980311693438474,0.0003393775386684229,0.1165279001761357,0.007173579105889349,0.0,0.0,0.0,0.003388681868738304,0.009102996937783112,0.004365023708540227,0.004039600939223862,0.0,0.0,0.0,[15],[35]
733,1.5610048244064798e-07,5.990156986564652e-08,0.0,1.901634897254928e-06,1.0235226525737734e-05,0.00019626732431012237,0.0002658769728507436,1.0756275748481535e-05,0.0,0.0,1.4014566622054979e-05,6.003490940655973e-05,0.0,0.0,0.0,0.0002480857185590481,8.778941839572166e-05,1.476230328920288e-07,0.0,1.8896968311536683e-05,0.0,0.00011238367828773212,3.204407513486482e-05,6.338391621579791e-06,0.0,0.0,0.0,"[5, 6, 15]",[31]
734,3.646302087279978e-05,0.00037776075627751423,0.0,0.0002655093055984689,0.00033402589589324105,0.0009381301369019507,0.0721909626050356,0.0027017690946538196,0.0017237381676703449,0.0,0.0,0.008730013695732253,0.004387321372968739,0.0,0.0,0.0,0.0,0.0,0.0,0.0009972039357868205,0.0,0.003202970766836469,0.0012386542201854843,0.0017414258187828941,0.0,0.0,0.0,[6],[-1]
735,7.277830089148041e-06,8.676779159543306e-05,8.853335108987243e-05,0.0,0.008671848446037961,0.0,0.000512766072273164,0.011784831535929442,0.004597857588168577,0.006427769782930409,0.01721729171960248,0.002302539131719757,0.010104371271396954,0.0016141107648338364,0.0,0.04041513292707594,0.0,0.0,0.0,0.0,0.0,0.0,0.0017237413001805388,0.0010606584312970637,0.0,0.0,0.0,[15],[40]
736,8.694331492768484e-06,5.596920369898421e-05,0.0,0.0,0.0017704740928317453,0.0,0.0,3.3580262757347803e-06,0.0015801039190877567,0.0,0.0,0.0,0.0,0.0,0.0013416927527917807,0.0032583383391077245,0.0026213569331631653,0.00117535773743607,0.0,0.0,0.0062352925542492445,0.00017561951854508972,0.0033806737510965828,0.0034041057792250674,0.001251683056351898,0.0012576951833424763,0.0012605286887141095,[20],"[15, 40]"
737,1.5610048244064798e-07,5.990156986564652e-08,0.0,1.9016348972549273e-06,1.023522652573773e-05,0.00019626732431012262,0.0002658769728507427,1.0756275748481503e-05,0.0,0.0,1.4014566622054532e-05,6.003490940655971e-05,0.0,0.0,0.0,0.0002480857185590443,8.778941839572057e-05,1.476230328918809e-07,0.0,1.889696831153552e-05,0.0,0.00011238367828773334,3.20440751348625e-05,6.338391621577455e-06,0.0,0.0,0.0,"[5, 6, 15]",[31]
738,4.6647577236895066e-07,2.1511898713705378e-05,2.8378559915931294e-06,0.0,0.003041637012563174,0.0,0.0,0.002301049748548964,0.0,0.0020995749002027672,0.004658099349408527,0.0,0.0,0.00037668978674704613,0.0011678180576995907,0.009185150149498991,0.0006896676083427564,0.0,0.0,0.001498717959134156,0.03963149186654629,0.0015733742207650436,0.0,0.0,0.0,0.0,0.0,[20],[40]
739,1.2653445408288836e-09,6.617459601905152e-08,1.920531804719215e-06,0.0,0.00010373624994783295,0.0,0.0,0.00020724432698550308,0.0,0.00019243276089719665,0.0004039802875479571,7.477110838123864e-05,0.004153586408686545,6.084391469274634e-06,0.0,0.002091894677947309,3.825174358361406e-05,0.0,0.0001845199765189148,9.527520866888984e-05,0.00012288320255886734,0.0,0.0003633479661443662,0.0003594362610886702,0.00026521868716071175,0.0002696490491582345,0.0002718360268409339,[12],"[10, 15, 40]"
740,1.0133258746504761e-10,1.1539983783616094e-08,4.3445305156950544e-08,0.0,1.237485639727299e-05,0.0,0.0,1.3289409879841027e-05,0.0,6.807977164232347e-06,2.1616453580566188e-05,2.140909879372631e-06,0.0004151047842536003,0.0,8.422908258287868e-06,0.0004761057973892786,3.533162204370906e-05,0.0,1.6129411339632628e-05,8.167347667552235e-06,0.0010424984285705501,0.0,3.0461294854122555e-05,2.845970097444458e-05,4.427051232988465e-05,4.480713669215886e-05,4.507503684795122e-05,[20],"[15, 40]"
741,2.4692864438016943e-05,0.0006317577479789119,0.0,0.0,0.016666105523446387,0.0,0.0005753082530510368,0.003792875082238708,0.0,0.0,0.0,0.01017304903105558,0.0,0.0,0.008197438235868252,0.022731814644425634,0.0189395141074046,0.0038755216617781304,0.0,0.0,0.0,0.0,0.0019000997658120224,0.001631340804625465,0.00013921389573232212,0.00015934359069186318,0.00017323272055433148,"[4, 15, 16]",[4]
742,0.0006625899272258791,0.0,3.436462733646805e-06,4.0091004945875164e-05,0.0001392755251875446,0.011208396559947657,0.00018994564822559873,0.0,0.0,0.0,0.0021470706818273485,0.0007363805809885525,0.0025176593134520263,0.0,0.0,0.0016895808086604613,0.0,0.01218845544187961,0.0,0.007746727448770977,0.0,0.0013911424079402776,0.002580617744966193,0.0010850560645168687,0.0,0.0,0.0,"[5, 17]",[20]
743,1.2660185977406599e-09,6.629010456509806e-08,1.9223746407515274e-06,0.0,0.00010425079789196356,0.0,0.0,0.00020806003578820908,0.0,0.00019309403857916083,0.00040557418446641384,7.50212100014042e-05,0.004215995323634566,5.5717269845733464e-06,0.0,0.0021620704184236892,3.9169686190944334e-05,0.0,0.00018842199811111172,9.595705860941366e-05,0.00025554912972966737,0.0,0.00036544902963418037,0.00036161911272228505,0.00027299937644639566,0.000277509604928892,0.00027973502430616014,[12],"[10, 15, 40]"
