Node,Cluster_0,Cluster_I,Cluster_II,Cluster_III,Cluster_IV,Cluster_V,Cluster_VI,Cluster_VII,Cluster_VIII,Cluster_IX,Predicted Label,Ground-Truth Label
0,0.0520243045127818,0.0,0.015642794419134173,0.0,0.0,0.10454645009723412,0.0,0.0030357473042329215,0.05350694349004192,0.11368898895051349,"[5, 9]",[-1]
1,0.037660908994138514,0.0,0.0050965787733357505,0.0,0.0,0.012022422179024873,0.007144367974392022,0.0,0.05639431797788335,0.13425302282510052,[9],[-1]
2,0.05387121272219327,0.0,0.0,0.002580921099973713,0.0,0.0023120025210481105,0.0,0.008541451408811337,0.0,0.0,[7],[6]
3,0.09265568840238084,0.0,0.0003900684100430806,0.0015767409380154425,0.0,0.08349037982005329,0.0,0.004553019902657008,0.0,0.0,[5],[-1]
4,0.06177775949371027,0.0,0.0,0.0,0.0007329959718486848,0.0,0.04085827487704607,0.021679154729300515,0.02403013220172268,0.05855060599474256,"[6, 9]",[-1]
5,0.08361717715354805,0.0,0.0,0.001680960155055513,0.0,0.0,0.11363738194612022,0.0,0.0,0.0,[6],[6]
6,0.06453915473475387,0.0,0.0004310248396111269,0.0,0.0004603895337387405,0.0,0.0784844579727382,0.0,0.05664721496179041,0.12389835604229633,"[6, 9]",[6]
7,0.09290174618857681,0.0,0.0009320553365951409,0.0,0.00032365801333725756,0.01969513623448913,0.0,0.0,0.028906731781049622,0.079131647307724,[9],[6]
8,0.09666203761638677,0.0,2.8943866378342532e-05,0.0,0.000258087531344555,0.0434937244164782,0.0,0.005724671482850269,0.0,0.00371320180937931,[5],[-1]
9,0.048761867061539094,0.0,0.01174453780547816,0.001126931953534962,0.0,0.15964025823254438,0.0,0.017654609386649246,0.011662569270662712,0.03648355817773104,[5],[-1]
10,0.08623790127134921,0.0,0.0,3.797073394845536e-05,0.0,0.0,0.08265864447478098,0.0,0.005106302687784,0.007305356101974484,[6],[6]
11,0.05935443578852686,0.0,0.0,0.0,0.0,0.0,0.09533830456321399,0.0,0.02988632137062112,0.06746706836595132,"[6, 9]",[6]
12,5.170392341901068e-06,0.00015412099396965403,0.0024718633671823287,0.0,0.0,0.0,0.0,0.0,0.0034581424936431255,0.0,"[2, 8]",[-1]
13,3.1710174259911507e-05,5.578729717346327e-05,0.00040065088634095236,0.00036731191701108376,1.8074714677546205e-05,0.000120282175849137,0.0,0.0029001254575019546,0.00046417986766851094,0.0002190059399718534,[7],[-1]
14,0.044237909917823434,0.0,0.0,0.0023875721242549303,0.0012971798727907037,0.06206552388424295,0.0,0.04237230965091148,0.0,0.0,"[5, 7]",[6]
15,0.009004985523429713,0.0,0.0,0.0,0.00047150640061617056,0.0,0.016145059334622087,0.019092214714524467,0.0,0.0,"[6, 7]",[6]
16,0.050651032526055594,0.0,0.003557397764485035,0.001145382947284353,0.0,0.07727220815534572,0.0,0.010426176030687137,0.0,0.0,[5],[-1]
17,0.04548022930177502,0.0,0.007927402261822135,0.0006058595111527051,0.0,0.12443060169732333,0.0,0.01223270266418746,0.0027336228683669393,0.015004145554054295,[5],[-1]
18,0.054617613310128287,0.0,0.0,0.0,0.0003403707967896368,0.0,0.0739147849444842,0.0,0.0,0.0,[6],[6]
19,0.04786868454867064,0.0,0.016348147687243405,0.0,0.0,0.07201900457452833,0.0,0.004387767672748909,0.07262583751480976,0.15527972524811343,[9],[-1]
20,0.02329379532385017,6.552322280055726e-05,0.006219855596188763,0.0,0.0,0.036326228244576625,0.0,0.0,0.02440343058667908,0.051394998512603686,"[5, 9]",[-1]
21,0.00015019113974458026,0.005150452477217604,0.054212209600486526,0.01758808468707456,0.0,0.0,0.0,0.0,0.05554428692808999,0.0,"[2, 8]","[1, 3]"
22,6.484283994586926e-05,0.007188052332668792,0.02062665195952565,0.030889068613016456,0.0,0.0,0.0005549365270523239,0.0,0.0,0.004183367714040195,"[2, 3]",[-1]
23,7.364504343673734e-05,0.04463995978958116,0.0463137850451197,0.0,0.0,0.0,0.003934578589282183,0.0,0.0,0.02386065381029348,"[1, 2]",[-1]
24,0.00015258359122685493,0.06502190868331423,0.10546748110066652,0.0,0.0,0.0,0.009685549197958002,0.0,0.0,0.05521559890540557,"[1, 2]",[-1]
25,0.0001272737338119659,0.07647737279928102,0.0,0.023599569760594657,0.0005305569717748711,0.0015756725351932371,0.0,0.022651676011890037,0.04912233429569606,0.0,"[1, 8]",[5]
26,0.0002354655775842125,0.11165954268943346,0.08597168390840144,0.0,0.0,0.0,0.008047160790832326,0.0,0.0,0.04970228883285391,"[1, 2]",[-1]
27,0.09457964293154919,0.0,0.005822667970145013,0.0,0.0001244099184829314,0.0,0.023153825239392745,0.0005741564314520061,0.06273905076448932,0.14424454546549637,[9],[-1]
28,0.024240156409843915,0.0,0.0,0.0,3.5237257240388673e-05,0.0,0.00874154373560605,0.0,0.0005592051781117465,0.004755091241044756,[6],[6]
29,0.03539536019205491,0.001383573346254116,0.0,0.0,0.0007375877099847298,0.0,0.0832836722377039,0.0,0.03827748635380743,0.08401566949775592,"[6, 9]",[6]
30,0.06647610425838858,0.0,0.002972559392257546,0.0,0.0,0.00013253787420463455,0.010513247364883618,0.0,0.03445700125920942,0.07790223526358116,[9],[6]
31,0.03955362314161147,0.0,0.0,0.0013177595168135956,1.6620720018662402e-05,0.0006864007370500004,0.0,0.0016396647198443737,0.0,0.0,"[3, 7]",[-1]
32,0.08677893499987087,0.0,0.0,0.0011229047253440347,0.00037357904851392364,0.0,0.0,0.0,0.0,0.0,[3],[6]
33,5.159177731518257e-05,0.04293822825762206,0.0,0.011340870557729376,0.000992815213365751,0.001355996425364649,0.0,0.017124053963341407,0.02623479038122409,0.0,"[1, 8]",[-1]
34,0.0009148180923920676,0.14046003469604382,0.0,0.0183400535533103,0.0027894144736757163,0.003284864094061982,0.0,0.033283628116113996,0.04387456333345256,0.0,[1],[-1]
35,0.00010601991972867429,0.09386174535412306,0.0,0.02252592737810578,0.0019495219171803899,0.0026681487578131906,0.0,0.037070508285487934,0.05239433819750636,0.0,[1],[-1]
36,6.139901593564029e-05,0.06767148823541723,0.0,0.018294174844521695,0.001812316353293258,0.002111963367564084,0.0,0.03195042846583497,0.04584268532250592,0.0,"[1, 8]",[-1]
37,0.001205418084120121,0.01382233785187445,0.06394346055426088,0.15733105761396257,0.0,0.0,0.002691061176479227,0.00257246418063999,0.0,0.005585215569020837,[3],[-1]
38,0.00030328587006095545,0.014010192864804755,0.07175399195865605,0.2204709911922309,0.0,0.0,0.0,0.017591233742760806,0.0,0.007331670710054259,[3],[-1]
39,0.00034411527128481664,0.007086524610129566,0.0722091415468592,0.0,0.0,0.0,0.0,0.0,0.10006336997750123,0.0,"[2, 8]",[-1]
40,0.00164548204072997,0.08935277874589233,0.22172251203097068,0.0,0.0,0.0,0.0009671750108840585,0.0,0.055208122710825286,0.0,[2],[-1]
41,0.08819417084410008,0.0,0.00034329650359144154,0.0,2.76126997999075e-05,0.07593817164845486,0.0,0.011684160183902392,0.0,0.0,[5],[6]
42,0.00045501110083740663,0.08873609853881453,0.0,0.01317229775870003,0.0011174535815975041,0.0005539502396466484,0.0,0.024074875802204028,0.03636905368709969,0.0,[1],[-1]
43,0.00014807747397967946,0.1223605033107933,0.0,0.029258932782400653,0.002674002784525514,0.003314320830451835,0.0,0.04710793736148188,0.06835083882802809,0.0,[1],[-1]
44,0.0001463152087997316,0.0,0.0,0.0,0.0011245100931556124,0.0,0.001550992129848753,0.0088882633941264,6.24484651647835e-05,0.001533034179525748,[7],[6]
45,0.0006880108249869288,2.1967087103951084e-06,0.00013720131755717274,0.0,0.002448909829545664,0.0,0.006365344608644005,0.039572780874753,0.0011110508115618853,0.008097712375698982,[7],[6]
46,0.05978920342652186,0.0004445732420577648,0.0,0.00583311065662873,0.0002532164970463673,0.0,0.042202647982916924,0.0,0.010937159441514516,0.02169487173397801,[6],[6]
47,0.0007010032561388446,0.0017011682455135768,0.002878807260705249,0.0021752510182099856,0.0,0.0,0.002311025467606126,0.0,0.007581234169282443,0.0,[8],[-1]
48,0.08824737454489655,0.0,0.0,0.00040510330620568166,0.0005665474185760858,0.022424526908898283,0.0,0.010234261004367615,0.0,0.0,[5],[6]
49,0.08616205130147316,0.0,0.0,0.0,0.0011886135915829808,0.0,0.11292877692674472,0.0,0.05083669562008778,0.11536127368712497,"[6, 9]",[6]
50,0.00024468652658023713,0.15838324339863255,0.0,0.0,0.0,0.001492139750187752,0.0,0.00991640782056763,0.004099811816433118,0.0,[1],[-1]
51,0.00017522990141498768,0.11887117934135538,0.0,0.01680096301955133,0.0018528582692820083,0.0026609816476076942,0.0,0.03485936348433153,0.05852566297466721,0.0,[1],[-1]
52,0.00010990328202494126,0.04779496808855828,0.04126031067734711,0.0,0.0,0.0,0.00363121927040461,0.0,0.0,0.022778765947954947,"[1, 2]",[5]
53,0.10472896134623594,0.0,0.0003471955309815077,0.0014621440480907834,0.00016534947499388016,0.06546201021564063,0.0,0.006315198229929709,0.0,0.0,[5],[-1]
54,0.043145473581605205,0.00010724886085523132,0.0,0.0011913800809574492,0.0,0.0,0.07962581214224827,0.0,0.0,0.0,[6],[6]
55,0.07021717326194647,0.0,0.007175281008438367,0.0032676671840097,0.0,0.15569264157356197,0.0,0.024368245526535333,0.0,0.0,[5],[-1]
56,0.03858775232614303,0.0,0.0,0.0,0.0,0.0,0.046708687193841254,0.0,0.0,0.0,[6],[6]
57,0.00011519451881876097,0.004330429770199326,0.03614980977771118,0.11664803390361007,0.0,0.0,0.0,0.0025800862120698743,0.0,0.0021015138459461124,[3],[-1]
58,7.883256172406629e-05,0.0038865555751437233,0.03356956951035739,0.11287893049401837,0.0,0.0,0.0,0.0040045663647141835,0.0,0.0024732596568689904,[3],[-1]
59,0.00014670947957664114,0.11082204692650448,0.0,0.018253959278906294,0.003461323483084066,0.002483475380157916,0.0,0.03404904903793551,0.05218669948744256,0.0,[1],[5]
60,6.886396182938368e-05,0.05109324672112196,0.0,0.015063978480293285,0.0014362336699314752,0.001727057637467251,0.0,0.023505281286660323,0.03569889852770027,0.0,"[1, 8]",[-1]
61,0.00013535988233813592,0.004325912780221238,0.039637360210545244,0.0,0.0,0.0,0.0,0.0,0.04847998515648613,0.0,"[2, 8]",[-1]
62,0.0004065610654424844,0.006256383507113311,0.06999312614726881,0.0,0.0,0.0,0.0,0.0,0.0904020194405433,0.0,"[2, 8]",[-1]
63,0.0008126720086839801,0.10306432770562154,0.0,0.02561949186812705,0.002701265434075235,0.003719250743797919,0.0,0.04309029592691127,0.06671375885278737,0.0,"[1, 8]",[-1]
64,0.0005479902409492502,0.008466419400605076,0.09310486675777378,0.0,0.0,0.0,0.0,0.0,0.12744251338932072,0.0,"[2, 8]",[3]
65,0.00029361947054343024,0.00682459288877849,0.07673774983477917,0.0,0.0,0.0,0.0,0.0,0.10292554903789014,0.0,"[2, 8]",[-1]
66,0.06550833022262627,0.0,0.0,0.0,0.0,0.0,0.0,0.0,0.013581369024842867,0.03570038446171497,[9],[-1]
67,0.09454907105540618,0.0,0.0,0.0,0.0004113261001411156,0.0,0.0356454060784279,0.0,0.0055490125344903754,0.011948873348916407,[6],[6]
68,0.023989168685691255,0.0,0.0025592102796827922,0.0,0.0,0.030025659939080827,0.0,0.017406684723009637,0.0,0.0,[5],[-1]
69,0.0028619107671375367,0.0,0.00033138064613127055,0.00014243161379823315,0.0015929636311702454,0.0,0.0017882483095251675,0.07407512367737917,0.0,0.010424359564390563,[7],[7]
70,0.0001250894534295751,0.0037445841307016453,0.03553245785202291,0.0,0.0,0.0,0.0,0.0,0.043129394127139155,0.0,"[2, 8]",[-1]
71,0.00019573749017574274,0.0044836483418619405,0.04718862790912637,0.0,0.0,0.0,0.0,0.0,0.05964477197906767,0.0,"[2, 8]",[-1]
72,0.04579995091020522,0.0,0.0,0.0,0.0,0.0,0.11419008229234195,0.0,0.0,0.0,[6],[6]
73,0.08308446887485539,0.0,0.0010688252848989257,0.0016818638038517617,0.00037339541105905756,0.1005142697184615,0.0,0.019370707849025465,0.0,0.0,[5],[-1]
74,0.04232325445603548,0.0,0.0,0.00034659892966582673,0.0,0.0,0.0552629907496995,0.0,0.0,0.0,[6],[-1]
75,0.057554036835235495,0.0,0.005683510226300418,0.004235512144052991,0.00010275841700774304,0.15397548762627408,0.0,0.026813010525755316,0.0,0.0,[5],[-1]
76,0.030984767221361956,0.0,0.0,0.00026829932866120307,0.0,0.0,0.10223212264226436,0.0,0.0,0.0,[6],[-1]
77,0.0002228104547330338,0.08970179546463226,0.1040544839213367,0.0,0.0,0.0,0.009224607268788272,0.0,0.0,0.05363556891016554,"[1, 2]",[-1]
78,0.00014500187186558097,0.061837035518316034,0.08136515853021853,0.0,0.0,0.0,0.006940143660623015,0.0,0.0,0.04132816135234826,"[1, 2]",[-1]
79,0.012303608468678373,0.0,0.0,9.448196691426505e-05,0.0006755938592745208,0.0,0.03047607832928146,0.03532083413896728,0.009461191381748694,0.028537961144449172,"[6, 7, 9]",[-1]
80,0.011188618788046126,0.0,0.0,0.0,0.0009851370231763763,0.0,0.029677597207678225,0.02333436721969459,0.009256930094697335,0.02720292533805348,"[6, 7, 9]",[6]
81,0.00011093379182864552,0.042018237873925286,0.08399997743331811,0.0,0.0,0.0,0.0075795887873929026,0.0,0.0,0.04189011893092271,[2],[-1]
82,5.967501562126987e-05,0.05451823484721245,0.0,0.012551009702960046,0.0016360865046358079,0.0017596774218520822,0.0,0.02488160921443105,0.03696586708685696,0.0,"[1, 8]",[-1]
83,0.0008217099431027152,0.0754198901835506,0.0,0.008813655519501163,0.002283695117811742,0.0019180707651121054,0.0,0.012877900572888823,0.02876972146384341,0.0,[1],[5]
84,9.917100385252488e-05,0.07219209431849313,0.0,0.014698955510215878,0.0015805348341806247,0.001968113763687514,0.0,0.026403458511879953,0.03893618326070657,0.0,[1],[5]
85,0.06963995606066403,0.0,0.0,0.0027994891834973302,0.0,0.051407277136153735,0.0,0.0087986102474469,0.0,0.0,[5],[6]
86,0.05686611488182184,0.0,0.005573533868355038,0.003974225662079465,6.715027670301746e-06,0.14816239445794674,0.0,0.02745256857667434,0.0,0.0,[5],[6]
87,0.10480284099458596,0.0,0.0,0.0006137517558144076,0.0002484517878874791,0.016746540318303096,0.0,0.0016729005563202953,0.0,0.0,[5],[6]
88,0.026206307857050803,0.0,0.0,0.0,0.0001812895466054211,0.0,0.02464597073074456,0.0,0.019999611180518437,0.04600428251505267,[9],[-1]
89,0.00010166160909374846,0.005202596575833707,0.03737601874960693,0.11310312295887968,0.0,0.0,0.0,0.0054074104465792385,0.0,0.004141086386764858,[3],[-1]
90,3.8624881628588874e-05,0.0019855216352557704,0.02083821433659359,0.06797803694386942,0.0,0.0,0.0,0.007101868330327324,0.0003519644051242257,0.0,[3],[-1]
91,1.1596264052519574e-05,0.0003764631725071993,0.0037776363807248046,0.0060649270962056375,0.19187690393075485,0.0002635621028370648,0.0,0.0,0.0,1.9702252605318286e-06,[4],[8]
92,6.91552767681265e-06,0.00024072916457706334,0.002587309967816377,0.00435461134920371,0.13804465197990393,0.00020956568708741365,0.0,0.0,0.0,1.9121203300467337e-05,[4],[8]
93,0.06656385645523068,0.0,0.004466735080570285,0.003244678256157056,0.0002968813758679541,0.12919011904832955,0.0,0.03387850341471296,0.0,0.0,[5],[-1]
94,0.0839466847347408,0.0,0.0,0.0018634611900819455,0.00043399958308127236,0.06003175314001797,0.0,0.022125585887015003,0.0,0.0,[5],[6]
95,0.09082913661586538,0.0,0.0,0.0,9.441372582422338e-05,0.0,0.03927838683166348,0.0,0.010942517464177726,0.027757607610579042,"[6, 9]",[6]
96,0.068916449302721,0.0,0.0,0.0010788639221882672,0.0,0.0,0.09828713222086767,0.0,0.0,0.0,[6],[6]
97,0.0973207793863104,0.0,0.0,0.0,0.0005809633958188158,0.0,0.0,0.000644988228712255,0.0,0.0,"[4, 7]",[6]
98,0.0007221018200544351,2.541917916570558e-05,0.000563014995859375,0.0018139482439636693,0.0025740756567075073,0.0,0.0035130351406056264,0.17663967544617376,0.0,0.009134468579165876,[7],[6]
99,0.0012105778884409538,2.435631203897971e-05,0.00028760242483691286,0.0004706132057181501,0.00041126438977771347,0.0,0.007296506493003009,0.04242381593042015,0.0,0.0035194138677248706,[7],[-1]
100,0.053018449040178044,0.0,0.0034128223754851645,0.0037534551781053557,0.000227276376262587,0.12705705048776808,0.0,0.03141979750969484,0.0,0.0,[5],[-1]
101,0.030746906716965915,0.0,0.006765583114937252,0.0035014453530443274,0.0,0.12546526584872358,0.0,0.015428451743621174,0.0,0.0,[5],[-1]
102,0.010049253282023128,0.0,0.0034558497464641444,0.0008275503058013334,0.0,0.04488969128408348,0.0,0.005174578546526228,0.0015579600922935983,0.004748549849704609,[5],[6]
103,0.04337070821190683,0.0,0.0,0.0009777983202559945,0.0,0.0,0.14649342733090182,0.0,0.0,0.0,[6],[6]
104,0.07349066443610133,0.0,0.0,0.0,0.0,0.0,0.15787694108713865,0.0,0.0,0.0,[6],[6]
105,0.051260486272741206,0.0,0.0031629472620446747,0.0,0.0,0.008948377711461902,0.0,0.0,0.020223872275644275,0.04301499659289402,[9],[-1]
106,0.025414220192166367,0.00012172619477095926,0.00198790723799579,0.0,0.0,0.0,0.026769135104967617,0.0,0.014833841785542576,0.02226530385850175,"[6, 9]",[-1]
107,0.0710274979113899,0.0,0.010182383523807601,0.0,0.0,0.0,0.02581163661116279,0.0005325610613442507,0.06156854078630401,0.12483709195722185,[9],[6]
108,0.03405637962504115,0.0004786725670399242,0.005916984518538374,0.00013095964683438251,3.66105543107779e-05,0.0,0.03421516321419096,0.0,0.03973954234273438,0.07697141339635738,[9],[6]
109,0.0001942147483660558,7.401821658209106e-05,0.0004928384148226251,0.0008102659416219209,0.002402392091936572,0.0,0.0017383329542302163,0.17254502478385425,0.0,0.007619276807960057,[7],"[6, 7]"
110,0.0020671547907396997,0.0,0.0005923993138242231,0.0,0.00042895808271487706,0.003237500802488467,0.0,0.04154379837487044,0.001426972354290443,0.009884244492834735,[7],[6]
111,0.09298900142041754,0.0,0.0,0.0,0.0008489437414742796,0.0,0.08441633551360933,0.0,0.0,0.0,[6],[6]
112,0.040704374540211585,0.0,0.0,0.003408334482128651,0.0,0.0,0.01886759830365702,0.0106989288643698,0.0,0.0,[6],[6]
113,0.023254228046684425,0.0,0.005707938042404247,0.0,0.0,0.01568083904467979,0.0,0.0,0.04209092939046576,0.09806713817453266,[9],[-1]
114,0.00033956593997003595,0.005306548866429522,0.06385347640856283,0.0,0.0,0.0,0.0,0.0,0.0868895882113564,0.0,"[2, 8]",[-1]
115,0.000958146220202755,0.007168160972898306,0.08040523818204658,0.0,0.0,0.0,0.0,0.0,0.11104254644214143,0.0,"[2, 8]",[-1]
116,0.10854611816959292,0.0,0.0,0.0,0.00017386532155101096,0.0,0.0657741614122116,0.001964612479456088,0.009069470203012103,0.018577055381523443,[6],[6]
117,0.04418207117660431,0.0,0.011718588783464899,0.0,0.0,0.11118760450519387,0.0,0.0,0.037824770225932884,0.09086697088354441,"[5, 9]",[-1]
118,0.01856040454219498,0.0,0.007123661962437025,0.0016561513264685462,0.0,0.10230568325189471,0.0,0.011923008367490773,0.0012676532856912767,0.008308100934536208,[5],[-1]
119,0.000953420646092757,0.018293437057515665,0.024991060293431126,0.08852133669218427,0.0,0.0,0.0076603818520465,0.0032410367798374217,0.0027837602612750248,0.003719293982010864,[3],[-1]
120,8.260532083454427e-05,0.0600351522106544,0.0,0.020274511541686992,0.0014728790171432181,0.001702686923078453,0.0,0.024377075075702574,0.038770289426463184,0.0,"[1, 8]",[-1]
121,0.0010439353070685886,0.020679905476964307,0.06872250622370633,0.0,0.0,0.0,0.0,0.0,0.10188709950180334,0.0,"[2, 8]",[-1]
122,0.00012519239304397374,0.004120271302201837,0.03814500613431946,0.0,0.0,0.0,0.0,0.0,0.04725600704566409,0.0,"[2, 8]",[-1]
123,0.0015374783124811257,0.0062889663104692866,0.034503428479386235,0.0691388543102584,2.6954312890725956e-05,0.0,0.009819169236353058,0.0018444006884039286,0.001792654399489991,0.006117033606589268,[3],[2]
124,0.0001676352357356908,0.009125379269866778,0.05664629858037397,0.14579011911512368,0.002067406926383068,0.0,0.0010198436808737804,0.006602964803703432,0.0,0.006623679375969608,[3],[-1]
125,0.0008841718791811012,0.13115234787902688,0.0,0.002026290888083424,0.0006287702090858235,0.002664102236635446,0.0,0.02350547145552699,0.04188131672584953,0.0,[1],[-1]
126,9.594650229626486e-05,0.08887155712371447,0.0,0.020335983724522756,0.0023494573302516373,0.0025829845078248516,0.0,0.03950530421664363,0.057408800354486596,0.0,"[1, 8]",[-1]
127,0.09287256454295757,0.0,0.0020604684229723227,0.0005373414812368864,1.311318417873157e-05,0.06725824291261177,0.0,0.0006859973103983859,0.0,0.0,[5],[-1]
128,0.07306606460293086,0.0,0.0,0.0,0.00034163899712432165,0.0,0.08906637705387206,0.0,0.021761484516591156,0.03756165661556625,[6],[6]
129,0.00016712192885418888,3.5346897442284275e-05,0.0006998629327935655,0.002110743153433885,0.002682917423176401,0.0,0.0011390794678498891,0.1989181846854225,0.0,0.00888717058411073,[7],[6]
130,5.965705988040747e-05,3.0663740305884723e-06,0.00014173489108038645,0.00021004744175300255,0.00026113277970660106,0.00012379415448347114,0.00030924504821799013,0.02621509444557208,0.0,0.002151715584962263,[7],[6]
131,0.0013478782675082886,0.02551933513429037,0.06117882283006566,0.0,0.0,0.0,0.004259874718647868,0.0,0.0,0.011812915494388563,[2],[-1]
132,0.04195108926592142,0.0038854992820654827,0.01687728199484036,0.0224729872887866,0.0,0.0,0.063246247848913,0.0,0.05390402619446134,0.09348063173871106,"[6, 9]",[6]
133,0.0001175255245381866,0.08863554727085114,0.0,0.009806878042719245,0.001522362510222582,0.001961718434967309,0.0,0.026446531665249153,0.0429887097319864,0.0,[1],[-1]
134,0.028100411838683045,0.0,0.0,0.0,0.0008467169682088692,0.0,0.07474168383833749,0.0049736604982451565,0.030305696066219606,0.06971421344915192,"[6, 9]",[6]
135,0.0010236899348095034,0.010717123853771179,0.05976225205552824,0.16995437089668555,0.0,0.0,0.0,0.004861415198715543,0.0,0.006368386302455822,[3],[-1]
136,0.00012055947038571568,0.007862016898276123,0.036446664156286786,0.09052408889013741,0.0,0.0,0.0008342214870044686,0.0020656718692542335,0.0,0.005139959699712876,[3],[-1]
137,9.791906299350228e-05,0.007146800857929047,0.0375281660737561,0.11519152599850148,0.0,0.0,0.0,0.003800957859329952,0.0,0.002728632495765838,[3],[-1]
138,0.00010540065063931723,0.0054510775806927685,0.0394543743986607,0.12414284611525789,0.0,0.0,0.0,0.004639909920739515,0.0,0.004937495961933165,[3],[-1]
139,0.02613314046949219,0.0,0.005275009819806706,0.0030618044499411655,6.520599145165031e-05,0.11977924729437081,0.0,0.021843178191770337,0.0,0.0,[5],[-1]
140,0.07299900076380351,0.0,0.0,0.0,0.0,0.04378142163882122,0.0,0.0026204300386413527,0.0,0.0,[5],[6]
141,0.09547156597949794,0.0,0.0,0.0003379982026512822,0.00035178169609586586,0.012942115231305859,0.0,0.0,0.0,0.0,[5],[6]
142,0.05012213035086125,0.0,0.0,0.0,0.00033192862912633165,0.0,0.039195725437022315,0.0,0.0,0.0,[6],[6]
143,0.0003448497891551563,0.008237233357757317,0.061255371639530834,0.0,0.0,0.0,0.0,0.0,0.08437917055647655,0.0,"[2, 8]",[3]
144,0.00021182560480878962,0.005472135273142341,0.059162415455543,0.0,0.0,0.0,0.0,0.0,0.0762127727417855,0.0,"[2, 8]",[-1]
145,0.0001727557226142414,0.13600085623322897,0.0,0.009569233738374358,0.0006165699449645535,0.002512121428261638,0.0,0.028485730120512434,0.03288181329738921,0.0,[1],[-1]
146,0.0008070510291479098,0.08655069494744881,0.0,0.012756398920941167,0.0013351499765438541,0.002679782149923213,0.0,0.026232270006209122,0.04438871047208687,0.0,[1],[-1]
147,0.06705617459580784,0.0004840421525704153,0.011251142813022629,0.0,0.0,0.014714134778816642,0.0,0.0,0.050445903365655825,0.11292961199234862,[9],[-1]
148,0.05816621330047273,0.0,0.004593010423171016,0.0,0.0,0.018379117746769723,0.0,0.012317566715035278,0.047772556827000004,0.11698532190242787,[9],[6]
149,0.09087612357865126,0.0,0.0,0.0024237914742768576,0.0,0.03599935986250063,0.0,0.001287471077589581,0.0,0.0,[5],[-1]
150,0.09018768598927289,0.0,0.007008157010412136,0.0,0.0,0.0,0.06385647729503216,0.0,0.06450767271200626,0.12939300309348617,[9],[6]
151,0.00011596380303373125,0.0843211901861233,0.0,0.01875397375398099,0.0017670306801083582,0.0023189225103329653,0.0,0.0314050824695513,0.049556938360365094,0.0,[1],[-1]
152,0.06498206346860777,0.0,0.009382079184674316,0.0015455628945476704,0.0,0.1597859842613572,0.0,0.02940128685494965,0.0,0.00169512235056705,[5],[-1]
153,0.00856370666193887,0.0,0.001666472398783299,0.0,7.172807369989546e-05,0.013715890968597367,0.0,0.0015021588639398615,0.010882893032736835,0.02711729635946981,[9],[6]
154,0.00015018266373483872,0.13272900567706436,0.0,0.019004314897340075,0.0018441464732571172,0.003074688329712749,0.0,0.041562896198729764,0.05306326266141896,0.0,[1],[-1]
155,0.0975391275834109,0.0,0.0,0.0,0.0006290851736377999,0.007070643106477792,0.0,0.01511614357882451,0.0,0.0,[7],[6]
156,0.00011683544094229314,0.11246278503113222,0.0,0.026242550323126758,0.0021564223663299432,0.0030898445209052946,0.0,0.04300828693239194,0.060964402724580986,0.0,[1],[-1]
157,9.954077559750389e-05,0.08020521006969163,0.0,0.014207264698978673,0.0015896490169610596,0.0020598964438536095,0.0,0.027618749206063383,0.039412391061541534,0.0,[1],[-1]
158,1.4636263805347545e-05,0.012626752058877283,0.0,0.002536119375859817,0.0003319023933588807,0.0003599492642754614,0.0,0.00436507011440346,0.006996523436325197,0.0,[1],[-1]
159,0.06050727725724822,0.0,0.0,0.0,0.0,0.0,0.10937674135669444,0.0,0.0,0.0,[6],[6]
160,0.04479375358571984,5.209510908873277e-05,0.0,0.0,0.0,0.0,0.14353518868520931,0.0,0.0,0.0,[6],[6]
161,0.03877182933657582,0.0,0.0054710489582101484,0.0006804820296608688,0.0,0.09397138583051268,0.0,0.009074241754686388,0.0,0.0025764425164405097,[5],[6]
162,0.06413829027477083,0.0,0.002488637088856835,0.002242836261737822,0.0002067981338296924,0.10089710151512542,0.0,0.020014093745034038,0.0,0.0,[5],[6]
163,2.0804481210844565e-05,0.0003864197784981106,0.003919031168111816,0.006341311410033805,0.19723727697606067,0.00024833471694949235,0.0,0.0,0.0,9.477217131824206e-05,[4],[8]
164,0.0004323999603886505,0.0002142494660477783,0.0017024466842589972,0.0031721322533519477,0.08492516919156984,0.0,0.0017689164293679628,0.0,0.0,0.0,[4],[8]
165,0.10251039254189451,0.0,0.0005234820045133221,0.0,0.0,0.0,0.06972733800124734,0.0,0.04220181307581809,0.08733840126335429,"[6, 9]",[6]
166,0.026924083555490967,0.0,0.005714360407164263,0.0,0.0,0.015650428379321724,0.0,0.002579283493802775,0.03022251157741238,0.06299114858893272,[9],[6]
167,0.0632077037496806,0.0,0.0,0.0,0.00026464710783645284,0.0,0.08247350792205572,0.0,0.0322504493604995,0.07216469475813114,"[6, 9]",[6]
168,0.06611354190861357,0.0,0.0,0.0018210601998359416,0.0004400289762528614,0.02522843364583203,0.0,0.010025123256698049,0.0,0.0,[5],[-1]
169,0.05946284094520126,0.0,0.010612779535493723,0.0019354954407139531,0.0,0.15929642449799633,0.0,0.013693843005704066,0.00606444484505228,0.026222465853914963,[5],[-1]
170,0.08583499803257852,0.02036818984955721,0.028201047399336175,0.0,0.001260072916389225,0.029547162665862138,0.0,0.0,0.007451966645691393,0.0,"[1, 2, 5]",[6]
171,0.08654417338886156,0.0,0.0,0.000992041075161503,0.0002746488151374018,0.0198737423667893,0.0,0.0,0.00349925828418773,0.015489681091922988,"[5, 9]",[6]
172,0.008638542405974883,0.0,0.0,0.0,0.0,0.0,0.04620078880905301,0.0,0.0,0.0,[6],[-1]
173,0.04784428161865628,0.0,0.00016014430446577744,0.0,0.0,0.0,0.023663849198241518,0.0,0.02875406079035662,0.06707027542079468,[9],[-1]
174,0.012011527788459821,0.0,0.0037332863405002206,0.000264385702292874,0.0,0.05221688258858024,0.0,0.0009485639075213057,0.007119854523616973,0.020589386342217672,[5],[6]
175,8.030004968396315e-05,0.03517174081354287,0.05043946003713847,0.0,0.0,0.0,0.0049225029905250834,0.0,0.0,0.028394124437866326,"[1, 2]",[-1]
176,0.04506867876598649,0.0,0.0,0.0007104568842147659,0.0,0.0,0.11554205288799517,0.004664874272047812,0.0,0.0,[6],[6]
177,0.06990071300210639,0.0,0.0,0.0024808119449010687,0.0005392651596648632,0.002825284087193395,0.0,0.0,0.0,0.0,"[3, 5]",[6]
178,0.05554421854051211,0.0,0.007049728379254089,0.0,0.0,0.03193231484783581,0.0,0.0,0.048770893944130186,0.11217810944963756,[9],[6]
179,0.06277079662634122,0.0,0.0,0.0,0.0,0.0,0.0964901752169229,0.0,0.0,0.0,[6],[6]
180,0.09796619534083492,0.004042621977187238,0.01584774165874291,0.029163909175110886,0.0,0.0,0.0034313435954768253,0.0,0.0,0.0,[3],[6]
181,0.02060709462362724,0.0,0.00541297075503843,0.0023716208939269768,7.950286790598456e-05,0.0989278176770383,0.0,0.01803709169988643,0.0,0.0,[5],[-1]
182,0.0526725842493265,0.0,0.006009828749785532,0.002419375792335734,0.00027097634121575495,0.1454305342079845,0.0,0.03305434379279895,0.0,0.0,[5],[-1]
183,0.0005313499961709331,2.2488637154590626e-06,0.0,0.00010017925338263809,0.0006712614486697584,0.0,0.006126463807276117,0.04350314732651407,0.0,0.003112189409337124,[7],[6]
184,1.0255443546245379e-05,6.91904106205605e-08,4.565602438273162e-07,4.250070568234791e-08,0.0001151192653866553,0.0,0.0003816552750335392,0.004174772872107013,0.0,0.00036394472556835713,[7],[6]
185,0.0821592111265797,0.0,0.0,0.0007584938451577369,0.0009193400459384394,0.0,0.0254284804387722,0.011058071846052358,0.0,0.0,[6],[6]
186,0.050403083892795734,0.0,0.0041156128916584106,0.004145525249016549,0.0004162011453753937,0.12835051026742902,0.0,0.037357867291768855,0.0,0.0,[5],[-1]
187,0.045573489759301644,0.0,0.0031927932511790083,0.003268956788026084,0.0,0.10130602470436133,0.0,0.017358619258834373,0.0,0.0,[5],[6]
188,0.07692249734330042,0.0,0.0,6.0172728325939366e-05,0.00034354392651369235,0.047501589304710226,0.0,0.010712402541987744,0.0,0.0,[5],[-1]
189,0.06417369459739766,0.0,0.0,0.0,0.0,0.0,0.1183913483205169,0.0,0.0,0.0,[6],[6]
190,0.026553035248794606,0.0,0.006998315005806989,0.0,0.0,0.05154571122932509,0.0,0.0,0.03379937722722954,0.07831144257137103,"[5, 9]",[-1]
191,0.0692405290843573,0.0,0.018544448561792118,0.0006485246208152403,0.0,0.1565274209538807,0.0,0.010050309902884129,0.030558714376464284,0.05851172183548509,[5],[6]
192,0.06159117280447064,0.0,0.0,0.0,0.00010226871803679708,0.0,0.02589661267265491,0.0,0.0373419139313648,0.08949124464777732,[9],[6]
193,0.04432717433901809,0.0,0.012132767031587183,0.0,0.0,0.10864457563311058,0.0,0.003690975345452425,0.054339492394084324,0.13286549447187174,"[5, 9]",[-1]
194,0.060573862994784136,0.0,0.0,0.00023955168782412498,0.0,0.0,0.0,0.0,0.0,0.0,[3],[-1]
195,0.00016167414207424494,0.13053349122151264,0.0,0.01782973573175257,0.0017889480123347969,0.0029643017799872444,0.0,0.04106363165085168,0.04802325297056705,0.0,[1],[-1]
196,0.0001480157643825623,0.0577196203425249,0.10375865643434229,0.0,0.0,0.0,0.009435029206617823,0.0,0.0,0.05340516185478217,[2],[5]
197,0.06294534297416941,0.0,0.0,0.000543664135098758,0.00047294033477382827,0.0,0.0,0.0,0.0,0.0,"[3, 4]",[6]
198,0.05341352043950683,0.0,0.004460133810769884,0.0004674504625529315,0.0,0.07032341119376288,0.0,0.004792657751359754,0.003975085594147884,0.01434945507266111,[5],[-1]
199,0.05339980091345835,0.0008806498594134088,0.0,0.0,0.0005017164089827447,0.0,0.0849202737987116,0.0,0.03802096671743208,0.08488266720060593,"[6, 9]",[6]
200,0.0586458902137555,0.0,0.0,0.0,0.0009776162490547496,0.0,0.06616158953574379,0.0,0.0,0.0,[6],[6]
201,0.0023998172082780244,0.018811406103495007,0.0626564629245,0.058740022948596524,0.0,0.0,0.0012323865527881545,0.0,0.021719440125180577,0.0,"[2, 3]",[-1]
202,0.00013946149447209786,0.0027885186841260217,0.007210805981657436,0.007057808039075827,0.0,0.0,0.00012419184235363975,0.0,0.010628726340028042,0.0,"[2, 3, 8]",[-1]
203,3.7584082026158978e-06,0.00020600676132113984,0.0017020480190701427,0.004960488109326963,0.0,0.0,3.4337362784030525e-05,0.00019013212567158008,0.0,1.5810415038275784e-05,[3],[2]
204,0.00046304992919606595,0.012733326400796092,0.07229468177384188,0.17617201731508308,0.0,0.0,0.003118636085817593,0.005972644377882291,0.0,0.0014002815047269043,[3],[-1]
205,0.0736455325519042,0.0,0.0,0.002064975375683821,0.0005455335100042791,0.09019422612141205,0.0,0.025661849676895228,0.0,0.0,[5],[6]
206,0.0826037921351527,0.0,0.0,0.0,0.0,0.0,0.09574802518178192,0.0,0.0,0.0,[6],[6]
207,7.150816587880113e-06,8.307449873553302e-06,0.000127841252507858,0.0002633123967334428,0.0008309514550070172,1.1300445487206477e-07,0.00028820517489174294,0.077745024165396,0.0,0.0027684645573955668,[7],"[1, 6]"
208,9.233080898716245e-05,7.881398744446572e-05,0.0005866222246781711,0.0008961731668345619,0.00254164598889271,8.391849992023048e-05,0.0010360776732819214,0.18606232891887012,0.0,0.008320535142194602,[7],[-1]
209,0.02453330895373229,0.0002129173065254919,0.0,0.0,0.0,0.0,0.13704151886041357,0.0,0.0,0.0,[6],[6]
210,0.06149985980703562,0.0,0.0,0.0015314826627078153,0.000707527758253538,0.029051590908579096,0.0,0.008198664437771187,0.0,0.0,[5],[-1]
211,0.0002271890888336108,0.1145721030944439,0.0753660557361234,0.0,0.0,0.0,0.007207619389262634,0.0,0.0,0.045392724632976035,"[1, 2]",[-1]
212,0.00011114423519648329,0.04892464442933612,0.08366826274997306,0.0,0.0,0.0,0.007431431465225691,0.0,0.0,0.04267330868585624,[2],[-1]
213,0.029929293473769075,0.0,0.0004061965440322496,0.0,0.0001593303654547307,0.0,0.0893082287394436,0.0,0.04227155432815243,0.08419953700098405,"[6, 9]",[6]
214,0.02883394794172674,0.0,0.003849641482565748,0.002344936278275647,8.730778626201234e-05,0.10064459886398323,0.0,0.019112945521166404,0.0,0.0,[5],[-1]
215,0.06619428489858872,0.0,0.0,0.003217619463440294,0.0,0.0832837987070414,0.0,0.013509126699182408,0.0,0.0,[5],[6]
216,0.00017698414759320693,0.12228695054108467,0.0,0.007251903878434179,0.0011374916425459737,0.0021918483168118187,0.0,0.026466919201951045,0.04080259911542596,0.0,[1],[-1]
217,7.05455951437711e-05,0.06733102372755777,0.0,0.012537536896573779,0.0011138077657590671,0.0018255230293268978,0.0,0.02107769467035806,0.03265503510258856,0.0,[1],[-1]
218,0.1095710889436169,0.0,0.0002923086828934752,0.0,2.6870290744941303e-06,0.004979174282167079,0.018876788338931264,0.0007626478961222862,0.024424431584442418,0.06190354102356567,[9],[6]
219,0.04137349564747696,0.0,0.0,0.0,0.0,0.0,0.13029654760167506,0.0,0.024573792808344548,0.03952317815550005,[6],[6]
220,2.440195710758989e-05,1.687040755891043e-05,0.0002959797356870957,0.0008720142967527496,0.002506829872114599,0.0,0.00063038067376365,0.16987159690662032,0.0,0.0059426762219969495,[7],[-1]
221,0.0006949678147254083,0.0,0.00015272650290768555,0.0008462000755668609,0.001985550250894743,0.0004896502100450324,0.0,0.12075816731720977,0.0,0.0030891277142545102,[7],[-1]
222,6.328459487276402e-05,0.0635766078505914,0.0,0.009480905925955019,0.0012090633608207934,0.001673042449308602,0.0,0.02048305660644178,0.03482401048462631,0.0,[1],[-1]
223,0.0020120592750613123,0.011483294780766694,0.020950298879636765,0.02671348683993134,0.0018175722698041937,0.0,0.0037016945782335463,0.0,0.014199962893576716,0.0,"[2, 3]",[5]
224,0.005853340994843865,0.006222113518627772,0.05848124590009456,0.0,0.0,0.0,0.009774800822615302,0.0,0.07386398101343412,0.0,"[2, 8]",[3]
225,0.07887193719504117,0.0,0.0,0.0,0.000769434869385866,0.0,0.05577783854563115,0.0,0.0,0.0,[6],[6]
226,0.03675094398990293,0.0009983763805022764,0.004202561913503604,0.0,0.0,0.0,0.13463361103453045,0.0,0.02647276455101851,0.01975181167233591,[6],[6]
227,0.00018782809579130354,0.08098756351649489,0.07324506495960602,0.0,0.0,0.0,0.0061077834073423615,0.0,0.0,0.03724969714214888,"[1, 2]",[5]
228,7.248511102658405e-05,0.037956586669347786,0.07189454434704864,0.0,0.0,0.0,0.006744738591726791,0.0,0.0,0.03950135442549755,[2],[-1]
229,1.976789277121158e-05,1.0046732680401591e-05,0.00016896000689145332,0.0004114682457238189,0.0019219374317169793,0.0,0.0004305618878862966,0.11119307040890039,0.0,0.0038722461891077913,[7],[6]
230,0.00010502461743468444,2.0626473296992393e-05,0.00042233654298779724,0.000932040656218589,0.001819741416575385,0.0,0.00112248919496188,0.18287404009451572,0.0,0.008070409642353869,[7],[-1]
231,8.711749663148778e-05,0.08417612513392003,0.0,0.009476454662598452,0.0012295829789290618,0.002063607709351951,0.0,0.025111980951745633,0.03429817320337148,0.0,[1],[-1]
232,0.0733042186979771,0.0,0.0041498365503807285,0.0009541498229439444,0.0,0.09091143466690438,0.0,0.004160511873093668,0.001156582256968927,0.013217099412362923,[5],[-1]
233,0.0008127112986509634,0.088323058088346,0.0,0.011632150967225485,0.0014359873060927125,0.002662016521068103,0.0,0.02393326023358642,0.040705534566735105,0.0,[1],[5]
234,9.658514331336298e-05,0.07204570584486018,0.0,0.017326023858719595,0.001111110345248251,0.0017825286927403586,0.0,0.02478307971081674,0.03353042215079584,0.0,[1],[5]
235,0.06057886308505558,0.0,0.006531063886990079,0.0,0.0,0.05585575854300223,0.0,0.0,0.045995337969626175,0.11397647305008844,[9],[6]
236,0.031923567954814394,0.0,0.0,0.0,0.001258672569924167,0.0,0.0169425208978659,0.020920354959322547,0.009393036679233944,0.03046889434907928,"[7, 9]",[-1]
237,1.3332081107831553e-05,0.003344569233834627,0.015354728079652854,0.03852323653496222,0.0,0.0,7.701643967570286e-07,0.004603149085938266,0.0,0.0033736356661895964,[3],[-1]
238,8.061397458411943e-06,0.002678918519685879,0.011611189112338605,0.02838276328912416,0.0,0.0,0.0,0.0037013493645361947,0.0,0.0030514788709901223,[3],[-1]
239,0.0001881241798634028,0.07732861137845905,0.05967647736802034,0.0,0.0,0.0,0.005548533501964897,0.0,0.0,0.035154908000844684,"[1, 2]",[-1]
240,0.00013112651425912144,0.11252257251634477,0.0,0.012180648574736368,0.0017598941630859897,0.0026288764188726627,0.0,0.032501118526978796,0.04634866334441655,0.0,[1],[5]
241,0.0666809596927269,0.0,0.0,0.0,0.0,0.0,0.11586043463038899,0.0,0.0,0.0,[6],[6]
242,0.0027772378780797115,0.0,0.0,0.0,0.0008173309509248658,0.0,0.009083263791978553,0.01831340654633459,0.00034873591645561834,0.003942401812165001,[7],[6]
243,0.06802265739598326,0.0,0.019221512494768195,0.0003324254684100102,0.0,0.14419418904444806,0.0,0.010719310530956545,0.03990167877563104,0.08243920619611847,[5],[-1]
244,0.005818644871416271,0.0005988202043444946,0.009247118418832257,0.001517628533411845,0.0,0.0,0.006687452283521423,0.0,0.02135465075069309,0.02182310357967057,"[8, 9]",[-1]
245,0.08942307338639852,0.0,0.0,0.0,0.0003942851608847396,0.0,0.11625395517032829,0.0,0.013350364491787284,0.02867813896318131,[6],[6]
246,0.00018224016763099138,0.0493595593370784,0.1009256947197452,0.005143946171639439,0.0,0.0,0.007712804467005223,0.0,0.0,0.04380079303391696,[2],[-1]
247,0.07569628545359693,0.0,0.0024299319722814895,0.0004490190924831025,0.0,0.06263770137340074,0.0,0.0,0.00407964197448453,0.018861526422990424,[5],[6]
248,0.00010371096646158251,0.1052828597226825,0.0,0.020073861767597404,0.001873329605795552,0.002803900847015604,0.0,0.037702478512964245,0.051867241611262195,0.0,[1],[-1]
249,0.03954505912200881,0.0,0.0,0.0,0.00019135064185672062,0.0,0.06610427062648162,0.0,0.03165760336336397,0.06688226876656882,"[6, 9]",[6]
250,0.00014608416990221837,0.059946730829021404,0.06820991158572486,0.0,0.0,0.0,0.005573726113541386,0.0,0.0,0.03255941447829695,"[1, 2]",[5]
251,0.057465085943995575,0.0001305306830526004,0.0,0.0007309026668754514,0.0,0.0,0.12691594550686705,0.0,0.0,0.0,[6],[6]
252,0.01736982030652492,0.005781830434872945,0.05696473668708115,0.0,0.0,0.0,0.07900561411408873,0.0,0.08526677752995265,0.0,"[2, 6, 8]",[6]
253,0.06366418788452756,0.0,0.008233864801068622,0.0,0.0,0.09159555254364161,0.0,0.0,0.03047620836598149,0.07863183002096619,"[5, 9]",[-1]
254,0.023208945997553892,0.0006585038867968332,0.0,0.003483937828283864,0.0,0.0,0.11539076027332344,0.0,0.0,0.0,[6],[6]
255,0.022269865310207786,0.0015373200624390331,0.008657984120066173,0.025057940487879897,0.0,0.0,0.08192695461732061,0.005684014857537809,0.011450857319364611,0.010772449683544828,[6],[6]
256,0.05536444375793455,0.0,0.0,0.0,0.0005706511828833558,0.0,0.06017450313251187,0.0,0.010202416677712071,0.02423716914432738,[6],[6]
257,0.08059303101296049,0.0,0.0,0.00040239715433804715,0.0,0.0,0.0735519943640618,0.0,0.0,0.0,[6],[6]
258,0.0844678518402891,0.0,0.0031803719621481953,0.0,0.0,0.024258396098051128,0.0,0.0,0.04298794927916821,0.10843377332695511,[9],[6]
259,0.0634086357680621,0.0,0.0,0.002160282958422472,0.0,0.0,0.08171450221842429,0.0,0.0,0.0,[6],[-1]
260,0.0662630044382614,0.0,0.001093762644347507,0.0009584785221443014,0.0,0.07423825801312657,0.0,0.002795574533723465,0.0,0.0,[5],[-1]
261,0.09966204826610654,0.00044169004904806087,0.0,0.0,0.0,0.0,0.046942356544795255,0.0,0.0,0.0,[6],[6]
262,0.04972252657812955,0.0,0.0,0.0,0.001543230556263984,0.0,0.011848510851514768,0.0332168754344999,0.0,0.0041070893873137206,[7],[6]
263,0.0012403334553602403,0.004929238069385876,0.05358195112183689,0.0,0.0,0.0,0.00014160837461987667,0.0,0.07120397006563817,0.0,"[2, 8]",[3]
264,0.006054894216455261,0.007729991606093469,0.07219577721874594,0.0,0.0,0.004422384166185767,0.0,0.0,0.09573821408183857,0.0,"[2, 8]",[3]
265,0.0002917736429698916,0.00012626567492841418,0.0013198686462515263,0.0010451249739873547,0.0029222865630521445,0.0008874274595053238,0.0015829877773688747,0.2236251433180432,0.0,0.011477695844601031,[7],[-1]
266,7.018579346696167e-05,6.23920610099209e-05,0.0007728480859343526,0.001691939979143711,0.02397541569890772,0.0,0.0008168056611171318,0.16153929421174423,0.0,0.006347667503786037,[7],[6]
267,9.288624649135846e-06,0.00020544871235921326,0.0031829217486358846,0.0,0.0,0.0,3.8552241675074985e-05,0.0003096554384707851,0.004207524812746656,0.0,"[2, 8]",[-1]
268,0.00038211303971436657,0.0027431099935174854,0.019830344526789657,0.006198934257145403,0.0,0.0,0.003928870986933011,0.015054204514031657,0.01496147550613362,0.0,"[2, 7, 8]","[1, 3]"
269,4.5833265279364874e-05,0.0005154023947115499,0.006283432651907106,0.0,0.0,0.0,0.0,0.0,0.008847361556979355,0.0,"[2, 8]",[-1]
270,0.00013883038535512191,0.001489720826883761,0.01995036575709573,0.0,0.0,0.0,0.0,0.0,0.028468154597178268,0.0,"[2, 8]",[-1]
271,0.04272311538851702,0.0,0.008744670439521512,0.0,0.0,0.008587629874684232,0.024766481400887535,0.0,0.07035420064470546,0.15389687531854226,[9],[-1]
272,0.01701264224638081,0.0,0.00030430394324396386,0.0,0.0005954967819446966,0.0,0.029136664447507576,0.01453705987200015,0.026625361888482087,0.06459931009910565,[9],[6]
273,2.536511300482522e-05,0.0026538283345348074,0.020829884144601754,0.07259139486091568,0.0,0.0,0.0,0.005385746435737391,0.0,0.002507320675220352,[3],[-1]
274,0.028346843111584415,0.0,0.001961059600176,0.0,0.0,0.03523488361845104,0.0,0.01115946374016469,0.0074216551233516415,0.024469013417908175,"[5, 9]",[6]
275,0.0019099988672830576,0.01099192417634427,0.08927800626482028,0.0,0.0,0.0,0.0,0.0,0.10485318478836438,0.0,"[2, 8]",[3]
276,0.0009044918584979243,0.010471080948550216,0.09369822449907265,0.0,0.0,0.0,0.00048229281323312775,0.0,0.13084979969367566,0.0,"[2, 8]",[-1]
277,0.02792843320404758,0.0,0.005882120959609359,0.0014403515528986892,0.0,0.09726275549124264,0.0,0.015303222487266295,0.0,0.0,[5],[2]
278,0.07093825092864416,0.0,0.0,0.00031324261885776563,0.0,0.0,0.08074746041937965,0.0,0.0,0.0,[6],[6]
279,0.05589268835386687,0.0002714369788543522,0.008403496549757066,0.0,0.0,0.0,0.05009672240706749,0.0,0.07149488853862522,0.14860759409333046,[9],[6]
280,0.0001296079876407894,0.10738502027505693,0.0,0.0028354400345021163,0.0,0.0017692582503191585,0.0,0.016618855477503875,0.009798169731784077,0.0,[1],[-1]
281,0.00015683303780488506,0.06703463466979118,0.10685495104624844,0.0,0.0,0.0,0.009740810999268294,0.0,0.0,0.055816609772730924,"[1, 2]",[-1]
282,0.000483386177263754,0.03568402843964055,0.06657425227460166,0.0,0.0,0.0,0.006543382257329888,0.0,0.0,0.033413267233612064,[2],[-1]
283,0.0005587666970810487,0.007688869246831996,0.08401234094001112,0.0,0.0,0.0,0.0,0.0,0.11480594946787263,0.0,"[2, 8]",[3]
284,0.00024117724529890938,0.0014389367564358849,0.014347253986840995,0.008940614072105755,0.0,0.0,0.0011990262769643295,0.0,0.014256437791357449,0.0,"[2, 3, 8]",[3]
285,6.0055141415948864e-05,0.003917450171841157,0.035828114568749535,0.12522539604740085,0.0,0.0,0.0,0.012474262453635867,0.0,0.002863517049432062,[3],[-1]
286,0.00012798375429980903,0.005349208777395075,0.04408222801260716,0.13278969923655,0.0,0.0,0.0,0.013031198928706172,0.00025004513403508165,0.0,[3],[-1]
287,3.922660038531876e-05,0.002321910797598845,0.01653529441811861,0.050026225907851184,0.0,0.0,0.0,1.0181918898767738e-05,0.0,0.0008374962080614403,[3],[-1]
288,0.042573841020105155,0.0,0.0022984978530393133,0.003475431616358684,0.0006160608058613547,0.10498827195855052,0.0,0.035901272886621156,0.0,0.0,[5],[-1]
289,0.09502663447935562,0.0,0.0,0.0017681360911081928,0.0,0.0,0.031076721630560657,0.003286433783774003,0.0,0.0,[6],[6]
290,2.629571621486548e-06,0.00024116066280108775,0.0025701130181437636,0.004413083365798754,0.14319420274883835,0.0002634099208100538,0.0,0.0,0.0,5.966131547723616e-05,[4],[-1]
291,8.090027207512655e-06,0.0003081268545703776,0.0031876044825721634,0.005244462207882054,0.16124426223127447,0.00024253185758637164,0.0,0.0033290930346996494,0.0,0.0002340834012487657,[4],[8]
292,0.0004374831829715985,0.0001829412956595207,0.002368797485472533,0.000585536953053488,0.0,0.0,0.001373340760300995,0.0,0.004533005972813003,0.0022871743270989394,[8],[-1]
293,0.05537612353054493,0.0,0.0,0.0008698877705163123,0.000883949755816244,0.0,0.0,0.010339646991199894,0.0,0.0,[7],[6]
294,0.11237314570512451,0.0,0.00042535452538937314,0.0,0.0,0.0,0.04165163261422982,0.0013079134516466152,0.0,0.0,[6],[6]
295,0.00011159035125489257,6.894217088311897e-06,0.0002623296792171709,0.0005424396565659242,0.001884393572161388,0.0,0.0012482144438234408,0.09800831517482884,0.0,0.005351339765793851,[7],[6]
296,1.6761445866563411e-06,0.0001136168786353023,0.0013095486735943262,0.0020869870314423437,0.06613050237387282,0.00010749263955572573,0.0,0.0,8.68776618587416e-05,0.0,[4],[-1]
297,1.1080623502338537e-05,0.0004368360861038989,0.004455888674453331,0.007877342693855238,0.11538014460528656,8.685102857507983e-05,0.0,0.0,0.0005408915371764875,0.0,[4],[8]
298,0.0808503274637977,0.0,0.0,0.0,0.0,0.0,0.08870945179369957,0.0,0.01582142910115944,0.03607972841724864,[6],[6]
299,0.06252233496835896,0.0,0.0,0.0,0.0007129238672540895,0.0,0.042844858771544016,0.0,0.0,0.0,[6],[6]
300,0.036387216951804156,0.0,0.0,0.0,0.0007422481284435657,0.0,0.02679719882559915,0.0,0.0,0.0,[6],[6]
301,0.06944343248364761,0.0,0.0,0.0008337934407577638,0.0005699942647400916,0.007053072348551482,0.0,0.006308110225205087,0.0,0.0,"[5, 7]",[6]
302,0.056607230557848255,0.00044975599667788083,0.0022667901358975288,0.0,0.0,0.0,0.0762019896141148,0.0,0.047607256460884505,0.10704877311978722,"[6, 9]",[6]
303,0.05553725256145226,0.0,0.0,0.0,0.0,0.0,0.02145346405591904,0.0,0.017227344435596138,0.045195509801535874,[9],[6]
304,0.07811072529495759,0.0,0.0,0.0,0.00010944608412125264,0.0,0.0718045615976576,0.0,0.035966540933225176,0.06902927355925771,"[6, 9]",[-1]
305,0.04353552182381314,0.0,0.0,0.0,0.00024844556487801516,0.0,0.07085946836664306,0.0,0.03344421802321748,0.07542987139644486,"[6, 9]",[6]
306,0.06446314702436959,0.0,0.0043477041826957856,0.0,0.00010873381640153403,0.05365869191894481,0.0,0.024947555810736922,0.0279215198778577,0.07924365213004983,"[5, 9]",[6]
307,0.0003159868349081323,0.0940248297003784,0.127516945351231,0.03142340798134916,0.0,0.0,0.010308155760900306,0.0,0.0,0.058583055842018505,"[1, 2]",[-1]
308,6.555088873443302e-05,0.008416243096973449,0.04850096351549473,0.1370210500783246,0.0,0.0,0.0,0.01910443669347433,0.0,0.00747941472234215,[3],[2]
309,0.06096838193213784,0.0,0.006642401768809485,0.0007831331233280598,0.0,0.09735101797945075,0.0,0.00396101463763462,0.007379170717213799,0.02522479512828499,[5],[6]
310,5.37420287045801e-05,0.0027472347690259452,0.027377956121236002,0.09146895707518561,0.0,0.0,0.0,0.007460945229551836,0.0,0.0008034170076444814,[3],[-1]
311,1.7067778701679674e-05,0.0017298922803875,0.017825900256240475,0.06603486436161483,0.0,5.730761243369662e-06,0.0,0.011369813256044815,0.0,0.0013941903369702737,[3],[-1]
312,0.04754162186491822,0.0,0.0,0.00026712643082458306,0.0,0.0,0.12767525356717532,0.0,0.0,0.0,[6],[6]
313,0.07885104207682393,0.0,0.0,0.0,0.0,0.0,0.15870456231103733,0.0,0.0,0.0,[6],[6]
314,0.023049296836665293,0.0,0.003722257667430869,0.0,0.0008408258889827984,0.01631716319324393,0.004200455793923625,0.02915521443714349,0.03520564420494707,0.08865344860029711,[9],[-1]
315,0.035816082166860184,0.0,0.0069834552907150375,0.003383968399669805,7.989208707674031e-05,0.12014543845635546,0.0,0.027640698108051073,0.0,0.0,[5],[-1]
316,0.05568673302208815,0.0,0.008066467903327313,0.0035709641272617196,0.0,0.1643379106066922,0.0,0.027237369647263678,0.0,0.0,[5],[6]
317,0.013871143368382707,0.006597813708000408,0.026004476447619593,0.04247640684432197,0.0,0.0,0.06083046153216233,0.0,0.0,0.0,"[3, 6]",[6]
318,0.0005499672695131149,0.005659986474902679,0.008632460529832487,0.012833932339970466,0.0,0.0,0.0037724453737380823,0.0,0.00574293783802611,0.0,"[2, 3]",[-1]
319,0.06604747564736281,0.0,0.0,0.0,0.0005895680207831047,0.0,0.05639571036779978,0.0,0.04285354357886808,0.10289312732132472,[9],[6]
320,0.06669330976355109,0.0,0.0,0.00010035580770126288,0.0,0.0,0.08591439568994143,0.0,0.0,0.0,[6],[6]
321,0.04996818985784562,0.0,0.0,0.0011385310762852474,0.0,0.0,0.037190027092316544,0.0,0.0,0.0,[6],[6]
322,8.826881774440273e-05,7.496479323851431e-05,0.0005168584154758747,0.0006800447568727409,0.0013837540281040378,0.00017909638267991335,0.0007780233126826212,0.14536719084863464,0.0,0.00679654164360369,[7],[-1]
323,2.3183883684173855e-05,1.773491108804825e-05,0.00028449297467651876,0.0006906973672738746,0.0014618931885834704,4.5592100829776745e-05,0.0005692246655128957,0.14823996876230358,0.0,0.005556464339591546,[7],[-1]
324,0.0610056068601745,0.0,0.0,0.0,0.00053372569053831,0.0,0.01887560322264666,0.0,0.0,0.0,[6],[6]
325,0.1019855026281142,0.0,0.0,0.0,0.00033535963013099797,0.0,0.02522047831003569,0.0,0.0,0.0024231342375204135,[6],[6]
326,0.062096844051329626,0.0,0.0,0.0,0.007335673572167322,0.0,0.04991920849043602,0.0022594208060054562,0.0010961741503559724,0.00838901943219034,[6],[6]
327,0.000503611048626327,0.07645791489014958,0.0,0.014340845297468803,0.0018183557109111466,0.0001417698046193822,0.0,0.030619398776082194,0.04579571097118284,0.0,[1],[-1]
328,0.07899204543595038,0.0,0.0,0.0,0.00030815953766124004,0.0,0.04590600090315383,0.0,0.007551176043506664,0.018235998455379404,[6],[6]
329,5.6061177847218165e-05,0.022885363702998235,0.026210905243231154,0.0,0.0,0.0,0.0023050645566463123,0.0,0.0,0.014270830965894375,"[1, 2]",[-1]
330,0.00015530777303358643,0.07605662653960196,0.08199130655205787,0.0,0.0,0.0,0.007763044568673001,0.0,0.0,0.04554875688675064,"[1, 2]",[-1]
331,0.0706943110358949,0.0,0.0,0.0,0.0,0.0,0.045973107998798696,0.0,0.050910547878953556,0.12190310063487844,[9],[6]
332,0.0001327842504420365,0.09578001977600921,0.0,0.019849314536370843,0.0035275769468273827,0.0024168465585364314,0.0,0.03320811315355483,0.05370091460573643,0.0,[1],[-1]
333,0.000135506782421304,0.0956740532096381,0.0,0.002450413035450683,0.001518031995681014,0.0013676109357240028,0.0,0.013197148365050756,0.012599573370025107,0.0,[1],[5]
334,0.05808046675329228,0.0,0.004018891105735174,0.0,1.6905331485017822e-05,0.0,0.045077229258166616,0.0,0.06740749128036282,0.1564706074027246,[9],[-1]
335,0.02026930738484809,0.0,0.0,0.0,0.0005859021950126998,0.0,0.05543764606443725,0.013438274254489901,0.010286325407947966,0.02702710870081926,[6],[6]
336,0.0009413462725209366,0.061162429208915625,0.09626769740997264,0.0,0.0,0.0,0.009562432612384047,0.0,0.0,0.04827337244847591,"[1, 2]",[-1]
337,0.0001925389819734175,0.07136732379235139,0.09759405525036675,0.0,0.0,0.0,0.008100194250825423,0.0,0.0,0.0474381038230956,"[1, 2]",[-1]
338,4.7509626926802005e-05,0.0028337110981988102,0.027908837798626223,0.09856604054539182,0.0,0.0,0.0,0.014493338834553175,0.0,0.0018395130649939764,[3],[-1]
339,0.0011443934709488774,0.010007831837100724,0.061774934564437944,0.1641178433643421,0.0,0.0,0.009800196493429846,0.006895464794818453,0.0,0.0065395167283699845,[3],[-1]
340,2.9149138424064903e-05,0.0038345133674622407,0.023554078157815034,0.07049632908134365,0.0,0.0,0.0,0.009016035564967648,0.0,0.003620218985140342,[3],[-1]
341,4.229517548160441e-05,0.0018187790502883286,0.018404807478401425,0.05991054683776149,0.0,0.0,0.0,0.007499894436970998,0.0,0.0004267336724034418,[3],[-1]
342,3.2007825927817465e-05,0.002178588562694761,0.020420557827223976,0.07392500496687629,0.0,0.0,0.0,0.005129278808568523,0.0,0.0019163128796836632,[3],[-1]
343,0.004886058434599096,0.004182635656825988,0.02882616370746363,0.03274141542485402,0.0,0.0,0.0194734959295335,0.0,0.019114569942363924,0.0,"[2, 3]",[7]
344,0.04349084693045913,0.0,0.0,0.0017408485657120889,0.0,0.0,0.0,0.0,0.0,0.0,[3],[-1]
345,2.9165393292211914e-05,0.0,2.2166509991377272e-07,0.0,9.87974254004536e-05,0.0,0.00021011411184026417,0.002574493803741501,1.9891894637409297e-06,0.00040327707734350135,[7],[6]
346,5.009945130132357e-05,0.0033784684791362705,0.009655867995007186,0.0,0.0,0.0,0.0,0.0,0.007697111319651421,0.0,"[2, 8]",[-1]
347,0.08232616496609577,0.0,0.0,0.0,0.0008511698033310219,0.0,0.039885803515483466,0.0,0.0,0.0,[6],[-1]
348,0.05430630832560768,0.0,0.0024508938750725582,0.0020095635163446366,0.0,0.09025990330825304,0.0,0.010213096723516378,0.0,0.0,[5],[-1]
349,0.0006474187127584218,0.00674364416211016,0.07475905073201548,0.0,0.004651165246338084,0.0,6.407386733463262e-05,0.0,0.0992017152661542,0.0,"[2, 8]",[3]
350,0.0009498149202458139,0.005724195577017203,0.0566489337927269,0.0,0.0,0.0,0.003903463605091907,0.0,0.07041881976599806,0.0,"[2, 8]",[3]
351,0.06707505596743708,0.0,0.011771126411421284,0.0,0.0,0.13063317128541382,0.0,0.0074512587473747355,0.037466378777248135,0.0967203469671533,"[5, 9]",[6]
352,0.0001617827818501769,0.11049895083449665,0.0,0.013171055702873075,0.0017026166088274656,0.002489533975903856,0.0,0.03276718149750284,0.05055230522865352,0.0,[1],[-1]
353,0.019683416924616504,0.0,0.0,0.0005334274085874312,0.0,0.0,0.03794840766559388,0.0,0.0,0.0,[6],[6]
354,0.06857166261078933,0.0,0.0,0.0007341512903097308,0.00017571819409312528,0.0,0.02662449110814156,0.0,0.0,0.0,[6],[6]
355,0.001319308425768039,0.012407586003142984,0.026044663122583616,0.056344850088809094,0.00042022388325012284,0.0,0.0022844092181919045,0.00024380746544849885,0.0,0.0,[3],"[2, 5]"
356,0.001174561272357092,0.005396516326573207,0.016079634424016987,0.04641328235578583,0.0,0.0,0.0012014089785141516,0.0002908862464892053,0.0,0.0,[3],[5]
357,6.983995060491083e-05,0.006221594233420252,0.0308525989676492,0.08182418216472954,0.0,0.0,0.0003560157240047936,0.002418202363308496,0.0,0.005157511386758444,[3],[-1]
358,0.00013459825666379697,0.014244421516400225,0.01917442807871508,0.06720379098576504,0.0,0.0,0.0009392370892685425,0.00488530624038922,0.0,0.0017156534642500585,[3],[-1]
359,0.07244374689220849,0.0,0.0013331677101717273,0.0021619250776089838,0.00011828813380492294,0.09299767151725571,0.0,0.014049914855009471,0.0,0.0,[5],[6]
360,6.618529244382724e-05,0.05596635479248394,0.0,0.01635614885515978,0.0016509790347168309,0.0017978712061962755,0.0,0.02720050353897688,0.04085510582130757,0.0,"[1, 8]",[5]
361,0.00036784710644926317,0.00831657372694914,0.09009427101048113,0.0,0.0,0.0,0.0,0.0,0.1241714528999614,0.0,"[2, 8]",[-1]
362,0.0001708532909688034,0.0039503763065577725,0.0392966862421931,0.0,0.0,0.0,0.0,0.0,0.05167840063695265,0.0,"[2, 8]",[-1]
363,0.0007966202655363954,0.007396637357609749,0.03655126687744705,0.07861233747168835,0.0,0.0,0.00500476752018201,0.001034991976812757,0.004916878372608558,0.0,[3],[-1]
364,0.001063739506262517,0.025783146983956853,0.002913611291659468,0.0035568945518952913,0.0011107449936018977,0.0,0.002274961773473252,0.00047237556702676086,0.003431801065705186,0.0,[1],[-1]
365,0.0003815646823554991,0.004449125866273376,0.04476421150317929,0.0,0.0,0.0,0.0,0.0,0.0520852454581836,0.0,"[2, 8]",[3]
366,0.00047809701836277384,0.0075270520753003755,0.03763733387541766,0.0,0.0,0.0,0.0005625067061250786,0.0,0.058499589618629944,0.0,"[2, 8]",[3]
367,0.025560469652782913,0.00015741896019486133,0.0,0.0,0.0,0.0,0.10454013685510136,0.0,0.0,0.0,[6],[6]
368,0.05282866029841146,0.0012276042695651742,0.01699676052115573,0.006685868764076453,0.0,0.0,0.07795381812884238,0.0,0.04439925735416716,0.04721868313768219,"[6, 9]",[6]
369,5.620042829265801e-05,3.010534312557024e-05,0.0005048472257224247,0.0018088032144217584,0.002179525186707304,0.0,0.0006737519717623259,0.1451891044220352,0.0,0.005361632500582953,[7],[6]
370,3.661307654962779e-05,2.544847777937614e-05,0.0004264705149362415,0.0015358174219838468,0.0011870848827287158,0.0,0.0007638333652367922,0.11702718318550426,0.0,0.004462541919417991,[7],[6]
371,4.504468271236075e-05,0.046489985695077216,0.0,0.005211580529506101,0.0006820670382312138,0.001098786792586563,0.0,0.01161968321419404,0.017816676184414657,0.0,[1],[5]
372,6.400646948102327e-06,8.950649634164966e-06,0.00010549727291154544,0.00014044384241410781,0.00031946945276709163,0.0,0.00018915591308574022,0.0024162998242749003,4.829889066858738e-06,0.00012696690172541274,[7],[0]
373,3.7344061672156307e-06,5.5630392417562525e-06,6.801341041995802e-05,0.0,7.112340077559807e-05,0.0,0.00011107056104180455,0.0018114222739491741,3.154695105526769e-05,6.603076024791074e-05,[7],[0]
374,7.735382647835905e-05,0.05879038679472496,0.0,0.008922322078556253,0.0011824504383016901,0.0014573008134706323,0.0,0.02016325917083315,0.03796419772758816,0.0,"[1, 8]",[5]
375,0.021612498300535337,0.0,0.0,0.0,0.0,0.0,0.05107912494398675,0.0,0.0,0.0,[6],[6]
376,0.11663298195516593,0.0,0.0,0.001268338579755487,8.663324177099703e-05,0.01948170901079431,0.0,0.005267275729698818,0.0,0.0,[5],[6]
377,0.000773249985500449,0.03482935767329751,0.054117753235733757,0.0,0.0,0.0,0.0035808279939393757,0.0,0.0,0.024220681444319173,"[1, 2]",[-1]
378,0.00030355180531783796,0.006419807837249376,0.06275712667432574,0.0,0.0,0.0,0.0,0.0,0.08245488520418413,0.0,"[2, 8]",[3]
379,0.0003744284427273027,0.0036860967044673432,0.03844141241163982,0.0,0.0,0.0,0.0007999794559336675,0.0,0.04989965649347209,0.0,"[2, 8]",[-1]
380,0.0001393304272211293,0.10375610236206169,0.0,0.015653730086845535,0.0012409776196269649,0.002286625005004698,0.0,0.030966480514847787,0.044693262521719415,0.0,[1],[5]
381,0.026480829793974616,0.0,0.007227739181440211,0.0,0.0,0.07075088202854574,0.0,0.0008003173650449122,0.01805357818080841,0.04166353048393473,[5],[-1]
382,0.0002411562571414938,0.0014872957110280865,0.020175469497576266,0.0025449707526738335,0.0006941837745963824,0.0,0.0,0.0,0.023868621396154466,0.0,"[2, 8]",[-1]
383,0.0005483013158081688,0.012345017429583265,0.09063128139539121,0.14998461322986345,0.010072630228278657,0.0,0.0007869333705244888,0.0,0.028390747046172855,0.0,"[2, 3]",[-1]
384,0.0006943685917691436,0.0034274074382279877,0.03002806987110872,0.0,0.0,0.0,0.0,0.0,0.03482462555254263,0.0,"[2, 8]",[-1]
385,0.0020802678395390782,0.016914775985013113,0.09738290515904331,0.0,0.0,0.0,0.0,0.0,0.0898574561653591,0.0,"[2, 8]",[-1]
386,0.02932193352193247,0.0,0.0,0.0005443480465532536,0.0014451439367574226,0.03850995906692258,0.0,0.048590934285719624,0.0,0.0,"[5, 7]",[6]
387,0.04498358169702442,0.0,0.0044169906513669204,0.0,0.0004052413348962223,0.0,0.039030548330062455,0.0,0.06322094533503923,0.14341746943281333,[9],[6]
388,6.770772459620299e-06,1.073033891393347e-05,0.00016331913769949375,0.00037374748494132826,0.0009441416639977583,6.866252400470163e-06,0.00027934632545606274,0.08969038598852444,0.0,0.003090670818121578,[7],"[1, 6]"
389,1.1427702108236104e-05,1.3361743127838016e-05,0.00020778893938555836,0.0004934843482444357,0.0020707633839406716,0.0,0.0004457846986250272,0.1296657947561076,0.0,0.004532200056470604,[7],"[1, 6]"
390,0.05973722636778241,0.0,0.0,0.001687201350971202,0.0,0.0,0.092708827626398,0.0,0.0,0.0,[6],[6]
391,2.0387282040718098e-05,0.0015619978019769092,0.007052265059307904,0.007810108801531131,0.16704698043684837,0.00013150447624984274,0.0,0.0,0.0,0.001365224849997306,[4],[8]
392,2.6413670006667873e-05,0.0005069913249035392,0.005832362041353541,0.005548917410288115,0.17828797482030898,2.3596781858694835e-05,0.0,0.0,0.0026393212059103483,0.0,[4],[8]
393,0.048954569979449816,0.0006090151081307976,0.0,0.0,0.0003948300386162456,0.0,0.031164995673227124,0.0,0.004869652511641766,0.01170805384991982,[6],[6]
394,0.03196190320489881,0.0002951482627080975,0.0,0.002112546746689227,0.0,0.0,0.10968210955007661,0.0,0.0,0.0,[6],[6]
395,0.046769998025228625,0.0,0.00571906611389517,0.0030337707325753293,0.0,0.14528542758809743,0.0,0.021696204877381692,0.0,0.0,[5],[6]
396,4.977596648227911e-05,0.0027489020413450113,0.01710366996056471,0.04202590245870898,0.0007722917770880021,0.0,0.00018573893204206916,0.0011715101590442977,0.0,0.002098296666225716,[3],[-1]
397,0.036454523826200555,0.0,0.0,0.0007254156079686232,0.00029650072242608607,0.0,0.007477128475176006,0.0,0.0,0.0,[6],[-1]
398,0.00011131688819010504,0.04960605777252001,0.04749900681524405,0.0,0.0,0.0,0.0038144093885207095,0.0,0.0,0.023357105776077594,"[1, 2]",[-1]
399,0.02206210764013431,0.00041086749896982497,0.006105125287376765,0.0,0.0,0.0,0.01789292840567679,0.0,0.030562089843388818,0.056000358547883405,[9],[-1]
400,0.00015102414396453125,0.005076206158059062,0.030329402297474575,0.08400649225146352,0.0,0.0,0.0,0.01603643946156199,0.0,0.002112196253193431,[3],[-1]
401,0.06518418004816422,0.0,0.00012316102951971918,0.003579040023425961,0.0005781777957392019,0.1048576124391282,0.0,0.03125232165000024,0.0,0.0,[5],[6]
402,0.07353766430404368,0.0,0.0,0.0,0.0,0.0,0.11677953061114361,0.0,0.031113932264285746,0.06452790725419001,[6],[6]
403,0.0289575174614955,0.0,0.00814481041624426,0.0,0.0,0.04372753912378656,0.0,0.0,0.05320743988727711,0.1249381838977152,[9],[6]
404,6.970950528247868e-05,0.005371005856935401,0.023256870831170926,0.06426455049209527,0.0,0.0,0.00044742697743468984,0.003334534637432602,0.0,0.0016884596181271974,[3],[-1]
405,4.837883933643556e-05,0.003218361659822391,0.03118522375248487,0.10064686602882306,0.0,0.0,0.0,0.013132690613005957,0.0,0.0003575750817280101,[3],[-1]
406,3.738750194508278e-05,9.839575487094934e-06,0.00018701088716946844,0.00042592027281101834,0.0008942273497451647,0.0,0.0006112430709362002,0.09729220879547687,0.0,0.004049819635238949,[7],[-1]
407,1.8729560720056315e-06,0.0001727236703214847,0.0017500349839745027,0.0029434092274605,0.09782559514203043,0.00017941590201663173,0.0,0.0,0.0,7.060080832271868e-05,[4],[8]
408,8.866251289246765e-05,0.0003873243874636597,0.004601430197463798,0.0009124114687136783,0.0,0.0,0.0001371296921731591,0.0,0.006483798571350558,0.0,"[2, 8]",[-1]
409,0.00013302259883586658,0.0004897239005557046,0.006308079202554494,0.0003598711626004926,0.0,0.0,0.0003056162080943662,0.0,0.008932853049509573,0.0,"[2, 8]",[-1]
410,0.0005665557015072233,0.00030683122145905035,0.0038826882390752106,0.0,0.0,0.0,0.0008853069510017407,0.0,0.006294926071314558,0.0,"[2, 8]",[-1]
411,0.0006126252085071471,0.002125832601848798,0.00915988455440178,0.0,0.0,0.0,0.0011071008830752407,0.0,0.008284416167129962,0.0,"[2, 8]",[-1]
412,0.00025673720182235927,0.15715770340719143,0.0,0.0,0.0004606643579107554,0.0011738396528991695,0.0,0.00819175809291177,0.0,0.0027908809268844684,[1],[-1]
413,8.111495448444226e-05,0.07382332780306117,0.0,0.015450490375639715,0.0017695905691088095,0.002183157143437582,0.0,0.030020419686274852,0.04771748306883199,0.0,"[1, 8]",[-1]
414,0.03855540715169103,0.0,0.0,0.0,0.0009103950895954835,0.0,0.07675876949994591,0.0030557061163245885,0.020740078677328484,0.0478992142418955,"[6, 9]",[6]
415,0.03879179973333032,0.0,0.0,0.0,0.0012879816661809885,0.0,0.04730228587177165,0.019340363860199463,0.02800706790610435,0.0726251499674602,"[6, 9]",[-1]
416,0.05253238545963281,0.0,0.007527452639592085,0.0,0.0,0.07045348716380948,0.0,0.019140148308340994,0.03533660099766849,0.08953710665676282,"[5, 9]",[6]
417,0.034191857161232894,0.0005958584128684792,0.0009359381455928353,0.0,0.0,0.0,0.14781704535287,0.0,0.017538647429872566,0.0,[6],[6]
418,1.1488822786228707e-05,0.0003639137973862558,0.0035815290623451746,0.00567398855925556,0.17642079237105437,0.00023081095143293582,0.0,0.0,0.0,8.855255779477511e-06,[4],[8]
419,8.038998765687569e-06,0.0003667857962140923,0.0036489542476353777,0.005818750819401382,0.17899497526490482,0.00027281948373713465,0.0,0.0,0.0,6.355430237188241e-05,[4],[8]
420,0.00016089305318535738,0.006009410019270671,0.05945907704608796,0.0,0.0,0.0,0.0,0.0,0.07703761622089594,0.0,"[2, 8]",[-1]
421,5.3484381211137206e-05,0.0026256834279461175,0.023814232887578005,0.08413681054004274,0.0,0.0,0.0,0.003314416859008755,0.0,0.0021825511708016,[3],[-1]
422,7.723309210073193e-05,0.002950771998632555,0.025837390311751012,0.08396138265099971,0.0,0.0,0.0,0.0009615607660141465,0.0,0.0013746033003524,[3],[-1]
423,0.015119612032069804,0.0,0.0,0.0008862217122670477,0.00016251248108670099,0.027392068673277634,0.0,0.008432064895615304,0.0,0.0,[5],[7]
424,0.06164663156345529,0.0002268319765942074,0.0,0.0,0.0,0.0,0.11899330950478887,0.0,0.0,0.0,[6],[6]
425,0.018397687321218655,0.0,0.0,0.0,0.0007196515255624749,0.0,0.03979803063120046,0.018650047201888727,0.025107771893656938,0.061357953819149796,"[6, 9]",[6]
426,0.0788308909103697,0.0,0.0,0.0,0.0006224996044004478,0.0,0.02853696296419046,0.0,0.0,0.0,[6],[6]
427,0.05425904579219752,0.0,0.0,0.0,0.0,0.0,0.07353748379586432,0.0,0.0,0.0,[6],[6]
428,0.00021353157085701228,0.00595331639930893,0.05221844256268003,0.0,0.0,0.0,0.0,0.0,0.06866508585594536,0.0,"[2, 8]",[3]
429,0.002362631816386911,0.01013825329771777,0.09461225333418297,0.0,0.0,0.0,0.0,0.0,0.11865212865384636,0.0,"[2, 8]",[-1]
430,0.06608926185657917,0.0,0.0050760559801161795,0.0036092968524332686,0.0,0.14498399743991505,0.0,0.025396601724703233,0.0,0.0,[5],[-1]
431,0.0001520492214335346,0.06589943579367404,0.08770083052068561,0.0,0.0,0.0,0.008051066958487698,0.0,0.0,0.046385608760918365,"[1, 2]",[-1]
432,0.0008664363182380526,0.05707509964262888,0.08796306656849459,0.0,0.0,0.0,0.0060868500547724205,0.0,0.0,0.03961750162614634,"[1, 2]",[-1]
433,9.642751382875349e-05,0.0766452239283393,0.0,0.020028976341060076,0.0013184294245769895,0.0021363199762647867,0.0,0.02886956664006208,0.04358236310766727,0.0,[1],[5]
434,0.00012306213864387444,0.11899894197797806,0.0,0.028637652453462822,0.0029917103190545353,0.003581716896623497,0.0,0.050939560822879495,0.07890282641662724,0.0,"[1, 8]",[-1]
435,0.00012166102293138411,0.08641618567145262,0.0,0.004297009839377779,0.0011070647682918104,0.0016613099716050299,0.0,0.02076687703295238,0.03641830200612256,0.0,[1],[-1]
436,8.39017584952975e-05,0.08169560514584417,0.0,0.01672181451333066,0.0018764461744257919,0.0023538540116620904,0.0,0.03205690886322811,0.04862115571332893,0.0,[1],[5]
437,0.00011129129102991324,0.09633424817895501,0.0,0.024083543651240418,0.00293539486674826,0.0030556748206022884,0.0,0.044875095608732214,0.06893234503408943,0.0,"[1, 8]",[-1]
438,0.0746951341075247,0.0,0.0,0.0,0.0,0.0,0.09737652136667006,0.0,0.0,0.0,[6],[6]
439,0.036520501597162865,0.0,0.011402198793685786,0.0,0.0,0.08671274933842374,0.0,0.0,0.05591396923905157,0.13133857850316386,"[5, 9]",[-1]
440,0.039359089651727956,0.0,0.015824155561816284,0.0,0.0,0.09108104294491229,0.0,0.0,0.061954579023307345,0.1306892401438968,"[5, 9]",[-1]
441,0.03736266587258666,0.0,0.0,0.0,0.0,0.0,0.1069062525208646,0.0,0.004951144698106145,0.0,[6],[6]
442,9.544853789716507e-05,9.81070725631565e-07,0.00010830423329852743,0.00010071155583655963,0.00039991310634474535,0.00017254003648526321,0.00024516137123101997,0.03383031376097407,0.0,0.0022261660605037846,[7],[6]
443,0.0008118384848392992,2.1888343423741526e-05,0.0001100118268874375,0.00096418407113318,0.0005119408768981459,0.0,0.0086677232557555,0.06188707191770143,0.0,0.0045842872870147395,[7],[6]
444,0.00021962111922435343,0.09284921155259607,0.08116722571103183,0.0,0.0,0.0,0.006998673259251055,0.0,0.0,0.042698432787774576,"[1, 2]",[-1]
445,0.00011317186607806094,0.045308486819249184,0.08208709321517643,0.0,0.0,0.0,0.0073111239096488746,0.0,0.0,0.04133952926292751,[2],[-1]
446,0.00017101755777104176,0.07400128397462444,0.10294523054895822,0.0,0.0,0.0,0.009581611585526973,0.0,0.0,0.05420247559957122,"[1, 2]",[-1]
447,0.00013008671835814113,0.043844486927254504,0.07335224002354597,0.0,0.0,0.0,0.005995724370490654,0.0,0.0,0.03275593196370559,[2],[-1]
448,0.00010375811377777887,0.09015049923438848,0.0,0.02287896964479622,0.0021170386843635943,0.0026730900236490622,0.0,0.03727465710488013,0.05749718156059056,0.0,"[1, 8]",[5]
449,0.00022403910528152258,0.005684433579749296,0.05584572408584783,0.0,0.0,0.0,0.0,0.0,0.07543981491535247,0.0,"[2, 8]",[-1]
450,0.0003684485240996206,0.007331194702927841,0.0741315841784693,0.0,0.0,0.0,0.0,0.0,0.09687238788939402,0.0,"[2, 8]",[3]
451,0.058007948735091006,0.0,0.0,0.0,0.0,0.0,0.10929104314099769,0.0,0.0,0.0,[6],[6]
452,0.0708890174312003,0.0,0.0,0.0007221394163143707,0.0,0.04217911653830578,0.0,0.0,0.0,0.0,[5],[-1]
453,0.0011464621853499951,0.01599229720446972,0.054622023033890646,0.15122769476637754,0.0,0.0,0.002608422019958134,0.0032041253150847625,0.0,0.006065609473030288,[3],[-1]
454,0.000299945626886238,0.004957456788542412,0.030012829703844345,0.06835300141810188,0.00021402920225569501,0.0,0.0026184646513074026,0.001088826552158642,0.000984599192964481,0.0013183817104278552,[3],[2]
455,0.03215898559964586,0.0,0.0006936036795487646,0.0,0.0,0.0,0.04790672389769754,0.0,0.03711938127125258,0.0832920163862116,[9],[-1]
456,0.06688884682464585,0.0,0.009536364676514236,0.0,0.0,0.08307599929904971,0.0,0.0,0.03297712654641494,0.07664114121822874,"[5, 9]",[6]
457,0.03665360585793113,5.401420804605158e-05,0.0,0.00020847218000366428,0.0,0.0,0.10899431092258423,0.0,0.0,0.0,[6],[6]
458,0.00040215396927918343,0.1022478312794275,0.0,0.024707683542254676,0.001986712272436476,0.0008180548498067506,0.0,0.03777434155507957,0.06436627627821778,0.0,"[1, 8]",[-1]
459,0.041842528454872165,0.0,0.0,0.0,0.0010879823246544705,0.0,0.03576806325563547,0.009648069023495924,0.009776099136712992,0.03119982968309715,"[6, 9]",[6]
460,0.0008012470525064016,0.09473790305805198,0.0,0.018014104123409806,0.002009725542100744,0.003302595197845975,0.0,0.03326470079102381,0.05179154481179826,0.0,[1],[-1]
461,0.0005388601050664439,0.0077420795470223135,0.0805725615334619,0.0,0.0,0.0,0.0,0.0,0.11209530217548314,0.0,"[2, 8]",[3]
462,0.049491386836708576,0.0,0.0,0.0,0.0002473580342384636,0.0,0.10256026116412824,0.0,0.04273090725132511,0.09305619085612345,"[6, 9]",[6]
463,0.00623640549070325,0.0,0.0011165192947674366,0.0,0.0003882813094230479,0.0013249535475386763,0.0025204015462099816,0.03857343634709941,0.008278727797093259,0.024846649298005567,"[7, 9]",[-1]
464,0.08027438324510061,0.0,0.0,0.0013928524008058345,0.0,0.06825493788800699,0.0,0.01118150023614194,0.0,0.0,[5],[-1]
465,1.1504922559290077e-05,0.0003685426624188463,0.003672328557132036,0.005866089309287391,0.18473873036358823,0.0002504996263860056,0.0,0.0,0.0,8.309464334820605e-06,[4],[8]
466,7.473071514449755e-05,0.0752734056667331,0.0,0.01811496732317182,0.002054378532437664,0.0023660128143755082,0.0,0.0324335102122439,0.04983025813256916,0.0,"[1, 8]",[-1]
467,0.06154201568124093,0.0,0.0009349856693247709,0.003516361061302027,0.0,0.108057825077131,0.0,0.021659674947099715,0.0,0.0,[5],[6]
468,0.033741139426651245,0.0,0.0029884140109126068,0.0023993729981566067,9.693329753548117e-05,0.09567363418099113,0.0,0.019967665285966163,0.0,0.0,[5],[6]
469,0.0365323347143532,0.0,0.0,0.0,0.0,0.0,0.13911429209371592,0.0,0.0,0.0,[6],[6]
470,8.440827073294357e-05,0.08212673625438657,0.0,0.017849544984285818,0.002039446748357493,0.0024343802938237976,0.0,0.035261558457342204,0.05315137504207408,0.0,"[1, 8]",[5]
471,0.0002713114581765061,0.00595770531281571,0.06129105888871481,0.0,0.0,0.0,0.0,0.0,0.07482921522665037,0.0,"[2, 8]",[3]
472,0.0003278019956312413,0.013483332974669183,0.06763198913487646,0.1720854301684858,0.0,0.0,0.002676555911284839,0.008621237428409154,0.0,0.00795695348909299,[3],[-1]
473,0.0546725760980662,0.0,0.0016131182483013428,0.004357665743372707,0.0003260734259340024,0.11532433175378184,0.0,0.03083487010262201,0.0,0.0,[5],[-1]
474,6.972503099961291e-05,0.005402760174727256,0.02437690844518329,0.07987422372394198,0.0,0.0,0.0,0.0017191541824767079,0.0,0.0019221700731728358,[3],[-1]
475,0.0001031232840014908,0.0039049104356459444,0.03318824315162647,0.10862451202820193,0.0,0.0,0.0,0.0032317122075849036,0.0,0.0026621650073367525,[3],[-1]
476,0.028832104011599406,0.00022572380132709785,0.014199308701703503,0.0,0.0,0.053745983192387256,0.0,0.015689924188296,0.058944631952582816,0.12089727463174349,[9],[6]
477,0.04780559604307036,0.0,0.01148441024850124,0.0,0.0,0.0934256329847119,0.0,0.0,0.05876539150416078,0.14183399161450835,"[5, 9]",[-1]
478,0.021933155979115052,0.0,0.008455217140058997,0.0,0.0,0.07514997079183348,0.0,0.005152796709363978,0.028344189562184836,0.06665860941656139,"[5, 9]",[6]
479,8.099578181874221e-06,0.00037027710073768747,0.0037055217602890507,0.00593789713771465,0.18355496765334386,0.00028182209842014274,0.0,0.0,0.0,6.765047770953933e-05,[4],[8]
480,7.689511736275195e-06,0.00033450454788570806,0.0033778042761778643,0.005489469087380852,0.17357051071957721,0.00027065531927731706,0.0,0.0,0.0,7.05115854883991e-05,[4],[8]
481,2.0783295009105846e-05,1.3786861532250273e-05,0.0002330022714898871,0.0006639945702990094,0.0021048831255658755,0.0,0.0004708946921751821,0.13084961102194764,0.0,0.00453344138672283,[7],[1]
482,6.447020931618134e-05,0.00016589249977967338,0.0016613022863401165,0.005639851186312544,0.0022187118289110214,0.0,0.001234623785454757,0.17237400420711438,0.0,0.006857409725376491,[7],[-1]
483,8.58405124472207e-05,0.0803267473859787,0.0,0.019602598657809247,0.0019791023836336907,0.0024571967181563547,0.0,0.03385321620207993,0.05203505789789158,0.0,"[1, 8]",[-1]
484,1.8848632006901132e-05,0.0004956165389414179,0.005136875125409528,0.010178816314683535,0.1925016311431701,0.00020011685459837803,0.0,0.0,0.0,6.850596875787712e-05,[4],[8]
485,1.1544385940730288e-05,0.00036709957311656106,0.003645344258490268,0.00582303109044749,0.17837577668648613,0.0002346861316110976,0.0,0.0,0.0,2.2794050653479618e-06,[4],[8]
486,4.9996312896538324e-05,0.03891981889562491,0.0,0.004709542655559229,0.0005607379565142558,0.0008942793255179261,0.0,0.010172370015799551,0.01645790353703329,0.0,[1],[-1]
487,0.008653864450267118,2.776451588927151e-05,0.00524236239795859,0.0,0.0,0.009611373420820744,0.010997808799568286,0.008099335817039767,0.02486132184449527,0.0494777714525088,[9],[6]
488,0.06699788109391744,0.0,0.0,0.0,0.0004828629028632019,0.0,0.020556456527046334,0.0,0.0,0.0,[6],[6]
489,0.00014693593404969873,0.11295025923438157,0.0,0.022418748031472625,0.002366185883992835,0.0028531287266071533,0.0,0.04053807804555524,0.07196497487234027,0.0,"[1, 8]",[-1]
490,8.168891781237674e-05,0.08551126371092055,0.0,0.01763893302239207,0.0017451293425655367,0.0023359126809080377,0.0,0.0338232686293659,0.04685706477328667,0.0,[1],[-1]
491,0.052916652545233075,0.0,0.0,0.0014033288013745122,0.0025757106048908333,0.0,0.07844871339016661,0.0,0.0,0.0,[6],[6]
492,0.09469762226925708,0.0,0.0,0.001521157104190015,0.0,0.0,0.1272704778194848,0.0,0.0,0.0,[6],[6]
493,0.004708744075048734,0.0,0.0007253082740559069,0.0,0.0006814775575246446,0.006398996409174367,0.0,0.02540783013193928,0.004911283434565489,0.016724839407568148,"[7, 9]",[6]
494,0.007191373174809484,0.0,0.0,0.0007450543972210899,0.0,0.0,0.037302471583399346,0.01474041892352081,0.0,0.0,[6],[7]
495,0.048976268902977786,0.0,0.007786333554863997,0.0036976947854620726,5.615075002915305e-07,0.1526008960725158,0.0,0.027824233105979992,0.0,0.0,[5],[6]
496,0.06232014211632301,0.0,0.009135356833716914,0.0,0.0,0.1069136216635012,0.0,0.0,0.027087362303969895,0.07053937793153528,"[5, 9]",[6]
497,0.0002941297405138604,0.006163835335518523,0.06354825956886156,0.0,0.0,0.0,0.0,0.0,0.08580704809467299,0.0,"[2, 8]",[-1]
498,0.04406117193349617,0.0,0.001001800762785564,0.0,0.0,0.0,0.0027877534465200094,0.004414986094853354,0.01790420354254653,0.04306361945711351,[9],[6]
499,0.018991701500901077,0.0,0.0,0.0,0.0,0.0,0.08907739667251671,0.0,0.0,0.0,[6],[6]
500,8.090755446237115e-05,0.031074671069318917,0.06151931110130911,0.0,0.0,0.0,0.005411241949846759,0.0,0.0,0.03017334200168336,[2],[-1]
501,0.00015931852423357824,0.07276710541464591,0.09566111095388688,0.0,0.0,0.0,0.008864451019827135,0.0,0.0,0.051280402077847266,"[1, 2]",[5]
502,0.004742155899204985,0.00775794397070209,0.09158935647604906,0.0,0.0,0.00713482647135681,0.0,0.0,0.12771423048987918,0.0,"[2, 8]",[-1]
503,0.005101195553290004,8.958816349704314e-05,0.000501329721205752,0.0,0.0,0.0,0.03669278373653614,0.0,0.005236716271950068,0.001303753660758684,[6],[6]
504,1.5507776412428513e-05,0.0014998166440011614,0.0064988113594567146,0.007230146868592983,0.1582247658181396,0.00017246136462657148,0.0,0.0,0.0,0.001418802647915182,[4],[8]
505,3.392808368491921e-05,0.0016596832996922225,0.00858890243596824,0.006479209638957262,0.13450471631234528,0.0,6.081216633891028e-05,0.0,0.0,7.625946580351722e-05,[4],[8]
506,7.667795876261236e-05,0.0032928931102647724,0.0279513572528788,0.09158337613506255,0.0,0.0,0.0,0.0023371923305860343,0.0,0.002034207098623283,[3],[-1]
507,0.05761563205827813,0.0,0.0,0.0,0.0005103109498485361,0.0,0.05893516739041966,0.0,0.025853860098613488,0.06430084252975864,"[6, 9]",[6]
508,0.0003720513668967928,0.005303215977812254,0.052452115978675364,0.0,0.0,0.0,0.0,0.0,0.06977757613944124,0.0,"[2, 8]",[-1]
509,4.719988158502452e-05,0.000200811471118765,0.0006079704829391581,0.001046246368865537,0.003876740857955231,0.0,0.0005116145585358399,0.0026666745948320464,0.00019330349775556826,0.0,"[4, 7]",[4]
510,0.00017475745562676244,0.005035489077760368,0.04290331952482334,0.0,0.0,0.0,0.0,0.0,0.05672364440711437,0.0,"[2, 8]",[-1]
511,0.000419733789393684,0.0014762660902891789,0.016500950109718828,0.024515851629497612,0.0,0.0,0.0019371365341281106,0.0,0.014250177722805736,0.0,"[2, 3]",[-1]
512,0.0009495265067233977,0.006332732943825061,0.06679876689191759,0.0,0.0,0.0,0.0,0.0,0.08743334081426378,0.0,"[2, 8]",[-1]
513,0.00024686639129261944,0.0031599839198554794,0.032124855030470384,0.0,0.0,0.0,0.0,0.0,0.04629981656825786,0.0,"[2, 8]",[-1]
514,7.451815922653961e-05,0.0046887382218019245,0.029274020435820575,0.08278210647815078,0.0,0.0,0.0,0.0022107366539543334,0.0,0.002606617026612042,[3],[-1]
515,0.04817066981839402,0.0,0.0008320467091624592,0.0013298363177066826,0.0,0.06051822978400261,0.0,0.0050915525468612655,0.0,0.0,[5],[-1]
516,0.00012639634985100198,0.06820087495025487,0.0,0.005416525638626886,0.0006453871734870038,0.0009401047196117652,0.0,0.014539159002785204,0.03305783113650803,0.0,[1],[-1]
517,0.00013231679396537202,0.055000743926581316,0.09285712761484669,0.0,0.0,0.0,0.008464738097456913,0.0,0.0,0.047756121796492135,[2],[-1]
518,0.00020009165277633101,0.10014810899437016,0.07228471033721083,0.0,0.0,0.0,0.005921250740153067,0.0,0.0,0.03749250626458954,"[1, 2]",[-1]
519,0.0003714671741288226,0.005870036988166187,0.06166630628260561,0.0,0.0,0.0,0.0,0.0,0.08368320437998407,0.0,"[2, 8]",[-1]
520,0.06458054475603983,0.0,0.006756008746863478,0.0028579439066381868,0.0,0.13978251784364715,0.0,0.017648263932217235,0.0,0.0,[5],[-1]
521,0.00012439474921419714,0.09481114431913734,0.0,0.013698825449419624,0.001544145405692867,0.002321549977502264,0.0,0.027760818700749555,0.04694096658436074,0.0,[1],[-1]
522,0.07618355243080736,0.0,0.0,0.0020364335005518906,0.00046898637341067533,0.01820080215733155,0.0,0.016551153956998972,0.0,0.0,"[5, 7]",[6]
523,0.00011887876030750776,0.011462526333091421,0.05742190406979493,0.1625754753428798,0.0,0.0,0.0,0.009146154371780941,0.0,0.008734646899356454,[3],[2]
524,7.228457098881711e-06,0.00027522386700975273,0.0029004599105625886,0.004684626017386929,0.1560080611290169,0.00023880023196762044,0.0,0.0,0.0,6.787566724885464e-06,[4],[8]
525,9.877243638498953e-05,0.005363442779146534,0.04210263082858214,0.1216126048793729,0.0,0.0,6.807460150801062e-05,0.009721162076816321,0.0,0.0014459195795618158,[3],[-1]
526,0.009887021521259013,0.0,0.0,0.0,3.1837605668827016e-05,0.0,0.013504360411721955,0.0,0.005368104154086868,0.01253829804452475,"[6, 9]",[6]
527,0.06565178481303129,0.0,0.0,0.0,0.0006063365619526515,0.0,0.05297397967788922,0.0,0.010290745212450247,0.026776792920408278,[6],[6]
528,0.0006699394824013971,0.0024901827200018898,0.013658604234004763,0.0165041139159036,0.0007442085150823291,0.0,0.0026917568965076073,0.0,0.004500668913125976,0.0018413608768967297,"[2, 3]",[2]
529,0.03541140262119097,0.0,0.0,0.0,0.0007760110265077071,0.0,0.033265633005800536,0.013208263124797826,0.003978241496624042,0.012251640508579045,[6],[6]
530,0.008647470575853322,0.0,0.0,0.0,0.0006375650458478854,0.0,0.020861798044237805,0.013661070634731971,0.0,0.0,"[6, 7]","[6, 7]"
531,8.109750854139669e-06,0.0003733665995686039,0.0037486640553380064,0.006018979461104822,0.18682105151084458,0.00028909352846501494,0.0,0.0,0.0,6.174259671338426e-05,[4],[8]
532,3.002298925636145e-05,0.0005362169627200881,0.006053028362348274,0.005889704083166143,0.1928788023410218,1.8534091575892793e-05,0.0,0.0,0.0025081703731076833,0.0,[4],[8]
533,0.00021488316294237896,0.008367963579756747,0.053381908106781076,0.16264160260751795,0.0,0.0,0.0,0.008963021204605614,0.0,0.0032785331344080955,[3],[-1]
534,0.00023938909701597274,0.1418297386545156,0.0,0.0,4.60510315257572e-05,0.0010765632500087429,0.0,0.003877764032005685,0.0,0.004748772939150565,[1],[-1]
535,0.013856493888070661,0.0,0.0,0.0,0.0001448121508964956,0.0,0.0,8.206555816299252e-05,0.0,0.0,[4],[7]
536,0.042856303295890984,0.0,0.0,0.0,0.0,0.0,0.07953580287569802,0.0,0.0,0.0,[6],[6]
537,0.04781332854718052,0.0,0.0,0.0006212756471984751,0.0,0.0,0.047798297874437096,0.0,0.0,0.0,[6],[6]
538,0.0005973799012799784,0.04229076139400379,0.0,0.012351498005751029,0.0004764850940423984,0.0,0.0015752408216456852,0.014011720165296821,0.020479570159483033,0.0,[1],[-1]
539,0.00010027044296511702,0.08882682635282114,0.0,0.022175469423217558,0.0019600301543751058,0.002509242715249498,0.0,0.03637480567560574,0.052617739951233235,0.0,[1],[5]
540,0.0005648145187581997,0.008892406508260219,0.09811238830614921,0.0,0.0,0.0,0.0,0.0,0.1293188788338159,0.0,"[2, 8]",[3]
541,2.7519072298755616e-06,0.00024821204383193725,0.00267006594256215,0.004601446802791724,0.15040778203324448,0.0002765454846246506,0.0,0.0,0.0,5.0100694799330494e-05,[4],[-1]
542,2.0672042060714183e-05,0.0015880389613325359,0.007450347605357484,0.008601969777143547,0.19794672508100256,0.0001954037343490472,0.0,0.0,0.0,0.0013591135026093672,[4],[8]
543,0.002580886141251115,0.046335231980023636,0.08084595920684753,0.0,0.0,0.0,0.0,0.0,0.12645972954992513,0.0,"[2, 8]",[-1]
544,9.019453623716747e-05,0.023181288164819985,0.04125093009668259,0.0,0.0,0.0,0.003547100697299994,0.0,0.0,0.020627694334367466,[2],[-1]
545,1.2274867115855958e-05,0.0007175636078582785,0.005694329744675666,0.018918727082206967,0.0,0.0,0.0,0.0007215054648623188,0.0,0.0007218449546806134,[3],[-1]
546,0.000148089059354262,0.11797018276266653,0.0,0.01386966298464381,0.0009264450026022079,0.002509920378723733,0.0,0.02751604747515023,0.03411791236809295,0.0,[1],[5]
547,0.01890617836454185,0.0,0.0024914277661546714,4.0544986079877315e-05,0.0001873607385097893,0.010803976080230029,0.0,0.003985426773957212,0.01612526540185647,0.03928894227607493,[9],[6]
548,0.00014032561932353306,0.054927359100780365,0.10408426059596626,0.0,0.0,0.0,0.00944726127560592,0.0,0.0,0.053225364367299806,[2],[-1]
549,1.2313617739436026e-05,0.0009125666760874522,0.00981792154402227,0.03627189541503975,0.0,0.0,0.0,0.00299308637710168,0.0,0.0007119923028463792,[3],[-1]
550,0.00019087550232808664,0.08909381589065607,0.09763607845619987,0.0,0.0,0.0,0.009014206576051193,0.0,0.0,0.05364540781606,"[1, 2]",[-1]
551,8.253145473550949e-05,0.03784490520943014,0.034663633578641107,0.0,0.0,0.0,0.0029445190330412633,0.0,0.0,0.018834132924101587,"[1, 2]",[-1]
552,0.03750257281634638,0.0002514556205026606,0.0,0.0,0.0,0.0,0.14336199241659955,0.0,0.002695471194359012,0.0,[6],[6]
553,0.0007868053650795431,1.102489437373121e-05,0.0005076098124552254,0.0,0.0013990129441296777,0.0,0.003978351713512155,0.03195722783203894,0.0011445310222743122,0.006318999713952741,[7],[6]
554,8.471056905988193e-06,0.00034874372700467265,0.0035778807625960907,0.0058992315030537874,0.1827074233439205,0.00028108490575324554,0.0,0.0030163475652571253,0.0,0.00025953624271955874,[4],[8]
555,0.002756639539096954,0.0,0.0,0.0005283544319807567,0.0,0.0,0.01374563162924021,0.003130902624277114,0.002169405672185236,0.0051093672290331,[6],[6]
556,0.030254423006188094,0.0,0.009609527240303235,0.0,0.0,0.057360815348440265,0.0,0.004600632639481413,0.05647921978162626,0.13252414227488515,[9],[6]
557,0.00022221494407516856,0.11623021281675606,0.0,0.01910890572936399,0.0,0.0013986838479903986,0.0,0.012682183367252027,0.006707701715523142,0.0,[1],[5]
558,5.8041972834572504e-05,0.06000849006990567,0.0,0.013981459598016568,0.0015435810315674282,0.0017553840699201496,0.0,0.02563717455852681,0.038989470447370514,0.0,"[1, 8]",[-1]
559,0.036170541396878676,0.0,0.0,0.0,0.000811553007914116,0.0,0.04371535593784154,0.010974631689158335,0.02879819715594872,0.07282164227740005,"[6, 9]",[6]
560,0.0669289389728776,0.0,0.00794179101342302,0.002415946950704421,4.384089185623469e-05,0.12623294237756008,0.0,0.02217136614512881,0.0,0.0,[5],[-1]
561,0.028162240717530432,0.0,0.00784622016365898,0.0,0.0,0.060718756897533345,0.0,0.0011624935065361294,0.036309536089607373,0.08609102796686391,"[5, 9]",[6]
562,8.55120381962948e-05,0.004513658780623777,0.03125293440938439,0.09175796794023951,0.0,0.0,0.0,0.002586300523302656,0.0,0.0034657175993246404,[3],[-1]
563,0.0007640379256774423,0.010574359253628993,0.006146076144650186,0.008532502409232173,0.0,0.0003169092711270261,0.0,0.0,0.004651581657942135,0.0,"[1, 3]",[-1]
564,0.0007353377990950526,0.011649741372493114,0.058611855178294384,0.14909741790497819,0.0,0.0,0.0046358860550156054,0.0034216300451343725,0.0,0.005712176876476771,[3],[-1]
565,0.0004991554028968299,0.006579508100794284,0.0723072048205277,0.0,0.0,0.0,0.0,0.0,0.09712029258840552,0.0,"[2, 8]",[-1]
566,0.001509399011799232,0.0013118845535903991,0.012377975006080162,0.011860588620607931,0.0,0.0,0.0,0.0,0.011845279073952567,0.0,"[2, 3, 8]",[-1]
567,1.9455982893159887e-05,0.00014709617285379778,0.001218631238979406,0.004054278799288127,0.003257577911139131,0.0,0.0,0.0015543193085788651,0.0,4.0414583276545176e-05,"[3, 4]",[-1]
568,1.575706815053144e-05,6.648593250176567e-06,5.18178412562924e-05,0.0001927861938075637,0.0006543914392308208,0.0,0.0,0.0009440924459280088,0.0,0.0,"[4, 7]",[-1]
569,0.027751121203149546,0.0,0.0,0.0,0.0,0.0,0.01820205016736861,0.0,0.0,0.0,[6],[6]
570,0.07075470907259333,0.0,0.0040754859709301585,0.0031451325539354454,8.937770593551711e-05,0.13381777369750367,0.0,0.03215106563554304,0.0,0.0,[5],[6]
571,0.02700476040740327,0.0,0.01005537896220614,0.0,0.0,0.044591516365791485,0.0,0.0,0.05476116310439124,0.12230641262905198,[9],[6]
572,0.00026547660090523606,0.0,0.00010157290439364047,0.0,0.00013757220461876207,0.00012477362581631748,8.034652299845479e-05,0.012747990480378718,0.0005360586064233257,0.003342507362220521,[7],[6]
573,0.00013326164833942544,0.0548399256997391,0.07109193217343707,0.0,0.0,0.0,0.005768785746311963,0.0,0.0,0.0332118439521609,"[1, 2]",[-1]
574,0.0497955168635875,0.0034563337733935456,0.002686922317118435,0.00024421740964236427,0.0,0.0,0.07891850945845828,0.0,0.0,0.0,[6],[6]
575,0.0024518190994421434,0.005560250438587589,0.05562689712780721,0.0,0.0,0.0009251994355102598,0.0,0.0,0.0702972631387291,0.0,"[2, 8]",[7]
576,0.0002441492112277059,0.006739638546460128,0.06238748821388858,0.0,0.0,0.0,0.0,0.0,0.07956184003633833,0.0,"[2, 8]",[-1]
577,0.00010528583865080845,0.087053042362255,0.0,0.015270825493306639,0.0014906714527092551,0.002217844943018845,0.0,0.0303134036151931,0.0465343668539701,0.0,[1],[5]
578,0.02694153995909134,0.0,0.0,0.0011501623269305702,0.0,0.0,0.11205903427405522,0.009005399655513344,0.002035476633840406,0.0,[6],[6]
579,0.0003171710354289203,0.07601763822689474,0.112999364637556,0.0,0.0,0.0,0.011107250136743366,0.0,0.0,0.05528887596028547,"[1, 2]",[-1]
580,0.0011534548776678509,0.030834296095446197,0.06152074503397944,0.0,0.0,0.0,0.010084752887610293,0.0,0.0,0.03521419360320751,[2],[-1]
581,2.3261004881762485e-05,0.0033716055919340683,0.006408138350177004,0.0002264840855103639,0.0,0.0,0.00046954974648847557,0.0,0.0,0.002474401815057287,[2],[-1]
582,0.039092578587780896,0.0,0.0,0.001128561242917951,0.0,0.0,0.08181318804780173,0.0,0.0,0.0,[6],[6]
583,8.190919675103718e-06,0.00037819761082604056,0.003810829583881819,0.0061367349246328915,0.19069314122051048,0.0002948845748712024,0.0,0.0,0.0,6.13112386352504e-05,[4],[8]
584,0.02946676242008523,0.0,0.0050172754045545165,0.003033034140884892,0.0,0.11884886199011024,0.0,0.01889388073703749,0.0,0.0,[5],[6]
585,0.00015073299469617056,0.010784725093806092,0.05552504960964094,0.1602397735845848,0.0,0.0,0.0,0.007576903894930632,0.0,0.0072209236681623525,[3],[-1]
586,0.00011643353756530148,0.004772639547429403,0.04231666104336527,0.14216070507687872,0.0,0.0,0.0,0.014910291817052992,0.0,0.0027152759245392824,[3],[-1]
587,0.0011108685249823934,0.07557458702142607,0.15452620042433854,0.08240675409168374,0.04495491464138528,0.0,0.010068330322422783,0.0,0.0,0.055363701198793615,[2],[-1]
588,6.558044088013826e-05,0.007319801304738544,0.026315037662800685,0.05681271091565502,0.0,0.0,4.500149419560935e-05,0.0009161672197535468,0.0,0.0037421140336718894,[3],[-1]
589,0.00012683506188231272,0.05909016921549572,0.039460955757657894,0.0,0.0,0.0,0.003982742503008829,0.0,0.0,0.025220904524351717,"[1, 2]",[-1]
590,0.00010135331303474063,0.0812726986376833,0.0,0.005111641428356583,0.0007826686390310396,0.0015134502450391291,0.0,0.01802313992317968,0.026451939845428988,0.0,[1],[-1]
591,0.002398630980069618,0.011837267328304323,0.043676278438074895,0.0941842120948042,0.0,0.0,0.009331778311068262,0.0,0.002333158341211734,0.005070232765053183,[3],[2]
592,0.0001976900341380748,0.07506118505646656,0.0,0.07948282597661219,0.0,0.0010503473147830454,0.0,0.0230508044893752,0.0322704825685699,0.0,"[1, 3]",[-1]
593,0.005050936293311681,0.007337648982978488,0.0838398849376956,0.0,0.0,0.0,0.00046556292315032646,0.0,0.11023320018628806,0.0,"[2, 8]",[3]
594,9.479435478981722e-05,0.07331037470947624,0.0,0.01578754477341441,0.0017286114235105271,0.00200026170166512,0.0,0.02888839362156385,0.04940867161171524,0.0,"[1, 8]",[-1]
595,0.00098401119941712,0.008948284242608287,0.04917323545341733,0.12250083508491781,0.0,0.0,0.0007085882483138324,0.0018706663085075383,0.0,0.004827518557877287,[3],[-1]
596,0.0006399617650087497,0.006816283883589273,0.043760866721114414,0.10130677300081685,0.0,0.0,0.006665938818967127,0.0033471898874489225,0.0012572637639841535,0.0006845763853506327,[3],[2]
597,0.0010189598161206804,0.003808408765781173,0.0328026173794621,0.0,0.0,0.0005159353814880401,0.0,0.0,0.03826828351755508,0.0,"[2, 8]",[-1]
598,5.515198222762037e-05,0.003821393128654178,0.027763150701583448,0.08693715801773456,0.0,0.0,0.0,0.013893676029805506,0.0,0.003129301105457508,[3],[-1]
599,0.0003091792800102128,0.005843859158423288,0.06318913965292745,0.0,0.0,0.0,0.0,0.0,0.08628815850761537,0.0,"[2, 8]",[-1]
600,0.0005600456121178886,0.008856733318950387,0.10150156624696917,0.0,0.0,0.0,0.0,0.0,0.13934346111952875,0.0,"[2, 8]",[3]
601,0.022523845469127477,0.0,0.0,4.796075060481803e-05,8.211534003333727e-05,0.0,0.024016695205991756,0.0,0.0,0.0,[6],[6]
602,0.048776961697628726,0.0,0.0,0.0,0.00037744994575205986,0.0,0.12020804282525006,0.0,0.03487737218209555,0.07569145410684283,"[6, 9]",[6]
603,0.0020164397263461374,0.0,0.0,0.0,0.00010382989060461218,0.0,0.005186713366126461,0.0036349630274427197,0.0,0.0006627365732348745,"[6, 7]",[6]
604,0.0013796970485368577,0.0,0.0,0.0,0.00013888658065477633,0.0,0.002707556861314141,0.00747746814041285,0.0004869165698657751,0.002536710618743384,[7],[6]
605,0.039212015712647784,0.0,0.0,0.00043930856124135755,0.00010218473547295417,0.04036973309147446,0.0,0.009649557581612752,0.0,0.0,[5],[6]
606,0.0028217214577240944,0.006115559197060291,0.06543598982458905,0.0,0.0,0.0,0.001294700646152703,0.0,0.0927834640492136,0.0,"[2, 8]",[3]
607,8.017431923168364e-05,0.06613989194877623,0.0,0.018621942137921548,0.0019498626372687889,0.0021985074177688297,0.0,0.03141949402651585,0.04743293586680445,0.0,"[1, 8]",[-1]
608,0.006930753568664374,0.00011171508402316403,0.004392628829294261,0.0027163239985949807,0.0004891372017350958,0.005992203927050051,0.0070052231689570225,0.09763217701648948,0.015700729556871962,0.048841802377799476,[7],[6]
609,0.001132347029127844,0.022829096164078338,0.00172001005545496,0.03468928932592261,0.0,0.0,0.0011772703282370124,0.0,0.013713859712613151,0.0,"[1, 3]",[-1]
610,0.02003453479999769,0.0,0.0,0.0007852116363896303,0.0010180641863025699,0.025889611374451713,0.0,0.03332093264414837,0.0,0.0,"[5, 7]",[6]
611,0.015020394399616131,0.0,0.0,0.0,0.0009954709081453157,0.0,0.035808213343098326,0.017473455850769364,0.011263575582504884,0.03016455599795073,"[6, 9]",[6]
612,1.8715472042653656e-05,7.159234603877411e-05,0.0003837383546296558,0.0005644644023635651,0.0023346284322005063,0.0,0.0006242645684865235,0.158426148979376,0.0,0.005694977902137982,[7],[6]
613,3.36637576566947e-06,6.142720890921278e-06,8.47887226347084e-05,0.00013983916018553072,0.0005284180598774289,1.2292559950371356e-05,0.0001584771170959725,0.05184854832767015,0.0,0.0017593839967837079,[7],[-1]
614,0.00035955504145926664,0.004237521913394263,0.057532738089952386,0.0,0.0,0.0,0.0,0.0,0.07839647657315811,0.0,"[2, 8]",[3]
615,7.618296666844379e-05,0.06657177407297328,0.0,0.012351480711319729,0.001101664273245209,0.001589141610240304,0.0,0.022793330463619536,0.030577551162619846,0.0,[1],[-1]
616,0.008588832188546811,0.0,0.0015493432488282845,0.0,0.0005320008807712939,0.014872577129804358,0.0,0.05312566617357179,0.004573282401814792,0.020769026159547056,[7],[6]
617,0.0013213752536082048,0.0,0.0007508504543179895,8.418255145583427e-05,0.00010903216859827229,0.0037034016439606147,0.0,0.015227490428852818,0.0028626496605670083,0.008716340677391325,[7],[-1]
618,0.00010286842061637057,0.056725758102909286,0.06788273491757495,0.0,0.0,0.0,0.006154689166639767,0.0,0.0,0.03599342650116791,"[1, 2]",[-1]
619,0.00025121592755702023,0.0029505285848247286,0.027053213594979666,0.0,0.0,0.0,0.0013364349327143516,0.0,0.031885574999980126,0.0,"[2, 8]",[3]
620,0.08098371449009045,0.0,0.0,0.0011566922406115096,0.0,0.06888526963432386,0.0,0.004670990993421268,0.0,0.0,[5],[6]
621,1.25296009084096e-08,1.4364273330184469e-07,1.885224546370695e-06,1.2843207863812397e-06,8.70470935126799e-06,2.4701605986417636e-07,1.138418937220101e-06,0.00010447418527558101,0.0,5.09087357987122e-06,[7],[-1]
622,1.5438370925843295e-06,8.881014606831644e-06,8.012146759820937e-05,4.4833236033874936e-05,0.00025340881477663635,1.0424472133430542e-05,3.739364032842856e-05,0.0023343592255576483,0.0,0.00015076555901952622,[7],[-1]
623,0.030408310479435544,0.0,0.0,0.0,0.0,0.0,0.13257980102875364,0.0,0.0,0.0,[6],[6]
624,0.0007091478677370268,0.0008159196690001844,0.0009998075653111199,0.0008740660028732919,5.343102874640681e-06,0.0005798843355338422,0.0,0.0,0.00021257076855784658,0.0,"[1, 2, 3]",[-1]
625,0.00017759817196434787,2.363402870187041e-06,4.3128908911452935e-05,0.0002876132245986782,0.0014219222118232366,0.0,0.0017634873264941752,0.03275199490393851,0.0,0.002735091425608117,[7],[6]
626,0.00012000004053009408,0.051524446378320626,0.09378385595512599,0.0,0.0,0.0,0.008423064793221389,0.0,0.0,0.04770740775150244,[2],[-1]
627,0.054144716157392,0.0,0.0,0.0021393258224528776,6.752856123786526e-05,0.0,0.0,0.0,0.0,0.0,[3],[-1]
628,0.00035129548976978186,0.0,0.00018052318945853857,0.0,0.0011545906071086232,0.00018327529660430093,0.0012760274572766418,0.010013317011255124,0.0012404453652199196,0.004507393983140908,[7],[-1]
629,0.014977120263290539,0.0,0.0,0.0,0.0009984323436876914,0.0,0.034907319634694206,0.033952686796009594,0.01153871944027931,0.03409795229968884,"[6, 7, 9]",[6]
630,0.0015152440131461602,0.0,0.0,0.0,0.00016797479013979015,0.0,0.00209688836770912,0.006608727532838335,0.0012685071395841458,0.004564511827141566,"[7, 9]",[-1]
631,0.0014385904464859637,0.0,6.908350482020964e-05,0.0,8.993429918886628e-05,0.0,0.0007516757083884013,0.00535476928821255,0.0014417090747066367,0.004237666936218092,"[7, 9]",[6]
632,0.041420422039390496,6.474739019823319e-05,0.0,0.0,0.0,0.0,0.15368815205000594,0.0,0.0001103015432016124,0.0,[6],[6]
633,1.2452855010189067e-05,0.0007897976441192431,0.006357674324065853,0.021456943295815097,0.0,0.0,0.0,0.0002699337518002663,0.0,0.0007602914433853728,[3],[-1]
634,2.795292240469851e-07,2.9761364941808176e-05,0.00035568070956443383,0.001445610133135959,0.0,6.178119263312386e-06,0.0,0.0,0.0,4.100005497780655e-05,[3],[-1]
635,0.027072155222478623,0.0,0.0027850722835976614,0.0,0.0,0.02438479837517231,0.0,0.0,0.018743599192676468,0.04633901270604668,[9],[6]
636,7.786687750463431e-05,0.07390537994140789,0.0,0.015771199575578886,0.0017990207702024289,0.0021683825527598326,0.0,0.030060013802205396,0.0440781903283318,0.0,[1],[-1]
637,6.325542338742714e-05,0.02302003339562419,0.039190303987051714,0.0,0.0,0.0,0.0030170869183908764,0.0,0.0,0.01720885176909207,[2],[-1]
638,0.0010011097824004591,0.006846169128402337,0.06667460449908975,0.0,0.0,0.0,0.0,0.0,0.08774049669450532,0.0,"[2, 8]",[-1]
639,0.00015650361631135612,0.0036616619894072407,0.03510698627865082,0.0,0.0,0.0,0.0,0.0,0.04222946634321416,0.0,"[2, 8]",[-1]
640,0.0009169574533420451,0.07930823212176037,0.11341415579725647,0.0,0.0,0.0,0.008669459753470348,0.0,0.0,0.05420123721957463,"[1, 2]",[-1]
641,0.0002631201634344921,0.005674478967236638,0.0539926385920063,0.0,0.0,0.0,0.0,0.0,0.07313768419576784,0.0,"[2, 8]",[-1]
642,0.003591736928189487,0.00010713358102672363,0.00047393699541099506,0.0011094328041562813,4.4299802376364045e-05,0.0,0.006764184993910889,0.0014635170731098761,0.004894196009998828,0.011671162620646696,[9],[6]
643,6.124928739952425e-05,0.04979948145068446,0.0,0.017042411914838042,0.0009914274559037382,0.0012474804193212678,0.0,0.0194364263123985,0.029394742122675156,0.0,[1],[5]
644,0.000281167709691169,0.0,7.830319613414382e-05,0.0,7.12047460960109e-05,0.00012637032039767432,0.0,0.008594840478563123,0.0005383306392796148,0.0027097747033162853,[7],[6]
645,1.6953497469519905e-05,0.0015533916476744057,0.007154277035159527,0.008105840420305845,0.18236553840286265,0.00020122882159016539,0.0,0.0,0.0,0.0013896051164234368,[4],[8]
646,0.0234798445471794,0.0,0.009146700599784672,0.0,0.0,0.055347716542971895,0.0,0.014386335717219985,0.044918350792868655,0.10558881884226834,[9],[-1]
647,0.0036478728611097186,0.0,0.0,0.0,0.0,0.0,0.008182421132582638,0.0,0.002613210613439607,0.005583190125800685,"[6, 9]",[-1]
648,0.0015011764996547923,0.005824012811927336,0.03651405636464899,0.10409694404794265,0.0,0.0,0.003915330593416292,1.8480853346948154e-05,0.0,0.0040424169367037,[3],[-1]
649,0.03351912244115445,0.0,0.0041329690652637955,0.0033713296065754337,0.0,0.09519789273306759,0.0,0.015518556642812781,0.0,0.0,[5],[-1]
650,0.0002064980080048578,0.0030570012242478106,0.03252927883805883,0.06875947568341824,0.0,0.0,0.0012291012806379315,0.00899005877929833,0.014106484235225201,0.0,[3],[-1]
651,0.0620051334149915,0.0,0.0014332790729541518,0.00379376732656471,0.00022383351368328354,0.1146044558216982,0.0,0.02504434198918103,0.0,0.0,[5],[-1]
652,0.03292466055687344,0.0,0.00124501510213473,0.002261238669209305,0.0008869802458133071,0.06530938132226326,0.0,0.036001158559875075,0.0,0.0,[5],[-1]
653,0.00942067983027303,0.0,0.0,0.00024230470750470347,0.00036017557460660146,0.0,0.0,0.03270373839827397,0.0012321809341400611,0.010013915068721985,[7],[-1]
654,0.000294181074857365,0.006626838059942313,0.04951982795509315,0.0,0.0,0.0,0.0,0.0,0.06186365108419159,0.0,"[2, 8]",[-1]
655,0.000187571350326318,0.005548869709940095,0.05687044358468672,0.0,0.0,0.0,0.0,0.0,0.07570676259026467,0.0,"[2, 8]",[-1]
656,0.0008910372032464122,0.007243329460147043,0.05654727739887943,0.14542266603522333,0.00209323854912235,0.0,0.004555488298162974,0.007110533791307901,0.0034730133866648326,0.0034672237897360944,[3],[2]
657,2.9911363566362036e-05,0.00012132440778003525,0.0009409078994594617,0.001038845844504926,0.0026519850960271167,0.0,0.0008913917920148621,0.1970960752146471,0.0,0.007033139563622965,[7],[-1]
658,0.000284868884916969,0.005231531298430454,0.03824417462432565,0.0,0.0,0.0,0.0,0.0,0.042387414598030276,0.0,"[2, 8]",[-1]
659,7.479638239842303e-05,0.023636827955541208,0.03237734589470125,0.0,0.0,0.0,0.0021913895262648067,0.0,0.0,0.013176820425597712,"[1, 2]",[-1]
660,0.00012756257095621832,0.008844880310348203,0.019776950009775782,0.05193806442931282,0.0,0.0,0.0014137538524155906,0.00048707582511636635,0.0,0.004091623976547111,[3],[-1]
661,0.042186193471682266,0.0,0.007567997279790193,0.0,0.0,0.09167125451802338,0.0,0.0018770325589033967,0.024196621840366507,0.06269510768516909,"[5, 9]",[6]
662,0.0055022264814505945,0.0030746578957085314,0.02791202033371057,0.04169728399756452,0.0,0.0,0.010993925531174098,0.0,0.02556603826523809,0.02027938567589658,"[2, 3, 8]",[2]
663,9.268884846767148e-05,3.450042245145765e-05,0.0006097288347372786,0.001961001026812374,0.0026377625542094597,0.0,0.0011249494233031051,0.19699017653467002,0.0,0.007831663340983003,[7],[-1]
664,4.609304579717008e-05,0.0031660193993101964,0.022983659883441095,0.061621475359060984,0.0,0.0,0.0,0.010425708794481065,0.0,0.0009123392571132024,[3],[-1]
665,0.005689352444679395,0.0013931054437321918,0.015065727858436278,0.010930973257917026,0.0,0.0,0.013878393677764183,0.0,0.023739939847481503,0.02066182303579055,"[2, 8, 9]",[7]
666,0.060796584209480045,0.00012178287703212463,0.0,0.0023514328600863785,0.0,0.0,0.14237559970086675,0.0,0.0,0.0,[6],[6]
667,1.3601673261057074e-05,0.0003687420259611917,0.0042053464967907765,0.00038704032704651916,0.0,0.0,0.0,0.0,0.0046325658576661525,0.0,"[2, 8]",[-1]
668,0.00048489965479168003,0.0069648792246454075,0.07932842383941772,0.0,0.0,0.0,0.0,0.0,0.10057131405099146,0.0,"[2, 8]",[3]
669,0.008361715934474418,0.0,0.002629950743888328,0.0009803192817440611,0.0,0.047395933667348414,0.0,0.006378409623178454,0.0,0.0,[5],[-1]
670,0.03993397248146424,0.0,0.01006471338159255,0.0,0.0,0.10143926466738806,0.0,0.0,0.039245453242621596,0.09646520670898384,"[5, 9]",[-1]
671,0.031275417520790945,0.0,0.004313471784720412,0.0,0.0,0.0027263948033640784,0.01794207823589301,0.0,0.04744520722977931,0.1101063073775464,[9],[6]
672,0.0004790481025125637,0.0042946156466088705,0.011377751791476886,0.03549267718433387,0.0,0.0,0.0020679060508700504,0.0003266279197857293,0.0,0.0,[3],[-1]
673,0.0037158054252116094,0.00443870966529319,0.01476629532790341,0.026365073609161096,0.0,0.0,0.005649540480654729,0.0,0.008580145212445624,0.001957079902659801,[3],[7]
674,0.0008095645280228524,0.0,0.0,0.0002031170775117038,0.0008017987975280712,0.0,0.0031591542478902955,0.0659722554465069,0.0,0.005588393909980301,[7],[-1]
675,0.0024480111560125414,0.0,0.0,0.0,0.0004189891345979991,0.0,0.006738306804523567,0.030448276818142182,0.0004579751874131766,0.006572651412342619,[7],[6]
676,0.0018941623532201897,0.0,0.0,0.0,0.00026992842544734604,0.0,0.0001820465418026899,0.011757125663926669,0.0,0.002676642117430313,[7],[6]
677,0.00011759192761793496,0.0,0.0,0.0,6.123840005166587e-05,0.0,0.0005195482024390792,0.0037771629280380485,4.908837615795297e-05,0.0008038048699915911,[7],[-1]
678,4.968821833847402e-05,0.03419929169651751,0.0037604068512259834,0.0,0.0,0.00013134751797933057,0.0006977086954253493,0.0,0.0,0.0058610414828433165,[1],[-1]
679,7.40511890115381e-05,0.0593046985593868,0.0,0.00015877896105288649,0.0004974252111371117,0.0008461923315199643,0.0,0.01080587625000684,0.01963594494405483,0.0,[1],[-1]
680,0.0013939430462547653,0.01080500354095027,0.11622680714001939,0.0,0.0,0.0,0.0,0.0,0.15932768884055032,0.0,"[2, 8]",[-1]
681,0.00018996458643979962,0.10077016888210105,0.0,0.0,0.0003086813005919911,0.0009751371079295167,0.0,0.013474268067253107,0.03931051534127439,0.0,[1],[-1]
682,0.034275785942114,0.0,0.01037983753641334,0.0,0.0,0.09707929964178758,0.0,0.004281642470419098,0.04269427119013771,0.10445587814361625,"[5, 9]",[-1]
683,0.004014502184550711,0.0,0.0007069456623743146,0.0,0.00031091067357858117,0.0,0.005125529867899044,0.029494002563851672,0.007338708868024334,0.021341071053963028,"[7, 9]",[6]
684,0.003721517913123392,0.0,0.0,0.000646923322277579,0.000451382555565055,0.0,0.021486542941439223,0.03879098401715401,0.0014379306288774376,0.0086048377878448,[7],[6]
685,0.04313653889893033,0.0,0.007205838735721576,0.0,0.0,0.0,0.05751693202398912,0.0,0.06252888914184035,0.13097497765840943,[9],[6]
686,0.03096721553746,0.0,0.006304505265895423,0.0,0.0,0.07017372951727882,0.0,0.0,0.024161495285441745,0.0608093274403726,"[5, 9]",[-1]
687,0.06367900066041432,0.0,0.0,0.0,0.0005571540188852744,0.0,0.07501076619625019,0.0,0.034950484690529596,0.08138772477433613,"[6, 9]",[-1]
688,0.01502194313611658,0.00012578962175334587,0.0,0.00089393599997685,0.0,0.0,0.07040126738405546,0.0,0.0,0.0,[6],[6]
689,8.564820942566454e-05,0.05332647098002711,0.0,0.009366611464144692,0.0009550022799535486,0.0010996977102338003,0.0,0.017074629304295662,0.030634774743605615,0.0,[1],[-1]
690,9.237646732293049e-05,0.03609223779440898,0.05900389500421326,0.0,0.0,0.0,0.0056825201125228165,0.0,0.0,0.03290217122235334,"[1, 2]",[-1]
691,7.891611641110256e-05,0.03157656557937375,0.06219190775527673,0.0,0.0,0.0,0.0053802929160249565,0.0,0.0,0.030234399561022054,[2],[-1]
692,0.00046239298619369566,0.00682493077402196,0.0749714675939588,0.0,0.0,0.0,0.0,0.0,0.10327874702093758,0.0,"[2, 8]",[3]
693,2.7811647349786394e-05,0.001543378916255033,0.01323610922127309,0.045812270357864504,0.0,0.0,0.0,0.0006060786135598081,0.0,0.001250787975666739,[3],[-1]
694,0.006368635775973897,0.0,0.0,0.00037452756336549666,7.612720758228972e-05,0.005057276065455642,0.0,0.0,0.0,0.0,[5],[-1]
695,0.002935982674949276,0.0,0.0006195749273911033,0.0012389884265893154,0.0006105393166494389,0.0,0.0005136897467583895,0.05035452532617799,0.00028755202297936754,0.008402350552128748,[7],[6]
696,0.036826393718064,0.0,0.0,0.0,0.0,0.0,0.08671778751460778,0.0,0.03267162184670158,0.07355553382691882,"[6, 9]",[5]
697,0.0005836010151608021,0.0005669121119719297,0.0062543833941965336,0.0,0.0,0.0,0.0014623403338456364,0.0,0.007551135611019419,0.0,"[2, 8]",[-1]
698,0.00043430024561755975,0.0034579639813792115,0.01691241943542603,0.029214687188842015,0.0,0.0,0.006041996289869383,0.0025038329878992183,0.0,0.0009918889424148794,[3],[7]
699,0.03999849464448298,0.0,0.0,0.0013296172007194588,0.00208538899424675,0.04888012711707549,0.0,0.05306400404824555,0.0,0.0,"[5, 7]",[6]
700,0.00010769244725881443,0.05130629186199978,0.06629205151814352,0.0,0.0,0.0,0.0060044540627805605,0.0,0.0,0.03460206478869648,"[1, 2]",[-1]
701,0.04753699431625835,0.0,0.011273943333514608,0.0014067462308412744,0.0,0.08120219509207456,0.0,0.0090559479107373,0.04416486198304904,0.10552918645147533,"[5, 9]",[-1]
702,6.904902183507778e-05,0.05657630329267977,0.0,0.010251194793843935,0.001248838020320333,0.0016604021392660777,0.0,0.02237640990086339,0.03116122352538028,0.0,[1],[5]
703,0.00012014090715933013,0.05063411228855512,0.07412713829195322,0.0,0.0,0.0,0.006554970667973016,0.0,0.0,0.03784769594038354,"[1, 2]",[-1]
704,0.014462752365715663,0.0,0.0017922108301523612,0.0004633726568047872,0.0008747278441808908,0.036142290159768484,0.0,0.05397450280289173,0.0,0.010020744074071107,"[5, 7]",[6]
705,0.0003447424238749479,0.0,0.00027319536219945,0.00018911865110780504,0.0004005623794407284,0.001457134762248297,0.0,0.03094600107441819,0.0,0.0041456404792190185,[7],[6]
706,6.356460370329722e-05,2.8134794844125887e-05,0.0004538297759325015,0.0017738503758609218,0.0021503499319327503,0.0,0.0015121515753967623,0.13767135421412122,0.0,0.005089299645738599,[7],[6]
707,5.999954456828449e-05,0.005717026159001616,0.03300534016272678,0.0924613571479059,0.0,0.0,4.184854241667951e-05,0.014187928895556824,0.0,0.005293996390869609,[3],[-1]
708,3.5415866953739855e-05,0.03752975555598289,0.0,0.008299651321197825,0.0009704081067461168,0.00120643456417583,0.0,0.01797928339263174,0.024250070454190486,0.0,"[1, 8]",[-1]
709,0.012406086025311432,4.340722978305915e-06,0.0,0.0013328332450598254,0.00022979185405056692,0.0,0.038195647653744946,0.04854514749325684,0.005161903092065573,0.01655693496161208,"[6, 7]",[6]
710,0.01264630732751757,0.00028664399569418465,0.0004873595221890136,0.0010517944965656597,0.0002448175146427221,0.031993466106799644,0.0,0.012232296161969695,0.0,0.0,[5],[-1]
711,0.00010668053316337885,0.0009138573156934379,0.009764499834902407,0.03499938412999628,0.0,0.0,0.00019618491087100042,0.08268467045059583,0.0,0.0045532374729034385,[7],[-1]
712,3.752304235095081e-05,0.0016027042296112841,0.016872320618492802,0.06200338054293129,0.0,0.0,0.0,0.004272858378320941,0.0,0.0012895146244278378,[3],[-1]
713,7.3013224278608e-05,0.004468832367972852,0.025536279780559865,0.06992184454836312,0.0,0.0,8.866436991936714e-05,0.003494490666913597,0.0,0.004161509372688849,[3],[-1]
714,6.020967432109733e-05,1.6756490017008476e-05,0.0002466690693254925,0.0007336770170750474,0.0015277818905752858,0.0,0.0014589571524903835,0.1449839177169837,0.0,0.005551150024417403,[7],"[1, 6]"
715,0.007400521139061527,0.0,0.0,0.0,0.0,0.0,0.020187236154200643,0.0,0.0,0.0,[6],[6]
716,9.08561518147581e-05,7.44606078892107e-05,0.0005222736753143153,0.0006460110312167808,0.0024331922330143646,0.00011150495429578215,0.0009630840588415506,0.17021734191698532,0.0,0.007643316476515945,[7],[-1]
717,0.026234081651852002,0.0006585137466807515,0.0059007439759421075,0.00362222044017531,0.0,0.0,0.12183806761999522,0.0,0.027628372987073314,0.023471916080614993,[6],[6]
718,2.7308738919049158e-05,0.0042963924086682715,0.028889253259344484,0.0889457970325142,0.0,0.0,0.0,0.009283377122595434,0.0,0.0030908372308071403,[3],[-1]
719,0.005097563405461858,0.00044622336573291703,0.003685828025058863,0.0,0.0,0.005367082245594411,0.0,0.0,0.0049225946805989546,0.0,"[2, 5, 8]",[-1]
720,0.009950626722900755,0.0,0.0,0.0,0.0009135212917984618,0.0,0.03697488824221549,0.012143901359172047,0.01336076751642881,0.03443233822184449,"[6, 9]",[6]
721,5.848271605994826e-05,0.0006589186410380381,0.00892257180791744,0.0,0.0,0.0,0.0,0.0,0.012609641047287797,0.0,"[2, 8]",[-1]
722,0.0002027098595541451,0.005078748438136538,0.053278909678471306,0.0,0.0,0.0,0.0,0.0,0.06940103866839101,0.0,"[2, 8]",[-1]
723,0.00014512125166837292,0.04369625956829797,0.07474625444595612,0.0,0.0,0.0,0.006166082760858248,0.0,0.0,0.034059095974379866,[2],[-1]
724,0.0014619513727686926,0.058762191647502,0.10107201731474287,0.0,0.0,0.0,0.01220316960961746,0.0,0.0,0.048547561762105,[2],[-1]
725,0.03286630216252705,0.0,0.0,0.0,0.0006069694106755736,0.0,0.05563164465462477,0.0,0.03316450302117709,0.07942556161087985,"[6, 9]",[6]
726,7.92198509500596e-05,0.0035918352084550226,0.03143472707528368,0.10545044468077812,0.0,0.0,0.0,0.0036033718438603177,0.0,0.0022717917784125714,[3],[-1]
727,0.0003490385903861392,0.0065195319412609185,0.06608073270084298,0.0,0.0,0.0,0.0,0.0,0.08688360553211262,0.0,"[2, 8]",[-1]
728,0.0014953297857333576,0.0050940612525703375,0.047668337194890525,0.0,0.0,0.0,0.0047848964338699515,0.0,0.0607055335577091,0.0,"[2, 8]",[7]
729,0.0022875078960833692,0.010021524404093941,0.09878270085210045,0.0,0.022678964089912976,0.0,0.004435802553737949,0.0,0.11361168515578184,0.0,"[2, 8]",[3]
730,0.0004200851014156001,0.0,0.0004017015545725754,0.0,0.0002481679297311829,0.0013183385997948935,0.0005888584560620623,0.014137286419572698,0.0013898788482808377,0.005031637366642253,[7],[6]
731,0.0005188945438999999,0.0,0.0,0.0,0.000287710041505813,0.0,0.0037851302148158897,0.014467952240240384,0.0009711897693337234,0.004341049977487602,[7],[6]
732,5.882185226953517e-05,0.046130342586075325,0.0,0.008183037273289853,0.0010816623640775762,0.0013959066862871876,0.0,0.01775478311745949,0.02593078551518306,0.0,[1],[-1]
733,5.8067866366485536e-05,0.0004907529525588958,0.005115689732567522,0.0019841942664754727,0.0,0.0,0.00020676212285475343,0.0,0.006450879629794639,0.0,"[2, 8]",[-1]
734,0.00021593025569346182,0.07208805625984369,0.09988304381697638,0.0,0.0,0.0,0.008359517218943367,0.0,0.0,0.04872189057377236,"[1, 2]",[-1]
735,0.00012295074533559165,0.0596004291984037,0.08479552954521948,0.0,0.0,0.0,0.0076428684985133605,0.0,0.0,0.044235001201853474,"[1, 2]",[-1]
736,3.0894259379666196e-05,0.004961240839598177,0.02530241182348578,0.06478177256471378,0.0,0.0,0.0,0.004372611750126783,0.0,0.004532249564284135,[3],[-1]
737,0.0019368761823626136,0.0,0.000924542506138794,0.0,6.398153072480568e-05,0.004566035014715899,0.0,0.008565806960603849,0.004416300684050882,0.011042783180839467,"[7, 9]",[-1]
738,0.014875055409342797,0.0,0.0,0.0,0.0006551893826070409,0.0,0.031838666705419516,0.01920687045253806,0.010397647175446341,0.028688371938640263,"[6, 7, 9]",[6]
739,0.00897501759999641,0.0,0.0,5.701532893020804e-06,0.0009699167001266164,0.00535832051424403,0.0,0.03191580015194058,0.0,0.0,[7],"[6, 7]"
740,0.00039505341592219515,0.0057896362234588225,0.055123039230582635,0.0,0.0,0.0,0.0,0.0,0.06990802037976802,0.0,"[2, 8]",[-1]
741,0.0013573870203249794,0.0,0.0012106790370456208,0.0,0.00011194171493370464,0.003004017553408894,0.0015689142161590332,0.00877235057662122,0.006458340657411014,0.015132088252500195,[9],[-1]
742,1.3711821274232882e-06,1.534402839032083e-05,0.0001961387098320413,0.000348975723481293,0.007028686135163968,0.0,0.0,0.0004956061014718846,3.343048132047896e-05,0.0,[4],[-1]
743,2.8621213970545193e-05,0.0015085356460268558,0.013736674679251446,0.0497489110981017,0.0,0.0,0.0,0.0007742734373833685,0.0,0.0011330098556661522,[3],[-1]
744,9.521926758592222e-05,0.013096249543326959,0.047928079236555336,0.09064263621423604,0.0,0.0,0.0007780592045177179,0.003121940736032333,0.0,0.011995693043903088,[3],[-1]
745,0.009434936610098386,0.0,0.0,0.0,0.0007397970717983913,0.0,0.016726025554476387,0.01511149033866201,0.0,0.0012480247910707008,"[6, 7]",[-1]
746,0.0004459632846146451,0.0,9.795810031820835e-06,3.130104587100528e-05,0.0004247901060396536,0.0007005523977386876,0.0,0.01949524799542421,0.0,0.000783747783180631,[7],[6]
747,0.00394452413246007,0.0,0.0,0.0,0.00028857839565071185,0.0,0.00542379840269,0.01868943772834183,0.0,0.000522347289704017,[7],[7]
748,3.910367426152723e-05,0.002737489905310763,0.022664149807681985,0.0686337411821925,0.0,0.0,0.0,0.0021830546033451315,0.0,0.0010228544542312437,[3],[-1]
749,0.000944225102840817,0.027151096164823165,0.05197580440993497,0.0,0.0,0.0,0.001832808231125932,0.0,0.0,0.008052929649306198,[2],[2]
750,0.0014453763161697188,0.0,0.00018513493469389102,0.0001589063974449474,0.0017038672327048922,0.0,0.007605970202762599,0.05286152576138702,0.0015516316376540207,0.011530352022212078,[7],[6]
751,0.002861195923038485,0.0,0.0,0.0,0.00029829567428314155,0.0,0.0005774630580727192,0.011323025808755176,0.0014630414094837377,0.005608319910610458,[7],[-1]
752,0.00027547351402261547,0.14006722247265033,0.0,0.007579828780284688,0.0004861841046258819,0.0017606654384991248,0.0,0.025991478435065645,0.03775046378318796,0.0,[1],[-1]
753,8.399087396757767e-05,0.004096306461683884,0.018849293472257153,0.054871721780497436,0.0,0.0,0.00012163083837038204,0.0017958054384268256,0.001817117423634429,0.0,[3],[2]
754,0.000864307013132812,1.115371473369416e-05,0.00018729203066498532,0.000769776288703707,0.00027074860133308615,0.0,0.006305743079511202,0.030510522385138714,0.0007059377958980105,0.005981613114386579,[7],[6]
755,0.003479427754100515,0.006361643333899797,0.040478523241635034,0.06572095030508544,0.0,0.0,0.011365519694267334,0.0,0.015406433662895265,0.002345395630898126,"[2, 3]",[-1]
756,9.619663764061417e-06,0.00031971320044094396,0.0028861445593908503,0.010324839480299344,0.0,0.0,0.0,3.2278802010905656e-05,0.0,0.00028262796195286,[3],[-1]
757,7.625203436521842e-05,0.0033824236154712138,0.024379490621876967,0.0,0.0,0.0,0.0,0.0,0.030087802931437552,0.0,"[2, 8]",[-1]
758,0.0013899997886032659,0.0,0.0,2.6590543732310507e-05,0.000411112401733735,0.0,0.005158042621779428,0.02545059924134428,0.0,0.0037380473868296894,[7],[-1]
759,8.509375916772018e-05,0.06874568249898885,0.0,0.015058013471675256,0.0013222568928410265,0.0019326282143041491,0.0,0.02386062369351681,0.03643743820165888,0.0,[1],[-1]
760,0.00045327780385297244,0.009111409048537723,0.09782922093998116,0.0,0.0,0.0,0.0,0.0,0.13518364897322221,0.0,"[2, 8]",[-1]
761,1.4409659282455931e-05,0.000763199589939655,0.008084991963271391,0.03039103401973827,0.0,0.0,0.0,0.0014453674715242944,0.0,0.0006545059970818667,[3],[-1]
762,0.00011090614654855415,0.08636226072388474,0.0,0.020832980993079658,0.0018866962109751228,0.002416579530952809,0.0,0.033840038879062874,0.05011856371868273,0.0,[1],[-1]
763,0.0005626548549147203,0.0020190107577199613,0.013300267936556228,0.010693575966477357,0.16907311182863155,0.0,0.001008507192021159,0.0,0.0032141776941845474,0.0,[4],[8]
764,0.0032120642223946146,0.0011523312211929393,0.007732581998223206,0.009016879752047485,0.0,0.0,0.010202406990961152,0.0,0.01293767094375052,0.013518412387510627,"[3, 6, 8, 9]",[-1]
765,0.00012102883789422088,7.904271153681799e-07,0.00020215165488377543,0.00011514545223587495,0.0002650689651054193,0.0004020930957824936,0.0004309829110763395,0.0257193307423399,0.0,0.0033705984221757868,[7],[-1]
766,0.000209956958023248,1.7123548173820174e-05,0.0004863339708852273,0.0009259107222978677,0.00237328345460365,0.0003390169495732327,0.0009635230156689237,0.16864598403442294,0.0,0.0087278378138709,[7],[-1]
767,3.6526253211063786e-08,1.5058105377332744e-06,4.899919418335564e-06,1.0492330154970339e-05,0.0,0.0,2.8463488320769697e-06,0.0,4.000254055581291e-06,0.0,[3],[-1]
768,3.6526253211063786e-08,1.505810537733277e-06,4.899919418335564e-06,1.0492330154970278e-05,0.0,0.0,2.8463488320769786e-06,0.0,4.0002540555812894e-06,0.0,[3],[-1]
769,0.00010124821583465328,0.0039012888286871837,0.04259530392863716,0.0,0.0,0.0,0.0,0.0,0.05649109196094026,0.0,"[2, 8]",[3]
770,0.000916078319037633,0.05048049858137367,0.05632600490188136,0.0,0.0,0.0,0.003914285639535692,0.0,0.0,0.025349752328289486,"[1, 2]",[-1]
771,1.345478771975804e-06,0.00013013537989756826,0.0013200798116161515,0.002226676451109254,0.06907550333412957,0.0001250214549793821,0.0,0.0,0.0,3.979320348108218e-05,[4],[-1]
772,5.973688315125291e-05,0.03738352369563916,0.0015417371470931869,0.0,0.0,0.00014273348243514232,0.0,0.0,0.0,0.0013222572286988577,[1],[5]
773,2.8330892802711662e-05,1.3563351004428125e-05,0.000223509485051455,0.0005673014671486137,0.0010538291448700594,0.0,0.0007570449440752543,0.10893821279577288,0.0,0.004277189130352099,[7],[-1]
774,1.4764474882650259e-06,3.4397089740492474e-06,4.6488846263180686e-05,0.00010840363512736346,0.0004722712335161262,0.0,0.00010940014133422632,0.04375711827692806,0.0,0.001436424886168059,[7],[-1]
775,1.9572302434474025e-05,0.004418285598559291,0.021402417796545687,0.05431354213282758,0.0,0.0,0.0,0.0055933241709764875,0.0,0.0047146577628154355,[3],[-1]
776,4.415403644365949e-05,0.00012231370001091269,0.0019950690547344704,0.0,0.0,0.0,5.716459119533286e-05,1.0310271511407014e-05,0.0028494485256388502,0.0,"[2, 8]",[0]
777,0.00015900315388835227,0.050963089748734085,0.09067094648638593,0.0,0.0,0.0,0.00754214389369308,0.0,0.0,0.04185235322397602,[2],[5]
778,0.0009155532340601269,0.00425938762195682,0.03972762991055696,0.0,0.0,0.0,0.005498321997850108,0.0,0.04282279878041911,0.0,"[2, 8]",[-1]
779,2.616623023407968e-05,0.0015745847840662281,0.007263698247442061,0.008203933227553594,0.18324760326522133,0.00017609483694752126,0.0,0.0,0.0,0.0015163118491666404,[4],[8]
780,0.0036138298799485696,0.00045075781551018123,0.004084621743730587,0.0,0.001991101075808961,0.005176827740446651,0.001203988107638232,0.01569929171541737,0.007902211182529276,0.009762316582401197,"[7, 9]",[-1]
781,0.001126988812688621,9.684884191397908e-05,0.0009243937337122619,0.0011170957247854825,0.026852914626617264,0.0,0.002024019976409061,0.021256701936612676,0.00019250664210044546,0.00385879660792553,"[4, 7]",[6]
782,0.0004981107064992381,0.008216379493557344,0.08700390732596293,0.0,0.0,0.0,0.0,0.0,0.11656320693159722,0.0,"[2, 8]",[3]
783,4.609527284975913e-05,0.0037959199804668132,0.020724709718348545,0.05564283310117457,0.0,0.0,0.0,0.006871242254395454,0.0,0.0014573195055824124,[3],[-1]
784,5.6336953164761194e-05,0.005495289321301367,0.039150954769831506,0.12244449430193446,0.0,0.0,0.0,0.012442161507665523,0.0,0.004271481261267424,[3],[-1]
785,0.00034171721785644784,0.0035780874934403244,0.01294039439379128,0.04194540673802498,0.0,0.0,0.003911538789603074,0.002440125077777146,0.0,0.0009697746919687592,[3],[2]
786,8.224797863196918e-05,0.004604346176740307,0.03173887131427926,0.0957265731142758,0.0,0.0,0.0,0.00365152553185042,0.0,0.003536922709907468,[3],[-1]
787,0.00017228435769911426,0.028263339240089606,0.028904154543298446,0.0,0.0,0.0,0.0,0.0,0.06528811404934842,0.0,[8],[-1]
788,0.000835667188681947,0.0,1.1963970054883136e-05,0.0,0.0003128396430589288,2.0498792611832317e-05,0.00046202537461998393,0.02188901414747658,0.0005652617499865234,0.005298709224548025,[7],[6]
789,0.00014956138013787673,0.09327273286153884,0.0,0.008380359450657737,0.001464449731553513,0.0017758781675731813,0.0,0.02654673885441422,0.04810373716540834,0.0,[1],[-1]
790,5.093779601548747e-06,4.5822648712895816e-05,0.0002693557506952036,7.112315915574089e-05,1.5177172206795299e-05,0.0,1.9740965031897127e-05,0.0,0.00039446744731921066,0.0,"[2, 8]",[-1]
791,0.0005760819862245423,0.0023060229290294857,0.0055543627441332006,0.0,7.417180052525927e-05,0.0,0.0008412571635253222,0.0,0.009201944995349109,0.0,"[2, 8]",[5]
792,5.093779601548747e-06,4.5822648712895714e-05,0.0002693557506952036,7.112315915574073e-05,1.5177172206795292e-05,0.0,1.9740965031897208e-05,0.0,0.00039446744731921115,0.0,"[2, 8]",[8]
793,9.761983166818693e-05,0.002294121481795601,0.007310516679788168,0.013183555170914612,0.0,0.0,0.0011049299108642067,0.0002767681109952943,0.0,0.00258645770611058,[3],[-1]
794,0.0041424467069565134,0.0,0.00017959546771319159,0.0,0.0004526097709984312,0.0,0.0003213423179422402,0.029246218626295332,0.004988904280210387,0.01775959051338033,"[7, 9]",[-1]
795,0.014470651743178195,0.00010307675571357753,0.0031035174379603924,0.0,0.0,0.0,0.04395220668747409,0.0,0.024340969958140092,0.03876230670525904,"[6, 9]",[-1]
796,5.236776528089048e-05,0.00314969904054083,0.021575330441045926,0.06423317805416459,0.0,0.0,0.0,0.011073740063295017,0.0,0.002379047349279254,[3],[-1]
797,0.009233161259520329,0.0004035207973074431,0.0029403626573320345,0.007078072185204657,0.0,0.030362142854077918,0.0,0.009119101504011191,0.0,0.0,[5],[-1]
798,6.522743176582512e-05,0.019700250875629776,0.037190950674806794,0.0,0.0,0.0,0.00337601606647408,0.0,0.0,0.019410451718843112,[2],[-1]
799,7.963082188248603e-05,0.03264436608668043,0.04416690282851157,0.0,0.0,0.0,0.004072510318243031,0.0,0.0,0.024664676099618133,"[1, 2]",[5]
800,0.00010196228131804514,0.0,0.0,0.0,0.0001053567501105108,0.0,0.0004877606480787588,0.007398659015800529,0.0,0.0008071831414143101,[7],[6]
801,6.1622445326456714e-06,1.9031322547825988e-05,0.00030112343671160485,0.0012006469016587315,0.00037427605700098015,0.0,0.00015831902025722098,0.04364151776434494,0.0,0.0016218098043934992,[7],[-1]
802,0.0003492010545725792,0.005207806929744511,0.05622982071928612,0.0,0.0,0.0,0.0,0.0,0.07238624746016849,0.0,"[2, 8]",[-1]
803,9.268236731400898e-05,0.07772910246309965,0.0,0.026848971280332902,0.0019311163891140126,0.002256016815812957,0.0,0.036080843210252865,0.0548596378845548,0.0,"[1, 8]",[-1]
804,0.0003973294417974809,0.0035262595046555963,0.030141855908201794,0.0,0.0,0.0,0.001261434879916407,0.0,0.0371123180592321,0.0,"[2, 8]",[-1]
805,0.0026968395565933776,0.0,0.0,0.0,0.00025435377055658823,0.0,0.010511236457470966,0.010378902491740285,0.003783213385920211,0.010801305055900441,"[6, 7, 9]",[6]
806,4.136144999325093e-05,0.00043541356738977796,0.005354494039378546,0.0028642501876549,0.00029438124863145535,0.0,9.388107176825131e-05,0.0,0.005406544218174573,0.0,"[2, 8]",[7]
807,0.00014344408870693078,8.232835136140552e-07,6.415771034506564e-05,0.0,0.0012140540976129305,0.0,0.0017140061742917526,0.012768185787163992,0.0003341288019294106,0.002610396155174988,[7],"[1, 3, 6]"
808,7.69068107051131e-06,0.00033162421529618917,0.0033200393032717895,0.005369376310149256,0.16837624968983686,0.0002577465703325056,0.0,0.0,0.0,7.491174167176887e-05,[4],[8]
809,7.997425102546122e-05,0.0049719988676074365,0.018215858219137893,0.04561888310167491,0.0,0.0,1.0914672221174913e-05,0.003328429651924995,0.0,0.00047793014448050194,[3],[-1]
810,3.165383801760452e-05,0.0017740255662758715,0.012207551883166022,0.041206794437280765,0.0,0.0,0.0,0.001081374535892859,0.0,0.0012453240065679876,[3],[-1]
811,1.2711888898962357e-05,0.0007765113301942868,0.006663817472228718,0.023598225322294858,0.0,0.0,0.0,0.00015759503048432176,0.0,0.0007633202253121907,[3],[-1]
812,0.00010323198608979938,0.050727429137119286,0.0807425780818934,0.0,0.0,0.0,0.007291440672040024,0.0,0.0,0.041994508375750216,"[1, 2]",[-1]
813,6.61442618518508e-06,9.462356851264177e-06,0.00014891304247190168,0.00034622317835694287,0.0010247173169249564,0.0,0.0003458621724707951,0.1017529323648276,0.0,0.0034648356343930037,[7],"[1, 6]"
814,0.003145534967199336,0.0,0.0,0.0010378422103409547,0.00018919815763781303,0.0,0.005513418020038062,0.033503901774897246,0.0,0.0036468859809147087,[7],[6]
815,0.005914675641602487,0.0,0.0,0.00024031046188168842,0.0001604863762507245,0.011608562092612507,0.0,0.006490359661797876,0.0,0.0,[5],[-1]
816,4.2669939076239155e-05,0.0014401853588262034,0.013994104359291236,0.0,0.0,0.0,0.0,0.0,0.020622808812689804,0.0,"[2, 8]",[-1]
817,1.596789962033457e-05,0.016733542185741936,0.0,0.003372297181094576,0.0,0.0002530823815719281,0.0,0.0024069036869013,0.0037701669628109648,0.0,[1],[-1]
818,3.8748188277055895e-05,0.0036992839358994927,0.019331454095168697,0.05177094989982409,0.0,0.0,0.00027718651549277695,0.005184196709865153,0.0,0.0034941687388088125,[3],[-1]
819,0.008361557506768147,0.0,0.0018529024151208672,0.0010366025558811514,8.755726074022415e-06,0.040742911406355914,0.0,0.0066411912040897905,0.0,0.0,[5],[6]
820,2.857849953607205e-07,2.486688673773108e-06,2.9893128283382042e-05,0.00011933316028951464,0.00013397963926908992,0.0,0.0,0.00010560195413573236,0.0,5.003799931224445e-07,"[3, 4, 7]",[-1]
821,0.00033090749294622683,0.0,0.0,0.0,0.00016123234260786388,0.0,0.002576774930250162,0.005833988185217649,0.0004390303339893713,0.001772711094436154,[7],"[0, 6]"
822,0.0010909048840323813,0.002118440660077419,0.02306419974343981,0.0,0.005344018613498146,0.0,0.0026375650055912012,0.0,0.027161189050368083,0.0,"[2, 8]",[3]
823,0.006383711642122423,0.0,0.00036492384301372866,0.0,0.0004754965830637286,0.0,0.008978194102437775,0.03863035472815611,0.007856174943080047,0.0242490610490246,"[7, 9]",[6]
824,1.713976957305591e-05,2.5972942306364575e-05,0.00042325873898854823,0.0014864765665844224,0.0008389217880207031,0.0,0.00044745903209336924,0.0976884835007416,0.0,0.0038162756681013213,[7],[-1]
825,0.002839974248050798,0.0,5.7932057463215115e-05,0.0,0.0,0.0,0.005110802332061855,0.0,0.005202015838990858,0.011939409047754363,[9],[-1]
826,9.160885852313853e-05,0.08662232571313509,0.0,0.017364525960279646,0.0021330749507843766,0.002533456951704138,0.0,0.03441338036400119,0.05255469567218679,0.0,"[1, 8]",[-1]
827,0.009768446397960578,0.0,0.0011712674186466333,0.0,0.0008190768700250723,0.023009576153250066,0.0,0.0306954766527519,0.0028477347171261447,0.015254237266716134,"[5, 7]",[6]
828,0.0009134956347283798,0.006159111733662762,0.020027663134218044,0.04535970043302163,0.0,0.0,0.0003417824388590408,0.0,0.0,0.0027653792495536253,[3],[-1]
829,0.0004481970001785753,0.0,0.0003594738898351291,0.0,5.35283052961521e-05,0.001753187909194225,0.00029173106925698046,0.0036699300789605383,0.002454135925277484,0.006347019680112795,[9],[6]
830,6.731141589925825e-05,6.189711881648754e-06,0.00012868043994493651,0.0,0.0002316330682676391,0.00021097170157439912,0.00015062132428915695,0.004575398771628677,0.00025789540748978184,0.0010322507650607547,[7],[-1]
831,5.5765264909670825e-05,0.008666448502823328,0.01996170547894614,0.028382673840454786,9.534332809055536e-06,0.0,0.0011356082979171393,0.0,0.0,0.006814618539670527,"[2, 3]",[-1]
832,0.00046638048790486773,0.0063677266311165616,0.06984419518288057,0.0,0.0,0.0,0.0,0.0,0.09509698219349197,0.0,"[2, 8]",[3]
833,0.00013567705532907765,0.002914975587811924,0.02052847854194728,0.0,0.0,0.0,0.0,0.0,0.022509180093618443,0.0,"[2, 8]",[3]
834,0.0006170069861526345,0.0030992195482097986,0.029343047258247944,0.0,0.0,0.00020237914881686384,0.0,0.0,0.03465274779327833,0.0,"[2, 8]",[-1]
835,0.002010356066801411,0.0,0.001324342565227548,0.0,0.0,0.011946848709800069,0.0,0.004054438231286567,0.0034415662162810647,0.008318673780314307,"[5, 9]",[-1]
836,0.0003757921168983722,0.005201117830967908,0.050406022480178315,0.0,0.0,0.0,0.0005237917937635301,0.0,0.06350300060414797,0.0,"[2, 8]",[-1]
837,4.054615537071232e-05,0.0005806613421688797,0.006540357248676018,0.006457568869228542,0.0,0.0,0.0002263169296393061,0.0,0.005213066926847434,0.0,"[2, 3, 8]",[-1]
838,1.2153178595461992e-05,2.1620281377627677e-06,5.5635363083905754e-05,0.0,6.171136742511127e-05,0.0,0.00021779797963749505,0.0025679068971309294,5.556408153937982e-05,0.00028813479301626307,[7],[0]
839,4.569827581475468e-07,2.013287288997364e-06,4.8252263676116414e-05,0.0,4.1754267933487733e-07,0.0,6.879776776613148e-06,0.0001329473353266357,7.123198448829954e-05,0.0,[7],[0]
840,0.00016733311764821022,0.0,0.0,1.779706298127912e-05,8.554310384025827e-05,0.0,0.0019755095949465992,0.00787174890942558,9.631292470471916e-05,0.0014185738769765795,[7],"[6, 7]"
841,0.0004969423923538992,1.5182422288933505e-05,6.622466338930892e-05,6.740030026113324e-05,0.00014812176898040453,0.0,0.006113658465066837,0.011252738956428027,0.0006044264639910749,0.002045956590120764,[7],[6]
842,7.037748434020383e-05,0.003553933516503654,0.005727230043030778,0.0,0.0003596779321465424,6.817209060315281e-05,0.0009568464439427357,0.06433840301908823,0.0,0.006901102462830214,[7],[-1]
843,0.0004967804114486286,0.007307641020201641,0.037912151017023527,0.0796866739830618,0.0,0.0,0.0055958972971105175,0.002350766303420578,0.0,0.003514403226899832,[3],[2]
844,2.064004073658612e-05,0.0015821291548514468,0.007360917232100178,0.008419820941571883,0.1909037146467634,0.00017991693582835967,0.0,0.0,0.0,0.001360278393165614,[4],[8]
845,0.00046196401189304773,0.0013962950647898923,0.007256204571611918,0.012474386401860214,0.0033955745653351265,0.0,0.005689453961716422,0.0,0.0020923697361037354,0.0,[3],[-1]
846,0.023487340681740375,0.0,0.0,0.0,0.0007987674704941058,0.0,0.053180860379263624,0.0,0.02874774710106114,0.06852162522099818,"[6, 9]",[6]
847,0.02219909086743624,0.00037672138754913276,0.007866882166443627,0.0027490439161819615,0.0,0.07296143407233832,0.0,0.008746089403130508,0.0,0.0,[5],[6]
848,2.6214316065593606e-05,0.0027698956847651943,0.012292648280051005,0.044922621318022854,0.0,0.0,0.0,0.0035137045156704194,0.0,0.00024087718578094533,[3],[-1]
849,7.314671378032885e-05,0.025646140028742475,0.03699851252448381,0.021259225326047536,0.0,0.0,0.002308332224859624,0.0,0.0,0.015118676359273562,"[1, 2]",[-1]
850,0.0001465243903615677,0.005451188104791258,0.02211885133276526,0.047104371766193656,0.0,0.0,0.0022303787953905116,0.0057740934833824566,0.0,0.004873897962408391,[3],[-1]
851,3.1604524650952835e-06,0.0003922755769026775,0.0030868376946643163,0.009366978934566285,0.0,0.0,0.0,0.0012087037479686538,0.0,0.0004997882443724837,[3],[4]
852,0.00016456945707586806,0.0,0.0,6.006455899993089e-05,0.00015521708972376434,0.0,0.0010118894953721153,0.007929720921337336,0.0,0.0012095482374865783,[7],[6]
853,6.36101123163999e-05,0.002233826160786535,0.017317264676431673,0.0,0.0,0.0,0.0,0.0,0.019422568755789786,0.0,"[2, 8]",[-1]
854,0.0015133041216809078,0.006084360370451799,0.04019880398057382,0.0,0.0,0.0,0.00046464268818054773,0.0,0.03766126786963726,0.0,"[2, 8]",[3]
855,0.0003899042658756417,1.2315042791359206e-05,0.000366599095088991,0.0,0.0002894071278422439,0.0,0.001590624696960383,0.027489310340299455,0.0005873752848215918,0.004869783007314531,[7],[-1]
856,0.0006009461598983804,7.763338563253751e-07,0.00025831074706903845,0.0,0.00023833499562584968,0.0,0.003923202644126868,0.02767588857371153,0.0013645077122125518,0.006815373593266264,[7],[6]
857,0.0015142045647116586,0.0,0.0007064388720664557,0.0,4.4006733490977556e-05,0.0038145848922756746,0.0009783762883918672,0.00411146102093696,0.004624096722246923,0.011467419302616109,[9],[-1]
858,1.1294806858349325e-06,6.809225653070182e-06,5.6987597584341e-05,0.00018647764962594787,0.0006286462638199711,0.0,8.496267455248247e-06,0.0006930573676469801,0.0,5.041454927626278e-06,"[4, 7]",[4]
859,6.679489559838078e-06,0.0023733845056911063,0.009299237353970605,0.02059353887157713,0.0,0.0,8.111574925760152e-05,0.002827080738511199,0.0,0.0026706357480397484,[3],[6]
860,1.4758968523368154e-05,0.0015699466507117848,0.012857518585529434,0.045487908085169365,0.0,0.0,0.0,0.0036194624923599843,0.0,0.001342582546106379,[3],[-1]
861,0.002491493995348322,0.0,0.0,0.0,0.00044390851784540736,0.0,0.012084069255466888,0.013604518303265919,0.005847144011942828,0.01586406425288183,"[6, 7, 9]",[6]
862,7.167164477563234e-06,0.00026093971869492466,0.00290090887499904,0.004804651491438313,0.15868129716630208,0.0002470437782672854,0.0,0.0,0.0,0.0,[4],[8]
863,0.00046932644181356463,8.049772451061808e-05,0.001034562256580604,0.0012826495612901106,0.0009839826587958083,0.0017776516259190695,0.0006242030256482204,0.11517855389798431,0.0,0.00959619604611775,[7],[6]
864,0.00022178999997855492,0.016312005416137528,0.004708986823082365,0.00676499329396494,0.0009837475811299064,0.0,0.0006219512862563613,0.0,0.0,0.003451103731103409,[1],[-1]
865,0.0007339610829089932,6.889160155564955e-06,0.0005142016949791048,0.0006568100845910296,0.001970056557880464,0.0005474438895955274,0.0011558387798947238,0.13036261693043186,0.0,0.010166079478871128,[7],[-1]
866,0.011316398466369348,0.0,0.0010728855386636432,0.0,0.00011298530552069162,0.0,0.040047343013591225,0.0,0.028209629607328743,0.06022036593853126,"[6, 9]",[6]
867,3.788891505587051e-05,0.0019907321979769172,0.009556161005789706,0.0,0.0,0.0,0.0,0.0,0.0056898451888659895,0.0,[2],[-1]
868,2.2171676327976833e-05,0.0004436399792954109,0.002864307023082987,0.0012651908547131635,0.0,0.0,0.0,0.0,0.0023047096275446307,0.0,"[2, 8]",[-1]
869,0.000370963743078281,1.2966246692710062e-08,0.00018228330065045567,0.0,0.0,0.0,0.0019307863754200137,0.0038172974772336895,0.001512964006276349,0.00374482971360273,"[7, 9]",[7]
870,0.0009298891092467757,0.0,0.0005221547146756946,0.0,0.0012898839640209797,0.002276173228464582,0.0,0.018259786352246638,0.0020606488342942947,0.007524552870919542,[7],[-1]
871,3.585345452761668e-05,0.0019140752109339338,0.01059904609638933,0.016225334165864223,0.18251163404894022,4.724441235624843e-05,0.0,0.004417323751469465,0.0,0.001495737988378384,[4],[8]
872,0.0017493712806054065,0.0,0.0,0.00013638830184958716,0.00041260805934026726,0.0,0.0,0.0012730821902445177,0.0,0.0,[7],[7]
873,3.066142788021645e-05,4.556042215361522e-06,6.184289579175387e-05,0.00013874359409924407,0.0010484418160147705,0.0,0.0002686464649688226,0.02084573624566353,0.0,0.0010263905098396695,[7],[0]
874,0.0003900721239930598,0.0008169682800648441,0.009771672626149712,0.00011904111874819136,0.0,0.0,0.0007348300652671592,0.0,0.014277703976777608,0.0,"[2, 8]",[-1]
875,0.0017491276454541028,0.0031934564384102455,0.023495316720436383,0.041219757580377256,0.0,0.0,0.0081261222312783,0.0,0.013221810162201695,0.0,[3],[-1]
876,0.002239540908664139,0.004063747189553176,0.033608405631268407,0.02434103728279641,0.0,0.0,0.007006932683045374,0.0,0.03157818772549296,0.0,"[2, 3, 8]",[7]
877,3.7608856673172994e-06,0.00037537874751563115,0.0027180788968817725,0.009279292928068528,0.0,0.0,0.0,0.0008591366655958092,0.0,0.00039203117699875017,[3],[-1]
878,5.17813210970133e-05,0.053791717461430855,0.0,0.002119951338013321,0.0006137327383566883,0.0011275622131123434,0.0,0.01258980589647941,0.01470752163224158,0.0,[1],[-1]
879,7.830328297365441e-05,0.002284705371927879,0.017864652937775154,0.0,0.0001600382321209854,0.0,0.0,0.0,0.01968464835343592,0.0,"[2, 8]",[-1]
880,4.815599158705104e-05,0.012196047871484596,0.029512844640532034,0.020344103255853393,0.0002139860905742365,0.0,0.0017624346455202317,0.0,0.0,0.011257508430598797,"[2, 3]",[-1]
881,0.0033764782387415778,0.0,0.0005026130309900685,0.0,0.001372382869073256,0.005587718719037606,0.0,0.035175042458418876,0.0017009042304290043,0.010596637247547919,[7],[-1]
882,0.0009455231808175902,0.0,0.0,0.0,4.894588841816506e-05,0.0,0.0,0.002727428976616258,0.0,0.00010727800459327555,[7],[-1]
883,2.098447224149486e-05,0.0007469954458421597,0.006300236643893506,0.02192849474758536,0.0,0.0,0.0,9.533101943276373e-05,0.0,0.0005209817837561778,[3],[-1]
884,0.0005255743217950694,0.0004429940558917923,0.005099146660175619,0.0005926392246877617,0.0,0.0,0.0007558258405560682,0.0,0.007253606987517012,0.0,"[2, 8]",[-1]
885,0.0012538724645417465,0.010375287590800614,0.010451306847030493,0.0,0.0,0.0,0.0006346931507557683,0.0,0.0,0.0,"[1, 2]",[5]
886,0.0028693695834285703,0.0,0.00038803062221801613,0.0,0.0,0.0026892557126534616,0.001750313872784394,0.0012705790314603241,0.0016621267733342164,0.003543932143993176,"[5, 9]",[-1]
887,2.57354548121775e-05,0.0028404620153354566,0.0072506377779820025,0.027741930992730854,0.0,0.0,0.0,0.0015597178506903875,0.0,0.0006579473088513314,[3],[-1]
888,3.0312851291824235e-05,0.0,5.532777898030079e-05,0.0,1.9495509560439127e-05,0.00024919522435632,0.0001496838967759663,0.0017434165158489333,0.0002377635834148691,0.0007983384929625432,[7],[-1]
889,0.00021182257292887344,2.956603628992375e-05,0.00029257481384461505,0.0010695992670931682,0.0004907953533350485,0.0,0.0031272928993052633,0.04482953110403593,0.0,0.002256919291601213,[7],[6]
890,0.0008133706164341854,0.008476074198669168,0.024024690686990077,0.007397491929844283,0.0,0.0017069359978392606,0.0010802928564081062,0.0,0.0,0.010061901528888795,[2],[-1]
891,0.0020829946133574394,0.0007043042146937897,0.010437815973991906,0.0,4.95476375955071e-05,0.0,0.0048276305448563175,0.0,0.017368865202154717,0.0,"[2, 8]",[6]
892,2.326479455819655e-05,3.0271167378303477e-05,0.00017630100852516646,0.0003767700356286425,0.0008025855035568534,0.0,0.0,0.0009749670604487935,0.0,0.0,"[4, 7]",[4]
893,1.3117905483479238e-05,7.929496692184488e-06,0.00014107976011309227,0.00023388952345069485,0.0013134158202585465,3.0453806249429573e-05,0.00023971812661319547,0.058550424056270194,0.0,0.0023090630624861613,[7],[6]
894,0.004879456233734423,0.0,0.0,1.8952896094125284e-05,0.00033562322331718127,0.005644520073255857,0.0,0.014277364252099885,0.0,0.0009092340764685044,[7],[-1]
895,0.000524613896281505,0.0,0.0004183600636697423,0.0,8.760350213916738e-06,0.0033853269435470965,0.0,0.003014812433509681,0.0009454564209943909,0.0023579930329538363,"[5, 7, 9]",[-1]
896,6.994561053183017e-06,0.00028596409238149936,0.0026470228723565635,0.004032185244864956,0.1177610145960508,0.00015993401116861676,0.0,0.0,0.0,7.718964344318831e-05,[4],[8]
897,0.0005395122712744688,0.0,6.994356207828793e-05,0.0,0.0,2.7793104403542753e-06,0.0,0.0,0.000865586940483211,0.0020064539649175656,[9],[-1]
898,1.2578617110543217e-07,1.4172999338510627e-06,3.322381716576707e-05,1.6277419437319197e-05,0.0,0.0,0.0,0.00011140888884531376,4.049680135791372e-05,0.0,[7],[3]
899,1.4218176993556208e-05,8.619715042920741e-05,0.0013773019923122994,0.000546336187482899,0.0,0.0,0.0,0.0016213772390539158,0.0016439772499211279,0.0,"[2, 7, 8]",[-1]
900,5.093779601548747e-06,4.5822648712895985e-05,0.0002693557506952034,7.11231591557406e-05,1.5177172206795609e-05,0.0,1.9740965031896957e-05,0.0,0.00039446744731921055,0.0,"[2, 8]",[7]
901,3.990314060423156e-05,0.002719134839070162,0.0176169627225038,0.0472536688698519,0.00011364134467091792,0.0,0.0,0.0010231875311998962,0.0,0.002004527429813533,[3],[-1]
902,3.49462230158883e-05,0.0036206414103626154,0.02123578510957051,0.08074529048888819,0.0,0.0,0.0,0.007967474403994363,0.0,0.0014385448749153732,[3],[-1]
903,2.9205026009680713e-05,0.0011900319857367052,0.013198029057700506,0.04137726644391498,0.0,0.0,0.0,0.0025502108304484967,0.0014541993598990472,0.0,[3],[-1]
904,3.6365664497471637e-06,5.528626895725131e-06,6.673442573724281e-05,0.0,6.906694826180742e-05,0.0,0.00010503680679986848,0.0017008352301978902,3.268716605102143e-05,5.747145978363919e-05,[7],[0]
905,0.00014118981470410123,3.562883599018393e-05,0.0006688570815136967,0.0020584901414857247,0.002549203998075405,0.0,0.0012179673429850418,0.1933916046168461,0.0,0.00846414126320536,[7],"[1, 6]"
906,1.577790773286248e-05,7.503569123300108e-06,6.593919988023783e-05,0.00023635478124733403,0.0014376914187939102,0.0,0.0,0.007626611519105474,0.0,0.0001596832801669189,[7],[-1]
907,0.0011348322319851823,0.037881753256382586,0.08135718781017526,0.0,0.0,0.0,0.009738297183315491,0.0,0.0,0.042164360900303816,[2],[-1]
908,9.714522898577596e-06,0.00033269783550330013,0.0030643208230759647,0.011076929995269158,0.0,0.0,0.0,0.00011965527416859851,0.0,0.00031411359486244303,[3],[-1]
909,3.0245043803831008e-05,3.1157628048954833e-06,7.974262454702516e-05,0.0001068842345779121,0.00022974229108407133,0.0,0.00041175418429864304,0.01298524012119673,0.0,0.000758811864132944,[7],[6]
910,0.0008391132190724976,0.004995348226944778,0.04466637920601741,0.0,0.0,0.0,0.0,0.0,0.057881757587961505,0.0,"[2, 8]",[3]
911,0.0003095805196503528,0.006181129383001396,0.06850281744260049,0.0,0.0,0.0,0.0,0.0,0.09248104910597438,0.0,"[2, 8]",[-1]
912,0.002836422739959558,0.0022522057639847025,0.01357799795752033,0.019027316013763073,0.0,0.0,0.0,0.0,0.008467544630673222,0.0,"[2, 3]",[7]
913,3.7344061672156307e-06,5.563039241756367e-06,6.801341041995785e-05,0.0,7.112340077559829e-05,0.0,0.0001110705610418046,0.0018114222739491737,3.154695105526786e-05,6.603076024791069e-05,[7],[0]
914,1.521287380785468e-05,6.510493614482353e-06,4.8172442011591376e-05,0.000190016299203125,0.000642246421108542,0.0,0.0,0.000743683169774456,0.0,0.0,"[4, 7]",[4]
915,0.0001865238973658537,0.002103094114074949,0.01821396118025875,0.0,0.0,0.0,0.0,0.0,0.02459564003693676,0.0,"[2, 8]",[-1]
916,0.013425597870468329,0.0,0.0,0.0,0.0,0.0,0.03373175906345643,0.0,0.008890730681736793,0.01622930902721467,[6],[6]
917,9.710590356404365e-06,0.0006852344724463655,0.007778736888085411,0.025830487619002484,0.0,0.0,0.0,0.00020720368810010764,0.0,9.308228694651034e-05,[3],[-1]
918,6.10324152998096e-05,0.0026330451785585057,0.023643536731576674,0.07066122148215258,0.0,0.0,0.0,0.007094589049982629,0.000551552704054086,0.0,[3],[1]
919,9.818326421835109e-05,0.005638202051522203,0.03745188060847207,0.10671744321921622,0.0,0.0,0.0,0.006678353356681944,0.0,0.0029011317033757734,[3],[-1]
920,0.0015863439824213056,0.0,0.0012437306656682167,0.0,6.57328941808042e-05,0.007582209542823279,0.0,0.005812690506387176,0.004658986703031794,0.011038262601759682,"[5, 9]",[-1]
921,0.0005330826669765189,0.0034958537656390987,0.0043441436339949685,0.0007500999289427313,0.0,0.0018298142738312091,0.0,0.0,0.0,0.0022288300830996537,"[1, 2]",[2]
922,0.013675477306306161,0.0003833288495705987,0.0008183860282499154,4.4139089671403216e-05,0.0,0.0,0.03279141769602241,0.0,0.017665882220649763,0.0360842834778127,"[6, 9]",[-1]
923,1.008240010378894e-05,0.0003035184600134441,0.0027041816355112677,0.004290309456423599,0.11670063304385488,8.363693992180109e-05,0.0,0.0,0.0,6.800092124679642e-05,[4],[8]
924,2.7039405494451506e-05,0.0005205497341690448,0.007504051945188124,0.0061584242807055595,0.0,0.0,0.0,0.0013468237745122283,0.007596416581253992,0.0,"[2, 3, 8]",[1]
925,1.2805893364975928e-06,1.4304038878068812e-06,3.4698720913531656e-05,1.6201305740559216e-05,3.765561514668756e-05,0.0,4.709346983376247e-05,0.000661561947251164,3.6251440988867855e-05,6.725132911081791e-05,[7],[3]
926,0.00021161316640404008,0.005610308236431366,0.05439537858063587,0.0,0.0,0.0,0.0,0.0,0.072352118496433,0.0,"[2, 8]",[-1]
927,0.00021334287429765206,0.0020451530866372907,0.0009066831368864356,0.005084194464368271,0.0,0.0,0.0005790681134698516,0.0,0.0018401629568848621,0.0013258778391914087,[3],[-1]
928,0.00084523243853512,1.0561313020972975e-05,0.0005439763194585535,0.0006662212276942191,0.0,0.002056614875970109,0.000750855925212946,0.001564364873074189,0.0016307749607992385,0.0038880914956342777,[9],[6]
929,2.938795039207528e-05,0.00018392536228509497,0.002007359220389078,0.0018925898859152763,0.0,0.0,0.0001426044387562417,0.0,0.002234804468817363,0.0,"[2, 3, 8]",[-1]
930,0.00030183370634159903,9.766475954214491e-07,0.0,7.048085588950676e-05,0.0012242240643973537,0.0,0.002944015501514356,0.014710019871855471,0.00013540178080165272,0.002501446408604775,[7],"[0, 6]"
931,6.066492441451788e-06,5.544171899247281e-06,6.623317812575786e-05,5.848838859928493e-07,0.00010967823752584212,0.0,0.00018595525240225062,0.0023369665457025346,2.1561125737953428e-05,0.00012855636185327488,[7],[-1]
932,1.6255544750758824e-05,0.0,1.0759179827931419e-05,2.064041798303964e-05,0.00013770089023806522,0.0,0.00023998092152378514,0.007614950817331824,0.0,0.0005469774830682377,[7],"[1, 6]"
933,0.01711644698863875,7.457205643754872e-05,0.005432966201083617,0.0,0.0,0.04134079722918451,0.0,0.0,0.020851184588803546,0.047305659484972014,"[5, 9]",[6]
934,9.61802433138817e-05,0.0036342681175758193,0.02473742458017487,0.0,0.0,0.0,0.0,0.0,0.0292204923077202,0.0,"[2, 8]",[6]
935,4.4412579019781484e-05,2.121855185442621e-08,0.0,1.9945758287340775e-05,0.00013248995025004406,0.0,0.0011381506393353064,0.006325410369683789,0.0,0.0006664015900773797,[7],"[1, 6]"
936,0.00010759780925379903,6.096571942051456e-06,0.00011296526752335008,1.6834941531561888e-05,0.0003712615695620815,0.0,0.0009128242350313386,0.013674548861937022,0.0,0.001622267310635192,[7],[6]
937,3.0405626014250682e-05,0.000920576105621951,0.009391904500378221,0.033521607615749315,0.0,0.0,0.0,0.0016215921314785002,0.0,0.0007067617801234351,[3],[-1]
938,0.0001211682981679593,7.428700220278207e-05,0.0010775784720043625,0.0,0.00027805667082082423,0.0,0.0005086404645143963,0.011342662666495666,0.0012224364017927292,0.001336681344474409,[7],[6]
939,0.0005123098429542802,8.28183226997355e-05,0.0008623823235955258,0.0008258091942486427,0.0,0.0,0.0010238694444882556,0.0,0.0012958512379029586,0.0004022616062581456,"[2, 3, 6, 8]",[-1]
940,1.706484330266806e-05,0.0008315991086347401,0.007822531073563364,0.02406971796029841,0.0,0.0,0.0,0.0008132282182879177,0.0,0.00019634293227617728,[3],[-1]
941,0.0002836021386405779,0.005981579088781734,0.05924918726571137,0.0,0.0,0.0,0.0,0.0,0.07935953299939799,0.0,"[2, 8]",[-1]
942,0.0009616312156867081,0.0036351355871030947,0.03272909542329357,0.0,0.0,0.0013490390672908443,0.0,0.0,0.0385092274416174,0.0,"[2, 8]",[-1]
943,2.2421298495689904e-05,0.00019066157669506506,0.0005758631919477049,0.0008444026933981493,0.0002775811327288822,0.0,0.00026472875554105744,0.0023364370722760816,0.0003685797343906306,0.0,[7],[-1]
944,0.001145626539453531,0.005687891749400047,0.010690135228966715,0.015137719907525887,0.0,0.0,0.004472185450212675,0.0,0.0017014008635333814,0.0010461526558047708,"[2, 3]",[-1]
945,0.00010761970358030325,0.04071515702324804,0.07302941984098026,0.0,0.0,0.0,0.0064815366346865485,0.0,0.0,0.03647366550508129,[2],[5]
946,9.956342952901352e-09,3.47643587881036e-09,7.872170710972017e-08,3.24941866706726e-07,0.0,6.830816026158794e-07,1.5720293995859658e-07,8.08817316347532e-07,0.0,0.0,"[5, 7]",[-1]
947,6.133863189108449e-07,1.0746898620687241e-07,1.6728225794087565e-06,5.782899203623732e-06,0.0,1.5365998193199202e-05,0.0,1.0412041977836439e-05,0.0,0.0,"[5, 7]",[-1]
948,2.361995231345839e-05,0.00021340726919118712,0.0014696889797337093,0.0031013968520167703,8.39805968238932e-05,0.0,0.00035395548434419125,0.0007001582973652482,0.0002689669623049163,0.00036467053811414937,[3],[4]
949,0.000772609352850841,0.0068887737067881375,0.0,0.0,7.8287569807847e-05,0.0,0.00020765176801637117,0.0,0.0014208563697417605,0.0,[1],[-1]
950,0.00030134537399280386,0.0015072758280683482,0.014368414854387463,0.0041104608388378375,0.0,0.0,0.0012406052607395245,0.0,0.01593086488841555,0.0,"[2, 8]",[-1]
951,0.003683397860355775,0.00030720153829841154,0.0052212908981253735,0.0,0.0,0.0,0.004632813248410124,0.0,0.012663701274275225,0.008247772436985996,"[8, 9]",[-1]
952,0.00016515199523678244,0.005743998032586027,0.028710069139260972,0.0,0.0,0.0,0.0,0.0,0.037680689223405235,0.0,"[2, 8]",[-1]
953,2.546156966311001e-06,0.0004586038685956023,0.0024786815791459672,0.006139343961323321,0.0,0.0,0.0,0.00031430244007059425,0.0,0.00043262172563453207,[3],[-1]
954,8.717972572491819e-07,0.0002566464675066657,0.0013904168353808402,0.003236097089369299,0.0,0.0,0.0,0.000179387363878574,0.0,0.00035647846625741204,[3],[-1]
955,2.003726092179443e-06,0.00017029285959978423,0.002054579012616414,0.008146517667258407,0.0,1.0183222796339589e-05,0.0,0.0,0.0,0.00015316325137584223,[3],[-1]
956,1.1601399999368026e-05,0.0001228288945770352,0.0014222063972970296,0.001029718788380213,0.0,0.0,8.445944540853526e-05,0.0,0.0018710331339890608,0.0,"[2, 8]",[-1]
957,0.004043444262452931,0.0,0.0027200894481290566,0.0,0.0,0.011291251324269575,0.001343765503536514,0.004434925821370574,0.013968193700675953,0.030965361874010718,[9],[6]
958,0.00033817320768501143,0.0009143774489874134,0.010628086933010225,0.01294796466272844,0.0,0.0,0.0035943581965452976,0.0,0.009198352833285175,0.0,"[2, 3, 8]",[1]
959,4.7125241386440756e-07,3.076791870425513e-05,0.0002061990056939156,0.00045559497332229557,0.00015599409343290644,0.0,1.564468584149477e-05,0.00012259255208148094,0.0,5.472808764152145e-05,[3],[4]
960,1.4869918617184966e-05,0.0005057454057028883,0.004810819167332241,0.006562829549771941,0.0,0.0,3.558258594228278e-05,0.0,0.002862141433957259,0.0,"[2, 3]",[-1]
961,1.1294806858349325e-06,6.809225653070221e-06,5.698759758434112e-05,0.00018647764962594798,0.000628646263819971,0.0,8.496267455248344e-06,0.00069305736764698,0.0,5.041454927626257e-06,"[4, 7]",[4]
962,0.0004538474010904186,4.962789021453451e-06,0.0,0.00033900734455395205,0.0004941968691619061,0.0,0.004786291221086704,0.02905970857778417,0.0,0.0003784802119988651,[7],[6]
963,2.205108093404411e-05,6.692296746246675e-05,0.0004893454053386397,0.0010608573398408177,0.003073757126275226,0.0,0.00019926589768412764,0.00041717726265722634,0.0,0.0,[4],[4]
964,7.076439458839526e-06,0.00022199519940451713,0.0020904262587894554,0.003305002331090728,0.08840053714760593,0.0001000487170760865,0.0,0.00556885579370152,0.0,0.00028350033225686883,[4],[8]
965,0.001147616622527041,0.0,0.0005632463187228753,0.0,0.0,0.006030900421032646,0.0,0.001264753560117954,0.0010034786327389935,0.002606094188865137,[5],[-1]
966,2.594618196342419e-07,9.171453345002642e-07,9.654303982212617e-06,1.0729303388959158e-05,6.665445945471303e-07,2.7907117384082663e-06,0.0,0.00013657237969435748,8.980907250843388e-06,7.296050876920343e-06,[7],[-1]
967,2.594618196342419e-07,9.171453345002642e-07,9.654303982212617e-06,1.0729303388959158e-05,6.665445945471304e-07,2.7907117384082663e-06,0.0,0.00013657237969435656,8.98090725084339e-06,7.296050876920344e-06,[7],[-1]
968,3.5526215722839526e-05,0.0018888439267740822,0.008081314362709743,0.0,0.0,0.0,0.0,0.0,0.0037621853033016164,0.0,[2],[-1]
969,1.9713278512214684e-05,0.0035616173783636408,0.013393301288966845,0.025588070787850276,1.9019543186770556e-05,0.0,0.0004201044407131797,0.0029889063412961306,0.0,0.0038712794105073976,[3],[-1]
970,0.00015151554358781773,7.034315946386531e-06,0.0003331453902406702,0.0,0.00020443765695860082,0.0007020009949456861,0.0007601707452280437,0.0070503837512562026,0.0011743515855101262,0.003223687974288124,[7],[6]
971,4.6431796838127365e-05,6.098354753769624e-06,0.00011932560421931164,0.00017986903526377186,0.0005967809138875042,6.0537006248725726e-05,0.00022621820486003248,0.05458434840981612,0.0,0.002371264998542503,[7],"[1, 6]"
972,9.313922009709658e-06,0.0,1.3252984747091263e-05,0.0,0.0,0.00013374239079484498,0.0,3.766971396742205e-05,2.6363479372809383e-05,6.646373410690621e-05,[5],[-1]
973,0.009098142961028505,0.0,0.0027515177319709346,0.0009683873606883529,0.0,0.04914672720398671,0.0,0.0073280385333545075,0.0,0.0,[5],[-1]
974,6.133863189108449e-07,1.0746898620687263e-07,1.672822579408761e-06,5.782899203623598e-06,0.0,1.53659981931992e-05,0.0,1.0412041977836439e-05,0.0,0.0,"[5, 7]",[-1]
975,0.0011094233886394709,0.0,0.0,0.0,9.232000892213079e-05,0.0,0.0005360429251599208,0.004707317765827526,0.00030875209502057607,0.0018143426169420598,[7],[6]
976,1.2959078228325541e-06,0.00011897416968757794,0.0014400950613362147,0.005828644381089379,0.0,1.4650873064899063e-05,0.0,0.0,0.0,0.00010293459893665028,[3],[-1]
977,3.894793590265233e-05,0.0,0.0,0.0,0.00018862470512676124,0.0,0.0007264864445248855,0.0063588267040868484,0.0,0.0006507530687554967,[7],[6]
978,8.283952964706411e-06,0.002178083920137712,0.007826600799114555,0.016393846707246758,0.0,0.0,5.3412907561977186e-05,0.00042036797215909904,0.0,0.0019781141205299883,[3],[-1]
979,8.633185164362155e-06,0.0004170201119945619,6.854410423797433e-05,9.597181616533805e-05,3.6350799868897424e-05,0.0,5.80287242310905e-05,0.0,8.797370737110137e-05,0.0,[1],[-1]
980,0.0033855712688297315,0.0,0.0002203574409210397,0.0,0.00017856807848959993,0.003528419760657793,0.0,0.007858356029096476,0.0023699801796598944,0.007898583471989372,"[7, 9]",[6]
981,0.0004829394859073441,0.0,6.809280335979954e-05,2.6883924006503178e-05,0.0002429615410618401,0.0,0.001628711215037797,0.022286885739505317,0.00037445996690625564,0.004427657148055313,[7],[-1]
982,0.0007857475812312093,0.0,0.0,6.600237979393145e-05,0.000342387113011887,0.0,0.0045206704049621125,0.026562438829256914,0.0,0.0039276405225847815,[7],[6]
983,0.00043333556933511694,0.00010319322481406797,0.0010213933286319199,0.0017350298860363599,0.0,0.0,0.006092309188148008,0.0005254611169618694,0.0014873207690585108,0.0007597323455472242,[6],[-1]
984,1.0518832378564309e-06,0.0017368598646824288,0.0,5.9823974338211336e-05,0.0,3.864226437259926e-05,0.0,0.0001410252995262481,0.00024499873431155537,0.0,[1],[-1]
985,0.001790119295831741,0.0,0.0003645421833813932,0.0,0.0,0.00011268954414607819,0.0010803077802795417,2.3956451896547864e-05,0.0037790783003914105,0.008702357204127743,[9],[-1]
986,1.2752393236028009e-05,0.00011031158890221583,0.0009922602324127269,0.002133025716900348,1.2142349639963456e-06,0.0,0.0002487283011396283,0.004218879769662428,3.973718905571006e-05,0.0001817113263842578,[7],[-1]
987,9.014818244950293e-06,0.0003075725675123939,0.0026354331481845427,0.005466829016358775,0.0,2.257588113307228e-05,0.0,0.0007740012428706913,0.00011382292664066137,0.0,[3],[-1]
988,8.162469866749291e-05,0.03200130849739205,0.05922543673739708,0.0,0.0,0.0,0.005751970983419756,0.0,0.0,0.03246617466735679,[2],[-1]
989,6.153754623067749e-05,8.45473256318302e-07,7.946694870904453e-06,2.6772359525004908e-05,4.1416053419220996e-05,0.0,0.000298131174509361,0.0024733857370124496,0.00010076152390786835,0.0006415531515747749,[7],[6]
990,1.1598512991152802e-05,4.088741768283963e-06,0.00012542023903785632,4.412273862224312e-05,0.0,6.179167139024492e-05,6.263673402382995e-05,0.0006821400215812302,0.0002743367475385058,0.0003753849651177997,[7],[-1]
991,4.470009179927788e-05,8.576696111890433e-05,0.0013706467663506749,0.0005749906548234752,0.0,0.0,0.00017866569849919853,0.003617544219774595,0.0015681594276756574,0.0,[7],[3]
992,0.0011605182005747221,0.0,2.126060646407254e-05,0.0,0.00021959935653439577,0.0,0.000225430583408714,0.02067323778715502,0.00017680029772352066,0.003959855296042792,[7],[6]
993,9.89227439805843e-07,0.00022500700983842933,0.0020624109166711797,0.007293535450292856,0.0,1.2893772123087686e-05,0.0,0.001139131622064003,0.0,0.0002870479099432316,[3],[-1]
994,1.5999065804240858e-07,5.760608194690601e-05,0.00031513778865085724,0.000720725664397992,0.0,0.0,3.393723837525577e-06,0.00013711408962729485,0.0,9.765107643691656e-05,[3],[-1]
995,0.001382110879910269,0.0,0.00022442756372654106,3.836683442654862e-06,0.0,0.0015647629755993974,0.0011924533026322042,0.0008870256606905822,0.0010874015636909379,0.002573984693142691,"[5, 9]",[-1]
996,7.495516603500918e-05,6.53355106096679e-06,6.934286419386648e-05,0.00019962433152903767,0.0,0.000675609457004072,0.0,0.0002880238501249116,0.0,0.0,[5],[-1]
997,0.0001443881549042964,0.0,0.0,5.119732755319165e-07,3.0514993015458164e-05,0.00016556828766507275,0.0,0.0025058302033278013,0.0,0.0005251053387218702,[7],[-1]
998,9.434686740319961e-05,0.0007587376028645593,0.01170386420360422,0.0,0.0,0.0,0.0,0.0,0.01738082414307899,0.0,"[2, 8]",[-1]
999,0.0005961473683614905,0.00013790898237504452,0.0013642615540682779,0.0013582302003350628,0.0,0.0,0.001669322199601798,0.0,0.002064124427961034,0.000793685156717203,"[2, 3, 6, 8]",[7]
1000,0.0013502365737347857,0.0,0.0,6.088925426126797e-05,7.994734406023008e-05,0.0026511362130012183,0.0,0.0031484943111917017,0.0,0.0,"[5, 7]",[7]
1001,2.504777034105633e-05,0.0004503669778572571,0.0017903937921197157,0.00030444734003356923,0.006774970422164044,0.0,0.00017308433769718814,0.0009832643627884442,0.0,0.00035879951974400487,[4],[2]
1002,1.3692827262666703e-06,0.0001347712131907959,0.0008591154797945659,0.0017297111521818805,0.0,0.0,0.0,0.0,3.7486148159723436e-05,0.0,[3],[-1]
1003,1.938217274135508e-05,0.0,0.0,5.823211975282893e-06,3.982186360047077e-06,0.00014133060352033817,0.0,0.00020938268598414377,0.0,0.0,"[5, 7]",[7]
1004,0.001037941424264819,0.0,2.7040759006658622e-05,0.00014899915670830253,3.738756574392477e-05,0.003721447408195649,0.0,0.002118090012583902,0.0,0.0,[5],[7]
1005,5.3633159368921605e-06,0.00014042501248360344,0.0016001837371670492,0.0,0.0,0.0,0.0,0.0005911720710853867,0.0022028146125459857,0.0,"[2, 8]",[-1]
1006,0.0005564855138618106,6.209302896110537e-05,0.0005512327497665171,0.00027884722888061664,0.0,0.0,0.0011637884028599236,0.0,0.0014485735390103427,0.001041322004336927,"[6, 8, 9]",[-1]
1007,5.2743140358253916e-05,0.0,0.0,1.0848060021140876e-05,4.3439485007019866e-05,0.0,0.0008422769452989744,0.002646328498115358,0.0,0.0003644117927676806,[7],[6]
1008,1.2807633598034408e-05,8.606693148768081e-05,0.0013716870426091089,0.0005421225138356345,0.0,0.0,0.0,0.0004858805675392368,0.0016697483721346588,0.0,"[2, 8]",[-1]
1009,2.2153929188388556e-06,0.001776972867141833,0.0032510664271185445,0.0,0.0,0.0,0.00032332906832502285,0.0,0.0,0.0019068350911700229,[2],[-1]
1010,0.0009452658239247596,0.0,0.0,0.0,9.179882386219815e-05,2.1586071539554567e-05,0.0,0.003722705295921247,0.0,0.000235596600261431,[7],[-1]
1011,7.89573099814122e-06,0.00024985310585560257,0.002555391384209945,0.004049082009871878,0.0,0.0,0.0,0.0,0.0016605781537753707,0.0,"[2, 3]",[-1]
1012,3.5726481463748735e-05,0.0004921037180006323,0.006028801865017267,0.0005437464724917116,0.0,0.0,0.0,0.0,0.00759637257053344,0.0,"[2, 8]",[-1]
1013,9.233967594059305e-06,0.0012296855808514304,0.0037175413006667844,0.0026394855759174496,0.001580723516566588,0.0,0.0002140856162719392,0.00023938081458589757,0.0,0.001409898276134699,"[2, 3]",[4]
1014,2.5735605791458357e-07,9.023113016190037e-07,9.427142184321034e-06,1.0425426359409313e-05,6.432932615336874e-07,2.7271240427346303e-06,0.0,0.00013046447932450937,8.892283782456436e-06,7.040095386396868e-06,[7],[-1]
1015,5.317615673750305e-06,8.415644511541792e-08,0.0,6.0967901455781855e-06,4.586143976267066e-05,0.0,0.0002500485605934118,0.003294842713306996,0.0,0.00018449445056668485,[7],[6]
1016,1.8034704428997767e-06,0.0018799232070528535,0.0,0.0005136779991390551,0.0,3.2497510076429015e-05,0.0,0.0,0.0001711183623854914,0.0,[1],[-1]
1017,7.645713341480593e-05,0.0,0.0,6.579761084803478e-06,1.2251196376072388e-05,0.0,0.0,0.001459905685945798,0.0,0.0002747194382767253,[7],[7]
1018,4.464062789717964e-06,9.159409833404921e-05,0.00020334655668618082,0.00036210593027070047,0.0,0.0,0.00010090118602661313,0.0,0.00014970388934805196,0.0,[3],[-1]
1019,4.303240140182585e-08,3.4756239973137846e-06,4.1933692663966345e-05,0.00014074396754303,0.0,0.0,6.301906153964763e-07,0.00010847029310192782,0.0,4.970187379290641e-06,"[3, 7]",[-1]
1020,0.00012788942202795147,0.0012707894918990296,0.004859955274253027,0.0001720374711024348,0.0,0.0,0.0017920934044383797,0.0,0.0,0.0,[2],[-1]
1021,7.443052347255486e-06,6.90355551225055e-05,0.0009366597713137875,0.0,1.2237600796707174e-05,0.0,0.0001405131403708572,3.097072258339232e-05,0.0010964829758604677,0.0,"[2, 8]",[-1]
1022,0.0005409297105093469,0.0,0.00044952136788517245,0.0,8.08677498414099e-06,0.0036502684266678095,0.0,0.0031600789367646023,0.001033047234739929,0.0025720092630732135,"[5, 7, 9]",[-1]
1023,6.13304853232409e-07,1.07411833467017e-07,1.6709256542064576e-06,5.773511418158176e-06,0.0,1.5350460290598748e-05,0.0,1.0377863208811524e-05,0.0,0.0,"[5, 7]",[-1]
1024,6.13304853232409e-07,1.0741183346701754e-07,1.6709256542064273e-06,5.773511418158127e-06,0.0,1.5350460290598754e-05,0.0,1.0377863208811063e-05,0.0,0.0,"[5, 7]",[-1]
1025,6.379549166309078e-05,0.0005313702393545415,0.0036675506613395893,0.005370963338766818,0.0,0.0,0.0,0.0,0.0006303838763729318,0.0,"[2, 3]",[-1]
1026,1.1540065929251938e-07,1.3945292001501853e-06,3.242532171730428e-05,1.5823797584020446e-05,0.0,0.0,0.0,8.19005301797051e-05,4.028498878885541e-05,0.0,[7],[-1]
1027,9.36578226049396e-10,2.2555304190651695e-08,7.629552577501786e-07,4.552371422958039e-07,0.0,0.0,0.0,3.863017129380503e-06,9.427205696881654e-07,0.0,[7],[-1]
1028,3.5169006945304446e-06,1.6690611970638218e-06,2.4032963630177673e-05,4.8929621702870675e-05,0.0,0.0,0.00017297846303473876,4.664042739565853e-05,3.737941076535365e-05,2.1962860260897366e-05,[6],[-1]
1029,0.00010510587039257722,0.0,0.0,9.687118230425079e-08,1.9421828040499262e-05,4.3125192504124936e-05,0.0,0.001916174484648872,4.476944124080818e-05,0.0004969895627074251,[7],[-1]
1030,4.449949219115817e-06,0.00019966998420568942,0.0021325149740629326,0.004230797178211473,0.00034337893744296123,0.0,0.0,6.826163912946166e-05,0.0007587251386269221,0.0,[3],[2]
1031,0.0006992811103165642,0.0,0.0,0.0,4.003322420692468e-05,0.0,0.0026985786334212166,0.0,0.0012827841804287175,0.003006375342481267,"[6, 9]",[7]
1032,2.3221130784073404e-05,0.0,0.0,0.0,1.0211935578471648e-05,0.0,0.0,0.0005055361502075937,2.480358094763307e-05,0.00015048981418047658,[7],[6]
1033,8.269758447274103e-06,6.15977192782342e-05,0.0007718317573478576,0.0,0.0,1.227962454857083e-05,0.0,0.0,0.000981143249105459,0.0,"[2, 8]",[-1]
