Variation,Affinity Design,n,mu,on,om,inst,ONMI,Omega,|K'-K|/K,FADDIS Runtime
085_cosip_beta0_lapin-off_-_g0.3,cosip_beta0,1000,0.4,200,2,1,0.354676,0.27212,0.809524,17.352844
085_cosip_beta0_lapin-off_-_g0.3,cosip_beta0,1000,0.4,200,2,2,0.407807,0.327708,0.55,12.463453
085_cosip_beta0_lapin-off_-_g0.3,cosip_beta0,1000,0.4,200,2,3,0.48261,0.452887,0.32,13.18823
085_cosip_beta0_lapin-off_-_g0.3,cosip_beta0,1000,0.4,200,2,4,0.400534,0.339408,0.583333,15.182642
085_cosip_beta0_lapin-off_-_g0.3,cosip_beta0,1000,0.4,200,2,5,0.415865,0.311578,0.583333,15.395705
085_cosip_beta0_lapin-off_-_g0.3,cosip_beta0,1000,0.4,200,2,6,0.39728,0.319558,0.64,16.112303
085_cosip_beta0_lapin-off_-_g0.3,cosip_beta0,1000,0.4,200,2,7,0.395614,0.271692,0.545455,14.830771
085_cosip_beta0_lapin-off_-_g0.3,cosip_beta0,1000,0.4,200,2,8,0.439009,0.380556,0.555556,16.827105
085_cosip_beta0_lapin-off_-_g0.3,cosip_beta0,1000,0.4,200,2,9,0.402229,0.340907,0.75,16.568205
085_cosip_beta0_lapin-off_-_g0.3,cosip_beta0,1000,0.4,200,2,10,0.385077,0.344756,0.76,18.886194
086_cosip_beta0_lapin-off_-_g0.5,cosip_beta0,1000,0.4,200,2,1,0.406182,0.455676,0.809524,17.352844
086_cosip_beta0_lapin-off_-_g0.5,cosip_beta0,1000,0.4,200,2,2,0.470479,0.503277,0.55,12.463453
086_cosip_beta0_lapin-off_-_g0.5,cosip_beta0,1000,0.4,200,2,3,0.603159,0.644123,0.32,13.18823
086_cosip_beta0_lapin-off_-_g0.5,cosip_beta0,1000,0.4,200,2,4,0.483412,0.496748,0.583333,15.182642
086_cosip_beta0_lapin-off_-_g0.5,cosip_beta0,1000,0.4,200,2,5,0.495253,0.457981,0.583333,15.395705
086_cosip_beta0_lapin-off_-_g0.5,cosip_beta0,1000,0.4,200,2,6,0.466521,0.481645,0.64,16.112303
086_cosip_beta0_lapin-off_-_g0.5,cosip_beta0,1000,0.4,200,2,7,0.467109,0.450706,0.545455,14.830771
086_cosip_beta0_lapin-off_-_g0.5,cosip_beta0,1000,0.4,200,2,8,0.525565,0.558363,0.555556,16.827105
086_cosip_beta0_lapin-off_-_g0.5,cosip_beta0,1000,0.4,200,2,9,0.46975,0.530158,0.75,16.568205
086_cosip_beta0_lapin-off_-_g0.5,cosip_beta0,1000,0.4,200,2,10,0.442967,0.463091,0.76,18.886194
087_cosip_beta0_lapin-off_-_g0.6,cosip_beta0,1000,0.4,200,2,1,0.418174,0.498188,0.809524,17.352844
087_cosip_beta0_lapin-off_-_g0.6,cosip_beta0,1000,0.4,200,2,2,0.495578,0.552451,0.55,12.463453
087_cosip_beta0_lapin-off_-_g0.6,cosip_beta0,1000,0.4,200,2,3,0.62567,0.653841,0.32,13.18823
087_cosip_beta0_lapin-off_-_g0.6,cosip_beta0,1000,0.4,200,2,4,0.507853,0.533038,0.583333,15.182642
087_cosip_beta0_lapin-off_-_g0.6,cosip_beta0,1000,0.4,200,2,5,0.523684,0.554697,0.583333,15.395705
087_cosip_beta0_lapin-off_-_g0.6,cosip_beta0,1000,0.4,200,2,6,0.483561,0.530072,0.64,16.112303
087_cosip_beta0_lapin-off_-_g0.6,cosip_beta0,1000,0.4,200,2,7,0.485992,0.49354,0.545455,14.830771
087_cosip_beta0_lapin-off_-_g0.6,cosip_beta0,1000,0.4,200,2,8,0.533706,0.567038,0.555556,16.827105
087_cosip_beta0_lapin-off_-_g0.6,cosip_beta0,1000,0.4,200,2,9,0.498818,0.554544,0.75,16.568205
087_cosip_beta0_lapin-off_-_g0.6,cosip_beta0,1000,0.4,200,2,10,0.466919,0.501335,0.76,18.886194
088_cosip_beta0_lapin-off_-_g0.7,cosip_beta0,1000,0.4,200,2,1,0.444703,0.529396,0.809524,17.352844
088_cosip_beta0_lapin-off_-_g0.7,cosip_beta0,1000,0.4,200,2,2,0.530685,0.615877,0.55,12.463453
088_cosip_beta0_lapin-off_-_g0.7,cosip_beta0,1000,0.4,200,2,3,0.638378,0.651511,0.32,13.18823
088_cosip_beta0_lapin-off_-_g0.7,cosip_beta0,1000,0.4,200,2,4,0.522921,0.538341,0.583333,15.182642
088_cosip_beta0_lapin-off_-_g0.7,cosip_beta0,1000,0.4,200,2,5,0.549482,0.584992,0.583333,15.395705
088_cosip_beta0_lapin-off_-_g0.7,cosip_beta0,1000,0.4,200,2,6,0.518455,0.556828,0.64,16.112303
088_cosip_beta0_lapin-off_-_g0.7,cosip_beta0,1000,0.4,200,2,7,0.501005,0.529847,0.545455,14.830771
088_cosip_beta0_lapin-off_-_g0.7,cosip_beta0,1000,0.4,200,2,8,0.557039,0.580437,0.555556,16.827105
088_cosip_beta0_lapin-off_-_g0.7,cosip_beta0,1000,0.4,200,2,9,0.517103,0.555563,0.75,16.568205
088_cosip_beta0_lapin-off_-_g0.7,cosip_beta0,1000,0.4,200,2,10,0.498031,0.521553,0.76,18.886194
089_cosip_beta0_lapin-off_-_g0.8,cosip_beta0,1000,0.4,200,2,1,0.446758,0.51051,0.809524,17.352844
089_cosip_beta0_lapin-off_-_g0.8,cosip_beta0,1000,0.4,200,2,2,0.546068,0.610534,0.55,12.463453
089_cosip_beta0_lapin-off_-_g0.8,cosip_beta0,1000,0.4,200,2,3,0.647795,0.638952,0.32,13.18823
089_cosip_beta0_lapin-off_-_g0.8,cosip_beta0,1000,0.4,200,2,4,0.532182,0.515528,0.583333,15.182642
089_cosip_beta0_lapin-off_-_g0.8,cosip_beta0,1000,0.4,200,2,5,0.561808,0.573841,0.583333,15.395705
089_cosip_beta0_lapin-off_-_g0.8,cosip_beta0,1000,0.4,200,2,6,0.534152,0.56215,0.64,16.112303
089_cosip_beta0_lapin-off_-_g0.8,cosip_beta0,1000,0.4,200,2,7,0.52108,0.525377,0.545455,14.830771
089_cosip_beta0_lapin-off_-_g0.8,cosip_beta0,1000,0.4,200,2,8,0.55577,0.564025,0.555556,16.827105
089_cosip_beta0_lapin-off_-_g0.8,cosip_beta0,1000,0.4,200,2,9,0.519184,0.526425,0.75,16.568205
089_cosip_beta0_lapin-off_-_g0.8,cosip_beta0,1000,0.4,200,2,10,0.503934,0.507116,0.76,18.886194
090_cosip_beta0_lapin-off_-_g0.9,cosip_beta0,1000,0.4,200,2,1,0.456359,0.487903,0.809524,17.352844
090_cosip_beta0_lapin-off_-_g0.9,cosip_beta0,1000,0.4,200,2,2,0.559032,0.60275,0.55,12.463453
090_cosip_beta0_lapin-off_-_g0.9,cosip_beta0,1000,0.4,200,2,3,0.653229,0.625298,0.32,13.18823
090_cosip_beta0_lapin-off_-_g0.9,cosip_beta0,1000,0.4,200,2,4,0.534159,0.500175,0.583333,15.182642
090_cosip_beta0_lapin-off_-_g0.9,cosip_beta0,1000,0.4,200,2,5,0.571725,0.572478,0.583333,15.395705
090_cosip_beta0_lapin-off_-_g0.9,cosip_beta0,1000,0.4,200,2,6,0.542078,0.53466,0.64,16.112303
090_cosip_beta0_lapin-off_-_g0.9,cosip_beta0,1000,0.4,200,2,7,0.524825,0.509816,0.545455,14.830771
090_cosip_beta0_lapin-off_-_g0.9,cosip_beta0,1000,0.4,200,2,8,0.549623,0.535105,0.555556,16.827105
090_cosip_beta0_lapin-off_-_g0.9,cosip_beta0,1000,0.4,200,2,9,0.52516,0.514515,0.75,16.568205
090_cosip_beta0_lapin-off_-_g0.9,cosip_beta0,1000,0.4,200,2,10,0.493654,0.495988,0.76,18.886194
091_cosip_beta0_lapin-on_lsym_g0.3,cosip_beta0,1000,0.4,200,2,1,0.238747,0.133926,0.380952,19.826027
091_cosip_beta0_lapin-on_lsym_g0.3,cosip_beta0,1000,0.4,200,2,2,0.273079,0.156589,0.3,16.267097
091_cosip_beta0_lapin-on_lsym_g0.3,cosip_beta0,1000,0.4,200,2,3,0.222785,0.072724,0.2,17.514817
091_cosip_beta0_lapin-on_lsym_g0.3,cosip_beta0,1000,0.4,200,2,4,0.151179,0.080948,0.458333,21.45617
091_cosip_beta0_lapin-on_lsym_g0.3,cosip_beta0,1000,0.4,200,2,5,0.166901,0.068398,0.375,19.061493
091_cosip_beta0_lapin-on_lsym_g0.3,cosip_beta0,1000,0.4,200,2,6,0.151219,0.095428,0.2,17.660441
091_cosip_beta0_lapin-on_lsym_g0.3,cosip_beta0,1000,0.4,200,2,7,0.320159,0.229642,0.181818,16.101077
091_cosip_beta0_lapin-on_lsym_g0.3,cosip_beta0,1000,0.4,200,2,8,0.063396,0.045865,0.37037,22.395775
091_cosip_beta0_lapin-on_lsym_g0.3,cosip_beta0,1000,0.4,200,2,9,0.198405,0.111106,0.208333,16.862403
091_cosip_beta0_lapin-on_lsym_g0.3,cosip_beta0,1000,0.4,200,2,10,0.180461,0.102841,0.16,20.207086
092_cosip_beta0_lapin-on_lsym_g0.5,cosip_beta0,1000,0.4,200,2,1,0.408194,0.383328,0.380952,19.826027
092_cosip_beta0_lapin-on_lsym_g0.5,cosip_beta0,1000,0.4,200,2,2,0.400822,0.409885,0.3,16.267097
092_cosip_beta0_lapin-on_lsym_g0.5,cosip_beta0,1000,0.4,200,2,3,0.392064,0.271634,0.2,17.514817
092_cosip_beta0_lapin-on_lsym_g0.5,cosip_beta0,1000,0.4,200,2,4,0.25171,0.230618,0.458333,21.45617
092_cosip_beta0_lapin-on_lsym_g0.5,cosip_beta0,1000,0.4,200,2,5,0.284446,0.23888,0.375,19.061493
092_cosip_beta0_lapin-on_lsym_g0.5,cosip_beta0,1000,0.4,200,2,6,0.271418,0.248526,0.2,17.660441
092_cosip_beta0_lapin-on_lsym_g0.5,cosip_beta0,1000,0.4,200,2,7,0.563026,0.544537,0.181818,16.101077
092_cosip_beta0_lapin-on_lsym_g0.5,cosip_beta0,1000,0.4,200,2,8,0.159012,0.178852,0.37037,22.395775
092_cosip_beta0_lapin-on_lsym_g0.5,cosip_beta0,1000,0.4,200,2,9,0.333412,0.241998,0.208333,16.862403
092_cosip_beta0_lapin-on_lsym_g0.5,cosip_beta0,1000,0.4,200,2,10,0.337388,0.279053,0.16,20.207086
093_cosip_beta0_lapin-on_lsym_g0.6,cosip_beta0,1000,0.4,200,2,1,0.495094,0.503571,0.380952,19.826027
093_cosip_beta0_lapin-on_lsym_g0.6,cosip_beta0,1000,0.4,200,2,2,0.442652,0.474016,0.3,16.267097
093_cosip_beta0_lapin-on_lsym_g0.6,cosip_beta0,1000,0.4,200,2,3,0.444807,0.34711,0.2,17.514817
093_cosip_beta0_lapin-on_lsym_g0.6,cosip_beta0,1000,0.4,200,2,4,0.289536,0.308404,0.458333,21.45617
093_cosip_beta0_lapin-on_lsym_g0.6,cosip_beta0,1000,0.4,200,2,5,0.342975,0.31843,0.375,19.061493
093_cosip_beta0_lapin-on_lsym_g0.6,cosip_beta0,1000,0.4,200,2,6,0.344634,0.339169,0.2,17.660441
093_cosip_beta0_lapin-on_lsym_g0.6,cosip_beta0,1000,0.4,200,2,7,0.638549,0.612598,0.181818,16.101077
093_cosip_beta0_lapin-on_lsym_g0.6,cosip_beta0,1000,0.4,200,2,8,0.211059,0.254018,0.37037,22.395775
093_cosip_beta0_lapin-on_lsym_g0.6,cosip_beta0,1000,0.4,200,2,9,0.438501,0.367507,0.208333,16.862403
093_cosip_beta0_lapin-on_lsym_g0.6,cosip_beta0,1000,0.4,200,2,10,0.37818,0.334273,0.16,20.207086
094_cosip_beta0_lapin-on_lsym_g0.7,cosip_beta0,1000,0.4,200,2,1,0.523278,0.533428,0.380952,19.826027
094_cosip_beta0_lapin-on_lsym_g0.7,cosip_beta0,1000,0.4,200,2,2,0.457216,0.505863,0.3,16.267097
094_cosip_beta0_lapin-on_lsym_g0.7,cosip_beta0,1000,0.4,200,2,3,0.49983,0.445201,0.2,17.514817
094_cosip_beta0_lapin-on_lsym_g0.7,cosip_beta0,1000,0.4,200,2,4,0.347448,0.369986,0.458333,21.45617
094_cosip_beta0_lapin-on_lsym_g0.7,cosip_beta0,1000,0.4,200,2,5,0.395777,0.389763,0.375,19.061493
094_cosip_beta0_lapin-on_lsym_g0.7,cosip_beta0,1000,0.4,200,2,6,0.409311,0.439188,0.2,17.660441
094_cosip_beta0_lapin-on_lsym_g0.7,cosip_beta0,1000,0.4,200,2,7,0.675908,0.650615,0.181818,16.101077
094_cosip_beta0_lapin-on_lsym_g0.7,cosip_beta0,1000,0.4,200,2,8,0.268705,0.291655,0.37037,22.395775
094_cosip_beta0_lapin-on_lsym_g0.7,cosip_beta0,1000,0.4,200,2,9,0.552215,0.522491,0.208333,16.862403
094_cosip_beta0_lapin-on_lsym_g0.7,cosip_beta0,1000,0.4,200,2,10,0.423896,0.390551,0.16,20.207086
095_cosip_beta0_lapin-on_lsym_g0.8,cosip_beta0,1000,0.4,200,2,1,0.556578,0.555798,0.333333,19.826027
095_cosip_beta0_lapin-on_lsym_g0.8,cosip_beta0,1000,0.4,200,2,2,0.489359,0.543122,0.3,16.267097
095_cosip_beta0_lapin-on_lsym_g0.8,cosip_beta0,1000,0.4,200,2,3,0.576934,0.517465,0.2,17.514817
095_cosip_beta0_lapin-on_lsym_g0.8,cosip_beta0,1000,0.4,200,2,4,0.420918,0.419001,0.458333,21.45617
095_cosip_beta0_lapin-on_lsym_g0.8,cosip_beta0,1000,0.4,200,2,5,0.464164,0.455126,0.375,19.061493
095_cosip_beta0_lapin-on_lsym_g0.8,cosip_beta0,1000,0.4,200,2,6,0.454547,0.485968,0.2,17.660441
095_cosip_beta0_lapin-on_lsym_g0.8,cosip_beta0,1000,0.4,200,2,7,0.704051,0.676987,0.181818,16.101077
095_cosip_beta0_lapin-on_lsym_g0.8,cosip_beta0,1000,0.4,200,2,8,0.299347,0.335598,0.37037,22.395775
095_cosip_beta0_lapin-on_lsym_g0.8,cosip_beta0,1000,0.4,200,2,9,0.642436,0.593367,0.208333,16.862403
095_cosip_beta0_lapin-on_lsym_g0.8,cosip_beta0,1000,0.4,200,2,10,0.473462,0.437328,0.16,20.207086
096_cosip_beta0_lapin-on_lsym_g0.9,cosip_beta0,1000,0.4,200,2,1,0.569525,0.55553,0.333333,19.826027
096_cosip_beta0_lapin-on_lsym_g0.9,cosip_beta0,1000,0.4,200,2,2,0.512968,0.540788,0.3,16.267097
096_cosip_beta0_lapin-on_lsym_g0.9,cosip_beta0,1000,0.4,200,2,3,0.65071,0.595636,0.2,17.514817
096_cosip_beta0_lapin-on_lsym_g0.9,cosip_beta0,1000,0.4,200,2,4,0.485893,0.466233,0.458333,21.45617
096_cosip_beta0_lapin-on_lsym_g0.9,cosip_beta0,1000,0.4,200,2,5,0.538886,0.53717,0.375,19.061493
096_cosip_beta0_lapin-on_lsym_g0.9,cosip_beta0,1000,0.4,200,2,6,0.482678,0.524212,0.2,17.660441
096_cosip_beta0_lapin-on_lsym_g0.9,cosip_beta0,1000,0.4,200,2,7,0.73916,0.692988,0.181818,16.101077
096_cosip_beta0_lapin-on_lsym_g0.9,cosip_beta0,1000,0.4,200,2,8,0.328888,0.369742,0.37037,22.395775
096_cosip_beta0_lapin-on_lsym_g0.9,cosip_beta0,1000,0.4,200,2,9,0.679961,0.614231,0.208333,16.862403
096_cosip_beta0_lapin-on_lsym_g0.9,cosip_beta0,1000,0.4,200,2,10,0.551862,0.533034,0.16,20.207086
097_cosip_beta0.5_lapin-off_-_g0.3,cosip_beta0.5,1000,0.4,200,2,1,0.411113,0.331101,0.571429,14.158891
097_cosip_beta0.5_lapin-off_-_g0.3,cosip_beta0.5,1000,0.4,200,2,2,0.397732,0.381605,0.65,14.438613
097_cosip_beta0.5_lapin-off_-_g0.3,cosip_beta0.5,1000,0.4,200,2,3,0.476984,0.371341,0.4,16.608756
097_cosip_beta0.5_lapin-off_-_g0.3,cosip_beta0.5,1000,0.4,200,2,4,0.451329,0.404276,0.375,14.342931
097_cosip_beta0.5_lapin-off_-_g0.3,cosip_beta0.5,1000,0.4,200,2,5,0.458334,0.374891,0.541667,14.240073
097_cosip_beta0.5_lapin-off_-_g0.3,cosip_beta0.5,1000,0.4,200,2,6,0.464838,0.347472,0.52,15.006508
097_cosip_beta0.5_lapin-off_-_g0.3,cosip_beta0.5,1000,0.4,200,2,7,0.410882,0.311682,0.5,14.593832
097_cosip_beta0.5_lapin-off_-_g0.3,cosip_beta0.5,1000,0.4,200,2,8,0.471755,0.409998,0.407407,15.405433
097_cosip_beta0.5_lapin-off_-_g0.3,cosip_beta0.5,1000,0.4,200,2,9,0.410904,0.33521,0.666667,15.289965
097_cosip_beta0.5_lapin-off_-_g0.3,cosip_beta0.5,1000,0.4,200,2,10,0.456577,0.336244,0.44,14.603594
098_cosip_beta0.5_lapin-off_-_g0.5,cosip_beta0.5,1000,0.4,200,2,1,0.495583,0.496308,0.571429,14.158891
098_cosip_beta0.5_lapin-off_-_g0.5,cosip_beta0.5,1000,0.4,200,2,2,0.460611,0.57994,0.65,14.438613
098_cosip_beta0.5_lapin-off_-_g0.5,cosip_beta0.5,1000,0.4,200,2,3,0.592989,0.589603,0.4,16.608756
098_cosip_beta0.5_lapin-off_-_g0.5,cosip_beta0.5,1000,0.4,200,2,4,0.576698,0.597413,0.375,14.342931
098_cosip_beta0.5_lapin-off_-_g0.5,cosip_beta0.5,1000,0.4,200,2,5,0.532873,0.560939,0.541667,14.240073
098_cosip_beta0.5_lapin-off_-_g0.5,cosip_beta0.5,1000,0.4,200,2,6,0.547907,0.540915,0.52,15.006508
098_cosip_beta0.5_lapin-off_-_g0.5,cosip_beta0.5,1000,0.4,200,2,7,0.496043,0.501236,0.5,14.593832
098_cosip_beta0.5_lapin-off_-_g0.5,cosip_beta0.5,1000,0.4,200,2,8,0.578035,0.601864,0.407407,15.405433
098_cosip_beta0.5_lapin-off_-_g0.5,cosip_beta0.5,1000,0.4,200,2,9,0.472934,0.458048,0.666667,15.289965
098_cosip_beta0.5_lapin-off_-_g0.5,cosip_beta0.5,1000,0.4,200,2,10,0.526908,0.488267,0.44,14.603594
099_cosip_beta0.5_lapin-off_-_g0.6,cosip_beta0.5,1000,0.4,200,2,1,0.511312,0.52016,0.571429,14.158891
099_cosip_beta0.5_lapin-off_-_g0.6,cosip_beta0.5,1000,0.4,200,2,2,0.478966,0.609475,0.65,14.438613
099_cosip_beta0.5_lapin-off_-_g0.6,cosip_beta0.5,1000,0.4,200,2,3,0.62555,0.618281,0.4,16.608756
099_cosip_beta0.5_lapin-off_-_g0.6,cosip_beta0.5,1000,0.4,200,2,4,0.616624,0.637464,0.375,14.342931
099_cosip_beta0.5_lapin-off_-_g0.6,cosip_beta0.5,1000,0.4,200,2,5,0.549308,0.585409,0.541667,14.240073
099_cosip_beta0.5_lapin-off_-_g0.6,cosip_beta0.5,1000,0.4,200,2,6,0.59214,0.580319,0.52,15.006508
099_cosip_beta0.5_lapin-off_-_g0.6,cosip_beta0.5,1000,0.4,200,2,7,0.507297,0.522425,0.5,14.593832
099_cosip_beta0.5_lapin-off_-_g0.6,cosip_beta0.5,1000,0.4,200,2,8,0.611473,0.644251,0.407407,15.405433
099_cosip_beta0.5_lapin-off_-_g0.6,cosip_beta0.5,1000,0.4,200,2,9,0.517178,0.525938,0.666667,15.289965
099_cosip_beta0.5_lapin-off_-_g0.6,cosip_beta0.5,1000,0.4,200,2,10,0.550264,0.529204,0.44,14.603594
100_cosip_beta0.5_lapin-off_-_g0.7,cosip_beta0.5,1000,0.4,200,2,1,0.542157,0.560283,0.571429,14.158891
100_cosip_beta0.5_lapin-off_-_g0.7,cosip_beta0.5,1000,0.4,200,2,2,0.499982,0.634786,0.65,14.438613
100_cosip_beta0.5_lapin-off_-_g0.7,cosip_beta0.5,1000,0.4,200,2,3,0.663296,0.651159,0.4,16.608756
100_cosip_beta0.5_lapin-off_-_g0.7,cosip_beta0.5,1000,0.4,200,2,4,0.629922,0.630128,0.375,14.342931
100_cosip_beta0.5_lapin-off_-_g0.7,cosip_beta0.5,1000,0.4,200,2,5,0.573581,0.613479,0.541667,14.240073
100_cosip_beta0.5_lapin-off_-_g0.7,cosip_beta0.5,1000,0.4,200,2,6,0.621308,0.638012,0.52,15.006508
100_cosip_beta0.5_lapin-off_-_g0.7,cosip_beta0.5,1000,0.4,200,2,7,0.525954,0.589561,0.5,14.593832
100_cosip_beta0.5_lapin-off_-_g0.7,cosip_beta0.5,1000,0.4,200,2,8,0.618557,0.643345,0.407407,15.405433
100_cosip_beta0.5_lapin-off_-_g0.7,cosip_beta0.5,1000,0.4,200,2,9,0.569693,0.578762,0.666667,15.289965
100_cosip_beta0.5_lapin-off_-_g0.7,cosip_beta0.5,1000,0.4,200,2,10,0.581999,0.573394,0.44,14.603594
101_cosip_beta0.5_lapin-off_-_g0.8,cosip_beta0.5,1000,0.4,200,2,1,0.533803,0.554969,0.571429,14.158891
101_cosip_beta0.5_lapin-off_-_g0.8,cosip_beta0.5,1000,0.4,200,2,2,0.512989,0.608721,0.65,14.438613
101_cosip_beta0.5_lapin-off_-_g0.8,cosip_beta0.5,1000,0.4,200,2,3,0.67045,0.639922,0.4,16.608756
101_cosip_beta0.5_lapin-off_-_g0.8,cosip_beta0.5,1000,0.4,200,2,4,0.623765,0.610725,0.375,14.342931
101_cosip_beta0.5_lapin-off_-_g0.8,cosip_beta0.5,1000,0.4,200,2,5,0.5814,0.601887,0.541667,14.240073
101_cosip_beta0.5_lapin-off_-_g0.8,cosip_beta0.5,1000,0.4,200,2,6,0.637136,0.64056,0.52,15.006508
101_cosip_beta0.5_lapin-off_-_g0.8,cosip_beta0.5,1000,0.4,200,2,7,0.547771,0.592455,0.5,14.593832
101_cosip_beta0.5_lapin-off_-_g0.8,cosip_beta0.5,1000,0.4,200,2,8,0.621955,0.641041,0.407407,15.405433
101_cosip_beta0.5_lapin-off_-_g0.8,cosip_beta0.5,1000,0.4,200,2,9,0.595287,0.613558,0.666667,15.289965
101_cosip_beta0.5_lapin-off_-_g0.8,cosip_beta0.5,1000,0.4,200,2,10,0.59292,0.564799,0.44,14.603594
102_cosip_beta0.5_lapin-off_-_g0.9,cosip_beta0.5,1000,0.4,200,2,1,0.547747,0.569539,0.571429,14.158891
102_cosip_beta0.5_lapin-off_-_g0.9,cosip_beta0.5,1000,0.4,200,2,2,0.522583,0.57722,0.65,14.438613
102_cosip_beta0.5_lapin-off_-_g0.9,cosip_beta0.5,1000,0.4,200,2,3,0.686085,0.62782,0.4,16.608756
102_cosip_beta0.5_lapin-off_-_g0.9,cosip_beta0.5,1000,0.4,200,2,4,0.624703,0.604114,0.375,14.342931
102_cosip_beta0.5_lapin-off_-_g0.9,cosip_beta0.5,1000,0.4,200,2,5,0.587347,0.573507,0.541667,14.240073
102_cosip_beta0.5_lapin-off_-_g0.9,cosip_beta0.5,1000,0.4,200,2,6,0.645203,0.627403,0.48,15.006508
102_cosip_beta0.5_lapin-off_-_g0.9,cosip_beta0.5,1000,0.4,200,2,7,0.548389,0.573422,0.5,14.593832
102_cosip_beta0.5_lapin-off_-_g0.9,cosip_beta0.5,1000,0.4,200,2,8,0.626155,0.628436,0.407407,15.405433
102_cosip_beta0.5_lapin-off_-_g0.9,cosip_beta0.5,1000,0.4,200,2,9,0.610424,0.593261,0.625,15.289965
102_cosip_beta0.5_lapin-off_-_g0.9,cosip_beta0.5,1000,0.4,200,2,10,0.60039,0.571676,0.4,14.603594
103_cosip_beta0.5_lapin-on_lsym_g0.3,cosip_beta0.5,1000,0.4,200,2,1,0.247188,0.153673,0.190476,15.320949
103_cosip_beta0.5_lapin-on_lsym_g0.3,cosip_beta0.5,1000,0.4,200,2,2,0.359782,0.237539,0.45,17.916126
103_cosip_beta0.5_lapin-on_lsym_g0.3,cosip_beta0.5,1000,0.4,200,2,3,0.239867,0.0771,0.2,18.395359
103_cosip_beta0.5_lapin-on_lsym_g0.3,cosip_beta0.5,1000,0.4,200,2,4,0.284759,0.208053,0.0,15.063797
103_cosip_beta0.5_lapin-on_lsym_g0.3,cosip_beta0.5,1000,0.4,200,2,5,0.197253,0.105384,0.166667,15.970959
103_cosip_beta0.5_lapin-on_lsym_g0.3,cosip_beta0.5,1000,0.4,200,2,6,0.231719,0.150404,0.2,18.437913
103_cosip_beta0.5_lapin-on_lsym_g0.3,cosip_beta0.5,1000,0.4,200,2,7,0.289414,0.183283,0.318182,18.003922
103_cosip_beta0.5_lapin-on_lsym_g0.3,cosip_beta0.5,1000,0.4,200,2,8,0.078262,0.041817,0.185185,20.443483
103_cosip_beta0.5_lapin-on_lsym_g0.3,cosip_beta0.5,1000,0.4,200,2,9,0.239928,0.086798,0.083333,15.397512
103_cosip_beta0.5_lapin-on_lsym_g0.3,cosip_beta0.5,1000,0.4,200,2,10,0.259686,0.184026,0.32,19.681386
104_cosip_beta0.5_lapin-on_lsym_g0.5,cosip_beta0.5,1000,0.4,200,2,1,0.43753,0.451018,0.190476,15.320949
104_cosip_beta0.5_lapin-on_lsym_g0.5,cosip_beta0.5,1000,0.4,200,2,2,0.529928,0.446864,0.45,17.916126
104_cosip_beta0.5_lapin-on_lsym_g0.5,cosip_beta0.5,1000,0.4,200,2,3,0.42129,0.2952,0.2,18.395359
104_cosip_beta0.5_lapin-on_lsym_g0.5,cosip_beta0.5,1000,0.4,200,2,4,0.483254,0.502839,0.0,15.063797
104_cosip_beta0.5_lapin-on_lsym_g0.5,cosip_beta0.5,1000,0.4,200,2,5,0.330334,0.277712,0.166667,15.970959
104_cosip_beta0.5_lapin-on_lsym_g0.5,cosip_beta0.5,1000,0.4,200,2,6,0.410366,0.424679,0.2,18.437913
104_cosip_beta0.5_lapin-on_lsym_g0.5,cosip_beta0.5,1000,0.4,200,2,7,0.493859,0.433983,0.318182,18.003922
104_cosip_beta0.5_lapin-on_lsym_g0.5,cosip_beta0.5,1000,0.4,200,2,8,0.151864,0.157329,0.185185,20.443483
104_cosip_beta0.5_lapin-on_lsym_g0.5,cosip_beta0.5,1000,0.4,200,2,9,0.460499,0.347532,0.083333,15.397512
104_cosip_beta0.5_lapin-on_lsym_g0.5,cosip_beta0.5,1000,0.4,200,2,10,0.419325,0.40139,0.32,19.681386
105_cosip_beta0.5_lapin-on_lsym_g0.6,cosip_beta0.5,1000,0.4,200,2,1,0.510445,0.534218,0.190476,15.320949
105_cosip_beta0.5_lapin-on_lsym_g0.6,cosip_beta0.5,1000,0.4,200,2,2,0.5938,0.522692,0.45,17.916126
105_cosip_beta0.5_lapin-on_lsym_g0.6,cosip_beta0.5,1000,0.4,200,2,3,0.519214,0.397107,0.2,18.395359
105_cosip_beta0.5_lapin-on_lsym_g0.6,cosip_beta0.5,1000,0.4,200,2,4,0.595805,0.610489,0.0,15.063797
105_cosip_beta0.5_lapin-on_lsym_g0.6,cosip_beta0.5,1000,0.4,200,2,5,0.388923,0.350006,0.166667,15.970959
105_cosip_beta0.5_lapin-on_lsym_g0.6,cosip_beta0.5,1000,0.4,200,2,6,0.485702,0.502793,0.2,18.437913
105_cosip_beta0.5_lapin-on_lsym_g0.6,cosip_beta0.5,1000,0.4,200,2,7,0.594528,0.581784,0.318182,18.003922
105_cosip_beta0.5_lapin-on_lsym_g0.6,cosip_beta0.5,1000,0.4,200,2,8,0.200522,0.229144,0.185185,20.443483
105_cosip_beta0.5_lapin-on_lsym_g0.6,cosip_beta0.5,1000,0.4,200,2,9,0.515094,0.440136,0.083333,15.397512
105_cosip_beta0.5_lapin-on_lsym_g0.6,cosip_beta0.5,1000,0.4,200,2,10,0.484705,0.472817,0.32,19.681386
106_cosip_beta0.5_lapin-on_lsym_g0.7,cosip_beta0.5,1000,0.4,200,2,1,0.542746,0.548656,0.190476,15.320949
106_cosip_beta0.5_lapin-on_lsym_g0.7,cosip_beta0.5,1000,0.4,200,2,2,0.633511,0.56062,0.45,17.916126
106_cosip_beta0.5_lapin-on_lsym_g0.7,cosip_beta0.5,1000,0.4,200,2,3,0.584491,0.504073,0.2,18.395359
106_cosip_beta0.5_lapin-on_lsym_g0.7,cosip_beta0.5,1000,0.4,200,2,4,0.640064,0.638573,0.0,15.063797
106_cosip_beta0.5_lapin-on_lsym_g0.7,cosip_beta0.5,1000,0.4,200,2,5,0.441738,0.404326,0.166667,15.970959
106_cosip_beta0.5_lapin-on_lsym_g0.7,cosip_beta0.5,1000,0.4,200,2,6,0.540528,0.55757,0.2,18.437913
106_cosip_beta0.5_lapin-on_lsym_g0.7,cosip_beta0.5,1000,0.4,200,2,7,0.653867,0.644513,0.318182,18.003922
106_cosip_beta0.5_lapin-on_lsym_g0.7,cosip_beta0.5,1000,0.4,200,2,8,0.243603,0.289143,0.185185,20.443483
106_cosip_beta0.5_lapin-on_lsym_g0.7,cosip_beta0.5,1000,0.4,200,2,9,0.602247,0.563461,0.083333,15.397512
106_cosip_beta0.5_lapin-on_lsym_g0.7,cosip_beta0.5,1000,0.4,200,2,10,0.562015,0.564577,0.32,19.681386
107_cosip_beta0.5_lapin-on_lsym_g0.8,cosip_beta0.5,1000,0.4,200,2,1,0.558819,0.557363,0.190476,15.320949
107_cosip_beta0.5_lapin-on_lsym_g0.8,cosip_beta0.5,1000,0.4,200,2,2,0.673367,0.620238,0.45,17.916126
107_cosip_beta0.5_lapin-on_lsym_g0.8,cosip_beta0.5,1000,0.4,200,2,3,0.647233,0.609108,0.2,18.395359
107_cosip_beta0.5_lapin-on_lsym_g0.8,cosip_beta0.5,1000,0.4,200,2,4,0.660696,0.663473,0.0,15.063797
107_cosip_beta0.5_lapin-on_lsym_g0.8,cosip_beta0.5,1000,0.4,200,2,5,0.482745,0.463433,0.166667,15.970959
107_cosip_beta0.5_lapin-on_lsym_g0.8,cosip_beta0.5,1000,0.4,200,2,6,0.588727,0.589953,0.2,18.437913
107_cosip_beta0.5_lapin-on_lsym_g0.8,cosip_beta0.5,1000,0.4,200,2,7,0.671616,0.653517,0.318182,18.003922
107_cosip_beta0.5_lapin-on_lsym_g0.8,cosip_beta0.5,1000,0.4,200,2,8,0.285023,0.338182,0.185185,20.443483
107_cosip_beta0.5_lapin-on_lsym_g0.8,cosip_beta0.5,1000,0.4,200,2,9,0.7117,0.674797,0.083333,15.397512
107_cosip_beta0.5_lapin-on_lsym_g0.8,cosip_beta0.5,1000,0.4,200,2,10,0.618884,0.600652,0.32,19.681386
108_cosip_beta0.5_lapin-on_lsym_g0.9,cosip_beta0.5,1000,0.4,200,2,1,0.578622,0.571704,0.190476,15.320949
108_cosip_beta0.5_lapin-on_lsym_g0.9,cosip_beta0.5,1000,0.4,200,2,2,0.701572,0.660596,0.45,17.916126
108_cosip_beta0.5_lapin-on_lsym_g0.9,cosip_beta0.5,1000,0.4,200,2,3,0.668785,0.612607,0.2,18.395359
108_cosip_beta0.5_lapin-on_lsym_g0.9,cosip_beta0.5,1000,0.4,200,2,4,0.656992,0.667682,0.0,15.063797
108_cosip_beta0.5_lapin-on_lsym_g0.9,cosip_beta0.5,1000,0.4,200,2,5,0.51526,0.511782,0.166667,15.970959
108_cosip_beta0.5_lapin-on_lsym_g0.9,cosip_beta0.5,1000,0.4,200,2,6,0.605951,0.622066,0.2,18.437913
108_cosip_beta0.5_lapin-on_lsym_g0.9,cosip_beta0.5,1000,0.4,200,2,7,0.686142,0.657216,0.318182,18.003922
108_cosip_beta0.5_lapin-on_lsym_g0.9,cosip_beta0.5,1000,0.4,200,2,8,0.343979,0.402561,0.185185,20.443483
108_cosip_beta0.5_lapin-on_lsym_g0.9,cosip_beta0.5,1000,0.4,200,2,9,0.740833,0.692409,0.083333,15.397512
108_cosip_beta0.5_lapin-on_lsym_g0.9,cosip_beta0.5,1000,0.4,200,2,10,0.636693,0.59667,0.32,19.681386
109_cosip_beta1_lapin-off_-_g0.3,cosip_beta1,1000,0.4,200,2,1,0.440475,0.331297,0.285714,11.46261
109_cosip_beta1_lapin-off_-_g0.3,cosip_beta1,1000,0.4,200,2,2,0.405424,0.29446,0.35,11.312184
109_cosip_beta1_lapin-off_-_g0.3,cosip_beta1,1000,0.4,200,2,3,0.518974,0.396558,0.16,11.926087
109_cosip_beta1_lapin-off_-_g0.3,cosip_beta1,1000,0.4,200,2,4,0.409315,0.296397,0.416667,14.709749
109_cosip_beta1_lapin-off_-_g0.3,cosip_beta1,1000,0.4,200,2,5,0.45736,0.362302,0.333333,13.922875
109_cosip_beta1_lapin-off_-_g0.3,cosip_beta1,1000,0.4,200,2,6,0.43279,0.33953,0.48,14.82505
109_cosip_beta1_lapin-off_-_g0.3,cosip_beta1,1000,0.4,200,2,7,0.386523,0.265513,0.409091,12.490576
109_cosip_beta1_lapin-off_-_g0.3,cosip_beta1,1000,0.4,200,2,8,0.483538,0.345657,0.296296,14.147711
109_cosip_beta1_lapin-off_-_g0.3,cosip_beta1,1000,0.4,200,2,9,0.49447,0.394037,0.166667,11.522145
109_cosip_beta1_lapin-off_-_g0.3,cosip_beta1,1000,0.4,200,2,10,0.461665,0.348847,0.36,14.215205
110_cosip_beta1_lapin-off_-_g0.5,cosip_beta1,1000,0.4,200,2,1,0.524361,0.488281,0.285714,11.46261
110_cosip_beta1_lapin-off_-_g0.5,cosip_beta1,1000,0.4,200,2,2,0.51265,0.559868,0.35,11.312184
110_cosip_beta1_lapin-off_-_g0.5,cosip_beta1,1000,0.4,200,2,3,0.646418,0.635185,0.16,11.926087
110_cosip_beta1_lapin-off_-_g0.5,cosip_beta1,1000,0.4,200,2,4,0.512093,0.49721,0.416667,14.709749
110_cosip_beta1_lapin-off_-_g0.5,cosip_beta1,1000,0.4,200,2,5,0.602612,0.602241,0.333333,13.922875
110_cosip_beta1_lapin-off_-_g0.5,cosip_beta1,1000,0.4,200,2,6,0.532394,0.556057,0.48,14.82505
110_cosip_beta1_lapin-off_-_g0.5,cosip_beta1,1000,0.4,200,2,7,0.498994,0.51068,0.409091,12.490576
110_cosip_beta1_lapin-off_-_g0.5,cosip_beta1,1000,0.4,200,2,8,0.643712,0.599643,0.296296,14.147711
110_cosip_beta1_lapin-off_-_g0.5,cosip_beta1,1000,0.4,200,2,9,0.639118,0.623569,0.166667,11.522145
110_cosip_beta1_lapin-off_-_g0.5,cosip_beta1,1000,0.4,200,2,10,0.547838,0.526668,0.36,14.215205
111_cosip_beta1_lapin-off_-_g0.6,cosip_beta1,1000,0.4,200,2,1,0.555627,0.530687,0.285714,11.46261
111_cosip_beta1_lapin-off_-_g0.6,cosip_beta1,1000,0.4,200,2,2,0.559917,0.616442,0.35,11.312184
111_cosip_beta1_lapin-off_-_g0.6,cosip_beta1,1000,0.4,200,2,3,0.686639,0.668909,0.16,11.926087
111_cosip_beta1_lapin-off_-_g0.6,cosip_beta1,1000,0.4,200,2,4,0.544419,0.549902,0.416667,14.709749
111_cosip_beta1_lapin-off_-_g0.6,cosip_beta1,1000,0.4,200,2,5,0.629778,0.63259,0.333333,13.922875
111_cosip_beta1_lapin-off_-_g0.6,cosip_beta1,1000,0.4,200,2,6,0.567345,0.603771,0.48,14.82505
111_cosip_beta1_lapin-off_-_g0.6,cosip_beta1,1000,0.4,200,2,7,0.517845,0.542512,0.409091,12.490576
111_cosip_beta1_lapin-off_-_g0.6,cosip_beta1,1000,0.4,200,2,8,0.671133,0.647859,0.296296,14.147711
111_cosip_beta1_lapin-off_-_g0.6,cosip_beta1,1000,0.4,200,2,9,0.667694,0.657096,0.166667,11.522145
111_cosip_beta1_lapin-off_-_g0.6,cosip_beta1,1000,0.4,200,2,10,0.567362,0.542048,0.36,14.215205
112_cosip_beta1_lapin-off_-_g0.7,cosip_beta1,1000,0.4,200,2,1,0.578711,0.594775,0.285714,11.46261
112_cosip_beta1_lapin-off_-_g0.7,cosip_beta1,1000,0.4,200,2,2,0.58298,0.629513,0.35,11.312184
112_cosip_beta1_lapin-off_-_g0.7,cosip_beta1,1000,0.4,200,2,3,0.69763,0.66552,0.16,11.926087
112_cosip_beta1_lapin-off_-_g0.7,cosip_beta1,1000,0.4,200,2,4,0.582451,0.58502,0.416667,14.709749
112_cosip_beta1_lapin-off_-_g0.7,cosip_beta1,1000,0.4,200,2,5,0.652436,0.650508,0.333333,13.922875
112_cosip_beta1_lapin-off_-_g0.7,cosip_beta1,1000,0.4,200,2,6,0.599874,0.632935,0.48,14.82505
112_cosip_beta1_lapin-off_-_g0.7,cosip_beta1,1000,0.4,200,2,7,0.542816,0.569358,0.409091,12.490576
112_cosip_beta1_lapin-off_-_g0.7,cosip_beta1,1000,0.4,200,2,8,0.692639,0.699587,0.296296,14.147711
112_cosip_beta1_lapin-off_-_g0.7,cosip_beta1,1000,0.4,200,2,9,0.688755,0.672911,0.166667,11.522145
112_cosip_beta1_lapin-off_-_g0.7,cosip_beta1,1000,0.4,200,2,10,0.587491,0.558663,0.36,14.215205
113_cosip_beta1_lapin-off_-_g0.8,cosip_beta1,1000,0.4,200,2,1,0.593244,0.600188,0.238095,11.46261
113_cosip_beta1_lapin-off_-_g0.8,cosip_beta1,1000,0.4,200,2,2,0.60097,0.633272,0.35,11.312184
113_cosip_beta1_lapin-off_-_g0.8,cosip_beta1,1000,0.4,200,2,3,0.700564,0.652107,0.16,11.926087
113_cosip_beta1_lapin-off_-_g0.8,cosip_beta1,1000,0.4,200,2,4,0.592549,0.579791,0.416667,14.709749
113_cosip_beta1_lapin-off_-_g0.8,cosip_beta1,1000,0.4,200,2,5,0.663396,0.657781,0.333333,13.922875
113_cosip_beta1_lapin-off_-_g0.8,cosip_beta1,1000,0.4,200,2,6,0.610931,0.616921,0.44,14.82505
113_cosip_beta1_lapin-off_-_g0.8,cosip_beta1,1000,0.4,200,2,7,0.549796,0.573053,0.409091,12.490576
113_cosip_beta1_lapin-off_-_g0.8,cosip_beta1,1000,0.4,200,2,8,0.715922,0.709248,0.296296,14.147711
113_cosip_beta1_lapin-off_-_g0.8,cosip_beta1,1000,0.4,200,2,9,0.699807,0.657912,0.166667,11.522145
113_cosip_beta1_lapin-off_-_g0.8,cosip_beta1,1000,0.4,200,2,10,0.595009,0.574955,0.36,14.215205
114_cosip_beta1_lapin-off_-_g0.9,cosip_beta1,1000,0.4,200,2,1,0.601462,0.59376,0.238095,11.46261
114_cosip_beta1_lapin-off_-_g0.9,cosip_beta1,1000,0.4,200,2,2,0.593153,0.612668,0.35,11.312184
114_cosip_beta1_lapin-off_-_g0.9,cosip_beta1,1000,0.4,200,2,3,0.672751,0.637641,0.16,11.926087
114_cosip_beta1_lapin-off_-_g0.9,cosip_beta1,1000,0.4,200,2,4,0.617802,0.577555,0.416667,14.709749
114_cosip_beta1_lapin-off_-_g0.9,cosip_beta1,1000,0.4,200,2,5,0.676756,0.660626,0.333333,13.922875
114_cosip_beta1_lapin-off_-_g0.9,cosip_beta1,1000,0.4,200,2,6,0.61605,0.605738,0.44,14.82505
114_cosip_beta1_lapin-off_-_g0.9,cosip_beta1,1000,0.4,200,2,7,0.549629,0.555148,0.409091,12.490576
114_cosip_beta1_lapin-off_-_g0.9,cosip_beta1,1000,0.4,200,2,8,0.704319,0.689898,0.296296,14.147711
114_cosip_beta1_lapin-off_-_g0.9,cosip_beta1,1000,0.4,200,2,9,0.678425,0.642396,0.166667,11.522145
114_cosip_beta1_lapin-off_-_g0.9,cosip_beta1,1000,0.4,200,2,10,0.60471,0.57343,0.36,14.215205
115_cosip_beta1_lapin-on_lsym_g0.3,cosip_beta1,1000,0.4,200,2,1,0.356034,0.299082,0.095238,13.779674
115_cosip_beta1_lapin-on_lsym_g0.3,cosip_beta1,1000,0.4,200,2,2,0.378212,0.288053,0.2,15.032072
115_cosip_beta1_lapin-on_lsym_g0.3,cosip_beta1,1000,0.4,200,2,3,0.33717,0.229766,0.2,18.573635
115_cosip_beta1_lapin-on_lsym_g0.3,cosip_beta1,1000,0.4,200,2,4,0.30978,0.232027,0.208333,18.679079
115_cosip_beta1_lapin-on_lsym_g0.3,cosip_beta1,1000,0.4,200,2,5,0.287849,0.182184,0.083333,16.371771
115_cosip_beta1_lapin-on_lsym_g0.3,cosip_beta1,1000,0.4,200,2,6,0.203852,0.102399,0.04,16.200988
115_cosip_beta1_lapin-on_lsym_g0.3,cosip_beta1,1000,0.4,200,2,7,0.417444,0.321103,0.136364,14.681085
115_cosip_beta1_lapin-on_lsym_g0.3,cosip_beta1,1000,0.4,200,2,8,0.11355,0.062093,0.0,16.203599
115_cosip_beta1_lapin-on_lsym_g0.3,cosip_beta1,1000,0.4,200,2,9,0.207946,0.089275,0.208333,17.575996
115_cosip_beta1_lapin-on_lsym_g0.3,cosip_beta1,1000,0.4,200,2,10,0.257336,0.169261,0.24,18.530504
116_cosip_beta1_lapin-on_lsym_g0.5,cosip_beta1,1000,0.4,200,2,1,0.542293,0.556605,0.095238,13.779674
116_cosip_beta1_lapin-on_lsym_g0.5,cosip_beta1,1000,0.4,200,2,2,0.508681,0.465542,0.2,15.032072
116_cosip_beta1_lapin-on_lsym_g0.5,cosip_beta1,1000,0.4,200,2,3,0.529786,0.530823,0.2,18.573635
116_cosip_beta1_lapin-on_lsym_g0.5,cosip_beta1,1000,0.4,200,2,4,0.514042,0.483898,0.208333,18.679079
116_cosip_beta1_lapin-on_lsym_g0.5,cosip_beta1,1000,0.4,200,2,5,0.408991,0.349018,0.083333,16.371771
116_cosip_beta1_lapin-on_lsym_g0.5,cosip_beta1,1000,0.4,200,2,6,0.348257,0.309474,0.04,16.200988
116_cosip_beta1_lapin-on_lsym_g0.5,cosip_beta1,1000,0.4,200,2,7,0.604197,0.575042,0.136364,14.681085
116_cosip_beta1_lapin-on_lsym_g0.5,cosip_beta1,1000,0.4,200,2,8,0.220809,0.223428,0.0,16.203599
116_cosip_beta1_lapin-on_lsym_g0.5,cosip_beta1,1000,0.4,200,2,9,0.350479,0.281814,0.208333,17.575996
116_cosip_beta1_lapin-on_lsym_g0.5,cosip_beta1,1000,0.4,200,2,10,0.425544,0.385327,0.24,18.530504
117_cosip_beta1_lapin-on_lsym_g0.6,cosip_beta1,1000,0.4,200,2,1,0.624219,0.624264,0.095238,13.779674
117_cosip_beta1_lapin-on_lsym_g0.6,cosip_beta1,1000,0.4,200,2,2,0.556135,0.536826,0.2,15.032072
117_cosip_beta1_lapin-on_lsym_g0.6,cosip_beta1,1000,0.4,200,2,3,0.57885,0.57616,0.2,18.573635
117_cosip_beta1_lapin-on_lsym_g0.6,cosip_beta1,1000,0.4,200,2,4,0.595735,0.596588,0.208333,18.679079
117_cosip_beta1_lapin-on_lsym_g0.6,cosip_beta1,1000,0.4,200,2,5,0.479545,0.417784,0.083333,16.371771
117_cosip_beta1_lapin-on_lsym_g0.6,cosip_beta1,1000,0.4,200,2,6,0.433864,0.416844,0.04,16.200988
117_cosip_beta1_lapin-on_lsym_g0.6,cosip_beta1,1000,0.4,200,2,7,0.66327,0.629368,0.136364,14.681085
117_cosip_beta1_lapin-on_lsym_g0.6,cosip_beta1,1000,0.4,200,2,8,0.297135,0.31665,0.0,16.203599
117_cosip_beta1_lapin-on_lsym_g0.6,cosip_beta1,1000,0.4,200,2,9,0.42494,0.373501,0.208333,17.575996
117_cosip_beta1_lapin-on_lsym_g0.6,cosip_beta1,1000,0.4,200,2,10,0.501447,0.499339,0.24,18.530504
118_cosip_beta1_lapin-on_lsym_g0.7,cosip_beta1,1000,0.4,200,2,1,0.678457,0.656368,0.095238,13.779674
118_cosip_beta1_lapin-on_lsym_g0.7,cosip_beta1,1000,0.4,200,2,2,0.59771,0.581926,0.2,15.032072
118_cosip_beta1_lapin-on_lsym_g0.7,cosip_beta1,1000,0.4,200,2,3,0.614899,0.609483,0.2,18.573635
118_cosip_beta1_lapin-on_lsym_g0.7,cosip_beta1,1000,0.4,200,2,4,0.657457,0.645155,0.208333,18.679079
118_cosip_beta1_lapin-on_lsym_g0.7,cosip_beta1,1000,0.4,200,2,5,0.572552,0.547692,0.083333,16.371771
118_cosip_beta1_lapin-on_lsym_g0.7,cosip_beta1,1000,0.4,200,2,6,0.497959,0.473396,0.04,16.200988
118_cosip_beta1_lapin-on_lsym_g0.7,cosip_beta1,1000,0.4,200,2,7,0.72276,0.690628,0.136364,14.681085
118_cosip_beta1_lapin-on_lsym_g0.7,cosip_beta1,1000,0.4,200,2,8,0.362814,0.385431,0.0,16.203599
118_cosip_beta1_lapin-on_lsym_g0.7,cosip_beta1,1000,0.4,200,2,9,0.496759,0.461822,0.208333,17.575996
118_cosip_beta1_lapin-on_lsym_g0.7,cosip_beta1,1000,0.4,200,2,10,0.584787,0.577952,0.24,18.530504
119_cosip_beta1_lapin-on_lsym_g0.8,cosip_beta1,1000,0.4,200,2,1,0.682751,0.677587,0.095238,13.779674
119_cosip_beta1_lapin-on_lsym_g0.8,cosip_beta1,1000,0.4,200,2,2,0.624971,0.611351,0.2,15.032072
119_cosip_beta1_lapin-on_lsym_g0.8,cosip_beta1,1000,0.4,200,2,3,0.660344,0.620786,0.2,18.573635
119_cosip_beta1_lapin-on_lsym_g0.8,cosip_beta1,1000,0.4,200,2,4,0.691766,0.652645,0.208333,18.679079
119_cosip_beta1_lapin-on_lsym_g0.8,cosip_beta1,1000,0.4,200,2,5,0.653994,0.618816,0.083333,16.371771
119_cosip_beta1_lapin-on_lsym_g0.8,cosip_beta1,1000,0.4,200,2,6,0.547896,0.520594,0.04,16.200988
119_cosip_beta1_lapin-on_lsym_g0.8,cosip_beta1,1000,0.4,200,2,7,0.748775,0.716956,0.136364,14.681085
119_cosip_beta1_lapin-on_lsym_g0.8,cosip_beta1,1000,0.4,200,2,8,0.416283,0.422637,0.0,16.203599
119_cosip_beta1_lapin-on_lsym_g0.8,cosip_beta1,1000,0.4,200,2,9,0.555095,0.523754,0.208333,17.575996
119_cosip_beta1_lapin-on_lsym_g0.8,cosip_beta1,1000,0.4,200,2,10,0.622384,0.603282,0.24,18.530504
120_cosip_beta1_lapin-on_lsym_g0.9,cosip_beta1,1000,0.4,200,2,1,0.678184,0.683809,0.095238,13.779674
120_cosip_beta1_lapin-on_lsym_g0.9,cosip_beta1,1000,0.4,200,2,2,0.645288,0.622228,0.2,15.032072
120_cosip_beta1_lapin-on_lsym_g0.9,cosip_beta1,1000,0.4,200,2,3,0.692899,0.645479,0.2,18.573635
120_cosip_beta1_lapin-on_lsym_g0.9,cosip_beta1,1000,0.4,200,2,4,0.707245,0.643193,0.208333,18.679079
120_cosip_beta1_lapin-on_lsym_g0.9,cosip_beta1,1000,0.4,200,2,5,0.652155,0.637508,0.083333,16.371771
120_cosip_beta1_lapin-on_lsym_g0.9,cosip_beta1,1000,0.4,200,2,6,0.528924,0.535815,0.04,16.200988
120_cosip_beta1_lapin-on_lsym_g0.9,cosip_beta1,1000,0.4,200,2,7,0.717835,0.720921,0.136364,14.681085
120_cosip_beta1_lapin-on_lsym_g0.9,cosip_beta1,1000,0.4,200,2,8,0.434108,0.43527,0.0,16.203599
120_cosip_beta1_lapin-on_lsym_g0.9,cosip_beta1,1000,0.4,200,2,9,0.617453,0.569268,0.208333,17.575996
120_cosip_beta1_lapin-on_lsym_g0.9,cosip_beta1,1000,0.4,200,2,10,0.663663,0.627243,0.24,18.530504
001_default_lapin-off_-_g0.3,default,1000,0.4,200,2,1,0.2214,0.10755,0.095238,10.640153
001_default_lapin-off_-_g0.3,default,1000,0.4,200,2,2,0.163738,0.021662,0.3,11.72657
001_default_lapin-off_-_g0.3,default,1000,0.4,200,2,3,0.259357,0.170317,0.16,12.707797
001_default_lapin-off_-_g0.3,default,1000,0.4,200,2,4,0.216655,0.113416,0.083333,12.354953
001_default_lapin-off_-_g0.3,default,1000,0.4,200,2,5,0.203634,0.117487,0.083333,10.986973
001_default_lapin-off_-_g0.3,default,1000,0.4,200,2,6,0.239536,0.124113,0.08,12.000432
001_default_lapin-off_-_g0.3,default,1000,0.4,200,2,7,0.237618,0.14054,0.090909,10.956243
001_default_lapin-off_-_g0.3,default,1000,0.4,200,2,8,0.180905,0.074648,0.037037,12.285373
001_default_lapin-off_-_g0.3,default,1000,0.4,200,2,9,0.215338,0.109742,0.041667,10.247996
001_default_lapin-off_-_g0.3,default,1000,0.4,200,2,10,0.218496,0.113549,0.08,11.69679
002_default_lapin-off_-_g0.5,default,1000,0.4,200,2,1,0.426056,0.401723,0.095238,10.640153
002_default_lapin-off_-_g0.5,default,1000,0.4,200,2,2,0.291276,0.198127,0.3,11.72657
002_default_lapin-off_-_g0.5,default,1000,0.4,200,2,3,0.477559,0.493056,0.16,12.707797
002_default_lapin-off_-_g0.5,default,1000,0.4,200,2,4,0.365155,0.308365,0.083333,12.354953
002_default_lapin-off_-_g0.5,default,1000,0.4,200,2,5,0.357777,0.34127,0.083333,10.986973
002_default_lapin-off_-_g0.5,default,1000,0.4,200,2,6,0.42111,0.369976,0.08,12.000432
002_default_lapin-off_-_g0.5,default,1000,0.4,200,2,7,0.448699,0.463861,0.090909,10.956243
002_default_lapin-off_-_g0.5,default,1000,0.4,200,2,8,0.357594,0.335178,0.037037,12.285373
002_default_lapin-off_-_g0.5,default,1000,0.4,200,2,9,0.392529,0.355365,0.041667,10.247996
002_default_lapin-off_-_g0.5,default,1000,0.4,200,2,10,0.396231,0.377715,0.08,11.69679
003_default_lapin-off_-_g0.6,default,1000,0.4,200,2,1,0.52173,0.546016,0.095238,10.640153
003_default_lapin-off_-_g0.6,default,1000,0.4,200,2,2,0.369909,0.326814,0.3,11.72657
003_default_lapin-off_-_g0.6,default,1000,0.4,200,2,3,0.576153,0.612879,0.16,12.707797
003_default_lapin-off_-_g0.6,default,1000,0.4,200,2,4,0.434484,0.420237,0.083333,12.354953
003_default_lapin-off_-_g0.6,default,1000,0.4,200,2,5,0.437525,0.458827,0.083333,10.986973
003_default_lapin-off_-_g0.6,default,1000,0.4,200,2,6,0.495179,0.487182,0.08,12.000432
003_default_lapin-off_-_g0.6,default,1000,0.4,200,2,7,0.539414,0.588522,0.090909,10.956243
003_default_lapin-off_-_g0.6,default,1000,0.4,200,2,8,0.450026,0.45714,0.037037,12.285373
003_default_lapin-off_-_g0.6,default,1000,0.4,200,2,9,0.482872,0.491544,0.041667,10.247996
003_default_lapin-off_-_g0.6,default,1000,0.4,200,2,10,0.503683,0.522197,0.08,11.69679
004_default_lapin-off_-_g0.7,default,1000,0.4,200,2,1,0.587642,0.619562,0.095238,10.640153
004_default_lapin-off_-_g0.7,default,1000,0.4,200,2,2,0.445063,0.450553,0.3,11.72657
004_default_lapin-off_-_g0.7,default,1000,0.4,200,2,3,0.653008,0.677842,0.16,12.707797
004_default_lapin-off_-_g0.7,default,1000,0.4,200,2,4,0.484246,0.512539,0.083333,12.354953
004_default_lapin-off_-_g0.7,default,1000,0.4,200,2,5,0.530431,0.555665,0.083333,10.986973
004_default_lapin-off_-_g0.7,default,1000,0.4,200,2,6,0.57444,0.585864,0.08,12.000432
004_default_lapin-off_-_g0.7,default,1000,0.4,200,2,7,0.602202,0.651014,0.090909,10.956243
004_default_lapin-off_-_g0.7,default,1000,0.4,200,2,8,0.532189,0.560223,0.037037,12.285373
004_default_lapin-off_-_g0.7,default,1000,0.4,200,2,9,0.572397,0.60055,0.041667,10.247996
004_default_lapin-off_-_g0.7,default,1000,0.4,200,2,10,0.576255,0.616292,0.08,11.69679
005_default_lapin-off_-_g0.8,default,1000,0.4,200,2,1,0.645378,0.664386,0.095238,10.640153
005_default_lapin-off_-_g0.8,default,1000,0.4,200,2,2,0.497748,0.545428,0.3,11.72657
005_default_lapin-off_-_g0.8,default,1000,0.4,200,2,3,0.720684,0.717226,0.16,12.707797
005_default_lapin-off_-_g0.8,default,1000,0.4,200,2,4,0.526531,0.571533,0.083333,12.354953
005_default_lapin-off_-_g0.8,default,1000,0.4,200,2,5,0.590925,0.606037,0.083333,10.986973
005_default_lapin-off_-_g0.8,default,1000,0.4,200,2,6,0.634544,0.642567,0.08,12.000432
005_default_lapin-off_-_g0.8,default,1000,0.4,200,2,7,0.66819,0.695247,0.090909,10.956243
005_default_lapin-off_-_g0.8,default,1000,0.4,200,2,8,0.579597,0.602095,0.037037,12.285373
005_default_lapin-off_-_g0.8,default,1000,0.4,200,2,9,0.636583,0.650652,0.041667,10.247996
005_default_lapin-off_-_g0.8,default,1000,0.4,200,2,10,0.62778,0.66583,0.08,11.69679
006_default_lapin-off_-_g0.9,default,1000,0.4,200,2,1,0.685297,0.690342,0.095238,10.640153
006_default_lapin-off_-_g0.9,default,1000,0.4,200,2,2,0.538296,0.597613,0.3,11.72657
006_default_lapin-off_-_g0.9,default,1000,0.4,200,2,3,0.739591,0.731207,0.16,12.707797
006_default_lapin-off_-_g0.9,default,1000,0.4,200,2,4,0.543754,0.593558,0.083333,12.354953
006_default_lapin-off_-_g0.9,default,1000,0.4,200,2,5,0.592841,0.622206,0.083333,10.986973
006_default_lapin-off_-_g0.9,default,1000,0.4,200,2,6,0.656948,0.665505,0.08,12.000432
006_default_lapin-off_-_g0.9,default,1000,0.4,200,2,7,0.70613,0.716144,0.090909,10.956243
006_default_lapin-off_-_g0.9,default,1000,0.4,200,2,8,0.585323,0.635998,0.037037,12.285373
006_default_lapin-off_-_g0.9,default,1000,0.4,200,2,9,0.646776,0.664995,0.041667,10.247996
006_default_lapin-off_-_g0.9,default,1000,0.4,200,2,10,0.664649,0.677554,0.08,11.69679
007_default_lapin-on_lsym_g0.3,default,1000,0.4,200,2,1,0.135167,0.050664,0.047619,13.314648
007_default_lapin-on_lsym_g0.3,default,1000,0.4,200,2,2,0.23331,0.11722,0.0,12.987108
007_default_lapin-on_lsym_g0.3,default,1000,0.4,200,2,3,0.134889,0.014122,0.12,17.433397
007_default_lapin-on_lsym_g0.3,default,1000,0.4,200,2,4,0.127526,0.032503,0.083333,14.031907
007_default_lapin-on_lsym_g0.3,default,1000,0.4,200,2,5,0.138213,0.023302,0.041667,14.618416
007_default_lapin-on_lsym_g0.3,default,1000,0.4,200,2,6,0.120906,0.005573,0.0,15.551277
007_default_lapin-on_lsym_g0.3,default,1000,0.4,200,2,7,0.14165,0.035653,0.272727,17.501499
007_default_lapin-on_lsym_g0.3,default,1000,0.4,200,2,8,0.069925,0.00968,0.0,16.878615
007_default_lapin-on_lsym_g0.3,default,1000,0.4,200,2,9,0.11852,0.032118,0.041667,14.169728
007_default_lapin-on_lsym_g0.3,default,1000,0.4,200,2,10,0.12631,0.028856,0.08,16.81022
008_default_lapin-on_lsym_g0.5,default,1000,0.4,200,2,1,0.224772,0.223531,0.047619,13.314648
008_default_lapin-on_lsym_g0.5,default,1000,0.4,200,2,2,0.398592,0.362251,0.0,12.987108
008_default_lapin-on_lsym_g0.5,default,1000,0.4,200,2,3,0.280358,0.190694,0.12,17.433397
008_default_lapin-on_lsym_g0.5,default,1000,0.4,200,2,4,0.214499,0.183769,0.083333,14.031907
008_default_lapin-on_lsym_g0.5,default,1000,0.4,200,2,5,0.264705,0.219259,0.041667,14.618416
008_default_lapin-on_lsym_g0.5,default,1000,0.4,200,2,6,0.209023,0.14969,0.0,15.551277
008_default_lapin-on_lsym_g0.5,default,1000,0.4,200,2,7,0.302093,0.256609,0.272727,17.501499
008_default_lapin-on_lsym_g0.5,default,1000,0.4,200,2,8,0.181618,0.150335,0.0,16.878615
008_default_lapin-on_lsym_g0.5,default,1000,0.4,200,2,9,0.246965,0.238325,0.041667,14.169728
008_default_lapin-on_lsym_g0.5,default,1000,0.4,200,2,10,0.273894,0.235657,0.08,16.81022
009_default_lapin-on_lsym_g0.6,default,1000,0.4,200,2,1,0.243691,0.306619,0.047619,13.314648
009_default_lapin-on_lsym_g0.6,default,1000,0.4,200,2,2,0.460763,0.491143,0.0,12.987108
009_default_lapin-on_lsym_g0.6,default,1000,0.4,200,2,3,0.349174,0.302302,0.12,17.433397
009_default_lapin-on_lsym_g0.6,default,1000,0.4,200,2,4,0.264699,0.273674,0.083333,14.031907
009_default_lapin-on_lsym_g0.6,default,1000,0.4,200,2,5,0.329199,0.34419,0.041667,14.618416
009_default_lapin-on_lsym_g0.6,default,1000,0.4,200,2,6,0.285094,0.257655,0.0,15.551277
009_default_lapin-on_lsym_g0.6,default,1000,0.4,200,2,7,0.380924,0.395695,0.272727,17.501499
009_default_lapin-on_lsym_g0.6,default,1000,0.4,200,2,8,0.254934,0.262158,0.0,16.878615
009_default_lapin-on_lsym_g0.6,default,1000,0.4,200,2,9,0.306938,0.352267,0.041667,14.169728
009_default_lapin-on_lsym_g0.6,default,1000,0.4,200,2,10,0.343872,0.349611,0.08,16.81022
010_default_lapin-on_lsym_g0.7,default,1000,0.4,200,2,1,0.27065,0.364231,0.047619,13.314648
010_default_lapin-on_lsym_g0.7,default,1000,0.4,200,2,2,0.514548,0.56495,0.0,12.987108
010_default_lapin-on_lsym_g0.7,default,1000,0.4,200,2,3,0.413619,0.418559,0.12,17.433397
010_default_lapin-on_lsym_g0.7,default,1000,0.4,200,2,4,0.299501,0.368859,0.083333,14.031907
010_default_lapin-on_lsym_g0.7,default,1000,0.4,200,2,5,0.395834,0.460036,0.041667,14.618416
010_default_lapin-on_lsym_g0.7,default,1000,0.4,200,2,6,0.35721,0.379378,0.0,15.551277
010_default_lapin-on_lsym_g0.7,default,1000,0.4,200,2,7,0.462806,0.503989,0.272727,17.501499
010_default_lapin-on_lsym_g0.7,default,1000,0.4,200,2,8,0.326712,0.354347,0.0,16.878615
010_default_lapin-on_lsym_g0.7,default,1000,0.4,200,2,9,0.361259,0.429457,0.041667,14.169728
010_default_lapin-on_lsym_g0.7,default,1000,0.4,200,2,10,0.419462,0.46832,0.08,16.81022
011_default_lapin-on_lsym_g0.8,default,1000,0.4,200,2,1,0.306473,0.399286,0.047619,13.314648
011_default_lapin-on_lsym_g0.8,default,1000,0.4,200,2,2,0.563182,0.604623,0.0,12.987108
011_default_lapin-on_lsym_g0.8,default,1000,0.4,200,2,3,0.460618,0.505771,0.12,17.433397
011_default_lapin-on_lsym_g0.8,default,1000,0.4,200,2,4,0.324636,0.424724,0.083333,14.031907
011_default_lapin-on_lsym_g0.8,default,1000,0.4,200,2,5,0.473499,0.527882,0.041667,14.618416
011_default_lapin-on_lsym_g0.8,default,1000,0.4,200,2,6,0.413677,0.46554,0.0,15.551277
011_default_lapin-on_lsym_g0.8,default,1000,0.4,200,2,7,0.507135,0.56225,0.272727,17.501499
011_default_lapin-on_lsym_g0.8,default,1000,0.4,200,2,8,0.388246,0.434575,0.0,16.878615
011_default_lapin-on_lsym_g0.8,default,1000,0.4,200,2,9,0.408111,0.473741,0.041667,14.169728
011_default_lapin-on_lsym_g0.8,default,1000,0.4,200,2,10,0.47315,0.561618,0.08,16.81022
012_default_lapin-on_lsym_g0.9,default,1000,0.4,200,2,1,0.31705,0.406082,0.047619,13.314648
012_default_lapin-on_lsym_g0.9,default,1000,0.4,200,2,2,0.548066,0.612887,0.0,12.987108
012_default_lapin-on_lsym_g0.9,default,1000,0.4,200,2,3,0.496943,0.55897,0.12,17.433397
012_default_lapin-on_lsym_g0.9,default,1000,0.4,200,2,4,0.370396,0.4483,0.083333,14.031907
012_default_lapin-on_lsym_g0.9,default,1000,0.4,200,2,5,0.535867,0.584593,0.041667,14.618416
012_default_lapin-on_lsym_g0.9,default,1000,0.4,200,2,6,0.462122,0.507398,0.0,15.551277
012_default_lapin-on_lsym_g0.9,default,1000,0.4,200,2,7,0.553156,0.580174,0.272727,17.501499
012_default_lapin-on_lsym_g0.9,default,1000,0.4,200,2,8,0.451347,0.47788,0.0,16.878615
012_default_lapin-on_lsym_g0.9,default,1000,0.4,200,2,9,0.452471,0.489231,0.041667,14.169728
012_default_lapin-on_lsym_g0.9,default,1000,0.4,200,2,10,0.528871,0.608374,0.08,16.81022
025_dice_lapin-off_-_g0.3,dice,1000,0.4,200,2,1,0.357041,0.270711,0.761905,15.902161
025_dice_lapin-off_-_g0.3,dice,1000,0.4,200,2,2,0.382861,0.317294,0.65,12.894555
025_dice_lapin-off_-_g0.3,dice,1000,0.4,200,2,3,0.421014,0.370645,0.48,15.651889
025_dice_lapin-off_-_g0.3,dice,1000,0.4,200,2,4,0.31653,0.274939,0.75,17.212623
025_dice_lapin-off_-_g0.3,dice,1000,0.4,200,2,5,0.380089,0.319553,0.666667,17.18563
025_dice_lapin-off_-_g0.3,dice,1000,0.4,200,2,6,0.371686,0.298078,0.72,16.774822
025_dice_lapin-off_-_g0.3,dice,1000,0.4,200,2,7,0.381328,0.262181,0.636364,15.337664
025_dice_lapin-off_-_g0.3,dice,1000,0.4,200,2,8,0.40206,0.307328,0.592593,17.649302
025_dice_lapin-off_-_g0.3,dice,1000,0.4,200,2,9,0.424686,0.374824,0.708333,16.258445
025_dice_lapin-off_-_g0.3,dice,1000,0.4,200,2,10,0.39813,0.313685,0.56,15.320178
026_dice_lapin-off_-_g0.5,dice,1000,0.4,200,2,1,0.397585,0.410555,0.761905,15.902161
026_dice_lapin-off_-_g0.5,dice,1000,0.4,200,2,2,0.444619,0.526322,0.65,12.894555
026_dice_lapin-off_-_g0.5,dice,1000,0.4,200,2,3,0.530144,0.560129,0.48,15.651889
026_dice_lapin-off_-_g0.5,dice,1000,0.4,200,2,4,0.408285,0.445576,0.75,17.212623
026_dice_lapin-off_-_g0.5,dice,1000,0.4,200,2,5,0.458694,0.487298,0.666667,17.18563
026_dice_lapin-off_-_g0.5,dice,1000,0.4,200,2,6,0.441407,0.454078,0.72,16.774822
026_dice_lapin-off_-_g0.5,dice,1000,0.4,200,2,7,0.4481,0.445881,0.636364,15.337664
026_dice_lapin-off_-_g0.5,dice,1000,0.4,200,2,8,0.490231,0.516369,0.592593,17.649302
026_dice_lapin-off_-_g0.5,dice,1000,0.4,200,2,9,0.483887,0.504726,0.708333,16.258445
026_dice_lapin-off_-_g0.5,dice,1000,0.4,200,2,10,0.491345,0.50262,0.56,15.320178
027_dice_lapin-off_-_g0.6,dice,1000,0.4,200,2,1,0.428577,0.477044,0.761905,15.902161
027_dice_lapin-off_-_g0.6,dice,1000,0.4,200,2,2,0.466564,0.567369,0.65,12.894555
027_dice_lapin-off_-_g0.6,dice,1000,0.4,200,2,3,0.577921,0.589949,0.48,15.651889
027_dice_lapin-off_-_g0.6,dice,1000,0.4,200,2,4,0.439205,0.478716,0.75,17.212623
027_dice_lapin-off_-_g0.6,dice,1000,0.4,200,2,5,0.486006,0.528019,0.666667,17.18563
027_dice_lapin-off_-_g0.6,dice,1000,0.4,200,2,6,0.472499,0.51423,0.72,16.774822
027_dice_lapin-off_-_g0.6,dice,1000,0.4,200,2,7,0.477806,0.518812,0.636364,15.337664
027_dice_lapin-off_-_g0.6,dice,1000,0.4,200,2,8,0.514991,0.561618,0.592593,17.649302
027_dice_lapin-off_-_g0.6,dice,1000,0.4,200,2,9,0.495472,0.525559,0.708333,16.258445
027_dice_lapin-off_-_g0.6,dice,1000,0.4,200,2,10,0.519812,0.53769,0.56,15.320178
028_dice_lapin-off_-_g0.7,dice,1000,0.4,200,2,1,0.44186,0.508052,0.761905,15.902161
028_dice_lapin-off_-_g0.7,dice,1000,0.4,200,2,2,0.478021,0.571433,0.65,12.894555
028_dice_lapin-off_-_g0.7,dice,1000,0.4,200,2,3,0.591316,0.585352,0.48,15.651889
028_dice_lapin-off_-_g0.7,dice,1000,0.4,200,2,4,0.469936,0.497493,0.75,17.212623
028_dice_lapin-off_-_g0.7,dice,1000,0.4,200,2,5,0.518052,0.558457,0.666667,17.18563
028_dice_lapin-off_-_g0.7,dice,1000,0.4,200,2,6,0.496262,0.558834,0.72,16.774822
028_dice_lapin-off_-_g0.7,dice,1000,0.4,200,2,7,0.50354,0.549996,0.636364,15.337664
028_dice_lapin-off_-_g0.7,dice,1000,0.4,200,2,8,0.526763,0.571877,0.592593,17.649302
028_dice_lapin-off_-_g0.7,dice,1000,0.4,200,2,9,0.537355,0.568835,0.708333,16.258445
028_dice_lapin-off_-_g0.7,dice,1000,0.4,200,2,10,0.534878,0.553764,0.56,15.320178
029_dice_lapin-off_-_g0.8,dice,1000,0.4,200,2,1,0.459861,0.505801,0.761905,15.902161
029_dice_lapin-off_-_g0.8,dice,1000,0.4,200,2,2,0.489783,0.562726,0.65,12.894555
029_dice_lapin-off_-_g0.8,dice,1000,0.4,200,2,3,0.595969,0.577528,0.48,15.651889
029_dice_lapin-off_-_g0.8,dice,1000,0.4,200,2,4,0.494011,0.49603,0.75,17.212623
029_dice_lapin-off_-_g0.8,dice,1000,0.4,200,2,5,0.538703,0.570018,0.666667,17.18563
029_dice_lapin-off_-_g0.8,dice,1000,0.4,200,2,6,0.50953,0.549814,0.72,16.774822
029_dice_lapin-off_-_g0.8,dice,1000,0.4,200,2,7,0.515118,0.539269,0.636364,15.337664
029_dice_lapin-off_-_g0.8,dice,1000,0.4,200,2,8,0.538027,0.566365,0.592593,17.649302
029_dice_lapin-off_-_g0.8,dice,1000,0.4,200,2,9,0.567305,0.578183,0.708333,16.258445
029_dice_lapin-off_-_g0.8,dice,1000,0.4,200,2,10,0.543918,0.536102,0.56,15.320178
030_dice_lapin-off_-_g0.9,dice,1000,0.4,200,2,1,0.47755,0.495604,0.761905,15.902161
030_dice_lapin-off_-_g0.9,dice,1000,0.4,200,2,2,0.496702,0.543999,0.65,12.894555
030_dice_lapin-off_-_g0.9,dice,1000,0.4,200,2,3,0.615389,0.564812,0.48,15.651889
030_dice_lapin-off_-_g0.9,dice,1000,0.4,200,2,4,0.498297,0.482839,0.75,17.212623
030_dice_lapin-off_-_g0.9,dice,1000,0.4,200,2,5,0.536936,0.544625,0.666667,17.18563
030_dice_lapin-off_-_g0.9,dice,1000,0.4,200,2,6,0.523694,0.546942,0.72,16.774822
030_dice_lapin-off_-_g0.9,dice,1000,0.4,200,2,7,0.522886,0.528899,0.636364,15.337664
030_dice_lapin-off_-_g0.9,dice,1000,0.4,200,2,8,0.555917,0.546091,0.592593,17.649302
030_dice_lapin-off_-_g0.9,dice,1000,0.4,200,2,9,0.575445,0.554771,0.625,16.258445
030_dice_lapin-off_-_g0.9,dice,1000,0.4,200,2,10,0.547285,0.51778,0.56,15.320178
031_dice_lapin-on_lsym_g0.3,dice,1000,0.4,200,2,1,0.22371,0.138957,0.285714,17.575662
031_dice_lapin-on_lsym_g0.3,dice,1000,0.4,200,2,2,0.351114,0.171343,0.0,12.188055
031_dice_lapin-on_lsym_g0.3,dice,1000,0.4,200,2,3,0.224588,0.141128,0.16,18.099826
031_dice_lapin-on_lsym_g0.3,dice,1000,0.4,200,2,4,0.190174,0.079687,0.083333,15.230764
031_dice_lapin-on_lsym_g0.3,dice,1000,0.4,200,2,5,0.194178,0.125362,0.291667,20.397952
031_dice_lapin-on_lsym_g0.3,dice,1000,0.4,200,2,6,0.193078,0.075357,0.2,17.368094
031_dice_lapin-on_lsym_g0.3,dice,1000,0.4,200,2,7,0.26879,0.151084,0.363636,18.453453
031_dice_lapin-on_lsym_g0.3,dice,1000,0.4,200,2,8,0.088651,0.050508,0.518519,24.855018
031_dice_lapin-on_lsym_g0.3,dice,1000,0.4,200,2,9,0.286319,0.135661,0.291667,19.249972
031_dice_lapin-on_lsym_g0.3,dice,1000,0.4,200,2,10,0.171068,0.075199,0.24,18.540552
032_dice_lapin-on_lsym_g0.5,dice,1000,0.4,200,2,1,0.321361,0.2792,0.285714,17.575662
032_dice_lapin-on_lsym_g0.5,dice,1000,0.4,200,2,2,0.540681,0.431027,0.0,12.188055
032_dice_lapin-on_lsym_g0.5,dice,1000,0.4,200,2,3,0.317076,0.28921,0.16,18.099826
032_dice_lapin-on_lsym_g0.5,dice,1000,0.4,200,2,4,0.346136,0.272855,0.083333,15.230764
032_dice_lapin-on_lsym_g0.5,dice,1000,0.4,200,2,5,0.317958,0.315826,0.291667,20.397952
032_dice_lapin-on_lsym_g0.5,dice,1000,0.4,200,2,6,0.273065,0.221038,0.2,17.368094
032_dice_lapin-on_lsym_g0.5,dice,1000,0.4,200,2,7,0.407611,0.345359,0.363636,18.453453
032_dice_lapin-on_lsym_g0.5,dice,1000,0.4,200,2,8,0.200779,0.209227,0.518519,24.855018
032_dice_lapin-on_lsym_g0.5,dice,1000,0.4,200,2,9,0.55002,0.45795,0.291667,19.249972
032_dice_lapin-on_lsym_g0.5,dice,1000,0.4,200,2,10,0.320144,0.28072,0.24,18.540552
033_dice_lapin-on_lsym_g0.6,dice,1000,0.4,200,2,1,0.365748,0.343188,0.285714,17.575662
033_dice_lapin-on_lsym_g0.6,dice,1000,0.4,200,2,2,0.59196,0.509311,0.0,12.188055
033_dice_lapin-on_lsym_g0.6,dice,1000,0.4,200,2,3,0.3799,0.37051,0.16,18.099826
033_dice_lapin-on_lsym_g0.6,dice,1000,0.4,200,2,4,0.409016,0.368839,0.083333,15.230764
033_dice_lapin-on_lsym_g0.6,dice,1000,0.4,200,2,5,0.351376,0.357263,0.291667,20.397952
033_dice_lapin-on_lsym_g0.6,dice,1000,0.4,200,2,6,0.322507,0.328875,0.2,17.368094
033_dice_lapin-on_lsym_g0.6,dice,1000,0.4,200,2,7,0.48783,0.465321,0.363636,18.453453
033_dice_lapin-on_lsym_g0.6,dice,1000,0.4,200,2,8,0.244317,0.287203,0.518519,24.855018
033_dice_lapin-on_lsym_g0.6,dice,1000,0.4,200,2,9,0.626715,0.555116,0.291667,19.249972
033_dice_lapin-on_lsym_g0.6,dice,1000,0.4,200,2,10,0.391018,0.374053,0.24,18.540552
034_dice_lapin-on_lsym_g0.7,dice,1000,0.4,200,2,1,0.397803,0.396555,0.285714,17.575662
034_dice_lapin-on_lsym_g0.7,dice,1000,0.4,200,2,2,0.649072,0.595737,0.0,12.188055
034_dice_lapin-on_lsym_g0.7,dice,1000,0.4,200,2,3,0.467604,0.441196,0.16,18.099826
034_dice_lapin-on_lsym_g0.7,dice,1000,0.4,200,2,4,0.475887,0.469078,0.083333,15.230764
034_dice_lapin-on_lsym_g0.7,dice,1000,0.4,200,2,5,0.421595,0.426906,0.291667,20.397952
034_dice_lapin-on_lsym_g0.7,dice,1000,0.4,200,2,6,0.380462,0.411345,0.2,17.368094
034_dice_lapin-on_lsym_g0.7,dice,1000,0.4,200,2,7,0.526898,0.50384,0.363636,18.453453
034_dice_lapin-on_lsym_g0.7,dice,1000,0.4,200,2,8,0.309561,0.368682,0.518519,24.855018
034_dice_lapin-on_lsym_g0.7,dice,1000,0.4,200,2,9,0.660986,0.588197,0.291667,19.249972
034_dice_lapin-on_lsym_g0.7,dice,1000,0.4,200,2,10,0.471979,0.442028,0.24,18.540552
035_dice_lapin-on_lsym_g0.8,dice,1000,0.4,200,2,1,0.447371,0.429208,0.285714,17.575662
035_dice_lapin-on_lsym_g0.8,dice,1000,0.4,200,2,2,0.695837,0.660861,0.0,12.188055
035_dice_lapin-on_lsym_g0.8,dice,1000,0.4,200,2,3,0.502434,0.460175,0.16,18.099826
035_dice_lapin-on_lsym_g0.8,dice,1000,0.4,200,2,4,0.525664,0.52167,0.041667,15.230764
035_dice_lapin-on_lsym_g0.8,dice,1000,0.4,200,2,5,0.521568,0.543221,0.291667,20.397952
035_dice_lapin-on_lsym_g0.8,dice,1000,0.4,200,2,6,0.460093,0.485515,0.2,17.368094
035_dice_lapin-on_lsym_g0.8,dice,1000,0.4,200,2,7,0.565962,0.542075,0.363636,18.453453
035_dice_lapin-on_lsym_g0.8,dice,1000,0.4,200,2,8,0.371165,0.411678,0.481481,24.855018
035_dice_lapin-on_lsym_g0.8,dice,1000,0.4,200,2,9,0.684422,0.632799,0.291667,19.249972
035_dice_lapin-on_lsym_g0.8,dice,1000,0.4,200,2,10,0.524343,0.509364,0.24,18.540552
036_dice_lapin-on_lsym_g0.9,dice,1000,0.4,200,2,1,0.462523,0.485359,0.285714,17.575662
036_dice_lapin-on_lsym_g0.9,dice,1000,0.4,200,2,2,0.67521,0.714655,0.0,12.188055
036_dice_lapin-on_lsym_g0.9,dice,1000,0.4,200,2,3,0.54333,0.528598,0.16,18.099826
036_dice_lapin-on_lsym_g0.9,dice,1000,0.4,200,2,4,0.514109,0.527745,0.041667,15.230764
036_dice_lapin-on_lsym_g0.9,dice,1000,0.4,200,2,5,0.570289,0.573248,0.291667,20.397952
036_dice_lapin-on_lsym_g0.9,dice,1000,0.4,200,2,6,0.506853,0.538821,0.2,17.368094
036_dice_lapin-on_lsym_g0.9,dice,1000,0.4,200,2,7,0.573721,0.545165,0.272727,18.453453
036_dice_lapin-on_lsym_g0.9,dice,1000,0.4,200,2,8,0.417574,0.460673,0.481481,24.855018
036_dice_lapin-on_lsym_g0.9,dice,1000,0.4,200,2,9,0.721295,0.665438,0.291667,19.249972
036_dice_lapin-on_lsym_g0.9,dice,1000,0.4,200,2,10,0.547167,0.535952,0.24,18.540552
049_ip_beta0_lapin-off_-_g0.3,ip_beta0,1000,0.4,200,2,1,0.374887,0.259227,0.095238,9.163736
049_ip_beta0_lapin-off_-_g0.3,ip_beta0,1000,0.4,200,2,2,0.455494,0.330647,0.15,8.835497
049_ip_beta0_lapin-off_-_g0.3,ip_beta0,1000,0.4,200,2,3,0.597267,0.506005,0.12,11.223851
049_ip_beta0_lapin-off_-_g0.3,ip_beta0,1000,0.4,200,2,4,0.458895,0.304645,0.166667,10.356588
049_ip_beta0_lapin-off_-_g0.3,ip_beta0,1000,0.4,200,2,5,0.509094,0.417926,0.041667,9.326856
049_ip_beta0_lapin-off_-_g0.3,ip_beta0,1000,0.4,200,2,6,0.523196,0.410866,0.2,11.053589
049_ip_beta0_lapin-off_-_g0.3,ip_beta0,1000,0.4,200,2,7,0.4161,0.267638,0.181818,10.829794
049_ip_beta0_lapin-off_-_g0.3,ip_beta0,1000,0.4,200,2,8,0.492374,0.379481,0.148148,12.97941
049_ip_beta0_lapin-off_-_g0.3,ip_beta0,1000,0.4,200,2,9,0.588278,0.492795,0.125,10.910309
049_ip_beta0_lapin-off_-_g0.3,ip_beta0,1000,0.4,200,2,10,0.499437,0.395555,0.12,10.129611
050_ip_beta0_lapin-off_-_g0.5,ip_beta0,1000,0.4,200,2,1,0.579826,0.488619,0.095238,9.163736
050_ip_beta0_lapin-off_-_g0.5,ip_beta0,1000,0.4,200,2,2,0.619061,0.577965,0.15,8.835497
050_ip_beta0_lapin-off_-_g0.5,ip_beta0,1000,0.4,200,2,3,0.69755,0.643318,0.12,11.223851
050_ip_beta0_lapin-off_-_g0.5,ip_beta0,1000,0.4,200,2,4,0.658426,0.598857,0.166667,10.356588
050_ip_beta0_lapin-off_-_g0.5,ip_beta0,1000,0.4,200,2,5,0.720066,0.698494,0.041667,9.326856
050_ip_beta0_lapin-off_-_g0.5,ip_beta0,1000,0.4,200,2,6,0.627281,0.541672,0.2,11.053589
050_ip_beta0_lapin-off_-_g0.5,ip_beta0,1000,0.4,200,2,7,0.545756,0.442495,0.181818,10.829794
050_ip_beta0_lapin-off_-_g0.5,ip_beta0,1000,0.4,200,2,8,0.662602,0.609367,0.148148,12.97941
050_ip_beta0_lapin-off_-_g0.5,ip_beta0,1000,0.4,200,2,9,0.774057,0.715992,0.125,10.910309
050_ip_beta0_lapin-off_-_g0.5,ip_beta0,1000,0.4,200,2,10,0.629058,0.578231,0.12,10.129611
051_ip_beta0_lapin-off_-_g0.6,ip_beta0,1000,0.4,200,2,1,0.630967,0.539562,0.095238,9.163736
051_ip_beta0_lapin-off_-_g0.6,ip_beta0,1000,0.4,200,2,2,0.688424,0.673441,0.15,8.835497
051_ip_beta0_lapin-off_-_g0.6,ip_beta0,1000,0.4,200,2,3,0.757463,0.732845,0.12,11.223851
051_ip_beta0_lapin-off_-_g0.6,ip_beta0,1000,0.4,200,2,4,0.680155,0.612272,0.166667,10.356588
051_ip_beta0_lapin-off_-_g0.6,ip_beta0,1000,0.4,200,2,5,0.793859,0.772459,0.041667,9.326856
051_ip_beta0_lapin-off_-_g0.6,ip_beta0,1000,0.4,200,2,6,0.692555,0.649762,0.2,11.053589
051_ip_beta0_lapin-off_-_g0.6,ip_beta0,1000,0.4,200,2,7,0.610168,0.528476,0.181818,10.829794
051_ip_beta0_lapin-off_-_g0.6,ip_beta0,1000,0.4,200,2,8,0.719584,0.675913,0.148148,12.97941
051_ip_beta0_lapin-off_-_g0.6,ip_beta0,1000,0.4,200,2,9,0.792416,0.731367,0.125,10.910309
051_ip_beta0_lapin-off_-_g0.6,ip_beta0,1000,0.4,200,2,10,0.701531,0.656244,0.12,10.129611
052_ip_beta0_lapin-off_-_g0.7,ip_beta0,1000,0.4,200,2,1,0.695413,0.640426,0.095238,9.163736
052_ip_beta0_lapin-off_-_g0.7,ip_beta0,1000,0.4,200,2,2,0.715234,0.704426,0.15,8.835497
052_ip_beta0_lapin-off_-_g0.7,ip_beta0,1000,0.4,200,2,3,0.795715,0.767709,0.12,11.223851
052_ip_beta0_lapin-off_-_g0.7,ip_beta0,1000,0.4,200,2,4,0.690178,0.618894,0.166667,10.356588
052_ip_beta0_lapin-off_-_g0.7,ip_beta0,1000,0.4,200,2,5,0.804625,0.796861,0.041667,9.326856
052_ip_beta0_lapin-off_-_g0.7,ip_beta0,1000,0.4,200,2,6,0.779952,0.757124,0.2,11.053589
052_ip_beta0_lapin-off_-_g0.7,ip_beta0,1000,0.4,200,2,7,0.693478,0.6316,0.181818,10.829794
052_ip_beta0_lapin-off_-_g0.7,ip_beta0,1000,0.4,200,2,8,0.772647,0.725105,0.148148,12.97941
052_ip_beta0_lapin-off_-_g0.7,ip_beta0,1000,0.4,200,2,9,0.798515,0.729911,0.125,10.910309
052_ip_beta0_lapin-off_-_g0.7,ip_beta0,1000,0.4,200,2,10,0.754775,0.693975,0.12,10.129611
053_ip_beta0_lapin-off_-_g0.8,ip_beta0,1000,0.4,200,2,1,0.729602,0.678011,0.095238,9.163736
053_ip_beta0_lapin-off_-_g0.8,ip_beta0,1000,0.4,200,2,2,0.737742,0.745131,0.15,8.835497
053_ip_beta0_lapin-off_-_g0.8,ip_beta0,1000,0.4,200,2,3,0.789596,0.780102,0.12,11.223851
053_ip_beta0_lapin-off_-_g0.8,ip_beta0,1000,0.4,200,2,4,0.720223,0.661848,0.166667,10.356588
053_ip_beta0_lapin-off_-_g0.8,ip_beta0,1000,0.4,200,2,5,0.790637,0.810046,0.041667,9.326856
053_ip_beta0_lapin-off_-_g0.8,ip_beta0,1000,0.4,200,2,6,0.791517,0.761041,0.2,11.053589
053_ip_beta0_lapin-off_-_g0.8,ip_beta0,1000,0.4,200,2,7,0.732971,0.688221,0.181818,10.829794
053_ip_beta0_lapin-off_-_g0.8,ip_beta0,1000,0.4,200,2,8,0.787595,0.740247,0.148148,12.97941
053_ip_beta0_lapin-off_-_g0.8,ip_beta0,1000,0.4,200,2,9,0.822358,0.753985,0.125,10.910309
053_ip_beta0_lapin-off_-_g0.8,ip_beta0,1000,0.4,200,2,10,0.772138,0.703802,0.12,10.129611
054_ip_beta0_lapin-off_-_g0.9,ip_beta0,1000,0.4,200,2,1,0.741311,0.732359,0.095238,9.163736
054_ip_beta0_lapin-off_-_g0.9,ip_beta0,1000,0.4,200,2,2,0.7352,0.752824,0.15,8.835497
054_ip_beta0_lapin-off_-_g0.9,ip_beta0,1000,0.4,200,2,3,0.771651,0.776669,0.12,11.223851
054_ip_beta0_lapin-off_-_g0.9,ip_beta0,1000,0.4,200,2,4,0.743741,0.693291,0.166667,10.356588
054_ip_beta0_lapin-off_-_g0.9,ip_beta0,1000,0.4,200,2,5,0.768995,0.787514,0.041667,9.326856
054_ip_beta0_lapin-off_-_g0.9,ip_beta0,1000,0.4,200,2,6,0.794505,0.765552,0.2,11.053589
054_ip_beta0_lapin-off_-_g0.9,ip_beta0,1000,0.4,200,2,7,0.763905,0.739006,0.181818,10.829794
054_ip_beta0_lapin-off_-_g0.9,ip_beta0,1000,0.4,200,2,8,0.793322,0.755911,0.148148,12.97941
054_ip_beta0_lapin-off_-_g0.9,ip_beta0,1000,0.4,200,2,9,0.798837,0.748854,0.125,10.910309
054_ip_beta0_lapin-off_-_g0.9,ip_beta0,1000,0.4,200,2,10,0.785657,0.72293,0.12,10.129611
055_ip_beta0_lapin-on_lsym_g0.3,ip_beta0,1000,0.4,200,2,1,0.193375,0.129814,0.952381,22.147079
055_ip_beta0_lapin-on_lsym_g0.3,ip_beta0,1000,0.4,200,2,2,0.230519,0.19662,1.15,22.809855
055_ip_beta0_lapin-on_lsym_g0.3,ip_beta0,1000,0.4,200,2,3,0.225953,0.15052,0.68,23.72478
055_ip_beta0_lapin-on_lsym_g0.3,ip_beta0,1000,0.4,200,2,4,0.226544,0.189926,0.625,20.12483
055_ip_beta0_lapin-on_lsym_g0.3,ip_beta0,1000,0.4,200,2,5,0.234631,0.172972,0.875,21.923951
055_ip_beta0_lapin-on_lsym_g0.3,ip_beta0,1000,0.4,200,2,6,0.170286,0.114029,0.92,25.542738
055_ip_beta0_lapin-on_lsym_g0.3,ip_beta0,1000,0.4,200,2,7,0.298479,0.252728,0.909091,25.04106
055_ip_beta0_lapin-on_lsym_g0.3,ip_beta0,1000,0.4,200,2,8,0.109397,0.077637,0.555556,24.702165
055_ip_beta0_lapin-on_lsym_g0.3,ip_beta0,1000,0.4,200,2,9,0.189566,0.126117,0.791667,22.295483
055_ip_beta0_lapin-on_lsym_g0.3,ip_beta0,1000,0.4,200,2,10,0.22908,0.146876,0.96,26.05504
056_ip_beta0_lapin-on_lsym_g0.5,ip_beta0,1000,0.4,200,2,1,0.290498,0.241198,0.952381,22.147079
056_ip_beta0_lapin-on_lsym_g0.5,ip_beta0,1000,0.4,200,2,2,0.374453,0.437486,1.15,22.809855
056_ip_beta0_lapin-on_lsym_g0.5,ip_beta0,1000,0.4,200,2,3,0.425113,0.430924,0.68,23.72478
056_ip_beta0_lapin-on_lsym_g0.5,ip_beta0,1000,0.4,200,2,4,0.360053,0.364699,0.625,20.12483
056_ip_beta0_lapin-on_lsym_g0.5,ip_beta0,1000,0.4,200,2,5,0.372852,0.402176,0.875,21.923951
056_ip_beta0_lapin-on_lsym_g0.5,ip_beta0,1000,0.4,200,2,6,0.263011,0.247379,0.92,25.542738
056_ip_beta0_lapin-on_lsym_g0.5,ip_beta0,1000,0.4,200,2,7,0.503292,0.545223,0.909091,25.04106
056_ip_beta0_lapin-on_lsym_g0.5,ip_beta0,1000,0.4,200,2,8,0.222495,0.226026,0.555556,24.702165
056_ip_beta0_lapin-on_lsym_g0.5,ip_beta0,1000,0.4,200,2,9,0.345591,0.314866,0.791667,22.295483
056_ip_beta0_lapin-on_lsym_g0.5,ip_beta0,1000,0.4,200,2,10,0.343301,0.335745,0.96,26.05504
057_ip_beta0_lapin-on_lsym_g0.6,ip_beta0,1000,0.4,200,2,1,0.333077,0.302068,0.952381,22.147079
057_ip_beta0_lapin-on_lsym_g0.6,ip_beta0,1000,0.4,200,2,2,0.450982,0.528335,1.15,22.809855
057_ip_beta0_lapin-on_lsym_g0.6,ip_beta0,1000,0.4,200,2,3,0.480609,0.543647,0.68,23.72478
057_ip_beta0_lapin-on_lsym_g0.6,ip_beta0,1000,0.4,200,2,4,0.403396,0.444786,0.625,20.12483
057_ip_beta0_lapin-on_lsym_g0.6,ip_beta0,1000,0.4,200,2,5,0.421134,0.451725,0.875,21.923951
057_ip_beta0_lapin-on_lsym_g0.6,ip_beta0,1000,0.4,200,2,6,0.302902,0.291314,0.92,25.542738
057_ip_beta0_lapin-on_lsym_g0.6,ip_beta0,1000,0.4,200,2,7,0.543622,0.587767,0.909091,25.04106
057_ip_beta0_lapin-on_lsym_g0.6,ip_beta0,1000,0.4,200,2,8,0.250261,0.286509,0.555556,24.702165
057_ip_beta0_lapin-on_lsym_g0.6,ip_beta0,1000,0.4,200,2,9,0.402175,0.413275,0.791667,22.295483
057_ip_beta0_lapin-on_lsym_g0.6,ip_beta0,1000,0.4,200,2,10,0.42761,0.435033,0.96,26.05504
058_ip_beta0_lapin-on_lsym_g0.7,ip_beta0,1000,0.4,200,2,1,0.372886,0.394976,0.952381,22.147079
058_ip_beta0_lapin-on_lsym_g0.7,ip_beta0,1000,0.4,200,2,2,0.492581,0.562048,1.15,22.809855
058_ip_beta0_lapin-on_lsym_g0.7,ip_beta0,1000,0.4,200,2,3,0.557757,0.622792,0.68,23.72478
058_ip_beta0_lapin-on_lsym_g0.7,ip_beta0,1000,0.4,200,2,4,0.454511,0.509515,0.625,20.12483
058_ip_beta0_lapin-on_lsym_g0.7,ip_beta0,1000,0.4,200,2,5,0.43938,0.482065,0.875,21.923951
058_ip_beta0_lapin-on_lsym_g0.7,ip_beta0,1000,0.4,200,2,6,0.317979,0.353061,0.92,25.542738
058_ip_beta0_lapin-on_lsym_g0.7,ip_beta0,1000,0.4,200,2,7,0.584482,0.647803,0.909091,25.04106
058_ip_beta0_lapin-on_lsym_g0.7,ip_beta0,1000,0.4,200,2,8,0.303335,0.379675,0.555556,24.702165
058_ip_beta0_lapin-on_lsym_g0.7,ip_beta0,1000,0.4,200,2,9,0.448338,0.523065,0.791667,22.295483
058_ip_beta0_lapin-on_lsym_g0.7,ip_beta0,1000,0.4,200,2,10,0.48747,0.480794,0.96,26.05504
059_ip_beta0_lapin-on_lsym_g0.8,ip_beta0,1000,0.4,200,2,1,0.445121,0.481911,0.952381,22.147079
059_ip_beta0_lapin-on_lsym_g0.8,ip_beta0,1000,0.4,200,2,2,0.50562,0.587256,1.15,22.809855
059_ip_beta0_lapin-on_lsym_g0.8,ip_beta0,1000,0.4,200,2,3,0.585675,0.624381,0.64,23.72478
059_ip_beta0_lapin-on_lsym_g0.8,ip_beta0,1000,0.4,200,2,4,0.509618,0.52993,0.625,20.12483
059_ip_beta0_lapin-on_lsym_g0.8,ip_beta0,1000,0.4,200,2,5,0.468294,0.499424,0.875,21.923951
059_ip_beta0_lapin-on_lsym_g0.8,ip_beta0,1000,0.4,200,2,6,0.375796,0.449161,0.92,25.542738
059_ip_beta0_lapin-on_lsym_g0.8,ip_beta0,1000,0.4,200,2,7,0.614406,0.659097,0.909091,25.04106
059_ip_beta0_lapin-on_lsym_g0.8,ip_beta0,1000,0.4,200,2,8,0.349921,0.436515,0.555556,24.702165
059_ip_beta0_lapin-on_lsym_g0.8,ip_beta0,1000,0.4,200,2,9,0.498675,0.607503,0.791667,22.295483
059_ip_beta0_lapin-on_lsym_g0.8,ip_beta0,1000,0.4,200,2,10,0.56178,0.563982,0.88,26.05504
060_ip_beta0_lapin-on_lsym_g0.9,ip_beta0,1000,0.4,200,2,1,0.513536,0.542716,0.904762,22.147079
060_ip_beta0_lapin-on_lsym_g0.9,ip_beta0,1000,0.4,200,2,2,0.526971,0.580626,1.15,22.809855
060_ip_beta0_lapin-on_lsym_g0.9,ip_beta0,1000,0.4,200,2,3,0.592526,0.608044,0.64,23.72478
060_ip_beta0_lapin-on_lsym_g0.9,ip_beta0,1000,0.4,200,2,4,0.535492,0.523252,0.625,20.12483
060_ip_beta0_lapin-on_lsym_g0.9,ip_beta0,1000,0.4,200,2,5,0.489101,0.540069,0.875,21.923951
060_ip_beta0_lapin-on_lsym_g0.9,ip_beta0,1000,0.4,200,2,6,0.44257,0.531077,0.92,25.542738
060_ip_beta0_lapin-on_lsym_g0.9,ip_beta0,1000,0.4,200,2,7,0.641867,0.654184,0.909091,25.04106
060_ip_beta0_lapin-on_lsym_g0.9,ip_beta0,1000,0.4,200,2,8,0.395788,0.452853,0.555556,24.702165
060_ip_beta0_lapin-on_lsym_g0.9,ip_beta0,1000,0.4,200,2,9,0.549572,0.616896,0.791667,22.295483
060_ip_beta0_lapin-on_lsym_g0.9,ip_beta0,1000,0.4,200,2,10,0.587832,0.570578,0.84,26.05504
061_ip_beta0.5_lapin-off_-_g0.3,ip_beta0.5,1000,0.4,200,2,1,0.330007,0.148145,0.238095,11.292797
061_ip_beta0.5_lapin-off_-_g0.3,ip_beta0.5,1000,0.4,200,2,2,0.307234,0.185224,0.15,10.217708
061_ip_beta0.5_lapin-off_-_g0.3,ip_beta0.5,1000,0.4,200,2,3,0.5915,0.559743,0.04,10.993978
061_ip_beta0.5_lapin-off_-_g0.3,ip_beta0.5,1000,0.4,200,2,4,0.2997,0.157566,0.083333,10.767009
061_ip_beta0.5_lapin-off_-_g0.3,ip_beta0.5,1000,0.4,200,2,5,0.424809,0.371741,0.0,10.716446
061_ip_beta0.5_lapin-off_-_g0.3,ip_beta0.5,1000,0.4,200,2,6,0.476449,0.370859,0.16,11.89446
061_ip_beta0.5_lapin-off_-_g0.3,ip_beta0.5,1000,0.4,200,2,7,0.378065,0.251153,0.181818,10.818221
061_ip_beta0.5_lapin-off_-_g0.3,ip_beta0.5,1000,0.4,200,2,8,0.422706,0.347198,0.222222,13.609754
061_ip_beta0.5_lapin-off_-_g0.3,ip_beta0.5,1000,0.4,200,2,9,0.416609,0.309565,0.166667,11.103114
061_ip_beta0.5_lapin-off_-_g0.3,ip_beta0.5,1000,0.4,200,2,10,0.524559,0.462805,0.2,12.356471
062_ip_beta0.5_lapin-off_-_g0.5,ip_beta0.5,1000,0.4,200,2,1,0.508088,0.462504,0.238095,11.292797
062_ip_beta0.5_lapin-off_-_g0.5,ip_beta0.5,1000,0.4,200,2,2,0.482768,0.410812,0.15,10.217708
062_ip_beta0.5_lapin-off_-_g0.5,ip_beta0.5,1000,0.4,200,2,3,0.801372,0.764671,0.04,10.993978
062_ip_beta0.5_lapin-off_-_g0.5,ip_beta0.5,1000,0.4,200,2,4,0.476477,0.402623,0.083333,10.767009
062_ip_beta0.5_lapin-off_-_g0.5,ip_beta0.5,1000,0.4,200,2,5,0.694804,0.664246,0.0,10.716446
062_ip_beta0.5_lapin-off_-_g0.5,ip_beta0.5,1000,0.4,200,2,6,0.700723,0.68922,0.16,11.89446
062_ip_beta0.5_lapin-off_-_g0.5,ip_beta0.5,1000,0.4,200,2,7,0.478269,0.385961,0.181818,10.818221
062_ip_beta0.5_lapin-off_-_g0.5,ip_beta0.5,1000,0.4,200,2,8,0.637221,0.613743,0.222222,13.609754
062_ip_beta0.5_lapin-off_-_g0.5,ip_beta0.5,1000,0.4,200,2,9,0.652179,0.566637,0.166667,11.103114
062_ip_beta0.5_lapin-off_-_g0.5,ip_beta0.5,1000,0.4,200,2,10,0.663453,0.635755,0.2,12.356471
063_ip_beta0.5_lapin-off_-_g0.6,ip_beta0.5,1000,0.4,200,2,1,0.577001,0.54112,0.238095,11.292797
063_ip_beta0.5_lapin-off_-_g0.6,ip_beta0.5,1000,0.4,200,2,2,0.566061,0.559646,0.15,10.217708
063_ip_beta0.5_lapin-off_-_g0.6,ip_beta0.5,1000,0.4,200,2,3,0.810845,0.772212,0.04,10.993978
063_ip_beta0.5_lapin-off_-_g0.6,ip_beta0.5,1000,0.4,200,2,4,0.540773,0.502033,0.083333,10.767009
063_ip_beta0.5_lapin-off_-_g0.6,ip_beta0.5,1000,0.4,200,2,5,0.758442,0.722207,0.0,10.716446
063_ip_beta0.5_lapin-off_-_g0.6,ip_beta0.5,1000,0.4,200,2,6,0.742617,0.735202,0.16,11.89446
063_ip_beta0.5_lapin-off_-_g0.6,ip_beta0.5,1000,0.4,200,2,7,0.566343,0.509875,0.181818,10.818221
063_ip_beta0.5_lapin-off_-_g0.6,ip_beta0.5,1000,0.4,200,2,8,0.668806,0.652347,0.222222,13.609754
063_ip_beta0.5_lapin-off_-_g0.6,ip_beta0.5,1000,0.4,200,2,9,0.689102,0.62004,0.166667,11.103114
063_ip_beta0.5_lapin-off_-_g0.6,ip_beta0.5,1000,0.4,200,2,10,0.722917,0.725104,0.2,12.356471
064_ip_beta0.5_lapin-off_-_g0.7,ip_beta0.5,1000,0.4,200,2,1,0.666603,0.652205,0.238095,11.292797
064_ip_beta0.5_lapin-off_-_g0.7,ip_beta0.5,1000,0.4,200,2,2,0.640372,0.640058,0.15,10.217708
064_ip_beta0.5_lapin-off_-_g0.7,ip_beta0.5,1000,0.4,200,2,3,0.799875,0.766649,0.04,10.993978
064_ip_beta0.5_lapin-off_-_g0.7,ip_beta0.5,1000,0.4,200,2,4,0.604545,0.567697,0.083333,10.767009
064_ip_beta0.5_lapin-off_-_g0.7,ip_beta0.5,1000,0.4,200,2,5,0.749652,0.73211,0.0,10.716446
064_ip_beta0.5_lapin-off_-_g0.7,ip_beta0.5,1000,0.4,200,2,6,0.776984,0.76208,0.16,11.89446
064_ip_beta0.5_lapin-off_-_g0.7,ip_beta0.5,1000,0.4,200,2,7,0.635827,0.590132,0.181818,10.818221
064_ip_beta0.5_lapin-off_-_g0.7,ip_beta0.5,1000,0.4,200,2,8,0.718528,0.685015,0.222222,13.609754
064_ip_beta0.5_lapin-off_-_g0.7,ip_beta0.5,1000,0.4,200,2,9,0.73352,0.69527,0.166667,11.103114
064_ip_beta0.5_lapin-off_-_g0.7,ip_beta0.5,1000,0.4,200,2,10,0.767866,0.737656,0.2,12.356471
065_ip_beta0.5_lapin-off_-_g0.8,ip_beta0.5,1000,0.4,200,2,1,0.718316,0.737317,0.238095,11.292797
065_ip_beta0.5_lapin-off_-_g0.8,ip_beta0.5,1000,0.4,200,2,2,0.683367,0.693536,0.15,10.217708
065_ip_beta0.5_lapin-off_-_g0.8,ip_beta0.5,1000,0.4,200,2,3,0.786923,0.780049,0.04,10.993978
065_ip_beta0.5_lapin-off_-_g0.8,ip_beta0.5,1000,0.4,200,2,4,0.647348,0.62348,0.083333,10.767009
065_ip_beta0.5_lapin-off_-_g0.8,ip_beta0.5,1000,0.4,200,2,5,0.738723,0.727351,0.0,10.716446
065_ip_beta0.5_lapin-off_-_g0.8,ip_beta0.5,1000,0.4,200,2,6,0.77903,0.765269,0.16,11.89446
065_ip_beta0.5_lapin-off_-_g0.8,ip_beta0.5,1000,0.4,200,2,7,0.682446,0.630699,0.181818,10.818221
065_ip_beta0.5_lapin-off_-_g0.8,ip_beta0.5,1000,0.4,200,2,8,0.751878,0.704768,0.222222,13.609754
065_ip_beta0.5_lapin-off_-_g0.8,ip_beta0.5,1000,0.4,200,2,9,0.754567,0.710829,0.166667,11.103114
065_ip_beta0.5_lapin-off_-_g0.8,ip_beta0.5,1000,0.4,200,2,10,0.781455,0.748205,0.2,12.356471
066_ip_beta0.5_lapin-off_-_g0.9,ip_beta0.5,1000,0.4,200,2,1,0.725497,0.744301,0.238095,11.292797
066_ip_beta0.5_lapin-off_-_g0.9,ip_beta0.5,1000,0.4,200,2,2,0.691058,0.738056,0.15,10.217708
066_ip_beta0.5_lapin-off_-_g0.9,ip_beta0.5,1000,0.4,200,2,3,0.765377,0.768401,0.04,10.993978
066_ip_beta0.5_lapin-off_-_g0.9,ip_beta0.5,1000,0.4,200,2,4,0.660257,0.661668,0.083333,10.767009
066_ip_beta0.5_lapin-off_-_g0.9,ip_beta0.5,1000,0.4,200,2,5,0.723848,0.716491,0.0,10.716446
066_ip_beta0.5_lapin-off_-_g0.9,ip_beta0.5,1000,0.4,200,2,6,0.753676,0.757353,0.16,11.89446
066_ip_beta0.5_lapin-off_-_g0.9,ip_beta0.5,1000,0.4,200,2,7,0.706021,0.652163,0.181818,10.818221
066_ip_beta0.5_lapin-off_-_g0.9,ip_beta0.5,1000,0.4,200,2,8,0.775793,0.722104,0.222222,13.609754
066_ip_beta0.5_lapin-off_-_g0.9,ip_beta0.5,1000,0.4,200,2,9,0.739872,0.748445,0.166667,11.103114
066_ip_beta0.5_lapin-off_-_g0.9,ip_beta0.5,1000,0.4,200,2,10,0.772842,0.74605,0.2,12.356471
067_ip_beta0.5_lapin-on_lsym_g0.3,ip_beta0.5,1000,0.4,200,2,1,0.180789,0.079953,0.857143,22.959909
067_ip_beta0.5_lapin-on_lsym_g0.3,ip_beta0.5,1000,0.4,200,2,2,0.197706,0.1937,0.95,23.829699
067_ip_beta0.5_lapin-on_lsym_g0.3,ip_beta0.5,1000,0.4,200,2,3,0.290245,0.116856,0.4,21.19878
067_ip_beta0.5_lapin-on_lsym_g0.3,ip_beta0.5,1000,0.4,200,2,4,0.182847,0.106356,0.541667,21.384377
067_ip_beta0.5_lapin-on_lsym_g0.3,ip_beta0.5,1000,0.4,200,2,5,0.169507,0.099281,0.708333,24.043073
067_ip_beta0.5_lapin-on_lsym_g0.3,ip_beta0.5,1000,0.4,200,2,6,0.182648,0.136528,0.48,22.518628
067_ip_beta0.5_lapin-on_lsym_g0.3,ip_beta0.5,1000,0.4,200,2,7,0.333843,0.317727,0.863636,23.940538
067_ip_beta0.5_lapin-on_lsym_g0.3,ip_beta0.5,1000,0.4,200,2,8,0.113034,0.0776,0.518519,24.765813
067_ip_beta0.5_lapin-on_lsym_g0.3,ip_beta0.5,1000,0.4,200,2,9,0.241034,0.199506,0.583333,21.728774
067_ip_beta0.5_lapin-on_lsym_g0.3,ip_beta0.5,1000,0.4,200,2,10,0.298563,0.230865,0.48,21.438302
068_ip_beta0.5_lapin-on_lsym_g0.5,ip_beta0.5,1000,0.4,200,2,1,0.297006,0.24798,0.857143,22.959909
068_ip_beta0.5_lapin-on_lsym_g0.5,ip_beta0.5,1000,0.4,200,2,2,0.345151,0.438259,0.95,23.829699
068_ip_beta0.5_lapin-on_lsym_g0.5,ip_beta0.5,1000,0.4,200,2,3,0.470092,0.380103,0.4,21.19878
068_ip_beta0.5_lapin-on_lsym_g0.5,ip_beta0.5,1000,0.4,200,2,4,0.284592,0.274037,0.541667,21.384377
068_ip_beta0.5_lapin-on_lsym_g0.5,ip_beta0.5,1000,0.4,200,2,5,0.293045,0.345529,0.708333,24.043073
068_ip_beta0.5_lapin-on_lsym_g0.5,ip_beta0.5,1000,0.4,200,2,6,0.298508,0.344808,0.48,22.518628
068_ip_beta0.5_lapin-on_lsym_g0.5,ip_beta0.5,1000,0.4,200,2,7,0.567932,0.652791,0.863636,23.940538
068_ip_beta0.5_lapin-on_lsym_g0.5,ip_beta0.5,1000,0.4,200,2,8,0.203772,0.212435,0.518519,24.765813
068_ip_beta0.5_lapin-on_lsym_g0.5,ip_beta0.5,1000,0.4,200,2,9,0.403484,0.405206,0.583333,21.728774
068_ip_beta0.5_lapin-on_lsym_g0.5,ip_beta0.5,1000,0.4,200,2,10,0.548612,0.592275,0.48,21.438302
069_ip_beta0.5_lapin-on_lsym_g0.6,ip_beta0.5,1000,0.4,200,2,1,0.337645,0.327472,0.857143,22.959909
069_ip_beta0.5_lapin-on_lsym_g0.6,ip_beta0.5,1000,0.4,200,2,2,0.368379,0.450701,0.95,23.829699
069_ip_beta0.5_lapin-on_lsym_g0.6,ip_beta0.5,1000,0.4,200,2,3,0.562714,0.514664,0.4,21.19878
069_ip_beta0.5_lapin-on_lsym_g0.6,ip_beta0.5,1000,0.4,200,2,4,0.345311,0.36901,0.541667,21.384377
069_ip_beta0.5_lapin-on_lsym_g0.6,ip_beta0.5,1000,0.4,200,2,5,0.360853,0.438741,0.708333,24.043073
069_ip_beta0.5_lapin-on_lsym_g0.6,ip_beta0.5,1000,0.4,200,2,6,0.355057,0.434547,0.48,22.518628
069_ip_beta0.5_lapin-on_lsym_g0.6,ip_beta0.5,1000,0.4,200,2,7,0.623231,0.688943,0.863636,23.940538
069_ip_beta0.5_lapin-on_lsym_g0.6,ip_beta0.5,1000,0.4,200,2,8,0.233978,0.284764,0.518519,24.765813
069_ip_beta0.5_lapin-on_lsym_g0.6,ip_beta0.5,1000,0.4,200,2,9,0.480842,0.472935,0.583333,21.728774
069_ip_beta0.5_lapin-on_lsym_g0.6,ip_beta0.5,1000,0.4,200,2,10,0.624176,0.652548,0.48,21.438302
070_ip_beta0.5_lapin-on_lsym_g0.7,ip_beta0.5,1000,0.4,200,2,1,0.380096,0.382313,0.857143,22.959909
070_ip_beta0.5_lapin-on_lsym_g0.7,ip_beta0.5,1000,0.4,200,2,2,0.380474,0.461977,0.95,23.829699
070_ip_beta0.5_lapin-on_lsym_g0.7,ip_beta0.5,1000,0.4,200,2,3,0.620932,0.592346,0.4,21.19878
070_ip_beta0.5_lapin-on_lsym_g0.7,ip_beta0.5,1000,0.4,200,2,4,0.435138,0.469047,0.541667,21.384377
070_ip_beta0.5_lapin-on_lsym_g0.7,ip_beta0.5,1000,0.4,200,2,5,0.403674,0.47859,0.708333,24.043073
070_ip_beta0.5_lapin-on_lsym_g0.7,ip_beta0.5,1000,0.4,200,2,6,0.403974,0.482562,0.48,22.518628
070_ip_beta0.5_lapin-on_lsym_g0.7,ip_beta0.5,1000,0.4,200,2,7,0.671644,0.704337,0.863636,23.940538
070_ip_beta0.5_lapin-on_lsym_g0.7,ip_beta0.5,1000,0.4,200,2,8,0.26984,0.327527,0.518519,24.765813
070_ip_beta0.5_lapin-on_lsym_g0.7,ip_beta0.5,1000,0.4,200,2,9,0.514211,0.488921,0.583333,21.728774
070_ip_beta0.5_lapin-on_lsym_g0.7,ip_beta0.5,1000,0.4,200,2,10,0.656795,0.664987,0.48,21.438302
071_ip_beta0.5_lapin-on_lsym_g0.8,ip_beta0.5,1000,0.4,200,2,1,0.442675,0.467022,0.857143,22.959909
071_ip_beta0.5_lapin-on_lsym_g0.8,ip_beta0.5,1000,0.4,200,2,2,0.397134,0.460406,0.9,23.829699
071_ip_beta0.5_lapin-on_lsym_g0.8,ip_beta0.5,1000,0.4,200,2,3,0.690001,0.660647,0.4,21.19878
071_ip_beta0.5_lapin-on_lsym_g0.8,ip_beta0.5,1000,0.4,200,2,4,0.507966,0.507517,0.541667,21.384377
071_ip_beta0.5_lapin-on_lsym_g0.8,ip_beta0.5,1000,0.4,200,2,5,0.437194,0.491293,0.708333,24.043073
071_ip_beta0.5_lapin-on_lsym_g0.8,ip_beta0.5,1000,0.4,200,2,6,0.442706,0.512692,0.48,22.518628
071_ip_beta0.5_lapin-on_lsym_g0.8,ip_beta0.5,1000,0.4,200,2,7,0.69787,0.699361,0.772727,23.940538
071_ip_beta0.5_lapin-on_lsym_g0.8,ip_beta0.5,1000,0.4,200,2,8,0.316727,0.372552,0.518519,24.765813
071_ip_beta0.5_lapin-on_lsym_g0.8,ip_beta0.5,1000,0.4,200,2,9,0.556054,0.541321,0.583333,21.728774
071_ip_beta0.5_lapin-on_lsym_g0.8,ip_beta0.5,1000,0.4,200,2,10,0.66586,0.652524,0.48,21.438302
072_ip_beta0.5_lapin-on_lsym_g0.9,ip_beta0.5,1000,0.4,200,2,1,0.493597,0.527435,0.857143,22.959909
072_ip_beta0.5_lapin-on_lsym_g0.9,ip_beta0.5,1000,0.4,200,2,2,0.415333,0.456946,0.9,23.829699
072_ip_beta0.5_lapin-on_lsym_g0.9,ip_beta0.5,1000,0.4,200,2,3,0.713823,0.671807,0.4,21.19878
072_ip_beta0.5_lapin-on_lsym_g0.9,ip_beta0.5,1000,0.4,200,2,4,0.529893,0.525158,0.541667,21.384377
072_ip_beta0.5_lapin-on_lsym_g0.9,ip_beta0.5,1000,0.4,200,2,5,0.491015,0.513465,0.708333,24.043073
072_ip_beta0.5_lapin-on_lsym_g0.9,ip_beta0.5,1000,0.4,200,2,6,0.494716,0.531904,0.48,22.518628
072_ip_beta0.5_lapin-on_lsym_g0.9,ip_beta0.5,1000,0.4,200,2,7,0.706961,0.688894,0.727273,23.940538
072_ip_beta0.5_lapin-on_lsym_g0.9,ip_beta0.5,1000,0.4,200,2,8,0.378777,0.422529,0.518519,24.765813
072_ip_beta0.5_lapin-on_lsym_g0.9,ip_beta0.5,1000,0.4,200,2,9,0.602158,0.613082,0.583333,21.728774
072_ip_beta0.5_lapin-on_lsym_g0.9,ip_beta0.5,1000,0.4,200,2,10,0.642795,0.636049,0.48,21.438302
073_ip_beta1_lapin-off_-_g0.3,ip_beta1,1000,0.4,200,2,1,0.3005,0.167169,0.047619,9.611927
073_ip_beta1_lapin-off_-_g0.3,ip_beta1,1000,0.4,200,2,2,0.421511,0.313541,0.05,9.03776
073_ip_beta1_lapin-off_-_g0.3,ip_beta1,1000,0.4,200,2,3,0.287692,0.178358,0.12,12.189582
073_ip_beta1_lapin-off_-_g0.3,ip_beta1,1000,0.4,200,2,4,0.270729,0.164762,0.0,10.350381
073_ip_beta1_lapin-off_-_g0.3,ip_beta1,1000,0.4,200,2,5,0.279796,0.186703,0.125,11.203869
073_ip_beta1_lapin-off_-_g0.3,ip_beta1,1000,0.4,200,2,6,0.345033,0.184268,0.12,11.08074
073_ip_beta1_lapin-off_-_g0.3,ip_beta1,1000,0.4,200,2,7,0.356412,0.201541,0.136364,10.46009
073_ip_beta1_lapin-off_-_g0.3,ip_beta1,1000,0.4,200,2,8,0.479762,0.473375,0.074074,11.591657
073_ip_beta1_lapin-off_-_g0.3,ip_beta1,1000,0.4,200,2,9,0.342308,0.182544,0.125,10.885149
073_ip_beta1_lapin-off_-_g0.3,ip_beta1,1000,0.4,200,2,10,0.345717,0.256044,0.08,11.058749
074_ip_beta1_lapin-off_-_g0.5,ip_beta1,1000,0.4,200,2,1,0.460865,0.362191,0.047619,9.611927
074_ip_beta1_lapin-off_-_g0.5,ip_beta1,1000,0.4,200,2,2,0.604424,0.60512,0.05,9.03776
074_ip_beta1_lapin-off_-_g0.5,ip_beta1,1000,0.4,200,2,3,0.461409,0.407654,0.12,12.189582
074_ip_beta1_lapin-off_-_g0.5,ip_beta1,1000,0.4,200,2,4,0.463936,0.467401,0.0,10.350381
074_ip_beta1_lapin-off_-_g0.5,ip_beta1,1000,0.4,200,2,5,0.397265,0.337153,0.125,11.203869
074_ip_beta1_lapin-off_-_g0.5,ip_beta1,1000,0.4,200,2,6,0.474673,0.405617,0.12,11.08074
074_ip_beta1_lapin-off_-_g0.5,ip_beta1,1000,0.4,200,2,7,0.500622,0.44422,0.136364,10.46009
074_ip_beta1_lapin-off_-_g0.5,ip_beta1,1000,0.4,200,2,8,0.757775,0.764654,0.074074,11.591657
074_ip_beta1_lapin-off_-_g0.5,ip_beta1,1000,0.4,200,2,9,0.514084,0.443462,0.125,10.885149
074_ip_beta1_lapin-off_-_g0.5,ip_beta1,1000,0.4,200,2,10,0.508566,0.429081,0.08,11.058749
075_ip_beta1_lapin-off_-_g0.6,ip_beta1,1000,0.4,200,2,1,0.504082,0.426944,0.047619,9.611927
075_ip_beta1_lapin-off_-_g0.6,ip_beta1,1000,0.4,200,2,2,0.695097,0.69708,0.05,9.03776
075_ip_beta1_lapin-off_-_g0.6,ip_beta1,1000,0.4,200,2,3,0.52074,0.458923,0.12,12.189582
075_ip_beta1_lapin-off_-_g0.6,ip_beta1,1000,0.4,200,2,4,0.599755,0.626859,0.0,10.350381
075_ip_beta1_lapin-off_-_g0.6,ip_beta1,1000,0.4,200,2,5,0.439173,0.376907,0.125,11.203869
075_ip_beta1_lapin-off_-_g0.6,ip_beta1,1000,0.4,200,2,6,0.538874,0.494072,0.12,11.08074
075_ip_beta1_lapin-off_-_g0.6,ip_beta1,1000,0.4,200,2,7,0.55534,0.517824,0.136364,10.46009
075_ip_beta1_lapin-off_-_g0.6,ip_beta1,1000,0.4,200,2,8,0.790486,0.772907,0.074074,11.591657
075_ip_beta1_lapin-off_-_g0.6,ip_beta1,1000,0.4,200,2,9,0.597512,0.584441,0.125,10.885149
075_ip_beta1_lapin-off_-_g0.6,ip_beta1,1000,0.4,200,2,10,0.5955,0.524505,0.08,11.058749
076_ip_beta1_lapin-off_-_g0.7,ip_beta1,1000,0.4,200,2,1,0.546614,0.506951,0.047619,9.611927
076_ip_beta1_lapin-off_-_g0.7,ip_beta1,1000,0.4,200,2,2,0.736999,0.722034,0.05,9.03776
076_ip_beta1_lapin-off_-_g0.7,ip_beta1,1000,0.4,200,2,3,0.552027,0.485211,0.12,12.189582
076_ip_beta1_lapin-off_-_g0.7,ip_beta1,1000,0.4,200,2,4,0.669207,0.680833,0.0,10.350381
076_ip_beta1_lapin-off_-_g0.7,ip_beta1,1000,0.4,200,2,5,0.48443,0.437808,0.125,11.203869
076_ip_beta1_lapin-off_-_g0.7,ip_beta1,1000,0.4,200,2,6,0.606501,0.592273,0.12,11.08074
076_ip_beta1_lapin-off_-_g0.7,ip_beta1,1000,0.4,200,2,7,0.619519,0.606214,0.136364,10.46009
076_ip_beta1_lapin-off_-_g0.7,ip_beta1,1000,0.4,200,2,8,0.801536,0.776879,0.074074,11.591657
076_ip_beta1_lapin-off_-_g0.7,ip_beta1,1000,0.4,200,2,9,0.665814,0.655816,0.125,10.885149
076_ip_beta1_lapin-off_-_g0.7,ip_beta1,1000,0.4,200,2,10,0.66501,0.59404,0.08,11.058749
077_ip_beta1_lapin-off_-_g0.8,ip_beta1,1000,0.4,200,2,1,0.60648,0.58772,0.047619,9.611927
077_ip_beta1_lapin-off_-_g0.8,ip_beta1,1000,0.4,200,2,2,0.727278,0.725728,0.05,9.03776
077_ip_beta1_lapin-off_-_g0.8,ip_beta1,1000,0.4,200,2,3,0.573009,0.528414,0.12,12.189582
077_ip_beta1_lapin-off_-_g0.8,ip_beta1,1000,0.4,200,2,4,0.674485,0.690395,0.0,10.350381
077_ip_beta1_lapin-off_-_g0.8,ip_beta1,1000,0.4,200,2,5,0.530961,0.51211,0.125,11.203869
077_ip_beta1_lapin-off_-_g0.8,ip_beta1,1000,0.4,200,2,6,0.68251,0.671888,0.12,11.08074
077_ip_beta1_lapin-off_-_g0.8,ip_beta1,1000,0.4,200,2,7,0.667629,0.663905,0.136364,10.46009
077_ip_beta1_lapin-off_-_g0.8,ip_beta1,1000,0.4,200,2,8,0.79009,0.762685,0.074074,11.591657
077_ip_beta1_lapin-off_-_g0.8,ip_beta1,1000,0.4,200,2,9,0.699979,0.695413,0.125,10.885149
077_ip_beta1_lapin-off_-_g0.8,ip_beta1,1000,0.4,200,2,10,0.692491,0.626955,0.08,11.058749
078_ip_beta1_lapin-off_-_g0.9,ip_beta1,1000,0.4,200,2,1,0.636668,0.628432,0.047619,9.611927
078_ip_beta1_lapin-off_-_g0.9,ip_beta1,1000,0.4,200,2,2,0.705724,0.726709,0.05,9.03776
078_ip_beta1_lapin-off_-_g0.9,ip_beta1,1000,0.4,200,2,3,0.602116,0.598081,0.12,12.189582
078_ip_beta1_lapin-off_-_g0.9,ip_beta1,1000,0.4,200,2,4,0.680081,0.703239,0.0,10.350381
078_ip_beta1_lapin-off_-_g0.9,ip_beta1,1000,0.4,200,2,5,0.597083,0.60553,0.125,11.203869
078_ip_beta1_lapin-off_-_g0.9,ip_beta1,1000,0.4,200,2,6,0.696948,0.682612,0.12,11.08074
078_ip_beta1_lapin-off_-_g0.9,ip_beta1,1000,0.4,200,2,7,0.689269,0.685167,0.136364,10.46009
078_ip_beta1_lapin-off_-_g0.9,ip_beta1,1000,0.4,200,2,8,0.762971,0.74852,0.074074,11.591657
078_ip_beta1_lapin-off_-_g0.9,ip_beta1,1000,0.4,200,2,9,0.705192,0.710035,0.125,10.885149
078_ip_beta1_lapin-off_-_g0.9,ip_beta1,1000,0.4,200,2,10,0.706792,0.701448,0.08,11.058749
079_ip_beta1_lapin-on_lsym_g0.3,ip_beta1,1000,0.4,200,2,1,0.23548,0.151019,0.619048,19.724011
079_ip_beta1_lapin-on_lsym_g0.3,ip_beta1,1000,0.4,200,2,2,0.221461,0.192033,1.0,22.937248
079_ip_beta1_lapin-on_lsym_g0.3,ip_beta1,1000,0.4,200,2,3,0.259552,0.11132,0.44,22.424471
079_ip_beta1_lapin-on_lsym_g0.3,ip_beta1,1000,0.4,200,2,4,0.166712,0.139172,0.416667,19.616933
079_ip_beta1_lapin-on_lsym_g0.3,ip_beta1,1000,0.4,200,2,5,0.191036,0.163664,0.666667,23.411608
079_ip_beta1_lapin-on_lsym_g0.3,ip_beta1,1000,0.4,200,2,6,0.207259,0.19858,0.68,24.201631
079_ip_beta1_lapin-on_lsym_g0.3,ip_beta1,1000,0.4,200,2,7,0.32475,0.305502,0.727273,22.439063
079_ip_beta1_lapin-on_lsym_g0.3,ip_beta1,1000,0.4,200,2,8,0.114327,0.057446,0.407407,21.356697
079_ip_beta1_lapin-on_lsym_g0.3,ip_beta1,1000,0.4,200,2,9,0.255165,0.167217,0.583333,22.215369
079_ip_beta1_lapin-on_lsym_g0.3,ip_beta1,1000,0.4,200,2,10,0.28428,0.224456,0.72,24.927642
080_ip_beta1_lapin-on_lsym_g0.5,ip_beta1,1000,0.4,200,2,1,0.366426,0.315523,0.619048,19.724011
080_ip_beta1_lapin-on_lsym_g0.5,ip_beta1,1000,0.4,200,2,2,0.350322,0.409921,1.0,22.937248
080_ip_beta1_lapin-on_lsym_g0.5,ip_beta1,1000,0.4,200,2,3,0.457031,0.380054,0.44,22.424471
080_ip_beta1_lapin-on_lsym_g0.5,ip_beta1,1000,0.4,200,2,4,0.296189,0.322764,0.416667,19.616933
080_ip_beta1_lapin-on_lsym_g0.5,ip_beta1,1000,0.4,200,2,5,0.323443,0.350783,0.666667,23.411608
080_ip_beta1_lapin-on_lsym_g0.5,ip_beta1,1000,0.4,200,2,6,0.350297,0.405315,0.68,24.201631
080_ip_beta1_lapin-on_lsym_g0.5,ip_beta1,1000,0.4,200,2,7,0.525483,0.592519,0.727273,22.439063
080_ip_beta1_lapin-on_lsym_g0.5,ip_beta1,1000,0.4,200,2,8,0.234663,0.220206,0.407407,21.356697
080_ip_beta1_lapin-on_lsym_g0.5,ip_beta1,1000,0.4,200,2,9,0.3807,0.369109,0.583333,22.215369
080_ip_beta1_lapin-on_lsym_g0.5,ip_beta1,1000,0.4,200,2,10,0.416584,0.426768,0.72,24.927642
081_ip_beta1_lapin-on_lsym_g0.6,ip_beta1,1000,0.4,200,2,1,0.429079,0.3989,0.619048,19.724011
081_ip_beta1_lapin-on_lsym_g0.6,ip_beta1,1000,0.4,200,2,2,0.393004,0.453176,1.0,22.937248
081_ip_beta1_lapin-on_lsym_g0.6,ip_beta1,1000,0.4,200,2,3,0.524662,0.441836,0.44,22.424471
081_ip_beta1_lapin-on_lsym_g0.6,ip_beta1,1000,0.4,200,2,4,0.341208,0.385699,0.416667,19.616933
081_ip_beta1_lapin-on_lsym_g0.6,ip_beta1,1000,0.4,200,2,5,0.377542,0.4093,0.666667,23.411608
081_ip_beta1_lapin-on_lsym_g0.6,ip_beta1,1000,0.4,200,2,6,0.406168,0.453191,0.68,24.201631
081_ip_beta1_lapin-on_lsym_g0.6,ip_beta1,1000,0.4,200,2,7,0.568955,0.618558,0.727273,22.439063
081_ip_beta1_lapin-on_lsym_g0.6,ip_beta1,1000,0.4,200,2,8,0.282382,0.288704,0.407407,21.356697
081_ip_beta1_lapin-on_lsym_g0.6,ip_beta1,1000,0.4,200,2,9,0.425815,0.438945,0.583333,22.215369
081_ip_beta1_lapin-on_lsym_g0.6,ip_beta1,1000,0.4,200,2,10,0.458272,0.475746,0.72,24.927642
082_ip_beta1_lapin-on_lsym_g0.7,ip_beta1,1000,0.4,200,2,1,0.471384,0.461542,0.619048,19.724011
082_ip_beta1_lapin-on_lsym_g0.7,ip_beta1,1000,0.4,200,2,2,0.416204,0.468193,1.0,22.937248
082_ip_beta1_lapin-on_lsym_g0.7,ip_beta1,1000,0.4,200,2,3,0.583884,0.521302,0.44,22.424471
082_ip_beta1_lapin-on_lsym_g0.7,ip_beta1,1000,0.4,200,2,4,0.36308,0.422069,0.416667,19.616933
082_ip_beta1_lapin-on_lsym_g0.7,ip_beta1,1000,0.4,200,2,5,0.446811,0.497037,0.666667,23.411608
082_ip_beta1_lapin-on_lsym_g0.7,ip_beta1,1000,0.4,200,2,6,0.470861,0.509693,0.68,24.201631
082_ip_beta1_lapin-on_lsym_g0.7,ip_beta1,1000,0.4,200,2,7,0.601668,0.62999,0.727273,22.439063
082_ip_beta1_lapin-on_lsym_g0.7,ip_beta1,1000,0.4,200,2,8,0.336331,0.365328,0.407407,21.356697
082_ip_beta1_lapin-on_lsym_g0.7,ip_beta1,1000,0.4,200,2,9,0.484893,0.516492,0.583333,22.215369
082_ip_beta1_lapin-on_lsym_g0.7,ip_beta1,1000,0.4,200,2,10,0.488188,0.490124,0.72,24.927642
083_ip_beta1_lapin-on_lsym_g0.8,ip_beta1,1000,0.4,200,2,1,0.541359,0.544435,0.619048,19.724011
083_ip_beta1_lapin-on_lsym_g0.8,ip_beta1,1000,0.4,200,2,2,0.434607,0.493189,1.0,22.937248
083_ip_beta1_lapin-on_lsym_g0.8,ip_beta1,1000,0.4,200,2,3,0.639415,0.6173,0.4,22.424471
083_ip_beta1_lapin-on_lsym_g0.8,ip_beta1,1000,0.4,200,2,4,0.431204,0.465373,0.416667,19.616933
083_ip_beta1_lapin-on_lsym_g0.8,ip_beta1,1000,0.4,200,2,5,0.486234,0.530565,0.666667,23.411608
083_ip_beta1_lapin-on_lsym_g0.8,ip_beta1,1000,0.4,200,2,6,0.51918,0.537612,0.68,24.201631
083_ip_beta1_lapin-on_lsym_g0.8,ip_beta1,1000,0.4,200,2,7,0.625278,0.639916,0.727273,22.439063
083_ip_beta1_lapin-on_lsym_g0.8,ip_beta1,1000,0.4,200,2,8,0.397767,0.448347,0.407407,21.356697
083_ip_beta1_lapin-on_lsym_g0.8,ip_beta1,1000,0.4,200,2,9,0.540081,0.572944,0.541667,22.215369
083_ip_beta1_lapin-on_lsym_g0.8,ip_beta1,1000,0.4,200,2,10,0.541742,0.543148,0.72,24.927642
084_ip_beta1_lapin-on_lsym_g0.9,ip_beta1,1000,0.4,200,2,1,0.604189,0.602963,0.619048,19.724011
084_ip_beta1_lapin-on_lsym_g0.9,ip_beta1,1000,0.4,200,2,2,0.46366,0.494879,0.95,22.937248
084_ip_beta1_lapin-on_lsym_g0.9,ip_beta1,1000,0.4,200,2,3,0.669475,0.648465,0.4,22.424471
084_ip_beta1_lapin-on_lsym_g0.9,ip_beta1,1000,0.4,200,2,4,0.471012,0.471483,0.375,19.616933
084_ip_beta1_lapin-on_lsym_g0.9,ip_beta1,1000,0.4,200,2,5,0.513564,0.543976,0.666667,23.411608
084_ip_beta1_lapin-on_lsym_g0.9,ip_beta1,1000,0.4,200,2,6,0.536159,0.537321,0.68,24.201631
084_ip_beta1_lapin-on_lsym_g0.9,ip_beta1,1000,0.4,200,2,7,0.647878,0.624289,0.727273,22.439063
084_ip_beta1_lapin-on_lsym_g0.9,ip_beta1,1000,0.4,200,2,8,0.457857,0.488725,0.407407,21.356697
084_ip_beta1_lapin-on_lsym_g0.9,ip_beta1,1000,0.4,200,2,9,0.585497,0.598571,0.541667,22.215369
084_ip_beta1_lapin-on_lsym_g0.9,ip_beta1,1000,0.4,200,2,10,0.587073,0.577423,0.68,24.927642
013_kul_lapin-off_-_g0.3,kul,1000,0.4,200,2,1,0.323692,0.243741,0.904762,16.597693
013_kul_lapin-off_-_g0.3,kul,1000,0.4,200,2,2,0.371242,0.313829,0.7,13.734854
013_kul_lapin-off_-_g0.3,kul,1000,0.4,200,2,3,0.405493,0.271291,0.48,15.268076
013_kul_lapin-off_-_g0.3,kul,1000,0.4,200,2,4,0.44012,0.374673,0.625,16.695741
013_kul_lapin-off_-_g0.3,kul,1000,0.4,200,2,5,0.367413,0.309597,0.708333,16.659971
013_kul_lapin-off_-_g0.3,kul,1000,0.4,200,2,6,0.444008,0.341049,0.48,15.238552
013_kul_lapin-off_-_g0.3,kul,1000,0.4,200,2,7,0.447701,0.383684,0.454545,12.749685
013_kul_lapin-off_-_g0.3,kul,1000,0.4,200,2,8,0.42098,0.334735,0.703704,19.332287
013_kul_lapin-off_-_g0.3,kul,1000,0.4,200,2,9,0.428985,0.333252,0.583333,15.392543
013_kul_lapin-off_-_g0.3,kul,1000,0.4,200,2,10,0.418201,0.39595,0.68,16.844294
014_kul_lapin-off_-_g0.5,kul,1000,0.4,200,2,1,0.412363,0.483181,0.904762,16.597693
014_kul_lapin-off_-_g0.5,kul,1000,0.4,200,2,2,0.44549,0.52316,0.7,13.734854
014_kul_lapin-off_-_g0.5,kul,1000,0.4,200,2,3,0.512775,0.437014,0.48,15.268076
014_kul_lapin-off_-_g0.5,kul,1000,0.4,200,2,4,0.570731,0.594765,0.625,16.695741
014_kul_lapin-off_-_g0.5,kul,1000,0.4,200,2,5,0.47204,0.483778,0.708333,16.659971
014_kul_lapin-off_-_g0.5,kul,1000,0.4,200,2,6,0.528062,0.525665,0.48,15.238552
014_kul_lapin-off_-_g0.5,kul,1000,0.4,200,2,7,0.533805,0.579352,0.454545,12.749685
014_kul_lapin-off_-_g0.5,kul,1000,0.4,200,2,8,0.504531,0.515312,0.703704,19.332287
014_kul_lapin-off_-_g0.5,kul,1000,0.4,200,2,9,0.5086,0.505538,0.583333,15.392543
014_kul_lapin-off_-_g0.5,kul,1000,0.4,200,2,10,0.468781,0.507334,0.68,16.844294
015_kul_lapin-off_-_g0.6,kul,1000,0.4,200,2,1,0.434467,0.515084,0.904762,16.597693
015_kul_lapin-off_-_g0.6,kul,1000,0.4,200,2,2,0.465957,0.561587,0.7,13.734854
015_kul_lapin-off_-_g0.6,kul,1000,0.4,200,2,3,0.546264,0.487572,0.48,15.268076
015_kul_lapin-off_-_g0.6,kul,1000,0.4,200,2,4,0.584779,0.592125,0.625,16.695741
015_kul_lapin-off_-_g0.6,kul,1000,0.4,200,2,5,0.488989,0.513275,0.708333,16.659971
015_kul_lapin-off_-_g0.6,kul,1000,0.4,200,2,6,0.55025,0.552562,0.48,15.238552
015_kul_lapin-off_-_g0.6,kul,1000,0.4,200,2,7,0.555099,0.601805,0.454545,12.749685
015_kul_lapin-off_-_g0.6,kul,1000,0.4,200,2,8,0.526034,0.560091,0.703704,19.332287
015_kul_lapin-off_-_g0.6,kul,1000,0.4,200,2,9,0.536529,0.568777,0.583333,15.392543
015_kul_lapin-off_-_g0.6,kul,1000,0.4,200,2,10,0.486277,0.524133,0.68,16.844294
016_kul_lapin-off_-_g0.7,kul,1000,0.4,200,2,1,0.445213,0.5112,0.904762,16.597693
016_kul_lapin-off_-_g0.7,kul,1000,0.4,200,2,2,0.493861,0.600376,0.7,13.734854
016_kul_lapin-off_-_g0.7,kul,1000,0.4,200,2,3,0.600709,0.57221,0.48,15.268076
016_kul_lapin-off_-_g0.7,kul,1000,0.4,200,2,4,0.596173,0.600126,0.625,16.695741
016_kul_lapin-off_-_g0.7,kul,1000,0.4,200,2,5,0.526018,0.569311,0.708333,16.659971
016_kul_lapin-off_-_g0.7,kul,1000,0.4,200,2,6,0.580773,0.60924,0.48,15.238552
016_kul_lapin-off_-_g0.7,kul,1000,0.4,200,2,7,0.575418,0.615477,0.454545,12.749685
016_kul_lapin-off_-_g0.7,kul,1000,0.4,200,2,8,0.535657,0.555925,0.703704,19.332287
016_kul_lapin-off_-_g0.7,kul,1000,0.4,200,2,9,0.570939,0.605896,0.583333,15.392543
016_kul_lapin-off_-_g0.7,kul,1000,0.4,200,2,10,0.510314,0.561162,0.68,16.844294
017_kul_lapin-off_-_g0.8,kul,1000,0.4,200,2,1,0.452725,0.496016,0.904762,16.597693
017_kul_lapin-off_-_g0.8,kul,1000,0.4,200,2,2,0.509637,0.588357,0.7,13.734854
017_kul_lapin-off_-_g0.8,kul,1000,0.4,200,2,3,0.617071,0.601398,0.48,15.268076
017_kul_lapin-off_-_g0.8,kul,1000,0.4,200,2,4,0.601804,0.588696,0.625,16.695741
017_kul_lapin-off_-_g0.8,kul,1000,0.4,200,2,5,0.531992,0.582008,0.708333,16.659971
017_kul_lapin-off_-_g0.8,kul,1000,0.4,200,2,6,0.599133,0.600018,0.48,15.238552
017_kul_lapin-off_-_g0.8,kul,1000,0.4,200,2,7,0.577504,0.600165,0.454545,12.749685
017_kul_lapin-off_-_g0.8,kul,1000,0.4,200,2,8,0.539132,0.542817,0.703704,19.332287
017_kul_lapin-off_-_g0.8,kul,1000,0.4,200,2,9,0.587083,0.60795,0.583333,15.392543
017_kul_lapin-off_-_g0.8,kul,1000,0.4,200,2,10,0.515718,0.557696,0.68,16.844294
018_kul_lapin-off_-_g0.9,kul,1000,0.4,200,2,1,0.447668,0.491425,0.904762,16.597693
018_kul_lapin-off_-_g0.9,kul,1000,0.4,200,2,2,0.5192,0.568296,0.7,13.734854
018_kul_lapin-off_-_g0.9,kul,1000,0.4,200,2,3,0.643995,0.603193,0.48,15.268076
018_kul_lapin-off_-_g0.9,kul,1000,0.4,200,2,4,0.605851,0.574983,0.625,16.695741
018_kul_lapin-off_-_g0.9,kul,1000,0.4,200,2,5,0.538114,0.571264,0.666667,16.659971
018_kul_lapin-off_-_g0.9,kul,1000,0.4,200,2,6,0.605882,0.59327,0.48,15.238552
018_kul_lapin-off_-_g0.9,kul,1000,0.4,200,2,7,0.582028,0.588232,0.454545,12.749685
018_kul_lapin-off_-_g0.9,kul,1000,0.4,200,2,8,0.540042,0.523889,0.703704,19.332287
018_kul_lapin-off_-_g0.9,kul,1000,0.4,200,2,9,0.614182,0.594695,0.541667,15.392543
018_kul_lapin-off_-_g0.9,kul,1000,0.4,200,2,10,0.526317,0.544828,0.68,16.844294
019_kul_lapin-on_lsym_g0.3,kul,1000,0.4,200,2,1,0.251177,0.132335,0.190476,15.062898
019_kul_lapin-on_lsym_g0.3,kul,1000,0.4,200,2,2,0.220735,0.189189,0.25,14.689379
019_kul_lapin-on_lsym_g0.3,kul,1000,0.4,200,2,3,0.23072,0.153058,0.08,16.620752
019_kul_lapin-on_lsym_g0.3,kul,1000,0.4,200,2,4,0.217963,0.154432,0.166667,19.516537
019_kul_lapin-on_lsym_g0.3,kul,1000,0.4,200,2,5,0.193989,0.106346,0.291667,19.328985
019_kul_lapin-on_lsym_g0.3,kul,1000,0.4,200,2,6,0.19628,0.094366,0.36,20.048444
019_kul_lapin-on_lsym_g0.3,kul,1000,0.4,200,2,7,0.262565,0.183366,0.363636,19.119156
019_kul_lapin-on_lsym_g0.3,kul,1000,0.4,200,2,8,0.074146,0.04419,0.296296,22.273763
019_kul_lapin-on_lsym_g0.3,kul,1000,0.4,200,2,9,0.213167,0.153914,0.125,16.395058
019_kul_lapin-on_lsym_g0.3,kul,1000,0.4,200,2,10,0.199187,0.175065,0.28,19.954221
020_kul_lapin-on_lsym_g0.5,kul,1000,0.4,200,2,1,0.406922,0.39042,0.190476,15.062898
020_kul_lapin-on_lsym_g0.5,kul,1000,0.4,200,2,2,0.329132,0.340954,0.25,14.689379
020_kul_lapin-on_lsym_g0.5,kul,1000,0.4,200,2,3,0.377669,0.329626,0.08,16.620752
020_kul_lapin-on_lsym_g0.5,kul,1000,0.4,200,2,4,0.380067,0.37487,0.166667,19.516537
020_kul_lapin-on_lsym_g0.5,kul,1000,0.4,200,2,5,0.322533,0.255906,0.291667,19.328985
020_kul_lapin-on_lsym_g0.5,kul,1000,0.4,200,2,6,0.343984,0.281936,0.36,20.048444
020_kul_lapin-on_lsym_g0.5,kul,1000,0.4,200,2,7,0.401155,0.360592,0.363636,19.119156
020_kul_lapin-on_lsym_g0.5,kul,1000,0.4,200,2,8,0.163781,0.202268,0.296296,22.273763
020_kul_lapin-on_lsym_g0.5,kul,1000,0.4,200,2,9,0.344105,0.364393,0.125,16.395058
020_kul_lapin-on_lsym_g0.5,kul,1000,0.4,200,2,10,0.338875,0.364276,0.28,19.954221
021_kul_lapin-on_lsym_g0.6,kul,1000,0.4,200,2,1,0.496858,0.495707,0.190476,15.062898
021_kul_lapin-on_lsym_g0.6,kul,1000,0.4,200,2,2,0.363179,0.392667,0.25,14.689379
021_kul_lapin-on_lsym_g0.6,kul,1000,0.4,200,2,3,0.439066,0.399681,0.08,16.620752
021_kul_lapin-on_lsym_g0.6,kul,1000,0.4,200,2,4,0.42011,0.433768,0.166667,19.516537
021_kul_lapin-on_lsym_g0.6,kul,1000,0.4,200,2,5,0.3932,0.36937,0.291667,19.328985
021_kul_lapin-on_lsym_g0.6,kul,1000,0.4,200,2,6,0.384235,0.360912,0.36,20.048444
021_kul_lapin-on_lsym_g0.6,kul,1000,0.4,200,2,7,0.43456,0.39903,0.363636,19.119156
021_kul_lapin-on_lsym_g0.6,kul,1000,0.4,200,2,8,0.194613,0.235281,0.296296,22.273763
021_kul_lapin-on_lsym_g0.6,kul,1000,0.4,200,2,9,0.373874,0.428197,0.125,16.395058
021_kul_lapin-on_lsym_g0.6,kul,1000,0.4,200,2,10,0.400271,0.443887,0.28,19.954221
022_kul_lapin-on_lsym_g0.7,kul,1000,0.4,200,2,1,0.576181,0.609637,0.190476,15.062898
022_kul_lapin-on_lsym_g0.7,kul,1000,0.4,200,2,2,0.395352,0.412239,0.25,14.689379
022_kul_lapin-on_lsym_g0.7,kul,1000,0.4,200,2,3,0.497172,0.448695,0.08,16.620752
022_kul_lapin-on_lsym_g0.7,kul,1000,0.4,200,2,4,0.44808,0.45678,0.166667,19.516537
022_kul_lapin-on_lsym_g0.7,kul,1000,0.4,200,2,5,0.437445,0.433668,0.291667,19.328985
022_kul_lapin-on_lsym_g0.7,kul,1000,0.4,200,2,6,0.430879,0.430777,0.36,20.048444
022_kul_lapin-on_lsym_g0.7,kul,1000,0.4,200,2,7,0.498969,0.484755,0.363636,19.119156
022_kul_lapin-on_lsym_g0.7,kul,1000,0.4,200,2,8,0.256718,0.325373,0.296296,22.273763
022_kul_lapin-on_lsym_g0.7,kul,1000,0.4,200,2,9,0.459741,0.490904,0.125,16.395058
022_kul_lapin-on_lsym_g0.7,kul,1000,0.4,200,2,10,0.455153,0.484757,0.28,19.954221
023_kul_lapin-on_lsym_g0.8,kul,1000,0.4,200,2,1,0.642925,0.661959,0.190476,15.062898
023_kul_lapin-on_lsym_g0.8,kul,1000,0.4,200,2,2,0.436245,0.438893,0.25,14.689379
023_kul_lapin-on_lsym_g0.8,kul,1000,0.4,200,2,3,0.589046,0.569784,0.08,16.620752
023_kul_lapin-on_lsym_g0.8,kul,1000,0.4,200,2,4,0.490193,0.498518,0.166667,19.516537
023_kul_lapin-on_lsym_g0.8,kul,1000,0.4,200,2,5,0.494368,0.489973,0.291667,19.328985
023_kul_lapin-on_lsym_g0.8,kul,1000,0.4,200,2,6,0.499046,0.500526,0.36,20.048444
023_kul_lapin-on_lsym_g0.8,kul,1000,0.4,200,2,7,0.574654,0.548816,0.363636,19.119156
023_kul_lapin-on_lsym_g0.8,kul,1000,0.4,200,2,8,0.293156,0.347887,0.296296,22.273763
023_kul_lapin-on_lsym_g0.8,kul,1000,0.4,200,2,9,0.518767,0.523464,0.125,16.395058
023_kul_lapin-on_lsym_g0.8,kul,1000,0.4,200,2,10,0.511154,0.521738,0.28,19.954221
024_kul_lapin-on_lsym_g0.9,kul,1000,0.4,200,2,1,0.651708,0.674205,0.190476,15.062898
024_kul_lapin-on_lsym_g0.9,kul,1000,0.4,200,2,2,0.473561,0.475107,0.25,14.689379
024_kul_lapin-on_lsym_g0.9,kul,1000,0.4,200,2,3,0.641786,0.614767,0.08,16.620752
024_kul_lapin-on_lsym_g0.9,kul,1000,0.4,200,2,4,0.540236,0.535331,0.166667,19.516537
024_kul_lapin-on_lsym_g0.9,kul,1000,0.4,200,2,5,0.528282,0.535066,0.291667,19.328985
024_kul_lapin-on_lsym_g0.9,kul,1000,0.4,200,2,6,0.553838,0.564698,0.36,20.048444
024_kul_lapin-on_lsym_g0.9,kul,1000,0.4,200,2,7,0.622328,0.560371,0.363636,19.119156
024_kul_lapin-on_lsym_g0.9,kul,1000,0.4,200,2,8,0.305254,0.369599,0.296296,22.273763
024_kul_lapin-on_lsym_g0.9,kul,1000,0.4,200,2,9,0.555829,0.568702,0.125,16.395058
024_kul_lapin-on_lsym_g0.9,kul,1000,0.4,200,2,10,0.54343,0.522873,0.28,19.954221
037_ochiai_lapin-off_-_g0.3,ochiai,1000,0.4,200,2,1,0.402824,0.31914,0.619048,15.810198
037_ochiai_lapin-off_-_g0.3,ochiai,1000,0.4,200,2,2,0.407807,0.327708,0.55,12.663402
037_ochiai_lapin-off_-_g0.3,ochiai,1000,0.4,200,2,3,0.429252,0.340108,0.48,15.689165
037_ochiai_lapin-off_-_g0.3,ochiai,1000,0.4,200,2,4,0.39404,0.338954,0.583333,14.728285
037_ochiai_lapin-off_-_g0.3,ochiai,1000,0.4,200,2,5,0.368949,0.296035,0.708333,16.93021
037_ochiai_lapin-off_-_g0.3,ochiai,1000,0.4,200,2,6,0.3452,0.256001,0.76,16.865072
037_ochiai_lapin-off_-_g0.3,ochiai,1000,0.4,200,2,7,0.413252,0.304133,0.5,13.987733
037_ochiai_lapin-off_-_g0.3,ochiai,1000,0.4,200,2,8,0.468155,0.404226,0.481481,16.540578
037_ochiai_lapin-off_-_g0.3,ochiai,1000,0.4,200,2,9,0.402229,0.340907,0.75,15.916858
037_ochiai_lapin-off_-_g0.3,ochiai,1000,0.4,200,2,10,0.381599,0.332594,0.76,18.295492
038_ochiai_lapin-off_-_g0.5,ochiai,1000,0.4,200,2,1,0.468324,0.502259,0.619048,15.810198
038_ochiai_lapin-off_-_g0.5,ochiai,1000,0.4,200,2,2,0.470479,0.503277,0.55,12.663402
038_ochiai_lapin-off_-_g0.5,ochiai,1000,0.4,200,2,3,0.550171,0.549586,0.48,15.689165
038_ochiai_lapin-off_-_g0.5,ochiai,1000,0.4,200,2,4,0.475502,0.501748,0.583333,14.728285
038_ochiai_lapin-off_-_g0.5,ochiai,1000,0.4,200,2,5,0.436246,0.481364,0.708333,16.93021
038_ochiai_lapin-off_-_g0.5,ochiai,1000,0.4,200,2,6,0.418599,0.416189,0.76,16.865072
038_ochiai_lapin-off_-_g0.5,ochiai,1000,0.4,200,2,7,0.488545,0.477778,0.5,13.987733
038_ochiai_lapin-off_-_g0.5,ochiai,1000,0.4,200,2,8,0.559155,0.573315,0.481481,16.540578
038_ochiai_lapin-off_-_g0.5,ochiai,1000,0.4,200,2,9,0.46975,0.530158,0.75,15.916858
038_ochiai_lapin-off_-_g0.5,ochiai,1000,0.4,200,2,10,0.472698,0.498218,0.76,18.295492
039_ochiai_lapin-off_-_g0.6,ochiai,1000,0.4,200,2,1,0.484097,0.532271,0.619048,15.810198
039_ochiai_lapin-off_-_g0.6,ochiai,1000,0.4,200,2,2,0.495578,0.552451,0.55,12.663402
039_ochiai_lapin-off_-_g0.6,ochiai,1000,0.4,200,2,3,0.581648,0.58336,0.48,15.689165
039_ochiai_lapin-off_-_g0.6,ochiai,1000,0.4,200,2,4,0.49407,0.521834,0.583333,14.728285
039_ochiai_lapin-off_-_g0.6,ochiai,1000,0.4,200,2,5,0.464967,0.529464,0.708333,16.93021
039_ochiai_lapin-off_-_g0.6,ochiai,1000,0.4,200,2,6,0.443234,0.45745,0.76,16.865072
039_ochiai_lapin-off_-_g0.6,ochiai,1000,0.4,200,2,7,0.504694,0.513155,0.5,13.987733
039_ochiai_lapin-off_-_g0.6,ochiai,1000,0.4,200,2,8,0.566779,0.594999,0.481481,16.540578
039_ochiai_lapin-off_-_g0.6,ochiai,1000,0.4,200,2,9,0.498818,0.554544,0.75,15.916858
039_ochiai_lapin-off_-_g0.6,ochiai,1000,0.4,200,2,10,0.497374,0.517152,0.76,18.295492
040_ochiai_lapin-off_-_g0.7,ochiai,1000,0.4,200,2,1,0.503919,0.541261,0.619048,15.810198
040_ochiai_lapin-off_-_g0.7,ochiai,1000,0.4,200,2,2,0.530685,0.615877,0.55,12.663402
040_ochiai_lapin-off_-_g0.7,ochiai,1000,0.4,200,2,3,0.594674,0.59409,0.48,15.689165
040_ochiai_lapin-off_-_g0.7,ochiai,1000,0.4,200,2,4,0.507482,0.507352,0.583333,14.728285
040_ochiai_lapin-off_-_g0.7,ochiai,1000,0.4,200,2,5,0.478394,0.55096,0.708333,16.93021
040_ochiai_lapin-off_-_g0.7,ochiai,1000,0.4,200,2,6,0.488937,0.53031,0.76,16.865072
040_ochiai_lapin-off_-_g0.7,ochiai,1000,0.4,200,2,7,0.518463,0.534611,0.5,13.987733
040_ochiai_lapin-off_-_g0.7,ochiai,1000,0.4,200,2,8,0.588471,0.608221,0.481481,16.540578
040_ochiai_lapin-off_-_g0.7,ochiai,1000,0.4,200,2,9,0.517103,0.555563,0.75,15.916858
040_ochiai_lapin-off_-_g0.7,ochiai,1000,0.4,200,2,10,0.522128,0.53695,0.76,18.295492
041_ochiai_lapin-off_-_g0.8,ochiai,1000,0.4,200,2,1,0.516174,0.533424,0.619048,15.810198
041_ochiai_lapin-off_-_g0.8,ochiai,1000,0.4,200,2,2,0.546068,0.610534,0.55,12.663402
041_ochiai_lapin-off_-_g0.8,ochiai,1000,0.4,200,2,3,0.619256,0.597926,0.48,15.689165
041_ochiai_lapin-off_-_g0.8,ochiai,1000,0.4,200,2,4,0.511232,0.493042,0.583333,14.728285
041_ochiai_lapin-off_-_g0.8,ochiai,1000,0.4,200,2,5,0.482337,0.532576,0.708333,16.93021
041_ochiai_lapin-off_-_g0.8,ochiai,1000,0.4,200,2,6,0.50301,0.524067,0.76,16.865072
041_ochiai_lapin-off_-_g0.8,ochiai,1000,0.4,200,2,7,0.532704,0.537813,0.5,13.987733
041_ochiai_lapin-off_-_g0.8,ochiai,1000,0.4,200,2,8,0.597462,0.596765,0.481481,16.540578
041_ochiai_lapin-off_-_g0.8,ochiai,1000,0.4,200,2,9,0.519184,0.526425,0.75,15.916858
041_ochiai_lapin-off_-_g0.8,ochiai,1000,0.4,200,2,10,0.524968,0.522417,0.76,18.295492
042_ochiai_lapin-off_-_g0.9,ochiai,1000,0.4,200,2,1,0.52639,0.530688,0.619048,15.810198
042_ochiai_lapin-off_-_g0.9,ochiai,1000,0.4,200,2,2,0.559032,0.60275,0.55,12.663402
042_ochiai_lapin-off_-_g0.9,ochiai,1000,0.4,200,2,3,0.638763,0.601604,0.48,15.689165
042_ochiai_lapin-off_-_g0.9,ochiai,1000,0.4,200,2,4,0.510728,0.475432,0.583333,14.728285
042_ochiai_lapin-off_-_g0.9,ochiai,1000,0.4,200,2,5,0.492396,0.507875,0.708333,16.93021
042_ochiai_lapin-off_-_g0.9,ochiai,1000,0.4,200,2,6,0.520897,0.524584,0.76,16.865072
042_ochiai_lapin-off_-_g0.9,ochiai,1000,0.4,200,2,7,0.538813,0.51603,0.5,13.987733
042_ochiai_lapin-off_-_g0.9,ochiai,1000,0.4,200,2,8,0.588993,0.57183,0.481481,16.540578
042_ochiai_lapin-off_-_g0.9,ochiai,1000,0.4,200,2,9,0.52516,0.514515,0.75,15.916858
042_ochiai_lapin-off_-_g0.9,ochiai,1000,0.4,200,2,10,0.52123,0.518985,0.76,18.295492
043_ochiai_lapin-on_lsym_g0.3,ochiai,1000,0.4,200,2,1,0.209427,0.109315,0.47619,20.393074
043_ochiai_lapin-on_lsym_g0.3,ochiai,1000,0.4,200,2,2,0.273079,0.156589,0.3,15.511288
043_ochiai_lapin-on_lsym_g0.3,ochiai,1000,0.4,200,2,3,0.24806,0.13054,0.28,19.338034
043_ochiai_lapin-on_lsym_g0.3,ochiai,1000,0.4,200,2,4,0.157681,0.089568,0.375,19.778626
043_ochiai_lapin-on_lsym_g0.3,ochiai,1000,0.4,200,2,5,0.200836,0.114136,0.333333,19.889316
043_ochiai_lapin-on_lsym_g0.3,ochiai,1000,0.4,200,2,6,0.193849,0.122046,0.24,18.226106
043_ochiai_lapin-on_lsym_g0.3,ochiai,1000,0.4,200,2,7,0.312823,0.249096,0.454545,20.369672
043_ochiai_lapin-on_lsym_g0.3,ochiai,1000,0.4,200,2,8,0.048146,0.036989,0.259259,22.519063
043_ochiai_lapin-on_lsym_g0.3,ochiai,1000,0.4,200,2,9,0.198405,0.111106,0.208333,16.713085
043_ochiai_lapin-on_lsym_g0.3,ochiai,1000,0.4,200,2,10,0.179686,0.073007,0.36,22.666253
044_ochiai_lapin-on_lsym_g0.5,ochiai,1000,0.4,200,2,1,0.34699,0.317184,0.47619,20.393074
044_ochiai_lapin-on_lsym_g0.5,ochiai,1000,0.4,200,2,2,0.400822,0.409885,0.3,15.511288
044_ochiai_lapin-on_lsym_g0.5,ochiai,1000,0.4,200,2,3,0.415574,0.32089,0.28,19.338034
044_ochiai_lapin-on_lsym_g0.5,ochiai,1000,0.4,200,2,4,0.25208,0.277628,0.375,19.778626
044_ochiai_lapin-on_lsym_g0.5,ochiai,1000,0.4,200,2,5,0.375523,0.303627,0.333333,19.889316
044_ochiai_lapin-on_lsym_g0.5,ochiai,1000,0.4,200,2,6,0.311233,0.294386,0.24,18.226106
044_ochiai_lapin-on_lsym_g0.5,ochiai,1000,0.4,200,2,7,0.460633,0.439148,0.454545,20.369672
044_ochiai_lapin-on_lsym_g0.5,ochiai,1000,0.4,200,2,8,0.116142,0.12928,0.259259,22.519063
044_ochiai_lapin-on_lsym_g0.5,ochiai,1000,0.4,200,2,9,0.333412,0.241998,0.208333,16.713085
044_ochiai_lapin-on_lsym_g0.5,ochiai,1000,0.4,200,2,10,0.31915,0.201447,0.36,22.666253
045_ochiai_lapin-on_lsym_g0.6,ochiai,1000,0.4,200,2,1,0.417417,0.414404,0.47619,20.393074
045_ochiai_lapin-on_lsym_g0.6,ochiai,1000,0.4,200,2,2,0.442652,0.474016,0.3,15.511288
045_ochiai_lapin-on_lsym_g0.6,ochiai,1000,0.4,200,2,3,0.470628,0.386589,0.28,19.338034
045_ochiai_lapin-on_lsym_g0.6,ochiai,1000,0.4,200,2,4,0.322426,0.346312,0.375,19.778626
045_ochiai_lapin-on_lsym_g0.6,ochiai,1000,0.4,200,2,5,0.44695,0.417031,0.333333,19.889316
045_ochiai_lapin-on_lsym_g0.6,ochiai,1000,0.4,200,2,6,0.384977,0.392679,0.24,18.226106
045_ochiai_lapin-on_lsym_g0.6,ochiai,1000,0.4,200,2,7,0.519627,0.515338,0.454545,20.369672
045_ochiai_lapin-on_lsym_g0.6,ochiai,1000,0.4,200,2,8,0.173103,0.187558,0.259259,22.519063
045_ochiai_lapin-on_lsym_g0.6,ochiai,1000,0.4,200,2,9,0.438501,0.367507,0.208333,16.713085
045_ochiai_lapin-on_lsym_g0.6,ochiai,1000,0.4,200,2,10,0.378201,0.282203,0.36,22.666253
046_ochiai_lapin-on_lsym_g0.7,ochiai,1000,0.4,200,2,1,0.461079,0.463359,0.47619,20.393074
046_ochiai_lapin-on_lsym_g0.7,ochiai,1000,0.4,200,2,2,0.457216,0.505863,0.3,15.511288
046_ochiai_lapin-on_lsym_g0.7,ochiai,1000,0.4,200,2,3,0.546884,0.491428,0.28,19.338034
046_ochiai_lapin-on_lsym_g0.7,ochiai,1000,0.4,200,2,4,0.358069,0.394853,0.375,19.778626
046_ochiai_lapin-on_lsym_g0.7,ochiai,1000,0.4,200,2,5,0.503709,0.483813,0.333333,19.889316
046_ochiai_lapin-on_lsym_g0.7,ochiai,1000,0.4,200,2,6,0.434769,0.468232,0.24,18.226106
046_ochiai_lapin-on_lsym_g0.7,ochiai,1000,0.4,200,2,7,0.564517,0.545757,0.454545,20.369672
046_ochiai_lapin-on_lsym_g0.7,ochiai,1000,0.4,200,2,8,0.199932,0.242999,0.259259,22.519063
046_ochiai_lapin-on_lsym_g0.7,ochiai,1000,0.4,200,2,9,0.552215,0.522491,0.208333,16.713085
046_ochiai_lapin-on_lsym_g0.7,ochiai,1000,0.4,200,2,10,0.455495,0.382517,0.36,22.666253
047_ochiai_lapin-on_lsym_g0.8,ochiai,1000,0.4,200,2,1,0.51219,0.521404,0.47619,20.393074
047_ochiai_lapin-on_lsym_g0.8,ochiai,1000,0.4,200,2,2,0.489359,0.543122,0.3,15.511288
047_ochiai_lapin-on_lsym_g0.8,ochiai,1000,0.4,200,2,3,0.656931,0.616681,0.28,19.338034
047_ochiai_lapin-on_lsym_g0.8,ochiai,1000,0.4,200,2,4,0.410653,0.417716,0.375,19.778626
047_ochiai_lapin-on_lsym_g0.8,ochiai,1000,0.4,200,2,5,0.584827,0.548676,0.333333,19.889316
047_ochiai_lapin-on_lsym_g0.8,ochiai,1000,0.4,200,2,6,0.483118,0.500146,0.24,18.226106
047_ochiai_lapin-on_lsym_g0.8,ochiai,1000,0.4,200,2,7,0.597807,0.587145,0.454545,20.369672
047_ochiai_lapin-on_lsym_g0.8,ochiai,1000,0.4,200,2,8,0.273505,0.335037,0.259259,22.519063
047_ochiai_lapin-on_lsym_g0.8,ochiai,1000,0.4,200,2,9,0.642436,0.593367,0.208333,16.713085
047_ochiai_lapin-on_lsym_g0.8,ochiai,1000,0.4,200,2,10,0.486463,0.409633,0.36,22.666253
048_ochiai_lapin-on_lsym_g0.9,ochiai,1000,0.4,200,2,1,0.53718,0.553429,0.47619,20.393074
048_ochiai_lapin-on_lsym_g0.9,ochiai,1000,0.4,200,2,2,0.512968,0.540788,0.3,15.511288
048_ochiai_lapin-on_lsym_g0.9,ochiai,1000,0.4,200,2,3,0.701894,0.625242,0.28,19.338034
048_ochiai_lapin-on_lsym_g0.9,ochiai,1000,0.4,200,2,4,0.430534,0.426803,0.375,19.778626
048_ochiai_lapin-on_lsym_g0.9,ochiai,1000,0.4,200,2,5,0.666213,0.62655,0.333333,19.889316
048_ochiai_lapin-on_lsym_g0.9,ochiai,1000,0.4,200,2,6,0.484316,0.541351,0.24,18.226106
048_ochiai_lapin-on_lsym_g0.9,ochiai,1000,0.4,200,2,7,0.613972,0.594258,0.409091,20.369672
048_ochiai_lapin-on_lsym_g0.9,ochiai,1000,0.4,200,2,8,0.324114,0.372997,0.259259,22.519063
048_ochiai_lapin-on_lsym_g0.9,ochiai,1000,0.4,200,2,9,0.679961,0.614231,0.208333,16.713085
048_ochiai_lapin-on_lsym_g0.9,ochiai,1000,0.4,200,2,10,0.507167,0.442564,0.36,22.666253
085_cosip_beta0_lapin-off_-_g0.3,cosip_beta0,1000,0.4,200,3,1,0.439062,0.352483,0.4375,18.690143
085_cosip_beta0_lapin-off_-_g0.3,cosip_beta0,1000,0.4,200,3,2,0.368475,0.33936,0.5,15.655249
085_cosip_beta0_lapin-off_-_g0.3,cosip_beta0,1000,0.4,200,3,3,0.405529,0.340114,0.466667,16.934379
085_cosip_beta0_lapin-off_-_g0.3,cosip_beta0,1000,0.4,200,3,4,0.38552,0.332331,0.517241,17.405099
085_cosip_beta0_lapin-off_-_g0.3,cosip_beta0,1000,0.4,200,3,5,0.468119,0.420361,0.428571,16.942587
085_cosip_beta0_lapin-off_-_g0.3,cosip_beta0,1000,0.4,200,3,6,0.437098,0.354172,0.310345,16.408599
085_cosip_beta0_lapin-off_-_g0.3,cosip_beta0,1000,0.4,200,3,7,0.44354,0.406821,0.4,17.10715
085_cosip_beta0_lapin-off_-_g0.3,cosip_beta0,1000,0.4,200,3,8,0.445923,0.412469,0.344828,16.037337
085_cosip_beta0_lapin-off_-_g0.3,cosip_beta0,1000,0.4,200,3,9,0.408486,0.369561,0.533333,17.80738
085_cosip_beta0_lapin-off_-_g0.3,cosip_beta0,1000,0.4,200,3,10,0.403147,0.335543,0.48,16.426936
086_cosip_beta0_lapin-off_-_g0.5,cosip_beta0,1000,0.4,200,3,1,0.49926,0.412552,0.4375,18.690143
086_cosip_beta0_lapin-off_-_g0.5,cosip_beta0,1000,0.4,200,3,2,0.440521,0.445467,0.5,15.655249
086_cosip_beta0_lapin-off_-_g0.5,cosip_beta0,1000,0.4,200,3,3,0.47253,0.453963,0.466667,16.934379
086_cosip_beta0_lapin-off_-_g0.5,cosip_beta0,1000,0.4,200,3,4,0.458122,0.443512,0.517241,17.405099
086_cosip_beta0_lapin-off_-_g0.5,cosip_beta0,1000,0.4,200,3,5,0.535431,0.504754,0.428571,16.942587
086_cosip_beta0_lapin-off_-_g0.5,cosip_beta0,1000,0.4,200,3,6,0.523244,0.466397,0.310345,16.408599
086_cosip_beta0_lapin-off_-_g0.5,cosip_beta0,1000,0.4,200,3,7,0.532928,0.507424,0.4,17.10715
086_cosip_beta0_lapin-off_-_g0.5,cosip_beta0,1000,0.4,200,3,8,0.51445,0.48857,0.344828,16.037337
086_cosip_beta0_lapin-off_-_g0.5,cosip_beta0,1000,0.4,200,3,9,0.484125,0.462978,0.533333,17.80738
086_cosip_beta0_lapin-off_-_g0.5,cosip_beta0,1000,0.4,200,3,10,0.457036,0.444193,0.48,16.426936
087_cosip_beta0_lapin-off_-_g0.6,cosip_beta0,1000,0.4,200,3,1,0.548528,0.46797,0.4375,18.690143
087_cosip_beta0_lapin-off_-_g0.6,cosip_beta0,1000,0.4,200,3,2,0.468079,0.463511,0.5,15.655249
087_cosip_beta0_lapin-off_-_g0.6,cosip_beta0,1000,0.4,200,3,3,0.487592,0.462939,0.466667,16.934379
087_cosip_beta0_lapin-off_-_g0.6,cosip_beta0,1000,0.4,200,3,4,0.4764,0.458405,0.517241,17.405099
087_cosip_beta0_lapin-off_-_g0.6,cosip_beta0,1000,0.4,200,3,5,0.546701,0.498653,0.428571,16.942587
087_cosip_beta0_lapin-off_-_g0.6,cosip_beta0,1000,0.4,200,3,6,0.543399,0.477196,0.310345,16.408599
087_cosip_beta0_lapin-off_-_g0.6,cosip_beta0,1000,0.4,200,3,7,0.536537,0.489341,0.4,17.10715
087_cosip_beta0_lapin-off_-_g0.6,cosip_beta0,1000,0.4,200,3,8,0.528994,0.492581,0.344828,16.037337
087_cosip_beta0_lapin-off_-_g0.6,cosip_beta0,1000,0.4,200,3,9,0.504788,0.465485,0.533333,17.80738
087_cosip_beta0_lapin-off_-_g0.6,cosip_beta0,1000,0.4,200,3,10,0.474142,0.459512,0.48,16.426936
088_cosip_beta0_lapin-off_-_g0.7,cosip_beta0,1000,0.4,200,3,1,0.569729,0.474436,0.4375,18.690143
088_cosip_beta0_lapin-off_-_g0.7,cosip_beta0,1000,0.4,200,3,2,0.475417,0.450272,0.5,15.655249
088_cosip_beta0_lapin-off_-_g0.7,cosip_beta0,1000,0.4,200,3,3,0.503931,0.460787,0.466667,16.934379
088_cosip_beta0_lapin-off_-_g0.7,cosip_beta0,1000,0.4,200,3,4,0.48048,0.448809,0.517241,17.405099
088_cosip_beta0_lapin-off_-_g0.7,cosip_beta0,1000,0.4,200,3,5,0.554006,0.501727,0.428571,16.942587
088_cosip_beta0_lapin-off_-_g0.7,cosip_beta0,1000,0.4,200,3,6,0.575945,0.489276,0.310345,16.408599
088_cosip_beta0_lapin-off_-_g0.7,cosip_beta0,1000,0.4,200,3,7,0.543217,0.473406,0.4,17.10715
088_cosip_beta0_lapin-off_-_g0.7,cosip_beta0,1000,0.4,200,3,8,0.574573,0.511121,0.344828,16.037337
088_cosip_beta0_lapin-off_-_g0.7,cosip_beta0,1000,0.4,200,3,9,0.515336,0.457131,0.533333,17.80738
088_cosip_beta0_lapin-off_-_g0.7,cosip_beta0,1000,0.4,200,3,10,0.501149,0.467829,0.48,16.426936
089_cosip_beta0_lapin-off_-_g0.8,cosip_beta0,1000,0.4,200,3,1,0.578077,0.472241,0.4375,18.690143
089_cosip_beta0_lapin-off_-_g0.8,cosip_beta0,1000,0.4,200,3,2,0.486744,0.427855,0.5,15.655249
089_cosip_beta0_lapin-off_-_g0.8,cosip_beta0,1000,0.4,200,3,3,0.510414,0.448945,0.466667,16.934379
089_cosip_beta0_lapin-off_-_g0.8,cosip_beta0,1000,0.4,200,3,4,0.49702,0.427536,0.517241,17.405099
089_cosip_beta0_lapin-off_-_g0.8,cosip_beta0,1000,0.4,200,3,5,0.564513,0.493775,0.428571,16.942587
089_cosip_beta0_lapin-off_-_g0.8,cosip_beta0,1000,0.4,200,3,6,0.551273,0.487383,0.310345,16.408599
089_cosip_beta0_lapin-off_-_g0.8,cosip_beta0,1000,0.4,200,3,7,0.539309,0.490329,0.4,17.10715
089_cosip_beta0_lapin-off_-_g0.8,cosip_beta0,1000,0.4,200,3,8,0.568132,0.509433,0.344828,16.037337
089_cosip_beta0_lapin-off_-_g0.8,cosip_beta0,1000,0.4,200,3,9,0.525177,0.443822,0.533333,17.80738
089_cosip_beta0_lapin-off_-_g0.8,cosip_beta0,1000,0.4,200,3,10,0.512882,0.459461,0.48,16.426936
090_cosip_beta0_lapin-off_-_g0.9,cosip_beta0,1000,0.4,200,3,1,0.520481,0.474288,0.40625,18.690143
090_cosip_beta0_lapin-off_-_g0.9,cosip_beta0,1000,0.4,200,3,2,0.469019,0.416678,0.5,15.655249
090_cosip_beta0_lapin-off_-_g0.9,cosip_beta0,1000,0.4,200,3,3,0.489192,0.432109,0.466667,16.934379
090_cosip_beta0_lapin-off_-_g0.9,cosip_beta0,1000,0.4,200,3,4,0.484711,0.406864,0.517241,17.405099
090_cosip_beta0_lapin-off_-_g0.9,cosip_beta0,1000,0.4,200,3,5,0.525835,0.484281,0.428571,16.942587
090_cosip_beta0_lapin-off_-_g0.9,cosip_beta0,1000,0.4,200,3,6,0.517949,0.478975,0.275862,16.408599
090_cosip_beta0_lapin-off_-_g0.9,cosip_beta0,1000,0.4,200,3,7,0.511046,0.479163,0.4,17.10715
090_cosip_beta0_lapin-off_-_g0.9,cosip_beta0,1000,0.4,200,3,8,0.536359,0.492054,0.310345,16.037337
090_cosip_beta0_lapin-off_-_g0.9,cosip_beta0,1000,0.4,200,3,9,0.489345,0.434862,0.5,17.80738
090_cosip_beta0_lapin-off_-_g0.9,cosip_beta0,1000,0.4,200,3,10,0.490654,0.451216,0.48,16.426936
091_cosip_beta0_lapin-on_lsym_g0.3,cosip_beta0,1000,0.4,200,3,1,0.176387,0.1583,0.03125,20.558086
091_cosip_beta0_lapin-on_lsym_g0.3,cosip_beta0,1000,0.4,200,3,2,0.195074,0.151164,0.346154,20.366479
091_cosip_beta0_lapin-on_lsym_g0.3,cosip_beta0,1000,0.4,200,3,3,0.269555,0.217071,0.133333,21.049527
091_cosip_beta0_lapin-on_lsym_g0.3,cosip_beta0,1000,0.4,200,3,4,0.180983,0.14864,0.206897,21.017579
091_cosip_beta0_lapin-on_lsym_g0.3,cosip_beta0,1000,0.4,200,3,5,0.254897,0.198685,0.178571,22.981593
091_cosip_beta0_lapin-on_lsym_g0.3,cosip_beta0,1000,0.4,200,3,6,0.201738,0.13397,0.517241,29.287449
091_cosip_beta0_lapin-on_lsym_g0.3,cosip_beta0,1000,0.4,200,3,7,0.190955,0.127569,0.233333,22.001305
091_cosip_beta0_lapin-on_lsym_g0.3,cosip_beta0,1000,0.4,200,3,8,0.227668,0.152972,0.034483,17.068608
091_cosip_beta0_lapin-on_lsym_g0.3,cosip_beta0,1000,0.4,200,3,9,0.332859,0.292689,0.066667,18.838289
091_cosip_beta0_lapin-on_lsym_g0.3,cosip_beta0,1000,0.4,200,3,10,0.173025,0.124597,0.6,23.735876
092_cosip_beta0_lapin-on_lsym_g0.5,cosip_beta0,1000,0.4,200,3,1,0.355284,0.3181,0.03125,20.558086
092_cosip_beta0_lapin-on_lsym_g0.5,cosip_beta0,1000,0.4,200,3,2,0.345667,0.330857,0.346154,20.366479
092_cosip_beta0_lapin-on_lsym_g0.5,cosip_beta0,1000,0.4,200,3,3,0.442367,0.421984,0.133333,21.049527
092_cosip_beta0_lapin-on_lsym_g0.5,cosip_beta0,1000,0.4,200,3,4,0.361681,0.342236,0.206897,21.017579
092_cosip_beta0_lapin-on_lsym_g0.5,cosip_beta0,1000,0.4,200,3,5,0.428902,0.375358,0.178571,22.981593
092_cosip_beta0_lapin-on_lsym_g0.5,cosip_beta0,1000,0.4,200,3,6,0.32506,0.272909,0.517241,29.287449
092_cosip_beta0_lapin-on_lsym_g0.5,cosip_beta0,1000,0.4,200,3,7,0.334719,0.309406,0.233333,22.001305
092_cosip_beta0_lapin-on_lsym_g0.5,cosip_beta0,1000,0.4,200,3,8,0.39875,0.317693,0.034483,17.068608
092_cosip_beta0_lapin-on_lsym_g0.5,cosip_beta0,1000,0.4,200,3,9,0.536884,0.513991,0.066667,18.838289
092_cosip_beta0_lapin-on_lsym_g0.5,cosip_beta0,1000,0.4,200,3,10,0.33316,0.339938,0.6,23.735876
093_cosip_beta0_lapin-on_lsym_g0.6,cosip_beta0,1000,0.4,200,3,1,0.4006,0.359275,0.03125,20.558086
093_cosip_beta0_lapin-on_lsym_g0.6,cosip_beta0,1000,0.4,200,3,2,0.422884,0.416892,0.346154,20.366479
093_cosip_beta0_lapin-on_lsym_g0.6,cosip_beta0,1000,0.4,200,3,3,0.476991,0.444466,0.133333,21.049527
093_cosip_beta0_lapin-on_lsym_g0.6,cosip_beta0,1000,0.4,200,3,4,0.430204,0.385698,0.206897,21.017579
093_cosip_beta0_lapin-on_lsym_g0.6,cosip_beta0,1000,0.4,200,3,5,0.487276,0.42233,0.178571,22.981593
093_cosip_beta0_lapin-on_lsym_g0.6,cosip_beta0,1000,0.4,200,3,6,0.387373,0.33077,0.517241,29.287449
093_cosip_beta0_lapin-on_lsym_g0.6,cosip_beta0,1000,0.4,200,3,7,0.407434,0.365918,0.233333,22.001305
093_cosip_beta0_lapin-on_lsym_g0.6,cosip_beta0,1000,0.4,200,3,8,0.480015,0.40547,0.034483,17.068608
093_cosip_beta0_lapin-on_lsym_g0.6,cosip_beta0,1000,0.4,200,3,9,0.613616,0.565213,0.066667,18.838289
093_cosip_beta0_lapin-on_lsym_g0.6,cosip_beta0,1000,0.4,200,3,10,0.375162,0.398127,0.6,23.735876
094_cosip_beta0_lapin-on_lsym_g0.7,cosip_beta0,1000,0.4,200,3,1,0.49424,0.437041,0.03125,20.558086
094_cosip_beta0_lapin-on_lsym_g0.7,cosip_beta0,1000,0.4,200,3,2,0.497247,0.465485,0.346154,20.366479
094_cosip_beta0_lapin-on_lsym_g0.7,cosip_beta0,1000,0.4,200,3,3,0.521581,0.475052,0.133333,21.049527
094_cosip_beta0_lapin-on_lsym_g0.7,cosip_beta0,1000,0.4,200,3,4,0.504349,0.472983,0.206897,21.017579
094_cosip_beta0_lapin-on_lsym_g0.7,cosip_beta0,1000,0.4,200,3,5,0.510659,0.463431,0.178571,22.981593
094_cosip_beta0_lapin-on_lsym_g0.7,cosip_beta0,1000,0.4,200,3,6,0.461485,0.417395,0.517241,29.287449
094_cosip_beta0_lapin-on_lsym_g0.7,cosip_beta0,1000,0.4,200,3,7,0.484116,0.427908,0.233333,22.001305
094_cosip_beta0_lapin-on_lsym_g0.7,cosip_beta0,1000,0.4,200,3,8,0.53795,0.48671,0.034483,17.068608
094_cosip_beta0_lapin-on_lsym_g0.7,cosip_beta0,1000,0.4,200,3,9,0.605229,0.57014,0.066667,18.838289
094_cosip_beta0_lapin-on_lsym_g0.7,cosip_beta0,1000,0.4,200,3,10,0.436952,0.432767,0.6,23.735876
095_cosip_beta0_lapin-on_lsym_g0.8,cosip_beta0,1000,0.4,200,3,1,0.513338,0.471344,0.03125,20.558086
095_cosip_beta0_lapin-on_lsym_g0.8,cosip_beta0,1000,0.4,200,3,2,0.545139,0.495075,0.346154,20.366479
095_cosip_beta0_lapin-on_lsym_g0.8,cosip_beta0,1000,0.4,200,3,3,0.529163,0.480017,0.133333,21.049527
095_cosip_beta0_lapin-on_lsym_g0.8,cosip_beta0,1000,0.4,200,3,4,0.5313,0.524985,0.206897,21.017579
095_cosip_beta0_lapin-on_lsym_g0.8,cosip_beta0,1000,0.4,200,3,5,0.541813,0.500484,0.178571,22.981593
095_cosip_beta0_lapin-on_lsym_g0.8,cosip_beta0,1000,0.4,200,3,6,0.538537,0.492051,0.517241,29.287449
095_cosip_beta0_lapin-on_lsym_g0.8,cosip_beta0,1000,0.4,200,3,7,0.542341,0.455261,0.233333,22.001305
095_cosip_beta0_lapin-on_lsym_g0.8,cosip_beta0,1000,0.4,200,3,8,0.544856,0.531599,0.034483,17.068608
095_cosip_beta0_lapin-on_lsym_g0.8,cosip_beta0,1000,0.4,200,3,9,0.595011,0.577694,0.066667,18.838289
095_cosip_beta0_lapin-on_lsym_g0.8,cosip_beta0,1000,0.4,200,3,10,0.50414,0.473725,0.6,23.735876
096_cosip_beta0_lapin-on_lsym_g0.9,cosip_beta0,1000,0.4,200,3,1,0.489099,0.487099,0.03125,20.558086
096_cosip_beta0_lapin-on_lsym_g0.9,cosip_beta0,1000,0.4,200,3,2,0.527134,0.49347,0.346154,20.366479
096_cosip_beta0_lapin-on_lsym_g0.9,cosip_beta0,1000,0.4,200,3,3,0.510494,0.508901,0.133333,21.049527
096_cosip_beta0_lapin-on_lsym_g0.9,cosip_beta0,1000,0.4,200,3,4,0.527504,0.522034,0.172414,21.017579
096_cosip_beta0_lapin-on_lsym_g0.9,cosip_beta0,1000,0.4,200,3,5,0.522295,0.501505,0.178571,22.981593
096_cosip_beta0_lapin-on_lsym_g0.9,cosip_beta0,1000,0.4,200,3,6,0.542682,0.507389,0.517241,29.287449
096_cosip_beta0_lapin-on_lsym_g0.9,cosip_beta0,1000,0.4,200,3,7,0.521915,0.482365,0.233333,22.001305
096_cosip_beta0_lapin-on_lsym_g0.9,cosip_beta0,1000,0.4,200,3,8,0.541932,0.536342,0.034483,17.068608
096_cosip_beta0_lapin-on_lsym_g0.9,cosip_beta0,1000,0.4,200,3,9,0.595607,0.578052,0.066667,18.838289
096_cosip_beta0_lapin-on_lsym_g0.9,cosip_beta0,1000,0.4,200,3,10,0.529084,0.476523,0.56,23.735876
097_cosip_beta0.5_lapin-off_-_g0.3,cosip_beta0.5,1000,0.4,200,3,1,0.451003,0.428837,0.4375,18.766469
097_cosip_beta0.5_lapin-off_-_g0.3,cosip_beta0.5,1000,0.4,200,3,2,0.367516,0.308247,0.538462,17.014718
097_cosip_beta0.5_lapin-off_-_g0.3,cosip_beta0.5,1000,0.4,200,3,3,0.469606,0.413866,0.333333,16.265649
097_cosip_beta0.5_lapin-off_-_g0.3,cosip_beta0.5,1000,0.4,200,3,4,0.414904,0.343953,0.344828,15.552571
097_cosip_beta0.5_lapin-off_-_g0.3,cosip_beta0.5,1000,0.4,200,3,5,0.547078,0.556923,0.178571,13.961663
097_cosip_beta0.5_lapin-off_-_g0.3,cosip_beta0.5,1000,0.4,200,3,6,0.4607,0.423102,0.413793,15.4538
097_cosip_beta0.5_lapin-off_-_g0.3,cosip_beta0.5,1000,0.4,200,3,7,0.509991,0.435797,0.233333,15.17595
097_cosip_beta0.5_lapin-off_-_g0.3,cosip_beta0.5,1000,0.4,200,3,8,0.433238,0.369171,0.37931,15.621526
097_cosip_beta0.5_lapin-off_-_g0.3,cosip_beta0.5,1000,0.4,200,3,9,0.467053,0.426369,0.366667,16.282034
097_cosip_beta0.5_lapin-off_-_g0.3,cosip_beta0.5,1000,0.4,200,3,10,0.46874,0.437229,0.28,13.168682
098_cosip_beta0.5_lapin-off_-_g0.5,cosip_beta0.5,1000,0.4,200,3,1,0.549358,0.505331,0.4375,18.766469
098_cosip_beta0.5_lapin-off_-_g0.5,cosip_beta0.5,1000,0.4,200,3,2,0.450783,0.458512,0.538462,17.014718
098_cosip_beta0.5_lapin-off_-_g0.5,cosip_beta0.5,1000,0.4,200,3,3,0.538823,0.507167,0.333333,16.265649
098_cosip_beta0.5_lapin-off_-_g0.5,cosip_beta0.5,1000,0.4,200,3,4,0.509076,0.459018,0.344828,15.552571
098_cosip_beta0.5_lapin-off_-_g0.5,cosip_beta0.5,1000,0.4,200,3,5,0.616993,0.594497,0.178571,13.961663
098_cosip_beta0.5_lapin-off_-_g0.5,cosip_beta0.5,1000,0.4,200,3,6,0.541098,0.509478,0.413793,15.4538
098_cosip_beta0.5_lapin-off_-_g0.5,cosip_beta0.5,1000,0.4,200,3,7,0.584907,0.503576,0.233333,15.17595
098_cosip_beta0.5_lapin-off_-_g0.5,cosip_beta0.5,1000,0.4,200,3,8,0.502177,0.455026,0.37931,15.621526
098_cosip_beta0.5_lapin-off_-_g0.5,cosip_beta0.5,1000,0.4,200,3,9,0.560255,0.518931,0.366667,16.282034
098_cosip_beta0.5_lapin-off_-_g0.5,cosip_beta0.5,1000,0.4,200,3,10,0.547333,0.535446,0.28,13.168682
099_cosip_beta0.5_lapin-off_-_g0.6,cosip_beta0.5,1000,0.4,200,3,1,0.578865,0.534731,0.4375,18.766469
099_cosip_beta0.5_lapin-off_-_g0.6,cosip_beta0.5,1000,0.4,200,3,2,0.467883,0.46695,0.538462,17.014718
099_cosip_beta0.5_lapin-off_-_g0.6,cosip_beta0.5,1000,0.4,200,3,3,0.552365,0.505565,0.333333,16.265649
099_cosip_beta0.5_lapin-off_-_g0.6,cosip_beta0.5,1000,0.4,200,3,4,0.53662,0.494359,0.344828,15.552571
099_cosip_beta0.5_lapin-off_-_g0.6,cosip_beta0.5,1000,0.4,200,3,5,0.61502,0.570071,0.178571,13.961663
099_cosip_beta0.5_lapin-off_-_g0.6,cosip_beta0.5,1000,0.4,200,3,6,0.567865,0.51884,0.413793,15.4538
099_cosip_beta0.5_lapin-off_-_g0.6,cosip_beta0.5,1000,0.4,200,3,7,0.611434,0.531476,0.233333,15.17595
099_cosip_beta0.5_lapin-off_-_g0.6,cosip_beta0.5,1000,0.4,200,3,8,0.529459,0.466469,0.37931,15.621526
099_cosip_beta0.5_lapin-off_-_g0.6,cosip_beta0.5,1000,0.4,200,3,9,0.601983,0.54956,0.366667,16.282034
099_cosip_beta0.5_lapin-off_-_g0.6,cosip_beta0.5,1000,0.4,200,3,10,0.579428,0.555223,0.28,13.168682
100_cosip_beta0.5_lapin-off_-_g0.7,cosip_beta0.5,1000,0.4,200,3,1,0.598801,0.531533,0.4375,18.766469
100_cosip_beta0.5_lapin-off_-_g0.7,cosip_beta0.5,1000,0.4,200,3,2,0.484754,0.479422,0.538462,17.014718
100_cosip_beta0.5_lapin-off_-_g0.7,cosip_beta0.5,1000,0.4,200,3,3,0.579582,0.507918,0.333333,16.265649
100_cosip_beta0.5_lapin-off_-_g0.7,cosip_beta0.5,1000,0.4,200,3,4,0.568242,0.514894,0.344828,15.552571
100_cosip_beta0.5_lapin-off_-_g0.7,cosip_beta0.5,1000,0.4,200,3,5,0.599243,0.556433,0.178571,13.961663
100_cosip_beta0.5_lapin-off_-_g0.7,cosip_beta0.5,1000,0.4,200,3,6,0.583401,0.512393,0.413793,15.4538
100_cosip_beta0.5_lapin-off_-_g0.7,cosip_beta0.5,1000,0.4,200,3,7,0.620917,0.527856,0.233333,15.17595
100_cosip_beta0.5_lapin-off_-_g0.7,cosip_beta0.5,1000,0.4,200,3,8,0.555991,0.487439,0.37931,15.621526
100_cosip_beta0.5_lapin-off_-_g0.7,cosip_beta0.5,1000,0.4,200,3,9,0.607296,0.531646,0.366667,16.282034
100_cosip_beta0.5_lapin-off_-_g0.7,cosip_beta0.5,1000,0.4,200,3,10,0.593633,0.554251,0.28,13.168682
101_cosip_beta0.5_lapin-off_-_g0.8,cosip_beta0.5,1000,0.4,200,3,1,0.591837,0.510273,0.4375,18.766469
101_cosip_beta0.5_lapin-off_-_g0.8,cosip_beta0.5,1000,0.4,200,3,2,0.505104,0.472721,0.5,17.014718
101_cosip_beta0.5_lapin-off_-_g0.8,cosip_beta0.5,1000,0.4,200,3,3,0.546067,0.507287,0.333333,16.265649
101_cosip_beta0.5_lapin-off_-_g0.8,cosip_beta0.5,1000,0.4,200,3,4,0.569969,0.498051,0.344828,15.552571
101_cosip_beta0.5_lapin-off_-_g0.8,cosip_beta0.5,1000,0.4,200,3,5,0.593499,0.555813,0.178571,13.961663
101_cosip_beta0.5_lapin-off_-_g0.8,cosip_beta0.5,1000,0.4,200,3,6,0.586024,0.499981,0.413793,15.4538
101_cosip_beta0.5_lapin-off_-_g0.8,cosip_beta0.5,1000,0.4,200,3,7,0.584189,0.523737,0.233333,15.17595
101_cosip_beta0.5_lapin-off_-_g0.8,cosip_beta0.5,1000,0.4,200,3,8,0.551805,0.502947,0.37931,15.621526
101_cosip_beta0.5_lapin-off_-_g0.8,cosip_beta0.5,1000,0.4,200,3,9,0.599168,0.508069,0.366667,16.282034
101_cosip_beta0.5_lapin-off_-_g0.8,cosip_beta0.5,1000,0.4,200,3,10,0.574026,0.544062,0.28,13.168682
102_cosip_beta0.5_lapin-off_-_g0.9,cosip_beta0.5,1000,0.4,200,3,1,0.556117,0.500773,0.4375,18.766469
102_cosip_beta0.5_lapin-off_-_g0.9,cosip_beta0.5,1000,0.4,200,3,2,0.445349,0.446859,0.5,17.014718
102_cosip_beta0.5_lapin-off_-_g0.9,cosip_beta0.5,1000,0.4,200,3,3,0.529354,0.49397,0.3,16.265649
102_cosip_beta0.5_lapin-off_-_g0.9,cosip_beta0.5,1000,0.4,200,3,4,0.529821,0.48252,0.344828,15.552571
102_cosip_beta0.5_lapin-off_-_g0.9,cosip_beta0.5,1000,0.4,200,3,5,0.555618,0.542313,0.178571,13.961663
102_cosip_beta0.5_lapin-off_-_g0.9,cosip_beta0.5,1000,0.4,200,3,6,0.549869,0.493841,0.413793,15.4538
102_cosip_beta0.5_lapin-off_-_g0.9,cosip_beta0.5,1000,0.4,200,3,7,0.565839,0.512707,0.233333,15.17595
102_cosip_beta0.5_lapin-off_-_g0.9,cosip_beta0.5,1000,0.4,200,3,8,0.513324,0.499825,0.37931,15.621526
102_cosip_beta0.5_lapin-off_-_g0.9,cosip_beta0.5,1000,0.4,200,3,9,0.549746,0.497645,0.366667,16.282034
102_cosip_beta0.5_lapin-off_-_g0.9,cosip_beta0.5,1000,0.4,200,3,10,0.542072,0.535686,0.24,13.168682
103_cosip_beta0.5_lapin-on_lsym_g0.3,cosip_beta0.5,1000,0.4,200,3,1,0.162352,0.141083,0.0,20.860891
103_cosip_beta0.5_lapin-on_lsym_g0.3,cosip_beta0.5,1000,0.4,200,3,2,0.214621,0.099042,0.153846,18.129511
103_cosip_beta0.5_lapin-on_lsym_g0.3,cosip_beta0.5,1000,0.4,200,3,3,0.237925,0.193438,0.266667,22.886265
103_cosip_beta0.5_lapin-on_lsym_g0.3,cosip_beta0.5,1000,0.4,200,3,4,0.140797,0.144101,0.344828,23.04248
103_cosip_beta0.5_lapin-on_lsym_g0.3,cosip_beta0.5,1000,0.4,200,3,5,0.20377,0.161033,0.178571,21.144469
103_cosip_beta0.5_lapin-on_lsym_g0.3,cosip_beta0.5,1000,0.4,200,3,6,0.159314,0.16672,0.275862,21.932711
103_cosip_beta0.5_lapin-on_lsym_g0.3,cosip_beta0.5,1000,0.4,200,3,7,0.221324,0.131344,0.133333,20.870467
103_cosip_beta0.5_lapin-on_lsym_g0.3,cosip_beta0.5,1000,0.4,200,3,8,0.295391,0.214919,0.103448,19.345322
103_cosip_beta0.5_lapin-on_lsym_g0.3,cosip_beta0.5,1000,0.4,200,3,9,0.240072,0.172259,0.1,16.389879
103_cosip_beta0.5_lapin-on_lsym_g0.3,cosip_beta0.5,1000,0.4,200,3,10,0.317155,0.273147,0.12,16.557905
104_cosip_beta0.5_lapin-on_lsym_g0.5,cosip_beta0.5,1000,0.4,200,3,1,0.333265,0.319726,0.0,20.860891
104_cosip_beta0.5_lapin-on_lsym_g0.5,cosip_beta0.5,1000,0.4,200,3,2,0.316296,0.225341,0.153846,18.129511
104_cosip_beta0.5_lapin-on_lsym_g0.5,cosip_beta0.5,1000,0.4,200,3,3,0.435217,0.374977,0.266667,22.886265
104_cosip_beta0.5_lapin-on_lsym_g0.5,cosip_beta0.5,1000,0.4,200,3,4,0.297129,0.311098,0.344828,23.04248
104_cosip_beta0.5_lapin-on_lsym_g0.5,cosip_beta0.5,1000,0.4,200,3,5,0.340784,0.307027,0.178571,21.144469
104_cosip_beta0.5_lapin-on_lsym_g0.5,cosip_beta0.5,1000,0.4,200,3,6,0.285862,0.325281,0.275862,21.932711
104_cosip_beta0.5_lapin-on_lsym_g0.5,cosip_beta0.5,1000,0.4,200,3,7,0.312473,0.24306,0.133333,20.870467
104_cosip_beta0.5_lapin-on_lsym_g0.5,cosip_beta0.5,1000,0.4,200,3,8,0.479681,0.395853,0.103448,19.345322
104_cosip_beta0.5_lapin-on_lsym_g0.5,cosip_beta0.5,1000,0.4,200,3,9,0.382086,0.32898,0.1,16.389879
104_cosip_beta0.5_lapin-on_lsym_g0.5,cosip_beta0.5,1000,0.4,200,3,10,0.458826,0.439455,0.12,16.557905
105_cosip_beta0.5_lapin-on_lsym_g0.6,cosip_beta0.5,1000,0.4,200,3,1,0.387085,0.391795,0.0,20.860891
105_cosip_beta0.5_lapin-on_lsym_g0.6,cosip_beta0.5,1000,0.4,200,3,2,0.421746,0.330387,0.153846,18.129511
105_cosip_beta0.5_lapin-on_lsym_g0.6,cosip_beta0.5,1000,0.4,200,3,3,0.491254,0.40781,0.266667,22.886265
105_cosip_beta0.5_lapin-on_lsym_g0.6,cosip_beta0.5,1000,0.4,200,3,4,0.377258,0.370227,0.344828,23.04248
105_cosip_beta0.5_lapin-on_lsym_g0.6,cosip_beta0.5,1000,0.4,200,3,5,0.374639,0.331296,0.178571,21.144469
105_cosip_beta0.5_lapin-on_lsym_g0.6,cosip_beta0.5,1000,0.4,200,3,6,0.392532,0.370789,0.275862,21.932711
105_cosip_beta0.5_lapin-on_lsym_g0.6,cosip_beta0.5,1000,0.4,200,3,7,0.368156,0.33841,0.133333,20.870467
105_cosip_beta0.5_lapin-on_lsym_g0.6,cosip_beta0.5,1000,0.4,200,3,8,0.550185,0.447326,0.103448,19.345322
105_cosip_beta0.5_lapin-on_lsym_g0.6,cosip_beta0.5,1000,0.4,200,3,9,0.475057,0.40816,0.1,16.389879
105_cosip_beta0.5_lapin-on_lsym_g0.6,cosip_beta0.5,1000,0.4,200,3,10,0.532907,0.516627,0.12,16.557905
106_cosip_beta0.5_lapin-on_lsym_g0.7,cosip_beta0.5,1000,0.4,200,3,1,0.462461,0.465738,0.0,20.860891
106_cosip_beta0.5_lapin-on_lsym_g0.7,cosip_beta0.5,1000,0.4,200,3,2,0.505489,0.419825,0.153846,18.129511
106_cosip_beta0.5_lapin-on_lsym_g0.7,cosip_beta0.5,1000,0.4,200,3,3,0.498781,0.41142,0.266667,22.886265
106_cosip_beta0.5_lapin-on_lsym_g0.7,cosip_beta0.5,1000,0.4,200,3,4,0.418618,0.404581,0.344828,23.04248
106_cosip_beta0.5_lapin-on_lsym_g0.7,cosip_beta0.5,1000,0.4,200,3,5,0.394231,0.355954,0.178571,21.144469
106_cosip_beta0.5_lapin-on_lsym_g0.7,cosip_beta0.5,1000,0.4,200,3,6,0.428347,0.391268,0.275862,21.932711
106_cosip_beta0.5_lapin-on_lsym_g0.7,cosip_beta0.5,1000,0.4,200,3,7,0.437668,0.404831,0.133333,20.870467
106_cosip_beta0.5_lapin-on_lsym_g0.7,cosip_beta0.5,1000,0.4,200,3,8,0.6167,0.503577,0.103448,19.345322
106_cosip_beta0.5_lapin-on_lsym_g0.7,cosip_beta0.5,1000,0.4,200,3,9,0.515285,0.457425,0.1,16.389879
106_cosip_beta0.5_lapin-on_lsym_g0.7,cosip_beta0.5,1000,0.4,200,3,10,0.571937,0.550031,0.12,16.557905
107_cosip_beta0.5_lapin-on_lsym_g0.8,cosip_beta0.5,1000,0.4,200,3,1,0.496005,0.510614,0.0,20.860891
107_cosip_beta0.5_lapin-on_lsym_g0.8,cosip_beta0.5,1000,0.4,200,3,2,0.53497,0.483004,0.153846,18.129511
107_cosip_beta0.5_lapin-on_lsym_g0.8,cosip_beta0.5,1000,0.4,200,3,3,0.549546,0.444917,0.266667,22.886265
107_cosip_beta0.5_lapin-on_lsym_g0.8,cosip_beta0.5,1000,0.4,200,3,4,0.499868,0.455892,0.344828,23.04248
107_cosip_beta0.5_lapin-on_lsym_g0.8,cosip_beta0.5,1000,0.4,200,3,5,0.44583,0.381068,0.178571,21.144469
107_cosip_beta0.5_lapin-on_lsym_g0.8,cosip_beta0.5,1000,0.4,200,3,6,0.475094,0.40631,0.275862,21.932711
107_cosip_beta0.5_lapin-on_lsym_g0.8,cosip_beta0.5,1000,0.4,200,3,7,0.522404,0.457511,0.133333,20.870467
107_cosip_beta0.5_lapin-on_lsym_g0.8,cosip_beta0.5,1000,0.4,200,3,8,0.607549,0.552682,0.103448,19.345322
107_cosip_beta0.5_lapin-on_lsym_g0.8,cosip_beta0.5,1000,0.4,200,3,9,0.53063,0.498134,0.1,16.389879
107_cosip_beta0.5_lapin-on_lsym_g0.8,cosip_beta0.5,1000,0.4,200,3,10,0.558458,0.571168,0.12,16.557905
108_cosip_beta0.5_lapin-on_lsym_g0.9,cosip_beta0.5,1000,0.4,200,3,1,0.490917,0.511287,0.0,20.860891
108_cosip_beta0.5_lapin-on_lsym_g0.9,cosip_beta0.5,1000,0.4,200,3,2,0.530111,0.503162,0.153846,18.129511
108_cosip_beta0.5_lapin-on_lsym_g0.9,cosip_beta0.5,1000,0.4,200,3,3,0.531333,0.487881,0.266667,22.886265
108_cosip_beta0.5_lapin-on_lsym_g0.9,cosip_beta0.5,1000,0.4,200,3,4,0.512884,0.478614,0.344828,23.04248
108_cosip_beta0.5_lapin-on_lsym_g0.9,cosip_beta0.5,1000,0.4,200,3,5,0.445781,0.411219,0.178571,21.144469
108_cosip_beta0.5_lapin-on_lsym_g0.9,cosip_beta0.5,1000,0.4,200,3,6,0.465925,0.4197,0.275862,21.932711
108_cosip_beta0.5_lapin-on_lsym_g0.9,cosip_beta0.5,1000,0.4,200,3,7,0.544114,0.481497,0.133333,20.870467
108_cosip_beta0.5_lapin-on_lsym_g0.9,cosip_beta0.5,1000,0.4,200,3,8,0.594207,0.571352,0.103448,19.345322
108_cosip_beta0.5_lapin-on_lsym_g0.9,cosip_beta0.5,1000,0.4,200,3,9,0.531302,0.541388,0.1,16.389879
108_cosip_beta0.5_lapin-on_lsym_g0.9,cosip_beta0.5,1000,0.4,200,3,10,0.53357,0.550142,0.08,16.557905
109_cosip_beta1_lapin-off_-_g0.3,cosip_beta1,1000,0.4,200,3,1,0.498429,0.46294,0.125,14.898007
109_cosip_beta1_lapin-off_-_g0.3,cosip_beta1,1000,0.4,200,3,2,0.438308,0.417874,0.153846,12.199488
109_cosip_beta1_lapin-off_-_g0.3,cosip_beta1,1000,0.4,200,3,3,0.393926,0.335191,0.3,15.358669
109_cosip_beta1_lapin-off_-_g0.3,cosip_beta1,1000,0.4,200,3,4,0.417077,0.339045,0.137931,13.425622
109_cosip_beta1_lapin-off_-_g0.3,cosip_beta1,1000,0.4,200,3,5,0.457352,0.421623,0.178571,13.571246
109_cosip_beta1_lapin-off_-_g0.3,cosip_beta1,1000,0.4,200,3,6,0.407681,0.359226,0.206897,14.756006
109_cosip_beta1_lapin-off_-_g0.3,cosip_beta1,1000,0.4,200,3,7,0.430484,0.395638,0.166667,14.841356
109_cosip_beta1_lapin-off_-_g0.3,cosip_beta1,1000,0.4,200,3,8,0.32282,0.260498,0.206897,13.912024
109_cosip_beta1_lapin-off_-_g0.3,cosip_beta1,1000,0.4,200,3,9,0.510452,0.494837,0.166667,14.071577
109_cosip_beta1_lapin-off_-_g0.3,cosip_beta1,1000,0.4,200,3,10,0.476629,0.495944,0.12,12.382802
110_cosip_beta1_lapin-off_-_g0.5,cosip_beta1,1000,0.4,200,3,1,0.621255,0.566022,0.125,14.898007
110_cosip_beta1_lapin-off_-_g0.5,cosip_beta1,1000,0.4,200,3,2,0.547239,0.519513,0.153846,12.199488
110_cosip_beta1_lapin-off_-_g0.5,cosip_beta1,1000,0.4,200,3,3,0.504843,0.479097,0.3,15.358669
110_cosip_beta1_lapin-off_-_g0.5,cosip_beta1,1000,0.4,200,3,4,0.547319,0.482753,0.137931,13.425622
110_cosip_beta1_lapin-off_-_g0.5,cosip_beta1,1000,0.4,200,3,5,0.597451,0.553072,0.178571,13.571246
110_cosip_beta1_lapin-off_-_g0.5,cosip_beta1,1000,0.4,200,3,6,0.541441,0.519699,0.206897,14.756006
110_cosip_beta1_lapin-off_-_g0.5,cosip_beta1,1000,0.4,200,3,7,0.513176,0.49153,0.166667,14.841356
110_cosip_beta1_lapin-off_-_g0.5,cosip_beta1,1000,0.4,200,3,8,0.480574,0.418823,0.206897,13.912024
110_cosip_beta1_lapin-off_-_g0.5,cosip_beta1,1000,0.4,200,3,9,0.624302,0.581481,0.166667,14.071577
110_cosip_beta1_lapin-off_-_g0.5,cosip_beta1,1000,0.4,200,3,10,0.57912,0.573123,0.12,12.382802
111_cosip_beta1_lapin-off_-_g0.6,cosip_beta1,1000,0.4,200,3,1,0.636076,0.565335,0.125,14.898007
111_cosip_beta1_lapin-off_-_g0.6,cosip_beta1,1000,0.4,200,3,2,0.586853,0.540828,0.153846,12.199488
111_cosip_beta1_lapin-off_-_g0.6,cosip_beta1,1000,0.4,200,3,3,0.542657,0.499448,0.3,15.358669
111_cosip_beta1_lapin-off_-_g0.6,cosip_beta1,1000,0.4,200,3,4,0.57448,0.499146,0.137931,13.425622
111_cosip_beta1_lapin-off_-_g0.6,cosip_beta1,1000,0.4,200,3,5,0.619948,0.564866,0.178571,13.571246
111_cosip_beta1_lapin-off_-_g0.6,cosip_beta1,1000,0.4,200,3,6,0.580884,0.530343,0.206897,14.756006
111_cosip_beta1_lapin-off_-_g0.6,cosip_beta1,1000,0.4,200,3,7,0.550559,0.506653,0.166667,14.841356
111_cosip_beta1_lapin-off_-_g0.6,cosip_beta1,1000,0.4,200,3,8,0.532874,0.476325,0.206897,13.912024
111_cosip_beta1_lapin-off_-_g0.6,cosip_beta1,1000,0.4,200,3,9,0.638956,0.577438,0.166667,14.071577
111_cosip_beta1_lapin-off_-_g0.6,cosip_beta1,1000,0.4,200,3,10,0.585879,0.584239,0.12,12.382802
112_cosip_beta1_lapin-off_-_g0.7,cosip_beta1,1000,0.4,200,3,1,0.630109,0.559306,0.125,14.898007
112_cosip_beta1_lapin-off_-_g0.7,cosip_beta1,1000,0.4,200,3,2,0.591522,0.546052,0.153846,12.199488
112_cosip_beta1_lapin-off_-_g0.7,cosip_beta1,1000,0.4,200,3,3,0.562862,0.502671,0.3,15.358669
112_cosip_beta1_lapin-off_-_g0.7,cosip_beta1,1000,0.4,200,3,4,0.566079,0.513395,0.137931,13.425622
112_cosip_beta1_lapin-off_-_g0.7,cosip_beta1,1000,0.4,200,3,5,0.60387,0.560199,0.178571,13.571246
112_cosip_beta1_lapin-off_-_g0.7,cosip_beta1,1000,0.4,200,3,6,0.587365,0.524032,0.206897,14.756006
112_cosip_beta1_lapin-off_-_g0.7,cosip_beta1,1000,0.4,200,3,7,0.574473,0.522642,0.166667,14.841356
112_cosip_beta1_lapin-off_-_g0.7,cosip_beta1,1000,0.4,200,3,8,0.569072,0.522681,0.206897,13.912024
112_cosip_beta1_lapin-off_-_g0.7,cosip_beta1,1000,0.4,200,3,9,0.630885,0.578898,0.166667,14.071577
112_cosip_beta1_lapin-off_-_g0.7,cosip_beta1,1000,0.4,200,3,10,0.57851,0.579917,0.12,12.382802
113_cosip_beta1_lapin-off_-_g0.8,cosip_beta1,1000,0.4,200,3,1,0.610553,0.557462,0.125,14.898007
113_cosip_beta1_lapin-off_-_g0.8,cosip_beta1,1000,0.4,200,3,2,0.569506,0.544234,0.153846,12.199488
113_cosip_beta1_lapin-off_-_g0.8,cosip_beta1,1000,0.4,200,3,3,0.569511,0.499505,0.3,15.358669
113_cosip_beta1_lapin-off_-_g0.8,cosip_beta1,1000,0.4,200,3,4,0.553701,0.511417,0.137931,13.425622
113_cosip_beta1_lapin-off_-_g0.8,cosip_beta1,1000,0.4,200,3,5,0.590218,0.566272,0.178571,13.571246
113_cosip_beta1_lapin-off_-_g0.8,cosip_beta1,1000,0.4,200,3,6,0.567123,0.509739,0.206897,14.756006
113_cosip_beta1_lapin-off_-_g0.8,cosip_beta1,1000,0.4,200,3,7,0.566068,0.524997,0.166667,14.841356
113_cosip_beta1_lapin-off_-_g0.8,cosip_beta1,1000,0.4,200,3,8,0.574246,0.528995,0.206897,13.912024
113_cosip_beta1_lapin-off_-_g0.8,cosip_beta1,1000,0.4,200,3,9,0.612425,0.577693,0.166667,14.071577
113_cosip_beta1_lapin-off_-_g0.8,cosip_beta1,1000,0.4,200,3,10,0.559604,0.563278,0.12,12.382802
114_cosip_beta1_lapin-off_-_g0.9,cosip_beta1,1000,0.4,200,3,1,0.580381,0.555149,0.125,14.898007
114_cosip_beta1_lapin-off_-_g0.9,cosip_beta1,1000,0.4,200,3,2,0.552976,0.547415,0.153846,12.199488
114_cosip_beta1_lapin-off_-_g0.9,cosip_beta1,1000,0.4,200,3,3,0.535917,0.501765,0.3,15.358669
114_cosip_beta1_lapin-off_-_g0.9,cosip_beta1,1000,0.4,200,3,4,0.538645,0.500365,0.103448,13.425622
114_cosip_beta1_lapin-off_-_g0.9,cosip_beta1,1000,0.4,200,3,5,0.570223,0.553751,0.178571,13.571246
114_cosip_beta1_lapin-off_-_g0.9,cosip_beta1,1000,0.4,200,3,6,0.539418,0.502749,0.206897,14.756006
114_cosip_beta1_lapin-off_-_g0.9,cosip_beta1,1000,0.4,200,3,7,0.553548,0.516846,0.166667,14.841356
114_cosip_beta1_lapin-off_-_g0.9,cosip_beta1,1000,0.4,200,3,8,0.540055,0.534108,0.206897,13.912024
114_cosip_beta1_lapin-off_-_g0.9,cosip_beta1,1000,0.4,200,3,9,0.572542,0.569846,0.166667,14.071577
114_cosip_beta1_lapin-off_-_g0.9,cosip_beta1,1000,0.4,200,3,10,0.543287,0.541141,0.12,12.382802
115_cosip_beta1_lapin-on_lsym_g0.3,cosip_beta1,1000,0.4,200,3,1,0.179776,0.148138,0.0625,19.164112
115_cosip_beta1_lapin-on_lsym_g0.3,cosip_beta1,1000,0.4,200,3,2,0.273635,0.221419,0.153846,17.858165
115_cosip_beta1_lapin-on_lsym_g0.3,cosip_beta1,1000,0.4,200,3,3,0.14235,0.119258,0.133333,20.846855
115_cosip_beta1_lapin-on_lsym_g0.3,cosip_beta1,1000,0.4,200,3,4,0.18608,0.170243,0.172414,21.049746
115_cosip_beta1_lapin-on_lsym_g0.3,cosip_beta1,1000,0.4,200,3,5,0.259986,0.243704,0.0,18.184126
115_cosip_beta1_lapin-on_lsym_g0.3,cosip_beta1,1000,0.4,200,3,6,0.165422,0.152933,0.172414,20.602351
115_cosip_beta1_lapin-on_lsym_g0.3,cosip_beta1,1000,0.4,200,3,7,0.242714,0.18461,0.033333,19.061592
115_cosip_beta1_lapin-on_lsym_g0.3,cosip_beta1,1000,0.4,200,3,8,0.116575,0.083252,0.0,18.445322
115_cosip_beta1_lapin-on_lsym_g0.3,cosip_beta1,1000,0.4,200,3,9,0.220739,0.181239,0.0,18.291352
115_cosip_beta1_lapin-on_lsym_g0.3,cosip_beta1,1000,0.4,200,3,10,0.222071,0.173827,0.16,18.504373
116_cosip_beta1_lapin-on_lsym_g0.5,cosip_beta1,1000,0.4,200,3,1,0.376353,0.370094,0.0625,19.164112
116_cosip_beta1_lapin-on_lsym_g0.5,cosip_beta1,1000,0.4,200,3,2,0.449472,0.421017,0.153846,17.858165
116_cosip_beta1_lapin-on_lsym_g0.5,cosip_beta1,1000,0.4,200,3,3,0.290297,0.276017,0.133333,20.846855
116_cosip_beta1_lapin-on_lsym_g0.5,cosip_beta1,1000,0.4,200,3,4,0.33394,0.319484,0.172414,21.049746
116_cosip_beta1_lapin-on_lsym_g0.5,cosip_beta1,1000,0.4,200,3,5,0.457473,0.478198,0.0,18.184126
116_cosip_beta1_lapin-on_lsym_g0.5,cosip_beta1,1000,0.4,200,3,6,0.322179,0.290639,0.172414,20.602351
116_cosip_beta1_lapin-on_lsym_g0.5,cosip_beta1,1000,0.4,200,3,7,0.408306,0.400211,0.033333,19.061592
116_cosip_beta1_lapin-on_lsym_g0.5,cosip_beta1,1000,0.4,200,3,8,0.244653,0.219949,0.0,18.445322
116_cosip_beta1_lapin-on_lsym_g0.5,cosip_beta1,1000,0.4,200,3,9,0.410135,0.386122,0.0,18.291352
116_cosip_beta1_lapin-on_lsym_g0.5,cosip_beta1,1000,0.4,200,3,10,0.310877,0.308577,0.16,18.504373
117_cosip_beta1_lapin-on_lsym_g0.6,cosip_beta1,1000,0.4,200,3,1,0.440406,0.423842,0.0625,19.164112
117_cosip_beta1_lapin-on_lsym_g0.6,cosip_beta1,1000,0.4,200,3,2,0.503479,0.458052,0.153846,17.858165
117_cosip_beta1_lapin-on_lsym_g0.6,cosip_beta1,1000,0.4,200,3,3,0.348719,0.356757,0.133333,20.846855
117_cosip_beta1_lapin-on_lsym_g0.6,cosip_beta1,1000,0.4,200,3,4,0.414135,0.403569,0.172414,21.049746
117_cosip_beta1_lapin-on_lsym_g0.6,cosip_beta1,1000,0.4,200,3,5,0.525749,0.517123,0.0,18.184126
117_cosip_beta1_lapin-on_lsym_g0.6,cosip_beta1,1000,0.4,200,3,6,0.414537,0.402648,0.172414,20.602351
117_cosip_beta1_lapin-on_lsym_g0.6,cosip_beta1,1000,0.4,200,3,7,0.537701,0.532966,0.033333,19.061592
117_cosip_beta1_lapin-on_lsym_g0.6,cosip_beta1,1000,0.4,200,3,8,0.295562,0.274351,0.0,18.445322
117_cosip_beta1_lapin-on_lsym_g0.6,cosip_beta1,1000,0.4,200,3,9,0.509569,0.481964,0.0,18.291352
117_cosip_beta1_lapin-on_lsym_g0.6,cosip_beta1,1000,0.4,200,3,10,0.365617,0.374284,0.16,18.504373
118_cosip_beta1_lapin-on_lsym_g0.7,cosip_beta1,1000,0.4,200,3,1,0.477825,0.459268,0.0625,19.164112
118_cosip_beta1_lapin-on_lsym_g0.7,cosip_beta1,1000,0.4,200,3,2,0.558054,0.499377,0.153846,17.858165
118_cosip_beta1_lapin-on_lsym_g0.7,cosip_beta1,1000,0.4,200,3,3,0.430712,0.411514,0.133333,20.846855
118_cosip_beta1_lapin-on_lsym_g0.7,cosip_beta1,1000,0.4,200,3,4,0.499107,0.459945,0.172414,21.049746
118_cosip_beta1_lapin-on_lsym_g0.7,cosip_beta1,1000,0.4,200,3,5,0.541618,0.532227,0.0,18.184126
118_cosip_beta1_lapin-on_lsym_g0.7,cosip_beta1,1000,0.4,200,3,6,0.487149,0.45121,0.172414,20.602351
118_cosip_beta1_lapin-on_lsym_g0.7,cosip_beta1,1000,0.4,200,3,7,0.568339,0.574679,0.033333,19.061592
118_cosip_beta1_lapin-on_lsym_g0.7,cosip_beta1,1000,0.4,200,3,8,0.337852,0.339091,0.0,18.445322
118_cosip_beta1_lapin-on_lsym_g0.7,cosip_beta1,1000,0.4,200,3,9,0.570333,0.540351,0.0,18.291352
118_cosip_beta1_lapin-on_lsym_g0.7,cosip_beta1,1000,0.4,200,3,10,0.435851,0.412533,0.16,18.504373
119_cosip_beta1_lapin-on_lsym_g0.8,cosip_beta1,1000,0.4,200,3,1,0.490579,0.500889,0.0625,19.164112
119_cosip_beta1_lapin-on_lsym_g0.8,cosip_beta1,1000,0.4,200,3,2,0.558363,0.516169,0.153846,17.858165
119_cosip_beta1_lapin-on_lsym_g0.8,cosip_beta1,1000,0.4,200,3,3,0.48548,0.456447,0.133333,20.846855
119_cosip_beta1_lapin-on_lsym_g0.8,cosip_beta1,1000,0.4,200,3,4,0.520669,0.491206,0.172414,21.049746
119_cosip_beta1_lapin-on_lsym_g0.8,cosip_beta1,1000,0.4,200,3,5,0.534808,0.541331,0.0,18.184126
119_cosip_beta1_lapin-on_lsym_g0.8,cosip_beta1,1000,0.4,200,3,6,0.515182,0.457339,0.172414,20.602351
119_cosip_beta1_lapin-on_lsym_g0.8,cosip_beta1,1000,0.4,200,3,7,0.572289,0.595149,0.033333,19.061592
119_cosip_beta1_lapin-on_lsym_g0.8,cosip_beta1,1000,0.4,200,3,8,0.379799,0.398865,0.0,18.445322
119_cosip_beta1_lapin-on_lsym_g0.8,cosip_beta1,1000,0.4,200,3,9,0.57799,0.559707,0.0,18.291352
119_cosip_beta1_lapin-on_lsym_g0.8,cosip_beta1,1000,0.4,200,3,10,0.479033,0.459823,0.16,18.504373
120_cosip_beta1_lapin-on_lsym_g0.9,cosip_beta1,1000,0.4,200,3,1,0.502241,0.523036,0.0625,19.164112
120_cosip_beta1_lapin-on_lsym_g0.9,cosip_beta1,1000,0.4,200,3,2,0.544611,0.517937,0.153846,17.858165
120_cosip_beta1_lapin-on_lsym_g0.9,cosip_beta1,1000,0.4,200,3,3,0.454775,0.460278,0.133333,20.846855
120_cosip_beta1_lapin-on_lsym_g0.9,cosip_beta1,1000,0.4,200,3,4,0.513265,0.493311,0.172414,21.049746
120_cosip_beta1_lapin-on_lsym_g0.9,cosip_beta1,1000,0.4,200,3,5,0.554764,0.559221,0.0,18.184126
120_cosip_beta1_lapin-on_lsym_g0.9,cosip_beta1,1000,0.4,200,3,6,0.496062,0.469241,0.172414,20.602351
120_cosip_beta1_lapin-on_lsym_g0.9,cosip_beta1,1000,0.4,200,3,7,0.576809,0.593872,0.033333,19.061592
120_cosip_beta1_lapin-on_lsym_g0.9,cosip_beta1,1000,0.4,200,3,8,0.389766,0.417038,0.0,18.445322
120_cosip_beta1_lapin-on_lsym_g0.9,cosip_beta1,1000,0.4,200,3,9,0.56891,0.561598,0.0,18.291352
120_cosip_beta1_lapin-on_lsym_g0.9,cosip_beta1,1000,0.4,200,3,10,0.464726,0.476529,0.16,18.504373
001_default_lapin-off_-_g0.3,default,1000,0.4,200,3,1,0.145584,0.087548,0.09375,13.072131
001_default_lapin-off_-_g0.3,default,1000,0.4,200,3,2,0.246757,0.194904,0.038462,12.192561
001_default_lapin-off_-_g0.3,default,1000,0.4,200,3,3,0.227949,0.189623,0.1,11.80841
001_default_lapin-off_-_g0.3,default,1000,0.4,200,3,4,0.188185,0.139072,0.034483,12.322968
001_default_lapin-off_-_g0.3,default,1000,0.4,200,3,5,0.126855,0.0719,0.071429,11.717325
001_default_lapin-off_-_g0.3,default,1000,0.4,200,3,6,0.225828,0.179698,0.034483,12.358374
001_default_lapin-off_-_g0.3,default,1000,0.4,200,3,7,0.207517,0.134871,0.066667,12.395613
001_default_lapin-off_-_g0.3,default,1000,0.4,200,3,8,0.190473,0.14256,0.0,12.828706
001_default_lapin-off_-_g0.3,default,1000,0.4,200,3,9,0.189562,0.109984,0.033333,13.784083
001_default_lapin-off_-_g0.3,default,1000,0.4,200,3,10,0.189166,0.110984,0.12,10.405133
002_default_lapin-off_-_g0.5,default,1000,0.4,200,3,1,0.308788,0.314599,0.09375,13.072131
002_default_lapin-off_-_g0.5,default,1000,0.4,200,3,2,0.433273,0.461721,0.038462,12.192561
002_default_lapin-off_-_g0.5,default,1000,0.4,200,3,3,0.426385,0.425883,0.1,11.80841
002_default_lapin-off_-_g0.5,default,1000,0.4,200,3,4,0.355222,0.377063,0.034483,12.322968
002_default_lapin-off_-_g0.5,default,1000,0.4,200,3,5,0.237574,0.231978,0.071429,11.717325
002_default_lapin-off_-_g0.5,default,1000,0.4,200,3,6,0.448738,0.484308,0.034483,12.358374
002_default_lapin-off_-_g0.5,default,1000,0.4,200,3,7,0.371189,0.355535,0.066667,12.395613
002_default_lapin-off_-_g0.5,default,1000,0.4,200,3,8,0.358413,0.368102,0.0,12.828706
002_default_lapin-off_-_g0.5,default,1000,0.4,200,3,9,0.314748,0.281165,0.033333,13.784083
002_default_lapin-off_-_g0.5,default,1000,0.4,200,3,10,0.300608,0.313222,0.12,10.405133
003_default_lapin-off_-_g0.6,default,1000,0.4,200,3,1,0.383419,0.416956,0.09375,13.072131
003_default_lapin-off_-_g0.6,default,1000,0.4,200,3,2,0.504583,0.530628,0.038462,12.192561
003_default_lapin-off_-_g0.6,default,1000,0.4,200,3,3,0.499839,0.509972,0.1,11.80841
003_default_lapin-off_-_g0.6,default,1000,0.4,200,3,4,0.425332,0.447358,0.034483,12.322968
003_default_lapin-off_-_g0.6,default,1000,0.4,200,3,5,0.299041,0.315438,0.071429,11.717325
003_default_lapin-off_-_g0.6,default,1000,0.4,200,3,6,0.517309,0.54793,0.034483,12.358374
003_default_lapin-off_-_g0.6,default,1000,0.4,200,3,7,0.426498,0.43225,0.066667,12.395613
003_default_lapin-off_-_g0.6,default,1000,0.4,200,3,8,0.427489,0.444542,0.0,12.828706
003_default_lapin-off_-_g0.6,default,1000,0.4,200,3,9,0.362511,0.356858,0.033333,13.784083
003_default_lapin-off_-_g0.6,default,1000,0.4,200,3,10,0.380084,0.405698,0.12,10.405133
004_default_lapin-off_-_g0.7,default,1000,0.4,200,3,1,0.451909,0.468529,0.09375,13.072131
004_default_lapin-off_-_g0.7,default,1000,0.4,200,3,2,0.570429,0.570855,0.038462,12.192561
004_default_lapin-off_-_g0.7,default,1000,0.4,200,3,3,0.538267,0.545904,0.1,11.80841
004_default_lapin-off_-_g0.7,default,1000,0.4,200,3,4,0.487418,0.508925,0.034483,12.322968
004_default_lapin-off_-_g0.7,default,1000,0.4,200,3,5,0.355848,0.384414,0.071429,11.717325
004_default_lapin-off_-_g0.7,default,1000,0.4,200,3,6,0.572714,0.577515,0.034483,12.358374
004_default_lapin-off_-_g0.7,default,1000,0.4,200,3,7,0.479568,0.482475,0.066667,12.395613
004_default_lapin-off_-_g0.7,default,1000,0.4,200,3,8,0.483853,0.494972,0.0,12.828706
004_default_lapin-off_-_g0.7,default,1000,0.4,200,3,9,0.421171,0.429378,0.033333,13.784083
004_default_lapin-off_-_g0.7,default,1000,0.4,200,3,10,0.436908,0.465199,0.12,10.405133
005_default_lapin-off_-_g0.8,default,1000,0.4,200,3,1,0.476287,0.505498,0.09375,13.072131
005_default_lapin-off_-_g0.8,default,1000,0.4,200,3,2,0.576441,0.564546,0.038462,12.192561
005_default_lapin-off_-_g0.8,default,1000,0.4,200,3,3,0.515812,0.547844,0.1,11.80841
005_default_lapin-off_-_g0.8,default,1000,0.4,200,3,4,0.515658,0.532363,0.034483,12.322968
005_default_lapin-off_-_g0.8,default,1000,0.4,200,3,5,0.394563,0.428785,0.071429,11.717325
005_default_lapin-off_-_g0.8,default,1000,0.4,200,3,6,0.560428,0.579012,0.034483,12.358374
005_default_lapin-off_-_g0.8,default,1000,0.4,200,3,7,0.493945,0.509011,0.066667,12.395613
005_default_lapin-off_-_g0.8,default,1000,0.4,200,3,8,0.509389,0.513895,0.0,12.828706
005_default_lapin-off_-_g0.8,default,1000,0.4,200,3,9,0.476346,0.47256,0.033333,13.784083
005_default_lapin-off_-_g0.8,default,1000,0.4,200,3,10,0.445655,0.493922,0.12,10.405133
006_default_lapin-off_-_g0.9,default,1000,0.4,200,3,1,0.442535,0.516477,0.09375,13.072131
006_default_lapin-off_-_g0.9,default,1000,0.4,200,3,2,0.563737,0.563109,0.038462,12.192561
006_default_lapin-off_-_g0.9,default,1000,0.4,200,3,3,0.508349,0.543395,0.1,11.80841
006_default_lapin-off_-_g0.9,default,1000,0.4,200,3,4,0.498229,0.544602,0.034483,12.322968
006_default_lapin-off_-_g0.9,default,1000,0.4,200,3,5,0.409409,0.454252,0.071429,11.717325
006_default_lapin-off_-_g0.9,default,1000,0.4,200,3,6,0.548546,0.575352,0.034483,12.358374
006_default_lapin-off_-_g0.9,default,1000,0.4,200,3,7,0.465644,0.506613,0.066667,12.395613
006_default_lapin-off_-_g0.9,default,1000,0.4,200,3,8,0.487336,0.521166,0.0,12.828706
006_default_lapin-off_-_g0.9,default,1000,0.4,200,3,9,0.46821,0.493695,0.033333,13.784083
006_default_lapin-off_-_g0.9,default,1000,0.4,200,3,10,0.429869,0.501318,0.12,10.405133
007_default_lapin-on_lsym_g0.3,default,1000,0.4,200,3,1,0.069076,0.0217,0.0625,18.551923
007_default_lapin-on_lsym_g0.3,default,1000,0.4,200,3,2,0.170408,0.094075,0.038462,16.180443
007_default_lapin-on_lsym_g0.3,default,1000,0.4,200,3,3,0.124648,0.072245,0.233333,13.969182
007_default_lapin-on_lsym_g0.3,default,1000,0.4,200,3,4,0.08758,0.041664,0.206897,14.394491
007_default_lapin-on_lsym_g0.3,default,1000,0.4,200,3,5,0.075648,0.021604,0.107143,15.746015
007_default_lapin-on_lsym_g0.3,default,1000,0.4,200,3,6,0.137112,0.074634,0.172414,14.971518
007_default_lapin-on_lsym_g0.3,default,1000,0.4,200,3,7,0.085625,0.029465,0.2,15.406821
007_default_lapin-on_lsym_g0.3,default,1000,0.4,200,3,8,0.154004,0.090365,0.034483,18.532798
007_default_lapin-on_lsym_g0.3,default,1000,0.4,200,3,9,0.083452,0.020817,0.1,16.721035
007_default_lapin-on_lsym_g0.3,default,1000,0.4,200,3,10,0.129749,0.057335,0.0,15.390509
008_default_lapin-on_lsym_g0.5,default,1000,0.4,200,3,1,0.12751,0.148661,0.0625,18.551923
008_default_lapin-on_lsym_g0.5,default,1000,0.4,200,3,2,0.300269,0.330717,0.038462,16.180443
008_default_lapin-on_lsym_g0.5,default,1000,0.4,200,3,3,0.221326,0.268609,0.233333,13.969182
008_default_lapin-on_lsym_g0.5,default,1000,0.4,200,3,4,0.182682,0.203623,0.206897,14.394491
008_default_lapin-on_lsym_g0.5,default,1000,0.4,200,3,5,0.117445,0.148432,0.107143,15.746015
008_default_lapin-on_lsym_g0.5,default,1000,0.4,200,3,6,0.282985,0.303824,0.172414,14.971518
008_default_lapin-on_lsym_g0.5,default,1000,0.4,200,3,7,0.145007,0.148819,0.2,15.406821
008_default_lapin-on_lsym_g0.5,default,1000,0.4,200,3,8,0.290538,0.301722,0.034483,18.532798
008_default_lapin-on_lsym_g0.5,default,1000,0.4,200,3,9,0.163105,0.161169,0.1,16.721035
008_default_lapin-on_lsym_g0.5,default,1000,0.4,200,3,10,0.246822,0.234553,0.0,15.390509
009_default_lapin-on_lsym_g0.6,default,1000,0.4,200,3,1,0.186591,0.238662,0.0625,18.551923
009_default_lapin-on_lsym_g0.6,default,1000,0.4,200,3,2,0.369823,0.413865,0.038462,16.180443
009_default_lapin-on_lsym_g0.6,default,1000,0.4,200,3,3,0.298105,0.36281,0.233333,13.969182
009_default_lapin-on_lsym_g0.6,default,1000,0.4,200,3,4,0.227412,0.300344,0.206897,14.394491
009_default_lapin-on_lsym_g0.6,default,1000,0.4,200,3,5,0.151986,0.213378,0.107143,15.746015
009_default_lapin-on_lsym_g0.6,default,1000,0.4,200,3,6,0.347615,0.402068,0.172414,14.971518
009_default_lapin-on_lsym_g0.6,default,1000,0.4,200,3,7,0.181898,0.221399,0.2,15.406821
009_default_lapin-on_lsym_g0.6,default,1000,0.4,200,3,8,0.355958,0.389125,0.034483,18.532798
009_default_lapin-on_lsym_g0.6,default,1000,0.4,200,3,9,0.20854,0.226348,0.1,16.721035
009_default_lapin-on_lsym_g0.6,default,1000,0.4,200,3,10,0.292146,0.328331,0.0,15.390509
010_default_lapin-on_lsym_g0.7,default,1000,0.4,200,3,1,0.236559,0.318712,0.0625,18.551923
010_default_lapin-on_lsym_g0.7,default,1000,0.4,200,3,2,0.408079,0.464529,0.038462,16.180443
010_default_lapin-on_lsym_g0.7,default,1000,0.4,200,3,3,0.366749,0.423308,0.233333,13.969182
010_default_lapin-on_lsym_g0.7,default,1000,0.4,200,3,4,0.284841,0.374141,0.206897,14.394491
010_default_lapin-on_lsym_g0.7,default,1000,0.4,200,3,5,0.214748,0.28411,0.107143,15.746015
010_default_lapin-on_lsym_g0.7,default,1000,0.4,200,3,6,0.424879,0.47236,0.172414,14.971518
010_default_lapin-on_lsym_g0.7,default,1000,0.4,200,3,7,0.20381,0.301277,0.2,15.406821
010_default_lapin-on_lsym_g0.7,default,1000,0.4,200,3,8,0.412563,0.455873,0.034483,18.532798
010_default_lapin-on_lsym_g0.7,default,1000,0.4,200,3,9,0.238109,0.293862,0.1,16.721035
010_default_lapin-on_lsym_g0.7,default,1000,0.4,200,3,10,0.349816,0.402989,0.0,15.390509
011_default_lapin-on_lsym_g0.8,default,1000,0.4,200,3,1,0.266845,0.361559,0.0625,18.551923
011_default_lapin-on_lsym_g0.8,default,1000,0.4,200,3,2,0.428121,0.497074,0.038462,16.180443
011_default_lapin-on_lsym_g0.8,default,1000,0.4,200,3,3,0.38626,0.457892,0.233333,13.969182
011_default_lapin-on_lsym_g0.8,default,1000,0.4,200,3,4,0.315726,0.414997,0.206897,14.394491
011_default_lapin-on_lsym_g0.8,default,1000,0.4,200,3,5,0.241881,0.331036,0.107143,15.746015
011_default_lapin-on_lsym_g0.8,default,1000,0.4,200,3,6,0.433786,0.501604,0.172414,14.971518
011_default_lapin-on_lsym_g0.8,default,1000,0.4,200,3,7,0.283859,0.365418,0.2,15.406821
011_default_lapin-on_lsym_g0.8,default,1000,0.4,200,3,8,0.460726,0.491263,0.034483,18.532798
011_default_lapin-on_lsym_g0.8,default,1000,0.4,200,3,9,0.274507,0.349086,0.1,16.721035
011_default_lapin-on_lsym_g0.8,default,1000,0.4,200,3,10,0.400646,0.453489,0.0,15.390509
012_default_lapin-on_lsym_g0.9,default,1000,0.4,200,3,1,0.28103,0.377256,0.0625,18.551923
012_default_lapin-on_lsym_g0.9,default,1000,0.4,200,3,2,0.44145,0.495386,0.038462,16.180443
012_default_lapin-on_lsym_g0.9,default,1000,0.4,200,3,3,0.396466,0.472709,0.233333,13.969182
012_default_lapin-on_lsym_g0.9,default,1000,0.4,200,3,4,0.335891,0.428306,0.206897,14.394491
012_default_lapin-on_lsym_g0.9,default,1000,0.4,200,3,5,0.266399,0.357215,0.107143,15.746015
012_default_lapin-on_lsym_g0.9,default,1000,0.4,200,3,6,0.403608,0.502687,0.172414,14.971518
012_default_lapin-on_lsym_g0.9,default,1000,0.4,200,3,7,0.284311,0.399469,0.2,15.406821
012_default_lapin-on_lsym_g0.9,default,1000,0.4,200,3,8,0.459238,0.503615,0.034483,18.532798
012_default_lapin-on_lsym_g0.9,default,1000,0.4,200,3,9,0.288169,0.372457,0.1,16.721035
012_default_lapin-on_lsym_g0.9,default,1000,0.4,200,3,10,0.403701,0.466721,0.0,15.390509
025_dice_lapin-off_-_g0.3,dice,1000,0.4,200,3,1,0.458875,0.356188,0.25,16.91557
025_dice_lapin-off_-_g0.3,dice,1000,0.4,200,3,2,0.339344,0.29578,0.576923,17.792882
025_dice_lapin-off_-_g0.3,dice,1000,0.4,200,3,3,0.452282,0.403353,0.5,17.714982
025_dice_lapin-off_-_g0.3,dice,1000,0.4,200,3,4,0.40326,0.338859,0.413793,17.142185
025_dice_lapin-off_-_g0.3,dice,1000,0.4,200,3,5,0.442929,0.404121,0.357143,15.482174
025_dice_lapin-off_-_g0.3,dice,1000,0.4,200,3,6,0.362585,0.262471,0.551724,19.425115
025_dice_lapin-off_-_g0.3,dice,1000,0.4,200,3,7,0.416152,0.378531,0.433333,17.421522
025_dice_lapin-off_-_g0.3,dice,1000,0.4,200,3,8,0.411264,0.386045,0.413793,16.909406
025_dice_lapin-off_-_g0.3,dice,1000,0.4,200,3,9,0.415169,0.351249,0.5,17.607454
025_dice_lapin-off_-_g0.3,dice,1000,0.4,200,3,10,0.45866,0.373852,0.36,14.949233
026_dice_lapin-off_-_g0.5,dice,1000,0.4,200,3,1,0.572606,0.531294,0.25,16.91557
026_dice_lapin-off_-_g0.5,dice,1000,0.4,200,3,2,0.419262,0.417595,0.576923,17.792882
026_dice_lapin-off_-_g0.5,dice,1000,0.4,200,3,3,0.511162,0.488211,0.5,17.714982
026_dice_lapin-off_-_g0.5,dice,1000,0.4,200,3,4,0.490429,0.465746,0.413793,17.142185
026_dice_lapin-off_-_g0.5,dice,1000,0.4,200,3,5,0.530115,0.501983,0.357143,15.482174
026_dice_lapin-off_-_g0.5,dice,1000,0.4,200,3,6,0.425357,0.367998,0.551724,19.425115
026_dice_lapin-off_-_g0.5,dice,1000,0.4,200,3,7,0.495149,0.487904,0.433333,17.421522
026_dice_lapin-off_-_g0.5,dice,1000,0.4,200,3,8,0.518575,0.508925,0.413793,16.909406
026_dice_lapin-off_-_g0.5,dice,1000,0.4,200,3,9,0.480303,0.460807,0.5,17.607454
026_dice_lapin-off_-_g0.5,dice,1000,0.4,200,3,10,0.521998,0.456637,0.36,14.949233
027_dice_lapin-off_-_g0.6,dice,1000,0.4,200,3,1,0.602454,0.545304,0.25,16.91557
027_dice_lapin-off_-_g0.6,dice,1000,0.4,200,3,2,0.443389,0.441922,0.576923,17.792882
027_dice_lapin-off_-_g0.6,dice,1000,0.4,200,3,3,0.540964,0.508088,0.5,17.714982
027_dice_lapin-off_-_g0.6,dice,1000,0.4,200,3,4,0.503217,0.466032,0.413793,17.142185
027_dice_lapin-off_-_g0.6,dice,1000,0.4,200,3,5,0.558699,0.516306,0.357143,15.482174
027_dice_lapin-off_-_g0.6,dice,1000,0.4,200,3,6,0.484667,0.435708,0.551724,19.425115
027_dice_lapin-off_-_g0.6,dice,1000,0.4,200,3,7,0.525694,0.500054,0.433333,17.421522
027_dice_lapin-off_-_g0.6,dice,1000,0.4,200,3,8,0.54466,0.506879,0.413793,16.909406
027_dice_lapin-off_-_g0.6,dice,1000,0.4,200,3,9,0.518906,0.481945,0.5,17.607454
027_dice_lapin-off_-_g0.6,dice,1000,0.4,200,3,10,0.551605,0.498334,0.36,14.949233
028_dice_lapin-off_-_g0.7,dice,1000,0.4,200,3,1,0.596563,0.55182,0.25,16.91557
028_dice_lapin-off_-_g0.7,dice,1000,0.4,200,3,2,0.466324,0.451436,0.576923,17.792882
028_dice_lapin-off_-_g0.7,dice,1000,0.4,200,3,3,0.560784,0.509474,0.5,17.714982
028_dice_lapin-off_-_g0.7,dice,1000,0.4,200,3,4,0.520139,0.464279,0.413793,17.142185
028_dice_lapin-off_-_g0.7,dice,1000,0.4,200,3,5,0.576021,0.51525,0.357143,15.482174
028_dice_lapin-off_-_g0.7,dice,1000,0.4,200,3,6,0.513,0.462973,0.551724,19.425115
028_dice_lapin-off_-_g0.7,dice,1000,0.4,200,3,7,0.539938,0.485666,0.433333,17.421522
028_dice_lapin-off_-_g0.7,dice,1000,0.4,200,3,8,0.552764,0.496581,0.413793,16.909406
028_dice_lapin-off_-_g0.7,dice,1000,0.4,200,3,9,0.538265,0.486469,0.5,17.607454
028_dice_lapin-off_-_g0.7,dice,1000,0.4,200,3,10,0.577467,0.523822,0.36,14.949233
029_dice_lapin-off_-_g0.8,dice,1000,0.4,200,3,1,0.569921,0.531349,0.25,16.91557
029_dice_lapin-off_-_g0.8,dice,1000,0.4,200,3,2,0.450262,0.44923,0.576923,17.792882
029_dice_lapin-off_-_g0.8,dice,1000,0.4,200,3,3,0.567592,0.504865,0.5,17.714982
029_dice_lapin-off_-_g0.8,dice,1000,0.4,200,3,4,0.525737,0.454884,0.413793,17.142185
029_dice_lapin-off_-_g0.8,dice,1000,0.4,200,3,5,0.568006,0.504926,0.357143,15.482174
029_dice_lapin-off_-_g0.8,dice,1000,0.4,200,3,6,0.526197,0.46329,0.551724,19.425115
029_dice_lapin-off_-_g0.8,dice,1000,0.4,200,3,7,0.521935,0.473579,0.433333,17.421522
029_dice_lapin-off_-_g0.8,dice,1000,0.4,200,3,8,0.55766,0.481418,0.413793,16.909406
029_dice_lapin-off_-_g0.8,dice,1000,0.4,200,3,9,0.542495,0.466119,0.5,17.607454
029_dice_lapin-off_-_g0.8,dice,1000,0.4,200,3,10,0.583298,0.523494,0.36,14.949233
030_dice_lapin-off_-_g0.9,dice,1000,0.4,200,3,1,0.552681,0.514924,0.21875,16.91557
030_dice_lapin-off_-_g0.9,dice,1000,0.4,200,3,2,0.443121,0.43511,0.576923,17.792882
030_dice_lapin-off_-_g0.9,dice,1000,0.4,200,3,3,0.539763,0.482363,0.5,17.714982
030_dice_lapin-off_-_g0.9,dice,1000,0.4,200,3,4,0.496761,0.442066,0.413793,17.142185
030_dice_lapin-off_-_g0.9,dice,1000,0.4,200,3,5,0.543821,0.497348,0.357143,15.482174
030_dice_lapin-off_-_g0.9,dice,1000,0.4,200,3,6,0.498853,0.450753,0.551724,19.425115
030_dice_lapin-off_-_g0.9,dice,1000,0.4,200,3,7,0.502854,0.463431,0.433333,17.421522
030_dice_lapin-off_-_g0.9,dice,1000,0.4,200,3,8,0.520676,0.466187,0.413793,16.909406
030_dice_lapin-off_-_g0.9,dice,1000,0.4,200,3,9,0.504925,0.447247,0.466667,17.607454
030_dice_lapin-off_-_g0.9,dice,1000,0.4,200,3,10,0.544706,0.513539,0.36,14.949233
031_dice_lapin-on_lsym_g0.3,dice,1000,0.4,200,3,1,0.1989,0.159475,0.0625,22.248112
031_dice_lapin-on_lsym_g0.3,dice,1000,0.4,200,3,2,0.210249,0.172383,0.076923,16.713385
031_dice_lapin-on_lsym_g0.3,dice,1000,0.4,200,3,3,0.246715,0.170258,0.066667,20.510235
031_dice_lapin-on_lsym_g0.3,dice,1000,0.4,200,3,4,0.190064,0.151536,0.310345,25.362208
031_dice_lapin-on_lsym_g0.3,dice,1000,0.4,200,3,5,0.187176,0.140537,0.25,21.878816
031_dice_lapin-on_lsym_g0.3,dice,1000,0.4,200,3,6,0.180433,0.15681,0.344828,26.662252
031_dice_lapin-on_lsym_g0.3,dice,1000,0.4,200,3,7,0.163373,0.110597,0.1,20.155849
031_dice_lapin-on_lsym_g0.3,dice,1000,0.4,200,3,8,0.243111,0.160727,0.137931,21.129531
031_dice_lapin-on_lsym_g0.3,dice,1000,0.4,200,3,9,0.256503,0.214976,0.233333,22.01774
031_dice_lapin-on_lsym_g0.3,dice,1000,0.4,200,3,10,0.214834,0.168684,0.4,21.111222
032_dice_lapin-on_lsym_g0.5,dice,1000,0.4,200,3,1,0.326673,0.322688,0.0625,22.248112
032_dice_lapin-on_lsym_g0.5,dice,1000,0.4,200,3,2,0.325203,0.343242,0.076923,16.713385
032_dice_lapin-on_lsym_g0.5,dice,1000,0.4,200,3,3,0.443046,0.378114,0.066667,20.510235
032_dice_lapin-on_lsym_g0.5,dice,1000,0.4,200,3,4,0.371728,0.375621,0.310345,25.362208
032_dice_lapin-on_lsym_g0.5,dice,1000,0.4,200,3,5,0.364534,0.296741,0.25,21.878816
032_dice_lapin-on_lsym_g0.5,dice,1000,0.4,200,3,6,0.334746,0.355042,0.344828,26.662252
032_dice_lapin-on_lsym_g0.5,dice,1000,0.4,200,3,7,0.351607,0.287595,0.1,20.155849
032_dice_lapin-on_lsym_g0.5,dice,1000,0.4,200,3,8,0.396587,0.344232,0.137931,21.129531
032_dice_lapin-on_lsym_g0.5,dice,1000,0.4,200,3,9,0.442962,0.386452,0.233333,22.01774
032_dice_lapin-on_lsym_g0.5,dice,1000,0.4,200,3,10,0.32675,0.313584,0.4,21.111222
033_dice_lapin-on_lsym_g0.6,dice,1000,0.4,200,3,1,0.404128,0.390181,0.0625,22.248112
033_dice_lapin-on_lsym_g0.6,dice,1000,0.4,200,3,2,0.403964,0.417613,0.076923,16.713385
033_dice_lapin-on_lsym_g0.6,dice,1000,0.4,200,3,3,0.487318,0.406742,0.066667,20.510235
033_dice_lapin-on_lsym_g0.6,dice,1000,0.4,200,3,4,0.441164,0.44668,0.310345,25.362208
033_dice_lapin-on_lsym_g0.6,dice,1000,0.4,200,3,5,0.41551,0.345449,0.25,21.878816
033_dice_lapin-on_lsym_g0.6,dice,1000,0.4,200,3,6,0.399476,0.413403,0.344828,26.662252
033_dice_lapin-on_lsym_g0.6,dice,1000,0.4,200,3,7,0.431011,0.384691,0.1,20.155849
033_dice_lapin-on_lsym_g0.6,dice,1000,0.4,200,3,8,0.519083,0.474359,0.137931,21.129531
033_dice_lapin-on_lsym_g0.6,dice,1000,0.4,200,3,9,0.518459,0.455379,0.233333,22.01774
033_dice_lapin-on_lsym_g0.6,dice,1000,0.4,200,3,10,0.400487,0.37383,0.4,21.111222
034_dice_lapin-on_lsym_g0.7,dice,1000,0.4,200,3,1,0.455947,0.433924,0.0625,22.248112
034_dice_lapin-on_lsym_g0.7,dice,1000,0.4,200,3,2,0.476343,0.475356,0.076923,16.713385
034_dice_lapin-on_lsym_g0.7,dice,1000,0.4,200,3,3,0.574124,0.474077,0.066667,20.510235
034_dice_lapin-on_lsym_g0.7,dice,1000,0.4,200,3,4,0.515585,0.473629,0.310345,25.362208
034_dice_lapin-on_lsym_g0.7,dice,1000,0.4,200,3,5,0.448587,0.393085,0.25,21.878816
034_dice_lapin-on_lsym_g0.7,dice,1000,0.4,200,3,6,0.449518,0.451487,0.344828,26.662252
034_dice_lapin-on_lsym_g0.7,dice,1000,0.4,200,3,7,0.487818,0.43238,0.1,20.155849
034_dice_lapin-on_lsym_g0.7,dice,1000,0.4,200,3,8,0.606787,0.516549,0.137931,21.129531
034_dice_lapin-on_lsym_g0.7,dice,1000,0.4,200,3,9,0.585445,0.483671,0.233333,22.01774
034_dice_lapin-on_lsym_g0.7,dice,1000,0.4,200,3,10,0.459218,0.414516,0.4,21.111222
035_dice_lapin-on_lsym_g0.8,dice,1000,0.4,200,3,1,0.486459,0.472032,0.0625,22.248112
035_dice_lapin-on_lsym_g0.8,dice,1000,0.4,200,3,2,0.470686,0.480481,0.076923,16.713385
035_dice_lapin-on_lsym_g0.8,dice,1000,0.4,200,3,3,0.600602,0.478012,0.066667,20.510235
035_dice_lapin-on_lsym_g0.8,dice,1000,0.4,200,3,4,0.518285,0.462175,0.310345,25.362208
035_dice_lapin-on_lsym_g0.8,dice,1000,0.4,200,3,5,0.517657,0.433914,0.25,21.878816
035_dice_lapin-on_lsym_g0.8,dice,1000,0.4,200,3,6,0.478002,0.460293,0.344828,26.662252
035_dice_lapin-on_lsym_g0.8,dice,1000,0.4,200,3,7,0.525758,0.460703,0.1,20.155849
035_dice_lapin-on_lsym_g0.8,dice,1000,0.4,200,3,8,0.60589,0.516685,0.137931,21.129531
035_dice_lapin-on_lsym_g0.8,dice,1000,0.4,200,3,9,0.639803,0.526749,0.233333,22.01774
035_dice_lapin-on_lsym_g0.8,dice,1000,0.4,200,3,10,0.498769,0.444344,0.4,21.111222
036_dice_lapin-on_lsym_g0.9,dice,1000,0.4,200,3,1,0.482428,0.497979,0.0625,22.248112
036_dice_lapin-on_lsym_g0.9,dice,1000,0.4,200,3,2,0.470327,0.484695,0.076923,16.713385
036_dice_lapin-on_lsym_g0.9,dice,1000,0.4,200,3,3,0.584725,0.487289,0.066667,20.510235
036_dice_lapin-on_lsym_g0.9,dice,1000,0.4,200,3,4,0.551553,0.484696,0.310345,25.362208
036_dice_lapin-on_lsym_g0.9,dice,1000,0.4,200,3,5,0.490193,0.448616,0.25,21.878816
036_dice_lapin-on_lsym_g0.9,dice,1000,0.4,200,3,6,0.488793,0.47851,0.344828,26.662252
036_dice_lapin-on_lsym_g0.9,dice,1000,0.4,200,3,7,0.525291,0.507614,0.1,20.155849
036_dice_lapin-on_lsym_g0.9,dice,1000,0.4,200,3,8,0.596738,0.53496,0.137931,21.129531
036_dice_lapin-on_lsym_g0.9,dice,1000,0.4,200,3,9,0.61688,0.583667,0.2,22.01774
036_dice_lapin-on_lsym_g0.9,dice,1000,0.4,200,3,10,0.504692,0.471378,0.4,21.111222
049_ip_beta0_lapin-off_-_g0.3,ip_beta0,1000,0.4,200,3,1,0.329819,0.271316,0.125,13.173597
049_ip_beta0_lapin-off_-_g0.3,ip_beta0,1000,0.4,200,3,2,0.475787,0.433992,0.038462,13.342785
049_ip_beta0_lapin-off_-_g0.3,ip_beta0,1000,0.4,200,3,3,0.55741,0.508359,0.166667,11.912133
049_ip_beta0_lapin-off_-_g0.3,ip_beta0,1000,0.4,200,3,4,0.368713,0.272352,0.0,9.86968
049_ip_beta0_lapin-off_-_g0.3,ip_beta0,1000,0.4,200,3,5,0.400435,0.290263,0.214286,12.645783
049_ip_beta0_lapin-off_-_g0.3,ip_beta0,1000,0.4,200,3,6,0.453233,0.376015,0.137931,11.928918
049_ip_beta0_lapin-off_-_g0.3,ip_beta0,1000,0.4,200,3,7,0.410607,0.320896,0.166667,13.489495
049_ip_beta0_lapin-off_-_g0.3,ip_beta0,1000,0.4,200,3,8,0.342579,0.283278,0.0,11.889923
049_ip_beta0_lapin-off_-_g0.3,ip_beta0,1000,0.4,200,3,9,0.467538,0.417836,0.0,10.632471
049_ip_beta0_lapin-off_-_g0.3,ip_beta0,1000,0.4,200,3,10,0.462262,0.46245,0.0,9.287948
050_ip_beta0_lapin-off_-_g0.5,ip_beta0,1000,0.4,200,3,1,0.515861,0.445183,0.125,13.173597
050_ip_beta0_lapin-off_-_g0.5,ip_beta0,1000,0.4,200,3,2,0.614873,0.565673,0.038462,13.342785
050_ip_beta0_lapin-off_-_g0.5,ip_beta0,1000,0.4,200,3,3,0.687213,0.625962,0.166667,11.912133
050_ip_beta0_lapin-off_-_g0.5,ip_beta0,1000,0.4,200,3,4,0.499513,0.463227,0.0,9.86968
050_ip_beta0_lapin-off_-_g0.5,ip_beta0,1000,0.4,200,3,5,0.565161,0.480357,0.214286,12.645783
050_ip_beta0_lapin-off_-_g0.5,ip_beta0,1000,0.4,200,3,6,0.611028,0.523605,0.137931,11.928918
050_ip_beta0_lapin-off_-_g0.5,ip_beta0,1000,0.4,200,3,7,0.587098,0.528183,0.166667,13.489495
050_ip_beta0_lapin-off_-_g0.5,ip_beta0,1000,0.4,200,3,8,0.543868,0.463929,0.0,11.889923
050_ip_beta0_lapin-off_-_g0.5,ip_beta0,1000,0.4,200,3,9,0.665491,0.62298,0.0,10.632471
050_ip_beta0_lapin-off_-_g0.5,ip_beta0,1000,0.4,200,3,10,0.611951,0.591667,0.0,9.287948
051_ip_beta0_lapin-off_-_g0.6,ip_beta0,1000,0.4,200,3,1,0.562805,0.502241,0.125,13.173597
051_ip_beta0_lapin-off_-_g0.6,ip_beta0,1000,0.4,200,3,2,0.641411,0.582596,0.038462,13.342785
051_ip_beta0_lapin-off_-_g0.6,ip_beta0,1000,0.4,200,3,3,0.719354,0.653778,0.166667,11.912133
051_ip_beta0_lapin-off_-_g0.6,ip_beta0,1000,0.4,200,3,4,0.596171,0.5852,0.0,9.86968
051_ip_beta0_lapin-off_-_g0.6,ip_beta0,1000,0.4,200,3,5,0.639089,0.516782,0.214286,12.645783
051_ip_beta0_lapin-off_-_g0.6,ip_beta0,1000,0.4,200,3,6,0.665374,0.579798,0.137931,11.928918
051_ip_beta0_lapin-off_-_g0.6,ip_beta0,1000,0.4,200,3,7,0.673859,0.635415,0.166667,13.489495
051_ip_beta0_lapin-off_-_g0.6,ip_beta0,1000,0.4,200,3,8,0.598283,0.513122,0.0,11.889923
051_ip_beta0_lapin-off_-_g0.6,ip_beta0,1000,0.4,200,3,9,0.667811,0.675967,0.0,10.632471
051_ip_beta0_lapin-off_-_g0.6,ip_beta0,1000,0.4,200,3,10,0.635181,0.635211,0.0,9.287948
052_ip_beta0_lapin-off_-_g0.7,ip_beta0,1000,0.4,200,3,1,0.638104,0.568004,0.125,13.173597
052_ip_beta0_lapin-off_-_g0.7,ip_beta0,1000,0.4,200,3,2,0.63958,0.607747,0.038462,13.342785
052_ip_beta0_lapin-off_-_g0.7,ip_beta0,1000,0.4,200,3,3,0.728397,0.65643,0.166667,11.912133
052_ip_beta0_lapin-off_-_g0.7,ip_beta0,1000,0.4,200,3,4,0.605864,0.61681,0.0,9.86968
052_ip_beta0_lapin-off_-_g0.7,ip_beta0,1000,0.4,200,3,5,0.674697,0.559214,0.214286,12.645783
052_ip_beta0_lapin-off_-_g0.7,ip_beta0,1000,0.4,200,3,6,0.685502,0.63478,0.137931,11.928918
052_ip_beta0_lapin-off_-_g0.7,ip_beta0,1000,0.4,200,3,7,0.703523,0.64313,0.166667,13.489495
052_ip_beta0_lapin-off_-_g0.7,ip_beta0,1000,0.4,200,3,8,0.616346,0.559582,0.0,11.889923
052_ip_beta0_lapin-off_-_g0.7,ip_beta0,1000,0.4,200,3,9,0.660839,0.67708,0.0,10.632471
052_ip_beta0_lapin-off_-_g0.7,ip_beta0,1000,0.4,200,3,10,0.629121,0.641094,0.0,9.287948
053_ip_beta0_lapin-off_-_g0.8,ip_beta0,1000,0.4,200,3,1,0.638926,0.592735,0.125,13.173597
053_ip_beta0_lapin-off_-_g0.8,ip_beta0,1000,0.4,200,3,2,0.615783,0.628124,0.038462,13.342785
053_ip_beta0_lapin-off_-_g0.8,ip_beta0,1000,0.4,200,3,3,0.676616,0.649588,0.166667,11.912133
053_ip_beta0_lapin-off_-_g0.8,ip_beta0,1000,0.4,200,3,4,0.594261,0.6232,0.0,9.86968
053_ip_beta0_lapin-off_-_g0.8,ip_beta0,1000,0.4,200,3,5,0.702331,0.594428,0.214286,12.645783
053_ip_beta0_lapin-off_-_g0.8,ip_beta0,1000,0.4,200,3,6,0.663339,0.626974,0.137931,11.928918
053_ip_beta0_lapin-off_-_g0.8,ip_beta0,1000,0.4,200,3,7,0.685053,0.628502,0.166667,13.489495
053_ip_beta0_lapin-off_-_g0.8,ip_beta0,1000,0.4,200,3,8,0.616815,0.576212,0.0,11.889923
053_ip_beta0_lapin-off_-_g0.8,ip_beta0,1000,0.4,200,3,9,0.647971,0.670469,0.0,10.632471
053_ip_beta0_lapin-off_-_g0.8,ip_beta0,1000,0.4,200,3,10,0.618963,0.634149,0.0,9.287948
054_ip_beta0_lapin-off_-_g0.9,ip_beta0,1000,0.4,200,3,1,0.618576,0.59221,0.125,13.173597
054_ip_beta0_lapin-off_-_g0.9,ip_beta0,1000,0.4,200,3,2,0.612464,0.640969,0.038462,13.342785
054_ip_beta0_lapin-off_-_g0.9,ip_beta0,1000,0.4,200,3,3,0.662558,0.647454,0.166667,11.912133
054_ip_beta0_lapin-off_-_g0.9,ip_beta0,1000,0.4,200,3,4,0.58543,0.621891,0.0,9.86968
054_ip_beta0_lapin-off_-_g0.9,ip_beta0,1000,0.4,200,3,5,0.657364,0.636191,0.214286,12.645783
054_ip_beta0_lapin-off_-_g0.9,ip_beta0,1000,0.4,200,3,6,0.617294,0.630099,0.137931,11.928918
054_ip_beta0_lapin-off_-_g0.9,ip_beta0,1000,0.4,200,3,7,0.657272,0.610435,0.166667,13.489495
054_ip_beta0_lapin-off_-_g0.9,ip_beta0,1000,0.4,200,3,8,0.594137,0.614361,0.0,11.889923
054_ip_beta0_lapin-off_-_g0.9,ip_beta0,1000,0.4,200,3,9,0.636213,0.658795,0.0,10.632471
054_ip_beta0_lapin-off_-_g0.9,ip_beta0,1000,0.4,200,3,10,0.597469,0.623962,0.0,9.287948
055_ip_beta0_lapin-on_lsym_g0.3,ip_beta0,1000,0.4,200,3,1,0.193109,0.140778,0.5,25.244062
055_ip_beta0_lapin-on_lsym_g0.3,ip_beta0,1000,0.4,200,3,2,0.253142,0.21806,0.692308,24.241803
055_ip_beta0_lapin-on_lsym_g0.3,ip_beta0,1000,0.4,200,3,3,0.255943,0.198664,0.633333,25.388488
055_ip_beta0_lapin-on_lsym_g0.3,ip_beta0,1000,0.4,200,3,4,0.145208,0.167935,0.862069,26.914998
055_ip_beta0_lapin-on_lsym_g0.3,ip_beta0,1000,0.4,200,3,5,0.21244,0.134145,0.821429,28.675304
055_ip_beta0_lapin-on_lsym_g0.3,ip_beta0,1000,0.4,200,3,6,0.202211,0.155101,0.862069,28.337629
055_ip_beta0_lapin-on_lsym_g0.3,ip_beta0,1000,0.4,200,3,7,0.267077,0.243973,0.3,22.454149
055_ip_beta0_lapin-on_lsym_g0.3,ip_beta0,1000,0.4,200,3,8,0.203281,0.160291,0.689655,31.291898
055_ip_beta0_lapin-on_lsym_g0.3,ip_beta0,1000,0.4,200,3,9,0.278959,0.230562,0.666667,25.165458
055_ip_beta0_lapin-on_lsym_g0.3,ip_beta0,1000,0.4,200,3,10,0.183763,0.165622,1.04,26.604889
056_ip_beta0_lapin-on_lsym_g0.5,ip_beta0,1000,0.4,200,3,1,0.340473,0.299426,0.5,25.244062
056_ip_beta0_lapin-on_lsym_g0.5,ip_beta0,1000,0.4,200,3,2,0.430233,0.466744,0.692308,24.241803
056_ip_beta0_lapin-on_lsym_g0.5,ip_beta0,1000,0.4,200,3,3,0.349667,0.319599,0.633333,25.388488
056_ip_beta0_lapin-on_lsym_g0.5,ip_beta0,1000,0.4,200,3,4,0.231958,0.277661,0.862069,26.914998
056_ip_beta0_lapin-on_lsym_g0.5,ip_beta0,1000,0.4,200,3,5,0.364826,0.332534,0.821429,28.675304
056_ip_beta0_lapin-on_lsym_g0.5,ip_beta0,1000,0.4,200,3,6,0.35739,0.365372,0.862069,28.337629
056_ip_beta0_lapin-on_lsym_g0.5,ip_beta0,1000,0.4,200,3,7,0.49414,0.475487,0.3,22.454149
056_ip_beta0_lapin-on_lsym_g0.5,ip_beta0,1000,0.4,200,3,8,0.319789,0.355804,0.689655,31.291898
056_ip_beta0_lapin-on_lsym_g0.5,ip_beta0,1000,0.4,200,3,9,0.417574,0.426641,0.666667,25.165458
056_ip_beta0_lapin-on_lsym_g0.5,ip_beta0,1000,0.4,200,3,10,0.299092,0.305744,1.04,26.604889
057_ip_beta0_lapin-on_lsym_g0.6,ip_beta0,1000,0.4,200,3,1,0.424176,0.378394,0.5,25.244062
057_ip_beta0_lapin-on_lsym_g0.6,ip_beta0,1000,0.4,200,3,2,0.492972,0.495382,0.692308,24.241803
057_ip_beta0_lapin-on_lsym_g0.6,ip_beta0,1000,0.4,200,3,3,0.431504,0.419042,0.633333,25.388488
057_ip_beta0_lapin-on_lsym_g0.6,ip_beta0,1000,0.4,200,3,4,0.276382,0.318973,0.862069,26.914998
057_ip_beta0_lapin-on_lsym_g0.6,ip_beta0,1000,0.4,200,3,5,0.405191,0.395744,0.821429,28.675304
057_ip_beta0_lapin-on_lsym_g0.6,ip_beta0,1000,0.4,200,3,6,0.406412,0.419414,0.862069,28.337629
057_ip_beta0_lapin-on_lsym_g0.6,ip_beta0,1000,0.4,200,3,7,0.555775,0.566017,0.3,22.454149
057_ip_beta0_lapin-on_lsym_g0.6,ip_beta0,1000,0.4,200,3,8,0.364424,0.407635,0.689655,31.291898
057_ip_beta0_lapin-on_lsym_g0.6,ip_beta0,1000,0.4,200,3,9,0.473597,0.487101,0.666667,25.165458
057_ip_beta0_lapin-on_lsym_g0.6,ip_beta0,1000,0.4,200,3,10,0.368057,0.380215,1.04,26.604889
058_ip_beta0_lapin-on_lsym_g0.7,ip_beta0,1000,0.4,200,3,1,0.45486,0.430045,0.5,25.244062
058_ip_beta0_lapin-on_lsym_g0.7,ip_beta0,1000,0.4,200,3,2,0.51084,0.488199,0.692308,24.241803
058_ip_beta0_lapin-on_lsym_g0.7,ip_beta0,1000,0.4,200,3,3,0.484898,0.476454,0.633333,25.388488
058_ip_beta0_lapin-on_lsym_g0.7,ip_beta0,1000,0.4,200,3,4,0.293299,0.341263,0.862069,26.914998
058_ip_beta0_lapin-on_lsym_g0.7,ip_beta0,1000,0.4,200,3,5,0.453602,0.433457,0.821429,28.675304
058_ip_beta0_lapin-on_lsym_g0.7,ip_beta0,1000,0.4,200,3,6,0.455442,0.457949,0.862069,28.337629
058_ip_beta0_lapin-on_lsym_g0.7,ip_beta0,1000,0.4,200,3,7,0.586922,0.589025,0.3,22.454149
058_ip_beta0_lapin-on_lsym_g0.7,ip_beta0,1000,0.4,200,3,8,0.422989,0.444716,0.689655,31.291898
058_ip_beta0_lapin-on_lsym_g0.7,ip_beta0,1000,0.4,200,3,9,0.55338,0.520104,0.666667,25.165458
058_ip_beta0_lapin-on_lsym_g0.7,ip_beta0,1000,0.4,200,3,10,0.428976,0.436675,1.0,26.604889
059_ip_beta0_lapin-on_lsym_g0.8,ip_beta0,1000,0.4,200,3,1,0.498627,0.458209,0.5,25.244062
059_ip_beta0_lapin-on_lsym_g0.8,ip_beta0,1000,0.4,200,3,2,0.547369,0.517468,0.692308,24.241803
059_ip_beta0_lapin-on_lsym_g0.8,ip_beta0,1000,0.4,200,3,3,0.50702,0.469816,0.6,25.388488
059_ip_beta0_lapin-on_lsym_g0.8,ip_beta0,1000,0.4,200,3,4,0.324078,0.366929,0.862069,26.914998
059_ip_beta0_lapin-on_lsym_g0.8,ip_beta0,1000,0.4,200,3,5,0.483839,0.438082,0.821429,28.675304
059_ip_beta0_lapin-on_lsym_g0.8,ip_beta0,1000,0.4,200,3,6,0.523752,0.509488,0.862069,28.337629
059_ip_beta0_lapin-on_lsym_g0.8,ip_beta0,1000,0.4,200,3,7,0.573434,0.596616,0.3,22.454149
059_ip_beta0_lapin-on_lsym_g0.8,ip_beta0,1000,0.4,200,3,8,0.468032,0.480697,0.689655,31.291898
059_ip_beta0_lapin-on_lsym_g0.8,ip_beta0,1000,0.4,200,3,9,0.589052,0.535056,0.633333,25.165458
059_ip_beta0_lapin-on_lsym_g0.8,ip_beta0,1000,0.4,200,3,10,0.47553,0.461298,1.0,26.604889
060_ip_beta0_lapin-on_lsym_g0.9,ip_beta0,1000,0.4,200,3,1,0.489113,0.505636,0.5,25.244062
060_ip_beta0_lapin-on_lsym_g0.9,ip_beta0,1000,0.4,200,3,2,0.523353,0.534022,0.692308,24.241803
060_ip_beta0_lapin-on_lsym_g0.9,ip_beta0,1000,0.4,200,3,3,0.493626,0.504993,0.6,25.388488
060_ip_beta0_lapin-on_lsym_g0.9,ip_beta0,1000,0.4,200,3,4,0.35529,0.382653,0.862069,26.914998
060_ip_beta0_lapin-on_lsym_g0.9,ip_beta0,1000,0.4,200,3,5,0.497178,0.467914,0.821429,28.675304
060_ip_beta0_lapin-on_lsym_g0.9,ip_beta0,1000,0.4,200,3,6,0.516965,0.498202,0.862069,28.337629
060_ip_beta0_lapin-on_lsym_g0.9,ip_beta0,1000,0.4,200,3,7,0.561814,0.596635,0.266667,22.454149
060_ip_beta0_lapin-on_lsym_g0.9,ip_beta0,1000,0.4,200,3,8,0.462289,0.484251,0.689655,31.291898
060_ip_beta0_lapin-on_lsym_g0.9,ip_beta0,1000,0.4,200,3,9,0.587415,0.565341,0.633333,25.165458
060_ip_beta0_lapin-on_lsym_g0.9,ip_beta0,1000,0.4,200,3,10,0.466389,0.48099,1.0,26.604889
061_ip_beta0.5_lapin-off_-_g0.3,ip_beta0.5,1000,0.4,200,3,1,0.453318,0.413266,0.03125,12.654749
061_ip_beta0.5_lapin-off_-_g0.3,ip_beta0.5,1000,0.4,200,3,2,0.410336,0.362481,0.192308,11.546819
061_ip_beta0.5_lapin-off_-_g0.3,ip_beta0.5,1000,0.4,200,3,3,0.460651,0.363985,0.1,13.493037
061_ip_beta0.5_lapin-off_-_g0.3,ip_beta0.5,1000,0.4,200,3,4,0.389942,0.286051,0.103448,12.411042
061_ip_beta0.5_lapin-off_-_g0.3,ip_beta0.5,1000,0.4,200,3,5,0.359835,0.290236,0.035714,11.268907
061_ip_beta0.5_lapin-off_-_g0.3,ip_beta0.5,1000,0.4,200,3,6,0.467923,0.445842,0.103448,13.356677
061_ip_beta0.5_lapin-off_-_g0.3,ip_beta0.5,1000,0.4,200,3,7,0.361252,0.317019,0.066667,13.303764
061_ip_beta0.5_lapin-off_-_g0.3,ip_beta0.5,1000,0.4,200,3,8,0.345072,0.358008,0.103448,12.930318
061_ip_beta0.5_lapin-off_-_g0.3,ip_beta0.5,1000,0.4,200,3,9,0.353157,0.281549,0.2,14.689465
061_ip_beta0.5_lapin-off_-_g0.3,ip_beta0.5,1000,0.4,200,3,10,0.44725,0.412953,0.16,10.628229
062_ip_beta0.5_lapin-off_-_g0.5,ip_beta0.5,1000,0.4,200,3,1,0.642583,0.590433,0.03125,12.654749
062_ip_beta0.5_lapin-off_-_g0.5,ip_beta0.5,1000,0.4,200,3,2,0.539456,0.468169,0.192308,11.546819
062_ip_beta0.5_lapin-off_-_g0.5,ip_beta0.5,1000,0.4,200,3,3,0.623093,0.55325,0.1,13.493037
062_ip_beta0.5_lapin-off_-_g0.5,ip_beta0.5,1000,0.4,200,3,4,0.54998,0.474196,0.103448,12.411042
062_ip_beta0.5_lapin-off_-_g0.5,ip_beta0.5,1000,0.4,200,3,5,0.540221,0.501408,0.035714,11.268907
062_ip_beta0.5_lapin-off_-_g0.5,ip_beta0.5,1000,0.4,200,3,6,0.661167,0.640667,0.103448,13.356677
062_ip_beta0.5_lapin-off_-_g0.5,ip_beta0.5,1000,0.4,200,3,7,0.538474,0.481414,0.066667,13.303764
062_ip_beta0.5_lapin-off_-_g0.5,ip_beta0.5,1000,0.4,200,3,8,0.577443,0.553863,0.103448,12.930318
062_ip_beta0.5_lapin-off_-_g0.5,ip_beta0.5,1000,0.4,200,3,9,0.509792,0.452602,0.2,14.689465
062_ip_beta0.5_lapin-off_-_g0.5,ip_beta0.5,1000,0.4,200,3,10,0.624199,0.617949,0.16,10.628229
063_ip_beta0.5_lapin-off_-_g0.6,ip_beta0.5,1000,0.4,200,3,1,0.649894,0.63805,0.03125,12.654749
063_ip_beta0.5_lapin-off_-_g0.6,ip_beta0.5,1000,0.4,200,3,2,0.566143,0.497724,0.192308,11.546819
063_ip_beta0.5_lapin-off_-_g0.6,ip_beta0.5,1000,0.4,200,3,3,0.665762,0.58093,0.1,13.493037
063_ip_beta0.5_lapin-off_-_g0.6,ip_beta0.5,1000,0.4,200,3,4,0.586052,0.513281,0.103448,12.411042
063_ip_beta0.5_lapin-off_-_g0.6,ip_beta0.5,1000,0.4,200,3,5,0.600868,0.543145,0.035714,11.268907
063_ip_beta0.5_lapin-off_-_g0.6,ip_beta0.5,1000,0.4,200,3,6,0.691035,0.655462,0.103448,13.356677
063_ip_beta0.5_lapin-off_-_g0.6,ip_beta0.5,1000,0.4,200,3,7,0.62213,0.547013,0.066667,13.303764
063_ip_beta0.5_lapin-off_-_g0.6,ip_beta0.5,1000,0.4,200,3,8,0.633511,0.613701,0.103448,12.930318
063_ip_beta0.5_lapin-off_-_g0.6,ip_beta0.5,1000,0.4,200,3,9,0.578349,0.512129,0.2,14.689465
063_ip_beta0.5_lapin-off_-_g0.6,ip_beta0.5,1000,0.4,200,3,10,0.65741,0.63213,0.16,10.628229
064_ip_beta0.5_lapin-off_-_g0.7,ip_beta0.5,1000,0.4,200,3,1,0.63675,0.628498,0.03125,12.654749
064_ip_beta0.5_lapin-off_-_g0.7,ip_beta0.5,1000,0.4,200,3,2,0.616219,0.53218,0.192308,11.546819
064_ip_beta0.5_lapin-off_-_g0.7,ip_beta0.5,1000,0.4,200,3,3,0.677663,0.595948,0.1,13.493037
064_ip_beta0.5_lapin-off_-_g0.7,ip_beta0.5,1000,0.4,200,3,4,0.650998,0.580401,0.103448,12.411042
064_ip_beta0.5_lapin-off_-_g0.7,ip_beta0.5,1000,0.4,200,3,5,0.608679,0.593195,0.035714,11.268907
064_ip_beta0.5_lapin-off_-_g0.7,ip_beta0.5,1000,0.4,200,3,6,0.674458,0.63877,0.103448,13.356677
064_ip_beta0.5_lapin-off_-_g0.7,ip_beta0.5,1000,0.4,200,3,7,0.631094,0.592648,0.066667,13.303764
064_ip_beta0.5_lapin-off_-_g0.7,ip_beta0.5,1000,0.4,200,3,8,0.629274,0.615351,0.103448,12.930318
064_ip_beta0.5_lapin-off_-_g0.7,ip_beta0.5,1000,0.4,200,3,9,0.607002,0.548278,0.2,14.689465
064_ip_beta0.5_lapin-off_-_g0.7,ip_beta0.5,1000,0.4,200,3,10,0.653707,0.623684,0.16,10.628229
065_ip_beta0.5_lapin-off_-_g0.8,ip_beta0.5,1000,0.4,200,3,1,0.614999,0.619838,0.03125,12.654749
065_ip_beta0.5_lapin-off_-_g0.8,ip_beta0.5,1000,0.4,200,3,2,0.636419,0.571351,0.192308,11.546819
065_ip_beta0.5_lapin-off_-_g0.8,ip_beta0.5,1000,0.4,200,3,3,0.68023,0.618099,0.1,13.493037
065_ip_beta0.5_lapin-off_-_g0.8,ip_beta0.5,1000,0.4,200,3,4,0.63058,0.585498,0.103448,12.411042
065_ip_beta0.5_lapin-off_-_g0.8,ip_beta0.5,1000,0.4,200,3,5,0.608917,0.606547,0.035714,11.268907
065_ip_beta0.5_lapin-off_-_g0.8,ip_beta0.5,1000,0.4,200,3,6,0.63844,0.617935,0.103448,13.356677
065_ip_beta0.5_lapin-off_-_g0.8,ip_beta0.5,1000,0.4,200,3,7,0.611314,0.609247,0.066667,13.303764
065_ip_beta0.5_lapin-off_-_g0.8,ip_beta0.5,1000,0.4,200,3,8,0.620494,0.604273,0.103448,12.930318
065_ip_beta0.5_lapin-off_-_g0.8,ip_beta0.5,1000,0.4,200,3,9,0.648697,0.577948,0.2,14.689465
065_ip_beta0.5_lapin-off_-_g0.8,ip_beta0.5,1000,0.4,200,3,10,0.639726,0.627688,0.16,10.628229
066_ip_beta0.5_lapin-off_-_g0.9,ip_beta0.5,1000,0.4,200,3,1,0.601445,0.603168,0.03125,12.654749
066_ip_beta0.5_lapin-off_-_g0.9,ip_beta0.5,1000,0.4,200,3,2,0.603195,0.582831,0.192308,11.546819
066_ip_beta0.5_lapin-off_-_g0.9,ip_beta0.5,1000,0.4,200,3,3,0.650058,0.618324,0.1,13.493037
066_ip_beta0.5_lapin-off_-_g0.9,ip_beta0.5,1000,0.4,200,3,4,0.589953,0.590846,0.103448,12.411042
066_ip_beta0.5_lapin-off_-_g0.9,ip_beta0.5,1000,0.4,200,3,5,0.595688,0.610074,0.035714,11.268907
066_ip_beta0.5_lapin-off_-_g0.9,ip_beta0.5,1000,0.4,200,3,6,0.60601,0.612879,0.103448,13.356677
066_ip_beta0.5_lapin-off_-_g0.9,ip_beta0.5,1000,0.4,200,3,7,0.580457,0.605831,0.066667,13.303764
066_ip_beta0.5_lapin-off_-_g0.9,ip_beta0.5,1000,0.4,200,3,8,0.600632,0.603103,0.103448,12.930318
066_ip_beta0.5_lapin-off_-_g0.9,ip_beta0.5,1000,0.4,200,3,9,0.633202,0.581234,0.2,14.689465
066_ip_beta0.5_lapin-off_-_g0.9,ip_beta0.5,1000,0.4,200,3,10,0.613169,0.61798,0.16,10.628229
067_ip_beta0.5_lapin-on_lsym_g0.3,ip_beta0.5,1000,0.4,200,3,1,0.080087,0.088127,0.5,26.816423
067_ip_beta0.5_lapin-on_lsym_g0.3,ip_beta0.5,1000,0.4,200,3,2,0.205692,0.14015,0.807692,24.641578
067_ip_beta0.5_lapin-on_lsym_g0.3,ip_beta0.5,1000,0.4,200,3,3,0.308491,0.301431,0.333333,24.437695
067_ip_beta0.5_lapin-on_lsym_g0.3,ip_beta0.5,1000,0.4,200,3,4,0.143523,0.122942,0.896552,30.119737
067_ip_beta0.5_lapin-on_lsym_g0.3,ip_beta0.5,1000,0.4,200,3,5,0.16925,0.136117,0.75,26.68407
067_ip_beta0.5_lapin-on_lsym_g0.3,ip_beta0.5,1000,0.4,200,3,6,0.170158,0.113803,0.586207,29.409825
067_ip_beta0.5_lapin-on_lsym_g0.3,ip_beta0.5,1000,0.4,200,3,7,0.199152,0.187015,0.2,21.248617
067_ip_beta0.5_lapin-on_lsym_g0.3,ip_beta0.5,1000,0.4,200,3,8,0.157067,0.116078,0.275862,21.1824
067_ip_beta0.5_lapin-on_lsym_g0.3,ip_beta0.5,1000,0.4,200,3,9,0.26138,0.227524,0.4,25.520482
067_ip_beta0.5_lapin-on_lsym_g0.3,ip_beta0.5,1000,0.4,200,3,10,0.149928,0.157156,0.88,27.529001
068_ip_beta0.5_lapin-on_lsym_g0.5,ip_beta0.5,1000,0.4,200,3,1,0.194413,0.234337,0.5,26.816423
068_ip_beta0.5_lapin-on_lsym_g0.5,ip_beta0.5,1000,0.4,200,3,2,0.312771,0.322701,0.807692,24.641578
068_ip_beta0.5_lapin-on_lsym_g0.5,ip_beta0.5,1000,0.4,200,3,3,0.476517,0.451278,0.333333,24.437695
068_ip_beta0.5_lapin-on_lsym_g0.5,ip_beta0.5,1000,0.4,200,3,4,0.286236,0.276847,0.896552,30.119737
068_ip_beta0.5_lapin-on_lsym_g0.5,ip_beta0.5,1000,0.4,200,3,5,0.277708,0.298783,0.75,26.68407
068_ip_beta0.5_lapin-on_lsym_g0.5,ip_beta0.5,1000,0.4,200,3,6,0.313735,0.325538,0.586207,29.409825
068_ip_beta0.5_lapin-on_lsym_g0.5,ip_beta0.5,1000,0.4,200,3,7,0.355063,0.398158,0.2,21.248617
068_ip_beta0.5_lapin-on_lsym_g0.5,ip_beta0.5,1000,0.4,200,3,8,0.284947,0.29321,0.275862,21.1824
068_ip_beta0.5_lapin-on_lsym_g0.5,ip_beta0.5,1000,0.4,200,3,9,0.370734,0.396953,0.4,25.520482
068_ip_beta0.5_lapin-on_lsym_g0.5,ip_beta0.5,1000,0.4,200,3,10,0.257168,0.295001,0.88,27.529001
069_ip_beta0.5_lapin-on_lsym_g0.6,ip_beta0.5,1000,0.4,200,3,1,0.252242,0.290339,0.5,26.816423
069_ip_beta0.5_lapin-on_lsym_g0.6,ip_beta0.5,1000,0.4,200,3,2,0.398842,0.394536,0.807692,24.641578
069_ip_beta0.5_lapin-on_lsym_g0.6,ip_beta0.5,1000,0.4,200,3,3,0.509832,0.48048,0.333333,24.437695
069_ip_beta0.5_lapin-on_lsym_g0.6,ip_beta0.5,1000,0.4,200,3,4,0.356939,0.367083,0.896552,30.119737
069_ip_beta0.5_lapin-on_lsym_g0.6,ip_beta0.5,1000,0.4,200,3,5,0.327064,0.335721,0.75,26.68407
069_ip_beta0.5_lapin-on_lsym_g0.6,ip_beta0.5,1000,0.4,200,3,6,0.378645,0.35385,0.586207,29.409825
069_ip_beta0.5_lapin-on_lsym_g0.6,ip_beta0.5,1000,0.4,200,3,7,0.411469,0.470563,0.2,21.248617
069_ip_beta0.5_lapin-on_lsym_g0.6,ip_beta0.5,1000,0.4,200,3,8,0.371517,0.390984,0.275862,21.1824
069_ip_beta0.5_lapin-on_lsym_g0.6,ip_beta0.5,1000,0.4,200,3,9,0.438062,0.45844,0.4,25.520482
069_ip_beta0.5_lapin-on_lsym_g0.6,ip_beta0.5,1000,0.4,200,3,10,0.299853,0.327371,0.88,27.529001
070_ip_beta0.5_lapin-on_lsym_g0.7,ip_beta0.5,1000,0.4,200,3,1,0.279997,0.325528,0.5,26.816423
070_ip_beta0.5_lapin-on_lsym_g0.7,ip_beta0.5,1000,0.4,200,3,2,0.463652,0.450948,0.807692,24.641578
070_ip_beta0.5_lapin-on_lsym_g0.7,ip_beta0.5,1000,0.4,200,3,3,0.550516,0.517288,0.333333,24.437695
070_ip_beta0.5_lapin-on_lsym_g0.7,ip_beta0.5,1000,0.4,200,3,4,0.421324,0.442779,0.896552,30.119737
070_ip_beta0.5_lapin-on_lsym_g0.7,ip_beta0.5,1000,0.4,200,3,5,0.373058,0.385624,0.75,26.68407
070_ip_beta0.5_lapin-on_lsym_g0.7,ip_beta0.5,1000,0.4,200,3,6,0.417943,0.416738,0.586207,29.409825
070_ip_beta0.5_lapin-on_lsym_g0.7,ip_beta0.5,1000,0.4,200,3,7,0.448653,0.498076,0.2,21.248617
070_ip_beta0.5_lapin-on_lsym_g0.7,ip_beta0.5,1000,0.4,200,3,8,0.447652,0.438905,0.275862,21.1824
070_ip_beta0.5_lapin-on_lsym_g0.7,ip_beta0.5,1000,0.4,200,3,9,0.500998,0.501284,0.4,25.520482
070_ip_beta0.5_lapin-on_lsym_g0.7,ip_beta0.5,1000,0.4,200,3,10,0.323514,0.338056,0.88,27.529001
071_ip_beta0.5_lapin-on_lsym_g0.8,ip_beta0.5,1000,0.4,200,3,1,0.309741,0.344864,0.5,26.816423
071_ip_beta0.5_lapin-on_lsym_g0.8,ip_beta0.5,1000,0.4,200,3,2,0.487859,0.467399,0.769231,24.641578
071_ip_beta0.5_lapin-on_lsym_g0.8,ip_beta0.5,1000,0.4,200,3,3,0.564288,0.551041,0.333333,24.437695
071_ip_beta0.5_lapin-on_lsym_g0.8,ip_beta0.5,1000,0.4,200,3,4,0.458936,0.435556,0.896552,30.119737
071_ip_beta0.5_lapin-on_lsym_g0.8,ip_beta0.5,1000,0.4,200,3,5,0.451913,0.419791,0.678571,26.68407
071_ip_beta0.5_lapin-on_lsym_g0.8,ip_beta0.5,1000,0.4,200,3,6,0.462511,0.449178,0.586207,29.409825
071_ip_beta0.5_lapin-on_lsym_g0.8,ip_beta0.5,1000,0.4,200,3,7,0.44698,0.505791,0.2,21.248617
071_ip_beta0.5_lapin-on_lsym_g0.8,ip_beta0.5,1000,0.4,200,3,8,0.474757,0.457931,0.275862,21.1824
071_ip_beta0.5_lapin-on_lsym_g0.8,ip_beta0.5,1000,0.4,200,3,9,0.491298,0.503199,0.366667,25.520482
071_ip_beta0.5_lapin-on_lsym_g0.8,ip_beta0.5,1000,0.4,200,3,10,0.362849,0.374624,0.84,27.529001
072_ip_beta0.5_lapin-on_lsym_g0.9,ip_beta0.5,1000,0.4,200,3,1,0.351742,0.357919,0.5,26.816423
072_ip_beta0.5_lapin-on_lsym_g0.9,ip_beta0.5,1000,0.4,200,3,2,0.491292,0.477284,0.769231,24.641578
072_ip_beta0.5_lapin-on_lsym_g0.9,ip_beta0.5,1000,0.4,200,3,3,0.568418,0.550104,0.333333,24.437695
072_ip_beta0.5_lapin-on_lsym_g0.9,ip_beta0.5,1000,0.4,200,3,4,0.499275,0.43741,0.896552,30.119737
072_ip_beta0.5_lapin-on_lsym_g0.9,ip_beta0.5,1000,0.4,200,3,5,0.469022,0.447279,0.678571,26.68407
072_ip_beta0.5_lapin-on_lsym_g0.9,ip_beta0.5,1000,0.4,200,3,6,0.484904,0.457753,0.586207,29.409825
072_ip_beta0.5_lapin-on_lsym_g0.9,ip_beta0.5,1000,0.4,200,3,7,0.438253,0.503726,0.166667,21.248617
072_ip_beta0.5_lapin-on_lsym_g0.9,ip_beta0.5,1000,0.4,200,3,8,0.448631,0.44273,0.275862,21.1824
072_ip_beta0.5_lapin-on_lsym_g0.9,ip_beta0.5,1000,0.4,200,3,9,0.454861,0.489159,0.366667,25.520482
072_ip_beta0.5_lapin-on_lsym_g0.9,ip_beta0.5,1000,0.4,200,3,10,0.401216,0.402428,0.84,27.529001
073_ip_beta1_lapin-off_-_g0.3,ip_beta1,1000,0.4,200,3,1,0.406098,0.423388,0.0,12.722427
073_ip_beta1_lapin-off_-_g0.3,ip_beta1,1000,0.4,200,3,2,0.342849,0.258467,0.230769,12.747342
073_ip_beta1_lapin-off_-_g0.3,ip_beta1,1000,0.4,200,3,3,0.347221,0.288185,0.166667,14.189569
073_ip_beta1_lapin-off_-_g0.3,ip_beta1,1000,0.4,200,3,4,0.381696,0.362935,0.034483,12.903223
073_ip_beta1_lapin-off_-_g0.3,ip_beta1,1000,0.4,200,3,5,0.231387,0.178943,0.035714,12.599575
073_ip_beta1_lapin-off_-_g0.3,ip_beta1,1000,0.4,200,3,6,0.319407,0.294601,0.103448,12.707382
073_ip_beta1_lapin-off_-_g0.3,ip_beta1,1000,0.4,200,3,7,0.335113,0.27321,0.1,13.453274
073_ip_beta1_lapin-off_-_g0.3,ip_beta1,1000,0.4,200,3,8,0.210721,0.127699,0.172414,15.261144
073_ip_beta1_lapin-off_-_g0.3,ip_beta1,1000,0.4,200,3,9,0.282537,0.252054,0.166667,13.526068
073_ip_beta1_lapin-off_-_g0.3,ip_beta1,1000,0.4,200,3,10,0.324509,0.293514,0.12,11.73659
074_ip_beta1_lapin-off_-_g0.5,ip_beta1,1000,0.4,200,3,1,0.583724,0.573024,0.0,12.722427
074_ip_beta1_lapin-off_-_g0.5,ip_beta1,1000,0.4,200,3,2,0.499258,0.450004,0.230769,12.747342
074_ip_beta1_lapin-off_-_g0.5,ip_beta1,1000,0.4,200,3,3,0.494411,0.43761,0.166667,14.189569
074_ip_beta1_lapin-off_-_g0.5,ip_beta1,1000,0.4,200,3,4,0.554515,0.498891,0.034483,12.903223
074_ip_beta1_lapin-off_-_g0.5,ip_beta1,1000,0.4,200,3,5,0.400648,0.374026,0.035714,12.599575
074_ip_beta1_lapin-off_-_g0.5,ip_beta1,1000,0.4,200,3,6,0.488562,0.491247,0.103448,12.707382
074_ip_beta1_lapin-off_-_g0.5,ip_beta1,1000,0.4,200,3,7,0.557516,0.529072,0.1,13.453274
074_ip_beta1_lapin-off_-_g0.5,ip_beta1,1000,0.4,200,3,8,0.343362,0.287799,0.172414,15.261144
074_ip_beta1_lapin-off_-_g0.5,ip_beta1,1000,0.4,200,3,9,0.450238,0.4034,0.166667,13.526068
074_ip_beta1_lapin-off_-_g0.5,ip_beta1,1000,0.4,200,3,10,0.562826,0.567154,0.12,11.73659
075_ip_beta1_lapin-off_-_g0.6,ip_beta1,1000,0.4,200,3,1,0.586545,0.582958,0.0,12.722427
075_ip_beta1_lapin-off_-_g0.6,ip_beta1,1000,0.4,200,3,2,0.550645,0.483041,0.230769,12.747342
075_ip_beta1_lapin-off_-_g0.6,ip_beta1,1000,0.4,200,3,3,0.548836,0.490425,0.166667,14.189569
075_ip_beta1_lapin-off_-_g0.6,ip_beta1,1000,0.4,200,3,4,0.589314,0.536569,0.034483,12.903223
075_ip_beta1_lapin-off_-_g0.6,ip_beta1,1000,0.4,200,3,5,0.453543,0.435003,0.035714,12.599575
075_ip_beta1_lapin-off_-_g0.6,ip_beta1,1000,0.4,200,3,6,0.556437,0.540805,0.103448,12.707382
075_ip_beta1_lapin-off_-_g0.6,ip_beta1,1000,0.4,200,3,7,0.614713,0.605251,0.1,13.453274
075_ip_beta1_lapin-off_-_g0.6,ip_beta1,1000,0.4,200,3,8,0.417484,0.368656,0.172414,15.261144
075_ip_beta1_lapin-off_-_g0.6,ip_beta1,1000,0.4,200,3,9,0.496023,0.453211,0.166667,13.526068
075_ip_beta1_lapin-off_-_g0.6,ip_beta1,1000,0.4,200,3,10,0.620165,0.599851,0.12,11.73659
076_ip_beta1_lapin-off_-_g0.7,ip_beta1,1000,0.4,200,3,1,0.5941,0.589126,0.0,12.722427
076_ip_beta1_lapin-off_-_g0.7,ip_beta1,1000,0.4,200,3,2,0.600854,0.549731,0.230769,12.747342
076_ip_beta1_lapin-off_-_g0.7,ip_beta1,1000,0.4,200,3,3,0.594061,0.542187,0.166667,14.189569
076_ip_beta1_lapin-off_-_g0.7,ip_beta1,1000,0.4,200,3,4,0.585467,0.566003,0.034483,12.903223
076_ip_beta1_lapin-off_-_g0.7,ip_beta1,1000,0.4,200,3,5,0.523036,0.487207,0.035714,12.599575
076_ip_beta1_lapin-off_-_g0.7,ip_beta1,1000,0.4,200,3,6,0.605768,0.573752,0.103448,12.707382
076_ip_beta1_lapin-off_-_g0.7,ip_beta1,1000,0.4,200,3,7,0.614897,0.61592,0.1,13.453274
076_ip_beta1_lapin-off_-_g0.7,ip_beta1,1000,0.4,200,3,8,0.49672,0.457862,0.172414,15.261144
076_ip_beta1_lapin-off_-_g0.7,ip_beta1,1000,0.4,200,3,9,0.555372,0.512393,0.166667,13.526068
076_ip_beta1_lapin-off_-_g0.7,ip_beta1,1000,0.4,200,3,10,0.606414,0.621127,0.12,11.73659
077_ip_beta1_lapin-off_-_g0.8,ip_beta1,1000,0.4,200,3,1,0.591432,0.594632,0.0,12.722427
077_ip_beta1_lapin-off_-_g0.8,ip_beta1,1000,0.4,200,3,2,0.639499,0.564083,0.230769,12.747342
077_ip_beta1_lapin-off_-_g0.8,ip_beta1,1000,0.4,200,3,3,0.605884,0.560069,0.166667,14.189569
077_ip_beta1_lapin-off_-_g0.8,ip_beta1,1000,0.4,200,3,4,0.581718,0.593749,0.034483,12.903223
077_ip_beta1_lapin-off_-_g0.8,ip_beta1,1000,0.4,200,3,5,0.534232,0.512533,0.035714,12.599575
077_ip_beta1_lapin-off_-_g0.8,ip_beta1,1000,0.4,200,3,6,0.60323,0.59637,0.103448,12.707382
077_ip_beta1_lapin-off_-_g0.8,ip_beta1,1000,0.4,200,3,7,0.599721,0.605715,0.1,13.453274
077_ip_beta1_lapin-off_-_g0.8,ip_beta1,1000,0.4,200,3,8,0.555521,0.487413,0.172414,15.261144
077_ip_beta1_lapin-off_-_g0.8,ip_beta1,1000,0.4,200,3,9,0.588881,0.538215,0.166667,13.526068
077_ip_beta1_lapin-off_-_g0.8,ip_beta1,1000,0.4,200,3,10,0.586353,0.604613,0.12,11.73659
078_ip_beta1_lapin-off_-_g0.9,ip_beta1,1000,0.4,200,3,1,0.590146,0.597551,0.0,12.722427
078_ip_beta1_lapin-off_-_g0.9,ip_beta1,1000,0.4,200,3,2,0.622078,0.579401,0.230769,12.747342
078_ip_beta1_lapin-off_-_g0.9,ip_beta1,1000,0.4,200,3,3,0.578406,0.551941,0.166667,14.189569
078_ip_beta1_lapin-off_-_g0.9,ip_beta1,1000,0.4,200,3,4,0.561957,0.584292,0.034483,12.903223
078_ip_beta1_lapin-off_-_g0.9,ip_beta1,1000,0.4,200,3,5,0.515965,0.52124,0.035714,12.599575
078_ip_beta1_lapin-off_-_g0.9,ip_beta1,1000,0.4,200,3,6,0.591602,0.588151,0.103448,12.707382
078_ip_beta1_lapin-off_-_g0.9,ip_beta1,1000,0.4,200,3,7,0.583904,0.603446,0.1,13.453274
078_ip_beta1_lapin-off_-_g0.9,ip_beta1,1000,0.4,200,3,8,0.52644,0.494011,0.172414,15.261144
078_ip_beta1_lapin-off_-_g0.9,ip_beta1,1000,0.4,200,3,9,0.562792,0.585115,0.166667,13.526068
078_ip_beta1_lapin-off_-_g0.9,ip_beta1,1000,0.4,200,3,10,0.573282,0.596605,0.12,11.73659
079_ip_beta1_lapin-on_lsym_g0.3,ip_beta1,1000,0.4,200,3,1,0.118263,0.135847,0.25,23.522979
079_ip_beta1_lapin-on_lsym_g0.3,ip_beta1,1000,0.4,200,3,2,0.320473,0.284059,0.461538,21.093886
079_ip_beta1_lapin-on_lsym_g0.3,ip_beta1,1000,0.4,200,3,3,0.231886,0.220465,0.533333,27.143453
079_ip_beta1_lapin-on_lsym_g0.3,ip_beta1,1000,0.4,200,3,4,0.120616,0.14694,0.689655,30.320134
079_ip_beta1_lapin-on_lsym_g0.3,ip_beta1,1000,0.4,200,3,5,0.148592,0.146891,0.5,24.570663
079_ip_beta1_lapin-on_lsym_g0.3,ip_beta1,1000,0.4,200,3,6,0.206225,0.159219,0.586207,26.06277
079_ip_beta1_lapin-on_lsym_g0.3,ip_beta1,1000,0.4,200,3,7,0.21468,0.184832,0.3,22.220599
079_ip_beta1_lapin-on_lsym_g0.3,ip_beta1,1000,0.4,200,3,8,0.139904,0.133189,0.37931,25.542479
079_ip_beta1_lapin-on_lsym_g0.3,ip_beta1,1000,0.4,200,3,9,0.205056,0.181353,0.333333,22.826677
079_ip_beta1_lapin-on_lsym_g0.3,ip_beta1,1000,0.4,200,3,10,0.191691,0.171866,0.68,24.980745
080_ip_beta1_lapin-on_lsym_g0.5,ip_beta1,1000,0.4,200,3,1,0.228831,0.272269,0.25,23.522979
080_ip_beta1_lapin-on_lsym_g0.5,ip_beta1,1000,0.4,200,3,2,0.493337,0.481993,0.461538,21.093886
080_ip_beta1_lapin-on_lsym_g0.5,ip_beta1,1000,0.4,200,3,3,0.331299,0.32876,0.533333,27.143453
080_ip_beta1_lapin-on_lsym_g0.5,ip_beta1,1000,0.4,200,3,4,0.244984,0.28054,0.689655,30.320134
080_ip_beta1_lapin-on_lsym_g0.5,ip_beta1,1000,0.4,200,3,5,0.264225,0.278363,0.5,24.570663
080_ip_beta1_lapin-on_lsym_g0.5,ip_beta1,1000,0.4,200,3,6,0.33279,0.313956,0.586207,26.06277
080_ip_beta1_lapin-on_lsym_g0.5,ip_beta1,1000,0.4,200,3,7,0.355328,0.347606,0.3,22.220599
080_ip_beta1_lapin-on_lsym_g0.5,ip_beta1,1000,0.4,200,3,8,0.308105,0.324597,0.37931,25.542479
080_ip_beta1_lapin-on_lsym_g0.5,ip_beta1,1000,0.4,200,3,9,0.376913,0.407987,0.333333,22.826677
080_ip_beta1_lapin-on_lsym_g0.5,ip_beta1,1000,0.4,200,3,10,0.312229,0.324166,0.68,24.980745
081_ip_beta1_lapin-on_lsym_g0.6,ip_beta1,1000,0.4,200,3,1,0.276317,0.31419,0.25,23.522979
081_ip_beta1_lapin-on_lsym_g0.6,ip_beta1,1000,0.4,200,3,2,0.543348,0.504231,0.461538,21.093886
081_ip_beta1_lapin-on_lsym_g0.6,ip_beta1,1000,0.4,200,3,3,0.384916,0.400668,0.533333,27.143453
081_ip_beta1_lapin-on_lsym_g0.6,ip_beta1,1000,0.4,200,3,4,0.311434,0.357354,0.689655,30.320134
081_ip_beta1_lapin-on_lsym_g0.6,ip_beta1,1000,0.4,200,3,5,0.288798,0.318426,0.5,24.570663
081_ip_beta1_lapin-on_lsym_g0.6,ip_beta1,1000,0.4,200,3,6,0.379504,0.369387,0.586207,26.06277
081_ip_beta1_lapin-on_lsym_g0.6,ip_beta1,1000,0.4,200,3,7,0.426779,0.42309,0.3,22.220599
081_ip_beta1_lapin-on_lsym_g0.6,ip_beta1,1000,0.4,200,3,8,0.346772,0.361374,0.37931,25.542479
081_ip_beta1_lapin-on_lsym_g0.6,ip_beta1,1000,0.4,200,3,9,0.48964,0.510048,0.333333,22.826677
081_ip_beta1_lapin-on_lsym_g0.6,ip_beta1,1000,0.4,200,3,10,0.373156,0.401869,0.68,24.980745
082_ip_beta1_lapin-on_lsym_g0.7,ip_beta1,1000,0.4,200,3,1,0.308346,0.341856,0.25,23.522979
082_ip_beta1_lapin-on_lsym_g0.7,ip_beta1,1000,0.4,200,3,2,0.563896,0.497643,0.461538,21.093886
082_ip_beta1_lapin-on_lsym_g0.7,ip_beta1,1000,0.4,200,3,3,0.423581,0.430967,0.533333,27.143453
082_ip_beta1_lapin-on_lsym_g0.7,ip_beta1,1000,0.4,200,3,4,0.374145,0.393887,0.689655,30.320134
082_ip_beta1_lapin-on_lsym_g0.7,ip_beta1,1000,0.4,200,3,5,0.326935,0.36438,0.5,24.570663
082_ip_beta1_lapin-on_lsym_g0.7,ip_beta1,1000,0.4,200,3,6,0.448904,0.414861,0.586207,26.06277
082_ip_beta1_lapin-on_lsym_g0.7,ip_beta1,1000,0.4,200,3,7,0.500454,0.482962,0.3,22.220599
082_ip_beta1_lapin-on_lsym_g0.7,ip_beta1,1000,0.4,200,3,8,0.375805,0.387212,0.37931,25.542479
082_ip_beta1_lapin-on_lsym_g0.7,ip_beta1,1000,0.4,200,3,9,0.53466,0.52271,0.333333,22.826677
082_ip_beta1_lapin-on_lsym_g0.7,ip_beta1,1000,0.4,200,3,10,0.407421,0.412742,0.68,24.980745
083_ip_beta1_lapin-on_lsym_g0.8,ip_beta1,1000,0.4,200,3,1,0.353656,0.368902,0.25,23.522979
083_ip_beta1_lapin-on_lsym_g0.8,ip_beta1,1000,0.4,200,3,2,0.574226,0.526615,0.461538,21.093886
083_ip_beta1_lapin-on_lsym_g0.8,ip_beta1,1000,0.4,200,3,3,0.462333,0.454444,0.533333,27.143453
083_ip_beta1_lapin-on_lsym_g0.8,ip_beta1,1000,0.4,200,3,4,0.446105,0.441157,0.689655,30.320134
083_ip_beta1_lapin-on_lsym_g0.8,ip_beta1,1000,0.4,200,3,5,0.390357,0.400706,0.5,24.570663
083_ip_beta1_lapin-on_lsym_g0.8,ip_beta1,1000,0.4,200,3,6,0.488975,0.425084,0.586207,26.06277
083_ip_beta1_lapin-on_lsym_g0.8,ip_beta1,1000,0.4,200,3,7,0.528602,0.492571,0.3,22.220599
083_ip_beta1_lapin-on_lsym_g0.8,ip_beta1,1000,0.4,200,3,8,0.41429,0.413585,0.37931,25.542479
083_ip_beta1_lapin-on_lsym_g0.8,ip_beta1,1000,0.4,200,3,9,0.537549,0.523621,0.333333,22.826677
083_ip_beta1_lapin-on_lsym_g0.8,ip_beta1,1000,0.4,200,3,10,0.444697,0.420153,0.68,24.980745
084_ip_beta1_lapin-on_lsym_g0.9,ip_beta1,1000,0.4,200,3,1,0.373619,0.379894,0.25,23.522979
084_ip_beta1_lapin-on_lsym_g0.9,ip_beta1,1000,0.4,200,3,2,0.554551,0.523843,0.461538,21.093886
084_ip_beta1_lapin-on_lsym_g0.9,ip_beta1,1000,0.4,200,3,3,0.487206,0.474873,0.533333,27.143453
084_ip_beta1_lapin-on_lsym_g0.9,ip_beta1,1000,0.4,200,3,4,0.428087,0.427986,0.689655,30.320134
084_ip_beta1_lapin-on_lsym_g0.9,ip_beta1,1000,0.4,200,3,5,0.41644,0.432018,0.5,24.570663
084_ip_beta1_lapin-on_lsym_g0.9,ip_beta1,1000,0.4,200,3,6,0.519798,0.428777,0.551724,26.06277
084_ip_beta1_lapin-on_lsym_g0.9,ip_beta1,1000,0.4,200,3,7,0.523344,0.519241,0.3,22.220599
084_ip_beta1_lapin-on_lsym_g0.9,ip_beta1,1000,0.4,200,3,8,0.418909,0.438834,0.37931,25.542479
084_ip_beta1_lapin-on_lsym_g0.9,ip_beta1,1000,0.4,200,3,9,0.52568,0.510355,0.333333,22.826677
084_ip_beta1_lapin-on_lsym_g0.9,ip_beta1,1000,0.4,200,3,10,0.472015,0.45123,0.68,24.980745
013_kul_lapin-off_-_g0.3,kul,1000,0.4,200,3,1,0.474881,0.408806,0.3125,18.184582
013_kul_lapin-off_-_g0.3,kul,1000,0.4,200,3,2,0.388881,0.320644,0.576923,17.183641
013_kul_lapin-off_-_g0.3,kul,1000,0.4,200,3,3,0.424035,0.318241,0.466667,17.250596
013_kul_lapin-off_-_g0.3,kul,1000,0.4,200,3,4,0.413555,0.349577,0.344828,15.151404
013_kul_lapin-off_-_g0.3,kul,1000,0.4,200,3,5,0.507847,0.478173,0.357143,16.040706
013_kul_lapin-off_-_g0.3,kul,1000,0.4,200,3,6,0.372672,0.293797,0.448276,16.934851
013_kul_lapin-off_-_g0.3,kul,1000,0.4,200,3,7,0.393154,0.342428,0.433333,18.256129
013_kul_lapin-off_-_g0.3,kul,1000,0.4,200,3,8,0.411454,0.345557,0.37931,16.451605
013_kul_lapin-off_-_g0.3,kul,1000,0.4,200,3,9,0.435329,0.339225,0.466667,17.318538
013_kul_lapin-off_-_g0.3,kul,1000,0.4,200,3,10,0.456342,0.384156,0.32,16.985466
014_kul_lapin-off_-_g0.5,kul,1000,0.4,200,3,1,0.565403,0.516625,0.3125,18.184582
014_kul_lapin-off_-_g0.5,kul,1000,0.4,200,3,2,0.470803,0.459147,0.576923,17.183641
014_kul_lapin-off_-_g0.5,kul,1000,0.4,200,3,3,0.491579,0.438789,0.466667,17.250596
014_kul_lapin-off_-_g0.5,kul,1000,0.4,200,3,4,0.485416,0.447003,0.344828,15.151404
014_kul_lapin-off_-_g0.5,kul,1000,0.4,200,3,5,0.586097,0.550842,0.357143,16.040706
014_kul_lapin-off_-_g0.5,kul,1000,0.4,200,3,6,0.479179,0.382613,0.448276,16.934851
014_kul_lapin-off_-_g0.5,kul,1000,0.4,200,3,7,0.477283,0.46867,0.433333,18.256129
014_kul_lapin-off_-_g0.5,kul,1000,0.4,200,3,8,0.506346,0.465262,0.37931,16.451605
014_kul_lapin-off_-_g0.5,kul,1000,0.4,200,3,9,0.51995,0.456814,0.466667,17.318538
014_kul_lapin-off_-_g0.5,kul,1000,0.4,200,3,10,0.538049,0.510341,0.32,16.985466
015_kul_lapin-off_-_g0.6,kul,1000,0.4,200,3,1,0.601457,0.529382,0.3125,18.184582
015_kul_lapin-off_-_g0.6,kul,1000,0.4,200,3,2,0.492806,0.467721,0.576923,17.183641
015_kul_lapin-off_-_g0.6,kul,1000,0.4,200,3,3,0.502312,0.444311,0.466667,17.250596
015_kul_lapin-off_-_g0.6,kul,1000,0.4,200,3,4,0.511503,0.479967,0.344828,15.151404
015_kul_lapin-off_-_g0.6,kul,1000,0.4,200,3,5,0.610827,0.560498,0.357143,16.040706
015_kul_lapin-off_-_g0.6,kul,1000,0.4,200,3,6,0.49776,0.389553,0.448276,16.934851
015_kul_lapin-off_-_g0.6,kul,1000,0.4,200,3,7,0.509297,0.489568,0.433333,18.256129
015_kul_lapin-off_-_g0.6,kul,1000,0.4,200,3,8,0.533929,0.486517,0.37931,16.451605
015_kul_lapin-off_-_g0.6,kul,1000,0.4,200,3,9,0.545385,0.48006,0.466667,17.318538
015_kul_lapin-off_-_g0.6,kul,1000,0.4,200,3,10,0.550886,0.519465,0.32,16.985466
016_kul_lapin-off_-_g0.7,kul,1000,0.4,200,3,1,0.615552,0.531262,0.3125,18.184582
016_kul_lapin-off_-_g0.7,kul,1000,0.4,200,3,2,0.496509,0.461878,0.576923,17.183641
016_kul_lapin-off_-_g0.7,kul,1000,0.4,200,3,3,0.526208,0.465862,0.466667,17.250596
016_kul_lapin-off_-_g0.7,kul,1000,0.4,200,3,4,0.536763,0.489042,0.344828,15.151404
016_kul_lapin-off_-_g0.7,kul,1000,0.4,200,3,5,0.616312,0.541545,0.357143,16.040706
016_kul_lapin-off_-_g0.7,kul,1000,0.4,200,3,6,0.541026,0.46484,0.448276,16.934851
016_kul_lapin-off_-_g0.7,kul,1000,0.4,200,3,7,0.526383,0.483118,0.433333,18.256129
016_kul_lapin-off_-_g0.7,kul,1000,0.4,200,3,8,0.574813,0.500327,0.37931,16.451605
016_kul_lapin-off_-_g0.7,kul,1000,0.4,200,3,9,0.5761,0.488965,0.466667,17.318538
016_kul_lapin-off_-_g0.7,kul,1000,0.4,200,3,10,0.562127,0.509302,0.32,16.985466
017_kul_lapin-off_-_g0.8,kul,1000,0.4,200,3,1,0.590979,0.53674,0.3125,18.184582
017_kul_lapin-off_-_g0.8,kul,1000,0.4,200,3,2,0.493335,0.448649,0.576923,17.183641
017_kul_lapin-off_-_g0.8,kul,1000,0.4,200,3,3,0.538201,0.457163,0.466667,17.250596
017_kul_lapin-off_-_g0.8,kul,1000,0.4,200,3,4,0.535372,0.470644,0.344828,15.151404
017_kul_lapin-off_-_g0.8,kul,1000,0.4,200,3,5,0.600898,0.52408,0.357143,16.040706
017_kul_lapin-off_-_g0.8,kul,1000,0.4,200,3,6,0.573193,0.492712,0.448276,16.934851
017_kul_lapin-off_-_g0.8,kul,1000,0.4,200,3,7,0.509451,0.465873,0.4,18.256129
017_kul_lapin-off_-_g0.8,kul,1000,0.4,200,3,8,0.559063,0.482354,0.37931,16.451605
017_kul_lapin-off_-_g0.8,kul,1000,0.4,200,3,9,0.582826,0.490384,0.466667,17.318538
017_kul_lapin-off_-_g0.8,kul,1000,0.4,200,3,10,0.527164,0.489028,0.32,16.985466
018_kul_lapin-off_-_g0.9,kul,1000,0.4,200,3,1,0.559592,0.519062,0.3125,18.184582
018_kul_lapin-off_-_g0.9,kul,1000,0.4,200,3,2,0.479297,0.440132,0.538462,17.183641
018_kul_lapin-off_-_g0.9,kul,1000,0.4,200,3,3,0.508139,0.447065,0.466667,17.250596
018_kul_lapin-off_-_g0.9,kul,1000,0.4,200,3,4,0.500084,0.45456,0.344828,15.151404
018_kul_lapin-off_-_g0.9,kul,1000,0.4,200,3,5,0.575523,0.504114,0.357143,16.040706
018_kul_lapin-off_-_g0.9,kul,1000,0.4,200,3,6,0.553112,0.480498,0.413793,16.934851
018_kul_lapin-off_-_g0.9,kul,1000,0.4,200,3,7,0.488321,0.448058,0.4,18.256129
018_kul_lapin-off_-_g0.9,kul,1000,0.4,200,3,8,0.532062,0.475596,0.344828,16.451605
018_kul_lapin-off_-_g0.9,kul,1000,0.4,200,3,9,0.536678,0.491808,0.433333,17.318538
018_kul_lapin-off_-_g0.9,kul,1000,0.4,200,3,10,0.499274,0.48079,0.32,16.985466
019_kul_lapin-on_lsym_g0.3,kul,1000,0.4,200,3,1,0.142146,0.103112,0.03125,21.591153
019_kul_lapin-on_lsym_g0.3,kul,1000,0.4,200,3,2,0.184286,0.161355,0.192308,19.464503
019_kul_lapin-on_lsym_g0.3,kul,1000,0.4,200,3,3,0.30157,0.24776,0.133333,20.152564
019_kul_lapin-on_lsym_g0.3,kul,1000,0.4,200,3,4,0.159542,0.119343,0.137931,19.97407
019_kul_lapin-on_lsym_g0.3,kul,1000,0.4,200,3,5,0.236519,0.193344,0.357143,25.893982
019_kul_lapin-on_lsym_g0.3,kul,1000,0.4,200,3,6,0.206459,0.165383,0.275862,22.861541
019_kul_lapin-on_lsym_g0.3,kul,1000,0.4,200,3,7,0.151652,0.110618,0.133333,22.210949
019_kul_lapin-on_lsym_g0.3,kul,1000,0.4,200,3,8,0.193177,0.123729,0.137931,20.375634
019_kul_lapin-on_lsym_g0.3,kul,1000,0.4,200,3,9,0.293877,0.233207,0.033333,17.832565
019_kul_lapin-on_lsym_g0.3,kul,1000,0.4,200,3,10,0.216149,0.175534,0.12,17.220456
020_kul_lapin-on_lsym_g0.5,kul,1000,0.4,200,3,1,0.348159,0.289566,0.03125,21.591153
020_kul_lapin-on_lsym_g0.5,kul,1000,0.4,200,3,2,0.365722,0.369869,0.192308,19.464503
020_kul_lapin-on_lsym_g0.5,kul,1000,0.4,200,3,3,0.449479,0.370071,0.133333,20.152564
020_kul_lapin-on_lsym_g0.5,kul,1000,0.4,200,3,4,0.246086,0.282428,0.137931,19.97407
020_kul_lapin-on_lsym_g0.5,kul,1000,0.4,200,3,5,0.412421,0.40426,0.357143,25.893982
020_kul_lapin-on_lsym_g0.5,kul,1000,0.4,200,3,6,0.36374,0.336466,0.275862,22.861541
020_kul_lapin-on_lsym_g0.5,kul,1000,0.4,200,3,7,0.326934,0.281045,0.133333,22.210949
020_kul_lapin-on_lsym_g0.5,kul,1000,0.4,200,3,8,0.410224,0.314742,0.137931,20.375634
020_kul_lapin-on_lsym_g0.5,kul,1000,0.4,200,3,9,0.44071,0.391774,0.033333,17.832565
020_kul_lapin-on_lsym_g0.5,kul,1000,0.4,200,3,10,0.329018,0.323876,0.12,17.220456
021_kul_lapin-on_lsym_g0.6,kul,1000,0.4,200,3,1,0.413782,0.359551,0.03125,21.591153
021_kul_lapin-on_lsym_g0.6,kul,1000,0.4,200,3,2,0.412543,0.387,0.192308,19.464503
021_kul_lapin-on_lsym_g0.6,kul,1000,0.4,200,3,3,0.508506,0.42973,0.133333,20.152564
021_kul_lapin-on_lsym_g0.6,kul,1000,0.4,200,3,4,0.289559,0.329509,0.137931,19.97407
021_kul_lapin-on_lsym_g0.6,kul,1000,0.4,200,3,5,0.485144,0.453554,0.357143,25.893982
021_kul_lapin-on_lsym_g0.6,kul,1000,0.4,200,3,6,0.439113,0.391052,0.275862,22.861541
021_kul_lapin-on_lsym_g0.6,kul,1000,0.4,200,3,7,0.428989,0.401315,0.133333,22.210949
021_kul_lapin-on_lsym_g0.6,kul,1000,0.4,200,3,8,0.495016,0.394385,0.137931,20.375634
021_kul_lapin-on_lsym_g0.6,kul,1000,0.4,200,3,9,0.506492,0.475576,0.033333,17.832565
021_kul_lapin-on_lsym_g0.6,kul,1000,0.4,200,3,10,0.382813,0.38647,0.12,17.220456
022_kul_lapin-on_lsym_g0.7,kul,1000,0.4,200,3,1,0.427006,0.374153,0.03125,21.591153
022_kul_lapin-on_lsym_g0.7,kul,1000,0.4,200,3,2,0.453183,0.417856,0.192308,19.464503
022_kul_lapin-on_lsym_g0.7,kul,1000,0.4,200,3,3,0.552273,0.463832,0.133333,20.152564
022_kul_lapin-on_lsym_g0.7,kul,1000,0.4,200,3,4,0.36555,0.4072,0.137931,19.97407
022_kul_lapin-on_lsym_g0.7,kul,1000,0.4,200,3,5,0.51683,0.46444,0.357143,25.893982
022_kul_lapin-on_lsym_g0.7,kul,1000,0.4,200,3,6,0.493756,0.430221,0.275862,22.861541
022_kul_lapin-on_lsym_g0.7,kul,1000,0.4,200,3,7,0.490319,0.441041,0.133333,22.210949
022_kul_lapin-on_lsym_g0.7,kul,1000,0.4,200,3,8,0.55784,0.475362,0.137931,20.375634
022_kul_lapin-on_lsym_g0.7,kul,1000,0.4,200,3,9,0.550377,0.526617,0.033333,17.832565
022_kul_lapin-on_lsym_g0.7,kul,1000,0.4,200,3,10,0.475485,0.451977,0.12,17.220456
023_kul_lapin-on_lsym_g0.8,kul,1000,0.4,200,3,1,0.477,0.418016,0.03125,21.591153
023_kul_lapin-on_lsym_g0.8,kul,1000,0.4,200,3,2,0.492454,0.442376,0.192308,19.464503
023_kul_lapin-on_lsym_g0.8,kul,1000,0.4,200,3,3,0.547719,0.478138,0.133333,20.152564
023_kul_lapin-on_lsym_g0.8,kul,1000,0.4,200,3,4,0.394144,0.414613,0.137931,19.97407
023_kul_lapin-on_lsym_g0.8,kul,1000,0.4,200,3,5,0.527106,0.464264,0.357143,25.893982
023_kul_lapin-on_lsym_g0.8,kul,1000,0.4,200,3,6,0.532067,0.453214,0.275862,22.861541
023_kul_lapin-on_lsym_g0.8,kul,1000,0.4,200,3,7,0.463722,0.456916,0.133333,22.210949
023_kul_lapin-on_lsym_g0.8,kul,1000,0.4,200,3,8,0.584806,0.5142,0.137931,20.375634
023_kul_lapin-on_lsym_g0.8,kul,1000,0.4,200,3,9,0.563941,0.566932,0.033333,17.832565
023_kul_lapin-on_lsym_g0.8,kul,1000,0.4,200,3,10,0.497952,0.451077,0.12,17.220456
024_kul_lapin-on_lsym_g0.9,kul,1000,0.4,200,3,1,0.50945,0.471516,0.03125,21.591153
024_kul_lapin-on_lsym_g0.9,kul,1000,0.4,200,3,2,0.461553,0.481965,0.192308,19.464503
024_kul_lapin-on_lsym_g0.9,kul,1000,0.4,200,3,3,0.529737,0.485153,0.133333,20.152564
024_kul_lapin-on_lsym_g0.9,kul,1000,0.4,200,3,4,0.386682,0.418404,0.137931,19.97407
024_kul_lapin-on_lsym_g0.9,kul,1000,0.4,200,3,5,0.506478,0.475682,0.357143,25.893982
024_kul_lapin-on_lsym_g0.9,kul,1000,0.4,200,3,6,0.499085,0.464269,0.275862,22.861541
024_kul_lapin-on_lsym_g0.9,kul,1000,0.4,200,3,7,0.456489,0.471028,0.133333,22.210949
024_kul_lapin-on_lsym_g0.9,kul,1000,0.4,200,3,8,0.571621,0.537368,0.137931,20.375634
024_kul_lapin-on_lsym_g0.9,kul,1000,0.4,200,3,9,0.566111,0.574799,0.033333,17.832565
024_kul_lapin-on_lsym_g0.9,kul,1000,0.4,200,3,10,0.472893,0.504555,0.12,17.220456
037_ochiai_lapin-off_-_g0.3,ochiai,1000,0.4,200,3,1,0.42548,0.337795,0.5,18.299804
037_ochiai_lapin-off_-_g0.3,ochiai,1000,0.4,200,3,2,0.362624,0.333675,0.538462,16.043634
037_ochiai_lapin-off_-_g0.3,ochiai,1000,0.4,200,3,3,0.419815,0.374089,0.466667,16.950636
037_ochiai_lapin-off_-_g0.3,ochiai,1000,0.4,200,3,4,0.411382,0.34626,0.448276,16.845518
037_ochiai_lapin-off_-_g0.3,ochiai,1000,0.4,200,3,5,0.43614,0.381194,0.464286,18.236147
037_ochiai_lapin-off_-_g0.3,ochiai,1000,0.4,200,3,6,0.404506,0.31735,0.37931,17.503512
037_ochiai_lapin-off_-_g0.3,ochiai,1000,0.4,200,3,7,0.448732,0.411726,0.4,16.665746
037_ochiai_lapin-off_-_g0.3,ochiai,1000,0.4,200,3,8,0.438979,0.406404,0.344828,15.536156
037_ochiai_lapin-off_-_g0.3,ochiai,1000,0.4,200,3,9,0.418622,0.364006,0.5,17.230273
037_ochiai_lapin-off_-_g0.3,ochiai,1000,0.4,200,3,10,0.451411,0.378663,0.4,15.089233
038_ochiai_lapin-off_-_g0.5,ochiai,1000,0.4,200,3,1,0.484791,0.429656,0.5,18.299804
038_ochiai_lapin-off_-_g0.5,ochiai,1000,0.4,200,3,2,0.434713,0.446428,0.538462,16.043634
038_ochiai_lapin-off_-_g0.5,ochiai,1000,0.4,200,3,3,0.499366,0.498755,0.466667,16.950636
038_ochiai_lapin-off_-_g0.5,ochiai,1000,0.4,200,3,4,0.481105,0.460558,0.448276,16.845518
038_ochiai_lapin-off_-_g0.5,ochiai,1000,0.4,200,3,5,0.512569,0.490313,0.464286,18.236147
038_ochiai_lapin-off_-_g0.5,ochiai,1000,0.4,200,3,6,0.489295,0.436436,0.37931,17.503512
038_ochiai_lapin-off_-_g0.5,ochiai,1000,0.4,200,3,7,0.529811,0.499528,0.4,16.665746
038_ochiai_lapin-off_-_g0.5,ochiai,1000,0.4,200,3,8,0.515068,0.490737,0.344828,15.536156
038_ochiai_lapin-off_-_g0.5,ochiai,1000,0.4,200,3,9,0.4965,0.465037,0.5,17.230273
038_ochiai_lapin-off_-_g0.5,ochiai,1000,0.4,200,3,10,0.496887,0.457039,0.4,15.089233
039_ochiai_lapin-off_-_g0.6,ochiai,1000,0.4,200,3,1,0.517411,0.454789,0.5,18.299804
039_ochiai_lapin-off_-_g0.6,ochiai,1000,0.4,200,3,2,0.456399,0.461039,0.538462,16.043634
039_ochiai_lapin-off_-_g0.6,ochiai,1000,0.4,200,3,3,0.522318,0.50283,0.466667,16.950636
039_ochiai_lapin-off_-_g0.6,ochiai,1000,0.4,200,3,4,0.495608,0.471905,0.448276,16.845518
039_ochiai_lapin-off_-_g0.6,ochiai,1000,0.4,200,3,5,0.513457,0.482251,0.464286,18.236147
039_ochiai_lapin-off_-_g0.6,ochiai,1000,0.4,200,3,6,0.52755,0.459946,0.37931,17.503512
039_ochiai_lapin-off_-_g0.6,ochiai,1000,0.4,200,3,7,0.537614,0.491357,0.4,16.665746
039_ochiai_lapin-off_-_g0.6,ochiai,1000,0.4,200,3,8,0.53436,0.500369,0.344828,15.536156
039_ochiai_lapin-off_-_g0.6,ochiai,1000,0.4,200,3,9,0.518883,0.482913,0.5,17.230273
039_ochiai_lapin-off_-_g0.6,ochiai,1000,0.4,200,3,10,0.519562,0.477971,0.4,15.089233
040_ochiai_lapin-off_-_g0.7,ochiai,1000,0.4,200,3,1,0.55805,0.487703,0.5,18.299804
040_ochiai_lapin-off_-_g0.7,ochiai,1000,0.4,200,3,2,0.470416,0.449452,0.538462,16.043634
040_ochiai_lapin-off_-_g0.7,ochiai,1000,0.4,200,3,3,0.536543,0.49089,0.466667,16.950636
040_ochiai_lapin-off_-_g0.7,ochiai,1000,0.4,200,3,4,0.497802,0.461874,0.448276,16.845518
040_ochiai_lapin-off_-_g0.7,ochiai,1000,0.4,200,3,5,0.515909,0.47054,0.464286,18.236147
040_ochiai_lapin-off_-_g0.7,ochiai,1000,0.4,200,3,6,0.545697,0.466186,0.37931,17.503512
040_ochiai_lapin-off_-_g0.7,ochiai,1000,0.4,200,3,7,0.546215,0.476884,0.4,16.665746
040_ochiai_lapin-off_-_g0.7,ochiai,1000,0.4,200,3,8,0.578468,0.518987,0.344828,15.536156
040_ochiai_lapin-off_-_g0.7,ochiai,1000,0.4,200,3,9,0.519668,0.467531,0.5,17.230273
040_ochiai_lapin-off_-_g0.7,ochiai,1000,0.4,200,3,10,0.545352,0.492158,0.4,15.089233
041_ochiai_lapin-off_-_g0.8,ochiai,1000,0.4,200,3,1,0.577653,0.475994,0.46875,18.299804
041_ochiai_lapin-off_-_g0.8,ochiai,1000,0.4,200,3,2,0.478354,0.429806,0.538462,16.043634
041_ochiai_lapin-off_-_g0.8,ochiai,1000,0.4,200,3,3,0.537954,0.474265,0.466667,16.950636
041_ochiai_lapin-off_-_g0.8,ochiai,1000,0.4,200,3,4,0.51104,0.441924,0.448276,16.845518
041_ochiai_lapin-off_-_g0.8,ochiai,1000,0.4,200,3,5,0.529619,0.458269,0.464286,18.236147
041_ochiai_lapin-off_-_g0.8,ochiai,1000,0.4,200,3,6,0.542337,0.476859,0.37931,17.503512
041_ochiai_lapin-off_-_g0.8,ochiai,1000,0.4,200,3,7,0.540179,0.49214,0.4,16.665746
041_ochiai_lapin-off_-_g0.8,ochiai,1000,0.4,200,3,8,0.568893,0.511786,0.344828,15.536156
041_ochiai_lapin-off_-_g0.8,ochiai,1000,0.4,200,3,9,0.540097,0.465627,0.5,17.230273
041_ochiai_lapin-off_-_g0.8,ochiai,1000,0.4,200,3,10,0.545005,0.491371,0.4,15.089233
042_ochiai_lapin-off_-_g0.9,ochiai,1000,0.4,200,3,1,0.538798,0.476265,0.46875,18.299804
042_ochiai_lapin-off_-_g0.9,ochiai,1000,0.4,200,3,2,0.463202,0.41073,0.538462,16.043634
042_ochiai_lapin-off_-_g0.9,ochiai,1000,0.4,200,3,3,0.51366,0.457543,0.466667,16.950636
042_ochiai_lapin-off_-_g0.9,ochiai,1000,0.4,200,3,4,0.48992,0.433976,0.448276,16.845518
042_ochiai_lapin-off_-_g0.9,ochiai,1000,0.4,200,3,5,0.518546,0.440953,0.464286,18.236147
042_ochiai_lapin-off_-_g0.9,ochiai,1000,0.4,200,3,6,0.511256,0.463539,0.344828,17.503512
042_ochiai_lapin-off_-_g0.9,ochiai,1000,0.4,200,3,7,0.51118,0.481044,0.4,16.665746
042_ochiai_lapin-off_-_g0.9,ochiai,1000,0.4,200,3,8,0.535892,0.49404,0.310345,15.536156
042_ochiai_lapin-off_-_g0.9,ochiai,1000,0.4,200,3,9,0.513727,0.459877,0.5,17.230273
042_ochiai_lapin-off_-_g0.9,ochiai,1000,0.4,200,3,10,0.521949,0.47362,0.4,15.089233
043_ochiai_lapin-on_lsym_g0.3,ochiai,1000,0.4,200,3,1,0.167956,0.11255,0.09375,21.308189
043_ochiai_lapin-on_lsym_g0.3,ochiai,1000,0.4,200,3,2,0.205593,0.157815,0.115385,17.375106
043_ochiai_lapin-on_lsym_g0.3,ochiai,1000,0.4,200,3,3,0.319004,0.275095,0.133333,19.398916
043_ochiai_lapin-on_lsym_g0.3,ochiai,1000,0.4,200,3,4,0.172621,0.144676,0.241379,21.698987
043_ochiai_lapin-on_lsym_g0.3,ochiai,1000,0.4,200,3,5,0.221251,0.136046,0.178571,21.778053
043_ochiai_lapin-on_lsym_g0.3,ochiai,1000,0.4,200,3,6,0.15942,0.121011,0.37931,25.778278
043_ochiai_lapin-on_lsym_g0.3,ochiai,1000,0.4,200,3,7,0.185628,0.119514,0.166667,21.264742
043_ochiai_lapin-on_lsym_g0.3,ochiai,1000,0.4,200,3,8,0.234006,0.109444,0.034483,18.494568
043_ochiai_lapin-on_lsym_g0.3,ochiai,1000,0.4,200,3,9,0.288236,0.249351,0.133333,20.518178
043_ochiai_lapin-on_lsym_g0.3,ochiai,1000,0.4,200,3,10,0.234754,0.172001,0.16,17.484843
044_ochiai_lapin-on_lsym_g0.5,ochiai,1000,0.4,200,3,1,0.37145,0.33701,0.09375,21.308189
044_ochiai_lapin-on_lsym_g0.5,ochiai,1000,0.4,200,3,2,0.331013,0.320634,0.115385,17.375106
044_ochiai_lapin-on_lsym_g0.5,ochiai,1000,0.4,200,3,3,0.46245,0.408648,0.133333,19.398916
044_ochiai_lapin-on_lsym_g0.5,ochiai,1000,0.4,200,3,4,0.321023,0.310035,0.241379,21.698987
044_ochiai_lapin-on_lsym_g0.5,ochiai,1000,0.4,200,3,5,0.431659,0.354341,0.178571,21.778053
044_ochiai_lapin-on_lsym_g0.5,ochiai,1000,0.4,200,3,6,0.266639,0.236878,0.37931,25.778278
044_ochiai_lapin-on_lsym_g0.5,ochiai,1000,0.4,200,3,7,0.327238,0.297581,0.166667,21.264742
044_ochiai_lapin-on_lsym_g0.5,ochiai,1000,0.4,200,3,8,0.408067,0.307609,0.034483,18.494568
044_ochiai_lapin-on_lsym_g0.5,ochiai,1000,0.4,200,3,9,0.45255,0.387602,0.133333,20.518178
044_ochiai_lapin-on_lsym_g0.5,ochiai,1000,0.4,200,3,10,0.379856,0.354109,0.16,17.484843
045_ochiai_lapin-on_lsym_g0.6,ochiai,1000,0.4,200,3,1,0.447032,0.410802,0.09375,21.308189
045_ochiai_lapin-on_lsym_g0.6,ochiai,1000,0.4,200,3,2,0.398662,0.387075,0.115385,17.375106
045_ochiai_lapin-on_lsym_g0.6,ochiai,1000,0.4,200,3,3,0.540534,0.461558,0.133333,19.398916
045_ochiai_lapin-on_lsym_g0.6,ochiai,1000,0.4,200,3,4,0.397927,0.392641,0.241379,21.698987
045_ochiai_lapin-on_lsym_g0.6,ochiai,1000,0.4,200,3,5,0.499351,0.427476,0.178571,21.778053
045_ochiai_lapin-on_lsym_g0.6,ochiai,1000,0.4,200,3,6,0.336233,0.331657,0.37931,25.778278
045_ochiai_lapin-on_lsym_g0.6,ochiai,1000,0.4,200,3,7,0.362874,0.339836,0.166667,21.264742
045_ochiai_lapin-on_lsym_g0.6,ochiai,1000,0.4,200,3,8,0.504049,0.411068,0.034483,18.494568
045_ochiai_lapin-on_lsym_g0.6,ochiai,1000,0.4,200,3,9,0.522887,0.460106,0.133333,20.518178
045_ochiai_lapin-on_lsym_g0.6,ochiai,1000,0.4,200,3,10,0.443281,0.408457,0.16,17.484843
046_ochiai_lapin-on_lsym_g0.7,ochiai,1000,0.4,200,3,1,0.534499,0.500645,0.09375,21.308189
046_ochiai_lapin-on_lsym_g0.7,ochiai,1000,0.4,200,3,2,0.443564,0.421891,0.115385,17.375106
046_ochiai_lapin-on_lsym_g0.7,ochiai,1000,0.4,200,3,3,0.557858,0.462713,0.133333,19.398916
046_ochiai_lapin-on_lsym_g0.7,ochiai,1000,0.4,200,3,4,0.48906,0.465598,0.241379,21.698987
046_ochiai_lapin-on_lsym_g0.7,ochiai,1000,0.4,200,3,5,0.559106,0.481853,0.178571,21.778053
046_ochiai_lapin-on_lsym_g0.7,ochiai,1000,0.4,200,3,6,0.401328,0.409253,0.37931,25.778278
046_ochiai_lapin-on_lsym_g0.7,ochiai,1000,0.4,200,3,7,0.397673,0.384922,0.166667,21.264742
046_ochiai_lapin-on_lsym_g0.7,ochiai,1000,0.4,200,3,8,0.590058,0.522888,0.034483,18.494568
046_ochiai_lapin-on_lsym_g0.7,ochiai,1000,0.4,200,3,9,0.601711,0.505749,0.133333,20.518178
046_ochiai_lapin-on_lsym_g0.7,ochiai,1000,0.4,200,3,10,0.473707,0.432793,0.16,17.484843
047_ochiai_lapin-on_lsym_g0.8,ochiai,1000,0.4,200,3,1,0.576896,0.545101,0.09375,21.308189
047_ochiai_lapin-on_lsym_g0.8,ochiai,1000,0.4,200,3,2,0.443738,0.449073,0.115385,17.375106
047_ochiai_lapin-on_lsym_g0.8,ochiai,1000,0.4,200,3,3,0.574643,0.489614,0.133333,19.398916
047_ochiai_lapin-on_lsym_g0.8,ochiai,1000,0.4,200,3,4,0.531782,0.526892,0.241379,21.698987
047_ochiai_lapin-on_lsym_g0.8,ochiai,1000,0.4,200,3,5,0.606007,0.508596,0.178571,21.778053
047_ochiai_lapin-on_lsym_g0.8,ochiai,1000,0.4,200,3,6,0.460295,0.442239,0.37931,25.778278
047_ochiai_lapin-on_lsym_g0.8,ochiai,1000,0.4,200,3,7,0.50117,0.446587,0.166667,21.264742
047_ochiai_lapin-on_lsym_g0.8,ochiai,1000,0.4,200,3,8,0.599686,0.570979,0.034483,18.494568
047_ochiai_lapin-on_lsym_g0.8,ochiai,1000,0.4,200,3,9,0.604611,0.534128,0.133333,20.518178
047_ochiai_lapin-on_lsym_g0.8,ochiai,1000,0.4,200,3,10,0.511187,0.463186,0.16,17.484843
048_ochiai_lapin-on_lsym_g0.9,ochiai,1000,0.4,200,3,1,0.544369,0.545009,0.09375,21.308189
048_ochiai_lapin-on_lsym_g0.9,ochiai,1000,0.4,200,3,2,0.44918,0.466981,0.115385,17.375106
048_ochiai_lapin-on_lsym_g0.9,ochiai,1000,0.4,200,3,3,0.558546,0.528305,0.133333,19.398916
048_ochiai_lapin-on_lsym_g0.9,ochiai,1000,0.4,200,3,4,0.521919,0.524135,0.241379,21.698987
048_ochiai_lapin-on_lsym_g0.9,ochiai,1000,0.4,200,3,5,0.576626,0.516804,0.178571,21.778053
048_ochiai_lapin-on_lsym_g0.9,ochiai,1000,0.4,200,3,6,0.468674,0.452292,0.37931,25.778278
048_ochiai_lapin-on_lsym_g0.9,ochiai,1000,0.4,200,3,7,0.469757,0.478718,0.166667,21.264742
048_ochiai_lapin-on_lsym_g0.9,ochiai,1000,0.4,200,3,8,0.587609,0.572278,0.034483,18.494568
048_ochiai_lapin-on_lsym_g0.9,ochiai,1000,0.4,200,3,9,0.597409,0.549662,0.133333,20.518178
048_ochiai_lapin-on_lsym_g0.9,ochiai,1000,0.4,200,3,10,0.532759,0.522285,0.16,17.484843
085_cosip_beta0_lapin-off_-_g0.3,cosip_beta0,1000,0.4,200,4,1,0.373046,0.349082,0.413793,16.05568
085_cosip_beta0_lapin-off_-_g0.3,cosip_beta0,1000,0.4,200,4,2,0.387014,0.337934,0.275862,16.270444
085_cosip_beta0_lapin-off_-_g0.3,cosip_beta0,1000,0.4,200,4,3,0.389795,0.356948,0.416667,22.008389
085_cosip_beta0_lapin-off_-_g0.3,cosip_beta0,1000,0.4,200,4,4,0.381698,0.3561,0.393939,18.801322
085_cosip_beta0_lapin-off_-_g0.3,cosip_beta0,1000,0.4,200,4,5,0.384659,0.331296,0.419355,18.206251
085_cosip_beta0_lapin-off_-_g0.3,cosip_beta0,1000,0.4,200,4,6,0.421104,0.381586,0.363636,17.697351
085_cosip_beta0_lapin-off_-_g0.3,cosip_beta0,1000,0.4,200,4,7,0.359831,0.317746,0.451613,17.502736
085_cosip_beta0_lapin-off_-_g0.3,cosip_beta0,1000,0.4,200,4,8,0.411879,0.354693,0.428571,19.048322
085_cosip_beta0_lapin-off_-_g0.3,cosip_beta0,1000,0.4,200,4,9,0.332634,0.27704,0.548387,19.213763
085_cosip_beta0_lapin-off_-_g0.3,cosip_beta0,1000,0.4,200,4,10,0.388345,0.36019,0.424242,20.072093
086_cosip_beta0_lapin-off_-_g0.5,cosip_beta0,1000,0.4,200,4,1,0.473422,0.446877,0.413793,16.05568
086_cosip_beta0_lapin-off_-_g0.5,cosip_beta0,1000,0.4,200,4,2,0.470564,0.409333,0.275862,16.270444
086_cosip_beta0_lapin-off_-_g0.5,cosip_beta0,1000,0.4,200,4,3,0.480781,0.423863,0.416667,22.008389
086_cosip_beta0_lapin-off_-_g0.5,cosip_beta0,1000,0.4,200,4,4,0.455729,0.405388,0.393939,18.801322
086_cosip_beta0_lapin-off_-_g0.5,cosip_beta0,1000,0.4,200,4,5,0.453801,0.401974,0.419355,18.206251
086_cosip_beta0_lapin-off_-_g0.5,cosip_beta0,1000,0.4,200,4,6,0.481024,0.433039,0.363636,17.697351
086_cosip_beta0_lapin-off_-_g0.5,cosip_beta0,1000,0.4,200,4,7,0.4432,0.386879,0.451613,17.502736
086_cosip_beta0_lapin-off_-_g0.5,cosip_beta0,1000,0.4,200,4,8,0.46856,0.38959,0.428571,19.048322
086_cosip_beta0_lapin-off_-_g0.5,cosip_beta0,1000,0.4,200,4,9,0.37972,0.344764,0.548387,19.213763
086_cosip_beta0_lapin-off_-_g0.5,cosip_beta0,1000,0.4,200,4,10,0.485291,0.442374,0.424242,20.072093
087_cosip_beta0_lapin-off_-_g0.6,cosip_beta0,1000,0.4,200,4,1,0.48547,0.44111,0.413793,16.05568
087_cosip_beta0_lapin-off_-_g0.6,cosip_beta0,1000,0.4,200,4,2,0.507892,0.437665,0.275862,16.270444
087_cosip_beta0_lapin-off_-_g0.6,cosip_beta0,1000,0.4,200,4,3,0.506936,0.420496,0.416667,22.008389
087_cosip_beta0_lapin-off_-_g0.6,cosip_beta0,1000,0.4,200,4,4,0.479248,0.399451,0.393939,18.801322
087_cosip_beta0_lapin-off_-_g0.6,cosip_beta0,1000,0.4,200,4,5,0.47406,0.395912,0.419355,18.206251
087_cosip_beta0_lapin-off_-_g0.6,cosip_beta0,1000,0.4,200,4,6,0.501454,0.425366,0.363636,17.697351
087_cosip_beta0_lapin-off_-_g0.6,cosip_beta0,1000,0.4,200,4,7,0.459266,0.38474,0.451613,17.502736
087_cosip_beta0_lapin-off_-_g0.6,cosip_beta0,1000,0.4,200,4,8,0.500475,0.393735,0.428571,19.048322
087_cosip_beta0_lapin-off_-_g0.6,cosip_beta0,1000,0.4,200,4,9,0.412035,0.35851,0.548387,19.213763
087_cosip_beta0_lapin-off_-_g0.6,cosip_beta0,1000,0.4,200,4,10,0.502551,0.431496,0.424242,20.072093
088_cosip_beta0_lapin-off_-_g0.7,cosip_beta0,1000,0.4,200,4,1,0.48723,0.431352,0.413793,16.05568
088_cosip_beta0_lapin-off_-_g0.7,cosip_beta0,1000,0.4,200,4,2,0.493805,0.438422,0.275862,16.270444
088_cosip_beta0_lapin-off_-_g0.7,cosip_beta0,1000,0.4,200,4,3,0.486707,0.403298,0.416667,22.008389
088_cosip_beta0_lapin-off_-_g0.7,cosip_beta0,1000,0.4,200,4,4,0.468551,0.386016,0.393939,18.801322
088_cosip_beta0_lapin-off_-_g0.7,cosip_beta0,1000,0.4,200,4,5,0.486889,0.393845,0.419355,18.206251
088_cosip_beta0_lapin-off_-_g0.7,cosip_beta0,1000,0.4,200,4,6,0.49838,0.418195,0.363636,17.697351
088_cosip_beta0_lapin-off_-_g0.7,cosip_beta0,1000,0.4,200,4,7,0.448591,0.379047,0.451613,17.502736
088_cosip_beta0_lapin-off_-_g0.7,cosip_beta0,1000,0.4,200,4,8,0.508933,0.389391,0.428571,19.048322
088_cosip_beta0_lapin-off_-_g0.7,cosip_beta0,1000,0.4,200,4,9,0.429035,0.35692,0.548387,19.213763
088_cosip_beta0_lapin-off_-_g0.7,cosip_beta0,1000,0.4,200,4,10,0.482961,0.419611,0.424242,20.072093
089_cosip_beta0_lapin-off_-_g0.8,cosip_beta0,1000,0.4,200,4,1,0.453101,0.418467,0.413793,16.05568
089_cosip_beta0_lapin-off_-_g0.8,cosip_beta0,1000,0.4,200,4,2,0.463263,0.423326,0.275862,16.270444
089_cosip_beta0_lapin-off_-_g0.8,cosip_beta0,1000,0.4,200,4,3,0.466428,0.383859,0.416667,22.008389
089_cosip_beta0_lapin-off_-_g0.8,cosip_beta0,1000,0.4,200,4,4,0.445586,0.370705,0.393939,18.801322
089_cosip_beta0_lapin-off_-_g0.8,cosip_beta0,1000,0.4,200,4,5,0.462244,0.383199,0.387097,18.206251
089_cosip_beta0_lapin-off_-_g0.8,cosip_beta0,1000,0.4,200,4,6,0.468313,0.393956,0.363636,17.697351
089_cosip_beta0_lapin-off_-_g0.8,cosip_beta0,1000,0.4,200,4,7,0.406329,0.365638,0.451613,17.502736
089_cosip_beta0_lapin-off_-_g0.8,cosip_beta0,1000,0.4,200,4,8,0.477775,0.388724,0.428571,19.048322
089_cosip_beta0_lapin-off_-_g0.8,cosip_beta0,1000,0.4,200,4,9,0.407955,0.348494,0.516129,19.213763
089_cosip_beta0_lapin-off_-_g0.8,cosip_beta0,1000,0.4,200,4,10,0.450475,0.405806,0.424242,20.072093
090_cosip_beta0_lapin-off_-_g0.9,cosip_beta0,1000,0.4,200,4,1,0.433838,0.398976,0.413793,16.05568
090_cosip_beta0_lapin-off_-_g0.9,cosip_beta0,1000,0.4,200,4,2,0.437329,0.416658,0.275862,16.270444
090_cosip_beta0_lapin-off_-_g0.9,cosip_beta0,1000,0.4,200,4,3,0.442304,0.376223,0.416667,22.008389
090_cosip_beta0_lapin-off_-_g0.9,cosip_beta0,1000,0.4,200,4,4,0.413508,0.356555,0.393939,18.801322
090_cosip_beta0_lapin-off_-_g0.9,cosip_beta0,1000,0.4,200,4,5,0.436717,0.361049,0.387097,18.206251
090_cosip_beta0_lapin-off_-_g0.9,cosip_beta0,1000,0.4,200,4,6,0.447222,0.370151,0.363636,17.697351
090_cosip_beta0_lapin-off_-_g0.9,cosip_beta0,1000,0.4,200,4,7,0.381537,0.343006,0.451613,17.502736
090_cosip_beta0_lapin-off_-_g0.9,cosip_beta0,1000,0.4,200,4,8,0.4368,0.372052,0.428571,19.048322
090_cosip_beta0_lapin-off_-_g0.9,cosip_beta0,1000,0.4,200,4,9,0.352946,0.32591,0.516129,19.213763
090_cosip_beta0_lapin-off_-_g0.9,cosip_beta0,1000,0.4,200,4,10,0.427821,0.375484,0.424242,20.072093
091_cosip_beta0_lapin-on_lsym_g0.3,cosip_beta0,1000,0.4,200,4,1,0.215444,0.213436,0.310345,22.476196
091_cosip_beta0_lapin-on_lsym_g0.3,cosip_beta0,1000,0.4,200,4,2,0.192389,0.166462,0.241379,23.772785
091_cosip_beta0_lapin-on_lsym_g0.3,cosip_beta0,1000,0.4,200,4,3,0.247061,0.235229,0.0,22.167914
091_cosip_beta0_lapin-on_lsym_g0.3,cosip_beta0,1000,0.4,200,4,4,0.101292,0.150357,0.151515,23.877034
091_cosip_beta0_lapin-on_lsym_g0.3,cosip_beta0,1000,0.4,200,4,5,0.191187,0.18318,0.096774,21.935665
091_cosip_beta0_lapin-on_lsym_g0.3,cosip_beta0,1000,0.4,200,4,6,0.202685,0.174526,0.151515,23.464462
091_cosip_beta0_lapin-on_lsym_g0.3,cosip_beta0,1000,0.4,200,4,7,0.222311,0.183086,0.129032,20.947829
091_cosip_beta0_lapin-on_lsym_g0.3,cosip_beta0,1000,0.4,200,4,8,0.201496,0.175974,0.085714,23.332102
091_cosip_beta0_lapin-on_lsym_g0.3,cosip_beta0,1000,0.4,200,4,9,0.32537,0.293236,0.193548,24.4908
091_cosip_beta0_lapin-on_lsym_g0.3,cosip_beta0,1000,0.4,200,4,10,0.209535,0.174652,0.030303,23.562331
092_cosip_beta0_lapin-on_lsym_g0.5,cosip_beta0,1000,0.4,200,4,1,0.311731,0.281123,0.310345,22.476196
092_cosip_beta0_lapin-on_lsym_g0.5,cosip_beta0,1000,0.4,200,4,2,0.353737,0.280825,0.241379,23.772785
092_cosip_beta0_lapin-on_lsym_g0.5,cosip_beta0,1000,0.4,200,4,3,0.399151,0.377424,0.0,22.167914
092_cosip_beta0_lapin-on_lsym_g0.5,cosip_beta0,1000,0.4,200,4,4,0.230708,0.242552,0.151515,23.877034
092_cosip_beta0_lapin-on_lsym_g0.5,cosip_beta0,1000,0.4,200,4,5,0.362951,0.320199,0.096774,21.935665
092_cosip_beta0_lapin-on_lsym_g0.5,cosip_beta0,1000,0.4,200,4,6,0.305762,0.282975,0.151515,23.464462
092_cosip_beta0_lapin-on_lsym_g0.5,cosip_beta0,1000,0.4,200,4,7,0.378551,0.336304,0.129032,20.947829
092_cosip_beta0_lapin-on_lsym_g0.5,cosip_beta0,1000,0.4,200,4,8,0.350692,0.304696,0.085714,23.332102
092_cosip_beta0_lapin-on_lsym_g0.5,cosip_beta0,1000,0.4,200,4,9,0.446838,0.375553,0.193548,24.4908
092_cosip_beta0_lapin-on_lsym_g0.5,cosip_beta0,1000,0.4,200,4,10,0.378093,0.322042,0.030303,23.562331
093_cosip_beta0_lapin-on_lsym_g0.6,cosip_beta0,1000,0.4,200,4,1,0.36569,0.317274,0.310345,22.476196
093_cosip_beta0_lapin-on_lsym_g0.6,cosip_beta0,1000,0.4,200,4,2,0.412962,0.318455,0.241379,23.772785
093_cosip_beta0_lapin-on_lsym_g0.6,cosip_beta0,1000,0.4,200,4,3,0.429116,0.392574,0.0,22.167914
093_cosip_beta0_lapin-on_lsym_g0.6,cosip_beta0,1000,0.4,200,4,4,0.301466,0.291691,0.151515,23.877034
093_cosip_beta0_lapin-on_lsym_g0.6,cosip_beta0,1000,0.4,200,4,5,0.421386,0.378447,0.096774,21.935665
093_cosip_beta0_lapin-on_lsym_g0.6,cosip_beta0,1000,0.4,200,4,6,0.389309,0.333161,0.151515,23.464462
093_cosip_beta0_lapin-on_lsym_g0.6,cosip_beta0,1000,0.4,200,4,7,0.434125,0.387555,0.129032,20.947829
093_cosip_beta0_lapin-on_lsym_g0.6,cosip_beta0,1000,0.4,200,4,8,0.404997,0.341287,0.085714,23.332102
093_cosip_beta0_lapin-on_lsym_g0.6,cosip_beta0,1000,0.4,200,4,9,0.520924,0.401594,0.193548,24.4908
093_cosip_beta0_lapin-on_lsym_g0.6,cosip_beta0,1000,0.4,200,4,10,0.417867,0.358715,0.030303,23.562331
094_cosip_beta0_lapin-on_lsym_g0.7,cosip_beta0,1000,0.4,200,4,1,0.429475,0.37016,0.310345,22.476196
094_cosip_beta0_lapin-on_lsym_g0.7,cosip_beta0,1000,0.4,200,4,2,0.512051,0.404189,0.241379,23.772785
094_cosip_beta0_lapin-on_lsym_g0.7,cosip_beta0,1000,0.4,200,4,3,0.437486,0.405767,0.0,22.167914
094_cosip_beta0_lapin-on_lsym_g0.7,cosip_beta0,1000,0.4,200,4,4,0.374833,0.327418,0.151515,23.877034
094_cosip_beta0_lapin-on_lsym_g0.7,cosip_beta0,1000,0.4,200,4,5,0.453933,0.42513,0.096774,21.935665
094_cosip_beta0_lapin-on_lsym_g0.7,cosip_beta0,1000,0.4,200,4,6,0.409842,0.355916,0.151515,23.464462
094_cosip_beta0_lapin-on_lsym_g0.7,cosip_beta0,1000,0.4,200,4,7,0.479434,0.425254,0.129032,20.947829
094_cosip_beta0_lapin-on_lsym_g0.7,cosip_beta0,1000,0.4,200,4,8,0.454049,0.393372,0.085714,23.332102
094_cosip_beta0_lapin-on_lsym_g0.7,cosip_beta0,1000,0.4,200,4,9,0.538821,0.416006,0.193548,24.4908
094_cosip_beta0_lapin-on_lsym_g0.7,cosip_beta0,1000,0.4,200,4,10,0.451616,0.39016,0.030303,23.562331
095_cosip_beta0_lapin-on_lsym_g0.8,cosip_beta0,1000,0.4,200,4,1,0.435201,0.378493,0.310345,22.476196
095_cosip_beta0_lapin-on_lsym_g0.8,cosip_beta0,1000,0.4,200,4,2,0.510026,0.448575,0.241379,23.772785
095_cosip_beta0_lapin-on_lsym_g0.8,cosip_beta0,1000,0.4,200,4,3,0.42375,0.414862,0.0,22.167914
095_cosip_beta0_lapin-on_lsym_g0.8,cosip_beta0,1000,0.4,200,4,4,0.373611,0.365847,0.151515,23.877034
095_cosip_beta0_lapin-on_lsym_g0.8,cosip_beta0,1000,0.4,200,4,5,0.456031,0.441889,0.096774,21.935665
095_cosip_beta0_lapin-on_lsym_g0.8,cosip_beta0,1000,0.4,200,4,6,0.418054,0.38885,0.151515,23.464462
095_cosip_beta0_lapin-on_lsym_g0.8,cosip_beta0,1000,0.4,200,4,7,0.484522,0.438137,0.129032,20.947829
095_cosip_beta0_lapin-on_lsym_g0.8,cosip_beta0,1000,0.4,200,4,8,0.499223,0.454366,0.085714,23.332102
095_cosip_beta0_lapin-on_lsym_g0.8,cosip_beta0,1000,0.4,200,4,9,0.52423,0.415234,0.193548,24.4908
095_cosip_beta0_lapin-on_lsym_g0.8,cosip_beta0,1000,0.4,200,4,10,0.448249,0.419841,0.030303,23.562331
096_cosip_beta0_lapin-on_lsym_g0.9,cosip_beta0,1000,0.4,200,4,1,0.420005,0.395864,0.310345,22.476196
096_cosip_beta0_lapin-on_lsym_g0.9,cosip_beta0,1000,0.4,200,4,2,0.475099,0.465186,0.241379,23.772785
096_cosip_beta0_lapin-on_lsym_g0.9,cosip_beta0,1000,0.4,200,4,3,0.400397,0.430438,0.027778,22.167914
096_cosip_beta0_lapin-on_lsym_g0.9,cosip_beta0,1000,0.4,200,4,4,0.366967,0.377879,0.151515,23.877034
096_cosip_beta0_lapin-on_lsym_g0.9,cosip_beta0,1000,0.4,200,4,5,0.437974,0.44111,0.096774,21.935665
096_cosip_beta0_lapin-on_lsym_g0.9,cosip_beta0,1000,0.4,200,4,6,0.42565,0.408921,0.151515,23.464462
096_cosip_beta0_lapin-on_lsym_g0.9,cosip_beta0,1000,0.4,200,4,7,0.467378,0.456663,0.129032,20.947829
096_cosip_beta0_lapin-on_lsym_g0.9,cosip_beta0,1000,0.4,200,4,8,0.482561,0.471064,0.085714,23.332102
096_cosip_beta0_lapin-on_lsym_g0.9,cosip_beta0,1000,0.4,200,4,9,0.516967,0.429513,0.16129,24.4908
096_cosip_beta0_lapin-on_lsym_g0.9,cosip_beta0,1000,0.4,200,4,10,0.42958,0.445455,0.030303,23.562331
097_cosip_beta0.5_lapin-off_-_g0.3,cosip_beta0.5,1000,0.4,200,4,1,0.395009,0.392219,0.37931,15.181835
097_cosip_beta0.5_lapin-off_-_g0.3,cosip_beta0.5,1000,0.4,200,4,2,0.353593,0.328416,0.241379,14.03162
097_cosip_beta0.5_lapin-off_-_g0.3,cosip_beta0.5,1000,0.4,200,4,3,0.47089,0.459194,0.25,18.577078
097_cosip_beta0.5_lapin-off_-_g0.3,cosip_beta0.5,1000,0.4,200,4,4,0.39872,0.317641,0.333333,17.078021
097_cosip_beta0.5_lapin-off_-_g0.3,cosip_beta0.5,1000,0.4,200,4,5,0.392041,0.373438,0.354839,16.58604
097_cosip_beta0.5_lapin-off_-_g0.3,cosip_beta0.5,1000,0.4,200,4,6,0.422361,0.375557,0.212121,15.598323
097_cosip_beta0.5_lapin-off_-_g0.3,cosip_beta0.5,1000,0.4,200,4,7,0.364344,0.343639,0.354839,17.10503
097_cosip_beta0.5_lapin-off_-_g0.3,cosip_beta0.5,1000,0.4,200,4,8,0.398248,0.37686,0.314286,17.324698
097_cosip_beta0.5_lapin-off_-_g0.3,cosip_beta0.5,1000,0.4,200,4,9,0.34271,0.313152,0.483871,17.824401
097_cosip_beta0.5_lapin-off_-_g0.3,cosip_beta0.5,1000,0.4,200,4,10,0.408428,0.359901,0.333333,17.362431
098_cosip_beta0.5_lapin-off_-_g0.5,cosip_beta0.5,1000,0.4,200,4,1,0.48976,0.457485,0.37931,15.181835
098_cosip_beta0.5_lapin-off_-_g0.5,cosip_beta0.5,1000,0.4,200,4,2,0.470713,0.422527,0.241379,14.03162
098_cosip_beta0.5_lapin-off_-_g0.5,cosip_beta0.5,1000,0.4,200,4,3,0.543972,0.473327,0.25,18.577078
098_cosip_beta0.5_lapin-off_-_g0.5,cosip_beta0.5,1000,0.4,200,4,4,0.472779,0.40529,0.333333,17.078021
098_cosip_beta0.5_lapin-off_-_g0.5,cosip_beta0.5,1000,0.4,200,4,5,0.46244,0.414548,0.354839,16.58604
098_cosip_beta0.5_lapin-off_-_g0.5,cosip_beta0.5,1000,0.4,200,4,6,0.517537,0.457813,0.212121,15.598323
098_cosip_beta0.5_lapin-off_-_g0.5,cosip_beta0.5,1000,0.4,200,4,7,0.448344,0.399019,0.354839,17.10503
098_cosip_beta0.5_lapin-off_-_g0.5,cosip_beta0.5,1000,0.4,200,4,8,0.475196,0.437715,0.314286,17.324698
098_cosip_beta0.5_lapin-off_-_g0.5,cosip_beta0.5,1000,0.4,200,4,9,0.413576,0.379444,0.483871,17.824401
098_cosip_beta0.5_lapin-off_-_g0.5,cosip_beta0.5,1000,0.4,200,4,10,0.49235,0.419272,0.333333,17.362431
099_cosip_beta0.5_lapin-off_-_g0.6,cosip_beta0.5,1000,0.4,200,4,1,0.505856,0.436118,0.37931,15.181835
099_cosip_beta0.5_lapin-off_-_g0.6,cosip_beta0.5,1000,0.4,200,4,2,0.490461,0.420401,0.241379,14.03162
099_cosip_beta0.5_lapin-off_-_g0.6,cosip_beta0.5,1000,0.4,200,4,3,0.526861,0.451987,0.25,18.577078
099_cosip_beta0.5_lapin-off_-_g0.6,cosip_beta0.5,1000,0.4,200,4,4,0.492535,0.404207,0.333333,17.078021
099_cosip_beta0.5_lapin-off_-_g0.6,cosip_beta0.5,1000,0.4,200,4,5,0.483981,0.415106,0.354839,16.58604
099_cosip_beta0.5_lapin-off_-_g0.6,cosip_beta0.5,1000,0.4,200,4,6,0.508008,0.449581,0.212121,15.598323
099_cosip_beta0.5_lapin-off_-_g0.6,cosip_beta0.5,1000,0.4,200,4,7,0.472087,0.394211,0.354839,17.10503
099_cosip_beta0.5_lapin-off_-_g0.6,cosip_beta0.5,1000,0.4,200,4,8,0.495364,0.433034,0.314286,17.324698
099_cosip_beta0.5_lapin-off_-_g0.6,cosip_beta0.5,1000,0.4,200,4,9,0.42578,0.379305,0.483871,17.824401
099_cosip_beta0.5_lapin-off_-_g0.6,cosip_beta0.5,1000,0.4,200,4,10,0.509674,0.417708,0.333333,17.362431
100_cosip_beta0.5_lapin-off_-_g0.7,cosip_beta0.5,1000,0.4,200,4,1,0.499419,0.430482,0.37931,15.181835
100_cosip_beta0.5_lapin-off_-_g0.7,cosip_beta0.5,1000,0.4,200,4,2,0.47048,0.410948,0.241379,14.03162
100_cosip_beta0.5_lapin-off_-_g0.7,cosip_beta0.5,1000,0.4,200,4,3,0.508711,0.444624,0.25,18.577078
100_cosip_beta0.5_lapin-off_-_g0.7,cosip_beta0.5,1000,0.4,200,4,4,0.488894,0.392752,0.333333,17.078021
100_cosip_beta0.5_lapin-off_-_g0.7,cosip_beta0.5,1000,0.4,200,4,5,0.485379,0.419993,0.354839,16.58604
100_cosip_beta0.5_lapin-off_-_g0.7,cosip_beta0.5,1000,0.4,200,4,6,0.486872,0.434929,0.212121,15.598323
100_cosip_beta0.5_lapin-off_-_g0.7,cosip_beta0.5,1000,0.4,200,4,7,0.492467,0.40479,0.354839,17.10503
100_cosip_beta0.5_lapin-off_-_g0.7,cosip_beta0.5,1000,0.4,200,4,8,0.480957,0.421133,0.314286,17.324698
100_cosip_beta0.5_lapin-off_-_g0.7,cosip_beta0.5,1000,0.4,200,4,9,0.45381,0.370831,0.483871,17.824401
100_cosip_beta0.5_lapin-off_-_g0.7,cosip_beta0.5,1000,0.4,200,4,10,0.502264,0.42395,0.333333,17.362431
101_cosip_beta0.5_lapin-off_-_g0.8,cosip_beta0.5,1000,0.4,200,4,1,0.4713,0.406374,0.344828,15.181835
101_cosip_beta0.5_lapin-off_-_g0.8,cosip_beta0.5,1000,0.4,200,4,2,0.447541,0.398789,0.241379,14.03162
101_cosip_beta0.5_lapin-off_-_g0.8,cosip_beta0.5,1000,0.4,200,4,3,0.47911,0.42539,0.25,18.577078
101_cosip_beta0.5_lapin-off_-_g0.8,cosip_beta0.5,1000,0.4,200,4,4,0.457687,0.377254,0.333333,17.078021
101_cosip_beta0.5_lapin-off_-_g0.8,cosip_beta0.5,1000,0.4,200,4,5,0.443062,0.408138,0.354839,16.58604
101_cosip_beta0.5_lapin-off_-_g0.8,cosip_beta0.5,1000,0.4,200,4,6,0.462093,0.422052,0.212121,15.598323
101_cosip_beta0.5_lapin-off_-_g0.8,cosip_beta0.5,1000,0.4,200,4,7,0.476591,0.395793,0.354839,17.10503
101_cosip_beta0.5_lapin-off_-_g0.8,cosip_beta0.5,1000,0.4,200,4,8,0.446186,0.398488,0.314286,17.324698
101_cosip_beta0.5_lapin-off_-_g0.8,cosip_beta0.5,1000,0.4,200,4,9,0.436543,0.360877,0.483871,17.824401
101_cosip_beta0.5_lapin-off_-_g0.8,cosip_beta0.5,1000,0.4,200,4,10,0.47261,0.409836,0.333333,17.362431
102_cosip_beta0.5_lapin-off_-_g0.9,cosip_beta0.5,1000,0.4,200,4,1,0.435389,0.394368,0.344828,15.181835
102_cosip_beta0.5_lapin-off_-_g0.9,cosip_beta0.5,1000,0.4,200,4,2,0.424208,0.386948,0.206897,14.03162
102_cosip_beta0.5_lapin-off_-_g0.9,cosip_beta0.5,1000,0.4,200,4,3,0.460135,0.403196,0.25,18.577078
102_cosip_beta0.5_lapin-off_-_g0.9,cosip_beta0.5,1000,0.4,200,4,4,0.433972,0.367305,0.272727,17.078021
102_cosip_beta0.5_lapin-off_-_g0.9,cosip_beta0.5,1000,0.4,200,4,5,0.430558,0.386387,0.354839,16.58604
102_cosip_beta0.5_lapin-off_-_g0.9,cosip_beta0.5,1000,0.4,200,4,6,0.432515,0.406759,0.181818,15.598323
102_cosip_beta0.5_lapin-off_-_g0.9,cosip_beta0.5,1000,0.4,200,4,7,0.444639,0.382207,0.354839,17.10503
102_cosip_beta0.5_lapin-off_-_g0.9,cosip_beta0.5,1000,0.4,200,4,8,0.42954,0.379105,0.314286,17.324698
102_cosip_beta0.5_lapin-off_-_g0.9,cosip_beta0.5,1000,0.4,200,4,9,0.403755,0.349754,0.483871,17.824401
102_cosip_beta0.5_lapin-off_-_g0.9,cosip_beta0.5,1000,0.4,200,4,10,0.436262,0.399395,0.30303,17.362431
103_cosip_beta0.5_lapin-on_lsym_g0.3,cosip_beta0.5,1000,0.4,200,4,1,0.214692,0.191862,0.172414,19.369087
103_cosip_beta0.5_lapin-on_lsym_g0.3,cosip_beta0.5,1000,0.4,200,4,2,0.181052,0.148068,0.103448,19.122147
103_cosip_beta0.5_lapin-on_lsym_g0.3,cosip_beta0.5,1000,0.4,200,4,3,0.226882,0.225091,0.111111,23.578232
103_cosip_beta0.5_lapin-on_lsym_g0.3,cosip_beta0.5,1000,0.4,200,4,4,0.144138,0.137962,0.060606,22.230031
103_cosip_beta0.5_lapin-on_lsym_g0.3,cosip_beta0.5,1000,0.4,200,4,5,0.274767,0.25591,0.064516,20.508822
103_cosip_beta0.5_lapin-on_lsym_g0.3,cosip_beta0.5,1000,0.4,200,4,6,0.223577,0.238257,0.121212,21.542225
103_cosip_beta0.5_lapin-on_lsym_g0.3,cosip_beta0.5,1000,0.4,200,4,7,0.16862,0.172097,0.225806,23.336344
103_cosip_beta0.5_lapin-on_lsym_g0.3,cosip_beta0.5,1000,0.4,200,4,8,0.183471,0.196794,0.057143,21.422157
103_cosip_beta0.5_lapin-on_lsym_g0.3,cosip_beta0.5,1000,0.4,200,4,9,0.22031,0.173055,0.193548,21.829543
103_cosip_beta0.5_lapin-on_lsym_g0.3,cosip_beta0.5,1000,0.4,200,4,10,0.200404,0.228278,0.030303,20.688462
104_cosip_beta0.5_lapin-on_lsym_g0.5,cosip_beta0.5,1000,0.4,200,4,1,0.357312,0.311969,0.172414,19.369087
104_cosip_beta0.5_lapin-on_lsym_g0.5,cosip_beta0.5,1000,0.4,200,4,2,0.313484,0.289351,0.103448,19.122147
104_cosip_beta0.5_lapin-on_lsym_g0.5,cosip_beta0.5,1000,0.4,200,4,3,0.346892,0.361305,0.111111,23.578232
104_cosip_beta0.5_lapin-on_lsym_g0.5,cosip_beta0.5,1000,0.4,200,4,4,0.27593,0.251387,0.060606,22.230031
104_cosip_beta0.5_lapin-on_lsym_g0.5,cosip_beta0.5,1000,0.4,200,4,5,0.444665,0.368613,0.064516,20.508822
104_cosip_beta0.5_lapin-on_lsym_g0.5,cosip_beta0.5,1000,0.4,200,4,6,0.395028,0.370754,0.121212,21.542225
104_cosip_beta0.5_lapin-on_lsym_g0.5,cosip_beta0.5,1000,0.4,200,4,7,0.293761,0.288386,0.225806,23.336344
104_cosip_beta0.5_lapin-on_lsym_g0.5,cosip_beta0.5,1000,0.4,200,4,8,0.386061,0.37719,0.057143,21.422157
104_cosip_beta0.5_lapin-on_lsym_g0.5,cosip_beta0.5,1000,0.4,200,4,9,0.404549,0.330042,0.193548,21.829543
104_cosip_beta0.5_lapin-on_lsym_g0.5,cosip_beta0.5,1000,0.4,200,4,10,0.377756,0.384801,0.030303,20.688462
105_cosip_beta0.5_lapin-on_lsym_g0.6,cosip_beta0.5,1000,0.4,200,4,1,0.411171,0.336602,0.172414,19.369087
105_cosip_beta0.5_lapin-on_lsym_g0.6,cosip_beta0.5,1000,0.4,200,4,2,0.364823,0.318019,0.103448,19.122147
105_cosip_beta0.5_lapin-on_lsym_g0.6,cosip_beta0.5,1000,0.4,200,4,3,0.392276,0.377688,0.111111,23.578232
105_cosip_beta0.5_lapin-on_lsym_g0.6,cosip_beta0.5,1000,0.4,200,4,4,0.309551,0.294184,0.060606,22.230031
105_cosip_beta0.5_lapin-on_lsym_g0.6,cosip_beta0.5,1000,0.4,200,4,5,0.493445,0.379509,0.064516,20.508822
105_cosip_beta0.5_lapin-on_lsym_g0.6,cosip_beta0.5,1000,0.4,200,4,6,0.416027,0.383288,0.121212,21.542225
105_cosip_beta0.5_lapin-on_lsym_g0.6,cosip_beta0.5,1000,0.4,200,4,7,0.335381,0.320269,0.225806,23.336344
105_cosip_beta0.5_lapin-on_lsym_g0.6,cosip_beta0.5,1000,0.4,200,4,8,0.437063,0.405826,0.057143,21.422157
105_cosip_beta0.5_lapin-on_lsym_g0.6,cosip_beta0.5,1000,0.4,200,4,9,0.459979,0.346152,0.193548,21.829543
105_cosip_beta0.5_lapin-on_lsym_g0.6,cosip_beta0.5,1000,0.4,200,4,10,0.419654,0.42891,0.030303,20.688462
106_cosip_beta0.5_lapin-on_lsym_g0.7,cosip_beta0.5,1000,0.4,200,4,1,0.450265,0.358825,0.172414,19.369087
106_cosip_beta0.5_lapin-on_lsym_g0.7,cosip_beta0.5,1000,0.4,200,4,2,0.442366,0.390832,0.103448,19.122147
106_cosip_beta0.5_lapin-on_lsym_g0.7,cosip_beta0.5,1000,0.4,200,4,3,0.434594,0.405928,0.111111,23.578232
106_cosip_beta0.5_lapin-on_lsym_g0.7,cosip_beta0.5,1000,0.4,200,4,4,0.363842,0.307829,0.060606,22.230031
106_cosip_beta0.5_lapin-on_lsym_g0.7,cosip_beta0.5,1000,0.4,200,4,5,0.493272,0.399353,0.064516,20.508822
106_cosip_beta0.5_lapin-on_lsym_g0.7,cosip_beta0.5,1000,0.4,200,4,6,0.453321,0.395084,0.121212,21.542225
106_cosip_beta0.5_lapin-on_lsym_g0.7,cosip_beta0.5,1000,0.4,200,4,7,0.412914,0.344776,0.225806,23.336344
106_cosip_beta0.5_lapin-on_lsym_g0.7,cosip_beta0.5,1000,0.4,200,4,8,0.447204,0.444294,0.057143,21.422157
106_cosip_beta0.5_lapin-on_lsym_g0.7,cosip_beta0.5,1000,0.4,200,4,9,0.475551,0.389292,0.193548,21.829543
106_cosip_beta0.5_lapin-on_lsym_g0.7,cosip_beta0.5,1000,0.4,200,4,10,0.415777,0.447283,0.030303,20.688462
107_cosip_beta0.5_lapin-on_lsym_g0.8,cosip_beta0.5,1000,0.4,200,4,1,0.461475,0.379485,0.172414,19.369087
107_cosip_beta0.5_lapin-on_lsym_g0.8,cosip_beta0.5,1000,0.4,200,4,2,0.47382,0.438112,0.103448,19.122147
107_cosip_beta0.5_lapin-on_lsym_g0.8,cosip_beta0.5,1000,0.4,200,4,3,0.461321,0.426,0.111111,23.578232
107_cosip_beta0.5_lapin-on_lsym_g0.8,cosip_beta0.5,1000,0.4,200,4,4,0.411382,0.338759,0.060606,22.230031
107_cosip_beta0.5_lapin-on_lsym_g0.8,cosip_beta0.5,1000,0.4,200,4,5,0.486372,0.434624,0.064516,20.508822
107_cosip_beta0.5_lapin-on_lsym_g0.8,cosip_beta0.5,1000,0.4,200,4,6,0.486425,0.445895,0.121212,21.542225
107_cosip_beta0.5_lapin-on_lsym_g0.8,cosip_beta0.5,1000,0.4,200,4,7,0.429826,0.343807,0.225806,23.336344
107_cosip_beta0.5_lapin-on_lsym_g0.8,cosip_beta0.5,1000,0.4,200,4,8,0.439539,0.444842,0.057143,21.422157
107_cosip_beta0.5_lapin-on_lsym_g0.8,cosip_beta0.5,1000,0.4,200,4,9,0.434531,0.400438,0.193548,21.829543
107_cosip_beta0.5_lapin-on_lsym_g0.8,cosip_beta0.5,1000,0.4,200,4,10,0.417998,0.446861,0.030303,20.688462
108_cosip_beta0.5_lapin-on_lsym_g0.9,cosip_beta0.5,1000,0.4,200,4,1,0.454948,0.392933,0.172414,19.369087
108_cosip_beta0.5_lapin-on_lsym_g0.9,cosip_beta0.5,1000,0.4,200,4,2,0.443135,0.465251,0.103448,19.122147
108_cosip_beta0.5_lapin-on_lsym_g0.9,cosip_beta0.5,1000,0.4,200,4,3,0.460025,0.431494,0.111111,23.578232
108_cosip_beta0.5_lapin-on_lsym_g0.9,cosip_beta0.5,1000,0.4,200,4,4,0.420885,0.379267,0.030303,22.230031
108_cosip_beta0.5_lapin-on_lsym_g0.9,cosip_beta0.5,1000,0.4,200,4,5,0.467372,0.430111,0.064516,20.508822
108_cosip_beta0.5_lapin-on_lsym_g0.9,cosip_beta0.5,1000,0.4,200,4,6,0.490461,0.456897,0.121212,21.542225
108_cosip_beta0.5_lapin-on_lsym_g0.9,cosip_beta0.5,1000,0.4,200,4,7,0.382131,0.352823,0.225806,23.336344
108_cosip_beta0.5_lapin-on_lsym_g0.9,cosip_beta0.5,1000,0.4,200,4,8,0.440257,0.436504,0.057143,21.422157
108_cosip_beta0.5_lapin-on_lsym_g0.9,cosip_beta0.5,1000,0.4,200,4,9,0.435028,0.404954,0.193548,21.829543
108_cosip_beta0.5_lapin-on_lsym_g0.9,cosip_beta0.5,1000,0.4,200,4,10,0.393754,0.438302,0.030303,20.688462
109_cosip_beta1_lapin-off_-_g0.3,cosip_beta1,1000,0.4,200,4,1,0.372393,0.382986,0.206897,14.132721
109_cosip_beta1_lapin-off_-_g0.3,cosip_beta1,1000,0.4,200,4,2,0.299316,0.290902,0.310345,15.219774
109_cosip_beta1_lapin-off_-_g0.3,cosip_beta1,1000,0.4,200,4,3,0.350042,0.36329,0.25,18.020568
109_cosip_beta1_lapin-off_-_g0.3,cosip_beta1,1000,0.4,200,4,4,0.320165,0.276664,0.212121,15.55931
109_cosip_beta1_lapin-off_-_g0.3,cosip_beta1,1000,0.4,200,4,5,0.40479,0.355273,0.193548,15.103112
109_cosip_beta1_lapin-off_-_g0.3,cosip_beta1,1000,0.4,200,4,6,0.41272,0.385585,0.121212,14.503263
109_cosip_beta1_lapin-off_-_g0.3,cosip_beta1,1000,0.4,200,4,7,0.263286,0.27102,0.225806,14.856463
109_cosip_beta1_lapin-off_-_g0.3,cosip_beta1,1000,0.4,200,4,8,0.317488,0.313304,0.257143,17.114996
109_cosip_beta1_lapin-off_-_g0.3,cosip_beta1,1000,0.4,200,4,9,0.340208,0.305817,0.258065,16.10699
109_cosip_beta1_lapin-off_-_g0.3,cosip_beta1,1000,0.4,200,4,10,0.312738,0.252228,0.272727,17.063273
110_cosip_beta1_lapin-off_-_g0.5,cosip_beta1,1000,0.4,200,4,1,0.475517,0.450474,0.206897,14.132721
110_cosip_beta1_lapin-off_-_g0.5,cosip_beta1,1000,0.4,200,4,2,0.390702,0.354696,0.310345,15.219774
110_cosip_beta1_lapin-off_-_g0.5,cosip_beta1,1000,0.4,200,4,3,0.480746,0.45657,0.25,18.020568
110_cosip_beta1_lapin-off_-_g0.5,cosip_beta1,1000,0.4,200,4,4,0.432743,0.380386,0.212121,15.55931
110_cosip_beta1_lapin-off_-_g0.5,cosip_beta1,1000,0.4,200,4,5,0.501434,0.431036,0.193548,15.103112
110_cosip_beta1_lapin-off_-_g0.5,cosip_beta1,1000,0.4,200,4,6,0.511532,0.437588,0.121212,14.503263
110_cosip_beta1_lapin-off_-_g0.5,cosip_beta1,1000,0.4,200,4,7,0.40779,0.390891,0.225806,14.856463
110_cosip_beta1_lapin-off_-_g0.5,cosip_beta1,1000,0.4,200,4,8,0.443846,0.405122,0.257143,17.114996
110_cosip_beta1_lapin-off_-_g0.5,cosip_beta1,1000,0.4,200,4,9,0.434586,0.380335,0.258065,16.10699
110_cosip_beta1_lapin-off_-_g0.5,cosip_beta1,1000,0.4,200,4,10,0.402315,0.350377,0.272727,17.063273
111_cosip_beta1_lapin-off_-_g0.6,cosip_beta1,1000,0.4,200,4,1,0.472762,0.443263,0.206897,14.132721
111_cosip_beta1_lapin-off_-_g0.6,cosip_beta1,1000,0.4,200,4,2,0.441738,0.370872,0.310345,15.219774
111_cosip_beta1_lapin-off_-_g0.6,cosip_beta1,1000,0.4,200,4,3,0.530266,0.457194,0.25,18.020568
111_cosip_beta1_lapin-off_-_g0.6,cosip_beta1,1000,0.4,200,4,4,0.482085,0.40953,0.212121,15.55931
111_cosip_beta1_lapin-off_-_g0.6,cosip_beta1,1000,0.4,200,4,5,0.513746,0.443026,0.193548,15.103112
111_cosip_beta1_lapin-off_-_g0.6,cosip_beta1,1000,0.4,200,4,6,0.508229,0.454313,0.121212,14.503263
111_cosip_beta1_lapin-off_-_g0.6,cosip_beta1,1000,0.4,200,4,7,0.43813,0.412573,0.225806,14.856463
111_cosip_beta1_lapin-off_-_g0.6,cosip_beta1,1000,0.4,200,4,8,0.485434,0.406928,0.257143,17.114996
111_cosip_beta1_lapin-off_-_g0.6,cosip_beta1,1000,0.4,200,4,9,0.465259,0.403806,0.258065,16.10699
111_cosip_beta1_lapin-off_-_g0.6,cosip_beta1,1000,0.4,200,4,10,0.446336,0.38023,0.272727,17.063273
112_cosip_beta1_lapin-off_-_g0.7,cosip_beta1,1000,0.4,200,4,1,0.463486,0.43617,0.206897,14.132721
112_cosip_beta1_lapin-off_-_g0.7,cosip_beta1,1000,0.4,200,4,2,0.474863,0.396571,0.310345,15.219774
112_cosip_beta1_lapin-off_-_g0.7,cosip_beta1,1000,0.4,200,4,3,0.519946,0.451875,0.25,18.020568
112_cosip_beta1_lapin-off_-_g0.7,cosip_beta1,1000,0.4,200,4,4,0.486445,0.415914,0.212121,15.55931
112_cosip_beta1_lapin-off_-_g0.7,cosip_beta1,1000,0.4,200,4,5,0.500373,0.442873,0.193548,15.103112
112_cosip_beta1_lapin-off_-_g0.7,cosip_beta1,1000,0.4,200,4,6,0.491659,0.457042,0.121212,14.503263
112_cosip_beta1_lapin-off_-_g0.7,cosip_beta1,1000,0.4,200,4,7,0.449744,0.408998,0.225806,14.856463
112_cosip_beta1_lapin-off_-_g0.7,cosip_beta1,1000,0.4,200,4,8,0.492609,0.423292,0.257143,17.114996
112_cosip_beta1_lapin-off_-_g0.7,cosip_beta1,1000,0.4,200,4,9,0.447491,0.395976,0.258065,16.10699
112_cosip_beta1_lapin-off_-_g0.7,cosip_beta1,1000,0.4,200,4,10,0.477948,0.384267,0.272727,17.063273
113_cosip_beta1_lapin-off_-_g0.8,cosip_beta1,1000,0.4,200,4,1,0.45689,0.428108,0.206897,14.132721
113_cosip_beta1_lapin-off_-_g0.8,cosip_beta1,1000,0.4,200,4,2,0.464153,0.405135,0.310345,15.219774
113_cosip_beta1_lapin-off_-_g0.8,cosip_beta1,1000,0.4,200,4,3,0.510549,0.444391,0.25,18.020568
113_cosip_beta1_lapin-off_-_g0.8,cosip_beta1,1000,0.4,200,4,4,0.472409,0.413792,0.212121,15.55931
113_cosip_beta1_lapin-off_-_g0.8,cosip_beta1,1000,0.4,200,4,5,0.48188,0.443463,0.193548,15.103112
113_cosip_beta1_lapin-off_-_g0.8,cosip_beta1,1000,0.4,200,4,6,0.476378,0.444537,0.121212,14.503263
113_cosip_beta1_lapin-off_-_g0.8,cosip_beta1,1000,0.4,200,4,7,0.450683,0.398913,0.225806,14.856463
113_cosip_beta1_lapin-off_-_g0.8,cosip_beta1,1000,0.4,200,4,8,0.478171,0.432257,0.257143,17.114996
113_cosip_beta1_lapin-off_-_g0.8,cosip_beta1,1000,0.4,200,4,9,0.417608,0.385931,0.258065,16.10699
113_cosip_beta1_lapin-off_-_g0.8,cosip_beta1,1000,0.4,200,4,10,0.479876,0.396142,0.272727,17.063273
114_cosip_beta1_lapin-off_-_g0.9,cosip_beta1,1000,0.4,200,4,1,0.43322,0.417526,0.206897,14.132721
114_cosip_beta1_lapin-off_-_g0.9,cosip_beta1,1000,0.4,200,4,2,0.433766,0.401687,0.310345,15.219774
114_cosip_beta1_lapin-off_-_g0.9,cosip_beta1,1000,0.4,200,4,3,0.481751,0.449541,0.25,18.020568
114_cosip_beta1_lapin-off_-_g0.9,cosip_beta1,1000,0.4,200,4,4,0.451639,0.409372,0.212121,15.55931
114_cosip_beta1_lapin-off_-_g0.9,cosip_beta1,1000,0.4,200,4,5,0.460045,0.430972,0.193548,15.103112
114_cosip_beta1_lapin-off_-_g0.9,cosip_beta1,1000,0.4,200,4,6,0.460215,0.43871,0.121212,14.503263
114_cosip_beta1_lapin-off_-_g0.9,cosip_beta1,1000,0.4,200,4,7,0.422502,0.390135,0.225806,14.856463
114_cosip_beta1_lapin-off_-_g0.9,cosip_beta1,1000,0.4,200,4,8,0.465066,0.443647,0.257143,17.114996
114_cosip_beta1_lapin-off_-_g0.9,cosip_beta1,1000,0.4,200,4,9,0.40665,0.366171,0.258065,16.10699
114_cosip_beta1_lapin-off_-_g0.9,cosip_beta1,1000,0.4,200,4,10,0.443835,0.402795,0.272727,17.063273
115_cosip_beta1_lapin-on_lsym_g0.3,cosip_beta1,1000,0.4,200,4,1,0.156451,0.173904,0.137931,19.554348
115_cosip_beta1_lapin-on_lsym_g0.3,cosip_beta1,1000,0.4,200,4,2,0.171282,0.170952,0.034483,18.716341
115_cosip_beta1_lapin-on_lsym_g0.3,cosip_beta1,1000,0.4,200,4,3,0.136856,0.156576,0.027778,22.082565
115_cosip_beta1_lapin-on_lsym_g0.3,cosip_beta1,1000,0.4,200,4,4,0.098132,0.148734,0.121212,21.765466
115_cosip_beta1_lapin-on_lsym_g0.3,cosip_beta1,1000,0.4,200,4,5,0.236397,0.224716,0.290323,24.838518
115_cosip_beta1_lapin-on_lsym_g0.3,cosip_beta1,1000,0.4,200,4,6,0.217841,0.218047,0.090909,22.656105
115_cosip_beta1_lapin-on_lsym_g0.3,cosip_beta1,1000,0.4,200,4,7,0.146929,0.176126,0.129032,21.322384
115_cosip_beta1_lapin-on_lsym_g0.3,cosip_beta1,1000,0.4,200,4,8,0.113292,0.138828,0.057143,20.507257
115_cosip_beta1_lapin-on_lsym_g0.3,cosip_beta1,1000,0.4,200,4,9,0.162472,0.165839,0.129032,21.971316
115_cosip_beta1_lapin-on_lsym_g0.3,cosip_beta1,1000,0.4,200,4,10,0.132266,0.123463,0.030303,19.864559
116_cosip_beta1_lapin-on_lsym_g0.5,cosip_beta1,1000,0.4,200,4,1,0.304292,0.309129,0.137931,19.554348
116_cosip_beta1_lapin-on_lsym_g0.5,cosip_beta1,1000,0.4,200,4,2,0.315008,0.340591,0.034483,18.716341
116_cosip_beta1_lapin-on_lsym_g0.5,cosip_beta1,1000,0.4,200,4,3,0.284614,0.298103,0.027778,22.082565
116_cosip_beta1_lapin-on_lsym_g0.5,cosip_beta1,1000,0.4,200,4,4,0.212722,0.254096,0.121212,21.765466
116_cosip_beta1_lapin-on_lsym_g0.5,cosip_beta1,1000,0.4,200,4,5,0.369135,0.327263,0.290323,24.838518
116_cosip_beta1_lapin-on_lsym_g0.5,cosip_beta1,1000,0.4,200,4,6,0.416436,0.384597,0.090909,22.656105
116_cosip_beta1_lapin-on_lsym_g0.5,cosip_beta1,1000,0.4,200,4,7,0.336803,0.323765,0.129032,21.322384
116_cosip_beta1_lapin-on_lsym_g0.5,cosip_beta1,1000,0.4,200,4,8,0.216296,0.232001,0.057143,20.507257
116_cosip_beta1_lapin-on_lsym_g0.5,cosip_beta1,1000,0.4,200,4,9,0.362635,0.324287,0.129032,21.971316
116_cosip_beta1_lapin-on_lsym_g0.5,cosip_beta1,1000,0.4,200,4,10,0.301596,0.292908,0.030303,19.864559
117_cosip_beta1_lapin-on_lsym_g0.6,cosip_beta1,1000,0.4,200,4,1,0.395553,0.383459,0.137931,19.554348
117_cosip_beta1_lapin-on_lsym_g0.6,cosip_beta1,1000,0.4,200,4,2,0.379805,0.388262,0.034483,18.716341
117_cosip_beta1_lapin-on_lsym_g0.6,cosip_beta1,1000,0.4,200,4,3,0.354826,0.343077,0.027778,22.082565
117_cosip_beta1_lapin-on_lsym_g0.6,cosip_beta1,1000,0.4,200,4,4,0.247169,0.266967,0.121212,21.765466
117_cosip_beta1_lapin-on_lsym_g0.6,cosip_beta1,1000,0.4,200,4,5,0.41522,0.363694,0.290323,24.838518
117_cosip_beta1_lapin-on_lsym_g0.6,cosip_beta1,1000,0.4,200,4,6,0.463444,0.405865,0.090909,22.656105
117_cosip_beta1_lapin-on_lsym_g0.6,cosip_beta1,1000,0.4,200,4,7,0.398908,0.356939,0.129032,21.322384
117_cosip_beta1_lapin-on_lsym_g0.6,cosip_beta1,1000,0.4,200,4,8,0.262854,0.276879,0.057143,20.507257
117_cosip_beta1_lapin-on_lsym_g0.6,cosip_beta1,1000,0.4,200,4,9,0.438212,0.388553,0.129032,21.971316
117_cosip_beta1_lapin-on_lsym_g0.6,cosip_beta1,1000,0.4,200,4,10,0.373025,0.321411,0.030303,19.864559
118_cosip_beta1_lapin-on_lsym_g0.7,cosip_beta1,1000,0.4,200,4,1,0.427786,0.410509,0.137931,19.554348
118_cosip_beta1_lapin-on_lsym_g0.7,cosip_beta1,1000,0.4,200,4,2,0.41164,0.432492,0.034483,18.716341
118_cosip_beta1_lapin-on_lsym_g0.7,cosip_beta1,1000,0.4,200,4,3,0.401745,0.37559,0.027778,22.082565
118_cosip_beta1_lapin-on_lsym_g0.7,cosip_beta1,1000,0.4,200,4,4,0.291216,0.282133,0.121212,21.765466
118_cosip_beta1_lapin-on_lsym_g0.7,cosip_beta1,1000,0.4,200,4,5,0.490318,0.399097,0.290323,24.838518
118_cosip_beta1_lapin-on_lsym_g0.7,cosip_beta1,1000,0.4,200,4,6,0.467155,0.420753,0.090909,22.656105
118_cosip_beta1_lapin-on_lsym_g0.7,cosip_beta1,1000,0.4,200,4,7,0.440785,0.389835,0.129032,21.322384
118_cosip_beta1_lapin-on_lsym_g0.7,cosip_beta1,1000,0.4,200,4,8,0.330159,0.326261,0.057143,20.507257
118_cosip_beta1_lapin-on_lsym_g0.7,cosip_beta1,1000,0.4,200,4,9,0.456463,0.424473,0.129032,21.971316
118_cosip_beta1_lapin-on_lsym_g0.7,cosip_beta1,1000,0.4,200,4,10,0.387956,0.365871,0.030303,19.864559
119_cosip_beta1_lapin-on_lsym_g0.8,cosip_beta1,1000,0.4,200,4,1,0.431266,0.420242,0.137931,19.554348
119_cosip_beta1_lapin-on_lsym_g0.8,cosip_beta1,1000,0.4,200,4,2,0.431452,0.449244,0.034483,18.716341
119_cosip_beta1_lapin-on_lsym_g0.8,cosip_beta1,1000,0.4,200,4,3,0.421556,0.409347,0.027778,22.082565
119_cosip_beta1_lapin-on_lsym_g0.8,cosip_beta1,1000,0.4,200,4,4,0.324188,0.30321,0.121212,21.765466
119_cosip_beta1_lapin-on_lsym_g0.8,cosip_beta1,1000,0.4,200,4,5,0.500996,0.433912,0.290323,24.838518
119_cosip_beta1_lapin-on_lsym_g0.8,cosip_beta1,1000,0.4,200,4,6,0.462376,0.423959,0.090909,22.656105
119_cosip_beta1_lapin-on_lsym_g0.8,cosip_beta1,1000,0.4,200,4,7,0.435432,0.398936,0.129032,21.322384
119_cosip_beta1_lapin-on_lsym_g0.8,cosip_beta1,1000,0.4,200,4,8,0.339729,0.347472,0.057143,20.507257
119_cosip_beta1_lapin-on_lsym_g0.8,cosip_beta1,1000,0.4,200,4,9,0.462698,0.431544,0.129032,21.971316
119_cosip_beta1_lapin-on_lsym_g0.8,cosip_beta1,1000,0.4,200,4,10,0.391935,0.410524,0.030303,19.864559
120_cosip_beta1_lapin-on_lsym_g0.9,cosip_beta1,1000,0.4,200,4,1,0.412583,0.420836,0.137931,19.554348
120_cosip_beta1_lapin-on_lsym_g0.9,cosip_beta1,1000,0.4,200,4,2,0.434989,0.451016,0.034483,18.716341
120_cosip_beta1_lapin-on_lsym_g0.9,cosip_beta1,1000,0.4,200,4,3,0.392462,0.420177,0.027778,22.082565
120_cosip_beta1_lapin-on_lsym_g0.9,cosip_beta1,1000,0.4,200,4,4,0.343693,0.317423,0.121212,21.765466
120_cosip_beta1_lapin-on_lsym_g0.9,cosip_beta1,1000,0.4,200,4,5,0.466835,0.430172,0.290323,24.838518
120_cosip_beta1_lapin-on_lsym_g0.9,cosip_beta1,1000,0.4,200,4,6,0.441449,0.423337,0.090909,22.656105
120_cosip_beta1_lapin-on_lsym_g0.9,cosip_beta1,1000,0.4,200,4,7,0.415062,0.411039,0.129032,21.322384
120_cosip_beta1_lapin-on_lsym_g0.9,cosip_beta1,1000,0.4,200,4,8,0.334546,0.372266,0.057143,20.507257
120_cosip_beta1_lapin-on_lsym_g0.9,cosip_beta1,1000,0.4,200,4,9,0.450451,0.436316,0.129032,21.971316
120_cosip_beta1_lapin-on_lsym_g0.9,cosip_beta1,1000,0.4,200,4,10,0.394643,0.4341,0.030303,19.864559
001_default_lapin-off_-_g0.3,default,1000,0.4,200,4,1,0.116024,0.079848,0.034483,12.150212
001_default_lapin-off_-_g0.3,default,1000,0.4,200,4,2,0.175823,0.178197,0.068966,13.918256
001_default_lapin-off_-_g0.3,default,1000,0.4,200,4,3,0.11818,0.133757,0.138889,14.152969
001_default_lapin-off_-_g0.3,default,1000,0.4,200,4,4,0.095639,0.087495,0.121212,12.992347
001_default_lapin-off_-_g0.3,default,1000,0.4,200,4,5,0.178649,0.164305,0.032258,14.44091
001_default_lapin-off_-_g0.3,default,1000,0.4,200,4,6,0.129821,0.13185,0.030303,13.862903
001_default_lapin-off_-_g0.3,default,1000,0.4,200,4,7,0.185633,0.159736,0.129032,14.859164
001_default_lapin-off_-_g0.3,default,1000,0.4,200,4,8,0.07732,0.083675,0.114286,17.777793
001_default_lapin-off_-_g0.3,default,1000,0.4,200,4,9,0.174168,0.13899,0.032258,14.005227
001_default_lapin-off_-_g0.3,default,1000,0.4,200,4,10,0.134763,0.135203,0.121212,13.048637
002_default_lapin-off_-_g0.5,default,1000,0.4,200,4,1,0.211956,0.261258,0.034483,12.150212
002_default_lapin-off_-_g0.5,default,1000,0.4,200,4,2,0.378852,0.415702,0.068966,13.918256
002_default_lapin-off_-_g0.5,default,1000,0.4,200,4,3,0.244574,0.311153,0.138889,14.152969
002_default_lapin-off_-_g0.5,default,1000,0.4,200,4,4,0.184985,0.243251,0.121212,12.992347
002_default_lapin-off_-_g0.5,default,1000,0.4,200,4,5,0.344419,0.371914,0.032258,14.44091
002_default_lapin-off_-_g0.5,default,1000,0.4,200,4,6,0.312533,0.337514,0.030303,13.862903
002_default_lapin-off_-_g0.5,default,1000,0.4,200,4,7,0.314589,0.34363,0.129032,14.859164
002_default_lapin-off_-_g0.5,default,1000,0.4,200,4,8,0.217558,0.257034,0.114286,17.777793
002_default_lapin-off_-_g0.5,default,1000,0.4,200,4,9,0.328833,0.321574,0.032258,14.005227
002_default_lapin-off_-_g0.5,default,1000,0.4,200,4,10,0.265665,0.319835,0.121212,13.048637
003_default_lapin-off_-_g0.6,default,1000,0.4,200,4,1,0.286184,0.338619,0.034483,12.150212
003_default_lapin-off_-_g0.6,default,1000,0.4,200,4,2,0.447069,0.476112,0.068966,13.918256
003_default_lapin-off_-_g0.6,default,1000,0.4,200,4,3,0.331205,0.378259,0.138889,14.152969
003_default_lapin-off_-_g0.6,default,1000,0.4,200,4,4,0.259399,0.29562,0.121212,12.992347
003_default_lapin-off_-_g0.6,default,1000,0.4,200,4,5,0.418358,0.421487,0.032258,14.44091
003_default_lapin-off_-_g0.6,default,1000,0.4,200,4,6,0.390691,0.397218,0.030303,13.862903
003_default_lapin-off_-_g0.6,default,1000,0.4,200,4,7,0.38257,0.415675,0.129032,14.859164
003_default_lapin-off_-_g0.6,default,1000,0.4,200,4,8,0.269005,0.31817,0.114286,17.777793
003_default_lapin-off_-_g0.6,default,1000,0.4,200,4,9,0.38519,0.386856,0.032258,14.005227
003_default_lapin-off_-_g0.6,default,1000,0.4,200,4,10,0.30999,0.376301,0.121212,13.048637
004_default_lapin-off_-_g0.7,default,1000,0.4,200,4,1,0.369556,0.393951,0.034483,12.150212
004_default_lapin-off_-_g0.7,default,1000,0.4,200,4,2,0.49193,0.489843,0.068966,13.918256
004_default_lapin-off_-_g0.7,default,1000,0.4,200,4,3,0.381049,0.412763,0.138889,14.152969
004_default_lapin-off_-_g0.7,default,1000,0.4,200,4,4,0.293433,0.335285,0.121212,12.992347
004_default_lapin-off_-_g0.7,default,1000,0.4,200,4,5,0.458518,0.456058,0.032258,14.44091
004_default_lapin-off_-_g0.7,default,1000,0.4,200,4,6,0.435526,0.433282,0.030303,13.862903
004_default_lapin-off_-_g0.7,default,1000,0.4,200,4,7,0.427823,0.459605,0.129032,14.859164
004_default_lapin-off_-_g0.7,default,1000,0.4,200,4,8,0.350253,0.371782,0.114286,17.777793
004_default_lapin-off_-_g0.7,default,1000,0.4,200,4,9,0.436237,0.416747,0.032258,14.005227
004_default_lapin-off_-_g0.7,default,1000,0.4,200,4,10,0.354937,0.418701,0.121212,13.048637
005_default_lapin-off_-_g0.8,default,1000,0.4,200,4,1,0.367145,0.418276,0.034483,12.150212
005_default_lapin-off_-_g0.8,default,1000,0.4,200,4,2,0.477012,0.4873,0.068966,13.918256
005_default_lapin-off_-_g0.8,default,1000,0.4,200,4,3,0.39304,0.436157,0.138889,14.152969
005_default_lapin-off_-_g0.8,default,1000,0.4,200,4,4,0.288415,0.361761,0.121212,12.992347
005_default_lapin-off_-_g0.8,default,1000,0.4,200,4,5,0.428017,0.463334,0.032258,14.44091
005_default_lapin-off_-_g0.8,default,1000,0.4,200,4,6,0.417849,0.452937,0.030303,13.862903
005_default_lapin-off_-_g0.8,default,1000,0.4,200,4,7,0.463595,0.458455,0.129032,14.859164
005_default_lapin-off_-_g0.8,default,1000,0.4,200,4,8,0.353522,0.406447,0.114286,17.777793
005_default_lapin-off_-_g0.8,default,1000,0.4,200,4,9,0.439451,0.430248,0.032258,14.005227
005_default_lapin-off_-_g0.8,default,1000,0.4,200,4,10,0.377634,0.436169,0.121212,13.048637
006_default_lapin-off_-_g0.9,default,1000,0.4,200,4,1,0.389673,0.422961,0.034483,12.150212
006_default_lapin-off_-_g0.9,default,1000,0.4,200,4,2,0.434615,0.47913,0.068966,13.918256
006_default_lapin-off_-_g0.9,default,1000,0.4,200,4,3,0.383759,0.43584,0.138889,14.152969
006_default_lapin-off_-_g0.9,default,1000,0.4,200,4,4,0.283615,0.36526,0.121212,12.992347
006_default_lapin-off_-_g0.9,default,1000,0.4,200,4,5,0.418276,0.461391,0.032258,14.44091
006_default_lapin-off_-_g0.9,default,1000,0.4,200,4,6,0.412163,0.449802,0.030303,13.862903
006_default_lapin-off_-_g0.9,default,1000,0.4,200,4,7,0.455645,0.447508,0.129032,14.859164
006_default_lapin-off_-_g0.9,default,1000,0.4,200,4,8,0.354585,0.417556,0.114286,17.777793
006_default_lapin-off_-_g0.9,default,1000,0.4,200,4,9,0.427225,0.426805,0.032258,14.005227
006_default_lapin-off_-_g0.9,default,1000,0.4,200,4,10,0.37206,0.431503,0.121212,13.048637
007_default_lapin-on_lsym_g0.3,default,1000,0.4,200,4,1,0.095747,0.069429,0.137931,15.790481
007_default_lapin-on_lsym_g0.3,default,1000,0.4,200,4,2,0.076851,0.043831,0.103448,16.824533
007_default_lapin-on_lsym_g0.3,default,1000,0.4,200,4,3,0.036052,0.03815,0.222222,17.081192
007_default_lapin-on_lsym_g0.3,default,1000,0.4,200,4,4,0.043357,0.040684,0.181818,16.680021
007_default_lapin-on_lsym_g0.3,default,1000,0.4,200,4,5,0.090371,0.060474,0.129032,16.962613
007_default_lapin-on_lsym_g0.3,default,1000,0.4,200,4,6,0.087442,0.054115,0.030303,18.629521
007_default_lapin-on_lsym_g0.3,default,1000,0.4,200,4,7,0.079105,0.042192,0.193548,15.255594
007_default_lapin-on_lsym_g0.3,default,1000,0.4,200,4,8,0.021281,0.024079,0.257143,16.093245
007_default_lapin-on_lsym_g0.3,default,1000,0.4,200,4,9,0.074686,0.042154,0.16129,15.337641
007_default_lapin-on_lsym_g0.3,default,1000,0.4,200,4,10,0.06691,0.075268,0.090909,18.824269
008_default_lapin-on_lsym_g0.5,default,1000,0.4,200,4,1,0.174101,0.247797,0.137931,15.790481
008_default_lapin-on_lsym_g0.5,default,1000,0.4,200,4,2,0.118276,0.179238,0.103448,16.824533
008_default_lapin-on_lsym_g0.5,default,1000,0.4,200,4,3,0.096678,0.166629,0.222222,17.081192
008_default_lapin-on_lsym_g0.5,default,1000,0.4,200,4,4,0.098389,0.174717,0.181818,16.680021
008_default_lapin-on_lsym_g0.5,default,1000,0.4,200,4,5,0.16783,0.21744,0.129032,16.962613
008_default_lapin-on_lsym_g0.5,default,1000,0.4,200,4,6,0.144651,0.203088,0.030303,18.629521
008_default_lapin-on_lsym_g0.5,default,1000,0.4,200,4,7,0.13408,0.186617,0.193548,15.255594
008_default_lapin-on_lsym_g0.5,default,1000,0.4,200,4,8,0.064997,0.125829,0.257143,16.093245
008_default_lapin-on_lsym_g0.5,default,1000,0.4,200,4,9,0.184186,0.228932,0.16129,15.337641
008_default_lapin-on_lsym_g0.5,default,1000,0.4,200,4,10,0.151836,0.214573,0.090909,18.824269
009_default_lapin-on_lsym_g0.6,default,1000,0.4,200,4,1,0.25469,0.324421,0.137931,15.790481
009_default_lapin-on_lsym_g0.6,default,1000,0.4,200,4,2,0.17637,0.252219,0.103448,16.824533
009_default_lapin-on_lsym_g0.6,default,1000,0.4,200,4,3,0.125632,0.222443,0.222222,17.081192
009_default_lapin-on_lsym_g0.6,default,1000,0.4,200,4,4,0.14423,0.237842,0.181818,16.680021
009_default_lapin-on_lsym_g0.6,default,1000,0.4,200,4,5,0.224659,0.294089,0.129032,16.962613
009_default_lapin-on_lsym_g0.6,default,1000,0.4,200,4,6,0.205894,0.271411,0.030303,18.629521
009_default_lapin-on_lsym_g0.6,default,1000,0.4,200,4,7,0.209839,0.260064,0.193548,15.255594
009_default_lapin-on_lsym_g0.6,default,1000,0.4,200,4,8,0.094095,0.186554,0.257143,16.093245
009_default_lapin-on_lsym_g0.6,default,1000,0.4,200,4,9,0.219488,0.298626,0.16129,15.337641
009_default_lapin-on_lsym_g0.6,default,1000,0.4,200,4,10,0.216298,0.289921,0.090909,18.824269
010_default_lapin-on_lsym_g0.7,default,1000,0.4,200,4,1,0.283647,0.373089,0.137931,15.790481
010_default_lapin-on_lsym_g0.7,default,1000,0.4,200,4,2,0.192528,0.295133,0.103448,16.824533
010_default_lapin-on_lsym_g0.7,default,1000,0.4,200,4,3,0.178174,0.274396,0.222222,17.081192
010_default_lapin-on_lsym_g0.7,default,1000,0.4,200,4,4,0.209448,0.28904,0.181818,16.680021
010_default_lapin-on_lsym_g0.7,default,1000,0.4,200,4,5,0.275472,0.345203,0.129032,16.962613
010_default_lapin-on_lsym_g0.7,default,1000,0.4,200,4,6,0.278257,0.328164,0.030303,18.629521
010_default_lapin-on_lsym_g0.7,default,1000,0.4,200,4,7,0.281547,0.316859,0.193548,15.255594
010_default_lapin-on_lsym_g0.7,default,1000,0.4,200,4,8,0.100049,0.23436,0.257143,16.093245
010_default_lapin-on_lsym_g0.7,default,1000,0.4,200,4,9,0.244933,0.341058,0.16129,15.337641
010_default_lapin-on_lsym_g0.7,default,1000,0.4,200,4,10,0.277294,0.33226,0.090909,18.824269
011_default_lapin-on_lsym_g0.8,default,1000,0.4,200,4,1,0.294416,0.380694,0.137931,15.790481
011_default_lapin-on_lsym_g0.8,default,1000,0.4,200,4,2,0.208403,0.318959,0.103448,16.824533
011_default_lapin-on_lsym_g0.8,default,1000,0.4,200,4,3,0.211614,0.307114,0.222222,17.081192
011_default_lapin-on_lsym_g0.8,default,1000,0.4,200,4,4,0.229995,0.319875,0.181818,16.680021
011_default_lapin-on_lsym_g0.8,default,1000,0.4,200,4,5,0.2744,0.365627,0.129032,16.962613
011_default_lapin-on_lsym_g0.8,default,1000,0.4,200,4,6,0.317635,0.36187,0.030303,18.629521
011_default_lapin-on_lsym_g0.8,default,1000,0.4,200,4,7,0.26754,0.363695,0.193548,15.255594
011_default_lapin-on_lsym_g0.8,default,1000,0.4,200,4,8,0.141528,0.278082,0.257143,16.093245
011_default_lapin-on_lsym_g0.8,default,1000,0.4,200,4,9,0.252578,0.363461,0.16129,15.337641
011_default_lapin-on_lsym_g0.8,default,1000,0.4,200,4,10,0.294864,0.371648,0.090909,18.824269
012_default_lapin-on_lsym_g0.9,default,1000,0.4,200,4,1,0.29023,0.375977,0.137931,15.790481
012_default_lapin-on_lsym_g0.9,default,1000,0.4,200,4,2,0.187869,0.324722,0.103448,16.824533
012_default_lapin-on_lsym_g0.9,default,1000,0.4,200,4,3,0.195642,0.332644,0.222222,17.081192
012_default_lapin-on_lsym_g0.9,default,1000,0.4,200,4,4,0.247414,0.323033,0.181818,16.680021
012_default_lapin-on_lsym_g0.9,default,1000,0.4,200,4,5,0.291272,0.373872,0.129032,16.962613
012_default_lapin-on_lsym_g0.9,default,1000,0.4,200,4,6,0.305516,0.376119,0.030303,18.629521
012_default_lapin-on_lsym_g0.9,default,1000,0.4,200,4,7,0.267797,0.370595,0.193548,15.255594
012_default_lapin-on_lsym_g0.9,default,1000,0.4,200,4,8,0.144225,0.292479,0.257143,16.093245
012_default_lapin-on_lsym_g0.9,default,1000,0.4,200,4,9,0.276296,0.362463,0.16129,15.337641
012_default_lapin-on_lsym_g0.9,default,1000,0.4,200,4,10,0.27786,0.367998,0.090909,18.824269
025_dice_lapin-off_-_g0.3,dice,1000,0.4,200,4,1,0.33111,0.317149,0.482759,18.60447
025_dice_lapin-off_-_g0.3,dice,1000,0.4,200,4,2,0.333085,0.277849,0.517241,17.602434
025_dice_lapin-off_-_g0.3,dice,1000,0.4,200,4,3,0.401832,0.331414,0.361111,21.415254
025_dice_lapin-off_-_g0.3,dice,1000,0.4,200,4,4,0.334227,0.317766,0.575758,22.05485
025_dice_lapin-off_-_g0.3,dice,1000,0.4,200,4,5,0.432574,0.401128,0.354839,16.556951
025_dice_lapin-off_-_g0.3,dice,1000,0.4,200,4,6,0.386378,0.318349,0.393939,17.475253
025_dice_lapin-off_-_g0.3,dice,1000,0.4,200,4,7,0.401963,0.373895,0.258065,16.176609
025_dice_lapin-off_-_g0.3,dice,1000,0.4,200,4,8,0.377564,0.328437,0.371429,16.924691
025_dice_lapin-off_-_g0.3,dice,1000,0.4,200,4,9,0.354019,0.309977,0.451613,18.071104
025_dice_lapin-off_-_g0.3,dice,1000,0.4,200,4,10,0.380931,0.358508,0.454545,20.401942
026_dice_lapin-off_-_g0.5,dice,1000,0.4,200,4,1,0.429645,0.400143,0.482759,18.60447
026_dice_lapin-off_-_g0.5,dice,1000,0.4,200,4,2,0.420039,0.366565,0.517241,17.602434
026_dice_lapin-off_-_g0.5,dice,1000,0.4,200,4,3,0.473726,0.380455,0.361111,21.415254
026_dice_lapin-off_-_g0.5,dice,1000,0.4,200,4,4,0.416466,0.384222,0.575758,22.05485
026_dice_lapin-off_-_g0.5,dice,1000,0.4,200,4,5,0.503824,0.420985,0.354839,16.556951
026_dice_lapin-off_-_g0.5,dice,1000,0.4,200,4,6,0.475825,0.411829,0.393939,17.475253
026_dice_lapin-off_-_g0.5,dice,1000,0.4,200,4,7,0.490456,0.414323,0.258065,16.176609
026_dice_lapin-off_-_g0.5,dice,1000,0.4,200,4,8,0.49406,0.408545,0.371429,16.924691
026_dice_lapin-off_-_g0.5,dice,1000,0.4,200,4,9,0.42645,0.380219,0.451613,18.071104
026_dice_lapin-off_-_g0.5,dice,1000,0.4,200,4,10,0.464502,0.422808,0.454545,20.401942
027_dice_lapin-off_-_g0.6,dice,1000,0.4,200,4,1,0.46391,0.409968,0.482759,18.60447
027_dice_lapin-off_-_g0.6,dice,1000,0.4,200,4,2,0.449057,0.382375,0.517241,17.602434
027_dice_lapin-off_-_g0.6,dice,1000,0.4,200,4,3,0.52317,0.413008,0.361111,21.415254
027_dice_lapin-off_-_g0.6,dice,1000,0.4,200,4,4,0.443778,0.38439,0.575758,22.05485
027_dice_lapin-off_-_g0.6,dice,1000,0.4,200,4,5,0.519108,0.410033,0.354839,16.556951
027_dice_lapin-off_-_g0.6,dice,1000,0.4,200,4,6,0.493361,0.408554,0.393939,17.475253
027_dice_lapin-off_-_g0.6,dice,1000,0.4,200,4,7,0.486971,0.405812,0.258065,16.176609
027_dice_lapin-off_-_g0.6,dice,1000,0.4,200,4,8,0.522786,0.414792,0.371429,16.924691
027_dice_lapin-off_-_g0.6,dice,1000,0.4,200,4,9,0.442629,0.383005,0.451613,18.071104
027_dice_lapin-off_-_g0.6,dice,1000,0.4,200,4,10,0.494856,0.413507,0.454545,20.401942
028_dice_lapin-off_-_g0.7,dice,1000,0.4,200,4,1,0.48199,0.404988,0.482759,18.60447
028_dice_lapin-off_-_g0.7,dice,1000,0.4,200,4,2,0.470303,0.393629,0.517241,17.602434
028_dice_lapin-off_-_g0.7,dice,1000,0.4,200,4,3,0.505858,0.397894,0.361111,21.415254
028_dice_lapin-off_-_g0.7,dice,1000,0.4,200,4,4,0.465651,0.372968,0.575758,22.05485
028_dice_lapin-off_-_g0.7,dice,1000,0.4,200,4,5,0.516006,0.421844,0.354839,16.556951
028_dice_lapin-off_-_g0.7,dice,1000,0.4,200,4,6,0.504947,0.403098,0.393939,17.475253
028_dice_lapin-off_-_g0.7,dice,1000,0.4,200,4,7,0.471212,0.394247,0.258065,16.176609
028_dice_lapin-off_-_g0.7,dice,1000,0.4,200,4,8,0.531191,0.403133,0.371429,16.924691
028_dice_lapin-off_-_g0.7,dice,1000,0.4,200,4,9,0.439665,0.376399,0.451613,18.071104
028_dice_lapin-off_-_g0.7,dice,1000,0.4,200,4,10,0.489132,0.402523,0.454545,20.401942
029_dice_lapin-off_-_g0.8,dice,1000,0.4,200,4,1,0.47114,0.403634,0.482759,18.60447
029_dice_lapin-off_-_g0.8,dice,1000,0.4,200,4,2,0.450918,0.378989,0.482759,17.602434
029_dice_lapin-off_-_g0.8,dice,1000,0.4,200,4,3,0.476988,0.377989,0.361111,21.415254
029_dice_lapin-off_-_g0.8,dice,1000,0.4,200,4,4,0.442667,0.35949,0.575758,22.05485
029_dice_lapin-off_-_g0.8,dice,1000,0.4,200,4,5,0.478332,0.412045,0.354839,16.556951
029_dice_lapin-off_-_g0.8,dice,1000,0.4,200,4,6,0.489054,0.396587,0.393939,17.475253
029_dice_lapin-off_-_g0.8,dice,1000,0.4,200,4,7,0.454561,0.395761,0.258065,16.176609
029_dice_lapin-off_-_g0.8,dice,1000,0.4,200,4,8,0.493943,0.392093,0.342857,16.924691
029_dice_lapin-off_-_g0.8,dice,1000,0.4,200,4,9,0.416424,0.360363,0.451613,18.071104
029_dice_lapin-off_-_g0.8,dice,1000,0.4,200,4,10,0.458626,0.398991,0.454545,20.401942
030_dice_lapin-off_-_g0.9,dice,1000,0.4,200,4,1,0.446885,0.395817,0.448276,18.60447
030_dice_lapin-off_-_g0.9,dice,1000,0.4,200,4,2,0.408944,0.363736,0.482759,17.602434
030_dice_lapin-off_-_g0.9,dice,1000,0.4,200,4,3,0.437829,0.388939,0.361111,21.415254
030_dice_lapin-off_-_g0.9,dice,1000,0.4,200,4,4,0.408275,0.344571,0.575758,22.05485
030_dice_lapin-off_-_g0.9,dice,1000,0.4,200,4,5,0.440458,0.392425,0.322581,16.556951
030_dice_lapin-off_-_g0.9,dice,1000,0.4,200,4,6,0.462606,0.37808,0.393939,17.475253
030_dice_lapin-off_-_g0.9,dice,1000,0.4,200,4,7,0.438132,0.385205,0.225806,16.176609
030_dice_lapin-off_-_g0.9,dice,1000,0.4,200,4,8,0.485687,0.378816,0.342857,16.924691
030_dice_lapin-off_-_g0.9,dice,1000,0.4,200,4,9,0.386945,0.34323,0.451613,18.071104
030_dice_lapin-off_-_g0.9,dice,1000,0.4,200,4,10,0.423176,0.370767,0.454545,20.401942
031_dice_lapin-on_lsym_g0.3,dice,1000,0.4,200,4,1,0.217897,0.177819,0.241379,23.187546
031_dice_lapin-on_lsym_g0.3,dice,1000,0.4,200,4,2,0.139994,0.149388,0.172414,20.658155
031_dice_lapin-on_lsym_g0.3,dice,1000,0.4,200,4,3,0.231833,0.199092,0.027778,22.984949
031_dice_lapin-on_lsym_g0.3,dice,1000,0.4,200,4,4,0.106199,0.140714,0.090909,23.287034
031_dice_lapin-on_lsym_g0.3,dice,1000,0.4,200,4,5,0.273317,0.266241,0.451613,28.422721
031_dice_lapin-on_lsym_g0.3,dice,1000,0.4,200,4,6,0.159462,0.125393,0.121212,21.872509
031_dice_lapin-on_lsym_g0.3,dice,1000,0.4,200,4,7,0.178544,0.207392,0.193548,23.147012
031_dice_lapin-on_lsym_g0.3,dice,1000,0.4,200,4,8,0.171466,0.197119,0.0,21.456688
031_dice_lapin-on_lsym_g0.3,dice,1000,0.4,200,4,9,0.276587,0.233563,0.290323,24.011076
031_dice_lapin-on_lsym_g0.3,dice,1000,0.4,200,4,10,0.226656,0.193093,0.181818,25.949094
032_dice_lapin-on_lsym_g0.5,dice,1000,0.4,200,4,1,0.403151,0.31895,0.241379,23.187546
032_dice_lapin-on_lsym_g0.5,dice,1000,0.4,200,4,2,0.278286,0.280806,0.172414,20.658155
032_dice_lapin-on_lsym_g0.5,dice,1000,0.4,200,4,3,0.411687,0.366032,0.027778,22.984949
032_dice_lapin-on_lsym_g0.5,dice,1000,0.4,200,4,4,0.285775,0.306273,0.090909,23.287034
032_dice_lapin-on_lsym_g0.5,dice,1000,0.4,200,4,5,0.403776,0.367667,0.451613,28.422721
032_dice_lapin-on_lsym_g0.5,dice,1000,0.4,200,4,6,0.30097,0.256408,0.121212,21.872509
032_dice_lapin-on_lsym_g0.5,dice,1000,0.4,200,4,7,0.321685,0.345277,0.193548,23.147012
032_dice_lapin-on_lsym_g0.5,dice,1000,0.4,200,4,8,0.32522,0.377064,0.0,21.456688
032_dice_lapin-on_lsym_g0.5,dice,1000,0.4,200,4,9,0.417713,0.337498,0.290323,24.011076
032_dice_lapin-on_lsym_g0.5,dice,1000,0.4,200,4,10,0.428858,0.395548,0.181818,25.949094
033_dice_lapin-on_lsym_g0.6,dice,1000,0.4,200,4,1,0.498162,0.374917,0.241379,23.187546
033_dice_lapin-on_lsym_g0.6,dice,1000,0.4,200,4,2,0.367343,0.35639,0.172414,20.658155
033_dice_lapin-on_lsym_g0.6,dice,1000,0.4,200,4,3,0.436752,0.410583,0.027778,22.984949
033_dice_lapin-on_lsym_g0.6,dice,1000,0.4,200,4,4,0.346528,0.338933,0.090909,23.287034
033_dice_lapin-on_lsym_g0.6,dice,1000,0.4,200,4,5,0.458243,0.40542,0.451613,28.422721
033_dice_lapin-on_lsym_g0.6,dice,1000,0.4,200,4,6,0.366342,0.304499,0.121212,21.872509
033_dice_lapin-on_lsym_g0.6,dice,1000,0.4,200,4,7,0.361286,0.363125,0.193548,23.147012
033_dice_lapin-on_lsym_g0.6,dice,1000,0.4,200,4,8,0.376706,0.402828,0.0,21.456688
033_dice_lapin-on_lsym_g0.6,dice,1000,0.4,200,4,9,0.513563,0.402879,0.290323,24.011076
033_dice_lapin-on_lsym_g0.6,dice,1000,0.4,200,4,10,0.481888,0.414226,0.181818,25.949094
034_dice_lapin-on_lsym_g0.7,dice,1000,0.4,200,4,1,0.557167,0.4299,0.241379,23.187546
034_dice_lapin-on_lsym_g0.7,dice,1000,0.4,200,4,2,0.384797,0.369905,0.172414,20.658155
034_dice_lapin-on_lsym_g0.7,dice,1000,0.4,200,4,3,0.445989,0.42427,0.027778,22.984949
034_dice_lapin-on_lsym_g0.7,dice,1000,0.4,200,4,4,0.407304,0.376412,0.090909,23.287034
034_dice_lapin-on_lsym_g0.7,dice,1000,0.4,200,4,5,0.510745,0.4164,0.451613,28.422721
034_dice_lapin-on_lsym_g0.7,dice,1000,0.4,200,4,6,0.432354,0.340981,0.121212,21.872509
034_dice_lapin-on_lsym_g0.7,dice,1000,0.4,200,4,7,0.41103,0.38175,0.193548,23.147012
034_dice_lapin-on_lsym_g0.7,dice,1000,0.4,200,4,8,0.389221,0.420238,0.0,21.456688
034_dice_lapin-on_lsym_g0.7,dice,1000,0.4,200,4,9,0.53438,0.429539,0.290323,24.011076
034_dice_lapin-on_lsym_g0.7,dice,1000,0.4,200,4,10,0.516699,0.455786,0.181818,25.949094
035_dice_lapin-on_lsym_g0.8,dice,1000,0.4,200,4,1,0.544446,0.423465,0.241379,23.187546
035_dice_lapin-on_lsym_g0.8,dice,1000,0.4,200,4,2,0.381999,0.379071,0.172414,20.658155
035_dice_lapin-on_lsym_g0.8,dice,1000,0.4,200,4,3,0.462074,0.4562,0.027778,22.984949
035_dice_lapin-on_lsym_g0.8,dice,1000,0.4,200,4,4,0.412346,0.374661,0.090909,23.287034
035_dice_lapin-on_lsym_g0.8,dice,1000,0.4,200,4,5,0.512422,0.419255,0.451613,28.422721
035_dice_lapin-on_lsym_g0.8,dice,1000,0.4,200,4,6,0.453853,0.37624,0.121212,21.872509
035_dice_lapin-on_lsym_g0.8,dice,1000,0.4,200,4,7,0.44588,0.406267,0.193548,23.147012
035_dice_lapin-on_lsym_g0.8,dice,1000,0.4,200,4,8,0.395128,0.415692,0.0,21.456688
035_dice_lapin-on_lsym_g0.8,dice,1000,0.4,200,4,9,0.519379,0.434905,0.290323,24.011076
035_dice_lapin-on_lsym_g0.8,dice,1000,0.4,200,4,10,0.515672,0.456196,0.181818,25.949094
036_dice_lapin-on_lsym_g0.9,dice,1000,0.4,200,4,1,0.524425,0.42727,0.241379,23.187546
036_dice_lapin-on_lsym_g0.9,dice,1000,0.4,200,4,2,0.381164,0.382598,0.172414,20.658155
036_dice_lapin-on_lsym_g0.9,dice,1000,0.4,200,4,3,0.457841,0.45878,0.027778,22.984949
036_dice_lapin-on_lsym_g0.9,dice,1000,0.4,200,4,4,0.414069,0.395651,0.090909,23.287034
036_dice_lapin-on_lsym_g0.9,dice,1000,0.4,200,4,5,0.492327,0.430027,0.419355,28.422721
036_dice_lapin-on_lsym_g0.9,dice,1000,0.4,200,4,6,0.431421,0.396966,0.121212,21.872509
036_dice_lapin-on_lsym_g0.9,dice,1000,0.4,200,4,7,0.448713,0.415101,0.193548,23.147012
036_dice_lapin-on_lsym_g0.9,dice,1000,0.4,200,4,8,0.385055,0.419004,0.028571,21.456688
036_dice_lapin-on_lsym_g0.9,dice,1000,0.4,200,4,9,0.490016,0.427615,0.290323,24.011076
036_dice_lapin-on_lsym_g0.9,dice,1000,0.4,200,4,10,0.505791,0.452544,0.181818,25.949094
049_ip_beta0_lapin-off_-_g0.3,ip_beta0,1000,0.4,200,4,1,0.473252,0.466531,0.0,10.915203
049_ip_beta0_lapin-off_-_g0.3,ip_beta0,1000,0.4,200,4,2,0.404397,0.396827,0.103448,12.303401
049_ip_beta0_lapin-off_-_g0.3,ip_beta0,1000,0.4,200,4,3,0.332208,0.321486,0.083333,13.927277
049_ip_beta0_lapin-off_-_g0.3,ip_beta0,1000,0.4,200,4,4,0.36769,0.349278,0.030303,12.237284
049_ip_beta0_lapin-off_-_g0.3,ip_beta0,1000,0.4,200,4,5,0.498316,0.49947,0.064516,10.722856
049_ip_beta0_lapin-off_-_g0.3,ip_beta0,1000,0.4,200,4,6,0.335457,0.285553,0.212121,16.203565
049_ip_beta0_lapin-off_-_g0.3,ip_beta0,1000,0.4,200,4,7,0.339418,0.32359,0.0,11.652979
049_ip_beta0_lapin-off_-_g0.3,ip_beta0,1000,0.4,200,4,8,0.437766,0.396445,0.057143,14.640255
049_ip_beta0_lapin-off_-_g0.3,ip_beta0,1000,0.4,200,4,9,0.406056,0.359438,0.16129,13.385063
049_ip_beta0_lapin-off_-_g0.3,ip_beta0,1000,0.4,200,4,10,0.331261,0.340463,0.121212,13.359784
050_ip_beta0_lapin-off_-_g0.5,ip_beta0,1000,0.4,200,4,1,0.569087,0.566733,0.0,10.915203
050_ip_beta0_lapin-off_-_g0.5,ip_beta0,1000,0.4,200,4,2,0.549924,0.5305,0.103448,12.303401
050_ip_beta0_lapin-off_-_g0.5,ip_beta0,1000,0.4,200,4,3,0.505794,0.430035,0.083333,13.927277
050_ip_beta0_lapin-off_-_g0.5,ip_beta0,1000,0.4,200,4,4,0.513834,0.483111,0.030303,12.237284
050_ip_beta0_lapin-off_-_g0.5,ip_beta0,1000,0.4,200,4,5,0.52846,0.544365,0.064516,10.722856
050_ip_beta0_lapin-off_-_g0.5,ip_beta0,1000,0.4,200,4,6,0.521281,0.445591,0.212121,16.203565
050_ip_beta0_lapin-off_-_g0.5,ip_beta0,1000,0.4,200,4,7,0.51224,0.487002,0.0,11.652979
050_ip_beta0_lapin-off_-_g0.5,ip_beta0,1000,0.4,200,4,8,0.586381,0.543197,0.057143,14.640255
050_ip_beta0_lapin-off_-_g0.5,ip_beta0,1000,0.4,200,4,9,0.527683,0.457094,0.16129,13.385063
050_ip_beta0_lapin-off_-_g0.5,ip_beta0,1000,0.4,200,4,10,0.556223,0.522034,0.121212,13.359784
051_ip_beta0_lapin-off_-_g0.6,ip_beta0,1000,0.4,200,4,1,0.566903,0.560903,0.0,10.915203
051_ip_beta0_lapin-off_-_g0.6,ip_beta0,1000,0.4,200,4,2,0.569605,0.545919,0.103448,12.303401
051_ip_beta0_lapin-off_-_g0.6,ip_beta0,1000,0.4,200,4,3,0.566492,0.475248,0.083333,13.927277
051_ip_beta0_lapin-off_-_g0.6,ip_beta0,1000,0.4,200,4,4,0.511115,0.489438,0.030303,12.237284
051_ip_beta0_lapin-off_-_g0.6,ip_beta0,1000,0.4,200,4,5,0.52431,0.557706,0.064516,10.722856
051_ip_beta0_lapin-off_-_g0.6,ip_beta0,1000,0.4,200,4,6,0.575265,0.481927,0.212121,16.203565
051_ip_beta0_lapin-off_-_g0.6,ip_beta0,1000,0.4,200,4,7,0.51585,0.485,0.0,11.652979
051_ip_beta0_lapin-off_-_g0.6,ip_beta0,1000,0.4,200,4,8,0.589904,0.578256,0.057143,14.640255
051_ip_beta0_lapin-off_-_g0.6,ip_beta0,1000,0.4,200,4,9,0.574266,0.512859,0.16129,13.385063
051_ip_beta0_lapin-off_-_g0.6,ip_beta0,1000,0.4,200,4,10,0.590758,0.526936,0.121212,13.359784
052_ip_beta0_lapin-off_-_g0.7,ip_beta0,1000,0.4,200,4,1,0.566177,0.555695,0.0,10.915203
052_ip_beta0_lapin-off_-_g0.7,ip_beta0,1000,0.4,200,4,2,0.556851,0.554955,0.103448,12.303401
052_ip_beta0_lapin-off_-_g0.7,ip_beta0,1000,0.4,200,4,3,0.564074,0.473368,0.083333,13.927277
052_ip_beta0_lapin-off_-_g0.7,ip_beta0,1000,0.4,200,4,4,0.505743,0.493841,0.030303,12.237284
052_ip_beta0_lapin-off_-_g0.7,ip_beta0,1000,0.4,200,4,5,0.516566,0.545571,0.064516,10.722856
052_ip_beta0_lapin-off_-_g0.7,ip_beta0,1000,0.4,200,4,6,0.610375,0.493027,0.212121,16.203565
052_ip_beta0_lapin-off_-_g0.7,ip_beta0,1000,0.4,200,4,7,0.505721,0.474618,0.0,11.652979
052_ip_beta0_lapin-off_-_g0.7,ip_beta0,1000,0.4,200,4,8,0.576124,0.562539,0.057143,14.640255
052_ip_beta0_lapin-off_-_g0.7,ip_beta0,1000,0.4,200,4,9,0.585436,0.517765,0.16129,13.385063
052_ip_beta0_lapin-off_-_g0.7,ip_beta0,1000,0.4,200,4,10,0.587887,0.554436,0.121212,13.359784
053_ip_beta0_lapin-off_-_g0.8,ip_beta0,1000,0.4,200,4,1,0.556169,0.550906,0.0,10.915203
053_ip_beta0_lapin-off_-_g0.8,ip_beta0,1000,0.4,200,4,2,0.535575,0.556735,0.103448,12.303401
053_ip_beta0_lapin-off_-_g0.8,ip_beta0,1000,0.4,200,4,3,0.538621,0.503067,0.083333,13.927277
053_ip_beta0_lapin-off_-_g0.8,ip_beta0,1000,0.4,200,4,4,0.500771,0.497042,0.030303,12.237284
053_ip_beta0_lapin-off_-_g0.8,ip_beta0,1000,0.4,200,4,5,0.50756,0.535635,0.064516,10.722856
053_ip_beta0_lapin-off_-_g0.8,ip_beta0,1000,0.4,200,4,6,0.597853,0.491479,0.212121,16.203565
053_ip_beta0_lapin-off_-_g0.8,ip_beta0,1000,0.4,200,4,7,0.484108,0.489604,0.0,11.652979
053_ip_beta0_lapin-off_-_g0.8,ip_beta0,1000,0.4,200,4,8,0.553774,0.547121,0.057143,14.640255
053_ip_beta0_lapin-off_-_g0.8,ip_beta0,1000,0.4,200,4,9,0.563189,0.518886,0.16129,13.385063
053_ip_beta0_lapin-off_-_g0.8,ip_beta0,1000,0.4,200,4,10,0.581874,0.554341,0.121212,13.359784
054_ip_beta0_lapin-off_-_g0.9,ip_beta0,1000,0.4,200,4,1,0.538693,0.53763,0.0,10.915203
054_ip_beta0_lapin-off_-_g0.9,ip_beta0,1000,0.4,200,4,2,0.531839,0.554324,0.103448,12.303401
054_ip_beta0_lapin-off_-_g0.9,ip_beta0,1000,0.4,200,4,3,0.522621,0.503429,0.083333,13.927277
054_ip_beta0_lapin-off_-_g0.9,ip_beta0,1000,0.4,200,4,4,0.510264,0.5095,0.030303,12.237284
054_ip_beta0_lapin-off_-_g0.9,ip_beta0,1000,0.4,200,4,5,0.502845,0.527666,0.064516,10.722856
054_ip_beta0_lapin-off_-_g0.9,ip_beta0,1000,0.4,200,4,6,0.560741,0.491332,0.212121,16.203565
054_ip_beta0_lapin-off_-_g0.9,ip_beta0,1000,0.4,200,4,7,0.475822,0.509487,0.0,11.652979
054_ip_beta0_lapin-off_-_g0.9,ip_beta0,1000,0.4,200,4,8,0.53505,0.53908,0.057143,14.640255
054_ip_beta0_lapin-off_-_g0.9,ip_beta0,1000,0.4,200,4,9,0.542853,0.519931,0.129032,13.385063
054_ip_beta0_lapin-off_-_g0.9,ip_beta0,1000,0.4,200,4,10,0.56201,0.551787,0.121212,13.359784
055_ip_beta0_lapin-on_lsym_g0.3,ip_beta0,1000,0.4,200,4,1,0.20006,0.232925,0.862069,28.99966
055_ip_beta0_lapin-on_lsym_g0.3,ip_beta0,1000,0.4,200,4,2,0.155102,0.164699,0.793103,28.110759
055_ip_beta0_lapin-on_lsym_g0.3,ip_beta0,1000,0.4,200,4,3,0.168156,0.165287,0.444444,26.616558
055_ip_beta0_lapin-on_lsym_g0.3,ip_beta0,1000,0.4,200,4,4,0.169907,0.160052,0.606061,26.758205
055_ip_beta0_lapin-on_lsym_g0.3,ip_beta0,1000,0.4,200,4,5,0.246056,0.244016,0.741935,28.484012
055_ip_beta0_lapin-on_lsym_g0.3,ip_beta0,1000,0.4,200,4,6,0.164414,0.196822,0.757576,36.08189
055_ip_beta0_lapin-on_lsym_g0.3,ip_beta0,1000,0.4,200,4,7,0.1531,0.182969,0.741935,29.897969
055_ip_beta0_lapin-on_lsym_g0.3,ip_beta0,1000,0.4,200,4,8,0.200137,0.220685,0.628571,34.855114
055_ip_beta0_lapin-on_lsym_g0.3,ip_beta0,1000,0.4,200,4,9,0.154436,0.141995,0.645161,28.152723
055_ip_beta0_lapin-on_lsym_g0.3,ip_beta0,1000,0.4,200,4,10,0.146627,0.11147,0.575758,27.336335
056_ip_beta0_lapin-on_lsym_g0.5,ip_beta0,1000,0.4,200,4,1,0.339866,0.363847,0.862069,28.99966
056_ip_beta0_lapin-on_lsym_g0.5,ip_beta0,1000,0.4,200,4,2,0.253984,0.286033,0.793103,28.110759
056_ip_beta0_lapin-on_lsym_g0.5,ip_beta0,1000,0.4,200,4,3,0.286906,0.359583,0.444444,26.616558
056_ip_beta0_lapin-on_lsym_g0.5,ip_beta0,1000,0.4,200,4,4,0.293665,0.289174,0.606061,26.758205
056_ip_beta0_lapin-on_lsym_g0.5,ip_beta0,1000,0.4,200,4,5,0.398942,0.413564,0.741935,28.484012
056_ip_beta0_lapin-on_lsym_g0.5,ip_beta0,1000,0.4,200,4,6,0.308083,0.323725,0.757576,36.08189
056_ip_beta0_lapin-on_lsym_g0.5,ip_beta0,1000,0.4,200,4,7,0.202177,0.272669,0.741935,29.897969
056_ip_beta0_lapin-on_lsym_g0.5,ip_beta0,1000,0.4,200,4,8,0.372256,0.389333,0.628571,34.855114
056_ip_beta0_lapin-on_lsym_g0.5,ip_beta0,1000,0.4,200,4,9,0.254974,0.274949,0.645161,28.152723
056_ip_beta0_lapin-on_lsym_g0.5,ip_beta0,1000,0.4,200,4,10,0.306584,0.254289,0.575758,27.336335
057_ip_beta0_lapin-on_lsym_g0.6,ip_beta0,1000,0.4,200,4,1,0.391685,0.38216,0.862069,28.99966
057_ip_beta0_lapin-on_lsym_g0.6,ip_beta0,1000,0.4,200,4,2,0.304352,0.340826,0.793103,28.110759
057_ip_beta0_lapin-on_lsym_g0.6,ip_beta0,1000,0.4,200,4,3,0.380642,0.421036,0.444444,26.616558
057_ip_beta0_lapin-on_lsym_g0.6,ip_beta0,1000,0.4,200,4,4,0.354636,0.344748,0.606061,26.758205
057_ip_beta0_lapin-on_lsym_g0.6,ip_beta0,1000,0.4,200,4,5,0.444912,0.441087,0.741935,28.484012
057_ip_beta0_lapin-on_lsym_g0.6,ip_beta0,1000,0.4,200,4,6,0.371369,0.37656,0.757576,36.08189
057_ip_beta0_lapin-on_lsym_g0.6,ip_beta0,1000,0.4,200,4,7,0.222068,0.3126,0.741935,29.897969
057_ip_beta0_lapin-on_lsym_g0.6,ip_beta0,1000,0.4,200,4,8,0.43759,0.42415,0.628571,34.855114
057_ip_beta0_lapin-on_lsym_g0.6,ip_beta0,1000,0.4,200,4,9,0.311332,0.317108,0.645161,28.152723
057_ip_beta0_lapin-on_lsym_g0.6,ip_beta0,1000,0.4,200,4,10,0.354281,0.326438,0.575758,27.336335
058_ip_beta0_lapin-on_lsym_g0.7,ip_beta0,1000,0.4,200,4,1,0.441346,0.421309,0.862069,28.99966
058_ip_beta0_lapin-on_lsym_g0.7,ip_beta0,1000,0.4,200,4,2,0.345162,0.365136,0.793103,28.110759
058_ip_beta0_lapin-on_lsym_g0.7,ip_beta0,1000,0.4,200,4,3,0.395839,0.436225,0.444444,26.616558
058_ip_beta0_lapin-on_lsym_g0.7,ip_beta0,1000,0.4,200,4,4,0.419521,0.360078,0.606061,26.758205
058_ip_beta0_lapin-on_lsym_g0.7,ip_beta0,1000,0.4,200,4,5,0.455809,0.455099,0.741935,28.484012
058_ip_beta0_lapin-on_lsym_g0.7,ip_beta0,1000,0.4,200,4,6,0.402699,0.379783,0.757576,36.08189
058_ip_beta0_lapin-on_lsym_g0.7,ip_beta0,1000,0.4,200,4,7,0.264532,0.349284,0.741935,29.897969
058_ip_beta0_lapin-on_lsym_g0.7,ip_beta0,1000,0.4,200,4,8,0.478211,0.438525,0.628571,34.855114
058_ip_beta0_lapin-on_lsym_g0.7,ip_beta0,1000,0.4,200,4,9,0.356368,0.344998,0.645161,28.152723
058_ip_beta0_lapin-on_lsym_g0.7,ip_beta0,1000,0.4,200,4,10,0.414635,0.352552,0.575758,27.336335
059_ip_beta0_lapin-on_lsym_g0.8,ip_beta0,1000,0.4,200,4,1,0.462113,0.417045,0.862069,28.99966
059_ip_beta0_lapin-on_lsym_g0.8,ip_beta0,1000,0.4,200,4,2,0.372927,0.371909,0.793103,28.110759
059_ip_beta0_lapin-on_lsym_g0.8,ip_beta0,1000,0.4,200,4,3,0.403396,0.43458,0.444444,26.616558
059_ip_beta0_lapin-on_lsym_g0.8,ip_beta0,1000,0.4,200,4,4,0.475503,0.392974,0.606061,26.758205
059_ip_beta0_lapin-on_lsym_g0.8,ip_beta0,1000,0.4,200,4,5,0.453822,0.455544,0.741935,28.484012
059_ip_beta0_lapin-on_lsym_g0.8,ip_beta0,1000,0.4,200,4,6,0.414406,0.364752,0.727273,36.08189
059_ip_beta0_lapin-on_lsym_g0.8,ip_beta0,1000,0.4,200,4,7,0.322833,0.372528,0.741935,29.897969
059_ip_beta0_lapin-on_lsym_g0.8,ip_beta0,1000,0.4,200,4,8,0.466846,0.422899,0.628571,34.855114
059_ip_beta0_lapin-on_lsym_g0.8,ip_beta0,1000,0.4,200,4,9,0.387756,0.387569,0.645161,28.152723
059_ip_beta0_lapin-on_lsym_g0.8,ip_beta0,1000,0.4,200,4,10,0.448268,0.404164,0.575758,27.336335
060_ip_beta0_lapin-on_lsym_g0.9,ip_beta0,1000,0.4,200,4,1,0.445825,0.414634,0.827586,28.99966
060_ip_beta0_lapin-on_lsym_g0.9,ip_beta0,1000,0.4,200,4,2,0.373773,0.380304,0.793103,28.110759
060_ip_beta0_lapin-on_lsym_g0.9,ip_beta0,1000,0.4,200,4,3,0.399215,0.430489,0.444444,26.616558
060_ip_beta0_lapin-on_lsym_g0.9,ip_beta0,1000,0.4,200,4,4,0.475867,0.414204,0.575758,26.758205
060_ip_beta0_lapin-on_lsym_g0.9,ip_beta0,1000,0.4,200,4,5,0.429827,0.443717,0.709677,28.484012
060_ip_beta0_lapin-on_lsym_g0.9,ip_beta0,1000,0.4,200,4,6,0.438739,0.380408,0.727273,36.08189
060_ip_beta0_lapin-on_lsym_g0.9,ip_beta0,1000,0.4,200,4,7,0.32455,0.383465,0.741935,29.897969
060_ip_beta0_lapin-on_lsym_g0.9,ip_beta0,1000,0.4,200,4,8,0.458179,0.417878,0.628571,34.855114
060_ip_beta0_lapin-on_lsym_g0.9,ip_beta0,1000,0.4,200,4,9,0.393082,0.42675,0.645161,28.152723
060_ip_beta0_lapin-on_lsym_g0.9,ip_beta0,1000,0.4,200,4,10,0.446712,0.441054,0.575758,27.336335
061_ip_beta0.5_lapin-off_-_g0.3,ip_beta0.5,1000,0.4,200,4,1,0.344409,0.309541,0.172414,12.698889
061_ip_beta0.5_lapin-off_-_g0.3,ip_beta0.5,1000,0.4,200,4,2,0.280858,0.298962,0.206897,14.316424
061_ip_beta0.5_lapin-off_-_g0.3,ip_beta0.5,1000,0.4,200,4,3,0.401366,0.391777,0.027778,14.587829
061_ip_beta0.5_lapin-off_-_g0.3,ip_beta0.5,1000,0.4,200,4,4,0.29366,0.296234,0.030303,13.447893
061_ip_beta0.5_lapin-off_-_g0.3,ip_beta0.5,1000,0.4,200,4,5,0.425883,0.429917,0.032258,12.916534
061_ip_beta0.5_lapin-off_-_g0.3,ip_beta0.5,1000,0.4,200,4,6,0.301654,0.302246,0.121212,13.891338
061_ip_beta0.5_lapin-off_-_g0.3,ip_beta0.5,1000,0.4,200,4,7,0.359311,0.379673,0.096774,14.751033
061_ip_beta0.5_lapin-off_-_g0.3,ip_beta0.5,1000,0.4,200,4,8,0.374508,0.358988,0.028571,13.679446
061_ip_beta0.5_lapin-off_-_g0.3,ip_beta0.5,1000,0.4,200,4,9,0.291163,0.241391,0.129032,14.007356
061_ip_beta0.5_lapin-off_-_g0.3,ip_beta0.5,1000,0.4,200,4,10,0.376519,0.387219,0.030303,13.781184
062_ip_beta0.5_lapin-off_-_g0.5,ip_beta0.5,1000,0.4,200,4,1,0.505731,0.428046,0.172414,12.698889
062_ip_beta0.5_lapin-off_-_g0.5,ip_beta0.5,1000,0.4,200,4,2,0.477958,0.469195,0.206897,14.316424
062_ip_beta0.5_lapin-off_-_g0.5,ip_beta0.5,1000,0.4,200,4,3,0.528055,0.491427,0.027778,14.587829
062_ip_beta0.5_lapin-off_-_g0.5,ip_beta0.5,1000,0.4,200,4,4,0.473686,0.435987,0.030303,13.447893
062_ip_beta0.5_lapin-off_-_g0.5,ip_beta0.5,1000,0.4,200,4,5,0.542184,0.543421,0.032258,12.916534
062_ip_beta0.5_lapin-off_-_g0.5,ip_beta0.5,1000,0.4,200,4,6,0.459294,0.402085,0.121212,13.891338
062_ip_beta0.5_lapin-off_-_g0.5,ip_beta0.5,1000,0.4,200,4,7,0.526984,0.494553,0.096774,14.751033
062_ip_beta0.5_lapin-off_-_g0.5,ip_beta0.5,1000,0.4,200,4,8,0.516497,0.494998,0.028571,13.679446
062_ip_beta0.5_lapin-off_-_g0.5,ip_beta0.5,1000,0.4,200,4,9,0.426385,0.348323,0.129032,14.007356
062_ip_beta0.5_lapin-off_-_g0.5,ip_beta0.5,1000,0.4,200,4,10,0.530928,0.494487,0.030303,13.781184
063_ip_beta0.5_lapin-off_-_g0.6,ip_beta0.5,1000,0.4,200,4,1,0.528513,0.442477,0.172414,12.698889
063_ip_beta0.5_lapin-off_-_g0.6,ip_beta0.5,1000,0.4,200,4,2,0.544712,0.502685,0.206897,14.316424
063_ip_beta0.5_lapin-off_-_g0.6,ip_beta0.5,1000,0.4,200,4,3,0.533857,0.506211,0.027778,14.587829
063_ip_beta0.5_lapin-off_-_g0.6,ip_beta0.5,1000,0.4,200,4,4,0.482617,0.446742,0.030303,13.447893
063_ip_beta0.5_lapin-off_-_g0.6,ip_beta0.5,1000,0.4,200,4,5,0.530746,0.527029,0.032258,12.916534
063_ip_beta0.5_lapin-off_-_g0.6,ip_beta0.5,1000,0.4,200,4,6,0.523223,0.452494,0.121212,13.891338
063_ip_beta0.5_lapin-off_-_g0.6,ip_beta0.5,1000,0.4,200,4,7,0.521411,0.498323,0.096774,14.751033
063_ip_beta0.5_lapin-off_-_g0.6,ip_beta0.5,1000,0.4,200,4,8,0.54111,0.542461,0.028571,13.679446
063_ip_beta0.5_lapin-off_-_g0.6,ip_beta0.5,1000,0.4,200,4,9,0.517345,0.410366,0.129032,14.007356
063_ip_beta0.5_lapin-off_-_g0.6,ip_beta0.5,1000,0.4,200,4,10,0.529876,0.500739,0.030303,13.781184
064_ip_beta0.5_lapin-off_-_g0.7,ip_beta0.5,1000,0.4,200,4,1,0.552254,0.48038,0.172414,12.698889
064_ip_beta0.5_lapin-off_-_g0.7,ip_beta0.5,1000,0.4,200,4,2,0.537489,0.528022,0.206897,14.316424
064_ip_beta0.5_lapin-off_-_g0.7,ip_beta0.5,1000,0.4,200,4,3,0.525029,0.517002,0.027778,14.587829
064_ip_beta0.5_lapin-off_-_g0.7,ip_beta0.5,1000,0.4,200,4,4,0.482314,0.468199,0.030303,13.447893
064_ip_beta0.5_lapin-off_-_g0.7,ip_beta0.5,1000,0.4,200,4,5,0.521622,0.517516,0.032258,12.916534
064_ip_beta0.5_lapin-off_-_g0.7,ip_beta0.5,1000,0.4,200,4,6,0.524102,0.464942,0.121212,13.891338
064_ip_beta0.5_lapin-off_-_g0.7,ip_beta0.5,1000,0.4,200,4,7,0.505312,0.493791,0.096774,14.751033
064_ip_beta0.5_lapin-off_-_g0.7,ip_beta0.5,1000,0.4,200,4,8,0.533923,0.538871,0.028571,13.679446
064_ip_beta0.5_lapin-off_-_g0.7,ip_beta0.5,1000,0.4,200,4,9,0.524362,0.451914,0.129032,14.007356
064_ip_beta0.5_lapin-off_-_g0.7,ip_beta0.5,1000,0.4,200,4,10,0.523499,0.523116,0.030303,13.781184
065_ip_beta0.5_lapin-off_-_g0.8,ip_beta0.5,1000,0.4,200,4,1,0.541366,0.480733,0.172414,12.698889
065_ip_beta0.5_lapin-off_-_g0.8,ip_beta0.5,1000,0.4,200,4,2,0.530495,0.512152,0.206897,14.316424
065_ip_beta0.5_lapin-off_-_g0.8,ip_beta0.5,1000,0.4,200,4,3,0.511162,0.508589,0.027778,14.587829
065_ip_beta0.5_lapin-off_-_g0.8,ip_beta0.5,1000,0.4,200,4,4,0.459878,0.479552,0.030303,13.447893
065_ip_beta0.5_lapin-off_-_g0.8,ip_beta0.5,1000,0.4,200,4,5,0.511116,0.503007,0.032258,12.916534
065_ip_beta0.5_lapin-off_-_g0.8,ip_beta0.5,1000,0.4,200,4,6,0.509482,0.465235,0.121212,13.891338
065_ip_beta0.5_lapin-off_-_g0.8,ip_beta0.5,1000,0.4,200,4,7,0.488141,0.489698,0.096774,14.751033
065_ip_beta0.5_lapin-off_-_g0.8,ip_beta0.5,1000,0.4,200,4,8,0.524715,0.526957,0.028571,13.679446
065_ip_beta0.5_lapin-off_-_g0.8,ip_beta0.5,1000,0.4,200,4,9,0.528605,0.467437,0.129032,14.007356
065_ip_beta0.5_lapin-off_-_g0.8,ip_beta0.5,1000,0.4,200,4,10,0.499621,0.524039,0.030303,13.781184
066_ip_beta0.5_lapin-off_-_g0.9,ip_beta0.5,1000,0.4,200,4,1,0.504071,0.480025,0.172414,12.698889
066_ip_beta0.5_lapin-off_-_g0.9,ip_beta0.5,1000,0.4,200,4,2,0.514899,0.509931,0.206897,14.316424
066_ip_beta0.5_lapin-off_-_g0.9,ip_beta0.5,1000,0.4,200,4,3,0.501654,0.493257,0.027778,14.587829
066_ip_beta0.5_lapin-off_-_g0.9,ip_beta0.5,1000,0.4,200,4,4,0.456886,0.478591,0.0,13.447893
066_ip_beta0.5_lapin-off_-_g0.9,ip_beta0.5,1000,0.4,200,4,5,0.502174,0.4933,0.032258,12.916534
066_ip_beta0.5_lapin-off_-_g0.9,ip_beta0.5,1000,0.4,200,4,6,0.507456,0.479158,0.121212,13.891338
066_ip_beta0.5_lapin-off_-_g0.9,ip_beta0.5,1000,0.4,200,4,7,0.47895,0.482424,0.096774,14.751033
066_ip_beta0.5_lapin-off_-_g0.9,ip_beta0.5,1000,0.4,200,4,8,0.51363,0.513713,0.028571,13.679446
066_ip_beta0.5_lapin-off_-_g0.9,ip_beta0.5,1000,0.4,200,4,9,0.49264,0.469207,0.129032,14.007356
066_ip_beta0.5_lapin-off_-_g0.9,ip_beta0.5,1000,0.4,200,4,10,0.493268,0.515037,0.030303,13.781184
067_ip_beta0.5_lapin-on_lsym_g0.3,ip_beta0.5,1000,0.4,200,4,1,0.179611,0.214295,0.655172,26.776337
067_ip_beta0.5_lapin-on_lsym_g0.3,ip_beta0.5,1000,0.4,200,4,2,0.15889,0.205125,0.62069,27.953547
067_ip_beta0.5_lapin-on_lsym_g0.3,ip_beta0.5,1000,0.4,200,4,3,0.130896,0.150923,0.583333,34.104455
067_ip_beta0.5_lapin-on_lsym_g0.3,ip_beta0.5,1000,0.4,200,4,4,0.152353,0.182149,0.606061,32.238342
067_ip_beta0.5_lapin-on_lsym_g0.3,ip_beta0.5,1000,0.4,200,4,5,0.224302,0.251284,0.774194,30.896326
067_ip_beta0.5_lapin-on_lsym_g0.3,ip_beta0.5,1000,0.4,200,4,6,0.241415,0.216862,0.606061,28.507993
067_ip_beta0.5_lapin-on_lsym_g0.3,ip_beta0.5,1000,0.4,200,4,7,0.108095,0.128147,0.709677,32.353403
067_ip_beta0.5_lapin-on_lsym_g0.3,ip_beta0.5,1000,0.4,200,4,8,0.207992,0.246398,0.457143,28.02221
067_ip_beta0.5_lapin-on_lsym_g0.3,ip_beta0.5,1000,0.4,200,4,9,0.084142,0.142188,0.645161,28.540381
067_ip_beta0.5_lapin-on_lsym_g0.3,ip_beta0.5,1000,0.4,200,4,10,0.169363,0.144883,0.484848,29.990359
068_ip_beta0.5_lapin-on_lsym_g0.5,ip_beta0.5,1000,0.4,200,4,1,0.265317,0.316554,0.655172,26.776337
068_ip_beta0.5_lapin-on_lsym_g0.5,ip_beta0.5,1000,0.4,200,4,2,0.271117,0.331278,0.62069,27.953547
068_ip_beta0.5_lapin-on_lsym_g0.5,ip_beta0.5,1000,0.4,200,4,3,0.233521,0.26211,0.583333,34.104455
068_ip_beta0.5_lapin-on_lsym_g0.5,ip_beta0.5,1000,0.4,200,4,4,0.259736,0.282893,0.606061,32.238342
068_ip_beta0.5_lapin-on_lsym_g0.5,ip_beta0.5,1000,0.4,200,4,5,0.41161,0.422535,0.774194,30.896326
068_ip_beta0.5_lapin-on_lsym_g0.5,ip_beta0.5,1000,0.4,200,4,6,0.369623,0.362501,0.606061,28.507993
068_ip_beta0.5_lapin-on_lsym_g0.5,ip_beta0.5,1000,0.4,200,4,7,0.182939,0.25258,0.709677,32.353403
068_ip_beta0.5_lapin-on_lsym_g0.5,ip_beta0.5,1000,0.4,200,4,8,0.367902,0.375056,0.457143,28.02221
068_ip_beta0.5_lapin-on_lsym_g0.5,ip_beta0.5,1000,0.4,200,4,9,0.220246,0.272878,0.645161,28.540381
068_ip_beta0.5_lapin-on_lsym_g0.5,ip_beta0.5,1000,0.4,200,4,10,0.378342,0.347354,0.484848,29.990359
069_ip_beta0.5_lapin-on_lsym_g0.6,ip_beta0.5,1000,0.4,200,4,1,0.31256,0.371999,0.655172,26.776337
069_ip_beta0.5_lapin-on_lsym_g0.6,ip_beta0.5,1000,0.4,200,4,2,0.338335,0.377863,0.62069,27.953547
069_ip_beta0.5_lapin-on_lsym_g0.6,ip_beta0.5,1000,0.4,200,4,3,0.269001,0.298528,0.583333,34.104455
069_ip_beta0.5_lapin-on_lsym_g0.6,ip_beta0.5,1000,0.4,200,4,4,0.295859,0.310858,0.606061,32.238342
069_ip_beta0.5_lapin-on_lsym_g0.6,ip_beta0.5,1000,0.4,200,4,5,0.442031,0.433603,0.774194,30.896326
069_ip_beta0.5_lapin-on_lsym_g0.6,ip_beta0.5,1000,0.4,200,4,6,0.413007,0.400504,0.606061,28.507993
069_ip_beta0.5_lapin-on_lsym_g0.6,ip_beta0.5,1000,0.4,200,4,7,0.239435,0.301386,0.709677,32.353403
069_ip_beta0.5_lapin-on_lsym_g0.6,ip_beta0.5,1000,0.4,200,4,8,0.387021,0.382398,0.457143,28.02221
069_ip_beta0.5_lapin-on_lsym_g0.6,ip_beta0.5,1000,0.4,200,4,9,0.272028,0.316972,0.645161,28.540381
069_ip_beta0.5_lapin-on_lsym_g0.6,ip_beta0.5,1000,0.4,200,4,10,0.448259,0.414412,0.484848,29.990359
070_ip_beta0.5_lapin-on_lsym_g0.7,ip_beta0.5,1000,0.4,200,4,1,0.381004,0.391157,0.655172,26.776337
070_ip_beta0.5_lapin-on_lsym_g0.7,ip_beta0.5,1000,0.4,200,4,2,0.391687,0.409793,0.62069,27.953547
070_ip_beta0.5_lapin-on_lsym_g0.7,ip_beta0.5,1000,0.4,200,4,3,0.32371,0.33701,0.583333,34.104455
070_ip_beta0.5_lapin-on_lsym_g0.7,ip_beta0.5,1000,0.4,200,4,4,0.347631,0.338415,0.606061,32.238342
070_ip_beta0.5_lapin-on_lsym_g0.7,ip_beta0.5,1000,0.4,200,4,5,0.466445,0.430925,0.774194,30.896326
070_ip_beta0.5_lapin-on_lsym_g0.7,ip_beta0.5,1000,0.4,200,4,6,0.442461,0.415477,0.606061,28.507993
070_ip_beta0.5_lapin-on_lsym_g0.7,ip_beta0.5,1000,0.4,200,4,7,0.259667,0.308856,0.709677,32.353403
070_ip_beta0.5_lapin-on_lsym_g0.7,ip_beta0.5,1000,0.4,200,4,8,0.425412,0.405486,0.457143,28.02221
070_ip_beta0.5_lapin-on_lsym_g0.7,ip_beta0.5,1000,0.4,200,4,9,0.333888,0.34209,0.645161,28.540381
070_ip_beta0.5_lapin-on_lsym_g0.7,ip_beta0.5,1000,0.4,200,4,10,0.459414,0.416459,0.484848,29.990359
071_ip_beta0.5_lapin-on_lsym_g0.8,ip_beta0.5,1000,0.4,200,4,1,0.363057,0.387134,0.655172,26.776337
071_ip_beta0.5_lapin-on_lsym_g0.8,ip_beta0.5,1000,0.4,200,4,2,0.400143,0.409768,0.586207,27.953547
071_ip_beta0.5_lapin-on_lsym_g0.8,ip_beta0.5,1000,0.4,200,4,3,0.373871,0.348824,0.583333,34.104455
071_ip_beta0.5_lapin-on_lsym_g0.8,ip_beta0.5,1000,0.4,200,4,4,0.361869,0.357076,0.606061,32.238342
071_ip_beta0.5_lapin-on_lsym_g0.8,ip_beta0.5,1000,0.4,200,4,5,0.484666,0.437445,0.774194,30.896326
071_ip_beta0.5_lapin-on_lsym_g0.8,ip_beta0.5,1000,0.4,200,4,6,0.432637,0.41208,0.545455,28.507993
071_ip_beta0.5_lapin-on_lsym_g0.8,ip_beta0.5,1000,0.4,200,4,7,0.307724,0.307245,0.709677,32.353403
071_ip_beta0.5_lapin-on_lsym_g0.8,ip_beta0.5,1000,0.4,200,4,8,0.42673,0.401702,0.457143,28.02221
071_ip_beta0.5_lapin-on_lsym_g0.8,ip_beta0.5,1000,0.4,200,4,9,0.342595,0.354641,0.645161,28.540381
071_ip_beta0.5_lapin-on_lsym_g0.8,ip_beta0.5,1000,0.4,200,4,10,0.445885,0.414636,0.484848,29.990359
072_ip_beta0.5_lapin-on_lsym_g0.9,ip_beta0.5,1000,0.4,200,4,1,0.342462,0.37258,0.655172,26.776337
072_ip_beta0.5_lapin-on_lsym_g0.9,ip_beta0.5,1000,0.4,200,4,2,0.388912,0.403386,0.586207,27.953547
072_ip_beta0.5_lapin-on_lsym_g0.9,ip_beta0.5,1000,0.4,200,4,3,0.373646,0.357093,0.583333,34.104455
072_ip_beta0.5_lapin-on_lsym_g0.9,ip_beta0.5,1000,0.4,200,4,4,0.342412,0.354083,0.606061,32.238342
072_ip_beta0.5_lapin-on_lsym_g0.9,ip_beta0.5,1000,0.4,200,4,5,0.452111,0.42354,0.774194,30.896326
072_ip_beta0.5_lapin-on_lsym_g0.9,ip_beta0.5,1000,0.4,200,4,6,0.414166,0.399048,0.515152,28.507993
072_ip_beta0.5_lapin-on_lsym_g0.9,ip_beta0.5,1000,0.4,200,4,7,0.329945,0.318439,0.709677,32.353403
072_ip_beta0.5_lapin-on_lsym_g0.9,ip_beta0.5,1000,0.4,200,4,8,0.398803,0.401969,0.428571,28.02221
072_ip_beta0.5_lapin-on_lsym_g0.9,ip_beta0.5,1000,0.4,200,4,9,0.302528,0.358698,0.612903,28.540381
072_ip_beta0.5_lapin-on_lsym_g0.9,ip_beta0.5,1000,0.4,200,4,10,0.431203,0.430538,0.484848,29.990359
073_ip_beta1_lapin-off_-_g0.3,ip_beta1,1000,0.4,200,4,1,0.314217,0.295467,0.172414,14.020538
073_ip_beta1_lapin-off_-_g0.3,ip_beta1,1000,0.4,200,4,2,0.165306,0.140849,0.034483,13.000795
073_ip_beta1_lapin-off_-_g0.3,ip_beta1,1000,0.4,200,4,3,0.240681,0.26094,0.083333,15.168356
073_ip_beta1_lapin-off_-_g0.3,ip_beta1,1000,0.4,200,4,4,0.241336,0.197132,0.121212,15.447929
073_ip_beta1_lapin-off_-_g0.3,ip_beta1,1000,0.4,200,4,5,0.269152,0.271994,0.032258,11.754772
073_ip_beta1_lapin-off_-_g0.3,ip_beta1,1000,0.4,200,4,6,0.246985,0.19425,0.181818,15.79225
073_ip_beta1_lapin-off_-_g0.3,ip_beta1,1000,0.4,200,4,7,0.175918,0.146478,0.129032,13.348458
073_ip_beta1_lapin-off_-_g0.3,ip_beta1,1000,0.4,200,4,8,0.208795,0.173841,0.142857,16.553716
073_ip_beta1_lapin-off_-_g0.3,ip_beta1,1000,0.4,200,4,9,0.36356,0.385132,0.0,12.410512
073_ip_beta1_lapin-off_-_g0.3,ip_beta1,1000,0.4,200,4,10,0.255222,0.275634,0.060606,15.464567
074_ip_beta1_lapin-off_-_g0.5,ip_beta1,1000,0.4,200,4,1,0.501906,0.464687,0.172414,14.020538
074_ip_beta1_lapin-off_-_g0.5,ip_beta1,1000,0.4,200,4,2,0.296609,0.27979,0.034483,13.000795
074_ip_beta1_lapin-off_-_g0.5,ip_beta1,1000,0.4,200,4,3,0.450476,0.407576,0.083333,15.168356
074_ip_beta1_lapin-off_-_g0.5,ip_beta1,1000,0.4,200,4,4,0.371808,0.347599,0.121212,15.447929
074_ip_beta1_lapin-off_-_g0.5,ip_beta1,1000,0.4,200,4,5,0.434052,0.432988,0.032258,11.754772
074_ip_beta1_lapin-off_-_g0.5,ip_beta1,1000,0.4,200,4,6,0.422133,0.32875,0.181818,15.79225
074_ip_beta1_lapin-off_-_g0.5,ip_beta1,1000,0.4,200,4,7,0.305711,0.299493,0.129032,13.348458
074_ip_beta1_lapin-off_-_g0.5,ip_beta1,1000,0.4,200,4,8,0.358965,0.283962,0.142857,16.553716
074_ip_beta1_lapin-off_-_g0.5,ip_beta1,1000,0.4,200,4,9,0.479095,0.493263,0.0,12.410512
074_ip_beta1_lapin-off_-_g0.5,ip_beta1,1000,0.4,200,4,10,0.43672,0.446457,0.060606,15.464567
075_ip_beta1_lapin-off_-_g0.6,ip_beta1,1000,0.4,200,4,1,0.541538,0.473612,0.172414,14.020538
075_ip_beta1_lapin-off_-_g0.6,ip_beta1,1000,0.4,200,4,2,0.332443,0.319919,0.034483,13.000795
075_ip_beta1_lapin-off_-_g0.6,ip_beta1,1000,0.4,200,4,3,0.481471,0.450668,0.083333,15.168356
075_ip_beta1_lapin-off_-_g0.6,ip_beta1,1000,0.4,200,4,4,0.427435,0.375631,0.121212,15.447929
075_ip_beta1_lapin-off_-_g0.6,ip_beta1,1000,0.4,200,4,5,0.445469,0.473149,0.032258,11.754772
075_ip_beta1_lapin-off_-_g0.6,ip_beta1,1000,0.4,200,4,6,0.468853,0.362942,0.181818,15.79225
075_ip_beta1_lapin-off_-_g0.6,ip_beta1,1000,0.4,200,4,7,0.358124,0.347753,0.129032,13.348458
075_ip_beta1_lapin-off_-_g0.6,ip_beta1,1000,0.4,200,4,8,0.407294,0.327221,0.142857,16.553716
075_ip_beta1_lapin-off_-_g0.6,ip_beta1,1000,0.4,200,4,9,0.482014,0.491418,0.0,12.410512
075_ip_beta1_lapin-off_-_g0.6,ip_beta1,1000,0.4,200,4,10,0.467401,0.459707,0.060606,15.464567
076_ip_beta1_lapin-off_-_g0.7,ip_beta1,1000,0.4,200,4,1,0.531086,0.467598,0.172414,14.020538
076_ip_beta1_lapin-off_-_g0.7,ip_beta1,1000,0.4,200,4,2,0.375596,0.349587,0.034483,13.000795
076_ip_beta1_lapin-off_-_g0.7,ip_beta1,1000,0.4,200,4,3,0.490436,0.457254,0.083333,15.168356
076_ip_beta1_lapin-off_-_g0.7,ip_beta1,1000,0.4,200,4,4,0.449852,0.420859,0.121212,15.447929
076_ip_beta1_lapin-off_-_g0.7,ip_beta1,1000,0.4,200,4,5,0.451377,0.477682,0.032258,11.754772
076_ip_beta1_lapin-off_-_g0.7,ip_beta1,1000,0.4,200,4,6,0.507435,0.422005,0.181818,15.79225
076_ip_beta1_lapin-off_-_g0.7,ip_beta1,1000,0.4,200,4,7,0.421848,0.405885,0.129032,13.348458
076_ip_beta1_lapin-off_-_g0.7,ip_beta1,1000,0.4,200,4,8,0.457379,0.37707,0.142857,16.553716
076_ip_beta1_lapin-off_-_g0.7,ip_beta1,1000,0.4,200,4,9,0.482272,0.483044,0.0,12.410512
076_ip_beta1_lapin-off_-_g0.7,ip_beta1,1000,0.4,200,4,10,0.473107,0.480305,0.060606,15.464567
077_ip_beta1_lapin-off_-_g0.8,ip_beta1,1000,0.4,200,4,1,0.523597,0.460361,0.172414,14.020538
077_ip_beta1_lapin-off_-_g0.8,ip_beta1,1000,0.4,200,4,2,0.403251,0.410769,0.034483,13.000795
077_ip_beta1_lapin-off_-_g0.8,ip_beta1,1000,0.4,200,4,3,0.483122,0.4517,0.083333,15.168356
077_ip_beta1_lapin-off_-_g0.8,ip_beta1,1000,0.4,200,4,4,0.440956,0.451528,0.121212,15.447929
077_ip_beta1_lapin-off_-_g0.8,ip_beta1,1000,0.4,200,4,5,0.445549,0.47942,0.032258,11.754772
077_ip_beta1_lapin-off_-_g0.8,ip_beta1,1000,0.4,200,4,6,0.494633,0.461517,0.181818,15.79225
077_ip_beta1_lapin-off_-_g0.8,ip_beta1,1000,0.4,200,4,7,0.406196,0.426353,0.129032,13.348458
077_ip_beta1_lapin-off_-_g0.8,ip_beta1,1000,0.4,200,4,8,0.466711,0.413517,0.142857,16.553716
077_ip_beta1_lapin-off_-_g0.8,ip_beta1,1000,0.4,200,4,9,0.479469,0.473847,0.0,12.410512
077_ip_beta1_lapin-off_-_g0.8,ip_beta1,1000,0.4,200,4,10,0.469731,0.489078,0.060606,15.464567
078_ip_beta1_lapin-off_-_g0.9,ip_beta1,1000,0.4,200,4,1,0.47647,0.463749,0.172414,14.020538
078_ip_beta1_lapin-off_-_g0.9,ip_beta1,1000,0.4,200,4,2,0.432962,0.455564,0.034483,13.000795
078_ip_beta1_lapin-off_-_g0.9,ip_beta1,1000,0.4,200,4,3,0.46623,0.459437,0.083333,15.168356
078_ip_beta1_lapin-off_-_g0.9,ip_beta1,1000,0.4,200,4,4,0.415383,0.456787,0.121212,15.447929
078_ip_beta1_lapin-off_-_g0.9,ip_beta1,1000,0.4,200,4,5,0.440243,0.480538,0.032258,11.754772
078_ip_beta1_lapin-off_-_g0.9,ip_beta1,1000,0.4,200,4,6,0.483571,0.47432,0.181818,15.79225
078_ip_beta1_lapin-off_-_g0.9,ip_beta1,1000,0.4,200,4,7,0.415776,0.439154,0.129032,13.348458
078_ip_beta1_lapin-off_-_g0.9,ip_beta1,1000,0.4,200,4,8,0.452502,0.453237,0.142857,16.553716
078_ip_beta1_lapin-off_-_g0.9,ip_beta1,1000,0.4,200,4,9,0.476569,0.466699,0.0,12.410512
078_ip_beta1_lapin-off_-_g0.9,ip_beta1,1000,0.4,200,4,10,0.44754,0.485246,0.060606,15.464567
079_ip_beta1_lapin-on_lsym_g0.3,ip_beta1,1000,0.4,200,4,1,0.174724,0.192402,0.655172,28.716529
079_ip_beta1_lapin-on_lsym_g0.3,ip_beta1,1000,0.4,200,4,2,0.138656,0.187482,0.448276,25.59285
079_ip_beta1_lapin-on_lsym_g0.3,ip_beta1,1000,0.4,200,4,3,0.102896,0.14654,0.222222,24.999947
079_ip_beta1_lapin-on_lsym_g0.3,ip_beta1,1000,0.4,200,4,4,0.171923,0.205227,0.333333,26.835305
079_ip_beta1_lapin-on_lsym_g0.3,ip_beta1,1000,0.4,200,4,5,0.140164,0.181788,0.419355,24.974856
079_ip_beta1_lapin-on_lsym_g0.3,ip_beta1,1000,0.4,200,4,6,0.142757,0.194194,0.636364,31.305399
079_ip_beta1_lapin-on_lsym_g0.3,ip_beta1,1000,0.4,200,4,7,0.133914,0.179464,0.516129,26.523699
079_ip_beta1_lapin-on_lsym_g0.3,ip_beta1,1000,0.4,200,4,8,0.17879,0.191816,0.371429,29.271252
079_ip_beta1_lapin-on_lsym_g0.3,ip_beta1,1000,0.4,200,4,9,0.095212,0.13336,0.806452,31.359184
079_ip_beta1_lapin-on_lsym_g0.3,ip_beta1,1000,0.4,200,4,10,0.183812,0.191741,0.424242,32.64663
080_ip_beta1_lapin-on_lsym_g0.5,ip_beta1,1000,0.4,200,4,1,0.268376,0.280278,0.655172,28.716529
080_ip_beta1_lapin-on_lsym_g0.5,ip_beta1,1000,0.4,200,4,2,0.292071,0.369477,0.448276,25.59285
080_ip_beta1_lapin-on_lsym_g0.5,ip_beta1,1000,0.4,200,4,3,0.235206,0.254282,0.222222,24.999947
080_ip_beta1_lapin-on_lsym_g0.5,ip_beta1,1000,0.4,200,4,4,0.27442,0.323963,0.333333,26.835305
080_ip_beta1_lapin-on_lsym_g0.5,ip_beta1,1000,0.4,200,4,5,0.21712,0.267713,0.419355,24.974856
080_ip_beta1_lapin-on_lsym_g0.5,ip_beta1,1000,0.4,200,4,6,0.267036,0.28358,0.636364,31.305399
080_ip_beta1_lapin-on_lsym_g0.5,ip_beta1,1000,0.4,200,4,7,0.265594,0.31146,0.516129,26.523699
080_ip_beta1_lapin-on_lsym_g0.5,ip_beta1,1000,0.4,200,4,8,0.304713,0.308899,0.371429,29.271252
080_ip_beta1_lapin-on_lsym_g0.5,ip_beta1,1000,0.4,200,4,9,0.223952,0.288624,0.806452,31.359184
080_ip_beta1_lapin-on_lsym_g0.5,ip_beta1,1000,0.4,200,4,10,0.316479,0.332321,0.424242,32.64663
081_ip_beta1_lapin-on_lsym_g0.6,ip_beta1,1000,0.4,200,4,1,0.339669,0.33934,0.655172,28.716529
081_ip_beta1_lapin-on_lsym_g0.6,ip_beta1,1000,0.4,200,4,2,0.371679,0.404387,0.448276,25.59285
081_ip_beta1_lapin-on_lsym_g0.6,ip_beta1,1000,0.4,200,4,3,0.27052,0.289027,0.222222,24.999947
081_ip_beta1_lapin-on_lsym_g0.6,ip_beta1,1000,0.4,200,4,4,0.361074,0.368018,0.333333,26.835305
081_ip_beta1_lapin-on_lsym_g0.6,ip_beta1,1000,0.4,200,4,5,0.306693,0.327233,0.419355,24.974856
081_ip_beta1_lapin-on_lsym_g0.6,ip_beta1,1000,0.4,200,4,6,0.296815,0.324242,0.636364,31.305399
081_ip_beta1_lapin-on_lsym_g0.6,ip_beta1,1000,0.4,200,4,7,0.291312,0.334556,0.516129,26.523699
081_ip_beta1_lapin-on_lsym_g0.6,ip_beta1,1000,0.4,200,4,8,0.364146,0.346942,0.371429,29.271252
081_ip_beta1_lapin-on_lsym_g0.6,ip_beta1,1000,0.4,200,4,9,0.294013,0.330475,0.806452,31.359184
081_ip_beta1_lapin-on_lsym_g0.6,ip_beta1,1000,0.4,200,4,10,0.364277,0.368648,0.424242,32.64663
082_ip_beta1_lapin-on_lsym_g0.7,ip_beta1,1000,0.4,200,4,1,0.360636,0.368759,0.655172,28.716529
082_ip_beta1_lapin-on_lsym_g0.7,ip_beta1,1000,0.4,200,4,2,0.39317,0.399458,0.448276,25.59285
082_ip_beta1_lapin-on_lsym_g0.7,ip_beta1,1000,0.4,200,4,3,0.300794,0.30123,0.222222,24.999947
082_ip_beta1_lapin-on_lsym_g0.7,ip_beta1,1000,0.4,200,4,4,0.379396,0.378479,0.333333,26.835305
082_ip_beta1_lapin-on_lsym_g0.7,ip_beta1,1000,0.4,200,4,5,0.370801,0.379701,0.419355,24.974856
082_ip_beta1_lapin-on_lsym_g0.7,ip_beta1,1000,0.4,200,4,6,0.371319,0.365515,0.636364,31.305399
082_ip_beta1_lapin-on_lsym_g0.7,ip_beta1,1000,0.4,200,4,7,0.320165,0.356379,0.516129,26.523699
082_ip_beta1_lapin-on_lsym_g0.7,ip_beta1,1000,0.4,200,4,8,0.372862,0.373984,0.371429,29.271252
082_ip_beta1_lapin-on_lsym_g0.7,ip_beta1,1000,0.4,200,4,9,0.35416,0.343858,0.806452,31.359184
082_ip_beta1_lapin-on_lsym_g0.7,ip_beta1,1000,0.4,200,4,10,0.374281,0.385463,0.424242,32.64663
083_ip_beta1_lapin-on_lsym_g0.8,ip_beta1,1000,0.4,200,4,1,0.373721,0.376972,0.586207,28.716529
083_ip_beta1_lapin-on_lsym_g0.8,ip_beta1,1000,0.4,200,4,2,0.397346,0.401774,0.413793,25.59285
083_ip_beta1_lapin-on_lsym_g0.8,ip_beta1,1000,0.4,200,4,3,0.311597,0.318646,0.222222,24.999947
083_ip_beta1_lapin-on_lsym_g0.8,ip_beta1,1000,0.4,200,4,4,0.40195,0.382218,0.333333,26.835305
083_ip_beta1_lapin-on_lsym_g0.8,ip_beta1,1000,0.4,200,4,5,0.376031,0.396664,0.419355,24.974856
083_ip_beta1_lapin-on_lsym_g0.8,ip_beta1,1000,0.4,200,4,6,0.406417,0.385006,0.606061,31.305399
083_ip_beta1_lapin-on_lsym_g0.8,ip_beta1,1000,0.4,200,4,7,0.356333,0.371836,0.516129,26.523699
083_ip_beta1_lapin-on_lsym_g0.8,ip_beta1,1000,0.4,200,4,8,0.407201,0.39555,0.371429,29.271252
083_ip_beta1_lapin-on_lsym_g0.8,ip_beta1,1000,0.4,200,4,9,0.371706,0.352536,0.806452,31.359184
083_ip_beta1_lapin-on_lsym_g0.8,ip_beta1,1000,0.4,200,4,10,0.396032,0.410632,0.393939,32.64663
084_ip_beta1_lapin-on_lsym_g0.9,ip_beta1,1000,0.4,200,4,1,0.379723,0.37653,0.586207,28.716529
084_ip_beta1_lapin-on_lsym_g0.9,ip_beta1,1000,0.4,200,4,2,0.400126,0.403568,0.413793,25.59285
084_ip_beta1_lapin-on_lsym_g0.9,ip_beta1,1000,0.4,200,4,3,0.295888,0.333858,0.222222,24.999947
084_ip_beta1_lapin-on_lsym_g0.9,ip_beta1,1000,0.4,200,4,4,0.394202,0.372765,0.333333,26.835305
084_ip_beta1_lapin-on_lsym_g0.9,ip_beta1,1000,0.4,200,4,5,0.370562,0.394748,0.419355,24.974856
084_ip_beta1_lapin-on_lsym_g0.9,ip_beta1,1000,0.4,200,4,6,0.384805,0.369292,0.606061,31.305399
084_ip_beta1_lapin-on_lsym_g0.9,ip_beta1,1000,0.4,200,4,7,0.34593,0.375161,0.516129,26.523699
084_ip_beta1_lapin-on_lsym_g0.9,ip_beta1,1000,0.4,200,4,8,0.382395,0.390873,0.371429,29.271252
084_ip_beta1_lapin-on_lsym_g0.9,ip_beta1,1000,0.4,200,4,9,0.367277,0.352081,0.774194,31.359184
084_ip_beta1_lapin-on_lsym_g0.9,ip_beta1,1000,0.4,200,4,10,0.390863,0.409177,0.393939,32.64663
013_kul_lapin-off_-_g0.3,kul,1000,0.4,200,4,1,0.422443,0.398576,0.310345,15.502369
013_kul_lapin-off_-_g0.3,kul,1000,0.4,200,4,2,0.391381,0.364342,0.275862,15.608076
013_kul_lapin-off_-_g0.3,kul,1000,0.4,200,4,3,0.441797,0.384213,0.25,17.412003
013_kul_lapin-off_-_g0.3,kul,1000,0.4,200,4,4,0.335068,0.314016,0.393939,19.367828
013_kul_lapin-off_-_g0.3,kul,1000,0.4,200,4,5,0.408812,0.382249,0.322581,17.315283
013_kul_lapin-off_-_g0.3,kul,1000,0.4,200,4,6,0.429155,0.366196,0.272727,15.560915
013_kul_lapin-off_-_g0.3,kul,1000,0.4,200,4,7,0.380807,0.336327,0.419355,18.02552
013_kul_lapin-off_-_g0.3,kul,1000,0.4,200,4,8,0.401176,0.376908,0.457143,19.49269
013_kul_lapin-off_-_g0.3,kul,1000,0.4,200,4,9,0.374194,0.32275,0.483871,19.17346
013_kul_lapin-off_-_g0.3,kul,1000,0.4,200,4,10,0.406763,0.397028,0.393939,19.664333
014_kul_lapin-off_-_g0.5,kul,1000,0.4,200,4,1,0.499243,0.456953,0.310345,15.502369
014_kul_lapin-off_-_g0.5,kul,1000,0.4,200,4,2,0.480614,0.431902,0.275862,15.608076
014_kul_lapin-off_-_g0.5,kul,1000,0.4,200,4,3,0.513342,0.447208,0.25,17.412003
014_kul_lapin-off_-_g0.5,kul,1000,0.4,200,4,4,0.424282,0.371353,0.393939,19.367828
014_kul_lapin-off_-_g0.5,kul,1000,0.4,200,4,5,0.479148,0.427677,0.322581,17.315283
014_kul_lapin-off_-_g0.5,kul,1000,0.4,200,4,6,0.506009,0.424458,0.272727,15.560915
014_kul_lapin-off_-_g0.5,kul,1000,0.4,200,4,7,0.45285,0.382039,0.419355,18.02552
014_kul_lapin-off_-_g0.5,kul,1000,0.4,200,4,8,0.459013,0.4185,0.457143,19.49269
014_kul_lapin-off_-_g0.5,kul,1000,0.4,200,4,9,0.448833,0.393136,0.483871,19.17346
014_kul_lapin-off_-_g0.5,kul,1000,0.4,200,4,10,0.485125,0.42448,0.393939,19.664333
015_kul_lapin-off_-_g0.6,kul,1000,0.4,200,4,1,0.521641,0.457095,0.310345,15.502369
015_kul_lapin-off_-_g0.6,kul,1000,0.4,200,4,2,0.485887,0.425564,0.275862,15.608076
015_kul_lapin-off_-_g0.6,kul,1000,0.4,200,4,3,0.512452,0.43934,0.25,17.412003
015_kul_lapin-off_-_g0.6,kul,1000,0.4,200,4,4,0.466019,0.376732,0.393939,19.367828
015_kul_lapin-off_-_g0.6,kul,1000,0.4,200,4,5,0.505633,0.430289,0.322581,17.315283
015_kul_lapin-off_-_g0.6,kul,1000,0.4,200,4,6,0.517776,0.425269,0.272727,15.560915
015_kul_lapin-off_-_g0.6,kul,1000,0.4,200,4,7,0.481048,0.374386,0.419355,18.02552
015_kul_lapin-off_-_g0.6,kul,1000,0.4,200,4,8,0.478246,0.411234,0.457143,19.49269
015_kul_lapin-off_-_g0.6,kul,1000,0.4,200,4,9,0.467927,0.389091,0.483871,19.17346
015_kul_lapin-off_-_g0.6,kul,1000,0.4,200,4,10,0.502001,0.422861,0.393939,19.664333
016_kul_lapin-off_-_g0.7,kul,1000,0.4,200,4,1,0.501483,0.4549,0.310345,15.502369
016_kul_lapin-off_-_g0.7,kul,1000,0.4,200,4,2,0.460629,0.404024,0.275862,15.608076
016_kul_lapin-off_-_g0.7,kul,1000,0.4,200,4,3,0.483371,0.42798,0.25,17.412003
016_kul_lapin-off_-_g0.7,kul,1000,0.4,200,4,4,0.489965,0.369405,0.393939,19.367828
016_kul_lapin-off_-_g0.7,kul,1000,0.4,200,4,5,0.493862,0.42137,0.322581,17.315283
016_kul_lapin-off_-_g0.7,kul,1000,0.4,200,4,6,0.509376,0.413992,0.272727,15.560915
016_kul_lapin-off_-_g0.7,kul,1000,0.4,200,4,7,0.481737,0.379939,0.419355,18.02552
016_kul_lapin-off_-_g0.7,kul,1000,0.4,200,4,8,0.490535,0.41809,0.457143,19.49269
016_kul_lapin-off_-_g0.7,kul,1000,0.4,200,4,9,0.490536,0.395432,0.483871,19.17346
016_kul_lapin-off_-_g0.7,kul,1000,0.4,200,4,10,0.497586,0.405368,0.393939,19.664333
017_kul_lapin-off_-_g0.8,kul,1000,0.4,200,4,1,0.461494,0.449271,0.310345,15.502369
017_kul_lapin-off_-_g0.8,kul,1000,0.4,200,4,2,0.44403,0.397049,0.275862,15.608076
017_kul_lapin-off_-_g0.8,kul,1000,0.4,200,4,3,0.45525,0.411564,0.25,17.412003
017_kul_lapin-off_-_g0.8,kul,1000,0.4,200,4,4,0.462704,0.348617,0.393939,19.367828
017_kul_lapin-off_-_g0.8,kul,1000,0.4,200,4,5,0.458044,0.407552,0.322581,17.315283
017_kul_lapin-off_-_g0.8,kul,1000,0.4,200,4,6,0.489194,0.415897,0.272727,15.560915
017_kul_lapin-off_-_g0.8,kul,1000,0.4,200,4,7,0.44053,0.366509,0.419355,18.02552
017_kul_lapin-off_-_g0.8,kul,1000,0.4,200,4,8,0.459581,0.406512,0.457143,19.49269
017_kul_lapin-off_-_g0.8,kul,1000,0.4,200,4,9,0.46322,0.373923,0.483871,19.17346
017_kul_lapin-off_-_g0.8,kul,1000,0.4,200,4,10,0.471192,0.396399,0.393939,19.664333
018_kul_lapin-off_-_g0.9,kul,1000,0.4,200,4,1,0.45568,0.425849,0.275862,15.502369
018_kul_lapin-off_-_g0.9,kul,1000,0.4,200,4,2,0.407889,0.387897,0.275862,15.608076
018_kul_lapin-off_-_g0.9,kul,1000,0.4,200,4,3,0.426908,0.392348,0.25,17.412003
018_kul_lapin-off_-_g0.9,kul,1000,0.4,200,4,4,0.424908,0.343756,0.393939,19.367828
018_kul_lapin-off_-_g0.9,kul,1000,0.4,200,4,5,0.428431,0.394327,0.322581,17.315283
018_kul_lapin-off_-_g0.9,kul,1000,0.4,200,4,6,0.469854,0.416625,0.242424,15.560915
018_kul_lapin-off_-_g0.9,kul,1000,0.4,200,4,7,0.401712,0.352574,0.419355,18.02552
018_kul_lapin-off_-_g0.9,kul,1000,0.4,200,4,8,0.424082,0.384491,0.457143,19.49269
018_kul_lapin-off_-_g0.9,kul,1000,0.4,200,4,9,0.429714,0.360794,0.483871,19.17346
018_kul_lapin-off_-_g0.9,kul,1000,0.4,200,4,10,0.430473,0.38555,0.393939,19.664333
019_kul_lapin-on_lsym_g0.3,kul,1000,0.4,200,4,1,0.254687,0.234494,0.275862,22.952914
019_kul_lapin-on_lsym_g0.3,kul,1000,0.4,200,4,2,0.218738,0.209111,0.068966,20.422478
019_kul_lapin-on_lsym_g0.3,kul,1000,0.4,200,4,3,0.223875,0.238641,0.083333,23.017814
019_kul_lapin-on_lsym_g0.3,kul,1000,0.4,200,4,4,0.198946,0.202844,0.030303,22.681956
019_kul_lapin-on_lsym_g0.3,kul,1000,0.4,200,4,5,0.179228,0.142572,0.258065,25.003236
019_kul_lapin-on_lsym_g0.3,kul,1000,0.4,200,4,6,0.137472,0.136451,0.272727,24.203314
019_kul_lapin-on_lsym_g0.3,kul,1000,0.4,200,4,7,0.259774,0.251507,0.16129,22.852555
019_kul_lapin-on_lsym_g0.3,kul,1000,0.4,200,4,8,0.171323,0.163681,0.028571,20.938272
019_kul_lapin-on_lsym_g0.3,kul,1000,0.4,200,4,9,0.200957,0.213657,0.258065,25.781399
019_kul_lapin-on_lsym_g0.3,kul,1000,0.4,200,4,10,0.19964,0.184107,0.212121,27.931154
020_kul_lapin-on_lsym_g0.5,kul,1000,0.4,200,4,1,0.448338,0.398605,0.275862,22.952914
020_kul_lapin-on_lsym_g0.5,kul,1000,0.4,200,4,2,0.398261,0.375061,0.068966,20.422478
020_kul_lapin-on_lsym_g0.5,kul,1000,0.4,200,4,3,0.375948,0.373139,0.083333,23.017814
020_kul_lapin-on_lsym_g0.5,kul,1000,0.4,200,4,4,0.364533,0.336035,0.030303,22.681956
020_kul_lapin-on_lsym_g0.5,kul,1000,0.4,200,4,5,0.288777,0.268837,0.258065,25.003236
020_kul_lapin-on_lsym_g0.5,kul,1000,0.4,200,4,6,0.33088,0.288895,0.272727,24.203314
020_kul_lapin-on_lsym_g0.5,kul,1000,0.4,200,4,7,0.450611,0.420153,0.16129,22.852555
020_kul_lapin-on_lsym_g0.5,kul,1000,0.4,200,4,8,0.285784,0.296808,0.028571,20.938272
020_kul_lapin-on_lsym_g0.5,kul,1000,0.4,200,4,9,0.359745,0.347283,0.258065,25.781399
020_kul_lapin-on_lsym_g0.5,kul,1000,0.4,200,4,10,0.361989,0.295163,0.212121,27.931154
021_kul_lapin-on_lsym_g0.6,kul,1000,0.4,200,4,1,0.512261,0.421167,0.275862,22.952914
021_kul_lapin-on_lsym_g0.6,kul,1000,0.4,200,4,2,0.454836,0.418937,0.068966,20.422478
021_kul_lapin-on_lsym_g0.6,kul,1000,0.4,200,4,3,0.420159,0.393363,0.083333,23.017814
021_kul_lapin-on_lsym_g0.6,kul,1000,0.4,200,4,4,0.425156,0.370288,0.030303,22.681956
021_kul_lapin-on_lsym_g0.6,kul,1000,0.4,200,4,5,0.343579,0.311912,0.258065,25.003236
021_kul_lapin-on_lsym_g0.6,kul,1000,0.4,200,4,6,0.394744,0.311452,0.272727,24.203314
021_kul_lapin-on_lsym_g0.6,kul,1000,0.4,200,4,7,0.519946,0.445061,0.16129,22.852555
021_kul_lapin-on_lsym_g0.6,kul,1000,0.4,200,4,8,0.341286,0.346502,0.028571,20.938272
021_kul_lapin-on_lsym_g0.6,kul,1000,0.4,200,4,9,0.41842,0.377139,0.258065,25.781399
021_kul_lapin-on_lsym_g0.6,kul,1000,0.4,200,4,10,0.394578,0.328074,0.212121,27.931154
022_kul_lapin-on_lsym_g0.7,kul,1000,0.4,200,4,1,0.561222,0.428784,0.275862,22.952914
022_kul_lapin-on_lsym_g0.7,kul,1000,0.4,200,4,2,0.457766,0.44085,0.068966,20.422478
022_kul_lapin-on_lsym_g0.7,kul,1000,0.4,200,4,3,0.453961,0.418112,0.083333,23.017814
022_kul_lapin-on_lsym_g0.7,kul,1000,0.4,200,4,4,0.456938,0.41891,0.030303,22.681956
022_kul_lapin-on_lsym_g0.7,kul,1000,0.4,200,4,5,0.413973,0.35249,0.258065,25.003236
022_kul_lapin-on_lsym_g0.7,kul,1000,0.4,200,4,6,0.47567,0.363421,0.272727,24.203314
022_kul_lapin-on_lsym_g0.7,kul,1000,0.4,200,4,7,0.529643,0.469873,0.16129,22.852555
022_kul_lapin-on_lsym_g0.7,kul,1000,0.4,200,4,8,0.378836,0.384247,0.028571,20.938272
022_kul_lapin-on_lsym_g0.7,kul,1000,0.4,200,4,9,0.444549,0.411159,0.258065,25.781399
022_kul_lapin-on_lsym_g0.7,kul,1000,0.4,200,4,10,0.477509,0.369876,0.212121,27.931154
023_kul_lapin-on_lsym_g0.8,kul,1000,0.4,200,4,1,0.547492,0.428552,0.275862,22.952914
023_kul_lapin-on_lsym_g0.8,kul,1000,0.4,200,4,2,0.461046,0.44845,0.068966,20.422478
023_kul_lapin-on_lsym_g0.8,kul,1000,0.4,200,4,3,0.470714,0.432501,0.083333,23.017814
023_kul_lapin-on_lsym_g0.8,kul,1000,0.4,200,4,4,0.461637,0.451501,0.030303,22.681956
023_kul_lapin-on_lsym_g0.8,kul,1000,0.4,200,4,5,0.482957,0.389378,0.258065,25.003236
023_kul_lapin-on_lsym_g0.8,kul,1000,0.4,200,4,6,0.504856,0.414385,0.272727,24.203314
023_kul_lapin-on_lsym_g0.8,kul,1000,0.4,200,4,7,0.526452,0.48124,0.16129,22.852555
023_kul_lapin-on_lsym_g0.8,kul,1000,0.4,200,4,8,0.380605,0.39465,0.028571,20.938272
023_kul_lapin-on_lsym_g0.8,kul,1000,0.4,200,4,9,0.424577,0.401581,0.258065,25.781399
023_kul_lapin-on_lsym_g0.8,kul,1000,0.4,200,4,10,0.523253,0.412276,0.212121,27.931154
024_kul_lapin-on_lsym_g0.9,kul,1000,0.4,200,4,1,0.523946,0.423161,0.275862,22.952914
024_kul_lapin-on_lsym_g0.9,kul,1000,0.4,200,4,2,0.449123,0.450324,0.068966,20.422478
024_kul_lapin-on_lsym_g0.9,kul,1000,0.4,200,4,3,0.464651,0.437233,0.083333,23.017814
024_kul_lapin-on_lsym_g0.9,kul,1000,0.4,200,4,4,0.456502,0.445077,0.030303,22.681956
024_kul_lapin-on_lsym_g0.9,kul,1000,0.4,200,4,5,0.476391,0.41509,0.258065,25.003236
024_kul_lapin-on_lsym_g0.9,kul,1000,0.4,200,4,6,0.485584,0.423908,0.242424,24.203314
024_kul_lapin-on_lsym_g0.9,kul,1000,0.4,200,4,7,0.517412,0.46913,0.16129,22.852555
024_kul_lapin-on_lsym_g0.9,kul,1000,0.4,200,4,8,0.378448,0.419319,0.028571,20.938272
024_kul_lapin-on_lsym_g0.9,kul,1000,0.4,200,4,9,0.404299,0.394422,0.258065,25.781399
024_kul_lapin-on_lsym_g0.9,kul,1000,0.4,200,4,10,0.51752,0.447962,0.212121,27.931154
037_ochiai_lapin-off_-_g0.3,ochiai,1000,0.4,200,4,1,0.361704,0.329163,0.448276,17.742567
037_ochiai_lapin-off_-_g0.3,ochiai,1000,0.4,200,4,2,0.34692,0.311737,0.37931,17.018439
037_ochiai_lapin-off_-_g0.3,ochiai,1000,0.4,200,4,3,0.389795,0.356948,0.416667,19.877756
037_ochiai_lapin-off_-_g0.3,ochiai,1000,0.4,200,4,4,0.381698,0.3561,0.393939,19.14687
037_ochiai_lapin-off_-_g0.3,ochiai,1000,0.4,200,4,5,0.405944,0.339856,0.451613,19.508481
037_ochiai_lapin-off_-_g0.3,ochiai,1000,0.4,200,4,6,0.382453,0.319856,0.424242,18.552892
037_ochiai_lapin-off_-_g0.3,ochiai,1000,0.4,200,4,7,0.355,0.323016,0.451613,18.432618
037_ochiai_lapin-off_-_g0.3,ochiai,1000,0.4,200,4,8,0.399153,0.348984,0.428571,18.637267
037_ochiai_lapin-off_-_g0.3,ochiai,1000,0.4,200,4,9,0.314577,0.26746,0.580645,18.787947
037_ochiai_lapin-off_-_g0.3,ochiai,1000,0.4,200,4,10,0.373535,0.35146,0.484848,20.409747
038_ochiai_lapin-off_-_g0.5,ochiai,1000,0.4,200,4,1,0.457691,0.410659,0.448276,17.742567
038_ochiai_lapin-off_-_g0.5,ochiai,1000,0.4,200,4,2,0.422597,0.388888,0.37931,17.018439
038_ochiai_lapin-off_-_g0.5,ochiai,1000,0.4,200,4,3,0.480781,0.423863,0.416667,19.877756
038_ochiai_lapin-off_-_g0.5,ochiai,1000,0.4,200,4,4,0.455729,0.405388,0.393939,19.14687
038_ochiai_lapin-off_-_g0.5,ochiai,1000,0.4,200,4,5,0.469916,0.415899,0.451613,19.508481
038_ochiai_lapin-off_-_g0.5,ochiai,1000,0.4,200,4,6,0.449996,0.401807,0.424242,18.552892
038_ochiai_lapin-off_-_g0.5,ochiai,1000,0.4,200,4,7,0.429705,0.384672,0.451613,18.432618
038_ochiai_lapin-off_-_g0.5,ochiai,1000,0.4,200,4,8,0.487992,0.403796,0.428571,18.637267
038_ochiai_lapin-off_-_g0.5,ochiai,1000,0.4,200,4,9,0.377934,0.337558,0.580645,18.787947
038_ochiai_lapin-off_-_g0.5,ochiai,1000,0.4,200,4,10,0.457784,0.43294,0.484848,20.409747
039_ochiai_lapin-off_-_g0.6,ochiai,1000,0.4,200,4,1,0.485732,0.424179,0.448276,17.742567
039_ochiai_lapin-off_-_g0.6,ochiai,1000,0.4,200,4,2,0.469169,0.406847,0.37931,17.018439
039_ochiai_lapin-off_-_g0.6,ochiai,1000,0.4,200,4,3,0.506936,0.420496,0.416667,19.877756
039_ochiai_lapin-off_-_g0.6,ochiai,1000,0.4,200,4,4,0.479248,0.399451,0.393939,19.14687
039_ochiai_lapin-off_-_g0.6,ochiai,1000,0.4,200,4,5,0.497603,0.421905,0.451613,19.508481
039_ochiai_lapin-off_-_g0.6,ochiai,1000,0.4,200,4,6,0.469398,0.397391,0.424242,18.552892
039_ochiai_lapin-off_-_g0.6,ochiai,1000,0.4,200,4,7,0.450216,0.392977,0.451613,18.432618
039_ochiai_lapin-off_-_g0.6,ochiai,1000,0.4,200,4,8,0.501654,0.40055,0.428571,18.637267
039_ochiai_lapin-off_-_g0.6,ochiai,1000,0.4,200,4,9,0.414843,0.362982,0.580645,18.787947
039_ochiai_lapin-off_-_g0.6,ochiai,1000,0.4,200,4,10,0.480322,0.424375,0.484848,20.409747
040_ochiai_lapin-off_-_g0.7,ochiai,1000,0.4,200,4,1,0.508229,0.426832,0.448276,17.742567
040_ochiai_lapin-off_-_g0.7,ochiai,1000,0.4,200,4,2,0.463057,0.392463,0.37931,17.018439
040_ochiai_lapin-off_-_g0.7,ochiai,1000,0.4,200,4,3,0.486707,0.403298,0.416667,19.877756
040_ochiai_lapin-off_-_g0.7,ochiai,1000,0.4,200,4,4,0.468551,0.386016,0.393939,19.14687
040_ochiai_lapin-off_-_g0.7,ochiai,1000,0.4,200,4,5,0.506927,0.402223,0.451613,19.508481
040_ochiai_lapin-off_-_g0.7,ochiai,1000,0.4,200,4,6,0.472779,0.394895,0.424242,18.552892
040_ochiai_lapin-off_-_g0.7,ochiai,1000,0.4,200,4,7,0.451459,0.384214,0.451613,18.432618
040_ochiai_lapin-off_-_g0.7,ochiai,1000,0.4,200,4,8,0.508689,0.393611,0.428571,18.637267
040_ochiai_lapin-off_-_g0.7,ochiai,1000,0.4,200,4,9,0.437173,0.367079,0.580645,18.787947
040_ochiai_lapin-off_-_g0.7,ochiai,1000,0.4,200,4,10,0.470196,0.40592,0.484848,20.409747
041_ochiai_lapin-off_-_g0.8,ochiai,1000,0.4,200,4,1,0.45614,0.419793,0.448276,17.742567
041_ochiai_lapin-off_-_g0.8,ochiai,1000,0.4,200,4,2,0.439142,0.38797,0.37931,17.018439
041_ochiai_lapin-off_-_g0.8,ochiai,1000,0.4,200,4,3,0.466428,0.383859,0.416667,19.877756
041_ochiai_lapin-off_-_g0.8,ochiai,1000,0.4,200,4,4,0.445586,0.370705,0.393939,19.14687
041_ochiai_lapin-off_-_g0.8,ochiai,1000,0.4,200,4,5,0.478765,0.384496,0.451613,19.508481
041_ochiai_lapin-off_-_g0.8,ochiai,1000,0.4,200,4,6,0.453024,0.374184,0.424242,18.552892
041_ochiai_lapin-off_-_g0.8,ochiai,1000,0.4,200,4,7,0.392201,0.37722,0.451613,18.432618
041_ochiai_lapin-off_-_g0.8,ochiai,1000,0.4,200,4,8,0.482825,0.375659,0.428571,18.637267
041_ochiai_lapin-off_-_g0.8,ochiai,1000,0.4,200,4,9,0.43996,0.372007,0.548387,18.787947
041_ochiai_lapin-off_-_g0.8,ochiai,1000,0.4,200,4,10,0.432215,0.385843,0.484848,20.409747
042_ochiai_lapin-off_-_g0.9,ochiai,1000,0.4,200,4,1,0.434518,0.399555,0.448276,17.742567
042_ochiai_lapin-off_-_g0.9,ochiai,1000,0.4,200,4,2,0.415712,0.368198,0.37931,17.018439
042_ochiai_lapin-off_-_g0.9,ochiai,1000,0.4,200,4,3,0.442304,0.376223,0.416667,19.877756
042_ochiai_lapin-off_-_g0.9,ochiai,1000,0.4,200,4,4,0.413508,0.356555,0.393939,19.14687
042_ochiai_lapin-off_-_g0.9,ochiai,1000,0.4,200,4,5,0.44956,0.362124,0.419355,19.508481
042_ochiai_lapin-off_-_g0.9,ochiai,1000,0.4,200,4,6,0.416928,0.352169,0.393939,18.552892
042_ochiai_lapin-off_-_g0.9,ochiai,1000,0.4,200,4,7,0.365225,0.352063,0.451613,18.432618
042_ochiai_lapin-off_-_g0.9,ochiai,1000,0.4,200,4,8,0.417403,0.371821,0.4,18.637267
042_ochiai_lapin-off_-_g0.9,ochiai,1000,0.4,200,4,9,0.410782,0.352736,0.548387,18.787947
042_ochiai_lapin-off_-_g0.9,ochiai,1000,0.4,200,4,10,0.399327,0.354865,0.484848,20.409747
043_ochiai_lapin-on_lsym_g0.3,ochiai,1000,0.4,200,4,1,0.195537,0.194642,0.241379,23.451084
043_ochiai_lapin-on_lsym_g0.3,ochiai,1000,0.4,200,4,2,0.265817,0.235945,0.068966,18.577858
043_ochiai_lapin-on_lsym_g0.3,ochiai,1000,0.4,200,4,3,0.247061,0.235229,0.0,21.43882
043_ochiai_lapin-on_lsym_g0.3,ochiai,1000,0.4,200,4,4,0.101292,0.150357,0.151515,24.308116
043_ochiai_lapin-on_lsym_g0.3,ochiai,1000,0.4,200,4,5,0.18305,0.175252,0.129032,21.975148
043_ochiai_lapin-on_lsym_g0.3,ochiai,1000,0.4,200,4,6,0.177096,0.180221,0.030303,20.288298
043_ochiai_lapin-on_lsym_g0.3,ochiai,1000,0.4,200,4,7,0.202775,0.201218,0.064516,20.868876
043_ochiai_lapin-on_lsym_g0.3,ochiai,1000,0.4,200,4,8,0.169767,0.148578,0.028571,20.334698
043_ochiai_lapin-on_lsym_g0.3,ochiai,1000,0.4,200,4,9,0.285878,0.273647,0.096774,21.287605
043_ochiai_lapin-on_lsym_g0.3,ochiai,1000,0.4,200,4,10,0.178269,0.171107,0.0,21.58468
044_ochiai_lapin-on_lsym_g0.5,ochiai,1000,0.4,200,4,1,0.291668,0.28427,0.241379,23.451084
044_ochiai_lapin-on_lsym_g0.5,ochiai,1000,0.4,200,4,2,0.394829,0.363856,0.068966,18.577858
044_ochiai_lapin-on_lsym_g0.5,ochiai,1000,0.4,200,4,3,0.399151,0.377424,0.0,21.43882
044_ochiai_lapin-on_lsym_g0.5,ochiai,1000,0.4,200,4,4,0.230708,0.242552,0.151515,24.308116
044_ochiai_lapin-on_lsym_g0.5,ochiai,1000,0.4,200,4,5,0.337318,0.284607,0.129032,21.975148
044_ochiai_lapin-on_lsym_g0.5,ochiai,1000,0.4,200,4,6,0.323696,0.284478,0.030303,20.288298
044_ochiai_lapin-on_lsym_g0.5,ochiai,1000,0.4,200,4,7,0.349585,0.319998,0.064516,20.868876
044_ochiai_lapin-on_lsym_g0.5,ochiai,1000,0.4,200,4,8,0.266957,0.254237,0.028571,20.334698
044_ochiai_lapin-on_lsym_g0.5,ochiai,1000,0.4,200,4,9,0.455643,0.395177,0.096774,21.287605
044_ochiai_lapin-on_lsym_g0.5,ochiai,1000,0.4,200,4,10,0.363266,0.3047,0.0,21.58468
045_ochiai_lapin-on_lsym_g0.6,ochiai,1000,0.4,200,4,1,0.380075,0.350137,0.241379,23.451084
045_ochiai_lapin-on_lsym_g0.6,ochiai,1000,0.4,200,4,2,0.428325,0.410668,0.068966,18.577858
045_ochiai_lapin-on_lsym_g0.6,ochiai,1000,0.4,200,4,3,0.429116,0.392574,0.0,21.43882
045_ochiai_lapin-on_lsym_g0.6,ochiai,1000,0.4,200,4,4,0.301466,0.291691,0.151515,24.308116
045_ochiai_lapin-on_lsym_g0.6,ochiai,1000,0.4,200,4,5,0.406035,0.355153,0.129032,21.975148
045_ochiai_lapin-on_lsym_g0.6,ochiai,1000,0.4,200,4,6,0.397891,0.325461,0.030303,20.288298
045_ochiai_lapin-on_lsym_g0.6,ochiai,1000,0.4,200,4,7,0.446924,0.401564,0.064516,20.868876
045_ochiai_lapin-on_lsym_g0.6,ochiai,1000,0.4,200,4,8,0.361197,0.305627,0.028571,20.334698
045_ochiai_lapin-on_lsym_g0.6,ochiai,1000,0.4,200,4,9,0.507548,0.428577,0.096774,21.287605
045_ochiai_lapin-on_lsym_g0.6,ochiai,1000,0.4,200,4,10,0.441698,0.36011,0.0,21.58468
046_ochiai_lapin-on_lsym_g0.7,ochiai,1000,0.4,200,4,1,0.460242,0.388131,0.241379,23.451084
046_ochiai_lapin-on_lsym_g0.7,ochiai,1000,0.4,200,4,2,0.417416,0.436159,0.068966,18.577858
046_ochiai_lapin-on_lsym_g0.7,ochiai,1000,0.4,200,4,3,0.437486,0.405767,0.0,21.43882
046_ochiai_lapin-on_lsym_g0.7,ochiai,1000,0.4,200,4,4,0.374833,0.327418,0.151515,24.308116
046_ochiai_lapin-on_lsym_g0.7,ochiai,1000,0.4,200,4,5,0.432982,0.395557,0.129032,21.975148
046_ochiai_lapin-on_lsym_g0.7,ochiai,1000,0.4,200,4,6,0.414994,0.35483,0.030303,20.288298
046_ochiai_lapin-on_lsym_g0.7,ochiai,1000,0.4,200,4,7,0.463827,0.430766,0.064516,20.868876
046_ochiai_lapin-on_lsym_g0.7,ochiai,1000,0.4,200,4,8,0.395097,0.34454,0.028571,20.334698
046_ochiai_lapin-on_lsym_g0.7,ochiai,1000,0.4,200,4,9,0.516656,0.456104,0.096774,21.287605
046_ochiai_lapin-on_lsym_g0.7,ochiai,1000,0.4,200,4,10,0.431439,0.388384,0.0,21.58468
047_ochiai_lapin-on_lsym_g0.8,ochiai,1000,0.4,200,4,1,0.464453,0.397057,0.241379,23.451084
047_ochiai_lapin-on_lsym_g0.8,ochiai,1000,0.4,200,4,2,0.438105,0.466717,0.068966,18.577858
047_ochiai_lapin-on_lsym_g0.8,ochiai,1000,0.4,200,4,3,0.42375,0.414862,0.0,21.43882
047_ochiai_lapin-on_lsym_g0.8,ochiai,1000,0.4,200,4,4,0.373611,0.365847,0.151515,24.308116
047_ochiai_lapin-on_lsym_g0.8,ochiai,1000,0.4,200,4,5,0.454733,0.397567,0.129032,21.975148
047_ochiai_lapin-on_lsym_g0.8,ochiai,1000,0.4,200,4,6,0.4159,0.361787,0.030303,20.288298
047_ochiai_lapin-on_lsym_g0.8,ochiai,1000,0.4,200,4,7,0.486795,0.459445,0.064516,20.868876
047_ochiai_lapin-on_lsym_g0.8,ochiai,1000,0.4,200,4,8,0.398923,0.390377,0.028571,20.334698
047_ochiai_lapin-on_lsym_g0.8,ochiai,1000,0.4,200,4,9,0.505559,0.446326,0.096774,21.287605
047_ochiai_lapin-on_lsym_g0.8,ochiai,1000,0.4,200,4,10,0.411967,0.397197,0.0,21.58468
048_ochiai_lapin-on_lsym_g0.9,ochiai,1000,0.4,200,4,1,0.458769,0.416304,0.241379,23.451084
048_ochiai_lapin-on_lsym_g0.9,ochiai,1000,0.4,200,4,2,0.436924,0.469292,0.068966,18.577858
048_ochiai_lapin-on_lsym_g0.9,ochiai,1000,0.4,200,4,3,0.400397,0.430438,0.027778,21.43882
048_ochiai_lapin-on_lsym_g0.9,ochiai,1000,0.4,200,4,4,0.366967,0.377879,0.151515,24.308116
048_ochiai_lapin-on_lsym_g0.9,ochiai,1000,0.4,200,4,5,0.42524,0.43487,0.129032,21.975148
048_ochiai_lapin-on_lsym_g0.9,ochiai,1000,0.4,200,4,6,0.413763,0.400994,0.030303,20.288298
048_ochiai_lapin-on_lsym_g0.9,ochiai,1000,0.4,200,4,7,0.479366,0.471066,0.064516,20.868876
048_ochiai_lapin-on_lsym_g0.9,ochiai,1000,0.4,200,4,8,0.416171,0.410116,0.028571,20.334698
048_ochiai_lapin-on_lsym_g0.9,ochiai,1000,0.4,200,4,9,0.490535,0.439446,0.096774,21.287605
048_ochiai_lapin-on_lsym_g0.9,ochiai,1000,0.4,200,4,10,0.424591,0.42483,0.0,21.58468
085_cosip_beta0_lapin-off_-_g0.3,cosip_beta0,1000,0.4,200,5,1,0.395766,0.337524,0.116279,19.158493
085_cosip_beta0_lapin-off_-_g0.3,cosip_beta0,1000,0.4,200,5,2,0.325134,0.331148,0.470588,18.908986
085_cosip_beta0_lapin-off_-_g0.3,cosip_beta0,1000,0.4,200,5,3,0.376221,0.337818,0.394737,20.676992
085_cosip_beta0_lapin-off_-_g0.3,cosip_beta0,1000,0.4,200,5,4,0.364839,0.32055,0.285714,17.301842
085_cosip_beta0_lapin-off_-_g0.3,cosip_beta0,1000,0.4,200,5,5,0.387416,0.337851,0.228571,17.155225
085_cosip_beta0_lapin-off_-_g0.3,cosip_beta0,1000,0.4,200,5,6,0.402962,0.339858,0.277778,17.782093
085_cosip_beta0_lapin-off_-_g0.3,cosip_beta0,1000,0.4,200,5,7,0.295382,0.320492,0.342857,18.534715
085_cosip_beta0_lapin-off_-_g0.3,cosip_beta0,1000,0.4,200,5,8,0.428301,0.393166,0.194444,18.080002
085_cosip_beta0_lapin-off_-_g0.3,cosip_beta0,1000,0.4,200,5,9,0.327371,0.306618,0.378378,19.48563
085_cosip_beta0_lapin-off_-_g0.3,cosip_beta0,1000,0.4,200,5,10,0.278715,0.256302,0.484848,18.989804
086_cosip_beta0_lapin-off_-_g0.5,cosip_beta0,1000,0.4,200,5,1,0.478449,0.405304,0.116279,19.158493
086_cosip_beta0_lapin-off_-_g0.5,cosip_beta0,1000,0.4,200,5,2,0.394982,0.350055,0.470588,18.908986
086_cosip_beta0_lapin-off_-_g0.5,cosip_beta0,1000,0.4,200,5,3,0.436512,0.350286,0.394737,20.676992
086_cosip_beta0_lapin-off_-_g0.5,cosip_beta0,1000,0.4,200,5,4,0.433839,0.363549,0.285714,17.301842
086_cosip_beta0_lapin-off_-_g0.5,cosip_beta0,1000,0.4,200,5,5,0.434315,0.349827,0.228571,17.155225
086_cosip_beta0_lapin-off_-_g0.5,cosip_beta0,1000,0.4,200,5,6,0.466563,0.361894,0.277778,17.782093
086_cosip_beta0_lapin-off_-_g0.5,cosip_beta0,1000,0.4,200,5,7,0.387714,0.360868,0.342857,18.534715
086_cosip_beta0_lapin-off_-_g0.5,cosip_beta0,1000,0.4,200,5,8,0.463377,0.404762,0.194444,18.080002
086_cosip_beta0_lapin-off_-_g0.5,cosip_beta0,1000,0.4,200,5,9,0.414477,0.347146,0.378378,19.48563
086_cosip_beta0_lapin-off_-_g0.5,cosip_beta0,1000,0.4,200,5,10,0.348857,0.285096,0.484848,18.989804
087_cosip_beta0_lapin-off_-_g0.6,cosip_beta0,1000,0.4,200,5,1,0.474194,0.404086,0.116279,19.158493
087_cosip_beta0_lapin-off_-_g0.6,cosip_beta0,1000,0.4,200,5,2,0.390492,0.334311,0.470588,18.908986
087_cosip_beta0_lapin-off_-_g0.6,cosip_beta0,1000,0.4,200,5,3,0.451187,0.342614,0.394737,20.676992
087_cosip_beta0_lapin-off_-_g0.6,cosip_beta0,1000,0.4,200,5,4,0.425017,0.365998,0.285714,17.301842
087_cosip_beta0_lapin-off_-_g0.6,cosip_beta0,1000,0.4,200,5,5,0.427701,0.351144,0.228571,17.155225
087_cosip_beta0_lapin-off_-_g0.6,cosip_beta0,1000,0.4,200,5,6,0.447661,0.353869,0.277778,17.782093
087_cosip_beta0_lapin-off_-_g0.6,cosip_beta0,1000,0.4,200,5,7,0.423034,0.351818,0.342857,18.534715
087_cosip_beta0_lapin-off_-_g0.6,cosip_beta0,1000,0.4,200,5,8,0.45393,0.394406,0.194444,18.080002
087_cosip_beta0_lapin-off_-_g0.6,cosip_beta0,1000,0.4,200,5,9,0.424824,0.340619,0.378378,19.48563
087_cosip_beta0_lapin-off_-_g0.6,cosip_beta0,1000,0.4,200,5,10,0.367559,0.290807,0.484848,18.989804
088_cosip_beta0_lapin-off_-_g0.7,cosip_beta0,1000,0.4,200,5,1,0.475194,0.403747,0.116279,19.158493
088_cosip_beta0_lapin-off_-_g0.7,cosip_beta0,1000,0.4,200,5,2,0.38016,0.323182,0.470588,18.908986
088_cosip_beta0_lapin-off_-_g0.7,cosip_beta0,1000,0.4,200,5,3,0.420803,0.344184,0.394737,20.676992
088_cosip_beta0_lapin-off_-_g0.7,cosip_beta0,1000,0.4,200,5,4,0.413706,0.350676,0.285714,17.301842
088_cosip_beta0_lapin-off_-_g0.7,cosip_beta0,1000,0.4,200,5,5,0.412789,0.341097,0.228571,17.155225
088_cosip_beta0_lapin-off_-_g0.7,cosip_beta0,1000,0.4,200,5,6,0.426875,0.356663,0.277778,17.782093
088_cosip_beta0_lapin-off_-_g0.7,cosip_beta0,1000,0.4,200,5,7,0.415665,0.341998,0.342857,18.534715
088_cosip_beta0_lapin-off_-_g0.7,cosip_beta0,1000,0.4,200,5,8,0.443325,0.383296,0.194444,18.080002
088_cosip_beta0_lapin-off_-_g0.7,cosip_beta0,1000,0.4,200,5,9,0.406493,0.332351,0.378378,19.48563
088_cosip_beta0_lapin-off_-_g0.7,cosip_beta0,1000,0.4,200,5,10,0.434157,0.31962,0.484848,18.989804
089_cosip_beta0_lapin-off_-_g0.8,cosip_beta0,1000,0.4,200,5,1,0.46505,0.387949,0.116279,19.158493
089_cosip_beta0_lapin-off_-_g0.8,cosip_beta0,1000,0.4,200,5,2,0.369478,0.304918,0.470588,18.908986
089_cosip_beta0_lapin-off_-_g0.8,cosip_beta0,1000,0.4,200,5,3,0.406225,0.332418,0.394737,20.676992
089_cosip_beta0_lapin-off_-_g0.8,cosip_beta0,1000,0.4,200,5,4,0.400318,0.335173,0.285714,17.301842
089_cosip_beta0_lapin-off_-_g0.8,cosip_beta0,1000,0.4,200,5,5,0.392041,0.334711,0.228571,17.155225
089_cosip_beta0_lapin-off_-_g0.8,cosip_beta0,1000,0.4,200,5,6,0.410527,0.344888,0.277778,17.782093
089_cosip_beta0_lapin-off_-_g0.8,cosip_beta0,1000,0.4,200,5,7,0.393447,0.327656,0.342857,18.534715
089_cosip_beta0_lapin-off_-_g0.8,cosip_beta0,1000,0.4,200,5,8,0.423964,0.369333,0.194444,18.080002
089_cosip_beta0_lapin-off_-_g0.8,cosip_beta0,1000,0.4,200,5,9,0.37133,0.325396,0.378378,19.48563
089_cosip_beta0_lapin-off_-_g0.8,cosip_beta0,1000,0.4,200,5,10,0.415062,0.310315,0.484848,18.989804
090_cosip_beta0_lapin-off_-_g0.9,cosip_beta0,1000,0.4,200,5,1,0.447377,0.385618,0.116279,19.158493
090_cosip_beta0_lapin-off_-_g0.9,cosip_beta0,1000,0.4,200,5,2,0.326956,0.296003,0.470588,18.908986
090_cosip_beta0_lapin-off_-_g0.9,cosip_beta0,1000,0.4,200,5,3,0.385615,0.325785,0.368421,20.676992
090_cosip_beta0_lapin-off_-_g0.9,cosip_beta0,1000,0.4,200,5,4,0.35274,0.334468,0.285714,17.301842
090_cosip_beta0_lapin-off_-_g0.9,cosip_beta0,1000,0.4,200,5,5,0.370502,0.321292,0.2,17.155225
090_cosip_beta0_lapin-off_-_g0.9,cosip_beta0,1000,0.4,200,5,6,0.389651,0.33152,0.277778,17.782093
090_cosip_beta0_lapin-off_-_g0.9,cosip_beta0,1000,0.4,200,5,7,0.364898,0.331298,0.342857,18.534715
090_cosip_beta0_lapin-off_-_g0.9,cosip_beta0,1000,0.4,200,5,8,0.411891,0.353573,0.194444,18.080002
090_cosip_beta0_lapin-off_-_g0.9,cosip_beta0,1000,0.4,200,5,9,0.336357,0.3076,0.378378,19.48563
090_cosip_beta0_lapin-off_-_g0.9,cosip_beta0,1000,0.4,200,5,10,0.341376,0.312599,0.484848,18.989804
091_cosip_beta0_lapin-on_lsym_g0.3,cosip_beta0,1000,0.4,200,5,1,0.061586,0.108932,0.093023,28.635553
091_cosip_beta0_lapin-on_lsym_g0.3,cosip_beta0,1000,0.4,200,5,2,0.130884,0.166124,0.147059,24.293837
091_cosip_beta0_lapin-on_lsym_g0.3,cosip_beta0,1000,0.4,200,5,3,0.134253,0.169238,0.0,23.755577
091_cosip_beta0_lapin-on_lsym_g0.3,cosip_beta0,1000,0.4,200,5,4,0.153167,0.180515,0.057143,22.160428
091_cosip_beta0_lapin-on_lsym_g0.3,cosip_beta0,1000,0.4,200,5,5,0.142889,0.16612,0.114286,23.972419
091_cosip_beta0_lapin-on_lsym_g0.3,cosip_beta0,1000,0.4,200,5,6,0.130245,0.141546,0.083333,22.545973
091_cosip_beta0_lapin-on_lsym_g0.3,cosip_beta0,1000,0.4,200,5,7,0.131514,0.177269,0.114286,23.629709
091_cosip_beta0_lapin-on_lsym_g0.3,cosip_beta0,1000,0.4,200,5,8,0.150176,0.182078,0.027778,23.626482
091_cosip_beta0_lapin-on_lsym_g0.3,cosip_beta0,1000,0.4,200,5,9,0.276183,0.256806,0.0,23.034293
091_cosip_beta0_lapin-on_lsym_g0.3,cosip_beta0,1000,0.4,200,5,10,0.124736,0.175478,0.181818,22.003832
092_cosip_beta0_lapin-on_lsym_g0.5,cosip_beta0,1000,0.4,200,5,1,0.172976,0.234974,0.093023,28.635553
092_cosip_beta0_lapin-on_lsym_g0.5,cosip_beta0,1000,0.4,200,5,2,0.283557,0.29332,0.147059,24.293837
092_cosip_beta0_lapin-on_lsym_g0.5,cosip_beta0,1000,0.4,200,5,3,0.328284,0.294654,0.0,23.755577
092_cosip_beta0_lapin-on_lsym_g0.5,cosip_beta0,1000,0.4,200,5,4,0.269266,0.278117,0.057143,22.160428
092_cosip_beta0_lapin-on_lsym_g0.5,cosip_beta0,1000,0.4,200,5,5,0.297242,0.275525,0.114286,23.972419
092_cosip_beta0_lapin-on_lsym_g0.5,cosip_beta0,1000,0.4,200,5,6,0.341311,0.310114,0.083333,22.545973
092_cosip_beta0_lapin-on_lsym_g0.5,cosip_beta0,1000,0.4,200,5,7,0.354634,0.286314,0.114286,23.629709
092_cosip_beta0_lapin-on_lsym_g0.5,cosip_beta0,1000,0.4,200,5,8,0.292302,0.289111,0.027778,23.626482
092_cosip_beta0_lapin-on_lsym_g0.5,cosip_beta0,1000,0.4,200,5,9,0.433655,0.377427,0.0,23.034293
092_cosip_beta0_lapin-on_lsym_g0.5,cosip_beta0,1000,0.4,200,5,10,0.232521,0.266808,0.181818,22.003832
093_cosip_beta0_lapin-on_lsym_g0.6,cosip_beta0,1000,0.4,200,5,1,0.248257,0.281038,0.093023,28.635553
093_cosip_beta0_lapin-on_lsym_g0.6,cosip_beta0,1000,0.4,200,5,2,0.349946,0.324759,0.147059,24.293837
093_cosip_beta0_lapin-on_lsym_g0.6,cosip_beta0,1000,0.4,200,5,3,0.375484,0.346433,0.0,23.755577
093_cosip_beta0_lapin-on_lsym_g0.6,cosip_beta0,1000,0.4,200,5,4,0.318023,0.31518,0.057143,22.160428
093_cosip_beta0_lapin-on_lsym_g0.6,cosip_beta0,1000,0.4,200,5,5,0.363462,0.311652,0.114286,23.972419
093_cosip_beta0_lapin-on_lsym_g0.6,cosip_beta0,1000,0.4,200,5,6,0.36815,0.332747,0.083333,22.545973
093_cosip_beta0_lapin-on_lsym_g0.6,cosip_beta0,1000,0.4,200,5,7,0.390847,0.33942,0.114286,23.629709
093_cosip_beta0_lapin-on_lsym_g0.6,cosip_beta0,1000,0.4,200,5,8,0.330462,0.307154,0.027778,23.626482
093_cosip_beta0_lapin-on_lsym_g0.6,cosip_beta0,1000,0.4,200,5,9,0.442644,0.401011,0.0,23.034293
093_cosip_beta0_lapin-on_lsym_g0.6,cosip_beta0,1000,0.4,200,5,10,0.282638,0.302593,0.181818,22.003832
094_cosip_beta0_lapin-on_lsym_g0.7,cosip_beta0,1000,0.4,200,5,1,0.303775,0.314788,0.093023,28.635553
094_cosip_beta0_lapin-on_lsym_g0.7,cosip_beta0,1000,0.4,200,5,2,0.356169,0.359185,0.147059,24.293837
094_cosip_beta0_lapin-on_lsym_g0.7,cosip_beta0,1000,0.4,200,5,3,0.38759,0.359738,0.0,23.755577
094_cosip_beta0_lapin-on_lsym_g0.7,cosip_beta0,1000,0.4,200,5,4,0.341398,0.337918,0.057143,22.160428
094_cosip_beta0_lapin-on_lsym_g0.7,cosip_beta0,1000,0.4,200,5,5,0.365606,0.324112,0.114286,23.972419
094_cosip_beta0_lapin-on_lsym_g0.7,cosip_beta0,1000,0.4,200,5,6,0.367865,0.353352,0.083333,22.545973
094_cosip_beta0_lapin-on_lsym_g0.7,cosip_beta0,1000,0.4,200,5,7,0.407396,0.366043,0.114286,23.629709
094_cosip_beta0_lapin-on_lsym_g0.7,cosip_beta0,1000,0.4,200,5,8,0.350236,0.343763,0.027778,23.626482
094_cosip_beta0_lapin-on_lsym_g0.7,cosip_beta0,1000,0.4,200,5,9,0.4517,0.414994,0.0,23.034293
094_cosip_beta0_lapin-on_lsym_g0.7,cosip_beta0,1000,0.4,200,5,10,0.326845,0.330563,0.181818,22.003832
095_cosip_beta0_lapin-on_lsym_g0.8,cosip_beta0,1000,0.4,200,5,1,0.309366,0.328083,0.093023,28.635553
095_cosip_beta0_lapin-on_lsym_g0.8,cosip_beta0,1000,0.4,200,5,2,0.372736,0.3664,0.147059,24.293837
095_cosip_beta0_lapin-on_lsym_g0.8,cosip_beta0,1000,0.4,200,5,3,0.400816,0.374405,0.0,23.755577
095_cosip_beta0_lapin-on_lsym_g0.8,cosip_beta0,1000,0.4,200,5,4,0.351084,0.346101,0.057143,22.160428
095_cosip_beta0_lapin-on_lsym_g0.8,cosip_beta0,1000,0.4,200,5,5,0.366337,0.347688,0.114286,23.972419
095_cosip_beta0_lapin-on_lsym_g0.8,cosip_beta0,1000,0.4,200,5,6,0.388933,0.362078,0.083333,22.545973
095_cosip_beta0_lapin-on_lsym_g0.8,cosip_beta0,1000,0.4,200,5,7,0.405438,0.363109,0.114286,23.629709
095_cosip_beta0_lapin-on_lsym_g0.8,cosip_beta0,1000,0.4,200,5,8,0.356313,0.356452,0.027778,23.626482
095_cosip_beta0_lapin-on_lsym_g0.8,cosip_beta0,1000,0.4,200,5,9,0.443655,0.436813,0.0,23.034293
095_cosip_beta0_lapin-on_lsym_g0.8,cosip_beta0,1000,0.4,200,5,10,0.356725,0.356554,0.181818,22.003832
096_cosip_beta0_lapin-on_lsym_g0.9,cosip_beta0,1000,0.4,200,5,1,0.295876,0.342142,0.093023,28.635553
096_cosip_beta0_lapin-on_lsym_g0.9,cosip_beta0,1000,0.4,200,5,2,0.368605,0.355483,0.147059,24.293837
096_cosip_beta0_lapin-on_lsym_g0.9,cosip_beta0,1000,0.4,200,5,3,0.394966,0.391234,0.0,23.755577
096_cosip_beta0_lapin-on_lsym_g0.9,cosip_beta0,1000,0.4,200,5,4,0.372095,0.378098,0.057143,22.160428
096_cosip_beta0_lapin-on_lsym_g0.9,cosip_beta0,1000,0.4,200,5,5,0.363645,0.364644,0.114286,23.972419
096_cosip_beta0_lapin-on_lsym_g0.9,cosip_beta0,1000,0.4,200,5,6,0.376005,0.361596,0.083333,22.545973
096_cosip_beta0_lapin-on_lsym_g0.9,cosip_beta0,1000,0.4,200,5,7,0.400752,0.372627,0.114286,23.629709
096_cosip_beta0_lapin-on_lsym_g0.9,cosip_beta0,1000,0.4,200,5,8,0.357037,0.372794,0.027778,23.626482
096_cosip_beta0_lapin-on_lsym_g0.9,cosip_beta0,1000,0.4,200,5,9,0.425051,0.432195,0.0,23.034293
096_cosip_beta0_lapin-on_lsym_g0.9,cosip_beta0,1000,0.4,200,5,10,0.363687,0.363279,0.181818,22.003832
097_cosip_beta0.5_lapin-off_-_g0.3,cosip_beta0.5,1000,0.4,200,5,1,0.341762,0.341247,0.209302,19.552784
097_cosip_beta0.5_lapin-off_-_g0.3,cosip_beta0.5,1000,0.4,200,5,2,0.303238,0.308799,0.5,20.065153
097_cosip_beta0.5_lapin-off_-_g0.3,cosip_beta0.5,1000,0.4,200,5,3,0.366124,0.348358,0.263158,19.972142
097_cosip_beta0.5_lapin-off_-_g0.3,cosip_beta0.5,1000,0.4,200,5,4,0.385861,0.361535,0.2,16.664635
097_cosip_beta0.5_lapin-off_-_g0.3,cosip_beta0.5,1000,0.4,200,5,5,0.365299,0.3527,0.2,17.253321
097_cosip_beta0.5_lapin-off_-_g0.3,cosip_beta0.5,1000,0.4,200,5,6,0.27072,0.29669,0.361111,19.596345
097_cosip_beta0.5_lapin-off_-_g0.3,cosip_beta0.5,1000,0.4,200,5,7,0.349885,0.336954,0.285714,17.425042
097_cosip_beta0.5_lapin-off_-_g0.3,cosip_beta0.5,1000,0.4,200,5,8,0.429636,0.394854,0.194444,18.333484
097_cosip_beta0.5_lapin-off_-_g0.3,cosip_beta0.5,1000,0.4,200,5,9,0.302151,0.241425,0.378378,20.188842
097_cosip_beta0.5_lapin-off_-_g0.3,cosip_beta0.5,1000,0.4,200,5,10,0.360443,0.346319,0.151515,15.072449
098_cosip_beta0.5_lapin-off_-_g0.5,cosip_beta0.5,1000,0.4,200,5,1,0.467744,0.383416,0.209302,19.552784
098_cosip_beta0.5_lapin-off_-_g0.5,cosip_beta0.5,1000,0.4,200,5,2,0.361114,0.33408,0.5,20.065153
098_cosip_beta0.5_lapin-off_-_g0.5,cosip_beta0.5,1000,0.4,200,5,3,0.437167,0.375711,0.263158,19.972142
098_cosip_beta0.5_lapin-off_-_g0.5,cosip_beta0.5,1000,0.4,200,5,4,0.441446,0.395469,0.2,16.664635
098_cosip_beta0.5_lapin-off_-_g0.5,cosip_beta0.5,1000,0.4,200,5,5,0.42108,0.383568,0.2,17.253321
098_cosip_beta0.5_lapin-off_-_g0.5,cosip_beta0.5,1000,0.4,200,5,6,0.375452,0.342093,0.361111,19.596345
098_cosip_beta0.5_lapin-off_-_g0.5,cosip_beta0.5,1000,0.4,200,5,7,0.438112,0.373525,0.285714,17.425042
098_cosip_beta0.5_lapin-off_-_g0.5,cosip_beta0.5,1000,0.4,200,5,8,0.485736,0.402396,0.194444,18.333484
098_cosip_beta0.5_lapin-off_-_g0.5,cosip_beta0.5,1000,0.4,200,5,9,0.391724,0.312475,0.378378,20.188842
098_cosip_beta0.5_lapin-off_-_g0.5,cosip_beta0.5,1000,0.4,200,5,10,0.424606,0.364918,0.151515,15.072449
099_cosip_beta0.5_lapin-off_-_g0.6,cosip_beta0.5,1000,0.4,200,5,1,0.452301,0.375842,0.209302,19.552784
099_cosip_beta0.5_lapin-off_-_g0.6,cosip_beta0.5,1000,0.4,200,5,2,0.384946,0.322651,0.5,20.065153
099_cosip_beta0.5_lapin-off_-_g0.6,cosip_beta0.5,1000,0.4,200,5,3,0.432992,0.369411,0.263158,19.972142
099_cosip_beta0.5_lapin-off_-_g0.6,cosip_beta0.5,1000,0.4,200,5,4,0.424143,0.383411,0.2,16.664635
099_cosip_beta0.5_lapin-off_-_g0.6,cosip_beta0.5,1000,0.4,200,5,5,0.424424,0.384496,0.2,17.253321
099_cosip_beta0.5_lapin-off_-_g0.6,cosip_beta0.5,1000,0.4,200,5,6,0.420093,0.338965,0.361111,19.596345
099_cosip_beta0.5_lapin-off_-_g0.6,cosip_beta0.5,1000,0.4,200,5,7,0.436275,0.377147,0.285714,17.425042
099_cosip_beta0.5_lapin-off_-_g0.6,cosip_beta0.5,1000,0.4,200,5,8,0.478632,0.384123,0.194444,18.333484
099_cosip_beta0.5_lapin-off_-_g0.6,cosip_beta0.5,1000,0.4,200,5,9,0.429093,0.32635,0.378378,20.188842
099_cosip_beta0.5_lapin-off_-_g0.6,cosip_beta0.5,1000,0.4,200,5,10,0.419089,0.386806,0.151515,15.072449
100_cosip_beta0.5_lapin-off_-_g0.7,cosip_beta0.5,1000,0.4,200,5,1,0.432731,0.366508,0.209302,19.552784
100_cosip_beta0.5_lapin-off_-_g0.7,cosip_beta0.5,1000,0.4,200,5,2,0.384628,0.327397,0.5,20.065153
100_cosip_beta0.5_lapin-off_-_g0.7,cosip_beta0.5,1000,0.4,200,5,3,0.429228,0.369683,0.263158,19.972142
100_cosip_beta0.5_lapin-off_-_g0.7,cosip_beta0.5,1000,0.4,200,5,4,0.409382,0.368784,0.2,16.664635
100_cosip_beta0.5_lapin-off_-_g0.7,cosip_beta0.5,1000,0.4,200,5,5,0.405114,0.371454,0.2,17.253321
100_cosip_beta0.5_lapin-off_-_g0.7,cosip_beta0.5,1000,0.4,200,5,6,0.417484,0.337826,0.361111,19.596345
100_cosip_beta0.5_lapin-off_-_g0.7,cosip_beta0.5,1000,0.4,200,5,7,0.415453,0.367711,0.285714,17.425042
100_cosip_beta0.5_lapin-off_-_g0.7,cosip_beta0.5,1000,0.4,200,5,8,0.462579,0.379211,0.194444,18.333484
100_cosip_beta0.5_lapin-off_-_g0.7,cosip_beta0.5,1000,0.4,200,5,9,0.423423,0.324531,0.378378,20.188842
100_cosip_beta0.5_lapin-off_-_g0.7,cosip_beta0.5,1000,0.4,200,5,10,0.408271,0.374375,0.151515,15.072449
101_cosip_beta0.5_lapin-off_-_g0.8,cosip_beta0.5,1000,0.4,200,5,1,0.426,0.362682,0.209302,19.552784
101_cosip_beta0.5_lapin-off_-_g0.8,cosip_beta0.5,1000,0.4,200,5,2,0.361633,0.324137,0.5,20.065153
101_cosip_beta0.5_lapin-off_-_g0.8,cosip_beta0.5,1000,0.4,200,5,3,0.418257,0.35725,0.263158,19.972142
101_cosip_beta0.5_lapin-off_-_g0.8,cosip_beta0.5,1000,0.4,200,5,4,0.397089,0.352345,0.2,16.664635
101_cosip_beta0.5_lapin-off_-_g0.8,cosip_beta0.5,1000,0.4,200,5,5,0.40335,0.36068,0.2,17.253321
101_cosip_beta0.5_lapin-off_-_g0.8,cosip_beta0.5,1000,0.4,200,5,6,0.408635,0.327246,0.361111,19.596345
101_cosip_beta0.5_lapin-off_-_g0.8,cosip_beta0.5,1000,0.4,200,5,7,0.389335,0.355225,0.285714,17.425042
101_cosip_beta0.5_lapin-off_-_g0.8,cosip_beta0.5,1000,0.4,200,5,8,0.455276,0.367939,0.194444,18.333484
101_cosip_beta0.5_lapin-off_-_g0.8,cosip_beta0.5,1000,0.4,200,5,9,0.409812,0.308819,0.378378,20.188842
101_cosip_beta0.5_lapin-off_-_g0.8,cosip_beta0.5,1000,0.4,200,5,10,0.393496,0.358054,0.151515,15.072449
102_cosip_beta0.5_lapin-off_-_g0.9,cosip_beta0.5,1000,0.4,200,5,1,0.39485,0.372245,0.186047,19.552784
102_cosip_beta0.5_lapin-off_-_g0.9,cosip_beta0.5,1000,0.4,200,5,2,0.335337,0.308726,0.441176,20.065153
102_cosip_beta0.5_lapin-off_-_g0.9,cosip_beta0.5,1000,0.4,200,5,3,0.395776,0.353003,0.236842,19.972142
102_cosip_beta0.5_lapin-off_-_g0.9,cosip_beta0.5,1000,0.4,200,5,4,0.37525,0.329524,0.2,16.664635
102_cosip_beta0.5_lapin-off_-_g0.9,cosip_beta0.5,1000,0.4,200,5,5,0.371191,0.345934,0.2,17.253321
102_cosip_beta0.5_lapin-off_-_g0.9,cosip_beta0.5,1000,0.4,200,5,6,0.370852,0.32079,0.361111,19.596345
102_cosip_beta0.5_lapin-off_-_g0.9,cosip_beta0.5,1000,0.4,200,5,7,0.371013,0.343241,0.285714,17.425042
102_cosip_beta0.5_lapin-off_-_g0.9,cosip_beta0.5,1000,0.4,200,5,8,0.431385,0.367009,0.138889,18.333484
102_cosip_beta0.5_lapin-off_-_g0.9,cosip_beta0.5,1000,0.4,200,5,9,0.356724,0.313064,0.378378,20.188842
102_cosip_beta0.5_lapin-off_-_g0.9,cosip_beta0.5,1000,0.4,200,5,10,0.37165,0.345987,0.151515,15.072449
103_cosip_beta0.5_lapin-on_lsym_g0.3,cosip_beta0.5,1000,0.4,200,5,1,0.06418,0.120188,0.093023,25.157458
103_cosip_beta0.5_lapin-on_lsym_g0.3,cosip_beta0.5,1000,0.4,200,5,2,0.159251,0.185745,0.176471,24.597977
103_cosip_beta0.5_lapin-on_lsym_g0.3,cosip_beta0.5,1000,0.4,200,5,3,0.12657,0.191688,0.0,24.18297
103_cosip_beta0.5_lapin-on_lsym_g0.3,cosip_beta0.5,1000,0.4,200,5,4,0.118608,0.158181,0.085714,23.454867
103_cosip_beta0.5_lapin-on_lsym_g0.3,cosip_beta0.5,1000,0.4,200,5,5,0.075898,0.098929,0.171429,24.63503
103_cosip_beta0.5_lapin-on_lsym_g0.3,cosip_beta0.5,1000,0.4,200,5,6,0.080047,0.133134,0.027778,20.253762
103_cosip_beta0.5_lapin-on_lsym_g0.3,cosip_beta0.5,1000,0.4,200,5,7,0.057116,0.09438,0.085714,22.674768
103_cosip_beta0.5_lapin-on_lsym_g0.3,cosip_beta0.5,1000,0.4,200,5,8,0.2029,0.24187,0.055556,25.756709
103_cosip_beta0.5_lapin-on_lsym_g0.3,cosip_beta0.5,1000,0.4,200,5,9,0.179455,0.187242,0.054054,23.660452
103_cosip_beta0.5_lapin-on_lsym_g0.3,cosip_beta0.5,1000,0.4,200,5,10,0.13486,0.207868,0.0,18.988124
104_cosip_beta0.5_lapin-on_lsym_g0.5,cosip_beta0.5,1000,0.4,200,5,1,0.194788,0.204902,0.093023,25.157458
104_cosip_beta0.5_lapin-on_lsym_g0.5,cosip_beta0.5,1000,0.4,200,5,2,0.24709,0.252885,0.176471,24.597977
104_cosip_beta0.5_lapin-on_lsym_g0.5,cosip_beta0.5,1000,0.4,200,5,3,0.227698,0.280574,0.0,24.18297
104_cosip_beta0.5_lapin-on_lsym_g0.5,cosip_beta0.5,1000,0.4,200,5,4,0.277594,0.279678,0.085714,23.454867
104_cosip_beta0.5_lapin-on_lsym_g0.5,cosip_beta0.5,1000,0.4,200,5,5,0.25353,0.24314,0.171429,24.63503
104_cosip_beta0.5_lapin-on_lsym_g0.5,cosip_beta0.5,1000,0.4,200,5,6,0.190183,0.249334,0.027778,20.253762
104_cosip_beta0.5_lapin-on_lsym_g0.5,cosip_beta0.5,1000,0.4,200,5,7,0.219271,0.241104,0.085714,22.674768
104_cosip_beta0.5_lapin-on_lsym_g0.5,cosip_beta0.5,1000,0.4,200,5,8,0.357003,0.322511,0.055556,25.756709
104_cosip_beta0.5_lapin-on_lsym_g0.5,cosip_beta0.5,1000,0.4,200,5,9,0.40369,0.355895,0.054054,23.660452
104_cosip_beta0.5_lapin-on_lsym_g0.5,cosip_beta0.5,1000,0.4,200,5,10,0.267843,0.307923,0.0,18.988124
105_cosip_beta0.5_lapin-on_lsym_g0.6,cosip_beta0.5,1000,0.4,200,5,1,0.241718,0.250715,0.093023,25.157458
105_cosip_beta0.5_lapin-on_lsym_g0.6,cosip_beta0.5,1000,0.4,200,5,2,0.308591,0.284873,0.176471,24.597977
105_cosip_beta0.5_lapin-on_lsym_g0.6,cosip_beta0.5,1000,0.4,200,5,3,0.263633,0.306622,0.0,24.18297
105_cosip_beta0.5_lapin-on_lsym_g0.6,cosip_beta0.5,1000,0.4,200,5,4,0.331003,0.320009,0.085714,23.454867
105_cosip_beta0.5_lapin-on_lsym_g0.6,cosip_beta0.5,1000,0.4,200,5,5,0.336437,0.310641,0.171429,24.63503
105_cosip_beta0.5_lapin-on_lsym_g0.6,cosip_beta0.5,1000,0.4,200,5,6,0.222684,0.268492,0.027778,20.253762
105_cosip_beta0.5_lapin-on_lsym_g0.6,cosip_beta0.5,1000,0.4,200,5,7,0.27497,0.267985,0.085714,22.674768
105_cosip_beta0.5_lapin-on_lsym_g0.6,cosip_beta0.5,1000,0.4,200,5,8,0.402682,0.351464,0.055556,25.756709
105_cosip_beta0.5_lapin-on_lsym_g0.6,cosip_beta0.5,1000,0.4,200,5,9,0.432502,0.380293,0.054054,23.660452
105_cosip_beta0.5_lapin-on_lsym_g0.6,cosip_beta0.5,1000,0.4,200,5,10,0.261526,0.307819,0.0,18.988124
106_cosip_beta0.5_lapin-on_lsym_g0.7,cosip_beta0.5,1000,0.4,200,5,1,0.277107,0.327911,0.093023,25.157458
106_cosip_beta0.5_lapin-on_lsym_g0.7,cosip_beta0.5,1000,0.4,200,5,2,0.318372,0.331649,0.176471,24.597977
106_cosip_beta0.5_lapin-on_lsym_g0.7,cosip_beta0.5,1000,0.4,200,5,3,0.30247,0.342555,0.0,24.18297
106_cosip_beta0.5_lapin-on_lsym_g0.7,cosip_beta0.5,1000,0.4,200,5,4,0.367041,0.338879,0.085714,23.454867
106_cosip_beta0.5_lapin-on_lsym_g0.7,cosip_beta0.5,1000,0.4,200,5,5,0.377143,0.325073,0.171429,24.63503
106_cosip_beta0.5_lapin-on_lsym_g0.7,cosip_beta0.5,1000,0.4,200,5,6,0.257508,0.287615,0.027778,20.253762
106_cosip_beta0.5_lapin-on_lsym_g0.7,cosip_beta0.5,1000,0.4,200,5,7,0.322825,0.301573,0.085714,22.674768
106_cosip_beta0.5_lapin-on_lsym_g0.7,cosip_beta0.5,1000,0.4,200,5,8,0.420873,0.380273,0.055556,25.756709
106_cosip_beta0.5_lapin-on_lsym_g0.7,cosip_beta0.5,1000,0.4,200,5,9,0.441107,0.3926,0.054054,23.660452
106_cosip_beta0.5_lapin-on_lsym_g0.7,cosip_beta0.5,1000,0.4,200,5,10,0.270472,0.330264,0.0,18.988124
107_cosip_beta0.5_lapin-on_lsym_g0.8,cosip_beta0.5,1000,0.4,200,5,1,0.304756,0.357937,0.093023,25.157458
107_cosip_beta0.5_lapin-on_lsym_g0.8,cosip_beta0.5,1000,0.4,200,5,2,0.325308,0.337907,0.176471,24.597977
107_cosip_beta0.5_lapin-on_lsym_g0.8,cosip_beta0.5,1000,0.4,200,5,3,0.316918,0.355938,0.0,24.18297
107_cosip_beta0.5_lapin-on_lsym_g0.8,cosip_beta0.5,1000,0.4,200,5,4,0.358144,0.343289,0.085714,23.454867
107_cosip_beta0.5_lapin-on_lsym_g0.8,cosip_beta0.5,1000,0.4,200,5,5,0.390461,0.360965,0.171429,24.63503
107_cosip_beta0.5_lapin-on_lsym_g0.8,cosip_beta0.5,1000,0.4,200,5,6,0.293403,0.324172,0.027778,20.253762
107_cosip_beta0.5_lapin-on_lsym_g0.8,cosip_beta0.5,1000,0.4,200,5,7,0.350983,0.334629,0.085714,22.674768
107_cosip_beta0.5_lapin-on_lsym_g0.8,cosip_beta0.5,1000,0.4,200,5,8,0.426376,0.390329,0.055556,25.756709
107_cosip_beta0.5_lapin-on_lsym_g0.8,cosip_beta0.5,1000,0.4,200,5,9,0.430532,0.388462,0.054054,23.660452
107_cosip_beta0.5_lapin-on_lsym_g0.8,cosip_beta0.5,1000,0.4,200,5,10,0.323213,0.361203,0.0,18.988124
108_cosip_beta0.5_lapin-on_lsym_g0.9,cosip_beta0.5,1000,0.4,200,5,1,0.310963,0.374295,0.093023,25.157458
108_cosip_beta0.5_lapin-on_lsym_g0.9,cosip_beta0.5,1000,0.4,200,5,2,0.352646,0.354162,0.147059,24.597977
108_cosip_beta0.5_lapin-on_lsym_g0.9,cosip_beta0.5,1000,0.4,200,5,3,0.317528,0.355866,0.0,24.18297
108_cosip_beta0.5_lapin-on_lsym_g0.9,cosip_beta0.5,1000,0.4,200,5,4,0.349825,0.349436,0.085714,23.454867
108_cosip_beta0.5_lapin-on_lsym_g0.9,cosip_beta0.5,1000,0.4,200,5,5,0.36704,0.375019,0.142857,24.63503
108_cosip_beta0.5_lapin-on_lsym_g0.9,cosip_beta0.5,1000,0.4,200,5,6,0.284877,0.339699,0.027778,20.253762
108_cosip_beta0.5_lapin-on_lsym_g0.9,cosip_beta0.5,1000,0.4,200,5,7,0.341556,0.350728,0.085714,22.674768
108_cosip_beta0.5_lapin-on_lsym_g0.9,cosip_beta0.5,1000,0.4,200,5,8,0.412936,0.394896,0.055556,25.756709
108_cosip_beta0.5_lapin-on_lsym_g0.9,cosip_beta0.5,1000,0.4,200,5,9,0.432295,0.391002,0.054054,23.660452
108_cosip_beta0.5_lapin-on_lsym_g0.9,cosip_beta0.5,1000,0.4,200,5,10,0.324128,0.362027,0.030303,18.988124
109_cosip_beta1_lapin-off_-_g0.3,cosip_beta1,1000,0.4,200,5,1,0.32571,0.373148,0.093023,18.428337
109_cosip_beta1_lapin-off_-_g0.3,cosip_beta1,1000,0.4,200,5,2,0.201502,0.248341,0.235294,16.860212
109_cosip_beta1_lapin-off_-_g0.3,cosip_beta1,1000,0.4,200,5,3,0.276016,0.302175,0.289474,20.210975
109_cosip_beta1_lapin-off_-_g0.3,cosip_beta1,1000,0.4,200,5,4,0.311003,0.313088,0.057143,14.848058
109_cosip_beta1_lapin-off_-_g0.3,cosip_beta1,1000,0.4,200,5,5,0.271894,0.296178,0.114286,15.484477
109_cosip_beta1_lapin-off_-_g0.3,cosip_beta1,1000,0.4,200,5,6,0.311814,0.353006,0.166667,16.052338
109_cosip_beta1_lapin-off_-_g0.3,cosip_beta1,1000,0.4,200,5,7,0.302973,0.322061,0.085714,15.208097
109_cosip_beta1_lapin-off_-_g0.3,cosip_beta1,1000,0.4,200,5,8,0.277349,0.340964,0.055556,14.764491
109_cosip_beta1_lapin-off_-_g0.3,cosip_beta1,1000,0.4,200,5,9,0.336248,0.322185,0.216216,18.368946
109_cosip_beta1_lapin-off_-_g0.3,cosip_beta1,1000,0.4,200,5,10,0.335959,0.385693,0.060606,13.957337
110_cosip_beta1_lapin-off_-_g0.5,cosip_beta1,1000,0.4,200,5,1,0.398528,0.414637,0.093023,18.428337
110_cosip_beta1_lapin-off_-_g0.5,cosip_beta1,1000,0.4,200,5,2,0.359645,0.314572,0.235294,16.860212
110_cosip_beta1_lapin-off_-_g0.5,cosip_beta1,1000,0.4,200,5,3,0.357614,0.343679,0.289474,20.210975
110_cosip_beta1_lapin-off_-_g0.5,cosip_beta1,1000,0.4,200,5,4,0.409203,0.387423,0.057143,14.848058
110_cosip_beta1_lapin-off_-_g0.5,cosip_beta1,1000,0.4,200,5,5,0.388968,0.35585,0.114286,15.484477
110_cosip_beta1_lapin-off_-_g0.5,cosip_beta1,1000,0.4,200,5,6,0.442759,0.421318,0.166667,16.052338
110_cosip_beta1_lapin-off_-_g0.5,cosip_beta1,1000,0.4,200,5,7,0.40293,0.379648,0.085714,15.208097
110_cosip_beta1_lapin-off_-_g0.5,cosip_beta1,1000,0.4,200,5,8,0.406372,0.39127,0.055556,14.764491
110_cosip_beta1_lapin-off_-_g0.5,cosip_beta1,1000,0.4,200,5,9,0.410148,0.331187,0.216216,18.368946
110_cosip_beta1_lapin-off_-_g0.5,cosip_beta1,1000,0.4,200,5,10,0.414873,0.434265,0.060606,13.957337
111_cosip_beta1_lapin-off_-_g0.6,cosip_beta1,1000,0.4,200,5,1,0.394315,0.407611,0.093023,18.428337
111_cosip_beta1_lapin-off_-_g0.6,cosip_beta1,1000,0.4,200,5,2,0.383526,0.340283,0.235294,16.860212
111_cosip_beta1_lapin-off_-_g0.6,cosip_beta1,1000,0.4,200,5,3,0.404609,0.352744,0.289474,20.210975
111_cosip_beta1_lapin-off_-_g0.6,cosip_beta1,1000,0.4,200,5,4,0.408212,0.389592,0.057143,14.848058
111_cosip_beta1_lapin-off_-_g0.6,cosip_beta1,1000,0.4,200,5,5,0.395497,0.367023,0.114286,15.484477
111_cosip_beta1_lapin-off_-_g0.6,cosip_beta1,1000,0.4,200,5,6,0.433676,0.402728,0.166667,16.052338
111_cosip_beta1_lapin-off_-_g0.6,cosip_beta1,1000,0.4,200,5,7,0.405595,0.399322,0.085714,15.208097
111_cosip_beta1_lapin-off_-_g0.6,cosip_beta1,1000,0.4,200,5,8,0.413142,0.409933,0.055556,14.764491
111_cosip_beta1_lapin-off_-_g0.6,cosip_beta1,1000,0.4,200,5,9,0.40633,0.347765,0.216216,18.368946
111_cosip_beta1_lapin-off_-_g0.6,cosip_beta1,1000,0.4,200,5,10,0.411846,0.431748,0.060606,13.957337
112_cosip_beta1_lapin-off_-_g0.7,cosip_beta1,1000,0.4,200,5,1,0.391232,0.398919,0.093023,18.428337
112_cosip_beta1_lapin-off_-_g0.7,cosip_beta1,1000,0.4,200,5,2,0.385043,0.345956,0.235294,16.860212
112_cosip_beta1_lapin-off_-_g0.7,cosip_beta1,1000,0.4,200,5,3,0.418784,0.34797,0.289474,20.210975
112_cosip_beta1_lapin-off_-_g0.7,cosip_beta1,1000,0.4,200,5,4,0.401877,0.379653,0.057143,14.848058
112_cosip_beta1_lapin-off_-_g0.7,cosip_beta1,1000,0.4,200,5,5,0.39669,0.368558,0.114286,15.484477
112_cosip_beta1_lapin-off_-_g0.7,cosip_beta1,1000,0.4,200,5,6,0.426749,0.386485,0.166667,16.052338
112_cosip_beta1_lapin-off_-_g0.7,cosip_beta1,1000,0.4,200,5,7,0.406542,0.394504,0.085714,15.208097
112_cosip_beta1_lapin-off_-_g0.7,cosip_beta1,1000,0.4,200,5,8,0.416922,0.399997,0.055556,14.764491
112_cosip_beta1_lapin-off_-_g0.7,cosip_beta1,1000,0.4,200,5,9,0.403765,0.352915,0.216216,18.368946
112_cosip_beta1_lapin-off_-_g0.7,cosip_beta1,1000,0.4,200,5,10,0.412905,0.425501,0.060606,13.957337
113_cosip_beta1_lapin-off_-_g0.8,cosip_beta1,1000,0.4,200,5,1,0.386634,0.38337,0.093023,18.428337
113_cosip_beta1_lapin-off_-_g0.8,cosip_beta1,1000,0.4,200,5,2,0.38195,0.346153,0.235294,16.860212
113_cosip_beta1_lapin-off_-_g0.8,cosip_beta1,1000,0.4,200,5,3,0.406077,0.338713,0.289474,20.210975
113_cosip_beta1_lapin-off_-_g0.8,cosip_beta1,1000,0.4,200,5,4,0.382931,0.371797,0.057143,14.848058
113_cosip_beta1_lapin-off_-_g0.8,cosip_beta1,1000,0.4,200,5,5,0.392543,0.374243,0.114286,15.484477
113_cosip_beta1_lapin-off_-_g0.8,cosip_beta1,1000,0.4,200,5,6,0.410973,0.373326,0.166667,16.052338
113_cosip_beta1_lapin-off_-_g0.8,cosip_beta1,1000,0.4,200,5,7,0.390164,0.389679,0.085714,15.208097
113_cosip_beta1_lapin-off_-_g0.8,cosip_beta1,1000,0.4,200,5,8,0.411957,0.386418,0.055556,14.764491
113_cosip_beta1_lapin-off_-_g0.8,cosip_beta1,1000,0.4,200,5,9,0.381482,0.354809,0.216216,18.368946
113_cosip_beta1_lapin-off_-_g0.8,cosip_beta1,1000,0.4,200,5,10,0.394788,0.40884,0.060606,13.957337
114_cosip_beta1_lapin-off_-_g0.9,cosip_beta1,1000,0.4,200,5,1,0.369077,0.375095,0.093023,18.428337
114_cosip_beta1_lapin-off_-_g0.9,cosip_beta1,1000,0.4,200,5,2,0.365726,0.333794,0.235294,16.860212
114_cosip_beta1_lapin-off_-_g0.9,cosip_beta1,1000,0.4,200,5,3,0.393261,0.341847,0.263158,20.210975
114_cosip_beta1_lapin-off_-_g0.9,cosip_beta1,1000,0.4,200,5,4,0.375948,0.363123,0.057143,14.848058
114_cosip_beta1_lapin-off_-_g0.9,cosip_beta1,1000,0.4,200,5,5,0.382207,0.375158,0.114286,15.484477
114_cosip_beta1_lapin-off_-_g0.9,cosip_beta1,1000,0.4,200,5,6,0.40032,0.356604,0.166667,16.052338
114_cosip_beta1_lapin-off_-_g0.9,cosip_beta1,1000,0.4,200,5,7,0.383343,0.386865,0.085714,15.208097
114_cosip_beta1_lapin-off_-_g0.9,cosip_beta1,1000,0.4,200,5,8,0.401489,0.3831,0.055556,14.764491
114_cosip_beta1_lapin-off_-_g0.9,cosip_beta1,1000,0.4,200,5,9,0.365824,0.348745,0.189189,18.368946
114_cosip_beta1_lapin-off_-_g0.9,cosip_beta1,1000,0.4,200,5,10,0.386721,0.392807,0.060606,13.957337
115_cosip_beta1_lapin-on_lsym_g0.3,cosip_beta1,1000,0.4,200,5,1,0.07685,0.149307,0.023256,26.771528
115_cosip_beta1_lapin-on_lsym_g0.3,cosip_beta1,1000,0.4,200,5,2,0.082037,0.126667,0.029412,22.160554
115_cosip_beta1_lapin-on_lsym_g0.3,cosip_beta1,1000,0.4,200,5,3,0.119638,0.197387,0.0,24.370057
115_cosip_beta1_lapin-on_lsym_g0.3,cosip_beta1,1000,0.4,200,5,4,0.042264,0.104562,0.057143,22.066024
115_cosip_beta1_lapin-on_lsym_g0.3,cosip_beta1,1000,0.4,200,5,5,0.083489,0.158104,0.0,21.817042
115_cosip_beta1_lapin-on_lsym_g0.3,cosip_beta1,1000,0.4,200,5,6,0.038426,0.111578,0.138889,18.16302
115_cosip_beta1_lapin-on_lsym_g0.3,cosip_beta1,1000,0.4,200,5,7,0.110527,0.219034,0.114286,18.542747
115_cosip_beta1_lapin-on_lsym_g0.3,cosip_beta1,1000,0.4,200,5,8,0.088469,0.197672,0.055556,19.96185
115_cosip_beta1_lapin-on_lsym_g0.3,cosip_beta1,1000,0.4,200,5,9,0.028151,0.079431,0.108108,24.84174
115_cosip_beta1_lapin-on_lsym_g0.3,cosip_beta1,1000,0.4,200,5,10,0.060294,0.10061,0.121212,21.621857
116_cosip_beta1_lapin-on_lsym_g0.5,cosip_beta1,1000,0.4,200,5,1,0.231217,0.274308,0.023256,26.771528
116_cosip_beta1_lapin-on_lsym_g0.5,cosip_beta1,1000,0.4,200,5,2,0.205266,0.21384,0.029412,22.160554
116_cosip_beta1_lapin-on_lsym_g0.5,cosip_beta1,1000,0.4,200,5,3,0.300704,0.327113,0.0,24.370057
116_cosip_beta1_lapin-on_lsym_g0.5,cosip_beta1,1000,0.4,200,5,4,0.168923,0.231487,0.057143,22.066024
116_cosip_beta1_lapin-on_lsym_g0.5,cosip_beta1,1000,0.4,200,5,5,0.21999,0.279449,0.0,21.817042
116_cosip_beta1_lapin-on_lsym_g0.5,cosip_beta1,1000,0.4,200,5,6,0.106656,0.224064,0.138889,18.16302
116_cosip_beta1_lapin-on_lsym_g0.5,cosip_beta1,1000,0.4,200,5,7,0.230074,0.321784,0.114286,18.542747
116_cosip_beta1_lapin-on_lsym_g0.5,cosip_beta1,1000,0.4,200,5,8,0.247749,0.298681,0.055556,19.96185
116_cosip_beta1_lapin-on_lsym_g0.5,cosip_beta1,1000,0.4,200,5,9,0.163906,0.207833,0.108108,24.84174
116_cosip_beta1_lapin-on_lsym_g0.5,cosip_beta1,1000,0.4,200,5,10,0.162852,0.247198,0.121212,21.621857
117_cosip_beta1_lapin-on_lsym_g0.6,cosip_beta1,1000,0.4,200,5,1,0.25305,0.304575,0.023256,26.771528
117_cosip_beta1_lapin-on_lsym_g0.6,cosip_beta1,1000,0.4,200,5,2,0.233895,0.277478,0.029412,22.160554
117_cosip_beta1_lapin-on_lsym_g0.6,cosip_beta1,1000,0.4,200,5,3,0.301472,0.349918,0.0,24.370057
117_cosip_beta1_lapin-on_lsym_g0.6,cosip_beta1,1000,0.4,200,5,4,0.232129,0.277479,0.057143,22.066024
117_cosip_beta1_lapin-on_lsym_g0.6,cosip_beta1,1000,0.4,200,5,5,0.246273,0.300693,0.0,21.817042
117_cosip_beta1_lapin-on_lsym_g0.6,cosip_beta1,1000,0.4,200,5,6,0.164855,0.265828,0.138889,18.16302
117_cosip_beta1_lapin-on_lsym_g0.6,cosip_beta1,1000,0.4,200,5,7,0.254661,0.343357,0.114286,18.542747
117_cosip_beta1_lapin-on_lsym_g0.6,cosip_beta1,1000,0.4,200,5,8,0.254085,0.31867,0.055556,19.96185
117_cosip_beta1_lapin-on_lsym_g0.6,cosip_beta1,1000,0.4,200,5,9,0.223229,0.238237,0.108108,24.84174
117_cosip_beta1_lapin-on_lsym_g0.6,cosip_beta1,1000,0.4,200,5,10,0.221972,0.275596,0.121212,21.621857
118_cosip_beta1_lapin-on_lsym_g0.7,cosip_beta1,1000,0.4,200,5,1,0.244333,0.323583,0.023256,26.771528
118_cosip_beta1_lapin-on_lsym_g0.7,cosip_beta1,1000,0.4,200,5,2,0.27879,0.317981,0.029412,22.160554
118_cosip_beta1_lapin-on_lsym_g0.7,cosip_beta1,1000,0.4,200,5,3,0.327636,0.360701,0.0,24.370057
118_cosip_beta1_lapin-on_lsym_g0.7,cosip_beta1,1000,0.4,200,5,4,0.26959,0.303544,0.057143,22.066024
118_cosip_beta1_lapin-on_lsym_g0.7,cosip_beta1,1000,0.4,200,5,5,0.278169,0.32016,0.0,21.817042
118_cosip_beta1_lapin-on_lsym_g0.7,cosip_beta1,1000,0.4,200,5,6,0.218029,0.297218,0.138889,18.16302
118_cosip_beta1_lapin-on_lsym_g0.7,cosip_beta1,1000,0.4,200,5,7,0.26322,0.343656,0.114286,18.542747
118_cosip_beta1_lapin-on_lsym_g0.7,cosip_beta1,1000,0.4,200,5,8,0.285677,0.329488,0.055556,19.96185
118_cosip_beta1_lapin-on_lsym_g0.7,cosip_beta1,1000,0.4,200,5,9,0.288638,0.271365,0.108108,24.84174
118_cosip_beta1_lapin-on_lsym_g0.7,cosip_beta1,1000,0.4,200,5,10,0.266104,0.286184,0.121212,21.621857
119_cosip_beta1_lapin-on_lsym_g0.8,cosip_beta1,1000,0.4,200,5,1,0.252411,0.327796,0.023256,26.771528
119_cosip_beta1_lapin-on_lsym_g0.8,cosip_beta1,1000,0.4,200,5,2,0.284064,0.327334,0.029412,22.160554
119_cosip_beta1_lapin-on_lsym_g0.8,cosip_beta1,1000,0.4,200,5,3,0.328365,0.35694,0.0,24.370057
119_cosip_beta1_lapin-on_lsym_g0.8,cosip_beta1,1000,0.4,200,5,4,0.282038,0.314542,0.057143,22.066024
119_cosip_beta1_lapin-on_lsym_g0.8,cosip_beta1,1000,0.4,200,5,5,0.303713,0.331475,0.0,21.817042
119_cosip_beta1_lapin-on_lsym_g0.8,cosip_beta1,1000,0.4,200,5,6,0.234652,0.325314,0.138889,18.16302
119_cosip_beta1_lapin-on_lsym_g0.8,cosip_beta1,1000,0.4,200,5,7,0.291378,0.353978,0.114286,18.542747
119_cosip_beta1_lapin-on_lsym_g0.8,cosip_beta1,1000,0.4,200,5,8,0.279779,0.333562,0.083333,19.96185
119_cosip_beta1_lapin-on_lsym_g0.8,cosip_beta1,1000,0.4,200,5,9,0.292198,0.304981,0.108108,24.84174
119_cosip_beta1_lapin-on_lsym_g0.8,cosip_beta1,1000,0.4,200,5,10,0.26884,0.284703,0.121212,21.621857
120_cosip_beta1_lapin-on_lsym_g0.9,cosip_beta1,1000,0.4,200,5,1,0.263171,0.32649,0.0,26.771528
120_cosip_beta1_lapin-on_lsym_g0.9,cosip_beta1,1000,0.4,200,5,2,0.2895,0.330547,0.029412,22.160554
120_cosip_beta1_lapin-on_lsym_g0.9,cosip_beta1,1000,0.4,200,5,3,0.347748,0.35969,0.0,24.370057
120_cosip_beta1_lapin-on_lsym_g0.9,cosip_beta1,1000,0.4,200,5,4,0.303884,0.327456,0.057143,22.066024
120_cosip_beta1_lapin-on_lsym_g0.9,cosip_beta1,1000,0.4,200,5,5,0.316177,0.348542,0.0,21.817042
120_cosip_beta1_lapin-on_lsym_g0.9,cosip_beta1,1000,0.4,200,5,6,0.240203,0.338262,0.138889,18.16302
120_cosip_beta1_lapin-on_lsym_g0.9,cosip_beta1,1000,0.4,200,5,7,0.292537,0.358433,0.114286,18.542747
120_cosip_beta1_lapin-on_lsym_g0.9,cosip_beta1,1000,0.4,200,5,8,0.28607,0.337199,0.083333,19.96185
120_cosip_beta1_lapin-on_lsym_g0.9,cosip_beta1,1000,0.4,200,5,9,0.306961,0.320875,0.108108,24.84174
120_cosip_beta1_lapin-on_lsym_g0.9,cosip_beta1,1000,0.4,200,5,10,0.275538,0.299562,0.121212,21.621857
001_default_lapin-off_-_g0.3,default,1000,0.4,200,5,1,0.034951,0.06866,0.209302,14.607906
001_default_lapin-off_-_g0.3,default,1000,0.4,200,5,2,0.158916,0.194615,0.0,14.897219
001_default_lapin-off_-_g0.3,default,1000,0.4,200,5,3,0.074885,0.107717,0.263158,12.710491
001_default_lapin-off_-_g0.3,default,1000,0.4,200,5,4,0.14227,0.153435,0.114286,13.992841
001_default_lapin-off_-_g0.3,default,1000,0.4,200,5,5,0.101008,0.102766,0.085714,14.305099
001_default_lapin-off_-_g0.3,default,1000,0.4,200,5,6,0.079052,0.103356,0.194444,13.54136
001_default_lapin-off_-_g0.3,default,1000,0.4,200,5,7,0.097807,0.103477,0.114286,13.701603
001_default_lapin-off_-_g0.3,default,1000,0.4,200,5,8,0.055523,0.078913,0.083333,14.18033
001_default_lapin-off_-_g0.3,default,1000,0.4,200,5,9,0.204265,0.207881,0.108108,14.235748
001_default_lapin-off_-_g0.3,default,1000,0.4,200,5,10,0.136405,0.146248,0.121212,12.896115
002_default_lapin-off_-_g0.5,default,1000,0.4,200,5,1,0.143158,0.229304,0.209302,14.607906
002_default_lapin-off_-_g0.5,default,1000,0.4,200,5,2,0.323073,0.350853,0.0,14.897219
002_default_lapin-off_-_g0.5,default,1000,0.4,200,5,3,0.143756,0.247136,0.263158,12.710491
002_default_lapin-off_-_g0.5,default,1000,0.4,200,5,4,0.304974,0.329021,0.114286,13.992841
002_default_lapin-off_-_g0.5,default,1000,0.4,200,5,5,0.207889,0.254352,0.085714,14.305099
002_default_lapin-off_-_g0.5,default,1000,0.4,200,5,6,0.1942,0.275121,0.194444,13.54136
002_default_lapin-off_-_g0.5,default,1000,0.4,200,5,7,0.184917,0.258167,0.114286,13.701603
002_default_lapin-off_-_g0.5,default,1000,0.4,200,5,8,0.136974,0.218128,0.083333,14.18033
002_default_lapin-off_-_g0.5,default,1000,0.4,200,5,9,0.352972,0.406109,0.108108,14.235748
002_default_lapin-off_-_g0.5,default,1000,0.4,200,5,10,0.240359,0.306215,0.121212,12.896115
003_default_lapin-off_-_g0.6,default,1000,0.4,200,5,1,0.192435,0.284527,0.209302,14.607906
003_default_lapin-off_-_g0.6,default,1000,0.4,200,5,2,0.353027,0.375749,0.0,14.897219
003_default_lapin-off_-_g0.6,default,1000,0.4,200,5,3,0.181019,0.294329,0.263158,12.710491
003_default_lapin-off_-_g0.6,default,1000,0.4,200,5,4,0.345472,0.366443,0.114286,13.992841
003_default_lapin-off_-_g0.6,default,1000,0.4,200,5,5,0.247258,0.308305,0.085714,14.305099
003_default_lapin-off_-_g0.6,default,1000,0.4,200,5,6,0.247471,0.340284,0.194444,13.54136
003_default_lapin-off_-_g0.6,default,1000,0.4,200,5,7,0.240566,0.330038,0.114286,13.701603
003_default_lapin-off_-_g0.6,default,1000,0.4,200,5,8,0.216111,0.269032,0.083333,14.18033
003_default_lapin-off_-_g0.6,default,1000,0.4,200,5,9,0.39665,0.429885,0.108108,14.235748
003_default_lapin-off_-_g0.6,default,1000,0.4,200,5,10,0.283252,0.345443,0.121212,12.896115
004_default_lapin-off_-_g0.7,default,1000,0.4,200,5,1,0.243674,0.315829,0.209302,14.607906
004_default_lapin-off_-_g0.7,default,1000,0.4,200,5,2,0.356136,0.384608,0.0,14.897219
004_default_lapin-off_-_g0.7,default,1000,0.4,200,5,3,0.186024,0.317019,0.263158,12.710491
004_default_lapin-off_-_g0.7,default,1000,0.4,200,5,4,0.343937,0.379407,0.114286,13.992841
004_default_lapin-off_-_g0.7,default,1000,0.4,200,5,5,0.286027,0.343332,0.085714,14.305099
004_default_lapin-off_-_g0.7,default,1000,0.4,200,5,6,0.255785,0.367117,0.194444,13.54136
004_default_lapin-off_-_g0.7,default,1000,0.4,200,5,7,0.318025,0.375906,0.114286,13.701603
004_default_lapin-off_-_g0.7,default,1000,0.4,200,5,8,0.271264,0.309114,0.083333,14.18033
004_default_lapin-off_-_g0.7,default,1000,0.4,200,5,9,0.401462,0.432532,0.108108,14.235748
004_default_lapin-off_-_g0.7,default,1000,0.4,200,5,10,0.278049,0.361228,0.121212,12.896115
005_default_lapin-off_-_g0.8,default,1000,0.4,200,5,1,0.254993,0.332047,0.209302,14.607906
005_default_lapin-off_-_g0.8,default,1000,0.4,200,5,2,0.353553,0.393347,0.0,14.897219
005_default_lapin-off_-_g0.8,default,1000,0.4,200,5,3,0.201383,0.329169,0.263158,12.710491
005_default_lapin-off_-_g0.8,default,1000,0.4,200,5,4,0.335291,0.379569,0.114286,13.992841
005_default_lapin-off_-_g0.8,default,1000,0.4,200,5,5,0.310546,0.368438,0.085714,14.305099
005_default_lapin-off_-_g0.8,default,1000,0.4,200,5,6,0.264864,0.368024,0.194444,13.54136
005_default_lapin-off_-_g0.8,default,1000,0.4,200,5,7,0.324764,0.396993,0.114286,13.701603
005_default_lapin-off_-_g0.8,default,1000,0.4,200,5,8,0.29433,0.326743,0.083333,14.18033
005_default_lapin-off_-_g0.8,default,1000,0.4,200,5,9,0.387061,0.418291,0.108108,14.235748
005_default_lapin-off_-_g0.8,default,1000,0.4,200,5,10,0.277101,0.371131,0.121212,12.896115
006_default_lapin-off_-_g0.9,default,1000,0.4,200,5,1,0.239492,0.341031,0.209302,14.607906
006_default_lapin-off_-_g0.9,default,1000,0.4,200,5,2,0.342742,0.384667,0.0,14.897219
006_default_lapin-off_-_g0.9,default,1000,0.4,200,5,3,0.199969,0.334889,0.263158,12.710491
006_default_lapin-off_-_g0.9,default,1000,0.4,200,5,4,0.329399,0.369519,0.114286,13.992841
006_default_lapin-off_-_g0.9,default,1000,0.4,200,5,5,0.296172,0.352339,0.085714,14.305099
006_default_lapin-off_-_g0.9,default,1000,0.4,200,5,6,0.261242,0.360692,0.194444,13.54136
006_default_lapin-off_-_g0.9,default,1000,0.4,200,5,7,0.33439,0.40099,0.114286,13.701603
006_default_lapin-off_-_g0.9,default,1000,0.4,200,5,8,0.288851,0.33321,0.083333,14.18033
006_default_lapin-off_-_g0.9,default,1000,0.4,200,5,9,0.361899,0.39103,0.108108,14.235748
006_default_lapin-off_-_g0.9,default,1000,0.4,200,5,10,0.251712,0.353167,0.121212,12.896115
007_default_lapin-on_lsym_g0.3,default,1000,0.4,200,5,1,0.010545,0.042591,0.302326,18.628557
007_default_lapin-on_lsym_g0.3,default,1000,0.4,200,5,2,0.046458,0.060583,0.147059,17.235051
007_default_lapin-on_lsym_g0.3,default,1000,0.4,200,5,3,0.020801,0.05658,0.289474,16.773598
007_default_lapin-on_lsym_g0.3,default,1000,0.4,200,5,4,0.018516,0.042758,0.171429,18.244796
007_default_lapin-on_lsym_g0.3,default,1000,0.4,200,5,5,0.066996,0.072102,0.142857,18.906864
007_default_lapin-on_lsym_g0.3,default,1000,0.4,200,5,6,0.005405,0.021479,0.25,16.612449
007_default_lapin-on_lsym_g0.3,default,1000,0.4,200,5,7,0.049566,0.066734,0.085714,19.460612
007_default_lapin-on_lsym_g0.3,default,1000,0.4,200,5,8,0.00523,0.035211,0.277778,15.246416
007_default_lapin-on_lsym_g0.3,default,1000,0.4,200,5,9,0.027206,0.028257,0.189189,18.449344
007_default_lapin-on_lsym_g0.3,default,1000,0.4,200,5,10,0.01068,0.038524,0.181818,16.868145
008_default_lapin-on_lsym_g0.5,default,1000,0.4,200,5,1,0.031941,0.173922,0.302326,18.628557
008_default_lapin-on_lsym_g0.5,default,1000,0.4,200,5,2,0.10643,0.157349,0.147059,17.235051
008_default_lapin-on_lsym_g0.5,default,1000,0.4,200,5,3,0.078705,0.195545,0.289474,16.773598
008_default_lapin-on_lsym_g0.5,default,1000,0.4,200,5,4,0.054765,0.150908,0.171429,18.244796
008_default_lapin-on_lsym_g0.5,default,1000,0.4,200,5,5,0.17889,0.257166,0.142857,18.906864
008_default_lapin-on_lsym_g0.5,default,1000,0.4,200,5,6,0.025271,0.102138,0.25,16.612449
008_default_lapin-on_lsym_g0.5,default,1000,0.4,200,5,7,0.099063,0.228293,0.085714,19.460612
008_default_lapin-on_lsym_g0.5,default,1000,0.4,200,5,8,0.04318,0.141446,0.277778,15.246416
008_default_lapin-on_lsym_g0.5,default,1000,0.4,200,5,9,0.070371,0.142131,0.189189,18.449344
008_default_lapin-on_lsym_g0.5,default,1000,0.4,200,5,10,0.056867,0.169166,0.181818,16.868145
009_default_lapin-on_lsym_g0.6,default,1000,0.4,200,5,1,0.105393,0.236579,0.302326,18.628557
009_default_lapin-on_lsym_g0.6,default,1000,0.4,200,5,2,0.129173,0.207078,0.147059,17.235051
009_default_lapin-on_lsym_g0.6,default,1000,0.4,200,5,3,0.10535,0.254206,0.289474,16.773598
009_default_lapin-on_lsym_g0.6,default,1000,0.4,200,5,4,0.099123,0.202333,0.171429,18.244796
009_default_lapin-on_lsym_g0.6,default,1000,0.4,200,5,5,0.248064,0.319202,0.142857,18.906864
009_default_lapin-on_lsym_g0.6,default,1000,0.4,200,5,6,0.029234,0.149492,0.25,16.612449
009_default_lapin-on_lsym_g0.6,default,1000,0.4,200,5,7,0.202562,0.296735,0.085714,19.460612
009_default_lapin-on_lsym_g0.6,default,1000,0.4,200,5,8,0.086201,0.191808,0.277778,15.246416
009_default_lapin-on_lsym_g0.6,default,1000,0.4,200,5,9,0.105648,0.206202,0.189189,18.449344
009_default_lapin-on_lsym_g0.6,default,1000,0.4,200,5,10,0.109696,0.226441,0.181818,16.868145
010_default_lapin-on_lsym_g0.7,default,1000,0.4,200,5,1,0.116303,0.263954,0.302326,18.628557
010_default_lapin-on_lsym_g0.7,default,1000,0.4,200,5,2,0.160456,0.244624,0.147059,17.235051
010_default_lapin-on_lsym_g0.7,default,1000,0.4,200,5,3,0.155092,0.293216,0.289474,16.773598
010_default_lapin-on_lsym_g0.7,default,1000,0.4,200,5,4,0.13746,0.236695,0.171429,18.244796
010_default_lapin-on_lsym_g0.7,default,1000,0.4,200,5,5,0.258549,0.341623,0.142857,18.906864
010_default_lapin-on_lsym_g0.7,default,1000,0.4,200,5,6,0.035261,0.192995,0.25,16.612449
010_default_lapin-on_lsym_g0.7,default,1000,0.4,200,5,7,0.262186,0.324059,0.085714,19.460612
010_default_lapin-on_lsym_g0.7,default,1000,0.4,200,5,8,0.092756,0.22445,0.277778,15.246416
010_default_lapin-on_lsym_g0.7,default,1000,0.4,200,5,9,0.134785,0.258625,0.189189,18.449344
010_default_lapin-on_lsym_g0.7,default,1000,0.4,200,5,10,0.1127,0.265891,0.181818,16.868145
011_default_lapin-on_lsym_g0.8,default,1000,0.4,200,5,1,0.136544,0.285381,0.302326,18.628557
011_default_lapin-on_lsym_g0.8,default,1000,0.4,200,5,2,0.156645,0.273821,0.147059,17.235051
011_default_lapin-on_lsym_g0.8,default,1000,0.4,200,5,3,0.180926,0.320641,0.289474,16.773598
011_default_lapin-on_lsym_g0.8,default,1000,0.4,200,5,4,0.173138,0.270985,0.171429,18.244796
011_default_lapin-on_lsym_g0.8,default,1000,0.4,200,5,5,0.264913,0.353212,0.142857,18.906864
011_default_lapin-on_lsym_g0.8,default,1000,0.4,200,5,6,0.06272,0.223914,0.25,16.612449
011_default_lapin-on_lsym_g0.8,default,1000,0.4,200,5,7,0.272961,0.341915,0.085714,19.460612
011_default_lapin-on_lsym_g0.8,default,1000,0.4,200,5,8,0.128941,0.24872,0.277778,15.246416
011_default_lapin-on_lsym_g0.8,default,1000,0.4,200,5,9,0.150017,0.288661,0.189189,18.449344
011_default_lapin-on_lsym_g0.8,default,1000,0.4,200,5,10,0.141725,0.286924,0.181818,16.868145
012_default_lapin-on_lsym_g0.9,default,1000,0.4,200,5,1,0.153579,0.292101,0.302326,18.628557
012_default_lapin-on_lsym_g0.9,default,1000,0.4,200,5,2,0.17631,0.284338,0.147059,17.235051
012_default_lapin-on_lsym_g0.9,default,1000,0.4,200,5,3,0.187968,0.32143,0.289474,16.773598
012_default_lapin-on_lsym_g0.9,default,1000,0.4,200,5,4,0.180342,0.286176,0.171429,18.244796
012_default_lapin-on_lsym_g0.9,default,1000,0.4,200,5,5,0.247789,0.347205,0.142857,18.906864
012_default_lapin-on_lsym_g0.9,default,1000,0.4,200,5,6,0.054722,0.231742,0.25,16.612449
012_default_lapin-on_lsym_g0.9,default,1000,0.4,200,5,7,0.276565,0.347625,0.085714,19.460612
012_default_lapin-on_lsym_g0.9,default,1000,0.4,200,5,8,0.154666,0.261868,0.277778,15.246416
012_default_lapin-on_lsym_g0.9,default,1000,0.4,200,5,9,0.152613,0.301463,0.189189,18.449344
012_default_lapin-on_lsym_g0.9,default,1000,0.4,200,5,10,0.155277,0.295713,0.181818,16.868145
025_dice_lapin-off_-_g0.3,dice,1000,0.4,200,5,1,0.306822,0.318434,0.162791,18.468943
025_dice_lapin-off_-_g0.3,dice,1000,0.4,200,5,2,0.31214,0.303419,0.470588,19.151736
025_dice_lapin-off_-_g0.3,dice,1000,0.4,200,5,3,0.390062,0.359501,0.289474,18.867864
025_dice_lapin-off_-_g0.3,dice,1000,0.4,200,5,4,0.307783,0.290715,0.371429,18.531571
025_dice_lapin-off_-_g0.3,dice,1000,0.4,200,5,5,0.339116,0.328227,0.257143,17.055286
025_dice_lapin-off_-_g0.3,dice,1000,0.4,200,5,6,0.392264,0.349832,0.277778,17.754049
025_dice_lapin-off_-_g0.3,dice,1000,0.4,200,5,7,0.371314,0.343727,0.2,16.403918
025_dice_lapin-off_-_g0.3,dice,1000,0.4,200,5,8,0.418656,0.388625,0.277778,20.102309
025_dice_lapin-off_-_g0.3,dice,1000,0.4,200,5,9,0.313386,0.277027,0.432432,22.017024
025_dice_lapin-off_-_g0.3,dice,1000,0.4,200,5,10,0.324519,0.286184,0.424242,17.273034
026_dice_lapin-off_-_g0.5,dice,1000,0.4,200,5,1,0.429122,0.386448,0.162791,18.468943
026_dice_lapin-off_-_g0.5,dice,1000,0.4,200,5,2,0.410933,0.343398,0.470588,19.151736
026_dice_lapin-off_-_g0.5,dice,1000,0.4,200,5,3,0.449493,0.37209,0.289474,18.867864
026_dice_lapin-off_-_g0.5,dice,1000,0.4,200,5,4,0.392839,0.362198,0.371429,18.531571
026_dice_lapin-off_-_g0.5,dice,1000,0.4,200,5,5,0.423963,0.373048,0.257143,17.055286
026_dice_lapin-off_-_g0.5,dice,1000,0.4,200,5,6,0.461826,0.373113,0.277778,17.754049
026_dice_lapin-off_-_g0.5,dice,1000,0.4,200,5,7,0.431001,0.383459,0.2,16.403918
026_dice_lapin-off_-_g0.5,dice,1000,0.4,200,5,8,0.480958,0.407396,0.277778,20.102309
026_dice_lapin-off_-_g0.5,dice,1000,0.4,200,5,9,0.398313,0.314985,0.432432,22.017024
026_dice_lapin-off_-_g0.5,dice,1000,0.4,200,5,10,0.403443,0.350655,0.424242,17.273034
027_dice_lapin-off_-_g0.6,dice,1000,0.4,200,5,1,0.426212,0.390288,0.162791,18.468943
027_dice_lapin-off_-_g0.6,dice,1000,0.4,200,5,2,0.409714,0.332952,0.470588,19.151736
027_dice_lapin-off_-_g0.6,dice,1000,0.4,200,5,3,0.447683,0.365475,0.289474,18.867864
027_dice_lapin-off_-_g0.6,dice,1000,0.4,200,5,4,0.412022,0.362306,0.371429,18.531571
027_dice_lapin-off_-_g0.6,dice,1000,0.4,200,5,5,0.414547,0.363342,0.257143,17.055286
027_dice_lapin-off_-_g0.6,dice,1000,0.4,200,5,6,0.444769,0.354398,0.277778,17.754049
027_dice_lapin-off_-_g0.6,dice,1000,0.4,200,5,7,0.404591,0.366869,0.2,16.403918
027_dice_lapin-off_-_g0.6,dice,1000,0.4,200,5,8,0.461629,0.39128,0.277778,20.102309
027_dice_lapin-off_-_g0.6,dice,1000,0.4,200,5,9,0.42066,0.31391,0.432432,22.017024
027_dice_lapin-off_-_g0.6,dice,1000,0.4,200,5,10,0.41958,0.347919,0.424242,17.273034
028_dice_lapin-off_-_g0.7,dice,1000,0.4,200,5,1,0.423546,0.381699,0.162791,18.468943
028_dice_lapin-off_-_g0.7,dice,1000,0.4,200,5,2,0.396551,0.319519,0.470588,19.151736
028_dice_lapin-off_-_g0.7,dice,1000,0.4,200,5,3,0.434217,0.345032,0.289474,18.867864
028_dice_lapin-off_-_g0.7,dice,1000,0.4,200,5,4,0.386292,0.343021,0.371429,18.531571
028_dice_lapin-off_-_g0.7,dice,1000,0.4,200,5,5,0.39735,0.351257,0.257143,17.055286
028_dice_lapin-off_-_g0.7,dice,1000,0.4,200,5,6,0.43024,0.342483,0.277778,17.754049
028_dice_lapin-off_-_g0.7,dice,1000,0.4,200,5,7,0.392253,0.370829,0.2,16.403918
028_dice_lapin-off_-_g0.7,dice,1000,0.4,200,5,8,0.442353,0.373612,0.277778,20.102309
028_dice_lapin-off_-_g0.7,dice,1000,0.4,200,5,9,0.40878,0.307841,0.432432,22.017024
028_dice_lapin-off_-_g0.7,dice,1000,0.4,200,5,10,0.378731,0.338468,0.424242,17.273034
029_dice_lapin-off_-_g0.8,dice,1000,0.4,200,5,1,0.409985,0.372772,0.162791,18.468943
029_dice_lapin-off_-_g0.8,dice,1000,0.4,200,5,2,0.381404,0.313277,0.470588,19.151736
029_dice_lapin-off_-_g0.8,dice,1000,0.4,200,5,3,0.438891,0.337861,0.289474,18.867864
029_dice_lapin-off_-_g0.8,dice,1000,0.4,200,5,4,0.375501,0.328633,0.371429,18.531571
029_dice_lapin-off_-_g0.8,dice,1000,0.4,200,5,5,0.391104,0.345369,0.257143,17.055286
029_dice_lapin-off_-_g0.8,dice,1000,0.4,200,5,6,0.417071,0.328877,0.277778,17.754049
029_dice_lapin-off_-_g0.8,dice,1000,0.4,200,5,7,0.378145,0.355455,0.171429,16.403918
029_dice_lapin-off_-_g0.8,dice,1000,0.4,200,5,8,0.401835,0.353869,0.277778,20.102309
029_dice_lapin-off_-_g0.8,dice,1000,0.4,200,5,9,0.381848,0.320179,0.405405,22.017024
029_dice_lapin-off_-_g0.8,dice,1000,0.4,200,5,10,0.361998,0.321269,0.424242,17.273034
030_dice_lapin-off_-_g0.9,dice,1000,0.4,200,5,1,0.396014,0.367626,0.139535,18.468943
030_dice_lapin-off_-_g0.9,dice,1000,0.4,200,5,2,0.358538,0.311451,0.441176,19.151736
030_dice_lapin-off_-_g0.9,dice,1000,0.4,200,5,3,0.416615,0.3431,0.289474,18.867864
030_dice_lapin-off_-_g0.9,dice,1000,0.4,200,5,4,0.356129,0.311501,0.371429,18.531571
030_dice_lapin-off_-_g0.9,dice,1000,0.4,200,5,5,0.385156,0.335928,0.171429,17.055286
030_dice_lapin-off_-_g0.9,dice,1000,0.4,200,5,6,0.384732,0.321757,0.277778,17.754049
030_dice_lapin-off_-_g0.9,dice,1000,0.4,200,5,7,0.356996,0.337044,0.171429,16.403918
030_dice_lapin-off_-_g0.9,dice,1000,0.4,200,5,8,0.38246,0.341866,0.277778,20.102309
030_dice_lapin-off_-_g0.9,dice,1000,0.4,200,5,9,0.347751,0.30851,0.351351,22.017024
030_dice_lapin-off_-_g0.9,dice,1000,0.4,200,5,10,0.33617,0.31958,0.424242,17.273034
031_dice_lapin-on_lsym_g0.3,dice,1000,0.4,200,5,1,0.101586,0.146882,0.186047,21.136153
031_dice_lapin-on_lsym_g0.3,dice,1000,0.4,200,5,2,0.147243,0.166754,0.117647,21.719944
031_dice_lapin-on_lsym_g0.3,dice,1000,0.4,200,5,3,0.052524,0.080467,0.026316,23.621319
031_dice_lapin-on_lsym_g0.3,dice,1000,0.4,200,5,4,0.185388,0.189447,0.057143,22.179239
031_dice_lapin-on_lsym_g0.3,dice,1000,0.4,200,5,5,0.138729,0.149947,0.171429,24.563892
031_dice_lapin-on_lsym_g0.3,dice,1000,0.4,200,5,6,0.16714,0.217399,0.111111,24.966368
031_dice_lapin-on_lsym_g0.3,dice,1000,0.4,200,5,7,0.094689,0.126768,0.142857,25.017703
031_dice_lapin-on_lsym_g0.3,dice,1000,0.4,200,5,8,0.167439,0.193893,0.111111,25.506438
031_dice_lapin-on_lsym_g0.3,dice,1000,0.4,200,5,9,0.386971,0.340267,0.0,23.86369
031_dice_lapin-on_lsym_g0.3,dice,1000,0.4,200,5,10,0.195592,0.217935,0.212121,23.985023
032_dice_lapin-on_lsym_g0.5,dice,1000,0.4,200,5,1,0.202191,0.261056,0.186047,21.136153
032_dice_lapin-on_lsym_g0.5,dice,1000,0.4,200,5,2,0.281391,0.271464,0.117647,21.719944
032_dice_lapin-on_lsym_g0.5,dice,1000,0.4,200,5,3,0.16722,0.191402,0.026316,23.621319
032_dice_lapin-on_lsym_g0.5,dice,1000,0.4,200,5,4,0.323947,0.291304,0.057143,22.179239
032_dice_lapin-on_lsym_g0.5,dice,1000,0.4,200,5,5,0.254204,0.220471,0.171429,24.563892
032_dice_lapin-on_lsym_g0.5,dice,1000,0.4,200,5,6,0.356563,0.317871,0.111111,24.966368
032_dice_lapin-on_lsym_g0.5,dice,1000,0.4,200,5,7,0.283078,0.246543,0.142857,25.017703
032_dice_lapin-on_lsym_g0.5,dice,1000,0.4,200,5,8,0.357591,0.338032,0.111111,25.506438
032_dice_lapin-on_lsym_g0.5,dice,1000,0.4,200,5,9,0.471046,0.452997,0.0,23.86369
032_dice_lapin-on_lsym_g0.5,dice,1000,0.4,200,5,10,0.33043,0.297946,0.212121,23.985023
033_dice_lapin-on_lsym_g0.6,dice,1000,0.4,200,5,1,0.223378,0.2791,0.186047,21.136153
033_dice_lapin-on_lsym_g0.6,dice,1000,0.4,200,5,2,0.358454,0.315421,0.117647,21.719944
033_dice_lapin-on_lsym_g0.6,dice,1000,0.4,200,5,3,0.241197,0.235856,0.026316,23.621319
033_dice_lapin-on_lsym_g0.6,dice,1000,0.4,200,5,4,0.355347,0.332344,0.057143,22.179239
033_dice_lapin-on_lsym_g0.6,dice,1000,0.4,200,5,5,0.334317,0.283272,0.171429,24.563892
033_dice_lapin-on_lsym_g0.6,dice,1000,0.4,200,5,6,0.399327,0.329453,0.111111,24.966368
033_dice_lapin-on_lsym_g0.6,dice,1000,0.4,200,5,7,0.332299,0.25716,0.142857,25.017703
033_dice_lapin-on_lsym_g0.6,dice,1000,0.4,200,5,8,0.400541,0.360505,0.111111,25.506438
033_dice_lapin-on_lsym_g0.6,dice,1000,0.4,200,5,9,0.471114,0.445325,0.0,23.86369
033_dice_lapin-on_lsym_g0.6,dice,1000,0.4,200,5,10,0.358252,0.342784,0.212121,23.985023
034_dice_lapin-on_lsym_g0.7,dice,1000,0.4,200,5,1,0.246109,0.292387,0.186047,21.136153
034_dice_lapin-on_lsym_g0.7,dice,1000,0.4,200,5,2,0.402501,0.358765,0.117647,21.719944
034_dice_lapin-on_lsym_g0.7,dice,1000,0.4,200,5,3,0.302057,0.271089,0.026316,23.621319
034_dice_lapin-on_lsym_g0.7,dice,1000,0.4,200,5,4,0.362461,0.348654,0.057143,22.179239
034_dice_lapin-on_lsym_g0.7,dice,1000,0.4,200,5,5,0.393257,0.307102,0.171429,24.563892
034_dice_lapin-on_lsym_g0.7,dice,1000,0.4,200,5,6,0.389719,0.340378,0.111111,24.966368
034_dice_lapin-on_lsym_g0.7,dice,1000,0.4,200,5,7,0.345992,0.292239,0.142857,25.017703
034_dice_lapin-on_lsym_g0.7,dice,1000,0.4,200,5,8,0.401027,0.374296,0.111111,25.506438
034_dice_lapin-on_lsym_g0.7,dice,1000,0.4,200,5,9,0.457096,0.439995,0.0,23.86369
034_dice_lapin-on_lsym_g0.7,dice,1000,0.4,200,5,10,0.395776,0.366036,0.212121,23.985023
035_dice_lapin-on_lsym_g0.8,dice,1000,0.4,200,5,1,0.255809,0.329079,0.186047,21.136153
035_dice_lapin-on_lsym_g0.8,dice,1000,0.4,200,5,2,0.40886,0.381653,0.117647,21.719944
035_dice_lapin-on_lsym_g0.8,dice,1000,0.4,200,5,3,0.298697,0.301172,0.026316,23.621319
035_dice_lapin-on_lsym_g0.8,dice,1000,0.4,200,5,4,0.377942,0.370041,0.057143,22.179239
035_dice_lapin-on_lsym_g0.8,dice,1000,0.4,200,5,5,0.382295,0.330675,0.171429,24.563892
035_dice_lapin-on_lsym_g0.8,dice,1000,0.4,200,5,6,0.394248,0.377256,0.111111,24.966368
035_dice_lapin-on_lsym_g0.8,dice,1000,0.4,200,5,7,0.353332,0.333618,0.142857,25.017703
035_dice_lapin-on_lsym_g0.8,dice,1000,0.4,200,5,8,0.417512,0.376931,0.111111,25.506438
035_dice_lapin-on_lsym_g0.8,dice,1000,0.4,200,5,9,0.446871,0.437458,0.0,23.86369
035_dice_lapin-on_lsym_g0.8,dice,1000,0.4,200,5,10,0.387407,0.3822,0.212121,23.985023
036_dice_lapin-on_lsym_g0.9,dice,1000,0.4,200,5,1,0.261277,0.341688,0.186047,21.136153
036_dice_lapin-on_lsym_g0.9,dice,1000,0.4,200,5,2,0.42785,0.386752,0.117647,21.719944
036_dice_lapin-on_lsym_g0.9,dice,1000,0.4,200,5,3,0.309341,0.331322,0.026316,23.621319
036_dice_lapin-on_lsym_g0.9,dice,1000,0.4,200,5,4,0.374809,0.376397,0.057143,22.179239
036_dice_lapin-on_lsym_g0.9,dice,1000,0.4,200,5,5,0.374699,0.351269,0.171429,24.563892
036_dice_lapin-on_lsym_g0.9,dice,1000,0.4,200,5,6,0.388766,0.382129,0.083333,24.966368
036_dice_lapin-on_lsym_g0.9,dice,1000,0.4,200,5,7,0.355661,0.361185,0.142857,25.017703
036_dice_lapin-on_lsym_g0.9,dice,1000,0.4,200,5,8,0.411267,0.385828,0.111111,25.506438
036_dice_lapin-on_lsym_g0.9,dice,1000,0.4,200,5,9,0.436665,0.428357,0.0,23.86369
036_dice_lapin-on_lsym_g0.9,dice,1000,0.4,200,5,10,0.363046,0.377063,0.212121,23.985023
049_ip_beta0_lapin-off_-_g0.3,ip_beta0,1000,0.4,200,5,1,0.248873,0.290609,0.046512,14.470012
049_ip_beta0_lapin-off_-_g0.3,ip_beta0,1000,0.4,200,5,2,0.392924,0.346565,0.058824,12.962429
049_ip_beta0_lapin-off_-_g0.3,ip_beta0,1000,0.4,200,5,3,0.260161,0.292753,0.026316,14.008082
049_ip_beta0_lapin-off_-_g0.3,ip_beta0,1000,0.4,200,5,4,0.376898,0.347087,0.085714,14.016074
049_ip_beta0_lapin-off_-_g0.3,ip_beta0,1000,0.4,200,5,5,0.3309,0.326133,0.028571,12.44635
049_ip_beta0_lapin-off_-_g0.3,ip_beta0,1000,0.4,200,5,6,0.350197,0.354667,0.055556,13.500456
049_ip_beta0_lapin-off_-_g0.3,ip_beta0,1000,0.4,200,5,7,0.391854,0.371772,0.028571,12.200209
049_ip_beta0_lapin-off_-_g0.3,ip_beta0,1000,0.4,200,5,8,0.268412,0.271685,0.138889,15.246713
049_ip_beta0_lapin-off_-_g0.3,ip_beta0,1000,0.4,200,5,9,0.357457,0.381728,0.0,14.115954
049_ip_beta0_lapin-off_-_g0.3,ip_beta0,1000,0.4,200,5,10,0.385159,0.382953,0.0,11.374051
050_ip_beta0_lapin-off_-_g0.5,ip_beta0,1000,0.4,200,5,1,0.401663,0.404631,0.046512,14.470012
050_ip_beta0_lapin-off_-_g0.5,ip_beta0,1000,0.4,200,5,2,0.513929,0.441982,0.058824,12.962429
050_ip_beta0_lapin-off_-_g0.5,ip_beta0,1000,0.4,200,5,3,0.427978,0.42754,0.026316,14.008082
050_ip_beta0_lapin-off_-_g0.5,ip_beta0,1000,0.4,200,5,4,0.480956,0.431978,0.085714,14.016074
050_ip_beta0_lapin-off_-_g0.5,ip_beta0,1000,0.4,200,5,5,0.450164,0.40954,0.028571,12.44635
050_ip_beta0_lapin-off_-_g0.5,ip_beta0,1000,0.4,200,5,6,0.477525,0.442881,0.055556,13.500456
050_ip_beta0_lapin-off_-_g0.5,ip_beta0,1000,0.4,200,5,7,0.470783,0.459815,0.028571,12.200209
050_ip_beta0_lapin-off_-_g0.5,ip_beta0,1000,0.4,200,5,8,0.418012,0.364607,0.138889,15.246713
050_ip_beta0_lapin-off_-_g0.5,ip_beta0,1000,0.4,200,5,9,0.445398,0.439447,0.0,14.115954
050_ip_beta0_lapin-off_-_g0.5,ip_beta0,1000,0.4,200,5,10,0.487207,0.486605,0.0,11.374051
051_ip_beta0_lapin-off_-_g0.6,ip_beta0,1000,0.4,200,5,1,0.437262,0.4443,0.046512,14.470012
051_ip_beta0_lapin-off_-_g0.6,ip_beta0,1000,0.4,200,5,2,0.516264,0.47161,0.058824,12.962429
051_ip_beta0_lapin-off_-_g0.6,ip_beta0,1000,0.4,200,5,3,0.441583,0.450637,0.026316,14.008082
051_ip_beta0_lapin-off_-_g0.6,ip_beta0,1000,0.4,200,5,4,0.505008,0.469898,0.085714,14.016074
051_ip_beta0_lapin-off_-_g0.6,ip_beta0,1000,0.4,200,5,5,0.453983,0.414955,0.028571,12.44635
051_ip_beta0_lapin-off_-_g0.6,ip_beta0,1000,0.4,200,5,6,0.477591,0.465207,0.055556,13.500456
051_ip_beta0_lapin-off_-_g0.6,ip_beta0,1000,0.4,200,5,7,0.47799,0.485418,0.028571,12.200209
051_ip_beta0_lapin-off_-_g0.6,ip_beta0,1000,0.4,200,5,8,0.447261,0.388916,0.138889,15.246713
051_ip_beta0_lapin-off_-_g0.6,ip_beta0,1000,0.4,200,5,9,0.435816,0.435498,0.0,14.115954
051_ip_beta0_lapin-off_-_g0.6,ip_beta0,1000,0.4,200,5,10,0.49559,0.494008,0.0,11.374051
052_ip_beta0_lapin-off_-_g0.7,ip_beta0,1000,0.4,200,5,1,0.438228,0.43974,0.046512,14.470012
052_ip_beta0_lapin-off_-_g0.7,ip_beta0,1000,0.4,200,5,2,0.512631,0.492888,0.058824,12.962429
052_ip_beta0_lapin-off_-_g0.7,ip_beta0,1000,0.4,200,5,3,0.449037,0.44114,0.026316,14.008082
052_ip_beta0_lapin-off_-_g0.7,ip_beta0,1000,0.4,200,5,4,0.497468,0.457542,0.085714,14.016074
052_ip_beta0_lapin-off_-_g0.7,ip_beta0,1000,0.4,200,5,5,0.443705,0.423927,0.028571,12.44635
052_ip_beta0_lapin-off_-_g0.7,ip_beta0,1000,0.4,200,5,6,0.475063,0.455403,0.055556,13.500456
052_ip_beta0_lapin-off_-_g0.7,ip_beta0,1000,0.4,200,5,7,0.485666,0.502104,0.028571,12.200209
052_ip_beta0_lapin-off_-_g0.7,ip_beta0,1000,0.4,200,5,8,0.457499,0.401348,0.138889,15.246713
052_ip_beta0_lapin-off_-_g0.7,ip_beta0,1000,0.4,200,5,9,0.453881,0.460753,0.0,14.115954
052_ip_beta0_lapin-off_-_g0.7,ip_beta0,1000,0.4,200,5,10,0.491206,0.494729,0.0,11.374051
053_ip_beta0_lapin-off_-_g0.8,ip_beta0,1000,0.4,200,5,1,0.42938,0.436045,0.046512,14.470012
053_ip_beta0_lapin-off_-_g0.8,ip_beta0,1000,0.4,200,5,2,0.500253,0.485255,0.058824,12.962429
053_ip_beta0_lapin-off_-_g0.8,ip_beta0,1000,0.4,200,5,3,0.455829,0.446559,0.026316,14.008082
053_ip_beta0_lapin-off_-_g0.8,ip_beta0,1000,0.4,200,5,4,0.48153,0.449757,0.085714,14.016074
053_ip_beta0_lapin-off_-_g0.8,ip_beta0,1000,0.4,200,5,5,0.45353,0.463162,0.028571,12.44635
053_ip_beta0_lapin-off_-_g0.8,ip_beta0,1000,0.4,200,5,6,0.468195,0.456865,0.055556,13.500456
053_ip_beta0_lapin-off_-_g0.8,ip_beta0,1000,0.4,200,5,7,0.489542,0.503197,0.028571,12.200209
053_ip_beta0_lapin-off_-_g0.8,ip_beta0,1000,0.4,200,5,8,0.432905,0.408131,0.138889,15.246713
053_ip_beta0_lapin-off_-_g0.8,ip_beta0,1000,0.4,200,5,9,0.448206,0.468351,0.0,14.115954
053_ip_beta0_lapin-off_-_g0.8,ip_beta0,1000,0.4,200,5,10,0.484026,0.482913,0.0,11.374051
054_ip_beta0_lapin-off_-_g0.9,ip_beta0,1000,0.4,200,5,1,0.424774,0.434779,0.046512,14.470012
054_ip_beta0_lapin-off_-_g0.9,ip_beta0,1000,0.4,200,5,2,0.495639,0.486989,0.058824,12.962429
054_ip_beta0_lapin-off_-_g0.9,ip_beta0,1000,0.4,200,5,3,0.429172,0.44499,0.026316,14.008082
054_ip_beta0_lapin-off_-_g0.9,ip_beta0,1000,0.4,200,5,4,0.464941,0.448456,0.085714,14.016074
054_ip_beta0_lapin-off_-_g0.9,ip_beta0,1000,0.4,200,5,5,0.445701,0.458883,0.028571,12.44635
054_ip_beta0_lapin-off_-_g0.9,ip_beta0,1000,0.4,200,5,6,0.456209,0.456789,0.055556,13.500456
054_ip_beta0_lapin-off_-_g0.9,ip_beta0,1000,0.4,200,5,7,0.482012,0.494081,0.028571,12.200209
054_ip_beta0_lapin-off_-_g0.9,ip_beta0,1000,0.4,200,5,8,0.422643,0.405147,0.138889,15.246713
054_ip_beta0_lapin-off_-_g0.9,ip_beta0,1000,0.4,200,5,9,0.445667,0.465394,0.0,14.115954
054_ip_beta0_lapin-off_-_g0.9,ip_beta0,1000,0.4,200,5,10,0.471532,0.469992,0.0,11.374051
055_ip_beta0_lapin-on_lsym_g0.3,ip_beta0,1000,0.4,200,5,1,0.19578,0.225806,0.209302,27.461285
055_ip_beta0_lapin-on_lsym_g0.3,ip_beta0,1000,0.4,200,5,2,0.133849,0.18696,0.617647,29.66334
055_ip_beta0_lapin-on_lsym_g0.3,ip_beta0,1000,0.4,200,5,3,0.148752,0.17299,0.473684,30.490809
055_ip_beta0_lapin-on_lsym_g0.3,ip_beta0,1000,0.4,200,5,4,0.189161,0.241073,0.6,30.77551
055_ip_beta0_lapin-on_lsym_g0.3,ip_beta0,1000,0.4,200,5,5,0.243761,0.316951,0.628571,31.085348
055_ip_beta0_lapin-on_lsym_g0.3,ip_beta0,1000,0.4,200,5,6,0.114449,0.161038,0.611111,32.144684
055_ip_beta0_lapin-on_lsym_g0.3,ip_beta0,1000,0.4,200,5,7,0.233462,0.216409,0.514286,28.835603
055_ip_beta0_lapin-on_lsym_g0.3,ip_beta0,1000,0.4,200,5,8,0.147849,0.206739,0.555556,30.720406
055_ip_beta0_lapin-on_lsym_g0.3,ip_beta0,1000,0.4,200,5,9,0.108498,0.139691,0.513514,30.834787
055_ip_beta0_lapin-on_lsym_g0.3,ip_beta0,1000,0.4,200,5,10,0.182349,0.221423,0.818182,31.297243
056_ip_beta0_lapin-on_lsym_g0.5,ip_beta0,1000,0.4,200,5,1,0.34306,0.338526,0.209302,27.461285
056_ip_beta0_lapin-on_lsym_g0.5,ip_beta0,1000,0.4,200,5,2,0.22815,0.288964,0.617647,29.66334
056_ip_beta0_lapin-on_lsym_g0.5,ip_beta0,1000,0.4,200,5,3,0.299182,0.287338,0.473684,30.490809
056_ip_beta0_lapin-on_lsym_g0.5,ip_beta0,1000,0.4,200,5,4,0.343077,0.342485,0.6,30.77551
056_ip_beta0_lapin-on_lsym_g0.5,ip_beta0,1000,0.4,200,5,5,0.374513,0.414773,0.628571,31.085348
056_ip_beta0_lapin-on_lsym_g0.5,ip_beta0,1000,0.4,200,5,6,0.237742,0.276789,0.611111,32.144684
056_ip_beta0_lapin-on_lsym_g0.5,ip_beta0,1000,0.4,200,5,7,0.397177,0.369581,0.514286,28.835603
056_ip_beta0_lapin-on_lsym_g0.5,ip_beta0,1000,0.4,200,5,8,0.260765,0.292338,0.555556,30.720406
056_ip_beta0_lapin-on_lsym_g0.5,ip_beta0,1000,0.4,200,5,9,0.223441,0.25449,0.513514,30.834787
056_ip_beta0_lapin-on_lsym_g0.5,ip_beta0,1000,0.4,200,5,10,0.245553,0.29151,0.818182,31.297243
057_ip_beta0_lapin-on_lsym_g0.6,ip_beta0,1000,0.4,200,5,1,0.379436,0.355186,0.209302,27.461285
057_ip_beta0_lapin-on_lsym_g0.6,ip_beta0,1000,0.4,200,5,2,0.284598,0.301466,0.617647,29.66334
057_ip_beta0_lapin-on_lsym_g0.6,ip_beta0,1000,0.4,200,5,3,0.355606,0.318003,0.473684,30.490809
057_ip_beta0_lapin-on_lsym_g0.6,ip_beta0,1000,0.4,200,5,4,0.3743,0.361958,0.6,30.77551
057_ip_beta0_lapin-on_lsym_g0.6,ip_beta0,1000,0.4,200,5,5,0.407796,0.410442,0.628571,31.085348
057_ip_beta0_lapin-on_lsym_g0.6,ip_beta0,1000,0.4,200,5,6,0.306772,0.320067,0.611111,32.144684
057_ip_beta0_lapin-on_lsym_g0.6,ip_beta0,1000,0.4,200,5,7,0.440942,0.424815,0.514286,28.835603
057_ip_beta0_lapin-on_lsym_g0.6,ip_beta0,1000,0.4,200,5,8,0.333172,0.317213,0.555556,30.720406
057_ip_beta0_lapin-on_lsym_g0.6,ip_beta0,1000,0.4,200,5,9,0.260795,0.293503,0.513514,30.834787
057_ip_beta0_lapin-on_lsym_g0.6,ip_beta0,1000,0.4,200,5,10,0.27822,0.331159,0.818182,31.297243
058_ip_beta0_lapin-on_lsym_g0.7,ip_beta0,1000,0.4,200,5,1,0.378093,0.373957,0.209302,27.461285
058_ip_beta0_lapin-on_lsym_g0.7,ip_beta0,1000,0.4,200,5,2,0.378251,0.36754,0.617647,29.66334
058_ip_beta0_lapin-on_lsym_g0.7,ip_beta0,1000,0.4,200,5,3,0.362278,0.360396,0.473684,30.490809
058_ip_beta0_lapin-on_lsym_g0.7,ip_beta0,1000,0.4,200,5,4,0.377228,0.390771,0.6,30.77551
058_ip_beta0_lapin-on_lsym_g0.7,ip_beta0,1000,0.4,200,5,5,0.38455,0.401718,0.628571,31.085348
058_ip_beta0_lapin-on_lsym_g0.7,ip_beta0,1000,0.4,200,5,6,0.360383,0.376861,0.611111,32.144684
058_ip_beta0_lapin-on_lsym_g0.7,ip_beta0,1000,0.4,200,5,7,0.453003,0.478648,0.514286,28.835603
058_ip_beta0_lapin-on_lsym_g0.7,ip_beta0,1000,0.4,200,5,8,0.341577,0.324603,0.555556,30.720406
058_ip_beta0_lapin-on_lsym_g0.7,ip_beta0,1000,0.4,200,5,9,0.315524,0.366005,0.513514,30.834787
058_ip_beta0_lapin-on_lsym_g0.7,ip_beta0,1000,0.4,200,5,10,0.337786,0.34589,0.818182,31.297243
059_ip_beta0_lapin-on_lsym_g0.8,ip_beta0,1000,0.4,200,5,1,0.365542,0.411914,0.209302,27.461285
059_ip_beta0_lapin-on_lsym_g0.8,ip_beta0,1000,0.4,200,5,2,0.420169,0.383371,0.617647,29.66334
059_ip_beta0_lapin-on_lsym_g0.8,ip_beta0,1000,0.4,200,5,3,0.383712,0.389166,0.473684,30.490809
059_ip_beta0_lapin-on_lsym_g0.8,ip_beta0,1000,0.4,200,5,4,0.372101,0.380215,0.571429,30.77551
059_ip_beta0_lapin-on_lsym_g0.8,ip_beta0,1000,0.4,200,5,5,0.371029,0.390471,0.628571,31.085348
059_ip_beta0_lapin-on_lsym_g0.8,ip_beta0,1000,0.4,200,5,6,0.351614,0.378925,0.611111,32.144684
059_ip_beta0_lapin-on_lsym_g0.8,ip_beta0,1000,0.4,200,5,7,0.445691,0.478991,0.514286,28.835603
059_ip_beta0_lapin-on_lsym_g0.8,ip_beta0,1000,0.4,200,5,8,0.334946,0.334976,0.555556,30.720406
059_ip_beta0_lapin-on_lsym_g0.8,ip_beta0,1000,0.4,200,5,9,0.3291,0.38041,0.486486,30.834787
059_ip_beta0_lapin-on_lsym_g0.8,ip_beta0,1000,0.4,200,5,10,0.351746,0.355418,0.818182,31.297243
060_ip_beta0_lapin-on_lsym_g0.9,ip_beta0,1000,0.4,200,5,1,0.367145,0.404585,0.209302,27.461285
060_ip_beta0_lapin-on_lsym_g0.9,ip_beta0,1000,0.4,200,5,2,0.399627,0.392634,0.617647,29.66334
060_ip_beta0_lapin-on_lsym_g0.9,ip_beta0,1000,0.4,200,5,3,0.381365,0.398973,0.447368,30.490809
060_ip_beta0_lapin-on_lsym_g0.9,ip_beta0,1000,0.4,200,5,4,0.366468,0.37504,0.571429,30.77551
060_ip_beta0_lapin-on_lsym_g0.9,ip_beta0,1000,0.4,200,5,5,0.351747,0.382416,0.628571,31.085348
060_ip_beta0_lapin-on_lsym_g0.9,ip_beta0,1000,0.4,200,5,6,0.319193,0.360833,0.611111,32.144684
060_ip_beta0_lapin-on_lsym_g0.9,ip_beta0,1000,0.4,200,5,7,0.431142,0.470605,0.514286,28.835603
060_ip_beta0_lapin-on_lsym_g0.9,ip_beta0,1000,0.4,200,5,8,0.340012,0.346965,0.555556,30.720406
060_ip_beta0_lapin-on_lsym_g0.9,ip_beta0,1000,0.4,200,5,9,0.301583,0.373697,0.486486,30.834787
060_ip_beta0_lapin-on_lsym_g0.9,ip_beta0,1000,0.4,200,5,10,0.356334,0.387255,0.818182,31.297243
061_ip_beta0.5_lapin-off_-_g0.3,ip_beta0.5,1000,0.4,200,5,1,0.13801,0.213929,0.069767,16.905926
061_ip_beta0.5_lapin-off_-_g0.3,ip_beta0.5,1000,0.4,200,5,2,0.229747,0.252817,0.176471,16.341612
061_ip_beta0.5_lapin-off_-_g0.3,ip_beta0.5,1000,0.4,200,5,3,0.307811,0.308167,0.052632,15.038463
061_ip_beta0.5_lapin-off_-_g0.3,ip_beta0.5,1000,0.4,200,5,4,0.306323,0.303987,0.057143,14.733261
061_ip_beta0.5_lapin-off_-_g0.3,ip_beta0.5,1000,0.4,200,5,5,0.276993,0.302281,0.085714,15.538179
061_ip_beta0.5_lapin-off_-_g0.3,ip_beta0.5,1000,0.4,200,5,6,0.301875,0.337129,0.083333,13.874254
061_ip_beta0.5_lapin-off_-_g0.3,ip_beta0.5,1000,0.4,200,5,7,0.273018,0.264557,0.057143,13.442769
061_ip_beta0.5_lapin-off_-_g0.3,ip_beta0.5,1000,0.4,200,5,8,0.225243,0.274951,0.111111,18.783209
061_ip_beta0.5_lapin-off_-_g0.3,ip_beta0.5,1000,0.4,200,5,9,0.337328,0.35014,0.027027,15.545952
061_ip_beta0.5_lapin-off_-_g0.3,ip_beta0.5,1000,0.4,200,5,10,0.367852,0.384897,0.060606,12.595417
062_ip_beta0.5_lapin-off_-_g0.5,ip_beta0.5,1000,0.4,200,5,1,0.30088,0.311425,0.069767,16.905926
062_ip_beta0.5_lapin-off_-_g0.5,ip_beta0.5,1000,0.4,200,5,2,0.378651,0.36136,0.176471,16.341612
062_ip_beta0.5_lapin-off_-_g0.5,ip_beta0.5,1000,0.4,200,5,3,0.455227,0.396499,0.052632,15.038463
062_ip_beta0.5_lapin-off_-_g0.5,ip_beta0.5,1000,0.4,200,5,4,0.396233,0.32307,0.057143,14.733261
062_ip_beta0.5_lapin-off_-_g0.5,ip_beta0.5,1000,0.4,200,5,5,0.390836,0.350639,0.085714,15.538179
062_ip_beta0.5_lapin-off_-_g0.5,ip_beta0.5,1000,0.4,200,5,6,0.437789,0.406902,0.083333,13.874254
062_ip_beta0.5_lapin-off_-_g0.5,ip_beta0.5,1000,0.4,200,5,7,0.378349,0.324603,0.057143,13.442769
062_ip_beta0.5_lapin-off_-_g0.5,ip_beta0.5,1000,0.4,200,5,8,0.401557,0.346324,0.111111,18.783209
062_ip_beta0.5_lapin-off_-_g0.5,ip_beta0.5,1000,0.4,200,5,9,0.437703,0.437003,0.027027,15.545952
062_ip_beta0.5_lapin-off_-_g0.5,ip_beta0.5,1000,0.4,200,5,10,0.456794,0.42878,0.060606,12.595417
063_ip_beta0.5_lapin-off_-_g0.6,ip_beta0.5,1000,0.4,200,5,1,0.355042,0.343068,0.069767,16.905926
063_ip_beta0.5_lapin-off_-_g0.6,ip_beta0.5,1000,0.4,200,5,2,0.443119,0.396759,0.176471,16.341612
063_ip_beta0.5_lapin-off_-_g0.6,ip_beta0.5,1000,0.4,200,5,3,0.464108,0.422163,0.052632,15.038463
063_ip_beta0.5_lapin-off_-_g0.6,ip_beta0.5,1000,0.4,200,5,4,0.397741,0.330187,0.057143,14.733261
063_ip_beta0.5_lapin-off_-_g0.6,ip_beta0.5,1000,0.4,200,5,5,0.410816,0.363267,0.085714,15.538179
063_ip_beta0.5_lapin-off_-_g0.6,ip_beta0.5,1000,0.4,200,5,6,0.451858,0.414294,0.083333,13.874254
063_ip_beta0.5_lapin-off_-_g0.6,ip_beta0.5,1000,0.4,200,5,7,0.438781,0.390578,0.057143,13.442769
063_ip_beta0.5_lapin-off_-_g0.6,ip_beta0.5,1000,0.4,200,5,8,0.408431,0.362558,0.111111,18.783209
063_ip_beta0.5_lapin-off_-_g0.6,ip_beta0.5,1000,0.4,200,5,9,0.43597,0.432924,0.027027,15.545952
063_ip_beta0.5_lapin-off_-_g0.6,ip_beta0.5,1000,0.4,200,5,10,0.464242,0.43467,0.060606,12.595417
064_ip_beta0.5_lapin-off_-_g0.7,ip_beta0.5,1000,0.4,200,5,1,0.375156,0.350361,0.069767,16.905926
064_ip_beta0.5_lapin-off_-_g0.7,ip_beta0.5,1000,0.4,200,5,2,0.450842,0.410285,0.176471,16.341612
064_ip_beta0.5_lapin-off_-_g0.7,ip_beta0.5,1000,0.4,200,5,3,0.476931,0.44045,0.052632,15.038463
064_ip_beta0.5_lapin-off_-_g0.7,ip_beta0.5,1000,0.4,200,5,4,0.41019,0.341518,0.057143,14.733261
064_ip_beta0.5_lapin-off_-_g0.7,ip_beta0.5,1000,0.4,200,5,5,0.412391,0.403416,0.085714,15.538179
064_ip_beta0.5_lapin-off_-_g0.7,ip_beta0.5,1000,0.4,200,5,6,0.443169,0.446961,0.083333,13.874254
064_ip_beta0.5_lapin-off_-_g0.7,ip_beta0.5,1000,0.4,200,5,7,0.449652,0.414354,0.057143,13.442769
064_ip_beta0.5_lapin-off_-_g0.7,ip_beta0.5,1000,0.4,200,5,8,0.414925,0.381004,0.111111,18.783209
064_ip_beta0.5_lapin-off_-_g0.7,ip_beta0.5,1000,0.4,200,5,9,0.440161,0.423905,0.027027,15.545952
064_ip_beta0.5_lapin-off_-_g0.7,ip_beta0.5,1000,0.4,200,5,10,0.456178,0.44644,0.060606,12.595417
065_ip_beta0.5_lapin-off_-_g0.8,ip_beta0.5,1000,0.4,200,5,1,0.388281,0.372698,0.069767,16.905926
065_ip_beta0.5_lapin-off_-_g0.8,ip_beta0.5,1000,0.4,200,5,2,0.453418,0.433514,0.176471,16.341612
065_ip_beta0.5_lapin-off_-_g0.8,ip_beta0.5,1000,0.4,200,5,3,0.473492,0.442032,0.052632,15.038463
065_ip_beta0.5_lapin-off_-_g0.8,ip_beta0.5,1000,0.4,200,5,4,0.389539,0.346352,0.057143,14.733261
065_ip_beta0.5_lapin-off_-_g0.8,ip_beta0.5,1000,0.4,200,5,5,0.410258,0.402368,0.085714,15.538179
065_ip_beta0.5_lapin-off_-_g0.8,ip_beta0.5,1000,0.4,200,5,6,0.423668,0.446419,0.055556,13.874254
065_ip_beta0.5_lapin-off_-_g0.8,ip_beta0.5,1000,0.4,200,5,7,0.443507,0.44136,0.057143,13.442769
065_ip_beta0.5_lapin-off_-_g0.8,ip_beta0.5,1000,0.4,200,5,8,0.429892,0.391376,0.111111,18.783209
065_ip_beta0.5_lapin-off_-_g0.8,ip_beta0.5,1000,0.4,200,5,9,0.434922,0.42218,0.027027,15.545952
065_ip_beta0.5_lapin-off_-_g0.8,ip_beta0.5,1000,0.4,200,5,10,0.44372,0.442375,0.060606,12.595417
066_ip_beta0.5_lapin-off_-_g0.9,ip_beta0.5,1000,0.4,200,5,1,0.378157,0.3981,0.069767,16.905926
066_ip_beta0.5_lapin-off_-_g0.9,ip_beta0.5,1000,0.4,200,5,2,0.440595,0.433678,0.176471,16.341612
066_ip_beta0.5_lapin-off_-_g0.9,ip_beta0.5,1000,0.4,200,5,3,0.455307,0.452448,0.052632,15.038463
066_ip_beta0.5_lapin-off_-_g0.9,ip_beta0.5,1000,0.4,200,5,4,0.411692,0.406964,0.057143,14.733261
066_ip_beta0.5_lapin-off_-_g0.9,ip_beta0.5,1000,0.4,200,5,5,0.408358,0.403842,0.085714,15.538179
066_ip_beta0.5_lapin-off_-_g0.9,ip_beta0.5,1000,0.4,200,5,6,0.423721,0.438643,0.027778,13.874254
066_ip_beta0.5_lapin-off_-_g0.9,ip_beta0.5,1000,0.4,200,5,7,0.431854,0.447896,0.028571,13.442769
066_ip_beta0.5_lapin-off_-_g0.9,ip_beta0.5,1000,0.4,200,5,8,0.411024,0.395993,0.111111,18.783209
066_ip_beta0.5_lapin-off_-_g0.9,ip_beta0.5,1000,0.4,200,5,9,0.43122,0.423521,0.027027,15.545952
066_ip_beta0.5_lapin-off_-_g0.9,ip_beta0.5,1000,0.4,200,5,10,0.434925,0.433442,0.030303,12.595417
067_ip_beta0.5_lapin-on_lsym_g0.3,ip_beta0.5,1000,0.4,200,5,1,0.135267,0.21205,0.418605,33.215339
067_ip_beta0.5_lapin-on_lsym_g0.3,ip_beta0.5,1000,0.4,200,5,2,0.117575,0.186904,0.588235,33.240116
067_ip_beta0.5_lapin-on_lsym_g0.3,ip_beta0.5,1000,0.4,200,5,3,0.094585,0.166598,0.342105,25.841131
067_ip_beta0.5_lapin-on_lsym_g0.3,ip_beta0.5,1000,0.4,200,5,4,0.140773,0.17879,0.542857,31.844212
067_ip_beta0.5_lapin-on_lsym_g0.3,ip_beta0.5,1000,0.4,200,5,5,0.135655,0.183945,0.857143,40.366147
067_ip_beta0.5_lapin-on_lsym_g0.3,ip_beta0.5,1000,0.4,200,5,6,0.133291,0.205445,0.333333,25.987804
067_ip_beta0.5_lapin-on_lsym_g0.3,ip_beta0.5,1000,0.4,200,5,7,0.178922,0.192941,0.514286,28.181096
067_ip_beta0.5_lapin-on_lsym_g0.3,ip_beta0.5,1000,0.4,200,5,8,0.12508,0.185868,0.222222,28.885666
067_ip_beta0.5_lapin-on_lsym_g0.3,ip_beta0.5,1000,0.4,200,5,9,0.047501,0.113928,0.594595,36.517736
067_ip_beta0.5_lapin-on_lsym_g0.3,ip_beta0.5,1000,0.4,200,5,10,0.096286,0.143418,0.515152,25.852657
068_ip_beta0.5_lapin-on_lsym_g0.5,ip_beta0.5,1000,0.4,200,5,1,0.240944,0.303932,0.418605,33.215339
068_ip_beta0.5_lapin-on_lsym_g0.5,ip_beta0.5,1000,0.4,200,5,2,0.200197,0.254389,0.588235,33.240116
068_ip_beta0.5_lapin-on_lsym_g0.5,ip_beta0.5,1000,0.4,200,5,3,0.185066,0.266082,0.342105,25.841131
068_ip_beta0.5_lapin-on_lsym_g0.5,ip_beta0.5,1000,0.4,200,5,4,0.24126,0.279717,0.542857,31.844212
068_ip_beta0.5_lapin-on_lsym_g0.5,ip_beta0.5,1000,0.4,200,5,5,0.267241,0.282157,0.857143,40.366147
068_ip_beta0.5_lapin-on_lsym_g0.5,ip_beta0.5,1000,0.4,200,5,6,0.247501,0.298112,0.333333,25.987804
068_ip_beta0.5_lapin-on_lsym_g0.5,ip_beta0.5,1000,0.4,200,5,7,0.295704,0.288716,0.514286,28.181096
068_ip_beta0.5_lapin-on_lsym_g0.5,ip_beta0.5,1000,0.4,200,5,8,0.243774,0.274764,0.222222,28.885666
068_ip_beta0.5_lapin-on_lsym_g0.5,ip_beta0.5,1000,0.4,200,5,9,0.178225,0.191544,0.594595,36.517736
068_ip_beta0.5_lapin-on_lsym_g0.5,ip_beta0.5,1000,0.4,200,5,10,0.18923,0.248145,0.515152,25.852657
069_ip_beta0.5_lapin-on_lsym_g0.6,ip_beta0.5,1000,0.4,200,5,1,0.290708,0.338168,0.418605,33.215339
069_ip_beta0.5_lapin-on_lsym_g0.6,ip_beta0.5,1000,0.4,200,5,2,0.253296,0.279624,0.588235,33.240116
069_ip_beta0.5_lapin-on_lsym_g0.6,ip_beta0.5,1000,0.4,200,5,3,0.263407,0.320834,0.342105,25.841131
069_ip_beta0.5_lapin-on_lsym_g0.6,ip_beta0.5,1000,0.4,200,5,4,0.309729,0.319955,0.542857,31.844212
069_ip_beta0.5_lapin-on_lsym_g0.6,ip_beta0.5,1000,0.4,200,5,5,0.310796,0.28688,0.857143,40.366147
069_ip_beta0.5_lapin-on_lsym_g0.6,ip_beta0.5,1000,0.4,200,5,6,0.312615,0.33233,0.333333,25.987804
069_ip_beta0.5_lapin-on_lsym_g0.6,ip_beta0.5,1000,0.4,200,5,7,0.335043,0.302949,0.514286,28.181096
069_ip_beta0.5_lapin-on_lsym_g0.6,ip_beta0.5,1000,0.4,200,5,8,0.331403,0.31725,0.222222,28.885666
069_ip_beta0.5_lapin-on_lsym_g0.6,ip_beta0.5,1000,0.4,200,5,9,0.205522,0.230418,0.594595,36.517736
069_ip_beta0.5_lapin-on_lsym_g0.6,ip_beta0.5,1000,0.4,200,5,10,0.219162,0.27576,0.515152,25.852657
070_ip_beta0.5_lapin-on_lsym_g0.7,ip_beta0.5,1000,0.4,200,5,1,0.301793,0.334669,0.418605,33.215339
070_ip_beta0.5_lapin-on_lsym_g0.7,ip_beta0.5,1000,0.4,200,5,2,0.307327,0.334064,0.588235,33.240116
070_ip_beta0.5_lapin-on_lsym_g0.7,ip_beta0.5,1000,0.4,200,5,3,0.289093,0.327695,0.342105,25.841131
070_ip_beta0.5_lapin-on_lsym_g0.7,ip_beta0.5,1000,0.4,200,5,4,0.345629,0.33621,0.542857,31.844212
070_ip_beta0.5_lapin-on_lsym_g0.7,ip_beta0.5,1000,0.4,200,5,5,0.310153,0.282589,0.857143,40.366147
070_ip_beta0.5_lapin-on_lsym_g0.7,ip_beta0.5,1000,0.4,200,5,6,0.334963,0.344959,0.333333,25.987804
070_ip_beta0.5_lapin-on_lsym_g0.7,ip_beta0.5,1000,0.4,200,5,7,0.34724,0.336668,0.514286,28.181096
070_ip_beta0.5_lapin-on_lsym_g0.7,ip_beta0.5,1000,0.4,200,5,8,0.347362,0.335391,0.222222,28.885666
070_ip_beta0.5_lapin-on_lsym_g0.7,ip_beta0.5,1000,0.4,200,5,9,0.209251,0.240588,0.594595,36.517736
070_ip_beta0.5_lapin-on_lsym_g0.7,ip_beta0.5,1000,0.4,200,5,10,0.261951,0.320146,0.515152,25.852657
071_ip_beta0.5_lapin-on_lsym_g0.8,ip_beta0.5,1000,0.4,200,5,1,0.308521,0.343907,0.395349,33.215339
071_ip_beta0.5_lapin-on_lsym_g0.8,ip_beta0.5,1000,0.4,200,5,2,0.354892,0.35809,0.588235,33.240116
071_ip_beta0.5_lapin-on_lsym_g0.8,ip_beta0.5,1000,0.4,200,5,3,0.284216,0.325478,0.315789,25.841131
071_ip_beta0.5_lapin-on_lsym_g0.8,ip_beta0.5,1000,0.4,200,5,4,0.375338,0.354488,0.542857,31.844212
071_ip_beta0.5_lapin-on_lsym_g0.8,ip_beta0.5,1000,0.4,200,5,5,0.328709,0.27829,0.828571,40.366147
071_ip_beta0.5_lapin-on_lsym_g0.8,ip_beta0.5,1000,0.4,200,5,6,0.366328,0.361905,0.333333,25.987804
071_ip_beta0.5_lapin-on_lsym_g0.8,ip_beta0.5,1000,0.4,200,5,7,0.338883,0.342409,0.485714,28.181096
071_ip_beta0.5_lapin-on_lsym_g0.8,ip_beta0.5,1000,0.4,200,5,8,0.338851,0.347041,0.222222,28.885666
071_ip_beta0.5_lapin-on_lsym_g0.8,ip_beta0.5,1000,0.4,200,5,9,0.191462,0.237707,0.540541,36.517736
071_ip_beta0.5_lapin-on_lsym_g0.8,ip_beta0.5,1000,0.4,200,5,10,0.280323,0.337404,0.515152,25.852657
072_ip_beta0.5_lapin-on_lsym_g0.9,ip_beta0.5,1000,0.4,200,5,1,0.292982,0.329246,0.395349,33.215339
072_ip_beta0.5_lapin-on_lsym_g0.9,ip_beta0.5,1000,0.4,200,5,2,0.35576,0.358182,0.588235,33.240116
072_ip_beta0.5_lapin-on_lsym_g0.9,ip_beta0.5,1000,0.4,200,5,3,0.286663,0.333873,0.315789,25.841131
072_ip_beta0.5_lapin-on_lsym_g0.9,ip_beta0.5,1000,0.4,200,5,4,0.354669,0.341276,0.542857,31.844212
072_ip_beta0.5_lapin-on_lsym_g0.9,ip_beta0.5,1000,0.4,200,5,5,0.310627,0.293967,0.828571,40.366147
072_ip_beta0.5_lapin-on_lsym_g0.9,ip_beta0.5,1000,0.4,200,5,6,0.367013,0.356965,0.333333,25.987804
072_ip_beta0.5_lapin-on_lsym_g0.9,ip_beta0.5,1000,0.4,200,5,7,0.347794,0.355788,0.457143,28.181096
072_ip_beta0.5_lapin-on_lsym_g0.9,ip_beta0.5,1000,0.4,200,5,8,0.355355,0.358928,0.222222,28.885666
072_ip_beta0.5_lapin-on_lsym_g0.9,ip_beta0.5,1000,0.4,200,5,9,0.177504,0.244027,0.540541,36.517736
072_ip_beta0.5_lapin-on_lsym_g0.9,ip_beta0.5,1000,0.4,200,5,10,0.292916,0.342988,0.515152,25.852657
073_ip_beta1_lapin-off_-_g0.3,ip_beta1,1000,0.4,200,5,1,0.119873,0.172668,0.046512,15.691276
073_ip_beta1_lapin-off_-_g0.3,ip_beta1,1000,0.4,200,5,2,0.22116,0.255434,0.088235,17.134282
073_ip_beta1_lapin-off_-_g0.3,ip_beta1,1000,0.4,200,5,3,0.171089,0.227653,0.078947,16.17046
073_ip_beta1_lapin-off_-_g0.3,ip_beta1,1000,0.4,200,5,4,0.181358,0.214243,0.114286,17.270663
073_ip_beta1_lapin-off_-_g0.3,ip_beta1,1000,0.4,200,5,5,0.136218,0.189321,0.028571,14.629218
073_ip_beta1_lapin-off_-_g0.3,ip_beta1,1000,0.4,200,5,6,0.217026,0.259877,0.055556,12.866331
073_ip_beta1_lapin-off_-_g0.3,ip_beta1,1000,0.4,200,5,7,0.140137,0.211029,0.114286,12.827151
073_ip_beta1_lapin-off_-_g0.3,ip_beta1,1000,0.4,200,5,8,0.157345,0.20642,0.222222,17.574956
073_ip_beta1_lapin-off_-_g0.3,ip_beta1,1000,0.4,200,5,9,0.177389,0.238599,0.027027,17.756558
073_ip_beta1_lapin-off_-_g0.3,ip_beta1,1000,0.4,200,5,10,0.243635,0.287942,0.060606,13.240512
074_ip_beta1_lapin-off_-_g0.5,ip_beta1,1000,0.4,200,5,1,0.272856,0.300328,0.046512,15.691276
074_ip_beta1_lapin-off_-_g0.5,ip_beta1,1000,0.4,200,5,2,0.401552,0.350995,0.088235,17.134282
074_ip_beta1_lapin-off_-_g0.5,ip_beta1,1000,0.4,200,5,3,0.308324,0.336056,0.078947,16.17046
074_ip_beta1_lapin-off_-_g0.5,ip_beta1,1000,0.4,200,5,4,0.377444,0.348793,0.114286,17.270663
074_ip_beta1_lapin-off_-_g0.5,ip_beta1,1000,0.4,200,5,5,0.30043,0.32831,0.028571,14.629218
074_ip_beta1_lapin-off_-_g0.5,ip_beta1,1000,0.4,200,5,6,0.359124,0.387776,0.055556,12.866331
074_ip_beta1_lapin-off_-_g0.5,ip_beta1,1000,0.4,200,5,7,0.255576,0.307271,0.114286,12.827151
074_ip_beta1_lapin-off_-_g0.5,ip_beta1,1000,0.4,200,5,8,0.326377,0.298712,0.222222,17.574956
074_ip_beta1_lapin-off_-_g0.5,ip_beta1,1000,0.4,200,5,9,0.363307,0.355778,0.027027,17.756558
074_ip_beta1_lapin-off_-_g0.5,ip_beta1,1000,0.4,200,5,10,0.34633,0.336102,0.060606,13.240512
075_ip_beta1_lapin-off_-_g0.6,ip_beta1,1000,0.4,200,5,1,0.330503,0.361815,0.046512,15.691276
075_ip_beta1_lapin-off_-_g0.6,ip_beta1,1000,0.4,200,5,2,0.409658,0.366324,0.088235,17.134282
075_ip_beta1_lapin-off_-_g0.6,ip_beta1,1000,0.4,200,5,3,0.38145,0.380139,0.078947,16.17046
075_ip_beta1_lapin-off_-_g0.6,ip_beta1,1000,0.4,200,5,4,0.397543,0.355329,0.114286,17.270663
075_ip_beta1_lapin-off_-_g0.6,ip_beta1,1000,0.4,200,5,5,0.297217,0.34256,0.028571,14.629218
075_ip_beta1_lapin-off_-_g0.6,ip_beta1,1000,0.4,200,5,6,0.344736,0.39854,0.055556,12.866331
075_ip_beta1_lapin-off_-_g0.6,ip_beta1,1000,0.4,200,5,7,0.297306,0.345122,0.114286,12.827151
075_ip_beta1_lapin-off_-_g0.6,ip_beta1,1000,0.4,200,5,8,0.411145,0.332042,0.222222,17.574956
075_ip_beta1_lapin-off_-_g0.6,ip_beta1,1000,0.4,200,5,9,0.38128,0.38975,0.027027,17.756558
075_ip_beta1_lapin-off_-_g0.6,ip_beta1,1000,0.4,200,5,10,0.373263,0.353276,0.060606,13.240512
076_ip_beta1_lapin-off_-_g0.7,ip_beta1,1000,0.4,200,5,1,0.370593,0.39073,0.046512,15.691276
076_ip_beta1_lapin-off_-_g0.7,ip_beta1,1000,0.4,200,5,2,0.41198,0.389353,0.088235,17.134282
076_ip_beta1_lapin-off_-_g0.7,ip_beta1,1000,0.4,200,5,3,0.411293,0.393812,0.078947,16.17046
076_ip_beta1_lapin-off_-_g0.7,ip_beta1,1000,0.4,200,5,4,0.387112,0.376148,0.114286,17.270663
076_ip_beta1_lapin-off_-_g0.7,ip_beta1,1000,0.4,200,5,5,0.320787,0.367147,0.028571,14.629218
076_ip_beta1_lapin-off_-_g0.7,ip_beta1,1000,0.4,200,5,6,0.357883,0.395513,0.055556,12.866331
076_ip_beta1_lapin-off_-_g0.7,ip_beta1,1000,0.4,200,5,7,0.303077,0.355617,0.114286,12.827151
076_ip_beta1_lapin-off_-_g0.7,ip_beta1,1000,0.4,200,5,8,0.446669,0.359789,0.222222,17.574956
076_ip_beta1_lapin-off_-_g0.7,ip_beta1,1000,0.4,200,5,9,0.379445,0.400394,0.027027,17.756558
076_ip_beta1_lapin-off_-_g0.7,ip_beta1,1000,0.4,200,5,10,0.375781,0.378334,0.060606,13.240512
077_ip_beta1_lapin-off_-_g0.8,ip_beta1,1000,0.4,200,5,1,0.380271,0.393884,0.046512,15.691276
077_ip_beta1_lapin-off_-_g0.8,ip_beta1,1000,0.4,200,5,2,0.406936,0.412769,0.088235,17.134282
077_ip_beta1_lapin-off_-_g0.8,ip_beta1,1000,0.4,200,5,3,0.406415,0.395969,0.078947,16.17046
077_ip_beta1_lapin-off_-_g0.8,ip_beta1,1000,0.4,200,5,4,0.388255,0.388215,0.114286,17.270663
077_ip_beta1_lapin-off_-_g0.8,ip_beta1,1000,0.4,200,5,5,0.343345,0.390904,0.028571,14.629218
077_ip_beta1_lapin-off_-_g0.8,ip_beta1,1000,0.4,200,5,6,0.371091,0.398222,0.055556,12.866331
077_ip_beta1_lapin-off_-_g0.8,ip_beta1,1000,0.4,200,5,7,0.320326,0.363326,0.114286,12.827151
077_ip_beta1_lapin-off_-_g0.8,ip_beta1,1000,0.4,200,5,8,0.436014,0.362607,0.222222,17.574956
077_ip_beta1_lapin-off_-_g0.8,ip_beta1,1000,0.4,200,5,9,0.388408,0.399408,0.027027,17.756558
077_ip_beta1_lapin-off_-_g0.8,ip_beta1,1000,0.4,200,5,10,0.364872,0.374249,0.060606,13.240512
078_ip_beta1_lapin-off_-_g0.9,ip_beta1,1000,0.4,200,5,1,0.37318,0.387198,0.046512,15.691276
078_ip_beta1_lapin-off_-_g0.9,ip_beta1,1000,0.4,200,5,2,0.40845,0.404452,0.088235,17.134282
078_ip_beta1_lapin-off_-_g0.9,ip_beta1,1000,0.4,200,5,3,0.403904,0.39896,0.078947,16.17046
078_ip_beta1_lapin-off_-_g0.9,ip_beta1,1000,0.4,200,5,4,0.380036,0.39046,0.114286,17.270663
078_ip_beta1_lapin-off_-_g0.9,ip_beta1,1000,0.4,200,5,5,0.339327,0.390701,0.028571,14.629218
078_ip_beta1_lapin-off_-_g0.9,ip_beta1,1000,0.4,200,5,6,0.367588,0.391789,0.055556,12.866331
078_ip_beta1_lapin-off_-_g0.9,ip_beta1,1000,0.4,200,5,7,0.313674,0.376341,0.114286,12.827151
078_ip_beta1_lapin-off_-_g0.9,ip_beta1,1000,0.4,200,5,8,0.407375,0.362159,0.222222,17.574956
078_ip_beta1_lapin-off_-_g0.9,ip_beta1,1000,0.4,200,5,9,0.384627,0.394808,0.027027,17.756558
078_ip_beta1_lapin-off_-_g0.9,ip_beta1,1000,0.4,200,5,10,0.358993,0.38572,0.060606,13.240512
079_ip_beta1_lapin-on_lsym_g0.3,ip_beta1,1000,0.4,200,5,1,0.068417,0.122908,0.302326,32.530732
079_ip_beta1_lapin-on_lsym_g0.3,ip_beta1,1000,0.4,200,5,2,0.080231,0.131788,0.558824,30.982969
079_ip_beta1_lapin-on_lsym_g0.3,ip_beta1,1000,0.4,200,5,3,0.146762,0.228961,0.447368,33.905033
079_ip_beta1_lapin-on_lsym_g0.3,ip_beta1,1000,0.4,200,5,4,0.134733,0.216226,0.542857,30.635105
079_ip_beta1_lapin-on_lsym_g0.3,ip_beta1,1000,0.4,200,5,5,0.064658,0.131087,0.342857,29.300135
079_ip_beta1_lapin-on_lsym_g0.3,ip_beta1,1000,0.4,200,5,6,0.042846,0.091349,0.388889,28.275607
079_ip_beta1_lapin-on_lsym_g0.3,ip_beta1,1000,0.4,200,5,7,0.081539,0.114311,0.485714,31.730111
079_ip_beta1_lapin-on_lsym_g0.3,ip_beta1,1000,0.4,200,5,8,0.060897,0.131881,0.611111,32.78234
079_ip_beta1_lapin-on_lsym_g0.3,ip_beta1,1000,0.4,200,5,9,0.046689,0.091701,0.486486,38.742002
079_ip_beta1_lapin-on_lsym_g0.3,ip_beta1,1000,0.4,200,5,10,0.058096,0.116185,0.363636,25.228306
080_ip_beta1_lapin-on_lsym_g0.5,ip_beta1,1000,0.4,200,5,1,0.170936,0.232432,0.302326,32.530732
080_ip_beta1_lapin-on_lsym_g0.5,ip_beta1,1000,0.4,200,5,2,0.153419,0.262047,0.558824,30.982969
080_ip_beta1_lapin-on_lsym_g0.5,ip_beta1,1000,0.4,200,5,3,0.27884,0.303063,0.447368,33.905033
080_ip_beta1_lapin-on_lsym_g0.5,ip_beta1,1000,0.4,200,5,4,0.208761,0.298238,0.542857,30.635105
080_ip_beta1_lapin-on_lsym_g0.5,ip_beta1,1000,0.4,200,5,5,0.143528,0.256386,0.342857,29.300135
080_ip_beta1_lapin-on_lsym_g0.5,ip_beta1,1000,0.4,200,5,6,0.067325,0.178299,0.388889,28.275607
080_ip_beta1_lapin-on_lsym_g0.5,ip_beta1,1000,0.4,200,5,7,0.214838,0.233829,0.485714,31.730111
080_ip_beta1_lapin-on_lsym_g0.5,ip_beta1,1000,0.4,200,5,8,0.185442,0.215028,0.611111,32.78234
080_ip_beta1_lapin-on_lsym_g0.5,ip_beta1,1000,0.4,200,5,9,0.128551,0.182077,0.486486,38.742002
080_ip_beta1_lapin-on_lsym_g0.5,ip_beta1,1000,0.4,200,5,10,0.118438,0.203418,0.363636,25.228306
081_ip_beta1_lapin-on_lsym_g0.6,ip_beta1,1000,0.4,200,5,1,0.203231,0.253951,0.302326,32.530732
081_ip_beta1_lapin-on_lsym_g0.6,ip_beta1,1000,0.4,200,5,2,0.252385,0.297911,0.558824,30.982969
081_ip_beta1_lapin-on_lsym_g0.6,ip_beta1,1000,0.4,200,5,3,0.312294,0.307131,0.447368,33.905033
081_ip_beta1_lapin-on_lsym_g0.6,ip_beta1,1000,0.4,200,5,4,0.263291,0.337129,0.542857,30.635105
081_ip_beta1_lapin-on_lsym_g0.6,ip_beta1,1000,0.4,200,5,5,0.183917,0.300724,0.342857,29.300135
081_ip_beta1_lapin-on_lsym_g0.6,ip_beta1,1000,0.4,200,5,6,0.127064,0.216494,0.388889,28.275607
081_ip_beta1_lapin-on_lsym_g0.6,ip_beta1,1000,0.4,200,5,7,0.247755,0.271585,0.485714,31.730111
081_ip_beta1_lapin-on_lsym_g0.6,ip_beta1,1000,0.4,200,5,8,0.265081,0.248238,0.611111,32.78234
081_ip_beta1_lapin-on_lsym_g0.6,ip_beta1,1000,0.4,200,5,9,0.193429,0.253591,0.486486,38.742002
081_ip_beta1_lapin-on_lsym_g0.6,ip_beta1,1000,0.4,200,5,10,0.17325,0.243987,0.363636,25.228306
082_ip_beta1_lapin-on_lsym_g0.7,ip_beta1,1000,0.4,200,5,1,0.221103,0.278005,0.302326,32.530732
082_ip_beta1_lapin-on_lsym_g0.7,ip_beta1,1000,0.4,200,5,2,0.274478,0.313055,0.558824,30.982969
082_ip_beta1_lapin-on_lsym_g0.7,ip_beta1,1000,0.4,200,5,3,0.316587,0.33914,0.447368,33.905033
082_ip_beta1_lapin-on_lsym_g0.7,ip_beta1,1000,0.4,200,5,4,0.283911,0.332694,0.542857,30.635105
082_ip_beta1_lapin-on_lsym_g0.7,ip_beta1,1000,0.4,200,5,5,0.212812,0.306767,0.342857,29.300135
082_ip_beta1_lapin-on_lsym_g0.7,ip_beta1,1000,0.4,200,5,6,0.201378,0.24553,0.388889,28.275607
082_ip_beta1_lapin-on_lsym_g0.7,ip_beta1,1000,0.4,200,5,7,0.285645,0.291378,0.485714,31.730111
082_ip_beta1_lapin-on_lsym_g0.7,ip_beta1,1000,0.4,200,5,8,0.326052,0.283317,0.611111,32.78234
082_ip_beta1_lapin-on_lsym_g0.7,ip_beta1,1000,0.4,200,5,9,0.236505,0.274651,0.486486,38.742002
082_ip_beta1_lapin-on_lsym_g0.7,ip_beta1,1000,0.4,200,5,10,0.181493,0.257254,0.363636,25.228306
083_ip_beta1_lapin-on_lsym_g0.8,ip_beta1,1000,0.4,200,5,1,0.26184,0.289554,0.255814,32.530732
083_ip_beta1_lapin-on_lsym_g0.8,ip_beta1,1000,0.4,200,5,2,0.270042,0.309584,0.529412,30.982969
083_ip_beta1_lapin-on_lsym_g0.8,ip_beta1,1000,0.4,200,5,3,0.341062,0.364854,0.421053,33.905033
083_ip_beta1_lapin-on_lsym_g0.8,ip_beta1,1000,0.4,200,5,4,0.298548,0.323577,0.514286,30.635105
083_ip_beta1_lapin-on_lsym_g0.8,ip_beta1,1000,0.4,200,5,5,0.217749,0.300725,0.342857,29.300135
083_ip_beta1_lapin-on_lsym_g0.8,ip_beta1,1000,0.4,200,5,6,0.236202,0.281219,0.388889,28.275607
083_ip_beta1_lapin-on_lsym_g0.8,ip_beta1,1000,0.4,200,5,7,0.29807,0.302938,0.485714,31.730111
083_ip_beta1_lapin-on_lsym_g0.8,ip_beta1,1000,0.4,200,5,8,0.303928,0.305577,0.611111,32.78234
083_ip_beta1_lapin-on_lsym_g0.8,ip_beta1,1000,0.4,200,5,9,0.255863,0.289758,0.486486,38.742002
083_ip_beta1_lapin-on_lsym_g0.8,ip_beta1,1000,0.4,200,5,10,0.229511,0.279827,0.363636,25.228306
084_ip_beta1_lapin-on_lsym_g0.9,ip_beta1,1000,0.4,200,5,1,0.246984,0.30255,0.255814,32.530732
084_ip_beta1_lapin-on_lsym_g0.9,ip_beta1,1000,0.4,200,5,2,0.267846,0.30841,0.5,30.982969
084_ip_beta1_lapin-on_lsym_g0.9,ip_beta1,1000,0.4,200,5,3,0.337569,0.356956,0.421053,33.905033
084_ip_beta1_lapin-on_lsym_g0.9,ip_beta1,1000,0.4,200,5,4,0.281075,0.313207,0.514286,30.635105
084_ip_beta1_lapin-on_lsym_g0.9,ip_beta1,1000,0.4,200,5,5,0.227392,0.297195,0.342857,29.300135
084_ip_beta1_lapin-on_lsym_g0.9,ip_beta1,1000,0.4,200,5,6,0.266907,0.300548,0.388889,28.275607
084_ip_beta1_lapin-on_lsym_g0.9,ip_beta1,1000,0.4,200,5,7,0.301741,0.321739,0.485714,31.730111
084_ip_beta1_lapin-on_lsym_g0.9,ip_beta1,1000,0.4,200,5,8,0.3076,0.304458,0.611111,32.78234
084_ip_beta1_lapin-on_lsym_g0.9,ip_beta1,1000,0.4,200,5,9,0.25927,0.299747,0.459459,38.742002
084_ip_beta1_lapin-on_lsym_g0.9,ip_beta1,1000,0.4,200,5,10,0.202202,0.289496,0.363636,25.228306
013_kul_lapin-off_-_g0.3,kul,1000,0.4,200,5,1,0.411253,0.392914,0.162791,18.613398
013_kul_lapin-off_-_g0.3,kul,1000,0.4,200,5,2,0.379486,0.34934,0.294118,16.489951
013_kul_lapin-off_-_g0.3,kul,1000,0.4,200,5,3,0.431081,0.372745,0.157895,17.336024
013_kul_lapin-off_-_g0.3,kul,1000,0.4,200,5,4,0.354862,0.325416,0.314286,19.323243
013_kul_lapin-off_-_g0.3,kul,1000,0.4,200,5,5,0.335418,0.306036,0.314286,17.829568
013_kul_lapin-off_-_g0.3,kul,1000,0.4,200,5,6,0.381632,0.335604,0.333333,17.652392
013_kul_lapin-off_-_g0.3,kul,1000,0.4,200,5,7,0.387075,0.373368,0.285714,18.002885
013_kul_lapin-off_-_g0.3,kul,1000,0.4,200,5,8,0.406518,0.337295,0.305556,17.688147
013_kul_lapin-off_-_g0.3,kul,1000,0.4,200,5,9,0.341227,0.331412,0.378378,20.419654
013_kul_lapin-off_-_g0.3,kul,1000,0.4,200,5,10,0.342855,0.331431,0.333333,16.771996
014_kul_lapin-off_-_g0.5,kul,1000,0.4,200,5,1,0.481545,0.411363,0.162791,18.613398
014_kul_lapin-off_-_g0.5,kul,1000,0.4,200,5,2,0.422062,0.364431,0.294118,16.489951
014_kul_lapin-off_-_g0.5,kul,1000,0.4,200,5,3,0.469357,0.380195,0.157895,17.336024
014_kul_lapin-off_-_g0.5,kul,1000,0.4,200,5,4,0.41106,0.347375,0.314286,19.323243
014_kul_lapin-off_-_g0.5,kul,1000,0.4,200,5,5,0.439473,0.345702,0.314286,17.829568
014_kul_lapin-off_-_g0.5,kul,1000,0.4,200,5,6,0.439034,0.338446,0.333333,17.652392
014_kul_lapin-off_-_g0.5,kul,1000,0.4,200,5,7,0.433532,0.399695,0.285714,18.002885
014_kul_lapin-off_-_g0.5,kul,1000,0.4,200,5,8,0.480411,0.350107,0.305556,17.688147
014_kul_lapin-off_-_g0.5,kul,1000,0.4,200,5,9,0.438557,0.356442,0.378378,20.419654
014_kul_lapin-off_-_g0.5,kul,1000,0.4,200,5,10,0.409372,0.360951,0.333333,16.771996
015_kul_lapin-off_-_g0.6,kul,1000,0.4,200,5,1,0.473521,0.405674,0.162791,18.613398
015_kul_lapin-off_-_g0.6,kul,1000,0.4,200,5,2,0.410205,0.369888,0.294118,16.489951
015_kul_lapin-off_-_g0.6,kul,1000,0.4,200,5,3,0.471842,0.378725,0.157895,17.336024
015_kul_lapin-off_-_g0.6,kul,1000,0.4,200,5,4,0.421959,0.360625,0.314286,19.323243
015_kul_lapin-off_-_g0.6,kul,1000,0.4,200,5,5,0.461885,0.364033,0.314286,17.829568
015_kul_lapin-off_-_g0.6,kul,1000,0.4,200,5,6,0.446117,0.331878,0.333333,17.652392
015_kul_lapin-off_-_g0.6,kul,1000,0.4,200,5,7,0.424297,0.381495,0.285714,18.002885
015_kul_lapin-off_-_g0.6,kul,1000,0.4,200,5,8,0.461528,0.347635,0.305556,17.688147
015_kul_lapin-off_-_g0.6,kul,1000,0.4,200,5,9,0.448537,0.349529,0.378378,20.419654
015_kul_lapin-off_-_g0.6,kul,1000,0.4,200,5,10,0.40709,0.358079,0.333333,16.771996
016_kul_lapin-off_-_g0.7,kul,1000,0.4,200,5,1,0.454104,0.396974,0.162791,18.613398
016_kul_lapin-off_-_g0.7,kul,1000,0.4,200,5,2,0.401746,0.361865,0.294118,16.489951
016_kul_lapin-off_-_g0.7,kul,1000,0.4,200,5,3,0.466214,0.381314,0.157895,17.336024
016_kul_lapin-off_-_g0.7,kul,1000,0.4,200,5,4,0.392746,0.342361,0.314286,19.323243
016_kul_lapin-off_-_g0.7,kul,1000,0.4,200,5,5,0.442984,0.357991,0.314286,17.829568
016_kul_lapin-off_-_g0.7,kul,1000,0.4,200,5,6,0.43989,0.342176,0.333333,17.652392
016_kul_lapin-off_-_g0.7,kul,1000,0.4,200,5,7,0.404265,0.365635,0.285714,18.002885
016_kul_lapin-off_-_g0.7,kul,1000,0.4,200,5,8,0.461048,0.356472,0.305556,17.688147
016_kul_lapin-off_-_g0.7,kul,1000,0.4,200,5,9,0.4221,0.345891,0.378378,20.419654
016_kul_lapin-off_-_g0.7,kul,1000,0.4,200,5,10,0.390897,0.338258,0.333333,16.771996
017_kul_lapin-off_-_g0.8,kul,1000,0.4,200,5,1,0.434492,0.388059,0.162791,18.613398
017_kul_lapin-off_-_g0.8,kul,1000,0.4,200,5,2,0.393123,0.347819,0.294118,16.489951
017_kul_lapin-off_-_g0.8,kul,1000,0.4,200,5,3,0.448648,0.368209,0.157895,17.336024
017_kul_lapin-off_-_g0.8,kul,1000,0.4,200,5,4,0.376253,0.318711,0.314286,19.323243
017_kul_lapin-off_-_g0.8,kul,1000,0.4,200,5,5,0.435024,0.354402,0.314286,17.829568
017_kul_lapin-off_-_g0.8,kul,1000,0.4,200,5,6,0.396907,0.332992,0.333333,17.652392
017_kul_lapin-off_-_g0.8,kul,1000,0.4,200,5,7,0.386287,0.349367,0.285714,18.002885
017_kul_lapin-off_-_g0.8,kul,1000,0.4,200,5,8,0.443793,0.349133,0.305556,17.688147
017_kul_lapin-off_-_g0.8,kul,1000,0.4,200,5,9,0.399316,0.345629,0.378378,20.419654
017_kul_lapin-off_-_g0.8,kul,1000,0.4,200,5,10,0.355084,0.325635,0.333333,16.771996
018_kul_lapin-off_-_g0.9,kul,1000,0.4,200,5,1,0.422398,0.388381,0.162791,18.613398
018_kul_lapin-off_-_g0.9,kul,1000,0.4,200,5,2,0.365339,0.335941,0.264706,16.489951
018_kul_lapin-off_-_g0.9,kul,1000,0.4,200,5,3,0.428246,0.367257,0.157895,17.336024
018_kul_lapin-off_-_g0.9,kul,1000,0.4,200,5,4,0.364881,0.305033,0.314286,19.323243
018_kul_lapin-off_-_g0.9,kul,1000,0.4,200,5,5,0.411231,0.344511,0.314286,17.829568
018_kul_lapin-off_-_g0.9,kul,1000,0.4,200,5,6,0.369489,0.332843,0.333333,17.652392
018_kul_lapin-off_-_g0.9,kul,1000,0.4,200,5,7,0.361484,0.347371,0.285714,18.002885
018_kul_lapin-off_-_g0.9,kul,1000,0.4,200,5,8,0.404711,0.346862,0.305556,17.688147
018_kul_lapin-off_-_g0.9,kul,1000,0.4,200,5,9,0.387407,0.334286,0.351351,20.419654
018_kul_lapin-off_-_g0.9,kul,1000,0.4,200,5,10,0.344509,0.314177,0.333333,16.771996
019_kul_lapin-on_lsym_g0.3,kul,1000,0.4,200,5,1,0.087225,0.153623,0.093023,22.508468
019_kul_lapin-on_lsym_g0.3,kul,1000,0.4,200,5,2,0.146958,0.151191,0.205882,24.460999
019_kul_lapin-on_lsym_g0.3,kul,1000,0.4,200,5,3,0.08913,0.137405,0.236842,28.927166
019_kul_lapin-on_lsym_g0.3,kul,1000,0.4,200,5,4,0.108135,0.14649,0.285714,27.745599
019_kul_lapin-on_lsym_g0.3,kul,1000,0.4,200,5,5,0.20347,0.220083,0.085714,23.909781
019_kul_lapin-on_lsym_g0.3,kul,1000,0.4,200,5,6,0.091867,0.136475,0.138889,24.025577
019_kul_lapin-on_lsym_g0.3,kul,1000,0.4,200,5,7,0.175409,0.169988,0.085714,22.584047
019_kul_lapin-on_lsym_g0.3,kul,1000,0.4,200,5,8,0.271648,0.294578,0.027778,20.495914
019_kul_lapin-on_lsym_g0.3,kul,1000,0.4,200,5,9,0.186937,0.210064,0.081081,24.157773
019_kul_lapin-on_lsym_g0.3,kul,1000,0.4,200,5,10,0.147286,0.202093,0.181818,22.059119
020_kul_lapin-on_lsym_g0.5,kul,1000,0.4,200,5,1,0.245864,0.29843,0.093023,22.508468
020_kul_lapin-on_lsym_g0.5,kul,1000,0.4,200,5,2,0.333496,0.256913,0.205882,24.460999
020_kul_lapin-on_lsym_g0.5,kul,1000,0.4,200,5,3,0.194056,0.236113,0.236842,28.927166
020_kul_lapin-on_lsym_g0.5,kul,1000,0.4,200,5,4,0.296688,0.280696,0.285714,27.745599
020_kul_lapin-on_lsym_g0.5,kul,1000,0.4,200,5,5,0.388322,0.357247,0.085714,23.909781
020_kul_lapin-on_lsym_g0.5,kul,1000,0.4,200,5,6,0.211896,0.265188,0.138889,24.025577
020_kul_lapin-on_lsym_g0.5,kul,1000,0.4,200,5,7,0.348475,0.285742,0.085714,22.584047
020_kul_lapin-on_lsym_g0.5,kul,1000,0.4,200,5,8,0.419784,0.396612,0.027778,20.495914
020_kul_lapin-on_lsym_g0.5,kul,1000,0.4,200,5,9,0.396511,0.384152,0.081081,24.157773
020_kul_lapin-on_lsym_g0.5,kul,1000,0.4,200,5,10,0.329102,0.324996,0.181818,22.059119
021_kul_lapin-on_lsym_g0.6,kul,1000,0.4,200,5,1,0.295082,0.329405,0.093023,22.508468
021_kul_lapin-on_lsym_g0.6,kul,1000,0.4,200,5,2,0.372944,0.275759,0.205882,24.460999
021_kul_lapin-on_lsym_g0.6,kul,1000,0.4,200,5,3,0.288486,0.280029,0.236842,28.927166
021_kul_lapin-on_lsym_g0.6,kul,1000,0.4,200,5,4,0.354488,0.304375,0.285714,27.745599
021_kul_lapin-on_lsym_g0.6,kul,1000,0.4,200,5,5,0.410122,0.37845,0.085714,23.909781
021_kul_lapin-on_lsym_g0.6,kul,1000,0.4,200,5,6,0.328277,0.335742,0.138889,24.025577
021_kul_lapin-on_lsym_g0.6,kul,1000,0.4,200,5,7,0.397208,0.321079,0.085714,22.584047
021_kul_lapin-on_lsym_g0.6,kul,1000,0.4,200,5,8,0.425664,0.412276,0.027778,20.495914
021_kul_lapin-on_lsym_g0.6,kul,1000,0.4,200,5,9,0.442174,0.415646,0.081081,24.157773
021_kul_lapin-on_lsym_g0.6,kul,1000,0.4,200,5,10,0.347207,0.336645,0.181818,22.059119
022_kul_lapin-on_lsym_g0.7,kul,1000,0.4,200,5,1,0.293388,0.357053,0.093023,22.508468
022_kul_lapin-on_lsym_g0.7,kul,1000,0.4,200,5,2,0.379057,0.306636,0.205882,24.460999
022_kul_lapin-on_lsym_g0.7,kul,1000,0.4,200,5,3,0.331761,0.296411,0.236842,28.927166
022_kul_lapin-on_lsym_g0.7,kul,1000,0.4,200,5,4,0.346228,0.304383,0.285714,27.745599
022_kul_lapin-on_lsym_g0.7,kul,1000,0.4,200,5,5,0.429847,0.401291,0.085714,23.909781
022_kul_lapin-on_lsym_g0.7,kul,1000,0.4,200,5,6,0.376687,0.37468,0.138889,24.025577
022_kul_lapin-on_lsym_g0.7,kul,1000,0.4,200,5,7,0.398242,0.372415,0.085714,22.584047
022_kul_lapin-on_lsym_g0.7,kul,1000,0.4,200,5,8,0.435548,0.411958,0.027778,20.495914
022_kul_lapin-on_lsym_g0.7,kul,1000,0.4,200,5,9,0.445321,0.41615,0.081081,24.157773
022_kul_lapin-on_lsym_g0.7,kul,1000,0.4,200,5,10,0.359636,0.363308,0.181818,22.059119
023_kul_lapin-on_lsym_g0.8,kul,1000,0.4,200,5,1,0.298833,0.360621,0.093023,22.508468
023_kul_lapin-on_lsym_g0.8,kul,1000,0.4,200,5,2,0.394795,0.325133,0.205882,24.460999
023_kul_lapin-on_lsym_g0.8,kul,1000,0.4,200,5,3,0.365749,0.322032,0.236842,28.927166
023_kul_lapin-on_lsym_g0.8,kul,1000,0.4,200,5,4,0.350731,0.34633,0.285714,27.745599
023_kul_lapin-on_lsym_g0.8,kul,1000,0.4,200,5,5,0.427099,0.39762,0.085714,23.909781
023_kul_lapin-on_lsym_g0.8,kul,1000,0.4,200,5,6,0.360792,0.371657,0.138889,24.025577
023_kul_lapin-on_lsym_g0.8,kul,1000,0.4,200,5,7,0.418082,0.394401,0.085714,22.584047
023_kul_lapin-on_lsym_g0.8,kul,1000,0.4,200,5,8,0.427103,0.419578,0.027778,20.495914
023_kul_lapin-on_lsym_g0.8,kul,1000,0.4,200,5,9,0.436009,0.405995,0.081081,24.157773
023_kul_lapin-on_lsym_g0.8,kul,1000,0.4,200,5,10,0.390386,0.390025,0.181818,22.059119
024_kul_lapin-on_lsym_g0.9,kul,1000,0.4,200,5,1,0.306459,0.361818,0.093023,22.508468
024_kul_lapin-on_lsym_g0.9,kul,1000,0.4,200,5,2,0.383695,0.331917,0.205882,24.460999
024_kul_lapin-on_lsym_g0.9,kul,1000,0.4,200,5,3,0.376126,0.35171,0.236842,28.927166
024_kul_lapin-on_lsym_g0.9,kul,1000,0.4,200,5,4,0.318487,0.34162,0.257143,27.745599
024_kul_lapin-on_lsym_g0.9,kul,1000,0.4,200,5,5,0.414081,0.40481,0.085714,23.909781
024_kul_lapin-on_lsym_g0.9,kul,1000,0.4,200,5,6,0.357906,0.365504,0.138889,24.025577
024_kul_lapin-on_lsym_g0.9,kul,1000,0.4,200,5,7,0.403906,0.395038,0.057143,22.584047
024_kul_lapin-on_lsym_g0.9,kul,1000,0.4,200,5,8,0.426771,0.41271,0.027778,20.495914
024_kul_lapin-on_lsym_g0.9,kul,1000,0.4,200,5,9,0.428532,0.397412,0.081081,24.157773
024_kul_lapin-on_lsym_g0.9,kul,1000,0.4,200,5,10,0.376995,0.384755,0.181818,22.059119
037_ochiai_lapin-off_-_g0.3,ochiai,1000,0.4,200,5,1,0.397352,0.341851,0.116279,18.229668
037_ochiai_lapin-off_-_g0.3,ochiai,1000,0.4,200,5,2,0.319487,0.319205,0.470588,19.540147
037_ochiai_lapin-off_-_g0.3,ochiai,1000,0.4,200,5,3,0.3572,0.335772,0.394737,20.082896
037_ochiai_lapin-off_-_g0.3,ochiai,1000,0.4,200,5,4,0.366466,0.319684,0.257143,17.610919
037_ochiai_lapin-off_-_g0.3,ochiai,1000,0.4,200,5,5,0.36876,0.33698,0.257143,16.858062
037_ochiai_lapin-off_-_g0.3,ochiai,1000,0.4,200,5,6,0.388143,0.334427,0.305556,18.571451
037_ochiai_lapin-off_-_g0.3,ochiai,1000,0.4,200,5,7,0.295382,0.320492,0.342857,19.446346
037_ochiai_lapin-off_-_g0.3,ochiai,1000,0.4,200,5,8,0.441719,0.415234,0.194444,18.817325
037_ochiai_lapin-off_-_g0.3,ochiai,1000,0.4,200,5,9,0.286085,0.249098,0.540541,22.236822
037_ochiai_lapin-off_-_g0.3,ochiai,1000,0.4,200,5,10,0.30612,0.281364,0.424242,17.397377
038_ochiai_lapin-off_-_g0.5,ochiai,1000,0.4,200,5,1,0.480132,0.407869,0.116279,18.229668
038_ochiai_lapin-off_-_g0.5,ochiai,1000,0.4,200,5,2,0.395738,0.347811,0.470588,19.540147
038_ochiai_lapin-off_-_g0.5,ochiai,1000,0.4,200,5,3,0.430662,0.353541,0.394737,20.082896
038_ochiai_lapin-off_-_g0.5,ochiai,1000,0.4,200,5,4,0.423617,0.338442,0.257143,17.610919
038_ochiai_lapin-off_-_g0.5,ochiai,1000,0.4,200,5,5,0.418395,0.351134,0.257143,16.858062
038_ochiai_lapin-off_-_g0.5,ochiai,1000,0.4,200,5,6,0.446736,0.355855,0.305556,18.571451
038_ochiai_lapin-off_-_g0.5,ochiai,1000,0.4,200,5,7,0.387714,0.360868,0.342857,19.446346
038_ochiai_lapin-off_-_g0.5,ochiai,1000,0.4,200,5,8,0.462919,0.416672,0.194444,18.817325
038_ochiai_lapin-off_-_g0.5,ochiai,1000,0.4,200,5,9,0.359863,0.290942,0.540541,22.236822
038_ochiai_lapin-off_-_g0.5,ochiai,1000,0.4,200,5,10,0.343615,0.304443,0.424242,17.397377
039_ochiai_lapin-off_-_g0.6,ochiai,1000,0.4,200,5,1,0.482206,0.40734,0.116279,18.229668
039_ochiai_lapin-off_-_g0.6,ochiai,1000,0.4,200,5,2,0.393005,0.334146,0.470588,19.540147
039_ochiai_lapin-off_-_g0.6,ochiai,1000,0.4,200,5,3,0.444482,0.344776,0.394737,20.082896
039_ochiai_lapin-off_-_g0.6,ochiai,1000,0.4,200,5,4,0.430169,0.356705,0.257143,17.610919
039_ochiai_lapin-off_-_g0.6,ochiai,1000,0.4,200,5,5,0.40959,0.341807,0.257143,16.858062
039_ochiai_lapin-off_-_g0.6,ochiai,1000,0.4,200,5,6,0.446087,0.349863,0.305556,18.571451
039_ochiai_lapin-off_-_g0.6,ochiai,1000,0.4,200,5,7,0.423034,0.351818,0.342857,19.446346
039_ochiai_lapin-off_-_g0.6,ochiai,1000,0.4,200,5,8,0.449586,0.398542,0.194444,18.817325
039_ochiai_lapin-off_-_g0.6,ochiai,1000,0.4,200,5,9,0.40616,0.293745,0.540541,22.236822
039_ochiai_lapin-off_-_g0.6,ochiai,1000,0.4,200,5,10,0.385194,0.31258,0.424242,17.397377
040_ochiai_lapin-off_-_g0.7,ochiai,1000,0.4,200,5,1,0.472958,0.40195,0.116279,18.229668
040_ochiai_lapin-off_-_g0.7,ochiai,1000,0.4,200,5,2,0.380841,0.319203,0.470588,19.540147
040_ochiai_lapin-off_-_g0.7,ochiai,1000,0.4,200,5,3,0.432977,0.344376,0.394737,20.082896
040_ochiai_lapin-off_-_g0.7,ochiai,1000,0.4,200,5,4,0.419104,0.366064,0.257143,17.610919
040_ochiai_lapin-off_-_g0.7,ochiai,1000,0.4,200,5,5,0.406216,0.339024,0.257143,16.858062
040_ochiai_lapin-off_-_g0.7,ochiai,1000,0.4,200,5,6,0.433395,0.348913,0.305556,18.571451
040_ochiai_lapin-off_-_g0.7,ochiai,1000,0.4,200,5,7,0.415665,0.341998,0.342857,19.446346
040_ochiai_lapin-off_-_g0.7,ochiai,1000,0.4,200,5,8,0.438518,0.383634,0.194444,18.817325
040_ochiai_lapin-off_-_g0.7,ochiai,1000,0.4,200,5,9,0.427965,0.290993,0.540541,22.236822
040_ochiai_lapin-off_-_g0.7,ochiai,1000,0.4,200,5,10,0.422446,0.327015,0.424242,17.397377
041_ochiai_lapin-off_-_g0.8,ochiai,1000,0.4,200,5,1,0.466544,0.392439,0.116279,18.229668
041_ochiai_lapin-off_-_g0.8,ochiai,1000,0.4,200,5,2,0.361465,0.301823,0.470588,19.540147
041_ochiai_lapin-off_-_g0.8,ochiai,1000,0.4,200,5,3,0.399833,0.33745,0.368421,20.082896
041_ochiai_lapin-off_-_g0.8,ochiai,1000,0.4,200,5,4,0.402205,0.342692,0.257143,17.610919
041_ochiai_lapin-off_-_g0.8,ochiai,1000,0.4,200,5,5,0.382807,0.329069,0.257143,16.858062
041_ochiai_lapin-off_-_g0.8,ochiai,1000,0.4,200,5,6,0.408797,0.340464,0.305556,18.571451
041_ochiai_lapin-off_-_g0.8,ochiai,1000,0.4,200,5,7,0.393447,0.327656,0.342857,19.446346
041_ochiai_lapin-off_-_g0.8,ochiai,1000,0.4,200,5,8,0.420382,0.36777,0.194444,18.817325
041_ochiai_lapin-off_-_g0.8,ochiai,1000,0.4,200,5,9,0.415223,0.29212,0.540541,22.236822
041_ochiai_lapin-off_-_g0.8,ochiai,1000,0.4,200,5,10,0.406387,0.31392,0.424242,17.397377
042_ochiai_lapin-off_-_g0.9,ochiai,1000,0.4,200,5,1,0.447821,0.386538,0.116279,18.229668
042_ochiai_lapin-off_-_g0.9,ochiai,1000,0.4,200,5,2,0.326189,0.293298,0.470588,19.540147
042_ochiai_lapin-off_-_g0.9,ochiai,1000,0.4,200,5,3,0.375303,0.315585,0.368421,20.082896
042_ochiai_lapin-off_-_g0.9,ochiai,1000,0.4,200,5,4,0.358097,0.34474,0.257143,17.610919
042_ochiai_lapin-off_-_g0.9,ochiai,1000,0.4,200,5,5,0.367359,0.314268,0.228571,16.858062
042_ochiai_lapin-off_-_g0.9,ochiai,1000,0.4,200,5,6,0.389572,0.327433,0.305556,18.571451
042_ochiai_lapin-off_-_g0.9,ochiai,1000,0.4,200,5,7,0.364898,0.331298,0.342857,19.446346
042_ochiai_lapin-off_-_g0.9,ochiai,1000,0.4,200,5,8,0.410913,0.355007,0.194444,18.817325
042_ochiai_lapin-off_-_g0.9,ochiai,1000,0.4,200,5,9,0.382657,0.288537,0.540541,22.236822
042_ochiai_lapin-off_-_g0.9,ochiai,1000,0.4,200,5,10,0.344619,0.321407,0.424242,17.397377
043_ochiai_lapin-on_lsym_g0.3,ochiai,1000,0.4,200,5,1,0.085621,0.137575,0.023256,25.858373
043_ochiai_lapin-on_lsym_g0.3,ochiai,1000,0.4,200,5,2,0.183517,0.203961,0.117647,22.278157
043_ochiai_lapin-on_lsym_g0.3,ochiai,1000,0.4,200,5,3,0.118282,0.158948,0.052632,21.661337
043_ochiai_lapin-on_lsym_g0.3,ochiai,1000,0.4,200,5,4,0.117961,0.132346,0.142857,25.008671
043_ochiai_lapin-on_lsym_g0.3,ochiai,1000,0.4,200,5,5,0.115394,0.140815,0.085714,23.426907
043_ochiai_lapin-on_lsym_g0.3,ochiai,1000,0.4,200,5,6,0.107708,0.130598,0.055556,23.131181
043_ochiai_lapin-on_lsym_g0.3,ochiai,1000,0.4,200,5,7,0.131514,0.177269,0.114286,24.302585
043_ochiai_lapin-on_lsym_g0.3,ochiai,1000,0.4,200,5,8,0.176601,0.173066,0.138889,26.361418
043_ochiai_lapin-on_lsym_g0.3,ochiai,1000,0.4,200,5,9,0.251937,0.259975,0.054054,25.080733
043_ochiai_lapin-on_lsym_g0.3,ochiai,1000,0.4,200,5,10,0.0797,0.144124,0.181818,21.272065
044_ochiai_lapin-on_lsym_g0.5,ochiai,1000,0.4,200,5,1,0.181172,0.236447,0.023256,25.858373
044_ochiai_lapin-on_lsym_g0.5,ochiai,1000,0.4,200,5,2,0.402799,0.315893,0.117647,22.278157
044_ochiai_lapin-on_lsym_g0.5,ochiai,1000,0.4,200,5,3,0.208045,0.260062,0.052632,21.661337
044_ochiai_lapin-on_lsym_g0.5,ochiai,1000,0.4,200,5,4,0.220442,0.230493,0.142857,25.008671
044_ochiai_lapin-on_lsym_g0.5,ochiai,1000,0.4,200,5,5,0.223751,0.224827,0.085714,23.426907
044_ochiai_lapin-on_lsym_g0.5,ochiai,1000,0.4,200,5,6,0.293612,0.292116,0.055556,23.131181
044_ochiai_lapin-on_lsym_g0.5,ochiai,1000,0.4,200,5,7,0.354634,0.286314,0.114286,24.302585
044_ochiai_lapin-on_lsym_g0.5,ochiai,1000,0.4,200,5,8,0.311714,0.260609,0.138889,26.361418
044_ochiai_lapin-on_lsym_g0.5,ochiai,1000,0.4,200,5,9,0.421806,0.339578,0.054054,25.080733
044_ochiai_lapin-on_lsym_g0.5,ochiai,1000,0.4,200,5,10,0.242374,0.277799,0.181818,21.272065
045_ochiai_lapin-on_lsym_g0.6,ochiai,1000,0.4,200,5,1,0.23827,0.273082,0.023256,25.858373
045_ochiai_lapin-on_lsym_g0.6,ochiai,1000,0.4,200,5,2,0.426274,0.392637,0.117647,22.278157
045_ochiai_lapin-on_lsym_g0.6,ochiai,1000,0.4,200,5,3,0.309681,0.335522,0.052632,21.661337
045_ochiai_lapin-on_lsym_g0.6,ochiai,1000,0.4,200,5,4,0.298622,0.2701,0.142857,25.008671
045_ochiai_lapin-on_lsym_g0.6,ochiai,1000,0.4,200,5,5,0.257791,0.259729,0.085714,23.426907
045_ochiai_lapin-on_lsym_g0.6,ochiai,1000,0.4,200,5,6,0.322694,0.311955,0.055556,23.131181
045_ochiai_lapin-on_lsym_g0.6,ochiai,1000,0.4,200,5,7,0.390847,0.33942,0.114286,24.302585
045_ochiai_lapin-on_lsym_g0.6,ochiai,1000,0.4,200,5,8,0.377504,0.32953,0.138889,26.361418
045_ochiai_lapin-on_lsym_g0.6,ochiai,1000,0.4,200,5,9,0.45336,0.374255,0.054054,25.080733
045_ochiai_lapin-on_lsym_g0.6,ochiai,1000,0.4,200,5,10,0.3229,0.305874,0.181818,21.272065
046_ochiai_lapin-on_lsym_g0.7,ochiai,1000,0.4,200,5,1,0.292249,0.316864,0.023256,25.858373
046_ochiai_lapin-on_lsym_g0.7,ochiai,1000,0.4,200,5,2,0.419846,0.382914,0.117647,22.278157
046_ochiai_lapin-on_lsym_g0.7,ochiai,1000,0.4,200,5,3,0.3253,0.361579,0.052632,21.661337
046_ochiai_lapin-on_lsym_g0.7,ochiai,1000,0.4,200,5,4,0.317067,0.279482,0.142857,25.008671
046_ochiai_lapin-on_lsym_g0.7,ochiai,1000,0.4,200,5,5,0.274463,0.271365,0.085714,23.426907
046_ochiai_lapin-on_lsym_g0.7,ochiai,1000,0.4,200,5,6,0.319863,0.336708,0.055556,23.131181
046_ochiai_lapin-on_lsym_g0.7,ochiai,1000,0.4,200,5,7,0.407396,0.366043,0.114286,24.302585
046_ochiai_lapin-on_lsym_g0.7,ochiai,1000,0.4,200,5,8,0.417346,0.346566,0.138889,26.361418
046_ochiai_lapin-on_lsym_g0.7,ochiai,1000,0.4,200,5,9,0.463607,0.417305,0.054054,25.080733
046_ochiai_lapin-on_lsym_g0.7,ochiai,1000,0.4,200,5,10,0.349535,0.335718,0.181818,21.272065
047_ochiai_lapin-on_lsym_g0.8,ochiai,1000,0.4,200,5,1,0.26998,0.325247,0.046512,25.858373
047_ochiai_lapin-on_lsym_g0.8,ochiai,1000,0.4,200,5,2,0.429583,0.387344,0.117647,22.278157
047_ochiai_lapin-on_lsym_g0.8,ochiai,1000,0.4,200,5,3,0.336278,0.376858,0.052632,21.661337
047_ochiai_lapin-on_lsym_g0.8,ochiai,1000,0.4,200,5,4,0.349043,0.311801,0.142857,25.008671
047_ochiai_lapin-on_lsym_g0.8,ochiai,1000,0.4,200,5,5,0.303529,0.320246,0.085714,23.426907
047_ochiai_lapin-on_lsym_g0.8,ochiai,1000,0.4,200,5,6,0.327403,0.350773,0.055556,23.131181
047_ochiai_lapin-on_lsym_g0.8,ochiai,1000,0.4,200,5,7,0.405438,0.363109,0.114286,24.302585
047_ochiai_lapin-on_lsym_g0.8,ochiai,1000,0.4,200,5,8,0.424345,0.35395,0.138889,26.361418
047_ochiai_lapin-on_lsym_g0.8,ochiai,1000,0.4,200,5,9,0.46009,0.425147,0.054054,25.080733
047_ochiai_lapin-on_lsym_g0.8,ochiai,1000,0.4,200,5,10,0.35806,0.334588,0.181818,21.272065
048_ochiai_lapin-on_lsym_g0.9,ochiai,1000,0.4,200,5,1,0.27853,0.343586,0.046512,25.858373
048_ochiai_lapin-on_lsym_g0.9,ochiai,1000,0.4,200,5,2,0.414182,0.373469,0.117647,22.278157
048_ochiai_lapin-on_lsym_g0.9,ochiai,1000,0.4,200,5,3,0.351649,0.383061,0.052632,21.661337
048_ochiai_lapin-on_lsym_g0.9,ochiai,1000,0.4,200,5,4,0.318912,0.337017,0.142857,25.008671
048_ochiai_lapin-on_lsym_g0.9,ochiai,1000,0.4,200,5,5,0.315116,0.351438,0.085714,23.426907
048_ochiai_lapin-on_lsym_g0.9,ochiai,1000,0.4,200,5,6,0.314051,0.363432,0.055556,23.131181
048_ochiai_lapin-on_lsym_g0.9,ochiai,1000,0.4,200,5,7,0.400752,0.372627,0.114286,24.302585
048_ochiai_lapin-on_lsym_g0.9,ochiai,1000,0.4,200,5,8,0.415062,0.371572,0.138889,26.361418
048_ochiai_lapin-on_lsym_g0.9,ochiai,1000,0.4,200,5,9,0.446684,0.431052,0.054054,25.080733
048_ochiai_lapin-on_lsym_g0.9,ochiai,1000,0.4,200,5,10,0.353958,0.368496,0.181818,21.272065
085_cosip_beta0_lapin-off_-_g0.3,cosip_beta0,1000,0.4,200,6,1,0.327662,0.33423,0.282051,19.002245
085_cosip_beta0_lapin-off_-_g0.3,cosip_beta0,1000,0.4,200,6,2,0.310239,0.307008,0.282051,19.045565
085_cosip_beta0_lapin-off_-_g0.3,cosip_beta0,1000,0.4,200,6,3,0.390456,0.359051,0.186047,18.973902
085_cosip_beta0_lapin-off_-_g0.3,cosip_beta0,1000,0.4,200,6,4,0.322686,0.303889,0.315789,19.478152
085_cosip_beta0_lapin-off_-_g0.3,cosip_beta0,1000,0.4,200,6,5,0.394298,0.363939,0.186047,18.597176
085_cosip_beta0_lapin-off_-_g0.3,cosip_beta0,1000,0.4,200,6,6,0.316265,0.336376,0.317073,19.846922
085_cosip_beta0_lapin-off_-_g0.3,cosip_beta0,1000,0.4,200,6,7,0.377784,0.327714,0.295455,21.45455
085_cosip_beta0_lapin-off_-_g0.3,cosip_beta0,1000,0.4,200,6,8,0.359731,0.340112,0.243243,17.775481
085_cosip_beta0_lapin-off_-_g0.3,cosip_beta0,1000,0.4,200,6,9,0.284824,0.298373,0.352941,17.620224
085_cosip_beta0_lapin-off_-_g0.3,cosip_beta0,1000,0.4,200,6,10,0.354437,0.332754,0.317073,20.362978
086_cosip_beta0_lapin-off_-_g0.5,cosip_beta0,1000,0.4,200,6,1,0.36701,0.349232,0.282051,19.002245
086_cosip_beta0_lapin-off_-_g0.5,cosip_beta0,1000,0.4,200,6,2,0.388104,0.322046,0.282051,19.045565
086_cosip_beta0_lapin-off_-_g0.5,cosip_beta0,1000,0.4,200,6,3,0.417952,0.360688,0.186047,18.973902
086_cosip_beta0_lapin-off_-_g0.5,cosip_beta0,1000,0.4,200,6,4,0.371983,0.327134,0.315789,19.478152
086_cosip_beta0_lapin-off_-_g0.5,cosip_beta0,1000,0.4,200,6,5,0.395464,0.350361,0.186047,18.597176
086_cosip_beta0_lapin-off_-_g0.5,cosip_beta0,1000,0.4,200,6,6,0.371933,0.351963,0.317073,19.846922
086_cosip_beta0_lapin-off_-_g0.5,cosip_beta0,1000,0.4,200,6,7,0.425976,0.370059,0.295455,21.45455
086_cosip_beta0_lapin-off_-_g0.5,cosip_beta0,1000,0.4,200,6,8,0.387493,0.354788,0.243243,17.775481
086_cosip_beta0_lapin-off_-_g0.5,cosip_beta0,1000,0.4,200,6,9,0.373262,0.330389,0.352941,17.620224
086_cosip_beta0_lapin-off_-_g0.5,cosip_beta0,1000,0.4,200,6,10,0.378396,0.318314,0.317073,20.362978
087_cosip_beta0_lapin-off_-_g0.6,cosip_beta0,1000,0.4,200,6,1,0.360396,0.339144,0.282051,19.002245
087_cosip_beta0_lapin-off_-_g0.6,cosip_beta0,1000,0.4,200,6,2,0.385411,0.320435,0.282051,19.045565
087_cosip_beta0_lapin-off_-_g0.6,cosip_beta0,1000,0.4,200,6,3,0.40266,0.345362,0.186047,18.973902
087_cosip_beta0_lapin-off_-_g0.6,cosip_beta0,1000,0.4,200,6,4,0.348713,0.314643,0.315789,19.478152
087_cosip_beta0_lapin-off_-_g0.6,cosip_beta0,1000,0.4,200,6,5,0.372192,0.328351,0.186047,18.597176
087_cosip_beta0_lapin-off_-_g0.6,cosip_beta0,1000,0.4,200,6,6,0.35008,0.339648,0.317073,19.846922
087_cosip_beta0_lapin-off_-_g0.6,cosip_beta0,1000,0.4,200,6,7,0.426314,0.362752,0.295455,21.45455
087_cosip_beta0_lapin-off_-_g0.6,cosip_beta0,1000,0.4,200,6,8,0.366939,0.343409,0.243243,17.775481
087_cosip_beta0_lapin-off_-_g0.6,cosip_beta0,1000,0.4,200,6,9,0.382368,0.327399,0.352941,17.620224
087_cosip_beta0_lapin-off_-_g0.6,cosip_beta0,1000,0.4,200,6,10,0.374246,0.318782,0.317073,20.362978
088_cosip_beta0_lapin-off_-_g0.7,cosip_beta0,1000,0.4,200,6,1,0.345855,0.318264,0.282051,19.002245
088_cosip_beta0_lapin-off_-_g0.7,cosip_beta0,1000,0.4,200,6,2,0.374314,0.306056,0.282051,19.045565
088_cosip_beta0_lapin-off_-_g0.7,cosip_beta0,1000,0.4,200,6,3,0.391396,0.32976,0.186047,18.973902
088_cosip_beta0_lapin-off_-_g0.7,cosip_beta0,1000,0.4,200,6,4,0.326642,0.294334,0.315789,19.478152
088_cosip_beta0_lapin-off_-_g0.7,cosip_beta0,1000,0.4,200,6,5,0.369486,0.321795,0.186047,18.597176
088_cosip_beta0_lapin-off_-_g0.7,cosip_beta0,1000,0.4,200,6,6,0.341605,0.315656,0.317073,19.846922
088_cosip_beta0_lapin-off_-_g0.7,cosip_beta0,1000,0.4,200,6,7,0.413157,0.349799,0.295455,21.45455
088_cosip_beta0_lapin-off_-_g0.7,cosip_beta0,1000,0.4,200,6,8,0.340957,0.328952,0.243243,17.775481
088_cosip_beta0_lapin-off_-_g0.7,cosip_beta0,1000,0.4,200,6,9,0.367496,0.31561,0.352941,17.620224
088_cosip_beta0_lapin-off_-_g0.7,cosip_beta0,1000,0.4,200,6,10,0.349407,0.304416,0.317073,20.362978
089_cosip_beta0_lapin-off_-_g0.8,cosip_beta0,1000,0.4,200,6,1,0.326454,0.293742,0.282051,19.002245
089_cosip_beta0_lapin-off_-_g0.8,cosip_beta0,1000,0.4,200,6,2,0.360773,0.295044,0.282051,19.045565
089_cosip_beta0_lapin-off_-_g0.8,cosip_beta0,1000,0.4,200,6,3,0.3727,0.315561,0.186047,18.973902
089_cosip_beta0_lapin-off_-_g0.8,cosip_beta0,1000,0.4,200,6,4,0.301422,0.271433,0.315789,19.478152
089_cosip_beta0_lapin-off_-_g0.8,cosip_beta0,1000,0.4,200,6,5,0.337879,0.307584,0.162791,18.597176
089_cosip_beta0_lapin-off_-_g0.8,cosip_beta0,1000,0.4,200,6,6,0.332167,0.30178,0.317073,19.846922
089_cosip_beta0_lapin-off_-_g0.8,cosip_beta0,1000,0.4,200,6,7,0.367645,0.327368,0.272727,21.45455
089_cosip_beta0_lapin-off_-_g0.8,cosip_beta0,1000,0.4,200,6,8,0.323587,0.31293,0.243243,17.775481
089_cosip_beta0_lapin-off_-_g0.8,cosip_beta0,1000,0.4,200,6,9,0.357116,0.29874,0.352941,17.620224
089_cosip_beta0_lapin-off_-_g0.8,cosip_beta0,1000,0.4,200,6,10,0.32464,0.294679,0.292683,20.362978
090_cosip_beta0_lapin-off_-_g0.9,cosip_beta0,1000,0.4,200,6,1,0.313399,0.277421,0.282051,19.002245
090_cosip_beta0_lapin-off_-_g0.9,cosip_beta0,1000,0.4,200,6,2,0.337333,0.29091,0.282051,19.045565
090_cosip_beta0_lapin-off_-_g0.9,cosip_beta0,1000,0.4,200,6,3,0.352409,0.308022,0.162791,18.973902
090_cosip_beta0_lapin-off_-_g0.9,cosip_beta0,1000,0.4,200,6,4,0.272506,0.255707,0.315789,19.478152
090_cosip_beta0_lapin-off_-_g0.9,cosip_beta0,1000,0.4,200,6,5,0.328306,0.295072,0.162791,18.597176
090_cosip_beta0_lapin-off_-_g0.9,cosip_beta0,1000,0.4,200,6,6,0.308907,0.284124,0.317073,19.846922
090_cosip_beta0_lapin-off_-_g0.9,cosip_beta0,1000,0.4,200,6,7,0.345782,0.314828,0.227273,21.45455
090_cosip_beta0_lapin-off_-_g0.9,cosip_beta0,1000,0.4,200,6,8,0.305584,0.298713,0.189189,17.775481
090_cosip_beta0_lapin-off_-_g0.9,cosip_beta0,1000,0.4,200,6,9,0.318525,0.290751,0.323529,17.620224
090_cosip_beta0_lapin-off_-_g0.9,cosip_beta0,1000,0.4,200,6,10,0.306923,0.283441,0.292683,20.362978
091_cosip_beta0_lapin-on_lsym_g0.3,cosip_beta0,1000,0.4,200,6,1,0.083718,0.166885,0.076923,24.881888
091_cosip_beta0_lapin-on_lsym_g0.3,cosip_beta0,1000,0.4,200,6,2,0.046309,0.124732,0.102564,25.318178
091_cosip_beta0_lapin-on_lsym_g0.3,cosip_beta0,1000,0.4,200,6,3,0.12363,0.191239,0.023256,26.786827
091_cosip_beta0_lapin-on_lsym_g0.3,cosip_beta0,1000,0.4,200,6,4,0.173994,0.235199,0.131579,25.786264
091_cosip_beta0_lapin-on_lsym_g0.3,cosip_beta0,1000,0.4,200,6,5,0.084155,0.165315,0.046512,23.92206
091_cosip_beta0_lapin-on_lsym_g0.3,cosip_beta0,1000,0.4,200,6,6,0.297415,0.313167,0.04878,23.049349
091_cosip_beta0_lapin-on_lsym_g0.3,cosip_beta0,1000,0.4,200,6,7,0.248862,0.300483,0.068182,25.404299
091_cosip_beta0_lapin-on_lsym_g0.3,cosip_beta0,1000,0.4,200,6,8,0.188374,0.224147,0.108108,23.139887
091_cosip_beta0_lapin-on_lsym_g0.3,cosip_beta0,1000,0.4,200,6,9,0.178348,0.240815,0.088235,21.860485
091_cosip_beta0_lapin-on_lsym_g0.3,cosip_beta0,1000,0.4,200,6,10,0.192934,0.24811,0.02439,24.821095
092_cosip_beta0_lapin-on_lsym_g0.5,cosip_beta0,1000,0.4,200,6,1,0.21714,0.251968,0.076923,24.881888
092_cosip_beta0_lapin-on_lsym_g0.5,cosip_beta0,1000,0.4,200,6,2,0.192492,0.22866,0.102564,25.318178
092_cosip_beta0_lapin-on_lsym_g0.5,cosip_beta0,1000,0.4,200,6,3,0.316757,0.305067,0.023256,26.786827
092_cosip_beta0_lapin-on_lsym_g0.5,cosip_beta0,1000,0.4,200,6,4,0.310186,0.320845,0.131579,25.786264
092_cosip_beta0_lapin-on_lsym_g0.5,cosip_beta0,1000,0.4,200,6,5,0.199413,0.257899,0.046512,23.92206
092_cosip_beta0_lapin-on_lsym_g0.5,cosip_beta0,1000,0.4,200,6,6,0.356512,0.373291,0.04878,23.049349
092_cosip_beta0_lapin-on_lsym_g0.5,cosip_beta0,1000,0.4,200,6,7,0.307532,0.369197,0.068182,25.404299
092_cosip_beta0_lapin-on_lsym_g0.5,cosip_beta0,1000,0.4,200,6,8,0.239927,0.249146,0.108108,23.139887
092_cosip_beta0_lapin-on_lsym_g0.5,cosip_beta0,1000,0.4,200,6,9,0.281065,0.325665,0.088235,21.860485
092_cosip_beta0_lapin-on_lsym_g0.5,cosip_beta0,1000,0.4,200,6,10,0.306238,0.304007,0.02439,24.821095
093_cosip_beta0_lapin-on_lsym_g0.6,cosip_beta0,1000,0.4,200,6,1,0.271672,0.27819,0.076923,24.881888
093_cosip_beta0_lapin-on_lsym_g0.6,cosip_beta0,1000,0.4,200,6,2,0.249881,0.269467,0.102564,25.318178
093_cosip_beta0_lapin-on_lsym_g0.6,cosip_beta0,1000,0.4,200,6,3,0.338142,0.321196,0.023256,26.786827
093_cosip_beta0_lapin-on_lsym_g0.6,cosip_beta0,1000,0.4,200,6,4,0.339176,0.354394,0.131579,25.786264
093_cosip_beta0_lapin-on_lsym_g0.6,cosip_beta0,1000,0.4,200,6,5,0.249203,0.290248,0.046512,23.92206
093_cosip_beta0_lapin-on_lsym_g0.6,cosip_beta0,1000,0.4,200,6,6,0.356117,0.375434,0.04878,23.049349
093_cosip_beta0_lapin-on_lsym_g0.6,cosip_beta0,1000,0.4,200,6,7,0.324663,0.380083,0.068182,25.404299
093_cosip_beta0_lapin-on_lsym_g0.6,cosip_beta0,1000,0.4,200,6,8,0.280073,0.271378,0.108108,23.139887
093_cosip_beta0_lapin-on_lsym_g0.6,cosip_beta0,1000,0.4,200,6,9,0.310798,0.335539,0.088235,21.860485
093_cosip_beta0_lapin-on_lsym_g0.6,cosip_beta0,1000,0.4,200,6,10,0.313692,0.319939,0.02439,24.821095
094_cosip_beta0_lapin-on_lsym_g0.7,cosip_beta0,1000,0.4,200,6,1,0.267202,0.294295,0.076923,24.881888
094_cosip_beta0_lapin-on_lsym_g0.7,cosip_beta0,1000,0.4,200,6,2,0.280851,0.287229,0.102564,25.318178
094_cosip_beta0_lapin-on_lsym_g0.7,cosip_beta0,1000,0.4,200,6,3,0.352254,0.320937,0.023256,26.786827
094_cosip_beta0_lapin-on_lsym_g0.7,cosip_beta0,1000,0.4,200,6,4,0.349033,0.350403,0.131579,25.786264
094_cosip_beta0_lapin-on_lsym_g0.7,cosip_beta0,1000,0.4,200,6,5,0.262377,0.302701,0.046512,23.92206
094_cosip_beta0_lapin-on_lsym_g0.7,cosip_beta0,1000,0.4,200,6,6,0.351523,0.363431,0.04878,23.049349
094_cosip_beta0_lapin-on_lsym_g0.7,cosip_beta0,1000,0.4,200,6,7,0.311106,0.369606,0.068182,25.404299
094_cosip_beta0_lapin-on_lsym_g0.7,cosip_beta0,1000,0.4,200,6,8,0.308752,0.290205,0.108108,23.139887
094_cosip_beta0_lapin-on_lsym_g0.7,cosip_beta0,1000,0.4,200,6,9,0.336566,0.350067,0.088235,21.860485
094_cosip_beta0_lapin-on_lsym_g0.7,cosip_beta0,1000,0.4,200,6,10,0.328958,0.332642,0.02439,24.821095
095_cosip_beta0_lapin-on_lsym_g0.8,cosip_beta0,1000,0.4,200,6,1,0.293465,0.295199,0.076923,24.881888
095_cosip_beta0_lapin-on_lsym_g0.8,cosip_beta0,1000,0.4,200,6,2,0.280833,0.29957,0.102564,25.318178
095_cosip_beta0_lapin-on_lsym_g0.8,cosip_beta0,1000,0.4,200,6,3,0.344745,0.34431,0.023256,26.786827
095_cosip_beta0_lapin-on_lsym_g0.8,cosip_beta0,1000,0.4,200,6,4,0.350847,0.351083,0.131579,25.786264
095_cosip_beta0_lapin-on_lsym_g0.8,cosip_beta0,1000,0.4,200,6,5,0.260571,0.303697,0.046512,23.92206
095_cosip_beta0_lapin-on_lsym_g0.8,cosip_beta0,1000,0.4,200,6,6,0.346371,0.357121,0.04878,23.049349
095_cosip_beta0_lapin-on_lsym_g0.8,cosip_beta0,1000,0.4,200,6,7,0.319842,0.369364,0.068182,25.404299
095_cosip_beta0_lapin-on_lsym_g0.8,cosip_beta0,1000,0.4,200,6,8,0.335796,0.317069,0.108108,23.139887
095_cosip_beta0_lapin-on_lsym_g0.8,cosip_beta0,1000,0.4,200,6,9,0.345792,0.355304,0.088235,21.860485
095_cosip_beta0_lapin-on_lsym_g0.8,cosip_beta0,1000,0.4,200,6,10,0.333111,0.326513,0.02439,24.821095
096_cosip_beta0_lapin-on_lsym_g0.9,cosip_beta0,1000,0.4,200,6,1,0.288852,0.308848,0.076923,24.881888
096_cosip_beta0_lapin-on_lsym_g0.9,cosip_beta0,1000,0.4,200,6,2,0.284925,0.319624,0.076923,25.318178
096_cosip_beta0_lapin-on_lsym_g0.9,cosip_beta0,1000,0.4,200,6,3,0.335853,0.335452,0.023256,26.786827
096_cosip_beta0_lapin-on_lsym_g0.9,cosip_beta0,1000,0.4,200,6,4,0.340878,0.34238,0.131579,25.786264
096_cosip_beta0_lapin-on_lsym_g0.9,cosip_beta0,1000,0.4,200,6,5,0.281098,0.325757,0.046512,23.92206
096_cosip_beta0_lapin-on_lsym_g0.9,cosip_beta0,1000,0.4,200,6,6,0.346267,0.352436,0.04878,23.049349
096_cosip_beta0_lapin-on_lsym_g0.9,cosip_beta0,1000,0.4,200,6,7,0.330393,0.364547,0.068182,25.404299
096_cosip_beta0_lapin-on_lsym_g0.9,cosip_beta0,1000,0.4,200,6,8,0.343552,0.340062,0.108108,23.139887
096_cosip_beta0_lapin-on_lsym_g0.9,cosip_beta0,1000,0.4,200,6,9,0.345089,0.347018,0.088235,21.860485
096_cosip_beta0_lapin-on_lsym_g0.9,cosip_beta0,1000,0.4,200,6,10,0.317281,0.32097,0.02439,24.821095
097_cosip_beta0.5_lapin-off_-_g0.3,cosip_beta0.5,1000,0.4,200,6,1,0.316229,0.344989,0.205128,17.976527
097_cosip_beta0.5_lapin-off_-_g0.3,cosip_beta0.5,1000,0.4,200,6,2,0.328642,0.301337,0.205128,18.100969
097_cosip_beta0.5_lapin-off_-_g0.3,cosip_beta0.5,1000,0.4,200,6,3,0.353606,0.333809,0.209302,19.794399
097_cosip_beta0.5_lapin-off_-_g0.3,cosip_beta0.5,1000,0.4,200,6,4,0.280038,0.288811,0.342105,21.471955
097_cosip_beta0.5_lapin-off_-_g0.3,cosip_beta0.5,1000,0.4,200,6,5,0.371101,0.381594,0.139535,18.071331
097_cosip_beta0.5_lapin-off_-_g0.3,cosip_beta0.5,1000,0.4,200,6,6,0.339757,0.322499,0.146341,18.118175
097_cosip_beta0.5_lapin-off_-_g0.3,cosip_beta0.5,1000,0.4,200,6,7,0.384058,0.377429,0.25,20.554228
097_cosip_beta0.5_lapin-off_-_g0.3,cosip_beta0.5,1000,0.4,200,6,8,0.259608,0.266192,0.405405,19.580287
097_cosip_beta0.5_lapin-off_-_g0.3,cosip_beta0.5,1000,0.4,200,6,9,0.296107,0.294636,0.323529,17.771581
097_cosip_beta0.5_lapin-off_-_g0.3,cosip_beta0.5,1000,0.4,200,6,10,0.328729,0.331096,0.292683,20.699672
098_cosip_beta0.5_lapin-off_-_g0.5,cosip_beta0.5,1000,0.4,200,6,1,0.366448,0.348443,0.205128,17.976527
098_cosip_beta0.5_lapin-off_-_g0.5,cosip_beta0.5,1000,0.4,200,6,2,0.3744,0.315235,0.205128,18.100969
098_cosip_beta0.5_lapin-off_-_g0.5,cosip_beta0.5,1000,0.4,200,6,3,0.399639,0.326513,0.209302,19.794399
098_cosip_beta0.5_lapin-off_-_g0.5,cosip_beta0.5,1000,0.4,200,6,4,0.355805,0.311704,0.342105,21.471955
098_cosip_beta0.5_lapin-off_-_g0.5,cosip_beta0.5,1000,0.4,200,6,5,0.3778,0.372185,0.139535,18.071331
098_cosip_beta0.5_lapin-off_-_g0.5,cosip_beta0.5,1000,0.4,200,6,6,0.385336,0.336376,0.146341,18.118175
098_cosip_beta0.5_lapin-off_-_g0.5,cosip_beta0.5,1000,0.4,200,6,7,0.390403,0.368303,0.25,20.554228
098_cosip_beta0.5_lapin-off_-_g0.5,cosip_beta0.5,1000,0.4,200,6,8,0.341538,0.303032,0.405405,19.580287
098_cosip_beta0.5_lapin-off_-_g0.5,cosip_beta0.5,1000,0.4,200,6,9,0.350261,0.307134,0.323529,17.771581
098_cosip_beta0.5_lapin-off_-_g0.5,cosip_beta0.5,1000,0.4,200,6,10,0.378758,0.335167,0.292683,20.699672
099_cosip_beta0.5_lapin-off_-_g0.6,cosip_beta0.5,1000,0.4,200,6,1,0.350008,0.333217,0.205128,17.976527
099_cosip_beta0.5_lapin-off_-_g0.6,cosip_beta0.5,1000,0.4,200,6,2,0.367194,0.301669,0.205128,18.100969
099_cosip_beta0.5_lapin-off_-_g0.6,cosip_beta0.5,1000,0.4,200,6,3,0.399453,0.325558,0.209302,19.794399
099_cosip_beta0.5_lapin-off_-_g0.6,cosip_beta0.5,1000,0.4,200,6,4,0.336662,0.302815,0.342105,21.471955
099_cosip_beta0.5_lapin-off_-_g0.6,cosip_beta0.5,1000,0.4,200,6,5,0.375752,0.358785,0.139535,18.071331
099_cosip_beta0.5_lapin-off_-_g0.6,cosip_beta0.5,1000,0.4,200,6,6,0.389845,0.338163,0.146341,18.118175
099_cosip_beta0.5_lapin-off_-_g0.6,cosip_beta0.5,1000,0.4,200,6,7,0.380512,0.350422,0.25,20.554228
099_cosip_beta0.5_lapin-off_-_g0.6,cosip_beta0.5,1000,0.4,200,6,8,0.366725,0.299122,0.405405,19.580287
099_cosip_beta0.5_lapin-off_-_g0.6,cosip_beta0.5,1000,0.4,200,6,9,0.324612,0.29822,0.323529,17.771581
099_cosip_beta0.5_lapin-off_-_g0.6,cosip_beta0.5,1000,0.4,200,6,10,0.383235,0.332526,0.292683,20.699672
100_cosip_beta0.5_lapin-off_-_g0.7,cosip_beta0.5,1000,0.4,200,6,1,0.354114,0.33602,0.205128,17.976527
100_cosip_beta0.5_lapin-off_-_g0.7,cosip_beta0.5,1000,0.4,200,6,2,0.358278,0.305221,0.205128,18.100969
100_cosip_beta0.5_lapin-off_-_g0.7,cosip_beta0.5,1000,0.4,200,6,3,0.396956,0.313173,0.209302,19.794399
100_cosip_beta0.5_lapin-off_-_g0.7,cosip_beta0.5,1000,0.4,200,6,4,0.319422,0.28761,0.342105,21.471955
100_cosip_beta0.5_lapin-off_-_g0.7,cosip_beta0.5,1000,0.4,200,6,5,0.365786,0.34344,0.139535,18.071331
100_cosip_beta0.5_lapin-off_-_g0.7,cosip_beta0.5,1000,0.4,200,6,6,0.370007,0.326892,0.146341,18.118175
100_cosip_beta0.5_lapin-off_-_g0.7,cosip_beta0.5,1000,0.4,200,6,7,0.369811,0.338048,0.25,20.554228
100_cosip_beta0.5_lapin-off_-_g0.7,cosip_beta0.5,1000,0.4,200,6,8,0.358749,0.298717,0.405405,19.580287
100_cosip_beta0.5_lapin-off_-_g0.7,cosip_beta0.5,1000,0.4,200,6,9,0.320401,0.290791,0.323529,17.771581
100_cosip_beta0.5_lapin-off_-_g0.7,cosip_beta0.5,1000,0.4,200,6,10,0.381811,0.328071,0.292683,20.699672
101_cosip_beta0.5_lapin-off_-_g0.8,cosip_beta0.5,1000,0.4,200,6,1,0.346039,0.32522,0.205128,17.976527
101_cosip_beta0.5_lapin-off_-_g0.8,cosip_beta0.5,1000,0.4,200,6,2,0.333493,0.306461,0.205128,18.100969
101_cosip_beta0.5_lapin-off_-_g0.8,cosip_beta0.5,1000,0.4,200,6,3,0.378892,0.302522,0.209302,19.794399
101_cosip_beta0.5_lapin-off_-_g0.8,cosip_beta0.5,1000,0.4,200,6,4,0.285796,0.266978,0.342105,21.471955
101_cosip_beta0.5_lapin-off_-_g0.8,cosip_beta0.5,1000,0.4,200,6,5,0.348703,0.32632,0.139535,18.071331
101_cosip_beta0.5_lapin-off_-_g0.8,cosip_beta0.5,1000,0.4,200,6,6,0.35901,0.316172,0.121951,18.118175
101_cosip_beta0.5_lapin-off_-_g0.8,cosip_beta0.5,1000,0.4,200,6,7,0.347189,0.31988,0.227273,20.554228
101_cosip_beta0.5_lapin-off_-_g0.8,cosip_beta0.5,1000,0.4,200,6,8,0.330831,0.282311,0.378378,19.580287
101_cosip_beta0.5_lapin-off_-_g0.8,cosip_beta0.5,1000,0.4,200,6,9,0.299726,0.290906,0.323529,17.771581
101_cosip_beta0.5_lapin-off_-_g0.8,cosip_beta0.5,1000,0.4,200,6,10,0.352784,0.320856,0.292683,20.699672
102_cosip_beta0.5_lapin-off_-_g0.9,cosip_beta0.5,1000,0.4,200,6,1,0.308864,0.314603,0.179487,17.976527
102_cosip_beta0.5_lapin-off_-_g0.9,cosip_beta0.5,1000,0.4,200,6,2,0.322582,0.289306,0.205128,18.100969
102_cosip_beta0.5_lapin-off_-_g0.9,cosip_beta0.5,1000,0.4,200,6,3,0.355416,0.302164,0.209302,19.794399
102_cosip_beta0.5_lapin-off_-_g0.9,cosip_beta0.5,1000,0.4,200,6,4,0.269618,0.255081,0.315789,21.471955
102_cosip_beta0.5_lapin-off_-_g0.9,cosip_beta0.5,1000,0.4,200,6,5,0.339537,0.317181,0.139535,18.071331
102_cosip_beta0.5_lapin-off_-_g0.9,cosip_beta0.5,1000,0.4,200,6,6,0.341031,0.316032,0.121951,18.118175
102_cosip_beta0.5_lapin-off_-_g0.9,cosip_beta0.5,1000,0.4,200,6,7,0.319628,0.31441,0.227273,20.554228
102_cosip_beta0.5_lapin-off_-_g0.9,cosip_beta0.5,1000,0.4,200,6,8,0.307923,0.266608,0.378378,19.580287
102_cosip_beta0.5_lapin-off_-_g0.9,cosip_beta0.5,1000,0.4,200,6,9,0.287063,0.28251,0.323529,17.771581
102_cosip_beta0.5_lapin-off_-_g0.9,cosip_beta0.5,1000,0.4,200,6,10,0.323608,0.306997,0.243902,20.699672
103_cosip_beta0.5_lapin-on_lsym_g0.3,cosip_beta0.5,1000,0.4,200,6,1,0.085042,0.181377,0.025641,22.95157
103_cosip_beta0.5_lapin-on_lsym_g0.3,cosip_beta0.5,1000,0.4,200,6,2,0.085629,0.126087,0.051282,24.20908
103_cosip_beta0.5_lapin-on_lsym_g0.3,cosip_beta0.5,1000,0.4,200,6,3,0.082911,0.150981,0.069767,23.588183
103_cosip_beta0.5_lapin-on_lsym_g0.3,cosip_beta0.5,1000,0.4,200,6,4,0.127825,0.206827,0.078947,26.441092
103_cosip_beta0.5_lapin-on_lsym_g0.3,cosip_beta0.5,1000,0.4,200,6,5,0.098427,0.175637,0.069767,25.972152
103_cosip_beta0.5_lapin-on_lsym_g0.3,cosip_beta0.5,1000,0.4,200,6,6,0.175623,0.272504,0.0,25.31895
103_cosip_beta0.5_lapin-on_lsym_g0.3,cosip_beta0.5,1000,0.4,200,6,7,0.144595,0.234422,0.022727,25.676427
103_cosip_beta0.5_lapin-on_lsym_g0.3,cosip_beta0.5,1000,0.4,200,6,8,0.152061,0.230402,0.081081,26.709997
103_cosip_beta0.5_lapin-on_lsym_g0.3,cosip_beta0.5,1000,0.4,200,6,9,0.140335,0.22137,0.235294,25.410428
103_cosip_beta0.5_lapin-on_lsym_g0.3,cosip_beta0.5,1000,0.4,200,6,10,0.093931,0.181979,0.121951,28.899839
104_cosip_beta0.5_lapin-on_lsym_g0.5,cosip_beta0.5,1000,0.4,200,6,1,0.212058,0.31706,0.025641,22.95157
104_cosip_beta0.5_lapin-on_lsym_g0.5,cosip_beta0.5,1000,0.4,200,6,2,0.22495,0.23918,0.051282,24.20908
104_cosip_beta0.5_lapin-on_lsym_g0.5,cosip_beta0.5,1000,0.4,200,6,3,0.145667,0.251148,0.069767,23.588183
104_cosip_beta0.5_lapin-on_lsym_g0.5,cosip_beta0.5,1000,0.4,200,6,4,0.279149,0.270148,0.078947,26.441092
104_cosip_beta0.5_lapin-on_lsym_g0.5,cosip_beta0.5,1000,0.4,200,6,5,0.196769,0.27162,0.069767,25.972152
104_cosip_beta0.5_lapin-on_lsym_g0.5,cosip_beta0.5,1000,0.4,200,6,6,0.279959,0.345059,0.0,25.31895
104_cosip_beta0.5_lapin-on_lsym_g0.5,cosip_beta0.5,1000,0.4,200,6,7,0.287197,0.347194,0.022727,25.676427
104_cosip_beta0.5_lapin-on_lsym_g0.5,cosip_beta0.5,1000,0.4,200,6,8,0.301293,0.307327,0.081081,26.709997
104_cosip_beta0.5_lapin-on_lsym_g0.5,cosip_beta0.5,1000,0.4,200,6,9,0.233687,0.261469,0.235294,25.410428
104_cosip_beta0.5_lapin-on_lsym_g0.5,cosip_beta0.5,1000,0.4,200,6,10,0.228918,0.265268,0.121951,28.899839
105_cosip_beta0.5_lapin-on_lsym_g0.6,cosip_beta0.5,1000,0.4,200,6,1,0.269108,0.339068,0.025641,22.95157
105_cosip_beta0.5_lapin-on_lsym_g0.6,cosip_beta0.5,1000,0.4,200,6,2,0.242408,0.283316,0.051282,24.20908
105_cosip_beta0.5_lapin-on_lsym_g0.6,cosip_beta0.5,1000,0.4,200,6,3,0.216679,0.273096,0.069767,23.588183
105_cosip_beta0.5_lapin-on_lsym_g0.6,cosip_beta0.5,1000,0.4,200,6,4,0.278546,0.275195,0.078947,26.441092
105_cosip_beta0.5_lapin-on_lsym_g0.6,cosip_beta0.5,1000,0.4,200,6,5,0.259829,0.296254,0.069767,25.972152
105_cosip_beta0.5_lapin-on_lsym_g0.6,cosip_beta0.5,1000,0.4,200,6,6,0.266824,0.330966,0.0,25.31895
105_cosip_beta0.5_lapin-on_lsym_g0.6,cosip_beta0.5,1000,0.4,200,6,7,0.333405,0.375303,0.022727,25.676427
105_cosip_beta0.5_lapin-on_lsym_g0.6,cosip_beta0.5,1000,0.4,200,6,8,0.325081,0.327162,0.081081,26.709997
105_cosip_beta0.5_lapin-on_lsym_g0.6,cosip_beta0.5,1000,0.4,200,6,9,0.301792,0.284202,0.235294,25.410428
105_cosip_beta0.5_lapin-on_lsym_g0.6,cosip_beta0.5,1000,0.4,200,6,10,0.268855,0.283386,0.121951,28.899839
106_cosip_beta0.5_lapin-on_lsym_g0.7,cosip_beta0.5,1000,0.4,200,6,1,0.28702,0.354251,0.025641,22.95157
106_cosip_beta0.5_lapin-on_lsym_g0.7,cosip_beta0.5,1000,0.4,200,6,2,0.26527,0.302238,0.051282,24.20908
106_cosip_beta0.5_lapin-on_lsym_g0.7,cosip_beta0.5,1000,0.4,200,6,3,0.24196,0.289506,0.069767,23.588183
106_cosip_beta0.5_lapin-on_lsym_g0.7,cosip_beta0.5,1000,0.4,200,6,4,0.3286,0.293681,0.078947,26.441092
106_cosip_beta0.5_lapin-on_lsym_g0.7,cosip_beta0.5,1000,0.4,200,6,5,0.272597,0.314301,0.069767,25.972152
106_cosip_beta0.5_lapin-on_lsym_g0.7,cosip_beta0.5,1000,0.4,200,6,6,0.270153,0.355076,0.0,25.31895
106_cosip_beta0.5_lapin-on_lsym_g0.7,cosip_beta0.5,1000,0.4,200,6,7,0.332391,0.369503,0.022727,25.676427
106_cosip_beta0.5_lapin-on_lsym_g0.7,cosip_beta0.5,1000,0.4,200,6,8,0.322281,0.312118,0.081081,26.709997
106_cosip_beta0.5_lapin-on_lsym_g0.7,cosip_beta0.5,1000,0.4,200,6,9,0.334807,0.305014,0.235294,25.410428
106_cosip_beta0.5_lapin-on_lsym_g0.7,cosip_beta0.5,1000,0.4,200,6,10,0.29871,0.292421,0.121951,28.899839
107_cosip_beta0.5_lapin-on_lsym_g0.8,cosip_beta0.5,1000,0.4,200,6,1,0.309218,0.357192,0.025641,22.95157
107_cosip_beta0.5_lapin-on_lsym_g0.8,cosip_beta0.5,1000,0.4,200,6,2,0.275598,0.320672,0.051282,24.20908
107_cosip_beta0.5_lapin-on_lsym_g0.8,cosip_beta0.5,1000,0.4,200,6,3,0.25716,0.292765,0.069767,23.588183
107_cosip_beta0.5_lapin-on_lsym_g0.8,cosip_beta0.5,1000,0.4,200,6,4,0.319422,0.316375,0.078947,26.441092
107_cosip_beta0.5_lapin-on_lsym_g0.8,cosip_beta0.5,1000,0.4,200,6,5,0.299892,0.32398,0.069767,25.972152
107_cosip_beta0.5_lapin-on_lsym_g0.8,cosip_beta0.5,1000,0.4,200,6,6,0.293291,0.347885,0.0,25.31895
107_cosip_beta0.5_lapin-on_lsym_g0.8,cosip_beta0.5,1000,0.4,200,6,7,0.325249,0.352286,0.022727,25.676427
107_cosip_beta0.5_lapin-on_lsym_g0.8,cosip_beta0.5,1000,0.4,200,6,8,0.330887,0.326471,0.081081,26.709997
107_cosip_beta0.5_lapin-on_lsym_g0.8,cosip_beta0.5,1000,0.4,200,6,9,0.335545,0.31661,0.235294,25.410428
107_cosip_beta0.5_lapin-on_lsym_g0.8,cosip_beta0.5,1000,0.4,200,6,10,0.30505,0.302673,0.121951,28.899839
108_cosip_beta0.5_lapin-on_lsym_g0.9,cosip_beta0.5,1000,0.4,200,6,1,0.309782,0.352888,0.025641,22.95157
108_cosip_beta0.5_lapin-on_lsym_g0.9,cosip_beta0.5,1000,0.4,200,6,2,0.288886,0.32278,0.051282,24.20908
108_cosip_beta0.5_lapin-on_lsym_g0.9,cosip_beta0.5,1000,0.4,200,6,3,0.256357,0.292897,0.069767,23.588183
108_cosip_beta0.5_lapin-on_lsym_g0.9,cosip_beta0.5,1000,0.4,200,6,4,0.298119,0.339788,0.078947,26.441092
108_cosip_beta0.5_lapin-on_lsym_g0.9,cosip_beta0.5,1000,0.4,200,6,5,0.311943,0.334284,0.069767,25.972152
108_cosip_beta0.5_lapin-on_lsym_g0.9,cosip_beta0.5,1000,0.4,200,6,6,0.291352,0.335487,0.0,25.31895
108_cosip_beta0.5_lapin-on_lsym_g0.9,cosip_beta0.5,1000,0.4,200,6,7,0.310801,0.337537,0.022727,25.676427
108_cosip_beta0.5_lapin-on_lsym_g0.9,cosip_beta0.5,1000,0.4,200,6,8,0.339221,0.340596,0.081081,26.709997
108_cosip_beta0.5_lapin-on_lsym_g0.9,cosip_beta0.5,1000,0.4,200,6,9,0.329549,0.32476,0.235294,25.410428
108_cosip_beta0.5_lapin-on_lsym_g0.9,cosip_beta0.5,1000,0.4,200,6,10,0.292079,0.322029,0.121951,28.899839
109_cosip_beta1_lapin-off_-_g0.3,cosip_beta1,1000,0.4,200,6,1,0.259966,0.326458,0.102564,18.279874
109_cosip_beta1_lapin-off_-_g0.3,cosip_beta1,1000,0.4,200,6,2,0.199504,0.219593,0.205128,18.490844
109_cosip_beta1_lapin-off_-_g0.3,cosip_beta1,1000,0.4,200,6,3,0.262538,0.303468,0.162791,20.233077
109_cosip_beta1_lapin-off_-_g0.3,cosip_beta1,1000,0.4,200,6,4,0.262033,0.321216,0.131579,17.406733
109_cosip_beta1_lapin-off_-_g0.3,cosip_beta1,1000,0.4,200,6,5,0.194341,0.273739,0.093023,16.88066
109_cosip_beta1_lapin-off_-_g0.3,cosip_beta1,1000,0.4,200,6,6,0.214241,0.3139,0.097561,17.707838
109_cosip_beta1_lapin-off_-_g0.3,cosip_beta1,1000,0.4,200,6,7,0.286581,0.319679,0.159091,19.586393
109_cosip_beta1_lapin-off_-_g0.3,cosip_beta1,1000,0.4,200,6,8,0.229555,0.254804,0.162162,17.550106
109_cosip_beta1_lapin-off_-_g0.3,cosip_beta1,1000,0.4,200,6,9,0.245772,0.261754,0.147059,15.186654
109_cosip_beta1_lapin-off_-_g0.3,cosip_beta1,1000,0.4,200,6,10,0.296732,0.347776,0.073171,17.697333
110_cosip_beta1_lapin-off_-_g0.5,cosip_beta1,1000,0.4,200,6,1,0.343659,0.347875,0.102564,18.279874
110_cosip_beta1_lapin-off_-_g0.5,cosip_beta1,1000,0.4,200,6,2,0.331273,0.300756,0.205128,18.490844
110_cosip_beta1_lapin-off_-_g0.5,cosip_beta1,1000,0.4,200,6,3,0.33627,0.32914,0.162791,20.233077
110_cosip_beta1_lapin-off_-_g0.5,cosip_beta1,1000,0.4,200,6,4,0.277137,0.309642,0.131579,17.406733
110_cosip_beta1_lapin-off_-_g0.5,cosip_beta1,1000,0.4,200,6,5,0.294392,0.312832,0.093023,16.88066
110_cosip_beta1_lapin-off_-_g0.5,cosip_beta1,1000,0.4,200,6,6,0.31309,0.337824,0.097561,17.707838
110_cosip_beta1_lapin-off_-_g0.5,cosip_beta1,1000,0.4,200,6,7,0.350996,0.359441,0.159091,19.586393
110_cosip_beta1_lapin-off_-_g0.5,cosip_beta1,1000,0.4,200,6,8,0.299151,0.281083,0.162162,17.550106
110_cosip_beta1_lapin-off_-_g0.5,cosip_beta1,1000,0.4,200,6,9,0.295098,0.293359,0.147059,15.186654
110_cosip_beta1_lapin-off_-_g0.5,cosip_beta1,1000,0.4,200,6,10,0.337626,0.348883,0.073171,17.697333
111_cosip_beta1_lapin-off_-_g0.6,cosip_beta1,1000,0.4,200,6,1,0.341857,0.349784,0.102564,18.279874
111_cosip_beta1_lapin-off_-_g0.6,cosip_beta1,1000,0.4,200,6,2,0.350741,0.30799,0.205128,18.490844
111_cosip_beta1_lapin-off_-_g0.6,cosip_beta1,1000,0.4,200,6,3,0.352067,0.332053,0.162791,20.233077
111_cosip_beta1_lapin-off_-_g0.6,cosip_beta1,1000,0.4,200,6,4,0.279957,0.312796,0.131579,17.406733
111_cosip_beta1_lapin-off_-_g0.6,cosip_beta1,1000,0.4,200,6,5,0.293994,0.301137,0.093023,16.88066
111_cosip_beta1_lapin-off_-_g0.6,cosip_beta1,1000,0.4,200,6,6,0.313252,0.319533,0.097561,17.707838
111_cosip_beta1_lapin-off_-_g0.6,cosip_beta1,1000,0.4,200,6,7,0.347416,0.357373,0.159091,19.586393
111_cosip_beta1_lapin-off_-_g0.6,cosip_beta1,1000,0.4,200,6,8,0.298901,0.295275,0.162162,17.550106
111_cosip_beta1_lapin-off_-_g0.6,cosip_beta1,1000,0.4,200,6,9,0.311828,0.298548,0.147059,15.186654
111_cosip_beta1_lapin-off_-_g0.6,cosip_beta1,1000,0.4,200,6,10,0.357857,0.344717,0.073171,17.697333
112_cosip_beta1_lapin-off_-_g0.7,cosip_beta1,1000,0.4,200,6,1,0.34591,0.339195,0.102564,18.279874
112_cosip_beta1_lapin-off_-_g0.7,cosip_beta1,1000,0.4,200,6,2,0.338656,0.29809,0.205128,18.490844
112_cosip_beta1_lapin-off_-_g0.7,cosip_beta1,1000,0.4,200,6,3,0.356415,0.323448,0.139535,20.233077
112_cosip_beta1_lapin-off_-_g0.7,cosip_beta1,1000,0.4,200,6,4,0.287644,0.306608,0.131579,17.406733
112_cosip_beta1_lapin-off_-_g0.7,cosip_beta1,1000,0.4,200,6,5,0.322405,0.316773,0.093023,16.88066
112_cosip_beta1_lapin-off_-_g0.7,cosip_beta1,1000,0.4,200,6,6,0.293003,0.30783,0.097561,17.707838
112_cosip_beta1_lapin-off_-_g0.7,cosip_beta1,1000,0.4,200,6,7,0.351617,0.341352,0.159091,19.586393
112_cosip_beta1_lapin-off_-_g0.7,cosip_beta1,1000,0.4,200,6,8,0.317821,0.312415,0.162162,17.550106
112_cosip_beta1_lapin-off_-_g0.7,cosip_beta1,1000,0.4,200,6,9,0.316267,0.312737,0.147059,15.186654
112_cosip_beta1_lapin-off_-_g0.7,cosip_beta1,1000,0.4,200,6,10,0.348994,0.339176,0.073171,17.697333
113_cosip_beta1_lapin-off_-_g0.8,cosip_beta1,1000,0.4,200,6,1,0.329522,0.324811,0.102564,18.279874
113_cosip_beta1_lapin-off_-_g0.8,cosip_beta1,1000,0.4,200,6,2,0.320734,0.301181,0.205128,18.490844
113_cosip_beta1_lapin-off_-_g0.8,cosip_beta1,1000,0.4,200,6,3,0.353117,0.316845,0.139535,20.233077
113_cosip_beta1_lapin-off_-_g0.8,cosip_beta1,1000,0.4,200,6,4,0.272202,0.310505,0.131579,17.406733
113_cosip_beta1_lapin-off_-_g0.8,cosip_beta1,1000,0.4,200,6,5,0.317253,0.305939,0.093023,16.88066
113_cosip_beta1_lapin-off_-_g0.8,cosip_beta1,1000,0.4,200,6,6,0.308954,0.30022,0.097561,17.707838
113_cosip_beta1_lapin-off_-_g0.8,cosip_beta1,1000,0.4,200,6,7,0.345315,0.326573,0.159091,19.586393
113_cosip_beta1_lapin-off_-_g0.8,cosip_beta1,1000,0.4,200,6,8,0.311741,0.317085,0.162162,17.550106
113_cosip_beta1_lapin-off_-_g0.8,cosip_beta1,1000,0.4,200,6,9,0.289095,0.321504,0.147059,15.186654
113_cosip_beta1_lapin-off_-_g0.8,cosip_beta1,1000,0.4,200,6,10,0.337444,0.349371,0.073171,17.697333
114_cosip_beta1_lapin-off_-_g0.9,cosip_beta1,1000,0.4,200,6,1,0.312296,0.31836,0.102564,18.279874
114_cosip_beta1_lapin-off_-_g0.9,cosip_beta1,1000,0.4,200,6,2,0.313483,0.297403,0.205128,18.490844
114_cosip_beta1_lapin-off_-_g0.9,cosip_beta1,1000,0.4,200,6,3,0.335751,0.307329,0.139535,20.233077
114_cosip_beta1_lapin-off_-_g0.9,cosip_beta1,1000,0.4,200,6,4,0.266901,0.29981,0.105263,17.406733
114_cosip_beta1_lapin-off_-_g0.9,cosip_beta1,1000,0.4,200,6,5,0.314207,0.302187,0.093023,16.88066
114_cosip_beta1_lapin-off_-_g0.9,cosip_beta1,1000,0.4,200,6,6,0.293488,0.289258,0.097561,17.707838
114_cosip_beta1_lapin-off_-_g0.9,cosip_beta1,1000,0.4,200,6,7,0.330602,0.329762,0.159091,19.586393
114_cosip_beta1_lapin-off_-_g0.9,cosip_beta1,1000,0.4,200,6,8,0.307032,0.310972,0.162162,17.550106
114_cosip_beta1_lapin-off_-_g0.9,cosip_beta1,1000,0.4,200,6,9,0.286558,0.313748,0.117647,15.186654
114_cosip_beta1_lapin-off_-_g0.9,cosip_beta1,1000,0.4,200,6,10,0.320934,0.338164,0.073171,17.697333
115_cosip_beta1_lapin-on_lsym_g0.3,cosip_beta1,1000,0.4,200,6,1,0.037808,0.102358,0.102564,21.725705
115_cosip_beta1_lapin-on_lsym_g0.3,cosip_beta1,1000,0.4,200,6,2,0.033817,0.078979,0.025641,23.120018
115_cosip_beta1_lapin-on_lsym_g0.3,cosip_beta1,1000,0.4,200,6,3,0.012986,0.086747,0.046512,28.017965
115_cosip_beta1_lapin-on_lsym_g0.3,cosip_beta1,1000,0.4,200,6,4,0.042973,0.105888,0.105263,26.25938
115_cosip_beta1_lapin-on_lsym_g0.3,cosip_beta1,1000,0.4,200,6,5,0.055364,0.120941,0.046512,25.817572
115_cosip_beta1_lapin-on_lsym_g0.3,cosip_beta1,1000,0.4,200,6,6,0.058548,0.157184,0.02439,25.699404
115_cosip_beta1_lapin-on_lsym_g0.3,cosip_beta1,1000,0.4,200,6,7,0.05259,0.140461,0.0,26.847611
115_cosip_beta1_lapin-on_lsym_g0.3,cosip_beta1,1000,0.4,200,6,8,0.08493,0.163656,0.189189,26.617743
115_cosip_beta1_lapin-on_lsym_g0.3,cosip_beta1,1000,0.4,200,6,9,0.071048,0.173265,0.029412,19.147502
115_cosip_beta1_lapin-on_lsym_g0.3,cosip_beta1,1000,0.4,200,6,10,0.040084,0.128519,0.04878,25.779462
116_cosip_beta1_lapin-on_lsym_g0.5,cosip_beta1,1000,0.4,200,6,1,0.122149,0.206244,0.102564,21.725705
116_cosip_beta1_lapin-on_lsym_g0.5,cosip_beta1,1000,0.4,200,6,2,0.124052,0.187934,0.025641,23.120018
116_cosip_beta1_lapin-on_lsym_g0.5,cosip_beta1,1000,0.4,200,6,3,0.082756,0.141926,0.046512,28.017965
116_cosip_beta1_lapin-on_lsym_g0.5,cosip_beta1,1000,0.4,200,6,4,0.1769,0.217981,0.105263,26.25938
116_cosip_beta1_lapin-on_lsym_g0.5,cosip_beta1,1000,0.4,200,6,5,0.109096,0.20763,0.046512,25.817572
116_cosip_beta1_lapin-on_lsym_g0.5,cosip_beta1,1000,0.4,200,6,6,0.199122,0.265649,0.02439,25.699404
116_cosip_beta1_lapin-on_lsym_g0.5,cosip_beta1,1000,0.4,200,6,7,0.153719,0.227141,0.0,26.847611
116_cosip_beta1_lapin-on_lsym_g0.5,cosip_beta1,1000,0.4,200,6,8,0.158656,0.218282,0.189189,26.617743
116_cosip_beta1_lapin-on_lsym_g0.5,cosip_beta1,1000,0.4,200,6,9,0.188072,0.267631,0.029412,19.147502
116_cosip_beta1_lapin-on_lsym_g0.5,cosip_beta1,1000,0.4,200,6,10,0.215876,0.279815,0.04878,25.779462
117_cosip_beta1_lapin-on_lsym_g0.6,cosip_beta1,1000,0.4,200,6,1,0.147499,0.228812,0.102564,21.725705
117_cosip_beta1_lapin-on_lsym_g0.6,cosip_beta1,1000,0.4,200,6,2,0.176537,0.198301,0.025641,23.120018
117_cosip_beta1_lapin-on_lsym_g0.6,cosip_beta1,1000,0.4,200,6,3,0.137411,0.191894,0.046512,28.017965
117_cosip_beta1_lapin-on_lsym_g0.6,cosip_beta1,1000,0.4,200,6,4,0.251083,0.243369,0.105263,26.25938
117_cosip_beta1_lapin-on_lsym_g0.6,cosip_beta1,1000,0.4,200,6,5,0.174333,0.235484,0.046512,25.817572
117_cosip_beta1_lapin-on_lsym_g0.6,cosip_beta1,1000,0.4,200,6,6,0.232912,0.285801,0.02439,25.699404
117_cosip_beta1_lapin-on_lsym_g0.6,cosip_beta1,1000,0.4,200,6,7,0.198528,0.247069,0.0,26.847611
117_cosip_beta1_lapin-on_lsym_g0.6,cosip_beta1,1000,0.4,200,6,8,0.230069,0.230099,0.189189,26.617743
117_cosip_beta1_lapin-on_lsym_g0.6,cosip_beta1,1000,0.4,200,6,9,0.221659,0.30113,0.029412,19.147502
117_cosip_beta1_lapin-on_lsym_g0.6,cosip_beta1,1000,0.4,200,6,10,0.238139,0.291673,0.04878,25.779462
118_cosip_beta1_lapin-on_lsym_g0.7,cosip_beta1,1000,0.4,200,6,1,0.165125,0.27585,0.102564,21.725705
118_cosip_beta1_lapin-on_lsym_g0.7,cosip_beta1,1000,0.4,200,6,2,0.195519,0.227283,0.025641,23.120018
118_cosip_beta1_lapin-on_lsym_g0.7,cosip_beta1,1000,0.4,200,6,3,0.200556,0.22511,0.046512,28.017965
118_cosip_beta1_lapin-on_lsym_g0.7,cosip_beta1,1000,0.4,200,6,4,0.25879,0.26837,0.105263,26.25938
118_cosip_beta1_lapin-on_lsym_g0.7,cosip_beta1,1000,0.4,200,6,5,0.189129,0.254069,0.046512,25.817572
118_cosip_beta1_lapin-on_lsym_g0.7,cosip_beta1,1000,0.4,200,6,6,0.245907,0.309516,0.02439,25.699404
118_cosip_beta1_lapin-on_lsym_g0.7,cosip_beta1,1000,0.4,200,6,7,0.238573,0.27274,0.0,26.847611
118_cosip_beta1_lapin-on_lsym_g0.7,cosip_beta1,1000,0.4,200,6,8,0.28148,0.260291,0.189189,26.617743
118_cosip_beta1_lapin-on_lsym_g0.7,cosip_beta1,1000,0.4,200,6,9,0.240148,0.323302,0.029412,19.147502
118_cosip_beta1_lapin-on_lsym_g0.7,cosip_beta1,1000,0.4,200,6,10,0.235108,0.300043,0.04878,25.779462
119_cosip_beta1_lapin-on_lsym_g0.8,cosip_beta1,1000,0.4,200,6,1,0.177694,0.290547,0.102564,21.725705
119_cosip_beta1_lapin-on_lsym_g0.8,cosip_beta1,1000,0.4,200,6,2,0.209639,0.237888,0.025641,23.120018
119_cosip_beta1_lapin-on_lsym_g0.8,cosip_beta1,1000,0.4,200,6,3,0.200344,0.243342,0.046512,28.017965
119_cosip_beta1_lapin-on_lsym_g0.8,cosip_beta1,1000,0.4,200,6,4,0.275098,0.279679,0.105263,26.25938
119_cosip_beta1_lapin-on_lsym_g0.8,cosip_beta1,1000,0.4,200,6,5,0.216719,0.267401,0.046512,25.817572
119_cosip_beta1_lapin-on_lsym_g0.8,cosip_beta1,1000,0.4,200,6,6,0.241272,0.30866,0.02439,25.699404
119_cosip_beta1_lapin-on_lsym_g0.8,cosip_beta1,1000,0.4,200,6,7,0.240472,0.311236,0.0,26.847611
119_cosip_beta1_lapin-on_lsym_g0.8,cosip_beta1,1000,0.4,200,6,8,0.29371,0.288239,0.189189,26.617743
119_cosip_beta1_lapin-on_lsym_g0.8,cosip_beta1,1000,0.4,200,6,9,0.246166,0.318022,0.029412,19.147502
119_cosip_beta1_lapin-on_lsym_g0.8,cosip_beta1,1000,0.4,200,6,10,0.235411,0.299298,0.04878,25.779462
120_cosip_beta1_lapin-on_lsym_g0.9,cosip_beta1,1000,0.4,200,6,1,0.187312,0.289299,0.102564,21.725705
120_cosip_beta1_lapin-on_lsym_g0.9,cosip_beta1,1000,0.4,200,6,2,0.190138,0.256945,0.025641,23.120018
120_cosip_beta1_lapin-on_lsym_g0.9,cosip_beta1,1000,0.4,200,6,3,0.224886,0.259539,0.046512,28.017965
120_cosip_beta1_lapin-on_lsym_g0.9,cosip_beta1,1000,0.4,200,6,4,0.271551,0.293957,0.105263,26.25938
120_cosip_beta1_lapin-on_lsym_g0.9,cosip_beta1,1000,0.4,200,6,5,0.228338,0.28861,0.046512,25.817572
120_cosip_beta1_lapin-on_lsym_g0.9,cosip_beta1,1000,0.4,200,6,6,0.268894,0.310494,0.02439,25.699404
120_cosip_beta1_lapin-on_lsym_g0.9,cosip_beta1,1000,0.4,200,6,7,0.24685,0.308552,0.022727,26.847611
120_cosip_beta1_lapin-on_lsym_g0.9,cosip_beta1,1000,0.4,200,6,8,0.279213,0.307628,0.189189,26.617743
120_cosip_beta1_lapin-on_lsym_g0.9,cosip_beta1,1000,0.4,200,6,9,0.246434,0.312476,0.029412,19.147502
120_cosip_beta1_lapin-on_lsym_g0.9,cosip_beta1,1000,0.4,200,6,10,0.243807,0.294719,0.04878,25.779462
001_default_lapin-off_-_g0.3,default,1000,0.4,200,6,1,0.135366,0.187825,0.153846,14.418138
001_default_lapin-off_-_g0.3,default,1000,0.4,200,6,2,0.127374,0.191338,0.282051,12.438478
001_default_lapin-off_-_g0.3,default,1000,0.4,200,6,3,0.070354,0.135576,0.255814,14.534509
001_default_lapin-off_-_g0.3,default,1000,0.4,200,6,4,0.160969,0.176408,0.184211,13.387836
001_default_lapin-off_-_g0.3,default,1000,0.4,200,6,5,0.065804,0.115361,0.162791,15.734157
001_default_lapin-off_-_g0.3,default,1000,0.4,200,6,6,0.134767,0.180241,0.195122,13.547625
001_default_lapin-off_-_g0.3,default,1000,0.4,200,6,7,0.087374,0.13486,0.204545,16.170051
001_default_lapin-off_-_g0.3,default,1000,0.4,200,6,8,0.103419,0.16865,0.216216,12.873894
001_default_lapin-off_-_g0.3,default,1000,0.4,200,6,9,0.054802,0.095139,0.176471,12.199901
001_default_lapin-off_-_g0.3,default,1000,0.4,200,6,10,0.089315,0.141858,0.146341,15.415943
002_default_lapin-off_-_g0.5,default,1000,0.4,200,6,1,0.242287,0.354776,0.153846,14.418138
002_default_lapin-off_-_g0.5,default,1000,0.4,200,6,2,0.235402,0.348,0.282051,12.438478
002_default_lapin-off_-_g0.5,default,1000,0.4,200,6,3,0.179188,0.289532,0.255814,14.534509
002_default_lapin-off_-_g0.5,default,1000,0.4,200,6,4,0.285713,0.33868,0.184211,13.387836
002_default_lapin-off_-_g0.5,default,1000,0.4,200,6,5,0.160999,0.260415,0.162791,15.734157
002_default_lapin-off_-_g0.5,default,1000,0.4,200,6,6,0.232748,0.323006,0.195122,13.547625
002_default_lapin-off_-_g0.5,default,1000,0.4,200,6,7,0.132043,0.27372,0.204545,16.170051
002_default_lapin-off_-_g0.5,default,1000,0.4,200,6,8,0.181387,0.300845,0.216216,12.873894
002_default_lapin-off_-_g0.5,default,1000,0.4,200,6,9,0.110113,0.220133,0.176471,12.199901
002_default_lapin-off_-_g0.5,default,1000,0.4,200,6,10,0.166734,0.279416,0.146341,15.415943
003_default_lapin-off_-_g0.6,default,1000,0.4,200,6,1,0.260401,0.370159,0.153846,14.418138
003_default_lapin-off_-_g0.6,default,1000,0.4,200,6,2,0.238967,0.360724,0.282051,12.438478
003_default_lapin-off_-_g0.6,default,1000,0.4,200,6,3,0.182461,0.31939,0.255814,14.534509
003_default_lapin-off_-_g0.6,default,1000,0.4,200,6,4,0.301598,0.374712,0.184211,13.387836
003_default_lapin-off_-_g0.6,default,1000,0.4,200,6,5,0.191384,0.305667,0.162791,15.734157
003_default_lapin-off_-_g0.6,default,1000,0.4,200,6,6,0.266481,0.34626,0.195122,13.547625
003_default_lapin-off_-_g0.6,default,1000,0.4,200,6,7,0.169227,0.312993,0.204545,16.170051
003_default_lapin-off_-_g0.6,default,1000,0.4,200,6,8,0.187727,0.328106,0.216216,12.873894
003_default_lapin-off_-_g0.6,default,1000,0.4,200,6,9,0.129708,0.26429,0.176471,12.199901
003_default_lapin-off_-_g0.6,default,1000,0.4,200,6,10,0.208224,0.306658,0.146341,15.415943
004_default_lapin-off_-_g0.7,default,1000,0.4,200,6,1,0.25848,0.361585,0.153846,14.418138
004_default_lapin-off_-_g0.7,default,1000,0.4,200,6,2,0.240156,0.35897,0.282051,12.438478
004_default_lapin-off_-_g0.7,default,1000,0.4,200,6,3,0.203087,0.324218,0.255814,14.534509
004_default_lapin-off_-_g0.7,default,1000,0.4,200,6,4,0.295383,0.372399,0.184211,13.387836
004_default_lapin-off_-_g0.7,default,1000,0.4,200,6,5,0.206361,0.3189,0.162791,15.734157
004_default_lapin-off_-_g0.7,default,1000,0.4,200,6,6,0.258887,0.348747,0.195122,13.547625
004_default_lapin-off_-_g0.7,default,1000,0.4,200,6,7,0.189384,0.33033,0.204545,16.170051
004_default_lapin-off_-_g0.7,default,1000,0.4,200,6,8,0.218056,0.351856,0.216216,12.873894
004_default_lapin-off_-_g0.7,default,1000,0.4,200,6,9,0.13408,0.294922,0.176471,12.199901
004_default_lapin-off_-_g0.7,default,1000,0.4,200,6,10,0.215061,0.313178,0.146341,15.415943
005_default_lapin-off_-_g0.8,default,1000,0.4,200,6,1,0.292684,0.356363,0.153846,14.418138
005_default_lapin-off_-_g0.8,default,1000,0.4,200,6,2,0.238781,0.350501,0.282051,12.438478
005_default_lapin-off_-_g0.8,default,1000,0.4,200,6,3,0.208501,0.32435,0.255814,14.534509
005_default_lapin-off_-_g0.8,default,1000,0.4,200,6,4,0.287626,0.356566,0.184211,13.387836
005_default_lapin-off_-_g0.8,default,1000,0.4,200,6,5,0.208965,0.320556,0.162791,15.734157
005_default_lapin-off_-_g0.8,default,1000,0.4,200,6,6,0.25692,0.3468,0.195122,13.547625
005_default_lapin-off_-_g0.8,default,1000,0.4,200,6,7,0.194685,0.322025,0.204545,16.170051
005_default_lapin-off_-_g0.8,default,1000,0.4,200,6,8,0.218829,0.347508,0.216216,12.873894
005_default_lapin-off_-_g0.8,default,1000,0.4,200,6,9,0.182147,0.31823,0.176471,12.199901
005_default_lapin-off_-_g0.8,default,1000,0.4,200,6,10,0.192832,0.305551,0.146341,15.415943
006_default_lapin-off_-_g0.9,default,1000,0.4,200,6,1,0.302736,0.347076,0.153846,14.418138
006_default_lapin-off_-_g0.9,default,1000,0.4,200,6,2,0.23777,0.340137,0.282051,12.438478
006_default_lapin-off_-_g0.9,default,1000,0.4,200,6,3,0.193378,0.318361,0.255814,14.534509
006_default_lapin-off_-_g0.9,default,1000,0.4,200,6,4,0.276129,0.341062,0.184211,13.387836
006_default_lapin-off_-_g0.9,default,1000,0.4,200,6,5,0.217452,0.320268,0.162791,15.734157
006_default_lapin-off_-_g0.9,default,1000,0.4,200,6,6,0.265211,0.337941,0.195122,13.547625
006_default_lapin-off_-_g0.9,default,1000,0.4,200,6,7,0.204473,0.310147,0.204545,16.170051
006_default_lapin-off_-_g0.9,default,1000,0.4,200,6,8,0.214453,0.335895,0.216216,12.873894
006_default_lapin-off_-_g0.9,default,1000,0.4,200,6,9,0.195552,0.311861,0.176471,12.199901
006_default_lapin-off_-_g0.9,default,1000,0.4,200,6,10,0.205925,0.302049,0.146341,15.415943
007_default_lapin-on_lsym_g0.3,default,1000,0.4,200,6,1,0.004026,0.035358,0.153846,19.855295
007_default_lapin-on_lsym_g0.3,default,1000,0.4,200,6,2,0.028018,0.079732,0.179487,22.421739
007_default_lapin-on_lsym_g0.3,default,1000,0.4,200,6,3,0.012026,0.055488,0.209302,21.524582
007_default_lapin-on_lsym_g0.3,default,1000,0.4,200,6,4,0.014312,0.044521,0.052632,21.606713
007_default_lapin-on_lsym_g0.3,default,1000,0.4,200,6,5,0.004912,0.036077,0.302326,18.465499
007_default_lapin-on_lsym_g0.3,default,1000,0.4,200,6,6,0.027916,0.053205,0.195122,19.993521
007_default_lapin-on_lsym_g0.3,default,1000,0.4,200,6,7,0.009327,0.052462,0.272727,19.500775
007_default_lapin-on_lsym_g0.3,default,1000,0.4,200,6,8,0.020139,0.052413,0.135135,19.808041
007_default_lapin-on_lsym_g0.3,default,1000,0.4,200,6,9,0.009644,0.056928,0.088235,19.092858
007_default_lapin-on_lsym_g0.3,default,1000,0.4,200,6,10,0.0,0.034118,0.341463,17.425588
008_default_lapin-on_lsym_g0.5,default,1000,0.4,200,6,1,0.030314,0.130215,0.153846,19.855295
008_default_lapin-on_lsym_g0.5,default,1000,0.4,200,6,2,0.098156,0.18535,0.179487,22.421739
008_default_lapin-on_lsym_g0.5,default,1000,0.4,200,6,3,0.071055,0.172997,0.209302,21.524582
008_default_lapin-on_lsym_g0.5,default,1000,0.4,200,6,4,0.057831,0.190385,0.052632,21.606713
008_default_lapin-on_lsym_g0.5,default,1000,0.4,200,6,5,0.021868,0.12467,0.302326,18.465499
008_default_lapin-on_lsym_g0.5,default,1000,0.4,200,6,6,0.078283,0.171377,0.195122,19.993521
008_default_lapin-on_lsym_g0.5,default,1000,0.4,200,6,7,0.048978,0.176343,0.272727,19.500775
008_default_lapin-on_lsym_g0.5,default,1000,0.4,200,6,8,0.066687,0.161609,0.135135,19.808041
008_default_lapin-on_lsym_g0.5,default,1000,0.4,200,6,9,0.075312,0.200312,0.088235,19.092858
008_default_lapin-on_lsym_g0.5,default,1000,0.4,200,6,10,0.007574,0.145615,0.341463,17.425588
009_default_lapin-on_lsym_g0.6,default,1000,0.4,200,6,1,0.060406,0.166251,0.153846,19.855295
009_default_lapin-on_lsym_g0.6,default,1000,0.4,200,6,2,0.136208,0.226057,0.179487,22.421739
009_default_lapin-on_lsym_g0.6,default,1000,0.4,200,6,3,0.113706,0.21363,0.209302,21.524582
009_default_lapin-on_lsym_g0.6,default,1000,0.4,200,6,4,0.102189,0.228393,0.052632,21.606713
009_default_lapin-on_lsym_g0.6,default,1000,0.4,200,6,5,0.043445,0.171237,0.302326,18.465499
009_default_lapin-on_lsym_g0.6,default,1000,0.4,200,6,6,0.097054,0.223812,0.195122,19.993521
009_default_lapin-on_lsym_g0.6,default,1000,0.4,200,6,7,0.054833,0.228225,0.272727,19.500775
009_default_lapin-on_lsym_g0.6,default,1000,0.4,200,6,8,0.116209,0.205692,0.135135,19.808041
009_default_lapin-on_lsym_g0.6,default,1000,0.4,200,6,9,0.100901,0.231844,0.088235,19.092858
009_default_lapin-on_lsym_g0.6,default,1000,0.4,200,6,10,0.026154,0.196077,0.341463,17.425588
010_default_lapin-on_lsym_g0.7,default,1000,0.4,200,6,1,0.116929,0.209575,0.153846,19.855295
010_default_lapin-on_lsym_g0.7,default,1000,0.4,200,6,2,0.16984,0.258489,0.179487,22.421739
010_default_lapin-on_lsym_g0.7,default,1000,0.4,200,6,3,0.132668,0.226888,0.209302,21.524582
010_default_lapin-on_lsym_g0.7,default,1000,0.4,200,6,4,0.134366,0.262265,0.052632,21.606713
010_default_lapin-on_lsym_g0.7,default,1000,0.4,200,6,5,0.052241,0.211676,0.302326,18.465499
010_default_lapin-on_lsym_g0.7,default,1000,0.4,200,6,6,0.115288,0.254756,0.195122,19.993521
010_default_lapin-on_lsym_g0.7,default,1000,0.4,200,6,7,0.080627,0.261288,0.272727,19.500775
010_default_lapin-on_lsym_g0.7,default,1000,0.4,200,6,8,0.142206,0.23791,0.135135,19.808041
010_default_lapin-on_lsym_g0.7,default,1000,0.4,200,6,9,0.148635,0.247575,0.088235,19.092858
010_default_lapin-on_lsym_g0.7,default,1000,0.4,200,6,10,0.0412,0.230865,0.341463,17.425588
011_default_lapin-on_lsym_g0.8,default,1000,0.4,200,6,1,0.130725,0.239106,0.153846,19.855295
011_default_lapin-on_lsym_g0.8,default,1000,0.4,200,6,2,0.16365,0.272655,0.179487,22.421739
011_default_lapin-on_lsym_g0.8,default,1000,0.4,200,6,3,0.145141,0.241346,0.209302,21.524582
011_default_lapin-on_lsym_g0.8,default,1000,0.4,200,6,4,0.166567,0.279977,0.052632,21.606713
011_default_lapin-on_lsym_g0.8,default,1000,0.4,200,6,5,0.081308,0.229649,0.302326,18.465499
011_default_lapin-on_lsym_g0.8,default,1000,0.4,200,6,6,0.131708,0.286672,0.195122,19.993521
011_default_lapin-on_lsym_g0.8,default,1000,0.4,200,6,7,0.077664,0.273671,0.272727,19.500775
011_default_lapin-on_lsym_g0.8,default,1000,0.4,200,6,8,0.167308,0.268771,0.135135,19.808041
011_default_lapin-on_lsym_g0.8,default,1000,0.4,200,6,9,0.159289,0.266109,0.088235,19.092858
011_default_lapin-on_lsym_g0.8,default,1000,0.4,200,6,10,0.060782,0.23979,0.341463,17.425588
012_default_lapin-on_lsym_g0.9,default,1000,0.4,200,6,1,0.126305,0.250676,0.153846,19.855295
012_default_lapin-on_lsym_g0.9,default,1000,0.4,200,6,2,0.154756,0.269325,0.179487,22.421739
012_default_lapin-on_lsym_g0.9,default,1000,0.4,200,6,3,0.164976,0.259556,0.209302,21.524582
012_default_lapin-on_lsym_g0.9,default,1000,0.4,200,6,4,0.178703,0.287889,0.052632,21.606713
012_default_lapin-on_lsym_g0.9,default,1000,0.4,200,6,5,0.079872,0.227269,0.302326,18.465499
012_default_lapin-on_lsym_g0.9,default,1000,0.4,200,6,6,0.113355,0.288128,0.195122,19.993521
012_default_lapin-on_lsym_g0.9,default,1000,0.4,200,6,7,0.105885,0.279949,0.272727,19.500775
012_default_lapin-on_lsym_g0.9,default,1000,0.4,200,6,8,0.170445,0.275482,0.135135,19.808041
012_default_lapin-on_lsym_g0.9,default,1000,0.4,200,6,9,0.149721,0.267901,0.088235,19.092858
012_default_lapin-on_lsym_g0.9,default,1000,0.4,200,6,10,0.065739,0.239828,0.341463,17.425588
025_dice_lapin-off_-_g0.3,dice,1000,0.4,200,6,1,0.339315,0.346917,0.282051,18.850052
025_dice_lapin-off_-_g0.3,dice,1000,0.4,200,6,2,0.292063,0.308965,0.25641,18.827166
025_dice_lapin-off_-_g0.3,dice,1000,0.4,200,6,3,0.405901,0.364955,0.162791,18.507979
025_dice_lapin-off_-_g0.3,dice,1000,0.4,200,6,4,0.284065,0.278908,0.447368,21.164482
025_dice_lapin-off_-_g0.3,dice,1000,0.4,200,6,5,0.311636,0.310781,0.395349,24.257675
025_dice_lapin-off_-_g0.3,dice,1000,0.4,200,6,6,0.394556,0.34018,0.146341,18.553213
025_dice_lapin-off_-_g0.3,dice,1000,0.4,200,6,7,0.348103,0.336654,0.25,20.955779
025_dice_lapin-off_-_g0.3,dice,1000,0.4,200,6,8,0.342983,0.309943,0.243243,18.437523
025_dice_lapin-off_-_g0.3,dice,1000,0.4,200,6,9,0.225308,0.242323,0.382353,19.862021
025_dice_lapin-off_-_g0.3,dice,1000,0.4,200,6,10,0.338241,0.345859,0.341463,21.026033
026_dice_lapin-off_-_g0.5,dice,1000,0.4,200,6,1,0.380675,0.367574,0.282051,18.850052
026_dice_lapin-off_-_g0.5,dice,1000,0.4,200,6,2,0.35423,0.319335,0.25641,18.827166
026_dice_lapin-off_-_g0.5,dice,1000,0.4,200,6,3,0.406478,0.351657,0.162791,18.507979
026_dice_lapin-off_-_g0.5,dice,1000,0.4,200,6,4,0.322051,0.291917,0.447368,21.164482
026_dice_lapin-off_-_g0.5,dice,1000,0.4,200,6,5,0.404071,0.330023,0.395349,24.257675
026_dice_lapin-off_-_g0.5,dice,1000,0.4,200,6,6,0.400207,0.345051,0.146341,18.553213
026_dice_lapin-off_-_g0.5,dice,1000,0.4,200,6,7,0.408011,0.364933,0.25,20.955779
026_dice_lapin-off_-_g0.5,dice,1000,0.4,200,6,8,0.372142,0.32468,0.243243,18.437523
026_dice_lapin-off_-_g0.5,dice,1000,0.4,200,6,9,0.347038,0.298538,0.382353,19.862021
026_dice_lapin-off_-_g0.5,dice,1000,0.4,200,6,10,0.367608,0.326298,0.341463,21.026033
027_dice_lapin-off_-_g0.6,dice,1000,0.4,200,6,1,0.362851,0.347138,0.282051,18.850052
027_dice_lapin-off_-_g0.6,dice,1000,0.4,200,6,2,0.351361,0.306279,0.25641,18.827166
027_dice_lapin-off_-_g0.6,dice,1000,0.4,200,6,3,0.407063,0.342742,0.162791,18.507979
027_dice_lapin-off_-_g0.6,dice,1000,0.4,200,6,4,0.330913,0.287912,0.447368,21.164482
027_dice_lapin-off_-_g0.6,dice,1000,0.4,200,6,5,0.38642,0.322553,0.395349,24.257675
027_dice_lapin-off_-_g0.6,dice,1000,0.4,200,6,6,0.375088,0.34029,0.146341,18.553213
027_dice_lapin-off_-_g0.6,dice,1000,0.4,200,6,7,0.406763,0.350975,0.25,20.955779
027_dice_lapin-off_-_g0.6,dice,1000,0.4,200,6,8,0.370487,0.332111,0.243243,18.437523
027_dice_lapin-off_-_g0.6,dice,1000,0.4,200,6,9,0.358002,0.29751,0.382353,19.862021
027_dice_lapin-off_-_g0.6,dice,1000,0.4,200,6,10,0.358699,0.317714,0.341463,21.026033
028_dice_lapin-off_-_g0.7,dice,1000,0.4,200,6,1,0.352285,0.326974,0.282051,18.850052
028_dice_lapin-off_-_g0.7,dice,1000,0.4,200,6,2,0.353658,0.314628,0.25641,18.827166
028_dice_lapin-off_-_g0.7,dice,1000,0.4,200,6,3,0.39941,0.344298,0.162791,18.507979
028_dice_lapin-off_-_g0.7,dice,1000,0.4,200,6,4,0.316715,0.283462,0.447368,21.164482
028_dice_lapin-off_-_g0.7,dice,1000,0.4,200,6,5,0.378485,0.325431,0.395349,24.257675
028_dice_lapin-off_-_g0.7,dice,1000,0.4,200,6,6,0.365448,0.324632,0.146341,18.553213
028_dice_lapin-off_-_g0.7,dice,1000,0.4,200,6,7,0.400197,0.357482,0.25,20.955779
028_dice_lapin-off_-_g0.7,dice,1000,0.4,200,6,8,0.356901,0.324641,0.243243,18.437523
028_dice_lapin-off_-_g0.7,dice,1000,0.4,200,6,9,0.337614,0.292112,0.382353,19.862021
028_dice_lapin-off_-_g0.7,dice,1000,0.4,200,6,10,0.35159,0.30025,0.341463,21.026033
029_dice_lapin-off_-_g0.8,dice,1000,0.4,200,6,1,0.33135,0.302003,0.282051,18.850052
029_dice_lapin-off_-_g0.8,dice,1000,0.4,200,6,2,0.350729,0.310106,0.25641,18.827166
029_dice_lapin-off_-_g0.8,dice,1000,0.4,200,6,3,0.387116,0.325557,0.162791,18.507979
029_dice_lapin-off_-_g0.8,dice,1000,0.4,200,6,4,0.274536,0.275299,0.447368,21.164482
029_dice_lapin-off_-_g0.8,dice,1000,0.4,200,6,5,0.358491,0.311676,0.395349,24.257675
029_dice_lapin-off_-_g0.8,dice,1000,0.4,200,6,6,0.350871,0.310355,0.146341,18.553213
029_dice_lapin-off_-_g0.8,dice,1000,0.4,200,6,7,0.381799,0.34824,0.25,20.955779
029_dice_lapin-off_-_g0.8,dice,1000,0.4,200,6,8,0.344517,0.31618,0.243243,18.437523
029_dice_lapin-off_-_g0.8,dice,1000,0.4,200,6,9,0.327964,0.280937,0.382353,19.862021
029_dice_lapin-off_-_g0.8,dice,1000,0.4,200,6,10,0.324522,0.291236,0.341463,21.026033
030_dice_lapin-off_-_g0.9,dice,1000,0.4,200,6,1,0.315898,0.286815,0.282051,18.850052
030_dice_lapin-off_-_g0.9,dice,1000,0.4,200,6,2,0.329749,0.305311,0.25641,18.827166
030_dice_lapin-off_-_g0.9,dice,1000,0.4,200,6,3,0.368726,0.317617,0.139535,18.507979
030_dice_lapin-off_-_g0.9,dice,1000,0.4,200,6,4,0.249814,0.256373,0.394737,21.164482
030_dice_lapin-off_-_g0.9,dice,1000,0.4,200,6,5,0.331994,0.298717,0.395349,24.257675
030_dice_lapin-off_-_g0.9,dice,1000,0.4,200,6,6,0.322551,0.297259,0.121951,18.553213
030_dice_lapin-off_-_g0.9,dice,1000,0.4,200,6,7,0.351248,0.33074,0.204545,20.955779
030_dice_lapin-off_-_g0.9,dice,1000,0.4,200,6,8,0.316394,0.307943,0.243243,18.437523
030_dice_lapin-off_-_g0.9,dice,1000,0.4,200,6,9,0.319734,0.275024,0.382353,19.862021
030_dice_lapin-off_-_g0.9,dice,1000,0.4,200,6,10,0.297713,0.281058,0.317073,21.026033
031_dice_lapin-on_lsym_g0.3,dice,1000,0.4,200,6,1,0.090378,0.199493,0.025641,22.991331
031_dice_lapin-on_lsym_g0.3,dice,1000,0.4,200,6,2,0.084206,0.139041,0.102564,26.025958
031_dice_lapin-on_lsym_g0.3,dice,1000,0.4,200,6,3,0.104411,0.15184,0.0,25.548698
031_dice_lapin-on_lsym_g0.3,dice,1000,0.4,200,6,4,0.124069,0.179053,0.026316,23.50458
031_dice_lapin-on_lsym_g0.3,dice,1000,0.4,200,6,5,0.092065,0.177008,0.046512,26.769847
031_dice_lapin-on_lsym_g0.3,dice,1000,0.4,200,6,6,0.197298,0.268273,0.02439,23.994409
031_dice_lapin-on_lsym_g0.3,dice,1000,0.4,200,6,7,0.179051,0.214592,0.090909,23.835289
031_dice_lapin-on_lsym_g0.3,dice,1000,0.4,200,6,8,0.173657,0.208185,0.027027,22.473757
031_dice_lapin-on_lsym_g0.3,dice,1000,0.4,200,6,9,0.136222,0.230464,0.235294,24.239101
031_dice_lapin-on_lsym_g0.3,dice,1000,0.4,200,6,10,0.121333,0.163087,0.195122,29.657049
032_dice_lapin-on_lsym_g0.5,dice,1000,0.4,200,6,1,0.184915,0.273989,0.025641,22.991331
032_dice_lapin-on_lsym_g0.5,dice,1000,0.4,200,6,2,0.24076,0.232206,0.102564,26.025958
032_dice_lapin-on_lsym_g0.5,dice,1000,0.4,200,6,3,0.227409,0.242544,0.0,25.548698
032_dice_lapin-on_lsym_g0.5,dice,1000,0.4,200,6,4,0.216559,0.262222,0.026316,23.50458
032_dice_lapin-on_lsym_g0.5,dice,1000,0.4,200,6,5,0.204693,0.279251,0.046512,26.769847
032_dice_lapin-on_lsym_g0.5,dice,1000,0.4,200,6,6,0.310533,0.330915,0.02439,23.994409
032_dice_lapin-on_lsym_g0.5,dice,1000,0.4,200,6,7,0.285515,0.315487,0.090909,23.835289
032_dice_lapin-on_lsym_g0.5,dice,1000,0.4,200,6,8,0.285449,0.281552,0.027027,22.473757
032_dice_lapin-on_lsym_g0.5,dice,1000,0.4,200,6,9,0.288703,0.310497,0.235294,24.239101
032_dice_lapin-on_lsym_g0.5,dice,1000,0.4,200,6,10,0.245899,0.249211,0.195122,29.657049
033_dice_lapin-on_lsym_g0.6,dice,1000,0.4,200,6,1,0.210675,0.289156,0.025641,22.991331
033_dice_lapin-on_lsym_g0.6,dice,1000,0.4,200,6,2,0.307804,0.273214,0.102564,26.025958
033_dice_lapin-on_lsym_g0.6,dice,1000,0.4,200,6,3,0.268125,0.279698,0.0,25.548698
033_dice_lapin-on_lsym_g0.6,dice,1000,0.4,200,6,4,0.234466,0.272744,0.026316,23.50458
033_dice_lapin-on_lsym_g0.6,dice,1000,0.4,200,6,5,0.216675,0.293769,0.046512,26.769847
033_dice_lapin-on_lsym_g0.6,dice,1000,0.4,200,6,6,0.309628,0.339421,0.02439,23.994409
033_dice_lapin-on_lsym_g0.6,dice,1000,0.4,200,6,7,0.311684,0.352151,0.090909,23.835289
033_dice_lapin-on_lsym_g0.6,dice,1000,0.4,200,6,8,0.318347,0.328118,0.027027,22.473757
033_dice_lapin-on_lsym_g0.6,dice,1000,0.4,200,6,9,0.314997,0.320962,0.235294,24.239101
033_dice_lapin-on_lsym_g0.6,dice,1000,0.4,200,6,10,0.300623,0.283455,0.195122,29.657049
034_dice_lapin-on_lsym_g0.7,dice,1000,0.4,200,6,1,0.247586,0.318569,0.025641,22.991331
034_dice_lapin-on_lsym_g0.7,dice,1000,0.4,200,6,2,0.333076,0.299562,0.102564,26.025958
034_dice_lapin-on_lsym_g0.7,dice,1000,0.4,200,6,3,0.291484,0.293387,0.0,25.548698
034_dice_lapin-on_lsym_g0.7,dice,1000,0.4,200,6,4,0.262683,0.292042,0.026316,23.50458
034_dice_lapin-on_lsym_g0.7,dice,1000,0.4,200,6,5,0.229822,0.313031,0.046512,26.769847
034_dice_lapin-on_lsym_g0.7,dice,1000,0.4,200,6,6,0.31323,0.3371,0.02439,23.994409
034_dice_lapin-on_lsym_g0.7,dice,1000,0.4,200,6,7,0.311444,0.354058,0.090909,23.835289
034_dice_lapin-on_lsym_g0.7,dice,1000,0.4,200,6,8,0.350846,0.339815,0.027027,22.473757
034_dice_lapin-on_lsym_g0.7,dice,1000,0.4,200,6,9,0.330857,0.328824,0.235294,24.239101
034_dice_lapin-on_lsym_g0.7,dice,1000,0.4,200,6,10,0.312453,0.303725,0.195122,29.657049
035_dice_lapin-on_lsym_g0.8,dice,1000,0.4,200,6,1,0.271457,0.32515,0.025641,22.991331
035_dice_lapin-on_lsym_g0.8,dice,1000,0.4,200,6,2,0.338809,0.332859,0.102564,26.025958
035_dice_lapin-on_lsym_g0.8,dice,1000,0.4,200,6,3,0.29513,0.294605,0.0,25.548698
035_dice_lapin-on_lsym_g0.8,dice,1000,0.4,200,6,4,0.288948,0.320513,0.026316,23.50458
035_dice_lapin-on_lsym_g0.8,dice,1000,0.4,200,6,5,0.259764,0.327472,0.046512,26.769847
035_dice_lapin-on_lsym_g0.8,dice,1000,0.4,200,6,6,0.298134,0.332685,0.02439,23.994409
035_dice_lapin-on_lsym_g0.8,dice,1000,0.4,200,6,7,0.339601,0.375253,0.090909,23.835289
035_dice_lapin-on_lsym_g0.8,dice,1000,0.4,200,6,8,0.354156,0.337124,0.027027,22.473757
035_dice_lapin-on_lsym_g0.8,dice,1000,0.4,200,6,9,0.314562,0.325996,0.235294,24.239101
035_dice_lapin-on_lsym_g0.8,dice,1000,0.4,200,6,10,0.310576,0.303492,0.195122,29.657049
036_dice_lapin-on_lsym_g0.9,dice,1000,0.4,200,6,1,0.273743,0.320497,0.025641,22.991331
036_dice_lapin-on_lsym_g0.9,dice,1000,0.4,200,6,2,0.325154,0.33721,0.102564,26.025958
036_dice_lapin-on_lsym_g0.9,dice,1000,0.4,200,6,3,0.280872,0.298916,0.0,25.548698
036_dice_lapin-on_lsym_g0.9,dice,1000,0.4,200,6,4,0.287657,0.32041,0.026316,23.50458
036_dice_lapin-on_lsym_g0.9,dice,1000,0.4,200,6,5,0.263936,0.323977,0.046512,26.769847
036_dice_lapin-on_lsym_g0.9,dice,1000,0.4,200,6,6,0.299658,0.329224,0.02439,23.994409
036_dice_lapin-on_lsym_g0.9,dice,1000,0.4,200,6,7,0.332668,0.3649,0.090909,23.835289
036_dice_lapin-on_lsym_g0.9,dice,1000,0.4,200,6,8,0.334958,0.343636,0.027027,22.473757
036_dice_lapin-on_lsym_g0.9,dice,1000,0.4,200,6,9,0.321654,0.321158,0.235294,24.239101
036_dice_lapin-on_lsym_g0.9,dice,1000,0.4,200,6,10,0.319802,0.308814,0.170732,29.657049
049_ip_beta0_lapin-off_-_g0.3,ip_beta0,1000,0.4,200,6,1,0.326031,0.370183,0.0,13.710023
049_ip_beta0_lapin-off_-_g0.3,ip_beta0,1000,0.4,200,6,2,0.294856,0.322355,0.025641,13.268592
049_ip_beta0_lapin-off_-_g0.3,ip_beta0,1000,0.4,200,6,3,0.262775,0.267841,0.0,14.789351
049_ip_beta0_lapin-off_-_g0.3,ip_beta0,1000,0.4,200,6,4,0.338227,0.414222,0.052632,12.650149
049_ip_beta0_lapin-off_-_g0.3,ip_beta0,1000,0.4,200,6,5,0.219188,0.281341,0.046512,16.049772
049_ip_beta0_lapin-off_-_g0.3,ip_beta0,1000,0.4,200,6,6,0.196171,0.275055,0.02439,14.560615
049_ip_beta0_lapin-off_-_g0.3,ip_beta0,1000,0.4,200,6,7,0.216167,0.281025,0.090909,13.492028
049_ip_beta0_lapin-off_-_g0.3,ip_beta0,1000,0.4,200,6,8,0.322102,0.354442,0.027027,12.647704
049_ip_beta0_lapin-off_-_g0.3,ip_beta0,1000,0.4,200,6,9,0.274054,0.299275,0.0,12.285983
049_ip_beta0_lapin-off_-_g0.3,ip_beta0,1000,0.4,200,6,10,0.198478,0.268137,0.04878,13.821662
050_ip_beta0_lapin-off_-_g0.5,ip_beta0,1000,0.4,200,6,1,0.420932,0.445397,0.0,13.710023
050_ip_beta0_lapin-off_-_g0.5,ip_beta0,1000,0.4,200,6,2,0.376623,0.391062,0.025641,13.268592
050_ip_beta0_lapin-off_-_g0.5,ip_beta0,1000,0.4,200,6,3,0.379935,0.371488,0.0,14.789351
050_ip_beta0_lapin-off_-_g0.5,ip_beta0,1000,0.4,200,6,4,0.400379,0.463946,0.052632,12.650149
050_ip_beta0_lapin-off_-_g0.5,ip_beta0,1000,0.4,200,6,5,0.355275,0.378144,0.046512,16.049772
050_ip_beta0_lapin-off_-_g0.5,ip_beta0,1000,0.4,200,6,6,0.363224,0.404075,0.02439,14.560615
050_ip_beta0_lapin-off_-_g0.5,ip_beta0,1000,0.4,200,6,7,0.342316,0.408604,0.090909,13.492028
050_ip_beta0_lapin-off_-_g0.5,ip_beta0,1000,0.4,200,6,8,0.373725,0.411672,0.027027,12.647704
050_ip_beta0_lapin-off_-_g0.5,ip_beta0,1000,0.4,200,6,9,0.375872,0.378838,0.0,12.285983
050_ip_beta0_lapin-off_-_g0.5,ip_beta0,1000,0.4,200,6,10,0.304305,0.37445,0.04878,13.821662
051_ip_beta0_lapin-off_-_g0.6,ip_beta0,1000,0.4,200,6,1,0.419813,0.433296,0.0,13.710023
051_ip_beta0_lapin-off_-_g0.6,ip_beta0,1000,0.4,200,6,2,0.389142,0.393383,0.025641,13.268592
051_ip_beta0_lapin-off_-_g0.6,ip_beta0,1000,0.4,200,6,3,0.399974,0.376049,0.0,14.789351
051_ip_beta0_lapin-off_-_g0.6,ip_beta0,1000,0.4,200,6,4,0.398194,0.469065,0.052632,12.650149
051_ip_beta0_lapin-off_-_g0.6,ip_beta0,1000,0.4,200,6,5,0.402775,0.39628,0.046512,16.049772
051_ip_beta0_lapin-off_-_g0.6,ip_beta0,1000,0.4,200,6,6,0.372199,0.405167,0.02439,14.560615
051_ip_beta0_lapin-off_-_g0.6,ip_beta0,1000,0.4,200,6,7,0.35303,0.408969,0.090909,13.492028
051_ip_beta0_lapin-off_-_g0.6,ip_beta0,1000,0.4,200,6,8,0.378189,0.404089,0.027027,12.647704
051_ip_beta0_lapin-off_-_g0.6,ip_beta0,1000,0.4,200,6,9,0.379917,0.363041,0.0,12.285983
051_ip_beta0_lapin-off_-_g0.6,ip_beta0,1000,0.4,200,6,10,0.317423,0.383037,0.04878,13.821662
052_ip_beta0_lapin-off_-_g0.7,ip_beta0,1000,0.4,200,6,1,0.415393,0.414304,0.0,13.710023
052_ip_beta0_lapin-off_-_g0.7,ip_beta0,1000,0.4,200,6,2,0.381499,0.405004,0.025641,13.268592
052_ip_beta0_lapin-off_-_g0.7,ip_beta0,1000,0.4,200,6,3,0.42023,0.393519,0.0,14.789351
052_ip_beta0_lapin-off_-_g0.7,ip_beta0,1000,0.4,200,6,4,0.403906,0.468046,0.052632,12.650149
052_ip_beta0_lapin-off_-_g0.7,ip_beta0,1000,0.4,200,6,5,0.422201,0.41956,0.046512,16.049772
052_ip_beta0_lapin-off_-_g0.7,ip_beta0,1000,0.4,200,6,6,0.373985,0.40313,0.02439,14.560615
052_ip_beta0_lapin-off_-_g0.7,ip_beta0,1000,0.4,200,6,7,0.360625,0.411581,0.090909,13.492028
052_ip_beta0_lapin-off_-_g0.7,ip_beta0,1000,0.4,200,6,8,0.367354,0.393211,0.027027,12.647704
052_ip_beta0_lapin-off_-_g0.7,ip_beta0,1000,0.4,200,6,9,0.362901,0.367008,0.0,12.285983
052_ip_beta0_lapin-off_-_g0.7,ip_beta0,1000,0.4,200,6,10,0.308262,0.382084,0.04878,13.821662
053_ip_beta0_lapin-off_-_g0.8,ip_beta0,1000,0.4,200,6,1,0.40752,0.410056,0.0,13.710023
053_ip_beta0_lapin-off_-_g0.8,ip_beta0,1000,0.4,200,6,2,0.385162,0.397786,0.025641,13.268592
053_ip_beta0_lapin-off_-_g0.8,ip_beta0,1000,0.4,200,6,3,0.404182,0.404962,0.0,14.789351
053_ip_beta0_lapin-off_-_g0.8,ip_beta0,1000,0.4,200,6,4,0.406205,0.457244,0.052632,12.650149
053_ip_beta0_lapin-off_-_g0.8,ip_beta0,1000,0.4,200,6,5,0.422869,0.41964,0.046512,16.049772
053_ip_beta0_lapin-off_-_g0.8,ip_beta0,1000,0.4,200,6,6,0.374412,0.395795,0.02439,14.560615
053_ip_beta0_lapin-off_-_g0.8,ip_beta0,1000,0.4,200,6,7,0.349417,0.398852,0.090909,13.492028
053_ip_beta0_lapin-off_-_g0.8,ip_beta0,1000,0.4,200,6,8,0.359962,0.400052,0.027027,12.647704
053_ip_beta0_lapin-off_-_g0.8,ip_beta0,1000,0.4,200,6,9,0.372472,0.362082,0.0,12.285983
053_ip_beta0_lapin-off_-_g0.8,ip_beta0,1000,0.4,200,6,10,0.316024,0.376302,0.04878,13.821662
054_ip_beta0_lapin-off_-_g0.9,ip_beta0,1000,0.4,200,6,1,0.403566,0.405149,0.0,13.710023
054_ip_beta0_lapin-off_-_g0.9,ip_beta0,1000,0.4,200,6,2,0.359827,0.398875,0.025641,13.268592
054_ip_beta0_lapin-off_-_g0.9,ip_beta0,1000,0.4,200,6,3,0.382336,0.397953,0.0,14.789351
054_ip_beta0_lapin-off_-_g0.9,ip_beta0,1000,0.4,200,6,4,0.399973,0.446416,0.052632,12.650149
054_ip_beta0_lapin-off_-_g0.9,ip_beta0,1000,0.4,200,6,5,0.404,0.410859,0.046512,16.049772
054_ip_beta0_lapin-off_-_g0.9,ip_beta0,1000,0.4,200,6,6,0.383804,0.39708,0.02439,14.560615
054_ip_beta0_lapin-off_-_g0.9,ip_beta0,1000,0.4,200,6,7,0.348147,0.394124,0.090909,13.492028
054_ip_beta0_lapin-off_-_g0.9,ip_beta0,1000,0.4,200,6,8,0.352086,0.395263,0.027027,12.647704
054_ip_beta0_lapin-off_-_g0.9,ip_beta0,1000,0.4,200,6,9,0.348688,0.378119,0.0,12.285983
054_ip_beta0_lapin-off_-_g0.9,ip_beta0,1000,0.4,200,6,10,0.303417,0.36808,0.04878,13.821662
055_ip_beta0_lapin-on_lsym_g0.3,ip_beta0,1000,0.4,200,6,1,0.11789,0.204489,0.589744,33.193818
055_ip_beta0_lapin-on_lsym_g0.3,ip_beta0,1000,0.4,200,6,2,0.128987,0.220132,0.435897,29.784999
055_ip_beta0_lapin-on_lsym_g0.3,ip_beta0,1000,0.4,200,6,3,0.152294,0.192413,0.395349,32.095828
055_ip_beta0_lapin-on_lsym_g0.3,ip_beta0,1000,0.4,200,6,4,0.139769,0.163413,0.631579,33.797817
055_ip_beta0_lapin-on_lsym_g0.3,ip_beta0,1000,0.4,200,6,5,0.100701,0.170891,0.627907,36.646153
055_ip_beta0_lapin-on_lsym_g0.3,ip_beta0,1000,0.4,200,6,6,0.144743,0.217355,0.634146,34.977364
055_ip_beta0_lapin-on_lsym_g0.3,ip_beta0,1000,0.4,200,6,7,0.201757,0.262166,0.636364,35.333234
055_ip_beta0_lapin-on_lsym_g0.3,ip_beta0,1000,0.4,200,6,8,0.168802,0.214885,0.486486,28.466146
055_ip_beta0_lapin-on_lsym_g0.3,ip_beta0,1000,0.4,200,6,9,0.129347,0.227766,0.5,28.345114
055_ip_beta0_lapin-on_lsym_g0.3,ip_beta0,1000,0.4,200,6,10,0.139875,0.211489,0.560976,34.524164
056_ip_beta0_lapin-on_lsym_g0.5,ip_beta0,1000,0.4,200,6,1,0.23139,0.295491,0.589744,33.193818
056_ip_beta0_lapin-on_lsym_g0.5,ip_beta0,1000,0.4,200,6,2,0.236761,0.293526,0.435897,29.784999
056_ip_beta0_lapin-on_lsym_g0.5,ip_beta0,1000,0.4,200,6,3,0.256717,0.283244,0.395349,32.095828
056_ip_beta0_lapin-on_lsym_g0.5,ip_beta0,1000,0.4,200,6,4,0.288788,0.304784,0.631579,33.797817
056_ip_beta0_lapin-on_lsym_g0.5,ip_beta0,1000,0.4,200,6,5,0.211089,0.276552,0.627907,36.646153
056_ip_beta0_lapin-on_lsym_g0.5,ip_beta0,1000,0.4,200,6,6,0.218153,0.279609,0.634146,34.977364
056_ip_beta0_lapin-on_lsym_g0.5,ip_beta0,1000,0.4,200,6,7,0.336347,0.344496,0.636364,35.333234
056_ip_beta0_lapin-on_lsym_g0.5,ip_beta0,1000,0.4,200,6,8,0.31163,0.318863,0.486486,28.466146
056_ip_beta0_lapin-on_lsym_g0.5,ip_beta0,1000,0.4,200,6,9,0.294389,0.366044,0.5,28.345114
056_ip_beta0_lapin-on_lsym_g0.5,ip_beta0,1000,0.4,200,6,10,0.208074,0.285101,0.560976,34.524164
057_ip_beta0_lapin-on_lsym_g0.6,ip_beta0,1000,0.4,200,6,1,0.26937,0.303051,0.589744,33.193818
057_ip_beta0_lapin-on_lsym_g0.6,ip_beta0,1000,0.4,200,6,2,0.271243,0.300011,0.435897,29.784999
057_ip_beta0_lapin-on_lsym_g0.6,ip_beta0,1000,0.4,200,6,3,0.302096,0.293847,0.395349,32.095828
057_ip_beta0_lapin-on_lsym_g0.6,ip_beta0,1000,0.4,200,6,4,0.35149,0.343896,0.631579,33.797817
057_ip_beta0_lapin-on_lsym_g0.6,ip_beta0,1000,0.4,200,6,5,0.260895,0.292897,0.627907,36.646153
057_ip_beta0_lapin-on_lsym_g0.6,ip_beta0,1000,0.4,200,6,6,0.280687,0.301891,0.634146,34.977364
057_ip_beta0_lapin-on_lsym_g0.6,ip_beta0,1000,0.4,200,6,7,0.358784,0.348381,0.636364,35.333234
057_ip_beta0_lapin-on_lsym_g0.6,ip_beta0,1000,0.4,200,6,8,0.345656,0.321822,0.486486,28.466146
057_ip_beta0_lapin-on_lsym_g0.6,ip_beta0,1000,0.4,200,6,9,0.316629,0.378441,0.5,28.345114
057_ip_beta0_lapin-on_lsym_g0.6,ip_beta0,1000,0.4,200,6,10,0.227116,0.269325,0.560976,34.524164
058_ip_beta0_lapin-on_lsym_g0.7,ip_beta0,1000,0.4,200,6,1,0.308881,0.309857,0.589744,33.193818
058_ip_beta0_lapin-on_lsym_g0.7,ip_beta0,1000,0.4,200,6,2,0.275271,0.310625,0.435897,29.784999
058_ip_beta0_lapin-on_lsym_g0.7,ip_beta0,1000,0.4,200,6,3,0.323039,0.326726,0.395349,32.095828
058_ip_beta0_lapin-on_lsym_g0.7,ip_beta0,1000,0.4,200,6,4,0.382275,0.354737,0.631579,33.797817
058_ip_beta0_lapin-on_lsym_g0.7,ip_beta0,1000,0.4,200,6,5,0.284028,0.30407,0.627907,36.646153
058_ip_beta0_lapin-on_lsym_g0.7,ip_beta0,1000,0.4,200,6,6,0.291797,0.310277,0.634146,34.977364
058_ip_beta0_lapin-on_lsym_g0.7,ip_beta0,1000,0.4,200,6,7,0.334315,0.341553,0.636364,35.333234
058_ip_beta0_lapin-on_lsym_g0.7,ip_beta0,1000,0.4,200,6,8,0.346427,0.325904,0.486486,28.466146
058_ip_beta0_lapin-on_lsym_g0.7,ip_beta0,1000,0.4,200,6,9,0.327136,0.368234,0.5,28.345114
058_ip_beta0_lapin-on_lsym_g0.7,ip_beta0,1000,0.4,200,6,10,0.2973,0.292067,0.560976,34.524164
059_ip_beta0_lapin-on_lsym_g0.8,ip_beta0,1000,0.4,200,6,1,0.306053,0.315454,0.589744,33.193818
059_ip_beta0_lapin-on_lsym_g0.8,ip_beta0,1000,0.4,200,6,2,0.293648,0.327661,0.435897,29.784999
059_ip_beta0_lapin-on_lsym_g0.8,ip_beta0,1000,0.4,200,6,3,0.330918,0.347623,0.348837,32.095828
059_ip_beta0_lapin-on_lsym_g0.8,ip_beta0,1000,0.4,200,6,4,0.3743,0.361355,0.631579,33.797817
059_ip_beta0_lapin-on_lsym_g0.8,ip_beta0,1000,0.4,200,6,5,0.287369,0.312384,0.604651,36.646153
059_ip_beta0_lapin-on_lsym_g0.8,ip_beta0,1000,0.4,200,6,6,0.320381,0.323194,0.634146,34.977364
059_ip_beta0_lapin-on_lsym_g0.8,ip_beta0,1000,0.4,200,6,7,0.322581,0.347807,0.636364,35.333234
059_ip_beta0_lapin-on_lsym_g0.8,ip_beta0,1000,0.4,200,6,8,0.336636,0.320409,0.486486,28.466146
059_ip_beta0_lapin-on_lsym_g0.8,ip_beta0,1000,0.4,200,6,9,0.345111,0.362354,0.5,28.345114
059_ip_beta0_lapin-on_lsym_g0.8,ip_beta0,1000,0.4,200,6,10,0.310389,0.300283,0.560976,34.524164
060_ip_beta0_lapin-on_lsym_g0.9,ip_beta0,1000,0.4,200,6,1,0.289448,0.318608,0.589744,33.193818
060_ip_beta0_lapin-on_lsym_g0.9,ip_beta0,1000,0.4,200,6,2,0.297105,0.33724,0.435897,29.784999
060_ip_beta0_lapin-on_lsym_g0.9,ip_beta0,1000,0.4,200,6,3,0.309716,0.339976,0.348837,32.095828
060_ip_beta0_lapin-on_lsym_g0.9,ip_beta0,1000,0.4,200,6,4,0.356889,0.378658,0.552632,33.797817
060_ip_beta0_lapin-on_lsym_g0.9,ip_beta0,1000,0.4,200,6,5,0.294169,0.316764,0.581395,36.646153
060_ip_beta0_lapin-on_lsym_g0.9,ip_beta0,1000,0.4,200,6,6,0.329472,0.34929,0.609756,34.977364
060_ip_beta0_lapin-on_lsym_g0.9,ip_beta0,1000,0.4,200,6,7,0.305681,0.346255,0.590909,35.333234
060_ip_beta0_lapin-on_lsym_g0.9,ip_beta0,1000,0.4,200,6,8,0.34197,0.325592,0.486486,28.466146
060_ip_beta0_lapin-on_lsym_g0.9,ip_beta0,1000,0.4,200,6,9,0.337245,0.354719,0.5,28.345114
060_ip_beta0_lapin-on_lsym_g0.9,ip_beta0,1000,0.4,200,6,10,0.295632,0.300132,0.560976,34.524164
061_ip_beta0.5_lapin-off_-_g0.3,ip_beta0.5,1000,0.4,200,6,1,0.168214,0.263935,0.025641,14.982906
061_ip_beta0.5_lapin-off_-_g0.3,ip_beta0.5,1000,0.4,200,6,2,0.255911,0.282367,0.051282,16.205051
061_ip_beta0.5_lapin-off_-_g0.3,ip_beta0.5,1000,0.4,200,6,3,0.232542,0.27967,0.0,15.068243
061_ip_beta0.5_lapin-off_-_g0.3,ip_beta0.5,1000,0.4,200,6,4,0.31586,0.360033,0.052632,15.154577
061_ip_beta0.5_lapin-off_-_g0.3,ip_beta0.5,1000,0.4,200,6,5,0.222453,0.306482,0.069767,17.484695
061_ip_beta0.5_lapin-off_-_g0.3,ip_beta0.5,1000,0.4,200,6,6,0.290044,0.362565,0.04878,14.060793
061_ip_beta0.5_lapin-off_-_g0.3,ip_beta0.5,1000,0.4,200,6,7,0.247791,0.309335,0.0,16.307265
061_ip_beta0.5_lapin-off_-_g0.3,ip_beta0.5,1000,0.4,200,6,8,0.221507,0.309277,0.054054,15.199678
061_ip_beta0.5_lapin-off_-_g0.3,ip_beta0.5,1000,0.4,200,6,9,0.273991,0.342114,0.029412,13.65004
061_ip_beta0.5_lapin-off_-_g0.3,ip_beta0.5,1000,0.4,200,6,10,0.28455,0.358524,0.04878,16.008042
062_ip_beta0.5_lapin-off_-_g0.5,ip_beta0.5,1000,0.4,200,6,1,0.285062,0.34072,0.025641,14.982906
062_ip_beta0.5_lapin-off_-_g0.5,ip_beta0.5,1000,0.4,200,6,2,0.320306,0.325784,0.051282,16.205051
062_ip_beta0.5_lapin-off_-_g0.5,ip_beta0.5,1000,0.4,200,6,3,0.338449,0.347688,0.0,15.068243
062_ip_beta0.5_lapin-off_-_g0.5,ip_beta0.5,1000,0.4,200,6,4,0.373622,0.367396,0.052632,15.154577
062_ip_beta0.5_lapin-off_-_g0.5,ip_beta0.5,1000,0.4,200,6,5,0.341921,0.398934,0.069767,17.484695
062_ip_beta0.5_lapin-off_-_g0.5,ip_beta0.5,1000,0.4,200,6,6,0.343083,0.420085,0.04878,14.060793
062_ip_beta0.5_lapin-off_-_g0.5,ip_beta0.5,1000,0.4,200,6,7,0.331884,0.371238,0.0,16.307265
062_ip_beta0.5_lapin-off_-_g0.5,ip_beta0.5,1000,0.4,200,6,8,0.328767,0.38216,0.054054,15.199678
062_ip_beta0.5_lapin-off_-_g0.5,ip_beta0.5,1000,0.4,200,6,9,0.354084,0.399884,0.029412,13.65004
062_ip_beta0.5_lapin-off_-_g0.5,ip_beta0.5,1000,0.4,200,6,10,0.372593,0.397999,0.04878,16.008042
063_ip_beta0.5_lapin-off_-_g0.6,ip_beta0.5,1000,0.4,200,6,1,0.297167,0.345734,0.025641,14.982906
063_ip_beta0.5_lapin-off_-_g0.6,ip_beta0.5,1000,0.4,200,6,2,0.324472,0.338513,0.051282,16.205051
063_ip_beta0.5_lapin-off_-_g0.6,ip_beta0.5,1000,0.4,200,6,3,0.349723,0.337319,0.0,15.068243
063_ip_beta0.5_lapin-off_-_g0.6,ip_beta0.5,1000,0.4,200,6,4,0.394957,0.367261,0.052632,15.154577
063_ip_beta0.5_lapin-off_-_g0.6,ip_beta0.5,1000,0.4,200,6,5,0.379189,0.400647,0.069767,17.484695
063_ip_beta0.5_lapin-off_-_g0.6,ip_beta0.5,1000,0.4,200,6,6,0.347035,0.40265,0.04878,14.060793
063_ip_beta0.5_lapin-off_-_g0.6,ip_beta0.5,1000,0.4,200,6,7,0.360587,0.374235,0.0,16.307265
063_ip_beta0.5_lapin-off_-_g0.6,ip_beta0.5,1000,0.4,200,6,8,0.336888,0.374042,0.054054,15.199678
063_ip_beta0.5_lapin-off_-_g0.6,ip_beta0.5,1000,0.4,200,6,9,0.356296,0.396026,0.029412,13.65004
063_ip_beta0.5_lapin-off_-_g0.6,ip_beta0.5,1000,0.4,200,6,10,0.367952,0.390496,0.04878,16.008042
064_ip_beta0.5_lapin-off_-_g0.7,ip_beta0.5,1000,0.4,200,6,1,0.340877,0.349877,0.025641,14.982906
064_ip_beta0.5_lapin-off_-_g0.7,ip_beta0.5,1000,0.4,200,6,2,0.349307,0.362491,0.051282,16.205051
064_ip_beta0.5_lapin-off_-_g0.7,ip_beta0.5,1000,0.4,200,6,3,0.352829,0.358178,0.0,15.068243
064_ip_beta0.5_lapin-off_-_g0.7,ip_beta0.5,1000,0.4,200,6,4,0.400679,0.394116,0.052632,15.154577
064_ip_beta0.5_lapin-off_-_g0.7,ip_beta0.5,1000,0.4,200,6,5,0.377359,0.391206,0.069767,17.484695
064_ip_beta0.5_lapin-off_-_g0.7,ip_beta0.5,1000,0.4,200,6,6,0.346401,0.388797,0.04878,14.060793
064_ip_beta0.5_lapin-off_-_g0.7,ip_beta0.5,1000,0.4,200,6,7,0.360226,0.3643,0.0,16.307265
064_ip_beta0.5_lapin-off_-_g0.7,ip_beta0.5,1000,0.4,200,6,8,0.342179,0.37789,0.054054,15.199678
064_ip_beta0.5_lapin-off_-_g0.7,ip_beta0.5,1000,0.4,200,6,9,0.349766,0.387963,0.029412,13.65004
064_ip_beta0.5_lapin-off_-_g0.7,ip_beta0.5,1000,0.4,200,6,10,0.352073,0.375155,0.04878,16.008042
065_ip_beta0.5_lapin-off_-_g0.8,ip_beta0.5,1000,0.4,200,6,1,0.343324,0.34339,0.025641,14.982906
065_ip_beta0.5_lapin-off_-_g0.8,ip_beta0.5,1000,0.4,200,6,2,0.354026,0.37887,0.051282,16.205051
065_ip_beta0.5_lapin-off_-_g0.8,ip_beta0.5,1000,0.4,200,6,3,0.3606,0.364412,0.0,15.068243
065_ip_beta0.5_lapin-off_-_g0.8,ip_beta0.5,1000,0.4,200,6,4,0.383665,0.406373,0.052632,15.154577
065_ip_beta0.5_lapin-off_-_g0.8,ip_beta0.5,1000,0.4,200,6,5,0.378328,0.383473,0.069767,17.484695
065_ip_beta0.5_lapin-off_-_g0.8,ip_beta0.5,1000,0.4,200,6,6,0.343033,0.380443,0.04878,14.060793
065_ip_beta0.5_lapin-off_-_g0.8,ip_beta0.5,1000,0.4,200,6,7,0.357984,0.363862,0.0,16.307265
065_ip_beta0.5_lapin-off_-_g0.8,ip_beta0.5,1000,0.4,200,6,8,0.345976,0.367732,0.054054,15.199678
065_ip_beta0.5_lapin-off_-_g0.8,ip_beta0.5,1000,0.4,200,6,9,0.346114,0.373713,0.029412,13.65004
065_ip_beta0.5_lapin-off_-_g0.8,ip_beta0.5,1000,0.4,200,6,10,0.339112,0.368698,0.04878,16.008042
066_ip_beta0.5_lapin-off_-_g0.9,ip_beta0.5,1000,0.4,200,6,1,0.353873,0.369995,0.025641,14.982906
066_ip_beta0.5_lapin-off_-_g0.9,ip_beta0.5,1000,0.4,200,6,2,0.36071,0.375926,0.051282,16.205051
066_ip_beta0.5_lapin-off_-_g0.9,ip_beta0.5,1000,0.4,200,6,3,0.348329,0.360868,0.0,15.068243
066_ip_beta0.5_lapin-off_-_g0.9,ip_beta0.5,1000,0.4,200,6,4,0.380444,0.40275,0.026316,15.154577
066_ip_beta0.5_lapin-off_-_g0.9,ip_beta0.5,1000,0.4,200,6,5,0.368572,0.380053,0.069767,17.484695
066_ip_beta0.5_lapin-off_-_g0.9,ip_beta0.5,1000,0.4,200,6,6,0.340675,0.371345,0.04878,14.060793
066_ip_beta0.5_lapin-off_-_g0.9,ip_beta0.5,1000,0.4,200,6,7,0.352677,0.356765,0.0,16.307265
066_ip_beta0.5_lapin-off_-_g0.9,ip_beta0.5,1000,0.4,200,6,8,0.345875,0.360872,0.054054,15.199678
066_ip_beta0.5_lapin-off_-_g0.9,ip_beta0.5,1000,0.4,200,6,9,0.340625,0.36314,0.058824,13.65004
066_ip_beta0.5_lapin-off_-_g0.9,ip_beta0.5,1000,0.4,200,6,10,0.345087,0.364725,0.04878,16.008042
067_ip_beta0.5_lapin-on_lsym_g0.3,ip_beta0.5,1000,0.4,200,6,1,0.060352,0.151989,0.538462,36.812562
067_ip_beta0.5_lapin-on_lsym_g0.3,ip_beta0.5,1000,0.4,200,6,2,0.064927,0.098018,0.641026,39.915656
067_ip_beta0.5_lapin-on_lsym_g0.3,ip_beta0.5,1000,0.4,200,6,3,0.076358,0.165252,0.255814,30.228417
067_ip_beta0.5_lapin-on_lsym_g0.3,ip_beta0.5,1000,0.4,200,6,4,0.19569,0.261081,0.552632,36.122751
067_ip_beta0.5_lapin-on_lsym_g0.3,ip_beta0.5,1000,0.4,200,6,5,0.044704,0.151702,0.232558,31.786061
067_ip_beta0.5_lapin-on_lsym_g0.3,ip_beta0.5,1000,0.4,200,6,6,0.092469,0.19299,0.658537,36.105878
067_ip_beta0.5_lapin-on_lsym_g0.3,ip_beta0.5,1000,0.4,200,6,7,0.17404,0.254012,0.386364,35.549067
067_ip_beta0.5_lapin-on_lsym_g0.3,ip_beta0.5,1000,0.4,200,6,8,0.048048,0.116445,0.810811,41.052758
067_ip_beta0.5_lapin-on_lsym_g0.3,ip_beta0.5,1000,0.4,200,6,9,0.132147,0.216874,0.529412,30.399115
067_ip_beta0.5_lapin-on_lsym_g0.3,ip_beta0.5,1000,0.4,200,6,10,0.072467,0.12477,0.658537,37.272623
068_ip_beta0.5_lapin-on_lsym_g0.5,ip_beta0.5,1000,0.4,200,6,1,0.163437,0.226484,0.538462,36.812562
068_ip_beta0.5_lapin-on_lsym_g0.5,ip_beta0.5,1000,0.4,200,6,2,0.152215,0.196242,0.641026,39.915656
068_ip_beta0.5_lapin-on_lsym_g0.5,ip_beta0.5,1000,0.4,200,6,3,0.212958,0.259699,0.255814,30.228417
068_ip_beta0.5_lapin-on_lsym_g0.5,ip_beta0.5,1000,0.4,200,6,4,0.311408,0.340374,0.552632,36.122751
068_ip_beta0.5_lapin-on_lsym_g0.5,ip_beta0.5,1000,0.4,200,6,5,0.128956,0.234893,0.232558,31.786061
068_ip_beta0.5_lapin-on_lsym_g0.5,ip_beta0.5,1000,0.4,200,6,6,0.223812,0.25132,0.658537,36.105878
068_ip_beta0.5_lapin-on_lsym_g0.5,ip_beta0.5,1000,0.4,200,6,7,0.315542,0.351581,0.386364,35.549067
068_ip_beta0.5_lapin-on_lsym_g0.5,ip_beta0.5,1000,0.4,200,6,8,0.124694,0.214373,0.810811,41.052758
068_ip_beta0.5_lapin-on_lsym_g0.5,ip_beta0.5,1000,0.4,200,6,9,0.225567,0.282756,0.529412,30.399115
068_ip_beta0.5_lapin-on_lsym_g0.5,ip_beta0.5,1000,0.4,200,6,10,0.155973,0.208905,0.658537,37.272623
069_ip_beta0.5_lapin-on_lsym_g0.6,ip_beta0.5,1000,0.4,200,6,1,0.250379,0.254772,0.538462,36.812562
069_ip_beta0.5_lapin-on_lsym_g0.6,ip_beta0.5,1000,0.4,200,6,2,0.216204,0.213121,0.641026,39.915656
069_ip_beta0.5_lapin-on_lsym_g0.6,ip_beta0.5,1000,0.4,200,6,3,0.21917,0.27014,0.255814,30.228417
069_ip_beta0.5_lapin-on_lsym_g0.6,ip_beta0.5,1000,0.4,200,6,4,0.312151,0.336394,0.552632,36.122751
069_ip_beta0.5_lapin-on_lsym_g0.6,ip_beta0.5,1000,0.4,200,6,5,0.166683,0.256061,0.232558,31.786061
069_ip_beta0.5_lapin-on_lsym_g0.6,ip_beta0.5,1000,0.4,200,6,6,0.25094,0.301962,0.658537,36.105878
069_ip_beta0.5_lapin-on_lsym_g0.6,ip_beta0.5,1000,0.4,200,6,7,0.277604,0.342745,0.386364,35.549067
069_ip_beta0.5_lapin-on_lsym_g0.6,ip_beta0.5,1000,0.4,200,6,8,0.180284,0.227722,0.810811,41.052758
069_ip_beta0.5_lapin-on_lsym_g0.6,ip_beta0.5,1000,0.4,200,6,9,0.305119,0.30569,0.529412,30.399115
069_ip_beta0.5_lapin-on_lsym_g0.6,ip_beta0.5,1000,0.4,200,6,10,0.18942,0.221511,0.658537,37.272623
070_ip_beta0.5_lapin-on_lsym_g0.7,ip_beta0.5,1000,0.4,200,6,1,0.271921,0.247548,0.538462,36.812562
070_ip_beta0.5_lapin-on_lsym_g0.7,ip_beta0.5,1000,0.4,200,6,2,0.253452,0.254119,0.615385,39.915656
070_ip_beta0.5_lapin-on_lsym_g0.7,ip_beta0.5,1000,0.4,200,6,3,0.245344,0.279156,0.255814,30.228417
070_ip_beta0.5_lapin-on_lsym_g0.7,ip_beta0.5,1000,0.4,200,6,4,0.333465,0.343798,0.552632,36.122751
070_ip_beta0.5_lapin-on_lsym_g0.7,ip_beta0.5,1000,0.4,200,6,5,0.182112,0.258724,0.232558,31.786061
070_ip_beta0.5_lapin-on_lsym_g0.7,ip_beta0.5,1000,0.4,200,6,6,0.278612,0.29929,0.658537,36.105878
070_ip_beta0.5_lapin-on_lsym_g0.7,ip_beta0.5,1000,0.4,200,6,7,0.286435,0.341054,0.386364,35.549067
070_ip_beta0.5_lapin-on_lsym_g0.7,ip_beta0.5,1000,0.4,200,6,8,0.235559,0.247485,0.810811,41.052758
070_ip_beta0.5_lapin-on_lsym_g0.7,ip_beta0.5,1000,0.4,200,6,9,0.30373,0.305479,0.529412,30.399115
070_ip_beta0.5_lapin-on_lsym_g0.7,ip_beta0.5,1000,0.4,200,6,10,0.219809,0.247171,0.658537,37.272623
071_ip_beta0.5_lapin-on_lsym_g0.8,ip_beta0.5,1000,0.4,200,6,1,0.265395,0.280713,0.538462,36.812562
071_ip_beta0.5_lapin-on_lsym_g0.8,ip_beta0.5,1000,0.4,200,6,2,0.25261,0.283276,0.589744,39.915656
071_ip_beta0.5_lapin-on_lsym_g0.8,ip_beta0.5,1000,0.4,200,6,3,0.268782,0.280423,0.255814,30.228417
071_ip_beta0.5_lapin-on_lsym_g0.8,ip_beta0.5,1000,0.4,200,6,4,0.33941,0.342131,0.526316,36.122751
071_ip_beta0.5_lapin-on_lsym_g0.8,ip_beta0.5,1000,0.4,200,6,5,0.185069,0.28393,0.209302,31.786061
071_ip_beta0.5_lapin-on_lsym_g0.8,ip_beta0.5,1000,0.4,200,6,6,0.293481,0.297724,0.634146,36.105878
071_ip_beta0.5_lapin-on_lsym_g0.8,ip_beta0.5,1000,0.4,200,6,7,0.307578,0.339771,0.386364,35.549067
071_ip_beta0.5_lapin-on_lsym_g0.8,ip_beta0.5,1000,0.4,200,6,8,0.24785,0.259651,0.783784,41.052758
071_ip_beta0.5_lapin-on_lsym_g0.8,ip_beta0.5,1000,0.4,200,6,9,0.288937,0.29884,0.529412,30.399115
071_ip_beta0.5_lapin-on_lsym_g0.8,ip_beta0.5,1000,0.4,200,6,10,0.238105,0.265654,0.634146,37.272623
072_ip_beta0.5_lapin-on_lsym_g0.9,ip_beta0.5,1000,0.4,200,6,1,0.248287,0.297077,0.512821,36.812562
072_ip_beta0.5_lapin-on_lsym_g0.9,ip_beta0.5,1000,0.4,200,6,2,0.247259,0.289752,0.589744,39.915656
072_ip_beta0.5_lapin-on_lsym_g0.9,ip_beta0.5,1000,0.4,200,6,3,0.279898,0.289426,0.255814,30.228417
072_ip_beta0.5_lapin-on_lsym_g0.9,ip_beta0.5,1000,0.4,200,6,4,0.324302,0.340005,0.5,36.122751
072_ip_beta0.5_lapin-on_lsym_g0.9,ip_beta0.5,1000,0.4,200,6,5,0.229288,0.294749,0.209302,31.786061
072_ip_beta0.5_lapin-on_lsym_g0.9,ip_beta0.5,1000,0.4,200,6,6,0.285454,0.290723,0.585366,36.105878
072_ip_beta0.5_lapin-on_lsym_g0.9,ip_beta0.5,1000,0.4,200,6,7,0.301442,0.32937,0.386364,35.549067
072_ip_beta0.5_lapin-on_lsym_g0.9,ip_beta0.5,1000,0.4,200,6,8,0.224832,0.262727,0.783784,41.052758
072_ip_beta0.5_lapin-on_lsym_g0.9,ip_beta0.5,1000,0.4,200,6,9,0.236857,0.295997,0.529412,30.399115
072_ip_beta0.5_lapin-on_lsym_g0.9,ip_beta0.5,1000,0.4,200,6,10,0.22273,0.276103,0.634146,37.272623
073_ip_beta1_lapin-off_-_g0.3,ip_beta1,1000,0.4,200,6,1,0.114213,0.197806,0.0,17.404661
073_ip_beta1_lapin-off_-_g0.3,ip_beta1,1000,0.4,200,6,2,0.133,0.216321,0.102564,17.559954
073_ip_beta1_lapin-off_-_g0.3,ip_beta1,1000,0.4,200,6,3,0.152126,0.244613,0.046512,18.608945
073_ip_beta1_lapin-off_-_g0.3,ip_beta1,1000,0.4,200,6,4,0.228235,0.314202,0.105263,15.811025
073_ip_beta1_lapin-off_-_g0.3,ip_beta1,1000,0.4,200,6,5,0.152173,0.20659,0.139535,17.298573
073_ip_beta1_lapin-off_-_g0.3,ip_beta1,1000,0.4,200,6,6,0.154222,0.249131,0.219512,19.165605
073_ip_beta1_lapin-off_-_g0.3,ip_beta1,1000,0.4,200,6,7,0.211938,0.283496,0.045455,17.436927
073_ip_beta1_lapin-off_-_g0.3,ip_beta1,1000,0.4,200,6,8,0.227449,0.290844,0.027027,14.91224
073_ip_beta1_lapin-off_-_g0.3,ip_beta1,1000,0.4,200,6,9,0.095244,0.158291,0.0,12.812935
073_ip_beta1_lapin-off_-_g0.3,ip_beta1,1000,0.4,200,6,10,0.209614,0.303755,0.04878,18.179206
074_ip_beta1_lapin-off_-_g0.5,ip_beta1,1000,0.4,200,6,1,0.227249,0.266255,0.0,17.404661
074_ip_beta1_lapin-off_-_g0.5,ip_beta1,1000,0.4,200,6,2,0.309504,0.300004,0.102564,17.559954
074_ip_beta1_lapin-off_-_g0.5,ip_beta1,1000,0.4,200,6,3,0.255753,0.329035,0.046512,18.608945
074_ip_beta1_lapin-off_-_g0.5,ip_beta1,1000,0.4,200,6,4,0.311999,0.368625,0.105263,15.811025
074_ip_beta1_lapin-off_-_g0.5,ip_beta1,1000,0.4,200,6,5,0.299787,0.283957,0.139535,17.298573
074_ip_beta1_lapin-off_-_g0.5,ip_beta1,1000,0.4,200,6,6,0.277645,0.269777,0.219512,19.165605
074_ip_beta1_lapin-off_-_g0.5,ip_beta1,1000,0.4,200,6,7,0.299806,0.334419,0.045455,17.436927
074_ip_beta1_lapin-off_-_g0.5,ip_beta1,1000,0.4,200,6,8,0.325318,0.36298,0.027027,14.91224
074_ip_beta1_lapin-off_-_g0.5,ip_beta1,1000,0.4,200,6,9,0.227651,0.277881,0.0,12.812935
074_ip_beta1_lapin-off_-_g0.5,ip_beta1,1000,0.4,200,6,10,0.292449,0.356411,0.04878,18.179206
075_ip_beta1_lapin-off_-_g0.6,ip_beta1,1000,0.4,200,6,1,0.254679,0.286887,0.0,17.404661
075_ip_beta1_lapin-off_-_g0.6,ip_beta1,1000,0.4,200,6,2,0.329778,0.322191,0.102564,17.559954
075_ip_beta1_lapin-off_-_g0.6,ip_beta1,1000,0.4,200,6,3,0.309815,0.35859,0.046512,18.608945
075_ip_beta1_lapin-off_-_g0.6,ip_beta1,1000,0.4,200,6,4,0.332708,0.370522,0.105263,15.811025
075_ip_beta1_lapin-off_-_g0.6,ip_beta1,1000,0.4,200,6,5,0.34105,0.31406,0.139535,17.298573
075_ip_beta1_lapin-off_-_g0.6,ip_beta1,1000,0.4,200,6,6,0.305926,0.268885,0.219512,19.165605
075_ip_beta1_lapin-off_-_g0.6,ip_beta1,1000,0.4,200,6,7,0.320402,0.359806,0.045455,17.436927
075_ip_beta1_lapin-off_-_g0.6,ip_beta1,1000,0.4,200,6,8,0.33562,0.367095,0.027027,14.91224
075_ip_beta1_lapin-off_-_g0.6,ip_beta1,1000,0.4,200,6,9,0.2658,0.3014,0.0,12.812935
075_ip_beta1_lapin-off_-_g0.6,ip_beta1,1000,0.4,200,6,10,0.323384,0.359716,0.04878,18.179206
076_ip_beta1_lapin-off_-_g0.7,ip_beta1,1000,0.4,200,6,1,0.286792,0.315,0.0,17.404661
076_ip_beta1_lapin-off_-_g0.7,ip_beta1,1000,0.4,200,6,2,0.361591,0.339861,0.102564,17.559954
076_ip_beta1_lapin-off_-_g0.7,ip_beta1,1000,0.4,200,6,3,0.313652,0.353464,0.046512,18.608945
076_ip_beta1_lapin-off_-_g0.7,ip_beta1,1000,0.4,200,6,4,0.357404,0.37169,0.105263,15.811025
076_ip_beta1_lapin-off_-_g0.7,ip_beta1,1000,0.4,200,6,5,0.341263,0.335395,0.139535,17.298573
076_ip_beta1_lapin-off_-_g0.7,ip_beta1,1000,0.4,200,6,6,0.314264,0.275436,0.219512,19.165605
076_ip_beta1_lapin-off_-_g0.7,ip_beta1,1000,0.4,200,6,7,0.336011,0.368479,0.045455,17.436927
076_ip_beta1_lapin-off_-_g0.7,ip_beta1,1000,0.4,200,6,8,0.328824,0.360104,0.027027,14.91224
076_ip_beta1_lapin-off_-_g0.7,ip_beta1,1000,0.4,200,6,9,0.275444,0.316346,0.0,12.812935
076_ip_beta1_lapin-off_-_g0.7,ip_beta1,1000,0.4,200,6,10,0.337427,0.370432,0.04878,18.179206
077_ip_beta1_lapin-off_-_g0.8,ip_beta1,1000,0.4,200,6,1,0.304103,0.343852,0.0,17.404661
077_ip_beta1_lapin-off_-_g0.8,ip_beta1,1000,0.4,200,6,2,0.351434,0.333922,0.102564,17.559954
077_ip_beta1_lapin-off_-_g0.8,ip_beta1,1000,0.4,200,6,3,0.322014,0.355218,0.046512,18.608945
077_ip_beta1_lapin-off_-_g0.8,ip_beta1,1000,0.4,200,6,4,0.354724,0.371072,0.105263,15.811025
077_ip_beta1_lapin-off_-_g0.8,ip_beta1,1000,0.4,200,6,5,0.368893,0.353331,0.139535,17.298573
077_ip_beta1_lapin-off_-_g0.8,ip_beta1,1000,0.4,200,6,6,0.314069,0.316366,0.219512,19.165605
077_ip_beta1_lapin-off_-_g0.8,ip_beta1,1000,0.4,200,6,7,0.34869,0.36137,0.045455,17.436927
077_ip_beta1_lapin-off_-_g0.8,ip_beta1,1000,0.4,200,6,8,0.319632,0.357355,0.027027,14.91224
077_ip_beta1_lapin-off_-_g0.8,ip_beta1,1000,0.4,200,6,9,0.299372,0.331426,0.0,12.812935
077_ip_beta1_lapin-off_-_g0.8,ip_beta1,1000,0.4,200,6,10,0.32814,0.367881,0.04878,18.179206
078_ip_beta1_lapin-off_-_g0.9,ip_beta1,1000,0.4,200,6,1,0.301753,0.349318,0.0,17.404661
078_ip_beta1_lapin-off_-_g0.9,ip_beta1,1000,0.4,200,6,2,0.315399,0.333357,0.102564,17.559954
078_ip_beta1_lapin-off_-_g0.9,ip_beta1,1000,0.4,200,6,3,0.331103,0.354593,0.046512,18.608945
078_ip_beta1_lapin-off_-_g0.9,ip_beta1,1000,0.4,200,6,4,0.338069,0.365885,0.105263,15.811025
078_ip_beta1_lapin-off_-_g0.9,ip_beta1,1000,0.4,200,6,5,0.360521,0.360904,0.139535,17.298573
078_ip_beta1_lapin-off_-_g0.9,ip_beta1,1000,0.4,200,6,6,0.323792,0.318521,0.195122,19.165605
078_ip_beta1_lapin-off_-_g0.9,ip_beta1,1000,0.4,200,6,7,0.330899,0.353443,0.045455,17.436927
078_ip_beta1_lapin-off_-_g0.9,ip_beta1,1000,0.4,200,6,8,0.324603,0.351617,0.027027,14.91224
078_ip_beta1_lapin-off_-_g0.9,ip_beta1,1000,0.4,200,6,9,0.269019,0.329762,0.0,12.812935
078_ip_beta1_lapin-off_-_g0.9,ip_beta1,1000,0.4,200,6,10,0.330759,0.363974,0.04878,18.179206
079_ip_beta1_lapin-on_lsym_g0.3,ip_beta1,1000,0.4,200,6,1,0.062999,0.150173,0.282051,37.615763
079_ip_beta1_lapin-on_lsym_g0.3,ip_beta1,1000,0.4,200,6,2,0.10489,0.1296,0.333333,31.143897
079_ip_beta1_lapin-on_lsym_g0.3,ip_beta1,1000,0.4,200,6,3,0.020772,0.105711,0.348837,37.268611
079_ip_beta1_lapin-on_lsym_g0.3,ip_beta1,1000,0.4,200,6,4,0.084042,0.169667,0.394737,28.324188
079_ip_beta1_lapin-on_lsym_g0.3,ip_beta1,1000,0.4,200,6,5,0.07104,0.164827,0.372093,30.045037
079_ip_beta1_lapin-on_lsym_g0.3,ip_beta1,1000,0.4,200,6,6,0.033347,0.125324,0.512195,34.858076
079_ip_beta1_lapin-on_lsym_g0.3,ip_beta1,1000,0.4,200,6,7,0.108453,0.19182,0.318182,33.394764
079_ip_beta1_lapin-on_lsym_g0.3,ip_beta1,1000,0.4,200,6,8,0.052896,0.125144,0.432432,30.07944
079_ip_beta1_lapin-on_lsym_g0.3,ip_beta1,1000,0.4,200,6,9,0.039211,0.115957,0.470588,27.964444
079_ip_beta1_lapin-on_lsym_g0.3,ip_beta1,1000,0.4,200,6,10,0.044139,0.107657,0.317073,34.612597
080_ip_beta1_lapin-on_lsym_g0.5,ip_beta1,1000,0.4,200,6,1,0.154394,0.246587,0.282051,37.615763
080_ip_beta1_lapin-on_lsym_g0.5,ip_beta1,1000,0.4,200,6,2,0.161897,0.187876,0.333333,31.143897
080_ip_beta1_lapin-on_lsym_g0.5,ip_beta1,1000,0.4,200,6,3,0.122453,0.164418,0.348837,37.268611
080_ip_beta1_lapin-on_lsym_g0.5,ip_beta1,1000,0.4,200,6,4,0.218401,0.290107,0.394737,28.324188
080_ip_beta1_lapin-on_lsym_g0.5,ip_beta1,1000,0.4,200,6,5,0.177606,0.244175,0.372093,30.045037
080_ip_beta1_lapin-on_lsym_g0.5,ip_beta1,1000,0.4,200,6,6,0.123991,0.194649,0.512195,34.858076
080_ip_beta1_lapin-on_lsym_g0.5,ip_beta1,1000,0.4,200,6,7,0.212374,0.265293,0.318182,33.394764
080_ip_beta1_lapin-on_lsym_g0.5,ip_beta1,1000,0.4,200,6,8,0.156285,0.216134,0.432432,30.07944
080_ip_beta1_lapin-on_lsym_g0.5,ip_beta1,1000,0.4,200,6,9,0.132876,0.231297,0.470588,27.964444
080_ip_beta1_lapin-on_lsym_g0.5,ip_beta1,1000,0.4,200,6,10,0.113811,0.196978,0.317073,34.612597
081_ip_beta1_lapin-on_lsym_g0.6,ip_beta1,1000,0.4,200,6,1,0.195267,0.267521,0.282051,37.615763
081_ip_beta1_lapin-on_lsym_g0.6,ip_beta1,1000,0.4,200,6,2,0.209626,0.211997,0.333333,31.143897
081_ip_beta1_lapin-on_lsym_g0.6,ip_beta1,1000,0.4,200,6,3,0.164012,0.180529,0.348837,37.268611
081_ip_beta1_lapin-on_lsym_g0.6,ip_beta1,1000,0.4,200,6,4,0.264883,0.319504,0.394737,28.324188
081_ip_beta1_lapin-on_lsym_g0.6,ip_beta1,1000,0.4,200,6,5,0.208703,0.263481,0.372093,30.045037
081_ip_beta1_lapin-on_lsym_g0.6,ip_beta1,1000,0.4,200,6,6,0.14477,0.220803,0.512195,34.858076
081_ip_beta1_lapin-on_lsym_g0.6,ip_beta1,1000,0.4,200,6,7,0.250951,0.305992,0.318182,33.394764
081_ip_beta1_lapin-on_lsym_g0.6,ip_beta1,1000,0.4,200,6,8,0.155313,0.23622,0.432432,30.07944
081_ip_beta1_lapin-on_lsym_g0.6,ip_beta1,1000,0.4,200,6,9,0.177828,0.264662,0.470588,27.964444
081_ip_beta1_lapin-on_lsym_g0.6,ip_beta1,1000,0.4,200,6,10,0.157448,0.207859,0.317073,34.612597
082_ip_beta1_lapin-on_lsym_g0.7,ip_beta1,1000,0.4,200,6,1,0.234887,0.288009,0.282051,37.615763
082_ip_beta1_lapin-on_lsym_g0.7,ip_beta1,1000,0.4,200,6,2,0.228879,0.231522,0.333333,31.143897
082_ip_beta1_lapin-on_lsym_g0.7,ip_beta1,1000,0.4,200,6,3,0.180859,0.19463,0.348837,37.268611
082_ip_beta1_lapin-on_lsym_g0.7,ip_beta1,1000,0.4,200,6,4,0.27748,0.308977,0.394737,28.324188
082_ip_beta1_lapin-on_lsym_g0.7,ip_beta1,1000,0.4,200,6,5,0.204985,0.284765,0.372093,30.045037
082_ip_beta1_lapin-on_lsym_g0.7,ip_beta1,1000,0.4,200,6,6,0.172217,0.230405,0.512195,34.858076
082_ip_beta1_lapin-on_lsym_g0.7,ip_beta1,1000,0.4,200,6,7,0.246086,0.310774,0.318182,33.394764
082_ip_beta1_lapin-on_lsym_g0.7,ip_beta1,1000,0.4,200,6,8,0.153182,0.229086,0.432432,30.07944
082_ip_beta1_lapin-on_lsym_g0.7,ip_beta1,1000,0.4,200,6,9,0.204956,0.268675,0.470588,27.964444
082_ip_beta1_lapin-on_lsym_g0.7,ip_beta1,1000,0.4,200,6,10,0.204867,0.226001,0.317073,34.612597
083_ip_beta1_lapin-on_lsym_g0.8,ip_beta1,1000,0.4,200,6,1,0.251319,0.29786,0.282051,37.615763
083_ip_beta1_lapin-on_lsym_g0.8,ip_beta1,1000,0.4,200,6,2,0.257367,0.251074,0.333333,31.143897
083_ip_beta1_lapin-on_lsym_g0.8,ip_beta1,1000,0.4,200,6,3,0.207153,0.210062,0.348837,37.268611
083_ip_beta1_lapin-on_lsym_g0.8,ip_beta1,1000,0.4,200,6,4,0.27946,0.31019,0.368421,28.324188
083_ip_beta1_lapin-on_lsym_g0.8,ip_beta1,1000,0.4,200,6,5,0.223223,0.301752,0.325581,30.045037
083_ip_beta1_lapin-on_lsym_g0.8,ip_beta1,1000,0.4,200,6,6,0.201673,0.242049,0.487805,34.858076
083_ip_beta1_lapin-on_lsym_g0.8,ip_beta1,1000,0.4,200,6,7,0.261495,0.310335,0.295455,33.394764
083_ip_beta1_lapin-on_lsym_g0.8,ip_beta1,1000,0.4,200,6,8,0.178731,0.257243,0.432432,30.07944
083_ip_beta1_lapin-on_lsym_g0.8,ip_beta1,1000,0.4,200,6,9,0.212934,0.274414,0.470588,27.964444
083_ip_beta1_lapin-on_lsym_g0.8,ip_beta1,1000,0.4,200,6,10,0.221752,0.237583,0.317073,34.612597
084_ip_beta1_lapin-on_lsym_g0.9,ip_beta1,1000,0.4,200,6,1,0.249872,0.292647,0.230769,37.615763
084_ip_beta1_lapin-on_lsym_g0.9,ip_beta1,1000,0.4,200,6,2,0.258776,0.262235,0.333333,31.143897
084_ip_beta1_lapin-on_lsym_g0.9,ip_beta1,1000,0.4,200,6,3,0.223812,0.230689,0.348837,37.268611
084_ip_beta1_lapin-on_lsym_g0.9,ip_beta1,1000,0.4,200,6,4,0.289115,0.307883,0.368421,28.324188
084_ip_beta1_lapin-on_lsym_g0.9,ip_beta1,1000,0.4,200,6,5,0.224755,0.289103,0.325581,30.045037
084_ip_beta1_lapin-on_lsym_g0.9,ip_beta1,1000,0.4,200,6,6,0.21079,0.254868,0.487805,34.858076
084_ip_beta1_lapin-on_lsym_g0.9,ip_beta1,1000,0.4,200,6,7,0.245888,0.305567,0.295455,33.394764
084_ip_beta1_lapin-on_lsym_g0.9,ip_beta1,1000,0.4,200,6,8,0.188614,0.259539,0.432432,30.07944
084_ip_beta1_lapin-on_lsym_g0.9,ip_beta1,1000,0.4,200,6,9,0.229834,0.277155,0.470588,27.964444
084_ip_beta1_lapin-on_lsym_g0.9,ip_beta1,1000,0.4,200,6,10,0.214326,0.247708,0.292683,34.612597
013_kul_lapin-off_-_g0.3,kul,1000,0.4,200,6,1,0.355511,0.355152,0.25641,18.848785
013_kul_lapin-off_-_g0.3,kul,1000,0.4,200,6,2,0.340616,0.30245,0.205128,17.968464
013_kul_lapin-off_-_g0.3,kul,1000,0.4,200,6,3,0.398136,0.368212,0.139535,17.676387
013_kul_lapin-off_-_g0.3,kul,1000,0.4,200,6,4,0.31417,0.317616,0.315789,19.699574
013_kul_lapin-off_-_g0.3,kul,1000,0.4,200,6,5,0.336907,0.337986,0.302326,20.485744
013_kul_lapin-off_-_g0.3,kul,1000,0.4,200,6,6,0.33844,0.312744,0.195122,19.483316
013_kul_lapin-off_-_g0.3,kul,1000,0.4,200,6,7,0.365482,0.345499,0.25,21.108491
013_kul_lapin-off_-_g0.3,kul,1000,0.4,200,6,8,0.336231,0.342993,0.297297,20.027897
013_kul_lapin-off_-_g0.3,kul,1000,0.4,200,6,9,0.298605,0.311201,0.294118,16.524361
013_kul_lapin-off_-_g0.3,kul,1000,0.4,200,6,10,0.317431,0.301084,0.243902,19.317194
014_kul_lapin-off_-_g0.5,kul,1000,0.4,200,6,1,0.373832,0.361154,0.25641,18.848785
014_kul_lapin-off_-_g0.5,kul,1000,0.4,200,6,2,0.372065,0.309224,0.205128,17.968464
014_kul_lapin-off_-_g0.5,kul,1000,0.4,200,6,3,0.422347,0.381178,0.139535,17.676387
014_kul_lapin-off_-_g0.5,kul,1000,0.4,200,6,4,0.364148,0.331023,0.315789,19.699574
014_kul_lapin-off_-_g0.5,kul,1000,0.4,200,6,5,0.381717,0.331416,0.302326,20.485744
014_kul_lapin-off_-_g0.5,kul,1000,0.4,200,6,6,0.392463,0.333309,0.195122,19.483316
014_kul_lapin-off_-_g0.5,kul,1000,0.4,200,6,7,0.416927,0.354871,0.25,21.108491
014_kul_lapin-off_-_g0.5,kul,1000,0.4,200,6,8,0.372762,0.350248,0.297297,20.027897
014_kul_lapin-off_-_g0.5,kul,1000,0.4,200,6,9,0.343411,0.322438,0.294118,16.524361
014_kul_lapin-off_-_g0.5,kul,1000,0.4,200,6,10,0.366205,0.290973,0.243902,19.317194
015_kul_lapin-off_-_g0.6,kul,1000,0.4,200,6,1,0.361186,0.342879,0.25641,18.848785
015_kul_lapin-off_-_g0.6,kul,1000,0.4,200,6,2,0.359381,0.295612,0.205128,17.968464
015_kul_lapin-off_-_g0.6,kul,1000,0.4,200,6,3,0.416955,0.364028,0.139535,17.676387
015_kul_lapin-off_-_g0.6,kul,1000,0.4,200,6,4,0.354675,0.313975,0.315789,19.699574
015_kul_lapin-off_-_g0.6,kul,1000,0.4,200,6,5,0.363902,0.320112,0.302326,20.485744
015_kul_lapin-off_-_g0.6,kul,1000,0.4,200,6,6,0.377747,0.32298,0.195122,19.483316
015_kul_lapin-off_-_g0.6,kul,1000,0.4,200,6,7,0.414381,0.357924,0.25,21.108491
015_kul_lapin-off_-_g0.6,kul,1000,0.4,200,6,8,0.361967,0.339992,0.297297,20.027897
015_kul_lapin-off_-_g0.6,kul,1000,0.4,200,6,9,0.336135,0.317273,0.294118,16.524361
015_kul_lapin-off_-_g0.6,kul,1000,0.4,200,6,10,0.347531,0.291034,0.243902,19.317194
016_kul_lapin-off_-_g0.7,kul,1000,0.4,200,6,1,0.359975,0.335499,0.25641,18.848785
016_kul_lapin-off_-_g0.7,kul,1000,0.4,200,6,2,0.347144,0.307563,0.205128,17.968464
016_kul_lapin-off_-_g0.7,kul,1000,0.4,200,6,3,0.407604,0.348899,0.139535,17.676387
016_kul_lapin-off_-_g0.7,kul,1000,0.4,200,6,4,0.334464,0.294427,0.315789,19.699574
016_kul_lapin-off_-_g0.7,kul,1000,0.4,200,6,5,0.341244,0.324562,0.302326,20.485744
016_kul_lapin-off_-_g0.7,kul,1000,0.4,200,6,6,0.365349,0.308608,0.195122,19.483316
016_kul_lapin-off_-_g0.7,kul,1000,0.4,200,6,7,0.397297,0.341265,0.25,21.108491
016_kul_lapin-off_-_g0.7,kul,1000,0.4,200,6,8,0.337388,0.320719,0.297297,20.027897
016_kul_lapin-off_-_g0.7,kul,1000,0.4,200,6,9,0.328345,0.296677,0.294118,16.524361
016_kul_lapin-off_-_g0.7,kul,1000,0.4,200,6,10,0.347525,0.312474,0.243902,19.317194
017_kul_lapin-off_-_g0.8,kul,1000,0.4,200,6,1,0.343974,0.314589,0.25641,18.848785
017_kul_lapin-off_-_g0.8,kul,1000,0.4,200,6,2,0.322678,0.305796,0.205128,17.968464
017_kul_lapin-off_-_g0.8,kul,1000,0.4,200,6,3,0.382822,0.324693,0.139535,17.676387
017_kul_lapin-off_-_g0.8,kul,1000,0.4,200,6,4,0.310686,0.274021,0.315789,19.699574
017_kul_lapin-off_-_g0.8,kul,1000,0.4,200,6,5,0.331153,0.309757,0.302326,20.485744
017_kul_lapin-off_-_g0.8,kul,1000,0.4,200,6,6,0.360938,0.292196,0.195122,19.483316
017_kul_lapin-off_-_g0.8,kul,1000,0.4,200,6,7,0.36257,0.332825,0.25,21.108491
017_kul_lapin-off_-_g0.8,kul,1000,0.4,200,6,8,0.32585,0.295506,0.297297,20.027897
017_kul_lapin-off_-_g0.8,kul,1000,0.4,200,6,9,0.333267,0.287985,0.294118,16.524361
017_kul_lapin-off_-_g0.8,kul,1000,0.4,200,6,10,0.357804,0.302926,0.243902,19.317194
018_kul_lapin-off_-_g0.9,kul,1000,0.4,200,6,1,0.325112,0.30196,0.25641,18.848785
018_kul_lapin-off_-_g0.9,kul,1000,0.4,200,6,2,0.31308,0.291131,0.179487,17.968464
018_kul_lapin-off_-_g0.9,kul,1000,0.4,200,6,3,0.360026,0.307296,0.139535,17.676387
018_kul_lapin-off_-_g0.9,kul,1000,0.4,200,6,4,0.294236,0.258217,0.315789,19.699574
018_kul_lapin-off_-_g0.9,kul,1000,0.4,200,6,5,0.304669,0.294288,0.27907,20.485744
018_kul_lapin-off_-_g0.9,kul,1000,0.4,200,6,6,0.339668,0.29702,0.195122,19.483316
018_kul_lapin-off_-_g0.9,kul,1000,0.4,200,6,7,0.348293,0.320086,0.204545,21.108491
018_kul_lapin-off_-_g0.9,kul,1000,0.4,200,6,8,0.307875,0.282456,0.297297,20.027897
018_kul_lapin-off_-_g0.9,kul,1000,0.4,200,6,9,0.321948,0.284513,0.294118,16.524361
018_kul_lapin-off_-_g0.9,kul,1000,0.4,200,6,10,0.342721,0.303197,0.219512,19.317194
019_kul_lapin-on_lsym_g0.3,kul,1000,0.4,200,6,1,0.053175,0.142461,0.076923,24.948074
019_kul_lapin-on_lsym_g0.3,kul,1000,0.4,200,6,2,0.064048,0.126055,0.102564,25.922423
019_kul_lapin-on_lsym_g0.3,kul,1000,0.4,200,6,3,0.097482,0.143928,0.069767,25.902613
019_kul_lapin-on_lsym_g0.3,kul,1000,0.4,200,6,4,0.16002,0.221828,0.078947,24.417162
019_kul_lapin-on_lsym_g0.3,kul,1000,0.4,200,6,5,0.049144,0.1261,0.046512,29.057129
019_kul_lapin-on_lsym_g0.3,kul,1000,0.4,200,6,6,0.113042,0.189902,0.121951,27.097285
019_kul_lapin-on_lsym_g0.3,kul,1000,0.4,200,6,7,0.1639,0.22219,0.068182,27.10903
019_kul_lapin-on_lsym_g0.3,kul,1000,0.4,200,6,8,0.124735,0.183074,0.297297,30.148672
019_kul_lapin-on_lsym_g0.3,kul,1000,0.4,200,6,9,0.087313,0.163587,0.235294,24.114625
019_kul_lapin-on_lsym_g0.3,kul,1000,0.4,200,6,10,0.118779,0.209132,0.073171,27.395331
020_kul_lapin-on_lsym_g0.5,kul,1000,0.4,200,6,1,0.129158,0.257936,0.076923,24.948074
020_kul_lapin-on_lsym_g0.5,kul,1000,0.4,200,6,2,0.214176,0.211752,0.102564,25.922423
020_kul_lapin-on_lsym_g0.5,kul,1000,0.4,200,6,3,0.195812,0.211531,0.069767,25.902613
020_kul_lapin-on_lsym_g0.5,kul,1000,0.4,200,6,4,0.279268,0.2941,0.078947,24.417162
020_kul_lapin-on_lsym_g0.5,kul,1000,0.4,200,6,5,0.107587,0.209293,0.046512,29.057129
020_kul_lapin-on_lsym_g0.5,kul,1000,0.4,200,6,6,0.226279,0.251108,0.121951,27.097285
020_kul_lapin-on_lsym_g0.5,kul,1000,0.4,200,6,7,0.284147,0.290559,0.068182,27.10903
020_kul_lapin-on_lsym_g0.5,kul,1000,0.4,200,6,8,0.259873,0.251723,0.297297,30.148672
020_kul_lapin-on_lsym_g0.5,kul,1000,0.4,200,6,9,0.207777,0.241592,0.235294,24.114625
020_kul_lapin-on_lsym_g0.5,kul,1000,0.4,200,6,10,0.238632,0.280152,0.073171,27.395331
021_kul_lapin-on_lsym_g0.6,kul,1000,0.4,200,6,1,0.172273,0.277612,0.076923,24.948074
021_kul_lapin-on_lsym_g0.6,kul,1000,0.4,200,6,2,0.25975,0.226901,0.102564,25.922423
021_kul_lapin-on_lsym_g0.6,kul,1000,0.4,200,6,3,0.251736,0.253848,0.069767,25.902613
021_kul_lapin-on_lsym_g0.6,kul,1000,0.4,200,6,4,0.294987,0.314165,0.078947,24.417162
021_kul_lapin-on_lsym_g0.6,kul,1000,0.4,200,6,5,0.144146,0.238172,0.046512,29.057129
021_kul_lapin-on_lsym_g0.6,kul,1000,0.4,200,6,6,0.265349,0.275429,0.121951,27.097285
021_kul_lapin-on_lsym_g0.6,kul,1000,0.4,200,6,7,0.308295,0.332988,0.068182,27.10903
021_kul_lapin-on_lsym_g0.6,kul,1000,0.4,200,6,8,0.337288,0.28236,0.297297,30.148672
021_kul_lapin-on_lsym_g0.6,kul,1000,0.4,200,6,9,0.225952,0.24722,0.235294,24.114625
021_kul_lapin-on_lsym_g0.6,kul,1000,0.4,200,6,10,0.273184,0.306844,0.073171,27.395331
022_kul_lapin-on_lsym_g0.7,kul,1000,0.4,200,6,1,0.223222,0.304346,0.076923,24.948074
022_kul_lapin-on_lsym_g0.7,kul,1000,0.4,200,6,2,0.261721,0.241346,0.102564,25.922423
022_kul_lapin-on_lsym_g0.7,kul,1000,0.4,200,6,3,0.274806,0.288318,0.069767,25.902613
022_kul_lapin-on_lsym_g0.7,kul,1000,0.4,200,6,4,0.305442,0.319876,0.078947,24.417162
022_kul_lapin-on_lsym_g0.7,kul,1000,0.4,200,6,5,0.191547,0.256565,0.046512,29.057129
022_kul_lapin-on_lsym_g0.7,kul,1000,0.4,200,6,6,0.294476,0.307593,0.121951,27.097285
022_kul_lapin-on_lsym_g0.7,kul,1000,0.4,200,6,7,0.323734,0.330652,0.068182,27.10903
022_kul_lapin-on_lsym_g0.7,kul,1000,0.4,200,6,8,0.354825,0.309971,0.297297,30.148672
022_kul_lapin-on_lsym_g0.7,kul,1000,0.4,200,6,9,0.288417,0.287954,0.235294,24.114625
022_kul_lapin-on_lsym_g0.7,kul,1000,0.4,200,6,10,0.287545,0.31596,0.073171,27.395331
023_kul_lapin-on_lsym_g0.8,kul,1000,0.4,200,6,1,0.237446,0.303732,0.076923,24.948074
023_kul_lapin-on_lsym_g0.8,kul,1000,0.4,200,6,2,0.312485,0.276505,0.102564,25.922423
023_kul_lapin-on_lsym_g0.8,kul,1000,0.4,200,6,3,0.289401,0.29545,0.069767,25.902613
023_kul_lapin-on_lsym_g0.8,kul,1000,0.4,200,6,4,0.303104,0.318481,0.078947,24.417162
023_kul_lapin-on_lsym_g0.8,kul,1000,0.4,200,6,5,0.19239,0.266084,0.046512,29.057129
023_kul_lapin-on_lsym_g0.8,kul,1000,0.4,200,6,6,0.330254,0.323354,0.121951,27.097285
023_kul_lapin-on_lsym_g0.8,kul,1000,0.4,200,6,7,0.324619,0.328722,0.068182,27.10903
023_kul_lapin-on_lsym_g0.8,kul,1000,0.4,200,6,8,0.363099,0.330943,0.297297,30.148672
023_kul_lapin-on_lsym_g0.8,kul,1000,0.4,200,6,9,0.27869,0.309533,0.205882,24.114625
023_kul_lapin-on_lsym_g0.8,kul,1000,0.4,200,6,10,0.306125,0.316231,0.073171,27.395331
024_kul_lapin-on_lsym_g0.9,kul,1000,0.4,200,6,1,0.235872,0.297515,0.076923,24.948074
024_kul_lapin-on_lsym_g0.9,kul,1000,0.4,200,6,2,0.323734,0.311038,0.102564,25.922423
024_kul_lapin-on_lsym_g0.9,kul,1000,0.4,200,6,3,0.306408,0.297708,0.069767,25.902613
024_kul_lapin-on_lsym_g0.9,kul,1000,0.4,200,6,4,0.297385,0.331061,0.078947,24.417162
024_kul_lapin-on_lsym_g0.9,kul,1000,0.4,200,6,5,0.205139,0.285195,0.046512,29.057129
024_kul_lapin-on_lsym_g0.9,kul,1000,0.4,200,6,6,0.324763,0.329897,0.121951,27.097285
024_kul_lapin-on_lsym_g0.9,kul,1000,0.4,200,6,7,0.311422,0.328695,0.045455,27.10903
024_kul_lapin-on_lsym_g0.9,kul,1000,0.4,200,6,8,0.342105,0.322979,0.297297,30.148672
024_kul_lapin-on_lsym_g0.9,kul,1000,0.4,200,6,9,0.270519,0.314538,0.205882,24.114625
024_kul_lapin-on_lsym_g0.9,kul,1000,0.4,200,6,10,0.287368,0.304464,0.073171,27.395331
037_ochiai_lapin-off_-_g0.3,ochiai,1000,0.4,200,6,1,0.36535,0.365234,0.205128,17.581941
037_ochiai_lapin-off_-_g0.3,ochiai,1000,0.4,200,6,2,0.302677,0.292192,0.282051,19.395142
037_ochiai_lapin-off_-_g0.3,ochiai,1000,0.4,200,6,3,0.391489,0.372341,0.232558,20.359944
037_ochiai_lapin-off_-_g0.3,ochiai,1000,0.4,200,6,4,0.280736,0.262403,0.394737,20.579554
037_ochiai_lapin-off_-_g0.3,ochiai,1000,0.4,200,6,5,0.380639,0.374774,0.209302,18.91829
037_ochiai_lapin-off_-_g0.3,ochiai,1000,0.4,200,6,6,0.345279,0.351242,0.170732,18.309
037_ochiai_lapin-off_-_g0.3,ochiai,1000,0.4,200,6,7,0.355713,0.326986,0.227273,20.278629
037_ochiai_lapin-off_-_g0.3,ochiai,1000,0.4,200,6,8,0.311339,0.310117,0.351351,19.111618
037_ochiai_lapin-off_-_g0.3,ochiai,1000,0.4,200,6,9,0.244797,0.280975,0.294118,16.386878
037_ochiai_lapin-off_-_g0.3,ochiai,1000,0.4,200,6,10,0.390666,0.344337,0.219512,19.059173
038_ochiai_lapin-off_-_g0.5,ochiai,1000,0.4,200,6,1,0.381342,0.364871,0.205128,17.581941
038_ochiai_lapin-off_-_g0.5,ochiai,1000,0.4,200,6,2,0.378312,0.317079,0.282051,19.395142
038_ochiai_lapin-off_-_g0.5,ochiai,1000,0.4,200,6,3,0.42523,0.367281,0.232558,20.359944
038_ochiai_lapin-off_-_g0.5,ochiai,1000,0.4,200,6,4,0.332097,0.303307,0.394737,20.579554
038_ochiai_lapin-off_-_g0.5,ochiai,1000,0.4,200,6,5,0.369095,0.370688,0.209302,18.91829
038_ochiai_lapin-off_-_g0.5,ochiai,1000,0.4,200,6,6,0.377984,0.365045,0.170732,18.309
038_ochiai_lapin-off_-_g0.5,ochiai,1000,0.4,200,6,7,0.413653,0.371095,0.227273,20.278629
038_ochiai_lapin-off_-_g0.5,ochiai,1000,0.4,200,6,8,0.372529,0.335629,0.351351,19.111618
038_ochiai_lapin-off_-_g0.5,ochiai,1000,0.4,200,6,9,0.362648,0.342375,0.294118,16.386878
038_ochiai_lapin-off_-_g0.5,ochiai,1000,0.4,200,6,10,0.389827,0.322776,0.219512,19.059173
039_ochiai_lapin-off_-_g0.6,ochiai,1000,0.4,200,6,1,0.375977,0.350536,0.205128,17.581941
039_ochiai_lapin-off_-_g0.6,ochiai,1000,0.4,200,6,2,0.375307,0.31854,0.282051,19.395142
039_ochiai_lapin-off_-_g0.6,ochiai,1000,0.4,200,6,3,0.420394,0.351371,0.232558,20.359944
039_ochiai_lapin-off_-_g0.6,ochiai,1000,0.4,200,6,4,0.334582,0.298295,0.394737,20.579554
039_ochiai_lapin-off_-_g0.6,ochiai,1000,0.4,200,6,5,0.359087,0.352524,0.209302,18.91829
039_ochiai_lapin-off_-_g0.6,ochiai,1000,0.4,200,6,6,0.357622,0.346245,0.170732,18.309
039_ochiai_lapin-off_-_g0.6,ochiai,1000,0.4,200,6,7,0.407053,0.358676,0.227273,20.278629
039_ochiai_lapin-off_-_g0.6,ochiai,1000,0.4,200,6,8,0.35297,0.321249,0.351351,19.111618
039_ochiai_lapin-off_-_g0.6,ochiai,1000,0.4,200,6,9,0.356229,0.325178,0.294118,16.386878
039_ochiai_lapin-off_-_g0.6,ochiai,1000,0.4,200,6,10,0.383126,0.322726,0.219512,19.059173
040_ochiai_lapin-off_-_g0.7,ochiai,1000,0.4,200,6,1,0.364373,0.330536,0.205128,17.581941
040_ochiai_lapin-off_-_g0.7,ochiai,1000,0.4,200,6,2,0.372775,0.303249,0.282051,19.395142
040_ochiai_lapin-off_-_g0.7,ochiai,1000,0.4,200,6,3,0.408219,0.329126,0.232558,20.359944
040_ochiai_lapin-off_-_g0.7,ochiai,1000,0.4,200,6,4,0.304975,0.280171,0.394737,20.579554
040_ochiai_lapin-off_-_g0.7,ochiai,1000,0.4,200,6,5,0.357208,0.343149,0.209302,18.91829
040_ochiai_lapin-off_-_g0.7,ochiai,1000,0.4,200,6,6,0.34343,0.326739,0.170732,18.309
040_ochiai_lapin-off_-_g0.7,ochiai,1000,0.4,200,6,7,0.388185,0.345172,0.227273,20.278629
040_ochiai_lapin-off_-_g0.7,ochiai,1000,0.4,200,6,8,0.32929,0.312307,0.351351,19.111618
040_ochiai_lapin-off_-_g0.7,ochiai,1000,0.4,200,6,9,0.350474,0.31295,0.294118,16.386878
040_ochiai_lapin-off_-_g0.7,ochiai,1000,0.4,200,6,10,0.37142,0.323763,0.219512,19.059173
041_ochiai_lapin-off_-_g0.8,ochiai,1000,0.4,200,6,1,0.349377,0.314013,0.205128,17.581941
041_ochiai_lapin-off_-_g0.8,ochiai,1000,0.4,200,6,2,0.354532,0.294624,0.282051,19.395142
041_ochiai_lapin-off_-_g0.8,ochiai,1000,0.4,200,6,3,0.393526,0.31075,0.232558,20.359944
041_ochiai_lapin-off_-_g0.8,ochiai,1000,0.4,200,6,4,0.261318,0.263412,0.394737,20.579554
041_ochiai_lapin-off_-_g0.8,ochiai,1000,0.4,200,6,5,0.325369,0.328623,0.186047,18.91829
041_ochiai_lapin-off_-_g0.8,ochiai,1000,0.4,200,6,6,0.32984,0.316524,0.170732,18.309
041_ochiai_lapin-off_-_g0.8,ochiai,1000,0.4,200,6,7,0.348233,0.326128,0.227273,20.278629
041_ochiai_lapin-off_-_g0.8,ochiai,1000,0.4,200,6,8,0.307069,0.298027,0.351351,19.111618
041_ochiai_lapin-off_-_g0.8,ochiai,1000,0.4,200,6,9,0.329802,0.299903,0.294118,16.386878
041_ochiai_lapin-off_-_g0.8,ochiai,1000,0.4,200,6,10,0.353165,0.318787,0.219512,19.059173
042_ochiai_lapin-off_-_g0.9,ochiai,1000,0.4,200,6,1,0.329984,0.302157,0.205128,17.581941
042_ochiai_lapin-off_-_g0.9,ochiai,1000,0.4,200,6,2,0.34166,0.288599,0.282051,19.395142
042_ochiai_lapin-off_-_g0.9,ochiai,1000,0.4,200,6,3,0.371547,0.297537,0.209302,20.359944
042_ochiai_lapin-off_-_g0.9,ochiai,1000,0.4,200,6,4,0.237341,0.24841,0.368421,20.579554
042_ochiai_lapin-off_-_g0.9,ochiai,1000,0.4,200,6,5,0.317555,0.31088,0.186047,18.91829
042_ochiai_lapin-off_-_g0.9,ochiai,1000,0.4,200,6,6,0.301162,0.301911,0.170732,18.309
042_ochiai_lapin-off_-_g0.9,ochiai,1000,0.4,200,6,7,0.329025,0.313973,0.181818,20.278629
042_ochiai_lapin-off_-_g0.9,ochiai,1000,0.4,200,6,8,0.287004,0.279557,0.297297,19.111618
042_ochiai_lapin-off_-_g0.9,ochiai,1000,0.4,200,6,9,0.322413,0.292606,0.294118,16.386878
042_ochiai_lapin-off_-_g0.9,ochiai,1000,0.4,200,6,10,0.33621,0.304973,0.170732,19.059173
043_ochiai_lapin-on_lsym_g0.3,ochiai,1000,0.4,200,6,1,0.067191,0.138222,0.025641,22.838642
043_ochiai_lapin-on_lsym_g0.3,ochiai,1000,0.4,200,6,2,0.075096,0.104946,0.179487,27.904753
043_ochiai_lapin-on_lsym_g0.3,ochiai,1000,0.4,200,6,3,0.064308,0.158176,0.046512,24.248307
043_ochiai_lapin-on_lsym_g0.3,ochiai,1000,0.4,200,6,4,0.175265,0.253427,0.052632,21.534631
043_ochiai_lapin-on_lsym_g0.3,ochiai,1000,0.4,200,6,5,0.103572,0.169206,0.023256,24.08891
043_ochiai_lapin-on_lsym_g0.3,ochiai,1000,0.4,200,6,6,0.163433,0.234722,0.121951,28.152081
043_ochiai_lapin-on_lsym_g0.3,ochiai,1000,0.4,200,6,7,0.228742,0.286478,0.0,26.808973
043_ochiai_lapin-on_lsym_g0.3,ochiai,1000,0.4,200,6,8,0.121712,0.171419,0.162162,25.318927
043_ochiai_lapin-on_lsym_g0.3,ochiai,1000,0.4,200,6,9,0.187424,0.232389,0.176471,22.723613
043_ochiai_lapin-on_lsym_g0.3,ochiai,1000,0.4,200,6,10,0.208097,0.24506,0.073171,26.878707
044_ochiai_lapin-on_lsym_g0.5,ochiai,1000,0.4,200,6,1,0.172446,0.255522,0.025641,22.838642
044_ochiai_lapin-on_lsym_g0.5,ochiai,1000,0.4,200,6,2,0.181317,0.228476,0.179487,27.904753
044_ochiai_lapin-on_lsym_g0.5,ochiai,1000,0.4,200,6,3,0.132852,0.217094,0.046512,24.248307
044_ochiai_lapin-on_lsym_g0.5,ochiai,1000,0.4,200,6,4,0.272231,0.319772,0.052632,21.534631
044_ochiai_lapin-on_lsym_g0.5,ochiai,1000,0.4,200,6,5,0.238096,0.238446,0.023256,24.08891
044_ochiai_lapin-on_lsym_g0.5,ochiai,1000,0.4,200,6,6,0.313145,0.318933,0.121951,28.152081
044_ochiai_lapin-on_lsym_g0.5,ochiai,1000,0.4,200,6,7,0.312197,0.354081,0.0,26.808973
044_ochiai_lapin-on_lsym_g0.5,ochiai,1000,0.4,200,6,8,0.235839,0.238018,0.162162,25.318927
044_ochiai_lapin-on_lsym_g0.5,ochiai,1000,0.4,200,6,9,0.291864,0.305382,0.176471,22.723613
044_ochiai_lapin-on_lsym_g0.5,ochiai,1000,0.4,200,6,10,0.349521,0.311675,0.073171,26.878707
045_ochiai_lapin-on_lsym_g0.6,ochiai,1000,0.4,200,6,1,0.179684,0.26532,0.025641,22.838642
045_ochiai_lapin-on_lsym_g0.6,ochiai,1000,0.4,200,6,2,0.273185,0.253694,0.179487,27.904753
045_ochiai_lapin-on_lsym_g0.6,ochiai,1000,0.4,200,6,3,0.190929,0.240463,0.046512,24.248307
045_ochiai_lapin-on_lsym_g0.6,ochiai,1000,0.4,200,6,4,0.27725,0.337957,0.052632,21.534631
045_ochiai_lapin-on_lsym_g0.6,ochiai,1000,0.4,200,6,5,0.285832,0.269844,0.023256,24.08891
045_ochiai_lapin-on_lsym_g0.6,ochiai,1000,0.4,200,6,6,0.308411,0.330301,0.121951,28.152081
045_ochiai_lapin-on_lsym_g0.6,ochiai,1000,0.4,200,6,7,0.32681,0.359345,0.0,26.808973
045_ochiai_lapin-on_lsym_g0.6,ochiai,1000,0.4,200,6,8,0.274973,0.248714,0.162162,25.318927
045_ochiai_lapin-on_lsym_g0.6,ochiai,1000,0.4,200,6,9,0.306278,0.322404,0.176471,22.723613
045_ochiai_lapin-on_lsym_g0.6,ochiai,1000,0.4,200,6,10,0.350785,0.319971,0.073171,26.878707
046_ochiai_lapin-on_lsym_g0.7,ochiai,1000,0.4,200,6,1,0.224503,0.291763,0.025641,22.838642
046_ochiai_lapin-on_lsym_g0.7,ochiai,1000,0.4,200,6,2,0.306117,0.264642,0.179487,27.904753
046_ochiai_lapin-on_lsym_g0.7,ochiai,1000,0.4,200,6,3,0.217178,0.253165,0.046512,24.248307
046_ochiai_lapin-on_lsym_g0.7,ochiai,1000,0.4,200,6,4,0.292251,0.342364,0.052632,21.534631
046_ochiai_lapin-on_lsym_g0.7,ochiai,1000,0.4,200,6,5,0.29625,0.30148,0.023256,24.08891
046_ochiai_lapin-on_lsym_g0.7,ochiai,1000,0.4,200,6,6,0.316769,0.338664,0.121951,28.152081
046_ochiai_lapin-on_lsym_g0.7,ochiai,1000,0.4,200,6,7,0.311303,0.34992,0.0,26.808973
046_ochiai_lapin-on_lsym_g0.7,ochiai,1000,0.4,200,6,8,0.297234,0.281013,0.162162,25.318927
046_ochiai_lapin-on_lsym_g0.7,ochiai,1000,0.4,200,6,9,0.324786,0.339347,0.176471,22.723613
046_ochiai_lapin-on_lsym_g0.7,ochiai,1000,0.4,200,6,10,0.360892,0.345677,0.073171,26.878707
047_ochiai_lapin-on_lsym_g0.8,ochiai,1000,0.4,200,6,1,0.232021,0.310161,0.025641,22.838642
047_ochiai_lapin-on_lsym_g0.8,ochiai,1000,0.4,200,6,2,0.325554,0.272649,0.179487,27.904753
047_ochiai_lapin-on_lsym_g0.8,ochiai,1000,0.4,200,6,3,0.227805,0.252831,0.046512,24.248307
047_ochiai_lapin-on_lsym_g0.8,ochiai,1000,0.4,200,6,4,0.301539,0.340616,0.052632,21.534631
047_ochiai_lapin-on_lsym_g0.8,ochiai,1000,0.4,200,6,5,0.300295,0.302865,0.023256,24.08891
047_ochiai_lapin-on_lsym_g0.8,ochiai,1000,0.4,200,6,6,0.317262,0.327009,0.121951,28.152081
047_ochiai_lapin-on_lsym_g0.8,ochiai,1000,0.4,200,6,7,0.307817,0.347321,0.0,26.808973
047_ochiai_lapin-on_lsym_g0.8,ochiai,1000,0.4,200,6,8,0.307796,0.293136,0.162162,25.318927
047_ochiai_lapin-on_lsym_g0.8,ochiai,1000,0.4,200,6,9,0.340723,0.34932,0.176471,22.723613
047_ochiai_lapin-on_lsym_g0.8,ochiai,1000,0.4,200,6,10,0.349378,0.346186,0.073171,26.878707
048_ochiai_lapin-on_lsym_g0.9,ochiai,1000,0.4,200,6,1,0.253188,0.322945,0.025641,22.838642
048_ochiai_lapin-on_lsym_g0.9,ochiai,1000,0.4,200,6,2,0.313045,0.302148,0.179487,27.904753
048_ochiai_lapin-on_lsym_g0.9,ochiai,1000,0.4,200,6,3,0.234799,0.276524,0.046512,24.248307
048_ochiai_lapin-on_lsym_g0.9,ochiai,1000,0.4,200,6,4,0.313197,0.334252,0.052632,21.534631
048_ochiai_lapin-on_lsym_g0.9,ochiai,1000,0.4,200,6,5,0.293612,0.316651,0.023256,24.08891
048_ochiai_lapin-on_lsym_g0.9,ochiai,1000,0.4,200,6,6,0.318807,0.325132,0.121951,28.152081
048_ochiai_lapin-on_lsym_g0.9,ochiai,1000,0.4,200,6,7,0.321923,0.350721,0.0,26.808973
048_ochiai_lapin-on_lsym_g0.9,ochiai,1000,0.4,200,6,8,0.289462,0.316437,0.162162,25.318927
048_ochiai_lapin-on_lsym_g0.9,ochiai,1000,0.4,200,6,9,0.345955,0.348018,0.147059,22.723613
048_ochiai_lapin-on_lsym_g0.9,ochiai,1000,0.4,200,6,10,0.35405,0.347372,0.073171,26.878707
085_cosip_beta0_lapin-off_-_g0.3,cosip_beta0,1000,0.4,200,7,1,0.266757,0.317851,0.234043,21.204446
085_cosip_beta0_lapin-off_-_g0.3,cosip_beta0,1000,0.4,200,7,2,0.336238,0.347476,0.090909,18.559367
085_cosip_beta0_lapin-off_-_g0.3,cosip_beta0,1000,0.4,200,7,3,0.280567,0.327039,0.227273,19.793841
085_cosip_beta0_lapin-off_-_g0.3,cosip_beta0,1000,0.4,200,7,4,0.315487,0.35944,0.191489,21.364063
085_cosip_beta0_lapin-off_-_g0.3,cosip_beta0,1000,0.4,200,7,5,0.29803,0.364119,0.133333,19.21747
085_cosip_beta0_lapin-off_-_g0.3,cosip_beta0,1000,0.4,200,7,6,0.305163,0.345376,0.175,18.792747
085_cosip_beta0_lapin-off_-_g0.3,cosip_beta0,1000,0.4,200,7,7,0.315666,0.324564,0.297872,22.487351
085_cosip_beta0_lapin-off_-_g0.3,cosip_beta0,1000,0.4,200,7,8,0.270726,0.322985,0.186047,19.278282
085_cosip_beta0_lapin-off_-_g0.3,cosip_beta0,1000,0.4,200,7,9,0.303485,0.343838,0.133333,18.84052
086_cosip_beta0_lapin-off_-_g0.5,cosip_beta0,1000,0.4,200,7,1,0.311047,0.326086,0.234043,21.204446
086_cosip_beta0_lapin-off_-_g0.5,cosip_beta0,1000,0.4,200,7,2,0.33891,0.327339,0.090909,18.559367
086_cosip_beta0_lapin-off_-_g0.5,cosip_beta0,1000,0.4,200,7,3,0.303322,0.312585,0.227273,19.793841
086_cosip_beta0_lapin-off_-_g0.5,cosip_beta0,1000,0.4,200,7,4,0.321511,0.33829,0.191489,21.364063
086_cosip_beta0_lapin-off_-_g0.5,cosip_beta0,1000,0.4,200,7,5,0.307916,0.355079,0.133333,19.21747
086_cosip_beta0_lapin-off_-_g0.5,cosip_beta0,1000,0.4,200,7,6,0.309307,0.342362,0.175,18.792747
086_cosip_beta0_lapin-off_-_g0.5,cosip_beta0,1000,0.4,200,7,7,0.346606,0.327349,0.297872,22.487351
086_cosip_beta0_lapin-off_-_g0.5,cosip_beta0,1000,0.4,200,7,8,0.291893,0.347866,0.186047,19.278282
086_cosip_beta0_lapin-off_-_g0.5,cosip_beta0,1000,0.4,200,7,9,0.313782,0.335942,0.133333,18.84052
087_cosip_beta0_lapin-off_-_g0.6,cosip_beta0,1000,0.4,200,7,1,0.324045,0.314651,0.234043,21.204446
087_cosip_beta0_lapin-off_-_g0.6,cosip_beta0,1000,0.4,200,7,2,0.333973,0.320772,0.090909,18.559367
087_cosip_beta0_lapin-off_-_g0.6,cosip_beta0,1000,0.4,200,7,3,0.305409,0.299618,0.227273,19.793841
087_cosip_beta0_lapin-off_-_g0.6,cosip_beta0,1000,0.4,200,7,4,0.316022,0.317904,0.191489,21.364063
087_cosip_beta0_lapin-off_-_g0.6,cosip_beta0,1000,0.4,200,7,5,0.306289,0.339014,0.133333,19.21747
087_cosip_beta0_lapin-off_-_g0.6,cosip_beta0,1000,0.4,200,7,6,0.329458,0.329138,0.175,18.792747
087_cosip_beta0_lapin-off_-_g0.6,cosip_beta0,1000,0.4,200,7,7,0.332554,0.307923,0.297872,22.487351
087_cosip_beta0_lapin-off_-_g0.6,cosip_beta0,1000,0.4,200,7,8,0.281794,0.326487,0.186047,19.278282
087_cosip_beta0_lapin-off_-_g0.6,cosip_beta0,1000,0.4,200,7,9,0.305892,0.312568,0.133333,18.84052
088_cosip_beta0_lapin-off_-_g0.7,cosip_beta0,1000,0.4,200,7,1,0.319776,0.300324,0.234043,21.204446
088_cosip_beta0_lapin-off_-_g0.7,cosip_beta0,1000,0.4,200,7,2,0.324315,0.310952,0.090909,18.559367
088_cosip_beta0_lapin-off_-_g0.7,cosip_beta0,1000,0.4,200,7,3,0.285169,0.280201,0.227273,19.793841
088_cosip_beta0_lapin-off_-_g0.7,cosip_beta0,1000,0.4,200,7,4,0.299012,0.298133,0.191489,21.364063
088_cosip_beta0_lapin-off_-_g0.7,cosip_beta0,1000,0.4,200,7,5,0.299254,0.33432,0.133333,19.21747
088_cosip_beta0_lapin-off_-_g0.7,cosip_beta0,1000,0.4,200,7,6,0.314282,0.313033,0.175,18.792747
088_cosip_beta0_lapin-off_-_g0.7,cosip_beta0,1000,0.4,200,7,7,0.323639,0.290938,0.297872,22.487351
088_cosip_beta0_lapin-off_-_g0.7,cosip_beta0,1000,0.4,200,7,8,0.277207,0.307737,0.186047,19.278282
088_cosip_beta0_lapin-off_-_g0.7,cosip_beta0,1000,0.4,200,7,9,0.29246,0.300315,0.133333,18.84052
089_cosip_beta0_lapin-off_-_g0.8,cosip_beta0,1000,0.4,200,7,1,0.300096,0.28299,0.234043,21.204446
089_cosip_beta0_lapin-off_-_g0.8,cosip_beta0,1000,0.4,200,7,2,0.312833,0.299349,0.090909,18.559367
089_cosip_beta0_lapin-off_-_g0.8,cosip_beta0,1000,0.4,200,7,3,0.274978,0.263886,0.227273,19.793841
089_cosip_beta0_lapin-off_-_g0.8,cosip_beta0,1000,0.4,200,7,4,0.284456,0.285357,0.191489,21.364063
089_cosip_beta0_lapin-off_-_g0.8,cosip_beta0,1000,0.4,200,7,5,0.296695,0.317037,0.133333,19.21747
089_cosip_beta0_lapin-off_-_g0.8,cosip_beta0,1000,0.4,200,7,6,0.314154,0.297197,0.175,18.792747
089_cosip_beta0_lapin-off_-_g0.8,cosip_beta0,1000,0.4,200,7,7,0.306829,0.277188,0.297872,22.487351
089_cosip_beta0_lapin-off_-_g0.8,cosip_beta0,1000,0.4,200,7,8,0.265688,0.287065,0.186047,19.278282
089_cosip_beta0_lapin-off_-_g0.8,cosip_beta0,1000,0.4,200,7,9,0.284831,0.281742,0.133333,18.84052
090_cosip_beta0_lapin-off_-_g0.9,cosip_beta0,1000,0.4,200,7,1,0.282922,0.271331,0.191489,21.204446
090_cosip_beta0_lapin-off_-_g0.9,cosip_beta0,1000,0.4,200,7,2,0.306758,0.295727,0.090909,18.559367
090_cosip_beta0_lapin-off_-_g0.9,cosip_beta0,1000,0.4,200,7,3,0.243808,0.262159,0.227273,19.793841
090_cosip_beta0_lapin-off_-_g0.9,cosip_beta0,1000,0.4,200,7,4,0.26998,0.273515,0.170213,21.364063
090_cosip_beta0_lapin-off_-_g0.9,cosip_beta0,1000,0.4,200,7,5,0.290819,0.305612,0.111111,19.21747
090_cosip_beta0_lapin-off_-_g0.9,cosip_beta0,1000,0.4,200,7,6,0.305559,0.285225,0.175,18.792747
090_cosip_beta0_lapin-off_-_g0.9,cosip_beta0,1000,0.4,200,7,7,0.292615,0.26886,0.276596,22.487351
090_cosip_beta0_lapin-off_-_g0.9,cosip_beta0,1000,0.4,200,7,8,0.262008,0.264889,0.186047,19.278282
090_cosip_beta0_lapin-off_-_g0.9,cosip_beta0,1000,0.4,200,7,9,0.27655,0.280984,0.133333,18.84052
091_cosip_beta0_lapin-on_lsym_g0.3,cosip_beta0,1000,0.4,200,7,1,0.12511,0.2405,0.06383,29.041433
091_cosip_beta0_lapin-on_lsym_g0.3,cosip_beta0,1000,0.4,200,7,2,0.025598,0.12383,0.045455,26.095798
091_cosip_beta0_lapin-on_lsym_g0.3,cosip_beta0,1000,0.4,200,7,3,0.103019,0.181588,0.045455,27.330409
091_cosip_beta0_lapin-on_lsym_g0.3,cosip_beta0,1000,0.4,200,7,4,0.142419,0.286724,0.0,28.919629
091_cosip_beta0_lapin-on_lsym_g0.3,cosip_beta0,1000,0.4,200,7,5,0.146682,0.238316,0.044444,25.181733
091_cosip_beta0_lapin-on_lsym_g0.3,cosip_beta0,1000,0.4,200,7,6,0.065822,0.154238,0.05,25.642473
091_cosip_beta0_lapin-on_lsym_g0.3,cosip_beta0,1000,0.4,200,7,7,0.06196,0.143939,0.106383,32.061497
091_cosip_beta0_lapin-on_lsym_g0.3,cosip_beta0,1000,0.4,200,7,8,0.121869,0.185125,0.0,25.128133
091_cosip_beta0_lapin-on_lsym_g0.3,cosip_beta0,1000,0.4,200,7,9,0.079855,0.161722,0.111111,30.815375
092_cosip_beta0_lapin-on_lsym_g0.5,cosip_beta0,1000,0.4,200,7,1,0.235977,0.296406,0.06383,29.041433
092_cosip_beta0_lapin-on_lsym_g0.5,cosip_beta0,1000,0.4,200,7,2,0.089234,0.22976,0.045455,26.095798
092_cosip_beta0_lapin-on_lsym_g0.5,cosip_beta0,1000,0.4,200,7,3,0.200681,0.224101,0.045455,27.330409
092_cosip_beta0_lapin-on_lsym_g0.5,cosip_beta0,1000,0.4,200,7,4,0.272933,0.326923,0.0,28.919629
092_cosip_beta0_lapin-on_lsym_g0.5,cosip_beta0,1000,0.4,200,7,5,0.217122,0.299959,0.044444,25.181733
092_cosip_beta0_lapin-on_lsym_g0.5,cosip_beta0,1000,0.4,200,7,6,0.150892,0.251024,0.05,25.642473
092_cosip_beta0_lapin-on_lsym_g0.5,cosip_beta0,1000,0.4,200,7,7,0.164331,0.218086,0.106383,32.061497
092_cosip_beta0_lapin-on_lsym_g0.5,cosip_beta0,1000,0.4,200,7,8,0.218023,0.282983,0.0,25.128133
092_cosip_beta0_lapin-on_lsym_g0.5,cosip_beta0,1000,0.4,200,7,9,0.18225,0.242243,0.111111,30.815375
093_cosip_beta0_lapin-on_lsym_g0.6,cosip_beta0,1000,0.4,200,7,1,0.281269,0.301831,0.06383,29.041433
093_cosip_beta0_lapin-on_lsym_g0.6,cosip_beta0,1000,0.4,200,7,2,0.14329,0.270547,0.045455,26.095798
093_cosip_beta0_lapin-on_lsym_g0.6,cosip_beta0,1000,0.4,200,7,3,0.199398,0.245138,0.045455,27.330409
093_cosip_beta0_lapin-on_lsym_g0.6,cosip_beta0,1000,0.4,200,7,4,0.279214,0.323863,0.0,28.919629
093_cosip_beta0_lapin-on_lsym_g0.6,cosip_beta0,1000,0.4,200,7,5,0.245655,0.296508,0.044444,25.181733
093_cosip_beta0_lapin-on_lsym_g0.6,cosip_beta0,1000,0.4,200,7,6,0.178254,0.258205,0.05,25.642473
093_cosip_beta0_lapin-on_lsym_g0.6,cosip_beta0,1000,0.4,200,7,7,0.190718,0.226454,0.106383,32.061497
093_cosip_beta0_lapin-on_lsym_g0.6,cosip_beta0,1000,0.4,200,7,8,0.230145,0.292245,0.0,25.128133
093_cosip_beta0_lapin-on_lsym_g0.6,cosip_beta0,1000,0.4,200,7,9,0.202559,0.261291,0.111111,30.815375
094_cosip_beta0_lapin-on_lsym_g0.7,cosip_beta0,1000,0.4,200,7,1,0.285679,0.302313,0.06383,29.041433
094_cosip_beta0_lapin-on_lsym_g0.7,cosip_beta0,1000,0.4,200,7,2,0.181482,0.29038,0.045455,26.095798
094_cosip_beta0_lapin-on_lsym_g0.7,cosip_beta0,1000,0.4,200,7,3,0.221109,0.277875,0.045455,27.330409
094_cosip_beta0_lapin-on_lsym_g0.7,cosip_beta0,1000,0.4,200,7,4,0.291342,0.319191,0.0,28.919629
094_cosip_beta0_lapin-on_lsym_g0.7,cosip_beta0,1000,0.4,200,7,5,0.25609,0.294838,0.044444,25.181733
094_cosip_beta0_lapin-on_lsym_g0.7,cosip_beta0,1000,0.4,200,7,6,0.203726,0.274675,0.05,25.642473
094_cosip_beta0_lapin-on_lsym_g0.7,cosip_beta0,1000,0.4,200,7,7,0.218934,0.254262,0.106383,32.061497
094_cosip_beta0_lapin-on_lsym_g0.7,cosip_beta0,1000,0.4,200,7,8,0.247622,0.296951,0.0,25.128133
094_cosip_beta0_lapin-on_lsym_g0.7,cosip_beta0,1000,0.4,200,7,9,0.248671,0.280186,0.111111,30.815375
095_cosip_beta0_lapin-on_lsym_g0.8,cosip_beta0,1000,0.4,200,7,1,0.301374,0.315905,0.06383,29.041433
095_cosip_beta0_lapin-on_lsym_g0.8,cosip_beta0,1000,0.4,200,7,2,0.216679,0.302781,0.045455,26.095798
095_cosip_beta0_lapin-on_lsym_g0.8,cosip_beta0,1000,0.4,200,7,3,0.223004,0.294945,0.045455,27.330409
095_cosip_beta0_lapin-on_lsym_g0.8,cosip_beta0,1000,0.4,200,7,4,0.294071,0.313197,0.0,28.919629
095_cosip_beta0_lapin-on_lsym_g0.8,cosip_beta0,1000,0.4,200,7,5,0.261663,0.285863,0.044444,25.181733
095_cosip_beta0_lapin-on_lsym_g0.8,cosip_beta0,1000,0.4,200,7,6,0.21197,0.275115,0.05,25.642473
095_cosip_beta0_lapin-on_lsym_g0.8,cosip_beta0,1000,0.4,200,7,7,0.206069,0.252044,0.106383,32.061497
095_cosip_beta0_lapin-on_lsym_g0.8,cosip_beta0,1000,0.4,200,7,8,0.257524,0.296241,0.0,25.128133
095_cosip_beta0_lapin-on_lsym_g0.8,cosip_beta0,1000,0.4,200,7,9,0.275997,0.28452,0.111111,30.815375
096_cosip_beta0_lapin-on_lsym_g0.9,cosip_beta0,1000,0.4,200,7,1,0.287917,0.306904,0.06383,29.041433
096_cosip_beta0_lapin-on_lsym_g0.9,cosip_beta0,1000,0.4,200,7,2,0.226136,0.300558,0.045455,26.095798
096_cosip_beta0_lapin-on_lsym_g0.9,cosip_beta0,1000,0.4,200,7,3,0.216438,0.288332,0.045455,27.330409
096_cosip_beta0_lapin-on_lsym_g0.9,cosip_beta0,1000,0.4,200,7,4,0.281084,0.308525,0.021277,28.919629
096_cosip_beta0_lapin-on_lsym_g0.9,cosip_beta0,1000,0.4,200,7,5,0.259784,0.291932,0.044444,25.181733
096_cosip_beta0_lapin-on_lsym_g0.9,cosip_beta0,1000,0.4,200,7,6,0.218284,0.285685,0.05,25.642473
096_cosip_beta0_lapin-on_lsym_g0.9,cosip_beta0,1000,0.4,200,7,7,0.220331,0.281593,0.106383,32.061497
096_cosip_beta0_lapin-on_lsym_g0.9,cosip_beta0,1000,0.4,200,7,8,0.262495,0.293278,0.0,25.128133
096_cosip_beta0_lapin-on_lsym_g0.9,cosip_beta0,1000,0.4,200,7,9,0.266537,0.279818,0.111111,30.815375
097_cosip_beta0.5_lapin-off_-_g0.3,cosip_beta0.5,1000,0.4,200,7,1,0.300661,0.328854,0.191489,20.921278
097_cosip_beta0.5_lapin-off_-_g0.3,cosip_beta0.5,1000,0.4,200,7,2,0.288083,0.328596,0.181818,19.213597
097_cosip_beta0.5_lapin-off_-_g0.3,cosip_beta0.5,1000,0.4,200,7,3,0.230169,0.283499,0.295455,20.985909
097_cosip_beta0.5_lapin-off_-_g0.3,cosip_beta0.5,1000,0.4,200,7,4,0.238003,0.324188,0.085106,19.874764
097_cosip_beta0.5_lapin-off_-_g0.3,cosip_beta0.5,1000,0.4,200,7,5,0.29177,0.332771,0.177778,20.235463
097_cosip_beta0.5_lapin-off_-_g0.3,cosip_beta0.5,1000,0.4,200,7,6,0.342074,0.362434,0.125,17.478448
097_cosip_beta0.5_lapin-off_-_g0.3,cosip_beta0.5,1000,0.4,200,7,7,0.346992,0.33932,0.170213,20.62894
097_cosip_beta0.5_lapin-off_-_g0.3,cosip_beta0.5,1000,0.4,200,7,8,0.236204,0.281149,0.395349,22.594447
097_cosip_beta0.5_lapin-off_-_g0.3,cosip_beta0.5,1000,0.4,200,7,9,0.268768,0.333522,0.177778,19.864971
098_cosip_beta0.5_lapin-off_-_g0.5,cosip_beta0.5,1000,0.4,200,7,1,0.295781,0.32498,0.191489,20.921278
098_cosip_beta0.5_lapin-off_-_g0.5,cosip_beta0.5,1000,0.4,200,7,2,0.321403,0.325104,0.181818,19.213597
098_cosip_beta0.5_lapin-off_-_g0.5,cosip_beta0.5,1000,0.4,200,7,3,0.289935,0.27173,0.295455,20.985909
098_cosip_beta0.5_lapin-off_-_g0.5,cosip_beta0.5,1000,0.4,200,7,4,0.271227,0.307351,0.085106,19.874764
098_cosip_beta0.5_lapin-off_-_g0.5,cosip_beta0.5,1000,0.4,200,7,5,0.312716,0.334094,0.177778,20.235463
098_cosip_beta0.5_lapin-off_-_g0.5,cosip_beta0.5,1000,0.4,200,7,6,0.323612,0.355961,0.125,17.478448
098_cosip_beta0.5_lapin-off_-_g0.5,cosip_beta0.5,1000,0.4,200,7,7,0.32733,0.32423,0.170213,20.62894
098_cosip_beta0.5_lapin-off_-_g0.5,cosip_beta0.5,1000,0.4,200,7,8,0.313052,0.278328,0.395349,22.594447
098_cosip_beta0.5_lapin-off_-_g0.5,cosip_beta0.5,1000,0.4,200,7,9,0.297994,0.312153,0.177778,19.864971
099_cosip_beta0.5_lapin-off_-_g0.6,cosip_beta0.5,1000,0.4,200,7,1,0.288925,0.303381,0.191489,20.921278
099_cosip_beta0.5_lapin-off_-_g0.6,cosip_beta0.5,1000,0.4,200,7,2,0.341883,0.324927,0.181818,19.213597
099_cosip_beta0.5_lapin-off_-_g0.6,cosip_beta0.5,1000,0.4,200,7,3,0.288259,0.27338,0.295455,20.985909
099_cosip_beta0.5_lapin-off_-_g0.6,cosip_beta0.5,1000,0.4,200,7,4,0.295641,0.311589,0.085106,19.874764
099_cosip_beta0.5_lapin-off_-_g0.6,cosip_beta0.5,1000,0.4,200,7,5,0.309114,0.320616,0.177778,20.235463
099_cosip_beta0.5_lapin-off_-_g0.6,cosip_beta0.5,1000,0.4,200,7,6,0.325277,0.338329,0.125,17.478448
099_cosip_beta0.5_lapin-off_-_g0.6,cosip_beta0.5,1000,0.4,200,7,7,0.315596,0.307224,0.170213,20.62894
099_cosip_beta0.5_lapin-off_-_g0.6,cosip_beta0.5,1000,0.4,200,7,8,0.285485,0.261267,0.395349,22.594447
099_cosip_beta0.5_lapin-off_-_g0.6,cosip_beta0.5,1000,0.4,200,7,9,0.294327,0.29352,0.177778,19.864971
100_cosip_beta0.5_lapin-off_-_g0.7,cosip_beta0.5,1000,0.4,200,7,1,0.276806,0.288976,0.191489,20.921278
100_cosip_beta0.5_lapin-off_-_g0.7,cosip_beta0.5,1000,0.4,200,7,2,0.339311,0.307216,0.181818,19.213597
100_cosip_beta0.5_lapin-off_-_g0.7,cosip_beta0.5,1000,0.4,200,7,3,0.293557,0.274171,0.295455,20.985909
100_cosip_beta0.5_lapin-off_-_g0.7,cosip_beta0.5,1000,0.4,200,7,4,0.309374,0.304899,0.085106,19.874764
100_cosip_beta0.5_lapin-off_-_g0.7,cosip_beta0.5,1000,0.4,200,7,5,0.30423,0.304282,0.177778,20.235463
100_cosip_beta0.5_lapin-off_-_g0.7,cosip_beta0.5,1000,0.4,200,7,6,0.304881,0.32351,0.125,17.478448
100_cosip_beta0.5_lapin-off_-_g0.7,cosip_beta0.5,1000,0.4,200,7,7,0.306126,0.299108,0.170213,20.62894
100_cosip_beta0.5_lapin-off_-_g0.7,cosip_beta0.5,1000,0.4,200,7,8,0.277352,0.261384,0.395349,22.594447
100_cosip_beta0.5_lapin-off_-_g0.7,cosip_beta0.5,1000,0.4,200,7,9,0.302544,0.285635,0.177778,19.864971
101_cosip_beta0.5_lapin-off_-_g0.8,cosip_beta0.5,1000,0.4,200,7,1,0.265677,0.271204,0.191489,20.921278
101_cosip_beta0.5_lapin-off_-_g0.8,cosip_beta0.5,1000,0.4,200,7,2,0.322448,0.290473,0.181818,19.213597
101_cosip_beta0.5_lapin-off_-_g0.8,cosip_beta0.5,1000,0.4,200,7,3,0.286111,0.26892,0.295455,20.985909
101_cosip_beta0.5_lapin-off_-_g0.8,cosip_beta0.5,1000,0.4,200,7,4,0.292245,0.292128,0.085106,19.874764
101_cosip_beta0.5_lapin-off_-_g0.8,cosip_beta0.5,1000,0.4,200,7,5,0.278292,0.296782,0.177778,20.235463
101_cosip_beta0.5_lapin-off_-_g0.8,cosip_beta0.5,1000,0.4,200,7,6,0.300839,0.312802,0.125,17.478448
101_cosip_beta0.5_lapin-off_-_g0.8,cosip_beta0.5,1000,0.4,200,7,7,0.289483,0.285969,0.170213,20.62894
101_cosip_beta0.5_lapin-off_-_g0.8,cosip_beta0.5,1000,0.4,200,7,8,0.247564,0.260735,0.395349,22.594447
101_cosip_beta0.5_lapin-off_-_g0.8,cosip_beta0.5,1000,0.4,200,7,9,0.280902,0.277512,0.177778,19.864971
102_cosip_beta0.5_lapin-off_-_g0.9,cosip_beta0.5,1000,0.4,200,7,1,0.258167,0.257338,0.170213,20.921278
102_cosip_beta0.5_lapin-off_-_g0.9,cosip_beta0.5,1000,0.4,200,7,2,0.28384,0.287103,0.181818,19.213597
102_cosip_beta0.5_lapin-off_-_g0.9,cosip_beta0.5,1000,0.4,200,7,3,0.266393,0.2588,0.295455,20.985909
102_cosip_beta0.5_lapin-off_-_g0.9,cosip_beta0.5,1000,0.4,200,7,4,0.279708,0.286186,0.085106,19.874764
102_cosip_beta0.5_lapin-off_-_g0.9,cosip_beta0.5,1000,0.4,200,7,5,0.261192,0.295737,0.155556,20.235463
102_cosip_beta0.5_lapin-off_-_g0.9,cosip_beta0.5,1000,0.4,200,7,6,0.298115,0.302812,0.1,17.478448
102_cosip_beta0.5_lapin-off_-_g0.9,cosip_beta0.5,1000,0.4,200,7,7,0.27552,0.280409,0.170213,20.62894
102_cosip_beta0.5_lapin-off_-_g0.9,cosip_beta0.5,1000,0.4,200,7,8,0.245442,0.243276,0.348837,22.594447
102_cosip_beta0.5_lapin-off_-_g0.9,cosip_beta0.5,1000,0.4,200,7,9,0.263056,0.264145,0.177778,19.864971
103_cosip_beta0.5_lapin-on_lsym_g0.3,cosip_beta0.5,1000,0.4,200,7,1,0.056072,0.154475,0.021277,27.859209
103_cosip_beta0.5_lapin-on_lsym_g0.3,cosip_beta0.5,1000,0.4,200,7,2,0.010831,0.090906,0.0,26.726769
103_cosip_beta0.5_lapin-on_lsym_g0.3,cosip_beta0.5,1000,0.4,200,7,3,0.086726,0.224089,0.113636,28.226049
103_cosip_beta0.5_lapin-on_lsym_g0.3,cosip_beta0.5,1000,0.4,200,7,4,0.072745,0.174819,0.148936,24.549686
103_cosip_beta0.5_lapin-on_lsym_g0.3,cosip_beta0.5,1000,0.4,200,7,5,0.012502,0.127826,0.066667,25.238589
103_cosip_beta0.5_lapin-on_lsym_g0.3,cosip_beta0.5,1000,0.4,200,7,6,0.02627,0.106938,0.0,23.873724
103_cosip_beta0.5_lapin-on_lsym_g0.3,cosip_beta0.5,1000,0.4,200,7,7,0.062708,0.159175,0.021277,28.090825
103_cosip_beta0.5_lapin-on_lsym_g0.3,cosip_beta0.5,1000,0.4,200,7,8,0.066304,0.140889,0.023256,27.827929
103_cosip_beta0.5_lapin-on_lsym_g0.3,cosip_beta0.5,1000,0.4,200,7,9,0.022665,0.142088,0.022222,27.594271
104_cosip_beta0.5_lapin-on_lsym_g0.5,cosip_beta0.5,1000,0.4,200,7,1,0.139622,0.233648,0.021277,27.859209
104_cosip_beta0.5_lapin-on_lsym_g0.5,cosip_beta0.5,1000,0.4,200,7,2,0.073581,0.18272,0.0,26.726769
104_cosip_beta0.5_lapin-on_lsym_g0.5,cosip_beta0.5,1000,0.4,200,7,3,0.239437,0.314051,0.113636,28.226049
104_cosip_beta0.5_lapin-on_lsym_g0.5,cosip_beta0.5,1000,0.4,200,7,4,0.138664,0.240731,0.148936,24.549686
104_cosip_beta0.5_lapin-on_lsym_g0.5,cosip_beta0.5,1000,0.4,200,7,5,0.099934,0.224625,0.066667,25.238589
104_cosip_beta0.5_lapin-on_lsym_g0.5,cosip_beta0.5,1000,0.4,200,7,6,0.075145,0.182455,0.0,23.873724
104_cosip_beta0.5_lapin-on_lsym_g0.5,cosip_beta0.5,1000,0.4,200,7,7,0.189864,0.222968,0.021277,28.090825
104_cosip_beta0.5_lapin-on_lsym_g0.5,cosip_beta0.5,1000,0.4,200,7,8,0.179169,0.239102,0.023256,27.827929
104_cosip_beta0.5_lapin-on_lsym_g0.5,cosip_beta0.5,1000,0.4,200,7,9,0.107794,0.236538,0.022222,27.594271
105_cosip_beta0.5_lapin-on_lsym_g0.6,cosip_beta0.5,1000,0.4,200,7,1,0.179236,0.251973,0.021277,27.859209
105_cosip_beta0.5_lapin-on_lsym_g0.6,cosip_beta0.5,1000,0.4,200,7,2,0.116829,0.21018,0.0,26.726769
105_cosip_beta0.5_lapin-on_lsym_g0.6,cosip_beta0.5,1000,0.4,200,7,3,0.264012,0.32146,0.113636,28.226049
105_cosip_beta0.5_lapin-on_lsym_g0.6,cosip_beta0.5,1000,0.4,200,7,4,0.157139,0.248599,0.148936,24.549686
105_cosip_beta0.5_lapin-on_lsym_g0.6,cosip_beta0.5,1000,0.4,200,7,5,0.128824,0.257944,0.066667,25.238589
105_cosip_beta0.5_lapin-on_lsym_g0.6,cosip_beta0.5,1000,0.4,200,7,6,0.114285,0.2123,0.0,23.873724
105_cosip_beta0.5_lapin-on_lsym_g0.6,cosip_beta0.5,1000,0.4,200,7,7,0.193431,0.230434,0.021277,28.090825
105_cosip_beta0.5_lapin-on_lsym_g0.6,cosip_beta0.5,1000,0.4,200,7,8,0.19235,0.255808,0.023256,27.827929
105_cosip_beta0.5_lapin-on_lsym_g0.6,cosip_beta0.5,1000,0.4,200,7,9,0.13776,0.250756,0.022222,27.594271
106_cosip_beta0.5_lapin-on_lsym_g0.7,cosip_beta0.5,1000,0.4,200,7,1,0.204706,0.270405,0.021277,27.859209
106_cosip_beta0.5_lapin-on_lsym_g0.7,cosip_beta0.5,1000,0.4,200,7,2,0.142118,0.237199,0.0,26.726769
106_cosip_beta0.5_lapin-on_lsym_g0.7,cosip_beta0.5,1000,0.4,200,7,3,0.271772,0.317126,0.113636,28.226049
106_cosip_beta0.5_lapin-on_lsym_g0.7,cosip_beta0.5,1000,0.4,200,7,4,0.153798,0.260053,0.148936,24.549686
106_cosip_beta0.5_lapin-on_lsym_g0.7,cosip_beta0.5,1000,0.4,200,7,5,0.156012,0.268817,0.066667,25.238589
106_cosip_beta0.5_lapin-on_lsym_g0.7,cosip_beta0.5,1000,0.4,200,7,6,0.149789,0.232831,0.0,23.873724
106_cosip_beta0.5_lapin-on_lsym_g0.7,cosip_beta0.5,1000,0.4,200,7,7,0.183003,0.237323,0.021277,28.090825
106_cosip_beta0.5_lapin-on_lsym_g0.7,cosip_beta0.5,1000,0.4,200,7,8,0.194227,0.261746,0.023256,27.827929
106_cosip_beta0.5_lapin-on_lsym_g0.7,cosip_beta0.5,1000,0.4,200,7,9,0.158602,0.261476,0.022222,27.594271
107_cosip_beta0.5_lapin-on_lsym_g0.8,cosip_beta0.5,1000,0.4,200,7,1,0.196682,0.26149,0.021277,27.859209
107_cosip_beta0.5_lapin-on_lsym_g0.8,cosip_beta0.5,1000,0.4,200,7,2,0.156215,0.242036,0.0,26.726769
107_cosip_beta0.5_lapin-on_lsym_g0.8,cosip_beta0.5,1000,0.4,200,7,3,0.280534,0.308667,0.113636,28.226049
107_cosip_beta0.5_lapin-on_lsym_g0.8,cosip_beta0.5,1000,0.4,200,7,4,0.152369,0.26954,0.148936,24.549686
107_cosip_beta0.5_lapin-on_lsym_g0.8,cosip_beta0.5,1000,0.4,200,7,5,0.158616,0.271785,0.066667,25.238589
107_cosip_beta0.5_lapin-on_lsym_g0.8,cosip_beta0.5,1000,0.4,200,7,6,0.191763,0.25662,0.0,23.873724
107_cosip_beta0.5_lapin-on_lsym_g0.8,cosip_beta0.5,1000,0.4,200,7,7,0.230351,0.275159,0.042553,28.090825
107_cosip_beta0.5_lapin-on_lsym_g0.8,cosip_beta0.5,1000,0.4,200,7,8,0.215438,0.281561,0.023256,27.827929
107_cosip_beta0.5_lapin-on_lsym_g0.8,cosip_beta0.5,1000,0.4,200,7,9,0.191709,0.276237,0.022222,27.594271
108_cosip_beta0.5_lapin-on_lsym_g0.9,cosip_beta0.5,1000,0.4,200,7,1,0.200181,0.26536,0.021277,27.859209
108_cosip_beta0.5_lapin-on_lsym_g0.9,cosip_beta0.5,1000,0.4,200,7,2,0.167109,0.262021,0.0,26.726769
108_cosip_beta0.5_lapin-on_lsym_g0.9,cosip_beta0.5,1000,0.4,200,7,3,0.264455,0.304777,0.113636,28.226049
108_cosip_beta0.5_lapin-on_lsym_g0.9,cosip_beta0.5,1000,0.4,200,7,4,0.166276,0.267129,0.148936,24.549686
108_cosip_beta0.5_lapin-on_lsym_g0.9,cosip_beta0.5,1000,0.4,200,7,5,0.19818,0.28006,0.066667,25.238589
108_cosip_beta0.5_lapin-on_lsym_g0.9,cosip_beta0.5,1000,0.4,200,7,6,0.189995,0.280624,0.0,23.873724
108_cosip_beta0.5_lapin-on_lsym_g0.9,cosip_beta0.5,1000,0.4,200,7,7,0.256721,0.288258,0.042553,28.090825
108_cosip_beta0.5_lapin-on_lsym_g0.9,cosip_beta0.5,1000,0.4,200,7,8,0.195333,0.290861,0.023256,27.827929
108_cosip_beta0.5_lapin-on_lsym_g0.9,cosip_beta0.5,1000,0.4,200,7,9,0.191011,0.282981,0.022222,27.594271
109_cosip_beta1_lapin-off_-_g0.3,cosip_beta1,1000,0.4,200,7,1,0.208653,0.300526,0.170213,20.724622
109_cosip_beta1_lapin-off_-_g0.3,cosip_beta1,1000,0.4,200,7,2,0.097333,0.259044,0.045455,18.556266
109_cosip_beta1_lapin-off_-_g0.3,cosip_beta1,1000,0.4,200,7,3,0.21666,0.31546,0.090909,18.346543
109_cosip_beta1_lapin-off_-_g0.3,cosip_beta1,1000,0.4,200,7,4,0.112915,0.226187,0.12766,21.328142
109_cosip_beta1_lapin-off_-_g0.3,cosip_beta1,1000,0.4,200,7,5,0.128398,0.261123,0.044444,18.481609
109_cosip_beta1_lapin-off_-_g0.3,cosip_beta1,1000,0.4,200,7,6,0.21401,0.305819,0.175,18.448794
109_cosip_beta1_lapin-off_-_g0.3,cosip_beta1,1000,0.4,200,7,7,0.232223,0.311662,0.170213,20.940428
109_cosip_beta1_lapin-off_-_g0.3,cosip_beta1,1000,0.4,200,7,8,0.147485,0.242605,0.116279,20.253292
109_cosip_beta1_lapin-off_-_g0.3,cosip_beta1,1000,0.4,200,7,9,0.205054,0.307279,0.088889,17.387501
110_cosip_beta1_lapin-off_-_g0.5,cosip_beta1,1000,0.4,200,7,1,0.258331,0.298661,0.170213,20.724622
110_cosip_beta1_lapin-off_-_g0.5,cosip_beta1,1000,0.4,200,7,2,0.194972,0.290636,0.045455,18.556266
110_cosip_beta1_lapin-off_-_g0.5,cosip_beta1,1000,0.4,200,7,3,0.275353,0.310771,0.090909,18.346543
110_cosip_beta1_lapin-off_-_g0.5,cosip_beta1,1000,0.4,200,7,4,0.200699,0.259138,0.12766,21.328142
110_cosip_beta1_lapin-off_-_g0.5,cosip_beta1,1000,0.4,200,7,5,0.209178,0.270916,0.044444,18.481609
110_cosip_beta1_lapin-off_-_g0.5,cosip_beta1,1000,0.4,200,7,6,0.308126,0.321369,0.175,18.448794
110_cosip_beta1_lapin-off_-_g0.5,cosip_beta1,1000,0.4,200,7,7,0.250635,0.306316,0.170213,20.940428
110_cosip_beta1_lapin-off_-_g0.5,cosip_beta1,1000,0.4,200,7,8,0.238924,0.270364,0.116279,20.253292
110_cosip_beta1_lapin-off_-_g0.5,cosip_beta1,1000,0.4,200,7,9,0.244081,0.319422,0.088889,17.387501
111_cosip_beta1_lapin-off_-_g0.6,cosip_beta1,1000,0.4,200,7,1,0.274601,0.291407,0.170213,20.724622
111_cosip_beta1_lapin-off_-_g0.6,cosip_beta1,1000,0.4,200,7,2,0.183909,0.278941,0.045455,18.556266
111_cosip_beta1_lapin-off_-_g0.6,cosip_beta1,1000,0.4,200,7,3,0.280742,0.301296,0.090909,18.346543
111_cosip_beta1_lapin-off_-_g0.6,cosip_beta1,1000,0.4,200,7,4,0.232258,0.266346,0.12766,21.328142
111_cosip_beta1_lapin-off_-_g0.6,cosip_beta1,1000,0.4,200,7,5,0.24528,0.288001,0.044444,18.481609
111_cosip_beta1_lapin-off_-_g0.6,cosip_beta1,1000,0.4,200,7,6,0.302012,0.32106,0.175,18.448794
111_cosip_beta1_lapin-off_-_g0.6,cosip_beta1,1000,0.4,200,7,7,0.269324,0.298243,0.170213,20.940428
111_cosip_beta1_lapin-off_-_g0.6,cosip_beta1,1000,0.4,200,7,8,0.252781,0.280241,0.116279,20.253292
111_cosip_beta1_lapin-off_-_g0.6,cosip_beta1,1000,0.4,200,7,9,0.239157,0.31015,0.088889,17.387501
112_cosip_beta1_lapin-off_-_g0.7,cosip_beta1,1000,0.4,200,7,1,0.26621,0.29041,0.170213,20.724622
112_cosip_beta1_lapin-off_-_g0.7,cosip_beta1,1000,0.4,200,7,2,0.202656,0.277589,0.045455,18.556266
112_cosip_beta1_lapin-off_-_g0.7,cosip_beta1,1000,0.4,200,7,3,0.274157,0.296356,0.090909,18.346543
112_cosip_beta1_lapin-off_-_g0.7,cosip_beta1,1000,0.4,200,7,4,0.232244,0.262687,0.12766,21.328142
112_cosip_beta1_lapin-off_-_g0.7,cosip_beta1,1000,0.4,200,7,5,0.239211,0.28898,0.044444,18.481609
112_cosip_beta1_lapin-off_-_g0.7,cosip_beta1,1000,0.4,200,7,6,0.296321,0.322867,0.175,18.448794
112_cosip_beta1_lapin-off_-_g0.7,cosip_beta1,1000,0.4,200,7,7,0.268878,0.289172,0.170213,20.940428
112_cosip_beta1_lapin-off_-_g0.7,cosip_beta1,1000,0.4,200,7,8,0.235062,0.280258,0.116279,20.253292
112_cosip_beta1_lapin-off_-_g0.7,cosip_beta1,1000,0.4,200,7,9,0.2432,0.294856,0.088889,17.387501
113_cosip_beta1_lapin-off_-_g0.8,cosip_beta1,1000,0.4,200,7,1,0.269372,0.283754,0.170213,20.724622
113_cosip_beta1_lapin-off_-_g0.8,cosip_beta1,1000,0.4,200,7,2,0.209759,0.272103,0.045455,18.556266
113_cosip_beta1_lapin-off_-_g0.8,cosip_beta1,1000,0.4,200,7,3,0.255615,0.289943,0.090909,18.346543
113_cosip_beta1_lapin-off_-_g0.8,cosip_beta1,1000,0.4,200,7,4,0.242745,0.264396,0.12766,21.328142
113_cosip_beta1_lapin-off_-_g0.8,cosip_beta1,1000,0.4,200,7,5,0.233217,0.283336,0.022222,18.481609
113_cosip_beta1_lapin-off_-_g0.8,cosip_beta1,1000,0.4,200,7,6,0.288431,0.306564,0.175,18.448794
113_cosip_beta1_lapin-off_-_g0.8,cosip_beta1,1000,0.4,200,7,7,0.247266,0.280003,0.170213,20.940428
113_cosip_beta1_lapin-off_-_g0.8,cosip_beta1,1000,0.4,200,7,8,0.223678,0.277278,0.093023,20.253292
113_cosip_beta1_lapin-off_-_g0.8,cosip_beta1,1000,0.4,200,7,9,0.242602,0.285412,0.088889,17.387501
114_cosip_beta1_lapin-off_-_g0.9,cosip_beta1,1000,0.4,200,7,1,0.261857,0.278034,0.170213,20.724622
114_cosip_beta1_lapin-off_-_g0.9,cosip_beta1,1000,0.4,200,7,2,0.204825,0.26445,0.045455,18.556266
114_cosip_beta1_lapin-off_-_g0.9,cosip_beta1,1000,0.4,200,7,3,0.253882,0.280483,0.090909,18.346543
114_cosip_beta1_lapin-off_-_g0.9,cosip_beta1,1000,0.4,200,7,4,0.232543,0.266381,0.12766,21.328142
114_cosip_beta1_lapin-off_-_g0.9,cosip_beta1,1000,0.4,200,7,5,0.231194,0.277726,0.022222,18.481609
114_cosip_beta1_lapin-off_-_g0.9,cosip_beta1,1000,0.4,200,7,6,0.274146,0.293082,0.175,18.448794
114_cosip_beta1_lapin-off_-_g0.9,cosip_beta1,1000,0.4,200,7,7,0.223401,0.267968,0.170213,20.940428
114_cosip_beta1_lapin-off_-_g0.9,cosip_beta1,1000,0.4,200,7,8,0.223269,0.278604,0.093023,20.253292
114_cosip_beta1_lapin-off_-_g0.9,cosip_beta1,1000,0.4,200,7,9,0.238155,0.276539,0.088889,17.387501
115_cosip_beta1_lapin-on_lsym_g0.3,cosip_beta1,1000,0.4,200,7,1,0.049491,0.158094,0.085106,24.341679
115_cosip_beta1_lapin-on_lsym_g0.3,cosip_beta1,1000,0.4,200,7,2,0.008896,0.099994,0.068182,24.565908
115_cosip_beta1_lapin-on_lsym_g0.3,cosip_beta1,1000,0.4,200,7,3,0.047825,0.168096,0.022727,27.454655
115_cosip_beta1_lapin-on_lsym_g0.3,cosip_beta1,1000,0.4,200,7,4,0.013621,0.087416,0.085106,26.794544
115_cosip_beta1_lapin-on_lsym_g0.3,cosip_beta1,1000,0.4,200,7,5,0.041904,0.147262,0.044444,24.863752
115_cosip_beta1_lapin-on_lsym_g0.3,cosip_beta1,1000,0.4,200,7,6,0.013177,0.103528,0.075,22.619906
115_cosip_beta1_lapin-on_lsym_g0.3,cosip_beta1,1000,0.4,200,7,7,0.00631,0.13062,0.042553,26.392588
115_cosip_beta1_lapin-on_lsym_g0.3,cosip_beta1,1000,0.4,200,7,8,0.004351,0.092245,0.046512,23.84744
115_cosip_beta1_lapin-on_lsym_g0.3,cosip_beta1,1000,0.4,200,7,9,0.010277,0.082878,0.0,26.712851
116_cosip_beta1_lapin-on_lsym_g0.5,cosip_beta1,1000,0.4,200,7,1,0.126315,0.224893,0.085106,24.341679
116_cosip_beta1_lapin-on_lsym_g0.5,cosip_beta1,1000,0.4,200,7,2,0.048364,0.183489,0.068182,24.565908
116_cosip_beta1_lapin-on_lsym_g0.5,cosip_beta1,1000,0.4,200,7,3,0.116652,0.22443,0.022727,27.454655
116_cosip_beta1_lapin-on_lsym_g0.5,cosip_beta1,1000,0.4,200,7,4,0.070194,0.185758,0.085106,26.794544
116_cosip_beta1_lapin-on_lsym_g0.5,cosip_beta1,1000,0.4,200,7,5,0.075157,0.202889,0.044444,24.863752
116_cosip_beta1_lapin-on_lsym_g0.5,cosip_beta1,1000,0.4,200,7,6,0.09486,0.189316,0.075,22.619906
116_cosip_beta1_lapin-on_lsym_g0.5,cosip_beta1,1000,0.4,200,7,7,0.088373,0.224436,0.042553,26.392588
116_cosip_beta1_lapin-on_lsym_g0.5,cosip_beta1,1000,0.4,200,7,8,0.065091,0.189844,0.046512,23.84744
116_cosip_beta1_lapin-on_lsym_g0.5,cosip_beta1,1000,0.4,200,7,9,0.051822,0.171854,0.0,26.712851
117_cosip_beta1_lapin-on_lsym_g0.6,cosip_beta1,1000,0.4,200,7,1,0.156748,0.232845,0.085106,24.341679
117_cosip_beta1_lapin-on_lsym_g0.6,cosip_beta1,1000,0.4,200,7,2,0.068525,0.20732,0.068182,24.565908
117_cosip_beta1_lapin-on_lsym_g0.6,cosip_beta1,1000,0.4,200,7,3,0.151158,0.235721,0.022727,27.454655
117_cosip_beta1_lapin-on_lsym_g0.6,cosip_beta1,1000,0.4,200,7,4,0.088295,0.218205,0.085106,26.794544
117_cosip_beta1_lapin-on_lsym_g0.6,cosip_beta1,1000,0.4,200,7,5,0.092998,0.208256,0.044444,24.863752
117_cosip_beta1_lapin-on_lsym_g0.6,cosip_beta1,1000,0.4,200,7,6,0.104808,0.220628,0.075,22.619906
117_cosip_beta1_lapin-on_lsym_g0.6,cosip_beta1,1000,0.4,200,7,7,0.127863,0.25045,0.042553,26.392588
117_cosip_beta1_lapin-on_lsym_g0.6,cosip_beta1,1000,0.4,200,7,8,0.085041,0.205451,0.046512,23.84744
117_cosip_beta1_lapin-on_lsym_g0.6,cosip_beta1,1000,0.4,200,7,9,0.09085,0.198554,0.0,26.712851
118_cosip_beta1_lapin-on_lsym_g0.7,cosip_beta1,1000,0.4,200,7,1,0.169881,0.244331,0.085106,24.341679
118_cosip_beta1_lapin-on_lsym_g0.7,cosip_beta1,1000,0.4,200,7,2,0.084506,0.219854,0.068182,24.565908
118_cosip_beta1_lapin-on_lsym_g0.7,cosip_beta1,1000,0.4,200,7,3,0.200837,0.253944,0.022727,27.454655
118_cosip_beta1_lapin-on_lsym_g0.7,cosip_beta1,1000,0.4,200,7,4,0.104424,0.236365,0.085106,26.794544
118_cosip_beta1_lapin-on_lsym_g0.7,cosip_beta1,1000,0.4,200,7,5,0.125025,0.214777,0.044444,24.863752
118_cosip_beta1_lapin-on_lsym_g0.7,cosip_beta1,1000,0.4,200,7,6,0.150756,0.245401,0.075,22.619906
118_cosip_beta1_lapin-on_lsym_g0.7,cosip_beta1,1000,0.4,200,7,7,0.178156,0.265416,0.042553,26.392588
118_cosip_beta1_lapin-on_lsym_g0.7,cosip_beta1,1000,0.4,200,7,8,0.09478,0.211319,0.046512,23.84744
118_cosip_beta1_lapin-on_lsym_g0.7,cosip_beta1,1000,0.4,200,7,9,0.10317,0.210547,0.0,26.712851
119_cosip_beta1_lapin-on_lsym_g0.8,cosip_beta1,1000,0.4,200,7,1,0.175693,0.248985,0.085106,24.341679
119_cosip_beta1_lapin-on_lsym_g0.8,cosip_beta1,1000,0.4,200,7,2,0.107035,0.224471,0.068182,24.565908
119_cosip_beta1_lapin-on_lsym_g0.8,cosip_beta1,1000,0.4,200,7,3,0.212482,0.260779,0.022727,27.454655
119_cosip_beta1_lapin-on_lsym_g0.8,cosip_beta1,1000,0.4,200,7,4,0.108506,0.244297,0.085106,26.794544
119_cosip_beta1_lapin-on_lsym_g0.8,cosip_beta1,1000,0.4,200,7,5,0.144239,0.230732,0.044444,24.863752
119_cosip_beta1_lapin-on_lsym_g0.8,cosip_beta1,1000,0.4,200,7,6,0.161621,0.256418,0.075,22.619906
119_cosip_beta1_lapin-on_lsym_g0.8,cosip_beta1,1000,0.4,200,7,7,0.198624,0.269457,0.042553,26.392588
119_cosip_beta1_lapin-on_lsym_g0.8,cosip_beta1,1000,0.4,200,7,8,0.109158,0.238324,0.046512,23.84744
119_cosip_beta1_lapin-on_lsym_g0.8,cosip_beta1,1000,0.4,200,7,9,0.132143,0.210858,0.0,26.712851
120_cosip_beta1_lapin-on_lsym_g0.9,cosip_beta1,1000,0.4,200,7,1,0.165207,0.255268,0.085106,24.341679
120_cosip_beta1_lapin-on_lsym_g0.9,cosip_beta1,1000,0.4,200,7,2,0.118134,0.232827,0.068182,24.565908
120_cosip_beta1_lapin-on_lsym_g0.9,cosip_beta1,1000,0.4,200,7,3,0.214765,0.272252,0.022727,27.454655
120_cosip_beta1_lapin-on_lsym_g0.9,cosip_beta1,1000,0.4,200,7,4,0.126935,0.257672,0.085106,26.794544
120_cosip_beta1_lapin-on_lsym_g0.9,cosip_beta1,1000,0.4,200,7,5,0.147326,0.241675,0.044444,24.863752
120_cosip_beta1_lapin-on_lsym_g0.9,cosip_beta1,1000,0.4,200,7,6,0.171362,0.255687,0.075,22.619906
120_cosip_beta1_lapin-on_lsym_g0.9,cosip_beta1,1000,0.4,200,7,7,0.192902,0.275349,0.042553,26.392588
120_cosip_beta1_lapin-on_lsym_g0.9,cosip_beta1,1000,0.4,200,7,8,0.133504,0.24992,0.046512,23.84744
120_cosip_beta1_lapin-on_lsym_g0.9,cosip_beta1,1000,0.4,200,7,9,0.128849,0.218736,0.0,26.712851
001_default_lapin-off_-_g0.3,default,1000,0.4,200,7,1,0.131231,0.182899,0.276596,14.736619
001_default_lapin-off_-_g0.3,default,1000,0.4,200,7,2,0.075507,0.162022,0.340909,13.217431
001_default_lapin-off_-_g0.3,default,1000,0.4,200,7,3,0.027133,0.105813,0.181818,17.100064
001_default_lapin-off_-_g0.3,default,1000,0.4,200,7,4,0.048542,0.107129,0.340426,13.747435
001_default_lapin-off_-_g0.3,default,1000,0.4,200,7,5,0.041419,0.131533,0.266667,14.757017
001_default_lapin-off_-_g0.3,default,1000,0.4,200,7,6,0.0135,0.10526,0.15,13.985176
001_default_lapin-off_-_g0.3,default,1000,0.4,200,7,7,0.093145,0.14941,0.276596,14.927892
001_default_lapin-off_-_g0.3,default,1000,0.4,200,7,8,0.052102,0.135672,0.139535,15.910973
001_default_lapin-off_-_g0.3,default,1000,0.4,200,7,9,0.05061,0.089694,0.244444,15.134168
001_default_lapin-off_-_g0.3,default,1000,0.4,200,7,10,0.043065,0.123017,0.288889,13.698935
002_default_lapin-off_-_g0.5,default,1000,0.4,200,7,1,0.248041,0.349265,0.276596,14.736619
002_default_lapin-off_-_g0.5,default,1000,0.4,200,7,2,0.139281,0.279721,0.340909,13.217431
002_default_lapin-off_-_g0.5,default,1000,0.4,200,7,3,0.097312,0.252386,0.181818,17.100064
002_default_lapin-off_-_g0.5,default,1000,0.4,200,7,4,0.101615,0.227588,0.340426,13.747435
002_default_lapin-off_-_g0.5,default,1000,0.4,200,7,5,0.091909,0.254122,0.266667,14.757017
002_default_lapin-off_-_g0.5,default,1000,0.4,200,7,6,0.077368,0.235764,0.15,13.985176
002_default_lapin-off_-_g0.5,default,1000,0.4,200,7,7,0.197458,0.305939,0.276596,14.927892
002_default_lapin-off_-_g0.5,default,1000,0.4,200,7,8,0.17875,0.281604,0.139535,15.910973
002_default_lapin-off_-_g0.5,default,1000,0.4,200,7,9,0.118154,0.215549,0.244444,15.134168
002_default_lapin-off_-_g0.5,default,1000,0.4,200,7,10,0.103527,0.243367,0.288889,13.698935
003_default_lapin-off_-_g0.6,default,1000,0.4,200,7,1,0.227241,0.360964,0.276596,14.736619
003_default_lapin-off_-_g0.6,default,1000,0.4,200,7,2,0.114714,0.291081,0.340909,13.217431
003_default_lapin-off_-_g0.6,default,1000,0.4,200,7,3,0.114361,0.282019,0.181818,17.100064
003_default_lapin-off_-_g0.6,default,1000,0.4,200,7,4,0.13488,0.254729,0.340426,13.747435
003_default_lapin-off_-_g0.6,default,1000,0.4,200,7,5,0.104688,0.280906,0.266667,14.757017
003_default_lapin-off_-_g0.6,default,1000,0.4,200,7,6,0.143576,0.281695,0.15,13.985176
003_default_lapin-off_-_g0.6,default,1000,0.4,200,7,7,0.237941,0.324284,0.276596,14.927892
003_default_lapin-off_-_g0.6,default,1000,0.4,200,7,8,0.208728,0.301158,0.139535,15.910973
003_default_lapin-off_-_g0.6,default,1000,0.4,200,7,9,0.148183,0.24889,0.244444,15.134168
003_default_lapin-off_-_g0.6,default,1000,0.4,200,7,10,0.118909,0.27691,0.288889,13.698935
004_default_lapin-off_-_g0.7,default,1000,0.4,200,7,1,0.209105,0.340445,0.276596,14.736619
004_default_lapin-off_-_g0.7,default,1000,0.4,200,7,2,0.121779,0.293828,0.340909,13.217431
004_default_lapin-off_-_g0.7,default,1000,0.4,200,7,3,0.157435,0.29139,0.181818,17.100064
004_default_lapin-off_-_g0.7,default,1000,0.4,200,7,4,0.15112,0.277538,0.340426,13.747435
004_default_lapin-off_-_g0.7,default,1000,0.4,200,7,5,0.139776,0.28818,0.266667,14.757017
004_default_lapin-off_-_g0.7,default,1000,0.4,200,7,6,0.188617,0.297037,0.15,13.985176
004_default_lapin-off_-_g0.7,default,1000,0.4,200,7,7,0.23791,0.329603,0.276596,14.927892
004_default_lapin-off_-_g0.7,default,1000,0.4,200,7,8,0.217647,0.308665,0.139535,15.910973
004_default_lapin-off_-_g0.7,default,1000,0.4,200,7,9,0.135469,0.270532,0.244444,15.134168
004_default_lapin-off_-_g0.7,default,1000,0.4,200,7,10,0.139067,0.291311,0.288889,13.698935
005_default_lapin-off_-_g0.8,default,1000,0.4,200,7,1,0.214795,0.318685,0.276596,14.736619
005_default_lapin-off_-_g0.8,default,1000,0.4,200,7,2,0.128275,0.285363,0.340909,13.217431
005_default_lapin-off_-_g0.8,default,1000,0.4,200,7,3,0.152235,0.294798,0.181818,17.100064
005_default_lapin-off_-_g0.8,default,1000,0.4,200,7,4,0.163621,0.277896,0.340426,13.747435
005_default_lapin-off_-_g0.8,default,1000,0.4,200,7,5,0.130603,0.287995,0.266667,14.757017
005_default_lapin-off_-_g0.8,default,1000,0.4,200,7,6,0.21463,0.300014,0.15,13.985176
005_default_lapin-off_-_g0.8,default,1000,0.4,200,7,7,0.231545,0.316504,0.276596,14.927892
005_default_lapin-off_-_g0.8,default,1000,0.4,200,7,8,0.215421,0.297894,0.139535,15.910973
005_default_lapin-off_-_g0.8,default,1000,0.4,200,7,9,0.146569,0.274196,0.244444,15.134168
005_default_lapin-off_-_g0.8,default,1000,0.4,200,7,10,0.156758,0.291436,0.288889,13.698935
006_default_lapin-off_-_g0.9,default,1000,0.4,200,7,1,0.2172,0.298131,0.276596,14.736619
006_default_lapin-off_-_g0.9,default,1000,0.4,200,7,2,0.134429,0.271191,0.340909,13.217431
006_default_lapin-off_-_g0.9,default,1000,0.4,200,7,3,0.17487,0.292892,0.181818,17.100064
006_default_lapin-off_-_g0.9,default,1000,0.4,200,7,4,0.157466,0.272857,0.340426,13.747435
006_default_lapin-off_-_g0.9,default,1000,0.4,200,7,5,0.173607,0.27986,0.266667,14.757017
006_default_lapin-off_-_g0.9,default,1000,0.4,200,7,6,0.21838,0.290661,0.15,13.985176
006_default_lapin-off_-_g0.9,default,1000,0.4,200,7,7,0.232062,0.304598,0.276596,14.927892
006_default_lapin-off_-_g0.9,default,1000,0.4,200,7,8,0.215881,0.284411,0.139535,15.910973
006_default_lapin-off_-_g0.9,default,1000,0.4,200,7,9,0.126845,0.26711,0.244444,15.134168
006_default_lapin-off_-_g0.9,default,1000,0.4,200,7,10,0.16965,0.280623,0.288889,13.698935
007_default_lapin-on_lsym_g0.3,default,1000,0.4,200,7,1,0.004659,0.052733,0.255319,21.70703
007_default_lapin-on_lsym_g0.3,default,1000,0.4,200,7,2,0.0,0.041968,0.25,20.961962
007_default_lapin-on_lsym_g0.3,default,1000,0.4,200,7,3,0.004385,0.037875,0.272727,20.516235
007_default_lapin-on_lsym_g0.3,default,1000,0.4,200,7,4,0.0,0.03475,0.297872,21.50948
007_default_lapin-on_lsym_g0.3,default,1000,0.4,200,7,5,0.0,0.050363,0.311111,19.547537
007_default_lapin-on_lsym_g0.3,default,1000,0.4,200,7,6,0.0,0.049449,0.275,17.63235
007_default_lapin-on_lsym_g0.3,default,1000,0.4,200,7,7,0.005201,0.0777,0.276596,21.322802
007_default_lapin-on_lsym_g0.3,default,1000,0.4,200,7,8,0.004883,0.062579,0.348837,16.317749
007_default_lapin-on_lsym_g0.3,default,1000,0.4,200,7,9,0.005027,0.050641,0.266667,20.25603
007_default_lapin-on_lsym_g0.3,default,1000,0.4,200,7,10,0.010616,0.0618,0.288889,20.886984
008_default_lapin-on_lsym_g0.5,default,1000,0.4,200,7,1,0.043832,0.128327,0.255319,21.70703
008_default_lapin-on_lsym_g0.5,default,1000,0.4,200,7,2,0.018662,0.122634,0.25,20.961962
008_default_lapin-on_lsym_g0.5,default,1000,0.4,200,7,3,0.01401,0.136209,0.272727,20.516235
008_default_lapin-on_lsym_g0.5,default,1000,0.4,200,7,4,0.00639,0.125469,0.297872,21.50948
008_default_lapin-on_lsym_g0.5,default,1000,0.4,200,7,5,0.005427,0.141074,0.311111,19.547537
008_default_lapin-on_lsym_g0.5,default,1000,0.4,200,7,6,0.022876,0.176707,0.275,17.63235
008_default_lapin-on_lsym_g0.5,default,1000,0.4,200,7,7,0.054158,0.188223,0.276596,21.322802
008_default_lapin-on_lsym_g0.5,default,1000,0.4,200,7,8,0.014409,0.145868,0.348837,16.317749
008_default_lapin-on_lsym_g0.5,default,1000,0.4,200,7,9,0.048727,0.154262,0.266667,20.25603
008_default_lapin-on_lsym_g0.5,default,1000,0.4,200,7,10,0.025247,0.145166,0.288889,20.886984
009_default_lapin-on_lsym_g0.6,default,1000,0.4,200,7,1,0.05286,0.156906,0.255319,21.70703
009_default_lapin-on_lsym_g0.6,default,1000,0.4,200,7,2,0.036988,0.160071,0.25,20.961962
009_default_lapin-on_lsym_g0.6,default,1000,0.4,200,7,3,0.023916,0.166038,0.272727,20.516235
009_default_lapin-on_lsym_g0.6,default,1000,0.4,200,7,4,0.027768,0.15765,0.297872,21.50948
009_default_lapin-on_lsym_g0.6,default,1000,0.4,200,7,5,0.025173,0.182397,0.311111,19.547537
009_default_lapin-on_lsym_g0.6,default,1000,0.4,200,7,6,0.042601,0.217527,0.275,17.63235
009_default_lapin-on_lsym_g0.6,default,1000,0.4,200,7,7,0.085117,0.217063,0.276596,21.322802
009_default_lapin-on_lsym_g0.6,default,1000,0.4,200,7,8,0.022927,0.181828,0.348837,16.317749
009_default_lapin-on_lsym_g0.6,default,1000,0.4,200,7,9,0.067076,0.195516,0.266667,20.25603
009_default_lapin-on_lsym_g0.6,default,1000,0.4,200,7,10,0.035061,0.175862,0.288889,20.886984
010_default_lapin-on_lsym_g0.7,default,1000,0.4,200,7,1,0.07667,0.191256,0.255319,21.70703
010_default_lapin-on_lsym_g0.7,default,1000,0.4,200,7,2,0.038673,0.179016,0.25,20.961962
010_default_lapin-on_lsym_g0.7,default,1000,0.4,200,7,3,0.038706,0.189839,0.272727,20.516235
010_default_lapin-on_lsym_g0.7,default,1000,0.4,200,7,4,0.028602,0.190182,0.297872,21.50948
010_default_lapin-on_lsym_g0.7,default,1000,0.4,200,7,5,0.043442,0.204969,0.311111,19.547537
010_default_lapin-on_lsym_g0.7,default,1000,0.4,200,7,6,0.05824,0.246669,0.275,17.63235
010_default_lapin-on_lsym_g0.7,default,1000,0.4,200,7,7,0.092752,0.239952,0.276596,21.322802
010_default_lapin-on_lsym_g0.7,default,1000,0.4,200,7,8,0.016816,0.204529,0.348837,16.317749
010_default_lapin-on_lsym_g0.7,default,1000,0.4,200,7,9,0.064611,0.221394,0.266667,20.25603
010_default_lapin-on_lsym_g0.7,default,1000,0.4,200,7,10,0.043784,0.199884,0.288889,20.886984
011_default_lapin-on_lsym_g0.8,default,1000,0.4,200,7,1,0.077503,0.21714,0.255319,21.70703
011_default_lapin-on_lsym_g0.8,default,1000,0.4,200,7,2,0.03784,0.190108,0.25,20.961962
011_default_lapin-on_lsym_g0.8,default,1000,0.4,200,7,3,0.037216,0.200511,0.272727,20.516235
011_default_lapin-on_lsym_g0.8,default,1000,0.4,200,7,4,0.036551,0.213681,0.297872,21.50948
011_default_lapin-on_lsym_g0.8,default,1000,0.4,200,7,5,0.05118,0.211928,0.311111,19.547537
011_default_lapin-on_lsym_g0.8,default,1000,0.4,200,7,6,0.066697,0.248628,0.275,17.63235
011_default_lapin-on_lsym_g0.8,default,1000,0.4,200,7,7,0.092585,0.251479,0.276596,21.322802
011_default_lapin-on_lsym_g0.8,default,1000,0.4,200,7,8,0.055691,0.221669,0.348837,16.317749
011_default_lapin-on_lsym_g0.8,default,1000,0.4,200,7,9,0.072277,0.231527,0.266667,20.25603
011_default_lapin-on_lsym_g0.8,default,1000,0.4,200,7,10,0.048033,0.211354,0.288889,20.886984
012_default_lapin-on_lsym_g0.9,default,1000,0.4,200,7,1,0.072517,0.231771,0.255319,21.70703
012_default_lapin-on_lsym_g0.9,default,1000,0.4,200,7,2,0.057261,0.194979,0.25,20.961962
012_default_lapin-on_lsym_g0.9,default,1000,0.4,200,7,3,0.067697,0.205515,0.272727,20.516235
012_default_lapin-on_lsym_g0.9,default,1000,0.4,200,7,4,0.057266,0.207934,0.297872,21.50948
012_default_lapin-on_lsym_g0.9,default,1000,0.4,200,7,5,0.050594,0.214928,0.311111,19.547537
012_default_lapin-on_lsym_g0.9,default,1000,0.4,200,7,6,0.064183,0.235157,0.275,17.63235
012_default_lapin-on_lsym_g0.9,default,1000,0.4,200,7,7,0.097784,0.249906,0.276596,21.322802
012_default_lapin-on_lsym_g0.9,default,1000,0.4,200,7,8,0.072771,0.22352,0.348837,16.317749
012_default_lapin-on_lsym_g0.9,default,1000,0.4,200,7,9,0.073817,0.23157,0.266667,20.25603
012_default_lapin-on_lsym_g0.9,default,1000,0.4,200,7,10,0.05226,0.206823,0.288889,20.886984
025_dice_lapin-off_-_g0.3,dice,1000,0.4,200,7,1,0.287296,0.34373,0.170213,20.948411
025_dice_lapin-off_-_g0.3,dice,1000,0.4,200,7,2,0.308927,0.329566,0.113636,20.42923
025_dice_lapin-off_-_g0.3,dice,1000,0.4,200,7,3,0.289887,0.309372,0.272727,22.046482
025_dice_lapin-off_-_g0.3,dice,1000,0.4,200,7,4,0.315229,0.34228,0.255319,23.734831
025_dice_lapin-off_-_g0.3,dice,1000,0.4,200,7,5,0.304142,0.357876,0.133333,21.725639
025_dice_lapin-off_-_g0.3,dice,1000,0.4,200,7,6,0.341609,0.335858,0.1,18.193291
025_dice_lapin-off_-_g0.3,dice,1000,0.4,200,7,7,0.297537,0.322199,0.234043,21.985413
025_dice_lapin-off_-_g0.3,dice,1000,0.4,200,7,8,0.307792,0.342386,0.162791,18.821798
025_dice_lapin-off_-_g0.3,dice,1000,0.4,200,7,9,0.275216,0.352443,0.177778,20.176526
025_dice_lapin-off_-_g0.3,dice,1000,0.4,200,7,10,0.298406,0.330022,0.177778,20.330149
026_dice_lapin-off_-_g0.5,dice,1000,0.4,200,7,1,0.276484,0.313634,0.170213,20.948411
026_dice_lapin-off_-_g0.5,dice,1000,0.4,200,7,2,0.345088,0.328717,0.113636,20.42923
026_dice_lapin-off_-_g0.5,dice,1000,0.4,200,7,3,0.292481,0.32041,0.272727,22.046482
026_dice_lapin-off_-_g0.5,dice,1000,0.4,200,7,4,0.33087,0.320807,0.255319,23.734831
026_dice_lapin-off_-_g0.5,dice,1000,0.4,200,7,5,0.296072,0.358734,0.133333,21.725639
026_dice_lapin-off_-_g0.5,dice,1000,0.4,200,7,6,0.358412,0.34759,0.1,18.193291
026_dice_lapin-off_-_g0.5,dice,1000,0.4,200,7,7,0.338009,0.31375,0.234043,21.985413
026_dice_lapin-off_-_g0.5,dice,1000,0.4,200,7,8,0.292931,0.33009,0.162791,18.821798
026_dice_lapin-off_-_g0.5,dice,1000,0.4,200,7,9,0.279553,0.321601,0.177778,20.176526
026_dice_lapin-off_-_g0.5,dice,1000,0.4,200,7,10,0.29536,0.323974,0.177778,20.330149
027_dice_lapin-off_-_g0.6,dice,1000,0.4,200,7,1,0.291176,0.301767,0.170213,20.948411
027_dice_lapin-off_-_g0.6,dice,1000,0.4,200,7,2,0.345207,0.321189,0.113636,20.42923
027_dice_lapin-off_-_g0.6,dice,1000,0.4,200,7,3,0.292817,0.316478,0.272727,22.046482
027_dice_lapin-off_-_g0.6,dice,1000,0.4,200,7,4,0.329978,0.314074,0.255319,23.734831
027_dice_lapin-off_-_g0.6,dice,1000,0.4,200,7,5,0.287272,0.347534,0.133333,21.725639
027_dice_lapin-off_-_g0.6,dice,1000,0.4,200,7,6,0.35426,0.33263,0.1,18.193291
027_dice_lapin-off_-_g0.6,dice,1000,0.4,200,7,7,0.33466,0.297455,0.234043,21.985413
027_dice_lapin-off_-_g0.6,dice,1000,0.4,200,7,8,0.299496,0.320768,0.162791,18.821798
027_dice_lapin-off_-_g0.6,dice,1000,0.4,200,7,9,0.283259,0.302101,0.177778,20.176526
027_dice_lapin-off_-_g0.6,dice,1000,0.4,200,7,10,0.298687,0.308654,0.177778,20.330149
028_dice_lapin-off_-_g0.7,dice,1000,0.4,200,7,1,0.283441,0.298984,0.170213,20.948411
028_dice_lapin-off_-_g0.7,dice,1000,0.4,200,7,2,0.337706,0.311887,0.113636,20.42923
028_dice_lapin-off_-_g0.7,dice,1000,0.4,200,7,3,0.273124,0.293512,0.272727,22.046482
028_dice_lapin-off_-_g0.7,dice,1000,0.4,200,7,4,0.31605,0.296671,0.255319,23.734831
028_dice_lapin-off_-_g0.7,dice,1000,0.4,200,7,5,0.283991,0.328969,0.133333,21.725639
028_dice_lapin-off_-_g0.7,dice,1000,0.4,200,7,6,0.344272,0.323012,0.1,18.193291
028_dice_lapin-off_-_g0.7,dice,1000,0.4,200,7,7,0.333305,0.29949,0.234043,21.985413
028_dice_lapin-off_-_g0.7,dice,1000,0.4,200,7,8,0.286175,0.322132,0.162791,18.821798
028_dice_lapin-off_-_g0.7,dice,1000,0.4,200,7,9,0.261365,0.292843,0.177778,20.176526
028_dice_lapin-off_-_g0.7,dice,1000,0.4,200,7,10,0.283166,0.293674,0.177778,20.330149
029_dice_lapin-off_-_g0.8,dice,1000,0.4,200,7,1,0.270196,0.282611,0.170213,20.948411
029_dice_lapin-off_-_g0.8,dice,1000,0.4,200,7,2,0.339147,0.301525,0.113636,20.42923
029_dice_lapin-off_-_g0.8,dice,1000,0.4,200,7,3,0.257905,0.2755,0.272727,22.046482
029_dice_lapin-off_-_g0.8,dice,1000,0.4,200,7,4,0.293789,0.280535,0.255319,23.734831
029_dice_lapin-off_-_g0.8,dice,1000,0.4,200,7,5,0.271736,0.305427,0.133333,21.725639
029_dice_lapin-off_-_g0.8,dice,1000,0.4,200,7,6,0.333174,0.311425,0.1,18.193291
029_dice_lapin-off_-_g0.8,dice,1000,0.4,200,7,7,0.322701,0.303878,0.212766,21.985413
029_dice_lapin-off_-_g0.8,dice,1000,0.4,200,7,8,0.264274,0.303761,0.162791,18.821798
029_dice_lapin-off_-_g0.8,dice,1000,0.4,200,7,9,0.258498,0.285261,0.177778,20.176526
029_dice_lapin-off_-_g0.8,dice,1000,0.4,200,7,10,0.269848,0.280412,0.177778,20.330149
030_dice_lapin-off_-_g0.9,dice,1000,0.4,200,7,1,0.264631,0.272875,0.106383,20.948411
030_dice_lapin-off_-_g0.9,dice,1000,0.4,200,7,2,0.316221,0.299307,0.113636,20.42923
030_dice_lapin-off_-_g0.9,dice,1000,0.4,200,7,3,0.249776,0.266976,0.25,22.046482
030_dice_lapin-off_-_g0.9,dice,1000,0.4,200,7,4,0.277604,0.269799,0.255319,23.734831
030_dice_lapin-off_-_g0.9,dice,1000,0.4,200,7,5,0.253807,0.28764,0.133333,21.725639
030_dice_lapin-off_-_g0.9,dice,1000,0.4,200,7,6,0.321291,0.30498,0.1,18.193291
030_dice_lapin-off_-_g0.9,dice,1000,0.4,200,7,7,0.304381,0.291311,0.212766,21.985413
030_dice_lapin-off_-_g0.9,dice,1000,0.4,200,7,8,0.263119,0.292706,0.139535,18.821798
030_dice_lapin-off_-_g0.9,dice,1000,0.4,200,7,9,0.243703,0.276574,0.177778,20.176526
030_dice_lapin-off_-_g0.9,dice,1000,0.4,200,7,10,0.255214,0.27089,0.155556,20.330149
031_dice_lapin-on_lsym_g0.3,dice,1000,0.4,200,7,1,0.079125,0.169796,0.042553,26.504086
031_dice_lapin-on_lsym_g0.3,dice,1000,0.4,200,7,2,0.019278,0.119965,0.090909,31.890676
031_dice_lapin-on_lsym_g0.3,dice,1000,0.4,200,7,3,0.039098,0.144319,0.068182,29.818643
031_dice_lapin-on_lsym_g0.3,dice,1000,0.4,200,7,4,0.039046,0.135465,0.042553,27.68726
031_dice_lapin-on_lsym_g0.3,dice,1000,0.4,200,7,5,0.138392,0.22012,0.0,28.045099
031_dice_lapin-on_lsym_g0.3,dice,1000,0.4,200,7,6,0.039653,0.123318,0.075,26.182759
031_dice_lapin-on_lsym_g0.3,dice,1000,0.4,200,7,7,0.126477,0.240265,0.06383,30.899891
031_dice_lapin-on_lsym_g0.3,dice,1000,0.4,200,7,8,0.155039,0.268565,0.023256,24.551923
031_dice_lapin-on_lsym_g0.3,dice,1000,0.4,200,7,9,0.079491,0.18332,0.044444,28.193995
031_dice_lapin-on_lsym_g0.3,dice,1000,0.4,200,7,10,0.114618,0.225348,0.022222,25.983383
032_dice_lapin-on_lsym_g0.5,dice,1000,0.4,200,7,1,0.224371,0.290675,0.042553,26.504086
032_dice_lapin-on_lsym_g0.5,dice,1000,0.4,200,7,2,0.111325,0.205003,0.090909,31.890676
032_dice_lapin-on_lsym_g0.5,dice,1000,0.4,200,7,3,0.161543,0.238315,0.068182,29.818643
032_dice_lapin-on_lsym_g0.5,dice,1000,0.4,200,7,4,0.140419,0.228426,0.042553,27.68726
032_dice_lapin-on_lsym_g0.5,dice,1000,0.4,200,7,5,0.23596,0.300438,0.0,28.045099
032_dice_lapin-on_lsym_g0.5,dice,1000,0.4,200,7,6,0.137294,0.245054,0.075,26.182759
032_dice_lapin-on_lsym_g0.5,dice,1000,0.4,200,7,7,0.193042,0.263856,0.06383,30.899891
032_dice_lapin-on_lsym_g0.5,dice,1000,0.4,200,7,8,0.214593,0.290827,0.023256,24.551923
032_dice_lapin-on_lsym_g0.5,dice,1000,0.4,200,7,9,0.199173,0.256188,0.044444,28.193995
032_dice_lapin-on_lsym_g0.5,dice,1000,0.4,200,7,10,0.20254,0.289973,0.022222,25.983383
033_dice_lapin-on_lsym_g0.6,dice,1000,0.4,200,7,1,0.249615,0.28938,0.042553,26.504086
033_dice_lapin-on_lsym_g0.6,dice,1000,0.4,200,7,2,0.168691,0.243214,0.090909,31.890676
033_dice_lapin-on_lsym_g0.6,dice,1000,0.4,200,7,3,0.158003,0.238638,0.068182,29.818643
033_dice_lapin-on_lsym_g0.6,dice,1000,0.4,200,7,4,0.139861,0.223034,0.042553,27.68726
033_dice_lapin-on_lsym_g0.6,dice,1000,0.4,200,7,5,0.279337,0.311708,0.0,28.045099
033_dice_lapin-on_lsym_g0.6,dice,1000,0.4,200,7,6,0.178801,0.26635,0.075,26.182759
033_dice_lapin-on_lsym_g0.6,dice,1000,0.4,200,7,7,0.211188,0.291423,0.06383,30.899891
033_dice_lapin-on_lsym_g0.6,dice,1000,0.4,200,7,8,0.2671,0.312715,0.023256,24.551923
033_dice_lapin-on_lsym_g0.6,dice,1000,0.4,200,7,9,0.242106,0.270645,0.044444,28.193995
033_dice_lapin-on_lsym_g0.6,dice,1000,0.4,200,7,10,0.230811,0.300606,0.022222,25.983383
034_dice_lapin-on_lsym_g0.7,dice,1000,0.4,200,7,1,0.239151,0.277953,0.042553,26.504086
034_dice_lapin-on_lsym_g0.7,dice,1000,0.4,200,7,2,0.198388,0.244054,0.090909,31.890676
034_dice_lapin-on_lsym_g0.7,dice,1000,0.4,200,7,3,0.187132,0.25422,0.068182,29.818643
034_dice_lapin-on_lsym_g0.7,dice,1000,0.4,200,7,4,0.155022,0.2296,0.042553,27.68726
034_dice_lapin-on_lsym_g0.7,dice,1000,0.4,200,7,5,0.293317,0.311965,0.0,28.045099
034_dice_lapin-on_lsym_g0.7,dice,1000,0.4,200,7,6,0.215392,0.287149,0.075,26.182759
034_dice_lapin-on_lsym_g0.7,dice,1000,0.4,200,7,7,0.238333,0.30431,0.06383,30.899891
034_dice_lapin-on_lsym_g0.7,dice,1000,0.4,200,7,8,0.283743,0.313704,0.023256,24.551923
034_dice_lapin-on_lsym_g0.7,dice,1000,0.4,200,7,9,0.258651,0.274846,0.044444,28.193995
034_dice_lapin-on_lsym_g0.7,dice,1000,0.4,200,7,10,0.248277,0.293039,0.022222,25.983383
035_dice_lapin-on_lsym_g0.8,dice,1000,0.4,200,7,1,0.247298,0.285511,0.042553,26.504086
035_dice_lapin-on_lsym_g0.8,dice,1000,0.4,200,7,2,0.215458,0.246848,0.090909,31.890676
035_dice_lapin-on_lsym_g0.8,dice,1000,0.4,200,7,3,0.180141,0.262195,0.068182,29.818643
035_dice_lapin-on_lsym_g0.8,dice,1000,0.4,200,7,4,0.185663,0.248636,0.042553,27.68726
035_dice_lapin-on_lsym_g0.8,dice,1000,0.4,200,7,5,0.28523,0.303083,0.0,28.045099
035_dice_lapin-on_lsym_g0.8,dice,1000,0.4,200,7,6,0.232345,0.296681,0.075,26.182759
035_dice_lapin-on_lsym_g0.8,dice,1000,0.4,200,7,7,0.253739,0.307356,0.06383,30.899891
035_dice_lapin-on_lsym_g0.8,dice,1000,0.4,200,7,8,0.279231,0.311738,0.023256,24.551923
035_dice_lapin-on_lsym_g0.8,dice,1000,0.4,200,7,9,0.269751,0.286999,0.044444,28.193995
035_dice_lapin-on_lsym_g0.8,dice,1000,0.4,200,7,10,0.257897,0.292728,0.022222,25.983383
036_dice_lapin-on_lsym_g0.9,dice,1000,0.4,200,7,1,0.234206,0.301665,0.06383,26.504086
036_dice_lapin-on_lsym_g0.9,dice,1000,0.4,200,7,2,0.213834,0.262011,0.090909,31.890676
036_dice_lapin-on_lsym_g0.9,dice,1000,0.4,200,7,3,0.193579,0.269731,0.068182,29.818643
036_dice_lapin-on_lsym_g0.9,dice,1000,0.4,200,7,4,0.178526,0.252516,0.042553,27.68726
036_dice_lapin-on_lsym_g0.9,dice,1000,0.4,200,7,5,0.274031,0.30117,0.0,28.045099
036_dice_lapin-on_lsym_g0.9,dice,1000,0.4,200,7,6,0.242772,0.291616,0.075,26.182759
036_dice_lapin-on_lsym_g0.9,dice,1000,0.4,200,7,7,0.234261,0.306392,0.042553,30.899891
036_dice_lapin-on_lsym_g0.9,dice,1000,0.4,200,7,8,0.268716,0.304184,0.023256,24.551923
036_dice_lapin-on_lsym_g0.9,dice,1000,0.4,200,7,9,0.282146,0.28967,0.022222,28.193995
036_dice_lapin-on_lsym_g0.9,dice,1000,0.4,200,7,10,0.24734,0.285861,0.022222,25.983383
049_ip_beta0_lapin-off_-_g0.3,ip_beta0,1000,0.4,200,7,1,0.205058,0.297336,0.085106,16.564878
049_ip_beta0_lapin-off_-_g0.3,ip_beta0,1000,0.4,200,7,2,0.206963,0.317255,0.090909,14.121952
049_ip_beta0_lapin-off_-_g0.3,ip_beta0,1000,0.4,200,7,3,0.20319,0.30132,0.045455,15.903697
049_ip_beta0_lapin-off_-_g0.3,ip_beta0,1000,0.4,200,7,4,0.219246,0.327642,0.085106,14.686186
049_ip_beta0_lapin-off_-_g0.3,ip_beta0,1000,0.4,200,7,5,0.192485,0.297663,0.066667,13.929852
049_ip_beta0_lapin-off_-_g0.3,ip_beta0,1000,0.4,200,7,6,0.231102,0.312624,0.025,14.100216
049_ip_beta0_lapin-off_-_g0.3,ip_beta0,1000,0.4,200,7,7,0.225352,0.31082,0.042553,15.02779
049_ip_beta0_lapin-off_-_g0.3,ip_beta0,1000,0.4,200,7,8,0.156382,0.294919,0.069767,13.719556
049_ip_beta0_lapin-off_-_g0.3,ip_beta0,1000,0.4,200,7,9,0.230779,0.311668,0.044444,15.9346
049_ip_beta0_lapin-off_-_g0.3,ip_beta0,1000,0.4,200,7,10,0.140234,0.24984,0.044444,15.932914
050_ip_beta0_lapin-off_-_g0.5,ip_beta0,1000,0.4,200,7,1,0.286303,0.359554,0.085106,16.564878
050_ip_beta0_lapin-off_-_g0.5,ip_beta0,1000,0.4,200,7,2,0.290872,0.348706,0.090909,14.121952
050_ip_beta0_lapin-off_-_g0.5,ip_beta0,1000,0.4,200,7,3,0.275259,0.323878,0.045455,15.903697
050_ip_beta0_lapin-off_-_g0.5,ip_beta0,1000,0.4,200,7,4,0.297196,0.376915,0.085106,14.686186
050_ip_beta0_lapin-off_-_g0.5,ip_beta0,1000,0.4,200,7,5,0.317252,0.377856,0.066667,13.929852
050_ip_beta0_lapin-off_-_g0.5,ip_beta0,1000,0.4,200,7,6,0.31288,0.355316,0.025,14.100216
050_ip_beta0_lapin-off_-_g0.5,ip_beta0,1000,0.4,200,7,7,0.293644,0.351157,0.042553,15.02779
050_ip_beta0_lapin-off_-_g0.5,ip_beta0,1000,0.4,200,7,8,0.267539,0.360466,0.069767,13.719556
050_ip_beta0_lapin-off_-_g0.5,ip_beta0,1000,0.4,200,7,9,0.357775,0.393863,0.044444,15.9346
050_ip_beta0_lapin-off_-_g0.5,ip_beta0,1000,0.4,200,7,10,0.246392,0.357397,0.044444,15.932914
051_ip_beta0_lapin-off_-_g0.6,ip_beta0,1000,0.4,200,7,1,0.288759,0.353218,0.085106,16.564878
051_ip_beta0_lapin-off_-_g0.6,ip_beta0,1000,0.4,200,7,2,0.279747,0.342446,0.090909,14.121952
051_ip_beta0_lapin-off_-_g0.6,ip_beta0,1000,0.4,200,7,3,0.296094,0.329424,0.045455,15.903697
051_ip_beta0_lapin-off_-_g0.6,ip_beta0,1000,0.4,200,7,4,0.31131,0.379541,0.085106,14.686186
051_ip_beta0_lapin-off_-_g0.6,ip_beta0,1000,0.4,200,7,5,0.323767,0.364169,0.066667,13.929852
051_ip_beta0_lapin-off_-_g0.6,ip_beta0,1000,0.4,200,7,6,0.31595,0.369257,0.025,14.100216
051_ip_beta0_lapin-off_-_g0.6,ip_beta0,1000,0.4,200,7,7,0.310674,0.359766,0.042553,15.02779
051_ip_beta0_lapin-off_-_g0.6,ip_beta0,1000,0.4,200,7,8,0.262349,0.359071,0.069767,13.719556
051_ip_beta0_lapin-off_-_g0.6,ip_beta0,1000,0.4,200,7,9,0.356788,0.390217,0.044444,15.9346
051_ip_beta0_lapin-off_-_g0.6,ip_beta0,1000,0.4,200,7,10,0.250601,0.350615,0.044444,15.932914
052_ip_beta0_lapin-off_-_g0.7,ip_beta0,1000,0.4,200,7,1,0.30596,0.357825,0.085106,16.564878
052_ip_beta0_lapin-off_-_g0.7,ip_beta0,1000,0.4,200,7,2,0.271382,0.342559,0.090909,14.121952
052_ip_beta0_lapin-off_-_g0.7,ip_beta0,1000,0.4,200,7,3,0.298231,0.330068,0.045455,15.903697
052_ip_beta0_lapin-off_-_g0.7,ip_beta0,1000,0.4,200,7,4,0.32202,0.374258,0.085106,14.686186
052_ip_beta0_lapin-off_-_g0.7,ip_beta0,1000,0.4,200,7,5,0.332428,0.354786,0.066667,13.929852
052_ip_beta0_lapin-off_-_g0.7,ip_beta0,1000,0.4,200,7,6,0.331913,0.375045,0.025,14.100216
052_ip_beta0_lapin-off_-_g0.7,ip_beta0,1000,0.4,200,7,7,0.305823,0.363498,0.042553,15.02779
052_ip_beta0_lapin-off_-_g0.7,ip_beta0,1000,0.4,200,7,8,0.277282,0.352436,0.069767,13.719556
052_ip_beta0_lapin-off_-_g0.7,ip_beta0,1000,0.4,200,7,9,0.354127,0.373141,0.044444,15.9346
053_ip_beta0_lapin-off_-_g0.8,ip_beta0,1000,0.4,200,7,1,0.303212,0.343261,0.085106,16.564878
053_ip_beta0_lapin-off_-_g0.8,ip_beta0,1000,0.4,200,7,2,0.280422,0.334861,0.090909,14.121952
053_ip_beta0_lapin-off_-_g0.8,ip_beta0,1000,0.4,200,7,3,0.291349,0.329622,0.045455,15.903697
053_ip_beta0_lapin-off_-_g0.8,ip_beta0,1000,0.4,200,7,4,0.331126,0.367949,0.085106,14.686186
053_ip_beta0_lapin-off_-_g0.8,ip_beta0,1000,0.4,200,7,5,0.325561,0.367602,0.066667,13.929852
053_ip_beta0_lapin-off_-_g0.8,ip_beta0,1000,0.4,200,7,6,0.350911,0.369268,0.025,14.100216
053_ip_beta0_lapin-off_-_g0.8,ip_beta0,1000,0.4,200,7,7,0.298882,0.359712,0.042553,15.02779
053_ip_beta0_lapin-off_-_g0.8,ip_beta0,1000,0.4,200,7,8,0.275113,0.343018,0.069767,13.719556
053_ip_beta0_lapin-off_-_g0.8,ip_beta0,1000,0.4,200,7,9,0.364407,0.360908,0.044444,15.9346
054_ip_beta0_lapin-off_-_g0.9,ip_beta0,1000,0.4,200,7,1,0.293923,0.338641,0.085106,16.564878
054_ip_beta0_lapin-off_-_g0.9,ip_beta0,1000,0.4,200,7,2,0.271789,0.323841,0.090909,14.121952
054_ip_beta0_lapin-off_-_g0.9,ip_beta0,1000,0.4,200,7,3,0.286191,0.327427,0.045455,15.903697
054_ip_beta0_lapin-off_-_g0.9,ip_beta0,1000,0.4,200,7,4,0.315368,0.354692,0.085106,14.686186
054_ip_beta0_lapin-off_-_g0.9,ip_beta0,1000,0.4,200,7,5,0.30922,0.356853,0.066667,13.929852
054_ip_beta0_lapin-off_-_g0.9,ip_beta0,1000,0.4,200,7,6,0.336463,0.36685,0.025,14.100216
054_ip_beta0_lapin-off_-_g0.9,ip_beta0,1000,0.4,200,7,7,0.305569,0.359671,0.042553,15.02779
054_ip_beta0_lapin-off_-_g0.9,ip_beta0,1000,0.4,200,7,8,0.261095,0.335509,0.069767,13.719556
054_ip_beta0_lapin-off_-_g0.9,ip_beta0,1000,0.4,200,7,9,0.363552,0.355982,0.044444,15.9346
055_ip_beta0_lapin-on_lsym_g0.3,ip_beta0,1000,0.4,200,7,1,0.085813,0.152163,0.617021,46.653024
055_ip_beta0_lapin-on_lsym_g0.3,ip_beta0,1000,0.4,200,7,2,0.064066,0.181098,0.613636,36.886339
055_ip_beta0_lapin-on_lsym_g0.3,ip_beta0,1000,0.4,200,7,3,0.111331,0.207333,0.5,35.046753
055_ip_beta0_lapin-on_lsym_g0.3,ip_beta0,1000,0.4,200,7,4,0.105189,0.196365,0.468085,35.594411
055_ip_beta0_lapin-on_lsym_g0.3,ip_beta0,1000,0.4,200,7,5,0.110884,0.18249,0.644444,38.82454
055_ip_beta0_lapin-on_lsym_g0.3,ip_beta0,1000,0.4,200,7,6,0.129577,0.195249,0.525,33.547937
055_ip_beta0_lapin-on_lsym_g0.3,ip_beta0,1000,0.4,200,7,7,0.145831,0.207263,0.574468,39.006651
055_ip_beta0_lapin-on_lsym_g0.3,ip_beta0,1000,0.4,200,7,8,0.121029,0.218373,0.581395,34.549641
055_ip_beta0_lapin-on_lsym_g0.3,ip_beta0,1000,0.4,200,7,9,0.088716,0.202678,0.555556,37.993591
056_ip_beta0_lapin-on_lsym_g0.5,ip_beta0,1000,0.4,200,7,1,0.214281,0.275822,0.617021,46.653024
056_ip_beta0_lapin-on_lsym_g0.5,ip_beta0,1000,0.4,200,7,2,0.1627,0.228928,0.613636,36.886339
056_ip_beta0_lapin-on_lsym_g0.5,ip_beta0,1000,0.4,200,7,3,0.252954,0.276696,0.5,35.046753
056_ip_beta0_lapin-on_lsym_g0.5,ip_beta0,1000,0.4,200,7,4,0.219831,0.238609,0.468085,35.594411
056_ip_beta0_lapin-on_lsym_g0.5,ip_beta0,1000,0.4,200,7,5,0.233744,0.272129,0.644444,38.82454
056_ip_beta0_lapin-on_lsym_g0.5,ip_beta0,1000,0.4,200,7,6,0.241068,0.276242,0.525,33.547937
056_ip_beta0_lapin-on_lsym_g0.5,ip_beta0,1000,0.4,200,7,7,0.267886,0.272843,0.574468,39.006651
056_ip_beta0_lapin-on_lsym_g0.5,ip_beta0,1000,0.4,200,7,8,0.232192,0.277622,0.581395,34.549641
056_ip_beta0_lapin-on_lsym_g0.5,ip_beta0,1000,0.4,200,7,9,0.230045,0.250703,0.555556,37.993591
057_ip_beta0_lapin-on_lsym_g0.6,ip_beta0,1000,0.4,200,7,1,0.248814,0.292887,0.617021,46.653024
057_ip_beta0_lapin-on_lsym_g0.6,ip_beta0,1000,0.4,200,7,2,0.201576,0.240149,0.613636,36.886339
057_ip_beta0_lapin-on_lsym_g0.6,ip_beta0,1000,0.4,200,7,3,0.269379,0.290101,0.5,35.046753
057_ip_beta0_lapin-on_lsym_g0.6,ip_beta0,1000,0.4,200,7,4,0.227963,0.237506,0.468085,35.594411
057_ip_beta0_lapin-on_lsym_g0.6,ip_beta0,1000,0.4,200,7,5,0.265269,0.284302,0.644444,38.82454
057_ip_beta0_lapin-on_lsym_g0.6,ip_beta0,1000,0.4,200,7,6,0.265993,0.283184,0.525,33.547937
057_ip_beta0_lapin-on_lsym_g0.6,ip_beta0,1000,0.4,200,7,7,0.282926,0.292198,0.574468,39.006651
057_ip_beta0_lapin-on_lsym_g0.6,ip_beta0,1000,0.4,200,7,8,0.222976,0.271415,0.581395,34.549641
057_ip_beta0_lapin-on_lsym_g0.6,ip_beta0,1000,0.4,200,7,9,0.257005,0.254287,0.555556,37.993591
058_ip_beta0_lapin-on_lsym_g0.7,ip_beta0,1000,0.4,200,7,1,0.262601,0.280449,0.617021,46.653024
058_ip_beta0_lapin-on_lsym_g0.7,ip_beta0,1000,0.4,200,7,2,0.212853,0.263024,0.613636,36.886339
058_ip_beta0_lapin-on_lsym_g0.7,ip_beta0,1000,0.4,200,7,3,0.29261,0.319648,0.5,35.046753
058_ip_beta0_lapin-on_lsym_g0.7,ip_beta0,1000,0.4,200,7,4,0.253599,0.257273,0.468085,35.594411
058_ip_beta0_lapin-on_lsym_g0.7,ip_beta0,1000,0.4,200,7,5,0.299099,0.303835,0.644444,38.82454
058_ip_beta0_lapin-on_lsym_g0.7,ip_beta0,1000,0.4,200,7,6,0.286834,0.290556,0.525,33.547937
058_ip_beta0_lapin-on_lsym_g0.7,ip_beta0,1000,0.4,200,7,7,0.319501,0.298931,0.574468,39.006651
058_ip_beta0_lapin-on_lsym_g0.7,ip_beta0,1000,0.4,200,7,8,0.235649,0.288342,0.581395,34.549641
058_ip_beta0_lapin-on_lsym_g0.7,ip_beta0,1000,0.4,200,7,9,0.276043,0.27805,0.555556,37.993591
059_ip_beta0_lapin-on_lsym_g0.8,ip_beta0,1000,0.4,200,7,1,0.239436,0.279789,0.617021,46.653024
059_ip_beta0_lapin-on_lsym_g0.8,ip_beta0,1000,0.4,200,7,2,0.234212,0.297349,0.613636,36.886339
059_ip_beta0_lapin-on_lsym_g0.8,ip_beta0,1000,0.4,200,7,3,0.292682,0.30916,0.5,35.046753
059_ip_beta0_lapin-on_lsym_g0.8,ip_beta0,1000,0.4,200,7,4,0.265983,0.276869,0.468085,35.594411
059_ip_beta0_lapin-on_lsym_g0.8,ip_beta0,1000,0.4,200,7,5,0.302552,0.300208,0.644444,38.82454
059_ip_beta0_lapin-on_lsym_g0.8,ip_beta0,1000,0.4,200,7,6,0.296025,0.30462,0.525,33.547937
059_ip_beta0_lapin-on_lsym_g0.8,ip_beta0,1000,0.4,200,7,7,0.299481,0.327796,0.574468,39.006651
059_ip_beta0_lapin-on_lsym_g0.8,ip_beta0,1000,0.4,200,7,8,0.232988,0.284309,0.581395,34.549641
059_ip_beta0_lapin-on_lsym_g0.8,ip_beta0,1000,0.4,200,7,9,0.305802,0.305039,0.555556,37.993591
060_ip_beta0_lapin-on_lsym_g0.9,ip_beta0,1000,0.4,200,7,1,0.226514,0.292341,0.595745,46.653024
060_ip_beta0_lapin-on_lsym_g0.9,ip_beta0,1000,0.4,200,7,2,0.22657,0.287731,0.568182,36.886339
060_ip_beta0_lapin-on_lsym_g0.9,ip_beta0,1000,0.4,200,7,3,0.291563,0.308024,0.454545,35.046753
060_ip_beta0_lapin-on_lsym_g0.9,ip_beta0,1000,0.4,200,7,4,0.281817,0.298572,0.404255,35.594411
060_ip_beta0_lapin-on_lsym_g0.9,ip_beta0,1000,0.4,200,7,5,0.287691,0.297288,0.622222,38.82454
060_ip_beta0_lapin-on_lsym_g0.9,ip_beta0,1000,0.4,200,7,6,0.292624,0.319122,0.525,33.547937
060_ip_beta0_lapin-on_lsym_g0.9,ip_beta0,1000,0.4,200,7,7,0.294979,0.326583,0.531915,39.006651
060_ip_beta0_lapin-on_lsym_g0.9,ip_beta0,1000,0.4,200,7,8,0.233409,0.281009,0.581395,34.549641
060_ip_beta0_lapin-on_lsym_g0.9,ip_beta0,1000,0.4,200,7,9,0.287358,0.302997,0.533333,37.993591
061_ip_beta0.5_lapin-off_-_g0.3,ip_beta0.5,1000,0.4,200,7,1,0.154128,0.290277,0.106383,14.824612
061_ip_beta0.5_lapin-off_-_g0.3,ip_beta0.5,1000,0.4,200,7,2,0.204176,0.294137,0.022727,16.433159
061_ip_beta0.5_lapin-off_-_g0.3,ip_beta0.5,1000,0.4,200,7,3,0.127597,0.249603,0.045455,17.8488
061_ip_beta0.5_lapin-off_-_g0.3,ip_beta0.5,1000,0.4,200,7,4,0.197646,0.305519,0.042553,17.354494
061_ip_beta0.5_lapin-off_-_g0.3,ip_beta0.5,1000,0.4,200,7,5,0.209015,0.264166,0.088889,17.835845
061_ip_beta0.5_lapin-off_-_g0.3,ip_beta0.5,1000,0.4,200,7,6,0.131919,0.273681,0.025,15.699672
061_ip_beta0.5_lapin-off_-_g0.3,ip_beta0.5,1000,0.4,200,7,7,0.270417,0.335351,0.042553,16.93893
061_ip_beta0.5_lapin-off_-_g0.3,ip_beta0.5,1000,0.4,200,7,8,0.119481,0.229585,0.023256,15.436704
061_ip_beta0.5_lapin-off_-_g0.3,ip_beta0.5,1000,0.4,200,7,9,0.138575,0.269373,0.0,16.501097
062_ip_beta0.5_lapin-off_-_g0.5,ip_beta0.5,1000,0.4,200,7,1,0.21971,0.320741,0.106383,14.824612
062_ip_beta0.5_lapin-off_-_g0.5,ip_beta0.5,1000,0.4,200,7,2,0.269918,0.33489,0.022727,16.433159
062_ip_beta0.5_lapin-off_-_g0.5,ip_beta0.5,1000,0.4,200,7,3,0.20952,0.262113,0.045455,17.8488
062_ip_beta0.5_lapin-off_-_g0.5,ip_beta0.5,1000,0.4,200,7,4,0.259045,0.352014,0.042553,17.354494
062_ip_beta0.5_lapin-off_-_g0.5,ip_beta0.5,1000,0.4,200,7,5,0.310007,0.308512,0.088889,17.835845
062_ip_beta0.5_lapin-off_-_g0.5,ip_beta0.5,1000,0.4,200,7,6,0.219417,0.323475,0.025,15.699672
062_ip_beta0.5_lapin-off_-_g0.5,ip_beta0.5,1000,0.4,200,7,7,0.282391,0.346804,0.042553,16.93893
062_ip_beta0.5_lapin-off_-_g0.5,ip_beta0.5,1000,0.4,200,7,8,0.21179,0.316982,0.023256,15.436704
062_ip_beta0.5_lapin-off_-_g0.5,ip_beta0.5,1000,0.4,200,7,9,0.227723,0.30397,0.0,16.501097
063_ip_beta0.5_lapin-off_-_g0.6,ip_beta0.5,1000,0.4,200,7,1,0.241013,0.333325,0.106383,14.824612
063_ip_beta0.5_lapin-off_-_g0.6,ip_beta0.5,1000,0.4,200,7,2,0.278493,0.349041,0.022727,16.433159
063_ip_beta0.5_lapin-off_-_g0.6,ip_beta0.5,1000,0.4,200,7,3,0.235867,0.27929,0.045455,17.8488
063_ip_beta0.5_lapin-off_-_g0.6,ip_beta0.5,1000,0.4,200,7,4,0.269812,0.354045,0.042553,17.354494
063_ip_beta0.5_lapin-off_-_g0.6,ip_beta0.5,1000,0.4,200,7,5,0.317281,0.315391,0.088889,17.835845
063_ip_beta0.5_lapin-off_-_g0.6,ip_beta0.5,1000,0.4,200,7,6,0.241129,0.312995,0.025,15.699672
063_ip_beta0.5_lapin-off_-_g0.6,ip_beta0.5,1000,0.4,200,7,7,0.28505,0.343453,0.042553,16.93893
063_ip_beta0.5_lapin-off_-_g0.6,ip_beta0.5,1000,0.4,200,7,8,0.241758,0.322209,0.023256,15.436704
063_ip_beta0.5_lapin-off_-_g0.6,ip_beta0.5,1000,0.4,200,7,9,0.241007,0.298952,0.0,16.501097
064_ip_beta0.5_lapin-off_-_g0.7,ip_beta0.5,1000,0.4,200,7,1,0.252973,0.335971,0.106383,14.824612
064_ip_beta0.5_lapin-off_-_g0.7,ip_beta0.5,1000,0.4,200,7,2,0.293797,0.353409,0.022727,16.433159
064_ip_beta0.5_lapin-off_-_g0.7,ip_beta0.5,1000,0.4,200,7,3,0.269524,0.304681,0.045455,17.8488
064_ip_beta0.5_lapin-off_-_g0.7,ip_beta0.5,1000,0.4,200,7,4,0.266568,0.351976,0.042553,17.354494
064_ip_beta0.5_lapin-off_-_g0.7,ip_beta0.5,1000,0.4,200,7,5,0.322926,0.320819,0.088889,17.835845
064_ip_beta0.5_lapin-off_-_g0.7,ip_beta0.5,1000,0.4,200,7,6,0.268477,0.306334,0.025,15.699672
064_ip_beta0.5_lapin-off_-_g0.7,ip_beta0.5,1000,0.4,200,7,7,0.294518,0.341321,0.042553,16.93893
064_ip_beta0.5_lapin-off_-_g0.7,ip_beta0.5,1000,0.4,200,7,8,0.257156,0.330543,0.023256,15.436704
064_ip_beta0.5_lapin-off_-_g0.7,ip_beta0.5,1000,0.4,200,7,9,0.271389,0.305895,0.0,16.501097
065_ip_beta0.5_lapin-off_-_g0.8,ip_beta0.5,1000,0.4,200,7,1,0.269001,0.330725,0.106383,14.824612
065_ip_beta0.5_lapin-off_-_g0.8,ip_beta0.5,1000,0.4,200,7,2,0.293929,0.34226,0.022727,16.433159
065_ip_beta0.5_lapin-off_-_g0.8,ip_beta0.5,1000,0.4,200,7,3,0.262346,0.304199,0.045455,17.8488
065_ip_beta0.5_lapin-off_-_g0.8,ip_beta0.5,1000,0.4,200,7,4,0.265642,0.342536,0.042553,17.354494
065_ip_beta0.5_lapin-off_-_g0.8,ip_beta0.5,1000,0.4,200,7,5,0.30898,0.325815,0.088889,17.835845
065_ip_beta0.5_lapin-off_-_g0.8,ip_beta0.5,1000,0.4,200,7,6,0.264137,0.306893,0.025,15.699672
065_ip_beta0.5_lapin-off_-_g0.8,ip_beta0.5,1000,0.4,200,7,7,0.288007,0.328464,0.042553,16.93893
065_ip_beta0.5_lapin-off_-_g0.8,ip_beta0.5,1000,0.4,200,7,8,0.257518,0.33284,0.023256,15.436704
065_ip_beta0.5_lapin-off_-_g0.8,ip_beta0.5,1000,0.4,200,7,9,0.260024,0.304292,0.0,16.501097
066_ip_beta0.5_lapin-off_-_g0.9,ip_beta0.5,1000,0.4,200,7,1,0.273712,0.32348,0.106383,14.824612
066_ip_beta0.5_lapin-off_-_g0.9,ip_beta0.5,1000,0.4,200,7,2,0.28464,0.331864,0.0,16.433159
066_ip_beta0.5_lapin-off_-_g0.9,ip_beta0.5,1000,0.4,200,7,3,0.254062,0.303681,0.045455,17.8488
066_ip_beta0.5_lapin-off_-_g0.9,ip_beta0.5,1000,0.4,200,7,4,0.281438,0.339554,0.06383,17.354494
066_ip_beta0.5_lapin-off_-_g0.9,ip_beta0.5,1000,0.4,200,7,5,0.299101,0.320112,0.066667,17.835845
066_ip_beta0.5_lapin-off_-_g0.9,ip_beta0.5,1000,0.4,200,7,6,0.274559,0.31111,0.025,15.699672
066_ip_beta0.5_lapin-off_-_g0.9,ip_beta0.5,1000,0.4,200,7,7,0.294606,0.331865,0.06383,16.93893
066_ip_beta0.5_lapin-off_-_g0.9,ip_beta0.5,1000,0.4,200,7,8,0.257323,0.327861,0.023256,15.436704
066_ip_beta0.5_lapin-off_-_g0.9,ip_beta0.5,1000,0.4,200,7,9,0.260091,0.316501,0.0,16.501097
067_ip_beta0.5_lapin-on_lsym_g0.3,ip_beta0.5,1000,0.4,200,7,1,0.067613,0.163239,0.595745,40.331817
067_ip_beta0.5_lapin-on_lsym_g0.3,ip_beta0.5,1000,0.4,200,7,2,0.0238,0.132422,0.318182,32.716962
067_ip_beta0.5_lapin-on_lsym_g0.3,ip_beta0.5,1000,0.4,200,7,3,0.072675,0.164913,0.590909,41.287367
067_ip_beta0.5_lapin-on_lsym_g0.3,ip_beta0.5,1000,0.4,200,7,4,0.084329,0.195772,0.382979,39.571367
067_ip_beta0.5_lapin-on_lsym_g0.3,ip_beta0.5,1000,0.4,200,7,5,0.064286,0.12949,0.311111,34.326088
067_ip_beta0.5_lapin-on_lsym_g0.3,ip_beta0.5,1000,0.4,200,7,6,0.093266,0.187087,0.35,31.047518
067_ip_beta0.5_lapin-on_lsym_g0.3,ip_beta0.5,1000,0.4,200,7,7,0.090829,0.18203,0.446809,40.324243
067_ip_beta0.5_lapin-on_lsym_g0.3,ip_beta0.5,1000,0.4,200,7,8,0.043333,0.121186,0.674419,37.309862
067_ip_beta0.5_lapin-on_lsym_g0.3,ip_beta0.5,1000,0.4,200,7,9,0.105245,0.185569,0.355556,37.914113
068_ip_beta0.5_lapin-on_lsym_g0.5,ip_beta0.5,1000,0.4,200,7,1,0.16077,0.210569,0.595745,40.331817
068_ip_beta0.5_lapin-on_lsym_g0.5,ip_beta0.5,1000,0.4,200,7,2,0.086877,0.206194,0.318182,32.716962
068_ip_beta0.5_lapin-on_lsym_g0.5,ip_beta0.5,1000,0.4,200,7,3,0.188728,0.220066,0.590909,41.287367
068_ip_beta0.5_lapin-on_lsym_g0.5,ip_beta0.5,1000,0.4,200,7,4,0.188399,0.277343,0.382979,39.571367
068_ip_beta0.5_lapin-on_lsym_g0.5,ip_beta0.5,1000,0.4,200,7,5,0.143881,0.210384,0.311111,34.326088
068_ip_beta0.5_lapin-on_lsym_g0.5,ip_beta0.5,1000,0.4,200,7,6,0.204298,0.266108,0.35,31.047518
068_ip_beta0.5_lapin-on_lsym_g0.5,ip_beta0.5,1000,0.4,200,7,7,0.179127,0.231054,0.446809,40.324243
068_ip_beta0.5_lapin-on_lsym_g0.5,ip_beta0.5,1000,0.4,200,7,8,0.098759,0.184973,0.674419,37.309862
068_ip_beta0.5_lapin-on_lsym_g0.5,ip_beta0.5,1000,0.4,200,7,9,0.234372,0.243218,0.355556,37.914113
069_ip_beta0.5_lapin-on_lsym_g0.6,ip_beta0.5,1000,0.4,200,7,1,0.188065,0.228904,0.595745,40.331817
069_ip_beta0.5_lapin-on_lsym_g0.6,ip_beta0.5,1000,0.4,200,7,2,0.139234,0.240205,0.318182,32.716962
069_ip_beta0.5_lapin-on_lsym_g0.6,ip_beta0.5,1000,0.4,200,7,3,0.222931,0.235816,0.590909,41.287367
069_ip_beta0.5_lapin-on_lsym_g0.6,ip_beta0.5,1000,0.4,200,7,4,0.232801,0.288504,0.382979,39.571367
069_ip_beta0.5_lapin-on_lsym_g0.6,ip_beta0.5,1000,0.4,200,7,5,0.170957,0.225156,0.311111,34.326088
069_ip_beta0.5_lapin-on_lsym_g0.6,ip_beta0.5,1000,0.4,200,7,6,0.213645,0.25216,0.35,31.047518
069_ip_beta0.5_lapin-on_lsym_g0.6,ip_beta0.5,1000,0.4,200,7,7,0.199203,0.261003,0.446809,40.324243
069_ip_beta0.5_lapin-on_lsym_g0.6,ip_beta0.5,1000,0.4,200,7,8,0.140079,0.17926,0.674419,37.309862
069_ip_beta0.5_lapin-on_lsym_g0.6,ip_beta0.5,1000,0.4,200,7,9,0.270482,0.281295,0.355556,37.914113
070_ip_beta0.5_lapin-on_lsym_g0.7,ip_beta0.5,1000,0.4,200,7,1,0.205866,0.247742,0.595745,40.331817
070_ip_beta0.5_lapin-on_lsym_g0.7,ip_beta0.5,1000,0.4,200,7,2,0.160259,0.260744,0.318182,32.716962
070_ip_beta0.5_lapin-on_lsym_g0.7,ip_beta0.5,1000,0.4,200,7,3,0.229251,0.246691,0.590909,41.287367
070_ip_beta0.5_lapin-on_lsym_g0.7,ip_beta0.5,1000,0.4,200,7,4,0.254231,0.280798,0.382979,39.571367
070_ip_beta0.5_lapin-on_lsym_g0.7,ip_beta0.5,1000,0.4,200,7,5,0.179915,0.229875,0.311111,34.326088
070_ip_beta0.5_lapin-on_lsym_g0.7,ip_beta0.5,1000,0.4,200,7,6,0.228059,0.272456,0.35,31.047518
070_ip_beta0.5_lapin-on_lsym_g0.7,ip_beta0.5,1000,0.4,200,7,7,0.22195,0.256913,0.446809,40.324243
070_ip_beta0.5_lapin-on_lsym_g0.7,ip_beta0.5,1000,0.4,200,7,8,0.155929,0.1901,0.674419,37.309862
070_ip_beta0.5_lapin-on_lsym_g0.7,ip_beta0.5,1000,0.4,200,7,9,0.290221,0.29159,0.355556,37.914113
071_ip_beta0.5_lapin-on_lsym_g0.8,ip_beta0.5,1000,0.4,200,7,1,0.212585,0.255285,0.574468,40.331817
071_ip_beta0.5_lapin-on_lsym_g0.8,ip_beta0.5,1000,0.4,200,7,2,0.169099,0.26746,0.318182,32.716962
071_ip_beta0.5_lapin-on_lsym_g0.8,ip_beta0.5,1000,0.4,200,7,3,0.223855,0.252008,0.590909,41.287367
071_ip_beta0.5_lapin-on_lsym_g0.8,ip_beta0.5,1000,0.4,200,7,4,0.245764,0.275122,0.361702,39.571367
071_ip_beta0.5_lapin-on_lsym_g0.8,ip_beta0.5,1000,0.4,200,7,5,0.172033,0.244595,0.311111,34.326088
071_ip_beta0.5_lapin-on_lsym_g0.8,ip_beta0.5,1000,0.4,200,7,6,0.221807,0.279854,0.35,31.047518
071_ip_beta0.5_lapin-on_lsym_g0.8,ip_beta0.5,1000,0.4,200,7,7,0.228235,0.263896,0.446809,40.324243
071_ip_beta0.5_lapin-on_lsym_g0.8,ip_beta0.5,1000,0.4,200,7,8,0.133002,0.194581,0.651163,37.309862
071_ip_beta0.5_lapin-on_lsym_g0.8,ip_beta0.5,1000,0.4,200,7,9,0.285533,0.297547,0.355556,37.914113
072_ip_beta0.5_lapin-on_lsym_g0.9,ip_beta0.5,1000,0.4,200,7,1,0.217281,0.261761,0.574468,40.331817
072_ip_beta0.5_lapin-on_lsym_g0.9,ip_beta0.5,1000,0.4,200,7,2,0.193458,0.265369,0.318182,32.716962
072_ip_beta0.5_lapin-on_lsym_g0.9,ip_beta0.5,1000,0.4,200,7,3,0.21284,0.267735,0.545455,41.287367
072_ip_beta0.5_lapin-on_lsym_g0.9,ip_beta0.5,1000,0.4,200,7,4,0.22276,0.285277,0.340426,39.571367
072_ip_beta0.5_lapin-on_lsym_g0.9,ip_beta0.5,1000,0.4,200,7,5,0.185698,0.269485,0.288889,34.326088
072_ip_beta0.5_lapin-on_lsym_g0.9,ip_beta0.5,1000,0.4,200,7,6,0.252578,0.290465,0.325,31.047518
072_ip_beta0.5_lapin-on_lsym_g0.9,ip_beta0.5,1000,0.4,200,7,7,0.23555,0.275435,0.446809,40.324243
072_ip_beta0.5_lapin-on_lsym_g0.9,ip_beta0.5,1000,0.4,200,7,8,0.160797,0.231318,0.651163,37.309862
072_ip_beta0.5_lapin-on_lsym_g0.9,ip_beta0.5,1000,0.4,200,7,9,0.296754,0.302146,0.333333,37.914113
073_ip_beta1_lapin-off_-_g0.3,ip_beta1,1000,0.4,200,7,1,0.158847,0.280052,0.042553,22.571811
073_ip_beta1_lapin-off_-_g0.3,ip_beta1,1000,0.4,200,7,2,0.11448,0.244767,0.090909,14.985574
073_ip_beta1_lapin-off_-_g0.3,ip_beta1,1000,0.4,200,7,3,0.12103,0.225186,0.090909,18.466332
073_ip_beta1_lapin-off_-_g0.3,ip_beta1,1000,0.4,200,7,4,0.098245,0.238177,0.085106,17.248611
073_ip_beta1_lapin-off_-_g0.3,ip_beta1,1000,0.4,200,7,5,0.076694,0.18569,0.066667,16.114884
073_ip_beta1_lapin-off_-_g0.3,ip_beta1,1000,0.4,200,7,6,0.070564,0.21369,0.025,14.75968
073_ip_beta1_lapin-off_-_g0.3,ip_beta1,1000,0.4,200,7,7,0.122479,0.226253,0.085106,18.698933
073_ip_beta1_lapin-off_-_g0.3,ip_beta1,1000,0.4,200,7,8,0.060088,0.161391,0.023256,17.211252
073_ip_beta1_lapin-off_-_g0.3,ip_beta1,1000,0.4,200,7,9,0.086003,0.192579,0.044444,18.771828
074_ip_beta1_lapin-off_-_g0.5,ip_beta1,1000,0.4,200,7,1,0.252315,0.334392,0.042553,22.571811
074_ip_beta1_lapin-off_-_g0.5,ip_beta1,1000,0.4,200,7,2,0.17862,0.294037,0.090909,14.985574
074_ip_beta1_lapin-off_-_g0.5,ip_beta1,1000,0.4,200,7,3,0.198374,0.277606,0.090909,18.466332
074_ip_beta1_lapin-off_-_g0.5,ip_beta1,1000,0.4,200,7,4,0.161088,0.304607,0.085106,17.248611
074_ip_beta1_lapin-off_-_g0.5,ip_beta1,1000,0.4,200,7,5,0.152682,0.260639,0.066667,16.114884
074_ip_beta1_lapin-off_-_g0.5,ip_beta1,1000,0.4,200,7,6,0.164721,0.276857,0.025,14.75968
074_ip_beta1_lapin-off_-_g0.5,ip_beta1,1000,0.4,200,7,7,0.216399,0.261011,0.085106,18.698933
074_ip_beta1_lapin-off_-_g0.5,ip_beta1,1000,0.4,200,7,8,0.144014,0.227634,0.023256,17.211252
074_ip_beta1_lapin-off_-_g0.5,ip_beta1,1000,0.4,200,7,9,0.176719,0.236544,0.044444,18.771828
075_ip_beta1_lapin-off_-_g0.6,ip_beta1,1000,0.4,200,7,1,0.25179,0.32845,0.042553,22.571811
075_ip_beta1_lapin-off_-_g0.6,ip_beta1,1000,0.4,200,7,2,0.191905,0.299625,0.090909,14.985574
075_ip_beta1_lapin-off_-_g0.6,ip_beta1,1000,0.4,200,7,3,0.235521,0.300688,0.090909,18.466332
075_ip_beta1_lapin-off_-_g0.6,ip_beta1,1000,0.4,200,7,4,0.186339,0.305619,0.085106,17.248611
075_ip_beta1_lapin-off_-_g0.6,ip_beta1,1000,0.4,200,7,5,0.213955,0.302965,0.066667,16.114884
075_ip_beta1_lapin-off_-_g0.6,ip_beta1,1000,0.4,200,7,6,0.198609,0.283627,0.025,14.75968
075_ip_beta1_lapin-off_-_g0.6,ip_beta1,1000,0.4,200,7,7,0.259372,0.27653,0.085106,18.698933
075_ip_beta1_lapin-off_-_g0.6,ip_beta1,1000,0.4,200,7,8,0.156531,0.264343,0.023256,17.211252
075_ip_beta1_lapin-off_-_g0.6,ip_beta1,1000,0.4,200,7,9,0.198574,0.260928,0.044444,18.771828
076_ip_beta1_lapin-off_-_g0.7,ip_beta1,1000,0.4,200,7,1,0.248868,0.322174,0.042553,22.571811
076_ip_beta1_lapin-off_-_g0.7,ip_beta1,1000,0.4,200,7,2,0.199776,0.298972,0.090909,14.985574
076_ip_beta1_lapin-off_-_g0.7,ip_beta1,1000,0.4,200,7,3,0.253829,0.301868,0.090909,18.466332
076_ip_beta1_lapin-off_-_g0.7,ip_beta1,1000,0.4,200,7,4,0.204936,0.311666,0.085106,17.248611
076_ip_beta1_lapin-off_-_g0.7,ip_beta1,1000,0.4,200,7,5,0.220618,0.313841,0.066667,16.114884
076_ip_beta1_lapin-off_-_g0.7,ip_beta1,1000,0.4,200,7,6,0.249271,0.308977,0.025,14.75968
076_ip_beta1_lapin-off_-_g0.7,ip_beta1,1000,0.4,200,7,7,0.28323,0.28863,0.085106,18.698933
076_ip_beta1_lapin-off_-_g0.7,ip_beta1,1000,0.4,200,7,8,0.179805,0.28588,0.023256,17.211252
076_ip_beta1_lapin-off_-_g0.7,ip_beta1,1000,0.4,200,7,9,0.20664,0.27998,0.044444,18.771828
077_ip_beta1_lapin-off_-_g0.8,ip_beta1,1000,0.4,200,7,1,0.252093,0.316677,0.042553,22.571811
077_ip_beta1_lapin-off_-_g0.8,ip_beta1,1000,0.4,200,7,2,0.214447,0.294822,0.090909,14.985574
077_ip_beta1_lapin-off_-_g0.8,ip_beta1,1000,0.4,200,7,3,0.258715,0.302583,0.090909,18.466332
077_ip_beta1_lapin-off_-_g0.8,ip_beta1,1000,0.4,200,7,4,0.214014,0.308601,0.085106,17.248611
077_ip_beta1_lapin-off_-_g0.8,ip_beta1,1000,0.4,200,7,5,0.2535,0.315425,0.066667,16.114884
077_ip_beta1_lapin-off_-_g0.8,ip_beta1,1000,0.4,200,7,6,0.239765,0.306612,0.025,14.75968
077_ip_beta1_lapin-off_-_g0.8,ip_beta1,1000,0.4,200,7,7,0.271692,0.309635,0.085106,18.698933
077_ip_beta1_lapin-off_-_g0.8,ip_beta1,1000,0.4,200,7,8,0.202538,0.28786,0.023256,17.211252
077_ip_beta1_lapin-off_-_g0.8,ip_beta1,1000,0.4,200,7,9,0.210057,0.286066,0.044444,18.771828
078_ip_beta1_lapin-off_-_g0.9,ip_beta1,1000,0.4,200,7,1,0.248673,0.310426,0.042553,22.571811
078_ip_beta1_lapin-off_-_g0.9,ip_beta1,1000,0.4,200,7,2,0.21858,0.291778,0.090909,14.985574
078_ip_beta1_lapin-off_-_g0.9,ip_beta1,1000,0.4,200,7,3,0.252583,0.295002,0.090909,18.466332
078_ip_beta1_lapin-off_-_g0.9,ip_beta1,1000,0.4,200,7,4,0.218168,0.305295,0.085106,17.248611
078_ip_beta1_lapin-off_-_g0.9,ip_beta1,1000,0.4,200,7,5,0.24599,0.306306,0.066667,16.114884
078_ip_beta1_lapin-off_-_g0.9,ip_beta1,1000,0.4,200,7,6,0.266675,0.301902,0.025,14.75968
078_ip_beta1_lapin-off_-_g0.9,ip_beta1,1000,0.4,200,7,7,0.272734,0.316062,0.06383,18.698933
078_ip_beta1_lapin-off_-_g0.9,ip_beta1,1000,0.4,200,7,8,0.186275,0.292496,0.023256,17.211252
078_ip_beta1_lapin-off_-_g0.9,ip_beta1,1000,0.4,200,7,9,0.252711,0.29892,0.044444,18.771828
079_ip_beta1_lapin-on_lsym_g0.3,ip_beta1,1000,0.4,200,7,1,0.096699,0.169441,0.553191,45.24726
079_ip_beta1_lapin-on_lsym_g0.3,ip_beta1,1000,0.4,200,7,2,0.029074,0.118447,0.068182,26.06876
079_ip_beta1_lapin-on_lsym_g0.3,ip_beta1,1000,0.4,200,7,3,0.065057,0.193286,0.545455,39.932496
079_ip_beta1_lapin-on_lsym_g0.3,ip_beta1,1000,0.4,200,7,4,0.044282,0.143774,0.212766,34.260925
079_ip_beta1_lapin-on_lsym_g0.3,ip_beta1,1000,0.4,200,7,5,0.033912,0.129402,0.266667,34.819959
079_ip_beta1_lapin-on_lsym_g0.3,ip_beta1,1000,0.4,200,7,6,0.034214,0.089578,0.15,25.8984
079_ip_beta1_lapin-on_lsym_g0.3,ip_beta1,1000,0.4,200,7,7,0.037226,0.161857,0.553191,39.690912
079_ip_beta1_lapin-on_lsym_g0.3,ip_beta1,1000,0.4,200,7,8,0.028909,0.113127,0.302326,32.511501
079_ip_beta1_lapin-on_lsym_g0.3,ip_beta1,1000,0.4,200,7,9,0.030704,0.162112,0.244444,33.632679
080_ip_beta1_lapin-on_lsym_g0.5,ip_beta1,1000,0.4,200,7,1,0.182705,0.253644,0.553191,45.24726
080_ip_beta1_lapin-on_lsym_g0.5,ip_beta1,1000,0.4,200,7,2,0.077483,0.192111,0.068182,26.06876
080_ip_beta1_lapin-on_lsym_g0.5,ip_beta1,1000,0.4,200,7,3,0.181206,0.293283,0.545455,39.932496
080_ip_beta1_lapin-on_lsym_g0.5,ip_beta1,1000,0.4,200,7,4,0.109039,0.237229,0.212766,34.260925
080_ip_beta1_lapin-on_lsym_g0.5,ip_beta1,1000,0.4,200,7,5,0.094998,0.203378,0.266667,34.819959
080_ip_beta1_lapin-on_lsym_g0.5,ip_beta1,1000,0.4,200,7,6,0.072045,0.169825,0.15,25.8984
080_ip_beta1_lapin-on_lsym_g0.5,ip_beta1,1000,0.4,200,7,7,0.144531,0.220446,0.553191,39.690912
080_ip_beta1_lapin-on_lsym_g0.5,ip_beta1,1000,0.4,200,7,8,0.062972,0.175905,0.302326,32.511501
080_ip_beta1_lapin-on_lsym_g0.5,ip_beta1,1000,0.4,200,7,9,0.09164,0.227927,0.244444,33.632679
081_ip_beta1_lapin-on_lsym_g0.6,ip_beta1,1000,0.4,200,7,1,0.221082,0.274442,0.553191,45.24726
081_ip_beta1_lapin-on_lsym_g0.6,ip_beta1,1000,0.4,200,7,2,0.09363,0.20904,0.068182,26.06876
081_ip_beta1_lapin-on_lsym_g0.6,ip_beta1,1000,0.4,200,7,3,0.182754,0.281572,0.545455,39.932496
081_ip_beta1_lapin-on_lsym_g0.6,ip_beta1,1000,0.4,200,7,4,0.122281,0.246317,0.212766,34.260925
081_ip_beta1_lapin-on_lsym_g0.6,ip_beta1,1000,0.4,200,7,5,0.101659,0.210564,0.266667,34.819959
081_ip_beta1_lapin-on_lsym_g0.6,ip_beta1,1000,0.4,200,7,6,0.099449,0.198123,0.15,25.8984
081_ip_beta1_lapin-on_lsym_g0.6,ip_beta1,1000,0.4,200,7,7,0.21387,0.255855,0.553191,39.690912
081_ip_beta1_lapin-on_lsym_g0.6,ip_beta1,1000,0.4,200,7,8,0.09055,0.199769,0.302326,32.511501
081_ip_beta1_lapin-on_lsym_g0.6,ip_beta1,1000,0.4,200,7,9,0.130757,0.245201,0.244444,33.632679
082_ip_beta1_lapin-on_lsym_g0.7,ip_beta1,1000,0.4,200,7,1,0.233893,0.278853,0.553191,45.24726
082_ip_beta1_lapin-on_lsym_g0.7,ip_beta1,1000,0.4,200,7,2,0.129135,0.218893,0.068182,26.06876
082_ip_beta1_lapin-on_lsym_g0.7,ip_beta1,1000,0.4,200,7,3,0.19462,0.27838,0.545455,39.932496
082_ip_beta1_lapin-on_lsym_g0.7,ip_beta1,1000,0.4,200,7,4,0.135662,0.255775,0.212766,34.260925
082_ip_beta1_lapin-on_lsym_g0.7,ip_beta1,1000,0.4,200,7,5,0.12702,0.224295,0.266667,34.819959
082_ip_beta1_lapin-on_lsym_g0.7,ip_beta1,1000,0.4,200,7,6,0.117922,0.21165,0.15,25.8984
082_ip_beta1_lapin-on_lsym_g0.7,ip_beta1,1000,0.4,200,7,7,0.225711,0.258331,0.553191,39.690912
082_ip_beta1_lapin-on_lsym_g0.7,ip_beta1,1000,0.4,200,7,8,0.10782,0.204476,0.302326,32.511501
082_ip_beta1_lapin-on_lsym_g0.7,ip_beta1,1000,0.4,200,7,9,0.137714,0.260666,0.244444,33.632679
083_ip_beta1_lapin-on_lsym_g0.8,ip_beta1,1000,0.4,200,7,1,0.243243,0.270726,0.553191,45.24726
083_ip_beta1_lapin-on_lsym_g0.8,ip_beta1,1000,0.4,200,7,2,0.154087,0.218495,0.068182,26.06876
083_ip_beta1_lapin-on_lsym_g0.8,ip_beta1,1000,0.4,200,7,3,0.202829,0.272983,0.522727,39.932496
083_ip_beta1_lapin-on_lsym_g0.8,ip_beta1,1000,0.4,200,7,4,0.146948,0.258973,0.212766,34.260925
083_ip_beta1_lapin-on_lsym_g0.8,ip_beta1,1000,0.4,200,7,5,0.152093,0.241961,0.266667,34.819959
083_ip_beta1_lapin-on_lsym_g0.8,ip_beta1,1000,0.4,200,7,6,0.143552,0.228333,0.15,25.8984
083_ip_beta1_lapin-on_lsym_g0.8,ip_beta1,1000,0.4,200,7,7,0.236505,0.258876,0.489362,39.690912
083_ip_beta1_lapin-on_lsym_g0.8,ip_beta1,1000,0.4,200,7,8,0.105109,0.213821,0.302326,32.511501
083_ip_beta1_lapin-on_lsym_g0.8,ip_beta1,1000,0.4,200,7,9,0.155124,0.256388,0.244444,33.632679
084_ip_beta1_lapin-on_lsym_g0.9,ip_beta1,1000,0.4,200,7,1,0.244691,0.270215,0.553191,45.24726
084_ip_beta1_lapin-on_lsym_g0.9,ip_beta1,1000,0.4,200,7,2,0.159771,0.214744,0.068182,26.06876
084_ip_beta1_lapin-on_lsym_g0.9,ip_beta1,1000,0.4,200,7,3,0.218403,0.270045,0.5,39.932496
084_ip_beta1_lapin-on_lsym_g0.9,ip_beta1,1000,0.4,200,7,4,0.151582,0.250406,0.191489,34.260925
084_ip_beta1_lapin-on_lsym_g0.9,ip_beta1,1000,0.4,200,7,5,0.172569,0.243866,0.266667,34.819959
084_ip_beta1_lapin-on_lsym_g0.9,ip_beta1,1000,0.4,200,7,6,0.159466,0.240582,0.15,25.8984
084_ip_beta1_lapin-on_lsym_g0.9,ip_beta1,1000,0.4,200,7,7,0.240545,0.256233,0.468085,39.690912
084_ip_beta1_lapin-on_lsym_g0.9,ip_beta1,1000,0.4,200,7,8,0.113284,0.221049,0.302326,32.511501
084_ip_beta1_lapin-on_lsym_g0.9,ip_beta1,1000,0.4,200,7,9,0.163778,0.248464,0.244444,33.632679
013_kul_lapin-off_-_g0.3,kul,1000,0.4,200,7,1,0.305448,0.344876,0.191489,20.83488
013_kul_lapin-off_-_g0.3,kul,1000,0.4,200,7,2,0.320593,0.35058,0.159091,20.890553
013_kul_lapin-off_-_g0.3,kul,1000,0.4,200,7,3,0.243417,0.3295,0.227273,21.268325
013_kul_lapin-off_-_g0.3,kul,1000,0.4,200,7,4,0.314775,0.346036,0.148936,21.182318
013_kul_lapin-off_-_g0.3,kul,1000,0.4,200,7,5,0.339518,0.342331,0.244444,20.94426
013_kul_lapin-off_-_g0.3,kul,1000,0.4,200,7,6,0.336136,0.352833,0.25,21.003029
013_kul_lapin-off_-_g0.3,kul,1000,0.4,200,7,7,0.264555,0.306246,0.340426,23.490114
013_kul_lapin-off_-_g0.3,kul,1000,0.4,200,7,8,0.286196,0.331546,0.232558,19.23877
013_kul_lapin-off_-_g0.3,kul,1000,0.4,200,7,9,0.306297,0.335841,0.2,20.374076
013_kul_lapin-off_-_g0.3,kul,1000,0.4,200,7,10,0.261537,0.330646,0.2,21.059847
014_kul_lapin-off_-_g0.5,kul,1000,0.4,200,7,1,0.300525,0.351422,0.191489,20.83488
014_kul_lapin-off_-_g0.5,kul,1000,0.4,200,7,2,0.329606,0.332275,0.159091,20.890553
014_kul_lapin-off_-_g0.5,kul,1000,0.4,200,7,3,0.291107,0.317835,0.227273,21.268325
014_kul_lapin-off_-_g0.5,kul,1000,0.4,200,7,4,0.299573,0.32076,0.148936,21.182318
014_kul_lapin-off_-_g0.5,kul,1000,0.4,200,7,5,0.341669,0.33968,0.244444,20.94426
014_kul_lapin-off_-_g0.5,kul,1000,0.4,200,7,6,0.322391,0.326817,0.25,21.003029
014_kul_lapin-off_-_g0.5,kul,1000,0.4,200,7,7,0.331839,0.315522,0.340426,23.490114
014_kul_lapin-off_-_g0.5,kul,1000,0.4,200,7,8,0.312783,0.321506,0.232558,19.23877
014_kul_lapin-off_-_g0.5,kul,1000,0.4,200,7,9,0.299384,0.310269,0.2,20.374076
014_kul_lapin-off_-_g0.5,kul,1000,0.4,200,7,10,0.312626,0.348649,0.2,21.059847
015_kul_lapin-off_-_g0.6,kul,1000,0.4,200,7,1,0.290209,0.334375,0.191489,20.83488
015_kul_lapin-off_-_g0.6,kul,1000,0.4,200,7,2,0.308648,0.31199,0.159091,20.890553
015_kul_lapin-off_-_g0.6,kul,1000,0.4,200,7,3,0.284334,0.303318,0.227273,21.268325
015_kul_lapin-off_-_g0.6,kul,1000,0.4,200,7,4,0.302897,0.312964,0.148936,21.182318
015_kul_lapin-off_-_g0.6,kul,1000,0.4,200,7,5,0.329881,0.330863,0.244444,20.94426
015_kul_lapin-off_-_g0.6,kul,1000,0.4,200,7,6,0.313389,0.317461,0.25,21.003029
015_kul_lapin-off_-_g0.6,kul,1000,0.4,200,7,7,0.32703,0.305065,0.340426,23.490114
015_kul_lapin-off_-_g0.6,kul,1000,0.4,200,7,8,0.305979,0.295573,0.232558,19.23877
015_kul_lapin-off_-_g0.6,kul,1000,0.4,200,7,9,0.316035,0.304597,0.2,20.374076
015_kul_lapin-off_-_g0.6,kul,1000,0.4,200,7,10,0.29196,0.326211,0.2,21.059847
016_kul_lapin-off_-_g0.7,kul,1000,0.4,200,7,1,0.290697,0.321427,0.191489,20.83488
016_kul_lapin-off_-_g0.7,kul,1000,0.4,200,7,2,0.302205,0.292971,0.159091,20.890553
016_kul_lapin-off_-_g0.7,kul,1000,0.4,200,7,3,0.291468,0.292016,0.227273,21.268325
016_kul_lapin-off_-_g0.7,kul,1000,0.4,200,7,4,0.296555,0.294227,0.148936,21.182318
016_kul_lapin-off_-_g0.7,kul,1000,0.4,200,7,5,0.317964,0.319322,0.244444,20.94426
016_kul_lapin-off_-_g0.7,kul,1000,0.4,200,7,6,0.288395,0.295831,0.25,21.003029
016_kul_lapin-off_-_g0.7,kul,1000,0.4,200,7,7,0.322163,0.284959,0.340426,23.490114
016_kul_lapin-off_-_g0.7,kul,1000,0.4,200,7,8,0.298756,0.278528,0.232558,19.23877
016_kul_lapin-off_-_g0.7,kul,1000,0.4,200,7,9,0.302291,0.299709,0.2,20.374076
016_kul_lapin-off_-_g0.7,kul,1000,0.4,200,7,10,0.286474,0.308404,0.2,21.059847
017_kul_lapin-off_-_g0.8,kul,1000,0.4,200,7,1,0.288069,0.306234,0.191489,20.83488
017_kul_lapin-off_-_g0.8,kul,1000,0.4,200,7,2,0.286666,0.286539,0.159091,20.890553
017_kul_lapin-off_-_g0.8,kul,1000,0.4,200,7,3,0.280515,0.274329,0.227273,21.268325
017_kul_lapin-off_-_g0.8,kul,1000,0.4,200,7,4,0.298513,0.278122,0.148936,21.182318
017_kul_lapin-off_-_g0.8,kul,1000,0.4,200,7,5,0.317955,0.312006,0.222222,20.94426
017_kul_lapin-off_-_g0.8,kul,1000,0.4,200,7,6,0.276415,0.282139,0.25,21.003029
017_kul_lapin-off_-_g0.8,kul,1000,0.4,200,7,7,0.302905,0.269502,0.340426,23.490114
017_kul_lapin-off_-_g0.8,kul,1000,0.4,200,7,8,0.282081,0.268451,0.232558,19.23877
017_kul_lapin-off_-_g0.8,kul,1000,0.4,200,7,9,0.272264,0.292476,0.2,20.374076
017_kul_lapin-off_-_g0.8,kul,1000,0.4,200,7,10,0.261474,0.287365,0.2,21.059847
018_kul_lapin-off_-_g0.9,kul,1000,0.4,200,7,1,0.274579,0.284233,0.191489,20.83488
018_kul_lapin-off_-_g0.9,kul,1000,0.4,200,7,2,0.275575,0.271991,0.136364,20.890553
018_kul_lapin-off_-_g0.9,kul,1000,0.4,200,7,3,0.260603,0.276695,0.227273,21.268325
018_kul_lapin-off_-_g0.9,kul,1000,0.4,200,7,4,0.289919,0.272289,0.148936,21.182318
018_kul_lapin-off_-_g0.9,kul,1000,0.4,200,7,5,0.301571,0.296485,0.177778,20.94426
018_kul_lapin-off_-_g0.9,kul,1000,0.4,200,7,6,0.248867,0.27481,0.2,21.003029
018_kul_lapin-off_-_g0.9,kul,1000,0.4,200,7,7,0.277796,0.265984,0.297872,23.490114
018_kul_lapin-off_-_g0.9,kul,1000,0.4,200,7,8,0.259268,0.260739,0.186047,19.23877
018_kul_lapin-off_-_g0.9,kul,1000,0.4,200,7,9,0.259845,0.281182,0.177778,20.374076
018_kul_lapin-off_-_g0.9,kul,1000,0.4,200,7,10,0.241022,0.2671,0.2,21.059847
019_kul_lapin-on_lsym_g0.3,kul,1000,0.4,200,7,1,0.098374,0.201433,0.021277,27.799816
019_kul_lapin-on_lsym_g0.3,kul,1000,0.4,200,7,2,0.026917,0.114565,0.068182,29.393963
019_kul_lapin-on_lsym_g0.3,kul,1000,0.4,200,7,3,0.076446,0.185691,0.045455,27.87406
019_kul_lapin-on_lsym_g0.3,kul,1000,0.4,200,7,4,0.083063,0.182202,0.042553,27.967079
019_kul_lapin-on_lsym_g0.3,kul,1000,0.4,200,7,5,0.043215,0.148825,0.088889,30.641461
019_kul_lapin-on_lsym_g0.3,kul,1000,0.4,200,7,6,0.040622,0.09376,0.025,26.146334
019_kul_lapin-on_lsym_g0.3,kul,1000,0.4,200,7,7,0.121239,0.192507,0.06383,29.63365
019_kul_lapin-on_lsym_g0.3,kul,1000,0.4,200,7,8,0.121676,0.229885,0.069767,27.51824
019_kul_lapin-on_lsym_g0.3,kul,1000,0.4,200,7,9,0.092874,0.158125,0.088889,29.275472
019_kul_lapin-on_lsym_g0.3,kul,1000,0.4,200,7,10,0.13132,0.269944,0.0,26.813726
020_kul_lapin-on_lsym_g0.5,kul,1000,0.4,200,7,1,0.18554,0.292087,0.021277,27.799816
020_kul_lapin-on_lsym_g0.5,kul,1000,0.4,200,7,2,0.093255,0.174486,0.068182,29.393963
020_kul_lapin-on_lsym_g0.5,kul,1000,0.4,200,7,3,0.158126,0.243597,0.045455,27.87406
020_kul_lapin-on_lsym_g0.5,kul,1000,0.4,200,7,4,0.206103,0.262596,0.042553,27.967079
020_kul_lapin-on_lsym_g0.5,kul,1000,0.4,200,7,5,0.12536,0.225137,0.088889,30.641461
020_kul_lapin-on_lsym_g0.5,kul,1000,0.4,200,7,6,0.162127,0.20815,0.025,26.146334
020_kul_lapin-on_lsym_g0.5,kul,1000,0.4,200,7,7,0.229697,0.264309,0.06383,29.63365
020_kul_lapin-on_lsym_g0.5,kul,1000,0.4,200,7,8,0.248257,0.298192,0.069767,27.51824
020_kul_lapin-on_lsym_g0.5,kul,1000,0.4,200,7,9,0.200065,0.258179,0.088889,29.275472
020_kul_lapin-on_lsym_g0.5,kul,1000,0.4,200,7,10,0.214647,0.304304,0.0,26.813726
021_kul_lapin-on_lsym_g0.6,kul,1000,0.4,200,7,1,0.218107,0.301704,0.021277,27.799816
021_kul_lapin-on_lsym_g0.6,kul,1000,0.4,200,7,2,0.124841,0.185181,0.068182,29.393963
021_kul_lapin-on_lsym_g0.6,kul,1000,0.4,200,7,3,0.203049,0.276671,0.045455,27.87406
021_kul_lapin-on_lsym_g0.6,kul,1000,0.4,200,7,4,0.255761,0.289903,0.042553,27.967079
021_kul_lapin-on_lsym_g0.6,kul,1000,0.4,200,7,5,0.142081,0.222245,0.088889,30.641461
021_kul_lapin-on_lsym_g0.6,kul,1000,0.4,200,7,6,0.175418,0.22214,0.025,26.146334
021_kul_lapin-on_lsym_g0.6,kul,1000,0.4,200,7,7,0.270023,0.27518,0.06383,29.63365
021_kul_lapin-on_lsym_g0.6,kul,1000,0.4,200,7,8,0.272783,0.284047,0.069767,27.51824
021_kul_lapin-on_lsym_g0.6,kul,1000,0.4,200,7,9,0.273434,0.277893,0.088889,29.275472
021_kul_lapin-on_lsym_g0.6,kul,1000,0.4,200,7,10,0.21845,0.298344,0.0,26.813726
022_kul_lapin-on_lsym_g0.7,kul,1000,0.4,200,7,1,0.226528,0.304056,0.021277,27.799816
022_kul_lapin-on_lsym_g0.7,kul,1000,0.4,200,7,2,0.184657,0.217973,0.068182,29.393963
022_kul_lapin-on_lsym_g0.7,kul,1000,0.4,200,7,3,0.242484,0.295006,0.045455,27.87406
022_kul_lapin-on_lsym_g0.7,kul,1000,0.4,200,7,4,0.251196,0.292237,0.042553,27.967079
022_kul_lapin-on_lsym_g0.7,kul,1000,0.4,200,7,5,0.195988,0.247987,0.088889,30.641461
022_kul_lapin-on_lsym_g0.7,kul,1000,0.4,200,7,6,0.237013,0.250139,0.025,26.146334
022_kul_lapin-on_lsym_g0.7,kul,1000,0.4,200,7,7,0.281015,0.273021,0.06383,29.63365
022_kul_lapin-on_lsym_g0.7,kul,1000,0.4,200,7,8,0.276476,0.291106,0.069767,27.51824
022_kul_lapin-on_lsym_g0.7,kul,1000,0.4,200,7,9,0.25752,0.265245,0.088889,29.275472
022_kul_lapin-on_lsym_g0.7,kul,1000,0.4,200,7,10,0.237738,0.312289,0.0,26.813726
023_kul_lapin-on_lsym_g0.8,kul,1000,0.4,200,7,1,0.239903,0.29815,0.021277,27.799816
023_kul_lapin-on_lsym_g0.8,kul,1000,0.4,200,7,2,0.221042,0.23949,0.068182,29.393963
023_kul_lapin-on_lsym_g0.8,kul,1000,0.4,200,7,3,0.235415,0.299076,0.045455,27.87406
023_kul_lapin-on_lsym_g0.8,kul,1000,0.4,200,7,4,0.252055,0.292015,0.042553,27.967079
023_kul_lapin-on_lsym_g0.8,kul,1000,0.4,200,7,5,0.230335,0.256155,0.088889,30.641461
023_kul_lapin-on_lsym_g0.8,kul,1000,0.4,200,7,6,0.250065,0.268563,0.025,26.146334
023_kul_lapin-on_lsym_g0.8,kul,1000,0.4,200,7,7,0.260715,0.2715,0.06383,29.63365
023_kul_lapin-on_lsym_g0.8,kul,1000,0.4,200,7,8,0.286807,0.290437,0.069767,27.51824
023_kul_lapin-on_lsym_g0.8,kul,1000,0.4,200,7,9,0.264514,0.272366,0.088889,29.275472
023_kul_lapin-on_lsym_g0.8,kul,1000,0.4,200,7,10,0.234976,0.30883,0.0,26.813726
024_kul_lapin-on_lsym_g0.9,kul,1000,0.4,200,7,1,0.253945,0.299087,0.021277,27.799816
024_kul_lapin-on_lsym_g0.9,kul,1000,0.4,200,7,2,0.226881,0.262863,0.068182,29.393963
024_kul_lapin-on_lsym_g0.9,kul,1000,0.4,200,7,3,0.251761,0.296643,0.045455,27.87406
024_kul_lapin-on_lsym_g0.9,kul,1000,0.4,200,7,4,0.262428,0.296265,0.042553,27.967079
024_kul_lapin-on_lsym_g0.9,kul,1000,0.4,200,7,5,0.239144,0.271734,0.088889,30.641461
024_kul_lapin-on_lsym_g0.9,kul,1000,0.4,200,7,6,0.227595,0.276497,0.025,26.146334
024_kul_lapin-on_lsym_g0.9,kul,1000,0.4,200,7,7,0.271387,0.288959,0.06383,29.63365
024_kul_lapin-on_lsym_g0.9,kul,1000,0.4,200,7,8,0.280205,0.296587,0.069767,27.51824
024_kul_lapin-on_lsym_g0.9,kul,1000,0.4,200,7,9,0.260179,0.282005,0.066667,29.275472
024_kul_lapin-on_lsym_g0.9,kul,1000,0.4,200,7,10,0.244923,0.305529,0.0,26.813726
037_ochiai_lapin-off_-_g0.3,ochiai,1000,0.4,200,7,1,0.26071,0.339371,0.234043,21.999239
037_ochiai_lapin-off_-_g0.3,ochiai,1000,0.4,200,7,2,0.341955,0.349525,0.090909,19.573177
037_ochiai_lapin-off_-_g0.3,ochiai,1000,0.4,200,7,3,0.264627,0.306721,0.318182,24.088762
037_ochiai_lapin-off_-_g0.3,ochiai,1000,0.4,200,7,4,0.322275,0.374754,0.148936,21.384723
037_ochiai_lapin-off_-_g0.3,ochiai,1000,0.4,200,7,5,0.293412,0.372278,0.111111,19.605188
037_ochiai_lapin-off_-_g0.3,ochiai,1000,0.4,200,7,6,0.315125,0.328128,0.15,18.89444
037_ochiai_lapin-off_-_g0.3,ochiai,1000,0.4,200,7,7,0.301859,0.319268,0.297872,22.797958
037_ochiai_lapin-off_-_g0.3,ochiai,1000,0.4,200,7,8,0.276246,0.316735,0.209302,19.584585
037_ochiai_lapin-off_-_g0.3,ochiai,1000,0.4,200,7,9,0.304872,0.362469,0.088889,18.900424
037_ochiai_lapin-off_-_g0.3,ochiai,1000,0.4,200,7,10,0.26662,0.32426,0.2,19.024062
038_ochiai_lapin-off_-_g0.5,ochiai,1000,0.4,200,7,1,0.307447,0.350754,0.234043,21.999239
038_ochiai_lapin-off_-_g0.5,ochiai,1000,0.4,200,7,2,0.339599,0.326929,0.090909,19.573177
038_ochiai_lapin-off_-_g0.5,ochiai,1000,0.4,200,7,3,0.294604,0.294522,0.318182,24.088762
038_ochiai_lapin-off_-_g0.5,ochiai,1000,0.4,200,7,4,0.336665,0.344658,0.148936,21.384723
038_ochiai_lapin-off_-_g0.5,ochiai,1000,0.4,200,7,5,0.300737,0.360983,0.111111,19.605188
038_ochiai_lapin-off_-_g0.5,ochiai,1000,0.4,200,7,6,0.317081,0.335069,0.15,18.89444
038_ochiai_lapin-off_-_g0.5,ochiai,1000,0.4,200,7,7,0.338569,0.320131,0.297872,22.797958
038_ochiai_lapin-off_-_g0.5,ochiai,1000,0.4,200,7,8,0.303836,0.333776,0.209302,19.584585
038_ochiai_lapin-off_-_g0.5,ochiai,1000,0.4,200,7,9,0.320287,0.350717,0.088889,18.900424
038_ochiai_lapin-off_-_g0.5,ochiai,1000,0.4,200,7,10,0.314726,0.336756,0.2,19.024062
039_ochiai_lapin-off_-_g0.6,ochiai,1000,0.4,200,7,1,0.310682,0.3386,0.234043,21.999239
039_ochiai_lapin-off_-_g0.6,ochiai,1000,0.4,200,7,2,0.335106,0.322488,0.090909,19.573177
039_ochiai_lapin-off_-_g0.6,ochiai,1000,0.4,200,7,3,0.297743,0.298189,0.318182,24.088762
039_ochiai_lapin-off_-_g0.6,ochiai,1000,0.4,200,7,4,0.318258,0.330311,0.148936,21.384723
039_ochiai_lapin-off_-_g0.6,ochiai,1000,0.4,200,7,5,0.314945,0.362527,0.111111,19.605188
039_ochiai_lapin-off_-_g0.6,ochiai,1000,0.4,200,7,6,0.326621,0.33038,0.15,18.89444
039_ochiai_lapin-off_-_g0.6,ochiai,1000,0.4,200,7,7,0.31921,0.297917,0.297872,22.797958
039_ochiai_lapin-off_-_g0.6,ochiai,1000,0.4,200,7,8,0.28703,0.322296,0.209302,19.584585
039_ochiai_lapin-off_-_g0.6,ochiai,1000,0.4,200,7,9,0.311457,0.32886,0.088889,18.900424
039_ochiai_lapin-off_-_g0.6,ochiai,1000,0.4,200,7,10,0.314375,0.316469,0.2,19.024062
040_ochiai_lapin-off_-_g0.7,ochiai,1000,0.4,200,7,1,0.308005,0.319416,0.234043,21.999239
040_ochiai_lapin-off_-_g0.7,ochiai,1000,0.4,200,7,2,0.326323,0.315715,0.090909,19.573177
040_ochiai_lapin-off_-_g0.7,ochiai,1000,0.4,200,7,3,0.27837,0.28232,0.318182,24.088762
040_ochiai_lapin-off_-_g0.7,ochiai,1000,0.4,200,7,4,0.307899,0.315154,0.148936,21.384723
040_ochiai_lapin-off_-_g0.7,ochiai,1000,0.4,200,7,5,0.309375,0.348785,0.111111,19.605188
040_ochiai_lapin-off_-_g0.7,ochiai,1000,0.4,200,7,6,0.304923,0.313177,0.15,18.89444
040_ochiai_lapin-off_-_g0.7,ochiai,1000,0.4,200,7,7,0.314337,0.285075,0.297872,22.797958
040_ochiai_lapin-off_-_g0.7,ochiai,1000,0.4,200,7,8,0.265977,0.293828,0.209302,19.584585
040_ochiai_lapin-off_-_g0.7,ochiai,1000,0.4,200,7,9,0.303507,0.313511,0.088889,18.900424
040_ochiai_lapin-off_-_g0.7,ochiai,1000,0.4,200,7,10,0.30427,0.30186,0.2,19.024062
041_ochiai_lapin-off_-_g0.8,ochiai,1000,0.4,200,7,1,0.301177,0.307388,0.234043,21.999239
041_ochiai_lapin-off_-_g0.8,ochiai,1000,0.4,200,7,2,0.314202,0.300508,0.090909,19.573177
041_ochiai_lapin-off_-_g0.8,ochiai,1000,0.4,200,7,3,0.271084,0.271101,0.318182,24.088762
041_ochiai_lapin-off_-_g0.8,ochiai,1000,0.4,200,7,4,0.300069,0.29573,0.148936,21.384723
041_ochiai_lapin-off_-_g0.8,ochiai,1000,0.4,200,7,5,0.306784,0.334697,0.111111,19.605188
041_ochiai_lapin-off_-_g0.8,ochiai,1000,0.4,200,7,6,0.284304,0.2957,0.15,18.89444
041_ochiai_lapin-off_-_g0.8,ochiai,1000,0.4,200,7,7,0.296125,0.283814,0.297872,22.797958
041_ochiai_lapin-off_-_g0.8,ochiai,1000,0.4,200,7,8,0.258793,0.271623,0.209302,19.584585
041_ochiai_lapin-off_-_g0.8,ochiai,1000,0.4,200,7,9,0.28265,0.297798,0.088889,18.900424
041_ochiai_lapin-off_-_g0.8,ochiai,1000,0.4,200,7,10,0.291914,0.293061,0.2,19.024062
042_ochiai_lapin-off_-_g0.9,ochiai,1000,0.4,200,7,1,0.288888,0.292394,0.191489,21.999239
042_ochiai_lapin-off_-_g0.9,ochiai,1000,0.4,200,7,2,0.308091,0.296229,0.090909,19.573177
042_ochiai_lapin-off_-_g0.9,ochiai,1000,0.4,200,7,3,0.242154,0.26628,0.318182,24.088762
042_ochiai_lapin-off_-_g0.9,ochiai,1000,0.4,200,7,4,0.282966,0.293489,0.12766,21.384723
042_ochiai_lapin-off_-_g0.9,ochiai,1000,0.4,200,7,5,0.299918,0.32195,0.088889,19.605188
042_ochiai_lapin-off_-_g0.9,ochiai,1000,0.4,200,7,6,0.28273,0.278045,0.15,18.89444
042_ochiai_lapin-off_-_g0.9,ochiai,1000,0.4,200,7,7,0.28297,0.271448,0.276596,22.797958
042_ochiai_lapin-off_-_g0.9,ochiai,1000,0.4,200,7,8,0.244473,0.250654,0.209302,19.584585
042_ochiai_lapin-off_-_g0.9,ochiai,1000,0.4,200,7,9,0.297392,0.289482,0.088889,18.900424
042_ochiai_lapin-off_-_g0.9,ochiai,1000,0.4,200,7,10,0.262409,0.28761,0.177778,19.024062
043_ochiai_lapin-on_lsym_g0.3,ochiai,1000,0.4,200,7,1,0.076215,0.170548,0.085106,30.005702
043_ochiai_lapin-on_lsym_g0.3,ochiai,1000,0.4,200,7,2,0.032694,0.114038,0.045455,25.930907
043_ochiai_lapin-on_lsym_g0.3,ochiai,1000,0.4,200,7,3,0.100695,0.187109,0.068182,28.766992
043_ochiai_lapin-on_lsym_g0.3,ochiai,1000,0.4,200,7,4,0.114098,0.266858,0.085106,26.261006
043_ochiai_lapin-on_lsym_g0.3,ochiai,1000,0.4,200,7,5,0.151024,0.227133,0.0,28.69495
043_ochiai_lapin-on_lsym_g0.3,ochiai,1000,0.4,200,7,6,0.060003,0.151643,0.025,24.709507
043_ochiai_lapin-on_lsym_g0.3,ochiai,1000,0.4,200,7,7,0.086138,0.158904,0.06383,30.644438
043_ochiai_lapin-on_lsym_g0.3,ochiai,1000,0.4,200,7,8,0.170658,0.194822,0.046512,26.004249
043_ochiai_lapin-on_lsym_g0.3,ochiai,1000,0.4,200,7,9,0.125395,0.19231,0.044444,26.652798
043_ochiai_lapin-on_lsym_g0.3,ochiai,1000,0.4,200,7,10,0.106672,0.237553,0.155556,31.460864
044_ochiai_lapin-on_lsym_g0.5,ochiai,1000,0.4,200,7,1,0.146673,0.218735,0.085106,30.005702
044_ochiai_lapin-on_lsym_g0.5,ochiai,1000,0.4,200,7,2,0.098486,0.199246,0.045455,25.930907
044_ochiai_lapin-on_lsym_g0.5,ochiai,1000,0.4,200,7,3,0.212026,0.225714,0.068182,28.766992
044_ochiai_lapin-on_lsym_g0.5,ochiai,1000,0.4,200,7,4,0.211905,0.317818,0.085106,26.261006
044_ochiai_lapin-on_lsym_g0.5,ochiai,1000,0.4,200,7,5,0.235853,0.282989,0.0,28.69495
044_ochiai_lapin-on_lsym_g0.5,ochiai,1000,0.4,200,7,6,0.184052,0.224935,0.025,24.709507
044_ochiai_lapin-on_lsym_g0.5,ochiai,1000,0.4,200,7,7,0.198197,0.227004,0.06383,30.644438
044_ochiai_lapin-on_lsym_g0.5,ochiai,1000,0.4,200,7,8,0.286829,0.314969,0.046512,26.004249
044_ochiai_lapin-on_lsym_g0.5,ochiai,1000,0.4,200,7,9,0.226266,0.259196,0.044444,26.652798
044_ochiai_lapin-on_lsym_g0.5,ochiai,1000,0.4,200,7,10,0.238225,0.294717,0.155556,31.460864
045_ochiai_lapin-on_lsym_g0.6,ochiai,1000,0.4,200,7,1,0.201913,0.24834,0.085106,30.005702
045_ochiai_lapin-on_lsym_g0.6,ochiai,1000,0.4,200,7,2,0.109934,0.213492,0.045455,25.930907
045_ochiai_lapin-on_lsym_g0.6,ochiai,1000,0.4,200,7,3,0.243505,0.275426,0.068182,28.766992
045_ochiai_lapin-on_lsym_g0.6,ochiai,1000,0.4,200,7,4,0.252053,0.329549,0.085106,26.261006
045_ochiai_lapin-on_lsym_g0.6,ochiai,1000,0.4,200,7,5,0.265489,0.311171,0.0,28.69495
045_ochiai_lapin-on_lsym_g0.6,ochiai,1000,0.4,200,7,6,0.202982,0.249294,0.025,24.709507
045_ochiai_lapin-on_lsym_g0.6,ochiai,1000,0.4,200,7,7,0.224692,0.22374,0.06383,30.644438
045_ochiai_lapin-on_lsym_g0.6,ochiai,1000,0.4,200,7,8,0.292202,0.305202,0.046512,26.004249
045_ochiai_lapin-on_lsym_g0.6,ochiai,1000,0.4,200,7,9,0.268541,0.276152,0.044444,26.652798
045_ochiai_lapin-on_lsym_g0.6,ochiai,1000,0.4,200,7,10,0.231022,0.291206,0.155556,31.460864
046_ochiai_lapin-on_lsym_g0.7,ochiai,1000,0.4,200,7,1,0.223492,0.277135,0.085106,30.005702
046_ochiai_lapin-on_lsym_g0.7,ochiai,1000,0.4,200,7,2,0.138025,0.220117,0.045455,25.930907
046_ochiai_lapin-on_lsym_g0.7,ochiai,1000,0.4,200,7,3,0.263904,0.292074,0.068182,28.766992
046_ochiai_lapin-on_lsym_g0.7,ochiai,1000,0.4,200,7,4,0.25291,0.329887,0.085106,26.261006
046_ochiai_lapin-on_lsym_g0.7,ochiai,1000,0.4,200,7,5,0.288183,0.30329,0.0,28.69495
046_ochiai_lapin-on_lsym_g0.7,ochiai,1000,0.4,200,7,6,0.225697,0.255093,0.025,24.709507
046_ochiai_lapin-on_lsym_g0.7,ochiai,1000,0.4,200,7,7,0.258297,0.265766,0.06383,30.644438
046_ochiai_lapin-on_lsym_g0.7,ochiai,1000,0.4,200,7,8,0.296745,0.301883,0.046512,26.004249
046_ochiai_lapin-on_lsym_g0.7,ochiai,1000,0.4,200,7,9,0.312858,0.304811,0.044444,26.652798
046_ochiai_lapin-on_lsym_g0.7,ochiai,1000,0.4,200,7,10,0.229371,0.292182,0.155556,31.460864
047_ochiai_lapin-on_lsym_g0.8,ochiai,1000,0.4,200,7,1,0.244798,0.282099,0.085106,30.005702
047_ochiai_lapin-on_lsym_g0.8,ochiai,1000,0.4,200,7,2,0.160631,0.240571,0.045455,25.930907
047_ochiai_lapin-on_lsym_g0.8,ochiai,1000,0.4,200,7,3,0.268945,0.292211,0.068182,28.766992
047_ochiai_lapin-on_lsym_g0.8,ochiai,1000,0.4,200,7,4,0.261003,0.324637,0.085106,26.261006
047_ochiai_lapin-on_lsym_g0.8,ochiai,1000,0.4,200,7,5,0.293435,0.299612,0.0,28.69495
047_ochiai_lapin-on_lsym_g0.8,ochiai,1000,0.4,200,7,6,0.259865,0.270288,0.025,24.709507
047_ochiai_lapin-on_lsym_g0.8,ochiai,1000,0.4,200,7,7,0.268085,0.283285,0.06383,30.644438
047_ochiai_lapin-on_lsym_g0.8,ochiai,1000,0.4,200,7,8,0.305786,0.303748,0.046512,26.004249
047_ochiai_lapin-on_lsym_g0.8,ochiai,1000,0.4,200,7,9,0.322047,0.301558,0.044444,26.652798
047_ochiai_lapin-on_lsym_g0.8,ochiai,1000,0.4,200,7,10,0.253203,0.301395,0.155556,31.460864
048_ochiai_lapin-on_lsym_g0.9,ochiai,1000,0.4,200,7,1,0.243483,0.288216,0.085106,30.005702
048_ochiai_lapin-on_lsym_g0.9,ochiai,1000,0.4,200,7,2,0.171735,0.249844,0.045455,25.930907
048_ochiai_lapin-on_lsym_g0.9,ochiai,1000,0.4,200,7,3,0.265951,0.299816,0.068182,28.766992
048_ochiai_lapin-on_lsym_g0.9,ochiai,1000,0.4,200,7,4,0.267633,0.317873,0.085106,26.261006
048_ochiai_lapin-on_lsym_g0.9,ochiai,1000,0.4,200,7,5,0.28159,0.295866,0.0,28.69495
048_ochiai_lapin-on_lsym_g0.9,ochiai,1000,0.4,200,7,6,0.268188,0.294979,0.025,24.709507
048_ochiai_lapin-on_lsym_g0.9,ochiai,1000,0.4,200,7,7,0.248902,0.285004,0.042553,30.644438
048_ochiai_lapin-on_lsym_g0.9,ochiai,1000,0.4,200,7,8,0.285879,0.294214,0.046512,26.004249
048_ochiai_lapin-on_lsym_g0.9,ochiai,1000,0.4,200,7,9,0.302227,0.299933,0.044444,26.652798
048_ochiai_lapin-on_lsym_g0.9,ochiai,1000,0.4,200,7,10,0.259149,0.30676,0.133333,31.460864
085_cosip_beta0_lapin-off_-_g0.3,cosip_beta0,1000,0.4,200,8,1,0.201613,0.311305,0.195652,19.806075
085_cosip_beta0_lapin-off_-_g0.3,cosip_beta0,1000,0.4,200,8,2,0.255744,0.382609,0.212766,20.633635
085_cosip_beta0_lapin-off_-_g0.3,cosip_beta0,1000,0.4,200,8,3,0.241845,0.334326,0.148148,22.757758
085_cosip_beta0_lapin-off_-_g0.3,cosip_beta0,1000,0.4,200,8,4,0.21351,0.283513,0.173913,20.801027
085_cosip_beta0_lapin-off_-_g0.3,cosip_beta0,1000,0.4,200,8,5,0.248805,0.335481,0.212766,21.249743
085_cosip_beta0_lapin-off_-_g0.3,cosip_beta0,1000,0.4,200,8,6,0.213098,0.332921,0.117647,21.564421
085_cosip_beta0_lapin-off_-_g0.3,cosip_beta0,1000,0.4,200,8,7,0.191411,0.302616,0.12766,20.254962
085_cosip_beta0_lapin-off_-_g0.3,cosip_beta0,1000,0.4,200,8,8,0.232366,0.327139,0.24,21.980039
085_cosip_beta0_lapin-off_-_g0.3,cosip_beta0,1000,0.4,200,8,9,0.225114,0.32588,0.23913,22.373974
085_cosip_beta0_lapin-off_-_g0.3,cosip_beta0,1000,0.4,200,8,10,0.245735,0.329967,0.173913,21.274193
086_cosip_beta0_lapin-off_-_g0.5,cosip_beta0,1000,0.4,200,8,1,0.216242,0.331706,0.195652,19.806075
086_cosip_beta0_lapin-off_-_g0.5,cosip_beta0,1000,0.4,200,8,2,0.241893,0.349921,0.212766,20.633635
086_cosip_beta0_lapin-off_-_g0.5,cosip_beta0,1000,0.4,200,8,3,0.252106,0.313633,0.148148,22.757758
086_cosip_beta0_lapin-off_-_g0.5,cosip_beta0,1000,0.4,200,8,4,0.23603,0.309968,0.173913,20.801027
086_cosip_beta0_lapin-off_-_g0.5,cosip_beta0,1000,0.4,200,8,5,0.218248,0.309167,0.212766,21.249743
086_cosip_beta0_lapin-off_-_g0.5,cosip_beta0,1000,0.4,200,8,6,0.223046,0.299988,0.117647,21.564421
086_cosip_beta0_lapin-off_-_g0.5,cosip_beta0,1000,0.4,200,8,7,0.219588,0.303818,0.12766,20.254962
086_cosip_beta0_lapin-off_-_g0.5,cosip_beta0,1000,0.4,200,8,8,0.263969,0.315481,0.24,21.980039
086_cosip_beta0_lapin-off_-_g0.5,cosip_beta0,1000,0.4,200,8,9,0.222026,0.313372,0.23913,22.373974
086_cosip_beta0_lapin-off_-_g0.5,cosip_beta0,1000,0.4,200,8,10,0.27098,0.309611,0.173913,21.274193
087_cosip_beta0_lapin-off_-_g0.6,cosip_beta0,1000,0.4,200,8,1,0.191856,0.309381,0.195652,19.806075
087_cosip_beta0_lapin-off_-_g0.6,cosip_beta0,1000,0.4,200,8,2,0.232796,0.330176,0.212766,20.633635
087_cosip_beta0_lapin-off_-_g0.6,cosip_beta0,1000,0.4,200,8,3,0.264176,0.31441,0.148148,22.757758
087_cosip_beta0_lapin-off_-_g0.6,cosip_beta0,1000,0.4,200,8,4,0.235298,0.29514,0.173913,20.801027
087_cosip_beta0_lapin-off_-_g0.6,cosip_beta0,1000,0.4,200,8,5,0.214175,0.303565,0.212766,21.249743
087_cosip_beta0_lapin-off_-_g0.6,cosip_beta0,1000,0.4,200,8,6,0.214777,0.275691,0.117647,21.564421
087_cosip_beta0_lapin-off_-_g0.6,cosip_beta0,1000,0.4,200,8,7,0.225093,0.282258,0.12766,20.254962
087_cosip_beta0_lapin-off_-_g0.6,cosip_beta0,1000,0.4,200,8,8,0.264319,0.304036,0.24,21.980039
087_cosip_beta0_lapin-off_-_g0.6,cosip_beta0,1000,0.4,200,8,9,0.215258,0.290664,0.23913,22.373974
087_cosip_beta0_lapin-off_-_g0.6,cosip_beta0,1000,0.4,200,8,10,0.271158,0.297906,0.173913,21.274193
088_cosip_beta0_lapin-off_-_g0.7,cosip_beta0,1000,0.4,200,8,1,0.193599,0.292925,0.195652,19.806075
088_cosip_beta0_lapin-off_-_g0.7,cosip_beta0,1000,0.4,200,8,2,0.222274,0.304377,0.212766,20.633635
088_cosip_beta0_lapin-off_-_g0.7,cosip_beta0,1000,0.4,200,8,3,0.252829,0.296734,0.148148,22.757758
088_cosip_beta0_lapin-off_-_g0.7,cosip_beta0,1000,0.4,200,8,4,0.235756,0.279614,0.173913,20.801027
088_cosip_beta0_lapin-off_-_g0.7,cosip_beta0,1000,0.4,200,8,5,0.205761,0.288202,0.212766,21.249743
088_cosip_beta0_lapin-off_-_g0.7,cosip_beta0,1000,0.4,200,8,6,0.215644,0.270902,0.117647,21.564421
088_cosip_beta0_lapin-off_-_g0.7,cosip_beta0,1000,0.4,200,8,7,0.214896,0.268206,0.12766,20.254962
088_cosip_beta0_lapin-off_-_g0.7,cosip_beta0,1000,0.4,200,8,8,0.2589,0.2858,0.24,21.980039
088_cosip_beta0_lapin-off_-_g0.7,cosip_beta0,1000,0.4,200,8,9,0.197249,0.266603,0.23913,22.373974
088_cosip_beta0_lapin-off_-_g0.7,cosip_beta0,1000,0.4,200,8,10,0.263947,0.28198,0.173913,21.274193
089_cosip_beta0_lapin-off_-_g0.8,cosip_beta0,1000,0.4,200,8,1,0.17708,0.277252,0.195652,19.806075
089_cosip_beta0_lapin-off_-_g0.8,cosip_beta0,1000,0.4,200,8,2,0.216974,0.281923,0.212766,20.633635
089_cosip_beta0_lapin-off_-_g0.8,cosip_beta0,1000,0.4,200,8,3,0.246196,0.280129,0.148148,22.757758
089_cosip_beta0_lapin-off_-_g0.8,cosip_beta0,1000,0.4,200,8,4,0.210907,0.263066,0.173913,20.801027
089_cosip_beta0_lapin-off_-_g0.8,cosip_beta0,1000,0.4,200,8,5,0.18758,0.274872,0.212766,21.249743
089_cosip_beta0_lapin-off_-_g0.8,cosip_beta0,1000,0.4,200,8,6,0.204741,0.258766,0.117647,21.564421
089_cosip_beta0_lapin-off_-_g0.8,cosip_beta0,1000,0.4,200,8,7,0.198739,0.25635,0.106383,20.254962
089_cosip_beta0_lapin-off_-_g0.8,cosip_beta0,1000,0.4,200,8,8,0.248911,0.27453,0.24,21.980039
089_cosip_beta0_lapin-off_-_g0.8,cosip_beta0,1000,0.4,200,8,9,0.176049,0.245323,0.23913,22.373974
089_cosip_beta0_lapin-off_-_g0.8,cosip_beta0,1000,0.4,200,8,10,0.2496,0.268744,0.173913,21.274193
090_cosip_beta0_lapin-off_-_g0.9,cosip_beta0,1000,0.4,200,8,1,0.17775,0.26034,0.130435,19.806075
090_cosip_beta0_lapin-off_-_g0.9,cosip_beta0,1000,0.4,200,8,2,0.192958,0.260256,0.212766,20.633635
090_cosip_beta0_lapin-off_-_g0.9,cosip_beta0,1000,0.4,200,8,3,0.229527,0.269874,0.12963,22.757758
090_cosip_beta0_lapin-off_-_g0.9,cosip_beta0,1000,0.4,200,8,4,0.190487,0.245143,0.152174,20.801027
090_cosip_beta0_lapin-off_-_g0.9,cosip_beta0,1000,0.4,200,8,5,0.172036,0.265189,0.212766,21.249743
090_cosip_beta0_lapin-off_-_g0.9,cosip_beta0,1000,0.4,200,8,6,0.182309,0.250135,0.098039,21.564421
090_cosip_beta0_lapin-off_-_g0.9,cosip_beta0,1000,0.4,200,8,7,0.168011,0.241805,0.106383,20.254962
090_cosip_beta0_lapin-off_-_g0.9,cosip_beta0,1000,0.4,200,8,8,0.204217,0.260873,0.22,21.980039
090_cosip_beta0_lapin-off_-_g0.9,cosip_beta0,1000,0.4,200,8,9,0.177268,0.234523,0.23913,22.373974
090_cosip_beta0_lapin-off_-_g0.9,cosip_beta0,1000,0.4,200,8,10,0.224303,0.256954,0.173913,21.274193
091_cosip_beta0_lapin-on_lsym_g0.3,cosip_beta0,1000,0.4,200,8,1,0.031917,0.12347,0.108696,31.060358
091_cosip_beta0_lapin-on_lsym_g0.3,cosip_beta0,1000,0.4,200,8,2,0.032322,0.207252,0.12766,24.144809
091_cosip_beta0_lapin-on_lsym_g0.3,cosip_beta0,1000,0.4,200,8,3,0.046888,0.185705,0.037037,33.439535
091_cosip_beta0_lapin-on_lsym_g0.3,cosip_beta0,1000,0.4,200,8,4,0.081719,0.168663,0.0,28.096928
091_cosip_beta0_lapin-on_lsym_g0.3,cosip_beta0,1000,0.4,200,8,5,0.059291,0.193994,0.148936,31.54341
091_cosip_beta0_lapin-on_lsym_g0.3,cosip_beta0,1000,0.4,200,8,6,0.016615,0.142152,0.019608,29.47301
091_cosip_beta0_lapin-on_lsym_g0.3,cosip_beta0,1000,0.4,200,8,7,0.038283,0.152604,0.106383,31.232773
091_cosip_beta0_lapin-on_lsym_g0.3,cosip_beta0,1000,0.4,200,8,8,0.050061,0.160651,0.02,29.439852
091_cosip_beta0_lapin-on_lsym_g0.3,cosip_beta0,1000,0.4,200,8,9,0.084018,0.186056,0.152174,31.924552
091_cosip_beta0_lapin-on_lsym_g0.3,cosip_beta0,1000,0.4,200,8,10,0.053596,0.157178,0.043478,25.633029
092_cosip_beta0_lapin-on_lsym_g0.5,cosip_beta0,1000,0.4,200,8,1,0.085723,0.198845,0.108696,31.060358
092_cosip_beta0_lapin-on_lsym_g0.5,cosip_beta0,1000,0.4,200,8,2,0.117112,0.249643,0.12766,24.144809
092_cosip_beta0_lapin-on_lsym_g0.5,cosip_beta0,1000,0.4,200,8,3,0.157532,0.257268,0.037037,33.439535
092_cosip_beta0_lapin-on_lsym_g0.5,cosip_beta0,1000,0.4,200,8,4,0.177087,0.273971,0.0,28.096928
092_cosip_beta0_lapin-on_lsym_g0.5,cosip_beta0,1000,0.4,200,8,5,0.159246,0.24827,0.148936,31.54341
092_cosip_beta0_lapin-on_lsym_g0.5,cosip_beta0,1000,0.4,200,8,6,0.082524,0.189781,0.019608,29.47301
092_cosip_beta0_lapin-on_lsym_g0.5,cosip_beta0,1000,0.4,200,8,7,0.137787,0.226192,0.106383,31.232773
092_cosip_beta0_lapin-on_lsym_g0.5,cosip_beta0,1000,0.4,200,8,8,0.14202,0.240769,0.02,29.439852
092_cosip_beta0_lapin-on_lsym_g0.5,cosip_beta0,1000,0.4,200,8,9,0.170053,0.246663,0.152174,31.924552
092_cosip_beta0_lapin-on_lsym_g0.5,cosip_beta0,1000,0.4,200,8,10,0.120032,0.209045,0.043478,25.633029
093_cosip_beta0_lapin-on_lsym_g0.6,cosip_beta0,1000,0.4,200,8,1,0.113151,0.215118,0.108696,31.060358
093_cosip_beta0_lapin-on_lsym_g0.6,cosip_beta0,1000,0.4,200,8,2,0.161041,0.26587,0.12766,24.144809
093_cosip_beta0_lapin-on_lsym_g0.6,cosip_beta0,1000,0.4,200,8,3,0.194248,0.268857,0.037037,33.439535
093_cosip_beta0_lapin-on_lsym_g0.6,cosip_beta0,1000,0.4,200,8,4,0.223979,0.275071,0.0,28.096928
093_cosip_beta0_lapin-on_lsym_g0.6,cosip_beta0,1000,0.4,200,8,5,0.185375,0.267999,0.148936,31.54341
093_cosip_beta0_lapin-on_lsym_g0.6,cosip_beta0,1000,0.4,200,8,6,0.075735,0.201317,0.019608,29.47301
093_cosip_beta0_lapin-on_lsym_g0.6,cosip_beta0,1000,0.4,200,8,7,0.175662,0.245389,0.106383,31.232773
093_cosip_beta0_lapin-on_lsym_g0.6,cosip_beta0,1000,0.4,200,8,8,0.152307,0.245171,0.02,29.439852
093_cosip_beta0_lapin-on_lsym_g0.6,cosip_beta0,1000,0.4,200,8,9,0.153365,0.236446,0.152174,31.924552
093_cosip_beta0_lapin-on_lsym_g0.6,cosip_beta0,1000,0.4,200,8,10,0.172636,0.234055,0.043478,25.633029
094_cosip_beta0_lapin-on_lsym_g0.7,cosip_beta0,1000,0.4,200,8,1,0.126716,0.22501,0.108696,31.060358
094_cosip_beta0_lapin-on_lsym_g0.7,cosip_beta0,1000,0.4,200,8,2,0.170132,0.25468,0.12766,24.144809
094_cosip_beta0_lapin-on_lsym_g0.7,cosip_beta0,1000,0.4,200,8,3,0.204539,0.263251,0.037037,33.439535
094_cosip_beta0_lapin-on_lsym_g0.7,cosip_beta0,1000,0.4,200,8,4,0.226219,0.266923,0.0,28.096928
094_cosip_beta0_lapin-on_lsym_g0.7,cosip_beta0,1000,0.4,200,8,5,0.197227,0.267733,0.148936,31.54341
094_cosip_beta0_lapin-on_lsym_g0.7,cosip_beta0,1000,0.4,200,8,6,0.102617,0.236052,0.019608,29.47301
094_cosip_beta0_lapin-on_lsym_g0.7,cosip_beta0,1000,0.4,200,8,7,0.199386,0.249372,0.106383,31.232773
094_cosip_beta0_lapin-on_lsym_g0.7,cosip_beta0,1000,0.4,200,8,8,0.163175,0.239787,0.02,29.439852
094_cosip_beta0_lapin-on_lsym_g0.7,cosip_beta0,1000,0.4,200,8,9,0.15197,0.224761,0.152174,31.924552
094_cosip_beta0_lapin-on_lsym_g0.7,cosip_beta0,1000,0.4,200,8,10,0.181316,0.244324,0.043478,25.633029
095_cosip_beta0_lapin-on_lsym_g0.8,cosip_beta0,1000,0.4,200,8,1,0.139533,0.225427,0.108696,31.060358
095_cosip_beta0_lapin-on_lsym_g0.8,cosip_beta0,1000,0.4,200,8,2,0.181621,0.261596,0.12766,24.144809
095_cosip_beta0_lapin-on_lsym_g0.8,cosip_beta0,1000,0.4,200,8,3,0.218075,0.252879,0.037037,33.439535
095_cosip_beta0_lapin-on_lsym_g0.8,cosip_beta0,1000,0.4,200,8,4,0.224423,0.261478,0.0,28.096928
095_cosip_beta0_lapin-on_lsym_g0.8,cosip_beta0,1000,0.4,200,8,5,0.194081,0.261581,0.12766,31.54341
095_cosip_beta0_lapin-on_lsym_g0.8,cosip_beta0,1000,0.4,200,8,6,0.125524,0.240589,0.019608,29.47301
095_cosip_beta0_lapin-on_lsym_g0.8,cosip_beta0,1000,0.4,200,8,7,0.203256,0.257343,0.106383,31.232773
095_cosip_beta0_lapin-on_lsym_g0.8,cosip_beta0,1000,0.4,200,8,8,0.164346,0.244006,0.02,29.439852
095_cosip_beta0_lapin-on_lsym_g0.8,cosip_beta0,1000,0.4,200,8,9,0.160054,0.229571,0.152174,31.924552
095_cosip_beta0_lapin-on_lsym_g0.8,cosip_beta0,1000,0.4,200,8,10,0.191429,0.253448,0.043478,25.633029
096_cosip_beta0_lapin-on_lsym_g0.9,cosip_beta0,1000,0.4,200,8,1,0.137577,0.22997,0.086957,31.060358
096_cosip_beta0_lapin-on_lsym_g0.9,cosip_beta0,1000,0.4,200,8,2,0.187828,0.25414,0.12766,24.144809
096_cosip_beta0_lapin-on_lsym_g0.9,cosip_beta0,1000,0.4,200,8,3,0.217649,0.255593,0.0,33.439535
096_cosip_beta0_lapin-on_lsym_g0.9,cosip_beta0,1000,0.4,200,8,4,0.223545,0.26444,0.021739,28.096928
096_cosip_beta0_lapin-on_lsym_g0.9,cosip_beta0,1000,0.4,200,8,5,0.195043,0.269911,0.12766,31.54341
096_cosip_beta0_lapin-on_lsym_g0.9,cosip_beta0,1000,0.4,200,8,6,0.130362,0.239082,0.019608,29.47301
096_cosip_beta0_lapin-on_lsym_g0.9,cosip_beta0,1000,0.4,200,8,7,0.192948,0.262438,0.042553,31.232773
096_cosip_beta0_lapin-on_lsym_g0.9,cosip_beta0,1000,0.4,200,8,8,0.171536,0.258493,0.02,29.439852
096_cosip_beta0_lapin-on_lsym_g0.9,cosip_beta0,1000,0.4,200,8,9,0.149751,0.245904,0.152174,31.924552
096_cosip_beta0_lapin-on_lsym_g0.9,cosip_beta0,1000,0.4,200,8,10,0.197219,0.245102,0.043478,25.633029
097_cosip_beta0.5_lapin-off_-_g0.3,cosip_beta0.5,1000,0.4,200,8,1,0.194825,0.35504,0.108696,19.322694
097_cosip_beta0.5_lapin-off_-_g0.3,cosip_beta0.5,1000,0.4,200,8,2,0.216291,0.345888,0.170213,22.136826
097_cosip_beta0.5_lapin-off_-_g0.3,cosip_beta0.5,1000,0.4,200,8,3,0.200892,0.277006,0.166667,23.730013
097_cosip_beta0.5_lapin-off_-_g0.3,cosip_beta0.5,1000,0.4,200,8,4,0.201077,0.285135,0.043478,19.049257
097_cosip_beta0.5_lapin-off_-_g0.3,cosip_beta0.5,1000,0.4,200,8,5,0.226641,0.319114,0.042553,18.158129
097_cosip_beta0.5_lapin-off_-_g0.3,cosip_beta0.5,1000,0.4,200,8,6,0.22348,0.324318,0.176471,22.485767
097_cosip_beta0.5_lapin-off_-_g0.3,cosip_beta0.5,1000,0.4,200,8,7,0.161655,0.293095,0.106383,20.245894
097_cosip_beta0.5_lapin-off_-_g0.3,cosip_beta0.5,1000,0.4,200,8,8,0.190001,0.328537,0.24,22.544649
097_cosip_beta0.5_lapin-off_-_g0.3,cosip_beta0.5,1000,0.4,200,8,9,0.231618,0.312813,0.282609,23.320433
097_cosip_beta0.5_lapin-off_-_g0.3,cosip_beta0.5,1000,0.4,200,8,10,0.250771,0.328173,0.152174,20.6089
098_cosip_beta0.5_lapin-off_-_g0.5,cosip_beta0.5,1000,0.4,200,8,1,0.208574,0.330511,0.108696,19.322694
098_cosip_beta0.5_lapin-off_-_g0.5,cosip_beta0.5,1000,0.4,200,8,2,0.223509,0.338577,0.170213,22.136826
098_cosip_beta0.5_lapin-off_-_g0.5,cosip_beta0.5,1000,0.4,200,8,3,0.231759,0.285572,0.166667,23.730013
098_cosip_beta0.5_lapin-off_-_g0.5,cosip_beta0.5,1000,0.4,200,8,4,0.209545,0.29415,0.043478,19.049257
098_cosip_beta0.5_lapin-off_-_g0.5,cosip_beta0.5,1000,0.4,200,8,5,0.229703,0.343958,0.042553,18.158129
098_cosip_beta0.5_lapin-off_-_g0.5,cosip_beta0.5,1000,0.4,200,8,6,0.210831,0.311312,0.176471,22.485767
098_cosip_beta0.5_lapin-off_-_g0.5,cosip_beta0.5,1000,0.4,200,8,7,0.173624,0.281302,0.106383,20.245894
098_cosip_beta0.5_lapin-off_-_g0.5,cosip_beta0.5,1000,0.4,200,8,8,0.214913,0.324381,0.24,22.544649
098_cosip_beta0.5_lapin-off_-_g0.5,cosip_beta0.5,1000,0.4,200,8,9,0.222225,0.279465,0.282609,23.320433
098_cosip_beta0.5_lapin-off_-_g0.5,cosip_beta0.5,1000,0.4,200,8,10,0.273145,0.3047,0.152174,20.6089
099_cosip_beta0.5_lapin-off_-_g0.6,cosip_beta0.5,1000,0.4,200,8,1,0.205892,0.312559,0.108696,19.322694
099_cosip_beta0.5_lapin-off_-_g0.6,cosip_beta0.5,1000,0.4,200,8,2,0.226728,0.326883,0.170213,22.136826
099_cosip_beta0.5_lapin-off_-_g0.6,cosip_beta0.5,1000,0.4,200,8,3,0.243224,0.27676,0.166667,23.730013
099_cosip_beta0.5_lapin-off_-_g0.6,cosip_beta0.5,1000,0.4,200,8,4,0.220173,0.285516,0.043478,19.049257
099_cosip_beta0.5_lapin-off_-_g0.6,cosip_beta0.5,1000,0.4,200,8,5,0.226744,0.332553,0.042553,18.158129
099_cosip_beta0.5_lapin-off_-_g0.6,cosip_beta0.5,1000,0.4,200,8,6,0.220827,0.292831,0.176471,22.485767
099_cosip_beta0.5_lapin-off_-_g0.6,cosip_beta0.5,1000,0.4,200,8,7,0.170431,0.270988,0.106383,20.245894
099_cosip_beta0.5_lapin-off_-_g0.6,cosip_beta0.5,1000,0.4,200,8,8,0.206793,0.314087,0.24,22.544649
099_cosip_beta0.5_lapin-off_-_g0.6,cosip_beta0.5,1000,0.4,200,8,9,0.20597,0.266029,0.282609,23.320433
099_cosip_beta0.5_lapin-off_-_g0.6,cosip_beta0.5,1000,0.4,200,8,10,0.261594,0.290828,0.152174,20.6089
100_cosip_beta0.5_lapin-off_-_g0.7,cosip_beta0.5,1000,0.4,200,8,1,0.208813,0.28836,0.108696,19.322694
100_cosip_beta0.5_lapin-off_-_g0.7,cosip_beta0.5,1000,0.4,200,8,2,0.227496,0.305634,0.170213,22.136826
100_cosip_beta0.5_lapin-off_-_g0.7,cosip_beta0.5,1000,0.4,200,8,3,0.225976,0.26163,0.166667,23.730013
100_cosip_beta0.5_lapin-off_-_g0.7,cosip_beta0.5,1000,0.4,200,8,4,0.222245,0.272134,0.043478,19.049257
100_cosip_beta0.5_lapin-off_-_g0.7,cosip_beta0.5,1000,0.4,200,8,5,0.216766,0.315305,0.042553,18.158129
100_cosip_beta0.5_lapin-off_-_g0.7,cosip_beta0.5,1000,0.4,200,8,6,0.210847,0.281541,0.176471,22.485767
100_cosip_beta0.5_lapin-off_-_g0.7,cosip_beta0.5,1000,0.4,200,8,7,0.182997,0.266564,0.106383,20.245894
100_cosip_beta0.5_lapin-off_-_g0.7,cosip_beta0.5,1000,0.4,200,8,8,0.224522,0.29886,0.24,22.544649
100_cosip_beta0.5_lapin-off_-_g0.7,cosip_beta0.5,1000,0.4,200,8,9,0.20005,0.260244,0.282609,23.320433
100_cosip_beta0.5_lapin-off_-_g0.7,cosip_beta0.5,1000,0.4,200,8,10,0.260003,0.278614,0.152174,20.6089
101_cosip_beta0.5_lapin-off_-_g0.8,cosip_beta0.5,1000,0.4,200,8,1,0.189088,0.274346,0.108696,19.322694
101_cosip_beta0.5_lapin-off_-_g0.8,cosip_beta0.5,1000,0.4,200,8,2,0.233612,0.292682,0.170213,22.136826
101_cosip_beta0.5_lapin-off_-_g0.8,cosip_beta0.5,1000,0.4,200,8,3,0.224281,0.251543,0.166667,23.730013
101_cosip_beta0.5_lapin-off_-_g0.8,cosip_beta0.5,1000,0.4,200,8,4,0.216217,0.260483,0.043478,19.049257
101_cosip_beta0.5_lapin-off_-_g0.8,cosip_beta0.5,1000,0.4,200,8,5,0.201884,0.30069,0.021277,18.158129
101_cosip_beta0.5_lapin-off_-_g0.8,cosip_beta0.5,1000,0.4,200,8,6,0.181588,0.261107,0.176471,22.485767
101_cosip_beta0.5_lapin-off_-_g0.8,cosip_beta0.5,1000,0.4,200,8,7,0.170537,0.248087,0.106383,20.245894
101_cosip_beta0.5_lapin-off_-_g0.8,cosip_beta0.5,1000,0.4,200,8,8,0.203086,0.286458,0.24,22.544649
101_cosip_beta0.5_lapin-off_-_g0.8,cosip_beta0.5,1000,0.4,200,8,9,0.185686,0.248508,0.282609,23.320433
101_cosip_beta0.5_lapin-off_-_g0.8,cosip_beta0.5,1000,0.4,200,8,10,0.249977,0.264641,0.152174,20.6089
102_cosip_beta0.5_lapin-off_-_g0.9,cosip_beta0.5,1000,0.4,200,8,1,0.178209,0.263014,0.108696,19.322694
102_cosip_beta0.5_lapin-off_-_g0.9,cosip_beta0.5,1000,0.4,200,8,2,0.205313,0.292231,0.170213,22.136826
102_cosip_beta0.5_lapin-off_-_g0.9,cosip_beta0.5,1000,0.4,200,8,3,0.202141,0.246942,0.12963,23.730013
102_cosip_beta0.5_lapin-off_-_g0.9,cosip_beta0.5,1000,0.4,200,8,4,0.206233,0.253577,0.043478,19.049257
102_cosip_beta0.5_lapin-off_-_g0.9,cosip_beta0.5,1000,0.4,200,8,5,0.185509,0.285639,0.021277,18.158129
102_cosip_beta0.5_lapin-off_-_g0.9,cosip_beta0.5,1000,0.4,200,8,6,0.168659,0.250921,0.137255,22.485767
102_cosip_beta0.5_lapin-off_-_g0.9,cosip_beta0.5,1000,0.4,200,8,7,0.171628,0.237724,0.106383,20.245894
102_cosip_beta0.5_lapin-off_-_g0.9,cosip_beta0.5,1000,0.4,200,8,8,0.202361,0.277785,0.22,22.544649
102_cosip_beta0.5_lapin-off_-_g0.9,cosip_beta0.5,1000,0.4,200,8,9,0.176914,0.232253,0.217391,23.320433
102_cosip_beta0.5_lapin-off_-_g0.9,cosip_beta0.5,1000,0.4,200,8,10,0.232948,0.250386,0.130435,20.6089
103_cosip_beta0.5_lapin-on_lsym_g0.3,cosip_beta0.5,1000,0.4,200,8,1,0.031463,0.086398,0.086957,26.941181
103_cosip_beta0.5_lapin-on_lsym_g0.3,cosip_beta0.5,1000,0.4,200,8,2,0.007638,0.134992,0.06383,26.730048
103_cosip_beta0.5_lapin-on_lsym_g0.3,cosip_beta0.5,1000,0.4,200,8,3,0.037699,0.172779,0.037037,32.848181
103_cosip_beta0.5_lapin-on_lsym_g0.3,cosip_beta0.5,1000,0.4,200,8,4,0.057683,0.171774,0.043478,27.440464
103_cosip_beta0.5_lapin-on_lsym_g0.3,cosip_beta0.5,1000,0.4,200,8,5,0.029698,0.183596,0.021277,28.328121
103_cosip_beta0.5_lapin-on_lsym_g0.3,cosip_beta0.5,1000,0.4,200,8,6,0.014231,0.143475,0.039216,32.047577
103_cosip_beta0.5_lapin-on_lsym_g0.3,cosip_beta0.5,1000,0.4,200,8,7,0.029275,0.133232,0.0,28.285786
103_cosip_beta0.5_lapin-on_lsym_g0.3,cosip_beta0.5,1000,0.4,200,8,8,0.013683,0.158459,0.02,27.791244
103_cosip_beta0.5_lapin-on_lsym_g0.3,cosip_beta0.5,1000,0.4,200,8,9,0.08763,0.221373,0.130435,32.336734
103_cosip_beta0.5_lapin-on_lsym_g0.3,cosip_beta0.5,1000,0.4,200,8,10,0.072027,0.162902,0.043478,28.429603
104_cosip_beta0.5_lapin-on_lsym_g0.5,cosip_beta0.5,1000,0.4,200,8,1,0.087084,0.15396,0.086957,26.941181
104_cosip_beta0.5_lapin-on_lsym_g0.5,cosip_beta0.5,1000,0.4,200,8,2,0.040206,0.215572,0.06383,26.730048
104_cosip_beta0.5_lapin-on_lsym_g0.5,cosip_beta0.5,1000,0.4,200,8,3,0.100536,0.216763,0.037037,32.848181
104_cosip_beta0.5_lapin-on_lsym_g0.5,cosip_beta0.5,1000,0.4,200,8,4,0.124851,0.205594,0.043478,27.440464
104_cosip_beta0.5_lapin-on_lsym_g0.5,cosip_beta0.5,1000,0.4,200,8,5,0.134521,0.26945,0.021277,28.328121
104_cosip_beta0.5_lapin-on_lsym_g0.5,cosip_beta0.5,1000,0.4,200,8,6,0.094892,0.213811,0.039216,32.047577
104_cosip_beta0.5_lapin-on_lsym_g0.5,cosip_beta0.5,1000,0.4,200,8,7,0.095366,0.20778,0.0,28.285786
104_cosip_beta0.5_lapin-on_lsym_g0.5,cosip_beta0.5,1000,0.4,200,8,8,0.079886,0.222969,0.02,27.791244
104_cosip_beta0.5_lapin-on_lsym_g0.5,cosip_beta0.5,1000,0.4,200,8,9,0.174254,0.272576,0.130435,32.336734
104_cosip_beta0.5_lapin-on_lsym_g0.5,cosip_beta0.5,1000,0.4,200,8,10,0.152846,0.238363,0.043478,28.429603
105_cosip_beta0.5_lapin-on_lsym_g0.6,cosip_beta0.5,1000,0.4,200,8,1,0.088509,0.169397,0.086957,26.941181
105_cosip_beta0.5_lapin-on_lsym_g0.6,cosip_beta0.5,1000,0.4,200,8,2,0.068151,0.224098,0.06383,26.730048
105_cosip_beta0.5_lapin-on_lsym_g0.6,cosip_beta0.5,1000,0.4,200,8,3,0.117354,0.221467,0.037037,32.848181
105_cosip_beta0.5_lapin-on_lsym_g0.6,cosip_beta0.5,1000,0.4,200,8,4,0.152751,0.225716,0.043478,27.440464
105_cosip_beta0.5_lapin-on_lsym_g0.6,cosip_beta0.5,1000,0.4,200,8,5,0.141256,0.286632,0.021277,28.328121
105_cosip_beta0.5_lapin-on_lsym_g0.6,cosip_beta0.5,1000,0.4,200,8,6,0.140214,0.234881,0.039216,32.047577
105_cosip_beta0.5_lapin-on_lsym_g0.6,cosip_beta0.5,1000,0.4,200,8,7,0.112914,0.213677,0.0,28.285786
105_cosip_beta0.5_lapin-on_lsym_g0.6,cosip_beta0.5,1000,0.4,200,8,8,0.102684,0.25555,0.02,27.791244
105_cosip_beta0.5_lapin-on_lsym_g0.6,cosip_beta0.5,1000,0.4,200,8,9,0.179971,0.279795,0.130435,32.336734
105_cosip_beta0.5_lapin-on_lsym_g0.6,cosip_beta0.5,1000,0.4,200,8,10,0.183001,0.246993,0.043478,28.429603
106_cosip_beta0.5_lapin-on_lsym_g0.7,cosip_beta0.5,1000,0.4,200,8,1,0.101997,0.189243,0.086957,26.941181
106_cosip_beta0.5_lapin-on_lsym_g0.7,cosip_beta0.5,1000,0.4,200,8,2,0.111181,0.248463,0.06383,26.730048
106_cosip_beta0.5_lapin-on_lsym_g0.7,cosip_beta0.5,1000,0.4,200,8,3,0.116975,0.237837,0.037037,32.848181
106_cosip_beta0.5_lapin-on_lsym_g0.7,cosip_beta0.5,1000,0.4,200,8,4,0.173534,0.225668,0.043478,27.440464
106_cosip_beta0.5_lapin-on_lsym_g0.7,cosip_beta0.5,1000,0.4,200,8,5,0.168476,0.29022,0.021277,28.328121
106_cosip_beta0.5_lapin-on_lsym_g0.7,cosip_beta0.5,1000,0.4,200,8,6,0.153343,0.249008,0.039216,32.047577
106_cosip_beta0.5_lapin-on_lsym_g0.7,cosip_beta0.5,1000,0.4,200,8,7,0.122636,0.2151,0.0,28.285786
106_cosip_beta0.5_lapin-on_lsym_g0.7,cosip_beta0.5,1000,0.4,200,8,8,0.127523,0.271242,0.02,27.791244
106_cosip_beta0.5_lapin-on_lsym_g0.7,cosip_beta0.5,1000,0.4,200,8,9,0.179375,0.275912,0.130435,32.336734
106_cosip_beta0.5_lapin-on_lsym_g0.7,cosip_beta0.5,1000,0.4,200,8,10,0.190226,0.256544,0.021739,28.429603
107_cosip_beta0.5_lapin-on_lsym_g0.8,cosip_beta0.5,1000,0.4,200,8,1,0.111325,0.220859,0.086957,26.941181
107_cosip_beta0.5_lapin-on_lsym_g0.8,cosip_beta0.5,1000,0.4,200,8,2,0.125491,0.256958,0.06383,26.730048
107_cosip_beta0.5_lapin-on_lsym_g0.8,cosip_beta0.5,1000,0.4,200,8,3,0.147829,0.242167,0.037037,32.848181
107_cosip_beta0.5_lapin-on_lsym_g0.8,cosip_beta0.5,1000,0.4,200,8,4,0.161808,0.236481,0.043478,27.440464
107_cosip_beta0.5_lapin-on_lsym_g0.8,cosip_beta0.5,1000,0.4,200,8,5,0.166826,0.279139,0.021277,28.328121
107_cosip_beta0.5_lapin-on_lsym_g0.8,cosip_beta0.5,1000,0.4,200,8,6,0.161384,0.250941,0.039216,32.047577
107_cosip_beta0.5_lapin-on_lsym_g0.8,cosip_beta0.5,1000,0.4,200,8,7,0.139679,0.226447,0.0,28.285786
107_cosip_beta0.5_lapin-on_lsym_g0.8,cosip_beta0.5,1000,0.4,200,8,8,0.132969,0.273582,0.02,27.791244
107_cosip_beta0.5_lapin-on_lsym_g0.8,cosip_beta0.5,1000,0.4,200,8,9,0.204001,0.265383,0.130435,32.336734
107_cosip_beta0.5_lapin-on_lsym_g0.8,cosip_beta0.5,1000,0.4,200,8,10,0.197383,0.256762,0.021739,28.429603
108_cosip_beta0.5_lapin-on_lsym_g0.9,cosip_beta0.5,1000,0.4,200,8,1,0.122103,0.229127,0.086957,26.941181
108_cosip_beta0.5_lapin-on_lsym_g0.9,cosip_beta0.5,1000,0.4,200,8,2,0.122029,0.254415,0.06383,26.730048
108_cosip_beta0.5_lapin-on_lsym_g0.9,cosip_beta0.5,1000,0.4,200,8,3,0.146948,0.241347,0.037037,32.848181
108_cosip_beta0.5_lapin-on_lsym_g0.9,cosip_beta0.5,1000,0.4,200,8,4,0.170678,0.24788,0.043478,27.440464
108_cosip_beta0.5_lapin-on_lsym_g0.9,cosip_beta0.5,1000,0.4,200,8,5,0.181351,0.279386,0.021277,28.328121
108_cosip_beta0.5_lapin-on_lsym_g0.9,cosip_beta0.5,1000,0.4,200,8,6,0.17788,0.249257,0.039216,32.047577
108_cosip_beta0.5_lapin-on_lsym_g0.9,cosip_beta0.5,1000,0.4,200,8,7,0.154441,0.239817,0.021277,28.285786
108_cosip_beta0.5_lapin-on_lsym_g0.9,cosip_beta0.5,1000,0.4,200,8,8,0.129699,0.271634,0.06,27.791244
108_cosip_beta0.5_lapin-on_lsym_g0.9,cosip_beta0.5,1000,0.4,200,8,9,0.206319,0.262723,0.108696,32.336734
108_cosip_beta0.5_lapin-on_lsym_g0.9,cosip_beta0.5,1000,0.4,200,8,10,0.180242,0.252692,0.021739,28.429603
109_cosip_beta1_lapin-off_-_g0.3,cosip_beta1,1000,0.4,200,8,1,0.123404,0.227822,0.086957,19.588221
109_cosip_beta1_lapin-off_-_g0.3,cosip_beta1,1000,0.4,200,8,2,0.086796,0.242057,0.106383,19.76606
109_cosip_beta1_lapin-off_-_g0.3,cosip_beta1,1000,0.4,200,8,3,0.116337,0.248457,0.055556,22.459836
109_cosip_beta1_lapin-off_-_g0.3,cosip_beta1,1000,0.4,200,8,4,0.147592,0.261215,0.065217,19.369402
109_cosip_beta1_lapin-off_-_g0.3,cosip_beta1,1000,0.4,200,8,5,0.150636,0.312166,0.042553,17.62626
109_cosip_beta1_lapin-off_-_g0.3,cosip_beta1,1000,0.4,200,8,6,0.155507,0.255078,0.058824,20.708375
109_cosip_beta1_lapin-off_-_g0.3,cosip_beta1,1000,0.4,200,8,7,0.109746,0.255434,0.0,18.573408
109_cosip_beta1_lapin-off_-_g0.3,cosip_beta1,1000,0.4,200,8,8,0.162559,0.288216,0.1,20.674591
109_cosip_beta1_lapin-off_-_g0.3,cosip_beta1,1000,0.4,200,8,9,0.167771,0.278342,0.086957,19.776214
109_cosip_beta1_lapin-off_-_g0.3,cosip_beta1,1000,0.4,200,8,10,0.149779,0.258466,0.130435,19.097872
110_cosip_beta1_lapin-off_-_g0.5,cosip_beta1,1000,0.4,200,8,1,0.161596,0.234022,0.086957,19.588221
110_cosip_beta1_lapin-off_-_g0.5,cosip_beta1,1000,0.4,200,8,2,0.127047,0.266601,0.106383,19.76606
110_cosip_beta1_lapin-off_-_g0.5,cosip_beta1,1000,0.4,200,8,3,0.152543,0.259602,0.055556,22.459836
110_cosip_beta1_lapin-off_-_g0.5,cosip_beta1,1000,0.4,200,8,4,0.192375,0.28719,0.065217,19.369402
110_cosip_beta1_lapin-off_-_g0.5,cosip_beta1,1000,0.4,200,8,5,0.173716,0.29104,0.042553,17.62626
110_cosip_beta1_lapin-off_-_g0.5,cosip_beta1,1000,0.4,200,8,6,0.158323,0.258219,0.058824,20.708375
110_cosip_beta1_lapin-off_-_g0.5,cosip_beta1,1000,0.4,200,8,7,0.144459,0.256569,0.0,18.573408
110_cosip_beta1_lapin-off_-_g0.5,cosip_beta1,1000,0.4,200,8,8,0.197373,0.271792,0.1,20.674591
110_cosip_beta1_lapin-off_-_g0.5,cosip_beta1,1000,0.4,200,8,9,0.194922,0.293401,0.086957,19.776214
110_cosip_beta1_lapin-off_-_g0.5,cosip_beta1,1000,0.4,200,8,10,0.209639,0.283889,0.130435,19.097872
111_cosip_beta1_lapin-off_-_g0.6,cosip_beta1,1000,0.4,200,8,1,0.165498,0.228889,0.086957,19.588221
111_cosip_beta1_lapin-off_-_g0.6,cosip_beta1,1000,0.4,200,8,2,0.168601,0.26969,0.106383,19.76606
111_cosip_beta1_lapin-off_-_g0.6,cosip_beta1,1000,0.4,200,8,3,0.197926,0.259948,0.055556,22.459836
111_cosip_beta1_lapin-off_-_g0.6,cosip_beta1,1000,0.4,200,8,4,0.195106,0.277355,0.065217,19.369402
111_cosip_beta1_lapin-off_-_g0.6,cosip_beta1,1000,0.4,200,8,5,0.18201,0.285882,0.042553,17.62626
111_cosip_beta1_lapin-off_-_g0.6,cosip_beta1,1000,0.4,200,8,6,0.156834,0.256927,0.058824,20.708375
111_cosip_beta1_lapin-off_-_g0.6,cosip_beta1,1000,0.4,200,8,7,0.149371,0.256893,0.0,18.573408
111_cosip_beta1_lapin-off_-_g0.6,cosip_beta1,1000,0.4,200,8,8,0.193121,0.275918,0.1,20.674591
111_cosip_beta1_lapin-off_-_g0.6,cosip_beta1,1000,0.4,200,8,9,0.213809,0.280891,0.086957,19.776214
111_cosip_beta1_lapin-off_-_g0.6,cosip_beta1,1000,0.4,200,8,10,0.197491,0.26818,0.130435,19.097872
112_cosip_beta1_lapin-off_-_g0.7,cosip_beta1,1000,0.4,200,8,1,0.165844,0.227737,0.086957,19.588221
112_cosip_beta1_lapin-off_-_g0.7,cosip_beta1,1000,0.4,200,8,2,0.180795,0.264875,0.106383,19.76606
112_cosip_beta1_lapin-off_-_g0.7,cosip_beta1,1000,0.4,200,8,3,0.196144,0.255664,0.055556,22.459836
112_cosip_beta1_lapin-off_-_g0.7,cosip_beta1,1000,0.4,200,8,4,0.2079,0.264343,0.065217,19.369402
112_cosip_beta1_lapin-off_-_g0.7,cosip_beta1,1000,0.4,200,8,5,0.191046,0.274673,0.042553,17.62626
112_cosip_beta1_lapin-off_-_g0.7,cosip_beta1,1000,0.4,200,8,6,0.16479,0.255615,0.058824,20.708375
112_cosip_beta1_lapin-off_-_g0.7,cosip_beta1,1000,0.4,200,8,7,0.170216,0.253216,0.0,18.573408
112_cosip_beta1_lapin-off_-_g0.7,cosip_beta1,1000,0.4,200,8,8,0.198497,0.26416,0.1,20.674591
112_cosip_beta1_lapin-off_-_g0.7,cosip_beta1,1000,0.4,200,8,9,0.20561,0.270585,0.086957,19.776214
112_cosip_beta1_lapin-off_-_g0.7,cosip_beta1,1000,0.4,200,8,10,0.204139,0.259669,0.130435,19.097872
113_cosip_beta1_lapin-off_-_g0.8,cosip_beta1,1000,0.4,200,8,1,0.165106,0.230228,0.086957,19.588221
113_cosip_beta1_lapin-off_-_g0.8,cosip_beta1,1000,0.4,200,8,2,0.179749,0.263432,0.106383,19.76606
113_cosip_beta1_lapin-off_-_g0.8,cosip_beta1,1000,0.4,200,8,3,0.196117,0.250977,0.055556,22.459836
113_cosip_beta1_lapin-off_-_g0.8,cosip_beta1,1000,0.4,200,8,4,0.209543,0.257349,0.065217,19.369402
113_cosip_beta1_lapin-off_-_g0.8,cosip_beta1,1000,0.4,200,8,5,0.182017,0.269833,0.042553,17.62626
113_cosip_beta1_lapin-off_-_g0.8,cosip_beta1,1000,0.4,200,8,6,0.160858,0.255026,0.058824,20.708375
113_cosip_beta1_lapin-off_-_g0.8,cosip_beta1,1000,0.4,200,8,7,0.168498,0.246393,0.0,18.573408
113_cosip_beta1_lapin-off_-_g0.8,cosip_beta1,1000,0.4,200,8,8,0.187876,0.260185,0.08,20.674591
113_cosip_beta1_lapin-off_-_g0.8,cosip_beta1,1000,0.4,200,8,9,0.195765,0.257634,0.086957,19.776214
113_cosip_beta1_lapin-off_-_g0.8,cosip_beta1,1000,0.4,200,8,10,0.187418,0.245329,0.130435,19.097872
114_cosip_beta1_lapin-off_-_g0.9,cosip_beta1,1000,0.4,200,8,1,0.16598,0.23701,0.065217,19.588221
114_cosip_beta1_lapin-off_-_g0.9,cosip_beta1,1000,0.4,200,8,2,0.154345,0.260442,0.106383,19.76606
114_cosip_beta1_lapin-off_-_g0.9,cosip_beta1,1000,0.4,200,8,3,0.184357,0.247109,0.037037,22.459836
114_cosip_beta1_lapin-off_-_g0.9,cosip_beta1,1000,0.4,200,8,4,0.208304,0.249686,0.065217,19.369402
114_cosip_beta1_lapin-off_-_g0.9,cosip_beta1,1000,0.4,200,8,5,0.189272,0.258803,0.042553,17.62626
114_cosip_beta1_lapin-off_-_g0.9,cosip_beta1,1000,0.4,200,8,6,0.163945,0.247614,0.039216,20.708375
114_cosip_beta1_lapin-off_-_g0.9,cosip_beta1,1000,0.4,200,8,7,0.172888,0.237652,0.021277,18.573408
114_cosip_beta1_lapin-off_-_g0.9,cosip_beta1,1000,0.4,200,8,8,0.193198,0.251963,0.08,20.674591
114_cosip_beta1_lapin-off_-_g0.9,cosip_beta1,1000,0.4,200,8,9,0.190629,0.244392,0.086957,19.776214
114_cosip_beta1_lapin-off_-_g0.9,cosip_beta1,1000,0.4,200,8,10,0.171602,0.234384,0.130435,19.097872
115_cosip_beta1_lapin-on_lsym_g0.3,cosip_beta1,1000,0.4,200,8,1,0.005169,0.05535,0.043478,29.331968
115_cosip_beta1_lapin-on_lsym_g0.3,cosip_beta1,1000,0.4,200,8,2,0.0103,0.125495,0.06383,26.084931
115_cosip_beta1_lapin-on_lsym_g0.3,cosip_beta1,1000,0.4,200,8,3,0.009337,0.12253,0.055556,31.083382
115_cosip_beta1_lapin-on_lsym_g0.3,cosip_beta1,1000,0.4,200,8,4,0.023584,0.130532,0.152174,23.838715
115_cosip_beta1_lapin-on_lsym_g0.3,cosip_beta1,1000,0.4,200,8,5,0.005014,0.127676,0.042553,25.424346
115_cosip_beta1_lapin-on_lsym_g0.3,cosip_beta1,1000,0.4,200,8,6,0.010686,0.094048,0.176471,26.245126
115_cosip_beta1_lapin-on_lsym_g0.3,cosip_beta1,1000,0.4,200,8,7,0.005185,0.08713,0.12766,27.280536
115_cosip_beta1_lapin-on_lsym_g0.3,cosip_beta1,1000,0.4,200,8,8,0.007648,0.113409,0.02,30.584605
115_cosip_beta1_lapin-on_lsym_g0.3,cosip_beta1,1000,0.4,200,8,9,0.014764,0.140989,0.065217,30.341511
115_cosip_beta1_lapin-on_lsym_g0.3,cosip_beta1,1000,0.4,200,8,10,0.024499,0.153348,0.021739,26.936424
116_cosip_beta1_lapin-on_lsym_g0.5,cosip_beta1,1000,0.4,200,8,1,0.041622,0.148508,0.043478,29.331968
116_cosip_beta1_lapin-on_lsym_g0.5,cosip_beta1,1000,0.4,200,8,2,0.015369,0.188818,0.06383,26.084931
116_cosip_beta1_lapin-on_lsym_g0.5,cosip_beta1,1000,0.4,200,8,3,0.060325,0.182595,0.055556,31.083382
116_cosip_beta1_lapin-on_lsym_g0.5,cosip_beta1,1000,0.4,200,8,4,0.047366,0.207041,0.152174,23.838715
116_cosip_beta1_lapin-on_lsym_g0.5,cosip_beta1,1000,0.4,200,8,5,0.065408,0.145366,0.042553,25.424346
116_cosip_beta1_lapin-on_lsym_g0.5,cosip_beta1,1000,0.4,200,8,6,0.027946,0.183353,0.176471,26.245126
116_cosip_beta1_lapin-on_lsym_g0.5,cosip_beta1,1000,0.4,200,8,7,0.049013,0.160782,0.12766,27.280536
116_cosip_beta1_lapin-on_lsym_g0.5,cosip_beta1,1000,0.4,200,8,8,0.033127,0.192377,0.02,30.584605
116_cosip_beta1_lapin-on_lsym_g0.5,cosip_beta1,1000,0.4,200,8,9,0.080611,0.204707,0.065217,30.341511
116_cosip_beta1_lapin-on_lsym_g0.5,cosip_beta1,1000,0.4,200,8,10,0.091865,0.223237,0.021739,26.936424
117_cosip_beta1_lapin-on_lsym_g0.6,cosip_beta1,1000,0.4,200,8,1,0.071024,0.175866,0.043478,29.331968
117_cosip_beta1_lapin-on_lsym_g0.6,cosip_beta1,1000,0.4,200,8,2,0.034296,0.19292,0.06383,26.084931
117_cosip_beta1_lapin-on_lsym_g0.6,cosip_beta1,1000,0.4,200,8,3,0.073816,0.200666,0.055556,31.083382
117_cosip_beta1_lapin-on_lsym_g0.6,cosip_beta1,1000,0.4,200,8,4,0.065794,0.223358,0.152174,23.838715
117_cosip_beta1_lapin-on_lsym_g0.6,cosip_beta1,1000,0.4,200,8,5,0.083669,0.156504,0.042553,25.424346
117_cosip_beta1_lapin-on_lsym_g0.6,cosip_beta1,1000,0.4,200,8,6,0.046371,0.19128,0.176471,26.245126
117_cosip_beta1_lapin-on_lsym_g0.6,cosip_beta1,1000,0.4,200,8,7,0.057913,0.176256,0.12766,27.280536
117_cosip_beta1_lapin-on_lsym_g0.6,cosip_beta1,1000,0.4,200,8,8,0.068344,0.225258,0.02,30.584605
117_cosip_beta1_lapin-on_lsym_g0.6,cosip_beta1,1000,0.4,200,8,9,0.121113,0.205495,0.065217,30.341511
117_cosip_beta1_lapin-on_lsym_g0.6,cosip_beta1,1000,0.4,200,8,10,0.11115,0.241998,0.021739,26.936424
118_cosip_beta1_lapin-on_lsym_g0.7,cosip_beta1,1000,0.4,200,8,1,0.09829,0.200788,0.043478,29.331968
118_cosip_beta1_lapin-on_lsym_g0.7,cosip_beta1,1000,0.4,200,8,2,0.048055,0.203126,0.06383,26.084931
118_cosip_beta1_lapin-on_lsym_g0.7,cosip_beta1,1000,0.4,200,8,3,0.107861,0.20403,0.055556,31.083382
118_cosip_beta1_lapin-on_lsym_g0.7,cosip_beta1,1000,0.4,200,8,4,0.0843,0.227606,0.152174,23.838715
118_cosip_beta1_lapin-on_lsym_g0.7,cosip_beta1,1000,0.4,200,8,5,0.089703,0.180679,0.042553,25.424346
118_cosip_beta1_lapin-on_lsym_g0.7,cosip_beta1,1000,0.4,200,8,6,0.051652,0.204532,0.176471,26.245126
118_cosip_beta1_lapin-on_lsym_g0.7,cosip_beta1,1000,0.4,200,8,7,0.057943,0.193338,0.12766,27.280536
118_cosip_beta1_lapin-on_lsym_g0.7,cosip_beta1,1000,0.4,200,8,8,0.082452,0.229193,0.02,30.584605
118_cosip_beta1_lapin-on_lsym_g0.7,cosip_beta1,1000,0.4,200,8,9,0.156467,0.224589,0.065217,30.341511
118_cosip_beta1_lapin-on_lsym_g0.7,cosip_beta1,1000,0.4,200,8,10,0.154323,0.258252,0.021739,26.936424
119_cosip_beta1_lapin-on_lsym_g0.8,cosip_beta1,1000,0.4,200,8,1,0.102675,0.206143,0.043478,29.331968
119_cosip_beta1_lapin-on_lsym_g0.8,cosip_beta1,1000,0.4,200,8,2,0.056137,0.215965,0.06383,26.084931
119_cosip_beta1_lapin-on_lsym_g0.8,cosip_beta1,1000,0.4,200,8,3,0.109947,0.216434,0.055556,31.083382
119_cosip_beta1_lapin-on_lsym_g0.8,cosip_beta1,1000,0.4,200,8,4,0.084527,0.232446,0.152174,23.838715
119_cosip_beta1_lapin-on_lsym_g0.8,cosip_beta1,1000,0.4,200,8,5,0.100376,0.204074,0.042553,25.424346
119_cosip_beta1_lapin-on_lsym_g0.8,cosip_beta1,1000,0.4,200,8,6,0.061901,0.219117,0.176471,26.245126
119_cosip_beta1_lapin-on_lsym_g0.8,cosip_beta1,1000,0.4,200,8,7,0.090868,0.212924,0.12766,27.280536
119_cosip_beta1_lapin-on_lsym_g0.8,cosip_beta1,1000,0.4,200,8,8,0.099067,0.228415,0.02,30.584605
119_cosip_beta1_lapin-on_lsym_g0.8,cosip_beta1,1000,0.4,200,8,9,0.162698,0.236169,0.065217,30.341511
119_cosip_beta1_lapin-on_lsym_g0.8,cosip_beta1,1000,0.4,200,8,10,0.167553,0.262421,0.021739,26.936424
120_cosip_beta1_lapin-on_lsym_g0.9,cosip_beta1,1000,0.4,200,8,1,0.102919,0.208863,0.043478,29.331968
120_cosip_beta1_lapin-on_lsym_g0.9,cosip_beta1,1000,0.4,200,8,2,0.057702,0.221629,0.06383,26.084931
120_cosip_beta1_lapin-on_lsym_g0.9,cosip_beta1,1000,0.4,200,8,3,0.10651,0.226447,0.055556,31.083382
120_cosip_beta1_lapin-on_lsym_g0.9,cosip_beta1,1000,0.4,200,8,4,0.107314,0.237429,0.152174,23.838715
120_cosip_beta1_lapin-on_lsym_g0.9,cosip_beta1,1000,0.4,200,8,5,0.111946,0.217616,0.042553,25.424346
120_cosip_beta1_lapin-on_lsym_g0.9,cosip_beta1,1000,0.4,200,8,6,0.082937,0.226539,0.176471,26.245126
120_cosip_beta1_lapin-on_lsym_g0.9,cosip_beta1,1000,0.4,200,8,7,0.104387,0.222513,0.12766,27.280536
120_cosip_beta1_lapin-on_lsym_g0.9,cosip_beta1,1000,0.4,200,8,8,0.104242,0.232535,0.02,30.584605
120_cosip_beta1_lapin-on_lsym_g0.9,cosip_beta1,1000,0.4,200,8,9,0.162947,0.238274,0.065217,30.341511
120_cosip_beta1_lapin-on_lsym_g0.9,cosip_beta1,1000,0.4,200,8,10,0.171165,0.264486,0.021739,26.936424
001_default_lapin-off_-_g0.3,default,1000,0.4,200,8,1,0.07517,0.182404,0.26087,15.481389
001_default_lapin-off_-_g0.3,default,1000,0.4,200,8,2,0.03871,0.153574,0.276596,15.371736
001_default_lapin-off_-_g0.3,default,1000,0.4,200,8,3,0.058517,0.150841,0.388889,14.068306
001_default_lapin-off_-_g0.3,default,1000,0.4,200,8,4,0.05074,0.123056,0.304348,16.34746
001_default_lapin-off_-_g0.3,default,1000,0.4,200,8,5,0.033253,0.119354,0.255319,14.939062
001_default_lapin-off_-_g0.3,default,1000,0.4,200,8,6,0.031563,0.114434,0.254902,16.327143
001_default_lapin-off_-_g0.3,default,1000,0.4,200,8,7,0.089627,0.178368,0.276596,15.153366
001_default_lapin-off_-_g0.3,default,1000,0.4,200,8,8,0.059543,0.133031,0.3,15.202258
001_default_lapin-off_-_g0.3,default,1000,0.4,200,8,9,0.048625,0.129861,0.26087,14.634196
001_default_lapin-off_-_g0.3,default,1000,0.4,200,8,10,0.080084,0.163554,0.26087,15.123145
002_default_lapin-off_-_g0.5,default,1000,0.4,200,8,1,0.134342,0.27727,0.26087,15.481389
002_default_lapin-off_-_g0.5,default,1000,0.4,200,8,2,0.113207,0.31281,0.276596,15.371736
002_default_lapin-off_-_g0.5,default,1000,0.4,200,8,3,0.124055,0.280858,0.388889,14.068306
002_default_lapin-off_-_g0.5,default,1000,0.4,200,8,4,0.126502,0.225578,0.304348,16.34746
002_default_lapin-off_-_g0.5,default,1000,0.4,200,8,5,0.113815,0.264137,0.255319,14.939062
002_default_lapin-off_-_g0.5,default,1000,0.4,200,8,6,0.084545,0.250618,0.254902,16.327143
002_default_lapin-off_-_g0.5,default,1000,0.4,200,8,7,0.141002,0.277932,0.276596,15.153366
002_default_lapin-off_-_g0.5,default,1000,0.4,200,8,8,0.119915,0.253413,0.3,15.202258
002_default_lapin-off_-_g0.5,default,1000,0.4,200,8,9,0.119561,0.250852,0.26087,14.634196
002_default_lapin-off_-_g0.5,default,1000,0.4,200,8,10,0.133002,0.259205,0.26087,15.123145
003_default_lapin-off_-_g0.6,default,1000,0.4,200,8,1,0.157029,0.283755,0.26087,15.481389
003_default_lapin-off_-_g0.6,default,1000,0.4,200,8,2,0.156048,0.327923,0.276596,15.371736
003_default_lapin-off_-_g0.6,default,1000,0.4,200,8,3,0.101095,0.281438,0.388889,14.068306
003_default_lapin-off_-_g0.6,default,1000,0.4,200,8,4,0.106605,0.245825,0.304348,16.34746
003_default_lapin-off_-_g0.6,default,1000,0.4,200,8,5,0.122897,0.291908,0.255319,14.939062
003_default_lapin-off_-_g0.6,default,1000,0.4,200,8,6,0.090446,0.269931,0.254902,16.327143
003_default_lapin-off_-_g0.6,default,1000,0.4,200,8,7,0.15875,0.280003,0.276596,15.153366
003_default_lapin-off_-_g0.6,default,1000,0.4,200,8,8,0.135718,0.272032,0.3,15.202258
003_default_lapin-off_-_g0.6,default,1000,0.4,200,8,9,0.107237,0.25932,0.26087,14.634196
003_default_lapin-off_-_g0.6,default,1000,0.4,200,8,10,0.152575,0.274721,0.26087,15.123145
004_default_lapin-off_-_g0.7,default,1000,0.4,200,8,1,0.153915,0.282349,0.26087,15.481389
004_default_lapin-off_-_g0.7,default,1000,0.4,200,8,2,0.146704,0.309486,0.276596,15.371736
004_default_lapin-off_-_g0.7,default,1000,0.4,200,8,3,0.117135,0.269712,0.388889,14.068306
004_default_lapin-off_-_g0.7,default,1000,0.4,200,8,4,0.135792,0.254278,0.304348,16.34746
004_default_lapin-off_-_g0.7,default,1000,0.4,200,8,5,0.142753,0.290287,0.255319,14.939062
004_default_lapin-off_-_g0.7,default,1000,0.4,200,8,6,0.124187,0.27375,0.254902,16.327143
004_default_lapin-off_-_g0.7,default,1000,0.4,200,8,7,0.16446,0.287165,0.276596,15.153366
004_default_lapin-off_-_g0.7,default,1000,0.4,200,8,8,0.149262,0.273277,0.3,15.202258
004_default_lapin-off_-_g0.7,default,1000,0.4,200,8,9,0.111583,0.259392,0.26087,14.634196
004_default_lapin-off_-_g0.7,default,1000,0.4,200,8,10,0.150844,0.277837,0.26087,15.123145
005_default_lapin-off_-_g0.8,default,1000,0.4,200,8,1,0.180095,0.268399,0.26087,15.481389
005_default_lapin-off_-_g0.8,default,1000,0.4,200,8,2,0.141091,0.289473,0.276596,15.371736
005_default_lapin-off_-_g0.8,default,1000,0.4,200,8,3,0.126756,0.262554,0.388889,14.068306
005_default_lapin-off_-_g0.8,default,1000,0.4,200,8,4,0.13061,0.260016,0.304348,16.34746
005_default_lapin-off_-_g0.8,default,1000,0.4,200,8,5,0.150192,0.286331,0.255319,14.939062
005_default_lapin-off_-_g0.8,default,1000,0.4,200,8,6,0.128882,0.260653,0.254902,16.327143
005_default_lapin-off_-_g0.8,default,1000,0.4,200,8,7,0.174306,0.282535,0.276596,15.153366
005_default_lapin-off_-_g0.8,default,1000,0.4,200,8,8,0.145674,0.263005,0.3,15.202258
005_default_lapin-off_-_g0.8,default,1000,0.4,200,8,9,0.135184,0.264261,0.26087,14.634196
005_default_lapin-off_-_g0.8,default,1000,0.4,200,8,10,0.137875,0.267361,0.26087,15.123145
006_default_lapin-off_-_g0.9,default,1000,0.4,200,8,1,0.160094,0.254809,0.26087,15.481389
006_default_lapin-off_-_g0.9,default,1000,0.4,200,8,2,0.133358,0.269001,0.276596,15.371736
006_default_lapin-off_-_g0.9,default,1000,0.4,200,8,3,0.130983,0.250769,0.388889,14.068306
006_default_lapin-off_-_g0.9,default,1000,0.4,200,8,4,0.116326,0.247358,0.304348,16.34746
006_default_lapin-off_-_g0.9,default,1000,0.4,200,8,5,0.146278,0.269811,0.255319,14.939062
006_default_lapin-off_-_g0.9,default,1000,0.4,200,8,6,0.135581,0.251382,0.254902,16.327143
006_default_lapin-off_-_g0.9,default,1000,0.4,200,8,7,0.18643,0.274878,0.276596,15.153366
006_default_lapin-off_-_g0.9,default,1000,0.4,200,8,8,0.138756,0.254055,0.3,15.202258
006_default_lapin-off_-_g0.9,default,1000,0.4,200,8,9,0.121785,0.250907,0.26087,14.634196
006_default_lapin-off_-_g0.9,default,1000,0.4,200,8,10,0.144534,0.258135,0.26087,15.123145
007_default_lapin-on_lsym_g0.3,default,1000,0.4,200,8,1,0.0,0.061442,0.282609,20.238879
007_default_lapin-on_lsym_g0.3,default,1000,0.4,200,8,2,0.005483,0.047218,0.276596,20.862203
007_default_lapin-on_lsym_g0.3,default,1000,0.4,200,8,3,0.0,0.047666,0.37037,21.162735
007_default_lapin-on_lsym_g0.3,default,1000,0.4,200,8,4,0.0,0.056505,0.26087,22.004422
007_default_lapin-on_lsym_g0.3,default,1000,0.4,200,8,5,0.005001,0.086906,0.276596,20.824831
007_default_lapin-on_lsym_g0.3,default,1000,0.4,200,8,6,0.005531,0.041605,0.411765,18.706842
007_default_lapin-on_lsym_g0.3,default,1000,0.4,200,8,7,0.00954,0.083145,0.255319,21.413019
007_default_lapin-on_lsym_g0.3,default,1000,0.4,200,8,8,0.005472,0.050816,0.32,21.100849
007_default_lapin-on_lsym_g0.3,default,1000,0.4,200,8,9,0.0,0.04873,0.326087,19.161664
007_default_lapin-on_lsym_g0.3,default,1000,0.4,200,8,10,0.009844,0.097556,0.304348,20.052233
008_default_lapin-on_lsym_g0.5,default,1000,0.4,200,8,1,0.026928,0.162885,0.282609,20.238879
008_default_lapin-on_lsym_g0.5,default,1000,0.4,200,8,2,0.016477,0.140523,0.276596,20.862203
008_default_lapin-on_lsym_g0.5,default,1000,0.4,200,8,3,0.013053,0.120996,0.37037,21.162735
008_default_lapin-on_lsym_g0.5,default,1000,0.4,200,8,4,0.016221,0.15667,0.26087,22.004422
008_default_lapin-on_lsym_g0.5,default,1000,0.4,200,8,5,0.033255,0.191282,0.276596,20.824831
008_default_lapin-on_lsym_g0.5,default,1000,0.4,200,8,6,0.022361,0.12037,0.411765,18.706842
008_default_lapin-on_lsym_g0.5,default,1000,0.4,200,8,7,0.037635,0.213257,0.255319,21.413019
008_default_lapin-on_lsym_g0.5,default,1000,0.4,200,8,8,0.029332,0.145662,0.32,21.100849
008_default_lapin-on_lsym_g0.5,default,1000,0.4,200,8,9,0.013332,0.145736,0.326087,19.161664
008_default_lapin-on_lsym_g0.5,default,1000,0.4,200,8,10,0.032623,0.19219,0.304348,20.052233
009_default_lapin-on_lsym_g0.6,default,1000,0.4,200,8,1,0.02832,0.185198,0.282609,20.238879
009_default_lapin-on_lsym_g0.6,default,1000,0.4,200,8,2,0.018108,0.166239,0.276596,20.862203
009_default_lapin-on_lsym_g0.6,default,1000,0.4,200,8,3,0.01504,0.14543,0.37037,21.162735
009_default_lapin-on_lsym_g0.6,default,1000,0.4,200,8,4,0.03537,0.175254,0.26087,22.004422
009_default_lapin-on_lsym_g0.6,default,1000,0.4,200,8,5,0.041748,0.212001,0.276596,20.824831
009_default_lapin-on_lsym_g0.6,default,1000,0.4,200,8,6,0.028499,0.143513,0.411765,18.706842
009_default_lapin-on_lsym_g0.6,default,1000,0.4,200,8,7,0.0709,0.25625,0.255319,21.413019
009_default_lapin-on_lsym_g0.6,default,1000,0.4,200,8,8,0.03713,0.179382,0.32,21.100849
009_default_lapin-on_lsym_g0.6,default,1000,0.4,200,8,9,0.027941,0.178853,0.326087,19.161664
009_default_lapin-on_lsym_g0.6,default,1000,0.4,200,8,10,0.041239,0.220712,0.304348,20.052233
010_default_lapin-on_lsym_g0.7,default,1000,0.4,200,8,1,0.034358,0.19691,0.282609,20.238879
010_default_lapin-on_lsym_g0.7,default,1000,0.4,200,8,2,0.031837,0.17832,0.276596,20.862203
010_default_lapin-on_lsym_g0.7,default,1000,0.4,200,8,3,0.024608,0.164117,0.37037,21.162735
010_default_lapin-on_lsym_g0.7,default,1000,0.4,200,8,4,0.05627,0.203217,0.26087,22.004422
010_default_lapin-on_lsym_g0.7,default,1000,0.4,200,8,5,0.042376,0.226026,0.276596,20.824831
010_default_lapin-on_lsym_g0.7,default,1000,0.4,200,8,6,0.027601,0.159606,0.411765,18.706842
010_default_lapin-on_lsym_g0.7,default,1000,0.4,200,8,7,0.074671,0.260102,0.255319,21.413019
010_default_lapin-on_lsym_g0.7,default,1000,0.4,200,8,8,0.040818,0.19235,0.32,21.100849
010_default_lapin-on_lsym_g0.7,default,1000,0.4,200,8,9,0.04008,0.200091,0.326087,19.161664
010_default_lapin-on_lsym_g0.7,default,1000,0.4,200,8,10,0.057519,0.229979,0.304348,20.052233
011_default_lapin-on_lsym_g0.8,default,1000,0.4,200,8,1,0.042003,0.211813,0.282609,20.238879
011_default_lapin-on_lsym_g0.8,default,1000,0.4,200,8,2,0.036272,0.181365,0.276596,20.862203
011_default_lapin-on_lsym_g0.8,default,1000,0.4,200,8,3,0.031618,0.180024,0.37037,21.162735
011_default_lapin-on_lsym_g0.8,default,1000,0.4,200,8,4,0.065963,0.211137,0.26087,22.004422
011_default_lapin-on_lsym_g0.8,default,1000,0.4,200,8,5,0.06456,0.22315,0.276596,20.824831
011_default_lapin-on_lsym_g0.8,default,1000,0.4,200,8,6,0.048365,0.183832,0.411765,18.706842
011_default_lapin-on_lsym_g0.8,default,1000,0.4,200,8,7,0.08248,0.248714,0.255319,21.413019
011_default_lapin-on_lsym_g0.8,default,1000,0.4,200,8,8,0.060486,0.193983,0.32,21.100849
011_default_lapin-on_lsym_g0.8,default,1000,0.4,200,8,9,0.044643,0.207059,0.326087,19.161664
011_default_lapin-on_lsym_g0.8,default,1000,0.4,200,8,10,0.065055,0.225482,0.304348,20.052233
012_default_lapin-on_lsym_g0.9,default,1000,0.4,200,8,1,0.056042,0.203226,0.282609,20.238879
012_default_lapin-on_lsym_g0.9,default,1000,0.4,200,8,2,0.03674,0.179384,0.276596,20.862203
012_default_lapin-on_lsym_g0.9,default,1000,0.4,200,8,3,0.043932,0.181589,0.37037,21.162735
012_default_lapin-on_lsym_g0.9,default,1000,0.4,200,8,4,0.073104,0.20957,0.26087,22.004422
012_default_lapin-on_lsym_g0.9,default,1000,0.4,200,8,5,0.063874,0.218114,0.276596,20.824831
012_default_lapin-on_lsym_g0.9,default,1000,0.4,200,8,6,0.047332,0.186693,0.411765,18.706842
012_default_lapin-on_lsym_g0.9,default,1000,0.4,200,8,7,0.096383,0.23831,0.255319,21.413019
012_default_lapin-on_lsym_g0.9,default,1000,0.4,200,8,8,0.051622,0.188409,0.32,21.100849
012_default_lapin-on_lsym_g0.9,default,1000,0.4,200,8,9,0.057602,0.202878,0.326087,19.161664
012_default_lapin-on_lsym_g0.9,default,1000,0.4,200,8,10,0.072477,0.219514,0.304348,20.052233
025_dice_lapin-off_-_g0.3,dice,1000,0.4,200,8,1,0.227122,0.35451,0.130435,21.35632
025_dice_lapin-off_-_g0.3,dice,1000,0.4,200,8,2,0.221781,0.342181,0.191489,20.759093
025_dice_lapin-off_-_g0.3,dice,1000,0.4,200,8,3,0.228475,0.355047,0.148148,23.361128
025_dice_lapin-off_-_g0.3,dice,1000,0.4,200,8,4,0.183937,0.292302,0.173913,21.005873
025_dice_lapin-off_-_g0.3,dice,1000,0.4,200,8,5,0.241694,0.345332,0.148936,21.548659
025_dice_lapin-off_-_g0.3,dice,1000,0.4,200,8,6,0.180054,0.300263,0.137255,24.202441
025_dice_lapin-off_-_g0.3,dice,1000,0.4,200,8,7,0.242969,0.335455,0.085106,19.421124
025_dice_lapin-off_-_g0.3,dice,1000,0.4,200,8,8,0.272367,0.355326,0.14,20.474423
025_dice_lapin-off_-_g0.3,dice,1000,0.4,200,8,9,0.267063,0.353148,0.217391,20.873876
025_dice_lapin-off_-_g0.3,dice,1000,0.4,200,8,10,0.248502,0.315255,0.217391,21.508041
026_dice_lapin-off_-_g0.5,dice,1000,0.4,200,8,1,0.219061,0.34573,0.130435,21.35632
026_dice_lapin-off_-_g0.5,dice,1000,0.4,200,8,2,0.236925,0.319992,0.191489,20.759093
026_dice_lapin-off_-_g0.5,dice,1000,0.4,200,8,3,0.255402,0.329991,0.148148,23.361128
026_dice_lapin-off_-_g0.5,dice,1000,0.4,200,8,4,0.21787,0.292177,0.173913,21.005873
026_dice_lapin-off_-_g0.5,dice,1000,0.4,200,8,5,0.240664,0.334171,0.148936,21.548659
026_dice_lapin-off_-_g0.5,dice,1000,0.4,200,8,6,0.223561,0.294232,0.137255,24.202441
026_dice_lapin-off_-_g0.5,dice,1000,0.4,200,8,7,0.239344,0.323454,0.085106,19.421124
026_dice_lapin-off_-_g0.5,dice,1000,0.4,200,8,8,0.279576,0.335625,0.14,20.474423
026_dice_lapin-off_-_g0.5,dice,1000,0.4,200,8,9,0.236239,0.317889,0.217391,20.873876
026_dice_lapin-off_-_g0.5,dice,1000,0.4,200,8,10,0.270646,0.31861,0.217391,21.508041
027_dice_lapin-off_-_g0.6,dice,1000,0.4,200,8,1,0.214833,0.328516,0.130435,21.35632
027_dice_lapin-off_-_g0.6,dice,1000,0.4,200,8,2,0.212786,0.297462,0.191489,20.759093
027_dice_lapin-off_-_g0.6,dice,1000,0.4,200,8,3,0.253781,0.314699,0.148148,23.361128
027_dice_lapin-off_-_g0.6,dice,1000,0.4,200,8,4,0.208596,0.280869,0.173913,21.005873
027_dice_lapin-off_-_g0.6,dice,1000,0.4,200,8,5,0.217181,0.312085,0.148936,21.548659
027_dice_lapin-off_-_g0.6,dice,1000,0.4,200,8,6,0.216249,0.278177,0.137255,24.202441
027_dice_lapin-off_-_g0.6,dice,1000,0.4,200,8,7,0.232972,0.30461,0.085106,19.421124
027_dice_lapin-off_-_g0.6,dice,1000,0.4,200,8,8,0.272641,0.318047,0.14,20.474423
027_dice_lapin-off_-_g0.6,dice,1000,0.4,200,8,9,0.237849,0.298823,0.217391,20.873876
027_dice_lapin-off_-_g0.6,dice,1000,0.4,200,8,10,0.257571,0.295072,0.217391,21.508041
028_dice_lapin-off_-_g0.7,dice,1000,0.4,200,8,1,0.196335,0.303718,0.130435,21.35632
028_dice_lapin-off_-_g0.7,dice,1000,0.4,200,8,2,0.218114,0.272374,0.191489,20.759093
028_dice_lapin-off_-_g0.7,dice,1000,0.4,200,8,3,0.242918,0.306806,0.148148,23.361128
028_dice_lapin-off_-_g0.7,dice,1000,0.4,200,8,4,0.196453,0.263518,0.173913,21.005873
028_dice_lapin-off_-_g0.7,dice,1000,0.4,200,8,5,0.214704,0.293814,0.148936,21.548659
028_dice_lapin-off_-_g0.7,dice,1000,0.4,200,8,6,0.197535,0.268584,0.137255,24.202441
028_dice_lapin-off_-_g0.7,dice,1000,0.4,200,8,7,0.21367,0.285348,0.085106,19.421124
028_dice_lapin-off_-_g0.7,dice,1000,0.4,200,8,8,0.283301,0.305518,0.14,20.474423
028_dice_lapin-off_-_g0.7,dice,1000,0.4,200,8,9,0.225184,0.284497,0.217391,20.873876
028_dice_lapin-off_-_g0.7,dice,1000,0.4,200,8,10,0.253624,0.276181,0.217391,21.508041
029_dice_lapin-off_-_g0.8,dice,1000,0.4,200,8,1,0.181771,0.287054,0.130435,21.35632
029_dice_lapin-off_-_g0.8,dice,1000,0.4,200,8,2,0.193914,0.261695,0.191489,20.759093
029_dice_lapin-off_-_g0.8,dice,1000,0.4,200,8,3,0.238768,0.287449,0.148148,23.361128
029_dice_lapin-off_-_g0.8,dice,1000,0.4,200,8,4,0.171246,0.258048,0.173913,21.005873
029_dice_lapin-off_-_g0.8,dice,1000,0.4,200,8,5,0.21987,0.271247,0.148936,21.548659
029_dice_lapin-off_-_g0.8,dice,1000,0.4,200,8,6,0.195408,0.263343,0.117647,24.202441
029_dice_lapin-off_-_g0.8,dice,1000,0.4,200,8,7,0.21289,0.26061,0.085106,19.421124
029_dice_lapin-off_-_g0.8,dice,1000,0.4,200,8,8,0.249123,0.28861,0.14,20.474423
029_dice_lapin-off_-_g0.8,dice,1000,0.4,200,8,9,0.215543,0.264512,0.195652,20.873876
029_dice_lapin-off_-_g0.8,dice,1000,0.4,200,8,10,0.232183,0.266641,0.217391,21.508041
030_dice_lapin-off_-_g0.9,dice,1000,0.4,200,8,1,0.184473,0.26789,0.130435,21.35632
030_dice_lapin-off_-_g0.9,dice,1000,0.4,200,8,2,0.174725,0.243976,0.170213,20.759093
030_dice_lapin-off_-_g0.9,dice,1000,0.4,200,8,3,0.220992,0.278423,0.074074,23.361128
030_dice_lapin-off_-_g0.9,dice,1000,0.4,200,8,4,0.173656,0.241842,0.152174,21.005873
030_dice_lapin-off_-_g0.9,dice,1000,0.4,200,8,5,0.19986,0.258671,0.148936,21.548659
030_dice_lapin-off_-_g0.9,dice,1000,0.4,200,8,6,0.177881,0.260329,0.078431,24.202441
030_dice_lapin-off_-_g0.9,dice,1000,0.4,200,8,7,0.169765,0.240382,0.085106,19.421124
030_dice_lapin-off_-_g0.9,dice,1000,0.4,200,8,8,0.235377,0.263713,0.1,20.474423
030_dice_lapin-off_-_g0.9,dice,1000,0.4,200,8,9,0.186394,0.246001,0.195652,20.873876
030_dice_lapin-off_-_g0.9,dice,1000,0.4,200,8,10,0.202826,0.25183,0.195652,21.508041
031_dice_lapin-on_lsym_g0.3,dice,1000,0.4,200,8,1,0.04935,0.131847,0.152174,31.551412
031_dice_lapin-on_lsym_g0.3,dice,1000,0.4,200,8,2,0.051275,0.153953,0.085106,30.509316
031_dice_lapin-on_lsym_g0.3,dice,1000,0.4,200,8,3,0.052473,0.181013,0.037037,32.727082
031_dice_lapin-on_lsym_g0.3,dice,1000,0.4,200,8,4,0.065367,0.165281,0.065217,29.951377
031_dice_lapin-on_lsym_g0.3,dice,1000,0.4,200,8,5,0.043714,0.173929,0.12766,30.818798
031_dice_lapin-on_lsym_g0.3,dice,1000,0.4,200,8,6,0.023426,0.163637,0.019608,29.011394
031_dice_lapin-on_lsym_g0.3,dice,1000,0.4,200,8,7,0.024406,0.181916,0.042553,30.491566
031_dice_lapin-on_lsym_g0.3,dice,1000,0.4,200,8,8,0.050113,0.178252,0.1,26.615307
031_dice_lapin-on_lsym_g0.3,dice,1000,0.4,200,8,9,0.074087,0.172393,0.130435,31.256294
031_dice_lapin-on_lsym_g0.3,dice,1000,0.4,200,8,10,0.045723,0.181618,0.021739,27.566908
032_dice_lapin-on_lsym_g0.5,dice,1000,0.4,200,8,1,0.11778,0.196703,0.152174,31.551412
032_dice_lapin-on_lsym_g0.5,dice,1000,0.4,200,8,2,0.097143,0.190896,0.085106,30.509316
032_dice_lapin-on_lsym_g0.5,dice,1000,0.4,200,8,3,0.123071,0.226144,0.037037,32.727082
032_dice_lapin-on_lsym_g0.5,dice,1000,0.4,200,8,4,0.150729,0.238173,0.065217,29.951377
032_dice_lapin-on_lsym_g0.5,dice,1000,0.4,200,8,5,0.158492,0.255139,0.12766,30.818798
032_dice_lapin-on_lsym_g0.5,dice,1000,0.4,200,8,6,0.103409,0.217702,0.019608,29.011394
032_dice_lapin-on_lsym_g0.5,dice,1000,0.4,200,8,7,0.140318,0.262503,0.042553,30.491566
032_dice_lapin-on_lsym_g0.5,dice,1000,0.4,200,8,8,0.136023,0.257343,0.1,26.615307
032_dice_lapin-on_lsym_g0.5,dice,1000,0.4,200,8,9,0.169001,0.223506,0.130435,31.256294
032_dice_lapin-on_lsym_g0.5,dice,1000,0.4,200,8,10,0.112145,0.228387,0.021739,27.566908
033_dice_lapin-on_lsym_g0.6,dice,1000,0.4,200,8,1,0.158526,0.208308,0.152174,31.551412
033_dice_lapin-on_lsym_g0.6,dice,1000,0.4,200,8,2,0.120487,0.203474,0.085106,30.509316
033_dice_lapin-on_lsym_g0.6,dice,1000,0.4,200,8,3,0.171412,0.252558,0.037037,32.727082
033_dice_lapin-on_lsym_g0.6,dice,1000,0.4,200,8,4,0.191603,0.233438,0.065217,29.951377
033_dice_lapin-on_lsym_g0.6,dice,1000,0.4,200,8,5,0.186694,0.255137,0.12766,30.818798
033_dice_lapin-on_lsym_g0.6,dice,1000,0.4,200,8,6,0.11793,0.230777,0.019608,29.011394
033_dice_lapin-on_lsym_g0.6,dice,1000,0.4,200,8,7,0.160467,0.255815,0.042553,30.491566
033_dice_lapin-on_lsym_g0.6,dice,1000,0.4,200,8,8,0.159648,0.259021,0.1,26.615307
033_dice_lapin-on_lsym_g0.6,dice,1000,0.4,200,8,9,0.217219,0.235937,0.130435,31.256294
033_dice_lapin-on_lsym_g0.6,dice,1000,0.4,200,8,10,0.126831,0.229585,0.021739,27.566908
034_dice_lapin-on_lsym_g0.7,dice,1000,0.4,200,8,1,0.160317,0.209006,0.152174,31.551412
034_dice_lapin-on_lsym_g0.7,dice,1000,0.4,200,8,2,0.150114,0.222606,0.085106,30.509316
034_dice_lapin-on_lsym_g0.7,dice,1000,0.4,200,8,3,0.1701,0.247095,0.037037,32.727082
034_dice_lapin-on_lsym_g0.7,dice,1000,0.4,200,8,4,0.208365,0.262211,0.065217,29.951377
034_dice_lapin-on_lsym_g0.7,dice,1000,0.4,200,8,5,0.18149,0.249393,0.12766,30.818798
034_dice_lapin-on_lsym_g0.7,dice,1000,0.4,200,8,6,0.135412,0.242649,0.019608,29.011394
034_dice_lapin-on_lsym_g0.7,dice,1000,0.4,200,8,7,0.17538,0.257804,0.042553,30.491566
034_dice_lapin-on_lsym_g0.7,dice,1000,0.4,200,8,8,0.15415,0.256024,0.1,26.615307
034_dice_lapin-on_lsym_g0.7,dice,1000,0.4,200,8,9,0.214663,0.255401,0.130435,31.256294
034_dice_lapin-on_lsym_g0.7,dice,1000,0.4,200,8,10,0.141391,0.235724,0.021739,27.566908
035_dice_lapin-on_lsym_g0.8,dice,1000,0.4,200,8,1,0.16296,0.217579,0.152174,31.551412
035_dice_lapin-on_lsym_g0.8,dice,1000,0.4,200,8,2,0.173699,0.228987,0.085106,30.509316
035_dice_lapin-on_lsym_g0.8,dice,1000,0.4,200,8,3,0.180613,0.240921,0.037037,32.727082
035_dice_lapin-on_lsym_g0.8,dice,1000,0.4,200,8,4,0.207362,0.261811,0.065217,29.951377
035_dice_lapin-on_lsym_g0.8,dice,1000,0.4,200,8,5,0.182094,0.258494,0.12766,30.818798
035_dice_lapin-on_lsym_g0.8,dice,1000,0.4,200,8,6,0.146321,0.250097,0.019608,29.011394
035_dice_lapin-on_lsym_g0.8,dice,1000,0.4,200,8,7,0.189042,0.267735,0.042553,30.491566
035_dice_lapin-on_lsym_g0.8,dice,1000,0.4,200,8,8,0.16311,0.259321,0.1,26.615307
035_dice_lapin-on_lsym_g0.8,dice,1000,0.4,200,8,9,0.213122,0.257938,0.130435,31.256294
035_dice_lapin-on_lsym_g0.8,dice,1000,0.4,200,8,10,0.163238,0.246048,0.021739,27.566908
036_dice_lapin-on_lsym_g0.9,dice,1000,0.4,200,8,1,0.184933,0.233955,0.130435,31.551412
036_dice_lapin-on_lsym_g0.9,dice,1000,0.4,200,8,2,0.196653,0.243567,0.085106,30.509316
036_dice_lapin-on_lsym_g0.9,dice,1000,0.4,200,8,3,0.214904,0.2452,0.037037,32.727082
036_dice_lapin-on_lsym_g0.9,dice,1000,0.4,200,8,4,0.197911,0.262908,0.065217,29.951377
036_dice_lapin-on_lsym_g0.9,dice,1000,0.4,200,8,5,0.172943,0.263251,0.12766,30.818798
036_dice_lapin-on_lsym_g0.9,dice,1000,0.4,200,8,6,0.146421,0.253785,0.019608,29.011394
036_dice_lapin-on_lsym_g0.9,dice,1000,0.4,200,8,7,0.173464,0.262738,0.021277,30.491566
036_dice_lapin-on_lsym_g0.9,dice,1000,0.4,200,8,8,0.165121,0.260677,0.1,26.615307
036_dice_lapin-on_lsym_g0.9,dice,1000,0.4,200,8,9,0.21906,0.252307,0.130435,31.256294
036_dice_lapin-on_lsym_g0.9,dice,1000,0.4,200,8,10,0.165725,0.260252,0.021739,27.566908
049_ip_beta0_lapin-off_-_g0.3,ip_beta0,1000,0.4,200,8,1,0.251189,0.339334,0.043478,15.33734
049_ip_beta0_lapin-off_-_g0.3,ip_beta0,1000,0.4,200,8,2,0.231079,0.374414,0.042553,15.582841
049_ip_beta0_lapin-off_-_g0.3,ip_beta0,1000,0.4,200,8,3,0.211844,0.313494,0.148148,15.8698
049_ip_beta0_lapin-off_-_g0.3,ip_beta0,1000,0.4,200,8,4,0.166653,0.288104,0.130435,16.060608
049_ip_beta0_lapin-off_-_g0.3,ip_beta0,1000,0.4,200,8,5,0.197072,0.321546,0.085106,15.214726
049_ip_beta0_lapin-off_-_g0.3,ip_beta0,1000,0.4,200,8,6,0.092729,0.266585,0.137255,17.393746
049_ip_beta0_lapin-off_-_g0.3,ip_beta0,1000,0.4,200,8,7,0.126843,0.232974,0.106383,14.171751
049_ip_beta0_lapin-off_-_g0.3,ip_beta0,1000,0.4,200,8,8,0.163954,0.298152,0.04,17.886829
049_ip_beta0_lapin-off_-_g0.3,ip_beta0,1000,0.4,200,8,9,0.158467,0.298489,0.108696,14.888483
049_ip_beta0_lapin-off_-_g0.3,ip_beta0,1000,0.4,200,8,10,0.129222,0.248725,0.108696,14.057258
050_ip_beta0_lapin-off_-_g0.5,ip_beta0,1000,0.4,200,8,1,0.275661,0.386294,0.043478,15.33734
050_ip_beta0_lapin-off_-_g0.5,ip_beta0,1000,0.4,200,8,2,0.259614,0.372638,0.042553,15.582841
050_ip_beta0_lapin-off_-_g0.5,ip_beta0,1000,0.4,200,8,3,0.247653,0.323922,0.148148,15.8698
050_ip_beta0_lapin-off_-_g0.5,ip_beta0,1000,0.4,200,8,4,0.214585,0.328811,0.130435,16.060608
050_ip_beta0_lapin-off_-_g0.5,ip_beta0,1000,0.4,200,8,5,0.244112,0.35288,0.085106,15.214726
050_ip_beta0_lapin-off_-_g0.5,ip_beta0,1000,0.4,200,8,6,0.150612,0.289547,0.137255,17.393746
050_ip_beta0_lapin-off_-_g0.5,ip_beta0,1000,0.4,200,8,7,0.184411,0.288322,0.106383,14.171751
050_ip_beta0_lapin-off_-_g0.5,ip_beta0,1000,0.4,200,8,8,0.232143,0.33595,0.04,17.886829
050_ip_beta0_lapin-off_-_g0.5,ip_beta0,1000,0.4,200,8,9,0.251413,0.349178,0.108696,14.888483
050_ip_beta0_lapin-off_-_g0.5,ip_beta0,1000,0.4,200,8,10,0.171266,0.294776,0.108696,14.057258
051_ip_beta0_lapin-off_-_g0.6,ip_beta0,1000,0.4,200,8,1,0.262357,0.383005,0.043478,15.33734
051_ip_beta0_lapin-off_-_g0.6,ip_beta0,1000,0.4,200,8,2,0.270926,0.360811,0.042553,15.582841
051_ip_beta0_lapin-off_-_g0.6,ip_beta0,1000,0.4,200,8,3,0.26737,0.317431,0.148148,15.8698
051_ip_beta0_lapin-off_-_g0.6,ip_beta0,1000,0.4,200,8,4,0.22247,0.326075,0.130435,16.060608
051_ip_beta0_lapin-off_-_g0.6,ip_beta0,1000,0.4,200,8,5,0.24952,0.340731,0.085106,15.214726
051_ip_beta0_lapin-off_-_g0.6,ip_beta0,1000,0.4,200,8,6,0.175792,0.279925,0.137255,17.393746
051_ip_beta0_lapin-off_-_g0.6,ip_beta0,1000,0.4,200,8,7,0.193075,0.293834,0.106383,14.171751
051_ip_beta0_lapin-off_-_g0.6,ip_beta0,1000,0.4,200,8,8,0.239498,0.326924,0.04,17.886829
051_ip_beta0_lapin-off_-_g0.6,ip_beta0,1000,0.4,200,8,9,0.255891,0.34361,0.108696,14.888483
051_ip_beta0_lapin-off_-_g0.6,ip_beta0,1000,0.4,200,8,10,0.181869,0.283474,0.108696,14.057258
052_ip_beta0_lapin-off_-_g0.7,ip_beta0,1000,0.4,200,8,1,0.266854,0.372513,0.043478,15.33734
052_ip_beta0_lapin-off_-_g0.7,ip_beta0,1000,0.4,200,8,2,0.257725,0.348013,0.042553,15.582841
052_ip_beta0_lapin-off_-_g0.7,ip_beta0,1000,0.4,200,8,3,0.261274,0.317832,0.148148,15.8698
052_ip_beta0_lapin-off_-_g0.7,ip_beta0,1000,0.4,200,8,4,0.22907,0.313096,0.130435,16.060608
052_ip_beta0_lapin-off_-_g0.7,ip_beta0,1000,0.4,200,8,5,0.245384,0.330955,0.085106,15.214726
052_ip_beta0_lapin-off_-_g0.7,ip_beta0,1000,0.4,200,8,6,0.159238,0.273164,0.137255,17.393746
052_ip_beta0_lapin-off_-_g0.7,ip_beta0,1000,0.4,200,8,7,0.207769,0.288752,0.106383,14.171751
052_ip_beta0_lapin-off_-_g0.7,ip_beta0,1000,0.4,200,8,8,0.253634,0.318096,0.04,17.886829
052_ip_beta0_lapin-off_-_g0.7,ip_beta0,1000,0.4,200,8,9,0.25433,0.349318,0.108696,14.888483
052_ip_beta0_lapin-off_-_g0.7,ip_beta0,1000,0.4,200,8,10,0.197286,0.283133,0.108696,14.057258
053_ip_beta0_lapin-off_-_g0.8,ip_beta0,1000,0.4,200,8,1,0.246311,0.362083,0.043478,15.33734
053_ip_beta0_lapin-off_-_g0.8,ip_beta0,1000,0.4,200,8,2,0.256478,0.341354,0.042553,15.582841
053_ip_beta0_lapin-off_-_g0.8,ip_beta0,1000,0.4,200,8,3,0.264652,0.309526,0.148148,15.8698
053_ip_beta0_lapin-off_-_g0.8,ip_beta0,1000,0.4,200,8,4,0.21612,0.299401,0.130435,16.060608
053_ip_beta0_lapin-off_-_g0.8,ip_beta0,1000,0.4,200,8,5,0.241755,0.327003,0.106383,15.214726
053_ip_beta0_lapin-off_-_g0.8,ip_beta0,1000,0.4,200,8,6,0.176583,0.27394,0.137255,17.393746
053_ip_beta0_lapin-off_-_g0.8,ip_beta0,1000,0.4,200,8,7,0.229695,0.296118,0.106383,14.171751
053_ip_beta0_lapin-off_-_g0.8,ip_beta0,1000,0.4,200,8,8,0.256701,0.307697,0.04,17.886829
053_ip_beta0_lapin-off_-_g0.8,ip_beta0,1000,0.4,200,8,9,0.244164,0.339178,0.108696,14.888483
053_ip_beta0_lapin-off_-_g0.8,ip_beta0,1000,0.4,200,8,10,0.199241,0.283918,0.108696,14.057258
054_ip_beta0_lapin-off_-_g0.9,ip_beta0,1000,0.4,200,8,1,0.267154,0.358152,0.043478,15.33734
054_ip_beta0_lapin-off_-_g0.9,ip_beta0,1000,0.4,200,8,2,0.238925,0.329023,0.042553,15.582841
054_ip_beta0_lapin-off_-_g0.9,ip_beta0,1000,0.4,200,8,3,0.249015,0.303393,0.166667,15.8698
054_ip_beta0_lapin-off_-_g0.9,ip_beta0,1000,0.4,200,8,4,0.209412,0.292229,0.130435,16.060608
054_ip_beta0_lapin-off_-_g0.9,ip_beta0,1000,0.4,200,8,5,0.244811,0.321305,0.106383,15.214726
054_ip_beta0_lapin-off_-_g0.9,ip_beta0,1000,0.4,200,8,6,0.183794,0.268866,0.137255,17.393746
054_ip_beta0_lapin-off_-_g0.9,ip_beta0,1000,0.4,200,8,7,0.225103,0.29107,0.12766,14.171751
054_ip_beta0_lapin-off_-_g0.9,ip_beta0,1000,0.4,200,8,8,0.255301,0.296342,0.04,17.886829
054_ip_beta0_lapin-off_-_g0.9,ip_beta0,1000,0.4,200,8,9,0.242176,0.324583,0.108696,14.888483
054_ip_beta0_lapin-off_-_g0.9,ip_beta0,1000,0.4,200,8,10,0.212892,0.282044,0.108696,14.057258
055_ip_beta0_lapin-on_lsym_g0.3,ip_beta0,1000,0.4,200,8,1,0.104061,0.209643,0.826087,45.05985
055_ip_beta0_lapin-on_lsym_g0.3,ip_beta0,1000,0.4,200,8,2,0.070916,0.19721,0.382979,34.525928
055_ip_beta0_lapin-on_lsym_g0.3,ip_beta0,1000,0.4,200,8,3,0.080103,0.218055,0.425926,41.500536
055_ip_beta0_lapin-on_lsym_g0.3,ip_beta0,1000,0.4,200,8,4,0.103029,0.237572,0.565217,44.160461
055_ip_beta0_lapin-on_lsym_g0.3,ip_beta0,1000,0.4,200,8,5,0.076729,0.202318,0.510638,37.477135
055_ip_beta0_lapin-on_lsym_g0.3,ip_beta0,1000,0.4,200,8,6,0.041849,0.159694,0.490196,47.318488
055_ip_beta0_lapin-on_lsym_g0.3,ip_beta0,1000,0.4,200,8,7,0.050865,0.127215,0.468085,35.752052
055_ip_beta0_lapin-on_lsym_g0.3,ip_beta0,1000,0.4,200,8,8,0.045967,0.162966,0.44,38.48475
055_ip_beta0_lapin-on_lsym_g0.3,ip_beta0,1000,0.4,200,8,9,0.063051,0.175796,0.652174,39.171575
055_ip_beta0_lapin-on_lsym_g0.3,ip_beta0,1000,0.4,200,8,10,0.057826,0.154534,0.586957,35.473171
056_ip_beta0_lapin-on_lsym_g0.5,ip_beta0,1000,0.4,200,8,1,0.149916,0.225439,0.826087,45.05985
056_ip_beta0_lapin-on_lsym_g0.5,ip_beta0,1000,0.4,200,8,2,0.125575,0.238443,0.382979,34.525928
056_ip_beta0_lapin-on_lsym_g0.5,ip_beta0,1000,0.4,200,8,3,0.196708,0.235231,0.425926,41.500536
056_ip_beta0_lapin-on_lsym_g0.5,ip_beta0,1000,0.4,200,8,4,0.181273,0.247439,0.565217,44.160461
056_ip_beta0_lapin-on_lsym_g0.5,ip_beta0,1000,0.4,200,8,5,0.199245,0.286281,0.510638,37.477135
056_ip_beta0_lapin-on_lsym_g0.5,ip_beta0,1000,0.4,200,8,6,0.110352,0.225122,0.490196,47.318488
056_ip_beta0_lapin-on_lsym_g0.5,ip_beta0,1000,0.4,200,8,7,0.126658,0.218345,0.468085,35.752052
056_ip_beta0_lapin-on_lsym_g0.5,ip_beta0,1000,0.4,200,8,8,0.155001,0.226669,0.44,38.48475
056_ip_beta0_lapin-on_lsym_g0.5,ip_beta0,1000,0.4,200,8,9,0.142623,0.233166,0.652174,39.171575
056_ip_beta0_lapin-on_lsym_g0.5,ip_beta0,1000,0.4,200,8,10,0.163984,0.204383,0.586957,35.473171
057_ip_beta0_lapin-on_lsym_g0.6,ip_beta0,1000,0.4,200,8,1,0.165048,0.231571,0.826087,45.05985
057_ip_beta0_lapin-on_lsym_g0.6,ip_beta0,1000,0.4,200,8,2,0.139813,0.232822,0.382979,34.525928
057_ip_beta0_lapin-on_lsym_g0.6,ip_beta0,1000,0.4,200,8,3,0.21833,0.245033,0.425926,41.500536
057_ip_beta0_lapin-on_lsym_g0.6,ip_beta0,1000,0.4,200,8,4,0.188672,0.241573,0.565217,44.160461
057_ip_beta0_lapin-on_lsym_g0.6,ip_beta0,1000,0.4,200,8,5,0.195716,0.284558,0.510638,37.477135
057_ip_beta0_lapin-on_lsym_g0.6,ip_beta0,1000,0.4,200,8,6,0.130131,0.233392,0.490196,47.318488
057_ip_beta0_lapin-on_lsym_g0.6,ip_beta0,1000,0.4,200,8,7,0.155652,0.25389,0.468085,35.752052
057_ip_beta0_lapin-on_lsym_g0.6,ip_beta0,1000,0.4,200,8,8,0.159917,0.237845,0.44,38.48475
057_ip_beta0_lapin-on_lsym_g0.6,ip_beta0,1000,0.4,200,8,9,0.16362,0.237197,0.652174,39.171575
057_ip_beta0_lapin-on_lsym_g0.6,ip_beta0,1000,0.4,200,8,10,0.203646,0.213049,0.586957,35.473171
058_ip_beta0_lapin-on_lsym_g0.7,ip_beta0,1000,0.4,200,8,1,0.195603,0.243859,0.826087,45.05985
058_ip_beta0_lapin-on_lsym_g0.7,ip_beta0,1000,0.4,200,8,2,0.163979,0.234638,0.382979,34.525928
058_ip_beta0_lapin-on_lsym_g0.7,ip_beta0,1000,0.4,200,8,3,0.225904,0.264704,0.425926,41.500536
058_ip_beta0_lapin-on_lsym_g0.7,ip_beta0,1000,0.4,200,8,4,0.17622,0.233104,0.565217,44.160461
058_ip_beta0_lapin-on_lsym_g0.7,ip_beta0,1000,0.4,200,8,5,0.195521,0.295841,0.510638,37.477135
058_ip_beta0_lapin-on_lsym_g0.7,ip_beta0,1000,0.4,200,8,6,0.139652,0.228405,0.490196,47.318488
058_ip_beta0_lapin-on_lsym_g0.7,ip_beta0,1000,0.4,200,8,7,0.176153,0.258925,0.468085,35.752052
058_ip_beta0_lapin-on_lsym_g0.7,ip_beta0,1000,0.4,200,8,8,0.15968,0.252133,0.44,38.48475
058_ip_beta0_lapin-on_lsym_g0.7,ip_beta0,1000,0.4,200,8,9,0.164105,0.239167,0.652174,39.171575
058_ip_beta0_lapin-on_lsym_g0.7,ip_beta0,1000,0.4,200,8,10,0.231673,0.241578,0.586957,35.473171
059_ip_beta0_lapin-on_lsym_g0.8,ip_beta0,1000,0.4,200,8,1,0.193013,0.276573,0.782609,45.05985
059_ip_beta0_lapin-on_lsym_g0.8,ip_beta0,1000,0.4,200,8,2,0.173057,0.250112,0.382979,34.525928
059_ip_beta0_lapin-on_lsym_g0.8,ip_beta0,1000,0.4,200,8,3,0.225125,0.263805,0.425926,41.500536
059_ip_beta0_lapin-on_lsym_g0.8,ip_beta0,1000,0.4,200,8,4,0.180134,0.237883,0.565217,44.160461
059_ip_beta0_lapin-on_lsym_g0.8,ip_beta0,1000,0.4,200,8,5,0.209914,0.297093,0.510638,37.477135
059_ip_beta0_lapin-on_lsym_g0.8,ip_beta0,1000,0.4,200,8,6,0.136517,0.219088,0.470588,47.318488
059_ip_beta0_lapin-on_lsym_g0.8,ip_beta0,1000,0.4,200,8,7,0.175791,0.26835,0.446809,35.752052
059_ip_beta0_lapin-on_lsym_g0.8,ip_beta0,1000,0.4,200,8,8,0.169662,0.244869,0.42,38.48475
059_ip_beta0_lapin-on_lsym_g0.8,ip_beta0,1000,0.4,200,8,9,0.177379,0.246682,0.652174,39.171575
059_ip_beta0_lapin-on_lsym_g0.8,ip_beta0,1000,0.4,200,8,10,0.211423,0.23125,0.586957,35.473171
060_ip_beta0_lapin-on_lsym_g0.9,ip_beta0,1000,0.4,200,8,1,0.184888,0.264554,0.782609,45.05985
060_ip_beta0_lapin-on_lsym_g0.9,ip_beta0,1000,0.4,200,8,2,0.175907,0.249124,0.382979,34.525928
060_ip_beta0_lapin-on_lsym_g0.9,ip_beta0,1000,0.4,200,8,3,0.219979,0.275971,0.407407,41.500536
060_ip_beta0_lapin-on_lsym_g0.9,ip_beta0,1000,0.4,200,8,4,0.16557,0.248694,0.565217,44.160461
060_ip_beta0_lapin-on_lsym_g0.9,ip_beta0,1000,0.4,200,8,5,0.2143,0.286398,0.510638,37.477135
060_ip_beta0_lapin-on_lsym_g0.9,ip_beta0,1000,0.4,200,8,6,0.131271,0.228999,0.45098,47.318488
060_ip_beta0_lapin-on_lsym_g0.9,ip_beta0,1000,0.4,200,8,7,0.197033,0.285611,0.446809,35.752052
060_ip_beta0_lapin-on_lsym_g0.9,ip_beta0,1000,0.4,200,8,8,0.174307,0.24383,0.42,38.48475
060_ip_beta0_lapin-on_lsym_g0.9,ip_beta0,1000,0.4,200,8,9,0.18056,0.25656,0.608696,39.171575
060_ip_beta0_lapin-on_lsym_g0.9,ip_beta0,1000,0.4,200,8,10,0.197943,0.257311,0.586957,35.473171
061_ip_beta0.5_lapin-off_-_g0.3,ip_beta0.5,1000,0.4,200,8,1,0.109265,0.234762,0.0,16.470313
061_ip_beta0.5_lapin-off_-_g0.3,ip_beta0.5,1000,0.4,200,8,2,0.1234,0.255754,0.106383,20.787679
061_ip_beta0.5_lapin-off_-_g0.3,ip_beta0.5,1000,0.4,200,8,3,0.11117,0.256752,0.055556,18.256437
061_ip_beta0.5_lapin-off_-_g0.3,ip_beta0.5,1000,0.4,200,8,4,0.137387,0.281812,0.108696,15.810636
061_ip_beta0.5_lapin-off_-_g0.3,ip_beta0.5,1000,0.4,200,8,5,0.113119,0.282872,0.148936,15.605364
061_ip_beta0.5_lapin-off_-_g0.3,ip_beta0.5,1000,0.4,200,8,6,0.116359,0.272511,0.058824,18.687324
061_ip_beta0.5_lapin-off_-_g0.3,ip_beta0.5,1000,0.4,200,8,7,0.138359,0.258957,0.085106,15.694493
061_ip_beta0.5_lapin-off_-_g0.3,ip_beta0.5,1000,0.4,200,8,8,0.142326,0.272201,0.06,16.52035
061_ip_beta0.5_lapin-off_-_g0.3,ip_beta0.5,1000,0.4,200,8,9,0.140795,0.289023,0.086957,15.506225
061_ip_beta0.5_lapin-off_-_g0.3,ip_beta0.5,1000,0.4,200,8,10,0.097519,0.266497,0.043478,16.192014
062_ip_beta0.5_lapin-off_-_g0.5,ip_beta0.5,1000,0.4,200,8,1,0.1657,0.273624,0.0,16.470313
062_ip_beta0.5_lapin-off_-_g0.5,ip_beta0.5,1000,0.4,200,8,2,0.223348,0.295206,0.106383,20.787679
062_ip_beta0.5_lapin-off_-_g0.5,ip_beta0.5,1000,0.4,200,8,3,0.170555,0.280595,0.055556,18.256437
062_ip_beta0.5_lapin-off_-_g0.5,ip_beta0.5,1000,0.4,200,8,4,0.163646,0.31545,0.108696,15.810636
062_ip_beta0.5_lapin-off_-_g0.5,ip_beta0.5,1000,0.4,200,8,5,0.159682,0.293852,0.148936,15.605364
062_ip_beta0.5_lapin-off_-_g0.5,ip_beta0.5,1000,0.4,200,8,6,0.170064,0.312754,0.058824,18.687324
062_ip_beta0.5_lapin-off_-_g0.5,ip_beta0.5,1000,0.4,200,8,7,0.187984,0.293787,0.085106,15.694493
062_ip_beta0.5_lapin-off_-_g0.5,ip_beta0.5,1000,0.4,200,8,8,0.21553,0.299159,0.06,16.52035
062_ip_beta0.5_lapin-off_-_g0.5,ip_beta0.5,1000,0.4,200,8,9,0.212267,0.31723,0.086957,15.506225
062_ip_beta0.5_lapin-off_-_g0.5,ip_beta0.5,1000,0.4,200,8,10,0.163717,0.271519,0.043478,16.192014
063_ip_beta0.5_lapin-off_-_g0.6,ip_beta0.5,1000,0.4,200,8,1,0.199857,0.270784,0.0,16.470313
063_ip_beta0.5_lapin-off_-_g0.6,ip_beta0.5,1000,0.4,200,8,2,0.214128,0.28547,0.106383,20.787679
063_ip_beta0.5_lapin-off_-_g0.6,ip_beta0.5,1000,0.4,200,8,3,0.187209,0.276895,0.055556,18.256437
063_ip_beta0.5_lapin-off_-_g0.6,ip_beta0.5,1000,0.4,200,8,4,0.1657,0.300573,0.108696,15.810636
063_ip_beta0.5_lapin-off_-_g0.6,ip_beta0.5,1000,0.4,200,8,5,0.163736,0.291555,0.148936,15.605364
063_ip_beta0.5_lapin-off_-_g0.6,ip_beta0.5,1000,0.4,200,8,6,0.17579,0.302128,0.058824,18.687324
063_ip_beta0.5_lapin-off_-_g0.6,ip_beta0.5,1000,0.4,200,8,7,0.216746,0.293933,0.085106,15.694493
063_ip_beta0.5_lapin-off_-_g0.6,ip_beta0.5,1000,0.4,200,8,8,0.222661,0.28043,0.06,16.52035
063_ip_beta0.5_lapin-off_-_g0.6,ip_beta0.5,1000,0.4,200,8,9,0.225701,0.326023,0.086957,15.506225
063_ip_beta0.5_lapin-off_-_g0.6,ip_beta0.5,1000,0.4,200,8,10,0.163718,0.268742,0.043478,16.192014
064_ip_beta0.5_lapin-off_-_g0.7,ip_beta0.5,1000,0.4,200,8,1,0.212751,0.292231,0.0,16.470313
064_ip_beta0.5_lapin-off_-_g0.7,ip_beta0.5,1000,0.4,200,8,2,0.232717,0.283734,0.106383,20.787679
064_ip_beta0.5_lapin-off_-_g0.7,ip_beta0.5,1000,0.4,200,8,3,0.198468,0.283209,0.055556,18.256437
064_ip_beta0.5_lapin-off_-_g0.7,ip_beta0.5,1000,0.4,200,8,4,0.177705,0.298374,0.108696,15.810636
064_ip_beta0.5_lapin-off_-_g0.7,ip_beta0.5,1000,0.4,200,8,5,0.157291,0.286455,0.148936,15.605364
064_ip_beta0.5_lapin-off_-_g0.7,ip_beta0.5,1000,0.4,200,8,6,0.183301,0.290216,0.058824,18.687324
064_ip_beta0.5_lapin-off_-_g0.7,ip_beta0.5,1000,0.4,200,8,7,0.237201,0.2984,0.085106,15.694493
064_ip_beta0.5_lapin-off_-_g0.7,ip_beta0.5,1000,0.4,200,8,8,0.222856,0.277324,0.06,16.52035
064_ip_beta0.5_lapin-off_-_g0.7,ip_beta0.5,1000,0.4,200,8,9,0.222042,0.315461,0.086957,15.506225
064_ip_beta0.5_lapin-off_-_g0.7,ip_beta0.5,1000,0.4,200,8,10,0.173385,0.271898,0.043478,16.192014
065_ip_beta0.5_lapin-off_-_g0.8,ip_beta0.5,1000,0.4,200,8,1,0.211116,0.285389,0.0,16.470313
065_ip_beta0.5_lapin-off_-_g0.8,ip_beta0.5,1000,0.4,200,8,2,0.235356,0.286785,0.106383,20.787679
065_ip_beta0.5_lapin-off_-_g0.8,ip_beta0.5,1000,0.4,200,8,3,0.224402,0.289465,0.055556,18.256437
065_ip_beta0.5_lapin-off_-_g0.8,ip_beta0.5,1000,0.4,200,8,4,0.170546,0.289118,0.130435,15.810636
065_ip_beta0.5_lapin-off_-_g0.8,ip_beta0.5,1000,0.4,200,8,5,0.179084,0.282995,0.148936,15.605364
065_ip_beta0.5_lapin-off_-_g0.8,ip_beta0.5,1000,0.4,200,8,6,0.195502,0.282213,0.078431,18.687324
065_ip_beta0.5_lapin-off_-_g0.8,ip_beta0.5,1000,0.4,200,8,7,0.241705,0.301115,0.085106,15.694493
065_ip_beta0.5_lapin-off_-_g0.8,ip_beta0.5,1000,0.4,200,8,8,0.246383,0.292244,0.06,16.52035
065_ip_beta0.5_lapin-off_-_g0.8,ip_beta0.5,1000,0.4,200,8,9,0.217,0.305539,0.086957,15.506225
065_ip_beta0.5_lapin-off_-_g0.8,ip_beta0.5,1000,0.4,200,8,10,0.173217,0.273163,0.043478,16.192014
066_ip_beta0.5_lapin-off_-_g0.9,ip_beta0.5,1000,0.4,200,8,1,0.220458,0.282385,0.021739,16.470313
066_ip_beta0.5_lapin-off_-_g0.9,ip_beta0.5,1000,0.4,200,8,2,0.220109,0.281379,0.106383,20.787679
066_ip_beta0.5_lapin-off_-_g0.9,ip_beta0.5,1000,0.4,200,8,3,0.24497,0.283492,0.055556,18.256437
066_ip_beta0.5_lapin-off_-_g0.9,ip_beta0.5,1000,0.4,200,8,4,0.192646,0.277095,0.130435,15.810636
066_ip_beta0.5_lapin-off_-_g0.9,ip_beta0.5,1000,0.4,200,8,5,0.175293,0.276913,0.148936,15.605364
066_ip_beta0.5_lapin-off_-_g0.9,ip_beta0.5,1000,0.4,200,8,6,0.183274,0.278829,0.078431,18.687324
066_ip_beta0.5_lapin-off_-_g0.9,ip_beta0.5,1000,0.4,200,8,7,0.238065,0.293204,0.085106,15.694493
066_ip_beta0.5_lapin-off_-_g0.9,ip_beta0.5,1000,0.4,200,8,8,0.252559,0.290156,0.06,16.52035
066_ip_beta0.5_lapin-off_-_g0.9,ip_beta0.5,1000,0.4,200,8,9,0.211535,0.295648,0.086957,15.506225
066_ip_beta0.5_lapin-off_-_g0.9,ip_beta0.5,1000,0.4,200,8,10,0.185147,0.269252,0.043478,16.192014
067_ip_beta0.5_lapin-on_lsym_g0.3,ip_beta0.5,1000,0.4,200,8,1,0.027052,0.110667,0.73913,44.446022
067_ip_beta0.5_lapin-on_lsym_g0.3,ip_beta0.5,1000,0.4,200,8,2,0.049168,0.171235,0.468085,51.471426
067_ip_beta0.5_lapin-on_lsym_g0.3,ip_beta0.5,1000,0.4,200,8,3,0.084632,0.211463,0.185185,34.60021
067_ip_beta0.5_lapin-on_lsym_g0.3,ip_beta0.5,1000,0.4,200,8,4,0.043095,0.205969,0.434783,37.001739
067_ip_beta0.5_lapin-on_lsym_g0.3,ip_beta0.5,1000,0.4,200,8,5,0.072603,0.177826,0.510638,41.364631
067_ip_beta0.5_lapin-on_lsym_g0.3,ip_beta0.5,1000,0.4,200,8,6,0.053101,0.159319,0.254902,37.392824
067_ip_beta0.5_lapin-on_lsym_g0.3,ip_beta0.5,1000,0.4,200,8,7,0.062408,0.161729,0.446809,36.66522
067_ip_beta0.5_lapin-on_lsym_g0.3,ip_beta0.5,1000,0.4,200,8,8,0.032552,0.136496,0.54,41.544395
067_ip_beta0.5_lapin-on_lsym_g0.3,ip_beta0.5,1000,0.4,200,8,9,0.039724,0.168597,0.565217,40.235423
067_ip_beta0.5_lapin-on_lsym_g0.3,ip_beta0.5,1000,0.4,200,8,10,0.057055,0.196164,0.5,38.340536
068_ip_beta0.5_lapin-on_lsym_g0.5,ip_beta0.5,1000,0.4,200,8,1,0.099407,0.166863,0.73913,44.446022
068_ip_beta0.5_lapin-on_lsym_g0.5,ip_beta0.5,1000,0.4,200,8,2,0.084475,0.229369,0.468085,51.471426
068_ip_beta0.5_lapin-on_lsym_g0.5,ip_beta0.5,1000,0.4,200,8,3,0.157123,0.273599,0.185185,34.60021
068_ip_beta0.5_lapin-on_lsym_g0.5,ip_beta0.5,1000,0.4,200,8,4,0.121021,0.234579,0.434783,37.001739
068_ip_beta0.5_lapin-on_lsym_g0.5,ip_beta0.5,1000,0.4,200,8,5,0.148115,0.238681,0.510638,41.364631
068_ip_beta0.5_lapin-on_lsym_g0.5,ip_beta0.5,1000,0.4,200,8,6,0.150964,0.223309,0.254902,37.392824
068_ip_beta0.5_lapin-on_lsym_g0.5,ip_beta0.5,1000,0.4,200,8,7,0.121796,0.220511,0.446809,36.66522
068_ip_beta0.5_lapin-on_lsym_g0.5,ip_beta0.5,1000,0.4,200,8,8,0.078201,0.195857,0.54,41.544395
068_ip_beta0.5_lapin-on_lsym_g0.5,ip_beta0.5,1000,0.4,200,8,9,0.120296,0.233992,0.565217,40.235423
068_ip_beta0.5_lapin-on_lsym_g0.5,ip_beta0.5,1000,0.4,200,8,10,0.129549,0.215082,0.5,38.340536
069_ip_beta0.5_lapin-on_lsym_g0.6,ip_beta0.5,1000,0.4,200,8,1,0.113228,0.167632,0.73913,44.446022
069_ip_beta0.5_lapin-on_lsym_g0.6,ip_beta0.5,1000,0.4,200,8,2,0.111923,0.22452,0.468085,51.471426
069_ip_beta0.5_lapin-on_lsym_g0.6,ip_beta0.5,1000,0.4,200,8,3,0.150128,0.262389,0.185185,34.60021
069_ip_beta0.5_lapin-on_lsym_g0.6,ip_beta0.5,1000,0.4,200,8,4,0.147552,0.240229,0.434783,37.001739
069_ip_beta0.5_lapin-on_lsym_g0.6,ip_beta0.5,1000,0.4,200,8,5,0.169704,0.262244,0.510638,41.364631
069_ip_beta0.5_lapin-on_lsym_g0.6,ip_beta0.5,1000,0.4,200,8,6,0.143901,0.241108,0.254902,37.392824
069_ip_beta0.5_lapin-on_lsym_g0.6,ip_beta0.5,1000,0.4,200,8,7,0.119453,0.221593,0.446809,36.66522
069_ip_beta0.5_lapin-on_lsym_g0.6,ip_beta0.5,1000,0.4,200,8,8,0.104903,0.217988,0.54,41.544395
069_ip_beta0.5_lapin-on_lsym_g0.6,ip_beta0.5,1000,0.4,200,8,9,0.142707,0.243337,0.565217,40.235423
069_ip_beta0.5_lapin-on_lsym_g0.6,ip_beta0.5,1000,0.4,200,8,10,0.15569,0.226179,0.5,38.340536
070_ip_beta0.5_lapin-on_lsym_g0.7,ip_beta0.5,1000,0.4,200,8,1,0.112282,0.187349,0.73913,44.446022
070_ip_beta0.5_lapin-on_lsym_g0.7,ip_beta0.5,1000,0.4,200,8,2,0.124248,0.247743,0.468085,51.471426
070_ip_beta0.5_lapin-on_lsym_g0.7,ip_beta0.5,1000,0.4,200,8,3,0.164701,0.249227,0.185185,34.60021
070_ip_beta0.5_lapin-on_lsym_g0.7,ip_beta0.5,1000,0.4,200,8,4,0.156366,0.244733,0.434783,37.001739
070_ip_beta0.5_lapin-on_lsym_g0.7,ip_beta0.5,1000,0.4,200,8,5,0.174138,0.259478,0.510638,41.364631
070_ip_beta0.5_lapin-on_lsym_g0.7,ip_beta0.5,1000,0.4,200,8,6,0.160957,0.244311,0.254902,37.392824
070_ip_beta0.5_lapin-on_lsym_g0.7,ip_beta0.5,1000,0.4,200,8,7,0.123807,0.228203,0.446809,36.66522
070_ip_beta0.5_lapin-on_lsym_g0.7,ip_beta0.5,1000,0.4,200,8,8,0.123888,0.224098,0.54,41.544395
070_ip_beta0.5_lapin-on_lsym_g0.7,ip_beta0.5,1000,0.4,200,8,9,0.169692,0.24872,0.565217,40.235423
070_ip_beta0.5_lapin-on_lsym_g0.7,ip_beta0.5,1000,0.4,200,8,10,0.190704,0.228876,0.5,38.340536
071_ip_beta0.5_lapin-on_lsym_g0.8,ip_beta0.5,1000,0.4,200,8,1,0.12834,0.211506,0.717391,44.446022
071_ip_beta0.5_lapin-on_lsym_g0.8,ip_beta0.5,1000,0.4,200,8,2,0.126923,0.25361,0.425532,51.471426
071_ip_beta0.5_lapin-on_lsym_g0.8,ip_beta0.5,1000,0.4,200,8,3,0.180181,0.268294,0.185185,34.60021
071_ip_beta0.5_lapin-on_lsym_g0.8,ip_beta0.5,1000,0.4,200,8,4,0.166572,0.248688,0.434783,37.001739
071_ip_beta0.5_lapin-on_lsym_g0.8,ip_beta0.5,1000,0.4,200,8,5,0.165405,0.260276,0.510638,41.364631
071_ip_beta0.5_lapin-on_lsym_g0.8,ip_beta0.5,1000,0.4,200,8,6,0.15547,0.250103,0.235294,37.392824
071_ip_beta0.5_lapin-on_lsym_g0.8,ip_beta0.5,1000,0.4,200,8,7,0.131489,0.239882,0.446809,36.66522
071_ip_beta0.5_lapin-on_lsym_g0.8,ip_beta0.5,1000,0.4,200,8,8,0.147359,0.23078,0.52,41.544395
071_ip_beta0.5_lapin-on_lsym_g0.8,ip_beta0.5,1000,0.4,200,8,9,0.173579,0.243726,0.565217,40.235423
071_ip_beta0.5_lapin-on_lsym_g0.8,ip_beta0.5,1000,0.4,200,8,10,0.198795,0.231175,0.5,38.340536
072_ip_beta0.5_lapin-on_lsym_g0.9,ip_beta0.5,1000,0.4,200,8,1,0.152943,0.232639,0.717391,44.446022
072_ip_beta0.5_lapin-on_lsym_g0.9,ip_beta0.5,1000,0.4,200,8,2,0.129487,0.2434,0.425532,51.471426
072_ip_beta0.5_lapin-on_lsym_g0.9,ip_beta0.5,1000,0.4,200,8,3,0.179787,0.259092,0.185185,34.60021
072_ip_beta0.5_lapin-on_lsym_g0.9,ip_beta0.5,1000,0.4,200,8,4,0.170063,0.243271,0.434783,37.001739
072_ip_beta0.5_lapin-on_lsym_g0.9,ip_beta0.5,1000,0.4,200,8,5,0.163462,0.263143,0.468085,41.364631
072_ip_beta0.5_lapin-on_lsym_g0.9,ip_beta0.5,1000,0.4,200,8,6,0.154585,0.246522,0.235294,37.392824
072_ip_beta0.5_lapin-on_lsym_g0.9,ip_beta0.5,1000,0.4,200,8,7,0.132724,0.24281,0.425532,36.66522
072_ip_beta0.5_lapin-on_lsym_g0.9,ip_beta0.5,1000,0.4,200,8,8,0.14872,0.233712,0.52,41.544395
072_ip_beta0.5_lapin-on_lsym_g0.9,ip_beta0.5,1000,0.4,200,8,9,0.177496,0.239625,0.543478,40.235423
072_ip_beta0.5_lapin-on_lsym_g0.9,ip_beta0.5,1000,0.4,200,8,10,0.174344,0.231942,0.5,38.340536
073_ip_beta1_lapin-off_-_g0.3,ip_beta1,1000,0.4,200,8,1,0.063274,0.153122,0.086957,20.298851
073_ip_beta1_lapin-off_-_g0.3,ip_beta1,1000,0.4,200,8,2,0.102623,0.230226,0.085106,19.41326
073_ip_beta1_lapin-off_-_g0.3,ip_beta1,1000,0.4,200,8,3,0.054503,0.190905,0.111111,19.287063
073_ip_beta1_lapin-off_-_g0.3,ip_beta1,1000,0.4,200,8,4,0.078415,0.226348,0.108696,15.158704
073_ip_beta1_lapin-off_-_g0.3,ip_beta1,1000,0.4,200,8,5,0.09961,0.265823,0.021277,16.81547
073_ip_beta1_lapin-off_-_g0.3,ip_beta1,1000,0.4,200,8,6,0.060952,0.228494,0.078431,18.28823
073_ip_beta1_lapin-off_-_g0.3,ip_beta1,1000,0.4,200,8,7,0.028659,0.146616,0.12766,16.175851
073_ip_beta1_lapin-off_-_g0.3,ip_beta1,1000,0.4,200,8,8,0.066619,0.194163,0.1,16.579579
073_ip_beta1_lapin-off_-_g0.3,ip_beta1,1000,0.4,200,8,9,0.141654,0.234887,0.043478,19.952381
073_ip_beta1_lapin-off_-_g0.3,ip_beta1,1000,0.4,200,8,10,0.104697,0.244726,0.086957,16.039565
074_ip_beta1_lapin-off_-_g0.5,ip_beta1,1000,0.4,200,8,1,0.133778,0.20528,0.086957,20.298851
074_ip_beta1_lapin-off_-_g0.5,ip_beta1,1000,0.4,200,8,2,0.149583,0.258979,0.085106,19.41326
074_ip_beta1_lapin-off_-_g0.5,ip_beta1,1000,0.4,200,8,3,0.114247,0.243391,0.111111,19.287063
074_ip_beta1_lapin-off_-_g0.5,ip_beta1,1000,0.4,200,8,4,0.139053,0.29096,0.108696,15.158704
074_ip_beta1_lapin-off_-_g0.5,ip_beta1,1000,0.4,200,8,5,0.172407,0.307831,0.021277,16.81547
074_ip_beta1_lapin-off_-_g0.5,ip_beta1,1000,0.4,200,8,6,0.136558,0.259846,0.078431,18.28823
074_ip_beta1_lapin-off_-_g0.5,ip_beta1,1000,0.4,200,8,7,0.082545,0.208944,0.12766,16.175851
074_ip_beta1_lapin-off_-_g0.5,ip_beta1,1000,0.4,200,8,8,0.100531,0.245429,0.1,16.579579
074_ip_beta1_lapin-off_-_g0.5,ip_beta1,1000,0.4,200,8,9,0.171649,0.259149,0.043478,19.952381
074_ip_beta1_lapin-off_-_g0.5,ip_beta1,1000,0.4,200,8,10,0.151098,0.269935,0.086957,16.039565
075_ip_beta1_lapin-off_-_g0.6,ip_beta1,1000,0.4,200,8,1,0.157464,0.212573,0.086957,20.298851
075_ip_beta1_lapin-off_-_g0.6,ip_beta1,1000,0.4,200,8,2,0.16105,0.258139,0.085106,19.41326
075_ip_beta1_lapin-off_-_g0.6,ip_beta1,1000,0.4,200,8,3,0.129041,0.248194,0.111111,19.287063
075_ip_beta1_lapin-off_-_g0.6,ip_beta1,1000,0.4,200,8,4,0.159564,0.295091,0.108696,15.158704
075_ip_beta1_lapin-off_-_g0.6,ip_beta1,1000,0.4,200,8,5,0.196109,0.303149,0.021277,16.81547
075_ip_beta1_lapin-off_-_g0.6,ip_beta1,1000,0.4,200,8,6,0.166866,0.273613,0.078431,18.28823
075_ip_beta1_lapin-off_-_g0.6,ip_beta1,1000,0.4,200,8,7,0.104731,0.219828,0.12766,16.175851
075_ip_beta1_lapin-off_-_g0.6,ip_beta1,1000,0.4,200,8,8,0.127878,0.265982,0.1,16.579579
075_ip_beta1_lapin-off_-_g0.6,ip_beta1,1000,0.4,200,8,9,0.181647,0.256945,0.043478,19.952381
075_ip_beta1_lapin-off_-_g0.6,ip_beta1,1000,0.4,200,8,10,0.157131,0.273815,0.086957,16.039565
076_ip_beta1_lapin-off_-_g0.7,ip_beta1,1000,0.4,200,8,1,0.194819,0.222986,0.086957,20.298851
076_ip_beta1_lapin-off_-_g0.7,ip_beta1,1000,0.4,200,8,2,0.165232,0.260638,0.085106,19.41326
076_ip_beta1_lapin-off_-_g0.7,ip_beta1,1000,0.4,200,8,3,0.152264,0.2615,0.111111,19.287063
076_ip_beta1_lapin-off_-_g0.7,ip_beta1,1000,0.4,200,8,4,0.18333,0.302225,0.108696,15.158704
076_ip_beta1_lapin-off_-_g0.7,ip_beta1,1000,0.4,200,8,5,0.20735,0.301237,0.021277,16.81547
076_ip_beta1_lapin-off_-_g0.7,ip_beta1,1000,0.4,200,8,6,0.174062,0.274727,0.078431,18.28823
076_ip_beta1_lapin-off_-_g0.7,ip_beta1,1000,0.4,200,8,7,0.088259,0.232308,0.12766,16.175851
076_ip_beta1_lapin-off_-_g0.7,ip_beta1,1000,0.4,200,8,8,0.124213,0.268096,0.1,16.579579
076_ip_beta1_lapin-off_-_g0.7,ip_beta1,1000,0.4,200,8,9,0.188238,0.262899,0.043478,19.952381
076_ip_beta1_lapin-off_-_g0.7,ip_beta1,1000,0.4,200,8,10,0.176782,0.277548,0.086957,16.039565
077_ip_beta1_lapin-off_-_g0.8,ip_beta1,1000,0.4,200,8,1,0.194109,0.235072,0.086957,20.298851
077_ip_beta1_lapin-off_-_g0.8,ip_beta1,1000,0.4,200,8,2,0.167191,0.266331,0.085106,19.41326
077_ip_beta1_lapin-off_-_g0.8,ip_beta1,1000,0.4,200,8,3,0.173339,0.261175,0.111111,19.287063
077_ip_beta1_lapin-off_-_g0.8,ip_beta1,1000,0.4,200,8,4,0.186671,0.295461,0.108696,15.158704
077_ip_beta1_lapin-off_-_g0.8,ip_beta1,1000,0.4,200,8,5,0.194541,0.293747,0.021277,16.81547
077_ip_beta1_lapin-off_-_g0.8,ip_beta1,1000,0.4,200,8,6,0.181325,0.265046,0.078431,18.28823
077_ip_beta1_lapin-off_-_g0.8,ip_beta1,1000,0.4,200,8,7,0.10093,0.241692,0.12766,16.175851
077_ip_beta1_lapin-off_-_g0.8,ip_beta1,1000,0.4,200,8,8,0.15201,0.262508,0.1,16.579579
077_ip_beta1_lapin-off_-_g0.8,ip_beta1,1000,0.4,200,8,9,0.195077,0.265267,0.043478,19.952381
077_ip_beta1_lapin-off_-_g0.8,ip_beta1,1000,0.4,200,8,10,0.177821,0.276249,0.086957,16.039565
078_ip_beta1_lapin-off_-_g0.9,ip_beta1,1000,0.4,200,8,1,0.186773,0.251355,0.086957,20.298851
078_ip_beta1_lapin-off_-_g0.9,ip_beta1,1000,0.4,200,8,2,0.178587,0.269308,0.085106,19.41326
078_ip_beta1_lapin-off_-_g0.9,ip_beta1,1000,0.4,200,8,3,0.179904,0.261996,0.111111,19.287063
078_ip_beta1_lapin-off_-_g0.9,ip_beta1,1000,0.4,200,8,4,0.18261,0.284995,0.130435,15.158704
078_ip_beta1_lapin-off_-_g0.9,ip_beta1,1000,0.4,200,8,5,0.197711,0.282862,0.021277,16.81547
078_ip_beta1_lapin-off_-_g0.9,ip_beta1,1000,0.4,200,8,6,0.172569,0.270927,0.078431,18.28823
078_ip_beta1_lapin-off_-_g0.9,ip_beta1,1000,0.4,200,8,7,0.122012,0.248755,0.12766,16.175851
078_ip_beta1_lapin-off_-_g0.9,ip_beta1,1000,0.4,200,8,8,0.1665,0.270732,0.1,16.579579
078_ip_beta1_lapin-off_-_g0.9,ip_beta1,1000,0.4,200,8,9,0.18346,0.267624,0.043478,19.952381
078_ip_beta1_lapin-off_-_g0.9,ip_beta1,1000,0.4,200,8,10,0.16879,0.270022,0.086957,16.039565
079_ip_beta1_lapin-on_lsym_g0.3,ip_beta1,1000,0.4,200,8,1,0.01341,0.093918,0.347826,36.457948
079_ip_beta1_lapin-on_lsym_g0.3,ip_beta1,1000,0.4,200,8,2,0.008103,0.072403,0.510638,40.340703
079_ip_beta1_lapin-on_lsym_g0.3,ip_beta1,1000,0.4,200,8,3,0.017774,0.129353,0.222222,39.825473
079_ip_beta1_lapin-on_lsym_g0.3,ip_beta1,1000,0.4,200,8,4,0.030097,0.146398,0.173913,29.640709
079_ip_beta1_lapin-on_lsym_g0.3,ip_beta1,1000,0.4,200,8,5,0.046994,0.130527,0.276596,34.373641
079_ip_beta1_lapin-on_lsym_g0.3,ip_beta1,1000,0.4,200,8,6,0.0,0.114232,0.156863,33.206295
079_ip_beta1_lapin-on_lsym_g0.3,ip_beta1,1000,0.4,200,8,7,0.021535,0.092304,0.361702,37.792347
079_ip_beta1_lapin-on_lsym_g0.3,ip_beta1,1000,0.4,200,8,8,0.031402,0.105559,0.26,35.786844
079_ip_beta1_lapin-on_lsym_g0.3,ip_beta1,1000,0.4,200,8,9,0.012028,0.117586,0.369565,41.649768
079_ip_beta1_lapin-on_lsym_g0.3,ip_beta1,1000,0.4,200,8,10,0.048707,0.190687,0.326087,34.372402
080_ip_beta1_lapin-on_lsym_g0.5,ip_beta1,1000,0.4,200,8,1,0.018847,0.166823,0.347826,36.457948
080_ip_beta1_lapin-on_lsym_g0.5,ip_beta1,1000,0.4,200,8,2,0.016896,0.117632,0.510638,40.340703
080_ip_beta1_lapin-on_lsym_g0.5,ip_beta1,1000,0.4,200,8,3,0.096897,0.203131,0.222222,39.825473
080_ip_beta1_lapin-on_lsym_g0.5,ip_beta1,1000,0.4,200,8,4,0.079696,0.204894,0.173913,29.640709
080_ip_beta1_lapin-on_lsym_g0.5,ip_beta1,1000,0.4,200,8,5,0.116724,0.195462,0.276596,34.373641
080_ip_beta1_lapin-on_lsym_g0.5,ip_beta1,1000,0.4,200,8,6,0.052219,0.162324,0.156863,33.206295
080_ip_beta1_lapin-on_lsym_g0.5,ip_beta1,1000,0.4,200,8,7,0.051888,0.141222,0.361702,37.792347
080_ip_beta1_lapin-on_lsym_g0.5,ip_beta1,1000,0.4,200,8,8,0.103925,0.169076,0.26,35.786844
080_ip_beta1_lapin-on_lsym_g0.5,ip_beta1,1000,0.4,200,8,9,0.055124,0.156437,0.369565,41.649768
080_ip_beta1_lapin-on_lsym_g0.5,ip_beta1,1000,0.4,200,8,10,0.1013,0.215019,0.326087,34.372402
081_ip_beta1_lapin-on_lsym_g0.6,ip_beta1,1000,0.4,200,8,1,0.045281,0.1852,0.347826,36.457948
081_ip_beta1_lapin-on_lsym_g0.6,ip_beta1,1000,0.4,200,8,2,0.04364,0.146142,0.510638,40.340703
081_ip_beta1_lapin-on_lsym_g0.6,ip_beta1,1000,0.4,200,8,3,0.126761,0.214945,0.222222,39.825473
081_ip_beta1_lapin-on_lsym_g0.6,ip_beta1,1000,0.4,200,8,4,0.09536,0.216561,0.173913,29.640709
081_ip_beta1_lapin-on_lsym_g0.6,ip_beta1,1000,0.4,200,8,5,0.133494,0.204244,0.276596,34.373641
081_ip_beta1_lapin-on_lsym_g0.6,ip_beta1,1000,0.4,200,8,6,0.053776,0.181272,0.156863,33.206295
081_ip_beta1_lapin-on_lsym_g0.6,ip_beta1,1000,0.4,200,8,7,0.065832,0.176349,0.361702,37.792347
081_ip_beta1_lapin-on_lsym_g0.6,ip_beta1,1000,0.4,200,8,8,0.107373,0.183208,0.26,35.786844
081_ip_beta1_lapin-on_lsym_g0.6,ip_beta1,1000,0.4,200,8,9,0.07098,0.184395,0.369565,41.649768
081_ip_beta1_lapin-on_lsym_g0.6,ip_beta1,1000,0.4,200,8,10,0.116508,0.2165,0.326087,34.372402
082_ip_beta1_lapin-on_lsym_g0.7,ip_beta1,1000,0.4,200,8,1,0.050146,0.188639,0.347826,36.457948
082_ip_beta1_lapin-on_lsym_g0.7,ip_beta1,1000,0.4,200,8,2,0.070809,0.174957,0.510638,40.340703
082_ip_beta1_lapin-on_lsym_g0.7,ip_beta1,1000,0.4,200,8,3,0.133263,0.216844,0.222222,39.825473
082_ip_beta1_lapin-on_lsym_g0.7,ip_beta1,1000,0.4,200,8,4,0.124099,0.228554,0.173913,29.640709
082_ip_beta1_lapin-on_lsym_g0.7,ip_beta1,1000,0.4,200,8,5,0.139281,0.211972,0.276596,34.373641
082_ip_beta1_lapin-on_lsym_g0.7,ip_beta1,1000,0.4,200,8,6,0.063195,0.194484,0.156863,33.206295
082_ip_beta1_lapin-on_lsym_g0.7,ip_beta1,1000,0.4,200,8,7,0.100875,0.196127,0.361702,37.792347
082_ip_beta1_lapin-on_lsym_g0.7,ip_beta1,1000,0.4,200,8,8,0.12778,0.194886,0.26,35.786844
082_ip_beta1_lapin-on_lsym_g0.7,ip_beta1,1000,0.4,200,8,9,0.089405,0.17703,0.369565,41.649768
082_ip_beta1_lapin-on_lsym_g0.7,ip_beta1,1000,0.4,200,8,10,0.121564,0.222205,0.326087,34.372402
083_ip_beta1_lapin-on_lsym_g0.8,ip_beta1,1000,0.4,200,8,1,0.051918,0.188681,0.347826,36.457948
083_ip_beta1_lapin-on_lsym_g0.8,ip_beta1,1000,0.4,200,8,2,0.068772,0.19647,0.510638,40.340703
083_ip_beta1_lapin-on_lsym_g0.8,ip_beta1,1000,0.4,200,8,3,0.142492,0.230191,0.203704,39.825473
083_ip_beta1_lapin-on_lsym_g0.8,ip_beta1,1000,0.4,200,8,4,0.14125,0.230076,0.152174,29.640709
083_ip_beta1_lapin-on_lsym_g0.8,ip_beta1,1000,0.4,200,8,5,0.152613,0.215162,0.276596,34.373641
083_ip_beta1_lapin-on_lsym_g0.8,ip_beta1,1000,0.4,200,8,6,0.058701,0.210097,0.156863,33.206295
083_ip_beta1_lapin-on_lsym_g0.8,ip_beta1,1000,0.4,200,8,7,0.119053,0.220065,0.361702,37.792347
083_ip_beta1_lapin-on_lsym_g0.8,ip_beta1,1000,0.4,200,8,8,0.128197,0.205812,0.24,35.786844
083_ip_beta1_lapin-on_lsym_g0.8,ip_beta1,1000,0.4,200,8,9,0.09459,0.181839,0.369565,41.649768
083_ip_beta1_lapin-on_lsym_g0.8,ip_beta1,1000,0.4,200,8,10,0.1315,0.225076,0.326087,34.372402
084_ip_beta1_lapin-on_lsym_g0.9,ip_beta1,1000,0.4,200,8,1,0.065966,0.190673,0.347826,36.457948
084_ip_beta1_lapin-on_lsym_g0.9,ip_beta1,1000,0.4,200,8,2,0.090056,0.204713,0.489362,40.340703
084_ip_beta1_lapin-on_lsym_g0.9,ip_beta1,1000,0.4,200,8,3,0.142657,0.232092,0.203704,39.825473
084_ip_beta1_lapin-on_lsym_g0.9,ip_beta1,1000,0.4,200,8,4,0.141202,0.226783,0.152174,29.640709
084_ip_beta1_lapin-on_lsym_g0.9,ip_beta1,1000,0.4,200,8,5,0.154585,0.227546,0.255319,34.373641
084_ip_beta1_lapin-on_lsym_g0.9,ip_beta1,1000,0.4,200,8,6,0.059105,0.217828,0.156863,33.206295
084_ip_beta1_lapin-on_lsym_g0.9,ip_beta1,1000,0.4,200,8,7,0.135688,0.2274,0.361702,37.792347
084_ip_beta1_lapin-on_lsym_g0.9,ip_beta1,1000,0.4,200,8,8,0.146283,0.219824,0.22,35.786844
084_ip_beta1_lapin-on_lsym_g0.9,ip_beta1,1000,0.4,200,8,9,0.110206,0.19704,0.347826,41.649768
084_ip_beta1_lapin-on_lsym_g0.9,ip_beta1,1000,0.4,200,8,10,0.126418,0.228873,0.326087,34.372402
013_kul_lapin-off_-_g0.3,kul,1000,0.4,200,8,1,0.213905,0.343404,0.217391,20.814182
013_kul_lapin-off_-_g0.3,kul,1000,0.4,200,8,2,0.221553,0.340792,0.191489,20.954377
013_kul_lapin-off_-_g0.3,kul,1000,0.4,200,8,3,0.231931,0.353725,0.037037,20.86583
013_kul_lapin-off_-_g0.3,kul,1000,0.4,200,8,4,0.199953,0.29089,0.152174,20.036637
013_kul_lapin-off_-_g0.3,kul,1000,0.4,200,8,5,0.253631,0.346276,0.148936,23.469098
013_kul_lapin-off_-_g0.3,kul,1000,0.4,200,8,6,0.244343,0.346743,0.098039,21.109458
013_kul_lapin-off_-_g0.3,kul,1000,0.4,200,8,7,0.197708,0.290977,0.148936,20.620693
013_kul_lapin-off_-_g0.3,kul,1000,0.4,200,8,8,0.197108,0.312505,0.26,24.641884
013_kul_lapin-off_-_g0.3,kul,1000,0.4,200,8,9,0.257847,0.346399,0.195652,22.517804
013_kul_lapin-off_-_g0.3,kul,1000,0.4,200,8,10,0.237822,0.330688,0.173913,20.578401
014_kul_lapin-off_-_g0.5,kul,1000,0.4,200,8,1,0.204138,0.334345,0.217391,20.814182
014_kul_lapin-off_-_g0.5,kul,1000,0.4,200,8,2,0.225017,0.329626,0.191489,20.954377
014_kul_lapin-off_-_g0.5,kul,1000,0.4,200,8,3,0.26161,0.337676,0.037037,20.86583
014_kul_lapin-off_-_g0.5,kul,1000,0.4,200,8,4,0.220623,0.291024,0.152174,20.036637
014_kul_lapin-off_-_g0.5,kul,1000,0.4,200,8,5,0.227885,0.326557,0.148936,23.469098
014_kul_lapin-off_-_g0.5,kul,1000,0.4,200,8,6,0.232001,0.306587,0.098039,21.109458
014_kul_lapin-off_-_g0.5,kul,1000,0.4,200,8,7,0.182464,0.29479,0.148936,20.620693
014_kul_lapin-off_-_g0.5,kul,1000,0.4,200,8,8,0.267139,0.314677,0.26,24.641884
014_kul_lapin-off_-_g0.5,kul,1000,0.4,200,8,9,0.235225,0.332085,0.195652,22.517804
014_kul_lapin-off_-_g0.5,kul,1000,0.4,200,8,10,0.263986,0.320667,0.173913,20.578401
015_kul_lapin-off_-_g0.6,kul,1000,0.4,200,8,1,0.184993,0.308562,0.217391,20.814182
015_kul_lapin-off_-_g0.6,kul,1000,0.4,200,8,2,0.229261,0.309891,0.191489,20.954377
015_kul_lapin-off_-_g0.6,kul,1000,0.4,200,8,3,0.248937,0.319624,0.037037,20.86583
015_kul_lapin-off_-_g0.6,kul,1000,0.4,200,8,4,0.218981,0.277466,0.152174,20.036637
015_kul_lapin-off_-_g0.6,kul,1000,0.4,200,8,5,0.237962,0.311805,0.148936,23.469098
015_kul_lapin-off_-_g0.6,kul,1000,0.4,200,8,6,0.232332,0.291076,0.098039,21.109458
015_kul_lapin-off_-_g0.6,kul,1000,0.4,200,8,7,0.191403,0.278011,0.148936,20.620693
015_kul_lapin-off_-_g0.6,kul,1000,0.4,200,8,8,0.255114,0.295593,0.26,24.641884
015_kul_lapin-off_-_g0.6,kul,1000,0.4,200,8,9,0.213279,0.305125,0.195652,22.517804
015_kul_lapin-off_-_g0.6,kul,1000,0.4,200,8,10,0.252164,0.299156,0.173913,20.578401
016_kul_lapin-off_-_g0.7,kul,1000,0.4,200,8,1,0.185026,0.281997,0.217391,20.814182
016_kul_lapin-off_-_g0.7,kul,1000,0.4,200,8,2,0.226569,0.288792,0.191489,20.954377
016_kul_lapin-off_-_g0.7,kul,1000,0.4,200,8,3,0.243684,0.316575,0.037037,20.86583
016_kul_lapin-off_-_g0.7,kul,1000,0.4,200,8,4,0.226117,0.265587,0.152174,20.036637
016_kul_lapin-off_-_g0.7,kul,1000,0.4,200,8,5,0.227107,0.301173,0.148936,23.469098
016_kul_lapin-off_-_g0.7,kul,1000,0.4,200,8,6,0.226201,0.271323,0.098039,21.109458
016_kul_lapin-off_-_g0.7,kul,1000,0.4,200,8,7,0.182042,0.264153,0.148936,20.620693
016_kul_lapin-off_-_g0.7,kul,1000,0.4,200,8,8,0.251705,0.290123,0.26,24.641884
016_kul_lapin-off_-_g0.7,kul,1000,0.4,200,8,9,0.192286,0.276213,0.195652,22.517804
016_kul_lapin-off_-_g0.7,kul,1000,0.4,200,8,10,0.248974,0.278336,0.173913,20.578401
017_kul_lapin-off_-_g0.8,kul,1000,0.4,200,8,1,0.164581,0.263322,0.195652,20.814182
017_kul_lapin-off_-_g0.8,kul,1000,0.4,200,8,2,0.191016,0.270962,0.191489,20.954377
017_kul_lapin-off_-_g0.8,kul,1000,0.4,200,8,3,0.236853,0.298316,0.037037,20.86583
017_kul_lapin-off_-_g0.8,kul,1000,0.4,200,8,4,0.220763,0.258972,0.152174,20.036637
017_kul_lapin-off_-_g0.8,kul,1000,0.4,200,8,5,0.217019,0.286127,0.148936,23.469098
017_kul_lapin-off_-_g0.8,kul,1000,0.4,200,8,6,0.220129,0.273212,0.098039,21.109458
017_kul_lapin-off_-_g0.8,kul,1000,0.4,200,8,7,0.172773,0.247694,0.148936,20.620693
017_kul_lapin-off_-_g0.8,kul,1000,0.4,200,8,8,0.22862,0.270683,0.26,24.641884
017_kul_lapin-off_-_g0.8,kul,1000,0.4,200,8,9,0.1766,0.252989,0.195652,22.517804
017_kul_lapin-off_-_g0.8,kul,1000,0.4,200,8,10,0.253911,0.265361,0.173913,20.578401
018_kul_lapin-off_-_g0.9,kul,1000,0.4,200,8,1,0.159841,0.244322,0.173913,20.814182
018_kul_lapin-off_-_g0.9,kul,1000,0.4,200,8,2,0.179831,0.254337,0.170213,20.954377
018_kul_lapin-off_-_g0.9,kul,1000,0.4,200,8,3,0.215189,0.288473,0.018519,20.86583
018_kul_lapin-off_-_g0.9,kul,1000,0.4,200,8,4,0.181236,0.250152,0.108696,20.036637
018_kul_lapin-off_-_g0.9,kul,1000,0.4,200,8,5,0.203173,0.268207,0.148936,23.469098
018_kul_lapin-off_-_g0.9,kul,1000,0.4,200,8,6,0.21614,0.259247,0.058824,21.109458
018_kul_lapin-off_-_g0.9,kul,1000,0.4,200,8,7,0.160544,0.23509,0.12766,20.620693
018_kul_lapin-off_-_g0.9,kul,1000,0.4,200,8,8,0.188043,0.254977,0.24,24.641884
018_kul_lapin-off_-_g0.9,kul,1000,0.4,200,8,9,0.169036,0.236958,0.195652,22.517804
018_kul_lapin-off_-_g0.9,kul,1000,0.4,200,8,10,0.205188,0.260493,0.173913,20.578401
019_kul_lapin-on_lsym_g0.3,kul,1000,0.4,200,8,1,0.058575,0.173246,0.021739,28.290049
019_kul_lapin-on_lsym_g0.3,kul,1000,0.4,200,8,2,0.021126,0.145555,0.085106,26.415448
019_kul_lapin-on_lsym_g0.3,kul,1000,0.4,200,8,3,0.09403,0.224114,0.0,32.839312
019_kul_lapin-on_lsym_g0.3,kul,1000,0.4,200,8,4,0.07393,0.224838,0.065217,28.422649
019_kul_lapin-on_lsym_g0.3,kul,1000,0.4,200,8,5,0.057475,0.189382,0.021277,30.215067
019_kul_lapin-on_lsym_g0.3,kul,1000,0.4,200,8,6,0.01773,0.167418,0.019608,29.603983
019_kul_lapin-on_lsym_g0.3,kul,1000,0.4,200,8,7,0.043657,0.18566,0.06383,25.97145
019_kul_lapin-on_lsym_g0.3,kul,1000,0.4,200,8,8,0.054107,0.138234,0.04,31.006055
019_kul_lapin-on_lsym_g0.3,kul,1000,0.4,200,8,9,0.073144,0.210208,0.065217,33.016606
019_kul_lapin-on_lsym_g0.3,kul,1000,0.4,200,8,10,0.07206,0.171939,0.173913,32.506692
020_kul_lapin-on_lsym_g0.5,kul,1000,0.4,200,8,1,0.17701,0.254117,0.021739,28.290049
020_kul_lapin-on_lsym_g0.5,kul,1000,0.4,200,8,2,0.0544,0.191238,0.085106,26.415448
020_kul_lapin-on_lsym_g0.5,kul,1000,0.4,200,8,3,0.170763,0.260022,0.0,32.839312
020_kul_lapin-on_lsym_g0.5,kul,1000,0.4,200,8,4,0.143017,0.273718,0.065217,28.422649
020_kul_lapin-on_lsym_g0.5,kul,1000,0.4,200,8,5,0.138331,0.212604,0.021277,30.215067
020_kul_lapin-on_lsym_g0.5,kul,1000,0.4,200,8,6,0.117171,0.183359,0.019608,29.603983
020_kul_lapin-on_lsym_g0.5,kul,1000,0.4,200,8,7,0.128169,0.259729,0.06383,25.97145
020_kul_lapin-on_lsym_g0.5,kul,1000,0.4,200,8,8,0.16611,0.231679,0.04,31.006055
020_kul_lapin-on_lsym_g0.5,kul,1000,0.4,200,8,9,0.188577,0.265706,0.065217,33.016606
020_kul_lapin-on_lsym_g0.5,kul,1000,0.4,200,8,10,0.146559,0.244732,0.173913,32.506692
021_kul_lapin-on_lsym_g0.6,kul,1000,0.4,200,8,1,0.196226,0.260108,0.021739,28.290049
021_kul_lapin-on_lsym_g0.6,kul,1000,0.4,200,8,2,0.068191,0.235205,0.085106,26.415448
021_kul_lapin-on_lsym_g0.6,kul,1000,0.4,200,8,3,0.195538,0.25563,0.0,32.839312
021_kul_lapin-on_lsym_g0.6,kul,1000,0.4,200,8,4,0.183846,0.284141,0.065217,28.422649
021_kul_lapin-on_lsym_g0.6,kul,1000,0.4,200,8,5,0.142238,0.215755,0.021277,30.215067
021_kul_lapin-on_lsym_g0.6,kul,1000,0.4,200,8,6,0.150668,0.18831,0.019608,29.603983
021_kul_lapin-on_lsym_g0.6,kul,1000,0.4,200,8,7,0.152307,0.267186,0.06383,25.97145
021_kul_lapin-on_lsym_g0.6,kul,1000,0.4,200,8,8,0.195125,0.250359,0.04,31.006055
021_kul_lapin-on_lsym_g0.6,kul,1000,0.4,200,8,9,0.236258,0.27735,0.065217,33.016606
021_kul_lapin-on_lsym_g0.6,kul,1000,0.4,200,8,10,0.181455,0.252606,0.173913,32.506692
022_kul_lapin-on_lsym_g0.7,kul,1000,0.4,200,8,1,0.203377,0.254942,0.021739,28.290049
022_kul_lapin-on_lsym_g0.7,kul,1000,0.4,200,8,2,0.118031,0.244129,0.085106,26.415448
022_kul_lapin-on_lsym_g0.7,kul,1000,0.4,200,8,3,0.20917,0.251488,0.0,32.839312
022_kul_lapin-on_lsym_g0.7,kul,1000,0.4,200,8,4,0.189388,0.293547,0.065217,28.422649
022_kul_lapin-on_lsym_g0.7,kul,1000,0.4,200,8,5,0.148657,0.231977,0.021277,30.215067
022_kul_lapin-on_lsym_g0.7,kul,1000,0.4,200,8,6,0.162388,0.207685,0.019608,29.603983
022_kul_lapin-on_lsym_g0.7,kul,1000,0.4,200,8,7,0.186092,0.267799,0.06383,25.97145
022_kul_lapin-on_lsym_g0.7,kul,1000,0.4,200,8,8,0.222148,0.266387,0.04,31.006055
022_kul_lapin-on_lsym_g0.7,kul,1000,0.4,200,8,9,0.253338,0.276219,0.065217,33.016606
022_kul_lapin-on_lsym_g0.7,kul,1000,0.4,200,8,10,0.195236,0.251701,0.173913,32.506692
023_kul_lapin-on_lsym_g0.8,kul,1000,0.4,200,8,1,0.201455,0.254597,0.021739,28.290049
023_kul_lapin-on_lsym_g0.8,kul,1000,0.4,200,8,2,0.143059,0.258502,0.085106,26.415448
023_kul_lapin-on_lsym_g0.8,kul,1000,0.4,200,8,3,0.235464,0.260466,0.0,32.839312
023_kul_lapin-on_lsym_g0.8,kul,1000,0.4,200,8,4,0.21923,0.278565,0.065217,28.422649
023_kul_lapin-on_lsym_g0.8,kul,1000,0.4,200,8,5,0.185187,0.252457,0.021277,30.215067
023_kul_lapin-on_lsym_g0.8,kul,1000,0.4,200,8,6,0.183211,0.235839,0.039216,29.603983
023_kul_lapin-on_lsym_g0.8,kul,1000,0.4,200,8,7,0.167779,0.266724,0.06383,25.97145
023_kul_lapin-on_lsym_g0.8,kul,1000,0.4,200,8,8,0.23534,0.258807,0.04,31.006055
023_kul_lapin-on_lsym_g0.8,kul,1000,0.4,200,8,9,0.246562,0.266806,0.065217,33.016606
023_kul_lapin-on_lsym_g0.8,kul,1000,0.4,200,8,10,0.194032,0.252289,0.173913,32.506692
024_kul_lapin-on_lsym_g0.9,kul,1000,0.4,200,8,1,0.180424,0.259878,0.021739,28.290049
024_kul_lapin-on_lsym_g0.9,kul,1000,0.4,200,8,2,0.153414,0.254588,0.085106,26.415448
024_kul_lapin-on_lsym_g0.9,kul,1000,0.4,200,8,3,0.231278,0.259015,0.0,32.839312
024_kul_lapin-on_lsym_g0.9,kul,1000,0.4,200,8,4,0.21188,0.279119,0.065217,28.422649
024_kul_lapin-on_lsym_g0.9,kul,1000,0.4,200,8,5,0.204198,0.261267,0.021277,30.215067
024_kul_lapin-on_lsym_g0.9,kul,1000,0.4,200,8,6,0.208434,0.262532,0.039216,29.603983
024_kul_lapin-on_lsym_g0.9,kul,1000,0.4,200,8,7,0.161569,0.26134,0.06383,25.97145
024_kul_lapin-on_lsym_g0.9,kul,1000,0.4,200,8,8,0.21693,0.261562,0.02,31.006055
024_kul_lapin-on_lsym_g0.9,kul,1000,0.4,200,8,9,0.245028,0.26075,0.043478,33.016606
024_kul_lapin-on_lsym_g0.9,kul,1000,0.4,200,8,10,0.195282,0.250428,0.173913,32.506692
037_ochiai_lapin-off_-_g0.3,ochiai,1000,0.4,200,8,1,0.195438,0.311401,0.195652,19.964027
037_ochiai_lapin-off_-_g0.3,ochiai,1000,0.4,200,8,2,0.264848,0.372237,0.170213,20.912295
037_ochiai_lapin-off_-_g0.3,ochiai,1000,0.4,200,8,3,0.243039,0.352676,0.055556,21.394926
037_ochiai_lapin-off_-_g0.3,ochiai,1000,0.4,200,8,4,0.202,0.281402,0.152174,20.487363
037_ochiai_lapin-off_-_g0.3,ochiai,1000,0.4,200,8,5,0.257574,0.337641,0.170213,21.409318
037_ochiai_lapin-off_-_g0.3,ochiai,1000,0.4,200,8,6,0.22876,0.354627,0.098039,21.391001
037_ochiai_lapin-off_-_g0.3,ochiai,1000,0.4,200,8,7,0.174862,0.279347,0.148936,20.398551
037_ochiai_lapin-off_-_g0.3,ochiai,1000,0.4,200,8,8,0.232225,0.326645,0.24,22.337086
037_ochiai_lapin-off_-_g0.3,ochiai,1000,0.4,200,8,9,0.201652,0.325586,0.26087,22.793114
037_ochiai_lapin-off_-_g0.3,ochiai,1000,0.4,200,8,10,0.247809,0.328942,0.173913,21.037588
038_ochiai_lapin-off_-_g0.5,ochiai,1000,0.4,200,8,1,0.220528,0.335539,0.195652,19.964027
038_ochiai_lapin-off_-_g0.5,ochiai,1000,0.4,200,8,2,0.236238,0.354455,0.170213,20.912295
038_ochiai_lapin-off_-_g0.5,ochiai,1000,0.4,200,8,3,0.240946,0.339146,0.055556,21.394926
038_ochiai_lapin-off_-_g0.5,ochiai,1000,0.4,200,8,4,0.245491,0.304013,0.152174,20.487363
038_ochiai_lapin-off_-_g0.5,ochiai,1000,0.4,200,8,5,0.231681,0.300695,0.170213,21.409318
038_ochiai_lapin-off_-_g0.5,ochiai,1000,0.4,200,8,6,0.224252,0.306586,0.098039,21.391001
038_ochiai_lapin-off_-_g0.5,ochiai,1000,0.4,200,8,7,0.193859,0.295383,0.148936,20.398551
038_ochiai_lapin-off_-_g0.5,ochiai,1000,0.4,200,8,8,0.263575,0.31441,0.24,22.337086
038_ochiai_lapin-off_-_g0.5,ochiai,1000,0.4,200,8,9,0.229396,0.309078,0.26087,22.793114
038_ochiai_lapin-off_-_g0.5,ochiai,1000,0.4,200,8,10,0.27399,0.310659,0.173913,21.037588
039_ochiai_lapin-off_-_g0.6,ochiai,1000,0.4,200,8,1,0.183596,0.314887,0.195652,19.964027
039_ochiai_lapin-off_-_g0.6,ochiai,1000,0.4,200,8,2,0.229236,0.329256,0.170213,20.912295
039_ochiai_lapin-off_-_g0.6,ochiai,1000,0.4,200,8,3,0.249808,0.334923,0.055556,21.394926
039_ochiai_lapin-off_-_g0.6,ochiai,1000,0.4,200,8,4,0.244595,0.291909,0.152174,20.487363
039_ochiai_lapin-off_-_g0.6,ochiai,1000,0.4,200,8,5,0.228892,0.298043,0.170213,21.409318
039_ochiai_lapin-off_-_g0.6,ochiai,1000,0.4,200,8,6,0.227431,0.282069,0.098039,21.391001
039_ochiai_lapin-off_-_g0.6,ochiai,1000,0.4,200,8,7,0.194849,0.277359,0.148936,20.398551
039_ochiai_lapin-off_-_g0.6,ochiai,1000,0.4,200,8,8,0.264465,0.304084,0.24,22.337086
039_ochiai_lapin-off_-_g0.6,ochiai,1000,0.4,200,8,9,0.212923,0.286666,0.26087,22.793114
039_ochiai_lapin-off_-_g0.6,ochiai,1000,0.4,200,8,10,0.272354,0.301493,0.173913,21.037588
040_ochiai_lapin-off_-_g0.7,ochiai,1000,0.4,200,8,1,0.195342,0.296744,0.195652,19.964027
040_ochiai_lapin-off_-_g0.7,ochiai,1000,0.4,200,8,2,0.216177,0.301679,0.170213,20.912295
040_ochiai_lapin-off_-_g0.7,ochiai,1000,0.4,200,8,3,0.250715,0.315294,0.055556,21.394926
040_ochiai_lapin-off_-_g0.7,ochiai,1000,0.4,200,8,4,0.231983,0.279961,0.152174,20.487363
040_ochiai_lapin-off_-_g0.7,ochiai,1000,0.4,200,8,5,0.221647,0.287052,0.170213,21.409318
040_ochiai_lapin-off_-_g0.7,ochiai,1000,0.4,200,8,6,0.225689,0.278657,0.098039,21.391001
040_ochiai_lapin-off_-_g0.7,ochiai,1000,0.4,200,8,7,0.200083,0.258955,0.148936,20.398551
040_ochiai_lapin-off_-_g0.7,ochiai,1000,0.4,200,8,8,0.2589,0.286089,0.24,22.337086
040_ochiai_lapin-off_-_g0.7,ochiai,1000,0.4,200,8,9,0.199225,0.26714,0.26087,22.793114
040_ochiai_lapin-off_-_g0.7,ochiai,1000,0.4,200,8,10,0.26841,0.284236,0.173913,21.037588
041_ochiai_lapin-off_-_g0.8,ochiai,1000,0.4,200,8,1,0.183788,0.281889,0.195652,19.964027
041_ochiai_lapin-off_-_g0.8,ochiai,1000,0.4,200,8,2,0.202888,0.274135,0.170213,20.912295
041_ochiai_lapin-off_-_g0.8,ochiai,1000,0.4,200,8,3,0.2478,0.296649,0.055556,21.394926
041_ochiai_lapin-off_-_g0.8,ochiai,1000,0.4,200,8,4,0.209776,0.262843,0.152174,20.487363
041_ochiai_lapin-off_-_g0.8,ochiai,1000,0.4,200,8,5,0.204878,0.282647,0.170213,21.409318
041_ochiai_lapin-off_-_g0.8,ochiai,1000,0.4,200,8,6,0.209064,0.270915,0.098039,21.391001
041_ochiai_lapin-off_-_g0.8,ochiai,1000,0.4,200,8,7,0.201289,0.248273,0.148936,20.398551
041_ochiai_lapin-off_-_g0.8,ochiai,1000,0.4,200,8,8,0.249095,0.273672,0.24,22.337086
041_ochiai_lapin-off_-_g0.8,ochiai,1000,0.4,200,8,9,0.18072,0.242716,0.26087,22.793114
041_ochiai_lapin-off_-_g0.8,ochiai,1000,0.4,200,8,10,0.250421,0.267949,0.173913,21.037588
042_ochiai_lapin-off_-_g0.9,ochiai,1000,0.4,200,8,1,0.168685,0.265079,0.130435,19.964027
042_ochiai_lapin-off_-_g0.9,ochiai,1000,0.4,200,8,2,0.179905,0.25643,0.170213,20.912295
042_ochiai_lapin-off_-_g0.9,ochiai,1000,0.4,200,8,3,0.225962,0.279084,0.055556,21.394926
042_ochiai_lapin-off_-_g0.9,ochiai,1000,0.4,200,8,4,0.197382,0.248349,0.130435,20.487363
042_ochiai_lapin-off_-_g0.9,ochiai,1000,0.4,200,8,5,0.191845,0.268529,0.170213,21.409318
042_ochiai_lapin-off_-_g0.9,ochiai,1000,0.4,200,8,6,0.188057,0.255839,0.098039,21.391001
042_ochiai_lapin-off_-_g0.9,ochiai,1000,0.4,200,8,7,0.191088,0.232469,0.12766,20.398551
042_ochiai_lapin-off_-_g0.9,ochiai,1000,0.4,200,8,8,0.204634,0.259727,0.22,22.337086
042_ochiai_lapin-off_-_g0.9,ochiai,1000,0.4,200,8,9,0.165223,0.224818,0.26087,22.793114
042_ochiai_lapin-off_-_g0.9,ochiai,1000,0.4,200,8,10,0.224314,0.256225,0.173913,21.037588
043_ochiai_lapin-on_lsym_g0.3,ochiai,1000,0.4,200,8,1,0.033489,0.165104,0.108696,29.502791
043_ochiai_lapin-on_lsym_g0.3,ochiai,1000,0.4,200,8,2,0.058961,0.197093,0.021277,28.257187
043_ochiai_lapin-on_lsym_g0.3,ochiai,1000,0.4,200,8,3,0.077082,0.210582,0.055556,35.541742
043_ochiai_lapin-on_lsym_g0.3,ochiai,1000,0.4,200,8,4,0.057204,0.208926,0.043478,29.563602
043_ochiai_lapin-on_lsym_g0.3,ochiai,1000,0.4,200,8,5,0.038196,0.172115,0.042553,30.405217
043_ochiai_lapin-on_lsym_g0.3,ochiai,1000,0.4,200,8,6,0.028362,0.135862,0.058824,28.529492
043_ochiai_lapin-on_lsym_g0.3,ochiai,1000,0.4,200,8,7,0.048422,0.191225,0.06383,30.478328
043_ochiai_lapin-on_lsym_g0.3,ochiai,1000,0.4,200,8,8,0.061547,0.196525,0.02,30.039798
043_ochiai_lapin-on_lsym_g0.3,ochiai,1000,0.4,200,8,9,0.068681,0.19017,0.108696,30.715716
043_ochiai_lapin-on_lsym_g0.3,ochiai,1000,0.4,200,8,10,0.086412,0.236846,0.043478,26.514531
044_ochiai_lapin-on_lsym_g0.5,ochiai,1000,0.4,200,8,1,0.115559,0.225023,0.108696,29.502791
044_ochiai_lapin-on_lsym_g0.5,ochiai,1000,0.4,200,8,2,0.115427,0.249899,0.021277,28.257187
044_ochiai_lapin-on_lsym_g0.5,ochiai,1000,0.4,200,8,3,0.174845,0.281414,0.055556,35.541742
044_ochiai_lapin-on_lsym_g0.5,ochiai,1000,0.4,200,8,4,0.199384,0.303118,0.043478,29.563602
044_ochiai_lapin-on_lsym_g0.5,ochiai,1000,0.4,200,8,5,0.14853,0.198634,0.042553,30.405217
044_ochiai_lapin-on_lsym_g0.5,ochiai,1000,0.4,200,8,6,0.084073,0.196307,0.058824,28.529492
044_ochiai_lapin-on_lsym_g0.5,ochiai,1000,0.4,200,8,7,0.134502,0.247593,0.06383,30.478328
044_ochiai_lapin-on_lsym_g0.5,ochiai,1000,0.4,200,8,8,0.161429,0.241088,0.02,30.039798
044_ochiai_lapin-on_lsym_g0.5,ochiai,1000,0.4,200,8,9,0.143377,0.222877,0.108696,30.715716
044_ochiai_lapin-on_lsym_g0.5,ochiai,1000,0.4,200,8,10,0.171981,0.278928,0.043478,26.514531
045_ochiai_lapin-on_lsym_g0.6,ochiai,1000,0.4,200,8,1,0.130225,0.244687,0.108696,29.502791
045_ochiai_lapin-on_lsym_g0.6,ochiai,1000,0.4,200,8,2,0.129378,0.247964,0.021277,28.257187
045_ochiai_lapin-on_lsym_g0.6,ochiai,1000,0.4,200,8,3,0.203941,0.271222,0.055556,35.541742
045_ochiai_lapin-on_lsym_g0.6,ochiai,1000,0.4,200,8,4,0.21928,0.303713,0.043478,29.563602
045_ochiai_lapin-on_lsym_g0.6,ochiai,1000,0.4,200,8,5,0.169017,0.213939,0.042553,30.405217
045_ochiai_lapin-on_lsym_g0.6,ochiai,1000,0.4,200,8,6,0.105635,0.209553,0.058824,28.529492
045_ochiai_lapin-on_lsym_g0.6,ochiai,1000,0.4,200,8,7,0.135516,0.244286,0.06383,30.478328
045_ochiai_lapin-on_lsym_g0.6,ochiai,1000,0.4,200,8,8,0.199811,0.248991,0.02,30.039798
045_ochiai_lapin-on_lsym_g0.6,ochiai,1000,0.4,200,8,9,0.160843,0.221665,0.108696,30.715716
045_ochiai_lapin-on_lsym_g0.6,ochiai,1000,0.4,200,8,10,0.190832,0.291976,0.043478,26.514531
046_ochiai_lapin-on_lsym_g0.7,ochiai,1000,0.4,200,8,1,0.166131,0.245384,0.108696,29.502791
046_ochiai_lapin-on_lsym_g0.7,ochiai,1000,0.4,200,8,2,0.148588,0.265829,0.021277,28.257187
046_ochiai_lapin-on_lsym_g0.7,ochiai,1000,0.4,200,8,3,0.221269,0.265022,0.055556,35.541742
046_ochiai_lapin-on_lsym_g0.7,ochiai,1000,0.4,200,8,4,0.225368,0.294741,0.043478,29.563602
046_ochiai_lapin-on_lsym_g0.7,ochiai,1000,0.4,200,8,5,0.201961,0.234189,0.042553,30.405217
046_ochiai_lapin-on_lsym_g0.7,ochiai,1000,0.4,200,8,6,0.113304,0.219303,0.058824,28.529492
046_ochiai_lapin-on_lsym_g0.7,ochiai,1000,0.4,200,8,7,0.153384,0.233716,0.06383,30.478328
046_ochiai_lapin-on_lsym_g0.7,ochiai,1000,0.4,200,8,8,0.205265,0.250089,0.02,30.039798
046_ochiai_lapin-on_lsym_g0.7,ochiai,1000,0.4,200,8,9,0.190871,0.248689,0.108696,30.715716
046_ochiai_lapin-on_lsym_g0.7,ochiai,1000,0.4,200,8,10,0.207028,0.288545,0.043478,26.514531
047_ochiai_lapin-on_lsym_g0.8,ochiai,1000,0.4,200,8,1,0.167939,0.246141,0.108696,29.502791
047_ochiai_lapin-on_lsym_g0.8,ochiai,1000,0.4,200,8,2,0.165063,0.270567,0.021277,28.257187
047_ochiai_lapin-on_lsym_g0.8,ochiai,1000,0.4,200,8,3,0.230685,0.265855,0.055556,35.541742
047_ochiai_lapin-on_lsym_g0.8,ochiai,1000,0.4,200,8,4,0.233361,0.291776,0.043478,29.563602
047_ochiai_lapin-on_lsym_g0.8,ochiai,1000,0.4,200,8,5,0.218875,0.255548,0.042553,30.405217
047_ochiai_lapin-on_lsym_g0.8,ochiai,1000,0.4,200,8,6,0.147503,0.242526,0.058824,28.529492
047_ochiai_lapin-on_lsym_g0.8,ochiai,1000,0.4,200,8,7,0.16613,0.24592,0.06383,30.478328
047_ochiai_lapin-on_lsym_g0.8,ochiai,1000,0.4,200,8,8,0.205991,0.254818,0.02,30.039798
047_ochiai_lapin-on_lsym_g0.8,ochiai,1000,0.4,200,8,9,0.198088,0.246714,0.108696,30.715716
047_ochiai_lapin-on_lsym_g0.8,ochiai,1000,0.4,200,8,10,0.213201,0.282341,0.043478,26.514531
048_ochiai_lapin-on_lsym_g0.9,ochiai,1000,0.4,200,8,1,0.15494,0.250354,0.108696,29.502791
048_ochiai_lapin-on_lsym_g0.9,ochiai,1000,0.4,200,8,2,0.184928,0.264424,0.042553,28.257187
048_ochiai_lapin-on_lsym_g0.9,ochiai,1000,0.4,200,8,3,0.212759,0.264397,0.037037,35.541742
048_ochiai_lapin-on_lsym_g0.9,ochiai,1000,0.4,200,8,4,0.245448,0.281446,0.021739,29.563602
048_ochiai_lapin-on_lsym_g0.9,ochiai,1000,0.4,200,8,5,0.218464,0.273181,0.042553,30.405217
048_ochiai_lapin-on_lsym_g0.9,ochiai,1000,0.4,200,8,6,0.160797,0.247393,0.058824,28.529492
048_ochiai_lapin-on_lsym_g0.9,ochiai,1000,0.4,200,8,7,0.195417,0.249947,0.06383,30.478328
048_ochiai_lapin-on_lsym_g0.9,ochiai,1000,0.4,200,8,8,0.209273,0.265253,0.02,30.039798
048_ochiai_lapin-on_lsym_g0.9,ochiai,1000,0.4,200,8,9,0.19722,0.247634,0.086957,30.715716
048_ochiai_lapin-on_lsym_g0.9,ochiai,1000,0.4,200,8,10,0.208645,0.277421,0.043478,26.514531
