Node,Cluster_0,Cluster_I,Cluster_II,Cluster_III,Cluster_IV,Cluster_V,Cluster_VI,Cluster_VII,Cluster_VIII,Cluster_IX,Cluster_X,Cluster_XI,Cluster_XII,Cluster_XIII,Cluster_XIV,Cluster_XV,Cluster_XVI,Cluster_XVII,Cluster_XVIII,Cluster_XIX,Cluster_XX,Cluster_XXI,Cluster_XXII,Predicted Label
0,0.1391154838715162,0.0,0.0,0.0,0.12691224700070397,0.0,0.004507210919512558,0.0,0.020506142804622814,0.0036641894910481743,0.0,0.0,0.0,0.0,0.0017442431649378502,0.0,0.0,0.00038402500621964386,0.0002037431192577576,0.0,0.0011903581612551983,0.0,0.0,[4]
1,0.014838259048913113,0.0,0.0,0.0,0.021017362199997655,0.0,0.0010828852730060516,0.0,0.0047574320290635005,0.0008042321377886529,0.0,0.0,0.0,0.0,0.0003596923529599413,0.0,0.0,8.244440854916737e-05,4.549934401251601e-05,0.0,0.00019350087888720578,0.0,0.0,[4]
2,0.014838259048913224,0.0,0.0,0.0,0.02101736219999777,0.0,0.0010828852730060427,0.0,0.004757432029063448,0.0008042321377886584,0.0,0.0,0.0,0.0,0.0003596923529599484,0.0,0.0,8.244440854924539e-05,4.549934401248978e-05,0.0,0.0001935008788871927,0.0,0.0,[4]
3,0.4142992754175899,0.0,0.0,0.0,0.0,0.0,0.023532491760587398,0.0,0.030541612893469364,0.026335465811092033,0.0017258702989674747,0.0,0.0,0.0,0.0014572941905104638,0.10530959377017288,0.019495097226392175,0.09785124035724689,0.007222522116071256,0.014334356867667273,0.0,0.006381344298847236,0.0,"[15, 17]"
4,0.3562071890519231,0.00011379510164561523,0.0032298286302340547,0.02737495717097651,0.0,0.1343555116504152,0.0012641504038541334,0.0,0.0,0.0,0.0012024305672260595,0.004648168303119322,0.0,0.012326751164497987,0.009946322880645665,0.0,0.0,0.0,0.0,0.0,0.2677417772636176,0.0,0.0,[20]
5,0.0001687737652047022,5.346923951722339e-05,0.0019166944871729869,0.005034574430653579,0.0037197003524305295,0.015970055650265685,0.07931988350964056,0.0027060745461393774,0.0,0.0,0.0,0.0,0.0,0.00710616010497094,0.005201835074910301,0.0,0.0,0.0033817770162977824,0.001998879949518702,0.0,0.0,0.0009040667313608081,0.21682202679321944,[22]
6,0.00017621098071027988,5.7587135490841036e-05,0.002069614332896248,0.005562741159481461,0.004132930045031212,0.017867692470727396,0.10270973890663228,0.003360566866046601,0.0,6.102589043590849e-05,0.0,0.0,0.0,0.008390798127225957,0.008903352108387339,0.0,0.0,0.00388633788221235,0.0022486342665651443,6.403217835259372e-05,0.0,0.002076345297037831,0.3595258536647552,[22]
7,0.001574894238195523,0.00037877830358793487,0.013345411296181811,0.030683920076285603,0.022050902447806234,0.09164897806118061,0.29441970718910737,0.011005754550432595,0.0,0.0,0.0,0.0,0.0,0.03361791865062829,0.010806147116789575,0.0,0.0,0.018374423797998998,0.010662370993069405,0.0,0.0,0.0013581063836033901,0.527516984286163,[22]
8,3.8583006795305647e-07,0.009767701849217368,0.0,0.004309217736897122,0.0,0.0,0.0,0.007856828142619924,0.004296955192798254,0.0187958760641959,0.0,0.0,0.0,0.00010185037178900552,0.011290632116119569,0.0,0.00014560961212547687,0.0,0.04481791755482335,0.007048995076717153,0.0005738596498885695,0.0,0.0,[18]
9,3.2315037728134185e-06,0.060179354631842846,0.0,0.022404496760686544,0.0,0.0,0.0,0.027104259677696915,0.012935787947721931,0.0577683099663061,0.0,0.0,0.0,0.0,0.023690853028249234,0.0,0.00061059995243992,0.0,0.1935453053774932,0.018136072135698962,0.0035399190547135205,0.0,0.0,[18]
10,3.8583006795359857e-07,0.009767701849217414,0.0,0.004309217736897087,0.0,0.0,0.0,0.007856828142619773,0.004296955192798216,0.018795876064195916,0.0,0.0,0.0,0.00010185037178908251,0.01129063211611956,0.0,0.00014560961212575985,0.0,0.044817917554823374,0.007048995076717257,0.0005738596498886787,0.0,0.0,[18]
11,3.8583006795359857e-07,0.009767701849217398,0.0,0.004309217736897196,0.0,0.0,0.0,0.007856828142619851,0.00429695519279846,0.018795876064195926,0.0,0.0,0.0,0.00010185037178904117,0.01129063211611962,0.0,0.00014560961212574218,0.0,0.04481791755482361,0.007048995076717397,0.0005738596498885331,0.0,0.0,[18]
12,0.12097819755637748,0.0,0.0,0.0,0.0,0.0,0.0,0.019813834812510155,0.0,0.006048384382617617,0.0,0.0,0.16291020381651963,0.02829377184622155,0.0,0.13551793404694626,0.0014687350061371313,0.035902589547011254,0.0063896244063509555,0.0,0.0,0.0078450209537332,0.007374265648009211,"[12, 15]"
13,0.10963087680209183,0.0,0.0,0.0,0.0,0.0,0.0,0.006414929433229203,0.0,0.0024739522677855908,0.0,0.0,0.05624094631932301,2.0796762959644914e-05,0.0,0.06486894702996497,0.0071059588872341775,0.03762602691871498,0.002594602398060196,0.003953810140418724,0.0,0.00399638159392793,0.0026797706335302393,"[12, 15]"
14,0.25574287118774053,0.0,0.0,0.0,0.0,0.0,0.0,0.018372293780364084,0.0,0.0,0.004672575185565414,0.0,0.0,0.0,0.0,0.18764900115964497,0.010015543048756974,0.04798595974221642,0.0007307743997033878,0.00789353549270196,0.0,0.004721930669109937,0.003860598040072559,[15]
15,0.3464502827961626,0.0,0.0,0.0,0.0,0.0,0.0,0.006580049335898546,0.0,0.0,0.0,0.0,0.09027269084170055,0.0,0.0,0.0,0.011504078910109499,0.058792303341140266,0.0024308186450162825,0.0038333640454583416,0.0,0.0,0.0,[12]
16,0.02588411539385833,0.0,9.668693564494632e-05,0.003947871893127011,0.0006564980596165175,0.03125993830800121,0.0,0.03821518029904335,0.0,0.0062383469168107875,0.0,0.0,0.22033228347512523,0.08508863527561192,0.0,0.14407918365824846,0.0,0.0,0.009629539540843758,0.0,0.1495171869045967,0.0056488834529357605,0.009172493547928741,[12]
17,0.025664806063528424,0.0,9.535743769094606e-05,0.00388098899024515,0.000644900004355803,0.030679619246208528,0.0,0.037120316213381924,0.0,0.005992847403962167,0.0,0.0,0.21080872734319492,0.0827173564155998,0.0,0.1386997685481535,0.0,0.0,0.009331107088365992,0.0,0.1465229469774384,0.005336814499092123,0.008794626585095633,[12]
18,0.01302584604278179,0.0,0.0,0.0,0.0,0.0,0.0,0.004612640948852287,0.0,0.0015062929846607436,0.0,0.0,0.05177688159400395,0.006551569771400607,0.0,0.037549072278059585,0.0006332840513063191,0.007765049029963545,0.0014093693412286854,0.0,0.0,0.00278580354415346,0.002734835052427275,[12]
19,0.01291548146090775,0.0,0.0,0.0,0.0,0.0,0.0,0.004481109207812764,0.0,0.0014564218529000222,0.0,0.0,0.04953872010735074,0.006379745908242348,0.0,0.03618670819093036,0.0005986121999454556,0.007551494097570271,0.0013728166900340477,0.0,0.0,0.0026404948434552646,0.002598179295304324,[12]
20,0.0021444035285835303,0.0037108093075927367,0.0024691568810930728,0.11447351585250277,0.0,0.0,0.0,0.13228609461086416,0.0,0.01963058302629053,0.0,0.0,0.0,0.43067794026359807,0.0,0.0,0.006575128551432908,0.0021316784398889834,0.0,0.1425616217649813,0.0,0.0,0.0,[13]
21,0.000467978098472333,0.0019116223456544575,0.00086174068956515,0.04949672201327112,0.0,0.0,0.0,0.03765411020531897,0.0,0.005573714776745829,0.0,0.00031855510593645025,0.0,0.22316265303885663,0.0,0.0,0.0023020100488404444,0.006830366889708502,0.0,0.013930642345189152,0.0,0.003498564229957885,0.0,[13]
22,0.0006294600153889257,0.009162789391432603,0.002296296063644456,0.1593347830287499,0.0,0.0,0.0035067102563890173,0.0,0.0,0.0,6.223885774738412e-05,0.012171631665326515,0.0,0.32090044010015706,0.004220166783025247,0.004416406355986776,0.0033225920329870975,0.0,0.0,0.0,0.0,0.051626978671823476,0.0,[13]
23,0.002081623857016121,0.002727257639030695,0.002165102230110411,0.08252735749690226,0.0,0.0032503992386457977,0.0,0.0860673564078607,0.0,0.014460922909596463,0.0,0.0,0.0,0.42967782760248086,0.0,0.0,0.004514250910986744,0.008624225717120312,0.0,0.042805520740812265,0.0,0.0,0.0,[13]
24,0.0013733132392202078,0.0003955077883856641,0.013869623096319589,0.030130678701042926,0.0019543627991239895,0.08780453333547246,0.0,0.005085849059680158,0.0,0.0,0.0,0.0019389648567039476,0.0,0.029543364748711047,0.0,0.0,0.011551934275613011,0.01773843373125538,0.010486166817757379,0.0,0.0,0.0,0.0,[5]
25,0.0115021282227126,0.002436745492884328,0.08380727148955489,0.15666837017917665,0.009865007054535144,0.4264824268477623,0.0,0.016643340107331782,0.0,0.0,0.0,0.009176930669696543,0.0,0.1146776802470365,0.0,0.0,0.045641917817257904,0.08198490656862577,0.04529652611363274,0.0,0.0,0.0,0.0,[5]
26,0.0013733132392202078,0.00039550778838571963,0.013869623096319594,0.030130678701042912,0.0019543627991239895,0.08780453333547243,0.0,0.005085849059680114,0.0,0.0,0.0,0.0019389648567039737,0.0,0.029543364748711148,0.0,0.0,0.011551934275613029,0.01773843373125539,0.010486166817757379,0.0,0.0,0.0,0.0,[5]
27,0.0013733132392202076,0.00039550778838571616,0.013869623096319584,0.030130678701042923,0.001954362799123989,0.08780453333547242,0.0,0.005085849059680114,0.0,0.0,0.0,0.0019389648567040014,0.0,0.029543364748710915,0.0,0.0,0.01155193427561306,0.01773843373125538,0.010486166817757363,0.0,0.0,0.0,0.0,[5]
28,0.002494744214595289,0.0,1.2021992240562218e-05,0.0005483821842229594,9.325143828178924e-05,0.004559240903515741,0.0,0.0070396182068442024,0.0,0.00137891609387601,0.0,0.0,0.050817624111866494,0.015468222921603086,0.0,0.030738396771746817,0.0,0.0,0.0018630178343505951,0.0,0.02294428480097317,0.0015000679979382424,0.0020472714001820657,[12]
29,0.00015511864799733219,0.010171526552090925,0.0021684293989141547,0.2049694189532429,0.0,0.0,0.0,0.08252060887005402,0.05321361557494435,0.0015737337692248708,0.0,0.0,0.0,0.0,0.016432406951933036,0.02140593266596432,0.007005312500945891,0.0,0.0,0.35632551447383304,1.0647567371838435e-05,0.0,0.014175139199702669,[19]
30,7.496598897323124e-05,0.0039262267890803,0.0009146671052110489,0.09999585200644537,0.0,0.0,0.0,0.07953816415431691,0.04142918003972146,0.004762222826662923,0.0,0.0,0.0,0.0,0.018531049744987746,0.00837915638250349,0.004707084767893225,0.0,0.0,0.2523226432957435,0.0,0.0,0.008566156920116204,[19]
31,0.0001696044984443985,0.011639413691900637,0.002504300553953525,0.24114097575421847,0.0,0.0,0.0,0.10061382752776504,0.0703486451992121,0.0010667549204013513,0.0,0.0,0.0,0.0,0.020409124481448958,0.026673559971257543,0.008419337968442712,0.0,0.0,0.43984935660976604,0.0,0.0,0.018237715899406422,[19]
32,0.00037811738192079607,0.006304988273549286,0.0017688202551377197,0.1737807439021621,0.0,0.0,0.0,0.17262655913062677,0.051267541359821686,0.01552810755113337,0.0,0.0,0.0,0.0,0.030857906793897865,0.003762553980102324,0.009155882427898413,0.0,0.0,0.43849004402252595,0.0,0.0,0.011733278800163775,[19]
33,7.496598897323124e-05,0.0039262267890803,0.0009146671052110496,0.09999585200644535,0.0,0.0,0.0,0.07953816415431682,0.041429180039721625,0.0047622228266628935,0.0,0.0,0.0,0.0,0.018531049744987708,0.008379156382503484,0.004707084767893265,0.0,0.0,0.2523226432957434,0.0,0.0,0.00856615692011609,[19]
34,8.232808526609017e-05,0.0044222136625765825,0.0010320249654576506,0.114443285593798,0.0,0.0,0.0,0.09514309164205607,0.05019736139921246,0.005904779402908759,0.0,0.0,0.0,0.0,0.023303229777294893,0.009659248630661157,0.005510335300877253,0.0,0.0,0.297995706118552,0.0,0.0,0.009944262029143627,[19]
35,7.567555724915776e-05,0.003987001631818509,0.000929259302629235,0.1020026723401915,0.0,0.0,0.0,0.08239769874416188,0.04316073813367097,0.005013898454818672,0.0,0.0,0.0,0.0,0.01966374361761658,0.0085789697592638,0.004837651048011054,0.0,0.0,0.2601385158753758,0.0,0.0,0.008760582727577971,[19]
36,8.22134772950085e-07,0.0,1.4500712442245827e-08,1.2245724521856513e-06,2.3702643974332292e-07,1.3554103057749569e-05,0.0,0.00010284161388236766,0.0,5.66891800300187e-05,0.0,0.0,0.028441004981946703,0.0,0.0016621113905310736,0.0,0.0005988682171365478,0.0009804723072561613,0.0,0.000415469438097908,0.0,0.0,0.0,[12]
37,8.530025325927637e-06,0.0,1.1662205659091671e-07,8.815895813561176e-06,1.668774694990934e-06,9.293371362046052e-05,0.0,0.000558957294535462,0.0,0.0002804342384758932,0.0,0.0,0.12336744108007497,0.0,0.006745533987345421,0.0,0.002543245291029434,0.0041953081420499,0.0,0.0017277565247374434,0.0,0.0,0.0,[12]
38,0.0005226798828456583,5.4686470979401e-05,0.001827412965326047,0.006028559293671305,0.00020306779841904306,0.022335021765009754,0.0,0.0,0.002303424872111083,0.0,0.0,0.0004654914416707502,0.01660245283240194,0.0,0.0,0.010904268712096522,0.0019503611348857207,0.0,0.0,0.002280126834488286,0.0,0.0,0.0007415189859987391,[5]
39,0.005423043501804735,0.0004462993327759672,0.014696978515765808,0.04340241992787148,0.0014324721797498595,0.153148867123954,0.0,0.0,0.011339891777403988,0.0,0.0,0.0030919873480707025,0.07242453607955308,0.0,0.0,0.04371054237329303,0.010918785536955126,0.0,0.0,0.01210998691515632,0.0,0.0,0.00397586375949892,[5]
40,1.0526430677164657e-05,0.002519262060795691,0.0002802010537190291,0.04714604308179294,0.0,0.0,0.0,0.3430874672224426,0.0,0.0,0.0,0.0,0.0,0.0,0.0,0.0,0.0008103418470373815,0.0,0.0031043906537360755,0.0,0.0,0.02067342426144523,0.0,[7]
41,6.106166048016595e-05,0.00928438452079838,0.001001278894177603,0.13118233221693107,0.0,0.0,0.0,0.40340457849357547,0.0,0.0,0.0,0.0023172517751096355,0.0,0.0,0.0,0.0,0.0013900482106231904,0.0,0.0051210470682276354,0.0,0.0,0.048571699614305734,0.0,[7]
42,9.329860694938536e-06,0.0021272112881503616,0.0002356997940638035,0.03835953965741099,0.0,0.0,0.0,0.2402624337287442,0.0,0.0,0.0,0.0,0.0,0.0,0.0,0.0,0.0005953142827458966,0.0,0.002027135260186347,0.0,0.0,0.027621658775346083,0.0,[7]
43,0.08855216531206823,0.00021044237343975213,0.0,0.0055507374408784145,0.015239190845152543,0.0006571791608050766,0.002345130872054349,0.0,0.06697256155414558,0.004216892218018466,2.214315824826826e-05,0.0,0.0,0.004154247859144215,0.0008929435288257807,0.0,0.0,0.0,0.001241200626194466,0.0,0.015325390995431528,0.0,0.0,[8]
44,0.23695445642103016,0.0,0.0,0.0,0.0,0.0,0.0,0.007470250725621841,0.0,0.0,0.0,2.5887849480818433e-05,0.038552293432389695,0.0,0.004932489766669218,0.0,0.009395007000571436,0.03680497044641478,0.0006194631787065111,0.0037909044043905973,0.0,0.0,0.003959104526511783,"[12, 17]"
45,0.21824460760636744,0.0,0.0,0.0,0.0,0.0,0.0,0.007191128774125106,0.0,0.0,0.0,0.0004935375495583021,0.024518211723793905,0.0,0.004975087794578694,0.0,0.0070694464450819,0.02721739976465641,4.5291267707510345e-05,0.002570911223987359,0.0,0.0,0.0032470885400152504,"[12, 17]"
46,0.21824460760636744,0.0,0.0,0.0,0.0,0.0,0.0,0.007191128774125062,0.0,0.0,0.0,0.0004935375495585012,0.024518211723793912,0.0,0.004975087794578672,0.0,0.007069446445081881,0.027217399764656383,4.529126770752924e-05,0.0025709112239873356,0.0,0.0,0.0032470885400152504,"[12, 17]"
47,2.4853459438055624e-07,0.004394416150483154,0.0,0.002261276485557977,0.0,0.0,0.0,0.0022355461920672225,0.0003402629831042041,0.0071391571432156435,0.0,0.0,0.0,0.0,0.0009417414144841737,0.0,5.5430574446413664e-05,0.0,0.01875797197655516,0.0013883078444946037,0.00045139766488055244,0.15490940234676026,4.694675045843999e-05,[21]
48,2.578660402429793e-06,0.035863074738148294,0.0,0.016279373608408858,0.0,0.0,0.0,0.012208536049450242,0.0017185835425057763,0.03635318850241948,0.0,0.0,0.0,0.0,0.0040034253537113524,0.0,0.0003613844948052663,0.0,0.11865074857599178,0.005095574216151528,0.003061105574264136,0.5452130721992312,0.0,[21]
49,0.00014884854879301595,0.0078031229839642564,0.0014673391153044726,0.11270493156328618,0.0,0.0,0.006712415714893102,0.0,0.0,0.0,0.0005006428425894094,0.013560124313114678,0.0,0.06549588509917341,0.00806777183464428,0.01437476063228694,0.0005654715492469625,0.0,0.0,0.0,0.006667694554814171,0.04353181478255463,0.0,[3]
50,0.0005343926364296054,0.025322560698866816,0.006202359517853616,0.33217819296653833,0.0,0.0,0.010383390325105267,0.0,0.005138313088067511,0.0,0.00030482274063391493,0.017055639382509348,0.002695772952764664,0.0,0.0,0.03451106950700893,0.0,0.0,0.0,0.0,0.02360382114058448,0.0495625903641143,0.0012294879316211724,[3]
51,0.0003523296930085002,0.025306757377841795,0.0028328216633046726,0.2721321776869318,0.0,0.0,0.014923469510689999,0.0,0.0,0.0,0.0017105045549753702,0.024886322785281936,0.0004218543482382962,0.05041079381144444,0.09589255036658707,0.04153757135578421,0.0016234148543498692,0.0,0.004947359120583344,0.0,0.0204391156380241,0.044259565298703035,0.0,[3]
52,2.8189615482938633e-05,0.003889613420788675,0.0004696098771281143,0.04773715488595969,0.0,0.0,0.005157980645046163,0.0,0.0,0.0,0.0005774611739323766,0.007843044439254222,0.0,0.007878553846199949,0.0,0.011345029678226889,0.00020575426002953542,0.0,0.0,0.0,0.005134602904430755,0.011685452507568486,0.0,[3]
53,6.713911715175665e-05,0.0012795305390287885,0.00032606227827709593,0.025702589701589576,0.0,0.0,0.0008551408652239839,0.0,0.0,0.0,0.0,0.0034307547028366455,0.0,0.07501515034960331,0.00039707558559575205,0.0006336612711782441,0.0006099494266097991,0.00046542127609550924,0.0,0.0,0.0,0.021992718810341483,0.0,[13]
54,6.713911715175665e-05,0.0012795305390287885,0.0003260622782770955,0.02570258970158957,0.0,0.0,0.0008551408652240647,0.0,0.0,0.0,0.0,0.0034307547028366585,0.0,0.07501515034960331,0.0003970755855959207,0.0006336612711782462,0.0006099494266097988,0.00046542127609550024,0.0,0.0,0.0,0.021992718810341563,0.0,[13]
55,0.0003419948619077758,0.0017201987997019644,0.0003208323503901894,0.034069391190002934,0.0,0.0,0.0,0.0,0.2817799284896839,0.004618987159450433,0.0,0.0,0.005439914390394457,0.02854696007003644,0.0,0.0,0.0,0.005176309331356751,0.006437581109547937,0.0,0.0,0.009353964096019766,0.000282261472800589,[8]
56,3.296190308930542e-05,0.00021078140797030855,3.989207549110134e-05,0.004732406862267809,0.0,0.0,0.0,0.0,0.054072772589973575,0.001186028554523035,0.0,0.0,0.0011612576798781663,0.005317275973242362,0.0,0.0,0.0,0.0014503117284143383,0.0015087246277949377,0.0,0.0,0.0012270613100549364,0.0001770514184960547,[8]
57,0.005075925487466025,0.0,2.4810497115247178e-05,0.0011433720467256409,0.00019492223394875245,0.009561357745621791,0.0,0.01554523941965223,0.0,0.003283041050222779,0.0,0.0,0.2291068366135017,0.02987216473949515,0.0,0.04691542158842858,0.0,0.0,0.003654378391111176,0.0,0.03795416774056216,0.0034427647670508717,0.003958584624872968,[12]
58,0.0005443348827422727,0.0,3.5725361538416563e-06,0.00018853078333224603,3.305794415644377e-05,0.0016773791900092333,0.0,0.0038259853556360172,0.0,0.0010593401708857992,0.0,0.0,0.14830340710620918,0.00404018224269171,0.001092193420741162,0.0,0.001142526752878495,0.0030246012593261357,0.0005887404631657581,0.0,0.0,0.0010885315074213385,0.0007723133912709677,[12]
59,0.0005717985699239426,0.0,3.9216437042273004e-06,0.00021388790202921603,3.7815904687604774e-05,0.0019395105532663591,0.0,0.0052331086561973935,0.0,0.0017252655252140501,0.0,0.0,0.4141320069935549,0.0,0.014798508754349307,0.0,0.0065246207939473515,0.01185527237894804,0.0,0.0033350670158726324,0.0,0.0011399929686751926,0.0,[12]
60,0.056172679712047514,0.0,0.0,0.0,0.0,0.0,0.011574937386457627,0.0,0.013298283505867797,0.011886306632955314,0.0016230496857929458,0.0,0.0,0.0,0.0,0.06079704273665737,0.006082098950979301,0.028037833280103733,0.002676534936691104,0.005726649882002429,0.0,0.009492846396823474,0.0002640946996870486,[15]
61,0.00020682471977330263,7.000825473622639e-05,0.002522128178207111,0.006918717755278479,0.005165084057512527,0.022464233276783444,0.2058511426676821,0.00512742905826791,0.0001709227699348328,0.0006688765522324305,0.0,0.0,0.00021130615309277118,0.009492978430028753,0.0045849318505764665,0.0,0.0,0.004318941994372038,0.0025291299746463265,0.0016579847065796962,0.0,0.000695343827481196,0.2119261947202956,"[6, 22]"
62,0.0001900407252662063,6.267044699493005e-05,0.0022531100412361777,0.006065392821147919,0.004506538439580189,0.019481195311457217,0.12483917099869862,0.003744204708308576,0.0,0.00015634958743191937,0.0,0.0,0.0,0.008699027727455124,0.005610520718393495,0.0,0.0,0.0040145953757456795,0.002391012457515635,0.00025849603992113003,0.0,0.0006665006358280368,0.23879886373868092,[22]
63,0.0001900407252662063,6.267044699493005e-05,0.0022531100412361794,0.0060653928211479155,0.004506538439580189,0.019481195311457217,0.1248391709986986,0.0037442047083085794,0.0,0.0001563495874319203,0.0,0.0,0.0,0.008699027727455124,0.0056105207183934705,0.0,0.0,0.004014595375745671,0.002391012457515626,0.0002584960399211203,0.0,0.000666500635828088,0.23879886373868092,[22]
64,0.00019092563518133867,6.722206504155726e-05,0.002432597937333759,0.006996821820522304,0.005294155520386785,0.023439212890491824,0.48680257127580634,0.00870709668677134,0.0025501255687373956,0.0028461944432171147,0.004331236343810596,0.0,0.00831557750934093,0.006745416374775454,0.0,0.0,9.728153356660803e-05,0.0031183220081518843,0.0014725667124590239,0.008001690892594806,0.0,0.00017743500420049242,0.0,[6]
65,0.00914737955395023,0.0018496386803983117,0.000309843369240745,0.036841202521352714,0.001988464332752282,0.0,0.0,0.0,0.3056195517060443,0.005543549031888225,0.0,0.0,0.0,0.03068594071456206,0.0,0.0,0.0,0.00413216825264249,0.0068186064584846665,0.0,0.0019312914875673777,0.0030494241391281103,0.0,[8]
66,2.282021689040118e-05,0.2319739697656922,0.0,0.08780498831277231,0.0,0.0,0.0,0.04044506247503831,0.005349691206991307,0.1027660381277742,0.0,0.0,0.0,0.0,0.006930749041298333,0.0025263065273609542,0.0016785838609411049,0.0,0.5205946626078449,0.0,0.015007986259558308,0.04508592783658552,0.0,[18]
67,4.0056613609058865e-06,0.07368375087643668,0.0,0.029219245828753262,0.0,0.0,0.0,0.03256766844484351,0.012705240071424402,0.07638846824963828,0.0,0.0,0.0,0.0,0.022137047161312543,0.0,0.0007646887042130641,0.0,0.2474843376093432,0.020653966831570995,0.00499414326551346,0.0,0.0,[18]
68,5.54496525589233e-06,0.1561662357335691,0.0,0.03134281148685069,0.0,0.0,0.0,0.05127665421224626,0.034863117575018455,0.058325829434602926,0.0,0.0,0.0,0.001105668064885935,0.035579076204657306,0.0,0.0010142040087815557,0.0,0.3232179002832773,0.03413701792436142,0.0044298262675290445,0.0,0.0,[18]
69,5.924877499015176e-06,0.41516717639347855,0.0,0.0,0.0005631418296415935,0.013292440258905924,0.00562386784625372,0.02761990992136436,0.05475043742818516,0.0,0.0002930607675060725,0.07246460543749199,0.0,0.0059941142830130965,0.010128833403160177,0.0,0.0,0.008649081740593024,0.008225687598311493,0.02622221342652505,0.0,0.0021757641292325966,0.0,[1]
70,4.4300010862782705e-06,0.1527500344734968,0.0,0.015059366477012405,0.0,0.0,0.0,0.036909420170927736,0.0373290485594706,0.0,0.0,0.03735684632589019,0.0,0.001916373648175094,0.021669221398032124,0.0,0.0006305632174462852,0.0,0.19612971131077703,0.02284081534749041,0.0010960371050362332,0.006893708640937187,0.0,[18]
71,3.964550546471623e-06,0.18796313942085577,0.0,0.0,0.0,0.0,0.001969053539236094,0.02200138083001816,0.03360900790411206,0.0,5.9226139602690924e-05,0.025224714055562217,0.0,0.002818364291774204,0.008433831854863523,0.00017441445349854122,0.0002534532356846797,0.0,0.07934004950785095,0.013782578773485548,0.0,0.021661341648446065,0.0,[1]
72,3.6758370709381597e-06,0.13048002306744244,0.0,0.008698681059725846,0.0,0.0,0.0,0.026482849999794743,0.03247014312872967,0.0,0.00036935116226883354,0.13076679099657576,0.0,0.0010860458099467246,0.007394141099778262,0.0,0.0004063767785770237,0.0,0.12703177794936402,0.015164317571967652,0.00022067967365213038,0.02129058726393813,0.0,"[1, 11, 18]"
73,2.4479763445515856e-06,0.0328189214856518,0.0,0.014457762122143404,0.0,0.0,0.0,0.009623389664100361,0.0012407601937914812,0.027223417864294386,0.0,0.0,0.0,0.0,0.0023064516406144154,0.0,0.00031018013965850136,0.0,0.10080615996936049,0.0029015916605304526,0.002678952162686088,0.1670016677764522,0.0,[21]
74,4.0328457438240065e-06,0.12485098696811404,0.0,0.016655175462564904,0.0,0.0,0.0,0.03290980214935874,0.02868581129407524,0.008348384771135482,0.0,0.00620997973059075,0.0,0.001327119627758806,0.02152483112013091,0.0,0.0006104870673964508,0.0,0.19061163145507304,0.020666863320425725,0.0017976350931322182,0.0,0.0,[18]
75,0.00014370142071125315,0.019494761033185558,0.0022442527080807307,0.2100694853337149,0.0,0.0,0.011388342703213044,0.0,0.0,0.0,0.001363219226306698,0.010987977355503149,0.0014231086550895086,0.0,0.0,0.038577631826724114,0.0027760049979068586,0.0,0.0,0.0,0.01729105321715322,0.0,0.0053990794457851364,[3]
76,2.184865682708227e-05,4.831984298406792e-05,3.962529504345264e-05,0.0019359428102390108,0.0,8.42668119528708e-05,0.0,0.003861641988757898,0.0,0.0008421958222524029,0.0,0.0,0.0,0.020592018646948144,0.0,0.0,0.00014970118204422244,0.0016249975479128436,0.0007252974920243084,4.352710082686084e-05,0.0,0.0,0.0,[13]
77,2.184865682708227e-05,4.831984298406619e-05,3.9625295043452426e-05,0.0019359428102390108,0.0,8.42668119528713e-05,0.0,0.0038616419887578975,0.0,0.0008421958222524053,0.0,0.0,0.0,0.020592018646948134,0.0,0.0,0.00014970118204422181,0.0016249975479128427,0.0007252974920243069,4.3527100826862056e-05,0.0,0.0,0.0,[13]
78,0.0002048411782287321,0.00034602108444099273,0.0002790613787064024,0.012001257399259387,0.0,0.0004962007332154363,0.0,0.01718858180705701,0.0,0.003281100828459746,0.0,0.0,0.0,0.08875289557995555,0.0,0.0,0.000776275359575962,0.00463642006140959,0.00034800968630246775,0.004164770159849996,0.0,0.0,0.0,[13]
79,3.7215845709006952e-06,0.06711470938670729,0.0,0.02648672535494248,0.0,0.0,0.0,0.028366672386232694,0.010560917355372927,0.06688365492207526,0.0,0.0,0.0,0.0,0.01750626276419927,0.0,0.0006809305283108591,0.0,0.2210606192565376,0.017288160465112012,0.0045855648962922334,0.0,0.0,[18]
80,6.24230325035999e-06,0.08590292163059877,0.0,0.042316399214468656,0.0,0.0,0.0,0.030533072721093627,0.0010041438420059015,0.1030793967846894,0.0,0.0,0.0,0.0,0.008993843341804328,0.0,0.0009338399750297969,0.0,0.30869849982305103,0.013199678215834572,0.00818549746225465,0.0,0.0,[18]
81,0.0001929932710869756,0.0012962720219035005,0.2835922410826699,0.0,0.0,0.0,0.01142858744847934,0.0,0.0019481493261265198,0.0029427243664818703,0.0,0.0,0.0013324368327459726,0.0,0.0022819447212000053,0.013642048620350454,0.0,0.0,0.0,0.0037425080705975338,0.04637099163981214,0.0004256749530507416,0.014300818087048915,[2]
82,0.0002196864167851962,0.0015002306655460898,0.32850345033581607,0.0,0.0,0.0,0.01333243392959838,0.0,0.0022739147917104916,0.0034213470918798825,0.0,0.0,0.0015310510743139164,0.0,0.0026273993997928077,0.015810725742317653,0.0,0.0,0.0,0.004380616653768713,0.05429372178930453,0.00046371884526156794,0.016302866683429302,[2]
83,0.0001929932710869756,0.00129627202190351,0.2835922410826698,0.0,0.0,0.0,0.011428587448479337,0.0,0.001948149326126517,0.002942724366481865,0.0,0.0,0.0013324368327459668,0.0,0.0022819447212,0.013642048620350466,0.0,0.0,0.0,0.003742508070597535,0.04637099163981214,0.00042567495305074744,0.014300818087048894,[2]
84,0.00040124249006960296,0.0017299671241837538,0.3671706443578598,0.0,0.0,0.0,0.0035012772934678426,0.0,0.0009608790774082458,0.0024264071427012616,0.0,0.0,0.0,0.0,0.001933047028102342,0.00873911955065694,0.0,0.0,0.0,0.0019129625319639642,0.030334526842935968,0.00026047855160562887,2.531964732010095e-06,[2]
85,0.00040124249006960296,0.0017299671241837533,0.36717064435785973,0.0,0.0,0.0,0.00350127729346784,0.0,0.0009608790774082522,0.002426407142701269,0.0,0.0,0.0,0.0,0.001933047028102333,0.008739119550656945,0.0,0.0,0.0,0.0019129625319639634,0.030334526842935954,0.0002604785516056484,2.531964732010095e-06,[2]
86,0.0001929932710869756,0.0012962720219034962,0.2835922410826698,0.0,0.0,0.0,0.011428587448479337,0.0,0.0019481493261265194,0.002942724366481884,0.0,0.0,0.0013324368327459707,0.0,0.002281944721200002,0.013642048620350466,0.0,0.0,0.0,0.003742508070597541,0.046370991639812134,0.0004256749530507461,0.014300818087048908,[2]
87,0.00040124249006960296,0.0017299671241837473,0.36717064435785973,0.0,0.0,0.0,0.003501277293467863,0.0,0.0009608790774082546,0.002426407142701256,0.0,0.0,0.0,0.0,0.0019330470281023317,0.00873911955065694,0.0,0.0,0.0,0.0019129625319639623,0.03033452684293596,0.00026047855160563917,2.5319647320200468e-06,[2]
88,0.0001929932710869756,0.0012962720219035014,0.2835922410826698,0.0,0.0,0.0,0.011428587448479334,0.0,0.0019481493261265161,0.002942724366481882,0.0,0.0,0.001332436832745965,0.0,0.0022819447212000027,0.013642048620350462,0.0,0.0,0.0,0.003742508070597539,0.04637099163981213,0.0004256749530507645,0.014300818087048906,[2]
89,0.0008148483033346074,5.698971533132922e-08,5.552669045879951e-07,0.0004892577898599509,0.06064440443019241,0.0,0.0011551024356337657,0.0006569637949268562,0.0,0.0,4.423895406860235e-05,3.8342249681338e-05,0.0,0.00041268474963590556,7.721656543493141e-05,0.003748266399822483,0.13399221264402078,0.0,0.0,0.0,0.01003589790812273,0.0009402467196476487,0.0,[16]
90,0.004227212430959887,2.325481186026536e-07,2.232868395089554e-06,0.001761117446103783,0.21342195928255156,0.0,0.003030803949584406,0.001561969125280013,0.0,0.0,6.34607307169414e-05,9.762431797564926e-05,0.0,0.0010746745593186902,8.41114822841508e-05,0.006988192761594014,0.40611624602982677,0.0,0.0,0.0,0.030792729200290688,0.0019504258905598205,0.0,[16]
91,0.004227212430959887,2.3254811860962637e-07,2.232868395089554e-06,0.0017611174461037865,0.2134219592825516,0.0,0.0030308039495844205,0.0015619691252800772,0.0,0.0,6.346073071695016e-05,9.762431797566695e-05,0.0,0.0010746745593186984,8.41114822841623e-05,0.006988192761594045,0.4061162460298269,0.0,0.0,0.0,0.030792729200290678,0.0019504258905598238,0.0,[16]
92,0.00028190144740727836,0.002407306206511715,0.006933252293168712,0.11073972388368265,0.0005450805921351543,0.09916022564760579,0.0064293945326936745,0.0446416119954859,0.008055497152347501,0.00394001873355412,0.007696379417387453,0.0,0.0006376510830638098,0.0,0.012755475559172235,0.0,0.0,0.3106035033093504,0.04524469870462481,0.0,0.054241120877964975,0.0,0.0,[17]
93,0.00028190144740727836,0.0024073062065117098,0.006933252293168714,0.11073972388368264,0.0005450805921351536,0.09916022564760577,0.006429394532693669,0.04464161199548593,0.008055497152347515,0.00394001873355411,0.007696379417387452,0.0,0.000637651083063802,0.0,0.012755475559172239,0.0,0.0,0.3106035033093504,0.0452446987046248,0.0,0.054241120877964996,0.0,0.0,[17]
94,0.0014797757875749799,0.007281164825420501,0.02014631683247026,0.22833643640794288,0.0010835872666702206,0.17072206923254082,0.0,0.015523637598596835,0.003181723832305214,0.0,0.0,0.006950778916402897,0.00015299530527327422,0.010149625360911227,0.0,0.0,0.0,0.4251629200975497,0.053644599162899674,0.0,0.006444941334656542,0.03201338773984982,0.0,[17]
95,0.00028431033440595043,0.0024399415023528617,0.007029917476235118,0.11264811186286591,0.0005546669714302507,0.10103511638180603,0.006661387496327091,0.04594718487963254,0.008331306428856048,0.004138483171511943,0.00800322134939052,0.0,0.0006633509897969381,0.0,0.013414612997434041,0.0,0.0,0.3171273251586147,0.04626468569791987,0.0,0.05583437384619265,0.0,0.0,[17]
96,0.0003150663414357959,0.0027031349622951982,0.007784728607792173,0.12403623933766028,0.0006102427345463414,0.11080493182561847,0.006818271658581122,0.04854183884643369,0.008505783301534373,0.003960595156485288,0.007964467863868717,0.0,0.0006475069785495943,0.0,0.012371593787313548,0.0,0.0,0.3456774867458594,0.050148817084388383,0.0,0.0592131002054053,0.0,0.0,[17]
97,0.00028190144740727836,0.0024073062065117046,0.006933252293168712,0.11073972388368267,0.0005450805921351537,0.09916022564760577,0.006429394532693643,0.04464161199548591,0.008055497152347518,0.003940018733554109,0.007696379417387451,0.0,0.000637651083063771,0.0,0.012755475559172235,0.0,0.0,0.31060350330935044,0.0452446987046248,0.0,0.054241120877965,0.0,0.0,[17]
98,0.00028190144740727836,0.002407306206511708,0.0069332522931687115,0.11073972388368268,0.0005450805921351537,0.09916022564760577,0.006429394532693634,0.044641611995485886,0.008055497152347522,0.003940018733554114,0.007696379417387453,0.0,0.0006376510830637865,0.0,0.012755475559172232,0.0,0.0,0.3106035033093504,0.0452446987046248,0.0,0.054241120877964996,0.0,0.0,[17]
99,0.0015725999317423986,0.008204160204683382,0.0014950227274665633,0.12838800253791388,0.0,0.0,0.0,0.0,0.4732888108510261,0.0,0.0,0.0,0.007759084377470597,0.0513446507923615,0.0,0.0,0.0,0.0,0.0030686568520531944,0.0,0.004723506506238829,0.029278633871641715,0.0,[8]
100,0.0011855170625377697,0.0015919563325193238,0.00029168951606320875,0.03082154915071871,6.686127021112023e-05,0.0,0.0,0.0,0.23112445390150865,0.003360193975699399,0.0,0.0,0.0022123836226811697,0.02369932152240615,0.0,0.0,0.0,0.0032044966915793205,0.004766648290864871,0.0,0.00011180688319737219,0.003012204159043802,0.0,[8]
101,0.0012002112486670512,0.0015428286889497685,0.00028262224762217857,0.03026407077549222,9.873199750115598e-05,0.0,0.0,0.0,0.24811902041663184,0.004352243657795432,0.0,0.0,0.002191837048262144,0.02501316001230056,0.0,0.0,0.0,0.004224069234472336,0.00568628342859209,0.0,0.0,0.0,0.0,[8]
102,0.000265830850695716,0.0012003491902859635,0.00022215857910098981,0.02211498832007393,0.0,0.0,0.0,0.0,0.13484402882295715,0.001182825084111052,0.0,0.0,0.0020752990295668738,0.014230679567880924,0.0,0.0,0.0,0.0009701746488236518,0.0021577666279676937,0.0,0.00019037817498369173,0.005439936930341309,0.0,[8]
103,0.0017943608906230194,0.0007022205556337551,0.04978269585636449,0.04470157746908101,0.002976823767892684,0.13733709396479,0.0,0.011213198221981333,0.0,0.0,0.01752614358713387,0.003204963244095315,0.0,0.05881444824119827,0.0,0.0,0.021049767683679912,0.029408767034432372,0.01879299853139503,0.0,0.0,0.0003826060215602693,0.0,[5]
104,0.0016306729276197014,0.0006349392439355723,0.046613982748570496,0.03890102584432984,0.002588695303475591,0.11886062643593193,0.0,0.009418187668569158,0.0,0.0,0.020833457193970957,0.002750448657246041,0.0,0.049782144661611384,0.0,0.0,0.017892074490243933,0.025366171019926793,0.016040457469102393,0.0,0.0,0.0001676813499051605,0.0,[5]
105,0.0017779095989117503,0.0013083741921990576,0.18916620776119347,0.03136527927057635,0.0022519242751093717,0.10486393421106678,0.0,0.009709165515481392,0.0,0.0,0.10720527561692166,0.002036599708348749,0.0,0.04852366825194789,0.0,0.0,0.017251512549156217,0.022321054475860677,0.01490748518359741,0.0,0.0,4.486312795384496e-05,0.0,[2]
106,0.0018445807892228342,0.0007344342612133117,0.05213702921894563,0.047367163944247025,0.003162405561262464,0.1464172508972067,0.0,0.012484020985922236,0.0,0.0,0.020387524600319555,0.003462887307424386,0.0,0.06472692054044334,0.0,0.0,0.022910059865779177,0.03169600081354238,0.02044098332647672,0.0,0.0,0.0007030823559120214,0.0,[5]
107,0.0018620256515631064,0.0006163678404391892,0.02865310515437096,0.04756288691605295,0.0031236454430835585,0.14517266900092918,0.0,0.011363234523631683,0.0,0.0,0.0,0.003402194614317538,0.0,0.06060689252185343,0.0,0.0,0.02200961360014692,0.030049970916550636,0.019503068267905932,0.0,0.0,0.0006278913484546515,0.0,[5]
108,0.0002431237982028714,0.0012272674044795445,0.0005269472962366294,0.040039916194420246,0.0,0.0,0.0,0.055869366355135265,0.0007715987749777666,0.007229047366790662,0.0,0.0,0.0,0.06919000863740431,0.005202487476526105,0.0,0.0025484227199666235,0.0,0.0,0.09651039292157529,0.0,0.0,0.001045688520025772,[19]
109,0.0012446028146618246,0.002061135331334681,0.0003807391730329617,0.04148755690323363,0.0,0.0,0.0,0.0,0.3573080460123108,0.0061822935941086826,0.0,0.0,0.005343246138677767,0.036061774620307976,0.0,0.0,0.0,0.006717498235448596,0.008355864553393554,0.0,0.0,0.009518439306109298,0.0,[8]
110,0.0011531617758488656,0.0014844812657970436,0.000271756664206471,0.028713977003786705,7.245712892407124e-05,0.0,0.0,0.0,0.21772282989120126,0.00325462128740778,0.0,0.0,0.0023825429465319206,0.02225558798974583,0.0,0.0,0.0,0.0031317080037973452,0.004572004763706049,0.0,4.025852245625899e-05,0.0059774365293944545,0.0,[8]
111,0.003051398623996451,1.653830160141581e-06,6.026291925759711e-05,0.0011331000174001134,0.0956363537316705,0.0,0.0,0.0005566216311789602,0.0,0.00028766204337728863,0.0,0.0,0.01609909091684146,0.0009478724920699882,0.0,0.002375792060361693,0.0,0.0003078856507007679,0.0002182574816217968,0.0009274627439029055,0.0,0.0,0.0,[4]
112,0.022246060445633195,8.8567738722664e-06,0.0003110022971199982,0.004682951954098719,0.38591256385232475,0.0,0.0,0.0,0.0020901778440295176,0.00036685195157267874,0.00012824501214880128,0.0,0.005282738386944498,0.0,0.0,0.0,0.0,0.0007186010372245422,0.0002668641872106028,0.0048712268685009216,0.0,0.0,0.012292399120472757,[4]
113,0.005801164348211001,3.011153924731906e-06,0.00010819252957133345,0.0021267351297355975,0.18734063484214433,0.0,0.0,0.00044970833072636264,0.0,0.00024471141297817135,0.0,0.0,0.01585570895179372,0.00033850634946288964,0.0,0.0009760075619691486,0.0,0.0,0.00015201656092496564,0.0012000746936526355,0.0,0.0,0.0,[4]
114,0.003612435396607779,1.629072169749234e-06,6.54700216054935e-05,0.0013477037245880187,0.09988067948599536,0.0008870527090667526,0.0,0.0036836227907654073,0.0,0.001046838431901924,0.0,0.0,0.04934015073492817,0.007565125514706484,0.0,0.018945180748469865,0.0,0.0,0.0010632546053277773,0.0,0.004167228189646713,0.0,0.0,[4]
115,3.967321218212386e-05,0.003911024221240307,0.000447030249117009,0.05074462913927853,0.0,0.0,0.0062589145445057,0.0,0.0,0.0,0.0012809788763428042,0.021795262141119463,0.000580356020098012,0.020264591132399996,0.47334222322747566,0.0037569452715739637,0.0011571819561988035,0.0,0.0,0.0,0.00013995067486351152,0.011557793929999867,0.0,[14]
116,3.778174239095887e-05,0.003580147331977633,0.00040781444642643694,0.04484917564197376,0.0,0.0,0.004200919632339862,0.0,0.0,0.0,0.0006392896753277316,0.010400117705094112,0.0002466977648733641,0.014290826929225712,0.13723873382679316,0.007040232580684544,0.0004815047406483975,0.0,0.0,0.0,0.0029052121501829007,0.014137454864670976,0.0,[14]
117,2.160594981156719e-07,0.040238550499443096,0.0,0.0,0.00017183689271778034,0.00591015301601818,0.002123180876573935,0.0,0.0037380039902401557,0.0,2.517909015998862e-05,0.0,0.0,0.0007424276521204198,0.0,0.001579905973274755,0.0,0.01697781599233466,0.0,0.0012386675813944906,0.0,0.0,0.002247652479978512,[1]
118,2.006663410658148e-06,0.28375815060195864,0.0,0.0,0.0010152483064584442,0.033857348156928875,0.008134876927308429,0.0,0.014777584072362548,0.0,9.023414843897754e-05,0.0,0.0,0.003973517084258286,0.0,0.0038909666726550042,0.0,0.09060834956043959,0.0,0.009917496680105643,0.0,0.0,0.008481553359570824,[1]
119,2.142288825770541e-07,0.0397003421044867,0.0,0.0,0.00016879594892884914,0.005800424624279907,0.002052343660663461,0.0,0.0036194463590742557,0.0,2.4053496753631165e-05,0.0,0.0,0.0007278894551921116,0.0,0.0015023608364288434,0.0,0.016626023334640177,0.0,0.0012232720851591732,0.0,0.0,0.002152449374872479,[1]
120,5.075562495717948e-06,0.0534869307825502,0.0,0.031699681742851336,0.0,0.0,0.0,0.013135971678852502,0.0,0.06994765657818221,0.0,0.0,5.558248580477776e-07,0.0,0.0,0.0004826800303692284,0.0005993984316142822,0.0,0.2006835185598497,7.607963953763215e-05,0.0065636005388946496,0.0,0.0011727503903959824,[18]
121,1.8523206067535992e-05,0.06514599630019889,0.00010248047500080908,0.0663910075786026,0.0,0.0,0.0,0.0,0.0,0.08173556455674282,4.594024078249654e-06,0.0,0.0007326433566150431,0.0,0.0,0.011478570627973559,0.0008021641388365641,0.0,0.24157294476619115,0.0,0.012607839728045056,0.0,0.001395930753489729,[18]
122,5.075562495717948e-06,0.053486930782550214,0.0,0.03169968174285133,0.0,0.0,0.0,0.013135971678852495,0.0,0.0699476565781822,0.0,0.0,5.558248580477776e-07,0.0,0.0,0.000482680030369234,0.0005993984316142858,0.0,0.20068351855984964,7.607963953763313e-05,0.006563600538894638,0.0,0.0011727503903959764,[18]
123,0.0013202952836690435,0.0003590976363153018,0.012673624983656972,0.027251147280579868,0.0017454330025846534,0.07960237986577269,0.0,0.004372195602566057,0.0,0.0,0.0,0.0017434152457557197,0.0,0.0263137136234516,0.0,0.0,0.010355921219597185,0.014984341908768947,0.009257846622148591,0.0,0.0,0.0,0.0,[5]
124,0.002196540873910607,0.0004938702996258775,0.018120424995105168,0.03952992934768497,0.0024365122980277987,0.11936543604403799,0.0,0.006368472767773251,0.0,0.0,0.0,0.0025889994157899617,0.0,0.04035148423447623,0.0,0.0,0.015973979213370668,0.017519338755719076,0.01335213809756664,0.0,0.0,0.0,0.0,[5]
125,0.06069842377780079,0.0,0.0,0.0,0.0,0.0,0.026060908673580636,0.0,0.02590678857055143,0.025341230648937643,0.013825704100675266,0.0,0.0,0.0,0.004704055305808027,0.24151859325600114,0.008070798563436843,0.03792097153971569,0.0037490888808674578,0.012676756723963383,0.0,0.0006327578649722202,0.001061885628246426,[15]
126,0.06069842377780079,0.0,0.0,0.0,0.0,0.0,0.026060908673580668,0.0,0.02590678857055146,0.02534123064893764,0.01382570410067525,0.0,0.0,0.0,0.004704055305808029,0.2415185932560012,0.008070798563436812,0.03792097153971567,0.0037490888808674747,0.01267675672396342,0.0,0.0006327578649722076,0.00106188562824641,[15]
127,0.06185844941617588,0.0,0.0,0.0,0.0,0.0,0.028415915825435702,0.0,0.02804790833071509,0.027558023897488987,0.015490887201052267,0.0,0.0,0.0,0.005356775789336604,0.2677729263645626,0.008497498092654982,0.039915245685245446,0.003978063574437908,0.01379416395402954,0.0,0.0002869400189844689,0.0012122726208667746,[15]
128,0.01766238038108718,0.0,0.0,0.0,0.0,0.0,0.016059750393720408,0.0,0.015288828914364172,0.015349869674592837,0.009760840869157936,0.0,0.0,0.0,0.0034669036375269357,0.1621493283070548,0.00388830293171989,0.018014921482350236,0.001946068826419207,0.007663281332976544,0.0,0.0,0.0008924915006247322,[15]
129,0.004048739032399811,2.170791561804495e-07,2.080196979183303e-06,0.0016129488512858915,0.19469462460127232,0.0,0.002570386331515388,0.001288624952614601,0.0,0.0,3.929325436702386e-05,8.187225535803747e-05,0.0,0.0009124161335920872,3.6758429866047085e-05,0.005165461476386038,0.3591242657456768,0.0,0.0,0.0,0.027302303119394165,0.0014951374743434461,0.0,[16]
130,0.021300041108871747,6.460132730291783e-07,5.932401199837301e-06,0.0031622484621905947,0.3482417049528097,0.0,0.0,0.0,0.002429236022929364,0.0003898954804508665,0.0,0.0,0.0016685992190167652,0.0,0.0,0.0,0.2592861779763925,0.0,0.0,0.0,0.022513259554772767,0.0,0.0,[4]
131,0.004155580303433817,2.263272508752226e-07,2.171462080604145e-06,0.0017014456380277797,0.20587768880251833,0.0,0.002844262329877058,0.0014512122110720198,0.0,0.0,5.358841416742314e-05,9.123256526157017e-05,0.0,0.001008995623297179,6.468817410010394e-05,0.0062461878586879465,0.38714216709858995,0.0,0.0,0.0,0.029383517340330203,0.0017643978718139466,0.0,[16]
132,0.004048739032399811,2.1707915617356482e-07,2.080196979183303e-06,0.0016129488512859052,0.1946946246012723,0.0,0.002570386331515445,0.0012886249526146375,0.0,0.0,3.929325436702561e-05,8.187225535803712e-05,0.0,0.0009124161335920872,3.675842986605416e-05,0.005165461476386032,0.35912426574567696,0.0,0.0,0.0,0.02730230311939417,0.0014951374743434344,0.0,[16]
133,0.004048739032399811,2.1707915617353094e-07,2.0801969791867726e-06,0.001612948851285891,0.1946946246012723,0.0,0.0025703863315154236,0.0012886249526146327,0.0,0.0,3.929325436703261e-05,8.187225535802916e-05,0.0,0.0009124161335920707,3.6758429866045316e-05,0.005165461476386032,0.3591242657456768,0.0,0.0,0.0,0.027302303119394154,0.0014951374743434344,0.0,[16]
134,0.007276577661516013,1.0334290478291097e-05,0.0003753489362452879,0.004038840951596604,0.307474951443591,0.0,0.0,0.00036579528933936787,0.0,0.0,0.0008823292396378494,0.0002512556773240451,0.0,0.0,0.0011815003318289678,0.006278101004732041,0.0,0.0007002446849759024,7.869952679441678e-05,0.005118845887715237,0.0,0.00029088644342223607,0.021701260657611663,[4]
135,0.004197029076259714,1.1644066106987072e-06,3.940745907907191e-05,0.0010897400945382796,0.10430591707069956,0.0,0.0,0.0,0.0006352517901685354,9.863233967595663e-05,0.0,0.0,0.001437528366090643,0.0,0.0,0.0,0.0,0.0,0.0,0.00010033716319465492,0.0008383176103717473,0.0,0.0,[4]
136,0.00018983725952507118,6.245032679287398e-05,0.0022445608166847836,0.006022925035209017,0.004470528933570023,0.019298974742412347,0.10245528761743194,0.0034575381463018747,0.0,0.0,0.0,0.0,0.0,0.008887380645427208,0.00656458833569499,0.0,0.0,0.004119225679690234,0.0024580287822612624,0.0,0.0,0.0007434438373477055,0.2715082428292429,[22]
137,1.8296758367373313e-05,7.652236364728717e-06,0.00027908726505727774,0.0008365754549604073,0.0006350918533345528,0.0028142696320554686,0.020460084594634036,0.0006497469106813923,0.0,4.5969413047050074e-05,0.0,0.0,0.0,0.00151261455986577,0.0016753574649340348,0.0,0.0,0.0006346989689109847,0.000379973004081593,5.253696813805994e-05,0.0,0.00018839198071497455,0.06641561531119851,[22]
138,2.22891521435797e-05,4.9989950609779694e-05,4.104243416119257e-05,0.002026193522671716,0.0,8.865452390416649e-05,0.0,0.004244503552854327,0.0,0.0009596779497737572,0.0,0.0,0.0,0.022791691998025936,0.0,0.0,0.0001600567018458485,0.0018941951639493099,0.0009276119657284261,0.0,0.0,0.0,6.633156046043875e-05,[13]
139,0.00023126017598935317,0.0004079707686942125,0.00033008402359572967,0.014586930862804354,0.0,0.0006106767132684957,0.0,0.023134435468767717,0.0,0.004699959615111283,0.0,0.0,0.0,0.12103841126086491,0.0,0.0,0.0009898910374472943,0.007544490451047663,0.001950999490366222,0.0035805364646043533,0.0,0.0,0.0,[13]
140,2.7402194400559296e-05,0.0002989737612421789,0.0008740954503318377,0.015647274958886462,7.786370828428932e-05,0.014732608285215729,0.0013689036603323297,0.008421722638426164,0.0016307829619469267,0.0010395665582371393,0.0017172043167295043,0.0,0.000139919824398283,0.0,0.003313286720170832,0.0,0.0,0.04883457123060248,0.007379767034713815,0.0008264815796061203,0.010345861049163515,0.0,0.0,[17]
141,2.3023950525310015e-05,0.0002129733100369475,4.042476382217583e-05,0.004808615195116412,0.0,0.0,0.0,0.0,0.05709973761983127,0.0013259801189483232,0.0,0.0,0.0015040421701989536,0.00555989357064092,0.0,0.0,0.0,0.0016087425545093347,0.0016451307926533315,0.0,0.0,0.0014544516234719143,0.00036726998447463466,[8]
142,2.3023950525310015e-05,0.00021297331003694578,4.042476382217583e-05,0.00480861519511641,0.0,0.0,0.0,0.0,0.057099737619831274,0.0013259801189483222,0.0,0.0,0.001504042170198944,0.00555989357064092,0.0,0.0,0.0,0.0016087425545093397,0.0016451307926533298,0.0,0.0,0.0014544516234719252,0.0003672699844746366,[8]
143,2.302395052531e-05,0.00021297331003694925,4.042476382218103e-05,0.004808615195116407,0.0,0.0,0.0,0.0,0.057099737619831274,0.00132598011894832,0.0,0.0,0.0015040421701989501,0.005559893570640927,0.0,0.0,0.0,0.0016087425545093395,0.0016451307926533328,0.0,0.0,0.001454451623471918,0.00036726998447463363,[8]
144,0.00019283614515051956,0.001312140414365628,0.00024426697274411625,0.025000797369768853,0.0,0.0,0.0,0.0,0.1833226043707392,0.0025895017015374147,0.0,0.0,0.003942287778386816,0.018767003627281505,0.0,0.0,0.0,0.0027283445004465585,0.0038036247377560744,0.0,0.0,0.007519866868193433,0.0002990167817906865,[8]
145,0.040768917703269195,0.0,0.0,0.0,0.0,0.0,0.005170887486639326,0.0,0.0062552843014684716,0.005453729448964961,0.0005534173844427579,0.0,0.0,0.0,0.0,0.02455970836734173,0.0033399210387558393,0.015938357487827834,0.0013496107499207345,0.0027207997060635144,0.0,0.002095800105220038,0.0,[15]
146,0.00434847182491659,0.0,0.0,0.0,0.0,0.0,0.0012843893779990712,0.0,0.0014660675885255347,0.0013086070623488995,0.00017724591935395787,0.0,0.0,0.0,0.0,0.0066453583400183655,0.0006447366224365605,0.0029087914834014426,0.00029258411243406404,0.0006221340863301054,0.0,0.0007609443308680343,3.7507841285478386e-05,[15]
147,0.00434847182491659,0.0,0.0,0.0,0.0,0.0,0.001284389377999072,0.0,0.0014660675885255386,0.0013086070623488976,0.00017724591935395787,0.0,0.0,0.0,0.0,0.006645358340018363,0.0006447366224365583,0.0029087914834014413,0.00029258411243406827,0.0006221340863301068,0.0,0.0007609443308680199,3.750784128548038e-05,[15]
148,1.3307100711127793e-07,0.014513033976644066,0.0,0.0,1.0969171298742836e-05,0.0,0.0009494271763020264,0.006606393275083988,0.015357680960836341,0.0,0.001494671090644844,0.32762914028666734,0.00057336193974694,0.0,0.0,0.0,3.261349930087408e-06,0.004242007976629936,0.0,0.006143131523246855,0.0,0.0,0.0011558154831702596,[11]
149,9.988494421142131e-07,0.07700040896173276,0.0,0.0,4.5566977029475184e-05,0.0,0.002046220560521476,0.016942382433982783,0.03436284558422664,0.0,0.002186524971687886,0.48212520137144854,0.0004749157178476806,0.0,0.0,0.0,5.2101746469464564e-05,0.0,0.012423023067019055,0.013688263293744455,0.0,0.00031208062919511415,0.0,[11]
150,1.0909594356145031e-07,0.011213432048729167,0.0,0.0,8.071769934480432e-06,0.0,0.0005938919830788857,0.004336301342412007,0.009725363149165325,0.0,0.0008420970023081684,0.1840571535357554,0.0002863586898456824,0.0,0.0,0.0,4.894889953488703e-06,0.00195559330741482,0.0,0.0037773952922605424,0.0,0.0,0.00023263796473844625,[11]
151,0.03993069512834468,0.0,0.0,0.0,0.0,0.0,0.004658921924213552,0.0,0.005694827353172479,0.004941626058008959,0.0004698852304755229,0.0,0.0,0.0,0.0,0.02170063811508135,0.0031308858007020974,0.015038235354058502,0.0012445920361847515,0.00248321717977672,0.0,0.0016850978306631728,0.0,[15]
152,0.0811426499910493,0.0,0.0,0.0,0.0,0.0,0.004651856033072868,0.0,0.004896108733581598,0.005510294738278602,0.0,0.0,0.02574877411911259,0.0,0.0,0.0,0.006156257695134876,0.028692327605917563,0.001968651553230515,0.003545536463072308,0.0,0.0014487427995959732,0.0,"[12, 17]"
153,0.0811426499910493,0.0,0.0,0.0,0.0,0.0,0.004651856033072873,0.0,0.0048961087335815875,0.005510294738278607,0.0,0.0,0.025748774119112597,0.0,0.0,0.0,0.006156257695134868,0.028692327605917545,0.001968651553230515,0.0035455364630723137,0.0,0.0014487427995959472,0.0,"[12, 17]"
154,0.0013605645869916266,0.0004111352245038466,0.01559241064279592,0.03205731453983048,0.002095267908854495,0.09564298631763186,0.0,0.006812141512215993,0.0,0.0,0.0,0.0022100273443964075,0.0,0.03718294882046426,0.0,0.0,0.013745569587405967,0.019916337670753816,0.012395379744028547,0.0,0.0,0.0002205823626863117,0.0,[5]
155,0.00031059737724522743,0.0001259032053504773,0.005501459308693818,0.011058871424699603,0.0007405187745738098,0.03511897364847408,0.0,0.003409694192545862,0.0,0.0,0.0,0.0008644798297652906,0.0,0.017106205192002195,0.0,0.0,0.005984592244772077,0.007750790508735084,0.005229556675217185,0.0,0.0,0.00042632294007366456,0.0,[5]
156,0.0001311329585860869,5.0377701404121825e-05,0.0019387504272760587,0.004452649508270753,0.00029731637840958107,0.013948002615434467,0.0,0.0012791838050422804,0.0,0.0,0.0,0.0003382983649099246,0.0,0.006482549744035732,0.0,0.0,0.002301770200817256,0.003077621062310592,0.002023347171906073,0.0,0.0,0.0001333131859074151,0.0,[5]
157,0.00031059737724522743,0.00012590320535047557,0.0055014593086938155,0.011058871424699608,0.0007405187745738095,0.03511897364847408,0.0,0.0034096941925458512,0.0,0.0,0.0,0.0008644798297652906,0.0,0.01710620519200219,0.0,0.0,0.005984592244772078,0.007750790508735084,0.005229556675217191,0.0,0.0,0.00042632294007368294,0.0,[5]
158,0.00011567789833041426,0.0001890476864478177,3.514105715242116e-05,0.004203829229099562,1.3787721441617025e-05,0.0,0.0,0.0,0.04761173889840213,0.001099391760082566,0.0,0.0,0.0004235971628800275,0.004665249825805609,0.0,0.0,0.0,0.0012172492733206594,0.001330302900664512,0.0,0.0,0.0,0.0,[8]
159,5.890436305407448e-05,0.003741354823210332,0.0009336124558527358,0.05778907187081427,0.0,0.0,0.003065958948131573,0.0,0.0,0.0,2.2795182984028847e-05,0.0060724388718555325,0.0011135565016331384,0.0,0.0,0.006149507593887509,0.0,0.0,0.0,0.0,0.005494031688605307,0.031092488207921397,0.0015922261314549185,[3]
160,6.342292908046188e-06,0.0005305457999029058,0.0001346831208697374,0.009509144403800412,0.0,0.0,0.0007900983147921366,0.0,0.0,0.0,0.0,0.0018292333479833173,0.00035789223152649026,0.0,0.0,0.0010463509925648237,0.0,0.0,0.0,0.0,0.0011521777427498177,0.013214017232740252,0.0006667748065475534,[21]
161,6.899834640094724e-06,0.0005884589728354687,0.00014957756470708935,0.010668913194453239,0.0,0.0,0.0009209883607646439,0.0,0.0,0.0,0.0,0.002163820947556855,0.00042521674987131024,0.0,0.0,0.0011781823548779448,0.0,0.0,0.0,0.0,0.001318112531807194,0.01611959014519845,0.000805653397195378,[21]
162,6.342292908046188e-06,0.0005305457999029067,0.00013468312086973696,0.009509144403800412,0.0,0.0,0.000790098314792149,0.0,0.0,0.0,0.0,0.001829233347983322,0.0003578922315264883,0.0,0.0,0.0010463509925648245,0.0,0.0,0.0,0.0,0.0011521777427498168,0.013214017232740233,0.0006667748065475594,[21]
163,0.056172679712047514,0.0,0.0,0.0,0.0,0.0,0.011574937386457602,0.0,0.01329828350586777,0.011886306632955321,0.0016230496857929475,0.0,0.0,0.0,0.0,0.060797042736657356,0.006082098950979311,0.028037833280103747,0.002676534936691106,0.0057266498820024055,0.0,0.009492846396823433,0.00026409469968707253,[15]
164,0.056172679712047514,0.0,0.0,0.0,0.0,0.0,0.011574937386457573,0.0,0.013298283505867793,0.011886306632955316,0.001623049685792937,0.0,0.0,0.0,0.0,0.06079704273665737,0.006082098950979305,0.02803783328010373,0.0026765349366910892,0.00572664988200241,0.0,0.009492846396823445,0.00026409469968704066,[15]
165,0.056172679712047514,0.0,0.0,0.0,0.0,0.0,0.011574937386457585,0.0,0.013298283505867798,0.011886306632955321,0.0016230496857929449,0.0,0.0,0.0,0.0,0.06079704273665735,0.0060820989509793,0.02803783328010372,0.0026765349366910723,0.00572664988200242,0.0,0.009492846396823433,0.00026409469968707253,[15]
166,2.9965460649088317e-05,0.012243138105545136,0.0006217256669363992,0.07536235516157451,0.0,0.0,0.010021966182494915,0.0,0.0,0.0013356476009643817,0.0015015024072546307,0.003076211433086463,0.0011296145575936203,0.0,0.0,0.025351987681132768,0.0003454749014344564,0.0,0.031445835824748934,0.0,0.011665881972280846,0.0,0.0,[3]
167,3.1382727379604125e-05,0.013259360080499497,0.000658724611170424,0.08064099529967506,0.0,0.0,0.01104985590348881,0.0,0.0,0.0023394024614345815,0.0016888928953391258,0.0027576789199449023,0.0013347529268944623,0.0,0.0,0.0280150055915011,0.00036887459993489874,0.0,0.03539596399183874,0.0,0.012774664769190092,0.0,0.0,[3]
168,0.0001358910294702689,0.06271734270050981,0.0020320113584249185,0.23094244812222542,0.0,0.0,0.020124567505056964,0.0,0.0,0.032630833811192056,0.0029644622407272586,0.0,0.003394697720597587,0.0,0.0,0.05897732667511844,0.0012717210008213779,0.0,0.16097688338387897,0.0,0.03190840346799995,0.0,0.0,[3]
169,0.0001436316404785954,0.023940228586621926,0.0023095030549779593,0.23096296476784287,0.0,0.0,0.01927347604595279,0.0,0.0,0.0,0.0022065787910069915,0.021933370564164965,6.274208247955009e-05,0.0,0.0,0.049929541635934604,0.0011017873968859864,0.0,0.016606959492835735,0.0,0.023449801674340017,0.0007626691479017648,0.0,[3]
170,0.0005304295536418898,0.0,4.306853951246884e-06,0.0001917718706957354,0.0024789814876125535,0.0014282972268290662,0.0,0.0030184427833519407,0.0,0.0007322104519585339,0.0,0.0,0.031113683844442904,0.006397037079939159,0.0,0.015905468240026064,0.0,0.0,0.0008186131038867393,0.0,0.007113749355221611,0.000824055672544285,0.0006217151319856013,[12]
171,0.0055034498905558085,0.0,3.4637895611750283e-05,0.0013805939730258247,0.01744829664480923,0.009799550756520042,0.0,0.016373624397118848,0.0,0.00342210774633683,0.0,0.0,0.13493238183957187,0.035511918448993054,0.0,0.07526984015995854,0.0,0.0,0.004344428549699217,0.0,0.048733266498828316,0.0031944905510433138,0.0032646109771684636,[12]
172,0.0006536919697206682,7.358272349625545e-05,0.0024718805109930106,0.008519574147801556,0.0002895465702465587,0.03225435490320106,0.0,0.0,0.0040103219072520025,0.0,0.0,0.0007036793219675051,0.032741252293132704,0.0,0.0,0.02125414662851187,0.0031820420140801896,0.0,0.0,0.00382371386641185,0.0,0.0,0.001289323894445029,"[5, 12]"
173,0.0006536919697206682,7.358272349625892e-05,0.002471880510993014,0.00851957414780156,0.0002895465702465589,0.03225435490320107,0.0,0.0,0.0040103219072520025,0.0,0.0,0.0007036793219675102,0.03274125229313271,0.0,0.0,0.021254146628511873,0.0031820420140801896,0.0,0.0,0.00382371386641185,0.0,0.0,0.001289323894445021,"[5, 12]"
174,0.0007056185178330245,8.063064480477317e-05,0.0027112531605517818,0.009414295314728238,0.0003204025604578906,0.03576089884121161,0.0,0.0,0.0045458509087996715,0.0,0.0,0.0007839381042321546,0.03745260311254952,0.0,0.0,0.02433192526461453,0.003580955239115313,0.0,0.0,0.004316743097885043,0.0,0.0,0.0014588278460818534,"[5, 12]"
175,0.21824460760636744,0.0,0.0,0.0,0.0,0.0,0.0,0.007191128774125053,0.0,0.0,0.0,0.0004935375495584436,0.02451821172379392,0.0,0.004975087794578706,0.0,0.007069446445081906,0.027217399764656394,4.529126770752293e-05,0.002570911223987365,0.0,0.0,0.003247088540015282,"[12, 17]"
176,0.21824460760636744,0.0,0.0,0.0,0.0,0.0,0.0,0.007191128774125072,0.0,0.0,0.0,0.0004935375495584455,0.02451821172379392,0.0,0.004975087794578718,0.0,0.007069446445081903,0.027217399764656383,4.529126770751034e-05,0.002570911223987358,0.0,0.0,0.0032470885400152664,"[12, 17]"
177,0.00020427669537447773,0.001486695813503434,0.004226550916626769,0.06007524048228864,0.00029181555788443153,0.050454822847880526,0.0010903049193345272,0.013583828695759517,0.0016719615306314854,0.0,0.0007288600442340755,0.0012392615491140994,5.325943940139303e-05,0.0015930836067218344,0.0,0.0,0.0,0.145163303507299,0.019796623064272843,0.0,0.016287562071569044,0.011307305224802262,0.0,[17]
178,0.0001623111365787245,0.0010743537378820579,0.003030506810933628,0.040061426275214806,0.0001929547059837911,0.03224981332172605,0.0,0.005259194602354957,0.00030606617692719985,0.0,0.0,0.0013422042105635168,0.0,0.0016957534626299573,0.0,0.0,0.0,0.08744540973817078,0.011372933290806193,0.0,0.005894223215790286,0.01045997655748385,0.0,[17]
179,0.0001623111365787245,0.0010743537378820596,0.003030506810933627,0.040061426275214806,0.00019295470598379116,0.03224981332172605,0.0,0.00525919460235495,0.0003060661769272043,0.0,0.0,0.0013422042105635155,0.0,0.0016957534626299592,0.0,0.0,0.0,0.08744540973817076,0.011372933290806197,0.0,0.005894223215790285,0.010459976557483867,0.0,[17]
180,3.108309194159084e-07,0.005912853814432377,0.0,0.003195685512495159,0.0,0.0,0.0,0.003664570021213448,0.0006174081905226953,0.0122988555748047,0.0,0.0,0.0,0.0,0.001980107493771328,0.0,8.248626243600806e-05,0.0,0.02822541769303567,0.0026609616627496758,0.0006479724964341046,0.4010163443499414,0.0002313007919281265,[21]
181,3.108309194159084e-07,0.005912853814432375,0.0,0.003195685512495159,0.0,0.0,0.0,0.003664570021213446,0.0006174081905226964,0.012298855574804693,0.0,0.0,0.0,0.0,0.0019801074937713294,0.0,8.248626243600745e-05,0.0,0.02822541769303567,0.002660961662749674,0.000647972496434106,0.4010163443499412,0.0002313007919281255,[21]
182,3.3552202385034385e-07,0.006479200456859825,0.0,0.003531302799934395,0.0,0.0,0.0,0.00412819209143273,0.0007015599862203032,0.013922677213902166,0.0,0.0,0.0,0.0,0.0022726779552268237,0.0,9.18224545807109e-05,0.0,0.03147405645186416,0.0030471216167847048,0.0007182924352696245,0.4645476156979912,0.00027924557506355793,[21]
183,2.7489747763200674e-05,4.040022212349459e-05,0.00611555187084466,0.0014623801776008736,0.00011225637952966127,0.0058402904300733065,0.0,0.001695622672427637,0.0,0.0,0.43923729615758217,0.0,0.009402337262586945,0.001623198000765768,0.0,0.0,0.0006513457938737034,0.0,0.0,0.00034894912720583303,0.0028451939424995244,0.0,0.011932390150109766,[10]
184,0.0001837831910922941,0.00018321937339599726,0.027035219718488445,0.00528519304115568,0.00039108165489864903,0.01918198222362817,0.0,0.0032239764678133353,0.0,0.0,0.45877556071482833,0.0,0.007747757780594621,0.008974357043670536,0.0,0.0,0.003096501077842373,0.002156088482266291,0.0009678768889794338,0.0,0.0,0.0,0.0,[10]
185,2.7489747763200677e-05,4.0400222123493724e-05,0.00611555187084466,0.0014623801776008736,0.00011225637952966132,0.005840290430073307,0.0,0.0016956226724276454,0.0,0.0,0.43923729615758206,0.0,0.00940233726258694,0.001623198000765771,0.0,0.0,0.0006513457938737,0.0,0.0,0.00034894912720582957,0.0028451939424995244,0.0,0.011932390150109752,[10]
186,2.301225373321635e-05,3.23511845866278e-05,0.004882349704302098,0.001139709823236461,8.709594595119585e-05,0.004499655158780602,0.0,0.0012258640344970549,0.0,0.0,0.29874321831099887,0.0,0.006270083789567312,0.0014581260523097773,0.0,0.0,0.0005518652329465489,0.0,0.0,0.00012642098342253592,0.0009310416365499875,0.0,0.007256203928971719,[10]
187,0.0012153684587476589,8.47223103122292e-08,8.252651344574399e-07,0.0007255979541206935,0.089894744623735,0.0,0.0016963794858420092,0.000963604924831435,0.0,0.0,6.378720977630557e-05,5.6201217738350055e-05,0.0,0.0006067062973259374,0.00011019658377580635,0.0054486324438915755,0.19785829344126232,0.0,0.0,0.0,0.014822909116843272,0.0013630338934590236,0.0,[16]
188,0.0029972200218652224,4.876444729396168e-05,0.0017447004328483724,0.005473412219903813,0.10164647819893198,0.012772016292637044,0.05605668218773653,0.0019390461648470915,0.0,0.0,0.0,0.0,0.0,0.0046698124299416055,0.0029292983664533706,0.0,0.0,0.002997720472736807,0.0016559896790521622,0.0013713448857633778,0.0,0.0,0.13361335211801686,[22]
189,2.2927666169979415e-05,1.0403976717175644e-05,0.00038179605396660256,0.0012065908420180577,0.0009273276247962668,0.0041715894385221325,0.04048638654934867,0.0011861551826114608,0.0,0.0001574806801051811,0.0,0.0,0.0,0.0025037051495753757,0.005495587154992162,0.0,0.0,0.0010259952893566537,0.0005487134145144092,0.00035622701390619404,0.0,0.001626729321088205,0.21339451998017045,[22]
190,1.9193238001271896e-05,8.331166353066629e-06,0.00030480680911876203,0.0009402515481323973,0.0007188708964484255,0.00321388381281458,0.028593887137877545,0.0008539917553908079,0.0,9.85672554998755e-05,0.0,0.0,0.0,0.001853350161525766,0.003598744384267198,0.0,0.0,0.0007707504755449778,0.00042255011322940366,0.00021255232409279678,0.0,0.0010166223666985034,0.14028177140892048,[22]
191,2.1240416572089347e-05,9.494565545081602e-06,0.00034808782842375355,0.0010919184604644989,0.000837906302540644,0.003762566667819841,0.03572732346185694,0.001051218397521656,0.0,0.00013514332901174645,0.0,0.0,0.0,0.0022338873443810948,0.004780617089598162,0.0,0.0,0.000919630577414934,0.0004943094643681699,0.00030375259016521814,0.0,0.0014066402477010643,0.18579518250338609,[22]
192,2.1240416572089347e-05,9.494565545080728e-06,0.000348087828423754,0.0010919184604645006,0.000837906302540644,0.0037625666678198417,0.035727323461856954,0.0010512183975216536,0.0,0.00013514332901174277,0.0,0.0,0.0,0.0022338873443810904,0.0047806170895981345,0.0,0.0,0.0009196305774149345,0.0004943094643681699,0.0003037525901652215,0.0,0.0014066402477010775,0.18579518250338614,[22]
193,0.0003590916632838006,0.0018653708029175973,0.000348222162301448,0.037171125751619224,0.0,0.0,0.0,0.0,0.31222442271606254,0.0051951296869276915,0.0,0.0,0.006165750081372369,0.031590725096115886,0.0,0.0,0.0,0.00588099845912158,0.007208517621500078,0.0,0.0,0.010418207187291152,0.0003982372707999631,[8]
194,0.00033909722901592505,0.0016971903805740312,0.00031642073426518374,0.03349220976494428,0.0,0.0,0.0,0.0,0.2730691531679484,0.004385094769317298,0.0,0.0,0.005234642130999945,0.027715949108674583,0.0,0.0,0.0,0.004890345428483915,0.006158627194731376,0.0,0.0,0.009259791129991292,0.00023360659298894367,[8]
195,3.460971471710607e-05,0.00022856979338308782,4.3297706026298354e-05,0.005163253160351386,0.0,0.0,0.0,0.0,0.059917575675307574,0.0013301883808416724,0.0,0.0,0.0013184867747372355,0.005882036162769557,0.0,0.0,0.0,0.001630379922192436,0.0016860279587312963,0.0,0.0,0.0013760556381429024,0.00021702018716047565,[8]
196,0.0011085898591672429,0.00029858214407807253,0.01042054285900448,0.021760557893348503,0.0013997118129461877,0.06219476373818615,0.0,0.0031677769687729128,0.0,0.0,0.0,0.0013587073902322122,0.0,0.019362814582826304,0.0,0.0,0.007678006108369201,0.012318072394158967,0.007109365888424502,0.0,0.0,0.0,0.0,[5]
197,0.0012268336595806673,0.0003402774134371888,0.01190020703680269,0.025270557373714437,0.001631173030379336,0.0728134113311875,0.0,0.0039054605465693114,0.0,0.0,0.0,0.0015969363809111784,0.0,0.023373899623224142,0.0,0.0,0.009225816407167542,0.014530050032500108,0.008465747559218844,0.0,0.0,0.0,0.0,[5]
198,0.05895446579289961,3.774940969987455e-05,0.0011132314816958608,0.013525145826985443,0.0,0.08206146657500546,0.0,0.032135640147340015,0.0,0.0,0.0,0.002667038350587904,0.0,0.08804461816390594,0.006049819272098271,0.0,0.0,0.0,0.005397933063650279,0.0,0.29082167026613664,0.0,0.0,[20]
199,0.018623101746555033,1.6405213900050734e-05,0.0004897701549580914,0.006586268893485936,0.0,0.04192114583755272,0.0,0.020923999445945137,0.0,0.0,0.0,0.0013131644246071447,0.0,0.055478088765333604,0.0034151538049471126,0.012119306450102172,0.0,0.0,0.004234632682843981,0.0,0.1634105923742007,0.0,0.0,[20]
200,0.07531429016946155,5.8385044131604056e-05,0.0017125161136974248,0.02036557476060542,0.0,0.12330684384159601,0.0,0.04896424602680062,0.0,0.0,0.0,0.002527586114405512,0.0,0.12685893619444316,0.0,0.048949029537838654,0.0,0.0,0.00806956801036098,0.0,0.4298338597513751,0.0,0.00450304120767958,[20]
201,0.05895446579289961,3.7749409699881463e-05,0.001113231481695854,0.013525145826985432,0.0,0.08206146657500549,0.0,0.03213564014734005,0.0,0.0,0.0,0.002667038350587904,0.0,0.08804461816390591,0.006049819272098264,0.0,0.0,0.0,0.0053979330636502836,0.0,0.29082167026613664,0.0,0.0,[20]
202,0.018623101746555033,1.640521390006114e-05,0.0004897701549580828,0.006586268893485928,0.0,0.04192114583755272,0.0,0.02092399944594514,0.0,0.0,0.0,0.0013131644246071367,0.0,0.05547808876533364,0.003415153804947133,0.012119306450102188,0.0,0.0,0.004234632682843981,0.0,0.16341059237420072,0.0,0.0,[20]
203,0.06036601958753248,4.951667717847135e-05,0.0014044047431332632,0.015258126072959127,0.0,0.08812197367852354,0.0,0.020554290134498738,0.0,0.0,0.0033717311817861076,0.0031887062586329327,0.0,0.057133923868361004,0.008340654808459766,0.0,0.0,0.0,0.0010432840756593028,0.0,0.2750755610541456,0.0,0.0005998861624626355,[20]
204,1.61220590622794e-05,0.009309666061794123,0.00033456373455721086,0.043280464391167534,0.0,0.0,0.006194398370061805,0.0,0.0,0.006401549600617111,0.0010267914989152917,0.0,0.0010960638118345542,0.0,0.0,0.01635665219812546,0.00020941892505351491,0.0,0.029836138740069004,0.0,0.007605748811314504,0.0,0.0,[3]
205,2.47523801499299e-05,5.74208831394292e-05,4.726010990076554e-05,0.002382132122641409,0.0,0.00010522552347336319,0.0,0.005388644583132362,0.0,0.0012747494894560603,0.0,0.0,0.0,0.029206373579686723,0.0,0.0,0.00019518597064459593,0.002597390491885163,0.0014074986518286896,0.0,0.0,0.0,0.00019489978060784088,[13]
206,2.5557120279013254e-05,6.064425388017565e-05,5.000569445089924e-05,0.0025624648456285338,0.0,0.00011411238602210264,0.0,0.006230822748202806,0.0,0.00154432468926752,0.0,0.0,0.0,0.03409021385264156,0.0,0.0,0.0002169228467398652,0.0032149947732770193,0.0018848878963374594,0.0,0.0,0.0,0.0003910211518637604,[13]
207,0.0012554477354535822,0.0,0.0,0.0,0.0,0.0,0.0,0.0008472350598100904,0.0,0.00029865982869775105,0.0,0.0,0.011942952515803995,0.001163414038190051,0.0,0.007868007130660618,0.00016925839698547426,0.0013832796569630257,0.0002472742051143159,0.0,0.0,0.0007077094782545366,0.0006866684952649883,[12]
208,2.0824091328762376e-08,0.004930557055630603,0.0,0.0,2.4431248574478716e-05,0.0008620362427899736,0.0004248706179985473,0.0,0.0007283574178698136,0.0,5.764680128430284e-06,0.0,0.0,0.00011232294058737615,0.0,0.0003983624480584412,0.0,0.00262535717149665,0.0,0.00014060085472108823,0.0,0.0,0.0005013278801428627,[1]
209,2.754965194141401e-07,0.07245432758083951,0.0,0.0,0.0004342218565488292,0.01614762174255448,0.0,0.0,0.0,0.3311663570274965,0.0,0.0,0.0031971475557176165,0.0,0.0,0.0,0.0,0.04405264946383257,0.0,0.0,0.0017874574478971717,0.0,0.0053525420652856814,[9]
210,2.754965194141401e-07,0.07245432758083951,0.0,0.0,0.00043422185654882925,0.016147621742554484,0.0,0.0,0.0,0.33116635702749647,0.0,0.0,0.0031971475557176074,0.0,0.0,0.0,0.0,0.04405264946383256,0.0,0.0,0.0017874574478971604,0.0,0.005352542065285672,[9]
211,2.8928871932569256e-07,0.07915054991488646,0.0,0.0,0.0004953209118857861,0.01860398114730167,0.0,0.0,0.0,0.4833693848750036,0.0,0.018503476026906548,0.004418625166197834,0.0,0.0,0.0,0.0,0.04938636580053277,0.0,0.0,0.002566563569905791,0.0,0.0027090755167730636,[9]
212,2.754965194141401e-07,0.07245432758083954,0.0,0.0,0.00043422185654882914,0.01614762174255448,0.0,0.0,0.0,0.33116635702749647,0.0,0.0,0.0031971475557176212,0.0,0.0,0.0,0.0,0.04405264946383256,0.0,0.0,0.0017874574478971682,0.0,0.005352542065285678,[9]
213,1.7426244626408478e-06,0.29479026656248414,0.0,0.0,0.0012564823051576634,0.04366314013464077,0.0,0.0,0.0,0.20772883959755956,0.0,0.0,0.0024252837868485202,0.0,0.0,0.0,0.0,0.11931167726327965,0.0,0.0030151090895555606,0.0,0.0,0.012858230745898001,[1]
214,2.7549651941414005e-07,0.07245432758083954,0.0,0.0,0.0004342218565488291,0.01614762174255448,0.0,0.0,0.0,0.33116635702749647,0.0,0.0,0.0031971475557176173,0.0,0.0,0.0,0.0,0.04405264946383256,0.0,0.0,0.001787457447897174,0.0,0.0053525420652856814,[9]
215,2.025017445771769e-05,0.0018891914567330465,0.00041444720969791704,0.0463806824147784,0.0,0.0,0.0,0.028889914543577207,0.021372956433117117,0.0003900536133731169,0.0,0.0,0.000180833425092478,0.0,0.007248124797977845,0.006288053850441162,0.0019813834871732646,0.0,0.0,0.11258493222030969,0.0,0.0018962151993557183,0.004916376290815714,[19]
216,2.025017445771769e-05,0.001889191456733043,0.0004144472096979177,0.04638068241477839,0.0,0.0,0.0,0.028889914543577196,0.021372956433117117,0.0003900536133731114,0.0,0.0,0.0001808334250924753,0.0,0.00724812479797785,0.006288053850441161,0.0019813834871732702,0.0,0.0,0.11258493222030971,0.0,0.0018962151993557434,0.004916376290815707,[19]
217,2.025017445771769e-05,0.001889191456733043,0.00041444720969791704,0.04638068241477839,0.0,0.0,0.0,0.028889914543577186,0.021372956433117127,0.0003900536133731077,0.0,0.0,0.00018083342509248309,0.0,0.007248124797977845,0.006288053850441154,0.0019813834871732607,0.0,0.0,0.11258493222030969,0.0,0.0018962151993557354,0.004916376290815705,[19]
218,7.567555724915776e-05,0.003987001631818509,0.0009292593026292357,0.10200267234019149,0.0,0.0,0.0,0.08239769874416189,0.04316073813367099,0.005013898454818672,0.0,0.0,0.0,0.0,0.019663743617616556,0.008578969759263807,0.004837651048011065,0.0,0.0,0.26013851587537573,0.0,0.0,0.008760582727577914,[19]
219,0.00053280351872668,0.002877781591943917,0.0011652093558371193,0.08075560883913899,0.0,0.0,0.0,0.08228779632838688,0.0,0.01073578654500621,0.0,0.0,0.0,0.23246893993421403,0.002536977675030819,0.0,0.004313592617000118,0.0014564068770007638,0.0,0.10752705727828797,0.0,0.0,0.0002235432201873685,[13]
220,0.00029447608417570954,0.0015798910988374655,0.0006718286618649813,0.051257262679986086,0.0,0.0,0.0,0.07094489545003296,0.0,0.009415025896299696,0.0,0.0,0.0,0.11313199516129835,0.005736216896836842,0.0,0.003244949212731692,0.0,0.0,0.11320447231115457,0.0,0.0,0.0009145374926650976,"[13, 19]"
221,3.922314988058855e-08,0.015336116355952339,0.0,0.0,0.00012274439606515833,0.004824431575876427,0.0,0.0,0.0,0.2316156045685854,0.0,0.02534179289606073,0.0019318912549735059,0.0,0.003090054011719891,0.0,0.0,0.011512410267931022,0.0,0.0,0.001222027619659248,0.011860690683322463,0.0,[9]
222,3.922314988058855e-08,0.015336116355952337,0.0,0.0,0.00012274439606515833,0.004824431575876428,0.0,0.0,0.0,0.23161560456858532,0.0,0.02534179289606074,0.0019318912549735154,0.0,0.0030900540117198725,0.0,0.0,0.011512410267931025,0.0,0.0,0.0012220276196592522,0.011860690683322458,0.0,[9]
223,3.922314988058855e-08,0.015336116355952337,0.0,0.0,0.00012274439606515833,0.004824431575876428,0.0,0.0,0.0,0.2316156045685854,0.0,0.025341792896060752,0.0019318912549735083,0.0,0.003090054011719892,0.0,0.0,0.01151241026793102,0.0,0.0,0.0012220276196592435,0.011860690683322466,0.0,[9]
224,3.922314988058855e-08,0.015336116355952337,0.0,0.0,0.0001227443960651583,0.0048244315758764296,0.0,0.0,0.0,0.23161560456858532,0.0,0.025341792896060752,0.0019318912549735098,0.0,0.0030900540117198873,0.0,0.0,0.01151241026793102,0.0,0.0,0.0012220276196592504,0.011860690683322468,0.0,[9]
225,2.8087263704283783e-07,0.005188333106509124,0.0,0.0027517903853917195,0.0,0.0,0.0,0.002992585829257779,0.00048777781341594913,0.009878845568391777,0.0,0.0,0.0,0.0,0.0014968439886405961,0.0,6.968688963848537e-05,0.0,0.02374962944044014,0.002066121280480181,0.0005546659103510594,0.2869956104991536,0.0001462037316858311,[21]
226,6.713911715175665e-05,0.0012795305390287989,0.00032606227827709636,0.025702589701589576,0.0,0.0,0.0008551408652240589,0.0,0.0,0.0,0.0,0.0034307547028366654,0.0,0.07501515034960334,0.0003970755855956448,0.000633661271178249,0.0006099494266097948,0.00046542127609550024,0.0,0.0,0.0,0.021992718810341417,0.0,[13]
227,6.713911715175665e-05,0.0012795305390287989,0.00032606227827709636,0.025702589701589576,0.0,0.0,0.0008551408652240482,0.0,0.0,0.0,0.0,0.003430754702836675,0.0,0.07501515034960332,0.0003970755855956563,0.0006336612711782474,0.0006099494266097922,0.00046542127609550924,0.0,0.0,0.0,0.021992718810341413,0.0,[13]
228,0.0002229187272800983,0.0003841694682052671,0.0003102498457042565,0.013489627591464963,0.0,0.0005603839637672612,0.0,0.02001537943867515,0.0,0.0038963532210099135,0.0,0.0,0.0,0.1037928290672658,0.0,0.0,0.0008878551302405615,0.005779431356375319,0.0008305528723152252,0.004263469453326058,0.0,0.0,0.0,[13]
229,2.22891521435797e-05,4.9989950609778826e-05,4.1042434161192354e-05,0.002026193522671718,0.0,8.865452390416674e-05,0.0,0.0042445035528543285,0.0,0.0009596779497737583,0.0,0.0,0.0,0.022791691998025946,0.0,0.0,0.00016005670184584796,0.0018941951639493099,0.0009276119657284283,0.0,0.0,0.0,6.633156046043987e-05,[13]
230,0.06553971849351184,0.0009896269913874315,0.02235793396654936,0.0944179000370845,0.0,0.3214940430651101,0.004830740150155755,0.0,0.00432939217472508,0.0,0.0019477021706014752,0.004649843815725812,0.016150642447251787,0.0,0.0,0.0,0.0010620418471235164,0.0,0.0,0.038012834560784185,0.11935845510034565,0.0,0.0033885095750012624,[5]
231,0.007641879388706884,0.001188054276118183,0.004057862356058178,0.05383552611019134,0.0,0.05589319137662832,0.0,0.05486705404884442,0.0,0.0093883418122359,0.0,0.0,0.0011763529305119779,0.24996807080143682,0.0,0.0,0.003050975169628981,0.0,0.0,0.04264487332122997,0.009963797254373167,0.0,0.0,[13]
232,0.007641879388706884,0.0011880542761181813,0.004057862356058179,0.05383552611019131,0.0,0.05589319137662832,0.0,0.05486705404884443,0.0,0.009388341812235898,0.0,0.0,0.0011763529305119857,0.24996807080143682,0.0,0.0,0.0030509751696289836,0.0,0.0,0.04264487332122999,0.009963797254373158,0.0,0.0,[13]
233,0.007637097347404493,0.0004803597663936614,0.01545359627693297,0.04036589239210479,0.0016330302768734965,0.12648930326167596,0.0,0.0,0.0,0.0,0.0,0.0022842928378819334,0.0006216528054561234,0.018952403145564217,0.0,0.0,0.010643456003218336,0.0,0.005318362185526193,0.0,0.0,0.0,0.0,[5]
234,0.04064850745766938,0.00013520580434970956,0.003181566133143014,0.01691726833629449,0.0,0.06648344842070118,0.0013864396181798298,0.0,0.0,0.0,0.0004184038285062931,0.0014558473305150421,0.0,0.0,0.0,0.0,0.0,0.0,0.0,0.0037463383440364205,0.06206748530260859,0.0,0.0,"[5, 20]"
235,0.06158101927974442,0.0003746061954711238,0.009275766711243793,0.05586580429034286,0.0,0.2393500040940157,0.02502614428747245,0.0,0.01987837936450695,0.0,0.02083308440432813,0.005119570792413498,0.01000199317341357,0.0,0.0,0.0,0.0,0.0,0.0,0.0316246857643193,0.23804614333871177,0.01278033190550222,0.015504431643616335,"[5, 20]"
236,0.05155245688129004,0.00020639810126577845,0.004950444146247065,0.028657796387070725,0.0,0.11870328620699173,0.00816754991936306,0.0,0.0051145200059174185,0.0,0.006249713662820907,0.002712520988954497,0.0,0.0,0.0,0.0,0.0,0.0,0.0,0.01136562199536756,0.1197265710469264,0.0032849174214420996,0.0023423286434985174,"[5, 20]"
237,0.05155245688129004,0.0002063981012657854,0.0049504441462470666,0.028657796387070732,0.0,0.11870328620699173,0.008167549919363068,0.0,0.005114520005917407,0.0,0.006249713662820915,0.00271252098895449,0.0,0.0,0.0,0.0,0.0,0.0,0.0,0.011365621995367534,0.1197265710469264,0.0032849174214420623,0.002342328643498525,"[5, 20]"
238,0.018750495586068717,0.0003580262868837709,0.009302746426509002,0.04827490756340099,0.0,0.19686807996300978,0.018399022885746668,0.0,0.021183012886687707,0.0,0.012966524648887352,0.0035014975134258536,0.06541933571501811,0.0,0.0,0.0494910265306418,0.0,0.0,0.0,0.034043025450545134,0.1181001507316441,0.0,0.014544897059796258,[5]
239,0.018750495586068713,0.00035802628688378485,0.009302746426509004,0.048274907563401005,0.0,0.1968680799630097,0.018399022885746665,0.0,0.021183012886687662,0.0,0.01296652464888737,0.0035014975134258805,0.06541933571501805,0.0,0.0,0.04949102653064179,0.0,0.0,0.0,0.034043025450545134,0.1181001507316441,0.0,0.014544897059796273,[5]
240,9.706256212340172e-06,0.002287060514355596,0.0002541353061992094,0.04246757407796491,0.0,0.0,0.0,0.3057845966923876,0.0,0.0,0.0,0.0,0.0,0.0,0.0,0.0,0.0007251054643658122,0.0,0.0027977044510459187,0.0,0.0,0.0161933044738579,0.0,[7]
241,9.706256212340172e-06,0.0022870605143555994,0.00025413530619920917,0.042467574077964906,0.0,0.0,0.0,0.3057845966923876,0.0,0.0,0.0,0.0,0.0,0.0,0.0,0.0,0.0007251054643658129,0.0,0.0027977044510459344,0.0,0.0,0.016193304473857893,0.0,[7]
242,9.706256212340172e-06,0.0022870605143555994,0.0002541353061992094,0.042467574077964906,0.0,0.0,0.0,0.30578459669238767,0.0,0.0,0.0,0.0,0.0,0.0,0.0,0.0,0.0007251054643658162,0.0,0.0027977044510459305,0.0,0.0,0.016193304473857903,0.0,[7]
243,9.706256212340172e-06,0.0022870605143555977,0.0002541353061992098,0.04246757407796491,0.0,0.0,0.0,0.3057845966923876,0.0,0.0,0.0,0.0,0.0,0.0,0.0,0.0,0.000725105464365812,0.0,0.0027977044510459305,0.0,0.0,0.016193304473857927,0.0,[7]
244,0.026893911005787648,0.00011515399495316275,0.0029679420810654333,0.023096554703383686,0.0,0.11518158975770341,0.010672864582114009,0.0,0.00041937729727765385,0.0,0.012312765312874781,0.003021303138182373,0.0,0.0,0.0018620459131963023,0.022467621932486775,0.0,0.0,0.0,0.0,0.22811063620247451,0.009538065451365613,0.009307199684910459,[20]
245,0.021203561305755212,0.00031712468629855635,0.007823656212302733,0.045536749417429925,0.0,0.19203050080929912,0.022004837908187944,0.0,0.018986654714127194,0.0,0.01847415168751189,0.0035996105631192206,0.03363843256738589,0.0,0.0,0.04299935838278172,0.0,0.0,0.0,0.03083821473004336,0.16732079359532062,0.012394505437328408,0.015915360283538984,"[5, 20]"
246,0.010570953582899828,9.887015989958653e-05,0.002495163405906885,0.017293226975537507,0.0,0.07971256050682614,0.011761775809820657,0.0,0.008092567902671117,0.0,0.011197351861451621,0.0018586418124346997,0.0,0.0,0.0,0.01987796582637163,0.0,0.0,0.0,0.010375877142932498,0.10249101907324003,0.011194450480114485,0.008531079752932944,[20]
247,1.7082083667703798e-05,0.04409200529332835,0.00016563968640257644,0.05349756044588885,0.0,0.0,0.0017784271484881293,0.0,0.0,0.041989915634580516,0.00042422700560944255,0.0,0.0008269044969418884,0.0,0.0,0.012576710814659026,0.0005268598314244735,0.0,0.1446569370120848,0.0,0.00973036860563984,0.0,9.358717260544423e-05,[18]
248,0.10765372278688672,0.0,0.0,0.0,0.0,0.0,0.003949979955658303,0.0,0.002769596964648265,0.0017046143798851705,0.0,0.0,0.0,0.0,0.0014353148565177138,0.0,0.0004095664145714215,0.0013957336649246242,0.0,0.0,0.0,0.0,0.0,[6]
249,0.14705025793119642,0.0,0.0,0.0,0.012393649045652847,0.0,0.007505094224984008,0.0,0.008559975248837738,0.003258125194456025,0.0,5.327915099308508e-05,0.0,0.0,0.002503926300287577,0.0,0.0,0.0020022479008170494,0.0,0.0,0.0,0.0,0.0,[4]
250,0.0012268336595806673,0.0003402774134371861,0.011900207036802701,0.02527055737371444,0.0016311730303793365,0.0728134113311875,0.0,0.0039054605465692993,0.0,0.0,0.0,0.0015969363809111806,0.0,0.023373899623224118,0.0,0.0,0.00922581640716753,0.014530050032500108,0.008465747559218844,0.0,0.0,0.0,0.0,[5]
251,0.00803313129868133,8.153133701721435e-06,0.0002431685934682703,0.0032851917659664272,0.0,0.021054849921896473,0.0,0.011096751639014394,0.0,0.0003552590619192662,0.0,0.0004371649749970777,0.0,0.028432968019518206,0.0,0.016140199702668303,0.0,0.0,0.0022886585129986035,0.0,0.08293106314467193,0.0,0.0008618167920325785,[20]
252,0.00803313129868133,8.153133701728377e-06,0.00024316859346827074,0.0032851917659664272,0.0,0.021054849921896473,0.0,0.011096751639014388,0.0,0.00035525906191927306,0.0,0.0004371649749970852,0.0,0.028432968019518206,0.0,0.016140199702668303,0.0,0.0,0.002288658512998608,0.0,0.08293106314467193,0.0,0.0008618167920325746,[20]
253,0.04159059320283291,2.109777867407643e-05,0.0006145280049881306,0.006631388001199792,0.0,0.03758062579220371,0.0,0.008241331923245722,0.0,0.0,0.0001409367079685738,0.0012964292092212304,0.0,0.025242615954860784,0.002205694332070538,0.0,0.0,0.0,0.00029978153899269655,0.0,0.11270408665571424,0.0,0.0,[20]
254,0.00023428623178073686,6.896613069393943e-05,0.0025730083468342795,0.0063762356980774145,0.0004028928435415996,0.02037971326854207,0.0,0.0014831431244692317,0.0,0.0,0.0,0.0004526268241249615,0.0,0.00842425409669565,0.0,0.0,0.003215826261358003,0.0031575922114951836,0.002571288223256804,0.0,0.0,0.00015820706951535216,0.0,[5]
255,0.00023428623178073686,6.896613069393943e-05,0.0025730083468342804,0.0063762356980774145,0.00040289284354159917,0.020379713268542075,0.0,0.0014831431244692384,0.0,0.0,0.0,0.00045262682412496887,0.0,0.008424254096695644,0.0,0.0,0.0032158262613580044,0.003157592211495188,0.0025712882232568047,0.0,0.0,0.00015820706951535866,0.0,[5]
256,0.017910079627041723,0.0002937622962957073,0.007219497819806747,0.04061073130731548,0.0,0.16722415087965775,0.018208327826825833,0.0,0.017461609674217823,0.0,0.01426583117951648,0.0029062445987606605,0.0432399480448753,0.0,0.0,0.03364226696719746,0.0,0.0,0.0,0.029916768940991934,0.1209239389802905,0.007529108175996788,0.012759296154745402,[5]
257,0.023591452861422824,1.5818372728748748e-05,0.0005136488305495723,0.007673742872990594,0.0,0.05095506074773891,0.0,0.03480137852309259,0.0,0.002645315636006516,0.0,0.0,0.03366211781556194,0.08646100732523607,0.0,0.07381091485134804,0.0,0.0,0.008011114370196288,0.0,0.21064951003769466,0.0,0.004047285850624153,[20]
258,0.017605157701410006,0.0,0.0,0.00105009478814678,0.12233720769608934,0.0,0.0,0.0,0.004490087622026002,0.0007500278984214645,0.0,0.0,0.00018852302167075464,0.0,0.0,0.0,0.0,0.0,1.7516406902971462e-06,0.0,0.0010212053771595179,0.0,0.0,[4]
259,0.00028737400197097364,0.0007962542894196586,0.160482099792058,0.0,0.0,0.0,0.0,0.001304690563047052,0.0,0.0,0.022121455372031668,0.0,0.0,0.00484462851682286,0.0,0.0,0.0014269080100926858,0.0,0.0008249440064115273,0.0,0.0,0.0,0.0,[2]
260,0.004968351114867793,0.0,2.3878675549512618e-05,0.0010874739779092148,0.000184855516222044,0.009033843653964384,0.0,0.013877639013039046,0.0,0.0027056408017866675,0.0,0.0,0.09943898114721866,0.03050992272912247,0.0,0.06034315112442138,0.0,0.0,0.003670124385861059,0.0,0.0454580747758453,0.002918182510319258,0.004007947031714248,[12]
261,0.00015182338731285221,0.0009342382420013,0.20305492422315372,0.0,0.0,0.0,0.005789504801466745,0.0,0.001078710423476375,0.0018173824091572929,0.0,0.0,0.0004034109807442978,0.0,0.0013491452225632547,0.007669827350578892,0.0,0.0,0.0,0.0021426166854592024,0.02825133491553698,0.0001583539109015941,0.005162544549131677,[2]
262,0.00015182338731285221,0.0009342382420012948,0.20305492422315372,0.0,0.0,0.0,0.005789504801466739,0.0,0.0010787104234763773,0.0018173824091572872,0.0,0.0,0.0004034109807443007,0.0,0.001349145222563262,0.007669827350578884,0.0,0.0,0.0,0.002142616685459209,0.02825133491553698,0.0001583539109016096,0.005162544549131677,[2]
263,2.1362192204445003e-05,1.0220031429616505e-05,0.000377248737104984,0.001268485394466761,0.0009922829272808592,0.004569807008876704,0.16967141407890207,0.0026858227151132725,0.0011208370070163074,0.0011477611622803072,0.0046524308582371905,0.0,0.0035644527837144164,0.000681791723499628,0.0,0.0,0.0006201566510071938,0.00027292100358163106,1.553494828109354e-06,0.0032443239863491897,0.004578759055576197,0.0,0.0,[6]
264,3.0716906306968095e-05,1.6184180164853708e-05,0.0006014270413995302,0.0021355918523771615,0.0016906667132318121,0.00789806303396456,0.36310901679072716,0.005504092802411031,0.0025464027047830424,0.0025356725125369505,0.012702781952564659,0.0,0.008241565607302537,0.0003558344579134134,0.0,0.0,0.0016767988183219672,0.0001220849874622916,0.0,0.007258489801925318,0.013120588604098064,0.0,0.0,[6]
265,5.289995433808376e-05,0.006877056735099749,0.0007301834407134957,0.081155251766156,0.0,0.0,0.008466586296299794,0.0,0.0,0.0,0.0010650365954696934,0.013275288855064392,0.00017990803981314665,0.007135784812164807,0.011221777774156878,0.019526089557365293,0.00040635000106607814,0.0,0.0013085070081067687,0.0,0.0090450356377146,0.015405420719921464,0.0,[3]
266,5.289995433808376e-05,0.00687705673509974,0.0007301834407134974,0.081155251766156,0.0,0.0,0.008466586296299778,0.0,0.0,0.0,0.001065036595469677,0.013275288855064392,0.00017990803981312917,0.00713578481216479,0.011221777774156873,0.01952608955736529,0.00040635000106608573,0.0,0.0013085070081067715,0.0,0.0090450356377146,0.015405420719921478,0.0,[3]
267,0.0018803781940223312,0.0010800288443807808,0.001585324809218243,0.042320266713855616,0.0,0.014974004643246554,0.0,0.06017121079632897,0.0,0.010998190535614426,0.0,0.0,0.0,0.255981118098909,0.0,0.0,0.0028134344076107846,0.0018725742445951246,0.0,0.03702123695264507,0.0,0.0,0.0,[13]
268,2.80980989167971e-08,0.004060144506948076,0.0,0.0,3.7081129020038537e-06,0.0,0.000514434334287819,0.0031720010929276636,0.008071701798534498,0.0,0.001007484974857619,0.22244866705591249,0.00046821512100416677,0.0,0.0,0.0,0.0,0.003719516253675135,0.0,0.003505476343283814,0.0,0.0,0.0017936382052145905,[11]
269,1.492468019887897e-07,0.016938835636896396,0.0,0.0,1.3247964595069903e-05,0.0,0.0012916714178049194,0.008672118575187605,0.020696557477812585,0.0,0.0021903550754492217,0.4815462723888158,0.0009062727253868981,0.0,0.0,0.0,2.1189996141805298e-07,0.0068805767786194304,0.0,0.008508970827247532,0.0,0.0,0.002537074832499028,[11]
270,1.2519113211050577e-07,0.013623158062184084,0.0,0.0,1.033318633609303e-05,0.0,0.000933254414414182,0.006384328165121381,0.015018774088594321,0.0,0.0015325391437590328,0.3368372434816738,0.0006171424685597254,0.0,0.0,0.0,1.869560870883412e-06,0.00457470485053407,0.0,0.006124681398998951,0.0,0.0,0.0016113859999406306,[11]
271,1.709272883343098e-08,0.0025730715551175783,0.0,0.0,2.4180801702605482e-06,0.0,0.00035959207140178883,0.00217961031036878,0.005617166131727321,0.0,0.0007240482059475104,0.16005515719559268,0.00034344358085499114,0.0,0.0,0.0,0.0,0.002733024223525227,0.0,0.002474099354410152,0.0,0.0,0.0013845502135609322,[11]
272,0.0011085898591672429,0.00029858214407806993,0.010420542859004484,0.02176055789334851,0.0013997118129461883,0.06219476373818616,0.0,0.003167776968772886,0.0,0.0,0.0,0.0013587073902322088,0.0,0.019362814582826293,0.0,0.0,0.007678006108369197,0.012318072394158993,0.007109365888424485,0.0,0.0,0.0,0.0,[5]
273,0.05159072885379884,0.0,0.0,0.0,0.0,0.0,0.0030831358633840347,0.0018775840519295894,0.003977693068860985,0.006066303691866917,0.0,0.0,0.03652073053499266,0.001202899483276193,0.0,0.04995380319260683,0.003551252297239841,0.021029734148590908,0.0022397503632171434,0.0020015588875125236,0.0,0.0036440537483067533,0.0017488735808122065,[15]
274,8.404497505770545e-06,0.0018522143709831654,0.000204712707436446,0.03260943657597463,0.0,0.0,0.0,0.1869909905913093,0.0,0.0,0.0,0.0,0.0,0.0,0.0,0.0,0.0004781295339074003,0.0,0.0015385640635447223,0.0,0.0,0.02536491256104455,0.0,[7]
275,8.404497505770545e-06,0.0018522143709831672,0.0002047127074364459,0.03260943657597463,0.0,0.0,0.0,0.18699099059130928,0.0,0.0,0.0,0.0,0.0,0.0,0.0,0.0,0.00047812953390740363,0.0,0.0015385640635447297,0.0,0.0,0.02536491256104453,0.0,[7]
276,8.404497505770545e-06,0.0018522143709831628,0.00020471270743644595,0.03260943657597463,0.0,0.0,0.0,0.1869909905913093,0.0,0.0,0.0,0.0,0.0,0.0,0.0,0.0,0.0004781295339074061,0.0,0.0015385640635447234,0.0,0.0,0.02536491256104455,0.0,[7]
277,0.027277905140316857,0.0,0.0,0.0,0.0,0.0,0.0,0.00411124631803867,0.0,0.0,0.0013996368733644902,1.5996214127784782e-05,0.0,0.00032575183158047705,0.0,0.050844494580654716,0.00186031676737838,0.008822549331931785,6.900105168067386e-05,0.0018463805749895615,0.0,0.0013119098459318588,0.0015607287767626108,[15]
278,0.027277905140316857,0.0,0.0,0.0,0.0,0.0,0.0,0.004111246318038678,0.0,0.0,0.0013996368733644967,1.5996214127790752e-05,0.0,0.00032575183158046876,0.0,0.05084449458065473,0.0018603167673783782,0.008822549331931804,6.900105168067386e-05,0.001846380574989565,0.0,0.0013119098459318283,0.0015607287767626108,[15]
279,0.0001446730890064129,0.0002543708414595849,4.753412834191604e-05,0.0059409521229344744,1.9531003193296728e-05,0.0,0.0,0.0,0.08059256965665368,0.0022162025169314764,0.0,0.0,0.0007188538241868885,0.00768535976457188,0.0,0.0,0.0,0.002414499177333295,0.002515802592836283,0.0,0.0,0.0,0.0,[8]
280,1.394377773064335e-05,3.1168864969970564e-05,5.910361082418745e-06,0.0008252277976579775,2.7278310418336958e-06,0.0,0.0,0.0,0.015482410958396803,0.000520703458434386,0.0,0.0,0.00013859046679983632,0.001419935662318611,0.0,0.0,0.0,0.0005588955451571606,0.0005540029597229326,0.0,0.0,0.0,2.1586339937385156e-05,[8]
281,0.0005906882999110825,6.456639929957846e-05,0.002164528459695193,0.007336205284180139,0.0002484947034064279,0.027550386103411963,0.0,0.0,0.0032100290320622045,0.0,0.0,0.0005912041123390218,0.025213780957120402,0.0,0.0,0.01642240809493671,0.0026028116539129347,0.0,0.0,0.00309878435525938,0.0,0.0,0.0010326400033937038,"[5, 12]"
282,0.00019674565925684447,0.00010255949645749103,0.00740319344260697,0.007639679041923752,0.0005226736002606721,0.024996973161112365,0.0,0.002872518742756625,0.0,0.0,0.005708157092438222,0.000652129951695982,0.0,0.013873147816698093,0.0,0.0,0.004593552000059843,0.00588422531557919,0.004053809903057535,0.0,0.0,0.00046936034562514915,0.0,[5]
283,0.00019674565925684447,0.00010255949645749103,0.007403193442606968,0.007639679041923752,0.0005226736002606719,0.024996973161112362,0.0,0.0028725187427566215,0.0,0.0,0.005708157092438228,0.0006521299516959815,0.0,0.013873147816698088,0.0,0.0,0.004593552000059848,0.005884225315579183,0.004053809903057538,0.0,0.0,0.0004693603456251478,0.0,[5]
284,3.122563449195972e-06,0.06285843580601591,0.0,0.018863558416590154,0.0,0.0,0.0,0.02285191153589412,0.013480562995690538,0.03328736902337201,0.0,0.0,0.0,1.953027001928748e-05,0.015260495672716179,0.0,0.0005169356764199271,0.0,0.16312081690177463,0.013383456124186021,0.002782228496665516,0.0,0.0,[18]
285,0.00014262268687867575,0.0008921841904738551,0.0025049801688226086,0.03171674270409078,0.0001520001971090501,0.024892788178098493,0.0,0.0027782442211976527,5.3242137777393237e-05,0.0,0.0,0.0011775568816314052,0.0,0.001534823334771539,0.0,0.0,0.0,0.06514473121454638,0.008250411408939595,0.0,0.0026786094891855005,0.007752932458237861,0.0,[17]
286,0.00022872518699581184,0.0005181930557104824,0.00035060769895498266,0.01846591779262739,0.0,0.0,0.0,0.029694225406982678,0.0,0.0050449692622539614,0.0,0.0,0.0,0.10018568657791332,0.0,0.0,0.0012669467818822368,0.00427063550815228,0.0,0.025056725697556455,0.0,0.0,0.0,[13]
287,0.00022872518699581184,0.0005181930557104832,0.00035060769895498136,0.018465917792627403,0.0,0.0,0.0,0.029694225406982695,0.0,0.0050449692622539675,0.0,0.0,0.0,0.1001856865779133,0.0,0.0,0.001266946781882237,0.004270635508152276,0.0,0.02505672569755644,0.0,0.0,0.0,[13]
288,1.50958302030225e-05,0.009082268670982496,0.0003036005449449158,0.03955383653650958,0.0,0.0,0.005569274781270109,0.0,0.0,0.007789416370670429,0.0009565491610898861,0.0,0.0011575911617022698,0.0,0.0,0.01503698289035098,0.00019832880627430492,0.0,0.030427034602399945,0.0,0.007056898412387744,0.0,0.0002463426592219123,[3]
289,2.073513230433988e-05,0.011403557320207506,0.0004097028633370302,0.05381237492794581,0.0,0.0,0.00790697471124978,0.0,0.0,0.009203276283052569,0.0013676468788780371,0.0,0.0016157064673571343,0.0,0.0,0.020950096728088598,0.0002683695020238068,0.0,0.03834860057089011,0.0,0.009626510350761536,0.0,5.855045936222643e-05,[3]
290,4.905381755890362e-05,0.012183185816250346,0.0006558315685536487,0.077354332310131,0.0,0.0,0.008525079796319415,0.0,0.0,0.001596535725881369,0.0013090759630294136,0.0024111379491147623,0.001279379368214556,0.004330983433862837,0.0,0.02194571499793582,0.00041379386038679786,0.0,0.030155432000394358,0.0,0.010546848751376113,0.0,0.0,[3]
291,1.50958302030225e-05,0.009082268670982495,0.00030360054494491537,0.03955383653650959,0.0,0.0,0.005569274781270093,0.0,0.0,0.007789416370670425,0.0009565491610898835,0.0,0.0011575911617022552,0.0,0.0,0.015036982890350978,0.0001983288062743063,0.0,0.030427034602399934,0.0,0.007056898412387742,0.0,0.00024634265922192025,[3]
292,1.2348054161076006e-07,0.013289001236163554,0.0,0.0,9.961270447682339e-06,0.0,0.0008509752511148007,0.005932270597100913,0.01376739503547761,0.0,0.001338474274237048,0.29353687184354715,0.0005140743435926165,0.0,0.0,0.0,3.1422711998622395e-06,0.003771657956107071,0.0,0.005518291346801647,0.0,0.0,0.0010677710909367181,[11]
293,1.2272106915919136e-07,0.01317996192152082,0.0,0.0,9.870529675610053e-06,0.0,0.0008477866966932796,0.00589137859112213,0.013700695846983982,0.0,0.0013467775574350482,0.2956305345412999,0.0005242015286426107,0.0,0.0,0.0,2.9211884089513255e-06,0.0038348222857681746,0.0,0.00551952567395984,0.0,0.0,0.0011873041704871792,[11]
294,0.0012268336595806673,0.0003402774134371879,0.01190020703680269,0.025270557373714444,0.0016311730303793374,0.0728134113311875,0.0,0.003905460546569316,0.0,0.0,0.0,0.0015969363809111793,0.0,0.02337389962322413,0.0,0.0,0.009225816407167542,0.014530050032500097,0.008465747559218839,0.0,0.0,0.0,0.0,[5]
295,0.0012268336595806673,0.00034027741343718785,0.01190020703680269,0.025270557373714437,0.0016311730303793374,0.0728134113311875,0.0,0.003905460546569309,0.0,0.0,0.0,0.0015969363809111789,0.0,0.02337389962322412,0.0,0.0,0.009225816407167554,0.014530050032500082,0.008465747559218854,0.0,0.0,0.0,0.0,[5]
296,0.00742539192290269,0.0004198442741564461,0.013200514152280483,0.03487530300487342,0.001287309087235033,0.10908168713408942,0.0,0.0,0.0,0.0,0.0,0.001896505660464232,0.002097782310722063,0.011989229095284845,0.0,0.0,0.007975036198738376,0.0,0.0031999181959301852,0.00039460009881007416,0.0,0.0,0.0,[5]
297,0.05000081714524835,4.12753977546958e-05,0.0011581828295365243,0.011958986672608597,0.0,0.06723168660036047,0.0009549204392083959,0.010529877121193607,0.0,0.0,0.0035109618839911415,0.0023905687448256647,0.0,0.029870730344549644,0.005436850486048098,0.0,0.0,0.0,0.0,0.0,0.19424008696811024,0.0,0.0011913474283282738,[20]
298,2.8838987104129742e-05,1.5068584776735404e-05,0.0005597075484753324,0.0019808878453879304,0.0015672348633728897,0.007316471161086363,0.33487398807100355,0.005077053815711458,0.002347150985011396,0.0023369639342380273,0.011737249004364594,0.0,0.007607344224286221,0.00033455162512646886,0.0,0.0,0.0015424886362784872,0.00011857603966481886,0.0,0.006692826985403373,0.012064626693166018,0.0,0.0,[6]
299,2.671672271688121e-05,1.3751440408194396e-05,0.0005102917724705253,0.0017926270179229552,0.0014161073929110798,0.006599089155499056,0.2955146398459691,0.00449711948922042,0.0020607593497267845,0.0020561923344000754,0.010185182122104756,0.0,0.006675524927878375,0.00037231569452641393,0.0,0.0,0.0013357958084383498,0.00013861224464796964,0.0,0.005884441604692126,0.010406128176799328,0.0,0.0,[6]
300,2.671672271688121e-05,1.3751440408195262e-05,0.0005102917724705258,0.001792627017922955,0.0014161073929110798,0.006599089155499056,0.29551463984596915,0.0044971194892204245,0.002060759349726795,0.0020561923344000793,0.010185182122104756,0.0,0.006675524927878369,0.00037231569452639534,0.0,0.0,0.0013357958084383378,0.00013861224464797387,0.0,0.005884441604692124,0.010406128176799331,0.0,0.0,[6]
301,2.41417307414236e-05,1.206643285479721e-05,0.00044684241787517736,0.001543630965919835,0.001214930049099508,0.005636755632256539,0.23652160925970284,0.003646350386670309,0.0016211063499265688,0.001630792787247908,0.00761206184646664,0.0,0.00522177411829166,0.0005100253028619904,0.0,0.0,0.001002528470972865,0.00019872005596090485,0.0,0.004648927724172237,0.0076955075009658225,0.0,0.0,[6]
302,2.2764342286930686e-06,0.3198482860099423,0.0,0.0,0.00111116584331506,0.03671516457095366,0.010027398691669371,0.0,0.026274277820814613,0.0,0.00023928086087961854,0.0,0.0,0.005199331919215074,0.0,0.004546536392080378,0.0,0.09677035637368976,0.0,0.01245090532085741,0.0,0.0,0.005879662328735978,[1]
303,7.922303746338463e-05,0.0,8.084143546213163e-07,5.357593019547853e-05,9.872619287151562e-06,0.0005324372032391292,0.0,0.0023918908739510914,0.0,0.0010542173446624608,0.0,0.0,0.38864408675460177,0.0,0.019267112748109248,0.0,0.007674351822477979,0.01285480852287358,0.0,0.00501005771243849,0.0,0.00029332904720459553,0.0,[12]
304,8.457752655469371e-06,0.0,1.1501843989742307e-07,8.666542472965024e-06,1.639295426612769e-06,9.120850484471743e-05,0.0,0.0005429769404327459,0.0,0.0002709235556586945,0.0,0.0,0.11803908752097599,0.0,0.006417147177513799,0.0,0.0024295975406990315,0.004010065646216968,0.0,0.001647777299752964,0.0,1.8618085547354736e-06,0.0,[12]
305,0.0011085898591672429,0.00029858214407806993,0.010420542859004484,0.02176055789334851,0.001399711812946188,0.06219476373818615,0.0,0.0031677769687729006,0.0,0.0,0.0,0.0013587073902322075,0.0,0.019362814582826304,0.0,0.0,0.0076780061083692,0.012318072394158974,0.007109365888424477,0.0,0.0,0.0,0.0,[5]
306,6.785214609790436e-05,0.004529067805883264,0.0010825802565247297,0.07963680478208604,0.0,0.0,0.0012437857528994221,0.0,0.011970954640333795,0.0,0.0,0.003447239834650285,0.000582292167700587,0.0,0.0,0.008861467437783942,0.0011479604456913867,0.0,0.0,0.06115512353046107,0.003995138961781734,0.012818824601361503,0.004086414073876572,[3]
307,0.00021483412206740592,0.004552921682718531,0.0037413778983509806,0.09041722670433631,0.0,0.008570123031585964,0.002090976016631422,0.0,0.0,0.0,0.0,0.006425137751738709,0.0008573418186153732,0.0,0.0,0.0,0.0,0.0737021211011811,0.0,0.0,0.008711555644668412,0.02863946655598122,0.0,"[3, 17]"
308,2.546677405467909e-05,3.6868840388152446e-05,0.0055756185744028856,0.0013234443730187604,0.00010145751881770183,0.005267711695548604,0.0,0.0015041594617264537,0.0,0.0,0.3846840516897385,0.0,0.008205284663249036,0.0015158621477261189,0.0,0.0,0.000600625161920336,0.0,0.0,0.00027623777102090427,0.002213257607084555,0.0,0.010255476988145166,[10]
309,2.546677405467909e-05,3.686884038815201e-05,0.0055756185744028856,0.0013234443730187606,0.00010145751881770183,0.005267711695548605,0.0,0.001504159461726442,0.0,0.0,0.3846840516897385,0.0,0.00820528466324904,0.0015158621477261225,0.0,0.0,0.0006006251619203356,0.0,0.0,0.0002762377710209091,0.0022132576070845564,0.0,0.010255476988145166,[10]
310,0.00011426165383925664,0.00019506745223513383,3.626847511773043e-05,0.004281265653510968,9.255192532875195e-06,0.0,0.0,0.0,0.04433889402666493,0.0008837965928996875,0.0,0.0,0.00043437484018608527,0.004429036287249941,0.0,0.0,0.0,0.001020636002891055,0.001144521229789612,0.0,0.0,0.0,0.0,[8]
311,0.002703227470794743,1.454214786834975e-06,5.212241837491513e-05,0.0009458976276613138,0.08144568035675291,0.0,0.0,0.0,0.00020372210911827232,8.213306733752039e-05,1.3471103031926812e-05,0.0,0.004743887858081922,0.0,0.0,0.0,0.0,0.0001731901599536511,3.9249671585066384e-05,0.0010338436207913736,0.0,0.0,0.0,[4]
312,0.13482081836465026,0.0,0.0,0.0,0.0,0.0,0.006774112887177995,0.0,0.005315565425177036,0.0027100583687978486,0.0,0.00013380740069950797,0.0,0.0,0.002268648364313605,0.0,0.00015001328402485293,0.0019512053431583732,0.0,0.0,0.0,0.0,0.0,[6]
313,0.13482081836465026,0.0,0.0,0.0,0.0,0.0,0.006774112887177988,0.0,0.0053155654251770615,0.0027100583687978503,0.0,0.0001338074006995062,0.0,0.0,0.002268648364313596,0.0,0.00015001328402483723,0.001951205343158378,0.0,0.0,0.0,0.0,0.0,[6]
314,0.0013733132392202076,0.0003955077883857292,0.013869623096319618,0.030130678701042916,0.001954362799123989,0.08780453333547245,0.0,0.005085849059680218,0.0,0.0,0.0,0.0019389648567039643,0.0,0.02954336474871095,0.0,0.0,0.011551934275613037,0.017738433731255412,0.01048616681775734,0.0,0.0,0.0,0.0,[5]
315,0.0013733132392202076,0.0003955077883857275,0.013869623096319606,0.030130678701042923,0.0019543627991239895,0.08780453333547245,0.0,0.0050858490596801965,0.0,0.0,0.0,0.0019389648567039567,0.0,0.029543364748710957,0.0,0.0,0.011551934275613022,0.017738433731255415,0.010486166817757344,0.0,0.0,0.0,0.0,[5]
316,0.0013733132392202076,0.00039550778838572576,0.01386962309631961,0.030130678701042923,0.001954362799123989,0.08780453333547245,0.0,0.00508584905968023,0.0,0.0,0.0,0.0019389648567039606,0.0,0.029543364748710974,0.0,0.0,0.011551934275613041,0.017738433731255433,0.010486166817757344,0.0,0.0,0.0,0.0,[5]
317,5.379084090383567e-06,0.0007577953986723659,8.865232364989445e-05,0.012084450919014944,0.0,0.0,0.003096353296457501,0.0,0.0,0.0,0.0008742243930267248,0.015408907176763695,0.0004438599392127267,0.009292042531217033,0.4287404793144083,0.0,0.000880033845151639,0.005103510157870724,0.0,0.0,0.0,0.0,0.0,[14]
318,5.379084090383567e-06,0.0007577953986723654,8.865232364989423e-05,0.012084450919014942,0.0,0.0,0.0030963532964575036,0.0,0.0,0.0,0.0008742243930267274,0.01540890717676369,0.00044385993921272794,0.009292042531217041,0.4287404793144083,0.0,0.000880033845151634,0.005103510157870728,0.0,0.0,0.0,0.0,0.0,[14]
319,5.379084090383567e-06,0.0007577953986723663,8.865232364989434e-05,0.012084450919014942,0.0,0.0,0.003096353296457499,0.0,0.0,0.0,0.0008742243930267298,0.015408907176763706,0.00044385993921273884,0.009292042531217036,0.4287404793144083,0.0,0.0008800338451516324,0.005103510157870721,0.0,0.0,0.0,0.0,0.0,[14]
320,5.379084090383567e-06,0.0007577953986723661,8.865232364989434e-05,0.012084450919014942,0.0,0.0,0.0030963532964574996,0.0,0.0,0.0,0.0008742243930267285,0.015408907176763704,0.00044385993921272865,0.00929204253121703,0.42874047931440834,0.0,0.0008800338451516329,0.005103510157870728,0.0,0.0,0.0,0.0,0.0,[14]
321,5.7182725176322965e-05,0.003561293634163375,0.000887281965762075,0.05416831598368349,0.0,0.0,0.0026515793430282107,0.0,0.0,0.0,2.588674746125802e-05,0.005007211435516132,0.000898943251592824,0.0,0.0,0.0057372377274830565,0.0,0.0,0.0,0.0,0.004972460764123901,0.021734900720326914,0.001147362733034828,[3]
322,0.10641655559322456,0.0,0.0,0.0,0.0,0.0,0.0020398445464251307,0.0009427721331965183,0.0011696305578945943,0.0035333662788819688,0.0,0.0,0.03738125566934725,0.0,0.000348043273034045,0.0,0.008043137070981332,0.03548478422274151,0.0019993816491957854,0.00416077531388709,0.0,0.001066669844619978,0.0012252392506100494,"[12, 17]"
323,0.10641655559322456,0.0,0.0,0.0,0.0,0.0,0.00203984454642512,0.0009427721331965208,0.0011696305578945956,0.0035333662788819675,0.0,0.0,0.03738125566934727,0.0,0.00034804327303402733,0.0,0.008043137070981334,0.035484784222741525,0.0019993816491957854,0.00416077531388709,0.0,0.0010666698446199691,0.0012252392506100533,"[12, 17]"
324,0.0005304295536418898,0.0,4.306853951250354e-06,0.00019177187069573535,0.0024789814876125544,0.001428297226829074,0.0,0.003018442783351926,0.0,0.0007322104519585307,0.0,0.0,0.0311136838444429,0.006397037079939163,0.0,0.015905468240026064,0.0,0.0,0.000818613103886731,0.0,0.007113749355221602,0.0008240556725442774,0.0006217151319856212,[12]
325,0.0041370734730734595,0.00014242666107000272,0.004140808117380965,0.019439500212019897,3.892913212916217e-05,0.07975843729739424,0.006443293468664709,0.0,0.010827586047767563,0.0,0.003256341184941089,0.0014802741023816318,0.046512628522165984,0.0,0.0,0.03642365861974331,0.002123595085494585,0.0,0.0,0.014453030373204341,0.0293043217357797,0.0,0.00682912948883548,[5]
326,0.01766238038108718,0.0,0.0,0.0,0.0,0.0,0.016059750393720446,0.0,0.015288828914364203,0.015349869674592835,0.009760840869157926,0.0,0.0,0.0,0.00346690363752695,0.16214932830705475,0.0038883029317199145,0.018014921482350232,0.001946068826419211,0.007663281332976561,0.0,0.0,0.0008924915006247163,[15]
327,8.747637902640706e-07,0.10264065784191045,0.0,0.0,0.0002776930622161182,0.008540099296818204,0.003891878999838855,0.005378199007322083,0.019627239090440302,0.0,0.00019810936131803026,0.00957254337444103,0.0,0.002383352599350301,0.0020908203188207126,0.0015316545256074574,0.0,0.019704323678575823,0.0,0.005892600995648421,0.0,0.002501004241562078,0.0,[1]
328,8.747637902640706e-07,0.10264065784191044,0.0,0.0,0.00027769306221611797,0.008540099296818206,0.0038918789998388546,0.00537819900732209,0.019627239090440302,0.0,0.00019810936131802262,0.009572543374441026,0.0,0.0023833525993503025,0.002090820318820703,0.0015316545256074605,0.0,0.019704323678575823,0.0,0.005892600995648427,0.0,0.0025010042415620957,0.0,[1]
329,0.05759307550943185,0.0,0.0,0.0,0.0,0.0,0.02071867231793396,0.0,0.02098365626753665,0.020291495732601784,0.01023072609963344,0.0,0.0,0.0,0.0033530321249880175,0.18385032417029967,0.007019118350594674,0.03305206499085272,0.0031912921156760647,0.010144752019649683,0.0,0.0011422403485140526,0.0007237478241738533,[15]
330,0.004970485444915051,0.0,0.0,0.0,0.0,0.0,0.0,0.004769116733058457,0.0,0.0,0.013625005716801784,0.0005109739935954675,0.0,0.0007036842781618063,0.003091465499496964,0.23857587066685837,0.00041055676573301266,0.005947629723453777,0.0,0.0055933288626638525,0.0,0.003703431930236446,0.0,[15]
331,0.004970485444915051,0.0,0.0,0.0,0.0,0.0,0.0,0.004769116733058426,0.0,0.0,0.013625005716801794,0.000510973993595457,0.0,0.0007036842781617923,0.0030914654994969692,0.23857587066685845,0.00041055676573300805,0.005947629723453787,0.0,0.0055933288626638725,0.0,0.003703431930236457,0.0,[15]
332,0.004970485444915051,0.0,0.0,0.0,0.0,0.0,0.0,0.004769116733058476,0.0,0.0,0.013625005716801798,0.0005109739935954657,0.0,0.0007036842781618042,0.00309146549949697,0.23857587066685843,0.00041055676573299705,0.0059476297234537685,0.0,0.005593328862663865,0.0,0.0037034319302364474,0.0,[15]
333,0.03665960977575249,0.0,0.0,0.0,0.0,0.0,0.0,0.011647427846100712,0.0,0.0,0.020050991272682925,0.0007106366406110644,0.0,0.0014413243427538894,0.0033978027480304936,0.3874139644881714,0.0028107903223285324,0.018657723383577886,0.0,0.009895970755701835,0.0,0.006819373053884721,0.0,[15]
334,0.004970485444915052,0.0,0.0,0.0,0.0,0.0,0.0,0.004769116733058434,0.0,0.0,0.013625005716801798,0.0005109739935954622,0.0,0.0007036842781618166,0.0030914654994969606,0.23857587066685843,0.0004105567657330222,0.005947629723453777,0.0,0.005593328862663863,0.0,0.003703431930236451,0.0,[15]
335,1.3843401586808913e-05,0.002933472043750999,0.0002871619323791905,0.03208189077040694,0.0,0.0,0.003827567812433106,0.0,0.0,0.0,0.00047650799168780743,0.004832122725043382,2.453220864709393e-05,0.0,0.0,0.009006597744222019,0.00013481933700825252,0.0,0.0016609603762515641,0.0,0.004062588523776867,0.0,0.0,[3]
336,0.00021483412206740592,0.004552921682718532,0.0037413778983509814,0.09041722670433633,0.0,0.008570123031585964,0.002090976016631424,0.0,0.0,0.0,0.0,0.006425137751738704,0.0008573418186153557,0.0,0.0,0.0,0.0,0.07370212110118111,0.0,0.0,0.008711555644668412,0.028639466555981225,0.0,"[3, 17]"
337,0.0001578350292812918,0.0010167725520940905,0.0028606746249089697,0.036832981722836076,0.0001768085226476726,0.02914203405998769,0.0,0.003390205743406704,0.0,0.0,0.0,0.001435587180281161,0.0,0.001802328466198221,0.0,0.0,0.0,0.07694597925366319,0.009770054466830337,0.0,0.003555200229047524,0.010503179308997624,0.0,[17]
338,0.0001578350292812918,0.001016772552094093,0.0028606746249089723,0.036832981722836076,0.0001768085226476726,0.02914203405998769,0.0,0.0033902057434067,0.0,0.0,0.0,0.0014355871802811716,0.0,0.001802328466198207,0.0,0.0,0.0,0.07694597925366317,0.009770054466830342,0.0,0.003555200229047529,0.010503179308997584,0.0,[17]
339,0.006597911830210267,0.0,0.0,0.0,0.0,0.0,0.007079081195181133,0.0,0.006646990216297237,0.006735307153558494,0.0045237256699869124,0.0,0.0,0.0,0.0016689021439896803,0.07380714053081018,0.0015852448156273666,0.007368469443769455,0.0008058645155887847,0.0033738886877460205,0.0,0.0,0.000408819382250124,[15]
340,0.006597911830210267,0.0,0.0,0.0,0.0,0.0,0.007079081195181129,0.0,0.006646990216297234,0.006735307153558493,0.004523725669986919,0.0,0.0,0.0,0.0016689021439896914,0.07380714053081018,0.001585244815627363,0.007368469443769459,0.0008058645155887847,0.0033738886877460214,0.0,0.0,0.00040881938225012596,[15]
341,0.0001882288181460783,6.161502607425832e-05,0.0022136968851872115,0.005920897022010566,0.004391529093480593,0.018940810691269044,0.09904982837736298,0.003354851218950172,0.0,0.0,0.0,0.0,0.0,0.008666848387880097,0.006228152705603453,0.0,0.0,0.004033407589486302,0.0024076610627223735,0.0,0.0,0.0007059173593576422,0.2584492704375224,[22]
342,0.0001882288181460783,6.161502607425616e-05,0.0022136968851872115,0.005920897022010564,0.004391529093480593,0.01894081069126904,0.09904982837736298,0.003354851218950177,0.0,0.0,0.0,0.0,0.0,0.008666848387880122,0.006228152705603472,0.0,0.0,0.004033407589486298,0.0024076610627223735,0.0,0.0,0.0007059173593576315,0.2584492704375224,[22]
343,0.0001517903250528102,4.641290538783987e-05,0.0016593599566947555,0.004261917779971895,0.0031325683558945977,0.013364501498724307,0.05880960477645527,0.0020746151736480314,0.0,0.0,0.0,0.0,0.0,0.005679308310376366,0.0029613496024278674,0.0,0.0,0.002777078948583457,0.0016565215282328995,0.0,0.0,0.0003457633181096241,0.1288127444189958,[22]
344,2.0364404845930793e-05,9.387172556611105e-06,0.00034541655610959937,0.001128615788108179,0.0008766386899765623,0.004001586495085449,0.12142515296702117,0.0020275825411047704,0.0007404696518887399,0.000791128103235904,0.0020216106677551013,0.0,0.002252463112521484,0.0009589083308046173,0.0,0.0,0.0003010507447389014,0.0003814982564229246,0.00013294721198691192,0.002190351051816161,0.0019155892218713836,2.2268596553796258e-05,0.0,[6]
345,2.0364404845930793e-05,9.387172556608938e-06,0.0003454165561095985,0.0011286157881081804,0.0008766386899765623,0.00400158649508545,0.12142515296702118,0.0020275825411047747,0.0007404696518887429,0.0007911281032359019,0.0020216106677551035,0.0,0.002252463112521482,0.000958908330804607,0.0,0.0,0.00030105074473890393,0.00038149825642292513,0.00013294721198691192,0.002190351051816158,0.0019155892218713825,2.2268596553827662e-05,0.0,[6]
346,0.0008786007068436,1.530678227783626e-07,1.2447354837242969e-05,0.0003789742605610928,0.016669654862366903,0.001552180826402239,0.0,0.0037150262281298034,0.0,0.0009430636545610002,0.0,0.0,0.04246881782582712,0.00773841378860563,0.0,0.01996701312242994,0.0,0.0,0.0010062772022109028,0.0,0.007479868945408062,0.0005456284853785244,0.0,[12]
347,1.6203195216197354e-06,0.2545145740578121,0.0,0.0,0.000978667908591775,0.033073430764270835,0.007119151736969892,0.0,0.008173157860947917,0.0,5.708352462748308e-05,0.0,0.0,0.003270301259582717,0.0,0.0033648156340401643,0.0,0.09059253072333254,0.0,0.00808670380855663,0.0,0.0,0.009081883588566554,[1]
348,1.6203195216197354e-06,0.25451457405781214,0.0,0.0,0.000978667908591775,0.033073430764270835,0.007119151736969905,0.0,0.008173157860947905,0.0,5.708352462749795e-05,0.0,0.0,0.0032703012595827045,0.0,0.0033648156340401695,0.0,0.09059253072333252,0.0,0.00808670380855663,0.0,0.0,0.00908188358856655,[1]
349,1.6203195216197354e-06,0.25451457405781214,0.0,0.0,0.0009786679085917753,0.03307343076427083,0.00711915173696989,0.0,0.008173157860947909,0.0,5.708352462747871e-05,0.0,0.0,0.0032703012595827127,0.0,0.0033648156340401743,0.0,0.09059253072333256,0.0,0.008086703808556627,0.0,0.0,0.009081883588566566,[1]
350,1.6203195216197354e-06,0.25451457405781214,0.0,0.0,0.000978667908591775,0.033073430764270835,0.007119151736969903,0.0,0.008173157860947907,0.0,5.708352462748483e-05,0.0,0.0,0.0032703012595827127,0.0,0.003364815634040165,0.0,0.09059253072333256,0.0,0.008086703808556625,0.0,0.0,0.009081883588566538,[1]
351,0.004630668915779547,4.612066259353792e-06,0.00016978363142447476,0.002726240672311444,0.22820260487613908,0.0,0.0,0.00015289603688039722,0.0,0.0,0.0024591111985772943,0.00031605248051567466,0.0,0.0,0.001355563957086498,0.009354124907222093,0.0,0.0007860073615516482,0.0,0.005388135442345834,0.0,0.0012278938406782812,0.001802366493053736,[4]
352,0.004630668915779547,4.612066259350302e-06,0.00016978363142447129,0.0027262406723114266,0.22820260487613914,0.0,0.0,0.0001528960368804042,0.0,0.0,0.0024591111985773025,0.00031605248051567265,0.0,0.0,0.0013555639570864953,0.009354124907222115,0.0,0.0007860073615516485,0.0,0.005388135442345822,0.0,0.001227893840678288,0.001802366493053728,[4]
353,0.004630668915779547,4.612066259353826e-06,0.00016978363142447476,0.0027262406723114335,0.22820260487613908,0.0,0.0,0.0001528960368803836,0.0,0.0,0.002459111198577298,0.000316052480515671,0.0,0.0,0.0013555639570864912,0.009354124907222105,0.0,0.0007860073615516303,0.0,0.005388135442345875,0.0,0.0012278938406782816,0.001802366493053728,[4]
354,0.004630668915779547,4.612066259343394e-06,0.0001697836314244817,0.0027262406723114196,0.22820260487613914,0.0,0.0,0.000152896036880383,0.0,0.0,0.0024591111985772978,0.00031605248051566604,0.0,0.0,0.0013555639570864942,0.009354124907222103,0.0,0.0007860073615516529,0.0,0.005388135442345861,0.0,0.001227893840678279,0.001802366493053736,[4]
355,0.004630668915779547,4.612066259357295e-06,0.00016978363142448516,0.0027262406723114305,0.22820260487613914,0.0,0.0,0.00015289603688038633,0.0,0.0,0.0024591111985772926,0.0003160524805156814,0.0,0.0,0.0013555639570864953,0.009354124907222115,0.0,0.0007860073615516529,0.0,0.005388135442345855,0.0,0.0012278938406782413,0.001802366493053728,[4]
356,7.772966664359695e-05,0.0,7.827975051999851e-07,5.144370765124199e-05,9.461191326494573e-06,0.0005089990047159101,0.0,0.0022206513887706196,0.0,0.0009614528138563886,0.0,0.0,0.3434170362956003,0.0,0.01666450990620759,0.0,0.0067254094721562714,0.01129928374152725,0.0,0.0043543996085922965,0.0,0.0003163993701500538,0.0,[12]
357,7.772966664359695e-05,0.0,7.827975052008526e-07,5.144370765123506e-05,9.461191326494629e-06,0.0005089990047159101,0.0,0.002220651388770605,0.0,0.0009614528138564283,0.0,0.0,0.34341703629560033,0.0,0.01666450990620759,0.0,0.006725409472156279,0.01129928374152725,0.0,0.004354399608592291,0.0,0.0003163993701500789,0.0,[12]
358,7.772966664359695e-05,0.0,7.827975051999851e-07,5.1443707651231526e-05,9.461191326494383e-06,0.0005089990047159081,0.0,0.002220651388770605,0.0,0.0009614528138564385,0.0,0.0,0.3434170362956003,0.0,0.016664509906207582,0.0,0.006725409472156265,0.011299283741527246,0.0,0.00435439960859228,0.0,0.00031639937015006455,0.0,[12]
359,0.0001434473118150851,0.00025096851904476264,4.688050869559707e-05,0.005840304344647643,1.919668132124741e-05,0.0,0.0,0.0,0.07809671673071762,0.0021189175596676153,0.0,0.0,0.0006964757174070908,0.007464675524883333,0.0,0.0,0.0,0.002313722900030004,0.002417604660935779,0.0,0.0,0.0,0.0,[8]
360,0.0001434473118150851,0.00025096851904476345,4.6880508695598806e-05,0.005840304344647645,1.9196681321246973e-05,0.0,0.0,0.0,0.07809671673071765,0.002118917559667611,0.0,0.0,0.0006964757174070849,0.0074646755248833204,0.0,0.0,0.0,0.002313722900030004,0.002417604660935781,0.0,0.0,0.0,0.0,[8]
361,0.00017298918465348718,0.0012234078800759682,0.0034729283532881792,0.04894587350053729,0.0002376644111969508,0.04104998241022233,0.0010949449186932515,0.011673887877888815,0.0017050830198003294,0.0,0.00103013444488828,0.0007801775922003542,9.605252133438837e-05,0.0011179703509702867,0.0,0.0,0.0,0.11832629242356629,0.016241927890077466,0.0,0.013693008449181811,0.005919183553521361,0.0,[17]
362,2.199441750171029e-06,0.028424505335168642,0.0,0.012196485636585423,0.0,0.0,0.0,0.0073878434720331294,0.0009004972106872816,0.020084260721078738,0.0,0.0,0.0,0.0,0.0013647102261303496,0.0,0.000254749565212091,0.0,0.0820481879928053,0.0015132838160358383,0.0022275544978055417,0.012092265429691763,0.0,[18]
363,5.368659003605922e-05,0.007172034234330396,0.0007638912560220027,0.0881042640525013,0.0,0.0,0.0045572457026794915,0.03582340445046662,0.0,0.0,0.000304523371025654,0.010658742667846716,0.0,0.0,0.006307384198732119,0.013202255205752765,0.0005627443952374155,0.0,0.0017565934987872416,0.0,0.0048537690915993695,0.022668512877850884,0.0,[3]
364,0.004968351114867793,0.0,2.3878675549510884e-05,0.0010874739779092042,0.00018485551622204663,0.00903384365396438,0.0,0.013877639013039034,0.0,0.002705640801786673,0.0,0.0,0.09943898114721866,0.03050992272912242,0.0,0.06034315112442135,0.0,0.0,0.0036701243858610383,0.0,0.0454580747758453,0.0029181825103192604,0.004007947031714217,[12]
365,0.03491181723179305,0.0,0.0,0.0,0.0,0.0,0.0,0.008685296970452377,0.0,0.0,0.010093218228489818,0.00033446740359809534,0.0,0.0009965785553667954,0.0009593935217722785,0.21768678857147714,0.0027322149778969363,0.01528591420651833,0.0,0.00600552939980628,0.0,0.004298411747648473,0.0,[15]
366,0.03491181723179305,0.0,0.0,0.0,0.0,0.0,0.0,0.008685296970452366,0.0,0.0,0.010093218228489818,0.0003344674035981086,0.0,0.000996578555366754,0.0009593935217722802,0.21768678857147716,0.002732214977896952,0.015285914206518285,0.0,0.00600552939980628,0.0,0.004298411747648489,0.0,[15]
367,0.03491181723179305,0.0,0.0,0.0,0.0,0.0,0.0,0.008685296970452385,0.0,0.0,0.010093218228489818,0.00033446740359810044,0.0,0.0009965785553667954,0.0009593935217722962,0.2176867885714772,0.002732214977896929,0.01528591420651832,0.0,0.006005529399806277,0.0,0.004298411747648467,0.0,[15]
368,1.809026151325442e-05,0.001625376797277664,0.0003555978316103836,0.0388989221471445,0.0,0.0,0.0,0.02242688703012558,0.01627313326461683,0.0002473119492327863,0.0,0.0,8.581520612185422e-05,0.0,0.005143783933189752,0.004973281964415483,0.0016007703399223562,0.0,0.0,0.0895115790913223,0.0,6.200969704116723e-05,0.003875051678770794,[19]
369,1.809026151325442e-05,0.001625376797277664,0.0003555978316103836,0.03889892214714451,0.0,0.0,0.0,0.022426887030125593,0.016273133264616824,0.00024731194923278445,0.0,0.0,8.581520612185035e-05,0.0,0.005143783933189753,0.004973281964415484,0.0016007703399223583,0.0,0.0,0.0895115790913223,0.0,6.200969704117262e-05,0.003875051678770802,[19]
370,0.0733220173929528,0.0,0.0,0.0,0.0,0.0,0.0037308192788230257,0.0,0.0039896601588279975,0.00447446178300853,0.0,0.0,0.019803978668732895,0.0,0.0,0.0,0.005115732876706019,0.024215110893427847,0.0016210259921851699,0.0029158499376908016,0.0,0.0010437301296897484,0.0,"[12, 17]"
371,0.0001777830604695513,8.999255648068373e-05,0.006482685075330988,0.006578619452181443,0.0004485309156863651,0.021351661134782422,0.0,0.0023368763087373064,0.0,0.0,0.004450617268934042,0.0005457296231638933,0.0,0.011400390572852921,0.0,0.0,0.003827734897994417,0.0049486123027270125,0.0033723258205505275,0.0,0.0,0.0003128862817413378,0.0,[5]
372,0.11588775016254961,0.0,0.0,0.0,0.0,0.0,0.005120389723369732,0.0,0.0037315487208975685,0.0021660807241782693,0.0,8.577484271769337e-05,0.0,0.0,0.0019045494373996442,0.0,0.00016525313050119112,0.0002036604675560122,0.0,0.0,0.000576683073875226,0.0,0.0,[6]
373,0.08543181040402727,0.0,0.0,0.00021218311810763325,0.0,0.0041599816629461946,0.005903105733774068,0.0,0.0051942535372080465,0.002600624905315813,0.0005213820919927126,0.0002969617047923388,0.0,0.0,0.0023309788784542976,0.0,0.0,0.0,0.0,0.0,0.015181048929459177,0.0,0.0,[20]
374,3.0514293490680445e-06,9.843159575133129e-06,8.275654912983761e-06,0.0004928598086154372,0.0,2.3356296740801878e-05,0.0,0.001808768237111056,0.0,0.0005313001404474643,0.0,0.0,0.0,0.010282870181059488,0.0,0.0,5.1967802826074905e-05,0.0011983158688495157,0.0008664868084266452,0.0,0.0,0.0,0.0002949671193851741,[13]
375,3.0514293490680445e-06,9.84315957513313e-06,8.275654912983978e-06,0.0004928598086154389,0.0,2.335629674080206e-05,0.0,0.0018087682371110583,0.0,0.0005313001404474647,0.0,0.0,0.0,0.010282870181059488,0.0,0.0,5.196780282607476e-05,0.001198315868849515,0.0008664868084266446,0.0,0.0,0.0,0.00029496711938517507,[13]
376,3.0514293490680445e-06,9.843159575133127e-06,8.275654912983978e-06,0.0004928598086154389,0.0,2.3356296740802125e-05,0.0,0.0018087682371110574,0.0,0.0005313001404474634,0.0,0.0,0.0,0.010282870181059488,0.0,0.0,5.196780282607487e-05,0.001198315868849516,0.0008664868084266461,0.0,0.0,0.0,0.0002949671193851726,[13]
377,8.747637902640706e-07,0.10264065784191047,0.0,0.0,0.000277693062216118,0.008540099296818208,0.00389187899983885,0.005378199007322092,0.019627239090440313,0.0,0.00019810936131802457,0.009572543374441023,0.0,0.002383352599350298,0.002090820318820716,0.0015316545256074626,0.0,0.019704323678575827,0.0,0.005892600995648418,0.0,0.002501004241562106,0.0,[1]
378,8.747637902640706e-07,0.10264065784191048,0.0,0.0,0.00027769306221611786,0.00854009929681821,0.003891878999838852,0.005378199007322087,0.019627239090440306,0.0,0.0001981093613180259,0.009572543374441023,0.0,0.002383352599350304,0.0020908203188207087,0.0015316545256074629,0.0,0.019704323678575827,0.0,0.00589260099564842,0.0,0.002501004241562079,0.0,[1]
