Node,Cluster_0,Cluster_I,Cluster_II,Cluster_III,Cluster_IV,Cluster_V,Cluster_VI,Cluster_VII,Cluster_VIII,Cluster_IX,Cluster_X,Cluster_XI,Cluster_XII,Cluster_XIII,Cluster_XIV,Cluster_XV,Cluster_XVI,Cluster_XVII,Cluster_XVIII,Cluster_XIX,Cluster_XX,Cluster_XXI,Cluster_XXII,Cluster_XXIII,Cluster_XXIV,Cluster_XXV,Cluster_XXVI,Cluster_XXVII,Predicted Label,Ground-Truth Label
0,0.0011195702991816806,0.04991109776734717,0.0,0.07340140303304235,0.010545591659381391,0.00023698383560451426,0.021220477400783838,0.0,0.000231026584920146,0.0,0.002032732572694526,0.19572069900870942,0.0,0.0,0.0,0.038201154751579036,0.0,0.18377984377084985,0.00479957200373208,0.029263573332708293,0.0,0.005336692509081265,0.015523503224024638,0.040316746804525086,0.0,0.1132768912010516,0.0,0.007348390409226423,"[11, 17]",[14]
1,0.0022690647304263486,0.1128290874262031,0.0,0.07678888916636346,0.004876388340047314,0.00022582825316652704,0.022297305998389767,0.0,0.0,0.0,0.0,0.26783429152786503,0.0,0.0,0.0,0.0,0.0,0.0,0.0,0.0,0.0,0.01319566629634158,0.005496615425971038,0.27731269117872914,0.0,0.032602835832422246,0.0,0.0,"[11, 23]",[14]
2,2.591377020290388e-05,0.00021853771063906174,0.0,0.0004366092053541141,0.0,0.0008983599343380463,0.0,1.9774908641867196e-05,0.0,0.00012285757337022929,0.3061849274259177,0.0,0.0,0.0,0.0006664421874847763,0.0,0.0,0.0,0.0,0.023905661717926786,0.0,0.0,0.0005739556013289546,0.0009126737688498179,0.0,0.0001852774134504916,0.0,0.0,[10],[-1]
3,1.4708839552873842e-06,2.6814873840493195e-05,0.0,0.000109986675400785,0.0,0.0004250658143858499,0.0,1.0858074727235701e-05,0.0,1.4305236545919047e-05,0.17402003486835046,0.0,0.0,0.0,9.444602671708968e-05,0.0,0.0,0.0,0.0,0.0,0.0,0.0032538085842164274,8.624195462747224e-05,0.0005829080721384602,0.00027587211868401724,0.0013560921615163625,1.1055495520837099e-15,0.0939788894324967,[10],[-1]
4,0.06939319215810812,0.0,0.0,0.0,0.0011182334139840224,0.0,0.005827004164599147,0.0016212345034400273,0.0,0.1150491084900437,0.0,0.0,0.011599780609828412,0.014072195114778438,0.0,0.0010200573322776505,0.016706411554118356,0.004485084413783567,0.17991023270105178,0.0,0.0,0.0,0.053339753168031995,0.0,0.0,0.01112204578347145,3.3330739068401667e-16,0.05016514235654762,[18],[-1]
5,0.1968309115571726,0.0,0.005512995308472526,0.0,0.0,0.0,0.00546688963888134,0.00045809091140440705,0.09190943319682159,0.0,0.0017705991350446461,0.0,0.0,0.013957607617542979,0.0,0.0,0.0,0.0060978591295400295,0.056604632851908386,0.0,0.10185665429577248,0.0,0.0,0.04041442839719695,0.0,0.00465225649402223,1.805179227127698e-16,0.07636960283027741,"[8, 20]",[-1]
6,0.0025597805873793806,0.012028888515324227,0.18339054150049564,0.0015886757054805183,0.0,0.0015529745412698498,0.007998085297595764,0.0,0.0,0.02102594153147588,0.0,0.0010093484283351817,0.0,0.0,0.0,0.0,0.023548267179773284,0.012609125963973894,0.00014681174552426052,0.0005885973599532024,0.006164193668195872,0.03931117189255743,0.0,0.006561876221073546,0.0,0.025478958793012905,3.5876616934114095e-17,0.051370975696546924,[2],[-1]
7,0.0028507086631995877,0.01526719768476146,0.18780761452751768,0.0,0.0,0.0017025825631451657,0.00619421586590145,0.0,0.0,0.020869654434580154,0.0,0.0,0.0,0.0,0.0,0.0,0.018864144545703423,0.007860618804479651,0.002716315355597008,0.007641422597886945,0.005183640831260306,0.04098939310016074,0.0,0.0,0.0,0.06651792701010477,5.642138301575878e-16,0.0,[2],[-1]
8,0.13563316810465384,0.0,0.027854653223067377,0.0,0.0,0.0,0.0,0.001746470877277947,0.17613147067233542,0.0,0.00018814422953799905,0.009057100653759196,0.0,0.0,0.15513275406838545,0.0,0.00831301879295841,0.0,0.0,0.013194892226635432,0.0,0.048916042541377255,0.0916830789200309,0.0,0.03326533996875745,0.0,4.818777574829864e-17,0.0,[8],[-1]
9,0.07429430681884192,0.0,0.028776367282637615,0.0,0.0,0.020934021258017566,0.0,0.0018721080204275704,0.16655956397241706,0.0,0.0,0.00869007784613907,0.0,0.0,0.10259601418034565,0.0,0.0022059508647980777,0.0,0.0,0.04195226643030446,0.005253898982563723,0.0,0.025415364302338008,0.0,0.01519800602598714,0.02178345467682488,5.203035840945111e-16,0.05366708402904443,[8],[-1]
10,0.0007375436843230278,0.029639539647072628,0.0,0.14352225802271837,0.0,0.00029323526795741486,0.0,0.0,0.0001807477691514171,0.0,0.0,0.0,0.000983142988384107,0.0,0.007322140939242141,0.01607584858969874,0.0,0.0,0.011700062116068196,0.02592816418702414,0.0,0.00801548055028698,0.0035519401625632194,0.0,0.023463640747512376,0.0036085607818023588,0.0,0.09454384125148371,[3],[-1]
11,0.0007018172585385011,0.03439166055365568,0.0,0.18674960501095467,0.0,0.0003718532044435529,0.0,0.0,2.0337641528390335e-06,0.0,0.0,0.0,0.002205360807742286,0.0028869884481403027,0.008832096036791935,0.0,0.0,0.0,0.009854889401324327,0.0,0.0,0.007347665393281873,0.004590199014723086,0.0,0.005789800326889988,0.0,0.0,0.08219700832391036,[3],[-1]
12,0.15458310052934085,0.0,0.0,0.0013147345105746795,0.0,0.0,0.012538590165871458,0.0,0.0,0.17186321355564044,0.0,0.0,0.0,0.018211077719141697,0.0,0.0008400342210193105,0.0,0.008951903583460428,0.03771903926580624,0.0,0.07464276533218797,0.0911983336424078,0.0,0.005087047397256016,0.0,0.0,5.446151874818074e-16,0.0,[9],"[3, 19, 26]"
13,0.12392987834272226,0.0,0.0,0.0,0.0,0.0,0.0,0.00109803418522518,0.0,0.031493837682119545,0.0018559261628414857,0.0,0.0,0.0,0.0,0.0,0.0,0.0,0.0,0.0,0.2692427791429079,0.0,0.09300053773223681,0.016198479913940942,0.007078964669681694,0.0,0.0,0.0,[20],[-1]
14,0.029933603158510323,0.0,0.0027756566730971605,0.0,0.0,0.0,0.0,0.003019428860475043,0.0,0.07687783491458207,0.0,0.005221302675264474,0.0,0.017418577882588736,0.0981343820395823,0.007604193058212645,0.008722851712105491,0.004752293588529645,0.10368233721850369,0.0,0.0,0.095335719661712,0.0,0.0,0.0,0.062094606880466724,1.023487397010285e-16,0.006458850400145928,"[14, 18, 21]",[-1]
15,0.10488254383522572,0.0,0.0,0.0,0.0,0.0,0.0,0.0004010517095501247,0.0,0.19687677981516097,0.0,0.0,0.01725817682025383,0.000735203528871175,0.05727546446496888,0.0,0.032182518145009796,0.0030793061333778916,0.012068850302116112,0.0,0.0,0.0,0.11280594412464363,0.0,0.04167446984932688,0.0,0.0,0.0,[9],[-1]
16,0.07377237321093379,0.0,0.0,0.004600663870028928,0.00035797727937792855,0.0,0.006559861521878526,0.0003219915045761549,0.0,0.17283739260554196,0.0,0.0,0.0,0.00551451775041774,0.0,0.004522181687199938,0.01979393728165551,0.022394897277927532,0.1499029973043398,0.0,0.0,0.0,0.0,0.03904783972958313,0.0,0.024108045752968595,7.028614435646315e-17,0.0,[9],"[3, 4, 19]"
17,0.07843989031704397,0.0,0.0,0.0019970005162500697,0.0006510041442510835,0.0,0.013688409921183036,0.0,0.0,0.10812682043049822,0.0,0.0,0.0,0.010095157841980777,0.0,0.004259166135925627,0.01601881266983927,0.01749032187927244,0.11755959855946387,0.0,0.0,0.02990010097016621,0.0,0.03717065696607457,0.0,0.01419873657819464,2.1227550377996219e-16,0.010288730036642072,"[9, 18]","[4, 5, 14, 19]"
18,0.0006905639828410215,0.0768721373011053,0.0,0.02200436830810064,0.004518625461982545,0.0002156999497077205,0.014449618077978248,0.0,0.001210797686488378,0.0,0.0,0.2079840965994764,0.0016171334051916276,0.004171290164135009,0.0,0.0,0.0,0.0,0.0,0.0,0.0,0.0,0.0,0.27003556891244135,0.0,0.0,4.712364510398894e-16,0.016880324183145563,[23],"[1, 14, 30]"
19,0.0006527243274093232,0.0668917332986683,0.0,0.02473303503406331,0.004681647732962075,0.00017992628376704367,0.015576842427417975,0.0,0.001034294458500322,0.0,0.0,0.20592414945285475,0.0029242106555594605,0.00022800934288918714,0.0,0.0,0.0,0.0,0.0,0.05642737892178102,0.0,0.004863863038785003,0.0,0.22065749972800372,0.0,0.0,0.0,0.0,"[11, 23]",[-1]
20,0.09973672407604632,0.0,0.030548515037533315,0.0,0.0006760322312606374,0.0,0.028903757830690765,0.0,0.20222234844349612,0.0,0.0001923134154505175,0.0,0.0,0.045220038942947405,0.0,0.0011422909469669602,0.0,0.009871477762985909,0.02061018452015711,0.0,0.01096983300148572,0.023767424857763227,0.0,0.008150950285376669,0.0,0.0,0.0,0.0,[8],"[0, 3]"
21,0.12831322222110716,0.0,0.011927472796747964,0.0,0.0013744276128595605,0.0013248905221548736,0.031652105240342746,0.0,0.1114239967936502,0.0,0.0008138977842051748,0.0,0.0,0.022829602992650425,0.0,0.002647148012557963,0.0,0.010925552190007442,0.0,0.00026909301834493937,0.15251581031363864,0.0,0.0,0.03394458817124154,0.0,0.0286994024696348,0.0,0.0031418534327356043,[20],[-1]
22,0.040261984399823744,0.0,0.01112678067564055,0.0,0.0,0.0,0.0,0.00012149651672341323,0.07323819368689712,0.0,0.0,0.0,0.039802995025865526,0.0010561095834816145,0.0,0.0,0.006036774494493168,0.0,0.12174267305876883,0.010555365933433883,0.0,0.04473537480426082,0.019394468931867564,0.017471416618570924,0.0,0.011237552382492706,5.448743383707128e-16,0.0,[18],[-1]
23,0.051600126126850734,0.0,0.024952180867265906,0.0,0.0,0.00046528684630391885,0.0,0.0020656415846752223,0.10302736203942953,0.0,0.0,0.009193621613631082,0.06229767615436799,0.0,0.12101463157317892,0.0,0.010107256677523435,0.0,0.10598928725944136,0.03764610569014222,0.0,0.0,0.02879191012075508,0.020642552831629014,0.0,0.024289754095232253,1.3175923218380706e-16,0.0,[14],[-1]
24,0.07138117967640263,0.0,0.0,0.00020853304113088296,0.00047129611371736686,0.0,0.011809413764190079,0.0,0.0,0.13941103666878182,0.0,0.0,0.0,0.001188842804073483,0.0,0.0,0.014081158466310934,0.005945298639985474,0.15849686306342936,0.0,0.0,0.0,0.0,0.03676022000059583,0.0,0.0069578029559600315,0.0,0.0,[18],[-1]
25,0.1240544238119741,0.0,0.0,0.0,0.0,0.0,0.0,0.0,0.0,0.17060841143370326,0.0,0.0,0.009218972460500062,0.007822513331513826,0.0,0.0,0.02222229869014835,0.0,0.26809007268571394,0.003344774559926146,0.0,0.0,0.055686106741945844,0.01170540035337045,0.0,0.013730849039149737,7.332005160093704e-17,0.08590133936559337,[18],[-1]
26,0.0014116716136883323,0.19723759315520256,0.0,0.0,0.0024468440832107635,9.706859001479951e-05,0.00505638420140682,0.0,0.0011928043410683873,0.0,0.0,0.07772723621491741,0.009125237736182104,0.0,0.0,0.11197322005182268,0.0,0.0,0.0,0.012901734500149047,0.0,0.022525096569520668,0.0,0.11613301443310464,0.0,0.05500055212144461,1.0651489092398886e-16,0.023798812147338907,[1],[-1]
27,0.0008769422008520199,0.1720710375123154,0.0,0.0,0.0,0.0,0.0,0.00820097772000786,0.0020700985414511333,0.0,0.0,0.0,0.0,0.036323131967900144,0.009021894044055666,0.0,0.22463385888646017,0.0,0.02420356487736915,0.0,0.019696033141181537,0.0,0.0,0.0,0.19393441114273224,0.0,7.417035912658154e-17,0.014270808432893772,[16],[-1]
28,0.09387495736138463,0.0,0.0,0.0,0.0,0.0,0.0,0.0009897572106012896,0.0,0.1332260679314225,0.0,0.0014880051506263737,0.0,0.0,0.09841997447893489,0.0,0.026253520802157197,0.0022888285696811015,0.0,0.07956809724702558,0.0,0.08757512238122556,0.021098551518377695,0.0,0.03080839677813289,0.0,5.006453289123567e-16,0.0,[9],[-1]
29,0.05820568485238764,0.0,0.010244994521034674,0.0,0.0,0.0,0.0,0.004369754148349987,0.019130489384190957,0.0,0.0,0.014776598238506751,0.0,0.0,0.25205302195827284,0.0,0.006861914531782661,0.0,0.0,0.04881895887503096,0.0,0.0033109074696086207,0.16030518223734833,0.0,0.05114408482889013,0.0,0.0,0.0,[14],[-1]
30,0.14609195967535113,0.0,0.0,0.000184600690095214,0.0,0.0,0.0,0.002281439062472736,0.0,0.15774981081843648,0.001484953494228234,0.0011945669531593802,0.0,0.0,0.052252291153098145,0.0,0.0,0.0,0.0,0.030286268877284105,0.10656178257367123,0.0,0.11542443067415689,0.0,0.033676709391311316,0.0,0.0,0.02311458722724812,[9],[-1]
31,0.03463117056658428,0.0,0.0,0.0,0.0,0.0,0.0,0.0015432847559329738,0.0,0.04956592184578058,0.0077714049270664375,0.0020589005638042323,0.0,0.0,0.07961673995031475,0.0,0.01589111332010736,0.0,0.0,0.08737764904517763,0.0,0.0,0.020640720855748723,0.0,0.019672488815540595,0.0,3.357323987245483e-16,0.019357253533380477,"[14, 19]",[-1]
32,0.09980162546751392,0.0,0.024840077407095602,0.0,0.0,0.0,0.0,0.00014323132252649971,0.1560090016009161,0.0,0.00036450072886555176,0.004369841148237876,0.04814716384474621,0.0,0.0774169988984483,0.0,0.017825731358024084,0.0,0.044274173677812376,0.0,0.0,0.007432102562825238,0.0,0.0562460595027712,0.0,0.0017153113267855086,4.519349710217781e-17,0.0,[8],[-1]
33,0.04853380756201533,0.0,0.021571707183291707,0.0,0.0,0.0012226135993220718,0.0,0.0007212732940205937,0.12478360136457488,0.0,0.0004026158733999413,0.0028789600023812157,0.0,0.0,0.015416844279591656,0.0,0.0007609837364930512,0.0,0.0,0.0,0.023459964331214035,0.0,0.0,0.018121412111500073,0.0,0.017073110949597712,2.0474348718764356e-16,0.037987134706488436,[8],[-1]
34,0.00015779340817372587,0.0015253774079932985,0.01715372337061828,0.007847272906514706,0.10099156143715614,0.0,0.00792455132890854,0.27486796455592444,0.0004085568751143223,0.0,0.0,0.0,0.008015906905803493,0.0,0.0,0.0,0.005898701261757083,0.0,0.00044773436183651803,0.002007419321968136,0.0018870186918593045,0.0,0.0,0.007948229272548955,0.0,0.0,1.973840633973544e-16,0.0,[7],[-1]
35,0.0018358437960754952,0.011550709266148056,0.12463736847454014,0.0,0.011778115655940944,0.0,0.00615125993626699,0.03430748142415462,0.0,0.014272718735347845,0.0,0.0,0.0016419884822680753,0.0,0.0,0.0,0.005887285019633226,0.0029427417754068494,0.008990714252364229,0.0029482960762405785,0.0068498768655453615,0.0,0.0,0.0,0.0,0.03811384944547118,1.0506585095606703e-16,0.0,[2],"[15, 22]"
36,0.028874469848141897,0.0,0.0028240944943745583,0.0,0.0,0.0009330669169630361,0.0,0.0,0.0,0.024275133481861524,0.0,0.0,0.00608516370224731,0.0,0.0,0.0,0.0036899132370180584,0.00038259335577960746,0.0213054610360805,0.008759520467818591,0.02229691792015103,0.0,0.0,0.027437340333556836,0.0,0.01978145129947529,0.0,0.0016071443850642429,[23],[-1]
37,0.0023868139591355537,0.015100543471132325,0.18282734072042778,0.0,0.0,0.001458572569421111,0.008853053002841471,0.0,0.0,0.020830670647074223,0.0,0.0,0.0,0.0,0.0,0.0,0.020735529920111732,0.00857133557433299,0.0038755593590034626,0.005769597459411137,0.008974683955070055,0.0026257961735703557,0.0,0.0013224024018736727,0.0,0.08087407656812913,2.5267570840570016e-16,0.015404551639121512,[2],[-1]
38,0.002562655868422573,0.01688000936185445,0.2142711046233017,0.0,0.0,0.0015407333936248544,0.008365966481076103,0.0,0.0,0.021691556690359548,0.0,0.0,0.0,0.0,0.0,0.0,0.012390470326824618,0.011121809789258441,0.0,0.003725655400839884,0.011750409208533538,0.055687562150318,0.0,0.0,0.0,0.033017031130468784,9.633622300952992e-17,0.012327882828835946,[2],[-1]
39,0.050936104792639325,0.0,0.011602215974747811,0.0,0.0,0.0,0.0,0.0025117159295739806,0.06783462712776889,0.0,0.0007895118837425456,0.009928734831942499,0.0,0.0,0.14448634888550746,0.0,0.0,0.0,0.0,0.017885637232683486,0.09694603713909429,0.0,0.10893622356694467,0.0,0.03602357899389728,0.0,0.0,0.0,[14],[-1]
40,0.0002975992900624447,0.00029498989301290256,0.0,0.000846746351548012,4.201269885214255e-05,0.00017553513665673963,0.0,0.00019208959478713962,0.0,0.0015642048030597572,0.0003336027572065041,0.003146219788150216,0.005040629005298999,0.0012788610987055622,0.0,0.0015660769263543108,0.004476185374297619,0.011098672829530068,0.0372887365405761,0.009224015436959308,0.018641296133946977,0.0,0.0,0.00045757772728525695,0.0,0.0,0.0,0.001433911806224042,[18],[-1]
41,0.0013422037973612041,0.001586208857266129,0.00077178743463551,0.0009941289406318634,0.0004665840607023793,0.0016488371907979094,0.0,0.0020760676689775054,0.0,0.004520030358123285,0.0008504024417957129,0.003965957642175771,0.0009692085426856787,0.008462483025079624,0.0,0.0024341117057851466,0.007936179766893136,0.02119307614681779,0.055415749027826006,0.05663754629840849,0.02838257991413079,0.0,0.0,0.0,0.0014542827735941853,0.012395412062265862,1.2646770013221973e-16,0.0,"[18, 19]","[7, 25]"
42,0.001898610814497703,0.0018316280699658036,0.00027449546113075113,0.0,0.024024126001607502,0.0004056161636712044,0.0,0.0,0.0,0.004799478006413524,0.00033290308026813487,0.0023008453168031837,0.3809231169156813,0.002380739933343575,0.0,0.0,0.0,0.0,0.0,0.006509282920728313,0.015042898183393607,0.0,0.00810016650432017,0.0,0.0,0.0,9.229266892698698e-16,0.0035175417679154304,[12],[11]
43,0.00020761194213013133,0.000222880566019466,0.0011652081229019898,0.00018842426756699072,0.02333155448077446,0.00044237843751692145,0.0,0.0,0.0,0.0003430605872668839,9.373757461840837e-05,0.0,0.3444886615528827,0.001988629024907517,0.0,0.00011980329117862722,0.0,0.00014726159468702135,0.0,0.00973776731836055,0.00220297207274288,0.0,0.0005814231351413069,0.0,0.002491662397049793,0.0,0.0,0.015366475903535303,[12],[-1]
44,0.006606171912439451,0.0003869967211027106,0.0,0.0,0.022652016830239204,0.00010909462998655512,0.2590433787690773,0.0,0.0,0.0015805352833376297,0.0,0.0,0.0,0.0,0.031301812633635996,0.0,0.00047126861632923385,0.0,0.0038243918480942206,0.0,0.009442369189201553,0.0024467914978206265,0.002483031807796985,0.0,0.01930354302651217,0.0,0.0,0.0003582648475385337,[6],[-1]
45,0.006606171912439451,0.0003869967211027106,0.0,0.0,0.022652016830239208,0.00010909462998654864,0.2590433787690773,0.0,0.0,0.0015805352833376256,0.0,0.0,0.0,0.0,0.031301812633635996,0.0,0.00047126861632923835,0.0,0.003824391848094212,0.0,0.00944236918920155,0.002446791497820615,0.0024830318077969787,0.0,0.01930354302651217,0.0,0.0,0.00035826484753855226,[6],[-1]
46,0.10689951518949975,0.0,0.026781414304270654,0.0,0.0,1.5526483269530734e-05,0.0,0.000743519321721573,0.16371399562064123,0.0,0.0,0.007012123525336208,0.03568116952089767,0.0,0.12568832492598736,0.0,0.015367306815882704,0.0,0.020668528211061687,0.0,0.0,0.0,0.11055416084061727,0.0,0.022637259790213336,0.030056756628562453,0.0,0.0,[8],[-1]
47,0.09377582637418976,0.0,0.02100196240324865,0.0,0.0,0.0,0.0,0.001895008040535535,0.12242440246440113,0.0,0.00030509161255675327,0.009070831302195059,0.058431601168197546,0.0,0.13572339170424402,0.0,0.010962210319111078,0.0,0.21233288416029797,0.0,0.0611290603563183,0.0,0.05551570458199493,0.03150827076271481,0.0,0.00703934177507809,3.422922239201793e-16,0.0,[18],[-1]
48,0.0009766872841199404,0.1554392905238668,0.0,0.0,0.0,0.0,0.0,0.004414000757417784,0.0009898075062906733,0.0,0.0,0.0,0.0,0.0,0.00911672275489798,0.1379104379489704,0.06517519296184272,0.0,0.03434164104047802,0.03583193908644022,0.007183065584027743,0.0,0.0,0.0,0.28734261177011844,0.014190745252606808,9.729835315483674e-17,0.008847146126646074,[24],[-1]
49,0.00523588010937566,0.1343857747741885,0.0,0.0,0.0,0.00017748419960899147,0.0,0.0,0.005373509925347575,0.0,0.0,0.0,0.0,0.0,0.0,0.2935709952574579,0.0,0.05250923430309837,0.0013880739983596342,0.0,0.010716990549213044,0.050248113100725404,0.0,0.0,0.10536270655429644,0.04269876517553693,0.0,0.0,[15],[-1]
50,0.0009607409359880185,0.10316563735343208,0.0,0.07565640758086926,0.021204774208612744,0.000671373505970931,0.018631338756600693,0.0,0.0012801280488752454,0.0,0.0,0.2810579502628083,0.004794591719141825,0.009606421071306777,0.0,0.0,0.0,0.0,0.0,0.011115641796367337,0.0,0.003995676664195836,0.0,0.3217593062902961,0.0,0.003946273817767711,1.9851371407039377e-17,0.0,[23],"[1, 14]"
51,0.0009744713001414238,0.16470681864253842,0.0,0.0,0.0,0.0,0.0,0.0020753483261638263,0.0023031674368801927,0.0,0.0,0.04332131254648457,0.0,0.061474827278669465,0.001169767191208956,0.0,0.10831300915434268,0.0,0.0,0.0,0.007953458142865973,0.008888275239210416,0.0,0.15203575860212654,0.0,0.0,0.0,0.0,"[1, 23]","[13, 14]"
52,0.13297785820076533,0.0,0.03333656614037076,0.0,0.0,0.0,0.0,0.003660146366314554,0.20550511325068954,0.0,0.0008476520424456753,0.012648168129339287,0.0,0.0,0.16687930206929577,0.0,0.0,0.0,0.0,0.01707629210141985,0.1041764876745123,0.0,0.06841081556810864,0.006743527463705891,0.013975565192675404,0.0,4.124389898792436e-16,0.035991402233831654,[8],[-1]
53,0.11733922962892812,0.0,0.0339789837846492,0.0,0.002580378943950886,7.535508350449252e-05,0.028350351317681117,0.0,0.21939106503008649,0.0,0.0,0.0,0.0,0.024156709647527454,0.0,0.000970060463427677,0.0,0.0014173548558122954,0.04174191984064034,0.005465577056352503,0.0,0.0,0.10468138321414067,0.0,0.015685588838083294,0.013635036876202617,0.0,0.0,[8],[-1]
54,0.042807985097313456,0.0,0.0,0.0009288031966179013,0.0022159932396009913,0.000955545020492381,0.021176009245769695,0.0,0.0,0.08162582331730621,0.0006200729343798944,0.0,0.00575650226136762,0.0010232855603334577,0.0,0.0015423047932720568,0.0,0.005645408754010841,0.0,0.0803643330434795,0.12463459956573918,0.0563442465046478,0.0,0.028249321552635407,0.0,0.0,0.0,0.0,[20],[-1]
55,0.13098686019858832,0.0,0.0,0.002699831496877319,0.0,0.0,0.001583010470495557,0.0,0.0,0.18510886960256315,0.0011456345661620755,0.0,0.0,0.0,0.0,0.0007886292760704448,0.0,0.011525072058397572,0.0,0.015717104865051946,0.09824068982257374,0.0,0.0,0.05244189070004061,0.0,0.0,0.0,0.0,[9],[-1]
56,0.0003307623634677128,0.07509608763235459,0.0,0.0,0.0,0.0,0.0,0.003378898524247158,0.0010480331977300195,0.0,0.0,0.0,0.0,0.045781575500400025,0.0009718571431566465,0.0,0.1448356579353398,0.0,0.0,0.010874612642902622,0.014465431685523831,0.0,0.0,0.04447768632921404,0.0,0.0,0.0,0.009401338651012357,[16],[-1]
57,0.00023876308948695568,0.06294190241750582,0.0,0.0,0.0,0.0,0.0,0.0044240481691950355,0.0008725474557863302,0.0,0.0,0.0,0.0,0.053757221174982425,0.0022328667742427025,0.0,0.20558276109400567,0.0,0.0,0.0,0.01913583625429668,0.0,0.0,0.0,0.0019196331072413727,0.0,0.0,0.0,[16],[-1]
58,0.10055604462685806,0.0,0.02227479145403739,0.0,0.002720693678410355,0.0,0.029602502658996013,0.0,0.15726282817863518,0.0,0.0,0.0,0.0,0.019342122883641868,0.0,0.0,0.0,0.0036763813758636512,0.07093101260756134,0.0,0.0,0.08983938751471926,0.02726065280031263,0.00479091423151333,0.0,0.0,6.171758217673767e-16,0.005384021297904693,[8],"[0, 3]"
59,0.08754529733709557,0.0,0.0330553289941812,0.0,0.0,0.0008251138706346322,0.0071507501634378735,0.000332596199114926,0.20479197335728294,0.0,4.438473630655495e-05,0.002119459299122212,0.0,0.02049255799681067,0.0,0.00047477640574888685,0.0,0.0,0.0,0.01809414768545427,0.004864812166958353,0.0,0.037305365053013614,0.0,0.0076892412021572175,0.004997780193972401,4.3123763394871437e-16,0.03277020881160953,[8],[-1]
60,0.0011536149288515424,0.19744968014361924,0.0,0.0,0.0,0.0,0.0,0.0058330500596531915,0.0015453577874379942,0.0,0.0,0.0,0.0036515509485767553,0.00555861621992009,0.009130758649605032,0.017031438920022856,0.17138838564849826,0.0,0.026513936356833075,0.0,0.01712617661132677,0.0,0.0,0.0,0.21159438417653423,0.0,6.5270549279272535e-18,0.0,"[1, 24]",[-1]
61,0.0006522208008428875,0.12653943289709643,0.0,0.0,0.0,0.0,0.0,0.006633605800505267,0.001478172450451947,0.0,0.0,0.0,0.0,0.038619958187178914,0.0072382648405398846,0.0,0.21247437038684444,0.0,0.01853147302687134,0.0,0.01833214142129581,0.0,0.0,0.0,0.16125727281188565,0.0,0.0,0.0,[16],[-1]
62,0.05687010362323771,0.0,0.0,0.0,0.0013363238414131388,0.0,0.009963701832855644,0.0,0.0,0.0415790086671275,0.0,0.0,0.02189402207126425,0.010959361363001447,0.0,0.0,0.000840759202020443,0.0,0.14561801022583584,0.0,0.0,0.0,0.22334582147419135,0.0,0.027472746594658717,0.03326458657705308,0.0,0.0,[22],[-1]
63,0.17661312077077138,0.00551432676757958,0.0,0.0,0.058364164977958446,0.0002251390160020894,0.31502037512686903,0.0,0.0,0.0740121768443821,0.0,0.0,0.06841632851620659,0.03156539244376363,0.0,0.0338952965237604,0.03550870156857164,0.0649609961800094,0.0,0.0,0.0,0.0,0.0,0.0,0.047581543950512374,0.008030174091277853,0.0,0.0,[6],"[3, 4, 9]"
64,0.09576634044329942,0.0,0.0253724260831872,0.0,0.0,1.3411457095688984e-05,0.0,0.0009181858675677389,0.14707675496059253,0.0,0.0,0.0035110684781877424,0.0,0.0,0.09165416182168855,0.0,0.014077135025805754,0.0,0.0,0.03806162356718467,0.0,0.012974239323821324,0.0,0.0,0.0026593886023803743,0.0,0.0,0.0,[8],[-1]
65,0.04583940427739335,0.0,0.018223714370914055,0.0,0.0002686961805238701,0.00011264470025316345,0.013743353595964214,0.0,0.11187721827911837,0.0,4.8771988949913265e-05,0.0003175677559859418,0.0,0.025710856848696145,0.0,0.003926449991645569,0.0,0.008161215683942685,0.0,0.02466634830072063,0.0017272342725201861,0.0,0.011028622836975161,0.0,0.003223155081287969,0.006404685125020137,9.894419077431184e-17,0.0,[8],[-1]
66,0.0005123237345158845,0.09346074612275283,0.0,0.0,0.0,0.0,0.0,0.005246159004827322,0.001245356046356423,0.0,0.0,0.0,0.0,0.0655189518082693,0.0019383630289216845,0.0,0.25036321570655123,0.0,0.0,0.0,0.02114538409929502,0.0,0.0018790991746621365,0.0,0.0,0.0,1.2407068463204784e-15,0.0,[16],[-1]
67,0.06288612239280753,0.0,0.01776585286835301,0.0,0.0,0.0009183894745003003,0.0,0.0018607513613511765,0.10870503656023293,0.0,0.0005618946539447276,0.008157539818392493,0.0,0.0,0.09769599551899504,0.0,0.0,0.0,0.0,0.0,0.07147911615365757,0.0,0.05032117081156946,0.0,0.010450809876811637,0.013910138673641168,0.0,0.014143264813113154,[8],[-1]
68,0.0008345890527006744,0.03418278470452994,0.0,0.05325169203662969,0.054028066616087896,0.0013392910032406708,0.0,0.0,0.0005956113633692232,0.0,0.00013701399934934838,0.06424656682258457,0.0,0.003372867593439555,0.0,0.0,0.008808641604249788,0.058480347212977145,0.012067524737264797,0.0,0.004226254560796898,0.0,0.002726246920467871,0.03900559106584815,0.0,0.09987982609445926,0.0,0.0,[25],"[11, 14]"
69,0.000366719002910153,0.03576426755785673,0.0,0.10360463810627478,0.0,0.00037505926106232883,0.0,0.0,0.0,0.0,0.0,0.010724349523275039,0.0,0.0,0.003945923569682398,0.0,0.0,0.0,0.0,0.0,0.0,0.014797714714438085,0.005291503949417007,0.06827669039148875,0.0,0.04411185754532451,0.0,0.0,[3],[-1]
70,0.0909561131094963,0.0,0.0,0.0052572513883216215,0.0012986733646914465,0.002147636036292611,0.02924056928533749,0.0,0.0,0.13920044851375765,0.0015045611459264115,0.0,0.024347962308717122,0.018221634227848515,0.0,0.00883113313641926,0.0,0.03609278835316776,0.0,0.0,0.22764248518485297,0.0,0.0,0.024005963468244993,0.0,0.0,0.0,0.002563986243762284,[20],"[3, 25]"
71,0.0010996149588298205,0.11968838740350297,0.0,0.0,0.0,0.0,0.0,0.0009069538747795283,0.0006872355702493919,0.0,9.83986139591716e-05,0.0,0.00015283935026648483,0.0,0.005114522692483469,0.23010912133494832,0.0,0.0,0.01803579984736921,0.0,9.320265429534938e-05,0.02748707281901313,0.0,0.0,0.1227282468166697,0.0,0.0,0.05091958508400816,[15],[-1]
72,0.0006461385157517725,0.09683217117948366,0.0,0.0,0.0,0.0,0.0,0.0011779501403558334,0.0009382753827528701,0.0,0.0,0.0,0.0028443216892315463,0.0,0.010223085506996106,0.16810890106011098,0.0,0.0,0.02368192801644329,0.023435690336976067,0.0,0.007911878724691516,0.0,0.0,0.16071002212222402,0.010328604077465064,0.0,0.057410467127169885,"[15, 24]",[-1]
73,0.005232918211369362,0.00025936520772463194,0.0,0.0,0.0061866385324739264,2.553824899381885e-05,0.04004731043597844,0.0,0.0,0.001719136218500598,0.0,0.0,0.022673096805715526,0.0048595430091120115,0.0,0.005162863029321476,0.0070588397107462985,0.013952635156105037,0.0,0.0,0.0,0.0,0.0,0.0,0.008602751125306052,0.019241276965762125,0.0,0.05391941374470467,[27],[-1]
74,0.0009362245657746078,0.040481881509860734,0.0,0.17740209334877563,0.0,0.0003287154193517306,0.0,0.0,0.00044555998487421977,0.0,0.0,0.0,0.0015787988228693423,0.0,0.0060764679102588,0.034118465430700164,0.0,0.02929938359279427,0.0028507827559761875,0.020112231227578124,0.0,0.04145461107791865,0.009841559931954975,0.0,0.0,0.020142525068323897,9.85526479999705e-16,0.0,[3],[-1]
75,0.005091519020399397,0.04209155287984343,0.0,0.2093801184727172,0.0,0.0003840854094482858,0.0,0.0,0.005186418613125035,0.0,0.0,0.0,0.0,0.0019115995095159185,0.0,0.0,0.0,0.0,0.0,0.0,0.00747615715906754,0.012908538924556507,0.0,0.0,0.0,0.003924161930954977,9.864744505804305e-16,0.03662326046406913,[3],[-1]
76,0.1084523426414296,0.0,0.0,0.004010534161766255,0.0,0.0010641500096673876,0.0,0.0029413136585267176,0.0,0.1650551162412447,0.0028110446706440745,0.0,0.009028492350306203,0.012197268520502737,0.0,0.0034587388013988525,0.0,0.0015957781614811281,0.05783421773140594,0.026055397812158636,0.3157752602842246,0.0,0.0,0.040494971788907735,0.0,0.0271754979649741,0.0,0.0,[20],"[3, 4, 14, 22, 28]"
77,0.00025026534185718286,0.0031054324832570316,0.005537081415806915,0.021240808884478848,0.08554787701153896,0.0,0.0027416657444824656,0.18524252679425335,0.0011109577155467621,0.0,0.0005805797346663527,0.0,0.0,0.0,0.0,0.0,0.008989088563060221,0.006874696919421426,0.0034488918972096984,0.004470016414673759,0.0016832636006493974,0.0,0.0,0.0,0.0,0.0,5.744852652255343e-16,0.01829230260959315,[7],[-1]
78,0.00044317619204838787,0.006953272517032434,0.0030028113166883975,0.011097414575944941,0.2518610755733725,0.004909676655866635,0.0,0.0,0.0005290488791121029,0.0,0.0,0.01735940539379387,0.0,0.0007709993566210472,0.002436362640313767,0.0,0.0,0.0,0.003958066034665602,0.0004486379754767596,0.003006194978240983,0.0,0.0004476413030698116,0.01702386490975582,0.0,0.2226891497477724,2.540769468576018e-16,0.0,[4],"[11, 14]"
79,0.0012992975714120657,0.07728759351271194,0.0,0.10171021594935323,0.005320148661617877,0.000264958643011453,0.015878224533557323,0.0,0.0008941988381348391,0.0,0.0,0.17820265699542487,0.0,0.018043629743958862,0.0,0.0,0.03908092677913369,0.10897638924248224,0.010674322879469188,0.025860830181646657,0.01018917918594139,0.0,0.0019050528396186523,0.08281899814706767,0.0,0.018429034067378888,0.0,0.09506387775705119,[11],[-1]
80,0.0013497623940840328,0.1615545874951037,0.0,0.06049671129255395,0.005034274765948629,0.0002944863070059294,0.01591680188065416,0.0,0.001966954160174778,0.0,0.00031421841994824854,0.22104583967306995,0.0,0.04743730461501263,0.0,0.0,0.03232534149214457,0.0,0.0,0.0,0.0,0.0,0.003369851718172896,0.21511873324952227,0.0,0.0,0.0,0.007347388450035594,"[11, 23]","[13, 14, 18]"
81,0.0009095268948134123,0.14113348633657682,0.0,0.0,0.0,0.0,0.0,0.0033942288550902603,0.0006776427365709209,0.0,0.0,0.0,0.0,0.0,0.01059102625762428,0.22709222074955912,0.02561837030721275,0.0,0.036360704761975934,0.0,0.005265383169699423,0.0,0.0,0.0,0.29710193400550833,0.006506964764997324,0.0,0.0,[24],[-1]
82,0.000978793317065238,0.16005568474750617,0.0,0.0,0.0,0.0,0.0,0.005758742977648026,0.0017946550184056392,0.0,0.0,0.0,0.0,0.0,0.009781783000404687,0.12579416117343734,0.0297633398840012,0.0,0.02448187483484405,0.0,0.005433808314255667,0.0,0.0,0.0,0.223905504079652,0.0,7.250900381444803e-17,0.05933283138020094,[24],[-1]
83,0.00411173208057491,0.005808624161249743,0.0,0.013044281043325,0.0006185844136116289,0.00043536796502447773,0.0032041496518332474,0.00013996053637473245,0.0,0.010603495498029594,0.0012612725334649852,0.035129699399756735,0.018143843526760305,0.00224951412567864,0.0,0.005136644158058118,0.026961354318874527,0.07048549788615323,0.1487986588641989,0.0,0.07168184814334834,0.0,0.0,0.0035472138759323588,0.0,0.0,0.0,0.08647409160923203,[18],[-1]
84,0.006087795644820207,0.00036838485959422103,0.0,0.001293744748354572,0.0,0.0004141767428503003,0.0,0.0005108577535789575,0.0,0.017685225855888602,0.001148816244307184,0.003210285212794497,0.019036646049056992,0.004884364083196055,0.0,0.004084328107084096,0.0018152373766171343,0.01918855098940508,0.108149221464001,0.014765972719151258,0.08952642203467723,0.0,0.0,0.016269091728243958,0.0,0.0,0.0,0.0,[18],[-1]
85,0.09953015123449706,0.0,0.0,0.0,0.0,0.0,0.0,0.0015189194116919892,0.0,0.19158443833620759,0.0,0.0,0.0,0.009386162014060893,0.02424656739183766,0.001739850768361794,0.008124514620061139,0.0,0.17367036248627804,0.0,0.0,0.0,0.02736075377148584,0.006305087571802198,0.0,0.0539737312905068,2.1568244729599782e-16,0.018857876282736774,"[9, 18]",[-1]
86,0.04205103608833538,0.0,0.0,0.0008220764515792339,0.0,0.0,0.0,0.0010283433376447747,0.0,0.10635892492056459,0.0,0.0,0.0,0.01183103104833624,0.0,0.0022957534223025313,0.0,0.001207882849751025,0.25210993560171263,0.0,0.037830453770078945,0.02706301499153342,0.0,0.04476662471018202,0.0,0.04202669878294547,0.0,0.0,[18],[-1]
87,0.00929422988363916,0.0,0.0,0.0011241966519651586,0.0,0.001348729985439324,0.0,0.0022345103476443876,0.0,0.03176603734672174,0.0007894680856022232,0.00436363722282719,0.012168000172122582,0.005411286609422905,0.0,0.003895432852868329,0.007345447428078908,0.01442652542925372,0.17216842052270795,0.0,0.041421674344978926,0.0,0.0,0.01877443268315055,0.0,0.0,6.467027560474995e-17,0.03136656275076012,[18],[-1]
88,0.0014129526948953456,0.09028741343275735,0.0,0.23599376559512458,0.0,0.0005800074730118593,0.0,0.0,0.0009355826017669151,0.0,0.0,0.0,0.004318690581922008,0.0,0.008916179195527178,0.042152388764015676,0.0,0.0,0.0,0.0,0.0,0.022393880116068465,0.0029146497030818523,0.07469681643856625,0.0,0.05615862756085566,0.0,0.06708308509929672,[3],[-1]
89,0.04865603472230081,0.0,0.0,0.0,0.0004584455989925863,0.0,0.0,3.267812731637109e-05,0.0,0.07469983711343942,0.00013719088386977057,0.0,0.0,0.0,0.04829348893562068,0.0,0.017497319230990138,0.005249644113642962,0.0065625873102674506,0.02682215288437452,0.0,0.0,0.0,0.008435509618290595,0.0,0.0,0.0,0.0,[9],[-1]
90,0.0007538847203370855,0.034014317677742906,0.0,0.01708860833262798,0.004393070371653422,0.0002081087529912144,0.009005124365074328,0.0,0.0003567996884608627,0.0,0.0011236452037843296,0.042604349695333554,0.0,0.010337812099672274,0.0,0.0,0.09204462358773909,0.15421510507854586,0.006223772736330186,0.023079703735025305,0.009024741917788673,0.0,0.012958013970912865,0.0,0.002825991985937427,0.010214479695443354,2.9093207431163e-16,0.0,[17],"[6, 14]"
91,0.005574789865995602,0.05508698253767749,0.0,0.23246277633844062,0.0,0.0005952512474458937,0.002160928553137721,0.0,0.005363168493153937,0.0,0.0,0.0,0.0,0.0,0.0,0.02489286797548476,0.0,0.08164050902368368,0.0,0.0010940648409721264,0.008398776884656551,0.0025930799202861254,0.0,0.0,0.0,0.023833799742326422,4.740094506587867e-16,0.0,[3],[-1]
92,0.03620661589466067,0.0,0.0,0.003769163076193751,0.0,0.0,0.0,0.00011366832906874736,0.0,0.028955485411043532,0.0013467557768025128,0.0,0.003995200740952101,0.0015969467320009496,0.0,0.0026662310031100034,0.0,0.0019601080875007422,0.0,0.0,0.19236708224946708,0.06632748219473171,0.0,0.00776120392540988,0.00215438298613515,0.0024304463275644167,4.1392871881899638e-16,0.00769480632464186,[20],[-1]
93,0.05906363766386598,0.0,0.0,0.0,0.0,0.0,0.0,0.0022774903674387375,0.0,0.049268430280022785,0.0009091792598642334,0.0035546077244110507,0.0,0.0,0.07483875200899176,0.0,0.0,0.0,0.0,0.0,0.11416055422267049,0.03972510313596356,0.22845735478056325,0.0,0.06804123494201002,0.0,1.2352268013462926e-15,0.006199519331559103,[22],[-1]
94,0.050455034918376725,0.0,0.013142835853817196,0.0,0.0,0.0,0.0,0.001448033842500249,0.07895393124167803,0.0,0.00031795693417979,0.0070734497337682275,0.050136268994297406,0.0,0.10245578637092398,0.0,0.011571918061359045,0.0,0.05106567382048683,0.008824337653654467,0.02788494834802973,0.021922784271121504,0.0,0.047518039962809,0.0,0.02632901992027496,0.0,0.022472612955414577,[14],[-1]
95,0.0007252686525428061,0.13893796052203924,0.0,0.0,0.0,0.0,0.0,0.0060399846010336595,0.0017173015660236106,0.0,0.0,0.0,0.0,0.042485407637671425,0.005049189073391713,0.0,0.16031402431034772,0.0,0.011230292273247247,0.032073584263068174,0.013261466724462039,0.0,0.0,0.0,0.1081644824061501,0.0,0.0,0.04297856059376441,[16],"[14, 18]"
96,0.0012909672787561827,0.18503189908946285,0.0,0.0,0.002408218479954277,0.0,0.007763206183190822,0.005324979672290038,0.002515490216245559,0.0,0.0,0.1350630277225159,0.000965352222892666,0.0731953924272614,0.0,0.0,0.20466629109675316,0.0,0.0,0.14057524924789816,0.023007162834187352,0.0,0.0012496227729334982,0.1002681200914644,0.0,0.0,1.0868292369567457e-16,0.002332490346877697,"[1, 16]",[-1]
97,0.02784277861923453,0.004112752001051247,0.002589650029347953,0.0027504201885915056,0.0,0.0,0.0,0.001995982919664093,0.0,0.04932121864436543,0.0,0.02590135430151691,0.0,0.0,0.11363080989440921,0.0,0.0,0.0,0.0,0.021804873683530516,0.0,0.0,0.17807956773429273,0.0,0.02813068050192091,0.0,0.0,0.0,[22],[-1]
98,0.0901814070956739,0.0,0.0,0.0,0.0,0.0,0.0,0.0016370256399057532,0.0,0.14368141455732172,0.0,0.0034961021263220887,0.0,0.0,0.14707670948824642,0.0,0.025519875702326156,0.0,0.0,0.029125668381518362,0.0,0.0,0.24028619549667682,0.0,0.07370019458713159,0.0,8.976117714306317e-16,0.0,[22],[-1]
99,0.1914607573501547,0.0,0.018456278916303245,0.0,0.0,0.0,0.0,1.040255299178994e-06,0.10223415349400616,0.0,0.00042188462663901783,0.002247161742630096,0.024126009850405437,0.0,0.017004365748081177,0.0,0.0,0.0,0.0,0.0,0.10351361131243761,0.0,0.2188060380914995,0.0,0.04570877201741872,0.0,2.99570387834289e-16,0.0,[22],[-1]
100,0.06690048171398055,0.0,0.0,0.0031263766665046875,0.0015727251029707748,0.0,0.004267493296155683,0.0,0.0,0.10483101569729238,0.0007095749641708084,0.0,0.0666646491670916,0.0,0.0,0.0007434231960290943,0.0,0.0,0.0,0.0,0.14009122423563783,0.07961618055883164,0.06393296115644073,0.0,0.04537001177638844,0.0,0.0,0.0,[20],[-1]
101,0.0021097676954542044,0.012069934294164522,0.13718024631088743,0.0,0.0,0.001074014764020073,0.00581486238209774,0.0,0.0,0.015948248863281847,0.0,0.0,0.0,0.0,0.0,0.0,0.015578945740654168,0.0053164960632243125,0.005909908319838593,0.003505457824428581,0.005377804626347095,0.009562756505596872,0.0,0.0,0.0,0.06665315699425388,0.0,0.004517828530650214,[2],[-1]
102,0.001737250025785467,0.008138183004824202,0.12451084685892119,0.0010411943330250382,0.0,0.0011210037263658656,0.005391965322126413,0.0,0.0,0.014830031777411507,0.0,0.0006559822540336469,0.0,0.0,0.0,0.0,0.01827047680097795,0.008145827039195546,0.0010756697711866963,0.0013405237538443647,0.0021240276965851586,0.015510147563840376,0.0,0.0046023827995528835,0.0,0.025471016379477622,3.813923858821364e-17,0.037207377255764444,[2],[-1]
103,0.11044858412471269,0.0,0.017647995810857037,0.0,0.0,0.0,0.0,0.0032723895784385988,0.10534360951418616,0.0,0.0008979960989363219,0.014275811522591015,0.0,0.0,0.27772489159457764,0.0,0.020685177157933762,0.0,0.0,0.022362648990381373,0.0,0.05175805434021662,0.07948099590549532,0.0,0.037716731526875685,0.0,0.0,0.015911221647388243,[14],[-1]
104,0.0638315996416347,0.0,0.0,0.0,0.0,0.0,0.0,0.0010170203760141014,0.0,0.08648160343776372,0.00014901584003157976,0.0018034250833428701,0.0,0.0,0.05866072793248746,0.0,0.021016523803071122,0.0,0.02191822157595511,0.0,0.0,0.0,0.12432750933335131,0.0,0.024395129082748167,0.0,0.0,0.05069868781036655,[22],[-1]
105,0.08557278822608642,0.0,0.0,0.0,0.0011030610201808722,0.0,0.02409660513993399,0.0,0.0,0.11574349245374661,0.0,0.0,0.033324484661129486,0.011259791260515009,0.0,0.0,0.0004202830866947015,0.015846961016838884,0.031988978315950344,0.05257110507011517,0.054473053520467066,0.0,0.0,0.02157593884362248,0.0,0.0,1.3342161442893635e-16,0.013410513074467707,[9],[3]
106,0.12857592784551017,0.0,0.0,0.0013686682564631593,0.0,0.00021425543180938876,0.004154197462083495,0.0,0.0,0.15124291106050575,0.000463431709367232,0.0,0.013848095605528899,0.005712465942527344,0.0,0.0,0.0,0.005139222374082824,0.0,0.03461341561833386,0.12252089423661276,0.12023300101541264,0.0,0.0,0.028533454565335077,0.0,0.0,0.036289102183615043,[9],[-1]
107,0.03513433042261061,0.0,0.0,0.0008699228983490065,0.004272470504945954,0.022179448913021406,0.035527465390170786,0.0,0.0,0.06100249974585064,0.0,0.0,0.008289662898857434,0.015532582908717413,0.0,0.005819538037650557,0.0,0.01634034112456701,0.0,0.06372899475790965,0.08667978724585419,0.10820245475367933,0.0,0.0,0.011084500285140443,0.0,5.393704522800462e-16,0.0,[21],[-1]
108,0.0004554560145877583,0.020970430072587747,0.0,0.02908427454059001,0.0011050692616759491,7.148989292308253e-05,0.009057742850515915,0.0,6.044953984089643e-05,0.0,0.0003471549563770362,0.06175853323469321,0.0,0.0,0.0,0.028626466410223497,0.0,0.07898676945528424,0.002321924653946542,0.0,0.0,0.0,0.007963213377383763,0.0,0.0,0.01671240827145297,0.0,0.020706873523062993,[17],"[14, 25]"
109,0.0018745654653631893,0.010547383951841918,0.11485032949073008,0.0,0.0,0.0007750054049410778,0.0016297313151647519,0.0,0.0,0.013892402370079418,0.0,0.0,0.014948036896773079,0.0,0.0,0.00996436688402435,0.0,0.002908077050229873,0.0,0.0,0.0,0.1527581508132385,0.003589461840269588,0.0,0.0,0.0,1.4050108594446854e-16,0.0,[21],[-1]
110,0.0026657641507972785,0.0878589235251162,0.1411972275436433,0.0,0.021404365849227378,0.0016803746909120037,0.0,0.0,0.0,0.01566582995819296,0.0,0.0,9.859045235945978e-05,0.0,0.0,0.19665998527043962,0.0,0.0,0.01856653444432494,0.0,0.0028108819947269274,0.06428969554898285,0.0,0.0,0.07953599000060278,0.14276319685494318,0.0,0.0,[15],"[14, 15, 22]"
111,0.000792407670865782,0.08515182051620189,0.0,0.0,0.0009558800803598888,0.0,0.009924499601735373,0.0028880256307959183,0.0013883600466636711,0.0,0.0020061447843863498,0.09847703028486096,0.0,0.06438185133441808,0.0,0.0,0.25013646132787687,0.1289133579493289,0.0,0.015233802313687587,0.022636654829753317,0.006637240965673619,0.012423604110548561,0.04587915885782098,0.0,0.0,7.31868520785826e-17,0.0,[16],[14]
112,0.0005521410165334901,0.05306725816159884,0.0,0.0,0.0,0.0,0.0,0.002461230804944119,0.00094823052018344,0.0,0.011048101898633016,0.0,0.007541537748310233,0.005272092831171746,0.0,0.0,0.04690479829161593,0.06236359708373873,0.0,0.14064631083369752,0.006135739764563101,0.0,0.0058486226786184006,0.0,0.0,0.0,0.0,0.0,[19],[-1]
113,0.015057567833078132,0.0003544353036740701,0.008743384789841331,0.0,0.0,0.0,0.0,0.001448247573857845,0.0,0.024278181739499454,0.00032372436848609803,0.0017956186541523945,0.004311406198910172,0.01824382155076044,0.024608503984975633,0.005289518726841548,0.0,0.0,0.047391806081522506,0.0,0.008115502543015289,0.0,0.023890714527204496,0.0029710533409835985,0.0,0.036458963393965794,6.915673790958753e-16,0.0,[18],[-1]
114,0.02324118322959757,0.0,0.003916613423572937,0.0,0.0,0.0,0.0,0.002097307452032572,0.0,0.045032921976453484,0.00020580316277258635,0.003406451672242593,0.0,0.001573871764256633,0.06799368933897686,0.0015917203496667047,0.0,0.0,0.0,0.0,0.0,0.0,0.09050751071669381,0.0,0.02484851757499013,0.013123630886569189,1.0518295452658862e-15,0.0,[22],[-1]
115,0.00020788074994611806,0.00022362477862955716,0.0011683583183775695,0.00018915488550285287,0.023530860671264774,0.00044642053114560016,0.0,0.0,0.0,0.0003451712012360143,9.706291205629214e-05,0.0,0.3625450388124885,0.0019529238062973697,0.0,0.0001572998298542977,0.0,0.0001501629519783305,0.0,0.010672622758685324,0.0022975313945399842,0.0,0.0004903701222700917,0.0,0.002508695125415304,0.0,0.0,0.01794876426606974,[12],[-1]
116,5.936520511477923e-05,8.925253837355955e-05,8.234561695273445e-05,0.0,0.0045281311966333644,8.530225962647286e-05,0.0,0.0,0.0,0.00027416870289299775,6.744081946224374e-05,0.0001439997351099368,0.18947631152455216,8.511926714769505e-05,0.0,0.0,0.0,0.0,0.0,0.006907692666426698,0.002497925409849175,0.0,0.0005909153537067003,0.0,4.6128996093482196e-05,0.0,2.8927002262214476e-15,0.01363160488362489,[12],[-1]
117,0.036724799177703944,0.0,0.0,0.0,0.003141219388378806,0.0,0.024365482867083673,0.0,0.0,0.0679044227757264,0.0,0.0,0.014199100486597668,0.007961953423377565,0.0032239225544760503,0.0030137411198794006,0.02571768114023838,0.023608749692437883,0.0,0.029150628150744293,0.0,0.0,0.0,0.0,0.005081924865681197,0.0,5.125181528707017e-16,0.0,[9],[-1]
118,0.06173712019350379,0.0,0.0,0.0,0.0,0.0001842347140503503,0.0016585148540020622,0.0,0.0,0.15799840390298356,0.0,0.0,0.0032426943550618627,0.0,0.06187959617328252,3.6809906522828116e-05,0.03679735593013046,0.025723653050848276,0.0,0.0,0.0,0.0,0.0,0.0,0.005945496312592148,0.0,0.0,0.0,[9],[-1]
119,0.0002485855675351268,0.0,0.0,1.7245647114276174e-05,0.0008007043820808985,0.27985314594740596,0.0005825275312533207,0.0023621272184713433,0.0002478916245550654,0.0,0.0,0.0,0.0007075159619424543,0.000673658887283939,0.00023423500852148222,0.0,0.0003524268686944805,0.0,0.0014935991721848358,0.0,0.0,0.0,0.002384388057502453,0.0,0.0002808532958463258,0.0,0.0,0.0007703454576394506,[5],[-1]
120,0.005869527818391133,0.0,0.0,7.812031507171114e-05,0.0011248340811615303,0.28532472568181705,0.00018026693311602246,0.0038293900274377892,0.0,0.0037806226134059883,0.0,6.455754369562056e-05,0.0,0.002609526380493471,0.0,0.0013181441917462454,0.0,0.001929015851286639,0.0,0.014411187194774905,0.008507599246406051,0.0027906736339622642,0.0,0.0,0.0,0.0,9.923823531968497e-16,0.013562948640196292,[5],[-1]
121,0.0009583257080071148,0.14534904370323795,0.0,0.0,0.0,0.0,0.0,0.0034791900360037252,0.0007377755539834609,0.0,0.0006104643909127478,0.0,0.0,0.0,0.010469457960163221,0.26770508114344166,0.017101871427837964,0.0,0.03494289246541802,0.0,0.004044537017927816,0.0010203420169357903,0.0,0.0,0.26401372409301427,0.0,1.081153020225985e-15,0.0,"[15, 24]",[-1]
122,0.0008634808890407858,0.11782838048394263,0.0,0.0,0.0,0.0,0.0,0.0014515541642941745,0.00041311510828398473,0.0,0.002310616747481372,0.0,0.002829607962590393,0.0,0.006892778792248093,0.27067276656989986,0.0,0.0,0.020330784289547783,0.0,0.0,0.012572163048267481,0.0,0.0,0.1519622686658009,0.0,0.0,0.0,[15],[-1]
123,0.008485520007005547,0.01578676059283063,0.2010832453785527,0.0,0.00448624943800053,0.0008126033200950946,0.0,0.0,0.0,0.018673902078537735,0.0002297270121055517,0.0,0.031470136383267434,0.028091613202629748,0.0,0.011711960654942403,0.0,0.0051597730428259965,0.0,0.014283975823004641,0.002127848205283297,0.10904904861674695,0.03251846831936485,0.0,0.0,0.012035070392307482,2.7928127971297157e-16,0.0,[2],[-1]
124,0.001469361363387051,0.003977635320238749,0.0634932022499111,0.0010103044897328487,0.0,0.00024814137272052454,0.0,0.0,0.0,0.009550819786439367,6.510855975731675e-05,0.004055019836286269,0.0026737585566292458,0.05118074503687172,0.006304697687228337,0.005760931948981544,0.0,0.0048930776141819085,0.0026962604908498874,0.0,0.0,0.09239779326485775,0.013140337181704641,0.0,0.0034621491389306503,0.0,0.0,0.0,[21],[-1]
125,0.07660699168184074,0.0,0.009716700463639061,0.0,0.0,0.0,0.0,0.004572398336066589,0.019519928818585844,0.0,0.0,0.014809361377610448,0.0,0.0,0.24886906022658228,0.0,0.005518776242835657,0.0,0.0,0.0611706387993389,0.009090549080715021,0.007125033067502251,0.15578393894849962,0.0,0.04199331479223716,0.0,0.0,0.0,[14],[-1]
126,0.09731756107339472,0.0,0.024350506072432384,0.0,0.0,0.0,0.0,0.0024921212773462284,0.13623051200018127,0.0,0.0,0.013016486866380086,0.03812538849907036,0.0,0.2560497854452337,0.0,0.028677193728769302,0.0,0.0,0.03375138265726875,0.0,0.09289907949399884,0.056756560818681245,0.0,0.017884520947675137,0.0066156539556373435,5.762617629232625e-16,0.0007239584912659793,[14],[-1]
127,0.07340865727967522,0.0,0.0,0.0,0.0,0.0013670746662681544,0.0,0.0010684400674143598,0.0,0.1495259651024331,0.000950478035094581,0.0,0.0,0.0,0.06133194365638293,0.0,0.008920639679024655,0.0,0.0,0.0,0.0,0.0,0.08554946656388565,0.0,0.07016324405215463,0.0,0.0,0.02584132320841842,[9],[-1]
128,0.12721701616870618,0.0,0.020874551923143556,0.0,0.0027811409691475665,0.0,0.0331915841526635,0.0,0.15348517645792187,0.0,0.0,0.0,0.025255711326107825,0.0242052538308264,0.0,0.0,0.011430190021376206,0.006421713269822453,0.08388111878213797,0.05110311004303488,0.0,0.06969914400351453,0.06153462571037784,0.0,0.007769789262704285,0.0025498665909192875,0.0,0.047827710593611635,[8],[-1]
129,0.0009880599907537743,0.07184553996275761,0.0,0.04170902814491995,0.003205849894608942,3.082133282272538e-05,0.013555775280924805,0.0,0.0006108777318786617,0.0,0.0,0.09263950647189154,0.001784006335423792,0.0,0.0,0.12037946968405216,0.0,0.10812803599721145,0.0,0.012678051987054413,0.0,0.057500315143237855,0.012249351806231676,0.09010976858263371,0.0,0.052602233567592444,5.774410731574565e-16,0.09074686332908811,[15],[-1]
130,0.0002275207786990017,0.0,0.0,1.4693644334865668e-05,0.00066414366418972,0.23121415968184345,0.00047749338472629385,0.001963741724364132,0.00018816038055522634,0.0,0.0,0.0,0.0005721708114278768,0.0005765329126548707,0.00018827278280338878,0.0,0.0002790738156329885,0.0,0.0010771508700522826,0.0,0.0,0.0,0.0017823779067294941,0.0,0.0002321562142356618,0.0,0.0,0.0005822107271091289,[5],[-1]
131,0.006606171912439451,0.0003869967211027103,0.0,0.0,0.022652016830239194,0.00010909462998655546,0.25904337876907724,0.0,0.0,0.0015805352833376297,0.0,0.0,0.0,0.0,0.03130181263363599,0.0,0.0004712686163292446,0.0,0.003824391848094211,0.0,0.009442369189201544,0.0024467914978206344,0.0024830318077969918,0.0,0.019303543026512167,0.0,0.0,0.0003582648475385293,[6],[-1]
132,0.05020934659163889,0.0,0.0,0.0032565602831734837,0.0,0.0,0.0,1.964798004506469e-05,0.0,0.036954561983120304,0.001171191128704485,0.0,0.0,0.0,0.0,0.0,0.0,0.0,0.0,0.0,0.1619369715687985,0.0,0.0,0.02903483306072428,0.0,0.0005138789814087976,1.3633348961808294e-15,0.008946973740736866,[20],[-1]
133,0.0002875188583194128,0.03467790825742217,0.0,0.0,0.0,0.0,0.0,0.0015323630328236224,0.00033676851772367815,0.0,0.001271036890169631,0.0,0.0,0.007672024393381654,0.0014866580840291936,0.0,0.04645171295733406,0.02210178921811699,0.004379359640567214,0.0,0.0016650341907233418,0.0,0.0031392706444545366,0.0,0.04700783853395364,0.0,1.1532583524001573e-15,0.0037666201502505846,"[16, 24]",[-1]
134,0.012692017801902664,0.0,0.0,0.0,0.0036061719521087265,0.0,0.021388628996631517,0.0,0.0,0.0012929856144178703,0.0,0.0,0.014438926598679711,0.0046025158873864375,0.0032934087881076805,0.0019499432918681878,0.005422871133130081,0.003529801532136832,0.028257095365928495,0.0,0.0,0.0,0.06481711406557712,0.0,0.012700356255654908,0.010641541541963766,0.0,0.0,[22],[-1]
135,0.0010087246910818893,0.08830362108499404,0.0,0.07035121073057984,0.0034520877848690404,0.00020074879467400945,0.01918685813553069,0.0,0.0009645683641235485,0.0,0.0,0.20421927011217117,0.0,0.011059659949252964,0.0,0.0,0.0,0.007866823453613739,0.0,0.06495994523707108,0.0,0.0,0.0,0.09373990548097505,0.0,0.00823262096112405,0.0,0.10876597392968207,[11],[-1]
136,0.0009331495673424353,0.07474217394091728,0.0,0.058508764940818025,0.007173995798451409,0.000416027201377468,0.01471561000221253,0.0,0.0,0.0,0.0014955624664979145,0.15419841237082435,0.0,0.0,0.0,0.0,0.0,0.07107198754355484,0.0,0.0,0.0,0.0031133858770926973,0.008992211402687692,0.08785277154579846,0.0,0.06436399448469013,8.408606861427926e-16,0.0,[11],[14]
137,0.00024384812847359338,0.0,0.0,1.6751187008677694e-05,0.0007763480004994147,0.2713073559455843,0.0005646726654588543,0.002290389533925816,0.00023869547389040178,0.0,0.0,0.0,0.0006880975928146111,0.0006525398266063493,0.00022695774655805535,0.0,0.00034211772767877137,0.0,0.001466841832242443,0.0,0.0,0.0,0.0023292842932375046,0.0,0.00026980714294203527,0.0,0.0,0.0007818734648098453,[5],[-1]
138,0.00022303122604976506,0.0,0.0,1.4257506581190368e-05,0.0006435209718925468,0.22403302362884855,0.00046274153834608865,0.0019027157886315107,0.00018103868344222004,0.0,0.0,0.0,0.0005574209914624605,0.000557158300812366,0.00018249141571677026,0.0,0.00027143321321097217,0.0,0.0010719295972609253,0.0,0.0,0.0,0.0017552407881008436,0.0,0.00022213260011914824,0.0,0.0,0.0006050341839866006,[5],[16]
139,0.1581301874320955,0.019527052046722306,0.008903100046655905,0.06040176194926499,0.0,0.0010991902143137786,0.019452106401360404,0.0,0.11703467045490507,0.0,0.0016910151637095252,0.021170562634327084,0.0,0.0,0.0,0.037761356163400726,0.0,0.05922786603433369,0.0,0.005254875016422763,0.23450171363037015,0.012127437857198137,0.0,0.048651870844557715,0.0,0.026613980461178393,0.0,0.0,[20],"[0, 3, 14]"
140,0.119979951787751,0.0,0.0,0.0028812798416382743,0.0,0.0,0.0,0.0,0.0,0.15107053899103365,0.0010578407646105227,0.0,0.0,0.0,0.0,0.0,0.0,0.0,0.0,0.0,0.24145920885210223,0.04613927825507197,0.0,0.020320254802261118,0.0,0.0,2.8491534927214827e-16,0.0354709613350158,[20],[-1]
141,0.0005299227343570429,0.02228618409791156,0.0,0.12322247231065118,0.0,0.0002312517201768367,0.0,0.0,0.00012463035652327605,0.0,0.0,0.0,0.0009988380518012833,0.0006828227817136685,0.005229359139182829,0.0,0.0,0.003341239870015541,0.003910148428441157,0.005835066727717703,0.0,0.005631511588308185,0.005748841705796944,0.0,0.004172262714858151,0.0021258091416322704,5.725485510278708e-16,0.005742731251858147,[3],[-1]
142,0.0010787382968002683,0.048544857551844275,0.0,0.21383702961124942,0.0,0.00035984001227211805,0.0,0.0,0.0,0.0,0.0,0.0,0.0022958487545492036,0.0,0.00894854415694567,0.016721560946259262,0.0,0.016893610518411897,0.006293604102735877,0.0255959680864357,0.0,0.030727152360961935,0.015598422818711965,0.0,0.014703059776070037,0.01805365889422447,9.778420795113749e-17,0.0,[3],[-1]
143,0.004838703298816572,0.02963848610712906,0.0,0.16236333269984962,0.0,0.0,0.0,0.009751959281125025,0.005271383659935232,0.0,0.0,0.0,0.0,0.0,0.0,0.0,0.0,0.00673647659808634,0.0,0.0,0.015369085177333467,0.0,0.0,0.0,0.0,0.0,5.929388931474451e-17,0.0,[3],[-1]
144,0.0013637386925857775,0.0723179262426871,0.0,0.250508576811014,0.0,0.0005828459925691651,0.0,0.0,0.0005622854135102823,0.0,0.0,0.008816544116914026,0.0,0.01023590086439072,0.005547222230198149,0.0,0.0,0.0,0.0,0.0,0.0,0.0,0.0,0.08704692068210775,0.0,0.025928792692242606,0.0,0.0,[3],[14]
145,0.058145795732723604,0.0001464838586071112,0.0,0.0,0.0,0.00010104806662805159,0.0,0.0010916619538777804,0.0,0.0817539431036511,0.0010614851298469065,0.0,0.00457647015316281,0.0,0.0,0.0,0.0,0.0,0.0,0.04361041695597273,0.18298540066926375,0.10167850263100119,0.16341131938262282,0.0,0.0509822378117374,0.0,0.0,0.0,[20],[-1]
146,6.842667353236589e-05,0.00010257187264772293,0.00017920902899357284,1.5754480503663966e-05,0.007335385162533996,0.0001403063844720246,0.0,0.0,0.0,0.0002843326114541996,7.999415253803943e-05,3.156502063303881e-05,0.2570250392095811,0.0002981762883731601,0.0,0.0,0.0,0.0,0.0,0.009234362798630312,0.002705056205376687,0.0,0.0003806880221348995,0.0,0.0005485558217307994,0.0,0.0,0.017917254412670953,[12],[-1]
147,0.0007123948930673201,0.1308707832907888,0.0,0.0,0.0,0.0,0.0,0.007046627695968945,0.0015773948750940389,0.0,0.0,0.0,0.0,0.08679777059963889,0.0026715558237021195,0.0,0.3280089234968357,0.0,0.0,0.0,0.02988862252078276,0.0,0.0044173140300365005,0.0,0.0,0.0,1.673866799146559e-17,0.0,[16],[-1]
148,0.0011682121248439712,0.1659261105713112,0.0,0.0,0.0,0.0,0.0,0.004991037391492271,0.0012487585940712163,0.0,0.0008302654984276413,0.0,0.0,0.0,0.010159588855461945,0.19209573923809817,0.04606204407724445,0.0,0.030888035511201888,0.0,0.007854260644202051,0.0,0.0,0.0,0.2610205711188432,0.0,4.9106544661274804e-17,0.0,[24],[-1]
149,0.06633415743981386,0.0,0.026058781993705038,0.0,0.0019354303173259356,0.0011828176478738866,0.03508611544573506,0.0,0.1647406808386478,0.0,8.469866569051844e-05,0.0,0.0,0.04947721951409036,0.0,0.007759455398650334,0.0,0.020914437750007554,0.0,0.0036923575760102654,0.00010706958281134798,0.0,0.0,0.0,0.0,0.008423012764762948,0.0,0.018632543761405593,[8],[-1]
150,0.10456576356195013,0.0,0.025722105540790817,0.0,0.004462754169142791,0.0019153956068225213,0.049466668287511194,0.0,0.17517082125044575,0.0,0.0,0.0,0.0,0.046321312083407895,0.0,0.007305679340940039,0.0,0.023292029931254864,0.0,0.009787973150078531,0.006001779648603781,0.0022060484010316106,0.028949937713765615,0.0,0.01119061990779029,0.00471410952930979,3.4594987975212867e-17,0.009361420347334516,[8],[-1]
151,0.0009161132540509676,0.1447527018413671,0.0,0.0,5.043012895932906e-05,0.0,0.0018081597736674777,0.0019161821805406644,0.0017771116640277573,0.0,0.0,0.06558635012380377,0.002398533319440356,0.0,0.0005501638565591515,0.025423537436513186,0.0,0.0,0.0,0.0206245777764485,0.0,0.018652666984299935,0.0,0.11957960096592128,0.0,0.010694189644761523,9.255747048391675e-18,0.08156700209596919,[1],"[1, 14, 18]"
152,0.00022778483001442587,0.0,0.0,1.4760224793494462e-05,0.0006685367726363312,0.23282801699623537,0.00048120277937489195,0.001976300199744644,0.0001906679203829392,0.0,0.0,0.0,0.0005781013376782089,0.0005782909135042107,0.00019009533708283784,0.0,0.00028246609408827747,0.0,0.0011067030617171473,0.0,0.0,0.0,0.0018198182480402966,0.0,0.00023281868017452717,0.0,7.541122638071485e-16,0.0006011653365541045,[5],[-1]
153,0.00021619194377562047,0.0,0.0,1.3195738764056218e-05,0.0005805799176037459,0.20123963765341787,0.0004117795531263325,0.0017210840697371417,0.0001492586276653076,0.0,0.0,0.0,0.0004813929994155305,0.0005233937860232789,0.00015863514775474636,0.0,0.00022924568918369199,0.0,0.0007427776601152453,0.0,0.0,0.0,0.0013264806376168338,0.0,0.00020933700611064523,0.0,5.602240734545398e-16,0.0003881900991142953,[5],[-1]
154,0.0810225264609272,0.0,0.02508630444386863,0.0,0.0006951516539999337,0.0,0.026862304282061548,0.0,0.16668773418140026,0.0,8.455942848283575e-05,0.0,0.0,0.04146593314183308,0.0,0.002774889733811122,0.0,0.011643078373810175,0.01057747801212246,0.0,0.014081049437495555,0.0013099015736241465,0.019821527749027408,0.0,0.0,0.0,0.0,0.0,[8],[-1]
155,0.05206321053505485,0.0,0.010652736293299847,0.0,0.0,0.0,0.0,0.0011108964414449363,0.07447723792310118,0.0,0.001207510747886104,0.001536991956672436,0.0,0.0,0.0,0.0,0.0,0.0,0.08645710297367372,0.0,0.09163906915324795,0.0,0.0,0.034115310059497916,0.0,0.0,0.0,0.0,"[18, 20]",[-1]
156,0.04581602017397533,0.0,0.012785639521614404,0.0,0.0,0.0,0.0,0.0003066913313954401,0.07772122912715398,0.0,0.0004623425486134889,0.001231035289852818,0.008479947522513409,0.0,0.01280395374248002,0.0,0.0028773458126892548,0.0,0.003467376936179764,0.0,0.014516402461924607,0.01616072739907702,0.0,0.026334073489807125,0.0,0.01250398275168803,6.365377176633404e-18,0.010537482406430883,[8],[-1]
157,4.410158655873515e-05,0.0005899679404568908,0.00533235221975226,0.004749732980688939,0.058763706517607095,0.0,0.004195703873826008,0.1579002488986861,0.0008782263166536902,0.0,0.0,0.00010933979290363567,0.001730127724995395,0.0,0.0,0.0,0.003766096626261761,0.0013519309129321577,0.0008685718458191938,0.0034660598925208047,0.0006490232136227996,0.0,0.0,0.0035780777951394983,0.0,0.0,0.0,0.00916239776773161,[7],"[14, 15]"
158,0.005220668841681716,0.0029100846035065102,0.0221410249565251,0.0029880976480870522,0.22080941599825205,0.004029649237622859,0.0,0.0,0.0,0.0027191878356581647,0.0,0.0,0.2533835874484587,0.019093478979787047,0.0,0.00670169901233167,0.0,0.002699434354422118,0.0,0.0,0.0,0.2615151790415471,0.003645829745856092,0.0,0.015559018705995109,0.11025141424374864,5.522120114783101e-16,0.0,"[12, 21]",[-1]
159,0.00021743320334070818,0.0,0.0,1.3526249196051246e-05,0.0006029560524796889,0.2094964426546833,0.0004309394055997887,0.00178484497550813,0.00016230501045213483,0.0,0.0,0.0,0.0005140270558844758,0.0005309080007237877,0.00016820802560482275,0.0,0.00024773284482759673,0.0,0.0009159303132248406,0.0,0.0,0.0,0.0015408295234121136,0.0,0.00020944945951158257,0.0,2.641087757238654e-16,0.0005217232278375379,[5],[-1]
160,0.06851176331770487,0.0,0.019222063914440327,0.0,0.004655849004064074,0.0009943962694592976,0.04244454548140584,0.0,0.1269089839763829,0.0,0.0,0.0,0.0,0.033741112439735044,0.0,0.007513797516716851,0.0,0.02146475096048035,0.0,0.0035257229340830754,0.0,0.0,0.0,0.0,0.0,0.0013539857162998084,9.318909621226677e-17,0.0,[8],[-1]
161,0.09881141489520483,0.0,0.0,0.0005584619849970876,0.0,0.0,0.006111369514691225,0.0,0.0,0.20883953952261516,0.0,0.0,0.0012391829087460824,0.0053723659793332955,0.0,0.0006269713036061326,0.008710581523725797,0.013089133294617809,0.0,0.0,0.00044473022184796996,0.000167310764489376,0.0,0.005305453964492534,0.0,0.0,0.0,0.014832894005560223,[9],[-1]
162,0.00377764844767049,0.013595648705064828,0.1739648642764375,0.0005921594754740829,0.0,0.0,0.0,0.015002723766841235,0.0,0.025270278088218894,0.00018332916968685374,0.006256227238866646,0.0,0.23662365778573802,0.018938980906437163,0.06370578371463784,0.0,0.007831216667078759,0.0,0.0,0.0,0.020837635344030075,0.0035093431053999534,0.011572044330571803,0.0,0.0,1.2983346238182947e-16,0.0,[13],"[15, 22]"
163,0.051884870031128745,0.0,0.008877777943634355,0.0,0.0003652245996893443,0.0,0.0,0.0012871604892079305,0.0,0.04270122815798855,0.0,0.0027255631390683435,0.02444482070205467,0.03675399689659482,0.08133212885329963,0.005501386723924157,0.005879780796595096,0.0,0.14303779219910212,0.009035104682884224,0.0,0.0,0.32163305175707857,0.0,0.05248405241677379,0.032270623847993674,0.0,0.0,[22],[-1]
164,0.09444719542898075,0.0,0.004737244052624508,0.0,0.0,0.0,0.0033470831577708197,0.0,0.051496113386303756,0.0,0.0,0.0,0.03907542595262262,0.02101547859829126,0.0,0.0,0.00728553964977679,0.0,0.19070246691977993,0.022779135643798864,0.0,0.04178397058423144,0.15178858717093668,0.0,0.010806565955719171,0.006594272658435499,7.157068724752695e-16,0.02837109468467398,[18],[-1]
165,0.10954531077417182,0.0,0.0,0.0,0.0,0.0,0.0,0.0024281602289193947,0.0,0.10852539672104099,0.0,0.005467588349229846,0.0,0.0,0.1683149922016221,0.0,0.013733772781358042,0.0,0.0,0.0,0.0,0.0007873322810563192,0.3862861496552345,0.0,0.09689267668038029,0.0,1.4001586207058718e-16,0.032141125923712204,[22],[-1]
166,0.031212410511833655,0.00021205134848032792,0.000977140603446782,0.0,0.001972921907260723,0.0010980000334499614,0.00716579251892965,0.0008431111548185151,0.0,0.08189689576025207,0.0,0.000728541996177042,0.0,0.03429909800181231,0.07010229131985893,0.012676712374303097,0.01584596191303092,0.02276547354849503,0.0,0.011923656911715081,0.0,0.00048733777206409697,0.0,0.0,0.021014636255539197,0.0,0.0,0.0,[9],[-1]
167,0.05154339477539649,0.0,0.0,0.0002121581465894596,0.0018314466761311765,0.0,0.016212246294061115,0.0,0.0,0.13633778289994108,0.0,0.0,0.011978428410989426,0.01149452464739983,0.0,0.005122108177370027,0.01837595406635544,0.02105334804615589,0.0,0.0030009321666563953,0.0,0.0,0.0,0.0,0.01537018935497475,0.0,0.0,0.0,[9],[3]
168,0.000449192170491074,0.09940017846240132,0.0,0.0,0.0,0.0,0.0,0.0055390825612838535,0.0011124178101644716,0.0,0.0,0.0,0.0,0.03228742681102347,0.004989595496026815,0.0,0.15182072941228167,0.0,0.01449901171730144,0.07461683502037438,0.017290647666459245,0.0,0.0004444533262258347,0.0,0.15226969847772406,0.0,0.0,0.0,"[16, 24]",[-1]
169,0.07324741588957653,0.0,0.0,3.775387684539484e-05,0.0,0.0,0.0,0.0029663870663896225,0.0,0.10256892247943138,0.0019777254127961333,0.0,0.0,0.0,0.0,0.0,0.0,0.0,0.0,0.0,0.24735194754086356,0.010070625310042004,0.07809721164309527,0.0,0.031900257730302736,0.0,1.6619275072417337e-16,0.03735834334557699,[20],[-1]
170,0.00022865072386065387,0.0,0.0,1.500120695239214e-05,0.0006851388760651565,0.2389715672832385,0.0004955430657694304,0.002023511784135482,0.0002004850557258771,0.0,0.0,0.0,0.0006033099113608822,0.000583222435430099,0.00019733210060462417,0.0,0.0002964849516685825,0.0,0.0012448444813415234,0.0,0.0,0.0,0.0019888622759672127,0.0,0.00023333627455783925,0.0,0.0,0.0007122148253532565,[5],[16]
171,0.04634098888433709,0.0,0.0,0.0,0.0,0.0006101215022435875,0.0,0.0010328524125364437,0.0,0.11571718140809646,0.0,0.001584611978808634,0.003506487250240013,0.0,0.08486066999788375,0.001093595657961304,0.02484810016216254,0.013404754352668209,0.0,0.0,0.0,0.11499269849889023,0.0,0.0,0.03550371429120979,0.0,5.106741990055976e-16,0.0,"[9, 21]",[-1]
172,0.0026551628481946326,0.012636462503986638,0.19274513635749088,0.0017818406674810323,0.0,0.0008410915323876176,0.007853759634787016,0.0,0.0,0.02188988506973744,0.0,0.0013800728486340307,0.0,0.0,0.0,0.0,0.013943685582544421,0.011172675520272762,0.0,0.007038561720636776,0.00784537623110224,0.0,0.0,0.010514774971001227,0.0,0.04127569983020858,2.801409834286101e-16,0.052295716034549085,[2],[-1]
173,0.0017587236641736603,0.005254185058938025,0.08386187582885447,0.004675622459245702,0.050313733154188515,0.0,0.0,0.1443914950325565,0.0,0.010330378597357547,0.00032324293541013,0.00981713055337462,0.009413465000265818,0.25117704288544573,0.013672373918272208,0.0625968252891727,0.0,0.001129698249571951,0.0,0.00021963309033951305,0.00444081161617136,0.0,0.0030733350059194506,0.024001697204658935,0.0,0.0,2.1796963029209837e-16,0.023359289711094917,[13],[-1]
174,0.005232918211369361,0.0002593652077246321,0.0,0.0,0.006186638532473926,2.5538248993829883e-05,0.04004731043597843,0.0,0.0,0.001719136218500597,0.0,0.0,0.022673096805715505,0.004859543009112008,0.0,0.005162863029321474,0.007058839710746293,0.013952635156105038,0.0,0.0,0.0,0.0,0.0,0.0,0.008602751125306054,0.019241276965762267,0.0,0.053919413744704665,[27],[-1]
175,0.0054023876874903206,0.00027389919710150073,0.0,0.0,0.007662538029499667,3.286689214249731e-05,0.058422659113851076,0.0,0.0,0.0017187443582674191,0.0,0.0,0.022221707106917326,0.0044099512719348736,0.0,0.004837089651330988,0.0069640418823941,0.010632329456057023,0.0,0.0,0.0,0.0,0.0,0.0,0.009920071522058316,0.01670770459707003,0.0,0.05567515237712598,"[6, 27]",[-1]
176,0.0002230517440416781,0.0,0.0,1.4268733562469064e-05,0.0006444462662851996,0.22438462856369698,0.0004636072013819214,0.0019052958051718769,0.00018165667268034096,0.0,0.0,0.0,0.0005594081884664015,0.000557080175361671,0.00018296670067469454,0.0,0.00027254968953883507,0.0,0.0010850461244705835,0.0,0.0,0.0,0.001770410496346624,0.0,0.0002211303507221505,0.0,0.0,0.0006206914841232253,[5],[-1]
177,0.12914764496648673,0.0,0.0,0.0022931890751369008,0.0,0.0,0.0,0.0,0.0,0.18450213900116783,0.0,0.0,0.0,0.0,0.0,0.0,0.0,0.0020007043729854805,0.03967329122132509,0.056236361680400866,0.08323135421753174,0.011866194058802328,0.0,0.025924152741360146,0.0,0.0,0.0,0.0,[9],[-1]
178,0.028131544404210822,0.0,0.011005958325114583,0.0,0.0058962110274557375,0.00011357245462181951,0.04172209233484356,0.000831515700098356,0.05931925403468218,0.0,0.0,0.0,0.0,0.05143940743333231,0.0,0.011796125378960865,0.0,0.01842515658515272,0.0,0.0,0.0,0.0,0.0,0.0,0.003522883801538547,0.005379722342666622,0.0,0.0075088324087606165,[8],"[0, 3]"
179,0.0004133389170209517,0.09578616197096163,0.0,0.0,0.0,0.0,0.0,0.004961792839245585,0.001315274792407866,0.0,0.0,0.0,0.0,0.057506766451134256,0.0017646481608734486,0.0,0.21491791044190636,0.0,0.0,0.0,0.019703955234847168,0.0,0.00016863881531927047,0.0,0.0,0.0,0.0,0.02961540515079261,[16],[-1]
180,0.0011347506204382226,0.06589201299147848,0.0,0.0,0.0016728008049286844,0.0,0.0097403603929753,0.0022960761433755486,0.0007425053045409332,0.0,0.0019689396032627022,0.008400036888131034,0.00015790382462904843,0.0,0.0,0.22091416411773224,0.0,0.22669009422255343,0.0019245881157430584,0.006916812950245747,0.0,0.026703994411119855,0.015448306276735537,0.0,0.0,0.0011028157646597154,1.254752126212442e-16,0.10632456427589142,"[15, 17]","[14, 25]"
181,0.0009270228908719598,0.06507440349051183,0.0,0.018999165355275457,0.005487438051069205,0.0,0.021714357301680646,0.0008972927813805752,0.0006927856411861492,0.0,0.0016130577101336756,0.14663574058868273,0.0,0.0,0.0,0.050473307338652976,0.05756960824375376,0.25769466800963664,0.0,0.09123218518560798,0.0,0.023913617717217853,0.023947668924772826,0.0,0.0,0.001542494721885823,0.0,0.0,[17],"[8, 12, 14]"
182,0.0002915119706519494,0.0024804077149654154,0.006825157255360086,0.016064118848195,0.07966522120692501,0.0,0.006350796783441106,0.2216449729741571,0.0016709243084562285,0.0,0.0,0.0,0.0015838222734688957,0.0,0.0,0.0,0.006872794651645085,0.0,0.0,0.0,0.0038053528368359843,0.00011911669408460753,0.0,0.004235600433455897,0.0,0.0,3.377237445437806e-16,0.0,[7],[-1]
183,6.231497866256482e-05,0.0008775105876305065,0.007982294340817797,0.007456017292743962,0.09377502847444538,0.0,0.0073763913032679675,0.25721515472989054,0.0015706457165327117,0.0,0.0,0.0,0.0018685168571096554,0.0,0.0,0.0,0.010324690422629032,0.0,0.001109719887354815,0.001844887299223436,0.0007356431002950813,0.0,0.0,0.006212724851400291,0.0,0.0,0.0,0.0,[7],[-1]
184,0.1991183735689669,0.0,0.0,0.0,0.0,0.0,0.0,0.0019742768180445324,0.004912580804854542,0.0,0.0,0.0,0.0,0.0,0.0,0.0,0.0,0.0,0.0616213046897633,0.0,0.026779695105871634,0.01015574562058204,0.14167638582684505,0.0,0.012578465285630917,0.0,2.0977305605937228e-16,0.0,[22],"[0, 3, 19]"
185,0.08107159701291257,0.0,0.0,0.0023225551741189935,0.0,0.0,0.0073955892390655045,0.0,0.0,0.05442770578515666,0.0003621063662435905,0.0,0.0,0.0,0.0,0.0,0.0,0.0018745489306455905,0.050148263901131314,0.019244246540348654,0.11134081799649449,0.0,0.0,0.03883112944783628,0.0,0.008990644978672637,1.0955265113349867e-15,0.0,[20],[-1]
186,0.0006391267537398456,0.11567831556865295,0.0,0.0,0.0,0.0,0.0,0.004135226869175556,0.0014491429593982614,0.0,0.00033081397190757694,0.0,0.0002692318989860776,0.0,0.008704244768757863,0.19121736493094346,0.0,0.0,0.02164548514082778,0.0,0.00031860538174220064,0.0,0.0,0.0,0.17546234345741277,0.0,0.0,0.07822302420717955,"[15, 24]",[-1]
187,0.13296489862478092,0.0,0.0,0.0017719125805844282,0.0,0.0,0.011516777843076136,3.9640715236378567e-05,0.0,0.21234448151577565,0.0,0.0,0.0,0.026849772461099295,0.0,0.0076576286165947315,0.009125372857604765,0.025000608646208924,0.0,0.06517194553795343,0.0,0.0,0.0,0.019580272522926778,0.0,0.0,6.203167450174487e-16,0.0,[9],"[3, 4, 5, 24]"
188,0.0007827159748730472,0.05923435876374622,0.0,0.07975003826759591,0.009340043590078072,0.0,0.020984353829625893,0.017934910117959123,0.00037338144844473,0.0,0.0017428625606516048,0.1536401246245565,0.0009698117368855168,0.0,0.0,0.06072880776164297,0.03057828107687956,0.2734215847649225,0.003975890632762137,0.14460151442962366,0.0,0.05451694952073109,0.0322701695168694,0.0,0.0,0.015574402473344,2.1661394447737414e-16,0.018495841531622006,[17],[-1]
189,0.0002341716156608749,0.019461593992100734,0.0,0.007406208593927788,0.0012121253186346166,0.0,0.005064864292646775,0.0010975871439124463,0.0003512030075002348,0.0,0.001440798113861516,0.04788373579062811,0.0021378285733776536,0.0,0.0,0.010916494523363655,0.0,0.03880659431068922,0.0,0.04892916756860458,0.0,0.019952314488991863,0.003820394448397189,0.023213964409231576,0.0,0.0,3.726517134802005e-16,0.0,"[11, 19]",[-1]
190,0.0008748390093823866,0.14859939951825252,0.0,0.0,0.004584231436981239,5.883690094967377e-06,0.005432231019920225,0.0001432201712140322,0.002126435813759388,0.0,0.0,0.149143872019217,0.0008207451307392181,0.07690771430115018,0.0,0.0,0.1293347583202078,0.0,0.0,0.0,0.013908268456881324,0.0,0.0,0.22492124988429252,0.0,0.0,0.0,0.03744197969333291,[23],"[13, 14, 18]"
191,0.00645208870135872,0.0003742840331062119,0.0,0.0,0.021450548694650743,0.00010315165427402621,0.24423909718927048,0.0,0.0,0.0015753078976454104,0.0,0.0,0.0,0.0,0.02922546498762068,0.0,0.0005918126964868786,0.0,0.0034307062989145706,0.0,0.008124715015110754,0.0019142773061762367,0.0022743564668560833,0.0,0.01832296371861696,0.0,0.0,0.0002244678515496269,[6],[-1]
192,0.00624845632295869,0.0003554475155460029,0.0,0.0,0.019176374839247425,9.170736599940664e-05,0.21477950043438312,0.0,0.0,0.001592786014594931,0.0,0.0,0.00017994912849155043,0.0,0.024676470669169934,0.0,0.0011160160109755443,0.0,0.0022045987277208093,0.0,0.0039706295014301,0.0,0.0017353183760030312,0.0,0.01667482893175158,0.0,0.0,0.0,[6],[-1]
193,0.0015316179495035523,0.19708442151174868,0.0,0.0,0.0,0.0,0.0,0.0004030857641248056,0.002836982587920463,0.0,0.0,0.03950745995580998,0.0,0.01860458971098903,0.0004703050829963046,0.0,0.0,0.0,0.0,0.0,0.0,0.0,0.0,0.14019047993347042,0.0,0.0,1.171414189758596e-16,0.08724713717997383,[1],"[13, 14]"
194,0.0003628452528327069,0.019225301999924845,0.0012752412898050598,0.03041916295711068,0.0009621823630790737,0.00010830091555646211,0.0056476514975799435,0.0,0.0,0.0001336402433084076,0.0010125476404673145,0.052638417457503216,0.0,0.0031251394709865296,0.0,0.012766927793512264,0.00978776429319072,0.09032691032590787,0.005680757677169826,0.0,0.0007179865981905617,0.007875283637604431,0.007116299267388322,0.001859811829224553,0.0,0.0,1.298241893430833e-15,0.1811690861201455,[27],[-1]
195,0.002563259169383782,0.006050251024459815,0.08657791084741014,0.0030230930499623694,0.0,0.0003227949219151623,0.0,0.0,0.0,0.016136581793966175,0.00013751972169532097,0.00945846035175922,0.0,0.06822183752799664,0.009407063943021855,0.007337983059613795,0.0,0.01512361549636754,0.0074554379437889555,0.0,0.0,0.13446341739773204,0.016105743303858132,0.0,0.002679660050859221,0.0,3.700462112808301e-16,0.031130518112722796,[21],[15]
196,0.0007994822051754091,0.056222926290896806,0.0,0.04907562051771198,0.00446759333261205,3.8439952369705636e-05,0.022409942976127972,0.0,0.00020123355931020006,0.0,0.001512376278414102,0.16732214766708434,0.0,0.0,0.0,0.03214682740660094,0.03695105030243542,0.23609295341836584,0.004488508996440165,0.05036333537303097,0.0,0.02451793223168936,0.02620313901923351,0.0,0.0,0.03671432332735523,0.0,0.003601409774003591,[17],[-1]
197,0.006606171912439451,0.0003869967211027105,0.0,0.0,0.0226520168302392,0.00010909462998655465,0.2590433787690773,0.0,0.0,0.0015805352833376256,0.0,0.0,0.0,0.0,0.03130181263363599,0.0,0.0004712686163292368,0.0,0.0038243918480942163,0.0,0.00944236918920155,0.0024467914978206326,0.0024830318077969835,0.0,0.019303543026512167,0.0,0.0,0.0003582648475385442,[6],[-1]
198,0.08596559837434058,0.0,0.019220284724088533,0.0,0.005256602611422747,0.0,0.05329724815591337,0.0,0.13726165941410085,0.0,0.0,0.0,0.013560739722099657,0.04182240157628085,0.0,0.004779725894620495,0.0,0.01932433840206264,0.10268694386945,0.0,0.0,0.06327216189972733,0.04929071118448654,0.0,0.0,0.00501191649201592,0.0,0.0,[8],[-1]
199,0.09023127055499547,0.0,0.0,0.004179626790182899,0.0,0.0001263919984188194,0.012909884498181772,0.0,0.0,0.13821097955428335,0.0015714689019558493,0.0,0.013229342384080476,0.00986363833910817,0.0,0.005838790353919129,0.0,0.012698847103934994,0.0,0.0,0.21961651871244106,0.006776881240146333,0.0,0.013645402503360542,0.0,0.0,0.0,0.0007680587664593871,[20],[-1]
200,0.0979638778948973,0.0,0.021983422726259878,0.0,0.0,0.0,0.005548687822440485,0.0005932893271008853,0.15071566106529397,0.0,0.00026918370256434035,0.0,0.0,0.02483665626323855,0.0,0.0,0.0,0.001725744488057184,0.0,0.04143872228334297,0.02840610775670907,0.08201504046268474,0.006904794975738089,0.0,0.0019505750439082602,0.0,0.0,0.058197578338369534,[8],[-1]
201,0.0008453976255686785,0.0338748480899029,0.0,0.1508181099700945,0.0,0.0003230737600357271,0.0,0.0,0.0005462505009456779,0.0,0.0,0.0,0.0019305542329393283,0.0,0.00528594092107957,0.01655944124622101,0.0,0.0,0.0,0.0,0.0,0.026155523115084997,0.0005406105342822361,0.0,0.0,0.005131913333624798,0.0,0.0,[3],[-1]
202,0.0004031937756993007,0.0026406900493012703,0.0032400417024472305,0.005636816488161868,0.23460322254300695,0.005351663585942629,0.0,0.0,0.0003875732598424893,0.0,6.977864298856813e-05,0.0,0.0,0.002532915659821565,0.003432894397425342,0.0,0.00394259980094156,0.0,0.004759255798835239,0.0,0.0036658146673739503,0.012658425036291351,0.0022765792081174776,0.0,0.0008213354438247016,0.23639970867374144,1.8535142688825428e-16,0.0,"[4, 25]",[11]
203,0.00037618503104341314,0.0013451054934550705,0.003264368474025418,0.0027183566087146394,0.2186206947550715,0.004967121098236179,0.0,0.0,0.00032034410611489055,0.0,5.299394750858031e-05,0.0,0.0,0.0021545517776175244,0.0033135645116376977,0.0005778525829840923,0.0027133227094244595,0.0,0.0028815460719377865,0.0,0.002910930706184503,0.022188452425956077,0.0018290785534376204,0.0,0.009894810265428365,0.21184943438123224,5.417473981219376e-16,0.007836455285832794,"[4, 25]",[-1]
204,0.0005330032603593774,0.023439960342557797,0.0,0.012676236223526571,0.002394900474815413,0.0,0.013516248068570234,0.0017084521515918578,8.885248859233343e-05,0.0,0.0011032364011022032,0.06801187307472543,0.0,0.0,0.0,0.03652035859219208,0.06316692229005488,0.1777576367071955,0.00036131051762216756,0.05657289079390221,0.0,0.01798308557824785,0.01874239438662833,0.0,0.026865582914609977,0.017065121416066947,0.0,0.0,[17],[-1]
205,0.030858434022300263,0.0,0.0,4.260859527013493e-05,0.0,0.0,0.002566896524053471,0.0,0.0,0.06853942672530101,0.0005973686464727509,0.0,0.012809144791788232,0.0006748200522036045,0.0,0.0,0.007736468493261681,0.00913112062251111,0.0,0.09406552634364379,0.0,0.0,0.0,0.01700439188511717,0.0,0.0,2.698739900450471e-16,0.014090209445396278,[19],[-1]
206,0.029574055453936127,0.0,0.0,0.0004922034706348302,0.004159369714206705,0.0016130665749381305,0.03178832998219998,0.0,0.0,0.05443647281224897,2.5874885769634157e-05,0.0,0.017330105773854056,0.006883692536062128,0.0,0.0035644726915895044,0.0,0.015126261791345304,0.0,0.10492840273882606,0.04290461716389812,0.10149225137194785,0.0,0.009717703561267717,0.0008816344828676729,0.0,0.0,0.0,"[19, 21]",[-1]
207,0.0007622980608598245,0.09076414048132804,0.0,0.028109006461909277,0.0013988975943844773,0.00019107396318993118,0.007041019194346019,0.0,0.0014186533947172781,0.0,0.0,0.1347390380667839,0.0016065690728069857,0.007911039838480285,0.0,0.0,0.0,0.0,0.0,0.0,0.0,0.0,0.0,0.25454282628785196,0.0,0.0,1.3075666240300276e-15,0.0,[23],"[1, 14]"
208,0.0009880408092149413,0.15432783872763087,0.0,0.0,0.0,0.0,0.0,0.00358600438665622,0.0018286074591073308,0.0,0.0,0.0,0.0017600156270842079,0.0,0.011272807886628175,0.1658772443749146,0.0,0.0,0.026895354078889135,0.020984925752690065,0.0,0.0,0.0,0.0,0.2148646598958829,0.002940039060165836,1.1088523940070584e-15,0.07990172849701709,[24],[-1]
209,6.120641931423773e-05,0.0008559134056541245,0.007758208142661499,0.007205629074325699,0.09002823962236141,0.0,0.007089135538726632,0.2469018996763945,0.0014942191065881346,0.0,0.0,0.0,0.0019560974242691037,0.0,0.0,0.0,0.00993858082895044,0.0,0.001020950939452209,0.0016179855281449988,0.0007598719495333951,0.0,0.0,0.00599936558779642,0.0,0.0,4.168665516756299e-17,0.0,[7],[-1]
210,8.819568701762438e-05,0.0010209416112145347,0.011448467085359574,0.0038964312261852217,0.048975941347765346,0.0,0.005124704728852932,0.13857111532034258,0.0,0.0,0.0,0.0,0.0011474627496846068,0.0,0.0,0.0,0.010749654711569976,0.0005223524591907188,0.0008244821243927469,0.000744906598999615,0.001154104567532004,0.017882947315994966,0.0,0.003309859511667723,0.0,0.0,0.0,0.0,[7],[-1]
211,0.10715317559346686,0.0,0.03271919473601487,0.0,0.003952202387035769,0.0,0.04048398364109889,0.0,0.2128783519125267,0.0,0.0,0.0,0.0,0.03296477166171355,0.0,0.0037742589696532955,0.0,0.014442771088697239,0.0,0.018250708565773273,0.0,0.0,0.030986376903513572,0.0,0.016704064631241345,0.0,8.151428024422937e-17,0.0015211822576597664,[8],[-1]
212,0.11345619101509326,0.0,0.038500325352948235,0.0,0.0,7.331313149779831e-05,0.0,0.0006863689345397645,0.23040547575400006,0.0,0.0,0.006719278568854735,0.021368620510525287,0.0,0.09519002925276153,0.0,0.011460447548308264,0.0,0.0003196804531839334,0.020790960973733407,0.0,0.017185491481698685,0.0,0.005665011778473773,0.0,0.005461502372831586,2.0307536425691547e-16,0.0,[8],"[0, 3]"
213,0.0420843837402496,0.0,0.025371975784502225,0.0,0.0,0.0,0.0,0.003776764305945566,0.038519996436980966,0.0,0.0,0.011357612392524497,0.01978915909216627,0.0,0.21099324496962735,0.0,0.018170036555784957,0.0,0.02673823553738158,0.0,0.0,0.0964183831985441,0.0,0.024489057566577387,0.0,0.025663040012605283,6.90296304129296e-16,0.0,[14],[-1]
214,0.008362833778818747,0.0,0.0,0.0,0.0,0.00022343536006001259,0.0,0.000992378063498783,0.0,0.010082308001275237,0.0007965237087501688,0.0018902808505726777,0.014919011313612144,0.0,0.0,0.0,0.0,0.0,0.13816566518470821,0.0,0.07697291226727275,0.003920068308877284,0.0,0.019265047598037856,0.0,0.0,7.123796939231508e-16,0.0,[18],[-1]
215,0.1281464827301925,0.0,0.0,0.0,0.0,0.0,0.0,0.002837101009510645,0.0,0.06583542074346485,0.0,0.0047608368888201165,0.012522688170161571,0.0,0.16781155069603126,0.0,0.04097566340213475,0.0,0.0,0.11268543473011587,0.0,0.04352705049697375,0.0,0.0380056745609548,0.0,0.0,1.8738499183166034e-16,0.007230724190444968,[14],[-1]
216,0.0006484045465734633,0.0027247454316136547,0.04717187236468806,0.002136180731463278,0.017226658769706225,0.0,0.0,0.05614330948213476,0.0,0.005312184947717564,0.0003780505051577844,0.008086621514758082,0.00011588351379666091,0.23986447208518677,0.0116956819567823,0.059867280286014665,0.0,0.0,0.0,0.002807430848809133,0.010341349871654599,0.0,0.0,0.020636022320612728,0.0,0.016220589729339194,0.0,0.03736699278709109,[13],[-1]
217,0.0019367449954608318,0.004811457362044425,0.08144717328815174,0.0025929747351110845,0.014909440274523981,0.0,0.0,0.057174049511438715,0.0,0.011695123892911817,0.00036977613800140305,0.011058229711801105,0.0,0.2850858516969322,0.025943108250439238,0.06838224090679021,0.0,5.072105790771553e-05,0.0,0.0014940507723866818,0.0016683804806827186,0.0,0.00567283380455125,0.021965020843827645,0.0,0.02590753506098567,6.324272145413183e-17,0.03635159719115429,[13],[-1]
218,0.0014083943999586715,0.08807172700431112,0.0,0.23730490540285296,0.0,0.0003674290179391917,0.0,0.0,0.0009885115431744077,0.0,0.0005640636044848681,0.0,5.6524905967724224e-05,0.0024790330832539643,0.007763086788968412,0.0,0.0,0.06849379196196723,0.004403301868440463,0.0,0.0,0.0,0.015888610282185783,0.0,0.0,0.0,0.0,0.16928263069165614,[3],[-1]
219,0.0025482966393447553,1.707432174078271e-05,0.0,0.00042033409892726944,8.163154113191779e-05,0.000296754325838538,0.001828223650754762,9.794948790723993e-05,0.0,0.007229835677715816,0.00034187740044776905,0.00024738089746323915,0.005306056740089126,0.0027145599107911045,0.0,0.001407682399888591,0.0,0.007298567231399835,0.017051806297446615,0.0030057709245225966,0.03339264158345751,0.0,0.0,0.0039750016827750125,0.0,0.0,0.0,0.0,[20],"[7, 25]"
220,0.046271516400321795,0.0,0.01715304122700156,0.0,0.0,0.0,0.0,0.0004311291152041705,0.10409612024306229,0.0,0.0005326330478316201,0.0028643052983367474,0.0,0.005953356420315088,0.0,0.0016483218087972062,0.0,0.0,0.0018390098738966048,0.0,0.03715524883326944,0.0011079684107942447,0.0,0.004680397158542607,0.0,0.0,0.0,0.03432694779507936,[8],[-1]
221,0.0748216897943872,0.0,0.006234710368671972,0.0,0.0,0.0,0.0,0.0007385333690378451,0.05585615176099187,0.0,0.0012586216687128734,0.0007362915490965868,0.0,3.2320809761140873e-06,0.0,0.0,0.0,0.0,0.0,0.0,0.11090366204983787,0.0,0.0,0.03450346811929102,0.0,0.0,1.4558568375675657e-16,0.0,[20],[-1]
222,0.0986398107609754,0.0,0.025539173151532524,0.0,0.00300370209863536,0.0,0.03301449179508634,0.0,0.16443010006274367,0.0,2.139641233867306e-05,0.0,0.0,0.026770910960310902,0.0,0.003505972561167973,8.24999126882069e-05,0.016117780920964955,0.0,0.0,0.0,0.0,0.0,0.017122928285886123,0.0,0.0034914549474189993,9.980183253792061e-16,0.017035768228217903,[8],"[0, 3]"
223,0.00021124617923446552,0.001825611588174291,0.021804856293362162,0.007963416720378074,0.09952132435641194,0.0,0.007346596449637226,0.2649181725322726,0.0,0.0,0.0,0.0014718875701305854,0.018696038524861444,0.0,0.0,0.0,0.0008905292621331087,0.00401504514878649,0.0,4.9055352411850783e-05,0.0018344688056865111,0.004485178778070075,0.0,0.006930752037118126,0.0,0.0,7.557204251097997e-18,0.0,[7],"[14, 15]"
224,0.008424263141493806,0.00044751774833129133,0.006645039394920197,0.0005252424976930965,0.0,7.898350788793058e-05,0.0,0.0013227777522992832,0.0,0.023356689128673728,0.0007714919082261332,0.0022818870858555343,0.01264846767583632,0.01334357896915214,0.0017360573573094278,0.005597667368055595,0.0,0.004481863596239175,0.14948506243431703,0.0,0.059735472983121554,0.0003724413981382557,0.0,0.030414192212793806,0.0,0.013598626025276749,0.0,0.0,[18],"[4, 25]"
225,2.6791505779754434e-06,0.0001940951590288264,0.0,0.0007085558688530404,0.0,0.000801394162923026,0.0,6.009461511015617e-05,0.0,2.038091439859158e-05,0.3122425817407358,0.0,0.0,0.0,0.00019778454497175387,0.0,0.0,0.0,3.611862123735074e-05,0.0,0.0,0.001328761188376002,0.00011317353481086516,0.0,0.001959579623433261,0.0,0.0,0.027718948386420278,[10],[-1]
226,1.8526279543432786e-06,4.5585770457301106e-05,0.0,0.00021810771942043118,0.0,0.002201503979401365,0.0,3.518497095465969e-05,0.0,1.1588324129434564e-05,0.30212254984386266,0.0,0.0,0.0,0.00011521665758501104,0.0,0.0,0.0,0.0,0.0,0.0,0.005668533921004422,0.00013231571706544075,0.00047031616568185916,0.0010708374269123358,0.001519665593213041,4.520638535328537e-16,0.15413674001234928,[10],[-1]
227,0.000916142091841731,0.13485969828562733,0.0,0.0,0.0,0.0,0.0,0.0025463888159660323,0.0006302555015993835,0.0,0.0,0.0,0.00046184678288260626,0.0,0.008911926860676782,0.2721571326414576,0.0,0.0,0.028335190011479827,0.0,0.0,0.006193245088219267,0.0,0.0,0.21855531125726552,0.0,0.0,0.04683244228055971,[15],[-1]
228,0.003736973060685103,0.018118492593636102,0.23421038158064306,0.0015792362495177378,0.014029338769429713,0.0,0.001631771591719672,0.013892344158343268,0.0,0.02665857832601828,0.00017402720682500845,0.003984779852058918,0.031370965105407135,0.1033224291193748,0.0,0.028259563958497876,0.0,0.012933342762976073,0.0,0.0,0.004032208343815198,0.05025369227948222,0.0018694221646665295,0.009558814070908639,0.0,0.0,0.0,0.0,[2],[-1]
229,0.00033984832439518825,0.03316732058017044,0.0,0.014615496164496545,0.0,2.1846216651957168e-05,0.0,0.0,0.0005112732609358554,0.0,0.010221356906884197,0.0,0.0,0.002216204503413625,0.0021512042214275307,0.0013826630882580408,0.0,0.01871770910496945,0.0,0.0,0.0,0.0,0.002057616699481911,0.0,0.0,0.0,0.0,0.03917561379045158,[27],[-1]
230,0.005384195146596691,0.007567232947258825,0.0010634452387666942,0.009507346552558601,0.0,0.0002770116765989657,0.0,0.00017282174933315152,0.0020425439595997243,0.0,0.0011373709467363085,0.0,0.0,0.0011125688682049847,0.0,0.028192140105424084,0.0,0.00914140136724355,0.028376098897214354,0.13535624508096838,0.026499276955843178,0.03725774182108934,0.0,0.0,0.0,0.030903658883918054,0.0,0.15743366365440337,[27],"[14, 29]"
231,0.00014638519986043708,0.0003123305909395376,5.088782044946069e-05,0.0005899584192048309,0.0,2.253715458511944e-05,0.0,1.567347759374424e-05,9.10075032970758e-05,0.0,0.00014899224469705735,0.0,0.0,0.0001661691414691918,0.0,0.0031565093569611963,0.0,0.0011596355762914672,0.004269700416238629,0.03620634817988629,0.0030574441767524463,0.011492148342066503,0.0,0.0011417943689874712,0.0,0.006767689280425382,6.886166325099201e-16,0.061157614486189595,[27],[-1]
232,0.01261198073852062,6.891144362277405e-05,8.760853488507852e-05,0.0,0.0024016319134132855,6.248037984528761e-05,0.007996828627529382,0.0,0.0,0.015151322609900127,0.0,0.0005034602287513439,0.004591462892359085,0.0,0.05066947219619453,0.003921492255054404,0.01054635378089549,0.010487849847133692,0.0,0.0,0.0,0.05028683200696791,0.0,0.0,0.0,0.02683793674329193,0.0,0.0045386382789492745,"[14, 21]",[-1]
233,0.00016833594705939145,0.009099348749414737,0.0,0.0,0.0,0.0,0.0016169170209688337,0.000553032303774944,1.0566718702214843e-05,0.0,8.728382080359465e-05,0.0,7.312784339895729e-05,0.001631143731189568,0.0,0.0030008605511066795,0.02260174192809324,0.021176117600764568,0.00044522831398666754,0.0022222983848029553,0.0,0.0036785650396575845,0.002508923590286588,0.0,0.017803999591100614,0.00337062645649619,0.0,0.0,"[16, 17]",[-1]
234,0.021476767721548714,0.0,0.0,0.0,0.0,0.0,0.0,0.0006664448141240202,0.0,0.01871416370751758,0.0005912425880588094,0.0,0.0,0.0,0.0,0.0,0.0,0.0,0.0,0.0,0.0913692262755613,0.042589072198513406,0.03197810085533158,0.0,0.011427196070394548,0.0,6.388102829549133e-17,0.0,[20],[-1]
235,0.00018025959237469313,0.010639765022840815,0.0,0.00514055892828362,0.022140107569398118,0.00044388473983554886,0.0,0.0,0.00035387557783928556,0.0,6.219258017301868e-05,0.03295591491050885,0.0,0.005148541475866675,0.0,0.0,0.01872601252619979,0.01993291288246352,0.009949337851105255,0.021135243390134863,0.0038113476454027895,0.0,0.002121506530106105,0.009201451416402821,0.0,0.03744098069839325,9.822816838436202e-16,0.0,[25],"[11, 14]"
236,0.0005841125628931521,0.10988560480393739,0.0,0.0,0.0,0.0,0.0,0.0065170603255553195,0.001410145056302991,0.0,0.0004734027538463032,0.0,0.0,0.05965580079877889,0.004387052984079782,0.0,0.2622437805035117,0.0,0.011359384898866499,0.027642644861040382,0.022918970510515863,0.0,0.002930509569863602,0.0,0.0941889904914894,0.0,2.4676487663858494e-17,0.0,[16],[-1]
237,0.004947706468003051,0.014511446088507582,0.22518867543052848,0.0023728183927855147,0.0,0.001286515083879216,0.0044981271856929465,0.0,0.0,0.03326698091699957,0.0,0.005492254561728819,0.0,0.004293000828823983,0.0,0.0,0.0015455304376465605,0.015484911057127747,0.0,0.0,0.0,0.06621197138088578,0.0,0.0013052920514030585,0.0,0.0,0.0,0.01121495818298288,[2],[-1]
238,0.001922494246926516,0.0,0.000697225965169443,0.0,0.0,8.551740969386493e-05,0.0,0.0004829676805374603,0.0010417530567420064,0.0007485002702932158,0.0004149101924060868,0.0015814640918540572,0.013824492623882906,0.0,0.010833937423453078,0.000546070701608349,0.0024692037278361677,0.0024363224786806497,0.0702471116816164,0.0,0.026747474618619566,0.003031231088221818,0.0,0.013791950389221224,0.0,0.0,0.0,0.0,[18],[-1]
239,0.044610495616756396,0.0,0.019937892675241844,0.0,0.0,0.0,0.0,0.002372252067201879,0.10092759428231203,0.0,0.0003014464112481382,0.009925098172913878,0.05054628128859544,0.0,0.17924143215003407,0.0,0.01847869377179152,0.0,0.0410982496535629,0.0,0.016684339018544554,0.05735146865649184,0.0,0.036294368038917744,0.0,0.017558522137280163,2.811586700152106e-17,0.0,[14],[-1]
240,0.0006769741898213816,0.02555021496307314,0.0,0.139070010629227,0.0,0.0002716331298464319,0.0,0.0,0.00033994934542120453,0.0,0.0,0.0,0.0015566391602006746,0.0,0.005530012166958869,0.0003224420040860035,0.0,0.0,0.0,0.0,0.0,0.012438318260333378,0.0013505106073405462,0.0,0.0,0.0,0.0,0.0,[3],[-1]
241,0.0008606496188847407,0.08536607560500152,0.0,0.04146783925438905,0.003830608153159978,0.00018252239732790749,0.013122079005220702,0.0,0.0014468670940641394,0.0,0.0,0.20220289403598823,0.0026156014703504374,0.011642537934286804,0.0,0.0,0.0,0.0,0.0,0.0,0.0,0.016674157763120222,0.0,0.31351670428066164,0.0,0.0,0.0,0.0,[23],[-1]
242,0.0003513236230719785,0.08226617823354831,0.0,0.0,0.0,0.0,0.0,0.003755362864370459,0.0011889513545559533,0.0,0.0,0.015887492946170822,0.0026325996138560747,0.07487556218589272,0.0,0.0,0.23269082412101869,0.0,0.0,0.0,0.021223976932044135,0.0,0.0010686070370871188,0.07920785410551329,0.0,0.0,1.9008007108328025e-16,0.0,[16],[-1]
243,0.0010292373062297374,0.0071423949491197705,0.10561360505964955,0.0005293837696870692,0.0,0.0010143334829521929,0.007984621285560826,0.0,0.0,0.010540739363012759,0.0,0.0,0.0,0.0,0.0,0.0,0.02713035210537361,0.007082029679298092,0.0002485794310742029,0.007008364774006312,0.012843346435492075,0.0012850725336550591,0.0,0.005840190479594367,0.0,0.053220148764886656,0.0,0.025295062952476688,[2],[-1]
244,1.728032315134369e-06,4.220627908685762e-05,0.0,0.00019903890573022505,0.0,0.0009343463758622045,0.0,2.029079732084807e-05,0.0,1.735132432418438e-05,0.29255334130334115,0.0,0.0,0.0,0.00011896756772509034,0.0,0.0,0.0,0.0,0.0,0.0,0.00371471362297631,0.0001225668270673766,0.0007662512796882357,0.0006709411238426721,0.002084875227149925,6.597358854603698e-16,0.03400458881125384,[10],[2]
245,1.213461439217041e-06,7.675902535094931e-05,0.0,0.000293046453470598,5.598210014522375e-07,0.000370810850499331,0.0,0.0,0.0,6.147790579451905e-06,0.07271381397494085,0.00027547572028125203,0.00010374426611382636,0.0,4.1149207953905745e-05,0.0,0.0,0.0,0.0,0.005273835883610178,0.0,0.0,0.0001064920006430203,0.00014337966162888055,0.0,0.0012279267342106609,2.006505346349829e-15,0.0,[10],[-1]
246,1.4506043216589673e-06,0.00018288477148793882,0.0,0.000682274364020368,0.0,0.0018992005870161223,0.0,6.571066166899021e-05,0.0,9.008879179685425e-07,0.17258459852248623,0.0,0.0,0.0,0.00011153280678811502,0.0,3.920228897732416e-05,0.0,0.0002836752265115385,0.0,0.0,0.0,7.603083344865475e-05,0.0,0.002150313897985382,0.0,7.405685668322622e-16,0.0,[10],[2]
247,0.1296641785706957,0.0,0.0,0.0007920314172463421,0.0006719678987919032,0.0,0.02990748875524421,0.0,0.0,0.11910525458250791,0.0,0.0,0.014417374231824041,0.03224042306275821,0.0,0.0014007795843442737,0.0,0.006613122344222798,0.1812807269511758,0.0,0.06963933858084947,0.0,0.12155029369819194,0.0016329096957371618,0.0,0.030509697406777128,1.1649262671480273e-16,0.0,[18],"[3, 5, 19]"
248,0.0007801167019217669,0.022980476778964476,0.0,0.04994671011903424,0.0008231753664597853,2.897284942840503e-05,0.008876217699153722,0.0,0.0006609667098502533,0.0,0.001002021223826778,0.05586330139649379,0.0,0.0,0.0,0.03077464345142486,0.009139244845545742,0.0867455451087864,0.0,0.03784717309688629,0.004663791944116819,0.0,0.0006656922570800232,0.0,0.01841651001364954,0.0,4.3037192712994217e-16,0.0,[17],[14]
249,0.009902793253409516,0.07715278774627636,0.0,0.07153577412424429,0.009003693562591272,0.0001773754128333469,0.052762798792806945,0.0,0.002590367362754914,0.0,0.002725653067134444,0.19414304476026087,0.0024018964717606637,0.0,0.0,0.09134044191200835,0.05681954767141917,0.3878744489730205,0.0,0.0559591391692292,0.004704631339494317,0.020353216875533216,0.018152387780363138,0.0,0.0,0.03736705381404172,4.691198372801998e-17,0.0,[17],"[8, 12, 14]"
250,0.005028732147711909,0.0,0.0,0.00010587026501279635,0.0,0.0,0.0,0.00024839218562516997,0.0,0.011568389002303319,0.0002436462386354526,0.0002970346583663676,0.0017945398493069923,0.0,0.0,0.0,0.0003009384138985943,0.0,0.024973012610077568,0.0,0.016306034392916852,0.0,0.0016462612847303604,0.0026886175358695275,0.0,0.0,0.0,0.01298392681454594,[18],[-1]
251,0.0002059512963929696,0.0,0.0,1.1982187074395444e-05,0.0005160878436503444,0.1782909464752564,0.0003623109692489657,0.0015328367604527304,0.00012139306272884208,0.0,0.0,0.0,0.00041756955453853685,0.0004771357559233491,0.0001370633369186488,0.0,0.0001950108683555501,0.0,0.0005479592994862277,0.0,0.0,0.0,0.0010452614699476333,0.0,0.00018610504373926573,0.0,0.0,0.00029342095921813186,[5],[-1]
252,0.030207088726592866,0.0,0.0,0.0,0.002182676994292238,0.0,0.008822487624362222,0.0,0.0,0.03430520561412289,0.0,0.0,0.005778484527798508,0.005578015625948606,0.04468674081657206,0.0013944472365503286,0.01634634809692219,0.006418254721878734,0.0,0.0,0.0,0.016084410095210177,0.06630663946019946,0.0,0.025066136824270033,0.0,1.1001987181652019e-15,0.0,[22],[-1]
253,1.7624460628068623e-05,0.0014244650221062313,0.0,0.0034675660297354824,0.00014473117431121517,0.0004460190154890049,0.0005150836737952076,0.0,0.0,0.0,0.10652151016906372,0.006989420129035233,0.0009699485971675088,0.0,0.0,0.0,0.0,0.0,0.0,0.012435428387455332,0.0,0.0,0.00012812277118534878,0.0051391663776570035,0.0,0.011223136715050108,0.0,0.0,[10],[-1]
254,0.0024673991806933174,0.014922195426517642,0.17847514967731412,0.0,0.0,0.0,0.008927172337845622,0.0,0.0,0.019770730815109504,0.0,0.0,0.0,0.0,0.0,0.0,0.02056353957469567,0.007160040085146634,0.006654802670307027,0.004213342778382066,0.009043744750474363,0.0466840467081085,0.0,0.0,0.0,0.033158248109140205,0.0,0.0,[2],"[3, 15]"
255,0.006356941638952511,0.01803799169401913,0.0,0.07534295363397574,0.007763936278814503,0.0,0.003295898702690159,0.008534559925213488,0.0,0.0016305130540418716,0.0002990278584897945,0.011635653808210453,0.0,0.0,0.0,0.019882012939012886,0.006824723738690377,0.07961869061818602,0.011390390826552327,0.0165486717237567,0.013980333188723245,0.0,0.0,0.0,0.0,0.021166042268199937,0.0,0.022019242540541783,"[3, 17]",[-1]
256,0.0008197532904584073,0.033457722495433426,0.0,0.17665819093070687,0.0,0.00036975842352179666,0.0,0.0,0.0,0.0,0.0,0.0,0.0008917057189937618,0.002220174596391211,0.007245625580013817,0.0,0.0,0.0,0.010188029038901708,0.0,0.0,0.007239035209240826,0.0013691252113822452,0.0,0.0,0.009333796676031118,1.0215167733185286e-16,0.07779612681824138,[3],[-1]
257,0.0010051707401704366,0.006398485128022512,0.09954049138850415,0.000984968487748836,0.0,0.0008764010703817128,0.0064428487381708996,0.0,0.0,0.010111192781803578,0.0,0.0003674948780276349,0.0,0.0,0.0,0.0,0.017302781744976518,0.007509377668750529,0.0,0.004473372056898339,0.009534684513622601,0.0,0.0,0.008172978011478533,0.0,0.020445462035104323,1.6508047455239414e-16,0.05676344008094042,[2],[-1]
258,0.09128219380103564,0.0,0.029504095204153685,0.0,0.0,0.0,0.006945655281130771,0.0,0.18741199968998346,0.0,0.0,0.0012047476152009858,0.02126087821342074,0.010587068741903018,0.0,0.0,0.008898943398781773,0.0018645475132229477,0.05955464653452707,0.0,0.0,0.07929247674978805,0.0,0.02095836343057398,0.0,0.0,5.959577453386217e-17,0.0,[8],[-1]
259,0.00023856505683308516,0.0,0.0,1.6113890025267146e-05,0.0007424098433611812,0.2592317829911841,0.0005386568284790041,0.0021913150619800037,0.00022395341253804698,0.0,0.0,0.0,0.0006551870791902029,0.0006279512640935827,0.00021562935421866954,0.0,0.00032424714090556597,0.0,0.001370193393876532,0.0,0.0,0.0,0.0021867921521450217,0.0,0.0002565516177002557,0.0,0.0,0.0007452200862607489,[5],[-1]
260,0.039730101385437026,0.0,0.01591481443589423,0.0,0.0,0.0,0.0,0.00153272925277771,0.08985873430771293,0.0,0.00021912687633937478,0.006123148316168829,0.0,0.0,0.0920516724209503,0.0,0.0,0.0,0.0,0.04966431278628697,0.03050397206747553,0.0,0.11384095499416126,0.0,0.034693617529955534,0.0,0.0,0.0,[22],[-1]
261,6.978455723233789e-05,0.0006234533592731403,0.008923212368525486,3.0778620664851716e-06,0.0,0.00011700196537961186,0.0008131144059546412,0.0,0.0,0.0008238203035500842,0.0,0.0,0.0,0.0,0.0,0.0,0.0029739200493365107,0.0005260904292221993,0.0001282997280222749,0.000869147712813061,0.0014244688300472355,0.0012185893524713442,0.0,0.0004610179063408847,0.0,0.008296769009953842,9.703577654241071e-17,0.002598698132684544,"[2, 25]",[-1]
262,1.799369067693079e-06,2.369023292120831e-05,0.00039144013892673796,3.041929509009133e-06,0.0,8.214662631792943e-06,6.523327510781271e-05,0.0,0.0,2.807746545667783e-05,0.0,0.0,0.0,0.0,0.0,0.0,0.000342138847310011,3.1227886334658294e-05,3.5099918488359444e-06,0.00013769554163455358,0.00016038382724190884,3.3152171757835646e-05,0.0,9.015947184854602e-05,0.0,0.0011554240331196426,2.6563893829218083e-16,0.000619165325235437,[25],[-1]
263,2.6942362421009954e-07,1.1577949744983894e-05,0.0,7.8684439559787e-05,0.0,0.0005754403448300094,0.0,9.364398591587959e-06,0.0,4.1399469193914415e-06,0.20900894425640829,0.0,0.0,0.0,0.0,0.0,0.0,0.0,0.0,0.0,0.0,0.010127705187588484,1.8115425744689907e-06,0.0009303406927138197,0.0005641746067246932,0.003078851548237334,0.0,0.33443167523681944,[27],[-1]
264,1.793175662168123e-07,1.2010107643279403e-05,0.0,7.512067543921792e-05,0.0,0.0003729701929657886,0.0,1.0331309229650917e-05,0.0,2.9901787434460033e-06,0.15738421558889287,0.0,0.0,0.0,0.0,0.0,0.0,0.0,0.0,0.0,0.0,0.00843112634846666,0.0,0.0004821586131406929,0.0006453317729438369,0.0019165556847033271,0.0,0.31146557719856083,[27],[2]
265,0.08599771128545586,0.0,0.028450716155914116,0.0,0.004703612166566192,0.0008255963531064518,0.045037944341180386,0.0,0.1831185623369103,0.0,0.0,0.0,0.0,0.03699643817536489,0.0,0.005986205529683001,0.0,0.0182809376094119,0.0,0.023339796334402568,0.0,0.0,0.021122051771221464,0.0,0.014077699546318658,0.0,0.0,0.01617120245889043,[8],"[0, 3, 17, 27]"
266,0.09370887172984527,0.0,0.021338551110200894,0.0,0.00404722924226996,1.0791275226169978e-05,0.04546080727629946,0.0,0.15085990121807188,0.0,0.0,0.0,0.0,0.040950016659333795,0.0,0.0038530045894373545,0.0,0.01647271830160308,0.06128781587442418,0.013537495490615887,0.0,0.04141931353815559,0.060505500259451346,0.0,0.0041437718035525544,0.008746346252048464,9.799490031603833e-16,0.024281147229934606,[8],[-1]
267,0.05139281833924272,0.0,0.007025717890211708,0.0,0.0,0.0006851836355966873,0.0,0.0031050886869152926,0.02455014810806443,0.0,0.0,0.012878522896998354,0.0,0.0,0.23213356844781613,0.0,0.019770932993549428,0.0,0.0,0.0399337685245088,0.0,0.06129587287970724,0.028492667571102772,0.0,0.02834847884665973,0.0,0.0,0.0022301018435707223,[14],[-1]
268,0.006055603404539496,0.15706310418855823,0.0,0.0,0.0,0.0,0.022360064647803636,0.002580422816147704,0.0,0.0,0.0003689072403568843,0.0,0.0026938874054145516,0.0,0.0008232627602474053,0.2068958195231597,0.08901463467060353,0.16939957061592065,0.01797303385133635,0.0,0.0,0.0,0.01601622204986531,0.0,0.21774707211314787,0.0068144126610029995,0.0,0.0,"[15, 24]","[14, 18]"
269,0.0001517679721412319,0.00014948964166510537,0.0014671246713008972,0.0002272789498597794,0.021046450859006735,0.00039209698070072027,0.0,0.0,0.0,2.3711047797931927e-05,0.0,0.0,0.08203269942949104,0.002797420542987534,0.0,0.0010190056660353672,0.0,0.0007397878659100876,0.0,0.0,0.0,0.2976330196781298,0.00010833712624372514,0.0,0.003088318920471927,0.0,0.0,0.0,[21],[-1]
270,0.001032018903192864,0.044780411698018635,0.0,0.0725799300037755,0.005367005407503771,7.840142882209513e-05,0.021497262936780937,0.0,0.0,0.0,0.0018846345923100305,0.1758359509603298,0.0,0.0006085782255963994,0.0,0.0,0.08953085825490771,0.255263995429952,0.02585886337344022,0.09345327029665605,0.011757728436721007,0.0,0.011526327827915697,0.0,0.0,0.003262470293203696,0.0,0.11482054568718372,[17],[-1]
271,0.0004758427699482138,0.024460198277045486,0.0,0.024191122014045788,0.003219626062194966,0.0,0.016241027510613133,0.0014267870118023494,9.762817664100973e-05,0.0,0.001745173325736376,0.10312985113562075,0.0,0.0,0.0,0.052475926255334586,0.06211156173245651,0.2338308122334466,0.004067657707940668,0.06022652274716156,0.000698891177334767,0.022494274155055352,0.022138768450906156,0.0,0.0,0.011451527499508724,1.7997323568379635e-16,0.06230568323937872,[17],[-1]
272,0.13855588078917164,0.0,0.0,0.0,0.0,0.0,0.0,0.006163086166588101,0.0,0.19977085465425726,0.0,0.007803891457772849,0.0,0.0,0.1980242150328455,0.0006516975136767952,0.010187078397750269,0.0,0.0,0.0,0.0,0.010685129507786852,0.14124108748095754,0.0,0.035204819236464506,0.026834350098241488,0.0,0.0,"[9, 14]",[-1]
273,0.022737966297392026,0.0,0.005454397226977688,0.0,0.0,0.0,0.0,0.00047955897532114513,0.03264459762864143,0.0,0.0004604606440400377,0.0008523478545100039,0.0,0.0,0.0036793280901168987,0.0,0.0,0.0,0.0,0.0,0.03182643829670813,0.0,0.0,0.018388244422834214,0.0,0.007587462126911019,5.369947107634192e-16,0.03362978516276236,"[8, 20, 27]",[-1]
274,0.01584385206680166,0.0,0.0,2.9580905837615534e-05,0.0,0.0,0.0,0.0008723288006098771,0.0,0.030134072508152806,0.0,0.0,0.0,0.0,0.027009415914939,0.001948601602766492,0.005093498891563044,0.0,0.1261069646245748,0.01763119460711147,0.0,0.05333459750078118,0.0019325559259567623,0.01233933947237007,0.0,0.03499482570385247,6.925648758073342e-16,0.06167040490258208,[18],[-1]
275,0.00030243610059625,0.06676646511812212,0.0,0.0,0.0,0.0,0.0,0.002227574140584399,0.0008850319985435908,0.0,0.009507842997671202,0.0,0.0,0.0060514961540373245,0.00399725986114977,0.0,0.033766597877683394,0.0,0.007029666229128293,0.0,0.0035387543645172877,0.0,0.0,0.0,0.047912900077013515,0.0,0.0,0.007482852383488846,[1],[-1]
276,0.0003318864312155392,0.0774055241810798,0.0,0.0,0.0,0.0,0.0,0.0030711875223754788,0.0008558742371062956,0.0,0.0,0.0,0.0016462434512627283,0.0,0.005866209335941443,0.067871689547699,0.0,0.0,0.017925142238697733,0.052130335818228554,0.0006940178761259366,0.0,0.0,0.0,0.14978732668674322,0.012805662212322504,1.8060900784459524e-15,0.041852719759095984,[24],[-1]
277,0.0017323938024676928,0.007709421800820233,0.11405185925263189,0.0005660915936842056,0.0,0.0008757145641610695,0.005916229903503408,0.0,0.0,0.014044725476430339,0.0,0.0,0.0,0.0,0.0,0.0,0.023146958710344116,0.006556644001838347,0.005908101690947152,0.006474015503206763,0.004743245129191537,0.0,0.0,0.0056559791790245255,0.0,0.05909480664975789,0.0,0.021041668001349188,[2],[-1]
278,0.0030580042014233815,1.7126571750788934e-05,0.0,0.000278010755709986,0.0,0.00010481576782753237,0.0,0.00033983621598839464,0.0,0.008804160948436154,0.003812653958042767,0.0,0.0019791677593980236,0.003066683871871032,0.0,0.0008783957471766438,0.0,0.002604042056539095,0.024532430521749003,0.23126624630829934,0.04051213705107305,0.0,0.0,0.005923781001885006,0.0,0.014165763750288649,6.132643979459074e-16,0.0,[19],[-1]
279,0.0005991244786436539,0.0003256220622928757,0.0013346078429956585,0.00015051229352036716,0.0,0.00014255067893508653,0.0,0.0005607940691351953,0.0,0.002660523098768603,0.011705765170361034,0.0003055759463150405,0.0,0.007228917628035463,0.005513731862373902,0.0022014549047692225,0.0,0.004957454889151002,0.02096331770110774,0.35707595333814496,0.0019655826445686,0.0,0.006421217664480707,0.00042360762259574313,0.0,0.01758394159686921,1.9298382422910467e-16,0.0,[19],[-1]
280,0.001214047476820545,0.04362265553245148,0.0,0.17856777698933585,0.0,0.00024468570093999487,0.0,0.0,0.0003312139319241935,0.0,0.0,0.0,0.0006843666412726502,0.0,0.007832736462398236,0.037731583987929244,0.0,0.00804505734204458,0.01252061369397011,0.0,0.0,0.0,0.002724374980161356,0.0,0.06418912122005646,0.0,1.5918095027067046e-15,0.0283383268512454,[3],[14]
281,0.004758607782600883,0.059726757322182286,0.0,0.026335586758786892,0.0,5.363077234875889e-05,0.006847032432999527,0.0003638816379742198,0.005504427006920505,0.0,0.004508764625832125,0.03822596369109057,0.0,0.008494684898537105,0.0,0.0,0.034389847422015195,0.12288998744115423,0.0,0.0,0.022098839549024557,0.0,0.0,0.008804497085793441,0.0,0.0,0.0,0.16044890866722158,[27],"[14, 20]"
282,0.001089933466315658,0.04050179157762961,0.0,0.20343548972100903,0.0,0.0,0.0,0.005586574045972831,0.0006484463950263072,0.0,0.0068641687893074965,0.0,0.0005082433891574079,0.0,0.005616071383046801,0.0,0.0,0.012663980877486382,0.0050905310001481685,0.0,0.0,0.0,0.00440593953745784,0.0,0.013004334907922396,0.0,0.0,0.12109177916404758,[3],[-1]
283,0.028974695545771117,0.0170783519095623,0.22616697129210606,3.50490930599435e-05,0.0,0.0003272971875429278,0.0,0.008815721160427514,0.0,0.08665714756173,0.0,0.010111703637175631,0.0,0.17195340270183637,0.0987562155259974,0.04901150734645996,0.0,0.005139129439412079,0.043485912937887596,0.0,0.0,0.03361227823837335,0.04677512340800993,0.0,0.0,0.064322997534495,6.161086822007662e-16,0.0,[2],"[3, 4, 15]"
284,0.0008206402768236141,0.12371620853548931,0.0,0.0,0.0,0.0,0.0,0.00528760015066667,0.0013885613551790305,0.0,0.0,0.0,0.0,0.0,0.007381233725813949,0.061329895545049515,0.09269466924794494,0.0,0.02464294598811445,0.06592806824342037,0.00963004373754195,0.00017962477002407402,0.0,0.0,0.19721092624195508,0.016097618155761922,7.94145539580774e-16,0.0,[24],[-1]
285,0.00121171115600081,0.004963268625521663,0.0,0.0,0.0,6.159728418502164e-05,0.0,0.0006572073184616247,0.0,0.003653083902348096,0.0010073342754794315,0.0,0.002520255425966191,0.0,0.003368620644840655,0.005145819907791278,0.011763188598769856,0.010151090307791284,0.03151077425778339,0.0371327759233455,0.012754151173591362,0.0,0.0,0.0,0.019662986660788858,0.0,9.350839156932008e-16,0.0,[19],[25]
286,0.10592947188556662,0.0,0.0,0.0028884821423620327,0.0,0.0,0.0010983750275456406,0.0,0.0,0.12899355995148298,0.0018292862016575236,0.0,0.010627463990293963,0.0,0.0,0.0,0.0,0.0,0.02471108156820025,0.0,0.3203081259802944,0.058622722711811556,0.05785424313562443,0.016734991064997307,0.003471958006005292,0.010034443449837026,1.76654011339637e-16,0.0,[20],"[3, 4, 5, 19, 26]"
287,0.07025807364364609,0.0,0.01365499505864963,0.0,0.0039224059107798815,0.0,0.03999835104376254,0.0,0.10124286088326245,0.0,0.0,0.0,0.0,0.029952304157967815,0.0,0.0042364789423793145,0.0,0.019185426982188357,0.0,0.0038225851829890097,0.0,0.06997779170762278,0.0,0.0,0.00242091846010378,0.0,0.0,0.0,[8],[-1]
288,0.0064660360659155175,9.880407373954043e-05,0.0,0.0014181811170722151,0.0,0.0004028540347006384,0.0,0.0005875840393972962,0.0,0.019060339853536192,0.0009485285684630107,0.003586881020074378,0.014645580645443567,0.004483195545328834,0.0,0.0037286121643937313,0.0007604569437135102,0.015099022309606774,0.12626657590287185,0.0,0.08403527834694025,0.0,0.0,0.019280830119818397,0.0,0.0,0.0,0.0,[18],[-1]
289,0.035788441650169193,0.0,0.008780615430457401,0.0,0.0028209480394575347,0.0,0.018746013429270042,0.0,0.05997670887814748,0.0,0.00019135036415052719,0.0,0.0125398558006513,0.0020841182008744614,0.0,0.0,0.00841304358082508,0.00374268445660407,0.026446441799620468,0.0,0.0,0.026657962503606854,0.0,0.025591317126286314,0.0,0.0,8.713981630606318e-16,0.0,[8],"[0, 3]"
290,0.0016962319460743067,0.004978612518819412,0.08011663602484263,0.0013343738982874063,0.0,0.0002227061668175301,0.0,0.0,0.0,0.011744399480987804,0.00010729148128511688,0.005826517902126776,0.001893570545204583,0.09124319228946787,0.009563758188226856,0.01388993158191413,0.0,0.006147988430037006,0.0,0.0,0.0,0.1279838803497268,0.015688991493320377,0.0,0.00517522780611938,0.0,0.0,0.0,[21],[-1]
291,0.05675366026132424,0.0,0.021500280360681665,0.0,0.0,0.0016586727283252032,0.0,0.0016393526020647003,0.12429172531495519,0.0,0.0002631810052427423,0.008683626667548341,0.0,0.0,0.10908367909682173,0.0,0.0032802803657419,0.0,0.0,0.007575267220296392,0.020179755466891623,0.0,0.0,0.0,0.008756744629228506,0.011535288333156478,0.0,0.07270947088386533,[8],[-1]
292,0.0009823685038554484,0.04274102734664738,0.0,0.20770905259735895,0.0,0.0003936316022961346,0.0,0.0,0.0003752199141589978,0.0,0.0,0.0,0.0009897614510200046,0.0042872370971498664,0.0075629541585523815,0.0,0.0,0.0,0.0020399336068599562,0.0,0.0,0.00711265836165001,0.005912407378129611,0.0,0.0,0.0036090228348632527,1.5340921208803237e-15,0.0010740368567851882,[3],[-1]
293,0.0003128103841604704,0.04463580652249935,0.0019273018829060245,0.0,0.004691932558264575,0.00014815008429512613,0.0012071275459542307,0.0,0.0,0.00041202212389466564,0.0018009914054082118,0.042014612852272114,0.05596614955583486,0.011067006013218573,0.0,0.0,0.03874446616925022,0.0,0.0,0.029879869580634284,0.006376972610457771,0.0,0.0,0.08060787117150753,0.0,0.0014013912977535578,1.047870661430531e-16,0.0,[23],"[10, 14]"
294,0.00014195465722286878,0.0033231550857753503,0.012515602141999394,0.012260329490765573,0.10507036641561204,0.0,0.008941587544542481,0.28261494242878843,0.001088386704566247,0.0,3.279562399123714e-05,0.010695749486803439,0.012778968794605482,0.0,0.0,8.22463516267977e-05,0.0068314009704991225,0.024870168932598222,0.0,0.019364068085558826,0.0007531838622284687,0.0,0.0,0.002871664279438977,0.0,0.0,5.212283578163749e-17,0.003183627776971737,[7],[-1]
295,0.0003865342457853264,0.001408790921106624,0.003390916197935999,0.0029225732141121633,0.23721671709109626,0.00540726064724407,0.0,0.0,0.0003885332403808232,0.0,5.946861293913991e-05,0.0,0.0,0.0023198079398195084,0.003764355798463527,0.0002907019055601819,0.0031210108147427746,0.0,0.0036861107918299894,0.0,0.003452858790536559,0.013737889865834928,0.0019238949119581234,0.0,0.01099925015737786,0.23323947555614485,0.0,0.012277327417829168,"[4, 25]",[-1]
296,0.001305862166151914,0.18341137185462478,0.0,0.0,0.00010968249184572959,8.028876944064014e-05,0.0,0.0,0.0013948210464892466,0.0,0.0,0.022745148557985113,0.0030484416912777267,0.0,0.0012185477030278182,0.137954804872637,0.0,0.0,0.0,0.0,0.0,0.03964135254794802,0.0,0.15943619773807916,0.0,0.0460251350575895,2.3070284397890422e-16,0.04664707595685311,[1],[-1]
297,0.0004525330234130962,0.020825976689659256,0.0,0.033693324610375094,0.0006200124262464874,0.00011476269199903545,0.0032300732534982653,0.0,0.00025660368400444694,0.0,4.2984225729010645e-05,0.024465217486896066,0.0,0.0,0.0,0.030409742628247832,0.0,0.06038864668354683,0.0,0.008760652812536055,0.0,0.017953091335386598,0.00790479281063685,0.013142518803088879,0.0,0.040715322851205264,3.706571666506576e-16,0.0,[17],[-1]
298,0.006606171912439451,0.0003869967211027104,0.0,0.0,0.022652016830239204,0.00010909462998654791,0.2590433787690773,0.0,0.0,0.0015805352833376278,0.0,0.0,0.0,0.0,0.031301812633635996,0.0,0.0004712686163292332,0.0,0.003824391848094217,0.0,0.009442369189201546,0.00244679149782063,0.0024830318077969935,0.0,0.01930354302651216,0.0,0.0,0.0003582648475385394,[6],[-1]
299,0.0733985756900221,0.0,0.0,0.000531173392052663,0.0,0.0,0.0,0.0008430708520694739,0.0,0.16329174350083925,0.0008561156180535089,0.0,0.0,0.010999354122470452,0.0,0.0030938509040627643,0.017663571764943698,0.022898479711963935,0.0,0.08533396800668436,0.0,0.0,0.0,0.015570557911830476,0.0,0.0,6.901450032927194e-16,0.04589438100595182,[9],[-1]
300,0.00018754864187746847,0.0020994030185099,0.0,0.00016197779532154774,6.300684134906061e-05,3.724718574457043e-05,0.0,0.00017608870045007994,0.0,0.001094378850400384,0.004784369572555969,0.00024109189028228637,0.0,0.00258692666357275,0.0,0.0,0.0028462362520582578,0.010481421288172997,0.009495000191516391,0.2698594544246147,0.004470984390390899,0.0,0.00043185183651044427,0.0,0.0,0.0034974723403655905,0.0,0.0,[19],[-1]
301,0.002407739334116533,0.00011675412197429092,0.00017025061241405097,9.76758824385855e-05,0.0,0.00012187513010669666,0.0,0.0005780337407621244,0.0,0.009790462088679721,0.0049598287391109325,0.00035904759883615767,0.0,0.007910810088102514,0.0038992937994450512,0.002369134414835736,0.0,0.005412290538395362,0.011178876944406465,0.31314206721290055,0.0,0.0,0.0,0.0018744766236602278,0.0,0.015526042448956829,3.7169676654962386e-16,0.008415214764308466,[19],"[5, 14]"
302,0.0001220609942915924,0.0013211777932610918,0.015435223982739997,0.006227192535679027,0.0875603570263932,0.0,0.007835388324618456,0.24062631207685967,0.00038836148524821806,0.0,0.0,0.0,0.007659837535343111,0.0,0.0,0.0,0.011803091709035178,0.0,0.0009530392842003367,0.0018003065988684874,0.0017245973617531914,0.011284122713891002,0.0,0.006596101409989981,0.0,0.0,0.0,0.0,[7],[-1]
303,0.001969458359462163,0.006474108573912381,0.0,0.010733555294209864,0.004079421073883776,0.0,0.0,0.0,0.0,0.003085525995609818,0.0008140851343775801,0.02287409837782225,0.0,0.0,0.0026565054266308582,0.007411403892708881,0.00580336514635876,0.042618225264662996,0.006300569960229568,0.010833556736008724,0.0,0.0,0.016036226224428306,0.0,0.0,0.019360962630747863,0.0,0.0455622171008739,"[17, 27]",[-1]
304,0.00022274305250271018,0.0,0.0,1.4177772758450574e-05,0.000638049703700336,0.2220099540808546,0.0004580273988649848,0.0018871480938816038,0.0001778129707656674,0.0,0.0,0.0,0.0005492724281568488,0.0005554596528915541,0.00018011973634162286,0.0,0.0002668030199293719,0.0,0.0010278406097220922,0.0,0.0,0.0,0.0017008835006361294,0.0,0.00022223118217541465,0.0,5.774988469190744e-17,0.0005718295990894457,[5],[-1]
305,0.0002611730741812897,0.028801732684565384,0.0,0.04348536524742389,0.00035160359265000874,0.00016784633684900751,0.004244829153388338,0.0,4.394918037621936e-05,0.0,0.0008749818453908574,0.05715186472983249,0.0,0.0,0.0,0.0,0.0,0.0,0.0,0.0,0.0,0.0,0.0045794258456552306,0.047262906779360715,0.0,0.06082733274652808,7.55554956195084e-16,0.0,"[11, 25]",[-1]
306,0.006606171912439451,0.0003869967211027104,0.0,0.0,0.022652016830239194,0.00010909462998655727,0.2590433787690773,0.0,0.0,0.0015805352833376256,0.0,0.0,0.0,0.0,0.03130181263363599,0.0,0.0004712686163292361,0.0,0.0038243918480942193,0.0,0.009442369189201546,0.0024467914978206317,0.002483031807796994,0.0,0.019303543026512163,0.0,0.0,0.0003582648475385367,[6],[-1]
307,0.0019648847175679843,0.0025698951583088317,0.045362518551824584,0.0014809526221999953,0.01069168850114413,0.0,0.0,0.03640579001876057,0.0,0.00589717598464411,0.0002863849994654032,0.007819648690290943,0.0,0.2379288543130327,0.01478917149800256,0.05987823765823824,0.0,0.0008005244654201967,0.0,0.0,0.0,0.0,0.0,0.01731493212115397,0.0,0.033585136307635446,0.0,0.021341132304716327,[13],[15]
308,3.913281180938671e-06,5.680367869832904e-06,6.435900454197114e-05,1.3028575822907039e-05,0.0014335498212078288,2.758304491081122e-05,0.0,0.0,0.0,0.0,0.0,0.0,0.010887777605537443,0.0002360423048138143,0.0,9.83514733211427e-05,0.0,8.785100068973411e-05,0.0,0.0,0.0,0.05417529937251551,0.0,0.0,0.00032819755419099584,0.0,0.0,0.0,[21],[-1]
309,0.0003458488648077076,0.08137181974010914,0.0,0.0,0.0,0.0,0.0,0.0038604831859667707,0.0011607186718586968,0.0,0.0013491521799771009,0.003515817956031595,0.003033497620215279,0.07528819089329468,0.0,0.0,0.24770101386683102,0.0,0.0,0.0,0.02303344073106925,0.0,0.0016943814913618215,0.09083485687449411,0.0,0.0,0.0,0.0,[16],[-1]
310,0.001717862494465515,0.008904594009990602,0.1340901584094981,0.000719641844558518,0.0,0.0014118161800892154,0.006721251918806997,0.0,0.0,0.013009281404680367,0.0,0.0,0.0,0.0,0.0,0.0,0.02793319751839695,0.007787346247161244,0.0,0.019243989085992938,0.010564586398802093,0.0,0.0,0.005147212343705499,0.0,0.05832590218094401,9.6522183691799e-16,0.04767581400302735,[2],[-1]
311,0.0018209685755398888,0.014494248877873308,0.1750324872675638,0.0,0.0,0.0015203303250561596,0.010249910702375223,0.0,0.0,0.01713031627828222,0.0,0.0,0.0,0.0,0.0,0.0,0.023847216959495997,0.008147165095071662,0.0017294616844582738,0.009089042742441046,0.016245678223106564,0.04357338493671718,0.0,0.0,0.0,0.05976231274724906,0.0,0.008373683970639772,[2],[-1]
312,0.02457930009963058,0.0,0.0,0.0,0.0,0.0007494809918251481,0.0,0.002466902089901826,0.0,0.002660425534716322,0.0010101273618512532,0.005372574297205809,0.007644835973574354,0.0,0.0,0.0,0.0026863189033074926,0.0,0.26716775582888935,0.0,0.08251574615915735,0.0,0.0,0.03670849172873786,0.0,0.0,5.1000436152431555e-17,0.007902723168253576,[18],[31]
313,0.0053216682113915136,7.257197358805462e-05,0.0005052495655789525,0.0004085725918032372,0.0,9.08972587797532e-05,0.0,0.0006339966685163485,0.004352875267267254,0.0,0.0007058997848785047,0.0049276689227314525,0.019296895021060568,0.0,0.00024197019726360157,0.0007179523180459706,0.006514433323968634,0.007630193289539123,0.15940601280464176,0.0,0.05183698236816629,0.0,0.0,0.0202054759933701,0.0,0.0,0.0,0.00905373024344335,[18],[-1]
314,0.0004286551543490824,0.00860688797146119,0.0,0.018442152886501657,0.00046233738847726165,4.022613762331236e-05,0.005247903609772596,0.0,0.00027629091986488495,0.0,0.0014370550000684078,0.020849197844936128,0.0007790669881232833,0.0,0.0,0.014768303646731243,0.018135103607111548,0.07525145600010805,0.0,0.043228007122871046,0.0017878343555510767,0.004896211746944391,0.005566980706649226,0.0,0.00019221896106365072,0.00021658673263417937,1.0678219642711907e-16,0.0,[17],[-1]
315,0.004468565865511028,0.016288044056900538,0.0,0.017196899745013938,0.004977356696067848,0.0,0.002749184014122699,0.014893990867672164,0.004671876499780317,0.0,0.0,0.01843166996058742,0.0,0.0,0.0,0.007013626234096924,0.0,0.0,0.0,0.0,0.016980458621961174,0.01597516869840377,0.0,0.041044738632102694,0.0,0.0,0.0,0.0,[23],[-1]
316,0.00549231795927776,0.0004304499913341642,0.0,0.0007898143302535677,5.460926328680251e-05,0.0,0.0,0.0011046064298603833,0.0,0.015673354624436496,0.0,0.0009607726526324025,0.0,0.0015868048676688287,0.0001760377201087436,0.0008774323689857912,0.0,0.0,0.020980551776115845,0.0,0.0,0.022876987078338285,0.0,0.004374288042907796,0.0,0.006547407338858693,0.0,0.00828907198685647,"[18, 21]",[-1]
317,0.0003762604122542321,0.0013448900872965787,0.0032639183071771906,0.0027183551221539428,0.2186334915655082,0.00496737770584406,0.0,0.0,0.00032023643260712986,0.0,5.283191386630621e-05,0.0,0.0,0.0021666419669239176,0.0033125365654872695,0.0005699246755806043,0.0027235454391112005,0.0,0.0028699499850278697,0.0,0.002895250027208353,0.022312541249348693,0.0018256810970876242,0.0,0.009944932541427025,0.21175493768113568,6.920794622495285e-16,0.008180001841944418,"[4, 25]",[-1]
318,0.0003872259989744496,0.0014221306135118658,0.0034068573878225424,0.0029707398390286643,0.2402076105804695,0.005476146906221515,0.0,0.0,0.0004016535512864317,0.0,6.034157824772536e-05,0.0,0.0,0.002352968065704467,0.0038430711615021437,0.00013658996333944752,0.003131984235178758,0.0,0.0038551671692354746,0.0,0.0035947324538811213,0.011426902970237593,0.0019353353037006261,0.0,0.01097675156416448,0.23648019436580203,0.0,0.012843242969075299,"[4, 25]",[-1]
319,1.6453704609041168e-06,3.8121151373074194e-05,0.0,0.0001750417556292991,0.0,0.0006912802019763578,0.0,1.9624799838269256e-05,0.0,1.691117616765485e-05,0.25893355507894633,0.0,0.0,0.0,0.00011466181550842127,0.0,0.0,0.0,0.0,0.0,0.0,0.003963031442556508,9.739605459965053e-05,0.0005312032215218347,0.0007300794781268782,0.0013116659988917148,0.0,0.09860591395417835,[10],[-1]
320,0.00014841869608507347,0.00014584279778213105,0.0014353940404056667,0.00022030285228391604,0.020136146270360047,0.0003655534801188028,0.0,0.0,0.0,2.6163794767142977e-05,0.0,0.0,0.07830027382688941,0.0028262936660469126,0.0,0.0010238320482361032,0.0,0.0006963100092038493,0.0,0.0,0.0,0.2934375015364947,8.946527189189695e-05,0.0,0.0028688886391219923,0.0,1.0784170991075822e-16,0.0,[21],[-1]
321,1.4454933398357647e-05,4.328265629648994e-05,0.000632971737808185,8.369018735353424e-05,0.00518076568612943,0.0,0.0,0.0003658866906195324,0.0,5.4141302958945564e-06,2.2259276928654464e-06,0.0,0.03639350161866321,0.0027783428717013093,0.0,0.0008986586058310679,0.0,0.0002523952422631814,0.0,0.0,0.0,0.18963656506682725,0.0,0.0,0.0007292393115139659,0.0,0.0,0.0,[21],[-1]
322,0.0005658904329013276,0.0015699070619709617,0.02149328546574875,0.008159727049074486,0.09884869580351498,0.0,0.004770916547977092,0.27519821453136006,0.0,0.0006945212353242601,9.834651041773199e-05,0.002854763649465944,0.0011000177405290855,0.05422844631721622,0.0,0.012869245758047926,0.0,0.0,0.0049131116288234885,0.014429171034376421,0.008697181949529603,0.0,0.0,0.013525991649165257,0.0,0.0,1.715232360476474e-16,0.028043773941724467,[7],[-1]
323,0.00343496915860636,0.00635555436526548,0.10695762993628156,0.003221828646104724,0.014127051670510255,0.0,0.0,0.05611998446464839,0.0,0.01650510504266019,0.0006436618186231506,0.013270034226963249,0.0,0.33132346744125074,0.030831354241792196,0.07763243053162584,0.0,0.0037049507751159487,0.0,0.030155556910285628,0.0,0.0,0.007716502267674338,0.020305121224130338,0.0,0.0,7.443035288596811e-17,0.006126780350097786,[13],[-1]
324,0.1020656696296963,0.0,0.0,0.002695496406788522,0.0,0.02064449607195722,0.001558753825590257,0.00037800021251476384,0.0,0.1616404640502877,0.0,0.0,0.0,0.020463856067132406,0.0,0.009026763780184166,0.0007123235883849624,0.019334789884242143,0.0,0.0,0.0,0.015727849048628707,0.0,0.014957546885190855,0.0,0.011390504140930053,9.403270018607738e-16,0.0,[9],"[3, 5, 19]"
325,0.0027046406356818044,0.016383666017299302,0.20302111385831004,0.0,0.0,0.0016595782058095858,0.009479838145309016,0.0,0.0,0.022561218933977705,0.0,0.0,0.0,0.0,0.0,0.0,0.021355224780767682,0.00934550422431626,0.0028305880103401335,0.005346137340514801,0.01024944593281348,0.03212167492852329,0.0,0.0015897100088175875,0.0,0.07808194071346557,0.0,0.008080206539335747,[2],[-1]
326,2.0016216681403172e-06,9.006910507429267e-05,0.0,0.0003470809704524444,0.0,0.0006305261531648245,0.0,0.0,0.0,1.4033430642430107e-05,0.17066406408729445,9.889831558687047e-05,7.02371175589229e-05,0.0,9.285207392640815e-05,0.0,0.0,0.0,0.0,0.004487183472448053,0.0,0.0,0.0001601239939158334,0.0007838779347952876,0.0,0.002269609106842128,0.0,0.0,[10],[2]
327,0.0024788119634927726,0.015048882549325342,0.182912781869008,0.0,0.0,0.0015716470826493125,0.009193996177751098,0.0,0.0,0.020178868317503748,0.0,0.0,0.0,0.0,0.0,0.0,0.026976288136151178,0.008168655153893383,0.006284956026134765,0.010813404265099469,0.01206610936011316,0.0,0.0,0.0015026131684513333,0.0,0.09262270057018868,3.462457011643665e-16,0.024267063656534957,[2],[-1]
328,0.00010430708573235367,0.0066025763046723375,0.005780235103208648,0.0003863683467704895,0.0018733244124934459,0.00012423243772855506,0.0014031880007843614,0.0,0.0,0.000447464985002114,0.0001514434723356632,0.006280937024919053,0.0,0.0,0.0,0.025386164301706805,0.0,0.03024231467387726,0.00016656015070294912,0.010140181256560375,0.0,0.014933054411079796,0.0024676211121716306,3.276343109163791e-05,0.0,0.022345895894724147,0.0,0.0,[17],"[12, 14]"
329,0.018362486284612498,0.0,0.005177944727481834,0.0,0.0,0.0,0.0,0.0008658545799027792,0.029526308050743817,0.0,0.0,0.0033779830871889208,0.04076027178768623,0.0,0.06692798703611434,0.0,0.010671270728509433,0.0,0.10530596611220876,0.013048571304460464,0.0,0.0,0.020564096142083692,0.016331588011289856,0.0,0.016915782532161614,0.0,0.014075467177436447,[18],[-1]
330,0.004786267922821299,0.0587151031824286,0.0,0.07691353596409432,0.0031372333999274654,0.00041312847690221224,0.016160967955184558,0.0,0.005605591835416021,0.0,0.0,0.1946311444284375,0.0,0.0,0.0,0.0,0.0,0.0,0.0,0.0,0.008462719809975528,0.0,0.0,0.23186322796981162,0.0,0.017946363759249778,5.353664477966477e-16,0.0,[23],[-1]
331,0.0005978699176576526,0.0462026179234057,0.0,0.048494004002232825,0.006255991481297946,0.0001588691922614972,0.020443623176150158,0.0,0.0005515100255100139,0.0,0.0,0.2207611120851332,0.0,0.0,0.0,0.0,0.0,0.03639768517463641,0.0,0.0725612705785837,0.0,0.0,0.0,0.08730140077984531,0.0,0.01692594804248062,2.874357152746744e-16,0.04608854903310998,[11],[-1]
332,0.00038221513142418776,0.0013893477794969201,0.0033580413137394255,0.0028491823050042697,0.23116255325668097,0.005264136569771669,0.0,0.0,0.00036721079996130014,0.0,5.824829503761594e-05,0.0,0.0,0.002204096577657224,0.003621064656986671,0.00047584331358459003,0.0029676686082049284,0.0,0.003443192487354707,0.0,0.00332712795291609,0.016946815906909246,0.001907859270079138,0.0,0.010611639565268657,0.22640265350386202,3.1226332705569067e-16,0.010237337164361576,"[4, 25]",[-1]
333,0.0049797221765816675,0.0429982404070256,0.0,0.050977226522439856,0.0044482106712160985,0.00032067994613228074,0.01938312102406021,0.0,0.0054151956743792185,0.0,0.0,0.17210629678989606,0.0013527483872638687,0.0,0.0,0.0016666436659962026,0.0,0.0,0.0,0.0,0.01486973588248846,0.0,0.0,0.12008660285329052,0.0,0.021166468517960658,0.0,0.0,[11],[14]
334,8.44030187571641e-05,0.010631239986653928,0.0,0.0,0.0002976332066565785,0.0,0.0016649463664447832,0.0005133253997813483,7.033532930038013e-05,0.0,0.00032394852957491713,0.0058017391333100654,0.0,0.0,0.0,0.031313509916643875,0.01226731071276719,0.05410160197695985,0.005364381619439187,0.03071417484390143,0.0011241999736627888,0.0,0.0042683938928912216,0.0,0.02002155964819952,0.0035319122366782056,0.0,0.029442530184747913,[17],[-1]
335,0.00015557647765138702,0.0014880034080644508,0.016672612820041264,0.007639802560085746,0.09786918828553852,0.0,0.007568472573128903,0.2658169610724895,0.00037527840099924644,0.0,0.0,0.0,0.008140160447258894,0.0,0.0,0.0,0.0048474250080092285,0.0,0.0003767983634272362,0.0021523225685170146,0.0018412407693558324,0.0,0.0,0.007667702866079938,0.0,0.0,3.675375872847808e-16,0.0,[7],[-1]
336,0.001204761608310967,0.060868947985650124,0.0,0.21351061630398452,0.0,0.0004696135389702421,0.0,0.0,0.0007961071478360846,0.0,0.0,0.008130293159408164,0.0028317794726113363,0.0,0.0056641865079833245,0.0,0.0,0.0,0.0,0.0,0.0,0.014348773921675596,0.0,0.11673501130978309,0.0,0.003069473173709077,0.0,0.038654843770584556,[3],[-1]
337,0.007901411487829335,8.905030192730736e-05,0.0,0.0,0.004302436059008045,3.0153159005827643e-05,0.0266435448768301,0.0,0.0,0.012335925169161922,0.0,0.0,0.01368191865747544,0.0045893252205983035,0.0,0.0032246533772885993,0.0058759018724907075,0.009335356070525292,0.004519190907337909,0.025363196757993294,0.0,0.0,0.0,0.0,0.003102653857984251,0.0,1.3976442232913393e-16,0.006905444648464022,"[6, 19]",[-1]
338,6.660396905301684e-05,0.005206242058072015,0.0,0.01937765490448033,0.00018632197546178503,5.467054850531888e-05,0.0018291405741467516,0.0,0.0,0.0,0.00021527117220435376,0.017174150453273387,0.0,0.0,0.0,0.011222447214808253,0.0,0.02546533177854818,0.003268526233355571,0.0037808558810186253,0.0,0.0077672174743809025,0.005613936596733383,0.0,0.0,0.042090940643229165,8.94038719366139e-17,0.0,[25],[-1]
339,3.292329241215421e-05,0.0023747858550544287,0.0,0.005899639529016453,0.0008485786684113634,2.266557725259607e-05,0.0020324194844958884,0.0,0.0,0.0,0.000280411978725345,0.01889432038025035,0.0,0.0,0.0,0.010324646506679646,0.0018100742590202333,0.0249862333767248,0.002467974020259973,0.0010108762996660623,0.0,0.0043237020393320745,0.003369100811401881,0.0,0.0,0.03141392044781856,0.0,0.007707451783407602,[25],[-1]
340,0.006248456322958689,0.0003554475155460029,0.0,0.0,0.01917637483924742,9.170736599939988e-05,0.21477950043438312,0.0,0.0,0.0015927860145949321,0.0,0.0,0.0001799491284915492,0.0,0.024676470669169934,0.0,0.001116016010975551,0.0,0.002204598727720808,0.0,0.003970629501430098,0.0,0.0017353183760030208,0.0,0.016674828931751585,0.0,0.0,0.0,[6],[-1]
341,0.006444187617028064,0.0003733300839722884,0.0,0.0,0.021293905621281674,0.00010235268539939749,0.2421338305089591,0.0,0.0,0.0015785480475114682,0.0,0.0,0.0,0.0,0.028881144587899747,0.0,0.0006396407359058476,0.0,0.0033309310162020858,0.0,0.0077713099404206395,0.0017439463321937073,0.00223224837999813,0.0,0.0182109507716262,0.0,0.0,0.00022041956449704936,[6],[-1]
342,0.029019992483954968,0.0,0.010229833604911975,0.0,0.0,0.0,0.0,0.0007875587146326245,0.0612251593964943,0.0,0.0005069792611792753,0.0019431899191275903,0.00828453865756631,0.0,0.01277652927765876,0.0,0.0011538409979838505,0.0,0.07082509644710329,0.0,0.0326495573714715,0.0012843298496282335,0.0,0.026046502811188123,0.0,0.0068056401308664236,0.0,0.003968981791627564,[18],[-1]
343,0.08448443823101287,0.0,0.0,0.00019959383881874092,0.0,0.0,0.0,0.0010395539772018391,0.0,0.18660435924265867,0.0,0.0,0.0,0.019953604580396016,0.026786401015394312,0.008253163188512835,0.009371272046453447,0.012165095477159564,0.0,0.0,0.0,0.10037722541885881,0.0,0.0,0.0,0.027644431288472302,0.0,0.0,[9],[-1]
344,0.0002038310918233335,0.0008928152241423792,0.009743081442829263,0.002515646811419953,0.051248212831127855,0.0,0.003172535004745198,0.09159652049035016,0.0,0.0,0.0,0.0,0.04468950240512624,0.0,0.0,0.0,0.005039914570860575,0.0021962598413883495,0.0,0.00021665892799575096,0.0,0.05167706585359407,0.0,0.0007289305419827366,0.0,0.0,4.0365708622210496e-16,0.0,[7],[-1]
345,0.00023689535729652238,0.0012144460853081341,0.0022398800264043185,0.002485680734351767,0.1964643386333917,0.004515310040712805,0.0,0.0,0.0004813152921967968,0.0,5.229880533087893e-05,0.0,0.0,0.00031983226261703314,0.0036679873318938524,0.00013497379325075302,0.002323207532057554,0.0,0.005438828242841229,0.0,0.003885577403615461,0.0,0.0013468631555327596,0.0,0.007373813235255711,0.20514952249690477,0.0,0.010968758806035272,"[4, 25]",[-1]
346,0.001330214847338835,0.1914803839029411,0.0,0.0,0.0,0.0,0.0,0.006354277518012634,0.002483169258231235,0.0,0.002993940039614285,0.0,0.0,0.03788237191478302,0.004971728299559504,0.0,0.20400817781920516,0.0,0.003567063122410184,0.0,0.02037438040015393,0.0,0.005513017000028744,0.0,0.07743238806024703,0.0,1.4482086425388345e-16,0.0,"[1, 16]","[13, 14, 18]"
347,2.612380805318717e-05,0.0002218769150210987,0.0,0.00045492231100392576,0.0,0.0022549745188693354,0.0,2.879410788374647e-05,0.0,0.00011793121402356438,0.3117808794311302,0.0,0.0,0.0,0.0006738115963106639,0.0,0.0,0.0,0.0,0.027423067819185454,0.0,0.0,0.000651041226084955,0.0009309933122192093,0.0,0.00030568410415619845,9.127899640341092e-16,0.0,[10],[-1]
348,0.005215699379456051,0.04746745720951668,0.0,0.24437124187468656,0.0,0.000487817573503415,0.0,0.0,0.00488767944876842,0.0,0.0,0.0,0.0,0.001959737128155792,0.0,0.0,0.0,0.032703785773799635,0.0,0.019139800283952787,0.007675379500071735,0.0029700604437421464,0.0,0.0,0.0,0.027379314851995254,0.0,0.05208765642973665,[3],[-1]
349,0.0002558510845995277,0.03935749852251167,0.0,0.0,0.00024123327097167935,0.0,0.0014784700505168298,0.0003766159725937822,0.0002485567766829771,0.0,0.0,0.036071619284783765,0.0020554397819714633,0.0,0.0,0.004810174678141638,0.0,0.0,0.0,0.03539773004181858,0.0,0.014712598245575149,0.001890392097907586,0.07008578209641045,0.0,0.020319547259014248,0.0,0.0561355390730627,[23],[-1]
350,0.0013406679986610762,0.00460459306683241,0.06994620130612274,0.0004732208497091686,0.0,0.0006758156766612474,0.0020593451500770686,0.0,0.0,0.009607980416214908,0.0,7.030271412051193e-05,0.0,0.0,0.0,0.0,0.010482874468459155,0.004121785084772415,0.005758462872364141,0.0019142836606912252,0.0,0.0,0.0,0.004292139785430884,0.0,0.03044050310884826,0.0,0.02674265508925056,[2],[-1]
351,0.05149088297061318,0.0,0.0,0.0,0.0,0.0,0.0,0.0016222307149815198,0.0,0.12890906990573667,0.0,0.0,0.0,0.010331112575472617,0.02545991042269904,2.4129942595618707e-05,0.004402197859242196,0.0,0.015483706210856048,0.0,0.0,0.0,0.1030841690761037,0.0,0.021498393930781515,0.004284770880938006,1.6678497496194942e-17,0.025522950148507886,[9],[-1]
352,0.0009645991849221304,0.04878439112392398,0.0,0.16897567598104074,0.0,0.0003693540152182689,0.0,0.0,0.0006794421846792909,0.0,0.0,0.0,0.002688703611947913,0.0,0.008138651935697183,0.02075858294910916,0.0,0.0,0.000676397729292884,0.0,0.0,0.012509160074063316,0.0,0.0,0.0,0.0,7.321713994639426e-17,0.0793387933987472,[3],[-1]
353,0.016977338335653652,0.0,0.0,0.0,0.0,0.0,0.0,0.0017321985217844903,0.0,0.04001555682685985,0.00010446248894289534,0.0033860009947509952,0.0,0.0,0.03910070546572703,0.0017491229495068374,0.008180530586768958,0.001635522942184076,0.21866755779807942,0.0,0.0,0.007595481716093949,0.0,0.02374001409771421,0.0,0.030763959227977176,4.546075099734376e-16,0.0005611950070463711,[18],[-1]
354,0.0018792479581393687,0.004159829733031823,0.07186709312476497,0.0019999295880355583,0.007437319097855617,0.0,0.0,0.03449234434936688,0.0,0.011251417016577163,0.0003170831807173753,0.010754410839107284,0.0,0.2753215359834886,0.027698768619441115,0.06598109805618056,0.0,0.0004768986430852949,0.0,0.0,0.0,0.0,0.004710772981233923,0.01875270541960416,0.0,0.026281821619903493,0.0,0.015364501286624142,[13],[-1]
355,0.0023459397461626998,0.0066621531166079,0.11034361412343793,0.002301925214197288,0.004059335849749124,0.0,0.0,0.027165933187375826,0.0,0.014546575530847008,0.00035161122205516174,0.010916844082272014,0.0,0.25975420341407846,0.022517979942482644,0.05831301635528298,0.0,0.002461542213317394,0.0,0.0,0.0,0.0,0.011016424588202619,0.014789019801273152,0.0,0.007030590823512969,3.556452069146759e-16,0.0,[13],[-1]
356,0.0007012715193672196,0.10101091485712699,0.0,0.0,0.0,0.0,0.0,0.003734253824152028,0.001140418944486066,0.0,0.0015347521977088685,0.0,0.00010323041906992828,0.0,0.008077708332456796,0.193718228044343,0.0065753145729711155,0.0,0.024451851453169134,0.0,0.0023018561140117078,0.0,0.0,0.0,0.19452501644787162,0.0,0.0,0.047611188531540845,"[15, 24]",[-1]
357,0.0009177349351584096,0.12480622091152002,0.0,0.0,0.0,0.0,0.0,0.0013052044042797073,0.0005038762577529838,0.0,0.00016999864757681913,0.0,0.0005641950184900313,0.0,0.007679342742127591,0.2762925720554067,0.0,0.0,0.025019870728699715,0.0,0.0,0.008974442650115455,0.0,0.0,0.17870088464550965,0.0,0.0,0.016250714018574246,[15],[-1]
358,8.517262581491156e-08,8.68151606501701e-06,0.0,4.976895130391006e-05,0.0,0.00028836972098269614,0.0,7.075541181516589e-06,0.0,4.517591497729698e-07,0.04862876387889478,0.0,0.0,0.0,7.541425387940551e-06,0.0,0.0,0.0,3.282996587930362e-05,0.0,0.0,0.0005403181949648158,6.379037601719888e-06,0.0,0.00038220060691850663,0.0,1.2552124230952572e-15,0.0017069610572573604,[10],[-1]
359,0.0011141790790101965,1.4388092191486594e-05,0.0,0.00020270182681971007,0.0,3.7307630791415575e-05,0.0,0.0002572742710922382,0.0,0.005162060086842503,0.0008178264603496853,0.0007846979554771262,0.008946184486301991,0.0022991039146078376,0.0,0.0015252213711767608,0.0,0.0037525653006293016,0.0820672641055433,0.04498760779088652,0.03718096060409984,0.002432226812300443,0.0,0.012317524519244097,0.0,0.002190676698241122,3.523495470347055e-16,0.0,[18],[-1]
360,0.00100064463745956,0.04452015892810864,0.0,0.21603006598370503,0.0,0.0003966279245334359,0.0,0.0,0.00041725434423258784,0.0,0.0,0.0,0.0021685862447679855,0.002366854819661913,0.009860734008799846,0.0,0.0,0.0,0.003116035565866287,0.0,0.0,0.01303491379474298,0.0033972077921754305,0.0,0.0,0.0,1.007450972080743e-16,0.02136055381963595,[3],[-1]
361,0.025812751235475828,0.0006561926229601947,0.0,0.003356777201706539,0.0050851738831812566,0.001369645010254768,0.03168636259260412,0.0023379783134922782,0.0,0.018404131690739522,0.0002651560488380672,0.0,0.0016601434238271307,0.03924279531807662,0.0,0.015012393891987089,0.0,0.02221165923433514,0.0,0.09397630729401606,0.02477577003865354,0.04605405072496608,0.0,0.01780628100274678,0.0,0.0,3.9325326169119303e-16,0.0,[19],[-1]
362,0.0005547121978598301,0.009172897557888348,0.0,0.0181514706288555,0.0,0.00013189903968222297,0.0,0.0,0.0012806168811316104,0.0,0.0,0.0,0.0,0.0,0.007551283824816958,0.006897992371946549,0.0,0.0,0.002382156517515316,0.04109954976954944,0.0021460769996216548,0.005579992714354717,0.0,0.0,0.015234157646194547,0.002051922516452968,1.5722659619447521e-15,0.02530884371530696,[19],[-1]
363,1.0748990057385568e-06,0.0001698224086514945,0.0,0.0006048986733090039,0.0,0.0003324651269102101,0.0,4.594366609081282e-05,0.0,2.6064491218642276e-06,0.05663079787450988,0.0,0.0,3.0151514196303686e-05,8.787430042821587e-05,0.0,0.00022585789688967043,0.0,0.00026231987136532804,0.0,0.0,0.0,3.092451021608392e-05,0.0,0.0016096504958759308,0.0,0.0,0.0,[10],[-1]
364,0.13659940179646426,0.0,0.0,0.0019288815715000694,0.0,0.0,0.013691837061006738,0.0,0.0,0.1562393589736998,0.0004993765294496779,0.0,0.03286028936129306,0.0,0.0,0.0,0.0,0.018625344003424006,0.06929041925381045,0.0,0.13032820279984098,0.0,0.0,0.07477899268765772,0.0,0.04042901502943362,0.0,0.04467988584257698,[9],[-1]
365,0.007500147683980637,2.4910771059343155e-05,0.0,0.0008525435667435759,0.0,0.0,0.0,0.00024281513300885926,0.0,0.017794909117642987,0.0002923287243461779,0.0034091697949890105,0.01663494498739221,0.0002475414915494772,0.0,0.0012823109642952906,0.008391305788165975,0.01237003502662878,0.11005823886992601,0.0,0.01826125490018355,0.0,0.0,0.013610628606920656,0.0,0.0,0.0,0.022798855460974043,[18],[31]
366,0.00024391217905149362,0.0012667887554292264,0.002718629510353447,0.0028177551826434155,0.20828939524943257,0.0038710339606583774,0.0,0.0,0.0005434013465579465,0.0,4.441024008213705e-05,0.0,0.0,0.0,0.0034922393568722577,0.0,0.0025352202405028853,0.0,0.005501957841472273,0.0,0.00406571320532246,0.0,0.0012587784757610264,0.0,0.007756741236198818,0.1849397053522667,0.0,0.01477247726673258,[4],[11]
367,0.00044922310098714205,0.004605632986708767,0.00929128775828889,0.0004595720094715616,0.23252937480000904,0.005375075516280969,0.0,0.0,0.0,0.0,4.11617530037974e-05,0.0,0.0,0.0,0.00227558267943361,0.016366264793265528,0.0,0.0,0.004375710437248091,0.0,0.0033275127929080447,0.023598962028761796,0.0008807128776260505,0.0,0.01134628855130871,0.2412177615996227,1.0031969128671615e-16,0.0,"[4, 25]",[-1]
368,0.013306484127145583,2.274563749733769e-05,0.0,0.0007253615208891197,1.5235214409106066e-05,0.0014006264861218956,0.0,0.0020721279644786016,0.0,0.009157789245220047,0.0015767739290280898,0.0,0.0,0.004886366570748041,0.0,0.003162198801622577,0.0,0.0006438195963280824,0.08235913362370202,0.06960022812725868,0.10302155636008993,0.01613352901083938,0.0,0.015539145580762807,0.0,0.01664483416704605,0.0,0.0648743344465748,[20],"[4, 14]"
369,0.0004967008034777136,0.018263306062825113,0.0,0.019729662049766266,0.00022502748499195682,2.154699280761812e-05,0.006365553542403392,0.0,0.0003719365543401227,0.0,0.0015152717085758064,0.031174478983354417,0.0,0.0018827992181303587,0.0,0.002812592793769885,0.04193725870526784,0.10918930584598595,0.0,0.0017719767697566226,0.004131384279658237,0.0,0.007738332952266296,0.0,0.0,0.0,9.345167702047745e-17,0.0,[17],[-1]
370,0.0014890435964181805,0.0610020901754695,0.0,0.22625015011746677,0.0,0.0003311494086272614,0.0,0.0,0.0006555425027497215,0.0,0.0,0.0,0.002399553485715728,0.0060076213530060995,0.005713004268427168,0.0,0.0,0.03431063419411738,0.0,0.023007543790415374,0.0,0.01891984592069882,0.007061531045779937,0.002772745483995728,0.0,0.0,0.0,0.0,[3],[-1]
371,2.7519873602924113e-05,0.00036439896942360627,0.0003793799154526362,0.0009175466771349243,0.04689972490717474,0.0010481732370158424,0.0,0.0,0.00016546933514309281,0.0,8.091195466382366e-06,0.0,0.0,0.00036612861803882673,0.0009484373671013598,0.0,0.00011104475558361475,0.0,0.0015320287709066523,0.0007648050930490473,0.0013439514654754211,0.0,0.00024470726504056007,0.0006115940005127174,0.0,0.04710012858005952,0.0,0.0032493583653003177,"[4, 25]",[-1]
372,0.025001141487661537,0.0,0.0,0.000610636906463452,0.0,0.0,0.0,0.0,0.0,0.05594499832849484,9.166913409338766e-05,0.0,0.0,0.005128136068195171,0.0,0.0,0.0,0.0,0.07696966098012152,0.0,0.04708282589730459,0.05035704211241987,0.00596781820261284,0.010967082719232003,0.0,0.0,5.926875709817069e-16,0.04281936808521119,[18],[-1]
373,1.6799108785963619e-06,3.9136925905180095e-05,0.0,0.00018016529520673542,0.0,0.000692746860466628,0.0,2.0053834214620362e-05,0.0,1.753902099028971e-05,0.25833039348579223,0.0,0.0,0.0,0.0001243970252390177,0.0,0.0,0.0,0.0,0.0,0.0,0.0019506251867003183,0.00010869617273627813,0.00045620400177911726,0.0007065798737717517,0.0009405515251468115,5.80328502859677e-16,0.0026780710892715756,[10],[-1]
374,0.0026061884903615566,0.015462166840920345,0.18916336040410228,0.0,0.0,0.0013069215529290363,0.007424262729042805,0.0,0.0,0.021257061215422215,0.0,0.0,0.0,0.0,0.0,0.0,0.008195429317997317,0.007876871649442965,0.0012066948592748224,0.003573095166721045,0.0080217706335305,0.02879239403847886,0.0,8.904054041556465e-05,0.0,0.06307587619350165,8.594219696401549e-16,0.0,[2],[-1]
375,0.0002485855675351268,0.0,0.0,1.724564711427616e-05,0.0008007043820808983,0.27985314594740596,0.0005825275312533225,0.0023621272184713425,0.00024789162455506465,0.0,0.0,0.0,0.000707515961942454,0.0006736588872839383,0.00023423500852148328,0.0,0.0003524268686944802,0.0,0.0014935991721848354,0.0,0.0,0.0,0.0023843880575024536,0.0,0.00028085329584632635,0.0,0.0,0.0007703454576394252,[5],[-1]
376,4.537110561436125e-05,0.0006140564177877264,0.0067576121385276855,0.00504034533194971,0.07637446154796626,0.0,0.006130937617807199,0.21127230775734834,0.0012459197395701613,0.0,0.0,8.62734707097134e-05,0.0030982868608787854,0.0,0.0,0.0,0.006967277236275116,0.0,0.0008038794574742055,0.0022140594051320143,0.0004124923689032196,0.0,0.0,0.005953439900723124,0.0,0.0,0.0,0.0,[7],[-1]
377,0.0018113620617525653,0.0052952597763003826,0.08537547525698494,0.0011900596604422589,0.0,0.0005060654668784561,0.0,0.0,0.0,0.01201933963802246,0.0,0.0045957894856494,0.0,0.03429441931958717,0.008184332480917047,0.0,0.0,0.0064230706979339774,0.0,0.0,0.0,0.047373052797005946,0.00924411163828026,0.0,0.0008638188377506647,0.0,7.311834088634205e-17,0.017195612229028233,[2],[-1]
378,0.0003307096845365149,0.0023566593440813802,0.036194828588199654,0.00040762147314684537,0.0,0.00019561340728599445,0.0015832754718545171,0.0,0.0,0.0035578996951913717,2.5317845854973708e-05,0.0006910096505598021,0.0009337518831043284,0.0,0.0,0.0,0.0009185745733824573,0.0026854532961306703,0.0,0.0019307350330402416,0.0027983909935783728,0.0,0.0,0.0013952287618246527,0.0,0.0,2.86501043656888e-16,0.01896507313752604,[2],[-1]
379,0.006923417523000859,0.014518127372649837,0.1768038095313878,0.0,0.0,0.0013771962259257638,0.006857024967486419,0.0,0.0,0.026947248770892676,0.0,0.0,0.0,0.0,0.0,0.0,0.020878135169735867,0.008692360379263584,0.014074467438986923,0.005646786154747774,0.018441268742095448,0.0,0.0,0.0112891175847112,0.0,0.0919904809712985,0.0,0.023112108630567153,[2],[-1]
380,0.003793527256039526,0.017158835164496,0.22305350347621608,0.00013078383051860873,0.0,0.000823954650233366,0.0005326929539156118,0.0,0.0,0.02722575566552542,0.00021669743742825333,0.0005671127707129569,0.0,0.03692076589964566,0.0,0.009401312748169747,0.0,0.009886251151336099,0.0059667842413914885,0.02060306079900467,0.0,0.0,0.008300704918635228,0.004200785399502776,0.0,0.02645472639560759,5.160031420660784e-17,0.015168739130491257,[2],[-1]
381,0.0005829507921195774,0.0,0.0,0.0,0.0,4.925167208221767e-05,9.361221414724219e-05,0.00012951588468665138,0.0,0.0013236018928671923,0.0,0.0,0.0,0.0013930778703489383,0.0,5.6075988357089626e-05,0.0007570487831910101,0.0003566075251289993,0.009360127062180187,0.016346462773747947,0.0,0.010175152204790457,0.0005125220762095458,0.0,0.0,0.0,0.0,0.027850687661336814,[27],[-1]
382,0.006410067574732107,0.0,0.0,0.0,0.0,0.0,0.0,0.0001278202586487175,0.0,0.013938464339788905,0.0,0.0,0.0,0.0019526086319417186,0.005977954996949304,0.0,0.0053624782216885455,0.0,0.034174023951179765,0.023085842544244287,0.0,0.006348276769822557,0.028073393742854846,0.0,0.0021398515323849962,0.0,0.0,0.04745044956302247,[27],[-1]
383,0.004684951175257962,0.00016962783392587797,0.0,0.0012548038194211126,0.0,0.00040702345680457714,0.0,0.0006666802148794715,0.0,0.013136125256511018,0.001006780297418237,0.004606295821912162,0.018861573291422597,0.0035627134625867357,0.0,0.0038325107891694792,0.0043243492150012615,0.016169959315493122,0.18236779793645458,0.0,0.07858254879761144,0.0,0.0,0.02401357868805374,0.0,0.0,7.820208671126052e-16,0.0,[18],[25]
384,0.002108035952084545,0.00566732150351037,0.09099112094629735,0.0014659886487588354,0.0,0.0,0.0,0.0014982379653001273,0.0,0.012704418699863251,0.0001346811135076545,0.0070518859700556226,0.004663934787083603,0.1283908657070699,0.017028039179519946,0.024497305502485515,0.0,0.005497066545941889,0.0,0.0,0.0,0.11408831142240396,0.016306756410381287,0.0,0.0031870551470240894,0.0,1.418042881656263e-16,0.0,[13],[-1]
385,0.0003284098067770013,0.08150486488393362,0.0,0.0,0.0,0.0,0.0,0.006001894693269873,0.0011426632066197458,0.0,0.0,0.0,0.0,0.06171384042622379,0.003219327778423466,0.0,0.2572787563857558,0.0,0.004613612096991999,0.02535942335833755,0.02364851891517633,0.0,0.0023956527887444745,0.0,0.05607013114165478,0.0,2.3955893142342923e-16,0.0,[16],[-1]
386,0.004825969226366033,0.0016106559895447583,0.0025025021233237715,0.0029046169617126835,0.24094260469339818,0.005422239465441684,0.0,0.0,0.0,0.0009004986409253368,0.0,0.0,0.0,0.0051989914571297395,0.00028543816905262823,0.0032341493198169338,0.00650972463871367,0.0,0.00028293861261677593,0.0,0.0,0.007147139104321719,0.0006217048599109219,0.0,0.01539763449872913,0.23184406960965093,0.0,0.008545634760572358,"[4, 25]",[-1]
387,0.00017182643053077317,0.0005311262471203474,0.0007823500041782475,0.0013969997521396309,0.09493361729502746,0.0021777191237187746,0.0,0.0,0.0002014887810238825,0.0,1.0395450503241451e-05,0.0,0.0,0.0013254056882087105,0.0017093402021198787,0.0,0.0015682987610011819,0.0,0.0022596724895724484,0.0,0.0009578932900990297,0.0,0.0004750162670262849,0.0,0.003581464367537265,0.09721991766390335,0.0,0.011354363377290072,"[4, 25]",[-1]
388,5.870030836445496e-05,0.000821636662864462,0.007328334873180629,0.006926764815478598,0.08435648505026314,0.0,0.006860698533203242,0.23381156440853734,0.0014093612823939247,0.0,0.0,0.0,0.002038038922353079,0.0,0.0,0.0,0.010001538085074948,0.0,0.0010887230547985138,0.0015526838269179608,0.0007664905361597368,0.0,0.0,0.005441172517311098,0.0,0.0,2.165572979599325e-16,0.0,[7],[-1]
389,0.019121299768038558,0.0,0.008384686215638098,0.0,0.0,0.0013501475455079625,0.0,0.0021383504620465254,0.03557262113210244,0.0,0.0,0.009580929495803631,0.0,0.0,0.14411971163946025,0.0,0.004528615738119386,0.0,0.0,0.03187258124945679,0.008117555651516006,0.003380036686157192,0.038517690586399665,0.0,0.016482668044455608,0.0,0.0,0.02613978255386934,[14],[-1]
390,0.05145725543628566,0.0,0.014875577928292022,0.0,0.004717580546852338,0.0,0.04139719248193009,0.0,0.09946635321639927,0.0,0.0,0.0,0.0030232635756539655,0.024644074677521745,0.0,0.006635805547898846,0.0,0.016909847075590095,0.0,0.0,0.0,0.012306819306320617,0.0,0.0,0.0,0.010715026113839633,0.0,0.005977720605996445,[8],[-1]
391,0.00047090750739420555,0.005868739641398811,0.009200465567064503,0.0032723986138492585,0.23884627625904561,0.005533210116661622,0.0,0.0,0.0,0.0,5.4610574749863846e-05,0.0,0.0,0.0,0.0021706755241354806,0.014106926942723239,0.0,0.0,0.005947565249373431,0.0,0.0037938472758064,0.017674486737425613,0.0012746000562318157,0.0,0.0023588293720620736,0.25528721222030754,0.0,0.0,"[4, 25]","[11, 14]"
392,0.0003811089104362577,0.0013741814856531153,0.0033038516905066,0.002799402067403001,0.2268098134945724,0.005223438358095474,0.0,0.0,0.00034879222135595457,0.0,5.666695194996479e-05,0.0,0.0,0.002294281912359912,0.003541182392079031,0.00046068930998935056,0.0028897314392394404,0.0,0.0032798529693609225,0.0,0.0031462918317709306,0.018721466630323008,0.001873087532860456,0.0,0.010354861628206476,0.2262511876765942,9.524041820303837e-17,0.009488382090251537,"[4, 25]",[-1]
393,0.0019592067063162384,0.012014616270371503,0.13543133075904476,0.0,0.0,0.0011728527917062503,0.005913744908209747,0.0,0.0,0.015324061819241742,0.0,0.0,0.0,0.0,0.0,0.0,0.016015315007459237,0.004227503578311761,0.005822378485516989,0.009125984632487344,0.005559756819254096,0.0139583184750843,0.0,0.0,0.0,0.07727573905968728,1.2479859257764836e-15,0.0,[2],[-1]
394,0.021987254611584968,0.0,0.0014354949439840808,0.0,0.0,0.00041924498527024255,0.0,0.002001474690254204,0.0,0.015235072559600962,0.0,0.006324837993539513,0.0,0.0,0.09992924508824537,0.0,0.0005401678356551664,0.0,0.0,0.04103184693043594,0.0,0.0,0.1773966993691093,0.0,0.04138533373610179,0.009308831328579908,1.2176614355057932e-16,0.0,[22],[-1]
395,0.012122472502451987,0.0,0.0,0.0005709870226776042,0.0054967405310748455,0.019516397346015905,0.0,0.021579124217926585,0.0,0.029297023334397283,0.0007356286779385104,0.0017855282235060019,0.0,0.012447225650765375,0.0029210156934401706,0.0037050769164265326,0.0,0.0,0.09531830752488894,0.04288772266071821,0.050959397840905946,0.0,0.0191020047644083,0.0036053578680769606,0.0,0.010126948659145695,4.21334476647053e-16,0.04040516757821488,[18],[-1]
396,0.0002398942323669089,0.0012085618580128142,0.0022291672169865696,0.0024857109050637474,0.19666498974394503,0.004519213750306516,0.0,0.0,0.0004780041260190428,0.0,5.055252458929224e-05,0.0,0.0,0.00046471709403687265,0.0036558248845579163,4.22868603393735e-05,0.002437268064025011,0.0,0.0053295479023648,0.0,0.003710892863900835,0.0,0.0013216933629496518,0.0,0.007773552347324386,0.2045290458938165,0.0,0.012908296647722896,"[4, 25]","[11, 14]"
397,0.002788023450871903,0.010996258989289265,0.17098482519179603,0.001951448036228202,0.0,0.0007434005027298547,0.0008754893971118616,0.0,0.0,0.020420014227770997,5.2301399492867504e-05,0.005753068345900555,0.0,0.04989810948489518,0.0,0.0,0.0,0.010110178404081915,0.0,0.0,0.0,0.11202754827275163,0.01314136274082034,0.0,0.0,0.0,2.224190613457727e-16,0.0,[2],"[3, 15]"
398,6.564111396219179e-05,0.0008747922299073203,0.008167822059297704,0.007376350245823756,0.09235655475380708,0.0,0.0070249684827256515,0.25329794918532156,0.00149291329953427,0.0,0.0,0.0,0.0018500219599837152,0.0,0.0,0.0,0.0070289239156441675,0.0,0.00046276799321608034,0.0033540136201858322,0.001200844257223226,0.0,0.0,0.006667507074992401,0.0,0.0,3.7727530958668275e-17,0.002379371991914002,[7],[-1]
399,2.8355344165297717e-05,0.002775591595158863,0.00015887096851140188,0.002624690837151772,0.006758904900697325,0.0,0.0012754948498096632,0.014824038676077326,0.00010703250856375545,0.0,0.0,0.007027047853309168,0.0016318611935428754,0.0,0.0,0.011891142134639762,0.0,0.0108872617354807,0.0,0.0012592141044847328,0.0,0.009982235777867778,0.0014641327185541838,0.012758619224411169,0.0,0.0,2.4236139154383846e-17,0.0234767631859249,[27],[-1]
400,1.1208214992644752e-05,0.00015760886517977212,0.0006700255154547259,0.0003915659589536688,0.006653912875865292,0.0,0.00041296248223737764,0.011364601224605699,3.752933895610814e-05,0.0,0.0,0.00046638809453442226,0.011639621384896628,0.0,0.0,0.001034374760203554,0.0,0.0014717016783934952,0.0,0.0,0.0,0.019155132312122108,0.0,0.0018066033427999672,0.0,0.0,2.1752659059464649e-16,0.0015575272860893572,[21],[-1]
401,0.00046479182354437103,0.02753002845521069,0.0,0.0256394995152151,0.0042594660482819305,4.073098446327217e-05,0.013871335614574416,0.0,0.00017154020741935543,0.0,0.0006184852511571627,0.10272374524697711,0.0006996211931458131,0.0,0.0,0.0336064762818023,3.5317753838798886e-05,0.13064474687716032,0.0,0.06029097883055809,0.0,0.024559032460825376,0.013505420691572428,0.01603613517430333,0.0,0.015064785949493531,0.0,0.0,[17],[-1]
402,0.00019595012788271938,0.00020072317512970767,0.0010927840217852263,0.00017651838467885842,0.020291507660490156,0.0003828462684378952,0.0,0.0,0.0,0.00028306388825704155,5.795545882796845e-05,0.0,0.2004458438412437,0.0020042180150090976,0.0,5.063932687076291e-05,0.0,0.000175985280508588,0.0,0.0038059338197611414,0.0010904304921661103,0.0,0.0007742017442104978,0.0,0.0021878358144418455,0.0,0.0,0.0022969913300635086,[12],[-1]
403,7.228191336427412e-06,1.9974928511405877e-05,0.0,9.381911167107375e-05,4.74867789317675e-05,0.020354583845381635,0.0,0.00016726444543380757,2.26733777488144e-05,0.0,0.0983578531753365,0.0,4.085001855157388e-05,0.0,7.76743864255723e-05,0.0,0.0,0.0,0.0002159773814947579,0.0,0.0,0.0,0.0004192329833840025,0.00015541733392634296,0.0002278401613015848,0.0,4.297832285105704e-16,0.0,[10],[-1]
404,0.00021158739560734526,0.0,0.0,1.2736688633431441e-05,0.0005586550135021955,0.19359396110719213,0.00039602934016847715,0.0016562576284831789,0.0001414939546473323,0.0,0.0,0.0,0.0004658942689438545,0.0005029346277813842,0.00015242435723670695,0.0,0.00022128418839448846,0.0,0.0007378919309940931,0.0,0.0,0.0,0.0012978857388686066,0.0,0.00019632391100099788,0.0,3.9570929180999086e-16,0.00042398617281694386,[5],[-1]
405,0.012854809877186481,0.00033225404551512003,0.011313169995366261,0.0,0.0,0.0012217023940446314,0.0,0.0014440590368096256,0.02761424037455532,0.0,0.0,0.003875096293695238,0.0,0.0,0.07607159285815444,0.0,0.0,0.0,0.0,0.028140609509606097,0.003143210647511507,0.0,0.0,0.0,0.006770287876338225,0.0,1.3641454615800043e-15,0.015107622745218813,[14],[-1]
406,0.001750147171764272,0.05244879630164199,0.0,0.0,0.0,0.0,0.0,0.001514338981038139,0.0,0.002920332903872479,0.0,0.0010672970457632866,0.0013051934516360357,0.008797034393453826,0.0,0.0,0.0,0.0,0.0,0.05898163380794077,0.017346745248112513,0.021446527859686242,0.022634253048688966,0.027918169751974486,0.011195509325965157,0.0,0.0,0.031042576689675437,[19],[-1]
407,6.472080711288133e-05,9.419259534952884e-05,0.0001623339642287774,1.3791223528729081e-05,0.006210840097276538,0.0001180118796193744,0.0,0.0,0.0,0.0002556145118277378,6.001439121395741e-05,2.6595703863326847e-05,0.17044956226610183,0.00043065741298628144,0.0,0.0,0.0,0.0,0.0,0.005125260608502588,0.0020614532648808217,0.0,0.0006139331182968667,0.0,0.000464316584999132,0.0,0.0,0.007353929712147682,[12],[11]
408,2.135145682144198e-06,8.446094409647546e-05,0.0,0.00032016248571899424,1.1644973720859692e-06,0.0018917212913401493,0.0,0.0,0.0,8.47855739610833e-06,0.16709148164565402,0.0001680931676365703,9.318061771734947e-05,0.0,8.730779669634091e-05,0.0,0.0,0.0,0.0,0.004910685369208403,0.0,0.0,0.00020710176524272719,0.0009758221252461413,0.0,0.002791787775303182,0.0,0.0,[10],[-1]
409,0.006387691029028582,0.0,0.0,0.0,0.0,0.0,0.0012701009095148696,0.00016675729521667586,0.0,0.004384786773528125,0.0,0.0,0.0,0.0059587561416175544,0.0,0.0007369404954627477,0.0003765443708054236,0.0027547257961275597,0.0037441020178492134,0.03171661990135199,0.0,0.02201739344737653,0.0,0.00112676693885502,0.0,0.0,0.0,0.029757427516134062,"[19, 27]",[-1]
410,0.09427516624599115,0.0,0.031655766403899235,0.0,0.0,0.0017637004764074545,0.0,0.005630238117996528,0.09713029854239098,0.0,0.00033272750883388383,0.017581177154549796,0.0,0.0,0.2706346490303807,0.0,0.008353681531332709,0.0,0.0,0.0,0.0,0.08219090288018528,0.0,0.006334598698664625,0.0,0.05573330064499879,0.0,0.039278371218413426,[14],[-1]
411,4.6008870406268305e-05,0.0031250690987478834,0.0,0.019105251938497023,0.0,4.787737293277896e-05,0.0,0.0,0.0,1.4917257106872391e-05,0.0,0.0,0.00045339601453285306,0.0,0.0014392107058774028,0.0010202749191609384,0.0,0.0,0.0021357165875568406,0.0,0.0,0.0018522111283557662,0.0,0.0,0.004221422278809211,0.0,3.981181745844428e-19,0.024935770860658728,[27],[-1]
412,3.6100722455564865e-05,0.0041040836117719635,0.0,0.009556751694544147,0.0,0.00022656767716163308,0.0,0.0005830885180996182,2.855105295691602e-05,0.0,0.07812971467538005,0.0,0.0,0.0005544930142839182,0.0008882557120922068,0.0,0.0025951380363377946,0.0,0.001844698746870632,0.0,0.0,0.0,5.648719102858763e-05,0.0,0.010036443481130003,0.0,0.0,0.0,[10],"[2, 14]"
413,0.005232918211369361,0.00025936520772463215,0.0,0.0,0.0061866385324739264,2.5538248993813864e-05,0.04004731043597843,0.0,0.0,0.0017191362185005935,0.0,0.0,0.022673096805715505,0.00485954300911201,0.0,0.005162863029321471,0.007058839710746298,0.013952635156105038,0.0,0.0,0.0,0.0,0.0,0.0,0.008602751125306061,0.019241276965762274,0.0,0.05391941374470464,[27],[-1]
414,0.005232918211369361,0.00025936520772463215,0.0,0.0,0.0061866385324739264,2.5538248993823137e-05,0.04004731043597843,0.0,0.0,0.001719136218500595,0.0,0.0,0.022673096805715522,0.0048595430091120054,0.0,0.005162863029321479,0.007058839710746291,0.013952635156105038,0.0,0.0,0.0,0.0,0.0,0.0,0.008602751125306061,0.019241276965762236,2.643687553640892e-17,0.05391941374470464,[27],[-1]
415,0.006129860418361087,0.00034727115617066355,0.0,0.0,0.018837789209452362,9.021783568965213e-05,0.21198842775341525,0.0,0.0,0.0015687801858673574,0.0,0.0,0.0,0.0,0.024696575846415103,0.0,0.0008396724387442977,0.0,0.002624122716066629,0.0,0.005326236332928077,0.0009933975452226745,0.0018312883221971387,0.0,0.01614677784642404,0.0,0.0,0.0002716968843031332,[6],[-1]
416,0.005232918211369361,0.0002593652077246321,0.0,0.0,0.006186638532473925,2.5538248993816795e-05,0.04004731043597843,0.0,0.0,0.001719136218500594,0.0,0.0,0.022673096805715522,0.0048595430091120115,0.0,0.005162863029321477,0.0070588397107462925,0.01395263515610504,0.0,0.0,0.0,0.0,0.0,0.0,0.008602751125306066,0.019241276965762236,0.0,0.05391941374470466,[27],[-1]
417,0.0002487672589367924,0.0,0.0,2.216051071894964e-05,0.0008037214408467464,0.2811905221812774,0.0005821244929714337,0.00237259649255211,0.0002498734639868672,0.0,0.006581474625267462,0.0,0.0007115952143989875,0.000670395634526538,0.00023870720591479366,0.0,0.0003352002108990364,0.0,0.0015227234177417539,0.0,0.0,0.0,0.002428584530253591,0.0,0.00030058235764738347,0.0,3.783048652508887e-17,0.0,[5],[-1]
418,2.807718846860017e-05,0.00032136646018651656,0.0006467472769859327,0.00047748607681291877,0.045101217069827206,0.0010743206777651738,0.0,0.0,0.00012441858878311422,0.0,1.9175680481831875e-05,0.0,0.0,0.0,0.0008971470526236265,0.0009128369697151658,0.0003228384378499778,0.0,0.0016361889587741291,0.0,0.0013621995211433116,0.0,0.0003521962317409115,0.0,0.0012525140287132888,0.05266279005573461,0.0,0.0,[25],[-1]
419,0.0016751622474262342,0.0034062865334477227,0.05817360732982373,0.001554038363283804,0.005781396845683162,0.0,0.0,0.02992872167305337,0.0,0.0095156999909787,0.0002795207937616181,0.008862405459485126,0.0,0.23113396645298198,0.026770955827544067,0.05653077093028381,0.0,0.0,0.0,0.0006433467335940174,0.0,0.0,0.0070765084549502975,0.015691884586489634,0.0,0.027662262571848315,3.2350367969189633e-16,0.014682497901989675,[13],[-1]
420,5.753311403032496e-05,0.0007406385368439681,0.007505102590274896,0.005947083036055619,0.08217101349244892,0.0,0.006907626676040094,0.22769333958292978,0.0013285912294432435,0.0,0.0,0.0,0.007909496206823973,0.0,0.0,0.0,0.00938902400326308,0.0,0.0004419330923417604,0.0010784308280045206,0.0006346402256581184,0.010807644991217521,0.0,0.005928004481550178,0.0,0.0,1.3734867342635268e-16,0.0,[7],[-1]
421,0.0033026675494313832,0.003926518995947091,0.010734816471446513,0.005815018834378691,0.006178119808182249,9.986641372884137e-05,0.0,0.0,0.0037175679460370622,0.0,0.00013582234543544372,0.021382003111107634,0.009656029446320425,0.005090055527742056,0.006712154452445938,0.0,0.0,0.0,0.05840414970930468,0.0,0.01717611094718544,0.0,0.0,0.014618062495231355,0.0,0.00399048276752959,3.527477973410389e-16,0.0,[18],[-1]
422,0.0008434583090799992,0.0013374239339161353,0.02019564646613842,0.00023582204177445142,0.00028090591913242845,0.0,0.0,0.0015837487047714674,0.0,0.0047561941131838105,0.0,0.0014553687966438174,0.0008439993913585476,0.025222612087755482,0.006887384865375235,0.006196433374061751,0.0,0.0009756685323014529,0.004782604222923971,0.0,0.0,0.010222058575104049,0.004138741386656218,0.0007701920383764775,0.0,0.0,3.0015003432867607e-16,0.0,[13],[-1]
423,0.014567332635712096,0.0075853786019159245,0.1295045436680089,0.0008680753657443912,0.0,0.0,0.0,0.007812578563381398,0.0,0.0208111306556093,0.0,0.014331771025033364,0.0,0.1735803961016665,0.11648476138308639,0.03461434558044876,0.0,0.0,0.0,0.013852661989383374,0.0,0.0,0.05648216359521878,0.0,0.007411116718077058,0.0,1.8170497040675943e-17,0.0,[13],[-1]
424,0.00021668195673860228,0.0,0.0,1.3307777021982066e-05,0.000587615465379382,0.20380148316776894,0.00041755567881921694,0.0017413232767416896,0.0001531010619446891,0.0,0.0,0.0,0.0004894252280050661,0.0005270889399576728,0.0001613755192350273,0.0,0.00023432983314726095,0.0,0.0007761223183130303,0.0,0.0,0.0,0.0013723565038154164,0.0,0.00020995240391653432,0.0,0.0,0.00039858788190739666,[5],"[14, 16]"
425,0.00038221513142418863,0.0013893477794969201,0.0033580413137394216,0.0028491823050042697,0.23116255325668092,0.0052641365697716725,0.0,0.0,0.00036721079996130014,0.0,5.8248295037618545e-05,0.0,0.0,0.0022040965776572207,0.003621064656986674,0.0004758433135845927,0.0029676686082049306,0.0,0.0034431924873547007,0.0,0.0033271279529160864,0.016946815906909263,0.0019078592700791362,0.0,0.010611639565268657,0.2264026535038621,2.6696722497500325e-16,0.01023733716436155,"[4, 25]",[-1]
426,8.551870949956801e-05,0.00010292324904677945,5.6782494086220416e-05,2.8049380216442473e-05,0.0,2.42367917520019e-05,0.0,0.00010119253628990574,0.0,0.0007031932869664905,0.0032953337442975456,7.576374409280373e-05,0.0,0.0017539131883657626,0.0008716076171796846,0.0004271465175137294,5.071767111354456e-06,0.002659539981599368,0.005907387131927872,0.2025586197171357,0.0,0.0,0.00011118470409836701,0.0001997732596125111,4.5686217442446565e-05,0.007270642154051569,0.0,0.0021569780689507513,[19],[-1]
427,1.5877376022955375e-06,3.757308325789715e-05,0.0,0.0001662916960145383,0.0,0.0005704064142950116,0.0,1.4577057850479611e-05,0.0,1.5537890814059742e-05,0.1868846007574798,0.0,0.0,0.0,0.00011819387242081553,0.0,0.0,0.0,0.0,0.0006170928775670659,0.0,0.0,0.00012117558838554363,0.00028385541844728714,0.00038537038526170405,0.0005540450861211124,4.643660043934467e-16,0.0,[10],[-1]
428,0.00019965599430220318,0.00020910245242790158,0.0011096590865500222,0.00017848164165379336,0.02141605272574761,0.00040514077329054554,0.0,0.0,0.0,0.00031178198788350245,7.793522015205005e-05,0.0,0.2870213229943988,0.001871880445920164,0.0,0.00012621148952377513,0.0,0.00014911771871434194,0.0,0.007924354472219685,0.0017343322379667616,0.0,0.0005413507301722311,0.0,0.0022385722627369896,0.0,0.0,0.012858766860572555,[12],[-1]
429,0.0005992653368952835,0.0,0.00017181726076925715,0.0,0.0,0.0,0.0,0.00014581476736115205,0.0,0.002039985569675443,2.097554359232327e-05,0.0002987849521474131,0.0,9.512627898171518e-05,0.005588365706108596,0.0001656175561077153,0.0,0.0,0.0,0.0,0.0,0.0,0.00930485254830877,0.0,0.002457346057789643,0.002452084485333345,8.657710327660321e-16,0.0,[22],[-1]
430,0.036682985160355105,0.0,0.009697208342499566,0.0008558457164442987,0.0,0.0009438433552490668,0.0,0.0006039879143273705,0.06324093060786753,0.0,0.0008697920994297488,0.0037914348871812046,0.018387885057028184,0.0,0.024891249849791033,0.0,0.0001250814201719735,0.0,0.0,0.0,0.06205774663380265,0.0,0.0,0.04267575451374999,0.0,0.014372465789015909,0.0,0.012665284874433047,"[8, 20]",[-1]
431,0.03944690213964241,0.0,0.011853959965875219,0.0,0.0,0.0,0.0,0.0015140151536915216,0.06716154644145296,0.0,0.000241652048005838,0.0057618718869316445,0.03464581316496992,0.0,0.11748024676239947,0.0,0.015598221814087532,0.0,0.0,0.0013546322873400952,0.0005676380055904452,0.06885242039250887,0.0,0.03183325772171204,0.0,0.0030080489763433965,5.589139165309121e-16,0.032506502665780944,[14],[-1]
432,0.015726167322218192,0.0022208737765833657,0.032832007224168035,0.00047061188424197045,0.0,0.0013743324945860154,0.0,0.005993562538356066,0.0,0.03260041756085831,0.0020375419755757646,0.005313750540509417,0.0,0.05994330560625633,0.06822469282332545,0.01831351522178085,0.0,0.0015078163790465187,0.08959610205973298,0.14417582083775213,0.0,0.007051982917756901,0.06777295323994517,0.0,0.0,0.06379052789225209,0.0,0.01949598583679698,[19],[-1]
433,0.006444187617028065,0.00037333008397228806,0.0,0.0,0.021293905621281677,0.00010235268539940115,0.24213383050895912,0.0,0.0,0.0015785480475114713,0.0,0.0,0.0,0.0,0.028881144587899747,0.0,0.0006396407359058506,0.0,0.0033309310162020827,0.0,0.007771309940420636,0.0017439463321937026,0.0022322483799981237,0.0,0.0182109507716262,0.0,0.0,0.00022041956449704667,[6],[-1]
434,0.00014805534971142618,0.00014425833303353334,0.0014087939506574442,0.00021573380098109624,0.019805787254985472,0.0003682380011979682,0.0,0.0,0.0,2.7282123222830252e-05,0.0,0.0,0.07404269053752911,0.002601264703647039,0.0,0.0009433449451725375,0.0,0.0006714287005874054,0.0,0.0,0.0,0.26411972854411825,0.0001232475496993635,0.0,0.002818220999564143,0.0,1.795353581978554e-16,0.0,[21],[-1]
435,1.7189375315235526e-05,3.931221800195224e-05,0.0005049439828492166,5.757569113378652e-05,0.006055478707146437,0.00010071909130028269,0.0,0.0,0.0,0.0,0.0,0.0,0.04830401793970632,0.0012534546233114337,0.0,0.0005655229395952469,0.0,0.0003644320012748644,0.0,0.0,0.0,0.2558063358817161,0.0,0.0,0.0012777414927702066,0.0,0.0,0.0,[21],[-1]
436,0.0013284988600815637,0.002785358495177699,0.04523731111587845,0.0007367721370265804,0.0,0.0,0.0,0.0023476253311291015,0.0,0.00783561722219557,7.886550155838593e-05,0.0038076126158672753,0.0,0.07881484083902301,0.010114746771189488,0.015860425674772756,0.0,0.0023149397546928783,0.0,0.0,0.0,0.05102724307523857,0.007935239740531218,0.0003642271720876316,0.0,0.0,0.0,0.0,[13],[-1]
437,0.000700783462206173,0.027069069084461866,0.0,0.05438021847586094,0.0,0.0001452910256020465,0.007788947211713809,0.0,0.0005165353378116137,0.0,0.0008530595049607756,0.04578185589244812,0.0,0.0,0.0,0.01837522894495509,0.0010982740766296043,0.1038432866555867,0.0,0.0,0.0,0.0,0.007910917195144796,0.00866216427000126,0.0,0.0,0.0,0.12694505719268612,[27],[14]
438,0.0005987626135229942,0.0489689108266346,0.0,0.07395965994680273,0.0018183469146446324,0.0001562238520931792,0.01084570746622628,0.0,0.0006112831612625838,0.0,0.0,0.13497150744055272,0.0,0.01528169233283004,0.0,0.0,0.007967273860088204,0.0015669808080667942,0.0,0.05231270966968611,0.0,0.0124580290633588,0.0010188225535141375,0.0865569379021742,0.0,0.008512931044302568,0.0,0.011413134039793238,[11],[-1]
439,9.970009196555317e-05,0.0009363341648602737,0.010229232163114136,0.005265984044177483,0.0889524753485036,0.0,0.0033649802887192265,0.20043080940357383,0.000706644687829583,0.0,0.0,0.0009323283796401034,0.0021638700128806154,0.0,0.0,0.0,0.0,0.0008777995699765926,0.0,0.0027050423697456416,0.0010518843355677733,0.0,0.0,0.007491676561559594,0.0,0.0,0.0,0.011833047873660404,[7],[-1]
440,0.035741058944668475,0.0,0.0,0.0,0.0028845512605639926,0.0,0.009779017697911847,0.0,0.0,0.007458029820275745,0.0,0.0,0.032539688430347595,0.0,0.05457987950010409,0.0,0.014419091950443537,0.0,0.04612436547343735,0.0,0.0,0.0,0.2272691327936423,0.0,0.04840330386966034,0.013728549135349257,3.8975998897284645e-16,0.0,[22],[-1]
441,0.0012630624968656256,0.002543461370272905,0.0441398261596975,0.0013950500609393312,0.006790457969070715,0.0,0.0,0.02957732287784036,0.0,0.008096879364304728,0.0002740764943067421,0.007764558277451499,0.0,0.22043821094667843,0.019338768082389664,0.055395524673682646,0.0,0.0,0.0,0.0,0.0,0.0,0.002016341215907895,0.01703485798012523,0.0,0.034390672911629186,3.0512096366248795e-16,0.01093416440551787,[13],[-1]
442,0.0006625350454566169,0.0463284066368994,0.0,0.03526330826169642,0.0039028055396828753,0.00021248397518083503,0.013696711651766351,0.0,0.0009766877987150598,0.0,0.0,0.17786723171796429,0.0017647622179019148,0.0,0.0,0.0,0.0,0.0,0.0,0.01283548103116318,0.0,0.0,0.0,0.1974732914021979,0.0,0.00033118561815238926,1.9919615380643268e-16,0.0,"[11, 23]",[-1]
443,0.0005358850228557814,0.0015485396205457155,0.023979245956304688,0.0002380869974605096,0.0,0.0,0.0,0.0,0.0,0.0024051264528047083,0.0,0.0011570597483689792,0.0034546862389464588,0.010725073471963316,0.005422121692414446,0.0013255441283342377,0.0,0.0011759884083319295,0.0,0.0017866533638745375,0.0,0.0,0.0032741600533073905,0.0,0.0001603299676992066,0.0,0.0,0.0,[2],[-1]
444,0.00018846855529560245,0.0,0.0,9.604422156019778e-06,0.00038189237931320687,0.1300650175331977,0.00025617435505474056,0.0011436235855129182,5.788449789935022e-05,0.0,0.0,0.0,0.0002687378114258042,0.0003943624567071025,8.883509764707292e-05,3.149073117288877e-05,0.00011585736678443685,0.0,0.0,0.0001716272080519201,0.0,0.0,0.0002797213985761947,0.0,0.00013556509604633065,0.0,6.101706250543476e-16,0.0,[5],[-1]
445,0.05565235181986418,0.0,0.014027428623632137,0.0,0.006369030565543782,0.0,0.05931167264513051,0.0,0.09649249329802599,0.0,0.0,0.0,0.0,0.04874710387192933,0.0,0.006579591871604907,0.0034666252400928385,0.02820229276381032,0.03222474694076887,0.0,0.0,0.034056668637962535,0.0,0.0,0.0,0.0,0.0,0.0,[8],[-1]
446,2.5126082614278597e-06,0.0001916761882885171,0.0,0.0006860162138030904,0.0,0.0006796179873445981,0.0,5.960350101191042e-05,0.0,1.6711732033587742e-05,0.20491042089607905,0.0,0.0,0.0,0.0001920706765381887,0.0,0.0,0.0,0.0001339927606933414,0.0,0.0,0.0,0.00010291092683403193,0.0,0.0019747768734217565,0.0,0.0,0.0,[10],[-1]
447,0.00020395502518816898,0.0005517020629585122,0.006566375694262045,0.00022809691331186494,0.022737889290549953,0.0003467660992942635,0.0,0.0,0.0,0.000525307385532134,0.0,0.0,0.09322226473623403,0.0036309804134915264,0.0,0.0021312630560612186,0.0,0.0008477995454398994,0.0,0.0,0.0,0.3599872945789949,0.0004896494256058658,0.0,0.003030707006292637,0.0,1.4283572791795401e-16,0.0,[21],[-1]
448,0.0007254502478345613,0.036543595346899244,0.0,0.033383366390784854,0.005115877140698529,0.0,0.021831686145342043,0.001690672330479395,0.0,0.0,0.0032522020890539535,0.13843228580927375,0.0,0.0,0.0,0.06998284588077298,0.060515543279718344,0.2809860875029342,0.0036568228587934076,0.03844408291260893,0.0,0.028042086035474992,0.02927367983007426,0.0,0.0,0.03996685572822729,1.4828019334529015e-16,0.0,[17],[14]
449,0.0002205186375603554,0.0009466845202140914,0.015863205786837895,0.002350959967064563,0.026734716314081686,0.0,2.6437334167220067e-05,0.07860497360886122,0.0,0.0011766237848795126,0.00017000774120863303,0.004090421177141256,0.0,0.09839520680180887,0.003525675088377011,0.025140919397271467,0.0,0.00044805367148153933,0.0,0.010288269427424668,0.005919344460130661,0.0,0.0,0.010190329607908565,0.0,0.0,1.2672430513932905e-17,0.03227615509102119,[13],[-1]
450,0.013398133431332343,0.0,0.0,2.9026723974910125e-05,0.0,0.0,0.0,0.00014036706796779252,0.0,0.03284646805843882,0.0,0.0,0.0,0.0047514608786854646,0.0,0.0,0.0,0.0,0.13429473637611508,0.0,0.017683642932623558,0.027867095835717955,0.02473180034396043,0.013110097288928228,0.0,0.02589951077315794,5.5040755081664776e-17,0.0055861072493482745,[18],[-1]
451,0.0006261379928984884,0.03679579193369137,0.0,0.06089819588647218,0.0023194170728466925,0.00030557465826962476,0.008151253338541073,0.0,0.0005877144467425985,0.0,0.011426265694950128,0.09765230700056804,0.007502298786880825,0.0,0.0,0.0,0.0,0.006953178878618934,0.0,0.009143351380232166,0.0,0.003706390244714632,0.0,0.07871366544376311,0.0,0.0685176081469946,5.3335928545199205e-17,0.0,[11],[-1]
452,7.311320902201815e-07,0.00010546805210918616,6.952257285430441e-06,0.00014503925367992883,0.0004601644357867079,0.0,9.362050467838926e-05,0.0010361766124873367,7.96739127660016e-06,0.0,0.0,0.0005203317394311344,0.00018309681551692685,0.0,0.0,0.0011748076308172595,0.0,0.0010313855373064367,0.0,6.364480697615491e-05,0.0,0.0018882589516884694,0.0001861333113799455,0.0016939656828067959,0.0,0.0,0.0,0.00505638766466181,[27],[-1]
453,0.00020167409803306487,0.00024055393604886774,0.0,0.00011583380153673287,0.0,5.069760262064039e-05,0.0,0.0001632608819075283,0.0,0.001246662077068342,0.011209781844170428,0.0,0.0,0.0020999187552185523,0.0004171170009470898,0.0006224211456082067,0.0,0.004380854619768689,0.010318572216786299,0.307000184768273,0.0036131409164231023,0.0,0.00036692634030353037,0.0007683481063570686,0.0,0.00823330209432351,2.700944743195001e-16,0.0,[19],[-1]
454,0.0005213210119638876,0.05735080078733624,0.0,0.014551158683494471,0.004961690425936576,0.00025769809704569217,0.00961331282612815,0.0,0.0,0.0,0.0,0.14280054967107064,0.0011734957704094492,0.0,0.0,0.0,0.0,0.0,0.0,0.0,0.0,0.0023532848802789467,0.0,0.18025079507687278,0.0,0.007472396323202101,0.0,0.0,[23],[-1]
455,3.292329241215421e-05,0.0023747858550544217,0.0,0.005899639529016456,0.0008485786684113642,2.266557725259773e-05,0.0020324194844958763,0.0,0.0,0.0,0.0002804119787253242,0.01889432038025035,0.0,0.0,0.0,0.01032464650667963,0.001810074259020239,0.024986233376724783,0.002467974020259956,0.001010876299666072,0.0,0.004323702039332099,0.0033691008114018653,0.0,0.0,0.03141392044781853,0.0,0.007707451783407598,[25],[-1]
456,5.775965828759559e-05,0.005004863007323463,0.0,0.008081872475906006,0.0010509007467906807,2.440921636952442e-05,0.0029605105097586146,0.0,0.0,0.0,0.00022459272630954652,0.025350314974234726,0.0,0.0,0.0,0.021169634253505352,0.0,0.03476588006220482,0.0016740574490184683,0.0022340089123132783,0.0,0.012602653865386988,0.004753998203108135,0.006506030505757785,0.0,0.03737834928234056,0.0,0.02330872864619616,"[17, 25]",[-1]
457,0.00015042771441610436,0.0003529274054037154,4.887681055640571e-05,0.0006103797136848776,0.0,2.405199894500428e-05,0.0,2.3112552577737285e-05,9.568483024550486e-05,0.0,0.00019033670931075576,0.0,0.0,0.000314051870145051,0.0,0.003037396019760576,0.0,0.001756031693030674,0.004886132724666966,0.048453719883314705,0.0034142293589080274,0.014767484342047062,0.0,0.0013000915055731976,0.0,0.007939488879109478,6.044220576967571e-16,0.07958566142183987,[27],[-1]
458,0.00015171324604749622,0.0007041948690857426,5.660855189653243e-07,0.0004745175932880269,0.0,2.2019881605134405e-05,0.0,6.413685708293816e-05,0.0001025983181819692,0.0,0.0002881560462623073,0.0,0.0,0.0009482458779880887,0.0,0.0007892951652426857,0.0008531694679343776,0.0034711593013423627,0.004764530132984546,0.05729964374726957,0.0036013536431490738,0.014968036497407551,0.0,0.0013119153605211334,0.0,0.007077772655013138,2.012314222057307e-17,0.07523929996446059,[27],[-1]
459,0.00028597400290238475,0.018961038655443112,0.0,0.01571658590500549,0.0,0.0,0.0035573891510305104,0.00029861146461038186,0.00037711538424463695,0.0,0.002433853428025326,0.020496816928711692,0.0,0.002393060371148449,0.0,0.001890019723705677,0.04565761216116928,0.09857782573398816,0.0007641425193460175,0.02198216461725384,0.005078600674333746,0.0,0.0073374116016082,0.0,0.014840050195907542,0.0,9.91708145491611e-16,0.0,[17],[-1]
460,0.0046744326969287466,0.00021781213247004202,0.0,0.0,0.004269431866991145,1.721835002249619e-05,0.02555497822805088,0.0,0.0,0.0016327294897533191,0.0,0.0,0.009434066894451379,0.0031244336744689545,0.0,0.003212062750411135,0.003880552542603486,0.007700709246705805,0.0,0.0,0.0,0.0,0.0,0.0,0.004523600855709562,0.0034732205693149784,0.0,0.0,[6],[-1]
461,0.0046744326969287466,0.00021781213247004246,0.0,0.0,0.004269431866991146,1.721835002249432e-05,0.025554978228050886,0.0,0.0,0.001632729489753318,0.0,0.0,0.009434066894451388,0.003124433674468959,0.0,0.003212062750411135,0.0038805525426034958,0.007700709246705803,0.0,0.0,0.0,0.0,0.0,0.0,0.0045236008557095605,0.003473220569314988,0.0,0.0,[6],[-1]
462,2.3511785897395069e-07,1.3762779808630183e-05,0.0,8.533158863987802e-05,0.0,0.00040034178453610125,0.0,1.1503302247937185e-05,0.0,4.0523585891513444e-06,0.1730174544312497,0.0,0.0,0.0,8.174588410971001e-06,0.0,0.0,0.0,0.0,0.0,0.0,0.007236390972270821,0.0,0.00047377944572043844,0.0006709152234746572,0.0017441941723937793,1.0604468744638827e-15,0.2451246624068686,[27],[-1]
463,0.0006275639188246013,0.02629794432909186,0.0,0.05234023818597642,0.0017205814278983484,6.602176258229051e-05,0.014816100120968108,0.0,0.0,0.0,0.0022160160400744597,0.09755864351146869,0.0009420026117459573,0.0,0.0,0.0601342749613639,0.03417234488682573,0.20955185258027012,0.02284454115577195,0.025538464154020852,0.0037987150967350885,0.0,0.013413892898541757,0.0,0.0,0.0,2.0941449367236535e-16,0.2308530743238041,"[17, 27]",[-1]
464,0.00040358404665705806,0.016403746475243407,0.0,0.025015270437711228,0.002329802847255745,0.0,0.010616496164214805,0.0002798682609020526,1.9679260145750894e-05,0.0,0.00015354029989288925,0.08107009034632019,0.0,0.0,0.0,0.00832538773174116,0.010449716248934125,0.08855173470278835,0.0,0.02514738106709261,0.0,0.017593505721135272,0.009985609351552556,0.004163877766489289,0.0,0.014689097969674865,0.0,0.01137323569166458,"[11, 17]","[8, 14, 21]"
465,0.008829411214277761,4.009844089544121e-05,0.0,0.0,0.00384988023419626,0.00010961970836989046,0.0238262269617718,0.0,0.0,0.01327171385616053,0.00010082344903648933,0.0,0.007105105582682406,0.003687325843500049,0.0,0.0029634945799427714,0.0028451567873864158,0.008048562404726732,0.0,0.006524657277198128,0.0,0.0,0.0,0.0,0.004717362272340045,0.0,0.0,0.029532277991973617,[27],[-1]
466,0.014806165766192123,0.0,0.0,0.0,0.0,0.0,0.0,0.0003428140540566891,0.0,0.011499298679419344,0.0,0.0006203399793657062,0.029553857160328337,0.0,0.021938316296965805,0.0,0.007132051630300307,0.0,0.1230111207155172,0.00020875742248285313,0.0,0.0,0.07598513376115075,0.0016918738402079024,0.0006189661875076589,0.01689603186747127,0.0,0.0,[18],[-1]
467,8.734117818196517e-07,2.652731116603408e-05,0.0,0.0001297068878227368,0.0,0.00041902018285020057,0.0,1.4585382085694894e-05,0.0,9.42097350340042e-06,0.17315379349911939,0.0,0.0,0.0,5.978152039476018e-05,0.0,0.0,0.0,0.0,0.0,0.0,0.0032184217919042587,3.946756328829483e-05,0.0002072830372221934,0.0006723735786371405,0.0007912918572746167,1.9296435525385072e-16,0.08578569454463637,[10],[-1]
468,0.0018526083387654002,0.00015910764644364673,0.0,0.0,0.016481163375824746,8.206816528796824e-05,0.20705849635839393,0.0,0.0,0.0,0.00014348257578462135,0.0,0.0,0.0,0.03016986502546946,0.0,0.0,0.0,0.0065328085663519135,0.0,0.022377080522353036,0.008453324247440837,0.003228834461807849,0.0,0.01287432828670064,0.0,0.0,0.004604427667858936,[6],[-1]
469,0.0037799521521415446,0.0,0.0,0.0001159736803489188,0.0,0.0,0.0013012674389006782,0.0,0.0,0.0073013597272744,8.244032418331052e-05,0.0,0.007269305002159673,0.0,0.0,0.0,0.0,0.0025289281757253273,0.014579680495292182,0.0,0.016500721725953425,0.0,0.0,0.012464347166255699,0.0,0.00805373732134544,2.503236088367258e-16,0.013696818480162281,[20],[-1]
470,0.0001639113953561291,0.0006854149044289878,0.0,0.004164352238588138,0.0005193901131383237,0.0,0.00019159087504537345,0.0006076135560982673,0.0,2.838851702047999e-05,2.782199535439836e-05,0.00041589403052349344,0.0,0.0,0.0,0.0019085630737262042,0.002040849753142939,0.00789179185598393,0.001349683242432983,0.001750503000407676,0.0013882416298451764,0.0,0.0,0.0,0.0,0.003071009226994989,0.0,0.0033868486012333526,[17],[-1]
471,0.0018502359371463171,0.0042567437171919156,0.07177734834573496,0.0018817863180112914,0.0077741834849991195,0.0,0.0,0.03514422403188666,0.0,0.010966394188685655,0.00035331584234965974,0.010422409591864655,0.0,0.27805054503041937,0.027865651254425063,0.06842341919409554,0.0,9.528950192916715e-07,0.0,0.0,0.0,0.0,0.0063915564136292095,0.01998524978988139,0.0,0.03319378493350154,0.0,0.016124302861874207,[13],[-1]
472,0.0003279527848101748,0.03485547818203588,0.005109451018423968,0.0,4.646499295957133e-05,7.539771281013558e-05,0.0,0.0,0.0,0.00011345944830194683,0.000351009453872816,0.0,0.0,0.0,0.0018451125842870518,0.1544089053797387,0.0,0.0,0.011635568457906705,0.0,0.0014403888229227912,0.02073173212710634,0.0,0.0,0.08164257496745654,0.01510904818329784,0.0,0.0,[15],[-1]
473,0.00018004444343455034,0.00844087086737198,0.0,0.0,0.00031314212085109387,0.0,0.003341668545898797,0.00023507208955356908,0.0,0.0,0.00020908008655046105,0.004597167495535956,0.0,0.0,0.0,0.023151336403140644,0.011723215387740255,0.04787956139459968,1.2682331394433691e-05,0.005957043325643225,0.0,0.0024779992445307943,0.005159692981376166,0.0,0.016280375433013583,0.0020093953692943397,0.0,0.0,[17],[-1]
474,0.0007482698019629612,0.0,0.0004487667095168052,0.0,0.0,0.0,0.0,5.410068948746603e-05,0.002553458552990295,0.0,5.0910686369314634e-05,0.00010336197491987882,0.0010829776021966339,0.0,0.0007218092804732679,0.0,0.0001805801637550725,0.0,0.008481784765781016,0.0,0.0030367683705387286,0.0007491992104041933,0.0,0.0030135773804104487,0.0,0.0005974301313141287,5.375054583799442e-17,0.0006951158673039087,[18],[-1]
475,0.005316460285310777,0.00019267235889819641,0.0,1.3158344223816462e-05,0.00426223441010193,0.0001294570214935178,0.026020928424561038,0.0,0.0,0.00406220968032727,0.0,0.0,0.010468174564475661,0.003407762681956566,0.0,0.0032246624939055476,0.00342103777196189,0.008365108368274992,0.0,0.009572952008710766,0.0,0.011636026995021814,0.0,0.0,0.0042328111291956546,0.0,0.0,0.0,[6],[-1]
476,6.326004596797034e-08,2.8529877775218706e-06,0.0,2.302061725792349e-05,0.0,0.0002491218051608996,0.0,4.311694314810042e-06,0.0,8.108769775014552e-07,0.08435771308634221,0.0,0.0,0.0,0.0,0.0,0.0,0.0,0.0,0.0,0.0,0.006319105970436252,0.0,0.0003984759628493807,0.00030817509792632693,0.0014533273321604065,0.0,0.24756361790925813,[27],"[2, 23]"
477,0.0009410936035578559,0.00328862513544391,0.0,0.0007400025546575064,0.0,0.00013702729127628978,0.0,0.00033296311140140365,0.0,0.0023205660572655985,0.06972476364374426,0.0,0.0,0.0,0.007339363574035384,0.0,0.0037347959462749503,0.01118983084418307,0.0,0.19727188213129593,0.0,0.0,0.003972911705767158,0.0,0.0,0.0,5.169892132226976e-16,0.0,[19],"[5, 14]"
478,0.022846029207292846,0.0,0.008966097329910314,0.0,0.0,1.6091363560577103e-05,0.0,0.00015028050920422154,0.052579633703972305,0.0,0.00012542433388692956,0.00038718165558826695,0.0,0.006483397298750227,0.0,0.0,0.0,0.0,0.00045159546439617424,0.010466888451967978,0.008153267165817366,0.0,0.0321392849338642,0.0,0.008622593136137164,0.004073557636434579,5.943552356549185e-16,0.011296823161876024,[8],[-1]
479,0.0067419690082261875,0.00039702345373907093,0.0,0.0,0.023140775195897457,0.00011126239094024175,0.2631229156257322,0.0,0.0,0.0016017919515772963,0.0,0.0,0.0003991825894976438,0.0,0.031213185474724632,0.0,0.0010806293581257693,0.0,0.0026975703307585436,0.0,0.006816239070547716,0.0,0.0023784434605564116,0.0,0.02019941994517736,0.0,0.0,0.010097389651329019,[6],[-1]
480,0.018503934338424746,0.0,0.0,0.0,0.0035608687761207783,0.0,0.016422782846515185,0.0,0.0,0.0,0.0,0.0,0.02331765895504097,0.0,0.02809029148689936,0.0,0.007974419366136085,3.781610960685683e-05,0.009135531969034815,0.0,0.0,0.0,0.12606925010851003,0.0,0.030389356635363678,0.009493296198981744,4.449340000839168e-16,0.0023752502376197192,[22],[-1]
481,0.013820359811211437,0.0002561126405130298,0.009123373290165,0.0,0.0,0.0,0.0,0.0018713255259975774,0.0,0.028968278567654642,0.0,0.005617918675653023,0.0,0.021120601012021598,0.08475939058826763,0.005660719495472455,0.0,0.0005072437512801398,0.0,0.0,0.0,0.09324024905899911,0.03961605126944123,0.0,0.009792212459755428,0.01650818152580996,0.0,0.015230638640878053,"[14, 21]",[-1]
482,0.00020249944067243843,0.00047936904995088045,0.005372283480456784,0.0018559408464670598,0.03969853368864522,0.0,0.0011449827567683415,0.056223007881743364,0.0,0.0,0.0,0.0006489231372573849,0.0438427160913361,0.015096618409684178,0.0,0.004794880029013177,0.0,0.002979366680233041,0.0,0.0,0.0,0.04059724189180177,0.0,0.0015173575912720493,0.0002474030695699964,0.0,0.0,0.0,[7],[-1]
483,0.00019388258600448751,0.04488013972654235,0.0,0.0,0.0,0.0,0.0,0.002427215045098615,0.0007026162903635566,0.0,0.0,0.0015205465244600579,0.0,0.03708161296315021,0.0001597475825203624,0.0,0.10364002343849615,0.0,0.0,0.0,0.010682895879274191,0.0,0.0,0.049007442248368456,0.0,0.0,1.1253747952066872e-15,0.0,[16],[-1]
484,0.03354288371455427,0.0,0.0,0.0,0.003955030857828363,0.0,0.026558252595663998,0.0,0.0073981750041546435,0.0,0.0,0.0,0.02999595308510128,0.0074256173437890925,0.0,0.0,0.0024905514175255082,0.0,0.08639521593555977,0.0,0.0,0.0,0.13803765037317312,0.0,0.021365035134521346,0.01820054063701506,8.250838007230441e-16,0.0,[22],[-1]
485,0.00018245195450105646,0.0,0.0,8.758675959834185e-06,0.00033344995462596615,0.11261290694190661,0.00021756194636978152,0.0010033557123912077,3.450064857945565e-05,0.0,0.0,0.0,0.0002130759746702016,0.00036585534468255176,7.110912084994741e-05,4.4516876519487734e-05,8.632436780886416e-05,2.4018365796797874e-05,0.0,0.0005378800277059275,0.0,0.0,0.0,0.0,0.00012249095648330331,0.0,0.0,0.0,[5],[-1]
486,0.0010620005942231243,0.0021921852920129127,0.03445536073364672,0.0006281397083394888,0.0016282289271634613,0.0,0.0,0.008619362586857351,0.0,0.00671144192246179,0.00010330329438320315,0.003727126318294622,0.0,0.09698761361786674,0.011054146554734993,0.02439236126164993,0.0,0.0010893379397405763,0.0,0.0,0.0,0.0,0.0033052890575015455,0.0062477213819948875,0.0,0.002255952729644046,4.585020432816004e-16,0.0,[13],[-1]
487,0.0024310715201216423,0.0,0.0,0.00010732228236755475,0.0,0.0,0.00010968353679418712,4.200801204934069e-06,0.0,0.005993693734989086,0.0,0.0,0.0,0.0005976252372635743,0.0,0.0005403652529745116,0.002174458200734842,0.0012287306910466777,0.028406237789828797,0.0025058279478278158,0.0,0.01861592259992212,0.0,0.006487511329197514,0.0,0.0067505511452214334,7.445622654173591e-16,0.015416669300817006,[18],"[4, 14]"
488,0.00019103958639558495,0.0004022080185090821,0.005922434840134375,0.0009242904214595212,0.027139977629823536,0.0,0.0,0.022324421012927687,0.0,0.0002487690066416585,2.382203740087595e-05,0.0,0.05434738675822693,0.02348479739780408,0.0,0.005981025006179719,0.0,0.0004938295891679176,0.0,0.0,0.0,0.13114376487113116,0.0,0.0014733624336792297,0.0006595363577667116,0.0,2.222925974706164e-16,0.0,[21],[-1]
489,0.000123858988280946,0.0026658618495657488,0.011001563982732731,0.002717451250293834,0.008171115946636972,0.0,0.002732895795681874,0.01971838344123922,0.0,0.000743367016620396,0.00040712625381408076,0.013517080299092822,0.005871468536305548,0.006340641430115886,0.0,0.009094759820399902,0.009730234764533649,0.03682589139477043,0.0,0.008651413359625352,0.001109301363486746,0.012990097436253846,0.004442483864931155,0.0,0.0032860894780144135,0.0,1.0588222518736768e-18,0.0,[17],[-1]
490,0.0001975272380393378,0.009907866819909196,0.0,0.0,0.00011431422049201739,0.0,0.000626792891991357,0.0006588619971160479,0.0002489767510588242,0.0,0.0011995259437026782,0.012453945838589659,0.0,0.0076889541479451375,0.0,0.0,0.02397248563297708,0.015915173974129396,0.00267079479480872,0.09968164150818808,0.005730800264230849,0.011486270693883015,0.0017503219130677165,0.005414069049573418,0.0,0.0,0.0,0.033766126275254466,[19],[-1]
491,0.017583147087230955,0.0,0.0,0.0,0.004680833956031394,0.0,0.032835414190862514,0.0,0.0029652092006466958,0.0,0.0,0.0,0.0036944704719073527,0.013856295404716066,0.0,0.0039508429017091045,0.005059487727127453,0.012776763246736626,0.04681107826531585,0.007293385762390588,0.0,0.005177267070395097,0.0,0.003670792089694353,0.0,0.006329390118671945,0.0,0.05980151811014862,[27],"[3, 4]"
492,0.009810701020623874,0.0,0.0,0.0,7.218587809191876e-05,0.0010751577017561167,0.0002483609120292603,0.001566237203601863,0.0,0.01265807154226498,0.0,0.0,0.0,0.007553973112831376,0.0,0.0005375454397476204,0.001755269660202127,0.0015895165956966836,0.041737669832829685,0.04004186243805013,0.0,0.019745719094401214,0.0,0.0024751033974273404,0.0,0.0,7.610785038776687e-17,0.051289631770127284,[27],[25]
493,5.50539438501179e-08,3.209381116692052e-06,0.0,1.769691062571941e-05,3.903050469171522e-08,0.0001330307480934721,0.0,0.0,0.0,3.1978809440148457e-07,0.017116767720173936,2.2938031636654413e-07,1.5284747619764258e-05,0.0,3.1788652031528245e-06,0.0,0.0,0.0,0.0,0.0008636670281451184,0.0,0.0,2.171780226979184e-05,0.00013189779805396754,0.0,0.00044477666430777483,0.0,0.0,[10],[-1]
494,0.00020612409013425384,0.000995611341751799,0.01774517611747051,0.00034173939098185543,0.0,0.00018496310244674782,0.0008070755971248077,0.0,0.0,0.0020844316449476355,0.0,0.000868960158133971,0.0,0.0,0.0,0.0,0.0029766261564722883,0.0014521296936716016,0.0,0.0008187543646629166,0.0,0.010753890989245434,0.0,0.0002861922973733003,0.0,0.0,0.0,0.008674506446477255,[2],[-1]
495,0.009703231626909486,5.148046860626831e-05,0.0,0.0,0.003684966626838848,0.0,0.020533434426613026,0.0,0.0,0.0013804685284877305,3.6180639066507466e-05,0.0,0.017269395058311578,0.0,0.0,0.001704993685991184,0.000800808847936908,0.001563418573783967,0.0241284529726396,0.0,0.019241932574579068,0.0018035539220165042,0.011664944378037877,0.0,0.0032747023917276026,0.004865276388942793,3.290646600295091e-16,0.0,[18],[-1]
496,0.006416718615615763,0.0,0.0,0.0,0.0,6.170911022301405e-05,0.0,0.00035047356948350345,0.0,0.002514392875930814,0.0,0.0008031839843577771,0.0,0.0,0.011533220200059277,0.0,0.0,0.0,0.0027475346151697912,0.0,0.006355593040950327,0.03200991411490178,0.0,0.0011355822659908441,0.0,0.010089693526539423,1.041349102798595e-16,0.007267896152913405,[21],[-1]
497,0.00012224191308439023,0.00016684107879376078,3.235314494075614e-05,9.470599378914662e-05,0.0,4.2952445916599006e-05,0.0,0.00013633503845115685,0.0,0.0008280770508484517,0.010717120794909808,0.0,0.0,0.0017836489018847857,0.0013117586063822468,0.0006440592515108478,0.0,0.0034206812449835843,0.0074557582017651496,0.263926687639998,0.0,0.0,0.000751839844677941,0.0004356864837710887,0.0,0.0067634460763627635,1.316168526076254e-16,0.0,[19],[-1]
498,0.0046744326969287466,0.00021781213247004202,0.0,0.0,0.004269431866991145,1.721835002249815e-05,0.025554978228050883,0.0,0.0,0.0016327294897533217,0.0,0.0,0.009434066894451388,0.0031244336744689558,0.0,0.003212062750411133,0.0038805525426034945,0.007700709246705806,0.0,0.0,0.0,0.0,0.0,0.0,0.004523600855709562,0.0034732205693149935,0.7071067811865475,0.0,[26],[-1]
499,0.000505732529438385,0.0003162605556609753,0.0,0.0005843478883277929,0.0,0.0001344932101220686,0.0,0.00021748735504460324,0.0,0.0003770068961176545,0.003722448520948493,0.0,0.0,0.0015860044124136202,0.0,0.003229034212409949,0.0,0.0022919306774850166,0.017638169176054694,0.19152442162413277,0.012502173216393615,0.0040379611741840765,0.00041355277931576494,0.0024826345497031468,0.0,0.012585074403870133,0.0,0.04859457525399562,[19],[-1]
500,9.568463911461174e-08,3.6274112158766223e-06,0.0,2.6856728546592753e-05,0.0,0.00017981025526058201,0.0,3.86063366720673e-06,0.0,1.8868979220591188e-06,0.09397029487885884,0.0,0.0,0.0,0.0,0.0,0.0,0.0,0.0,0.0,0.0,0.005890770170278044,0.0,0.00047095880953877504,0.00026593465479123084,0.001577660143674617,2.633056437294929e-16,0.2157993333652693,[27],[-1]
501,1.1380080559145262e-07,6.445525769883848e-06,0.0,4.340656376165322e-05,0.0,0.00020489010766065304,0.0,2.999023810435223e-06,0.0,2.1033667410857634e-06,0.10270876694161986,0.0,0.0,0.0,0.0,0.0,0.0,0.0,0.0,0.0,0.0,0.0049878894845761905,0.0,0.000508310800196614,0.00023653870868911944,0.001762149805341411,3.592746073742009e-17,0.15139549187197357,[27],[-1]
502,0.00013167603575938236,0.0029097529392945573,0.013815197471784179,0.002519002794552776,0.0,0.00018834687853516653,0.002752783601588091,0.0,0.0,0.001313880209302774,0.0,0.015963652317551428,0.0,0.0,0.0,0.0,0.006557467402690666,0.002118894436198173,0.0011324708541066073,0.011207240446093069,0.0023326673814751345,0.0,0.0,0.002198991121156639,0.0,0.01802545335651832,0.0,0.014296910215174503,[25],[-1]
503,0.00015171324604749622,0.0007041948690857423,5.660855189664489e-07,0.000474517593288026,0.0,2.2019881605135412e-05,0.0,6.413685708293201e-05,0.0001025983181819692,0.0,0.0002881560462623021,0.0,0.0,0.0009482458779880933,0.0,0.0007892951652426821,0.000853169467934382,0.0034711593013423653,0.004764530132984546,0.05729964374726961,0.0036013536431490785,0.014968036497407551,0.0,0.001311915360521131,0.0,0.007077772655013134,6.730515398544844e-17,0.0752392999644606,[27],[-1]
504,0.0001426039742385062,0.00029941084246464384,4.8835784980717386e-05,0.000557987137907182,0.0,2.096271679955824e-05,0.0,1.4101772130800226e-05,8.727669711417149e-05,0.0,0.00013132579992509023,0.0,0.0,0.00013919049716075842,0.0,0.0028974789531592293,0.0,0.0010010912223709124,0.003758814657335438,0.029207410559552317,0.002773269928167269,0.009172933383723878,0.0,0.0009237492500625674,0.0,0.00570079885071188,6.082226926949936e-16,0.047055141296175176,[27],[-1]
505,0.0011502651745714894,0.0,0.0008746424242661155,0.0,0.0,0.0,0.0,0.00016433674951981279,0.004210526758002791,0.0,2.9361458458550053e-05,0.000679860048567279,0.006661165277120759,0.0,0.013674011578567109,0.0,0.001702473575624713,0.0,0.006598030540282263,0.0,0.0035515001485286976,0.00971019675781195,0.0,0.004932236023531508,0.0,0.0030631895330273805,0.0,0.0,[14],[-1]
506,0.001429736383234161,0.0,0.0,4.427841064650967e-05,0.0,0.0,0.0,8.002445790222127e-05,0.0,0.006534240226292661,0.0,0.0,0.0,0.0013504912698625092,0.0,0.00014800770842664522,0.0,0.0,0.045642143584312254,0.0,0.0048746073012184725,0.015033336240328416,0.0,0.006924319865446335,0.0,0.008490429467307565,0.0,0.0,[18],[-1]
507,6.991890676546763e-05,0.00010583917444655391,0.00018266906369988233,1.5477756982348862e-05,0.007624165631464151,0.0001459138777638882,0.0,0.0,0.0,0.000296758509252992,8.62793920703194e-05,4.160455610520909e-05,0.2791475582520863,0.0002656642388118184,0.0,0.0,0.0,0.0,0.0,0.010206240845734557,0.0029294946426635477,0.0,0.00037855502599479414,0.0,0.0005399440614170567,0.0,3.243176341979845e-16,0.020192999057728925,[12],[-1]
508,0.0001299279573842433,0.013669505383444778,0.0,0.004810291068758471,0.0015560479596670974,0.0,0.004554826334267616,0.0015857061023746382,0.00012204556699769549,0.0,0.0005676766172576625,0.03506833598154538,0.0,0.004454823324441809,0.0,0.0,0.04045844164693474,0.07550174455316709,0.0,0.0680050434002176,0.003592862654654945,0.0044445162681173095,0.007864199492972925,0.0,0.004348328890361672,0.0020524577442482214,0.0,0.0,"[17, 19]",[14]
509,0.0046744326969287466,0.00021781213247004192,0.0,0.0,0.004269431866991145,1.7218350022495316e-05,0.025554978228050883,0.0,0.0,0.0016327294897533191,0.0,0.0,0.009434066894451382,0.003124433674468959,0.0,0.003212062750411133,0.0038805525426034923,0.007700709246705805,0.0,0.0,0.0,0.0,0.0,0.0,0.0045236008557095605,0.0034732205693149944,0.7071067811865475,0.0,[26],[-1]
510,4.51829914784978e-05,0.0034781074924051547,0.0,0.004030535564024431,0.0004550073705155778,0.0,0.002437369157429793,5.6580919991900136e-05,2.707217085316272e-05,0.0,0.000298995929823524,0.016319979524593044,0.0,0.0,0.0,0.010660680659940414,0.010414430071828159,0.03842227588076324,0.0,0.01786555261592993,0.0004805179031437103,0.0,0.003453523712190892,0.0,0.009014644719660934,0.0,0.0,0.0,[17],[-1]
511,0.004219313951418592,0.017263245927198568,0.0,0.022167902751946866,0.0006416632204576,0.0001540011336470755,0.005657800017392644,0.0,0.005011528244923835,0.0,0.0022619410920070447,0.05523055928382054,0.00035972425032953554,0.00377180226778732,0.0,0.0,0.0,0.0,0.0,0.025094464250763737,0.020552388869812067,0.014269769558979942,0.0,0.05657291549026427,0.0,0.005932397736364211,1.0499246728621695e-16,0.0,"[11, 23]",[14]
512,0.002868604794340232,0.0,0.0011852016092139673,0.0,0.0,0.0001142918898992853,0.0,0.0005108723623975745,0.0026196710818085413,0.0,4.1021407290573195e-05,0.0015517278827359119,0.0,0.0,0.024169531542355373,0.0,0.0013671154453727392,0.0,0.02671288243026515,0.0,0.0015613416921522111,0.016820875042909734,0.0,0.004320714295211481,0.0,0.013108687433321704,6.598620980905002e-17,0.008932309809235,"[14, 18]",[-1]
513,0.0015869638237327596,0.0,0.0,0.0,0.0008730351225934211,0.0015570391998584038,0.006916629699088823,0.0,0.0,0.0028737182818188802,0.0,0.0,0.0022984995512783384,0.002925449088907558,0.0,0.0011163855170325178,0.0,0.0038273303977115172,0.0,0.013266505080337766,0.005068996234192415,0.020736534252317834,0.0,0.000264128879894413,0.0007386804489441096,0.0,9.804945088291755e-18,0.017655875173447296,[21],[-1]
514,0.005635334218228968,0.0,0.0,0.00039705783764055916,0.0,3.6411221413897254e-05,0.0,0.00022986604863522173,0.0,0.013244878544051798,0.0009458369265370419,0.0,0.003988021385763302,0.0009145082938534536,0.0,0.0003076511599426866,0.0,0.0,0.021121093010443185,0.049469337942441856,0.06883607207087629,0.012761366829974807,0.0,0.006509581331224155,0.0,0.009788467858375042,5.536655799883177e-16,0.0,[20],[-1]
515,7.876512285383584e-07,2.1010050945771575e-05,0.0,9.247051714580518e-05,0.0,0.00034105286807544307,0.0,4.269400382274475e-06,0.0,6.700008990875091e-06,0.062305430572077804,0.0,6.764371954387686e-06,0.0,5.803418578259491e-05,0.0,0.0,0.0,0.0,0.006025548860516651,0.0,0.0,0.0001109898732813716,6.744901431709506e-05,3.68639270140192e-05,0.00037494142292743743,9.399796032827508e-16,0.0,[10],[-1]
516,0.0003694582284565088,0.0013795295425190852,0.0,0.002990862076676,0.003680058350066781,0.00019477014795008898,0.0,0.0,0.0,0.0003176405558474692,0.000663938352673072,0.004530303586037555,0.0,0.0009148215118944554,0.0,0.0,0.0009903729710731485,0.0067982499027282785,0.012717563042708407,0.05488369943992598,0.010776350871122947,0.0,0.0,0.003347807186651396,0.0,0.01352185194373414,0.0,0.0,[19],[-1]
517,1.2312803422583245e-05,0.0032025652890356137,0.0002227100513308066,0.0,0.0,0.0,0.0,1.748965526410112e-05,0.0,4.2793853475837884e-05,0.0001339937896922009,0.0017351066357611902,0.00017595555032923096,0.004786717192074804,0.0,0.0,0.0242676442642798,0.0,0.0,0.0,0.0024244166575230455,0.0009693500143352503,0.0,0.014042768048816757,0.0,0.0,0.0,0.0,[16],[-1]
518,0.00013461302040099695,0.0001105785718403486,0.0009712664526213651,0.00017201522449720476,0.015039755030604623,0.00028346476112741303,0.0,0.0,0.0,2.4728022401670902e-05,0.0,0.0,0.03399218728109566,0.0017100093747949069,0.0,0.0004977613156383777,9.260057095181048e-05,0.000372894493406053,0.0,0.0,0.0,0.044301305596282606,0.00022225574801491396,0.0,0.0017678368335154997,0.0,5.67408423634498e-16,0.0,[21],[-1]
519,4.51829914784978e-05,0.0034781074924051547,0.0,0.00403053556402443,0.0004550073705155735,0.0,0.0024373691574297927,5.658091999189667e-05,2.707217085316513e-05,0.0,0.0002989959298235257,0.016319979524593044,0.0,0.0,0.0,0.01066068065994042,0.010414430071828153,0.03842227588076322,0.0,0.017865552615929918,0.0004805179031437042,0.0,0.003453523712190894,0.0,0.009014644719660925,0.0,0.0,0.0,[17],[-1]
520,5.583888680062407e-05,8.145950421569972e-05,6.675640954591482e-05,0.0,0.003534304810297445,6.567260946571355e-05,0.0,0.0,0.0,0.00024792742889038826,5.087138555815267e-05,0.00013958027389990527,0.12100588232155624,0.00016637297141598224,0.0,0.0,0.0,0.0,0.0,0.003827469116049184,0.0019594173698593126,0.0,0.0007312850519992485,0.0,0.0,0.0,2.798428285991674e-15,0.006220821204831669,[12],[-1]
521,5.634745417043003e-08,2.2805391454837922e-06,0.0,1.767864117580551e-05,0.0,0.0002128030193815529,0.0,3.3834834321952393e-06,0.0,5.983659576859403e-07,0.0610016508042834,0.0,0.0,0.0,0.0,0.0,0.0,0.0,0.0,0.0,0.0,0.004089013208656584,0.0,0.0002746996439370918,0.00021485258804933296,0.0009717565655659214,0.0,0.15554572028899954,[27],"[2, 24]"
522,0.0001060194950552596,0.0002207184503620327,0.0,0.0007207148698586271,4.0663052414131697e-05,3.0472860196185927e-05,0.00023116981456217656,1.191986792186835e-05,0.0,0.0005039228073550251,0.00012898251786098408,0.002593288420416288,0.0023914473844416444,0.00011326328372565356,0.0,0.0008759407960844878,0.003355586673763643,0.00695180422963625,0.017839429660274183,0.0,0.007053996603918034,0.0,0.0,0.0,0.0001286646138335946,0.0,4.533890446814381e-17,0.018567320831082854,"[18, 27]",[-1]
523,7.009907529571969e-05,0.00010629810447548461,0.0001851641740954994,1.611058487931831e-05,0.007760091636352078,0.000148665676524812,0.0,0.0,0.0,0.000297703809970706,8.80615015963761e-05,3.7745432010899485e-05,0.2892108353174804,0.00025102041006552545,0.0,0.0,0.0,0.0,0.0,0.010705270634826973,0.002976293066698808,0.0,0.00032583504418474176,0.0,0.0005645707576586649,0.0,1.6660598118175095e-16,0.021519158619790143,[12],[-1]
524,0.003913720243150816,0.0,0.0,0.00013713272379697685,0.0,0.0,0.0008765010500677415,0.0,0.0,0.007104529134944691,0.00014749966502247713,0.0,0.009527292720370107,0.0,0.0,0.0,0.00030271772041748205,0.003265075128939837,0.031588437349974983,0.0,0.021045069195866833,0.0,0.0,0.014613832413748504,0.0,0.003811477168371743,1.6097359744160228e-16,0.01511810545511107,[18],[-1]
525,0.006083978039918609,0.0,0.0,0.0001644249411781301,0.0,0.0,0.0029265677879158993,0.0,0.0,0.012819180362815732,0.00017757229728737581,0.0,0.013318811069431129,0.0009849812303596914,0.0,8.764698522851778e-05,0.0,0.005652832507363902,0.028964839657641284,0.0,0.028798719352380996,0.0,0.0,0.01629862531089088,0.0,0.00418529600688082,3.0017665648424854e-16,0.006252260962074611,"[18, 20]","[17, 31]"
526,0.00013461302040099695,0.0001105785718403486,0.0009712664526213651,0.00017201522449720476,0.015039755030604623,0.00028346476112741243,0.0,0.0,0.0,2.4728022401670645e-05,0.0,0.0,0.03399218728109566,0.001710009374794907,0.0,0.0004977613156383769,9.260057095180917e-05,0.000372894493406054,0.0,0.0,0.0,0.04430130559628263,0.00022225574801491472,0.0,0.0017678368335155006,0.0,4.405996591182238e-16,0.0,[21],[-1]
527,6.570688888771002e-05,6.487969837590052e-07,0.0,2.311052337066292e-05,5.540870442543013e-06,2.086564626898543e-05,0.00013676784041674784,7.148106744876075e-06,0.0,0.0003436540313577787,3.512861307392448e-05,2.2430266525855196e-05,0.0006982625492646386,0.0002345609554464773,0.0,0.00013324292246182863,0.0,0.0007521374596544177,0.0020030454500375118,0.0004872401161791987,0.003311308776199645,0.0,0.0,0.0004301132607413071,0.0,0.0,0.0,0.0,[20],[-1]
528,0.00021721651775253488,1.7004960413887052e-05,0.00029150330095628895,3.0759025577400395e-05,0.0,5.543401521084884e-06,0.0,9.222264312379157e-05,0.0,0.0010970087109350218,7.920153357034568e-05,0.00019419645890025533,0.0016774305657437471,0.0011809391404027242,0.0002184647467722031,0.0005346392740134251,0.0,0.0003738207407739821,0.017803678734365034,0.0,0.005883021456462232,0.0018558942814877323,0.0,0.0035701820394210544,0.0,0.001226533441400017,0.0,0.0,[18],[-1]
529,7.167607258975621e-06,1.2536543160033098e-05,5.9374402376470465e-05,1.1760366979662522e-05,0.0021314133435825313,4.1865955204588325e-05,0.0,0.0,0.0,2.5443939991499863e-05,1.9099584055579292e-05,0.0,0.08618963703076472,3.5937723364626104e-05,0.0,0.00010357227976713698,0.0,2.317314153969917e-05,0.0,0.0035323144415960036,0.0005268398924922288,0.0,0.0,0.0,0.00027922591246915674,0.0,0.0,0.00786819891041819,[12],[-1]
530,0.00014378520667611492,0.00013722273785193222,0.0013236762146956076,0.00019975607082264098,0.018021787580286868,0.00033543654221597843,0.0,0.0,0.0,3.304392585793905e-05,0.0,0.0,0.057253670223965776,0.002259030329550619,0.0,0.0007854482300678591,0.0,0.0005477346005964218,0.0,0.0,0.0,0.1639317149486217,0.00019549517003900491,0.0,0.002402060999465937,0.0,0.0,0.0,[21],[-1]
531,0.008276738361967871,0.0,0.0017004770395559602,0.0,0.0006153279137185254,0.0,0.008044693084790758,0.0,0.013090160253397307,0.0,8.402043914869938e-05,0.0,0.0,0.009442142444959714,0.0,0.0012366319828951275,0.0,0.005986397125517569,0.006610637244352701,0.0,0.0,0.0,0.0,0.0032954971157860046,0.0,0.0008722878471393909,0.0,0.0,[8],[-1]
