Node,Cluster_0,Cluster_I,Cluster_II,Cluster_III,Cluster_IV,Cluster_V,Cluster_VI,Cluster_VII,Cluster_VIII,Predicted Label,Ground-Truth Label
0,3.145916858145457e-05,0.0,0.0,0.010213858881459873,0.0016480097093772195,0.00048106296556439876,0.0,0.014885689703729532,1.6680307900322808e-05,7,1
1,0.0075372646587117675,0.013666381106695867,0.0,0.0,0.03139846571391913,0.0001700126844597236,0.0,0.0,4.5703973738196316e-05,4,4
2,3.8862897519984724e-06,0.0,0.0,0.0,0.0007122012597088073,0.0,0.0,0.0,4.524331512004696e-06,4,2
3,1.7234957158203039e-06,1.6386827617316337e-06,0.0,4.832780542976493e-05,0.0001466488937908237,0.000375690389065228,0.0,0.0,5.776602780056892e-06,5,0
4,8.911907732611633e-08,0.0,0.0,0.018674453832767317,8.362261976271337e-05,0.0,0.18389926115490993,0.013485649193941516,0.0,6,0
5,4.599959416845544e-07,0.0,0.0,0.009135169861260648,0.00015007559265746317,0.0005216068351709914,0.0354782279349497,0.0,5.42296348080809e-05,6,1
6,0.04463256567553988,0.0,0.0,0.0,0.0017324784367788388,0.0018326541066359728,0.0007663320022444494,0.0,0.0,5,4
7,2.0448582938037415e-08,1.0440414088305419e-08,0.0,4.006257815048705e-05,5.750744698827553e-06,1.0455476874323835e-05,0.0,0.00011081039872319817,5.140377660237062e-07,7,0
8,7.894655040807662e-09,0.0,0.0,0.01591446994938175,0.0,0.0,0.0,0.0,0.0011408255982363438,3,3
9,0.033899831362710735,0.0,2.415662281360431e-06,0.0,0.0,0.002291825706611756,0.0008833741073963463,0.0,0.0,5,4
10,4.2322334525834993e-10,0.0,0.0,0.002022548411374573,0.0,0.0,0.0,0.0,1.1737873354262051e-05,3,1
11,0.0015361490748220514,0.0,1.1614867289084913e-06,2.414062052410808e-06,0.0,0.0008011851267985196,9.63568113046259e-05,4.22515122420423e-06,0.00043073341381799597,5,2
12,1.5171951124257063e-08,0.0,0.0,0.0006065675147144182,3.7071663472265528e-06,4.7039220309266246e-07,0.0,0.0017491403729142589,0.0,7,4
13,2.0449847409204077e-08,1.0442301171128488e-08,0.0,4.008904245267369e-05,5.75402603841979e-06,1.0472685883176227e-05,0.0,0.00011097866491222263,5.152873016293837e-07,7,2
14,0.03372037638723069,0.0,2.4296422356720914e-06,0.0,0.0,0.0022351493667616498,0.0008630704649762764,0.0,0.0,5,4
15,5.534384244290646e-10,0.0,0.0,0.0019404718112676315,0.0,0.0,0.0,9.046400412283211e-05,0.0,3,2
16,3.657289506885487e-06,0.0,1.378137425744614e-05,0.0038602197167842273,0.0007454133569990655,0.0002072445916724463,0.014901900809087732,0.0,1.7051882593498597e-05,6,5
17,7.32609823283158e-08,0.0,0.0,0.09042843439035715,0.0,0.0,0.0,0.0,0.0,3,1
18,4.087662987825937e-09,0.0,0.0,0.0072765119013488795,0.0,0.00026270276881449977,0.0,0.04837956608297805,0.0,7,1
19,1.8707616557248592e-07,0.0,1.4132339893063403e-07,0.003687687744699527,6.861852592270541e-05,0.00022032080649613401,0.014323642051078877,0.0,1.5027065683952726e-05,6,1
20,0.003918717960765581,0.0,0.0,0.0,0.002266320283979403,0.00014146303922700965,0.0,6.466160472920989e-05,0.0,4,4
21,0.06618724661020912,0.009572319949733243,0.0,0.0,0.008625981525964378,0.0,0.0007587936424870091,0.0,0.0,1,4
22,1.2428189817388122e-08,0.0,0.0,0.0010419953593502397,6.539678846626208e-06,2.242375459228362e-06,0.00268732029896452,0.0,4.833503009107222e-06,6,2
23,0.0015769478583879425,0.00047607379733602135,0.0,0.00034817127133064636,0.02750884943169371,0.0035009134939401254,0.0,0.0,0.0,4,4
24,0.0032919637322123513,0.0,0.0,0.0,0.016348858962020728,0.014943521009710165,0.0022744384512210537,2.571644232291787e-05,0.004743602227203027,4,5
25,0.0006372548708857785,0.0,0.0,0.0003185674204548825,0.020214772120136656,0.0015045834274302198,0.0012075879942846717,0.0,0.0005101763716003601,4,2
26,3.7003961212303117e-11,0.0,0.0,0.0003402292899405164,0.0,0.0,0.0,0.0,0.0,3,1
27,0.11199485650464015,0.24301667603334373,6.377463675738317e-06,0.0,0.0,0.006477878541937244,0.0018348953117842937,0.0,0.0,1,4
28,1.483931272589052e-12,0.0,0.0,2.8961533817439705e-08,2.2961907586854318e-08,4.5335540872052435e-09,0.0,3.8075791655397213e-07,0.0004186001208528827,8,5
29,0.0036038608289127353,0.0,0.0,0.0,0.13509542188264118,0.0,0.002848106875697611,0.0,0.0,4,5
30,0.0055434783973617625,0.0,0.0,0.0,0.1985452130505166,0.0,0.0028631583410491644,0.0,0.003983940390473235,4,5
31,0.013641333280812382,0.006409527509830215,0.0,0.0,0.05695561407368221,0.0027310101781058108,0.0,0.0006981508294462228,0.0008904151679337639,4,5
32,1.929958381724948e-09,0.0,0.0,0.0002810111320495484,5.786821972263746e-07,0.0,0.0,0.0,3.6527011915586855e-05,3,1
33,0.035684714129096504,0.03040164727794959,0.0,0.0,0.04050095712926987,0.0,0.0,0.00021597904919819688,0.008932358411370092,4,4
34,1.999710187087313e-06,0.0,0.0,0.0442292384202454,0.0003260959262139965,0.0015639594948485347,0.06576123494672738,0.0,1.4347832079697509e-05,6,1
35,2.47505907082648e-07,0.0,0.0,0.027208768702977306,0.0001430194097162739,0.0,0.24100399753669527,0.016158114402808205,0.0,6,0
36,0.01104565131030964,0.0,0.0,0.0,0.01427615247859131,0.0,0.0005109783701782507,0.0,0.023139700286315658,8,4
37,1.744064420193044e-06,0.0,0.0,0.015508176518761305,0.00026086289268927135,0.0006451861389252411,0.0466022262889032,0.0,2.0876960381546415e-05,6,1
38,6.411148450893323e-08,0.0,6.773473564975931e-07,0.0015117485065462028,4.9422423938020345e-05,0.00010856153655016752,0.006371157054842704,0.0,1.981393481818126e-05,6,1
39,7.420901449844908e-08,0.0,0.0,0.10171170173762868,0.0,0.0,0.0,0.01681914020239988,0.0,3,1
40,3.6995554646979256e-10,0.0,0.0,0.001384546697456784,0.0,0.0,0.0,0.0034902793229510034,0.0,7,1
41,8.585229882619624e-08,0.0,6.985923466472198e-07,0.002176975946705644,6.205544133307794e-05,0.0001565894559694791,0.00941344185984029,0.0,2.5947434516194395e-05,6,1
42,6.779307823186863e-08,0.0,0.0,0.07863349598066995,0.0,0.0,0.0,0.0,0.0,3,1
43,2.3116226092526672e-08,1.0214816836872383e-08,0.0,5.981455848958497e-05,7.154865355762739e-06,1.2672846495803884e-05,0.0,0.00014695625213307056,6.029769832447585e-07,7,1
44,3.0030191345779636e-09,0.0,0.0,0.002003385739211249,2.3289538422164262e-07,0.0,0.0005040695187689231,0.0,1.935413001529953e-06,3,1
45,6.779307823186863e-08,0.0,0.0,0.07863349598066999,0.0,0.0,0.0,0.0,0.0,3,1
46,3.205052519230868e-05,0.0,0.0,0.0011269742163997798,8.379094402260981e-05,0.00021982282056335503,0.0,0.0002970192817199454,8.826356668335925e-05,3,1
47,0.02959271397837192,0.09168237669218707,6.130414127509684e-06,1.1795023662711035e-05,0.0,0.002944414048424749,0.0006352157684323151,0.0,0.0,1,4
48,6.779307823186863e-08,0.0,0.0,0.07863349598066995,0.0,0.0,0.0,0.0,0.0,3,1
49,0.0003380875588480932,0.0,6.128416031014605e-07,8.413169243477848e-06,0.0,0.0,0.0,5.749519241039673e-06,0.00014429722084473957,8,4
50,0.1511977265272771,0.0,0.0001883045586359483,0.0004770972620751078,0.0,0.0,0.0,7.545571594110678e-05,0.0,3,4
51,1.6412006106041772e-08,0.0,2.9575244307230828e-08,0.0022082974249613284,1.0261150000234056e-05,0.0,0.0025720319023620312,0.0,2.7718028593858948e-05,6,1
52,7.177281261685197e-11,0.0,0.0,2.0322489020333525e-05,1.1098562068223223e-07,6.90687681166161e-08,7.637413275338357e-05,0.0,1.922217382184281e-07,6,3
53,0.11225999092747355,0.24112730598423623,0.0,0.0,0.0,0.003285254443512309,0.0011608439185419124,0.0,0.0,1,4
54,0.00023607483048504317,0.0,0.0,0.0,0.009770916065005388,0.00043620199091583674,0.0001728067930465994,0.0,6.002963027991239e-05,4,5
55,1.4008062382105442e-08,0.0,0.0,0.00034216340121203434,8.500448076627217e-06,2.4929270032250393e-05,0.0015744646103795976,0.0,0.00012448222944158967,6,2
56,0.07701721247315174,0.0,0.0,0.0,0.00213872879268726,0.0,0.0,0.0001426326892643744,0.0,4,4
57,7.515223577184411e-08,0.0,0.0,0.09218856351650538,0.0,0.0,0.0,0.0,0.0,3,1
58,0.000972377483510992,0.004485082147845956,0.0,0.0,0.0002465771765333017,0.00021809802511553908,0.0,1.970535749490554e-06,0.0,1,2
59,2.0813099255470515e-08,0.0,0.0,0.009958422318166378,0.0,0.00033405883757383237,0.0,0.055795516070065325,0.0,7,3
60,0.004161217194431579,0.0,0.0,0.0,0.015197499539782609,0.0008505711932955352,3.715868317924171e-05,0.0,0.0,4,4
61,2.505399004394943e-07,0.0,0.0,0.02837565340608373,0.00014825550511937666,0.0,0.2562558455006409,0.017479485977501662,0.0,6,0
62,2.0119985783829844e-06,0.0,0.0,0.02401234560526825,0.000373401587080322,0.0011060721838968986,0.08058371273985208,0.0,0.00013164978867368673,6,1
63,0.0016243577723745982,0.0,0.0,0.0,0.03758469528849546,0.0,0.0,0.00011523279937088228,0.0032672473363713384,4,4
64,0.06869003823191827,0.18997324301637417,1.3966797017545788e-05,2.4528165663347413e-05,0.0,0.0018991141897098675,0.0006107861076453949,0.0,0.00019091058823078616,1,4
65,0.026606484541592004,0.0,0.0,0.0,0.027776047345503506,0.02255420680295249,0.0037819156597915914,0.0,0.005633147825280423,4,4
66,1.2665892601374976e-08,0.0,0.0,0.02755813287063849,0.0,0.0008321757414898374,0.0,0.15205986033866445,0.0,7,1
67,5.427252468747639e-10,0.0,0.0,0.002948767315920283,0.0,0.0,0.0,0.0,0.0,3,1
68,1.2415170536953909e-08,0.0,0.0,0.0013078464420239085,8.329905353663023e-06,0.0,0.011258329489544515,0.0007165640622178755,0.0,6,1
69,4.087662987527041e-09,0.0,0.0,0.007276511901348899,0.0,0.00026270276881450497,0.0,0.04837956608297809,0.0,7,1
70,1.2415170536953909e-08,0.0,0.0,0.0013078464420239078,8.329905353663023e-06,0.0,0.011258329489544517,0.0007165640622178755,0.0,6,1
71,3.663671913860313e-08,0.0,0.0,0.008721532456134357,3.255498471530245e-05,0.0,0.07334772741688829,0.0047764440413896195,0.0,6,5
72,0.0008442610853385599,0.0,0.0,0.0,0.04352913370180111,0.0,0.0,0.0,0.0,4,5
73,0.0071467499898649105,0.0,0.0,0.0,0.02594096684170991,0.0,0.0006370235003654319,0.0,0.0306706523108333,8,4
74,7.648339197074273e-08,0.0,0.0,0.0,2.463568163461982e-06,4.953802708042475e-05,1.0912104643033546e-06,0.0,0.0,5,2
75,6.779307823186863e-08,0.0,0.0,0.07863349598066996,0.0,0.0,0.0,0.0,0.0,3,1
76,0.036366305243774974,0.0,2.4562805792329168e-06,0.0,0.0,0.0026518016522668842,0.0010175081087414454,0.0,0.0,5,4
77,1.7602724056092827e-06,0.0,0.0,0.017936659064049683,0.00027437526039934785,0.00020055432451844633,0.07146533025562556,0.0,7.916256428220981e-06,6,5
78,2.12941663065057e-08,0.0,0.0,0.01207414643734621,0.0,0.00041085608922094066,0.0,0.06986254348307983,0.0,7,1
79,0.07411467116302856,0.018437465305304414,0.0,0.0,0.03414496687073594,0.0,0.0,0.00019835289411013435,0.000784540253625191,4,4
80,0.004790403047410999,0.0,0.0,0.0,0.08358115909334461,0.003684046754498562,0.00040610966839460766,0.00042756540492889535,0.0012587303733197766,4,2
81,0.006041283148084755,0.0,1.1795322381478886e-05,2.9542062257426857e-05,0.0,0.00014781019702440459,7.501013666373544e-05,0.0,0.0,5,0
82,0.008910078513918448,0.0,0.0,0.0,0.11755644526918455,0.0,0.0,0.0004791575299712447,0.00023976862881490196,4,4
83,8.90247438823149e-09,0.0,0.0,0.016327467349748923,0.0,0.0,0.0,0.014880769735921312,0.00020557046564503224,3,1
84,7.641590574856265e-05,6.806956999618842e-06,0.0,0.0,0.00781436733016421,0.0,0.0,2.6091020699732406e-05,0.00023917894749523678,4,5
85,3.066853592823028e-07,0.0,0.0,0.006252383601107126,0.0001011044602206105,0.00035593567296610156,0.024967616674676365,0.0,0.0003683023623528145,6,3
86,1.45494321009521e-07,0.0,0.0,0.00565884876657035,3.941159944764418e-05,0.0002465917336873317,0.009935882673105937,0.0,2.6755513230769533e-06,6,1
87,0.0005881924763634068,0.0,4.730130486649199e-09,0.00019912532106684504,5.2136127384548964e-05,0.0004748741355886337,2.3854267269552128e-05,7.119900784852941e-05,0.0003570086260671637,5,4
88,0.06471464045905258,0.0,0.0,0.0,0.0010519947367253802,0.002229389617651949,0.0010794219016563777,0.0,0.0019405340201003665,5,4
89,0.013717797678549873,0.004648958526841117,0.0,0.0,0.016717892006655653,0.0,0.0,0.0002095803739169434,0.00018117410821309526,4,4
90,2.334756642719322e-07,0.0,0.0,0.02423366736104038,0.0001353187223793265,0.0,0.22795091063275488,0.016132032779691694,0.0,6,0
91,0.04567500815048933,0.005571885210473421,0.0,0.0,0.0018589740950478693,0.0006346915837715771,0.000640377159641146,0.0,0.00019922870607316093,1,4
92,1.1358922014473248e-05,2.5345769540866374e-06,0.0,0.019316694268464277,0.0007048838295514266,0.0015414440581012084,0.0,0.0,0.0,3,1
93,0.0038265246221173277,0.0,4.5025098352343874e-06,1.0783803232358767e-05,0.0,4.892321267690862e-05,3.7234750896881054e-05,0.0,0.0,5,4
94,5.118859053830769e-09,0.0,0.0,0.010722134138857893,0.0,0.0,0.0,0.0,0.0,3,1
95,0.00010292691744503606,0.0,0.0,0.0,0.006616057708479307,0.0,0.00013319198363740976,0.0,0.0,4,5
96,0.051406570958227635,0.0,0.0,0.0,0.00628328110200953,0.00038686658062499023,0.0005367213003149391,0.0,0.004454366465367369,4,4
97,1.5759021872558182e-08,0.0,0.0,0.0006865459597636248,4.129931896923304e-06,5.670523758563756e-07,0.0,0.002112516894794609,0.0,7,1
98,0.07906042459769896,0.23210993517069684,0.0,0.0,0.0012032177588212122,0.0003805634361622968,0.0004512272694900754,0.0,0.0005364196010062364,1,4
99,0.11632579301968175,0.22237713186748156,0.0,0.0,4.3931889330633424e-05,0.006330202082455508,0.0014897458600278037,0.0,0.00020476359235588183,1,4
100,0.0020895212338295135,0.0,0.0,0.0,0.028031913159283803,0.01631077513558047,0.0027479173362526172,0.0,0.004510658552822606,4,4
101,3.2090045403081694e-08,0.0,0.0,0.00010053769023577472,1.1819264244343952e-05,2.602079569368153e-05,0.0,0.0002892396500779614,5.900314505745418e-07,7,2
102,6.298280031002684e-08,0.0,0.0,0.01503880802853926,1.2227803786742214e-05,0.004219030071770747,0.0015854083354048729,0.0,2.0768413754495293e-06,3,1
103,4.5255405272422614e-10,0.0,0.0,0.002375363719499104,0.0,0.0,0.0,0.0,6.166870396585853e-05,3,1
104,2.288896861988285e-06,0.0,0.0,0.0013067973481560226,0.00020391220785809556,7.567626104154154e-05,0.0,0.0023039752273927524,2.7390362926156387e-06,7,1
105,1.3627439718623383e-07,2.749444752300928e-07,0.0,0.0005168327499723189,3.5976990607055324e-05,0.047747082626430216,0.0,0.0,0.0,5,2
106,0.004966886827687109,0.0,7.78606996264014e-06,1.9728591724354396e-05,0.0,0.0,0.0,0.0,0.0,3,0
107,1.8890304677725974e-08,0.0,0.0,0.0036784416170602156,1.8213423832439773e-05,0.0,0.038670562877869075,0.002938211713702642,0.0,6,1
108,3.9470908996435e-08,0.0,1.6133341097979268e-08,0.0026123754308708864,2.4647433471769397e-05,0.0001470770615391217,0.007466838814937999,0.0,1.851263793378041e-05,6,1
109,2.5039713693020584e-10,0.0,0.0,0.0013661362630420356,0.0,4.4243921552721344e-05,0.0,0.00722311610996873,0.0,7,1
110,0.0048156320684005,0.0009019507490011212,0.0,0.0,0.001205532887520481,0.0,0.00011562332517926177,0.0,0.0,4,4
111,3.4791467598379097e-06,0.0,0.0,0.0007985051401058408,2.9802380389513206e-05,0.0,0.0,0.0012507791962226757,0.0,7,1
112,3.8862897520082455e-06,0.0,0.0,0.0,0.0007122012597089019,0.0,0.0,0.0,4.5243315120163935e-06,4,2
113,2.2124451466815255e-06,0.0,0.0,0.07237002603846154,0.0003717878225082749,0.0024794270882284863,0.07940606183659042,0.0,7.71938663211439e-06,6,1
114,0.007092413421439965,0.0,0.0,0.0,0.0778524441205589,0.0030594963352975663,0.0026536263406918598,0.0,0.0,4,4
115,0.016824590279940346,0.0,0.0,0.0,0.007734004900838402,0.0,0.0,7.937189712638136e-05,0.0020152190295551348,4,5
116,2.1982476878877825e-09,0.0,0.0,0.003246901455962152,0.0,0.0,0.0,0.003882004881442239,0.0,7,1
117,1.614284012863256e-08,0.0,0.0,0.002656253290653866,1.3507025059607167e-05,0.0,0.024841180194634965,0.0017181369719903943,0.0,6,0
118,0.0033905695851935524,0.0,0.0,0.0,0.06753142104330422,0.001268987986423845,0.0010594092866322868,0.0,0.0,4,4
119,2.293180487592138e-09,0.0,0.0,0.0001756783481594778,9.926833594090444e-07,1.7442507059070597e-07,0.0,0.0006542876014651257,0.0,7,3
120,0.0029320374351318444,0.0,0.0,1.7932239087798835e-06,0.0009848554760408597,0.00040410637767541205,0.00018703655357413604,0.0,0.0016801494457329039,8,5
121,2.293180487592138e-09,0.0,0.0,0.00017567834815947653,9.926833594054462e-07,1.7442507059070597e-07,0.0,0.0006542876014651257,0.0,7,1
122,3.6997592506109834e-10,0.0,0.0,0.0014254790717459428,0.0,0.0,0.0,0.0,0.0,3,1
123,1.3131179981824842e-08,0.0,0.0,0.0002940243641925483,3.8043889788886295e-06,0.0001229578717443583,2.458714740645839e-05,4.2918435822271316e-05,2.1409561431555865e-07,3,1
124,2.0971637961659535e-07,0.0,0.0,0.004838968919789931,3.132277812956031e-05,3.1839467138559777e-06,0.0,0.01167998366423906,0.0,7,0
125,5.011276362939449e-10,0.0,0.0,0.0017505479419082216,0.0,0.0,0.0,0.0006497034943568741,0.0006766395958998626,3,3
126,2.0104163826331976e-06,0.0,0.0,0.04498604774045874,0.0003310038766628338,0.0016055145645069437,0.06734482882473748,0.0,1.4871691373346731e-05,6,1
127,1.872582255634224e-09,0.0,0.0,0.0029345030372369724,0.0,1.2882931117252789e-05,0.0,0.016468897609934995,0.0,7,1
128,6.815579353011914e-08,0.0,0.0,0.07996426054761557,0.0,0.0,0.0,0.0,0.0,3,1
129,4.417518604266213e-09,0.0,0.0,0.008871480539850145,0.0,0.00031319181428223527,0.0,0.058255347773798996,0.0,7,1
130,2.293180487592138e-09,0.0,0.0,0.00017567834815947653,9.926833594054462e-07,1.7442507058983692e-07,0.0,0.0006542876014651261,0.0,7,0
131,7.921519901202782e-10,0.0,0.0,0.0031113742426546556,0.0,0.0,0.0,0.007867016840405167,0.0,7,1
132,1.65266088356723e-09,0.0,0.0,0.002281534584742713,0.0,0.0,0.0,0.007786237121381871,0.0,7,1
133,1.2361639029738022e-08,0.0,0.0,0.0010242730031128355,6.44198962387278e-06,2.18413829451857e-06,0.0026224856205179243,0.0,4.674752089300756e-06,6,3
134,5.004009828051063e-09,0.0,0.0,0.01029010599709089,0.0,0.0,0.0,0.02092208307901526,0.0,7,1
135,7.606595583695057e-09,0.0,0.0,0.015166616611420103,0.0,0.0,0.0,0.0006060056873462254,0.0,3,1
136,1.01182828743283e-08,0.0,0.0,0.023367842917224907,0.0,0.0,0.0,0.026805694529156186,0.0,7,1
137,0.03834924611270183,0.0,6.356200753064745e-07,0.0,0.0,0.002834718199717434,0.0010358985856150755,0.0,0.0,5,4
138,5.656833616446113e-09,0.0,0.0,0.015145508013288398,0.0,0.0,0.0,0.005889959507462845,0.0,3,1
139,1.8097235234049913e-06,2.7425475217250482e-06,0.0,0.0018146975665006794,0.00030424335697127073,0.3490554607728799,0.0,0.0,0.0,5,2
140,1.6947784717495234e-06,2.525107767866655e-06,0.0,0.0016298250568446409,0.0002740808662619329,0.30719425495563674,0.0,0.0,0.0,5,2
141,0.03415200312829319,0.0,2.317181933356063e-06,0.0,0.0,0.0024234029066684134,0.0009158271219052095,0.0,0.0,5,4
142,0.013241596612093384,0.0,0.0,0.0,0.05273880927332623,0.00263213198906708,0.0,0.00011716394399889979,0.0006273153646570794,4,4
143,0.09517723668260153,0.14443132772309628,0.0,0.0,0.006096891194157998,0.005311831041436314,0.0012845695119421544,0.0,0.0004504903283628911,1,4
144,0.05443240093274927,0.0,0.0,2.776189085931368e-05,0.008143533187096375,0.005223799449704551,0.00061102673650366,0.0,0.0006487718996074074,4,4
145,0.04567500815048933,0.005571885210473423,0.0,0.0,0.0018589740950478674,0.0006346915837715629,0.0006403771596411323,0.0,0.00019922870607316356,1,4
146,0.04567500815048933,0.0055718852104734195,0.0,0.0,0.0018589740950478678,0.0006346915837715695,0.0006403771596411318,0.0,0.00019922870607316627,1,4
147,1.5593124582322863e-07,0.0,0.0,0.002260011340418004,4.2124493636825974e-05,0.00011916943725054198,0.007980834701895511,0.0,3.5210491306794e-05,6,4
148,6.881508731569471e-09,0.0,0.0,0.01354448017078235,0.0,0.0,0.0,0.0,0.00025444527263009185,3,1
149,0.016891716426987058,0.0,0.0,0.0,0.02216828811382161,0.002478337821812197,0.0004867464348102677,0.0,0.0,4,5
150,1.2600548071255212e-08,0.0,0.0,0.019105308313789558,0.0,0.0005930695651605611,0.0,0.03388566445819628,0.0055360954608371276,7,1
151,7.177281261685197e-11,0.0,0.0,2.0322489020333528e-05,1.109856206824009e-07,6.906876816449596e-08,7.637413275338521e-05,0.0,1.9222173821365185e-07,6,3
152,2.4294730719814028e-05,0.0,0.0,0.0,0.00028894460462214165,2.7594250625795854e-05,9.095503636690503e-07,0.0,0.0,4,5
153,2.5811012483737935e-08,0.0,0.0,0.00012425847401235132,7.442940283826152e-06,4.77391053153051e-06,0.00015668217681634466,6.064185648107804e-05,8.53905618931315e-06,6,1
154,8.81679354656604e-06,4.483304100621165e-06,0.0,0.0003670844932540246,0.0004901544943748305,0.0019270830247088257,0.0,0.0,0.0,5,2
155,2.7198785081523648e-11,0.0,0.0,0.0001859656174559176,0.0,0.0,0.0,0.0,0.0,3,1
156,1.2566937117961143e-09,0.0,0.0,0.0017969497514058004,0.0,5.6963561877836315e-05,0.0,0.010876233344097526,0.0,7,1
157,0.08766659143809571,0.0,7.594513208393829e-05,0.0001867973315835749,0.0,0.004029363805365863,0.0007563012364640759,0.0,0.001080935058823955,5,4
158,0.004471533486071233,0.0,4.082522703929312e-06,7.796424189586988e-06,0.0,0.0009449183385795896,0.0003009054025522742,0.0,0.0,5,2
159,2.7640358209903476e-06,0.0,0.0,0.0008146517370270804,1.4671957915057144e-05,6.20031319583901e-05,0.0,0.0016174693316749356,2.6413152701471736e-05,7,3
160,1.1356928948509257e-06,1.146970644927532e-06,0.0,0.019215766348335123,9.461040194777086e-05,0.004613933103249219,0.005777564138760922,0.0,0.0,3,1
161,5.961559566144852e-09,0.0,0.0,0.01527879754242144,0.0,0.0,0.0,0.0,0.0,3,1
162,0.0002478817771848752,0.0,0.0,0.0,0.009549575961460248,0.0004502307354624578,0.00017743652002658278,0.0,5.068080296015691e-05,4,5
163,1.9261646425916315e-07,0.0,0.0,0.00029534564256906374,3.642504300768076e-05,5.565373042618659e-05,0.0,0.0006373041492645465,1.1052475677012834e-06,7,0
164,8.908027323815423e-09,0.0,0.0,0.013741437829784778,0.0,0.00039607074777957057,0.0,0.0031540369487235275,0.0,3,1
165,0.05449722442185552,0.062157461622555865,9.935226706858087e-06,8.793113793765584e-06,0.0,0.0027961309782940755,0.0011597757967420428,0.0,0.0,1,4
166,5.656833616446113e-09,0.0,0.0,0.015145508013288397,0.0,0.0,0.0,0.005889959507462847,0.0,3,1
167,1.2577486697278711e-05,0.0,4.178929587493519e-06,0.0,0.002504868131556648,0.0,5.469791559970101e-06,0.0,6.893552071922961e-06,4,4
168,0.011332218140947127,0.0,0.0,0.0,0.17081121765582166,0.0,0.002784041876468815,0.0,0.0,4,5
169,0.07073397497657032,0.030117275909250073,0.0,0.0,0.019389658369118098,0.0,0.0,5.4170400950688474e-05,0.0007273389064968032,1,4
170,6.779307823186863e-08,0.0,0.0,0.07863349598066995,0.0,0.0,0.0,0.0,0.0,3,1
171,0.039347847875547584,0.0,0.0,0.0,0.0,0.0018803924592782893,0.0011123974618621867,0.0,0.007623456458570085,8,4
172,3.365424002441753e-07,0.0,2.9631490466294885e-07,3.700756676847222e-05,2.1182754219684077e-05,5.99744728826216e-06,0.0,0.00011594035741723504,6.233850505452406e-07,7,5
173,0.06471649841139197,0.16586260633137495,0.0,0.0,0.018030220838046177,0.0008442930418137598,0.0,9.106591150821951e-05,0.0,1,4
174,3.199472151725786e-07,0.0,2.7683126177467864e-07,3.494638924497986e-05,1.984565886796498e-05,5.735500449672825e-06,0.0,0.00011041955729931153,6.125865542223286e-07,7,1
175,7.311258179043144e-08,0.0,0.0,0.09017019731487258,0.0,0.0,0.0,0.0,0.0,3,1
176,6.779307823186863e-08,0.0,0.0,0.07863349598066999,0.0,0.0,0.0,0.0,0.0,3,1
177,2.3867772726082863e-07,0.0,0.0,0.029686893413473622,5.531000880922205e-05,0.0008218231364523479,0.016322012192598292,0.0,0.0,3,1
178,0.014792053801160382,0.0,2.8965835274323345e-05,7.514039283375941e-05,0.0,0.0004213973470658458,8.169496884516078e-05,0.0,0.0,5,4
179,3.948744211711322e-11,0.0,0.0,0.0003772759608458663,0.0,0.0,0.0,0.0,0.0,3,1
180,2.4284167145654377e-07,0.0,0.0,0.10022213495824374,0.0,0.0,0.051692778186259516,0.0,0.0,3,5
181,2.888791206722931e-11,0.0,0.0,0.000220233405565607,0.0,0.0,0.0,6.422329540279248e-05,0.0,3,1
182,5.012352530104845e-09,0.0,0.0,0.010586301502640193,0.0,0.0,0.0,0.0,0.0,3,1
183,0.01081450861855552,0.014119519773621475,0.0,0.0,0.0047551207527127305,0.008448733370825951,0.0013686920080655,0.0,0.00287441860070701,1,4
184,5.904465025521488e-10,0.0,0.0,0.0006835786304973482,3.656639543162016e-07,3.6711480767085738e-06,0.0,0.0012268180749699514,0.00512736683003627,8,3
185,9.014357200407784e-11,0.0,0.0,0.0007197518766322503,0.0,0.0,0.0,5.3721478533197114e-05,0.00028556993043753003,3,1
186,1.646381332322425e-08,0.0,0.0,0.0007108614419879105,4.293557737716203e-06,5.749177051955741e-07,0.0,0.0021415508264935263,0.0,7,1
187,1.4300316292299535e-09,0.0,0.0,0.0015018465363545442,0.0,0.0,0.0,0.0066649829387625615,0.0,7,1
188,2.5629285768578854e-07,0.0,0.0,2.6337638457853523e-05,4.204547018048107e-06,4.4955024322755135e-06,0.0,7.369586860925567e-05,8.570374743978205e-07,7,1
189,0.03389983136271072,0.0,2.415662281424182e-06,0.0,0.0,0.0022918257066117226,0.0008833741073963383,0.0,0.0,5,4
190,1.8075713792154954e-08,0.0,0.0,6.275010437387581e-05,7.315224475008175e-06,1.7245406930436452e-05,0.0,0.00019056620384070468,4.0227165439853094e-07,7,0
191,7.187641125036511e-08,0.0,0.0,0.09821520627667665,0.0,0.0,0.0,0.0,0.0003531883997965453,3,1
192,3.36719311817873e-07,0.0,0.0,0.015523871813193823,0.00012707203609400348,0.0,0.10991865998161926,0.003509920681550245,0.0,6,1
193,3.337454514730268e-11,0.0,0.0,0.0003011815973216059,0.0,0.0,0.0,0.0,2.506992024136147e-06,3,1
194,0.002516494879027221,0.0,0.0,0.0,0.0011310666540170706,0.00040068147641521707,0.0001750007611006324,0.0,0.0,4,4
195,1.5276550664827025e-08,0.0,0.0,0.0008019169818374085,3.459512923196298e-06,0.0,0.0,0.0028068038693650657,0.0,7,3
196,1.0033944253892742e-08,0.0,0.0,0.01809862217497229,0.0,0.0006010618033250447,0.0,0.10912331864250584,0.0,7,1
197,1.3048250503705266e-07,0.0,0.0,0.0021627828917347223,3.4675980474870906e-05,0.00011624582680110524,0.007949199216770494,0.0,5.5315128039166805e-06,6,1
198,2.9438040942145513e-07,0.0,0.0,0.00625731726988652,9.294150889380088e-05,0.00035925178578047844,0.025008904014174035,0.0,4.783069532052912e-05,6,3
199,5.946281263329935e-09,0.0,0.0,0.010822110273623405,0.0,0.00033835903451054616,0.0,0.06074375255952778,0.0,7,1
200,0.049541099593273095,0.0,3.3180865372676306e-05,7.71944327551365e-05,0.0,0.00046192719752983694,0.0003226838332679236,0.0,0.0,5,4
201,0.00022025520064212302,0.0,0.0,0.004404222230796346,0.0003342218291285668,0.0006970508895807456,0.0,0.0009649098512740932,0.00025562736498248567,3,4
202,4.971264763983458e-10,0.0,0.0,0.002813555940299727,0.0,0.0,0.0,0.0,2.829517018418847e-05,3,1
203,1.0037083151139287e-10,0.0,0.0,7.21979332411651e-09,2.3050851365318625e-10,5.26903344787303e-09,1.9773409714241175e-07,7.030605936341823e-08,1.0567050008584024e-08,6,5
204,0.008029137744481196,0.0,3.878367845601786e-07,3.1654434029827573e-05,0.0,0.0027084473624243766,0.0002862553025863051,6.690697657774785e-05,0.0007076717647391902,5,4
205,1.3309712102123725e-05,1.2660173517686645e-05,0.0,0.00027668143016018447,0.0005246138415050053,0.031002811920982327,0.0,0.0,2.6147713028161832e-05,5,0
206,0.000961024193682881,0.0,0.0,0.0,0.05134364789000213,0.0,0.0,0.0,0.007492764764475139,4,5
207,0.034267491901428665,0.0,2.382865456699165e-06,0.0,0.0,0.002419392064776695,0.0009286098581162391,0.0,0.0,5,4
208,0.006036392272185746,0.004392342766725547,0.0,0.0,0.003295759668033386,0.0,0.0,1.377339051926489e-05,5.41660977884992e-05,1,4
209,0.033720376387230695,0.0,2.4296422356404327e-06,0.0,0.0,0.002235149366761733,0.000863070464976266,0.0,0.0,5,4
210,3.683966254716913e-06,0.0,0.0,0.0,0.00011420798674703445,3.660763025889864e-06,0.0,2.055477886530593e-06,0.0,4,4
211,0.004307897329214272,0.0,4.095410720283179e-06,9.289878883480237e-06,0.0,0.0009733633993991726,0.0002185677999190134,0.0,0.0,5,4
212,0.01191475024348988,0.005906783302445202,0.0,0.0,0.019655321521460916,0.0,0.0,0.00017910909093062148,9.856351588186355e-05,4,4
213,2.4275716128412316e-08,0.0,0.0,0.01921773236344848,0.0,0.0006377454608314094,0.0,0.10617375374016008,0.0,7,1
214,5.904465025521488e-10,0.0,0.0,0.0006835786304973485,3.656639543162016e-07,3.671148076708438e-06,0.0,0.0012268180749699501,0.005127366830036282,8,4
215,5.762270330907675e-05,0.0,1.1119216789418478e-05,0.0,0.00674226703997511,0.0,1.3797066005302215e-05,0.0,1.5930750056011612e-05,4,4
216,4.255309013658904e-10,0.0,0.0,0.0021739028294809667,0.0,0.0,0.0,0.0014391790860807366,0.0,3,1
217,3.539915802601265e-09,0.0,0.0,0.016664722024502452,0.0,0.0,0.0,0.021369601953036704,0.0,7,1
218,0.034267491901428665,0.0,2.3828654566995985e-06,0.0,0.0,0.0024193920647767007,0.0009286098581162389,0.0,0.0,5,4
219,5.762270330907675e-05,0.0,1.1119216789416744e-05,0.0,0.00674226703997511,0.0,1.3797066005305766e-05,0.0,1.593075005600952e-05,4,4
220,0.034081206624627075,0.0,2.4006554489152423e-06,0.0,0.0,0.0023514671584676495,0.0009046488795818689,0.0,0.0,5,4
221,0.0514816909428425,0.0,2.3916171555962025e-05,5.626032551834836e-05,0.0,0.0,0.0,0.0,0.0,3,4
222,0.0002325547767525375,0.00017684369007536023,0.0,6.064576318088307e-05,0.005994685309436128,0.006582008218425489,0.0,6.658004026095415e-05,0.0003150292099765354,5,4
223,5.762270330907675e-05,0.0,1.1119216789418478e-05,0.0,0.00674226703997511,0.0,1.3797066005302557e-05,0.0,1.5930750056012263e-05,4,4
224,4.01967216397264e-09,0.0,0.0,0.010305697579978745,0.0,0.0002675953561589695,0.0,0.04932696404337858,0.0,7,1
225,0.004471533486071233,0.0,4.082522703928662e-06,7.796424189586947e-06,0.0,0.000944918338579591,0.0003009054025522728,0.0,0.0,5,2
226,2.0847377168442997e-06,0.0,0.0,0.025073525340887935,0.0003798082965779467,0.0007999239784549423,0.09229018408319929,0.0,6.673399255974288e-05,6,1
227,1.8810277558735893e-09,0.0,0.0,0.010252508649373993,0.0,0.0,0.0,0.0,0.00015253375163855638,3,1
228,9.880823890976223e-09,0.0,0.0,0.02177901254660808,0.0,0.0007033287711795977,0.0,0.12108832771763543,0.0,7,1
229,7.401099807895858e-08,0.0,0.0,0.09218609501661092,0.0,0.0,0.0,0.028391884310971026,0.0,3,1
230,1.614284012863256e-08,0.0,0.0,0.002656253290653866,1.3507025059607392e-05,0.0,0.024841180194634972,0.0017181369719903958,0.0,6,5
231,0.08222317994829934,0.0,9.216803404563773e-05,0.0002391759996537709,0.0,0.0,0.0,3.7671586968072196e-05,0.0,3,4
232,1.766292262700702e-08,0.0,0.0,0.008687116821109323,0.0,1.6936697200458118e-05,0.0,0.030912316854611925,0.0,7,1
233,1.9294684730325846e-08,0.0,0.0,0.0006148530278104085,0.0,0.0,0.0,0.0008389769878896061,0.0,7,1
234,1.6669890309653101e-09,0.0,0.0,0.004841905287408289,0.0,3.942625475318282e-05,0.0,0.01967551624781148,0.0,7,1
235,0.034267491901428665,0.0,2.382865456697864e-06,0.0,0.0,0.0024193920647767007,0.0009286098581162368,0.0,0.0,5,4
236,3.946408687814697e-11,0.0,0.0,0.00023735407648132957,0.0,0.0,0.0,0.0001263969070660294,0.00018135314326755584,3,3
237,2.0852707545378263e-07,0.0,0.0,0.00474089701405263,3.077584330509062e-05,3.0817395304370805e-06,0.0,0.011296558859797471,0.0,7,1
238,0.05969391359144066,0.0,4.168964093606287e-05,9.590007982165229e-05,0.0,0.0,0.0,0.00021510045088125851,0.0025648695698174823,8,4
239,2.5811012483737935e-08,0.0,0.0,0.00012425847401235026,7.442940283826152e-06,4.7739105315252954e-06,0.00015668217681634832,6.064185648107693e-05,8.539056189302845e-06,6,1
240,0.08222317994829934,0.0,9.216803404563654e-05,0.00023917599965377314,0.0,0.0,0.0,3.767158696807059e-05,0.0,3,4
241,0.033720376387230695,0.0,2.4296422356395654e-06,0.0,0.0,0.002235149366761738,0.0008630704649762637,0.0,0.0,5,4
242,5.689093269159844e-09,0.0,0.0,0.0149975264289905,0.0,0.0,0.0,0.0,8.425330102940058e-05,3,1
243,0.00020730938368311477,0.0,0.0,0.00016524874690650052,0.00026942883553341274,0.00046555548843423835,2.7914606860136064e-05,5.447701577919544e-05,0.0001508720645257728,5,4
244,0.0039584608661057405,0.0,0.0,0.0,0.012390697674798504,0.0,0.000171024470212776,0.0,0.0,4,4
245,2.2152862070162397e-10,0.0,0.0,0.0003314559646605094,0.0,1.703919185860535e-05,0.0,0.00274322137804431,0.0,7,1
246,0.08222317994829934,0.0,9.216803404564022e-05,0.0002391759996537726,0.0,0.0,0.0,3.767158696807025e-05,0.0,3,4
247,2.6525828791022593e-08,0.0,0.0,0.0021963669285890884,5.062048858404194e-06,0.0,0.0,0.0,0.0002116846090863604,3,1
248,0.003802452868959552,0.0,3.729122841828177e-06,8.66623899964826e-06,0.0,0.00013814129818185133,6.387926899166384e-05,0.0,0.0001260681937389363,5,4
249,0.014360056964219298,0.0,0.0,0.0,0.1537985674015652,0.0009188115050799149,0.0012311342137441986,0.0,0.0,4,5
250,0.0038906413082839745,0.0,0.0,0.0024852584485954314,0.076497779109947,0.005486193364158786,0.007371735552413868,0.0,0.0016524713493665665,4,0
251,2.9235415819312197e-07,0.0,0.0,0.017627960219236228,9.132009557779757e-06,0.0,0.0003095266422273087,0.0,0.0,3,1
252,0.004737676973746548,0.0,0.0,0.0,0.020473676534938007,0.019093890692561722,0.002960888774634606,0.0,0.006189728639995586,4,4
253,0.006939594424298734,0.0,0.0,0.0,0.13146929620167044,0.0016679591062132616,0.0,0.0006887264919021249,0.0,4,5
254,0.001414653190069385,0.0,0.0,0.0,0.05340320219055766,0.0,0.0008950929643928515,0.0,0.0,4,4
255,0.007583166496960456,0.0,0.0,0.0,0.002604799962733415,0.0,0.0,2.221738116920655e-05,0.00027995747377318367,4,5
256,5.594370788295573e-09,0.0,0.0,0.0,3.0999490155780796e-07,8.014740421209706e-06,1.6556393231670586e-07,0.0,0.0,5,0
257,2.0202837536518762e-08,1.024443316927654e-08,0.0,3.803215330340964e-05,5.518769681256994e-06,9.721561903697207e-06,0.0,0.0001027446563624487,4.7044731503908896e-07,7,0
258,2.0387477251773393e-06,0.0,0.0,0.02100106283460183,0.0003675786108337373,0.0008302617075777618,0.059348243915466996,0.0,7.279287632209154e-05,6,1
259,0.024248254289903546,0.0,0.0,0.0,0.13832634064748967,0.0008157535153255404,0.0013585446167733023,0.0,0.0,4,5
260,1.1065673478849962e-10,0.0,0.0,2.9037738820678715e-05,2.8803128391068013e-07,0.0,0.00012151391932521093,0.0,1.9638052020292646e-05,6,0
261,2.2276658861009468e-07,0.0,0.0,0.01898088061458868,0.00011248898329499942,0.0,0.1645560771282305,0.009234485144547062,0.0,6,5
262,0.07629067374842706,0.18138834343991164,0.0,0.0,0.021143574746301838,0.0005988019936969055,0.0,6.758955482129553e-05,0.0,1,4
263,0.00576690084533334,0.0,0.0,0.0,0.08571182465470865,0.023805898203586046,0.0049472169248483645,0.0,0.0036201022745137247,4,4
264,9.025053741280114e-11,0.0,0.0,1.673033236201611e-05,7.341831102046131e-09,3.8678957026119273e-07,0.0,7.83952766435368e-05,0.00017876193129460767,8,1
265,0.011105821728760493,0.0,0.0,0.0,0.01452243952190688,0.0,0.0005242937331454335,0.0,0.02397772353831956,8,5
266,2.2040513809070547e-08,0.0,0.0,0.0008821431416988035,1.2411655967194666e-05,6.629669902707504e-05,0.004355453686301341,0.0,1.020320597850732e-05,6,3
267,1.2442929728397877e-06,1.731065961455313e-06,0.0,0.001489055421683323,0.00013841446688332693,0.10176178342297536,0.0,0.0,0.0,5,0
268,3.4339314873072134e-09,0.0,0.0,0.00869450319921383,0.0,0.0,0.0,0.010073904880582334,0.0,7,1
269,3.6841454919087047e-09,0.0,0.0,0.009590766009942641,0.0,0.00032072581511633755,0.0,0.05312145904813899,0.0,7,1
270,0.00030582440485792947,0.0,0.0,0.0003673104190755027,0.010904683641182042,0.0010363625721773364,0.0013251181519192783,0.0,0.0003446185603428872,4,0
271,0.0006112748630682879,0.0,5.889828187533211e-05,0.0,0.03462144674924893,0.0,0.0,0.0,0.0,4,5
272,0.03714180704488777,0.0,0.0,0.0,0.08736491068964543,0.002077118060638876,0.00098714879227186,0.0,0.0,4,5
273,1.180979016622426e-10,1.0440120388410522e-10,0.0,7.818740427145332e-07,1.040344011914543e-07,3.286446681865814e-07,0.0,3.338743074244712e-06,1.9801809450177973e-08,7,5
274,1.042145607906909e-07,1.3698342083173529e-07,0.0,0.005431159620881831,1.6693732772343425e-05,0.0017300749569725796,0.0019074219237697739,0.0,0.0,3,1
275,1.326649153397257e-05,1.2534031875581394e-05,0.0,0.0007194002039245183,0.0005333640822714775,0.06255312925752476,0.0,0.0,0.0,5,0
276,0.0005611154260057879,0.0,0.0,0.0,0.02894053956848755,0.0,0.0,0.0,0.0,4,0
277,3.5475298520650647e-07,0.0,0.0,0.0009711971839080684,6.0277230795639774e-05,3.031952301788685e-05,0.0010370240688542082,0.00038642583695330834,4.9487711541838276e-05,6,0
278,0.10974670191109058,0.0,1.0038257098432183e-05,3.9788803128833375e-05,0.0,0.016705574737844498,0.001961724504360119,0.0,0.0038513432905179566,5,4
279,0.0024796703286040995,0.0,3.7335349315697556e-08,0.0,0.0,0.0003693769243235962,0.00013734925515455915,0.0,0.0,5,4
280,3.798959678073104e-05,0.0,0.0,0.006367278117421506,0.00011877600000706183,0.0003932041775085056,0.0,0.010449038013249173,0.0001531720922746564,7,3
281,1.7234957157859012e-06,1.6386827618436053e-06,0.0,4.832780542979154e-05,0.00014664889379081253,0.00037569038906520516,0.0,0.0,5.77660278003764e-06,5,0
282,0.0007108194280240405,0.0,0.0,0.0,0.042157958613382895,0.0,0.0,0.0,0.00015533255059969485,4,4
283,0.002736114900470057,0.0,0.0,0.00010835359520922258,0.011248750652202943,0.012006905115722872,0.0017726658487690744,6.764014319898581e-05,0.003940922921521459,5,4
284,0.0113650662952993,0.0,0.0,0.0,0.1425957244984551,0.0007271993498140509,0.0019021201911258734,0.0,0.0,4,5
285,2.735872411080247e-08,0.0,5.6799456729878614e-08,0.0026338702799136742,8.43688794464969e-06,1.646940075338931e-05,0.0014308191988046078,0.0,3.0871252586993654e-06,3,0
286,2.370390943563842e-06,0.0,2.1824884362719213e-08,5.708916508532655e-08,0.0,2.6021159847589686e-06,6.771345637779429e-07,0.0,0.0,5,4
287,3.679866970567386e-10,0.0,0.0,0.0013615050826911155,0.0,0.0,0.0,0.003404529249027349,0.0,7,3
288,0.061787136878788736,0.0,0.00010999274568926453,0.0002894747092759337,0.0,0.0,0.0,0.00025152409295961775,0.0010142878556964404,8,4
289,0.05287084200437558,0.0,0.0,0.0,0.009736968452301493,0.0,0.0003747845449321152,0.0,0.0,4,4
290,3.8862897520082455e-06,0.0,0.0,0.0,0.0007122012597089018,0.0,0.0,0.0,4.524331512015626e-06,4,4
291,6.858387203583707e-05,0.0,0.00014495893766502247,0.0,0.009773645468360875,0.0,0.00012694763903682452,0.0,0.0,4,5
292,1.321284754376481e-05,1.2367160577769098e-05,0.0,0.002661102152930905,0.0005086776996613868,0.015533920185150896,0.0007968421520377598,0.0,5.633592988418081e-06,5,1
293,6.779307823186863e-08,0.0,0.0,0.07863349598066995,0.0,0.0,0.0,0.0,0.0,3,1
294,2.044858368262851e-08,1.0440414054263995e-08,0.0,4.0062578150454774e-05,5.7507446988767e-06,1.0455476874309713e-05,0.0,0.00011081039872312208,5.140377660326274e-07,7,2
295,9.146906003290929e-10,0.0,0.0,0.00013851692213986969,8.134965087310678e-07,3.7199286697530974e-07,0.00042910955925737587,0.0,9.10605081609157e-07,6,3
296,0.025312238918797882,0.013858413778827537,0.0,0.0,0.02883655314382047,0.0,0.0,9.196621968923171e-05,0.009929799332392068,4,4
297,0.000312685485840266,0.0,0.0,0.0003863677186207409,0.011480791896571998,0.0011492058821234083,0.0014231308775057119,0.0,0.00037418085576987494,4,2
298,2.0639884024929514e-08,0.0,0.0,0.0008923419034804216,1.0310748597995615e-05,0.0,0.005844142973504718,0.0,0.0,6,1
299,1.9447897647019033e-06,0.0,0.0,0.027331988997426723,0.00034350081992909164,0.0,0.12659976669383355,0.0,0.0,6,1
300,1.9335349018162446e-06,0.0,0.0,0.02628791017407627,0.0003382511066123324,0.0,0.12355809785159715,0.0,0.0,6,1
301,2.836797069607319e-07,0.0,0.0,0.00697449329316758,8.450374395679904e-05,0.0,0.038679614794411454,0.0,0.0,6,1
302,1.0152325540714097e-09,0.0,0.0,0.0016449603472262046,0.0,8.270479190349422e-05,0.0,0.008539549806811191,0.0,7,1
303,0.041705294391701946,0.0,2.839070724551566e-06,0.0,0.0,0.004865578108370036,0.0011610856969181313,0.0,0.0,5,4
304,0.059990033245520845,0.0,5.0280091635806446e-05,0.00011730288457808196,0.0,0.0010303340096304641,0.0006168223060764258,0.0,0.0,5,4
305,6.698762532661007e-09,0.0,0.0,0.012696187397048999,0.0,0.0,0.0,0.0037494981096474114,0.0002921206607215849,3,1
306,3.859850981880761e-08,0.0,0.0,0.024493701979426227,0.0,0.0,0.0,0.016317722811949324,0.0,3,1
307,2.472938391421279e-05,0.0,7.533033806162328e-08,1.0863742085223747e-06,0.0,0.0,0.0,9.097938014498844e-07,2.573138568942628e-05,8,4
308,0.0012834132515096724,0.000588033951971066,0.0,1.8036826995755715e-05,0.01690097499268508,0.0010182262841744371,0.0,0.00015882405129234744,0.00048230531885588694,4,4
309,1.7951761848843331e-07,0.0,0.0,0.002259787704011847,3.065705532214475e-05,0.0007594655432966183,0.00015921005411317012,0.00027249353895154155,1.1746274148704154e-06,3,1
310,1.5173646461810058e-06,2.1548565586712737e-06,0.0,0.0010713284467848848,0.00021758212595884282,0.22043200198370497,0.0,0.0,0.0,5,2
311,1.6947784717495234e-06,2.525107767865158e-06,0.0,0.0016298250568446428,0.00027408086626193296,0.30719425495563674,0.0,0.0,0.0,5,2
312,2.937341506556547e-06,4.314388438613429e-06,0.0,0.002731334113210303,0.00041061439672073857,0.4072172008408291,0.0,0.0,0.0,5,2
313,1.3493929215140145e-06,1.8601687866632101e-06,0.0,0.0010481891523402404,0.00018569079936306556,0.18787823023175257,0.0,0.0,0.0,5,2
314,1.9850790149940205e-07,0.0,0.0,0.014171436505903324,9.054369198304652e-05,0.0,0.1113279249659496,0.006726318687959025,0.0,6,0
315,2.5963305262919435e-07,0.0,0.0,0.028750489182207087,0.00015218625040991428,0.0,0.2559422041517618,0.01742758277186635,0.0,6,0
316,6.082526059165079e-09,0.0,0.0,0.011197561211007234,0.0,0.0003403839425481268,0.0,0.06329466819384894,0.0,7,0
317,0.026325697290279542,0.0,4.709756720454994e-05,0.000121579788984664,0.0,0.0,0.0,5.080391929906543e-06,0.0,3,4
318,5.665037625057258e-10,0.0,0.0,0.0018633536252904025,0.0,4.3388367376957115e-05,0.0,0.010773085844899626,0.0,7,1
319,9.014357200407784e-11,0.0,0.0,0.0007197518766322503,0.0,0.0,0.0,5.372147853319653e-05,0.00028556993043752065,3,1
320,0.0048156320684005,0.0009019507490011199,0.0,0.0,0.001205532887520481,0.0,0.00011562332517926065,0.0,0.0,4,4
321,0.042136921132764446,0.0,2.726610422269365e-06,0.0,0.0,0.00505383164827671,0.001213842353847085,0.0,0.0,5,4
322,8.177379472394928e-09,1.4249946702714668e-08,0.0,0.0007968317567819379,2.2027227709333993e-06,0.0003240598531668708,0.00033935807639377867,0.0,0.0,3,1
323,0.00576690084533334,0.0,0.0,0.0,0.08571182465470865,0.023805898203586008,0.004947216924848366,0.0,0.003620102274513718,4,5
324,2.735340397954573e-09,0.0,0.0,0.0012072735596016146,4.1501039311830746e-06,0.0,0.012426794636054386,0.0009613127377884625,0.0007080622499055898,6,1
325,8.657630188945201e-09,0.0,0.0,0.012375301566742748,0.0,0.0003518268262268467,0.0,0.0,0.0,3,1
326,1.2132702069076106e-06,2.6880523075815208e-06,0.0,4.0308185460719455e-05,6.313675769324361e-05,2.9773970147982044e-05,0.0,0.00011274088997730074,5.788116838598587e-06,7,1
327,5.3941124143728796e-05,0.0,0.0,0.0,0.002428102383170838,6.945490498370362e-05,3.899546892351605e-05,0.0,0.0,4,4
328,3.396046858567151e-11,0.0,0.0,0.0003264031825463586,0.0,0.0,0.0,0.0,4.679305774802959e-06,3,3
329,0.0002845886667744801,0.0,0.0,0.00032326266721438546,0.009632450379146694,0.0008785029821139419,0.0011370427921473033,0.0,0.00028944992841529213,4,1
330,3.6669488380739974e-10,0.0,0.0,0.0013794873001165958,0.0,0.0,0.0,0.0,0.0,3,1
331,1.227293019392409e-09,0.0,0.0,0.00012648224184634685,8.13369996762663e-08,2.3318612495965695e-06,0.0,0.0004819000842481419,0.000974122642104823,8,1
332,1.8987214841305137e-08,0.0,0.0,0.0005534285329534633,8.49273403798408e-06,3.666064516829918e-05,0.002402092848345267,0.0,1.9710359422938e-06,6,1
333,1.9038249534793875e-06,0.0,0.0,0.03403482070585522,0.0002912911843878257,0.007064869939182144,0.05147006870034512,0.0,1.8621353911032462e-05,6,1
334,0.010980013288164194,0.011193673847378276,0.0,0.0,0.011406774399807928,0.0,0.0,0.00012398095946685586,0.0004502438176513213,4,4
335,1.3711518639323292e-05,1.3298826214277092e-05,0.0,0.006527506412845919,0.0006113610502825094,0.1219352251088872,0.0006440121581136365,0.0,0.0,5,1
336,1.0322332139553682e-08,0.0,0.0,0.0015749463679239255,8.922644434771695e-08,0.0001965681402990602,0.0,0.007210350044489801,0.0,7,1
337,1.0641913176569746e-07,0.0,0.0,5.34165891387939e-05,1.0786837799361665e-05,0.0006607888577586096,0.0,0.00035988771162624207,0.0,5,2
338,1.3428881659588231e-06,0.0,0.0,9.997251114208345e-05,7.328417067498918e-05,0.0028785156914711827,0.0,0.00033885928597239345,0.0,5,2
339,1.1197886971067875e-07,0.0,0.0,0.00031058070701308287,1.2521908791968296e-05,0.0012029852904892082,0.0,0.0019270534405285366,0.0,7,2
340,0.11341161339283105,0.0,0.0001379007509050049,0.0003561142527977393,0.0,0.005052843994697155,0.0006365039204701126,0.0,0.0,5,4
341,0.08036586083899921,0.0,4.1208105338220164e-05,8.901697660227984e-05,0.0,0.008692410036516648,0.0017962376129661787,0.0,0.0,5,4
342,0.00038499086553572224,0.0,0.0,0.0,0.005942406831800393,0.00526348701577829,0.0008057993563549226,6.132003598935476e-06,0.001700651456584794,4,4
343,1.6121513882038934e-09,0.0,0.0,0.00011474287667676411,1.5404591281434614e-06,1.0722579405001665e-05,0.0006734396360704536,0.0,1.834583402083389e-06,6,3
344,1.1729643270944198e-10,0.0,0.0,1.4680618815790946e-05,1.882215140211403e-07,1.691211498824498e-06,0.00010175006194102827,0.0,3.1949964184149366e-07,6,3
345,2.2401430505151104e-09,0.0,0.0,0.003503942801441353,0.0,0.0,0.0,0.004330730454481147,0.0,7,1
346,1.629876618168212e-10,0.0,0.0,0.00044830712139215816,0.0,0.0,0.0,0.000670182167858933,0.0,7,1
347,0.03389983136271072,0.0,2.4156622814263505e-06,0.0,0.0,0.0022918257066117395,0.000883374107396345,0.0,0.0,5,4
348,0.21168845912434703,0.0,0.00025859018433931237,0.0006992281869750049,0.0,0.0,0.0,0.0004680114059779596,0.0012803828054286839,8,4
349,0.03924471099398468,0.0,6.12893461622886e-05,0.0001705024917228172,0.0,0.0,0.0,9.917321207448304e-05,0.00034636208666091083,8,4
350,0.02533579616356847,0.026554883661134707,0.0,0.0,0.017174404088203775,0.0,0.0,0.00013171581699827095,0.0029191966082594703,1,4
351,5.82008323808582e-08,0.0,5.836974784287425e-07,0.0011825742027183341,4.196122299597224e-05,8.568135347916099e-05,0.0050513915128052944,0.0,1.544826758840794e-05,6,1
352,5.82008323808582e-08,0.0,5.836974784296099e-07,0.0011825742027183346,4.196122299597224e-05,8.568135347916403e-05,0.005051391512805288,0.0,1.544826758841667e-05,6,1
353,2.212580663633666e-07,0.0,0.0,0.0021266118252137815,4.016341285998226e-06,6.577647052584392e-05,0.0,0.011181894962778199,0.0009865986835557458,7,1
354,3.733390876375169e-11,0.0,0.0,0.00022777620392121418,0.0,0.0,0.0,0.00010303474735967721,0.0006599243995281474,8,3
355,0.0048631027382999275,0.0,0.0,0.0,0.020007062571743596,0.02087487805908771,0.0031419524490159567,9.920949374757736e-06,0.006972856608545052,5,4
356,0.021886991313113884,0.0,0.0,0.0,0.02998032874463519,0.0006513054214601289,0.0007752294587330841,0.0,0.002177491888984683,4,1
357,0.016576955953427723,0.0,0.0,0.0,0.0037499232762589715,0.0014979596833626287,0.0006693734066412871,0.0,0.002979325208584101,4,4
358,1.0738882849773928e-07,1.6012096547688637e-07,0.0,0.0031859848762414403,2.0513103115178724e-05,0.008423061780361611,0.0016385955552036295,0.0,0.0,5,2
359,0.005560611628395744,0.0,0.0,0.0,0.007367901903268028,0.0008820315240561852,0.0,4.708295007312507e-05,0.0,4,2
360,0.005890937116341893,0.0,0.0,0.0,0.007792656641351426,0.0010028962602373175,0.0,4.8845706129446525e-05,0.0,4,2
361,4.089834691003924e-05,0.0,0.0,5.913402785253452e-06,0.0005207692346729628,0.0002916773849364422,0.0,0.0,0.0,4,2
362,1.6974339191085394e-07,0.0,0.0,0.0006961324620685019,2.6227472964879207e-05,0.0,0.0,0.0003382825143210003,0.0,3,1
363,1.3968500866427164e-05,0.0,0.0,0.0,0.0005115112040114011,0.0005648783296314446,8.332452183622429e-05,8.878155593478364e-07,0.00020507826187195498,5,5
364,4.755447999695984e-05,0.0,0.0,0.001515398559528239,0.0002417831693055642,0.00016505281232984237,0.0,0.002793074307564897,2.644811957287209e-05,7,3
365,0.06826612969589212,0.0,6.634306460822799e-05,0.00016636130373887478,0.0,0.0,0.0,0.0,0.0,3,4
366,1.9393161167612103e-07,0.0,0.0,0.00030337411757918594,3.7329454803667554e-05,5.8373498001173914e-05,0.0,0.0006668152190740748,1.1740871891089694e-06,7,2
367,2.035930535146731e-07,0.0,0.0,0.00031835355061874077,3.9232470155619765e-05,6.005972251157705e-05,0.0,0.0006879206120842079,1.1896114166976853e-06,7,2
368,5.716799714652969e-09,0.0,0.0,0.015209980769406896,0.0,0.0,0.0,0.0,9.350443843578581e-05,3,1
369,6.696707981132431e-09,0.0,0.0,0.020665132857195685,0.0,0.0,0.0,0.0,0.00019026082791040702,3,1
370,5.783667929139617e-09,0.0,0.0,0.015510816193726384,0.0,0.0,0.0,0.0,6.578013050165456e-05,3,1
371,5.424042454286557e-10,0.0,0.0,0.0018551458764372115,0.0,0.0,0.0,0.0008185207842621062,0.0010508644178719214,3,1
372,1.1488121420515234e-09,0.0,0.0,0.0049057875949012324,0.0,0.0,0.0,0.00030122109271893687,0.001369218356093019,3,1
373,0.46346125202875355,0.0,4.79824639877572e-05,4.29172913116888e-05,0.0,0.014306107632713491,0.005645678233958544,0.0,0.0,5,4
374,0.04435238119193955,0.0,1.8032956255834512e-05,3.28737372182486e-05,0.0,0.0028782904687069334,0.001064340882050673,0.0,0.0,5,4
375,0.0002898796603190797,0.00016808958436096964,0.0,7.963341546349808e-05,0.007051421613166079,0.0039982517997358006,0.0,3.0934039856892586e-05,0.00014755124080137268,4,4
376,5.08591662685581e-10,0.0,0.0,0.002659212656558636,0.0,0.0,0.0,0.0,0.0,3,1
377,7.513417593638815e-08,0.0,0.0,0.1005552405071504,0.0,0.0,0.0,0.0,0.0,3,1
378,2.7627394157824807e-06,0.0,0.0,0.0005931695110890341,1.4466635095225062e-05,5.43658539503421e-05,0.0,0.00015523744696963515,2.5197462523488154e-05,3,0
379,3.78681069569073e-05,0.0,0.0,0.01987419356434803,0.00012201868540280712,0.000290678752828059,0.0,0.0,0.0001316371297995622,3,3
380,3.7971778664546876e-05,0.0,0.0,0.004636185713295081,0.00011681159062482138,0.0003447663901001949,0.0,0.0010086949017914526,0.00014605120087932578,3,3
381,4.201421351185175e-11,0.0,0.0,0.0002648484781506382,0.0,0.0,0.0,0.0,3.5009368764790476e-05,3,3
382,9.025053741280114e-11,0.0,0.0,1.673033236201615e-05,7.341831102945678e-09,3.8678957026119273e-07,0.0,7.839527664353554e-05,0.0001787619312946026,8,1
383,3.0055903503062774e-08,0.0,0.0,0.006741662562695179,1.946323791765874e-05,0.0,0.051168678470344654,0.00794714406449468,0.00015039913293819984,6,1
384,1.2067047412113691e-08,0.0,0.0,0.001995922481812544,3.213219665039169e-06,0.0,0.013766548286989234,0.008145639097656573,0.0003245341383537468,6,1
385,2.0075197615190933e-08,0.0,0.0,0.0011371808183561446,2.662415086775169e-06,0.0,0.010052053122604794,0.002622834315664636,8.507646371232728e-05,6,1
386,1.121773637578862e-08,0.0,0.0,0.010275789238430968,0.0,0.00026509306026267424,0.0,0.05784110148265021,7.191871462446866e-05,7,1
387,9.526997583412111e-09,0.0,0.0,0.002341098377256391,0.0,0.0,0.0043408778186440995,0.015103990778914552,0.0008531801716148483,7,1
388,9.401655203372608e-08,0.0,0.0,0.003013003986376992,4.03791884016413e-06,0.0,0.010673202074035016,0.015366294313217455,0.0002992542020259309,7,1
389,0.00011576843116683399,4.490252188134976e-05,0.0,4.4961411364265736e-05,0.0035422097310892527,0.0005834051955779233,0.0,0.0,0.0,4,4
390,0.002466473881064246,0.0,4.061829781198725e-08,0.0,0.0,0.00035997594565514643,0.00013413400134514448,0.0,0.0,5,5
391,0.01012322363086004,0.0,1.2064248879933564e-05,3.0840223110225454e-05,0.0,0.0005204052526836067,4.664279897504261e-05,1.1093329357813987e-05,0.0002471390129080835,5,4
392,8.546168058211262e-08,0.0,0.0,0.09145627858720812,0.0,0.0,0.0,0.0,0.0,3,1
393,3.441520635434605e-09,0.0,0.0,0.010677642838995633,0.0,0.000280611056323399,0.0,0.04663639344973944,0.0,7,1
394,9.591376247561848e-09,0.0,0.0,0.026102410286273074,0.0,0.0,0.0,0.0662344978983876,0.0,7,1
395,2.1982476878877825e-09,0.0,0.0,0.003246901455962152,0.0,0.0,0.0,0.00388200488144224,0.0,7,1
396,0.004523179709632157,0.0,4.2176772330951804e-06,8.049820504450917e-06,0.0,0.001004150891686962,0.000318020991025154,0.0,0.0,5,3
397,0.054879402371391876,0.0,3.132558010042313e-05,7.310846046758655e-05,0.0,0.0,0.00013358132186978014,0.0,0.0,6,4
398,5.535526924276361e-06,0.0,0.0,0.0013323246574802774,0.0002085852973103853,9.02176672395241e-05,0.0,0.0023735123039914834,6.901532102888905e-06,7,3
399,1.9654710901354225e-08,0.0,0.0,0.011738346570444943,0.0,0.0,0.0,0.0430355563032036,0.0,7,1
400,2.1662231217267524e-08,0.0,0.0,0.004459311284104144,0.0,0.0,0.0,0.006927407448575037,0.0,7,1
401,5.0577008053172116e-09,0.0,0.0,0.01064144579873572,0.0,0.0,0.0,0.021989697196311518,0.0,7,1
402,4.1283262814623695e-10,0.0,0.0,0.0015607133226979643,0.0,0.0,0.0,0.002228999881141375,0.0,7,4
403,0.0024796703286040995,0.0,3.7335349315914396e-08,0.0,0.0,0.00036937692432359735,0.0001373492551545589,0.0,0.0,5,4
404,9.421797887277318e-06,0.0,0.0,5.0300924249025915e-05,7.814467266739035e-05,0.014454768158433615,0.0,2.1513299964627897e-05,0.0,5,2
405,0.06535402418923529,0.20107108605552973,2.7357475951649994e-06,2.9262834480148075e-07,0.0,0.006544837500991538,0.0012549850599274154,0.0,6.870114291693669e-05,1,4
406,8.719088087461052e-06,4.566731803132338e-06,0.0,0.0003542937128153697,0.0004810750145782851,0.0014729524551819956,0.0,0.0,0.0,5,2
407,0.0003069194188697945,0.0,0.0,0.0003706820765406747,0.010994592333576893,0.001041521719518313,0.00133885065621454,0.0,0.00034900366938025,4,1
408,0.0003069194188697945,0.0,0.0,0.0003706820765406739,0.010994592333576893,0.0010415217195183174,0.0013388506562145388,0.0,0.0003490036693802518,4,1
409,0.00032773563116189435,0.0,0.0,0.0004127230820439077,0.012206610975138255,0.0011824492540624691,0.001514217001909262,0.0,0.00039985752905348076,4,1
410,0.0003380875588480932,0.0,6.128416031013521e-07,8.413169243477806e-06,0.0,0.0,0.0,5.749519241039311e-06,0.00014429722084473382,8,4
411,0.005610976941266326,0.0,0.0,0.0,0.008275023419421105,0.0009053690714643284,0.0,6.007332097953468e-05,0.0,4,4
412,0.0006400132557432876,0.0,0.0007892905260751361,0.0,0.04038048955990718,0.0,0.0005204640635572873,0.0,0.0,4,5
413,0.0005611154260057879,0.0,0.0,0.0,0.028940539568487546,0.0,0.0,0.0,0.0,4,5
414,2.1788088840711254e-08,1.131012875458601e-08,0.0,4.361203478374371e-05,6.2975538414943464e-06,1.1541619768268907e-05,0.0,0.00012157019680178798,5.679847590260169e-07,7,0
415,1.4027319108319357e-09,0.0,0.0,0.00019462579025354606,2.047184734487168e-06,0.0,0.0006667787444825959,0.0,9.124471805640565e-05,6,3
416,1.18161812474454e-10,0.0,0.0,3.233151460654241e-05,3.192629332984747e-07,0.0,0.00013746371977662637,0.0,2.252872606193836e-05,6,3
417,6.346244491697614e-09,0.0,0.0,0.0169526752521276,0.0,0.0,0.0,0.0,0.0,3,1
418,6.779307823186863e-08,0.0,0.0,0.07863349598066996,0.0,0.0,0.0,0.0,0.0,3,1
419,6.779307823186863e-08,0.0,0.0,0.07863349598066996,0.0,0.0,0.0,0.0,0.0,3,1
420,0.01614337885023153,0.0,1.4584926472341199e-05,3.387041287144864e-05,0.0,0.0,0.0,1.1217649655251108e-05,0.0,3,4
421,0.042069666851067715,0.0,3.8273500663414404e-05,7.574889101843191e-05,0.0,0.0,0.0,8.419051925838613e-05,0.0,7,4
422,0.21379771087514673,0.0,0.000254900879078665,0.0006727044092334558,0.0,0.0,0.0,0.00038103709791427725,0.0007413851550700422,8,4
423,0.0024664738810642574,0.0,4.061829780396413e-08,0.0,0.0,0.00035997594565515185,0.0001341340013451425,0.0,0.0,5,4
424,0.003132230185772677,0.0,0.0,0.0,0.005444369537047064,0.0034325103460980306,0.000509376451288385,0.0,0.0,4,2
425,0.008463597565052557,0.02095345973618282,1.380969408826853e-06,2.006385164575284e-06,0.0,0.0010145775234279696,0.00022286627062861227,0.0,1.063714131123994e-05,1,4
426,0.000972377483510992,0.004485082147845956,0.0,0.0,0.00024657717653330126,0.00021809802511571556,0.0,1.9705357494887266e-06,0.0,1,2
427,0.06369795022764373,0.0,1.2479120747495629e-05,1.1613674248297785e-05,0.0,0.0014679945177905071,0.0010859823389463548,0.0,0.009138862498140339,8,4
428,0.07289146994028674,0.0,0.0,0.0,0.0015151136873025363,0.005652191194655822,0.0015176492885155108,0.0,0.002947818986498026,5,4
429,0.0028493118052937607,0.0,0.0,0.0012920824423988564,0.0021125250757267474,0.002953360693917417,0.0001859828419316381,0.0003522051293174015,0.000871853227345923,5,4
430,1.919200119899132e-08,0.0,0.0,0.0006046206488617823,0.0,0.0,0.0,0.0008183835618555189,0.0,7,1
431,0.0028034312596312934,0.0,0.0,0.0,0.0,0.0005378265751906332,0.00019326265253711647,0.0,0.0,5,2
432,0.03853105750199391,0.0,4.969297015259418e-07,0.0,0.0,0.0034205006694866106,0.001274428808307163,0.0,0.0,5,2
433,0.006438476987680263,0.0,1.923068640134363e-06,4.930971537093105e-07,0.0,0.0013562022325568932,0.00044139748318786575,0.0,0.0,5,4
434,3.1102127495198176e-07,0.0,2.5523085918938093e-07,3.1650532965459374e-05,1.8273959580807066e-05,4.8570840350870905e-06,0.0,9.446737174620529e-05,4.869636246585434e-07,7,5
435,3.738192795653718e-09,0.0,0.0,0.004750445437885251,0.0,0.0,0.0,0.01438098969147779,0.0,7,1
436,3.612147227585882e-11,0.0,0.0,0.00031063224168976887,0.0,0.0,0.0,3.8634524523814055e-05,0.0,3,1
437,0.03874109152982612,0.0,0.0,0.0,0.0,0.002223912925023704,0.0010023404876227653,0.0,0.0,5,4
438,0.04640805204940798,0.0,0.0,0.0,0.004396518467113821,0.000413600671371669,0.0006182464641749906,0.0,0.0,4,4
439,0.015287266012088088,0.0048419185951688775,0.0,0.0,0.025719603090918714,0.0,0.0,0.00017349853865131424,8.566033086524326e-05,4,4
440,0.007061153204620156,0.0,0.0,0.00030481029613064434,0.05425427734698146,0.0032308492163636788,0.00035502364701463576,0.0,0.007833393541979058,4,4
441,0.002669356305482068,0.0,0.0,0.0,0.01981712819537724,0.009388485202831661,0.001433439991565285,7.044683648723078e-05,0.002888460962962937,4,2
442,0.06524802759016428,0.0,1.6293171613899498e-05,2.661065321498301e-05,0.0,0.0032371871826448136,0.000984924972968493,0.0,0.00897403665764014,8,4
443,0.0008391729243436974,0.0,0.0,0.0,0.021256840760270294,0.007491046581007,0.0014858116176134858,0.0,0.0012405972055984649,4,4
444,5.865143114303698e-05,0.0,0.0,4.746712666282794e-06,0.002609720208975549,0.0008898602453393296,1.1946965153059054e-05,0.0,0.0,4,1
445,7.096404768058708e-10,2.0417499682668138e-10,0.0,0.0012248971356530777,0.0,0.0,0.0,0.0012889937249198349,0.0002322833637409341,7,1
446,1.7246420159607534e-07,0.0,2.716692322522891e-09,7.2501564430516215e-09,0.0,4.104201449337175e-07,1.0221499091596538e-07,0.0,0.0,5,4
447,0.03830649236125163,0.08166826025840038,0.0,0.0,0.023606040343389763,0.0,0.0,0.00015249947867068475,0.0,1,4
448,0.06810805991381311,0.0,5.603664828463577e-05,0.00013974473537971705,0.0,0.0027721416454658298,0.0004168487048825802,0.0,0.0,5,4
449,0.03365881873735605,0.0,0.0,0.0,0.37427292408180934,0.004233080590609663,0.006392335858263878,0.0,0.0,4,4
450,2.8719299290189116e-09,0.0,0.0,0.005479281057963846,0.0,0.0,0.0,0.005178299788252844,0.0,3,1
451,2.8243032334875332e-09,0.0,0.0,0.0038441343745009107,0.0,0.0,0.0,0.005125437763297705,0.0,7,4
452,7.979485287465512e-05,6.178088736942096e-06,0.0,0.0,0.00839621544026986,0.0,0.0,2.7201973279938756e-05,0.0006149225327375029,4,5
453,5.2552172930510516e-05,0.0,0.0,0.0,0.005473594072018814,0.0,0.0,0.0,2.604766577752927e-05,4,4
454,3.8235754195775155e-06,0.0,0.0,0.0,0.0006778607909235737,0.0,0.0,0.0,4.129774198866386e-06,4,4
455,1.6868220866335577e-08,0.0,0.0,0.0009885779658113758,8.31583343193925e-07,1.4797007804523452e-05,0.0,0.003111814044091762,0.005644493909713775,8,4
456,2.0202837536518762e-08,1.024443317127271e-08,0.0,3.803215330340955e-05,5.518769681253395e-06,9.721561903694383e-06,0.0,0.00010274465636244846,4.70447315044458e-07,7,1
457,5.656833616446113e-09,0.0,0.0,0.015145508013288398,0.0,0.0,0.0,0.005889959507462842,0.0,3,1
458,0.12682608016390443,0.0,0.00011656120991297991,0.000298037962300657,0.0,0.0,0.0,0.00017001579542296423,0.0,3,4
459,0.10480581497162914,0.0,5.2290672351131695e-05,0.0001523220339332853,0.0,0.0,0.0,0.0001993604711904658,0.0,7,4
460,0.15895329060828806,0.0,0.0002256518193058889,0.0005906445720475171,0.0,0.0,0.0,0.0,0.0,3,4
461,6.779307823186863e-08,0.0,0.0,0.07863349598066996,0.0,0.0,0.0,0.0,0.0,3,1
462,3.627152934800154e-10,0.0,0.0,0.0013307645669455859,0.0,0.0,0.0,0.0,0.0,3,4
463,4.985249352488063e-09,0.0,0.0,0.010401179687150963,0.0,0.0,0.0,0.0,0.0,3,1
464,2.182657838213541e-07,0.0,7.392210239217786e-07,0.004383181329595212,0.00010159212350585374,0.0002626581733354662,0.01665993092832997,0.0,3.683633750668988e-05,6,1
465,7.999267367190138e-07,0.0,4.657833255107797e-06,0.009242932423380448,0.00034052029805381657,0.0005434854611316298,0.0334330131505923,0.0,8.883509505878077e-05,6,1
466,5.82008323808582e-08,0.0,5.836974784261405e-07,0.0011825742027183378,4.196122299597224e-05,8.568135347916359e-05,0.005051391512805283,0.0,1.5448267588388064e-05,6,1
467,0.003281140971012828,0.0,6.186888705413562e-06,1.6362218783678095e-05,0.0,0.0,0.0,2.6745212185165548e-05,0.0001149889607524749,8,5
468,2.6187520576443637e-15,9.938606902658459e-14,0.0,7.802378171377042e-10,6.32088124186482e-11,2.3293590178841857e-10,1.3948032315380504e-08,0.0,9.075458695287909e-07,8,3
469,4.48227520218354e-09,0.0,0.0,0.012995982688026831,0.0,0.0004444464974496578,0.0,0.07548847816326269,0.0,7,1
470,4.44689517941235e-09,0.0,0.0,0.012763979064288954,0.0,0.00033193930405120366,0.0,0.0647447213031135,0.0,7,1
471,8.451742909723165e-08,1.0636944642949259e-07,0.0,0.006037711193351748,6.726370576831866e-06,0.000836258785341836,0.0,0.020390154259292557,0.0,7,1
472,5.618185842104401e-08,0.0,0.0,0.05687280054517373,0.0,0.001666049253687609,0.0,0.3123436420294017,0.0,7,1
473,1.8794203131673264e-10,0.0,0.0,0.0006147161017712035,0.0,1.6778501878753045e-06,0.0,0.0020676048129451958,0.00016545524874369145,7,1
474,5.534384237853296e-10,0.0,0.0,0.0019404718112676599,0.0,0.0,0.0,9.04640041229089e-05,0.0,3,1
475,1.5168072880325454e-07,0.0,0.0,0.003207997516070874,4.648220305886069e-05,0.00012609390949081702,0.013944178587911365,0.0,1.1869083826844754e-05,6,5
476,2.0996471750394905e-07,0.0,0.0,0.006267737268123383,2.9045973116939203e-05,0.0,0.0,0.018125364605671174,0.0,7,1
477,1.4695534362566304e-07,0.0,0.0,0.005788791886146744,4.050331665446444e-05,0.00025578114366961967,0.01034614282025149,0.0,2.9068406075831897e-06,6,1
478,0.012887330809281913,0.0,0.0,0.0,0.010376221084205656,0.014971728525669126,0.0020753982774518974,7.553244038482767e-06,0.004885706892506017,5,4
479,0.007584318886253122,0.0,0.0,0.0,0.013853870738390657,0.015979820352339975,0.00228315806341828,3.504363268248518e-05,0.005784124690704534,5,4
480,3.8862897520082455e-06,0.0,0.0,0.0,0.0007122012597089018,0.0,0.0,0.0,4.524331512016156e-06,4,4
481,0.04514624790199601,0.0,0.0,0.0,0.0666100407925724,0.0031595825618867895,0.0023064931399970866,0.0,0.0,4,1
482,0.002940552981886886,0.0,0.0,0.0,0.06455450710011339,0.0022281894254302867,0.0008872675749551838,0.0,0.0003068643373838148,4,5
483,8.14406971250654e-08,0.0,0.0,0.11699032327201206,0.0,0.0,0.0,0.0,0.0,3,1
484,0.03439993292006743,0.0,0.0,0.0,0.008202338693452481,0.0024851258761848425,0.0011264856577982564,0.0,0.0,4,4
485,0.0008545545433438312,0.0,0.0,0.0,0.005768867035236917,0.006139955388723178,0.0008995827658025569,1.0427971915801958e-05,0.0022275794584536313,5,4
486,1.1899262579089104e-07,0.0,0.0,0.09672464874161156,0.0,0.0022316081757989365,0.0,0.0,0.0,3,1
487,0.0063464681702326275,0.0,0.0,0.0,0.06607551714921679,0.0015986083569727038,0.0016260824367947905,0.0,0.0,4,4
488,2.0742319912813583e-07,0.0,0.0,0.004663290571630451,3.0330094770158907e-05,3.0095216432839564e-06,0.0,0.01102569606277391,0.0,7,1
489,1.3061289650255459e-08,0.0,0.0,0.0002891254120648542,3.7467714462440923e-06,0.0001198104485045077,2.401359339194306e-05,4.1871506489280624e-05,2.071223021976158e-07,3,2
490,1.3061289650255459e-08,0.0,0.0,0.0002891254120648542,3.7467714462440923e-06,0.00011981044850450627,2.4013593391943975e-05,4.1871506489281654e-05,2.0712230219977153e-07,3,2
491,2.3650983024950247e-06,0.0,0.0,0.001751288573838658,0.00022714932571053567,0.0002326581341541468,0.0,0.0027568673266917016,4.005314275628087e-06,7,1
492,1.2420408261806935e-06,1.5834684888152779e-06,0.0,0.019307196353249772,0.00011835659801131801,0.04447689978663252,0.002533619424709492,0.0,0.0,5,1
493,0.13913610704245058,0.0,0.00010485454276299702,0.00026583689993982815,0.0,0.0033402218657457546,0.0002883525422125471,7.200942103466682e-05,0.0012860614373702097,5,4
494,0.08408240370067811,0.0,5.872667909440575e-05,0.00015414487994026957,0.0,0.0,0.0,0.00010660740754051436,0.0012064243131283676,8,4
495,8.719088087461052e-06,4.5667318031343344e-06,0.0,0.00035429371281537036,0.00048107501457828603,0.0014729524551819896,0.0,0.0,0.0,5,2
496,5.095840782467686e-07,0.0,0.0,0.11055319589071642,1.5972397346676818e-05,0.0,0.0,0.0,0.0,3,1
497,1.5042348521684785e-07,0.0,0.0,0.08109203063588319,0.0,0.0,0.0,0.0,0.0,3,1
498,0.013121888346458851,0.014046206770908414,0.0,0.0,0.0007938121518174664,0.0,0.0,5.9284623522348794e-05,0.0,1,4
499,0.09281284225473765,0.23507868988545644,0.0,0.0,0.02328054193521707,0.0,0.0,0.00010411442560758315,0.0,1,4
500,0.05226185933368363,0.0,3.29820500018711e-05,7.70469256847775e-05,0.0,0.0008912523902843757,0.0004150036081492324,0.0,0.0006756873251109929,5,4
501,0.08359642058472479,0.0,9.772454011803927e-05,0.00025209709087127975,0.0,0.0,0.0,1.4577059553462332e-05,0.0,3,4
502,6.779307823186863e-08,0.0,0.0,0.07863349598066997,0.0,0.0,0.0,0.0,0.0,3,1
503,6.779307823186863e-08,0.0,0.0,0.07863349598066997,0.0,0.0,0.0,0.0,0.0,3,1
504,6.779307823186863e-08,0.0,0.0,0.07863349598066997,0.0,0.0,0.0,0.0,0.0,3,1
505,2.668176876359986e-10,0.0,0.0,0.0006283136154020782,0.0,0.0,0.0,0.001716335473526963,0.0,7,1
506,3.675219904161717e-08,0.0,0.0,0.00447614172533324,6.033247729567642e-06,0.00010001407976283296,0.0019742323178442095,0.0,0.0,3,1
507,2.6740056109063083e-09,0.0,0.0,0.0005726937689436254,6.489804954040204e-07,1.5766857720483662e-05,0.0002982889268225654,0.0,0.0,3,1
508,0.0006303132031763038,0.0,0.0,0.0,0.03552814529427521,0.0,0.0,0.0,0.0,4,5
509,0.0009510714849908523,0.0,0.0,0.0,0.053183781751978534,0.0,0.0,0.0,9.477074625837803e-05,4,5
510,0.00025902697291285665,0.0,0.0,0.0001348512379027384,0.005491207538063944,0.0002957179643015518,2.224264168298171e-05,4.8350500878134e-05,0.0001749031110249669,4,4
511,3.6997592506109834e-10,0.0,0.0,0.0014254790717459426,0.0,0.0,0.0,0.0,0.0,3,1
512,0.00019198655513734216,0.0,0.0,0.0,0.004126944936038522,0.003583538536803042,0.0005538838185598074,2.1558600936389305e-06,0.0011894197170403196,4,5
513,0.005866515530848791,0.0,0.0,2.750111938469421e-06,0.018514542735402813,0.0017158199782711147,0.0,0.00015687651314594234,0.0,4,4
514,0.005570915823462409,0.01531288585649186,0.0,2.7206514861169185e-05,0.018731962478708213,0.0012184784077140668,3.925013804712926e-05,7.282203595118119e-05,0.0015310517266948387,4,4
515,1.6930909816434468e-07,0.0,0.0,0.00018614146240154543,2.6550145672083427e-05,1.298625205802583e-05,0.0,0.0003748670441644257,1.985261309267938e-06,7,0
516,0.0068234993700315915,0.0,0.0,0.0,0.08431432856175883,0.0012356222306012705,0.001584654227032971,0.0,0.0,4,4
517,7.035487384153189e-08,0.0,0.0,0.08380358673895678,0.0,0.0,0.0,0.0,0.0,3,1
518,1.5050689943486216e-09,1.0035990324326273e-09,0.0,5.32920868176674e-06,7.372922297461848e-07,1.7551574815277864e-06,0.0,1.8219563454187638e-05,9.530313611091302e-08,7,0
519,1.180979016622426e-10,1.0440120388410507e-10,0.0,7.818740427153079e-07,1.0403440119055477e-07,3.286446681869073e-07,0.0,3.338743074241156e-06,1.980180945644856e-08,7,2
520,8.90247438823149e-09,0.0,0.0,0.016327467349748936,0.0,0.0,0.0,0.014880769735921309,0.00020557046564502484,3,1
521,0.04012920104881386,0.0,0.0,0.0,0.022939524874153915,0.0,0.0,0.0002750642932931187,3.5755632447462544e-05,4,4
522,2.188701782351465e-08,0.0,0.0,0.013804956864254009,0.0,0.00020126456779270713,0.0,0.05765595519002321,0.0,7,1
523,0.02412746528801813,0.024755691453751727,0.0,0.0,0.039208159854282734,0.0,0.0,0.0002436287751771101,0.0,4,4
524,0.0491223425435363,0.0,3.319855872284406e-05,7.95612606504079e-05,0.0,0.0005748305288954711,0.00023638180494781223,0.0,0.0,5,4
525,0.0041267796311857145,0.0,5.111109376359644e-06,1.2258065563787394e-05,0.0,5.785598650258895e-05,4.397212837728058e-05,0.0,0.0,5,4
526,8.824048213182914e-06,4.752060146822338e-06,0.0,0.0005253650403212002,0.0005144374603319934,0.04692106795389594,0.0,0.0,0.0,5,2
527,0.006409455081664465,0.0,0.0,0.0,0.03733811789380927,0.0,0.0,0.00016157116988122506,0.0,4,5
528,0.030124979265259283,0.0675577004315678,0.0,0.0,0.0008056717567986909,0.0014253535355410977,0.00016724527472164807,0.0,0.0,1,4
529,0.0012590587820182505,0.0,0.0,0.0,0.028610991486544095,0.011209492786949072,0.002166254751938055,0.0,0.0019102650279090004,4,4
530,0.008053375365459659,0.0,0.0,0.0,0.05135272350248948,0.0008420560200689955,0.0011804818181519751,0.0,0.0,4,2
531,0.0339007966984266,0.0,2.415138638648772e-06,0.0,0.0,0.002293349204464639,0.0008838718372778184,0.0,0.0,5,4
532,3.8235754195775155e-06,0.0,0.0,0.0,0.0006778607909235736,0.0,0.0,0.0,4.129774198866488e-06,4,4
533,1.1648434697213136e-09,0.0,0.0,0.002719733504012027,0.0,0.0,0.0,0.00012417658591941377,0.005324219905679825,8,3
534,0.0028034312596312934,0.0,0.0,0.0,0.0,0.0005378265751906343,0.0001932626525371161,0.0,0.0,5,4
535,0.005632571909616251,0.0,0.0,0.0,0.003378198607183756,0.0029453419682254622,0.0005037608923196866,6.914305829982379e-06,0.0014641871525473374,4,5
536,0.00021394788216225557,0.0,0.0,0.0,0.008000988407525896,0.0003438499822487008,0.00013148441680588136,0.0,4.91001143870591e-05,4,5
537,1.2361639029738022e-08,0.0,0.0,0.0010242730031128355,6.4419896238725545e-06,2.1841382945169406e-06,0.0026224856205179243,0.0,4.6747520892973135e-06,6,3
538,5.085041279766056e-09,0.0,0.0,0.011141462835513337,0.0,0.0,0.0,0.0,0.0,3,1
539,1.3318469834402344e-08,0.0,0.0,0.0014751770481287215,9.33263838533231e-06,0.0,0.012959361718640481,0.0008380473759854423,0.0,6,3
540,0.008422372650159535,0.0,0.0,0.0,0.09082680210472698,0.0031612583184392274,0.0021913548836293892,0.0,0.0,4,4
541,0.0005094591346416954,0.0,0.0,0.0,0.014818553040324362,0.002271168545091349,0.0007358122836959593,0.0,0.0003477345104988819,4,5
542,5.006827710025152e-10,0.0,0.0,0.0017329298051785619,0.0,0.0,0.0,0.0,4.387984749209904e-05,3,1
543,5.367543790791734e-07,0.0,1.2473122210112694e-07,0.019749703409952545,0.00019667998961338614,0.0008863267746880778,0.047163408586008496,0.0,9.978274909028855e-05,6,1
544,6.5227984475577875e-09,0.0,0.0,0.01385099958915267,0.0,0.0004526889587783221,0.0,0.07965960834645047,0.0,7,1
545,0.032427472058958615,0.01897687072400967,0.0,0.0,0.028740769993368966,0.0,0.0,0.00033902378746235887,0.0,4,4
546,0.04406098603582087,0.027191808941385044,0.0,0.0,0.05064246489895513,0.0,0.0,0.00047450566437009394,0.00019922186886448657,4,4
547,0.04635269673897023,0.0,0.0,0.0,0.04750385025916203,0.0,0.0,0.0,0.0,4,4
548,0.03628355850587192,0.029233474305903995,0.0,0.0,0.04577297709632102,0.0,0.0,0.00048320171053812177,0.0016547191028306498,4,4
549,0.03027792803229602,0.03923644672210604,0.0,0.0,0.01771303097396837,0.0,0.0,0.00022343165264412303,0.0008728644081580462,1,4
550,0.033900944641009095,0.0,2.3823573733113055e-06,0.0,0.0,0.0022960771477721752,0.0008858113799108658,0.0,0.0,5,4
551,1.2615802275134844e-09,0.0,2.8364552830714755e-09,0.00030855498112984246,1.6289120794109783e-06,0.0,0.0005367680093869231,0.0,0.0033822759468447195,8,0
552,0.004471533486071233,0.0,4.082522703929529e-06,7.796424189587522e-06,0.0,0.0009449183385795905,0.0003009054025522745,0.0,0.0,5,2
553,7.375797159471162e-09,0.0,0.0,0.014020812882820546,0.0,0.0,0.0,0.005048008445279885,0.0057203587065615714,3,1
554,0.0009050201091631501,0.0,0.0,0.0,0.02426354894258281,0.008890866864659301,0.0017485696985690077,0.0,0.0014977142173434545,4,4
555,0.0009050201091631501,0.0,0.0,0.0,0.024263548942582813,0.008890866864659317,0.0017485696985690103,0.0,0.0014977142173434532,4,4
556,0.002466473881064246,0.0,4.0618297810686206e-08,0.0,0.0,0.0003599759456551411,0.00013413400134514345,0.0,0.0,5,3
557,8.470576711238238e-08,0.0,0.0,0.082574723210806,0.0,0.0,0.0,0.0,2.541533114637799e-05,3,1
558,6.220015666793376e-09,0.0,0.0,0.018565706873997796,0.0,0.0,0.0,0.0,0.0003575906887696628,3,1
559,0.000350827621724396,0.0,0.0,0.0013011633394589513,0.01056581897062465,0.0006468998864655368,0.0,0.0023696738017316378,0.000215157723976191,4,1
560,0.01239222084651325,0.04311468022007142,0.0,0.0,0.0032880242878764593,0.0011407808247008253,0.0,1.2599980815899135e-05,0.0,1,4
561,1.4705172448946494e-07,0.0,0.0,0.005851463629506657,4.0592799324934354e-05,0.00025960139821904496,0.01041285436057,0.0,2.8690281151041855e-06,6,1
562,2.368815440063941e-05,1.73911887206211e-05,0.0,0.00037772639520766704,0.0011846255873154666,0.0023821537590585228,0.0,0.0,3.373631262176513e-05,5,2
563,1.5759021872558182e-08,0.0,0.0,0.0006865459597636354,4.1299318969305e-06,5.670523758609381e-07,0.0,0.0021125168947946113,0.0,7,1
564,0.01698691010621481,0.0,4.858025485100402e-06,1.546230685413686e-05,0.0,0.0014337207451638008,0.0,2.7841540339313034e-05,0.0005970829136255155,5,4
565,1.3969971215713027e-06,2.7999605409164095e-06,0.0,0.0004821782570108636,0.00013810519956230995,0.08444732760080974,0.0,0.0,7.432504626857425e-05,5,0
566,0.002386020114169221,0.0012918505518533885,0.0,0.0002514127231859634,0.02853386591000966,0.02116269113717285,0.0,0.00024315221506882126,0.000884706674687635,4,4
567,7.498226104693297e-08,0.0,0.0,0.09245342576118339,0.0,0.0,0.0,0.0,0.0,3,1
568,7.498226104693297e-08,0.0,0.0,0.09245342576118339,0.0,0.0,0.0,0.0,0.0,3,1
569,9.880991926811865e-08,0.0,0.0,0.10801578017064822,0.0,0.0,0.021826235386943508,0.0,0.0,3,1
570,9.304611689652982e-10,0.0,0.0,0.002523051282649959,0.0,9.378132793324598e-05,0.0,0.005565908078485085,0.000983899712576755,7,1
571,0.08303290033060957,0.0,9.924713475058167e-05,0.0002456939904383823,0.0,0.0009617591658221206,0.00048391683842131326,0.0,0.0,5,4
572,0.005932385437360207,0.0,0.0,0.0,0.0,0.0011950025295279952,0.0003487044631621526,0.0,0.0,5,4
573,0.005247258809462991,0.0006329913773810682,0.0,0.0,0.0012069047172170366,0.00012159064764355729,0.00016846263626049904,0.0,0.0,4,4
574,3.9470908996435e-08,0.0,1.6133341097545587e-08,0.0026123754308708855,2.46474334717658e-05,0.00014707706153912602,0.007466838814937999,0.0,1.85126379337886e-05,6,1
575,4.708944973170737e-05,0.0,0.0001023817266555013,0.000746855545136674,0.005182671253313447,0.0,0.0036222920342274603,0.0,0.0,4,5
576,5.1717589229745325e-05,0.0,0.0,0.0,0.0052217734939608235,0.0,0.0,0.0,2.404676335449388e-05,4,4
577,1.7531469700996986e-07,0.0,0.0,0.012276668948862377,7.702208043223509e-05,0.0,0.09889701440958755,0.006198210539190995,0.0,6,1
578,2.788511192839376e-08,0.0,0.0,0.01551719763622673,0.0,0.00062778001203255,0.0007626934875371425,0.0,0.0,3,1
579,3.938211470944355e-06,0.0,1.7406377579745285e-06,0.00021037194873331624,0.00012635581825584305,2.4903311485799026e-05,0.0,0.0004941539456578697,2.256775006615246e-06,7,1
580,3.4786020383948237e-06,0.0,0.0,0.00019725421817145712,3.0555726212588635e-05,2.6714317554228046e-05,0.0,0.0004438102651213455,4.699970594448227e-06,7,1
581,3.9704266398608216e-10,0.0,0.0,0.0017213316924700275,0.0,0.0,0.0,0.00041703254515253386,0.0,3,1
582,0.06145786998770996,0.0,3.6369478435594355e-05,7.188706240398321e-05,0.0,0.006007678653673776,0.001984286797724739,0.0,0.0,5,4
583,0.005682969041083622,0.0,0.0,0.0,0.007747022480634952,0.0,0.0003769975493247191,0.0,0.012807471194184223,8,4
584,7.269768568118707e-11,0.0,0.0,0.00026425595230755456,0.0,0.0,0.0,0.00013167420844095902,0.0023120880307581056,8,3
585,1.7746404546858134e-08,0.0,1.2061812636449359e-07,0.0007374298485995145,1.55810301554446e-05,5.433786803130629e-05,0.0033198701565528184,0.0,9.818364300432321e-06,6,1
586,2.2557069976938313e-07,0.0,2.3601818642800975e-07,0.01725992631732009,8.592562087631088e-05,0.0,0.01702293836221032,0.0,0.00016042658544616938,3,1
587,6.7556084929643586e-09,0.0,9.343528606389624e-08,0.0005369799582636128,8.431145311823729e-06,2.1902910508823307e-05,0.001692054103457957,0.0,9.466072764277309e-06,6,1
588,0.00018046497476017587,0.00013010456171568867,0.0,0.0015832489793540514,0.004018444292130246,0.09384954337571372,0.0,0.0,4.276031803972116e-05,5,0
589,0.09791142726083692,0.1652328137014468,0.0,0.0,0.010167143616863472,0.0,0.0,0.00033542458792559505,0.0,1,4
590,2.057283754131513e-07,0.0,0.0,0.018104870432635554,9.925404089994322e-05,0.0,0.13957084909439968,0.008387534326910234,0.0,6,5
591,1.3685925924112718e-10,0.0,0.0,0.0013117430564596323,0.0,0.0,0.0,0.0,2.6299802373503804e-05,3,1
592,0.08296567891405003,0.04661552788614775,0.0,0.0,0.026565955814247717,0.0,0.0,9.314926214261733e-05,0.00029322228088684616,1,4
593,4.220583988828287e-09,0.0,0.0,0.012815591001452357,0.0,0.00021146182119555633,0.0,0.058125034573430254,0.0,7,1
594,6.124722086273461e-09,0.0,0.0,0.018352636181397423,0.0,0.0,0.0,0.01809392215823772,0.0,3,1
595,1.0512088518914426e-08,0.0,0.0,0.002179273084799815,2.226168880262928e-06,0.00024381602347605365,0.0,0.0084999372472687,0.0,7,1
596,1.2482222920915412e-09,0.0,0.0,0.006852411374217818,0.0,0.0,0.0,0.014237960058604482,0.0,7,1
597,9.619693998033562e-10,0.0,0.0,0.005398727820990672,0.0,0.0,0.0,0.00644276561866622,0.0,7,1
598,5.848602735712017e-09,0.0,0.0,0.016991100088568693,0.0,0.0,0.0,0.009313807453689094,0.0,3,1
599,0.0003525643480540758,0.0,0.0,0.0,0.010738117909466096,0.0006061501528761256,6.0971644828772134e-05,7.00295197594176e-05,0.00022834755954827688,4,2
600,1.0694931244016076e-09,0.0,0.0,0.0007147878519539334,2.3261059393430374e-06,4.048423130803875e-06,0.0,0.0013249621655647696,0.017978941127460693,8,3
601,1.2040880948086654e-06,1.5847800512085124e-06,0.0,0.00650375783292512,0.0001139561732093319,0.04100291300468874,0.002055507664855974,0.0,0.0,5,2
602,2.3393798080437305e-07,1.1588052095723174e-07,0.0,0.005594278839391567,5.1760141537013994e-05,0.008912322173444892,0.008331601093593372,0.0,0.0,5,1
603,5.0635813196411225e-08,0.0,0.0,0.07496087819596982,0.0,0.002034119719230067,0.0,0.34297603497627255,0.0,7,1
604,2.188472106615923e-08,1.1206923152295615e-08,0.0,4.56850442253203e-05,6.403355923468883e-06,1.1719949843390031e-05,0.0,0.00012549969005625855,5.739177805682085e-07,7,1
605,0.01957269032219004,0.06626673382085771,1.191778570812568e-06,2.6719160002952276e-06,0.0,0.002101538566729802,0.00034464120814799203,0.0,0.0,1,4
606,5.341413433612277e-05,0.0,0.0,0.0,0.005750926964174357,0.0,0.0,0.0,2.8443077985261375e-05,4,4
607,3.5992779919727645e-14,1.054775233508574e-12,0.0,6.098293812085955e-09,5.116283092244216e-10,1.4769173939937687e-09,9.231616317942416e-08,0.0,5.258687512049845e-06,8,3
608,8.358493326610404e-11,0.0,0.0,0.0006276642170316343,0.0,0.0,0.0,4.5560843076373156e-05,0.00023628798236873522,3,4
609,1.442598110927012e-06,1.9668725852418933e-06,0.0,0.0013370833746257891,0.00026973372353166224,0.2880683160537691,0.0,0.0,0.0,5,2
610,0.016440708195631256,0.0,1.7973859438440735e-05,4.041582441034764e-05,0.0,0.002876627292235868,0.0007205718817338071,0.0,0.0,5,4
611,0.013769988289200855,0.0,6.8364489498207104e-06,1.6328203957351164e-05,0.0,0.003786844420698924,0.0006173025612014274,0.0,0.00045007229954740406,5,4
612,1.774396834383581e-06,0.0,0.0,0.016350759077168403,0.0002745221732930383,0.0007006372390144037,0.05021014507689076,0.0,2.895497172276143e-05,6,1
613,2.0591570626095274e-08,0.0,0.0,0.009626966353505864,0.0,0.0003170196457150678,0.0,0.053052294692021044,0.0,7,1
614,2.397085579702206e-05,0.0,0.0,0.12121102430015855,0.0021277951089108582,0.004093005314631753,0.30843936887876106,0.0,0.00011486615946405368,6,1
615,1.6178285847565347e-07,0.0,1.7763946255937865e-07,0.0033890058524296595,6.206731628945883e-05,0.00018703349177948174,0.012210587068385263,0.0,2.336161698384476e-05,6,0
616,0.0027591421949340893,0.0,0.0,0.0,0.0006466744511004181,0.0012588113674327965,0.00024889199834158426,0.0,0.0,5,2
617,0.004258950682775006,0.0011526663035832875,0.0,0.0,0.1390705132587888,0.0,0.0016595176793053642,0.0,0.0,4,4
618,1.646381332322425e-08,0.0,0.0,0.000710861441987904,4.293557737712605e-06,5.749177052025266e-07,0.0,0.0021415508264935315,0.0,7,1
619,3.2406779336080615e-05,0.0,1.7345138380607175e-07,4.447604898529921e-07,0.0,1.6092586059812497e-05,4.380635106229841e-06,0.0,0.0,5,4
620,4.2080639522653575e-10,0.0,0.0,0.0019845099513959266,0.0,0.0,0.0,0.0,1.1315274472603636e-05,3,1
621,4.2548704410842515e-10,0.0,0.0,0.0020567117000225015,0.0,0.0,0.0,0.0,1.2106307834182364e-05,3,1
622,3.0241577533351533e-06,0.0,0.0,0.015632898881013577,3.448153839926839e-05,0.0004024185327978308,0.0,0.06908476083605773,7.289410715098044e-05,7,1
623,2.7627394157824807e-06,0.0,0.0,0.0005931695110890397,1.4466635095225062e-05,5.43658539503421e-05,0.0,0.00015523744696963323,2.5197462523482892e-05,3,0
624,6.315903682900755e-09,0.0,0.0,0.019004601892684374,0.0,0.0,0.0,0.0,0.0001366329768006563,3,1
625,0.0026247425323335516,0.0,0.0,0.0,0.03276088178309565,0.02217447598328199,0.0035994006885774407,0.0,0.006695298529975936,4,4
626,1.2738693561049952e-08,0.0,2.1020951594527546e-09,0.0015786728199371973,5.2280514228427005e-06,4.1064009074343055e-05,0.0,0.006459609003634537,0.0,7,1
627,1.7382708355121087e-07,0.0,3.770330642482253e-08,0.010541866681906957,4.6062060688563814e-05,0.0002035505943914598,0.0,0.03083460905993273,0.0,7,3
628,0.036366305243774974,0.0,2.4562805792290136e-06,0.0,0.0,0.0026518016522668717,0.0010175081087414697,0.0,0.0,5,4
629,8.172717088971455e-08,0.0,0.0,0.08458499448797528,0.0,0.0021460443223034914,0.0,0.3921873586049528,0.0,7,1
630,3.410057619659523e-08,0.0,0.0,0.03689382519141867,0.0,0.00025060201715691114,0.0,0.12823464366601992,0.0,7,1
631,2.3204497852435833e-06,0.0,0.0,0.07727928842106578,0.0005553851255280753,0.0,0.4706532505614861,0.02262252200016711,0.0,6,1
632,1.2991864143824904e-08,0.0,0.0,0.0028375968822137014,6.607209543950145e-06,0.0,0.009412986304340537,0.011143697516186062,0.0,7,3
633,2.1112254742587932e-06,0.0,1.2090218690868156e-06,0.019687586937094666,0.00040917059591800633,0.0008757586117272756,0.05932368569724583,0.0,3.080637864564995e-05,6,1
634,0.0005518176252399425,0.0,0.0,0.0,0.0017363348223177174,0.0025191179093369213,0.0003436780578184654,7.736932642976615e-06,0.0009988852478116598,5,5
635,0.005726318536480421,0.0,0.0,6.691434349906974e-06,0.04102501895719856,0.002875505430061533,0.0,0.0004122470654834765,0.00046276395746278916,4,4
636,2.989917450034159e-10,0.0,0.0,0.0009464766792976458,0.0,4.248414956838585e-05,0.0,0.007678209083914614,0.0,7,1
637,4.1094169398634404e-09,0.0,0.0,0.007397607552627986,0.0,0.00026940297991448665,0.0,0.04956896214544877,0.0,7,1
638,0.0985923572152753,0.0,0.0,0.0,0.01532742687037569,0.0,0.0,0.00013918287452540645,5.723126346431295e-05,4,4
639,0.06720756223932668,0.0,2.1169500036531184e-05,3.7686173560238025e-05,0.0,0.0,0.0,1.2800386239794484e-05,0.0014369063431069879,8,4
640,5.7436253891527246e-09,0.0,4.0429394056673146e-09,0.0006684735298241503,5.989139888735878e-06,4.6389087611975427e-05,0.002256330881945564,0.0,6.447288039867222e-06,6,1
641,1.3795217083401593e-09,0.0,0.0,5.642973718728836e-08,1.8408344926654488e-09,3.3399933801342564e-08,1.3087223024011712e-06,4.4578961246171903e-07,6.119470999640233e-08,6,5
642,0.07642643123989111,0.0,0.0,0.0,0.057797031851098184,0.005657625847861848,0.0,0.0003073386805302011,0.0,4,4
643,1.7063719619468593e-07,0.0,0.0,0.010222052964044189,6.908293138840321e-05,0.0,0.07451355795416358,0.004180274492133823,0.0,6,1
644,8.177379472394928e-09,1.424994670321371e-08,0.0,0.0007968317567819379,2.202722770934299e-06,0.0003240598531668728,0.0003393580763937807,0.0,0.0,3,1
645,3.967776035699268e-11,0.0,0.0,0.00024154702925775393,0.0,0.0,0.0,0.00012979475340957764,0.00018765624356498615,3,1
646,2.4031770616987702e-08,1.033100948850342e-08,0.0,7.372588538640657e-05,8.207490436592426e-06,1.571783428934677e-05,0.0,0.000188612632441348,7.723463404835832e-07,7,2
647,1.8157617080137655e-08,0.0,0.0,0.00012456499517865706,6.839873293278276e-06,6.999054148470508e-06,0.0,0.00016010640598511597,2.016493639861928e-07,7,1
648,0.0041267796311857145,0.0,5.111109376359427e-06,1.2258065563786876e-05,0.0,5.7855986502589816e-05,4.397212837728184e-05,0.0,0.0,5,2
649,0.052592707504798775,0.0,3.917392911649852e-05,9.365663680078731e-05,0.0,0.00032585234692509185,0.00023838926008933837,0.0,0.0,5,4
650,0.007519691900905522,0.0,9.067769325971032e-08,0.0,0.0,0.001170055773295352,0.00043305126445243423,0.0,0.0,5,3
651,2.0119985783829844e-06,0.0,0.0,0.024012345605268187,0.0003734015870803346,0.0011060721838969095,0.08058371273985211,0.0,0.00013164978867375002,6,1
652,0.008224433725833934,0.0,0.0,0.0,0.001957756142696125,0.004986045056210009,0.000640265033842984,0.0,0.0015031526689871168,5,4
653,0.0006077671208074007,0.0,0.0,0.00022728357634647545,7.501657429588457e-05,0.0004946989645381536,0.0,0.000527419433441131,0.0001321199547637607,7,4
654,0.01763955139718451,0.006240749991955612,0.0,0.00014225663191892073,0.1363482493960209,0.006556485817916598,0.0,0.0010314927587557244,0.0028372848551872767,4,4
655,0.006979626167578182,0.0017218174517883726,0.0,0.0,0.11519859894666513,0.00394214555767815,0.0,0.0014264833364641693,0.0013415763532643133,4,4
656,0.0063446767807905455,0.0017107330429157073,0.0,0.0,0.09165319917040882,0.003081689199813214,0.0,0.0010083980918928243,0.0011189132854428692,4,4
657,0.005689687398637792,0.0030112502300252905,0.0,0.0,0.0034666443784199044,0.0,0.0,1.833197241719949e-05,0.00011459252958767856,4,4
658,0.003372515768598207,0.0,0.0,0.0,0.00601012818024945,0.0,0.0,0.0,0.0,4,5
659,2.6446546637059175e-06,0.0,0.0,0.008657039847169708,0.00027929943535555835,0.0002095779490652501,0.005033743247039911,0.011780761344307365,0.0,7,1
660,2.8508761134739032e-06,0.0,0.0,0.03644801270303129,0.00025135198549113827,1.9857250609275217e-05,0.0,0.07121736598109667,0.0,7,1
661,1.2688517792113842e-07,1.6956189408692224e-07,0.0,0.0007076979255985907,1.725176043391872e-05,0.00036414171032339115,0.00029282877603196164,0.0,2.3523489833818675e-07,3,1
662,1.0598360063930441e-08,0.0,0.0,0.001802941476095732,2.9241216742309335e-06,0.0,0.01207962867673933,0.0072873852614121935,0.00028113631035485783,6,5
663,0.06218287494864848,0.015516631017032665,0.0,0.0,0.007942917114957836,0.0003225095648695065,0.0002846065801028998,0.0,0.0,1,4
664,4.747460220758343e-09,0.0,0.0,0.0007077399940391825,5.63263890795799e-06,2.95563502153109e-06,0.0,0.0012945204233257126,0.008586362492439542,8,3
665,0.1637592950341089,0.0626881453420441,0.0,0.0,0.15750879731556797,0.0,0.0,0.001168315698789226,0.0005375330417531643,4,4
666,0.11882104199220095,0.0006826557467628902,0.0,0.0,0.05604783907071554,0.0,0.0,0.0005076968691503209,0.0,4,4
667,0.16430743657537125,0.2145479484659401,0.0,0.0,0.03303393132350365,0.0,0.0,0.0002595933185038507,0.0064405537331692,1,4
668,0.07411467116302856,0.01843746530530439,0.0,0.0,0.03414496687073595,0.0,0.0,0.00019835289411015606,0.0007845402536251961,4,4
669,0.08243907453054508,0.0,0.0,0.0,0.0,0.0,0.0,5.57629552063324e-05,0.0002343106322866999,8,4
670,0.060840883255318993,0.0,5.976884709697395e-05,0.0001480651451616349,0.0,0.00041966714326018673,0.0002346294935395573,0.0,0.0,5,2
671,1.2903823224563324e-07,0.0,0.0,0.0021492983906655004,3.3558066599526166e-05,0.00011373742640530714,0.007625482096310515,0.0,4.137234620555309e-06,6,1
672,1.699014458440744e-07,0.0,0.0,0.00800565919627974,5.344268209746269e-05,1.4014179263429404e-05,0.017356953179279076,0.0,2.6753985653925923e-05,6,3
673,4.919476457377856e-10,0.0,0.0,3.736132631383024e-05,1.1023428494894257e-06,0.0,0.00016316413157932926,0.0,7.154419352507085e-05,6,3
674,0.07495260944377881,0.0,7.694069126653862e-05,0.000187922130326912,0.0,0.0028166451103547245,0.0008695612658970693,0.0,0.0,5,4
675,0.009259227577137066,0.0,9.00426427005441e-06,1.9602016079238953e-05,0.0,0.0018766889615578083,0.000472636287385984,0.0,0.0,5,4
676,0.05920881388990138,0.0,3.633356084756681e-05,8.315907839509935e-05,0.0,0.006187301072867467,0.0014397503246320511,0.0,0.0,5,4
677,0.0049815774644776985,0.0,5.152204378942688e-06,1.1586747444379646e-05,0.0,0.0012690083948276737,0.0002900883762478072,0.0,0.0,5,2
678,0.002834402620563905,0.0,0.0,0.0,0.0,0.0008006323451210329,0.00020415129379284795,0.0,0.0,5,2
679,0.04067284596483039,0.0,0.0,0.0,0.004536481785703333,0.0031904363749777308,0.0005862790357643604,0.0,0.0,4,4
680,9.012087231942619e-08,0.0,0.0,0.09359973707030225,0.0,0.0,0.0,0.044073935035313046,0.0,3,2
681,3.478368138398938e-06,0.0,0.0,0.0001971110991750602,3.050343770881711e-05,2.666824892070714e-05,0.0,0.00044302009376004717,4.691481924436673e-06,7,5
682,0.1035796374710291,0.3046170164115781,3.557669640966195e-06,0.0,0.0,0.00148486060605198,0.0007129776916563616,0.0,0.0005735179383275401,1,4
683,4.1973595675950877e-11,0.0,0.0,0.000262145126648036,0.0,0.0,0.0,0.00012363117727118587,0.0005321406203065777,8,3
684,3.6855271686418525e-11,0.0,0.0,0.0002318178391271012,0.0,0.0,0.0,0.00010555611934716285,0.00012466576630254124,3,3
685,0.00514644158305371,0.002837796867098907,0.0,0.0,0.002452391585189015,0.0,0.0,7.904734758597988e-06,0.0001307421883255921,1,4
686,1.2991864143824904e-08,0.0,0.0,0.0028375968822137022,6.607209543949246e-06,0.0,0.009412986304340535,0.011143697516186065,0.0,7,1
687,1.3048250503705266e-07,0.0,0.0,0.0021627828917347267,3.46759804748817e-05,0.00011624582680108525,0.007949199216770519,0.0,5.531512803917873e-06,6,1
688,2.6675016095347223e-11,0.0,0.0,0.000176177142635207,0.0,0.0,0.0,0.0,0.0,3,1
689,6.4919418578926025e-09,0.0,0.0,0.01683151892602208,0.0,0.0,0.0,0.004455294539443452,0.0,3,1
690,7.786168760657489e-09,0.0,0.0,0.014563865283868143,0.0,0.0002752521347476025,0.0,0.06955497159662637,0.0,7,1
691,3.996917352040164e-06,0.0,0.0,0.13552374380517326,9.731549354895234e-05,0.0,0.0020005315555972625,0.0,0.0,3,0
692,1.0700263900584607e-06,1.456729357881132e-06,0.0,9.709150904666286e-05,8.20048447182511e-05,0.01821433449785691,0.0,0.0,1.902386715716904e-05,5,0
693,0.00016350048110614347,0.0,0.0,0.0,0.016244234668212298,0.0,0.0,0.0,0.0037558227652970543,4,4
694,1.6883059760043959e-07,0.0,0.0,0.00988739175183456,6.707746532507037e-05,0.0,0.07111149349597165,0.003937307864598676,0.0,6,1
695,0.034983697724066024,0.0,0.0,2.715348406128602e-05,0.01075963117409498,0.0034450090785442177,3.7185568416158845e-05,0.0,0.0,4,4
696,0.0033765631712874052,0.0,0.0,3.030757482912824e-05,0.012809154250534699,0.0014342194806410984,0.0,9.747043699881894e-05,0.0,4,4
697,1.0519842154582098e-07,0.0,0.0,0.10222464315338005,0.0,0.0,0.0,0.0,0.0,3,1
698,9.233504390470793e-08,0.0,0.0,0.10041047977916917,0.0,0.0,0.0,0.0,0.0,3,1
699,4.533617794735793e-09,0.0,0.0,0.012466183588098348,0.0,0.00032022453345369726,0.0,0.06376035179382993,0.0,7,1
700,0.0077121101758451365,0.0,0.0,0.0,0.2335668667679637,0.0,0.0,0.0,0.0,4,5
701,1.3893369465387156e-09,0.0,0.0,0.0006784592925701731,9.193570758210755e-07,0.0,0.0006745438239295182,0.0,1.309767454462861e-05,3,1
702,3.0030191345779636e-09,0.0,0.0,0.002003385739211248,2.3289538422265464e-07,0.0,0.0005040695187689229,0.0,1.935413001531136e-06,3,1
703,1.9038328806241508e-07,0.0,0.0,0.014565124005641063,8.832027539357541e-05,0.0,0.11838524897053154,0.0071601797515465785,0.0,6,1
704,1.6399177609705698e-08,0.0,0.0,0.007054316712677904,0.0,0.0,0.0,0.002197647962657802,0.0,3,1
705,1.8679587218730322e-07,0.0,0.0,0.030642433719033725,0.0,0.0,0.0,0.0,0.0,3,1
706,7.94314459819281e-05,0.0,0.0,0.0,0.0051993147818872616,0.0008069002208631713,4.26571372306991e-05,0.0,4.770394318676239e-05,4,4
707,0.00020229158442312896,0.00013282741063135376,0.0,8.648896092890049e-05,0.005389652948990144,0.005015685447511579,0.0,1.4600129122350123e-05,0.00020711454500131095,4,0
708,2.1593486318150511e-13,0.0,0.0,7.410886806994701e-09,5.684813549010404e-09,1.4249910020758726e-09,0.0,1.1797078413430724e-07,0.00014448420176855326,8,5
709,8.488949710135726e-08,0.0,0.0,0.08545725917648889,0.0,0.0,0.0,0.0,0.0,3,1
710,3.8235754195775155e-06,0.0,0.0,0.0,0.0006778607909235738,0.0,0.0,0.0,4.1297741988673554e-06,4,4
711,9.656649792573688e-09,0.0,0.0,0.019127019467747246,0.0,0.0005950870054371393,0.0,0.10852783367797468,0.0,7,2
712,0.033927685770913804,0.0,1.8254857422538076e-06,0.0001601741227565038,0.0,0.0027009591834024267,0.0008910696916763857,0.0,0.0,5,4
713,0.0642638949142527,0.0,0.00011130334412966847,0.00028672033200884904,0.0,0.0,0.0,0.00018481335507089595,0.0011191205284727078,8,4
714,0.10099689251065763,0.0,9.694216235281161e-05,0.00024094686542733786,0.0,0.0,0.0,7.217495807841678e-05,0.0012965853404909376,8,4
715,0.08877795438830581,0.0,0.00013490754901464795,0.0003431040363541698,0.0,0.0,0.0,0.00010794359519888038,0.0,3,4
716,0.11305495806299352,0.3065516974944646,0.0,0.0,0.012387677612734556,0.0,0.0,5.191700800945521e-05,0.0005308741564016808,1,4
717,3.8862897520082455e-06,0.0,0.0,0.0,0.000712201259708902,0.0,0.0,0.0,4.524331512016009e-06,4,4
718,4.172019851248337e-08,0.0,0.0,0.05584691651887344,0.0,0.001098036928818712,0.0,0.24660471330835249,0.0,7,1
719,3.988490605254543e-08,0.0,0.0,0.014979888984650903,3.733201118306201e-06,0.0,0.0026615093283208794,0.0,0.0,3,1
720,1.603043447242771e-07,0.0,0.0,0.018131791260373564,3.1795699216296946e-05,0.0,0.008536848535085205,0.0,1.8411314520481087e-06,3,1
721,8.11524381220282e-09,0.0,0.0,0.005342811451416748,3.899125018205722e-06,2.3359248840563817e-05,0.0,0.007926158189032348,0.02971016879634163,8,1
722,0.004512684259090412,0.0,0.0,0.0,0.01773630210391993,0.0010424543467667333,4.546069844680097e-05,0.0,0.0,4,5
723,0.028061879858424905,0.0009469193301050476,1.3828913226229003e-05,3.341554455041659e-05,0.0,0.0,0.0,0.00010358263526527848,0.002305302858474849,8,4
724,9.014357200407784e-11,0.0,0.0,0.0007197518766322502,0.0,0.0,0.0,5.372147853319732e-05,0.00028556993043752645,3,2
725,2.6675016095347223e-11,0.0,0.0,0.00017617714263520713,0.0,0.0,0.0,0.0,0.0,3,1
726,3.6662807128178945e-10,0.0,0.0,0.0013769904630493359,0.0,0.0,0.0,0.0,0.0,3,1
727,3.6662807128178945e-10,0.0,0.0,0.0013769904630493359,0.0,0.0,0.0,0.0,0.0,3,1
728,6.815776549387384e-08,0.0,0.0,0.07998794570257357,0.0,0.0,0.0,0.0,0.0,3,1
729,6.779307823186863e-08,0.0,0.0,0.07863349598066997,0.0,0.0,0.0,0.0,0.0,3,1
730,0.005922455569958291,0.0,0.0,0.0,0.007919243825932638,0.0010288144837612573,0.0,5.00618818374303e-05,0.0,4,2
731,0.004646759618567549,0.0,5.1770416389008325e-06,6.658481568526107e-05,0.0,0.0,0.0,3.728236376386071e-05,0.0008312528919791956,8,4
732,2.9478764372014877e-07,0.0,0.0,0.018013371887744316,1.1063048693729166e-05,0.0,0.0007348279599568778,0.0,0.0,3,1
733,0.002466473881064246,0.0,4.061829781090305e-08,0.0,0.0,0.00035997594565514903,0.0001341340013451465,0.0,0.0,5,2
734,0.007173353499673209,0.0,0.0,0.0,0.0021709219137149563,0.0,0.0,2.118570354975795e-05,2.6490051630967946e-05,4,3
735,8.604663364753752e-09,6.2159317130490684e-09,0.0,0.004667938309006,0.0,0.0,0.0,0.008032414919629038,0.0,7,1
736,0.0056983089890982296,0.0,0.0,0.00021130646114681293,0.05063060526379336,0.002860649844322193,0.0,0.00023631317393057804,0.00014817699416640385,4,4
737,0.00420441942887272,0.0007452148490210396,0.0,0.0002969870410514382,0.08993221904078064,0.005352805064410539,0.0,0.0007123807040762782,0.0018034023268679981,4,5
738,0.0010025815553505722,0.0,0.0,0.0,0.02261148731123655,0.0008184047218625448,0.0,5.9131368617611316e-05,0.0,4,5
739,0.0007413802457127494,0.0,0.0,0.0,0.019594077518091703,0.0004549764776638305,0.0002632013761361589,0.0,0.0,4,4
740,0.07909867387191831,0.0,7.908871807412551e-05,0.0001895870493880675,0.0,0.0027693818703529117,0.00092981067832559,0.0,0.0,5,4
741,0.049960973891777595,0.0,2.0308498265195494e-05,3.452987684771736e-05,0.0,0.005202155868794025,0.0016365037379159398,0.0,0.0,5,4
742,0.0028099433215125883,0.0,0.0,0.0,0.0008218185151382361,0.0030153796733600833,0.00028646601789535634,0.0,0.0,5,2
743,6.85297490416045e-08,0.0,0.0,0.08143846235253252,0.0,0.0,0.0,0.0,0.0,3,1
744,0.020102614946812335,0.0,3.520430611730875e-05,9.385298140914703e-05,0.0,0.0,0.0,3.953526809356465e-05,0.00015221789727088897,8,4
745,0.00022025520064211955,0.0,0.0,0.004404222230796368,0.00033422182912855964,0.000697050889580756,0.0,0.000964909851274071,0.0002556273649824813,3,1
746,0.0037324091611577294,0.0,0.0,0.0,0.12208636045835403,0.0,0.00024358104403425184,0.0,0.006209786422140302,4,4
747,0.00800820074317797,0.0,0.0,0.0,0.25345077232055235,0.0,0.0031151543040435687,0.0,0.0,4,2
748,1.1950130366903618e-08,0.0,1.8924899281426587e-08,0.00033967846417123785,6.592073706256341e-06,6.284362215073454e-05,0.0014028901566460095,0.0,1.6117332667059428e-08,6,2
749,0.0003339128302663399,0.0,0.0,0.0,0.002326201075378949,0.00017673138206857978,6.63626764669181e-06,0.0,0.0,4,5
750,2.3147078744633495e-06,0.0,0.0,0.0014310558221683999,0.0002113551481419019,8.045017157306315e-05,0.0,0.002363626044241624,1.12733190960076e-05,7,2
751,2.32702641557924e-06,0.0,0.0,0.001454871430582909,0.00021463885313331062,8.249540566548658e-05,0.0,0.0024216633437019798,1.161351381336588e-05,7,2
752,6.779307823186863e-08,0.0,0.0,0.07863349598066997,0.0,0.0,0.0,0.0,0.0,3,1
753,2.34367800890884e-07,0.0,0.0,0.027256409338416002,5.5588492761825745e-05,0.0008395534824382855,0.016094595488788336,0.0,0.0,3,1
754,5.665037625057258e-10,0.0,0.0,0.0018633536252904038,0.0,4.338836737695624e-05,0.0,0.010773085844899622,0.0,7,1
755,9.156833315107143e-08,0.0,0.0,0.0974821260780345,0.0,0.0,0.0,0.023695738490338472,0.0010175449573353486,3,1
756,1.4202294796789578e-05,4.72517941711818e-07,0.0,3.385936643045161e-06,0.0010828514751758406,0.0002183160565717171,0.0,0.0,6.474235643729858e-06,4,0
757,5.82008323808582e-08,0.0,5.83697478426791e-07,0.0011825742027183409,4.196122299597044e-05,8.568135347916272e-05,0.005051391512805286,0.0,1.5448267588386506e-05,6,1
758,2.2484502389274845e-08,0.0,0.0,0.014520382702232291,0.0,0.0,0.0,0.0,0.0,3,4
759,2.3287857348346285e-13,0.0,0.0,8.498173925390532e-09,6.487933976792166e-09,1.690997538551058e-09,0.0,1.3959705810904803e-07,0.00017462019336620917,8,1
760,1.483931272590026e-12,0.0,0.0,2.8961533817611802e-08,2.296190758685836e-08,4.533554089296423e-09,0.0,3.8075791654375305e-07,0.00041860012085288595,8,5
761,1.3685925924112718e-10,0.0,0.0,0.001311743056459633,0.0,0.0,0.0,0.0,2.6299802373505786e-05,3,1
762,1.9116280958038446e-07,1.1167313613704522e-06,0.0,0.000843581899041943,7.832944916848999e-05,4.5326103723773026e-05,0.0040822013623934015,0.0,0.001867180946496789,6,3
763,0.0005889780294243077,1.8614405465357827e-05,0.0,0.00035579354924013956,0.02062801524368847,0.00169021940228909,0.0004394896518612099,0.0,0.0005865922388519931,4,1
764,0.004669177972969063,0.0,0.0,0.0,0.09356535341759704,0.0014174449187541616,0.001472140397808948,0.0,0.0,4,4
765,2.530780778508161e-07,0.0,0.0,2.5219028000946194e-05,3.7821106824255216e-06,4.203169165493244e-06,0.0,6.859416887367657e-05,8.076658835085401e-07,7,5
766,0.06307073872435098,0.0,3.8218082741715313e-05,8.113799193353365e-05,0.0,0.004477014790308307,0.0013830821228373665,0.0,0.0,5,4
767,0.0005881924763634068,0.0,4.7301304788429254e-09,0.00019912532106684797,5.213612738455166e-05,0.00047487413558863805,2.3854267269555106e-05,7.119900784852654e-05,0.0003570086260671617,5,4
768,0.004466623444347694,0.0,0.0,0.0,0.01712310811260739,0.0009960645550652443,4.1097760357381526e-05,0.0,0.0,4,5
769,0.056877700892193905,0.0,0.0,0.0,0.11918549357990592,0.005391796214173154,0.00025507110062122137,0.0,0.0,4,5
770,0.004588882111494956,0.0,4.301713186552358e-06,8.943252729432975e-06,0.0,0.0007033513044900993,0.0002101947509848631,0.0,0.0,5,4
771,0.09989811819246276,0.0,0.0001455758163468961,0.0003737629923893827,0.0,0.0,0.0,0.000123327932115166,0.0,3,4
772,0.04509681876161679,0.0,5.215244249483842e-05,0.00013592158235112517,0.0,0.0,0.0,0.00017355607162577658,0.0006190806073065359,8,4
773,1.2193870560138912e-10,0.0,0.0,0.0006301554033321703,0.0,6.3741248669971025e-06,0.0,0.003126076438842798,0.0,7,1
774,2.0104163826331976e-06,0.0,0.0,0.04498604774045873,0.00033100387666283024,0.0016055145645069418,0.06734482882473754,0.0,1.487169137335427e-05,6,1
775,2.021115528417225e-06,0.0,0.0,0.045734705168070926,0.0003359020160454584,0.00164645171524445,0.06891810786768905,0.0,1.540204779772146e-05,6,1
776,4.395982829168146e-07,0.0,0.0,0.017362819008221474,0.00012059823416448271,0.0007658919962307281,0.03076314984738127,0.0,8.412523031366525e-06,6,1
777,2.637796449064953e-07,0.0,0.0,0.0047256804318267665,0.0,0.0,0.0,0.005289062436081521,0.0,7,3
778,5.904465025521488e-10,0.0,0.0,0.0006835786304973481,3.656639543173261e-07,3.671148076706564e-06,0.0,0.001226818074969948,0.005127366830036272,8,1
779,0.03389983136271072,0.0,2.4156622814276516e-06,0.0,0.0,0.002291825706611718,0.0008833741073963378,0.0,0.0,5,4
780,3.6822238277388646e-08,0.0,0.0,0.008858474538405511,3.299134551115028e-05,0.0,0.07497885536360745,0.004914126931338381,9.375578703670595e-05,6,5
781,3.2212094311668127e-06,0.0,0.0,0.21303453588766233,0.0004866108668297704,0.005325258589390234,0.10652274699524845,0.0,0.0,3,1
782,2.1271017169774014e-08,0.0,0.0,0.002255385012619908,7.450363128720356e-07,0.0,4.679169930838721e-05,0.0,0.0,3,1
783,9.6748246870655e-07,0.0,0.0,0.156784174563529,9.470953405826322e-05,0.003708709652087796,0.024994338146094523,0.0,0.0,3,1
784,4.964625254644639e-10,0.0,0.0,0.0024278838214751627,0.0,0.0,0.0,0.00025290273900271335,0.0,3,1
785,1.8229897759213524e-11,0.0,0.0,1.7299292580541865e-07,1.438698061097325e-07,1.9535972615791955e-08,0.0,1.6799753177573164e-06,0.001513214701690529,8,3
786,3.8862897520082455e-06,0.0,0.0,0.0,0.000712201259708902,0.0,0.0,0.0,4.524331512016251e-06,4,4
787,5.774538172871217e-10,0.0,0.0,0.002070040546193521,0.0,0.0,0.0,0.0,0.000202887189844404,3,3
788,1.909723410065548e-08,0.0,0.0,0.003813980723396221,1.878427383680675e-05,0.0,0.0407333660752434,0.0031524368824019035,0.00016501041724521838,6,1
789,3.0213263711316466e-08,0.0,0.0,0.02537759594225447,0.0,0.0,0.0,0.025093001554445996,0.0,3,1
790,1.0768614642623778e-10,0.0,0.0,0.0007216990952426285,0.0,0.0,0.0,0.0,4.584190626921736e-05,3,1
791,0.00033988681203217557,0.0,6.220905414829142e-07,8.551600131417356e-06,0.0,0.0,0.0,5.890168709957939e-06,0.00014874241389819517,8,4
792,6.815386321839841e-08,0.0,0.0,0.07994211397462408,0.0,0.0,0.0,0.0,0.0,3,0
793,0.002603420221846141,0.0,0.0,0.0,0.038450950724688716,0.007602376988230664,0.0016861939901253,0.0,0.0010640712917313363,4,4
794,0.010485794058776497,0.0,0.0,0.0,0.03188324448049406,0.0,0.0006507589095149272,0.0,0.038201018628252155,8,4
795,0.006554798718378249,0.001336235492427747,0.0,0.0,0.01743625033369841,0.0,0.0,9.980937725347085e-07,0.0014740079563478298,4,4
796,0.006156917210566251,0.012222396261919613,1.920114068785928e-06,2.9943322562974314e-06,0.0,0.0006744825241928932,0.00019956872457964857,0.0,0.0,1,2
797,4.136868994604446e-07,0.0,1.942221913152164e-06,0.002878728747981005,0.00014227019742086663,0.00016218050856552272,0.010700596857979642,0.0,1.019692710209201e-05,6,5
798,2.660959857831901e-07,0.0,1.7270062039734396e-06,0.0004938903960683754,9.22191077985161e-05,3.259949303373947e-05,0.0022515057150935807,0.0,2.955016103163875e-06,6,5
799,5.82008323808582e-08,0.0,5.836974784248394e-07,0.0011825742027183409,4.196122299597044e-05,8.568135347916056e-05,0.005051391512805287,0.0,1.5448267588388688e-05,6,5
800,3.538580750694123e-06,0.0,1.3952814670706947e-05,0.002114903930991308,0.00071872297226268,0.00010498499461034621,0.00856253525558164,0.0,2.089893250445533e-05,6,1
801,1.7063719619468593e-07,0.0,0.0,0.010222052964044189,6.908293138840141e-05,0.0,0.07451355795416353,0.004180274492133815,0.0,6,1
802,1.7063719619468593e-07,0.0,0.0,0.010222052964044187,6.90829313884023e-05,0.0,0.07451355795416356,0.004180274492133819,0.0,6,1
803,2.4830341073907818e-08,0.0,0.0,0.002615692884047816,1.6659810707326328e-05,0.0,0.02251665897908904,0.0014331281244357493,0.0,6,1
804,4.658725880104966e-08,0.0,0.0,0.0001382252946376364,1.6336759198864898e-05,3.427326589271311e-05,0.0,0.0003827293245980844,7.591349095927883e-07,7,0
805,0.005560611628395744,0.0,0.0,0.0,0.007367901903268034,0.0008820315240561848,0.0,4.708295007312454e-05,0.0,4,4
806,0.00028481819139144826,0.0,0.0,0.01582606078215262,0.00974318995896713,0.001501597918178864,0.047712827562678,0.0,0.00030162700750516837,6,1
807,0.007466505799304254,0.001840844511884226,0.0,0.0,0.008095824862932782,0.0,0.0,6.786944279374168e-05,0.0,4,4
808,0.020829138594294687,0.02064199726684762,0.0,0.0,0.006684609828765084,0.0,0.0,1.0249805452442535e-05,0.0008943220741530363,1,4
809,7.371851632389448e-08,0.0,0.0,0.09360166128140164,0.0,0.0,0.0,0.0,0.0,3,1
810,0.0022939457176794067,0.0011963669495428444,0.0,3.011544924835805e-06,0.024522126831402022,0.00148753180554028,0.0,0.00027258221073060007,0.0008799686279163377,4,2
811,1.5341804935017827e-07,1.0875995421957163e-07,0.0,0.02093250476762533,2.6100411611006436e-05,0.0053405010105020264,0.0058790321563611785,0.0,0.0,3,1
812,9.317649529509196e-07,0.0,0.0,0.614594904004792,0.0,0.0,0.0,0.0,0.0,3,1
813,6.861336765678929e-07,0.0,0.0,0.1152826752248979,8.889418567286461e-05,0.0259844190118703,0.010342953601197285,0.0,9.920913689996856e-06,3,1
814,5.4281653868289e-09,0.0,0.0,0.013233596579874234,0.0,0.0,0.0,0.002647087621768761,0.0,3,1
815,1.5468963884329044e-07,0.0,0.0,0.008160460350920403,4.3840964201792776e-05,0.0008968432182745805,0.020131322410175238,0.0,0.0,6,1
816,1.830523667304472e-07,0.0,0.0,0.011529899406068099,7.741283674206966e-05,0.0,0.08577188744370808,0.004896838554351693,0.0,6,3
817,6.534296363177611e-08,0.0,0.0,0.0007411692199819825,6.194267034846976e-05,3.0086003160252007e-06,0.0,0.0014492509625054426,0.10245597896730516,8,3
818,9.167869376461974e-10,0.0,0.0,0.0024444022801715292,0.0,9.351821086785205e-05,0.0,0.005245706374591935,0.0009553489798488253,7,1
819,1.3089354782599241e-08,0.0,0.0,0.0012960275227275242,7.897928686797091e-06,0.0,0.0034563038428520178,0.0,7.197956022730423e-05,6,1
820,1.2991864143824904e-08,0.0,0.0,0.0028375968822137022,6.607209543950145e-06,0.0,0.009412986304340534,0.011143697516186064,0.0,7,0
821,5.039945827802931e-09,0.0,0.0,0.010781993780881785,0.0,0.0,0.0,0.0,0.0,3,3
822,1.5447738125298086e-07,0.0,1.5386565504435028e-07,0.002562360758057417,5.1044639334821745e-05,0.00014798177833570233,0.00917518927372559,0.0,5.537606326794282e-06,6,3
823,2.3287857348346285e-13,0.0,0.0,8.498173925390633e-09,6.4879339767919445e-09,1.6909975354686056e-09,0.0,1.3959705810904737e-07,0.00017462019336620825,8,5
824,5.167264542732942e-10,0.0,0.0,0.0029859902983879437,0.0,0.0,0.0,0.0,2.7625322295251828e-05,3,1
825,2.889869721768893e-10,0.0,0.0,0.0015201714313267623,0.0,0.0,0.0,0.0013563655424716093,0.0,3,1
826,0.0009445259332871612,5.3605813620217504e-05,0.0,0.0,0.05206980790864784,0.0,0.0,0.00012697221172978826,0.0007243086461030179,4,5
827,3.738268807763423e-10,0.0,0.0,0.0014534966219862673,0.0,0.0,0.0,0.0,0.0,3,1
828,2.7198785081523648e-11,0.0,0.0,0.00018596561745591757,0.0,0.0,0.0,0.0,0.0,3,1
829,4.362637871708765e-11,0.0,0.0,0.00020652138876673407,0.0,0.0,0.0,0.0,1.3103459617658274e-06,3,1
830,2.248849467877319e-06,0.0,0.0,0.07461025193962194,0.00039311653616981346,0.002600149823552742,0.08559665423546252,0.0,2.253057268424924e-05,6,1
831,2.3674452692826502e-08,1.0244717095745209e-08,0.0,6.902038716104811e-05,7.831692703825585e-06,1.4659251971883166e-05,0.0,0.0001744919430038307,7.139406936597252e-07,7,2
832,2.776728306759079e-07,1.087232225885389e-07,0.0,0.0002972571504238793,4.462319294306161e-05,6.1657008765888e-05,0.0,0.0006635839091288059,2.746209653232235e-06,7,1
833,4.642617174143819e-10,0.0,0.0,0.002507758414327538,0.0,0.0,0.0,0.0,2.6279858445990586e-05,3,1
834,2.6187520576443637e-15,9.938606899612534e-14,0.0,7.802378171379276e-10,6.320881241859313e-11,2.329359019276042e-10,1.3948032315407356e-08,0.0,9.075458695280862e-07,8,3
835,0.021673073073097047,0.0,3.699960086829893e-05,9.899926291535663e-05,0.0,0.0,0.0,7.461466384440886e-05,0.0003899738865025124,8,4
836,3.205052519230868e-05,0.0,0.0,0.0011269742163997805,8.37909440226242e-05,0.00021982282056343846,0.0,0.00029701928171993783,8.826356668339501e-05,3,1
837,0.002481775055288967,0.0,0.0,0.0,0.0,0.0003869278416248716,0.00015027304926840557,0.0,0.0,5,4
838,5.972661602146338e-10,0.0,0.0,0.000710242893697468,3.6896067982419584e-07,3.9003391191198084e-06,0.0,0.0013005906241495837,0.005525131431622694,8,1
839,2.973495188516217e-08,0.0,0.0,0.026819511811150068,0.0,1.6039030356524555e-05,0.0,0.07656096126442902,2.405521610945093e-05,7,1
840,0.00098184531225141,0.0,0.0,0.0,0.05412852496607309,0.0,0.0,0.0,0.008338872816293549,4,4
841,1.7856341681733365e-07,0.0,0.0,0.02217849484763964,5.7286359116111184e-05,0.0,0.06229997407571779,0.07157389415819888,0.0,7,1
842,4.0703357142612867e-10,0.0,0.0,0.0,3.8397639438904844e-08,1.2644383088551191e-06,2.454251050501042e-08,0.0,0.0,5,2
843,3.647692359837354e-09,0.0,0.0,0.004829136709891459,0.0,0.0,0.0,0.010812763156263483,0.0,7,1
844,0.03435346413568557,0.0,1.8707859847939918e-07,0.0,0.0,0.0034506139940498324,0.001020681568395098,0.0,0.0,5,2
845,0.0007266098664799314,0.0,0.0,0.0,0.044946596296599695,0.0,0.0004513856569124427,0.0,0.0017629940664289005,4,4
846,2.34367800890884e-07,0.0,0.0,0.027256409338415995,5.5588492761808656e-05,0.0008395534824382881,0.01609459548878833,0.0,0.0,3,5
847,4.01967216397264e-09,0.0,0.0,0.010305697579978748,0.0,0.00026759535615896926,0.0,0.04932696404337858,0.0,7,1
848,3.6009560923059556e-08,0.0,3.3703925795615214e-07,0.0006974892674616552,2.5014470832698304e-05,4.8443131056948595e-05,0.002936517209200044,0.0,6.160690703640059e-06,6,5
849,0.016856422959075364,0.003785464509956461,0.0,0.0,0.12245575784917716,0.0,0.0,0.0007691419373436194,0.0007187519099907424,4,5
850,0.001999446615994278,0.0,0.0,0.0,0.03152682812092367,0.018455662337695806,0.003083018288989458,0.0,0.005121131892925134,4,4
851,0.0006922334049230372,0.0,0.0,0.0,0.00731091399009069,0.00015355520011379643,0.0,8.418069486510622e-05,0.0,4,5
852,2.008065877857319e-08,0.0,0.0,0.0010156279886315242,8.996677426753724e-06,5.826934712557004e-05,0.002715335566510165,0.0,1.280144251802913e-06,6,1
853,1.7534529456395231e-06,0.0,0.0,0.015783165529408925,0.00026497113638245467,0.0006631208799435988,0.04775436218363763,0.0,2.1620432151354076e-05,6,1
854,0.051239457342743974,0.0,0.0,0.0,0.003637374907847286,0.004300545386466324,0.0016831057772630055,0.0,0.0,5,2
855,0.0024797416955860143,0.0,3.72583296298497e-08,0.0,0.0,0.00036963645130989674,0.0001374298572685833,0.0,0.0,5,5
856,2.098189376374611e-07,0.0,0.0,0.0048451909413262,3.136223469551878e-05,3.1862650325043608e-06,0.0,0.011688969313376738,0.0,7,1
857,0.038536008455631196,0.0,0.0,0.0,0.0,0.0021689797493744532,0.000979294361900404,0.0,0.0,5,4
858,1.919200119899132e-08,0.0,0.0,0.0006046206488617815,0.0,0.0,0.0,0.0008183835618555204,0.0,7,1
859,0.004511957029676851,0.0,0.0,0.0,0.03065597033455386,0.012405198958753258,0.0023606667064165684,0.0,0.001985427534748839,4,4
860,0.0012590587820182505,0.0,0.0,0.0,0.02861099148654409,0.011209492786949094,0.0021662547519380737,0.0,0.0019102650279089978,4,4
861,0.0012834132515096724,0.0005880339519710644,0.0,1.803682699575277e-05,0.016900974992685076,0.0010182262841744389,0.0,0.00015882405129234256,0.00048230531885588813,4,4
862,0.008645146150106595,6.432315941548818e-05,0.0,0.0,0.00726550822927859,0.0,0.0,7.79298555378936e-05,0.0,4,4
863,0.028712922927216184,0.0,0.0,0.0,0.22645469890337605,0.0034645982193890275,0.0,0.0019829153951043846,0.0,4,4
864,0.04567500815048933,0.005571885210473415,0.0,0.0,0.0018589740950478756,0.0006346915837715607,0.0006403771596411421,0.0,0.00019922870607317765,1,4
865,1.3895845230761992e-09,0.0,0.0,0.006217804689707597,0.0,0.0,0.0,0.0240518092667619,0.0,7,1
866,1.8214906743419137e-07,0.0,0.0,0.011362568799963288,7.641010371039694e-05,0.0,0.08407085521461213,0.004775355240584125,0.0,6,3
867,0.0602573160475563,0.0,6.286958446893013e-05,0.00015665434790980402,0.0,0.0,0.0,0.0,0.0,3,4
868,0.044055825384684236,0.0,0.00010051636766721758,0.00026535326293177647,0.0,0.0,0.0,0.0001542968035729596,0.0002847371027257662,8,4
869,4.9587185774540405e-09,0.0,0.0,0.010228083340248544,0.0,0.0,0.0,0.0,0.0,3,0
870,2.1210281159738288e-05,1.5994876447944232e-05,0.0,2.300410032803961e-05,0.0008883747031589202,0.0007211832815786609,0.0,4.84415617894958e-07,2.5940496842317287e-05,4,4
871,1.1065673478849962e-10,0.0,0.0,2.9037738820678695e-05,2.88031283910652e-07,0.0,0.00012151391932521213,0.0,1.9638052020299693e-05,6,3
872,2.7633866686292247e-07,0.0,0.0,0.04474340002838671,0.00015367851764035474,0.0,0.29208975157985223,0.015859738164452287,0.0,6,0
873,1.8729892577390676e-06,2.9179603080143956e-06,0.0,0.004039534655312916,0.0002913558784245007,0.30264013679090596,0.0,0.0,0.0,5,2
874,0.0455830950470095,0.0,9.688995388213987e-05,0.0002617255744710705,0.0,0.0,0.0,0.00012702204609193202,0.0,3,4
875,2.735872411080247e-08,0.0,5.679945672510812e-08,0.0026338702799136734,8.43688794464969e-06,1.6469400753390475e-05,0.0014308191988046154,0.0,3.0871252587064153e-06,3,1
876,0.011400419347786253,0.0,0.0,0.0,0.003910974433715018,0.0006532217706696988,0.00015174833475328493,1.999517080952737e-05,0.0,4,4
877,0.00020730938368311477,0.0,0.0,0.0001652487469064981,0.0002694288355334118,0.0004655554884342501,2.7914606860133313e-05,5.447701577919478e-05,0.00015087206452577372,5,4
878,0.0037280652479823382,0.0,0.0,0.0,0.0005923221364299387,0.0006755104736598251,0.00025507166501789974,0.0,0.0,5,4
879,1.744064420193044e-06,0.0,0.0,0.015508176518761298,0.00026086289268926506,0.0006451861389251528,0.04660222628890322,0.0,2.0876960381578494e-05,6,1
880,5.063334979527064e-05,0.0,0.0,0.0,0.0009212724292298964,2.3901574589385552e-05,0.0,1.3308059608793943e-05,0.0,4,5
881,2.1788088840711254e-08,1.1310128761572605e-08,0.0,4.361203478376304e-05,6.297553841493447e-06,1.15416197682663e-05,0.0,0.00012157019680181234,5.679847590298572e-07,7,1
882,0.04206595140869648,0.0,7.267255486371813e-05,0.00019468657739203527,0.0,0.001704054620725943,0.0,7.986656925732304e-06,0.0,5,3
883,0.017212286401417556,0.0,6.49903115076127e-06,1.4990470294170409e-05,0.0,0.003405763295778011,0.0005171883340423255,0.0,0.00028671651246223596,5,3
884,2.200307733413721e-07,0.0,0.0,0.0020001295833674496,3.935004286332755e-06,6.34446092762622e-05,0.0,0.01069999487853007,1.2476041450938397e-05,7,1
885,0.033720376387230695,0.0,2.4296422356382643e-06,0.0,0.0,0.0022351493667617257,0.0008630704649762703,0.0,0.0,5,4
886,5.398522308844044e-10,0.0,0.0,0.002900497264273377,0.0,0.0,0.0,0.0,0.0,3,1
887,8.264490807151317e-07,2.3882022274884354e-07,0.0,0.0024714476021861016,8.687131336593246e-05,0.00024305916736348264,0.0,0.0,0.0,3,1
888,6.346968232791678e-09,0.0,0.0,0.01927409304838277,0.0,0.0,0.0,0.0,0.00014786835367189673,3,1
889,5.458535060544991e-09,0.0,0.0,0.013907198871286067,0.0,0.0,0.0,0.0,9.909934951986605e-05,3,1
890,0.0038265246221173277,0.0,4.502509835235973e-06,1.0783803232358952e-05,0.0,4.892321267691227e-05,3.72347508968759e-05,0.0,0.0,5,4
891,2.6515856452530824e-07,0.0,0.0,0.061128367269490516,0.0,0.0003749927464571563,0.0,0.19821561028161308,0.0,7,1
892,1.039947724626344e-09,0.0,0.0,0.0010252664359188415,0.0,0.0,0.001108611816736838,0.0018727467124074807,0.0002455501364912252,7,1
893,1.306752835016822e-08,0.0,0.0,0.0029687731800479606,6.568639709049587e-06,0.0,0.009580488898076809,0.011434675944985451,6.082879489524442e-06,7,1
894,1.2503971829251732e-08,0.0,0.0,0.03390475260025185,0.0,0.0,0.0,0.0,0.0,3,1
895,7.419863556760127e-09,0.0,0.0,0.022670120603093653,0.0,0.0,0.0,0.0,0.0,3,1
896,6.95320656091272e-09,0.0,0.0,0.02044402462958752,0.0,0.0,0.0,0.0,0.0,3,0
897,9.097602725846855e-10,0.0,0.0,0.004337896735703696,0.0,0.0,0.0,0.0,0.0,3,1
898,6.718085773928577e-09,0.0,0.0,0.01284688012790627,0.0,0.0,0.0,0.0,0.0,3,1
899,2.0813099255470515e-08,0.0,0.0,0.009958422318166375,0.0,0.00033405883757367175,0.0,0.055795516070065325,0.0,7,1
900,3.044744532778947e-09,0.0,0.0,0.0025906408487808793,0.0,0.00010804373321476315,0.0,0.01770960389272271,0.0,7,3
901,3.3221021296156215e-11,0.0,0.0,0.000297306425990982,0.0,0.0,0.0,0.0,2.4528276222871214e-06,3,1
902,0.005546813636856207,0.0,9.53828243972733e-06,2.355135651284951e-05,0.0,0.00048305295945507613,0.00014458622913043575,0.0,0.0,5,4
903,0.00011835775451227307,4.23986005676594e-05,0.0,4.606402266811765e-05,0.0035289636726282894,0.0006119407379983773,0.0,0.0,0.0,4,2
904,2.0216388133212088e-07,0.0,0.0,0.015378978231935007,9.619146204767955e-05,0.0,0.12660270503878807,0.00802084049372557,0.0,6,0
905,4.169996038832593e-08,0.0,0.0,0.009120304057919353,4.390345834377839e-05,0.0,0.10094480020009892,0.00791929837475423,0.0,6,0
906,7.537253722589883e-08,0.0,6.914477423407531e-07,0.0018377237210204544,5.635745511250595e-05,0.00013566650976439609,0.00807014141887191,0.0,2.3576631413053494e-05,6,1
907,1.2404258632072367e-09,0.0,0.0,0.00013076332036835467,8.242200646085047e-08,2.4538199315018845e-06,0.0,0.0005061845933684656,0.001035823960327654,8,1
908,0.00011983731839672074,4.8466302614067654e-05,0.0,0.002769146279040581,0.0038851062465506876,0.0093390831596568,0.0,0.0,0.0,5,4
909,4.462249223698714e-05,0.0,0.0,0.0001995279394787332,3.6779245660133005e-05,9.221377064405976e-05,0.0,0.0004491037984960123,2.4084883896387755e-05,7,4
910,2.314837839985412e-06,0.0,0.0,0.005316366899504943,0.00020589854555419146,0.0,0.0,0.002031246478809662,0.0,3,1
911,7.510436104622147e-08,0.0,6.24981659620701e-07,0.003459574786512195,5.325452478543414e-05,8.461090586300866e-05,0.007879078157967054,0.0,4.480579731757637e-05,6,1
912,0.053356557835666674,0.17752669997382442,5.278810978138174e-07,0.0,0.0,0.0007525220268903908,0.00022778854019914034,0.0,0.0,1,4
913,3.095745994630209e-11,0.0,0.0,0.0002631431373430043,0.0,0.0,0.0,0.0,2.0843931424267833e-06,3,1
914,2.0591570626095274e-08,0.0,0.0,0.009626966353505862,0.0,0.0003170196457150727,0.0,0.05305229469202103,0.0,7,1
915,0.0029866634831189703,0.0,0.0,0.0,0.001176957197298624,0.0005296168267676155,4.20610908918635e-05,0.0,0.0,4,2
916,4.894562332498874e-13,1.099545995576417e-11,0.0,4.610343650247032e-08,4.014630634266916e-09,8.899250773288146e-09,5.831057858116726e-07,0.0,2.865586730897288e-05,8,3
917,0.003646249443439096,0.0,3.903216382691118e-06,9.050310782151485e-06,0.0,7.493366922880996e-05,5.281460903486781e-05,0.0,0.0,5,5
918,3.3207184777388383e-07,0.0,2.361764168229927e-06,0.0036614600091933952,0.00014117473339745357,9.763143168014625e-05,0.008917114992209948,0.0,4.676001087706821e-05,6,1
919,1.650379578283726e-08,0.0,2.993068943602687e-08,0.0022477750657606487,1.0456073436465252e-05,0.0,0.00265313302296335,0.0,0.000611433599977723,6,1
920,7.311258179043144e-08,0.0,0.0,0.09017019731487261,0.0,0.0,0.0,0.0,0.0,3,0
921,0.00020730938368311477,0.0,0.0,0.0001652487469064981,0.0002694288355334118,0.00046555548843425163,2.7914606860133313e-05,5.447701577919499e-05,0.00015087206452577464,5,4
922,0.00256221242060487,0.0,0.0,6.681419510566357e-06,0.0014551975417528913,0.000567749214255564,5.153693067359513e-06,1.2770509836093248e-05,0.0,4,3
923,0.00023198797233792742,0.0,0.0,3.134289545103648e-05,0.00020535030024549817,0.0001728638000477826,0.0,9.752365000145299e-05,0.0,4,3
924,1.480065222368499e-09,0.0,0.0,0.005640758820782235,0.0,0.0,0.0,0.0,0.00026570477298949865,3,1
925,9.014357200407784e-11,0.0,0.0,0.0007197518766322502,0.0,0.0,0.0,5.3721478533197046e-05,0.0002855699304375313,3,1
926,8.89225288679074e-06,3.736006547339323e-06,0.0,6.104747179843385e-06,0.0004532766786097832,0.00010745597103750971,0.0,0.0,0.0,4,4
927,6.203730619913042e-10,0.0,0.0,0.0027916153347879794,0.0,0.0,0.0,0.006732191628950952,0.0,7,1
928,0.018473715702143553,0.0,2.8909831530940892e-05,7.500404905817441e-05,0.0,0.0013476592426785081,0.00014885401200975424,8.84081655896696e-06,0.00013716940235594522,5,4
929,0.018374792178497974,0.0,2.8468629777825104e-05,7.381730435894546e-05,0.0,0.0013122242340953979,0.00014518573020680424,8.57489408518474e-06,0.00013186502141556845,5,4
930,2.4796783825989317e-07,6.397314949199887e-07,0.0,0.0005895923911120505,5.4719444191626266e-05,0.06308378606565405,0.0,0.0,0.0004535893216954241,5,2
931,5.524737553988796e-08,0.0,0.0,0.08054874242764866,0.0,0.0016974498044116013,0.0,0.31849304359716285,0.0,7,1
932,1.632225794658025e-07,0.0,0.0,0.13901573126648809,0.0,0.003550906248039641,0.0,0.20019108251413786,0.0004320163772718572,7,1
933,1.0187825395527273e-08,0.0,0.0,0.0006026746424754066,4.36444811862474e-06,0.00018652612911756317,0.0011754292651352713,0.0,0.0,6,1
934,1.4002400979010631e-07,0.0,0.0,0.004710470535243315,3.60805514789739e-05,0.0011823798500165347,0.007780032870147026,0.0,0.0,6,1
935,1.1771458888990529e-07,0.0,0.0,0.09338317859714441,0.0,0.0021136811522418585,0.0,0.0,0.0,3,1
936,1.1771458888990529e-07,0.0,0.0,0.09338317859714441,0.0,0.0021136811522418585,0.0,0.0,0.0,3,1
937,1.3617892392780983e-06,1.8209490096102987e-06,0.0,0.019404015293710344,0.00014817501627565152,0.08456971252147229,0.002193854690991222,0.0,0.0,5,0
938,2.8301567560808774e-07,0.0,0.0,0.07524381805066634,0.0,0.0020106332778325013,0.0,0.342530035805848,0.0,7,1
939,0.06954362943137819,0.19688196984626757,0.0,0.0,0.004122220371707033,4.0705418197111075e-06,0.0002940363662468019,0.0,0.0006299390353480084,1,4
940,3.6841454919087047e-09,0.0,0.0,0.009590766009942646,0.0,0.00032072581511634216,0.0,0.05312145904813898,0.0,7,1
941,1.0349534091209732e-08,0.0,0.0,0.0028426101721214705,1.3168243446397848e-06,0.00010000579091599291,0.0,0.004675885738288335,1.3934414683897261e-05,7,1
942,1.4224657441897397e-07,0.0,0.0,0.022217678428141988,1.4566100480488565e-05,0.0006342495122050492,0.0,0.03021235092318439,8.117833587081583e-05,7,1
943,0.00020151727098805818,0.0,0.0,0.0,0.013374468060970523,0.0,0.0,1.1027734940023613e-05,0.002644268374162321,4,4
944,5.605768486143133e-06,0.0,1.3389553634086865e-05,2.5261704549362717e-05,0.000718512641016932,0.0,0.0,7.799326612702024e-05,0.0,4,5
945,1.78150023574955e-06,0.0,0.0,0.03179376183063719,0.00025950108009738834,0.000372155499573239,0.04576943549370831,0.0,2.769272517009419e-05,6,1
946,4.356804437330298e-08,0.0,0.0,0.02703871686600833,0.0,0.0006967489305679978,0.0,0.13687012108194213,0.0,7,1
947,2.1197625444803637e-07,0.0,0.0,0.08693773306258618,0.0,0.0,0.0,0.0,0.0,3,1
948,0.062111164946657395,0.1838978975497808,1.1732431854688993e-05,1.7373195832578098e-05,0.0,0.00028126536485082154,0.0004550727852145436,0.0,0.0,1,4
949,0.1031993364030504,0.310943956765509,6.933667704728633e-07,0.0,0.0,0.0,0.00034935315054651915,0.0,0.00026400917305930907,1,4
950,0.10867212855010276,0.22121784703839595,0.0,0.0,0.0018056424442706995,0.0,0.00039495275548336755,0.0,0.0,1,4
951,0.004106878305721048,0.0,0.0,0.0,0.0023162663800754936,0.0006048221090648919,2.9498032368174938e-05,3.645561424908669e-06,0.0,4,2
952,8.258235936621185e-10,0.0,0.0,0.003386771200945377,0.0,0.0,0.0,0.007900522451145206,0.0,7,1
953,1.7331038734409085e-08,0.0,0.0,0.023306700319668902,0.0,0.0007564223353276173,0.0,0.12673524749432796,0.0,7,1
954,0.047961541984888445,0.0,0.0,0.0,0.017560928274542028,0.008800188565055099,0.0014813330574424846,0.0,0.0004697386653836564,4,4
955,0.025762982196738244,0.0,4.043954001836636e-05,0.00010439703575684271,0.0,0.0,0.0,3.5612348517089995e-05,0.0,3,4
956,0.001716511831572536,0.0,0.0,0.0,0.06362878802516478,0.0,0.0006030088779414354,0.0,0.0015338373338789867,4,4
957,0.002233342083308459,0.0,0.0,0.0,0.011011352810698354,0.01355749524371288,0.001937244164660982,2.991855492476861e-05,0.004881182771577244,5,4
958,0.002818712853166084,0.0,0.0,0.0,0.0,0.00034903261053301633,0.0001522263155740463,0.0,0.0,5,4
959,2.3497743895132054e-07,0.0,0.0,0.053334142608591206,0.0,0.0,0.0,0.13006436087312517,0.0,7,1
960,8.123747488274316e-08,0.0,7.473114692111464e-07,0.002572807532146651,6.0714437070892264e-05,0.00014511059533869796,0.00873495953036059,0.0,2.5110016281634307e-05,6,1
961,3.453975018054173e-05,0.0,1.9074809354391628e-07,4.896569456708518e-07,0.0,1.793061331864478e-05,4.87170930861053e-06,0.0,0.0,5,4
962,6.62712452342786e-06,0.0,0.0,0.0,6.796449827625739e-05,0.0007954195042554714,2.008672079924323e-05,0.0,0.0,5,2
963,2.679522115771998e-09,0.0,0.02598788966651743,0.0,3.1791683895333504e-06,1.3592206838887283e-07,7.17694692028184e-08,0.0,0.0,2,5
964,3.862572660713917e-05,0.0,0.0,0.0,0.00019377123192055722,0.0014832545387899365,3.9924554003107616e-05,0.0,0.0,5,2
965,1.6356285614072335e-06,1.0644699666826751e-05,0.0,7.397277372283546e-05,4.484736078657887e-05,0.015743237636527293,0.0,0.0,0.0005350075380952024,5,0
966,3.0958945750485238e-06,0.0,7.447948759751443e-08,0.0,9.59652625616024e-05,1.0934995602900013e-05,3.908537070868113e-06,1.937813788143912e-06,0.0,4,5
967,0.0010623850143047621,0.0,0.0,0.0,0.015583701541561284,0.0,0.00040297184952621897,0.0,0.008190413492454847,4,5
968,6.805569155217667e-13,0.0,0.0,2.9022808074334213e-07,3.3468507668334945e-09,5.418151722722759e-08,2.9459796581643718e-06,0.0,1.2922231192223395e-08,6,2
969,3.028938157343881e-07,0.0,2.3589473142986883e-06,0.0,0.00011874526070231651,0.0,2.960910840023312e-06,0.0,0.0,4,5
970,3.219315544484813e-07,0.0,0.0,0.0,3.929234417639355e-06,0.0,3.1597481866935185e-07,0.0,2.6537960922060882e-05,8,5
971,2.031787600449631e-06,0.0,0.0,2.06995780136226e-06,0.00010621096297273804,5.1155281233864844e-05,1.7831038539480603e-05,0.0,4.33958958985839e-07,4,2
972,1.6626111487990368e-09,0.0,0.006474877491179926,0.0,1.732083659609111e-06,0.0,4.7729699544133e-08,0.0,0.0,2,0
973,7.900601058068909e-11,1.0050729147932398e-09,0.0,2.095726857035952e-06,1.9798649012593642e-07,2.4508517707612243e-07,1.7824633389215348e-05,0.0,0.0006300365905779179,8,3
974,1.8982064127601493e-12,0.0,0.0,3.677457777699345e-07,1.3019070655921903e-08,8.868373970374502e-08,4.388745547311671e-06,0.0,1.6957586454546866e-06,6,2
975,5.080114341315558e-10,0.0,0.0,3.425282005990973e-05,1.082656447343335e-06,4.9645507211065205e-06,0.00027006267037260964,0.0,6.054143503033403e-05,6,2
976,1.27577589986682e-05,1.355178580309019e-05,0.0,0.0,0.0015466874104530463,0.0,0.0,1.06561615315402e-05,3.906786790876255e-05,4,5
977,1.8374187149366937e-12,0.0,0.0,3.3684911193536314e-07,1.2092416497564154e-08,8.1770708991258e-08,4.0157122189769394e-06,0.0,1.5622928361975896e-06,6,2
978,9.260395707995553e-15,0.0,0.0,5.136350949441961e-09,1.697882223853792e-10,1.7901364473310599e-09,8.226328589978485e-08,0.0,3.9839483395692284e-08,6,2
979,1.879772538463928e-12,0.0,0.0,3.575201646804104e-07,1.2679777656345183e-08,8.502023039013921e-08,4.222070675276789e-06,0.0,1.6129931481980837e-06,6,2
980,2.8342409561925333e-05,0.0001628523412158123,0.0,4.983199968217155e-06,0.000288824909129896,0.00018133364766089005,4.8295502444308074e-05,0.0,6.282868059626905e-06,4,2
981,1.0090649227481865e-08,0.0,0.0,1.3033951261242986e-05,2.7044838524796484e-05,7.59832121725655e-06,0.0,0.0001314442832543281,0.16740718058048734,8,3
982,9.993856740486506e-06,0.0,0.0,0.0,0.00011748116111082,0.0009893972425222034,2.8231172143981942e-05,0.0,0.0,5,2
983,3.14361545724214e-10,0.0,0.0,1.623170795023292e-05,6.320638186842276e-07,2.2073697897222652e-06,0.00012373365327634172,0.0,3.2056498666179394e-05,6,2
984,4.055220833325287e-05,0.0,8.316398621715103e-07,0.0,0.000589073313175874,5.346297043561334e-05,2.0257025007080085e-05,1.1580867292716757e-05,0.0,4,5
985,3.509494437593089e-07,0.0,0.0,6.260140723483227e-06,0.00011614135353559473,0.0,5.219342639475403e-05,0.0,0.0018163820907020779,8,3
986,1.8788252511952912e-06,0.0,1.4730950643855263e-07,0.0,5.402675750455533e-05,4.679396847805607e-06,6.810382149118653e-07,6.39537762769587e-08,0.0,4,5
987,1.599034265062273e-09,0.0,0.007958494829510996,0.0,1.5799083671128814e-06,1.2863201989517688e-09,3.730237213664361e-08,0.0,0.0,2,5
988,2.5117363127744007e-05,0.0,1.0792815905928154e-06,0.0,0.0004002998250616462,2.6040458547682648e-05,4.087100454726268e-06,3.472603295814177e-07,0.0,4,5
989,4.0908051365595624e-05,0.0,0.0,0.0,0.00019965892013102516,0.0016714948343926977,4.254740099569234e-05,0.0,0.0,5,2
990,3.749941626875353e-09,0.0,0.023241974180396977,0.0,4.166165319431944e-06,0.0,1.121205119439463e-07,0.0,0.0,2,5
991,2.4040141257295647e-11,0.0,0.0,0.0,7.791349810631297e-08,0.0,0.0,1.1346770903702197e-09,2.82679172474574e-06,8,2
992,0.0012764465450699333,0.005999399075862007,0.0,0.0,0.0026088818120650168,0.0,0.0,0.0,0.0,1,4
993,0.000585991494708148,0.0026572545848608715,0.0,0.0,0.0019069502024147474,0.0,1.5502431200405387e-05,0.0,0.0,1,4
994,1.453277718072673e-06,0.0,0.0,1.6980562308533572e-06,8.118042404561602e-06,6.6243655996266704e-06,8.092542451059414e-06,1.6491769145703997e-05,0.0,7,5
995,1.6679122001883754e-07,1.1002683690634157e-06,0.0,1.5043206990988196e-05,6.342885250205787e-05,0.0,0.00011413982137676324,0.0,0.0015248004497752043,8,3
996,1.0490989451395445e-09,0.0,0.0,0.0,1.2528890365088738e-06,0.0,6.991899118033395e-08,0.0,2.7725288152043504e-07,4,1
997,3.510285032619137e-05,0.0,0.0,0.0,0.00014988258371078476,0.0011970907456156292,2.952662385868591e-05,0.0,0.0,5,2
998,0.00019466554066189346,0.00014353087706776377,0.0,4.277159663001138e-05,0.004559189151108719,0.004870204302042245,0.0,5.3403338629662244e-05,0.00023371280541096214,5,2
999,3.840068787941781e-05,0.0,0.0,0.0,0.00018101783170430423,0.001570984671537991,3.813436374049446e-05,0.0,0.0,5,2
1000,4.097320086904276e-09,0.0,0.06808125442869477,0.0,3.909243011115403e-06,1.1569302556820585e-06,0.0,4.6833587900729726e-08,2.917386451669927e-07,2,5
1001,0.0002774793759956045,0.0,0.0,0.0,0.011369180995880454,0.0,0.0003085524535129959,0.0,0.0,4,4
1002,0.0035435950907283425,0.0,0.0,0.0,0.07967638302479997,0.0,0.0017157627424124425,0.0,0.0,4,4
1003,6.451658956295202e-13,0.0,0.0,1.0444917518437915e-07,4.11797797224095e-09,3.408358241705873e-08,1.5252023463393776e-06,0.0,7.024532772904098e-07,6,2
1004,8.035429167991615e-13,0.0,0.0,1.4701504849040999e-07,5.657705242368808e-09,4.701858700863981e-08,2.1234938614527236e-06,0.0,9.687127557855093e-07,6,2
1005,8.691742212756555e-12,0.0,0.0,1.3151152172746662e-09,4.016648450796125e-11,1.3355978082401585e-09,4.6634695971837434e-08,1.777558418241359e-08,3.1409997699921077e-09,6,1
1006,2.7451624704641546e-08,0.0,0.18034475952272241,0.0,1.8794541945669165e-05,2.4632408180896974e-06,1.3160974128088588e-07,6.14696161398225e-08,6.501433569328803e-07,2,5
1007,8.082139839431695e-10,0.0,0.0,1.090172513731273e-08,2.223530087060995e-07,2.3751041695287804e-07,1.7755663136991426e-07,0.0,5.8116291585361645e-08,5,2
1008,4.195880615500844e-11,0.0,0.0,0.0,9.152229141590603e-08,0.0,0.0,8.534132670831889e-10,2.8791492827148597e-06,8,5
1009,5.283245320295942e-06,0.0,0.0,4.642213787190207e-07,5.428463017313671e-05,0.0008289810523012481,1.2637778891248451e-05,0.0,0.0,5,2
1010,1.659816046931735e-14,0.0,0.0,0.0,1.8795336368247016e-10,0.0,0.0,3.5516661971590637e-12,1.7315427488618318e-08,8,5
1011,4.146446793044497e-13,0.0,0.0,1.0421855144271737e-07,1.090951271721704e-09,1.1334395239956356e-07,1.8357739332343572e-08,3.575820654641044e-08,3.435343748390494e-10,5,2
1012,2.1174638229177673e-11,0.0,0.0,4.125328827182334e-07,4.3245009218100754e-08,2.179459591642551e-07,0.0,2.2739181429306096e-06,6.636866181598918e-09,7,1
1013,3.840068787941781e-05,0.0,0.0,0.0,0.00018101783170430428,0.0015709846715379876,3.813436374049395e-05,0.0,0.0,5,2
1014,3.848028386245009e-06,0.0,0.0,0.0,4.095456244387777e-05,0.0005335198136948261,1.205155586196059e-05,0.0,0.0,5,2
1015,1.1106251386918352e-10,0.0,0.0,1.2557444087764478e-05,3.0401308962952835e-07,2.2142289247349474e-06,0.00011333134927161824,0.0,2.497301135959245e-05,6,2
1016,7.924608202210568e-07,0.0,0.0,0.0,0.00026316307878687385,0.0,0.0,1.4054202415789123e-06,0.0019787939567856524,8,5
1017,1.9494522128756167e-13,0.0,0.0,1.3950277301987036e-07,4.1968139755168945e-09,0.0,0.0,4.0595406583742916e-07,9.204137973060435e-05,8,1
1018,1.3369978263025417e-08,0.0,0.0,0.0,8.865797094397833e-06,0.0,3.954489544424531e-07,0.0,1.333252130151866e-06,4,5
1019,3.286645838162304e-10,0.0,0.0,0.0,6.196171557749328e-07,0.0,0.0,7.177574856635716e-09,1.589198721327125e-05,8,5
1020,1.0828527025352441e-09,0.0,0.0,8.547399024245742e-10,1.2849904523123634e-06,0.0,2.6105698563930373e-07,0.0,4.9808148739863154e-05,8,3
1021,7.998651398681973e-12,0.0,0.0,7.156291272299514e-08,1.1229191495169459e-07,6.771951738171322e-08,0.0,1.1513217632788803e-06,0.0020928885887791498,8,3
1022,9.605900388660035e-10,0.0,0.0,3.828992959984373e-05,4.721085069461777e-07,1.9950585484555905e-05,3.803433723105031e-06,6.787688684512877e-06,3.93249924503905e-08,3,2
1023,2.7626544321093705e-05,0.0,0.0,1.560829492751999e-05,0.0008300247354591737,0.0003078718997582432,0.00011221373127535874,0.0,2.4318492214747652e-06,4,2
1024,6.10984374586547e-08,0.0,0.0,0.0,3.8547234669601875e-05,0.0,0.0,2.8067472714585683e-07,0.0004854394876076471,8,2
1025,6.820025383025358e-09,1.1900385402153917e-08,0.0,1.0351722041442078e-05,1.961569418867867e-06,0.0017386696297845873,0.0,5.767534136192049e-05,0.0,5,2
1026,4.788570196086241e-11,0.0,0.0,1.1237414307058725e-07,2.949468172686312e-07,1.0364150679014427e-07,0.0,1.5210522996294977e-06,0.002056219463080742,8,1
1027,1.209181264137621e-09,6.560248723911445e-09,0.0,6.881433594415803e-09,3.780133521058919e-07,3.4589162256582403e-07,0.0,7.367357564337524e-08,1.4171982600558354e-07,4,2
1028,8.19612026367171e-06,1.3672589207035974e-05,0.0,7.918908816934233e-07,0.00022247284016192214,7.628183962791063e-05,0.0,4.487488340243179e-06,1.1647913604593383e-05,4,2
1029,1.4013307335314925e-10,0.0,0.0,1.6373622731919813e-05,4.277270157653295e-07,3.0240840868886075e-06,0.00015389092053326263,0.0,3.7427703522053086e-05,6,2
1030,1.4861492027325107e-07,0.0,0.0,2.691975403063663e-07,1.3361043306866481e-05,8.263427786442094e-06,2.7495615824665683e-06,0.0,7.071039371421434e-08,4,2
1031,2.8829805005335833e-08,0.0,2.2439094778595595e-07,0.0,1.1663284185419487e-05,0.0,3.1322813491144653e-07,0.0,0.0,4,5
1032,2.224663032769435e-09,0.0,0.0,0.0,4.921767047950638e-07,0.0,3.4464822907306496e-08,0.0,1.4627240890653226e-06,8,0
1033,1.056365115230761e-05,0.0,0.0,0.0,0.001750981848784327,0.0,0.0,0.0,0.0005496994936796984,4,4
1034,0.00021891588661971094,0.0,0.0,0.0,0.007991215407045896,0.0,0.00020717250660577785,0.0,0.0,4,4
1035,2.3431041989538084e-05,0.00015881280634546865,0.0,2.3174909128058865e-06,9.32737084916238e-05,5.1156637595798196e-05,1.8194570113719833e-05,0.0,1.290124123510817e-05,1,2
1036,2.1508977143930977e-12,1.0162679413999664e-12,0.0,9.508006049331786e-08,7.1479392329948385e-09,3.5498334053049235e-08,0.0,4.47524589572517e-07,2.422217446141498e-09,7,2
1037,4.445382000669636e-09,0.0,0.0,0.0,4.772910239170146e-06,0.0,0.0,4.320896621659679e-08,8.37746258648896e-05,8,5
1038,9.260395707995553e-15,0.0,0.0,5.136350949435601e-09,1.6978822238538005e-10,1.7901364476841163e-09,8.226328589981349e-08,0.0,3.983948339601598e-08,6,2
1039,1.0533659045053121e-07,3.3164356988750243e-07,0.0,1.8009652014306292e-07,1.0654317599865456e-05,5.717432918470375e-06,0.0,1.2651113844809084e-06,1.915342609364139e-06,4,0
1040,1.8292009306085394e-06,0.0,0.0,0.0,2.6612467853824037e-05,9.044534394426717e-05,6.1382758157840215e-06,0.0,0.0,5,2
1041,3.3041368928740106e-10,0.0,0.0,0.0,6.292641126773617e-07,0.0,0.0,7.352814640699995e-09,1.637983022976445e-05,8,5
1042,0.0006836979464400517,0.00328887985218204,0.0,0.0,0.0006675098124872837,0.0,0.0,0.0,0.0,1,3
1043,3.2990432419203684e-06,0.0,0.0,0.0,3.862406779063799e-05,0.000374270181190565,1.072133904286165e-05,0.0,0.0,5,2
1044,5.4087992906850987e-11,0.0,0.0,1.5831536299520402e-05,3.5991866393783486e-07,0.0,0.00012336107408800082,7.791548617979476e-05,0.003172917383807647,8,1
1045,1.0420666863163377e-09,0.0,0.0,4.5854366834335706e-05,1.1229281391187485e-06,4.279320909935269e-06,0.0002565808354011949,0.0,2.7022248005516653e-05,6,2
1046,1.433035018539178e-06,0.0,0.0,0.0,0.00016395139311926443,3.6471111023010194e-06,6.242121492396255e-06,0.0,0.0,4,3
1047,0.0002803635774308108,0.00012540549635080067,0.0,0.0,0.013394376539008542,0.0,0.0,8.573391269575366e-05,0.0001787361966166028,4,5
1048,1.5315044646078538e-09,0.0,0.005534087743740765,0.0,1.5120520584321596e-06,0.0,4.0050615075379314e-08,0.0,0.0,2,5
1049,8.965224826959997e-08,0.0,0.0,5.5146274751597025e-06,4.106735039850429e-06,0.0025180285566518937,0.0,0.0,0.0,5,4
1050,4.035322635157744e-06,0.0,0.0,2.057698472024212e-07,7.741535380778297e-05,0.0002641244759631629,0.0,2.7434970188395796e-07,0.0,5,2
1051,3.5343939034752793e-10,2.614289950126415e-09,0.0,4.648860212090575e-09,2.3265479211720146e-07,1.53065579130157e-07,6.241359035902353e-08,0.0,5.30178432477416e-08,4,2
1052,5.292073974914467e-10,0.0,0.0,2.9361723164878583e-06,2.254719124080702e-06,3.127429031541135e-07,0.0,1.840231418936126e-05,0.013791468129902014,8,0
1053,4.041630989103524e-10,1.1344938025575545e-10,0.0,5.71326212709267e-06,4.6120025805632045e-07,1.391446114987334e-06,0.0,1.8211212001421127e-05,7.933575474577223e-08,7,2
1054,2.894888751054202e-10,0.0,0.0,3.1715525016727964e-06,3.4448904017592577e-07,1.3473603454112686e-06,0.0,1.4329129196794357e-05,3.7464747007783135e-08,7,2
1055,4.745685453042411e-06,0.0,0.0,0.0,0.0008933007242897784,0.0,2.2658833217893203e-05,3.918112580295818e-06,0.009543804267512192,8,5
1056,4.979455035681984e-05,0.0,0.0,5.379304798365209e-06,0.0006773256794335318,0.000561276289812523,9.285273933842147e-05,0.0,0.0,4,2
1057,7.2708620981734166e-09,0.0,0.0,0.0,5.06507626243944e-06,0.0,0.0,2.899056136622234e-08,7.491445690111364e-05,8,5
1058,0.0006836979464400517,0.00328887985218204,0.0,0.0,0.0006675098124872838,0.0,0.0,0.0,0.0,1,5
1059,1.1049037494014781e-08,0.0,0.0,4.1272607606939505e-08,1.7661459934272017e-06,1.4555556886341251e-06,5.517611618843038e-07,0.0,6.164665920906395e-08,4,2
1060,8.997933266432593e-09,0.0,0.0,6.752448059585657e-06,1.8946732581529867e-05,4.085818763137679e-06,0.0,6.186383110628031e-05,0.06698166739446369,8,5
1061,0.00012834371923174277,0.0005346302287374136,0.0,5.3457918715613325e-06,0.002000869309660573,0.0002057565319097889,0.0,2.375916238853434e-05,2.2483834344688456e-05,4,4
1062,5.709700353328508e-10,0.0,0.0,0.0,7.186768375988291e-07,0.0,0.0,5.308635910567852e-09,1.5807557380731657e-05,8,5
1063,4.180239338523897e-07,0.0,0.0,0.0,3.159782796984318e-05,0.0,1.490229182518888e-06,0.0,4.76696367049983e-05,8,5
1064,0.00021456300298015635,0.0,0.0,5.568191999723977e-07,1.4242643115678565e-05,0.000877119473730995,3.7750528240977845e-05,0.0,0.0,5,2
1065,8.279778268374287e-09,0.0,0.0,0.0,2.9823088671607227e-06,1.0741481596653917e-07,1.761129317023327e-07,0.0,0.0,4,3
1066,5.405046333639713e-05,0.0,0.0,3.7940430967029126e-05,0.00022665883818539368,0.015457497796104731,0.0,0.0,0.0,5,2
1067,3.878915949472652e-07,0.0,0.0,3.0256416577809127e-05,0.00016640282368499557,0.0,0.0,0.00011767399746857971,0.049481935284052946,8,3
1068,2.8267102378300578e-08,0.0,0.0,7.831054344921315e-09,8.61517001727283e-07,2.17131395718247e-05,2.854723895685623e-07,0.0,0.0,5,2
1069,2.956247263297976e-11,1.0785504728879427e-11,0.0,7.431403127468229e-07,5.786195675112025e-08,2.2505742767569384e-07,0.0,2.8895641793460528e-06,1.406616885836905e-08,7,0
1070,1.256356169624134e-06,0.0,0.0,0.0,0.00015225394164082614,1.0796980198502754e-05,3.921588970283467e-06,0.0,1.6483446663963104e-06,4,5
1071,7.336626233338496e-10,0.0,0.0,1.8013874447753958e-05,3.2047485043946045e-06,4.606018375038337e-07,0.0,6.917900541341925e-05,0.022091308252845915,8,3
1072,2.0724698972075642e-07,1.3073419545719536e-06,4.280343603462932e-10,6.502977650457885e-10,0.0,0.0,0.0,3.389443989368039e-08,0.0,1,2
1073,2.3809929378925934e-06,0.0,0.0,0.0,0.00047817092714810697,0.0,1.305836237918252e-05,0.0,2.971720132921559e-05,4,0
1074,3.4836609302564385e-06,0.0,0.0,0.0,3.3452102905651906e-05,0.00040368530375838626,9.259103370700616e-06,0.0,0.0,5,2
1075,7.232607204610935e-05,0.0,0.0,0.0,0.0080539274831166,0.0,0.00019288060846837346,0.0,0.0,4,4
1076,0.00020918987141332592,0.0,0.0,0.0,0.0014468410677608834,0.00016664331840841133,0.00010441190609662827,7.009235757285023e-05,0.0,4,5
1077,0.0027745123865993396,0.0,0.0,0.0,0.06090766824616114,0.0005567349045556107,0.001360443618868703,0.0,0.0,4,4
1078,2.6647661606107595e-09,1.5552375036301813e-08,0.0,2.096572434105527e-08,1.0813940212651424e-06,5.72527056959644e-07,2.4286220403440605e-07,0.0,1.8301812405135932e-07,4,2
1079,5.1481480249698384e-05,0.0,0.00012076260827467495,0.0,0.00619930756656106,0.0,9.988249336490612e-05,0.0,0.0,4,5
1080,1.4013307335314925e-10,0.0,0.0,1.6373622731919776e-05,4.2772701576667885e-07,3.0240840868925183e-06,0.00015389092053326217,0.0,3.7427703522057016e-05,6,2
1081,0.0008269972182424155,0.0,0.0,0.0,0.001970642262676728,0.0,8.851261139390486e-05,0.0,0.0048557688558102255,8,5
1082,9.353743598857251e-12,0.0,0.0,2.2684060689691604e-06,2.743241343392428e-08,3.4348117078790514e-07,1.9498182936255864e-05,0.0,7.43681799993455e-08,6,2
1083,0.0013848720466269103,0.0037119772188445393,0.0,0.0,0.0032960670016149722,0.0,0.0,1.1396447765603017e-05,0.0,1,4
1084,1.192674312062278e-10,0.0,0.0,1.1645579829230741e-06,1.0535674510154445e-06,4.829075100988403e-07,0.0,9.48869503802881e-06,0.015253537152375585,8,3
1085,2.2413799436263936e-08,0.0,3.118905250714425e-07,0.0,1.549146184486827e-05,0.0,4.794957504566083e-07,0.0,0.0,4,5
1086,2.811666893989722e-08,0.0,0.0,7.700862189053164e-09,8.480884338319732e-07,2.1158912839598164e-05,2.7921728520088004e-07,0.0,0.0,5,2
1087,1.9366519904222937e-07,0.0,0.0,0.0,7.604225108512468e-05,0.0,2.7755871188402552e-06,0.0,8.044372709102987e-06,4,0
1088,0.0006201217395300338,0.00287651044451762,0.0,0.0,0.00023017409292101418,0.0,0.0,2.5790341133981667e-06,0.0,1,4
1089,8.724664091264195e-12,0.0,0.0,1.5160772817588865e-07,1.3255419604289495e-07,7.815857397809116e-08,0.0,1.5088725239358097e-06,0.0027214807767814006,8,3
1090,2.6635388345981184e-09,0.0,0.0,6.685346387744671e-06,5.1433049007414655e-06,3.185533347331758e-07,0.0,3.277975713882023e-05,0.016048308658276805,8,3
1091,7.685869990640559e-07,0.0,0.0,0.0,0.00021682777038565466,0.0,0.0,0.0,9.474920862211177e-05,4,5
1092,9.163443445075316e-07,0.0,0.0,3.5255278567641003e-07,0.00035513203724880677,0.0,4.1776181426196516e-05,0.0,0.0072756323235006835,8,3
1093,4.676636138754396e-09,0.0,0.0931666908646664,0.0,3.936462264070598e-06,1.8164624877734201e-06,0.0,8.548008104592272e-08,4.80991752929036e-07,2,5
1094,1.7648977265875446e-12,0.0,0.0,2.9478415508926704e-07,1.069808550813927e-08,6.614553218503927e-08,3.3113329316692997e-06,0.0,1.2038341129886455e-06,6,2
1095,1.3305473761025438e-06,1.2257206991268394e-05,0.0,3.490236197649069e-06,0.00012962698703286124,0.0,4.5830757049197094e-05,0.0,0.0006567987513293007,8,4
1096,3.8839381712439275e-09,0.0,0.0,2.200239805686399e-05,1.0168415671494993e-05,0.0,0.0001251510327119316,0.0001293443668776772,0.04631013622764611,8,0
1097,5.36439814435895e-09,0.0,0.06914232476214996,0.0,5.13241975351252e-06,1.0432871156108308e-06,9.679468119100395e-09,3.485275196677185e-08,2.5934057780856407e-07,2,5
1098,1.997317172536242e-09,0.0,0.02260018575568673,0.0,1.7484767219607838e-06,3.5252882781907443e-07,1.3234589250855422e-09,1.215275554610584e-08,9.182986790008445e-08,2,5
1099,3.8644250111928546e-07,0.0,0.0,6.02583550368987e-08,6.8409839846023215e-06,0.00013411873034836994,1.9007427574295707e-06,0.0,0.0,5,2
1100,0.0020876214476748473,0.0,3.375087638752859e-06,8.726459929437967e-06,0.0,0.0,0.0,1.1087285815766617e-05,0.00010027696627540961,8,4
1101,0.0003567067132478927,5.349143439360048e-06,0.0,0.0,0.013729750736397399,0.0004821259820682887,0.0,0.00024702972486292723,0.00013990195770550735,4,3
1102,0.0024970330106037337,0.0,0.0,0.0,0.04953848725028069,0.0006347535178159387,0.00105186273689806,0.0,0.0,4,4
1103,2.0391520061354686e-11,0.0,0.0,4.189801077990329e-06,1.052012361846639e-07,9.540270970106455e-07,4.6502688862444934e-05,0.0,1.2919935919230594e-05,6,2
1104,0.0008659242135076517,0.0,0.0,0.0,0.05204530864223155,0.0,0.0010042657362490637,0.0,0.011791911562298949,4,4
1105,8.033187684611843e-13,0.0,0.0,1.3519072689883399e-06,3.2150440474143097e-09,0.0,4.4990788654716234e-06,0.0,2.499701625431716e-07,6,1
1106,1.0533659045053121e-07,3.316435698870034e-07,0.0,1.8009652014307793e-07,1.065431759986613e-05,5.717432918469425e-06,0.0,1.265111384480825e-06,1.9153426093647154e-06,4,2
1107,4.4337369513586176e-08,5.707052963477783e-07,0.0,0.0,3.7151375401778655e-06,0.0,1.4606708681861182e-07,0.0,0.0,4,4
1108,1.4314975599254967e-05,1.3768665915838e-05,0.0,5.658757074878665e-06,0.0005821852579560781,0.0008080246135868993,0.0,8.731753650682412e-06,4.262353837920966e-05,5,4
1109,1.0323064265792968e-07,3.2064834806009015e-07,0.0,1.6921798549078209e-07,1.005240102977892e-05,5.197116478844264e-06,0.0,1.153792639884271e-06,1.70725149412898e-06,4,2
1110,0.0001753458173391803,0.00014382385040545415,0.0,0.0,0.012493525748856793,0.0,0.0,6.936580508756947e-05,0.0002313220569846339,4,4
1111,3.366478875120692e-09,0.0,0.0,9.77095813963059e-06,8.730902447420538e-06,7.012190209925967e-07,0.0,6.177661930639233e-05,0.042983769220846124,8,3
1112,3.7368035553011566e-09,0.0,0.0,4.354942313352387e-06,8.948666274757601e-06,1.0719761228203508e-06,0.0,3.495094458088675e-05,0.03413273483745219,8,3
1113,7.685799975692489e-11,0.0,0.0,5.6540644328960904e-05,9.643903363340207e-08,0.0,9.73826014741247e-05,0.0,3.4642133847750238e-06,6,1
1114,2.860034514782448e-14,0.0,0.0,3.663742619876123e-08,1.0582219111825553e-09,0.0,0.0,1.3069243209044064e-07,3.3352294618644526e-05,8,3
1115,0.0006836979464400517,0.00328887985218204,0.0,0.0,0.0006675098124872839,0.0,0.0,0.0,0.0,1,3
1116,3.491702694916137e-05,0.0,0.0,0.0,0.0001475657287986526,0.0011672993677796016,2.8875260369793275e-05,0.0,0.0,5,4
1117,0.0006610249133149405,0.0,0.0,0.0,0.02505871985714885,9.679473808513127e-05,0.0006688112475891525,0.0,0.0,4,0
1118,1.2199928703157893e-08,1.0460134600145924e-07,0.0,1.9567525469138605e-06,7.9704031208925e-06,0.0,1.7645757428197095e-05,0.0,0.0002712243411741698,8,3
1119,4.848347929380578e-06,0.0,0.0,0.0,0.0009516685585378128,0.0,2.4891060314694268e-05,4.357604674443151e-06,0.01083450464825449,8,3
1120,3.3571816096654505e-11,0.0,0.0,7.021698940044032e-06,2.3040410820643926e-07,0.0,0.0,1.3117186210307058e-05,0.002285226828124066,8,3
1121,1.2739364101477504e-13,0.0,0.0,4.038364638642001e-08,1.3855804665628097e-09,1.1490331035598342e-08,5.502867248828247e-07,0.0,2.348731818750848e-07,6,2
1122,0.00020768160416891182,0.00015557072126336536,0.0,4.7357754040442994e-05,0.005036060755395565,0.005470710261235735,0.0,5.9932430900716673e-05,0.00026382436161324766,5,4
1123,6.357747045682595e-13,0.0,0.0,1.7110797621085872e-10,5.04642423804264e-12,2.1622610299624317e-10,7.214540354970774e-09,2.8711349815034463e-09,5.594725763279792e-10,6,5
1124,1.7836883753415507e-05,0.0,0.0,0.0,0.0010750436335277586,1.8110508203560043e-05,3.1448861794813864e-05,0.0,0.0,4,2
1125,1.453277718072673e-06,0.0,0.0,1.6980562308533206e-06,8.118042404559802e-06,6.624365599623737e-06,8.092542451070299e-06,1.6491769145702124e-05,0.0,7,4
1126,9.002269999342045e-06,6.428091197197641e-05,0.0,1.3295104148246555e-05,0.0005101242959935382,0.0,0.00014634026868422538,0.0,0.0018139598121355337,8,4
1127,0.0025635511996812094,0.0005762624674555124,0.0,0.0,0.04323660062615549,0.0016763919909347346,0.0,0.00047921491371928345,0.00025203795270224347,4,4
1128,0.003311301713878424,0.0,0.0,0.0,0.06623182893127157,0.0007551162103175464,0.001294959673156478,0.0,0.0,4,3
1129,0.0025187213165332348,0.0005148775702099033,0.0,0.0,0.0409823764728709,0.0014850893724331342,0.0,0.00044610776497125616,0.0001915177572411929,4,4
1130,2.0867497531968853e-05,0.0,0.0,0.0,0.0014269773191801578,2.5904813821119657e-05,4.4802193427523404e-05,0.0,0.0,4,3
1131,0.00047990831540978913,0.0,0.0,0.0,0.0011810820815740582,0.00739983047218764,0.00019415978613720078,0.0,0.0,5,2
1132,0.00043559658511874584,0.0,1.3193659684377208e-06,3.314135108920453e-06,0.0,9.101236759172597e-05,2.6075052136935848e-05,0.0,0.0,5,4
1133,0.00091193072673351,0.0,0.0,0.0,0.0551966974730906,0.0,0.0010501708577715337,0.0,0.0,4,4
1134,7.446132627869205e-11,0.0,0.0,5.204600284138703e-05,8.80222478301377e-08,0.0,8.427573875117135e-05,0.0,2.8336105027262935e-06,6,1
1135,2.031962667753755e-05,9.185152697231431e-05,0.0,0.0,0.0018064741058807028,0.0,5.441044703738989e-05,0.0,0.0,4,4
1136,5.4240118325160484e-05,0.0,0.0,5.654844702621328e-07,0.0002249910869400112,0.0020086842914603664,3.939573502030795e-05,0.0,0.0,5,2
1137,3.034656697547635e-09,0.0,0.0,0.00012233151926317263,6.783991224465114e-06,9.192868645913279e-07,0.0,0.00030733167679494646,0.029412964759659994,8,3
1138,1.670856238955414e-09,0.0,0.0065665158383826335,0.0,1.7515689591907796e-06,0.0,4.8530281697891825e-08,0.0,0.0,2,4
1139,6.357566980630428e-13,0.0,0.0,1.7106058691417095e-10,5.045225067531652e-12,2.160852254571961e-10,7.21060305805804e-09,2.869292559470486e-09,5.589447303151426e-10,6,5
1140,5.943570056253891e-11,0.0,0.0,7.106635969386315e-10,2.8394206623223214e-08,3.911619601763288e-08,1.3478804119060375e-08,0.0,1.9870926320735345e-09,5,2
1141,0.00014211101429217055,0.0,0.0,0.0,0.013267939379689397,0.0,0.0,0.0,0.002808742815650602,4,4
1142,1.5023561031806877e-07,0.0,0.0,3.0615502082602216e-07,1.3809345662921686e-05,8.750885630217578e-06,3.392091634009824e-06,0.0,2.921170755131478e-07,4,2
1143,0.017135938374824917,0.05539689967748954,0.0,0.0,0.007307206748514624,0.0001089811201482047,0.0,6.73418662886881e-05,0.0,1,4
1144,2.4003081023138943e-07,0.0,0.0,0.0,4.791394102161914e-06,5.904342557748587e-05,1.5969519687791665e-06,0.0,0.0,5,2
1145,2.5540027781876294e-06,0.0,0.0,0.0,1.8655023432703616e-05,0.0001888441335496383,4.387346155573198e-06,0.0,0.0,5,2
1146,3.8848878520625686e-07,0.0,0.0,0.00010092292355833894,0.0001687892371462501,0.0,0.0,0.0002743407256197774,0.06370480792489086,8,3
1147,2.692509708837503e-08,0.0,0.0,5.3848932611472366e-05,1.610498389433738e-05,3.1628614336939766e-06,0.00031444094362563204,0.0,0.00036536509275027554,8,2
1148,0.00034521929497956374,0.0,8.633740739945383e-06,0.0,0.003225313227697277,0.00016755221502512367,2.7893374752738924e-05,2.213057501217443e-06,0.0,4,5
1149,5.955621259131244e-06,0.0,0.0,1.0263122819585268e-06,0.00011734695620495504,0.00011243314895873348,1.9400753383808962e-05,0.0,0.0,4,2
1150,1.0323064265792968e-07,3.2064834806046443e-07,0.0,1.6921798549082833e-07,1.0052401029778471e-05,5.1971164788430684e-06,0.0,1.1537926398843873e-06,1.7072514941276038e-06,4,2
1151,2.8332140788394718e-06,1.3749288325809188e-05,2.0562567223179896e-09,1.31753076825301e-09,0.0,0.0,0.0,2.1380500217538133e-07,0.0,1,4
1152,3.0941072358870718e-09,0.0,0.0,1.1561682220986285e-05,7.513699581496779e-06,3.2362789159791814e-07,0.0,4.933855675006889e-05,0.034446409470011596,8,3
1153,9.144601810609719e-13,0.0,0.0,4.1648789324339265e-08,2.2341797032708175e-08,1.6058333737143056e-08,0.0,4.3788945773024124e-07,0.0005852817577993523,8,3
1154,5.750348379933902e-06,0.0,0.0,0.00021111532931649085,0.00013198809217232472,0.05604838653154497,0.0,0.0,0.0,5,2
1155,2.427159294233702e-12,0.0,0.0,8.773047227151437e-07,2.776840673097251e-08,0.0,0.0,1.9531031407273548e-06,0.0003741633995496537,8,3
1156,2.0945343870703722e-05,0.00010909976295565103,0.0,9.45296938601735e-06,0.00021459260852045873,0.0025768703179360236,0.0,0.0,9.504837033418343e-05,5,4
1157,4.2033514203633486e-10,0.0,0.0,4.252538980425041e-09,8.26483607593515e-07,0.0,2.202733603952379e-07,0.0,4.776156851493356e-05,8,3
1158,0.0017874635163399055,0.0,0.0,0.0,0.0062368706488373105,0.0,0.00018004016532172795,0.0,0.011354006966491118,8,4
1159,3.028938157343881e-07,0.0,2.358947314298146e-06,0.0,0.00011874526070231656,0.0,2.96091084002303e-06,0.0,0.0,4,5
1160,9.144601810609719e-13,0.0,0.0,4.16487893243394e-08,2.2341797032708175e-08,1.6058333737183793e-08,0.0,4.378894577302375e-07,0.0005852817577993528,8,3
1161,0.00024814461746636954,0.0,0.0,0.0,0.010664613359598072,0.0,0.0002879659671034117,0.0,0.0,4,4
1162,0.0014684363974625772,0.0015163502735831469,0.0,3.878385326183406e-05,0.013272419721954377,0.0012169190706186855,0.0,0.0001547224368468026,0.0004822523592452903,4,4
1163,6.012603957413842e-11,0.0,0.0,1.9899992221343547e-07,3.37696493635349e-08,1.0608967207124368e-07,2.998340330226124e-06,0.0,1.0966562964593615e-06,6,2
1164,9.163702980823089e-07,0.0,0.0,3.5265036015065016e-07,0.0003552181496824376,0.0,4.179884027639566e-05,0.0,0.007282494874670439,8,3
1165,1.8606598080773057e-06,0.0,1.3928955823193166e-07,0.0,5.311725799959743e-05,3.961325045617716e-06,1.2252660016536278e-06,0.0,2.362256611909149e-06,4,5
1166,0.0003003964634767693,0.0,0.0,0.0,0.01728540999990385,0.0,9.89516756169678e-06,0.0,0.001066647071623004,4,4
1167,0.002335581136005279,0.0,0.0,0.0,0.048271801127958765,0.0,0.0,0.0004041146676833262,0.00039049221740678896,4,4
1168,0.0024430088433282445,0.0,0.0,0.0,0.11888194292577489,0.0,0.002161917541222278,0.0,0.0,4,4
1169,0.00028624239459628726,0.0011472210026546835,0.0,0.0,0.0017267005447438879,0.0005906492455964952,0.0,3.0491468237106535e-05,1.6091612068214402e-05,4,4
1170,5.122360166166107e-08,0.0,0.0,3.2410600177899366e-05,7.22022463116143e-05,7.2398239100309635e-06,0.0,0.00022241038956279628,0.20498703945541508,8,3
1171,2.7821016365405036e-06,0.0,0.0,0.0,4.519014354295785e-05,0.0003485622254086904,1.2145408151923617e-05,0.0,0.0,5,2
1172,1.5240168294729657e-08,1.2541102637982704e-07,7.226114768028609e-11,1.34760433008702e-10,0.0,0.0,0.0,5.507488018706098e-09,0.0,1,1
1173,2.026250591039054e-06,0.0,1.6839674116495976e-07,0.0,6.16677926073545e-05,5.54727774924213e-06,7.991025338134994e-07,7.613577861212067e-08,0.0,4,5
1174,2.360939208552544e-10,0.0,0.0,9.42268979186861e-06,4.594820949337238e-07,1.2313764914743191e-06,7.09334435073173e-05,0.0,2.1690758204874028e-05,6,2
1175,2.3548635922152795e-06,0.0,2.1336646968602187e-08,5.574914765821221e-08,0.0,2.499488350046626e-06,6.531798288239986e-07,0.0,0.0,5,4
1176,2.7323076162361347e-13,0.0,0.0,1.0180071925437628e-08,9.774419649877706e-09,8.505889238452594e-09,0.0,1.8183787146875547e-07,0.0003423721490112305,8,3
1177,5.676912864834544e-12,9.262345574583139e-11,0.0,2.56268759365663e-07,2.346572451806881e-08,3.5809416430390166e-08,2.5156096510773782e-06,0.0,9.875456642499199e-05,8,3
1178,4.241165015747196e-06,0.0,0.0,5.564900673414011e-06,3.2212842219683774e-05,0.002895493453221165,0.0,0.0,0.0,5,2
1179,0.0005238885370459299,0.0014937573852158925,0.0,0.0,3.5025458354120295e-05,0.0,0.0,8.157618648221738e-06,0.0,1,2
1180,1.244322431699707e-06,0.0,0.0,0.0,2.1948289103663126e-05,0.0003351357127820349,7.762098616267717e-06,0.0,0.0,5,0
1181,9.21363937360836e-07,0.0,0.0,2.072897478972084e-06,0.00036117433615017857,0.0,5.332225337797969e-05,0.0,0.00754438050561542,8,3
1182,3.489904355267316e-07,0.0,0.0,0.0,0.00011414830671390257,0.0,4.684830511265211e-06,4.738758243706062e-07,0.0017533270632085379,8,3
1183,5.074705445264319e-11,0.0,0.0,5.877371177412173e-07,6.051699975877806e-07,3.130361529847343e-07,0.0,6.947245605270312e-06,0.010282693312864915,8,3
1184,2.85675159819179e-08,0.0,0.0,9.442192234958989e-05,2.1285546961331882e-05,0.0,0.0,0.00021862778707472182,0.01002142494722178,8,3
1185,2.7821016365405036e-06,0.0,0.0,0.0,4.519014354295786e-05,0.00034856222540868994,1.2145408151923302e-05,0.0,0.0,5,2
1186,7.880322459850671e-13,0.0,0.0,1.3351355038251349e-06,2.9483614898052645e-09,0.0,4.361564290005991e-06,0.0,1.86916889517194e-07,6,3
1187,0.0002447928349600369,0.0,0.0,0.0,0.007695271583902448,0.00022412950626915,0.0,9.666623119470518e-05,0.0,4,4
1188,9.309945366849664e-15,0.0,0.0,5.22333767939426e-09,1.724447860919654e-10,1.8371042327275416e-09,8.423396734741281e-08,0.0,4.110487902656821e-08,6,2
1189,1.295228088866025e-06,0.0,0.0,6.44183887697739e-06,0.0005108231255157639,0.0,3.376358303196445e-05,4.68629120047228e-05,0.05308188183858718,8,3
1190,2.717951891981989e-13,0.0,0.0,9.014841976162429e-08,3.09375216916656e-09,2.6887621190015213e-08,1.2698269796215683e-06,0.0,5.623131568849289e-07,6,2
1191,3.151845361639702e-05,0.0,0.0,0.0,0.00012658718458121509,2.5918223523931083e-05,0.0,1.2161757079845896e-06,0.0,4,2
1192,0.0001007592675300702,0.0,0.0,0.0,0.002250546882678661,0.0,6.406191790029464e-05,0.0,0.001476942379396687,4,5
1193,3.527052501113343e-08,0.0,0.2902867149407945,0.0,2.5763915207473392e-05,4.327874069284027e-06,8.976559457650622e-08,1.3496726706921907e-07,1.1359131039208063e-06,2,5
1194,2.0937950075865177e-08,0.0,0.04346735086042052,0.0,1.318661460520625e-05,0.0,2.917560704268682e-07,0.0,0.0,2,5
1195,1.6740656196524638e-07,0.0,0.0,0.0,5.9324250078476587e-05,0.0,2.054664855935838e-06,0.0,5.700389426807811e-06,4,5
1196,8.2652412393087e-08,0.0,0.0,4.717467074998024e-06,3.534284131272402e-06,0.002056710023358459,0.0,0.0,0.0,5,2
1197,8.3092276600767e-08,0.0,0.0,4.795974736804505e-06,3.5893282169737804e-06,0.0021092101407456224,0.0,0.0,0.0,5,2
1198,1.5110436591243196e-05,1.4658633361918231e-05,0.0,6.0603240442736965e-06,0.000623370719608544,0.0008625234085412642,0.0,9.324189430168286e-06,4.527329064978957e-05,5,4
1199,2.2610934135201927e-12,0.0,0.0,7.322627434112632e-11,1.3284546303535903e-08,0.0,5.391321256917393e-09,0.0,1.563655252394959e-06,8,3
1200,2.2731266262750417e-12,0.0,0.0,7.444489482310602e-11,1.3491373272743973e-08,0.0,5.5171241984146535e-09,0.0,1.6116564561027218e-06,8,3
1201,0.0009240101866145577,0.0,0.0,0.0,0.007195483672598864,0.0,0.0001958038603932509,0.0,0.013265598100629673,8,4
1202,1.3282782627360823e-08,0.0,0.0,0.0,8.673068201995512e-06,0.0,3.8181908110959994e-07,0.0,1.2691797756681066e-06,4,5
1203,2.2077573595359566e-06,0.0,0.0,0.0,0.00041895940987664976,0.0,1.1103936723450112e-05,0.0,2.462086957846714e-05,4,1
1204,1.0339671050657548e-05,0.0,0.0,0.0,0.001643168832629958,0.0,0.0,0.0,0.00048385004371464304,4,4
1205,4.0236895975658554e-08,0.0,0.0,2.854602020392038e-05,5.0704770435440144e-05,2.9140598910203136e-06,0.0,0.00017292433256623237,0.13253292595053393,8,3
1206,5.047698595518696e-11,0.0,0.0,5.77956001692345e-07,5.957514711920013e-07,3.0506667513801293e-07,0.0,6.776419200913694e-06,0.009967032652357044,8,3
1207,1.961217687701092e-13,0.0,0.0,6.365983357586019e-06,0.0,0.0,0.0,0.0,1.8116683318922676e-07,3,4
1208,0.005608197275814125,0.0,0.0,2.705677968871801e-06,0.0008697608037978832,0.001197659570830538,0.00019529704427412813,5.962001470353992e-06,4.326372057180925e-05,5,4
1209,1.199890288368369e-11,0.0,0.0,2.9737830802686148e-05,1.0414620775984738e-07,0.0,0.0,1.7919499707673236e-05,0.0031472593536742977,8,3
1210,2.927544149610456e-09,0.0,0.0,3.652280204713682e-06,6.277516684072082e-06,4.5374806844178414e-07,0.0,2.678494631140742e-05,0.022872558450848565,8,3
1211,0.00010861419573193599,0.00014678302858678061,0.0,5.960400158325475e-06,0.0017224916862835199,0.000220655950223829,0.0,2.8739333030070626e-05,8.91314758338312e-05,4,4
1212,2.8031371253816855e-06,1.3504033474813936e-05,1.9191106546193668e-09,1.064006890358528e-09,0.0,0.0,0.0,2.0345008574429405e-07,0.0,1,3
1213,2.79803889278214e-13,0.0,0.0,3.429456917397037e-10,1.4405261421232342e-09,2.2995109157864966e-10,0.0,6.412392696138656e-09,1.6537888209835008e-05,8,3
1214,7.005797606859412e-10,0.0,0.0,0.0003096668228867837,0.0,0.0,0.000687248180141417,0.0024623026783037543,0.000156567187870037,7,1
1215,3.7553516483752665e-12,0.0,0.0,7.956686016154605e-08,7.89574982533357e-08,5.3973451122612656e-08,0.0,1.1737678001461993e-06,0.001983843490279337,8,3
1216,3.763634638878126e-06,0.0,0.0,0.0,3.853356908223174e-05,0.0004878530297684389,1.1047805754257677e-05,0.0,0.0,5,2
1217,4.013577522621123e-10,0.0,0.0,2.2716372282810206e-07,1.2007741153889031e-06,1.1068513775531191e-05,0.0,2.607130291741248e-06,0.003468615362499101,8,0
1218,3.2365831753239436e-05,0.0,1.7225887677972653e-07,4.414991212237215e-07,0.0,1.5852447633617974e-05,4.324090602301349e-06,0.0,0.0,5,4
1219,5.64946051696326e-10,0.0,0.013249952616792359,0.0,5.3967644042687e-07,2.510173206622762e-07,0.0,1.1590477820548983e-08,6.447404976331507e-08,2,5
1220,2.146241477669189e-05,0.00015543777369755217,0.0,1.1808989498252035e-06,2.4466004862247685e-05,2.2751508791948707e-05,8.441559541457797e-06,0.0,0.0,1,4
1221,5.650464804901493e-07,5.486137274822184e-06,0.0,0.0,2.6511090698054157e-05,0.0,8.291502144282558e-07,0.0,0.0,4,2
1222,4.013577522621123e-10,0.0,0.0,2.2716372282809973e-07,1.200774115388905e-06,1.10685137755316e-05,0.0,2.6071302917412854e-06,0.003468615362499101,8,0
1223,7.771025670714317e-05,0.0,0.0,0.0,0.001963051265887726,0.0,6.172279540065864e-05,0.0,0.0014573273487124506,4,5
1224,2.2459051072590735e-06,0.0,0.0,0.0,0.0004424616827886261,0.0,1.2096270832486618e-05,0.0,2.7783486878218923e-05,4,0
1225,0.0029265555902221936,0.0,0.0,0.0,0.07751074627233061,0.0,0.0014533802284349003,0.0,0.0,4,5
1226,6.597288168622349e-09,2.49740520171286e-08,0.0,7.186671485264493e-07,1.0455419263931777e-06,8.439076493683693e-07,0.0,3.072218289813094e-06,2.009226433203726e-07,7,0
1227,3.315933694001438e-08,0.0,0.2669694132471787,0.0,2.3834034834229494e-05,3.98643102153681e-06,8.216973974552429e-08,1.2443748194348302e-07,1.0487951978195735e-06,2,5
1228,6.04923500053022e-05,0.0,0.0,0.0,0.0002502162777331984,0.0,1.3631337785828817e-05,0.0,0.0008645612129259703,8,5
1229,5.1955442484318444e-12,0.0,0.0,6.713887828634765e-07,7.47609794506655e-09,5.528896069275287e-07,9.533286124935724e-08,1.7924287901288816e-07,1.4201137499721843e-09,3,2
1230,2.4286724221821123e-08,0.0,0.09527074710987078,0.0,1.6274103739454253e-05,6.795314925565231e-07,2.68192190027793e-07,0.0,1.7476106533251365e-07,2,5
1231,4.677930170460175e-10,0.0,0.006169317426319416,0.0,7.515245944683475e-07,5.683545042429122e-09,2.2663913664056475e-08,0.0,0.0,2,5
1232,2.536222692189384e-06,3.7604449000622805e-06,0.0,1.5315418322914968e-06,0.0001199905041841293,0.0,2.4968157847789824e-05,0.0,0.00034615807640387504,8,5
1233,2.0937950075865177e-08,0.0,0.043467350860420514,0.0,1.3186614605206254e-05,0.0,2.917560704269219e-07,0.0,0.0,2,5
1234,2.3809929378925934e-06,0.0,0.0,0.0,0.0004781709271481069,0.0,1.3058362379182606e-05,0.0,2.9717201329215747e-05,4,5
1235,2.0937950075865177e-08,0.0,0.0434673508604205,0.0,1.318661460520624e-05,0.0,2.9175607042695055e-07,0.0,0.0,2,5
1236,5.877512202335178e-14,0.0,0.0,1.9122667105516663e-08,7.080391199016963e-10,7.606310669272479e-09,3.2833299724994687e-07,0.0,1.7232338901762271e-07,6,2
1237,3.864534463108043e-07,0.0,0.0,6.027500886296276e-08,6.842647061921296e-06,0.0001342061683769494,1.9016554662808191e-06,0.0,0.0,5,2
1238,0.00805401306014138,0.028201197351799503,0.0,0.0,0.016312757355141358,0.0,0.00010916815104331805,0.0,0.0,1,4
1239,1.9366519904222937e-07,0.0,0.0,0.0,7.604225108512467e-05,0.0,2.775587118840198e-06,0.0,8.04437270910299e-06,4,5
1240,0.0004331974770185899,0.0,0.0,0.0,0.0010126932300278107,0.00016516679365616708,0.0,7.887354140305515e-06,0.0,4,5
1241,2.647794964758437e-09,0.0,0.025300867284019084,0.0,3.1120211800702412e-06,1.3610664966812526e-07,6.928520215959213e-08,0.0,0.0,2,5
1242,2.171333409088309e-08,0.0,0.05364981572180946,0.0,1.4420478175334668e-05,0.0,3.281744077101951e-07,0.0,0.0,2,5
1243,2.947856179601478e-13,0.0,0.0,1.1699344099593738e-08,1.1177547580432572e-08,1.0140384709240256e-08,0.0,2.1603433801093329e-07,0.0004161162009775119,8,3
1244,0.0030088344725646967,0.0,0.0,0.0,0.06447404719529896,0.0,0.0013873515729929992,0.0,0.0,4,4
1245,6.597288168622349e-09,2.497405201762764e-08,0.0,7.186671485255684e-07,1.0455419263934026e-06,8.43907649371574e-07,0.0,3.0722182898133407e-06,2.0092264332089966e-07,7,0
1246,6.523898902976507e-05,0.0,0.0,0.0,0.0002857811245554649,0.0,1.6046097632827324e-05,0.0,0.0010448788189787114,8,5
1247,9.06747717324107e-08,2.650473062089394e-07,0.0,5.616998408325552e-06,8.453584701069466e-06,5.3552309865316414e-06,0.0,1.9837357687529945e-05,1.1675319119286197e-06,7,0
1248,0.00027015056662380114,0.0,0.0,0.0,0.012061928558471843,7.92408535678216e-05,0.0003494845842524407,0.0,0.0,4,4
1249,1.6166670635740633e-05,0.0,0.0,1.2972282260128234e-07,9.399598623569154e-06,0.00028324992571039306,7.866498926627084e-06,0.0,0.0,5,2
1250,4.9031694653987376e-09,0.0,0.0,5.972850391711498e-09,5.621293923236532e-06,0.0,9.968779374825522e-07,0.0,0.00023154729524505944,8,2
1251,8.326360266332664e-11,0.0,0.0,7.536643932769034e-06,1.7300159742909431e-07,1.050481982068e-06,5.6952661849582226e-05,0.0,9.033060562295579e-06,6,2
1252,5.0314811313785985e-14,0.0,0.0,3.905055309215821e-08,4.2702348602948744e-10,9.236602234813412e-09,4.77831784422319e-07,0.0,2.4661119442420293e-09,6,2
1253,1.7967689802678746e-09,1.0018211676332878e-09,0.0,1.049516977062026e-05,1.1044577462520713e-06,2.8334581604782847e-06,0.0,3.356700603801422e-05,1.5500865703443706e-07,7,2
1254,3.491702694916137e-05,0.0,0.0,0.0,0.0001475657287986526,0.001167299367779606,2.887526036979293e-05,0.0,0.0,5,2
1255,2.646390281832075e-07,0.0,0.0,0.0,4.653249612112407e-06,6.348923722224845e-05,1.4622016544732087e-06,0.0,0.0,5,4
1256,1.08128803141211e-08,0.0,0.0,3.4438719426351375e-08,1.6547086499302257e-06,1.3021408221571115e-06,4.144424067169798e-07,0.0,1.1450402576669082e-08,4,2
1257,1.5611111366040488e-05,0.0,0.0,6.635002809375313e-08,2.3578947917819425e-06,0.00013836959057308181,5.657633894799466e-06,0.0,0.0,5,2
1258,1.2960794782528434e-10,0.0,0.0,1.1515841395081802e-05,3.406168092728706e-07,2.493295323671729e-06,0.00012174381853677668,0.0,3.343745631849733e-05,6,2
1259,4.382129390924807e-07,0.0,0.0,0.0,6.567456468361262e-06,8.156998816309194e-05,2.0808448278460476e-06,0.0,0.0,5,2
1260,2.8777640100025297e-07,0.0,0.3468603764182552,0.0,0.00011548443883888904,0.0,2.186062721264577e-06,0.0,0.0,2,5
1261,3.0453327106699506e-07,0.0,2.398655779025061e-06,0.0,0.00012069326751288691,0.0,3.034412335710768e-06,0.0,0.0,4,5
1262,4.681524321094028e-05,0.0,0.005634571928958327,0.0,0.005080902565009645,0.0,7.886402049063452e-05,0.0,0.0,2,5
1263,5.6915075464519467e-05,0.0,0.00014785747360922976,0.0,0.007625042983206163,0.0,0.00013036223706765316,0.0,0.0,4,5
1264,0.000585991494708148,0.002657254584860874,0.0,0.0,0.001906950202414747,0.0,1.5502431200407908e-05,0.0,0.0,1,4
1265,1.7509324121217576e-12,0.0,0.0,3.156362690337707e-07,1.1246544349094794e-08,7.284373213813017e-08,3.642119054486796e-06,0.0,1.360855931352468e-06,6,2
1266,5.0972574119806034e-11,0.0,0.0,3.9619893869778713e-05,0.0,0.0,0.0001038373617081293,0.00038207916880400177,2.702029022705618e-05,7,0
1267,1.1009646671379925e-11,0.0,0.0,1.3892968569006988e-05,2.0459024776207823e-08,0.0,2.7447063885219777e-05,0.0,1.0874463478929064e-06,6,1
1268,0.0017005907733305804,0.00559253738393176,0.0,0.0,0.014045758294580653,0.0008478259475304825,0.0,0.0001991944543115692,7.5701589851271e-05,4,2
1269,4.448009653334459e-06,0.0,0.0,0.0,5.0318925832735064e-05,0.0006546532905303732,1.5232499603410396e-05,0.0,0.0,5,2
1270,0.00018975985299026835,0.0,0.0,0.0,0.013603539319603878,0.0,0.0001737756340222582,0.0,0.0,4,4
1271,5.358719062465607e-09,0.0,0.0,9.738819896952778e-05,6.907484875368246e-06,0.0,0.00041312814730993565,0.0,0.00032329016086412086,6,1
1272,1.1068551908409722e-11,0.0,0.0,1.4128088094994155e-05,2.0700811244471887e-08,0.0,2.810361960228773e-05,0.0,1.1219205738287597e-06,6,3
1273,7.273558284723518e-09,0.0,0.0,2.294895606396181e-05,1.8214230458181617e-05,1.9961523993288655e-06,0.0,0.00011880992881997953,0.07991338266031973,8,3
1274,8.065160708104082e-08,0.0,0.0,3.58490375066476e-05,9.660977824850428e-05,5.223252984310051e-06,0.0,0.00024697114660538887,0.22400982290570093,8,3
1275,1.3634757102298306e-05,0.0,0.0,0.0,2.01857124680282e-05,1.1280652497286844e-05,4.4833248095648e-06,0.0,0.0,4,4
1276,2.0391520061354686e-11,0.0,0.0,4.18980107799054e-06,1.0520123618376435e-07,9.540270970069518e-07,4.650268886244573e-05,0.0,1.2919935919224966e-05,6,2
1277,5.681179693886027e-12,0.0,0.0,8.290740920174279e-07,1.8642427673906195e-08,1.2672667565761293e-07,6.829703718421745e-06,0.0,1.0450516008594934e-06,6,2
1278,1.0404250814773366e-06,0.0,0.0,0.0,1.9291993451106283e-05,0.00029924157554355986,7.04006418650792e-06,0.0,0.0,5,2
1279,0.0001243930813875458,0.0005317192599512075,0.0,0.0,0.001743640894970447,0.00013602243769829402,0.0,3.151202590158179e-05,1.1576788175233163e-05,4,0
1280,6.803974973452112e-05,0.0,0.0,0.0,0.0074166610554096506,0.0,0.00018310775702369152,0.0,0.003763557623547721,4,3
1281,5.037092501627301e-06,0.0,0.0,0.0,0.0009702517247076461,0.0,3.338026525652432e-05,0.0,0.0017319123903821606,8,3
1282,2.627931157335247e-17,0.0,0.0,5.749496724339692e-12,4.526753025654174e-12,8.807503378258481e-12,0.0,1.5648000581508703e-10,5.031350459143263e-07,8,3
1283,4.937994277964649e-15,0.0,0.0,3.454812873839137e-10,2.908819004220138e-10,3.454369180905814e-10,0.0,6.363242857151687e-09,1.638969899826555e-05,8,3
1284,3.6118915719548836e-16,0.0,0.0,4.493773737360427e-11,3.6568451895761977e-11,5.5853248990714647e-11,0.0,1.0100454361799846e-09,2.9153690700202643e-06,8,3
1285,2.5220476266097404e-05,0.0,0.0,0.0,0.00018224534243419766,0.0009241976271669836,3.5965946034101655e-05,0.0,0.0,5,2
1286,2.2538845092966008e-05,0.0,0.0,0.0,0.00015838302584859562,0.0007039593933975249,2.999725521690185e-05,0.0,0.0,5,2
1287,4.445382000669636e-09,0.0,0.0,0.0,4.772910239170146e-06,0.0,0.0,4.320896621660506e-08,8.377462586489015e-05,8,5
1288,2.2872223653452167e-11,0.0,0.0,2.0767434443187567e-06,7.790425331690495e-08,3.4813811790257104e-07,1.8694895828268863e-05,0.0,5.53283933073745e-06,6,2
1289,3.474858545729002e-06,0.0,0.0,0.0,4.230735230229977e-05,0.0002568299635023655,9.860662575596411e-06,0.0,0.0,5,2
1290,6.022907783553419e-06,0.0,0.0,0.0,5.29075575993493e-05,0.0005170638646856599,1.3981602327306106e-05,0.0,0.0,5,2
1291,7.677464828785632e-06,5.708245733015232e-05,0.0,0.0,0.00020876716297990903,0.0,5.257561698129407e-06,0.0,0.0,4,2
1292,5.681179693886027e-12,0.0,0.0,8.290740920174141e-07,1.864242767413109e-08,1.2672667565713767e-07,6.829703718421854e-06,0.0,1.0450516008598423e-06,6,2
1293,1.1088396470113402e-09,1.1816839571844174e-08,1.0594678086795879e-11,2.167967016428308e-11,0.0,0.0,0.0,8.525292243742471e-10,0.0,1,5
1294,1.2639214785151574e-10,0.0,0.0,6.285661034080681e-07,1.1323278487941008e-06,5.789197852095515e-07,0.0,9.483743593206453e-06,0.016079163685389135,8,3
1295,1.4683449305206653e-09,0.0,0.0,3.335221318403959e-06,6.696618986375948e-06,2.391166504130598e-06,0.0,4.07241203104417e-05,0.05778233382210343,8,3
1296,0.00010684006010512474,0.00014287793055271254,0.0,4.98653034885151e-06,0.0016401312875345456,0.00019052030692930894,0.0,2.387488609899575e-05,8.229053524373876e-05,4,4
1297,6.985010153517279e-10,0.0,0.0,0.0,5.675413234714343e-07,0.0,7.300098368303242e-08,0.0,1.022218296278913e-05,8,3
1298,0.00024515457306046115,0.0,0.0,0.0,0.00867714761146199,0.00012129451442135478,0.00021038958969824893,0.0,0.0,4,3
1299,0.00024231591818638557,0.0,0.0,0.0,0.008359872019117668,0.00011439795295500624,0.00019856054206722853,0.0,0.0,4,3
1300,5.442399385688537e-05,1.21502160690456e-05,0.0,0.0,0.0037246743168192946,0.0,0.0,3.673978085308587e-05,6.036103432398135e-05,4,5
1301,0.009396914869152695,0.034904577945285245,0.0,0.0,0.0065317457603031905,0.0,0.0,1.5914195995540315e-06,0.0,1,4
1302,3.5494793942940397e-09,0.0,0.0,0.00012159797049217253,9.092640667709534e-06,1.4877700829539036e-06,0.0,0.0003264853349224305,0.04505429598316922,8,3
1303,1.7860576003484373e-08,0.0,0.0,0.0,6.828028118851021e-06,2.434122517868546e-07,4.2332454098408787e-07,0.0,3.783804098489723e-07,4,3
1304,0.008523107646024732,0.030528139528866842,0.0,0.0,0.0028497660485464764,0.0,0.0,1.795092951669829e-05,0.0,1,4
1305,6.74566593685327e-08,0.0,0.0,2.694455389461682e-07,4.5547932769644784e-05,0.0,8.262732531416523e-06,0.0,0.0013497481144889342,8,3
1306,0.0008645282849168433,0.00016758719528456707,0.0,0.0,0.02800419692127498,0.0010904396224634923,0.0,0.00046724575441984547,0.0003644967342016813,4,3
1307,1.0090649227478477e-08,0.0,0.0,1.3033951261242983e-05,2.7044838524796453e-05,7.598321217254215e-06,0.0,0.0001314442832543281,0.1674071805804873,8,3
1308,0.00019842293232885764,0.0,0.0,0.0,0.015119464835964193,0.0,0.00021026004342923686,0.0,0.0,4,4
1309,1.72149901777395e-12,0.0,0.0,2.982783051571153e-07,1.0676254925658748e-08,6.652582456337026e-08,3.354837829833834e-06,0.0,1.2166553821463144e-06,6,2
1310,0.0002371751941213473,0.0,0.0,0.0,0.0007996466777151958,0.0009697493694351517,0.00010212833094030354,0.0,0.0,5,2
1311,5.284330813721374e-12,0.0,0.0,7.103476824817398e-07,7.86426152116904e-09,6.050946805950356e-07,1.0341147123308036e-07,1.9540443506969608e-07,1.5974983180753553e-09,3,2
1312,4.146446793044497e-13,0.0,0.0,1.0421855144288593e-07,1.090951271384372e-09,1.1334395240132884e-07,1.83577393337399e-08,3.575820654585656e-08,3.4353437658803566e-10,5,2
1313,1.1306621490656219e-05,5.375050461088374e-05,0.0,1.838026166398453e-06,0.0003143397477239282,6.0680676105677766e-05,0.0,2.3524814910357344e-06,1.741221219947182e-05,4,2
1314,1.066716805471175e-09,1.0339909033420167e-08,0.0,1.5398918454347763e-05,1.5135244870533756e-06,1.4053247197795654e-06,0.00010768222106036495,0.0,0.003216940334631325,8,3
1315,6.691215593198325e-12,1.1563902473984936e-10,0.0,3.5424349346466067e-07,3.198086608146808e-08,5.495991457007959e-08,3.767015781872172e-06,0.0,0.00016078497047451487,8,3
1316,0.0005774342566363374,0.0,0.0,0.0,0.038266104105109645,0.0,0.0003201043490109734,0.0,0.003505473905868245,4,0
1317,9.105806369195291e-09,0.0,0.0,0.0,3.702940546829378e-06,7.546035029709578e-08,2.70881425605547e-07,0.0,1.186017083297158e-05,8,3
1318,1.7267672124458197e-05,0.0,0.0,0.0,0.0012292987099265468,6.935128142186401e-05,2.6295573895353292e-05,0.0,1.0014556147785293e-05,4,5
1319,7.370764783038109e-06,0.0,0.0,0.0,0.0002839709405161227,0.0,9.814539579419632e-06,0.0,0.00027553590207913013,4,5
1320,3.978806877385761e-09,0.0,0.0,2.4788673531759513e-05,2.7865797028896793e-06,8.542570880487311e-06,0.0,9.252127441193642e-05,2.1833866553464165e-07,7,2
1321,1.5648905099228044e-09,0.0,0.006290409500912885,0.0,1.5830380841285044e-06,0.0,4.270234057648882e-08,0.0,0.0,2,5
1322,0.00021529693774863717,0.0,0.0,1.297814522735552e-06,0.00019904280133207459,9.189553136089501e-05,3.8017950418675264e-05,0.0,0.00030418459364599395,8,2
1323,3.4836609302564385e-06,0.0,0.0,0.0,3.345210290565188e-05,0.0004036853037583871,9.259103370700587e-06,0.0,0.0,5,2
1324,4.7880303524480386e-05,0.0,0.0,0.0,0.0002691058827071582,0.002558931209413959,6.231746839928279e-05,0.0,0.0,5,2
1325,3.726911625031796e-09,0.0,0.0,4.146728300553062e-06,8.939180799394435e-06,1.1336960251460799e-06,0.0,3.445101868981842e-05,0.03537670416236413,8,3
1326,2.2079465230401777e-10,0.0,0.0,1.5651537176257882e-05,8.372890708337091e-07,1.4392703750587766e-07,0.0,4.75881978121578e-05,0.0050760950051319245,8,3
1327,4.241165015747196e-06,0.0,0.0,5.564900673414043e-06,3.2212842219683774e-05,0.002895493453221163,0.0,0.0,0.0,5,2
1328,3.932587588777164e-06,0.0,0.0,4.853003830692022e-06,2.821276835396588e-05,0.0024386793392575374,0.0,0.0,0.0,5,2
1329,8.823057872982904e-06,0.0,0.0,5.781914863934645e-06,4.91816909689804e-05,0.003101265255203381,3.9099926015743146e-07,0.0,0.0,5,2
1330,1.4425963845664741e-05,1.3324248301249292e-05,0.0,0.0015249664024970942,0.0007312014213817041,0.3123091094470532,0.0,0.0,0.0,5,2
1331,1.6656386552292197e-05,0.0,0.0,5.1261212923011026e-05,0.0001897934281149334,2.625200772621208e-05,0.0002724586908767639,0.0004064996620313483,1.2318527325525665e-06,7,4
1332,6.219142259006602e-05,0.0,0.00015973850440668304,0.0,0.008636228219373758,0.0,0.00014514704806962896,0.0,0.0,4,5
1333,4.939054079462561e-05,0.0,2.9232583420426757e-05,0.0,0.005486172147913514,0.0,1.2554507384890683e-05,0.0,0.0,4,5
1334,0.00011877592630338034,0.0006460159180416248,0.0,0.0,0.003371730259189096,0.0,0.00012246110472524167,0.0,0.0003640090329663272,4,0
1335,1.4314975599254967e-05,1.376866591583725e-05,0.0,5.6587570748787025e-06,0.0005821852579560785,0.0008080246135868983,0.0,8.731753650682465e-06,4.262353837921039e-05,5,4
1336,7.121671044885909e-11,0.0,0.0,2.3686261297998036e-05,1.2229494235627836e-07,0.0,8.931279461124826e-05,0.0,2.61716561012508e-06,6,3
1337,1.0830911311014991e-11,0.0,0.0,1.0435342680663736e-05,2.5660016858748516e-08,0.0,2.886706907996687e-05,0.0,1.0824554395025741e-06,6,3
1338,4.952547304467978e-06,0.0,0.0,7.588834904543736e-07,0.00014182520022840847,0.0001782618809224628,6.512525968923128e-06,0.0,4.41863581467803e-05,5,4
1339,4.255074615490757e-05,0.0,5.969560239645746e-07,0.0,0.000774115204939684,6.989700684053661e-05,2.6088383436416314e-05,1.2377352993751972e-05,0.0,4,5
1340,5.1955442484318444e-12,0.0,0.0,6.713887828634597e-07,7.476097945066562e-09,5.528896069270128e-07,9.533286124952911e-08,1.7924287901329386e-07,1.4201137534701568e-09,3,2
1341,0.0010414418024414368,0.004817958226944603,0.0,0.0,0.00015264014286112042,0.0,0.0,3.086255764336688e-06,0.0,1,4
1342,5.479823923976252e-05,0.0,0.0,0.0,0.0003894166781768326,0.0005329312769547403,6.414425321921434e-05,0.0,0.0,5,2
1343,3.1599420853128625e-08,1.3609381841948545e-07,0.0,1.2541820786181508e-07,6.754919403678374e-06,2.598251364431498e-06,1.1701091463598261e-06,0.0,7.337626123984854e-07,4,2
1344,6.431026219553845e-13,0.0,0.0,2.0065435483538798e-08,1.695512122672937e-08,1.297409054678422e-08,0.0,2.45847330174492e-07,0.000500466168582271,8,3
1345,0.0002535417505461293,0.0,0.0,0.0,0.0008575769551246166,0.0008762813455620244,0.00010815201213730557,0.0,0.0,5,2
1346,3.828567229644749e-06,0.0,0.0,0.0,5.312993098716084e-05,0.00031801754736343916,1.2975182827660844e-05,0.0,0.0,5,2
1347,0.00021111509592440525,0.0,0.0,5.243242012386776e-07,1.236365522871657e-05,0.0007887747598878327,3.488400861588224e-05,0.0,0.0,5,2
1348,1.0618373911164288e-09,0.0,0.0,4.8989127216754215e-05,1.1969663301411258e-06,4.8409452677212635e-06,0.0002855193658988455,0.0,3.298387846699241e-05,6,2
1349,1.3072879041616629e-10,9.439648256212037e-11,0.0,1.3427899957242982e-06,1.3651896095601127e-07,4.468748417343567e-07,0.0,5.198308454189299e-06,2.6658892546430426e-08,7,2
1350,1.0930797999994784e-08,0.0,0.0,3.916715627181593e-08,1.7102190617343701e-06,1.3789938394384366e-06,5.114774462219533e-07,0.0,4.9640578332133205e-08,4,2
1351,4.4337369513586176e-08,5.707052963477706e-07,0.0,0.0,3.715137540177867e-06,0.0,1.4606708681861182e-07,0.0,0.0,4,2
1352,5.1359558814960597e-08,0.0,0.0,3.403798900861597e-05,7.227914124142618e-05,6.8487023434574205e-06,0.0,0.00022563952595369398,0.19777897543815043,8,3
1353,0.0009690810982194022,0.0,0.0,0.0,0.008740915518792644,0.0,0.00023544365367138466,0.0,0.014321561985646315,8,4
1354,1.5220174652305586e-05,0.0,0.0,0.0,0.0001797207552002714,2.6111625667982052e-05,1.5714533795822278e-05,1.0950703322813406e-05,0.0,4,2
1355,1.045612418694208e-06,0.0,0.0,0.0,1.956359071322519e-05,0.0003059918776559115,7.181085608319772e-06,0.0,0.0,5,2
1356,5.651728443066537e-10,0.0,0.0,5.630132674206548e-06,2.517069547644557e-06,0.0,3.781762532638961e-05,4.030857864802154e-05,0.01598442680702185,8,5
1357,1.3814535280328465e-07,1.0714903890231244e-06,0.0,8.650605251950715e-05,1.3485152684728393e-05,0.012762872044271005,0.0,0.0,0.002922266744120049,5,3
1358,1.9148620943070796e-05,0.0,0.0,0.0,0.001212491736668324,2.0978870829824285e-05,3.6386936009716316e-05,0.0,0.0,4,3
1359,1.5611111366040488e-05,0.0,0.0,6.635002809375313e-08,2.3578947917819425e-06,0.0001383695905730811,5.657633894799238e-06,0.0,0.0,5,2
1360,3.286645838162304e-10,0.0,0.0,0.0,6.196171557749337e-07,0.0,0.0,7.1775748566326286e-09,1.5891987213270964e-05,8,3
1361,2.183145997146036e-06,0.0,0.0,1.7440187934571564e-09,2.180560365745796e-06,4.930086521438584e-06,7.034365488425141e-07,3.788709385610762e-08,2.845251067467562e-07,5,4
1362,3.0005702355742737e-05,0.0,0.0,1.8977614968589086e-08,1.693997576315007e-05,3.127086531596861e-05,4.667489313957467e-06,2.139465918776112e-07,1.6213904864289051e-06,5,3
1363,1.6188041687120005e-05,2.7771855357811993e-05,0.0,6.811804374054216e-06,0.00044377390506523804,0.000115204524237059,0.0,2.6933767321192667e-05,2.826295327340534e-05,4,0
1364,6.045603229165561e-09,0.0,0.0,6.136124683515498e-07,4.445391455836109e-07,0.0003327668079362452,0.0,0.0,0.0,5,2
1365,6.597288168622349e-09,2.4974052016380035e-08,0.0,7.186671485241505e-07,1.045541926392503e-06,8.439076493731356e-07,0.0,3.0722182898148505e-06,2.0092264332164534e-07,7,1
1366,0.00020563193225784285,0.0001530461797997295,0.0,4.5982561461355444e-05,0.004898747092559026,0.005235749707570617,0.0,5.741945874125551e-05,0.0002505438647086244,5,4
1367,3.167683563499852e-09,0.0,0.0,9.42648478826011e-06,8.084441111216682e-06,7.519725070113342e-07,0.0,5.8452950652432204e-05,0.03996797277075869,8,3
1368,3.988225512817086e-10,0.0,0.0,1.3025720495232442e-05,1.4157196294942622e-06,2.185591538933417e-07,0.0,4.113319872891798e-05,0.008677451294401286,8,3
1369,1.1088396470113402e-09,1.1816839571844297e-08,1.0594678022421223e-11,2.167967016447168e-11,0.0,0.0,0.0,8.525292243775545e-10,0.0,1,2
1370,2.910294828065936e-10,0.0,0.0,3.2243334510097664e-06,3.4983445267211673e-07,1.3817392706705276e-06,0.0,1.4681344480471633e-05,3.860712859056528e-08,7,0
1371,4.679066974643326e-14,0.0,0.0,2.5672444102257524e-09,2.0988668667295563e-09,2.0448722751375606e-09,0.0,3.808545544159775e-08,8.637056248174352e-05,8,3
1372,5.800039974209818e-06,2.507084095239631e-06,0.0,8.990951255665076e-06,0.000348032046939971,0.0001120916392801867,5.351323516896315e-05,0.0,8.600552405952885e-06,4,2
1373,1.8706149508156855e-06,0.0,1.4154495361885755e-07,0.0,5.395837194329258e-05,4.063171304331596e-06,1.2538934863468988e-06,0.0,2.435998455547951e-06,4,3
1374,3.0958945750485238e-06,0.0,7.447948759735857e-08,0.0,9.596526256160201e-05,1.0934995602897866e-05,3.9085370708676116e-06,1.9378137881439375e-06,0.0,4,5
1375,6.739038239808852e-08,0.0,0.0,4.6695464520117965e-08,4.539910714611308e-05,0.0,6.609565235060265e-06,0.0,0.0013416969610526906,8,3
1376,1.4850619146857331e-08,0.0,0.23458785324658235,0.0,1.2964161086575434e-05,4.210804754697415e-06,0.0,1.7995612846137288e-07,1.104715584750647e-06,2,5
1377,2.9016694697358784e-08,0.0,0.18606719485023618,0.0,2.0407913897369334e-05,2.4009872073429834e-06,1.7723031324990019e-07,5.026313863590849e-08,6.269999789969584e-07,2,5
1378,0.0024956610025815037,0.0,3.2098750299237927e-06,8.944782954479565e-06,0.0,0.0,0.0,1.1996250051427804e-05,0.0001087567435607763,8,4
1379,0.0029298069581257112,0.0024222567409409746,0.0,0.0,0.004689780473534676,0.0,0.0,3.652310047165806e-05,0.0015770072841327306,4,4
1380,1.945941928998302e-05,0.0,0.0,0.0,0.0012720868791816977,2.258589789173119e-05,3.909808903598857e-05,0.0,0.0,4,4
1381,1.1379933482080525e-07,0.0,0.0,0.0,2.408419131780522e-05,6.987079050994666e-07,1.1720610402684846e-06,0.0,0.0,4,3
1382,1.227716057415552e-07,0.0,0.0,0.0,2.754824123740618e-05,8.186696070729813e-07,1.3906854835544799e-06,0.0,0.0,4,3
1383,1.57981232511453e-09,0.0,0.006723210612058837,0.0,1.61339689700974e-06,0.0,4.3756936400422986e-08,0.0,0.0,2,5
1384,0.0035081426506879065,0.0,0.0,0.0,0.002345051662874926,0.001419155463334663,0.00022890369342144925,1.0375856573062678e-06,9.14320126913899e-05,4,4
1385,0.0002552444030293052,0.0,0.0,0.0,0.0003000728148651542,0.0002234492915304947,3.4491738942923e-05,3.7505239797292764e-07,1.6269509604662494e-05,4,4
1386,6.226362894657747e-12,0.0,0.0,3.3250461604725465e-07,1.565324240836207e-08,8.72839608393014e-08,3.955480684642169e-06,0.0,1.5390304527461578e-06,6,2
1387,5.114796836374447e-13,0.0,0.0,6.135148091816031e-08,2.628130322894415e-09,2.1185007698084387e-08,9.184696249942896e-07,0.0,4.328143216085786e-07,6,2
1388,4.2033514203633486e-10,0.0,0.0,4.252538980425019e-09,8.264836075935172e-07,0.0,2.2027336039523075e-07,0.0,4.7761568514934184e-05,8,3
1389,1.6537278107836208e-08,6.905840336624762e-08,0.0,5.298634115319132e-08,3.0137478145555215e-06,2.147520856970622e-06,0.0,4.656321076540596e-07,8.014313331967801e-07,4,2
1390,1.661928847390128e-08,6.96233134611979e-08,0.0,5.3767088143549264e-08,3.055372206220442e-06,2.194621879200025e-06,0.0,4.7551614077447207e-07,8.222728726958827e-07,4,2
1391,5.0314811313785985e-14,0.0,0.0,3.905055309215797e-08,4.2702348602948733e-10,9.236602234636885e-09,4.778317844222867e-07,0.0,2.4661119441593837e-09,6,2
1392,1.0333331882969165e-09,0.0,0.0,4.634853371974835e-05,1.1036456627788097e-06,4.446144371969602e-06,0.00026361411975071066,0.0,2.7358937640109125e-05,6,2
1393,8.04093563045226e-07,0.0,0.0,0.0,0.0002728205581609254,0.0,0.0,1.4759490323337525e-06,0.0021318758676007444,8,3
1394,3.3359482188365524e-11,0.0,0.0,6.856963504387808e-06,2.2548601429146818e-07,0.0,0.0,1.2616110202250224e-05,0.002168055148060876,8,3
1395,2.3453650017383986e-11,0.0,0.0,2.1570010394326127e-06,8.115322342336376e-08,3.723397886980225e-07,1.9792835995631116e-05,0.0,6.006236014457489e-06,6,2
1396,2.9581504954574163e-14,0.0,0.0,1.76158488397586e-08,5.781727559615542e-10,6.456163911885399e-09,2.930926085966485e-07,0.0,1.4790879910500214e-07,6,2
1397,4.0442269718101997e-13,0.0,0.0,1.3543063088079682e-07,4.622804511117837e-09,3.990897039788954e-08,1.8955756466137635e-06,0.0,8.314646205999445e-07,6,2
1398,1.700021548809671e-10,0.0,0.0,2.4193349584683417e-06,1.3912511387331669e-06,5.98974852479421e-07,0.0,1.693523041353879e-05,0.017895077740153607,8,3
1399,9.196002423429127e-12,0.0,0.0,8.042101892859304e-08,1.401861864543727e-07,9.120148280175189e-08,0.0,1.4692054391991616e-06,0.002774945599137791,8,3
1400,6.667111017766884e-08,0.0,0.0,4.5085989069582735e-08,4.397334336406865e-05,0.0,6.298186034135421e-06,0.0,0.0012556062882485251,8,5
1401,4.374632655665978e-12,0.0,0.0,2.546076878232448e-08,4.177006283042244e-09,1.6733164208046827e-08,4.530146901671568e-07,0.0,1.8927382555557323e-07,6,2
1402,1.510773805434578e-08,8.719732032897066e-08,0.0,1.2558137190243121e-05,9.863897765047523e-06,0.00206918248532105,0.0,7.093543696470284e-06,0.015937237085433993,8,5
1403,2.6661537870270773e-12,0.0,0.0,1.0745217696811982e-06,3.3628767443475413e-08,0.0,0.0,2.5673456775679012e-06,0.0005197785875100492,8,3
1404,2.269216073677482e-13,0.0,0.0,0.0,1.494736243112961e-09,0.0,0.0,2.2445271205885175e-11,9.734494304512855e-08,8,5
1405,0.0001873994977153374,0.0,0.0,0.0,0.0001588374519405973,7.167809615533279e-05,2.9713174746412986e-05,0.0,0.0,4,4
1406,1.8898961316101598e-09,1.0963577440707996e-09,0.0,1.0747319157143133e-05,1.1656170563836277e-06,3.00743393331689e-06,0.0,3.49490311476444e-05,1.6539685591194774e-07,7,2
1407,2.595845587389954e-05,1.2457703247789786e-05,0.0,0.0,0.0026263238591598807,0.0,0.0,1.7171497574928636e-05,7.070795704391014e-05,4,5
1408,4.2090402671576115e-05,0.0,0.0,0.0,0.00027094773557015807,0.0004557546393955804,4.659358666722833e-05,0.0,0.0,5,2
1409,0.0004366432439598134,0.0,0.0,0.0,0.0004529361792457662,0.0011109477317807325,0.00011573542038953396,0.0,0.0,5,2
1410,7.754531514827205e-05,0.0001475746507076135,0.0,4.9388423157435086e-05,0.0029909410158236323,0.0004899670652379759,0.0002589561392397117,0.0,9.959446651696389e-05,4,2
1411,1.0818089440844286e-06,0.0,0.0,0.0,2.9994738223756536e-06,2.231783006236012e-06,8.383760908425678e-07,0.0,0.0,4,4
1412,3.148726177420217e-09,0.0,0.0,6.556707245945196e-05,3.5040517273282917e-06,6.662702129317788e-06,0.00040700876150180686,0.0,0.00011315428594258978,6,2
1413,2.3008774847370524e-06,0.0,0.0,0.0,0.00047908321087577327,0.0,1.3722046135187374e-05,0.0,3.3217784701115505e-05,4,5
1414,3.6090524840238013e-07,0.0,0.0,0.0,0.00013501553293294899,0.0,4.806205315658584e-06,0.0,1.3635081805407882e-05,4,0
1415,1.055337586139194e-06,1.2669736161056626e-06,0.0,0.0001994795716717135,9.199941813582705e-05,0.050673618994442275,0.0,0.0,0.0,5,2
1416,0.002212650650463032,0.006473713339406993,0.0,7.28179381291673e-07,6.858212969370149e-05,0.00032316180113358507,0.0,9.445808545551496e-07,0.0,1,4
1417,7.924608202210568e-07,0.0,0.0,0.0,0.0002631630787868739,0.0,0.0,1.4054202415788866e-06,0.0019787939567856533,8,5
1418,6.235133387842264e-12,1.0559895394957232e-10,0.0,3.134581129571444e-07,2.8414654944010453e-08,4.7304645287941024e-08,3.2622781269244142e-06,0.0,0.0001364802448080598,8,3
1419,1.1359953427293263e-06,0.0,0.0,3.6871655057940555e-05,2.852589754397703e-05,0.013036262036284512,0.0,0.0,0.0,5,2
1420,3.6413236478682345e-08,0.0,0.0,5.138247084287897e-05,4.090064688530298e-05,1.999946829258468e-06,0.0,0.00020644631350132177,0.09013296091854972,8,3
1421,0.0004017269569545623,0.0,0.0,0.0,0.021582817177852376,0.0,0.0005402388455052143,0.0,0.0,4,4
1422,0.002264456267207939,0.0,0.0,0.0,0.09905228367008875,0.0,0.0019443572727914193,0.0,0.0,4,4
1423,8.025470500809099e-12,0.0,0.0,1.1349890423738203e-09,3.4850191625974733e-11,1.1100713300274814e-09,3.9088210159444886e-08,1.4780102865363483e-08,2.56224604643328e-09,6,5
1424,1.8788252511952912e-06,0.0,1.4730950643811895e-07,0.0,5.4026757504555224e-05,4.679396847805878e-06,6.810382149113498e-07,6.395377627687756e-08,0.0,4,0
1425,5.292073974914467e-10,0.0,0.0,2.9361723164878777e-06,2.2547191240807444e-06,3.127429031538827e-07,0.0,1.8402314189361236e-05,0.01379146812990202,8,3
1426,2.1974608080989208e-08,0.0,0.32851811109123363,0.0,1.929888179735695e-05,5.762925114920611e-06,0.0,2.391051073164171e-07,1.508190607965766e-06,2,5
1427,2.4286724221821123e-08,0.0,0.09527074710987078,0.0,1.6274103739454263e-05,6.79531492556041e-07,2.681921900277106e-07,0.0,1.7476106533231282e-07,2,5
1428,3.932587588777164e-06,0.0,0.0,4.853003830692023e-06,2.821276835396588e-05,0.002438679339257538,0.0,0.0,0.0,5,2
1429,5.1955442484318444e-12,0.0,0.0,6.713887828635491e-07,7.47609794416705e-09,5.528896069289138e-07,9.533286125116173e-08,1.7924287901268707e-07,1.4201137562088794e-09,3,4
1430,7.140885764420526e-11,0.0,0.0,5.247536311335152e-06,6.130854569749906e-08,3.504563605810299e-06,6.322629255920393e-07,1.1603075557372525e-06,8.01070628747974e-09,3,2
1431,6.722885924527075e-05,0.0,0.0,0.0,0.0008934716047306694,0.0,2.932474605733608e-05,0.0,0.0022890534274151745,8,4
1432,5.7506181950200634e-08,0.0,4.452018280914631e-07,0.0,2.3144967707721973e-05,0.0,6.192683798337038e-07,0.0,0.0,4,5
1433,0.001192507257134412,0.0,0.0,0.0,0.07269151305032086,0.0,0.0009288891612376399,0.0,0.0,4,4
1434,0.0011104932788228578,0.0,0.0,0.0,0.015419338080853176,0.0,0.0003640937818198336,0.0,0.019775318751955387,8,4
1435,0.00011145685659009817,0.00014252932946932968,0.0,5.96218634861084e-06,0.0017449868571539568,0.0004607589218645307,0.0,2.7624574273865056e-05,6.423355250305049e-05,4,4
1436,9.144601810609719e-13,0.0,0.0,4.164878932434002e-08,2.234179703270993e-08,1.6058333737292425e-08,0.0,4.3788945773023775e-07,0.0005852817577993532,8,3
1437,1.1762498296874152e-06,0.0,0.0,1.6228652548677904e-08,1.2086020366419884e-06,4.468605450966762e-05,1.1722726088372856e-06,0.0,0.0,5,2
1438,7.88587983305018e-08,1.2202560526152868e-07,0.0,3.415308639881286e-05,1.2307468745414004e-05,0.008880861635796065,0.0,4.7343692964957406e-05,0.0,5,2
1439,9.687789884366291e-10,0.0,0.0,0.0001863742220973393,9.797277917947552e-07,0.0,0.0005624128927636076,0.0,1.4012316994230318e-05,6,1
1440,0.00017577320751836992,0.0,0.0,0.0,0.0026097909440190945,0.0,2.4241425878176024e-05,0.0,0.0032204708795386472,8,4
1441,0.001267128209601235,0.0,0.0,0.0,0.03373438059091476,0.0006004863310503454,0.0,0.00048217193222100513,0.00043212197989576326,4,4
1442,2.3533432538279928e-11,0.0,0.0,2.291180739697845e-06,8.526105521366616e-08,4.1042087020256414e-07,2.1659802468964302e-05,0.0,6.818401087034577e-06,6,2
1443,5.725713057908774e-09,0.0,0.07485390054282773,0.0,5.695431478045988e-06,1.0723791078731898e-06,2.4104784789593053e-08,3.3237947264070465e-08,2.541720415798645e-07,2,5
1444,4.163167330274232e-06,0.0,1.882913957943524e-05,0.0,0.0009591994141895941,0.0,1.9854554328703606e-05,0.0,0.0,4,5
1445,1.28525029218451e-09,0.0,0.0,5.6548941565540143e-05,1.6107507396979094e-06,5.764805826413014e-06,0.00034018454064224933,0.0,5.1468599486658464e-05,6,2
1446,3.107703106162309e-11,0.0,0.0,5.723379063537657e-10,1.0729257931740098e-07,0.0,3.571029645210814e-08,0.0,9.060495996185988e-06,8,3
1447,4.2259623544988627e-10,0.0,0.0,4.325765254767402e-09,8.397681538970536e-07,0.0,2.2566468165214455e-07,0.0,4.93252237673269e-05,8,2
1448,4.5301568850595543e-13,0.0,0.0,4.2541843641452126e-08,1.9308401087070884e-09,1.3767988000053815e-08,5.976318254372963e-07,0.0,2.6562390054965745e-07,6,2
1449,6.721584168869564e-05,0.0,0.0,7.272292093603624e-06,0.0001678536060193959,0.004199876736569544,2.820706479110302e-05,0.0,0.0,5,2
1450,1.1762498296874152e-06,0.0,0.0,1.6228652548677904e-08,1.2086020366419884e-06,4.468605450966762e-05,1.1722726088372856e-06,0.0,0.0,5,2
1451,2.500719646512248e-05,0.0,0.0,0.0,0.00021102255755910931,0.0005588146940630892,3.99535602068968e-05,0.0,0.0,5,2
1452,4.5574044545257195e-06,1.4719801995962505e-07,0.0,3.021692113917845e-06,0.0001906383034530759,0.00016170914024949703,3.206517498530902e-05,0.0,0.0,4,2
1453,2.0501595963897002e-10,0.0,0.0,1.9850192330970756e-08,5.381313784866869e-07,0.0,0.0,3.1160495954747027e-07,0.0004491742546202796,8,3
1454,1.961217687701092e-13,0.0,0.0,6.36598335758602e-06,0.0,0.0,0.0,0.0,1.811668331888556e-07,3,4
1455,8.048412013607029e-07,1.5327182399402408e-06,0.0,0.0012909994039454877,0.00020924782231676578,0.2878300589946885,0.0,0.0,0.0,5,2
1456,2.8068231237789575e-08,0.0,0.0,7.927919271743053e-07,2.02626705120776e-05,0.0,0.0,7.929982145874989e-06,0.0081864628622901,8,3
1457,3.8577676127671974e-07,0.0,0.0,6.1964850640728735e-06,0.0001636447396038363,0.0,0.0,5.1199869616737556e-05,0.04743575975953654,8,3
1458,5.414821236206191e-09,0.0,0.0,1.0437591789793383e-05,1.760046059866277e-05,4.412845723156195e-06,0.0,9.84488991569824e-05,0.12043586661917889,8,3
1459,2.3239833924785843e-09,0.0,0.0,1.8583859420476118e-05,1.1059289928853402e-05,3.7032483746888685e-06,0.0,0.00010650760479974672,0.10030000183312983,8,3
1460,4.5607387334203615e-10,0.0,0.0,5.2716329637190965e-05,1.802857588173234e-06,0.0,0.0,7.955450149356336e-05,0.01218843170889772,8,3
1461,1.852093321672987e-05,0.0,0.0,1.1577413114539374e-05,5.7003059307753976e-05,3.5418232327020895e-05,4.549787823002806e-05,8.964067594075133e-05,0.0,7,2
1462,2.475883928613604e-10,0.0,0.0,1.2941797835061505e-06,1.1162802684456958e-06,1.1564235359727834e-07,0.0,1.0083723049876892e-05,0.00793098161572589,8,3
1463,1.3610185758506772e-09,0.0,0.0,0.0,1.0260475859822625e-06,0.0,1.1378464719640047e-07,0.0,1.2268763124564236e-05,8,3
1464,6.756103164974078e-05,0.0,0.00017441350753981164,0.0,0.009672659954988533,0.0,0.00015341152134726768,0.0,0.0,4,5
1465,3.527546614077629e-07,0.0,0.0,0.0,0.00011784464786375631,0.0,3.7238486193529206e-06,6.918471718401721e-07,0.0018697570312998992,8,3
1466,3.527546614077629e-07,0.0,0.0,0.0,0.00011784464786375631,0.0,3.7238486193529206e-06,6.918471718401721e-07,0.0018697570312998994,8,3
1467,3.527546614077629e-07,0.0,0.0,0.0,0.00011784464786375631,0.0,3.7238486193529206e-06,6.918471718401721e-07,0.001869757031299899,8,3
1468,0.01554438499872521,0.01477260225917952,0.0,0.0,0.010686530137646514,0.0013736812382042407,0.0,0.00018766431937817537,0.0007129905766160358,1,4
1469,3.427107537765233e-06,0.0,0.04417345569711428,0.0,0.0006423921794823773,0.0,1.2009964859925456e-05,0.0,0.0,2,5
1470,5.766922827671302e-10,0.0,0.0,0.0,7.391705692932521e-07,0.0,0.0,5.542522734498423e-09,1.6683254570180233e-05,8,5
1471,4.241143529880116e-11,0.0,0.0,0.0,9.448813002280025e-08,0.0,0.0,8.977414357014652e-10,3.0707591466187276e-06,8,5
1472,1.4163417701065429e-05,1.3524180423955842e-05,0.0,5.473391789704643e-06,0.0005643484068462889,0.0007678375537238576,0.0,8.307635099700784e-06,4.010042950444748e-05,5,4
1473,4.0201219740125165e-10,1.1243311630669441e-10,0.0,5.6181820666026205e-06,4.5405231881433013e-07,1.3559477809305912e-06,0.0,1.7763687411851304e-05,7.691353730447095e-08,7,2
1474,7.247898552839491e-05,0.0,0.00010334198736120076,0.0,0.005579210959424717,0.0,8.225065730891249e-05,0.0,0.0,4,5
1475,0.0002376809093625209,0.0,0.0,3.919437795294975e-06,0.0010793026151913632,0.0007368709291574466,0.00013978450866977316,0.0,0.0,4,2
1476,0.002415870745156421,0.0,0.0,0.0,0.02102402394932318,0.0,0.00016550203581780653,0.0,0.018666550739968476,4,4
1477,6.62712452342786e-06,0.0,0.0,0.0,6.796449827625737e-05,0.0007954195042554667,2.0086720799243474e-05,0.0,0.0,5,2
1478,0.000585991494708148,0.0026572545848608737,0.0,0.0,0.0019069502024147461,0.0,1.5502431200407735e-05,0.0,0.0,1,5
1479,9.285104546264102e-06,6.58036931358548e-05,0.0,1.3948844709141584e-05,0.0005414433210916006,0.0,0.0001572767241222902,0.0,0.001992343246666098,8,5
1480,2.2812925140080404e-13,0.0,0.0,0.0,1.5180078084661451e-09,0.0,0.0,2.299419291422436e-11,1.0033323053499676e-07,8,5
1481,3.11886709248935e-12,0.0,0.0,0.0,1.2072227691871076e-08,0.0,0.0,1.4543002516916683e-10,5.64060974325165e-07,8,0
1482,4.602638596379303e-08,0.0,0.4133802766064904,0.0,3.564767318385026e-05,6.1445061904989685e-06,1.234114840210827e-07,1.9242054299701083e-07,1.5942660450438137e-06,2,5
1483,2.645049229414678e-08,0.0,0.1496894609064014,0.0,1.814925880544059e-05,1.7757561824226738e-06,1.933910671676852e-07,2.5198052454292074e-08,4.6344431685021473e-07,2,5
1484,2.1508244946210687e-08,0.0,0.05019615329822973,0.0,1.4085789243125518e-05,0.0,3.188646424108437e-07,0.0,0.0,2,5
1485,5.64946051696326e-10,0.0,0.01324995261679236,0.0,5.396764404268691e-07,2.5101732066205556e-07,0.0,1.1590477820548652e-08,6.447404976331296e-08,2,5
1486,1.5026402957193166e-08,0.0,0.23454532745213344,0.0,1.3258942190995487e-05,4.1653876027175924e-06,0.0,1.7561947977039848e-07,1.090279433930261e-06,2,5
1487,3.555149165928768e-08,0.0,0.29929608031976285,0.0,2.5936134160235188e-05,4.5319222181770965e-06,7.098307491217227e-08,1.4575128842203039e-07,1.1913181552306376e-06,2,5
1488,3.454427731629071e-08,0.0,0.2731721034345424,0.0,2.510296766448466e-05,3.993184410317333e-06,1.103241702174084e-07,1.1913175013596823e-07,1.048241532600331e-06,2,5
1489,5.463595343397472e-07,0.0,0.0,0.0,4.068903380978159e-05,0.0,1.4715424384664714e-06,0.0,0.0001204272417070225,8,5
1490,9.114935076371287e-07,0.0,0.0,3.46785841000649e-07,0.00034968727678440724,0.0,4.0826294516955215e-05,0.0,0.007058942479789875,8,3
1491,0.0006085861988304273,0.0,0.0,0.0,0.04244688688649594,0.0,0.000834560849683499,0.0,0.00012543660630124636,4,4
1492,0.00015604601325774686,0.0,0.0,0.0,0.005226222960551496,0.0,0.00013905917434853298,0.0,9.348425348177165e-05,4,4
1493,6.323912033697627e-13,0.0,0.0,1.6826040164921665e-10,4.968478357196225e-12,2.1070695636690352e-10,7.046000002867778e-09,2.7983183422735385e-09,5.422865230075935e-10,6,5
1494,7.812828064099594e-05,0.0,0.0,0.0,0.0019946490938575682,0.0,6.321302458317884e-05,0.0,0.001504996985417453,4,5
1495,2.523442608382818e-09,0.0,0.02416205364059593,0.0,2.9042967336705877e-06,1.4734259385868196e-07,6.170796534028877e-08,0.0,6.183335905920694e-09,2,5
1496,4.163048047269052e-06,0.0,1.882416346371837e-05,0.0,0.0009589582165482899,0.0,1.9843524776773536e-05,0.0,0.0,4,5
1497,5.525355673265126e-09,1.1932421659475397e-09,0.0,4.3911390093287744e-05,3.6748694098422625e-06,8.597970952456798e-06,0.0,0.00011471719287756992,4.476643663627227e-07,7,2
1498,2.0830495022742566e-06,2.5947019323968554e-06,0.0,1.448401785662587e-06,0.00014411411009527964,0.0002548271925411047,0.0,2.7202115979838104e-06,1.4655911738946124e-05,5,4
1499,1.518271199495822e-06,0.0,0.0,0.0,0.00017673956943941517,3.919215508987737e-06,6.712656814412787e-06,0.0,0.0,4,3
1500,1.113278298381014e-06,0.0,0.0,0.0,2.2642078338294687e-05,4.201665809504126e-06,2.4211315295648443e-06,1.7534448484676156e-06,0.0,4,2
1501,1.4789941646517856e-05,0.0,0.0,0.0,2.351829069143347e-05,1.3816614083800902e-05,5.431689580999057e-06,0.0,0.0,4,4
1502,1.4868651580981455e-05,0.0,0.0,0.0,2.3892668874452e-05,1.4168315099524071e-05,5.55813998613941e-06,0.0,0.0,4,4
1503,6.597288168622349e-09,2.4974052016629556e-08,0.0,7.186671485244045e-07,1.0455419263920533e-06,8.439076493712209e-07,0.0,3.072218289813888e-06,2.0092264332451286e-07,7,0
1504,6.597288168622349e-09,2.4974052016629556e-08,0.0,7.186671485244045e-07,1.0455419263920533e-06,8.439076493711938e-07,0.0,3.072218289813888e-06,2.0092264332451286e-07,7,1
1505,0.014313835531722208,0.05113254543425869,0.0,0.0,0.0028913972495244276,0.0,0.0,2.2018894563129384e-05,0.0,1,4
1506,8.082080301690543e-10,0.0,0.0,3.1072195008075143e-08,2.2272332474827707e-07,2.4590528198255345e-07,5.446615381755549e-07,0.0,2.0427375998368614e-07,6,2
1507,1.6679122001883754e-07,1.1002683690633534e-06,0.0,1.5043206990988165e-05,6.342885250205785e-05,0.0,0.00011413982137676317,0.0,0.001524800449775204,8,3
1508,8.05322437528575e-13,0.0,0.0,1.807598714760339e-06,2.2533802660628127e-09,0.0,4.246219567475102e-06,0.0,1.9371582998473062e-07,6,3
1509,0.00022202704746633842,0.0,0.0,0.0,0.019983446738498233,0.0,0.0004465248124707445,0.0,0.0,4,4
1510,1.0765477265507776e-09,0.0,0.0,5.23498542027292e-05,1.2835251386512089e-06,5.668245689060907e-06,0.00032519235104287465,0.0,4.48587627853631e-05,6,2
1511,6.820498524976486e-08,0.0,0.0,1.3221768398381042e-05,4.7227118126052865e-05,0.0,7.446596832004776e-05,0.0,0.00146311186968879,8,1
1512,5.351824563302887e-09,0.0,0.0,1.9398278054362957e-06,6.67361134347699e-06,0.0,1.3251183579977518e-05,0.0,0.00030516658116688485,8,1
1513,3.9309024603140173e-13,0.0,0.0,2.8635602622285025e-07,8.59746576553989e-09,0.0,0.0,8.439586727456348e-07,0.00019325676997619253,8,3
1514,2.152305427229648e-15,0.0,0.0,2.25383544495708e-09,7.120057670961619e-11,1.0184673892804772e-09,4.428324562713738e-08,0.0,2.5527500076171583e-08,6,2
1515,5.0009024456507276e-05,0.00031267031666931525,0.0,0.0,6.954935612846935e-05,0.0,0.0,0.0,0.0,1,3
1516,4.366278809157713e-12,0.0,0.0,1.1412233683139498e-06,3.1496027443737325e-08,3.03514101357682e-07,1.4384302174050855e-05,0.0,4.693759989828866e-06,6,2
1517,6.001123501375701e-11,0.0,0.0,8.919736537219416e-06,2.5595693479699084e-07,1.924127267802641e-06,9.520370736196699e-05,0.0,2.719506855243104e-05,6,2
1518,3.084210137793362e-08,0.0,0.0,2.886420632915205e-06,2.4454795523095152e-05,0.0,1.4496022433306296e-05,7.371167675534124e-06,0.011036584660040098,8,3
1519,2.026250591039054e-06,0.0,1.6839674116284553e-07,0.0,6.166779260735416e-05,5.547277749238382e-06,7.991025338125255e-07,7.613577861168498e-08,0.0,4,5
1520,0.0006873364882168451,0.0033183411768965537,0.0,0.0,0.0006747613962704088,0.0,0.0,0.0,0.0,1,4
1521,2.582304222416727e-05,0.0,1.1770922964296438e-06,0.0,0.0004357714951006269,2.9990720135492856e-05,4.6272531347481674e-06,4.025794485238688e-07,0.0,4,5
1522,0.0009217414769005069,0.0,0.0,0.0,0.05697169892596252,0.0,0.0011003230225293656,0.0,0.0,4,4
1523,1.8888775850369011e-06,0.0,1.49694904086838e-07,0.0,5.488226562927143e-05,4.800020273045568e-06,6.966229771390352e-07,6.56851599823358e-08,0.0,4,5
1524,1.0404974139206075e-09,1.0132257188551204e-08,0.0,1.4543336538121687e-05,1.304442085128586e-06,1.2070220758148433e-06,0.00010027535789529861,0.0,0.00022134377936591145,8,3
1525,3.2844978831772715e-09,4.031178244625048e-09,0.0,1.4912632464932217e-05,4.3326546141101845e-06,6.919994576248118e-07,0.00010246481548176496,0.0,0.0021260383926155757,8,3
1526,1.4300855621334704e-08,1.0753270922112652e-07,0.0,0.0001136698564428522,1.055934724976505e-05,7.66019216869214e-06,0.0006636804365897668,0.0,0.0012825433448037079,8,3
1527,6.722885924527075e-05,0.0,0.0,0.0,0.0008934716047306694,0.0,2.932474605733608e-05,0.0,0.002289053427415175,8,4
1528,6.755628841121782e-07,6.20034543586072e-06,0.0,1.7869648941258142e-06,6.674911840999143e-05,0.0,2.3740956854775745e-05,0.0,0.0003437909244192231,8,5
1529,0.0003154480634974191,0.0,0.0,0.0,0.0011838432783163383,0.0017983470494542192,0.00017556512205073863,0.0,0.0,5,2
1530,3.151845361639702e-05,0.0,0.0,0.0,0.00012658718458121498,2.5918223523932167e-05,0.0,1.2161757079846372e-06,0.0,4,2
1531,2.4994244242405097e-12,0.0,0.0,4.339017819593708e-05,0.0,0.0,0.0,0.0,8.692766216426025e-07,3,2
1532,1.8028635272083202e-11,0.0,0.0,1.1312053049711321e-07,9.05893692689913e-08,7.4303242525347454e-09,0.0,8.263592179533863e-07,0.0005091161267961117,8,3
1533,1.951046911011393e-10,0.0,0.0,8.698203974353262e-07,6.478950568012067e-07,5.080090234433701e-08,0.0,5.205133538490199e-06,0.0028574836832718615,8,4
1534,9.715679339425331e-10,0.0,0.0,0.0,1.0906160858007953e-06,0.0,5.867970222741236e-08,0.0,2.2512853590248228e-07,4,2
1535,2.2924200717587644e-06,1.1677046524893506e-05,0.0,0.00011757377075995378,0.0005127071186683803,0.0,0.0007555705013485844,0.0,0.008835510194516241,8,3
1536,5.806460233592058e-06,0.0,0.0,0.0,7.456472056274117e-05,0.00017216916281111652,1.5643905574730362e-05,0.0,0.0,5,2
1537,6.755628841121782e-07,6.20034543586072e-06,0.0,1.7869648941258148e-06,6.674911840999145e-05,0.0,2.3740956854775416e-05,0.0,0.00034379092441922147,8,5
1538,1.208154484151231e-06,2.7397241469909226e-06,0.0,9.616429558719064e-07,5.998017296505173e-05,2.1565004435998482e-05,0.0,4.91926627618758e-06,6.0938272116202235e-06,4,2
1539,3.0783910203307936e-08,0.0,0.0,1.157335859496613e-06,2.442694036716258e-05,0.0,0.0,1.1645098035605966e-05,0.012316738306321618,8,3
1540,1.2568568469803808e-11,0.0,0.0,3.255245557463169e-07,1.805017804045329e-07,1.0192303516233038e-07,0.0,2.826784601067962e-06,0.003391360591126243,8,3
1541,1.5110436591243196e-05,1.465863336191923e-05,0.0,6.0603240442743055e-06,0.0006233707196085427,0.0008625234085412672,0.0,9.324189430167481e-06,4.527329064979217e-05,5,4
1542,2.10493788237054e-08,0.0,0.044160863726149746,0.0,1.3356077531921337e-05,0.0,2.972052906141947e-07,0.0,0.0,2,5
1543,8.025470500809099e-12,0.0,0.0,1.134989042373822e-09,3.485019162602974e-11,1.1100713303839324e-09,3.908821015943414e-08,1.4780102865364861e-08,2.5622460477475614e-09,6,5
1544,2.170116762356172e-05,0.0,1.82121768700648e-05,0.0,0.002279913664204008,7.1067119690147974e-06,4.73269966041485e-05,0.0,0.0,4,5
1545,8.449586900833351e-08,0.0,0.0,0.0,4.223456036082363e-07,4.0983456272664393e-07,1.4636992468858908e-07,0.0,0.0,4,3
1546,6.985010153517279e-10,0.0,0.0,0.0,5.675413234714343e-07,0.0,7.300098368304674e-08,0.0,1.0222182962788317e-05,8,3
1547,1.0004361180399868e-05,3.263885006217094e-05,0.0,8.489033277610573e-06,0.0004973136889129676,0.00015944812107238188,6.083438846637041e-05,0.0,2.9891816027217098e-05,4,2
1548,0.00041022270090380257,0.0,0.0,2.2006706511521224e-07,0.00012540783236769353,0.00019350186945743875,3.023514425217928e-05,1.1454970128637532e-06,8.714956094527129e-06,5,3
1549,1.6538747321499619e-13,0.0,0.0,9.524697411756575e-12,1.6704443341386085e-09,0.0,8.330616293465848e-10,0.0,2.7813913453532436e-07,8,3
1550,4.445382000669636e-09,0.0,0.0,0.0,4.772910239170146e-06,0.0,0.0,4.320896621660715e-08,8.377462586489032e-05,8,5
1551,9.878487736200653e-08,0.0,0.0,0.0,3.9448208963612506e-05,0.0,0.0,1.7816231623197584e-07,0.00040161014915536997,8,1
1552,3.9751865037323955e-08,0.0,0.0,0.0,5.039442356949536e-06,0.0,2.2076389800715553e-07,0.0,2.0780677747409282e-05,8,1
1553,3.916760157822938e-07,0.0,0.0,1.0859469834471168e-05,0.0001757921550920891,0.0,0.0,9.039564195476995e-05,0.08728220188894283,8,3
1554,4.143377100834008e-07,0.0,0.0,7.073497583101459e-06,0.00018505451275487654,0.0,0.0,5.985500400961599e-05,0.05669261190322128,8,3
1555,1.1041013078637072e-11,0.0,0.0,1.056642983725116e-05,2.783709508352938e-08,0.0,2.977721329828329e-05,0.0,1.4477901053039893e-06,6,1
1556,7.408911495646269e-11,0.0,0.0,2.469405924619982e-05,1.3979286715671103e-07,0.0,9.51990953906355e-05,0.0,4.670870231402714e-06,6,1
1557,0.0007480169273219977,0.00012894912033731967,0.0,0.0,0.030070734926941286,0.0,0.0,0.00023854371877607866,0.0003610692159219737,4,4
1558,7.590157582125463e-05,0.0,0.0,0.0,0.0003507654420150331,0.0006819165829708538,6.921164168102431e-05,0.0,0.0,5,2
1559,3.852701484760487e-05,0.0001433170593582693,2.580794071373853e-09,0.0,0.0,0.0,0.0,1.3188562880721899e-06,0.0,1,4
1560,9.163966771024952e-07,0.0,0.0,3.527586913923351e-07,0.00035530857070764367,0.0,4.182317245443767e-05,0.0,0.0072904897750349345,8,3
1561,2.8829805005335833e-08,0.0,2.2439094778606437e-07,0.0,1.1663284185419375e-05,0.0,3.1322813491038674e-07,0.0,0.0,4,5
1562,7.43398843200348e-10,0.0,0.0,0.00012373838169971337,2.928790274080343e-06,0.0,0.000816469050599637,0.0004980417499893842,0.018385157633965536,8,0
1563,3.7225661637335446e-10,0.0,0.0,0.0002623025463174938,1.204798026083211e-06,0.0,0.0034009516121309936,0.0004641183660300273,0.0037547244676046357,8,0
1564,7.616576883159993e-10,0.0,0.0,0.00033643825091002544,2.95045885473352e-07,0.0,0.0010924424111285699,0.0025256204797260346,0.003600786936783636,8,0
1565,4.726635913910468e-05,0.0,0.0,8.262768594575981e-07,0.0004015346347460274,0.0015983229850469079,1.2761521989690323e-05,0.0,0.0,5,2
1566,0.0004500523453771097,0.0,0.0,0.0,0.004862759768182343,0.0,7.648763372886935e-05,0.0,0.0006108715584523897,4,4
1567,4.517247902646743e-09,0.0,0.0,0.0,5.0042618402990545e-06,0.0,0.0,4.65588350804683e-08,9.208661824587924e-05,8,2
1568,8.168990726121174e-10,0.0,0.0,5.55465155364667e-09,2.29309658078305e-07,2.4810404376210625e-07,8.936320702840177e-08,0.0,1.1580336104086078e-08,5,2
1569,5.97554300003617e-11,0.0,0.0,7.229043758975051e-10,2.8850739953208677e-08,4.016879144971892e-08,1.380835475855135e-08,0.0,2.051805041801674e-09,5,2
1570,2.8676376944891907e-08,0.0,2.2081088030704536e-07,0.0,1.148168352230215e-05,0.0,3.060402449218348e-07,0.0,0.0,4,5
1571,1.2758200404587575e-10,0.0,0.0,4.652979557466313e-06,1.1662458215252312e-06,3.285069412887481e-07,0.0,1.2963757216308478e-05,0.017576580357851257,8,3
1572,8.677624408305937e-12,0.0,0.0,1.489977597054865e-07,1.3042266667494612e-07,7.606157750667928e-08,0.0,1.469850534190354e-06,0.0026324587893582574,8,3
1573,6.235133387842264e-12,1.0559895394957232e-10,0.0,3.134581129571444e-07,2.8414654944010453e-08,4.730464528810397e-08,3.2622781269243854e-06,0.0,0.0001364802448080599,8,3
1574,3.9413526734703257e-07,0.0,1.76204899870607e-06,0.0,9.272350593993596e-05,0.0,2.0493866654720536e-06,0.0,0.0,4,5
1575,5.714848744087821e-06,0.0,0.0,0.0,0.00025109816950310806,0.0,9.698911515931176e-06,0.0,0.00026783511984074753,8,0
1576,0.001628834395266825,0.00012974126754423316,0.0,0.0,0.03962166052844751,0.001752699807479779,0.0,0.0005087697282536492,0.00038938279841420304,4,5
1577,5.7771908877911515e-09,0.0,0.0,3.3238630657239855e-08,6.675004764116608e-06,0.0,1.4596065656003564e-06,0.0,0.0002767525550379791,8,3
1578,2.84490934983031e-14,0.0,0.0,1.2290702439882219e-08,1.2257771861471875e-10,1.644161965846198e-08,2.5440529069101814e-09,5.089786836820224e-09,5.5959135964285674e-11,5,1
1579,2.0613815007374494e-07,1.2955251150001e-06,4.174396819681173e-10,6.286180948679857e-10,0.0,0.0,0.0,3.304191066928432e-08,0.0,1,2
1580,5.0972574119806034e-11,0.0,0.0,3.96198938697787e-05,0.0,0.0,0.00010383736170812924,0.0003820791688040016,2.702029022705466e-05,7,1
1581,8.965224826959997e-08,0.0,0.0,5.51462747515949e-06,4.106735039850092e-06,0.0025180285566518967,0.0,0.0,0.0,5,4
1582,6.999835876431666e-09,0.0,0.0,7.971604001616702e-07,5.724509085780273e-07,0.0004613185332934331,0.0,0.0,0.0,5,4
1583,9.620748778309869e-08,0.0,0.0,6.230577202989198e-06,4.622373268971936e-06,0.002924022510484809,0.0,0.0,0.0,5,2
1584,1.0993545710374386e-10,0.0,0.0,5.593316493842938e-07,9.070267508097608e-07,4.299138485438411e-07,0.0,7.431900303465963e-06,0.012127047922156626,8,3
1585,3.102180599009377e-12,0.0,0.0,0.0,1.1881348086790653e-08,0.0,0.0,1.4179139826774883e-10,5.462139975369743e-07,8,1
1586,2.2570753642678288e-13,0.0,0.0,0.0,1.4711023637812847e-09,0.0,0.0,2.188289740718192e-11,9.426492085899185e-08,8,1
1587,2.962553142456008e-13,0.0,0.0,1.1874544407379863e-08,1.133451515048335e-08,1.036866455210943e-08,0.0,2.2073431825505823e-07,0.0004273030298723825,8,3
1588,1.9590082317099436e-09,0.0,0.0,6.889626683151658e-06,1.992938960168669e-06,4.9697891443404e-07,4.7508421883964944e-05,0.0,6.305505989646525e-05,8,3
1589,3.953863794869999e-05,0.0,0.0,0.0,0.00021576256204921976,0.0016163488472612506,4.604778129180499e-05,0.0,0.0,5,4
1590,0.00029498477447993074,0.0016496467282221296,0.0,8.790414731487136e-06,0.0002548446807662303,0.00014343815897258221,5.615555987179238e-05,0.0,0.0,1,2
1591,0.003903563032832462,0.01688287071053223,1.9467466063110998e-06,6.336386493184984e-06,0.0,0.0001560355785268446,4.041279938547967e-05,0.0,0.0,1,2
1592,0.0013126188754034361,0.0,0.0,0.0,0.07631884326702414,0.0,0.001000530155244742,0.0,0.0,4,4
1593,6.915392845422956e-13,0.0,0.0,3.0521688795469524e-07,3.502899115140303e-09,5.85528048791287e-08,3.1625662279555235e-06,0.0,1.4205694469069591e-08,6,2
1594,1.2718808539592183e-10,0.0,0.0,1.7134287052492747e-05,2.178456209962268e-07,2.0648406239482693e-06,0.00012294155998700647,0.0,4.0048893616363614e-07,6,4
1595,0.0003478046826559499,0.001801166604809716,5.392815960951908e-07,1.4477003006372455e-06,0.0,0.00017136920343365018,2.849825728330167e-05,0.0,0.0,1,4
1596,0.004780314188492598,0.019115614730746234,2.582873796688518e-06,6.465933736722817e-06,0.0,0.0010759954170582306,0.00019089348489938126,0.0,0.0,1,4
1597,1.6767885881491827e-07,1.1101244188889603e-06,0.0,1.529356470577434e-05,6.441520076267482e-05,0.0,0.00011680562462538912,0.0,0.0015716079190688426,8,3
1598,3.711888709357199e-12,0.0,0.0,7.644864385767536e-08,7.608256090620634e-08,5.0571284199412455e-08,0.0,1.1026910982736488e-06,0.0018290662624665015,8,3
1599,1.13196871845507e-06,0.0,0.0,0.0,2.5779550332958287e-05,0.0002660551964621445,7.830901187540837e-06,0.0,0.0,5,2
1600,6.949916200540625e-08,0.0,0.0,1.1647389974572875e-05,6.622956250878385e-05,0.00035248340076709226,0.0,8.652488720463978e-05,0.08942345980227964,8,1
1601,4.424707470014392e-06,0.0,0.0,0.0,3.163561240462734e-05,0.0,2.0987850283283197e-06,0.0,0.0001537796451306833,8,5
1602,3.0957779041041854e-08,0.0,0.0,1.0169974056622074e-06,2.4795789318788016e-05,0.0,0.0,1.0487802420109675e-05,0.01151481803124199,8,3
1603,8.082080301690543e-10,0.0,0.0,3.10721950079907e-08,2.2272332474819274e-07,2.4590528198325955e-07,5.446615381754403e-07,0.0,2.042737599820202e-07,6,2
1604,1.1108212471898301e-08,0.0,0.0,2.4286047698004076e-07,1.7986283468488671e-06,1.5599841055672115e-06,3.6059137639849745e-06,0.0,1.1841192056270995e-06,6,2
1605,4.316984385632664e-06,0.0,0.0,4.912277550535249e-06,3.494866820816657e-05,0.002569459956921546,0.0,0.0,0.0,5,2
1606,5.481516482205144e-09,0.0,0.0,0.00010180828681415481,1.1452020304005225e-05,1.3954572844065016e-06,0.0,0.0002656387977635711,0.05028068885369569,8,3
1607,9.114935076371287e-07,0.0,0.0,3.4678584100055e-07,0.00034968727678440735,0.0,4.08262945169553e-05,0.0,0.007058942479789872,8,3
1608,1.2527793800825533e-05,0.0,0.0,2.7126905065580943e-06,0.0028239835342772,0.0,0.0002709364236606495,0.0,0.040903483953069475,8,3
1609,5.330910725449898e-06,0.0,1.339510430350443e-05,0.0,0.0007141376306843112,0.0,1.2830877963131277e-05,0.0,0.0,4,5
1610,3.9624402082466575e-07,0.0,1.7906173191361786e-06,0.0,9.419016456568897e-05,0.0,2.097337808466449e-06,0.0,0.0,4,5
1611,0.0026081066842708017,0.0,0.0,0.0,0.10981117407710192,0.0,0.0011780623040531534,0.0,0.0,4,4
1612,2.7006849797238834e-13,0.0,0.0,9.781116048879878e-09,9.418526395775581e-09,7.969477845696199e-09,0.0,1.7082640435658762e-07,0.00031566066050786167,8,3
1613,2.0937950075865177e-08,0.0,0.04346735086042052,0.0,1.3186614605206247e-05,0.0,2.917560704269219e-07,0.0,0.0,2,5
1614,8.220126387670219e-10,0.0,0.0,1.5299113803429843e-06,2.6882183252980505e-07,6.559328483957462e-07,1.9391914316887865e-05,0.0,6.164739166484065e-06,6,2
1615,2.8068231237789575e-08,0.0,0.0,7.92791927174308e-07,2.0262670512077583e-05,0.0,0.0,7.929982145875012e-06,0.008186462862290102,8,3
1616,5.0750216716585584e-11,0.0,0.0,5.881360736177811e-07,6.055258908418852e-07,3.135725643764655e-07,0.0,6.958257072382474e-06,0.010309404801368282,8,3
1617,3.736377609195178e-10,0.0,0.0,3.3587567703545006e-09,7.745189993237024e-07,0.0,1.5304965757745183e-07,3.992884735420312e-08,0.00012108503431873787,8,3
1618,7.802490426597705e-11,9.830041766978547e-10,0.0,2.0029816758795555e-06,1.8991281795827994e-07,2.2714692556006513e-07,1.6649764597733816e-05,0.0,0.0005722237556272061,8,2
1619,1.0150660627552401e-10,0.0,0.0,7.498479501280081e-09,2.3879263125556245e-10,5.6028302211470744e-09,2.0900895044057428e-07,7.474198156325091e-08,1.1406884676690534e-08,6,5
1620,7.4465612034e-11,0.0,0.0,5.207608488434793e-05,8.80470303645424e-08,0.0,8.437493864755928e-05,0.0,2.8395625229954984e-06,6,1
1621,2.1131203437699478e-05,0.0,0.0,0.0,0.0012790365117507601,8.083926830562491e-05,3.032569455453288e-05,9.582996265447757e-07,0.0,4,5
1622,0.0007046959684728348,0.001330282513806979,0.0,0.0,0.01722238023161467,0.0,0.0,7.631085861167246e-05,0.00025528221259620053,4,4
1623,7.729669393869213e-05,0.0,0.0,0.0,0.0019324454552275493,0.0,6.030229555633298e-05,0.0,0.0014126280529478327,4,4
1624,3.8439679685542757e-07,0.0,0.0,5.9273719843187787e-08,6.735899854200318e-06,0.00013078061766400698,1.8598043123765745e-06,0.0,0.0,5,2
1625,9.114935076371287e-07,0.0,0.0,3.467858410005022e-07,0.0003496872767844073,0.0,4.082629451695527e-05,0.0,0.007058942479789874,8,3
1626,2.118048550789722e-08,0.0,0.04510165347358888,0.0,1.3576109133098263e-05,0.0,3.0488437508298424e-07,0.0,0.0,2,5
1627,2.9504855526646927e-06,0.0,1.0390471217828779e-07,0.0,7.304869051156107e-05,8.363937565397241e-06,3.0355721612490755e-06,1.809964754753355e-06,0.0,4,5
1628,9.287131933797155e-05,0.0005652926895930949,0.0,0.0,0.0002978083269527868,0.0,0.0,0.0,0.0,1,2
1629,1.5029816533319342e-09,0.0,0.0,4.300141513622361e-06,7.214086426974795e-06,2.6627411642300594e-06,0.0,4.682354123275193e-05,0.06817616150001642,8,3
1630,1.1927085370516758e-10,0.0,0.0,1.1648919117325813e-06,1.0538313100714843e-06,4.832380946643087e-07,0.0,9.494740266658386e-06,0.015268900586793257,8,3
1631,1.1613322696090112e-06,0.0,0.0,0.0,3.3851052059844557e-06,2.6005670770755503e-06,9.704418443606666e-07,0.0,0.0,4,4
1632,1.5877144105396463e-05,0.0,0.0,0.0,2.656043386874151e-05,1.6098613340793106e-05,6.287374422630238e-06,0.0,0.0,4,4
1633,5.925680916502133e-11,0.0,0.0,4.3936631379632884e-08,2.9463565178181853e-08,5.1213641182129043e-08,6.244367369820758e-07,0.0,2.756428887976682e-07,6,2
1634,0.0017471958514370793,0.0,0.0,0.0,0.02357469176945773,0.0,0.0,0.0001797284629020261,0.0,4,4
1635,3.0576322834167475e-08,0.0,0.0,0.0,3.974400804082908e-06,0.0,2.2912674303682122e-07,0.0,8.47715790429127e-06,8,0
1636,1.6445449843100271e-09,0.0,0.0,4.531454067539392e-06,8.407342836341843e-06,3.2607808145184005e-06,0.0,5.6756672187035414e-05,0.08334962943519796,8,3
1637,1.5940679983539931e-09,0.0,0.0,3.953498065847081e-06,7.811591365149871e-06,2.955714139380048e-06,0.0,4.998025298612163e-05,0.07338259678284094,8,3
1638,0.004562107956116222,0.0,0.0,0.0,0.006238041061424523,0.0,0.0,0.0,0.0,4,4
1639,4.163048047269052e-06,0.0,1.8824163463717935e-05,0.0,0.0009589582165482899,0.0,1.9843524776772787e-05,0.0,0.0,4,5
1640,1.4877329249326948e-08,4.272085310412503e-09,0.0,4.675535961097675e-05,3.552341868603247e-06,0.002139525778373857,0.0,0.0003239040087398027,0.0,5,2
1641,6.820025383025358e-09,1.1900385403276763e-08,0.0,1.0351722041441934e-05,1.961569418867867e-06,0.0017386696297845875,0.0,5.7675341361920053e-05,0.0,5,2
1642,2.85675159819179e-08,0.0,0.0,9.442192234958992e-05,2.1285546961331882e-05,0.0,0.0,0.00021862778707472182,0.010021424947221773,8,3
1643,6.522588290666596e-05,0.0,0.0,0.0,0.007213319784344075,0.0,0.0001518182985719371,2.46993364082522e-05,0.05530347448426717,8,3
1644,5.115003163704968e-09,0.0,0.0,1.548335915538118e-06,8.49751733642581e-06,5.9095307824471854e-05,0.0,1.421616275127805e-05,0.016629950415445106,8,0
1645,3.8839381712439275e-09,0.0,0.0,2.200239805686403e-05,1.0168415671495217e-05,0.0,0.00012515103271193103,0.0001293443668776772,0.04631013622764612,8,5
1646,9.64348723078022e-07,0.0,0.0,0.0,1.6866822927083222e-05,0.00025096798677198704,5.9733962327098815e-06,0.0,0.0,5,2
1647,7.577849391826096e-05,5.154714227127897e-06,0.0,0.0,0.007906194203950858,0.0,0.0,2.5671226777896218e-05,0.002625471417724626,4,5
1648,0.0021782064826313128,0.0,0.0,0.0,0.03622699377114504,0.0003071672851446606,0.0,0.0003380286709847176,2.5869279673646745e-05,4,4
1649,1.0891778896701637e-05,0.0,0.0,0.0,0.002125203491395337,0.0,0.0,9.169789659393047e-06,0.011466769156149357,8,5
1650,1.3353471679087265e-08,0.0,0.0,0.0,8.808105951759486e-06,0.0,3.9064258431045474e-07,0.0,1.307958242688871e-06,4,3
1651,0.0003963146546497746,0.0,0.0,0.0,0.01742756501976684,0.0,0.0,1.5132399645859043e-05,2.1889859167193966e-05,4,4
1652,1.825618728629754e-07,0.0,0.0,0.0,7.004429968964107e-05,0.0,2.545114648267264e-06,0.0,7.3816893338987445e-06,4,0
1653,0.00010495594240452909,0.0006003247073709088,0.0,0.0,0.0016806896494156209,0.0,3.446912968279888e-05,0.0,0.0,4,5
1654,0.0014348631496668865,0.006314108185893331,0.0,0.0,0.013579683526299489,0.0,0.00022702188429748316,0.0,0.0,4,4
1655,1.2301168297456533e-07,0.0,0.0,5.189845959192675e-05,0.00015064833577655508,2.5353052556200924e-05,0.0,0.000389556265237037,0.37620450748142614,8,3
1656,1.026194299449356e-09,0.0,0.0,4.481142474108117e-05,1.0720791435107248e-06,4.111972049174737e-06,0.0002473245046184355,0.0,2.365039425912671e-05,6,0
1657,3.4716151745223398e-09,2.839384456857884e-13,0.0,3.0988233857619774e-05,2.3129230225362076e-06,4.937690068159397e-06,0.0,7.174728664139466e-05,2.4349337862556e-07,7,2
1658,7.764759249453613e-09,0.0,0.10573185301142946,0.0,7.098514846487827e-06,1.7222659891149356e-06,0.0,6.468204178320454e-08,4.41223571585072e-07,2,5
1659,3.3775961269408064e-09,2.079926731397523e-09,0.0,1.586968437044967e-05,1.8763704047483821e-06,4.653490904144555e-06,0.0,5.208224631542453e-05,2.534492901256374e-07,7,2
1660,0.00015901576454850633,0.000320062921766093,0.0,0.0,0.011022999569254873,0.0,0.0002331659626432803,0.0,0.0,4,4
1661,0.0004331974770185899,0.0,0.0,0.0,0.0010126932300278107,0.00016516679365616838,0.0,7.887354140305481e-06,0.0,4,2
1662,0.0020414001793124343,0.0,0.0,0.0,0.10138087980475674,0.0,0.001759911019705023,0.0,0.0,4,4
1663,2.4847038851107505e-09,0.0,0.0,1.398204701025064e-06,4.105306334700507e-06,0.0,0.0,1.1372751867060955e-05,0.00954377163950028,8,3
1664,1.2864640018691302e-10,0.0,5.690495030876005e-09,0.0,2.7534888983954447e-07,0.0,1.2986956731543254e-08,0.0,0.0,4,5
1665,1.7594229752590707e-09,0.0,4.477537094995645e-08,0.0,2.1934914054286375e-06,0.0,8.483138168146884e-08,0.0,0.0,4,5
1666,1.7681481669943158e-09,0.0,4.5409070288837873e-08,0.0,2.2238280131645006e-06,0.0,8.65277448316348e-08,0.0,0.0,4,5
1667,0.0020990669897760117,0.0,0.0,0.0,0.03949714610562406,0.0,0.0,0.0002906084265275227,0.00027848502778067026,4,4
1668,0.00222009527258425,0.0,0.0,0.0,0.04583639102527211,0.0,0.0,0.00036728559370712704,0.000353631294269646,4,4
1669,2.8497447448351778e-08,0.0,0.0,1.3893909377683856e-06,2.176662163834862e-05,0.0,0.0,1.4001566443964855e-05,0.015063169909676032,8,3
1670,3.8373458122881505e-07,0.0,0.0,6.09505303597692e-06,0.000161135848731357,0.0,0.0,4.997157703177037e-05,0.04602293955361332,8,3
1671,1.7279691590628337e-09,0.0,0.0,4.8324159775958355e-06,9.005936301822708e-06,3.5850740682016414e-06,0.0,5.974984340876968e-05,0.090394271059123,8,3
1672,2.033349329575042e-10,2.1571275118999707e-10,0.0,2.5884701603169217e-06,1.3020244017351658e-06,7.860475395196278e-07,1.4549028855407134e-05,6.5960357786423364e-06,0.016155443588033357,8,3
1673,7.336626233207351e-10,0.0,0.0,1.801387444775396e-05,3.2047485043946714e-06,4.6060183750789385e-07,0.0,6.917900541341955e-05,0.02209130825284591,8,3
1674,6.800217351257218e-09,0.0,0.0,2.58731951997307e-05,1.718402583041177e-05,1.6112399499473213e-06,0.0,0.0001315557776411313,0.07935548275924298,8,3
1675,4.207010664708707e-08,0.0,0.0,3.764912442330584e-05,5.8896888440385225e-05,3.894670366286175e-06,0.0,0.00023903045598421007,0.18740809926001728,8,3
1676,6.750783533714407e-14,0.0,0.0,2.6553242425942602e-09,2.3132275285364576e-09,2.13544640516601e-09,0.0,4.00646662236285e-08,9.205321275100553e-05,8,3
1677,2.6793755696678093e-12,0.0,0.0,1.0903456896790979e-06,3.408873557355616e-08,0.0,0.0,2.621779805406735e-06,0.0005333252265688494,8,3
1678,3.068130262997532e-14,0.0,0.0,1.4093930967498628e-08,1.3954687391747898e-10,1.9521438076888884e-08,2.9955450248646477e-09,6.022917486716757e-09,6.794195168716811e-11,5,2
1679,3.068130262997532e-14,0.0,0.0,1.4093930967497251e-08,1.3954687386125357e-10,1.9521438074933498e-08,2.9955450242917954e-09,6.0229174864874444e-09,6.794194890766542e-11,5,2
1680,3.910103766241135e-13,0.0,0.0,9.606342685331705e-08,1.007004292245279e-09,1.0421578845447784e-07,1.68768959282893e-08,3.287706917848799e-08,3.1666022862332037e-10,5,1
1681,2.6258637076983007e-08,0.0,0.0,0.0,1.6718001006648054e-05,0.0,7.209222629046894e-07,0.0,2.3439832822952812e-06,4,0
1682,0.007161927526779728,0.015709792031574746,0.0,0.0,0.0007369840604469301,0.0,0.0,5.2025472767404785e-05,0.0,1,4
1683,9.114935076371287e-07,0.0,0.0,3.467858410004655e-07,0.00034968727678440724,0.0,4.0826294516954815e-05,0.0,0.007058942479789874,8,3
1684,8.234213180452279e-05,0.0,0.0,0.0,0.00041889026334750276,0.0031961261062212606,9.180116831002515e-05,0.0,0.0,5,4
1685,1.5271991954030281e-06,0.0,0.0,0.0,0.00018015636113517694,4.0366918949219745e-06,6.92697775816104e-06,0.0,0.0,4,3
1686,1.8166211350768816e-07,0.0,0.0,0.0,6.909507746343688e-05,0.0,2.4958875908562713e-06,0.0,7.199059036238481e-06,4,5
1687,1.0490989451395445e-09,0.0,0.0,0.0,1.2528890365088713e-06,0.0,6.991899118033752e-08,0.0,2.772528815206528e-07,4,5
1688,0.00044013432600913566,0.0,1.3593623364816014e-06,3.41849641553352e-06,0.0,9.561342321995188e-05,2.7281898043531922e-05,0.0,0.0,5,4
1689,4.674955260054412e-07,0.0,0.0,3.846451523761349e-05,0.00025826952967041326,5.314950798845418e-05,0.0,0.0002685422699018509,0.24279436197933277,8,3
1690,4.674955260054412e-07,0.0,0.0,3.8464515237613476e-05,0.0002582695296704132,5.31495079884538e-05,0.0,0.00026854226990185074,0.2427943619793328,8,3
1691,9.620747127148248e-11,0.0,0.0,8.08013220536645e-06,2.1994140740469407e-07,1.1462084060057775e-06,6.246988026135189e-05,0.0,1.2520059690532546e-05,6,2
1692,0.000585991494708148,0.0026572545848608737,0.0,0.0,0.0019069502024147461,0.0,1.550243120040768e-05,0.0,0.0,1,4
1693,1.272770248532103e-13,0.0,0.0,4.0145425054094746e-08,1.3784067819284718e-09,1.134826716246495e-08,5.444666527876464e-07,0.0,2.3083173930529383e-07,6,2
1694,6.810256851979641e-16,0.0,0.0,6.79883302472194e-10,2.1576210155210123e-11,2.977274365990112e-10,1.3043134716664898e-08,0.0,7.3318605244228774e-09,6,2
1695,3.0958945750485238e-06,0.0,7.447948759760252e-08,0.0,9.596526256160183e-05,1.093499560289909e-05,3.908537070866981e-06,1.9378137881436343e-06,0.0,4,2
1696,2.557337184936127e-05,0.0,1.113079381624391e-06,0.0,0.00042843147069970345,2.5433783291484932e-05,8.225656384096542e-06,0.0,1.3828986368314396e-05,4,5
1697,2.5852292243656455e-11,2.4853777055909116e-10,0.0,6.047857665318797e-10,2.924264255207012e-08,2.4736768413278288e-08,9.631351202361238e-09,0.0,9.415970269139883e-09,4,2
1698,1.8809534209617825e-12,2.3418442859341518e-11,0.0,7.738737367322808e-11,3.6195566720144285e-09,3.899292435636378e-09,1.4526458494946622e-09,0.0,1.6233748103433807e-09,5,2
1699,4.2061702550601264e-07,0.0,0.0,7.647541523296797e-06,0.00019317199580977702,0.0,0.0,6.381166079762712e-05,0.0618244970947632,8,3
1700,5.274143663779803e-06,0.0,0.0,4.763952542191989e-05,0.0013013105935661506,0.0,0.0,0.00032266619846760616,0.266676140437003,8,3
1701,4.912249169286323e-07,0.0,0.0,0.00015098770416088796,0.000309375695144644,1.020221198639052e-05,0.0,0.0006664891250529655,0.4317516013444701,8,3
1702,5.0314811313785985e-14,0.0,0.0,3.90505530921622e-08,4.270234860312447e-10,9.236602234915256e-09,4.778317844222688e-07,0.0,2.4661119444076388e-09,6,2
1703,1.2270859950451526e-07,0.0,0.0,0.0,2.7593110030760526e-05,7.650832898297798e-07,1.4258696991909071e-06,0.0,6.657391273761061e-06,4,3
1704,0.00010684006010512474,0.00014287793055271203,0.0,4.986530348848855e-06,0.0016401312875345474,0.00019052030692931146,0.0,2.3874886098995172e-05,8.229053524373667e-05,4,2
1705,7.06092109963806e-10,0.0,0.0,0.0,5.870734275615896e-07,0.0,6.988089567461122e-08,1.1838580493812737e-08,2.7113114108175047e-05,8,3
1706,5.164853259740426e-11,0.0,0.0,0.0,7.384485426002785e-08,0.0,1.0748434914259501e-08,2.103604621140115e-09,5.3304718145194595e-06,8,3
1707,3.778186512508242e-12,0.0,0.0,2.5120340084941754e-11,9.321628439066463e-09,0.0,1.4116481695676146e-09,1.3277543974391407e-09,3.7740413692223366e-06,8,3
1708,5.855839754125212e-08,1.4442020029907167e-07,0.0,0.00016517517550960367,2.587468395371672e-05,0.04541053317654378,0.0,0.0,0.0,5,2
1709,7.685869990640559e-07,0.0,0.0,0.0,0.00021682777038565466,0.0,0.0,0.0,9.474920862211223e-05,4,2
1710,7.685869990640559e-07,0.0,0.0,0.0,0.00021682777038565466,0.0,0.0,0.0,9.474920862211223e-05,4,2
1711,1.634068980206354e-07,0.0,0.0,0.0,5.4789788926693715e-05,0.0,1.81045043237251e-06,0.0,4.765028441228492e-06,4,5
1712,0.0014380707222740065,0.0,0.0,0.0,0.08370698264354166,0.0,0.0014339450358377337,0.0,0.0,4,4
1713,0.00011906752020145163,0.0,0.0,0.0,0.012240769233385504,0.0,0.00024461150933257226,0.0,0.0,4,4
1714,7.232607204610935e-05,0.0,0.0,0.0,0.008053927483116601,0.0,0.00019288060846837476,0.0,0.0,4,4
1715,2.0937950075865177e-08,0.0,0.04346735086042051,0.0,1.3186614605206247e-05,0.0,2.9175607042690757e-07,0.0,0.0,2,5
1716,4.876790445174376e-09,0.0,0.0,5.864519149965323e-09,5.530872898030424e-06,0.0,9.725457594400703e-07,0.0,0.00022355239488056622,8,3
1717,9.600371935346904e-09,0.0,0.0,0.0,4.5835555424915285e-06,0.0,4.843398305188897e-07,0.0,5.923328136899062e-05,8,3
1718,0.000740470189871332,0.0,0.0,0.0,0.018760328883481427,0.0,0.0,0.00014782815662850335,0.00010741359263792727,4,4
1719,4.5301568850595543e-13,0.0,0.0,4.2541843641452205e-08,1.9308401087633172e-09,1.3767988001140142e-08,5.976318254375827e-07,0.0,2.656239005497117e-07,6,2
1720,3.8577676127671974e-07,0.0,0.0,6.196485064072836e-06,0.00016364473960383624,0.0,0.0,5.1199869616737434e-05,0.047435759759536525,8,3
1721,4.6256197372720464e-14,0.0,0.0,2.188609599944276e-11,6.226877655637644e-13,3.409041417521587e-11,1.0894438493231412e-09,4.514042252663438e-10,9.649564184921343e-11,6,5
1722,1.0066159120092783e-07,0.0,0.0,8.726905369638726e-07,7.192032075792837e-05,0.0,6.4491316869216055e-06,7.791382726302084e-06,0.010290560245817287,8,5
1723,4.930354490846073e-09,0.0,0.0,6.402573369066803e-09,5.717192258172398e-06,0.0,1.0199721832668617e-06,0.0,0.0002524441253637138,8,1
1724,6.937682674725149e-10,0.0,0.0,4.5172711523710185e-06,4.812395067315264e-06,1.937270520640741e-06,0.0,4.374430525630206e-05,0.057753042303191095,8,3
1725,0.0033644936959010443,0.0,0.0,0.0,0.06207588672354002,0.0014676523991876836,0.0,0.0006267114524309298,0.0,4,5
1726,0.0004055385152929376,0.0,0.0,0.0,0.02501727099613193,0.0,0.00043609182773004065,0.0,0.0006995755306655515,4,5
1727,3.0343967050548788e-05,0.0,0.0,0.0,0.0033830635714779756,0.0,7.435949299705844e-05,0.0,0.00014397270394097216,4,0
1728,1.0395889277190849e-05,0.0,0.0,0.0,0.001670435614595121,0.0,0.0,0.0,0.0005006881209733088,4,5
1729,0.000104630723311316,0.0,0.0,0.0,0.010368197038439464,0.0,0.00021342764021360487,0.0,0.0,4,4
1730,2.860034514782448e-14,0.0,0.0,3.663742619876007e-08,1.058221911180798e-09,0.0,0.0,1.306924320904325e-07,3.3352294618645095e-05,8,3
1731,3.213970491138535e-06,0.0,0.0,2.8241537819466813e-08,3.141165603205448e-05,0.00037478317963534637,8.01720356247174e-06,0.0,0.0,5,2
1732,9.114935076371287e-07,0.0,0.0,3.467858410005075e-07,0.0003496872767844072,0.0,4.0826294516954354e-05,0.0,0.0070589424797898774,8,0
1733,9.114935076371287e-07,0.0,0.0,3.467858410005074e-07,0.00034968727678440714,0.0,4.082629451695444e-05,0.0,0.007058942479789873,8,3
1734,1.5220174652305586e-05,0.0,0.0,0.0,0.0001797207552002714,2.611162566797803e-05,1.5714533795822623e-05,1.0950703322813431e-05,0.0,4,5
1735,1.3305473761025438e-06,1.2257206991268331e-05,0.0,3.490236197649183e-06,0.00012962698703286124,0.0,4.583075704919781e-05,0.0,0.0006567987513292973,8,4
1736,6.70278225737198e-08,0.0,0.0,4.584868913368111e-08,4.466882605635861e-05,0.0,6.448333660744702e-06,0.0,0.0012953709720450765,8,3
1737,3.527546614077629e-07,0.0,0.0,0.0,0.00011784464786375631,0.0,3.7238486193529206e-06,6.918471718401708e-07,0.0018697570312998994,8,3
1738,6.581530149915562e-10,0.0,0.0,8.783099875506165e-07,2.3822906391015407e-06,6.586994121393149e-07,0.0,9.81879776024274e-06,0.011914572680357572,8,5
1739,0.00014288369160029454,0.0,0.0,0.0,0.01348814335312164,0.0,0.0,0.0,0.0029063960856665835,4,4
1740,5.209064973971468e-05,2.769332378097843e-05,0.0,5.467073429732773e-05,0.0019801285299540314,0.00040469946454439114,0.0002429510742025809,0.0,4.8397035516989466e-05,4,2
1741,1.5301174224720254e-05,0.0,0.0,0.0,0.00018252727734453575,2.6771816060931685e-05,1.6079247197897832e-05,1.1224577901699645e-05,0.0,4,2
1742,3.6144212321623075e-09,0.0,0.0,6.663230714689324e-06,9.783356232148346e-06,9.241438649253609e-07,0.0,5.4214938547063384e-05,0.048707445016101886,8,3
1743,7.607399035183743e-09,0.0,0.0,1.4430314310922716e-05,2.012689195217665e-05,2.022301034868092e-06,0.0,0.00011097323351319493,0.09482267744689822,8,3
1744,3.788729500168809e-09,0.0,0.0,5.450522222596863e-06,9.496966918515905e-06,1.0180547008353492e-06,0.0,4.5173815938350965e-05,0.040378623145775484,8,3
1745,5.2073241936264235e-08,0.0,0.0,4.2600978998721865e-05,7.67090136855011e-05,6.5103473618289745e-06,0.0,0.0002916347135787135,0.23397019445899647,8,3
1746,9.114935076371287e-07,0.0,0.0,3.4678584100059287e-07,0.0003496872767844072,0.0,4.082629451695447e-05,0.0,0.007058942479789875,8,3
1747,1.4163417701065429e-05,1.3524180423955842e-05,0.0,5.473391789704643e-06,0.0005643484068462889,0.000767837553723858,0.0,8.30763509970109e-06,4.010042950444879e-05,5,2
1748,0.00021831502166594818,0.0,0.0,3.885903962225826e-06,0.00021785249901523851,0.003735249469069026,5.901767771732227e-05,0.0,0.0,5,4
1749,7.808354853484309e-11,0.0,0.0,6.479995663402336e-06,1.5171192948670416e-07,8.034617874578009e-07,4.520290989179862e-05,0.0,6.054326248886417e-06,6,2
1750,4.7966114712907175e-06,0.0,0.0,0.0,0.000921816068001027,0.0,3.124366268507339e-05,2.9101151350605555e-06,0.010159850093508572,8,3
1751,1.0066159120092783e-07,0.0,0.0,8.726905369638428e-07,7.19203207579284e-05,0.0,6.449131686921591e-06,7.791382726302028e-06,0.010290560245817284,8,3
1752,5.351824563302887e-09,0.0,0.0,1.9398278054363245e-06,6.673611343477004e-06,0.0,1.3251183579977059e-05,0.0,0.00030516658116688393,8,3
1753,2.3548635922152795e-06,0.0,2.1336646968439557e-08,5.574914765821895e-08,0.0,2.4994883500461644e-06,6.5317982882397e-07,0.0,0.0,5,3
1754,3.939434355322483e-09,0.0,0.0,2.4063182676372103e-05,2.7101924924817777e-06,8.170752594989854e-06,0.0,8.86306281294926e-05,2.071818211589236e-07,7,2
1755,1.21567662928095e-10,0.0,0.0008228932080251105,0.0,1.9580655029563608e-07,0.0,6.619755873075901e-09,0.0,0.0,2,4
1756,0.00028764017845896156,0.0,5.325029432167099e-07,1.2443796233751727e-06,0.0,1.417462134004333e-05,9.731481665935172e-06,0.0,0.0,5,0
1757,0.00028622077495271014,0.0,5.254533527207009e-07,1.2274583500068879e-06,0.0,1.3872530030050446e-05,9.53740482030784e-06,0.0,0.0,5,5
1758,2.0928038836620335e-05,0.0,6.450748463171237e-08,1.5265305015002294e-07,0.0,2.222712122509257e-06,1.4762787852072e-06,0.0,0.0,5,5
1759,4.445382000669636e-09,0.0,0.0,0.0,4.772910239170146e-06,0.0,0.0,4.320896621660715e-08,8.377462586489005e-05,8,5
1760,4.445382000669636e-09,0.0,0.0,0.0,4.772910239170146e-06,0.0,0.0,4.320896621660715e-08,8.377462586489005e-05,8,5
1761,1.2187208635960885e-06,0.0,0.0,0.0003920527961381841,2.3978533555462243e-05,0.0,0.0016537865259512504,0.0024534956078010248,5.1874541924236055e-05,7,1
1762,2.1977525221265706e-08,0.0,0.06350712563709829,0.0,1.4405446380446565e-05,9.448458096693235e-08,2.918575105507439e-07,0.0,1.4760177616265676e-08,2,5
1763,5.327409870584765e-10,2.0682960884966227e-10,0.0,6.960972062322128e-06,5.905712797818106e-07,1.8028226226765172e-06,0.0,2.296199586602619e-05,1.035724298597819e-07,7,2
1764,2.7057302752680543e-05,3.581890960498872e-05,0.0,8.87767633767548e-06,0.0005565105540748296,0.00018044087334059404,6.476301553413393e-05,0.0,7.990258288339992e-05,4,2
1765,4.276365227443357e-15,0.0,0.0,2.4466232258142122e-09,8.724707839875661e-11,1.1999054462986427e-09,4.960767720603627e-08,0.0,2.9741142689794833e-08,6,2
1766,1.599034265062273e-09,0.0,0.007958494829511,0.0,1.5799083671128761e-06,1.2863201985579754e-09,3.730237213665078e-08,0.0,0.0,2,5
1767,5.26853625216633e-11,0.0,0.0,1.4323238400754384e-08,8.390463665087437e-08,0.0,0.0,1.2983447801049012e-07,9.25425153807062e-05,8,3
1768,8.691981336402804e-05,0.0,0.0,0.0,0.009068820187796901,0.0,0.00023217016849533907,0.0,0.009281399152614464,8,3
1769,0.0020464567221077866,0.0026589307666228645,0.0,0.0,0.08393205107021101,0.0,0.0013894227697029804,0.0,0.0,4,4
1770,0.0003161955572736287,0.0001042582785138398,0.0,0.0,0.018348667848427053,0.0,0.0002801229797160611,0.0,0.0011125865604810772,4,4
1771,6.923105396513976e-05,0.0,0.0,0.0,0.007834728018968324,0.0,0.00022293807931007508,0.0,0.010038436727120166,8,3
1772,0.0006161530800684967,0.0006514722418792279,0.0,2.7415913975706778e-05,0.018217757711745986,0.0012258211643332993,0.0,0.00021443893744627827,0.00035793387114599145,4,4
1773,1.0121550988381344e-06,0.0,0.0,1.2194763779644274e-06,0.00042160759754233555,0.0,4.727542620387628e-05,4.727390470175909e-06,0.017349502745959533,8,5
1774,6.305930017043652e-06,6.657903189136878e-09,0.0,0.0,0.0012422812183175659,0.0,0.0,5.325787644371986e-06,0.0024313703482077,8,5
1775,0.002989976255486371,0.0,0.0,0.0,0.05405772858404858,0.0,0.0,0.00037875673326495614,0.0,4,4
1776,7.704147685242973e-06,2.9249947697713976e-05,0.0,6.965933370580284e-06,0.00040489017429766856,0.00010555285118286807,4.6253233063212005e-05,0.0,1.8014808697232962e-05,4,2
1777,3.1793303119475955e-08,1.375592391736128e-07,0.0,1.281011711903575e-07,6.888745027647631e-06,2.688453227801723e-06,1.2067282049202056e-06,0.0,7.652808019146838e-07,4,2
1778,5.943570056253891e-11,0.0,0.0,7.10663596944852e-10,2.8394206623223217e-08,3.9116196016492235e-08,1.3478804119203588e-08,0.0,1.9870926344508508e-09,5,2
1779,0.00026305291456255297,0.0,0.0,0.0,0.0009915324328914673,0.001092199522339148,0.00013438961767958825,0.0,0.0,5,2
1780,4.831906723593308e-09,2.7496679879722197e-08,0.0,3.572303049554232e-08,1.850774661610811e-06,9.468298842260352e-07,4.043114204195032e-07,0.0,2.9846999667487555e-07,4,2
1781,4.445382000669636e-09,0.0,0.0,0.0,4.772910239170146e-06,0.0,0.0,4.320896621660715e-08,8.377462586488994e-05,8,5
1782,4.469039681970862e-09,0.0,0.0,0.0,4.8472218011690175e-06,0.0,0.0,4.4261736129963764e-08,8.634625889673538e-05,8,5
1783,3.2515706438704386e-10,0.0,0.0,0.0,6.001730482314601e-07,0.0,0.0,6.822805411100434e-09,1.4901325459136573e-05,8,5
1784,6.523898902976507e-05,0.0,0.0,0.0,0.000285781124555465,0.0,1.6046097632827812e-05,0.0,0.0010448788189787108,8,5
1785,6.966369649977946e-05,0.0,0.0,0.0,0.0003174167369600926,0.0,1.8144882661155542e-05,0.0,0.0011986584641093918,8,5
1786,1.383517981930392e-06,0.0,0.0,6.821145804150985e-06,0.0005808376177636674,0.0,4.283328190273398e-05,5.006226414443876e-05,0.059627919045324905,8,3
1787,3.4588603521867574e-05,0.0,1.9205683364436897e-07,4.932209420110258e-07,0.0,1.8180168906488024e-05,4.931161043440609e-06,0.0,0.0,5,4
1788,0.00024767663439381575,4.665437724772584e-05,0.0,4.716372322060488e-06,0.00453598392759676,0.0002894402021763544,0.0,3.892220577152825e-05,0.0014311511392651854,4,5
1789,1.53426674113894e-05,0.0,0.0,0.0,0.0011430933509962839,0.0,3.2905029364173566e-05,0.0,0.0,4,1
1790,9.09872068757959e-06,5.0549985666944786e-05,0.0,0.0,0.00021696459306134208,2.1841380531740727e-05,0.0,4.988129343409185e-06,1.8428644403732408e-06,4,2
1791,2.304830409770821e-05,0.0,0.0,0.0,0.00028733855798874716,1.709176809849925e-05,2.331518234171196e-06,0.0,1.729224350636142e-05,4,5
1792,0.0016637609606187176,0.0,0.0,0.0,0.04936776057101704,0.0,0.0007120533004176389,0.0,0.01656018522795723,4,5
1793,2.7831143261906282e-08,0.0,4.2819435555745236e-08,5.932282424269131e-06,3.0861292344708456e-06,1.2599490178775596e-06,0.0,2.3497558748947804e-05,1.586438724862349e-07,7,5
1794,1.502702469366441e-06,0.0,2.46956855772951e-07,2.2667673310846332e-06,2.166386930183098e-05,6.2744336213051795e-06,8.397383806964667e-06,1.9923289793528555e-05,0.0,4,5
1795,4.236510415674384e-07,1.3705872889694937e-06,0.0,1.545116048594599e-06,4.8952935163325184e-05,1.3870263055833937e-05,5.53125958572296e-06,2.1076969525561865e-06,3.37335433965131e-06,4,2
1796,0.0013596295485372094,0.0,3.604583611595841e-06,9.517789160727054e-06,0.0,0.0002250085604354471,2.4152875281220094e-05,1.5795686768051876e-06,2.929221712177471e-05,5,4
1797,2.7721891844928124e-07,2.4807291266711203e-07,0.0,9.098271301386449e-07,3.082748084785183e-05,1.0262711827407872e-05,5.646383582113562e-06,0.0,1.446878734624994e-06,4,2
1798,0.0025427355543709554,0.0,0.0,0.0,0.0526901471654397,0.0006485254984859799,0.0011346838467656212,0.0,0.0,4,2
1799,2.2149283019112236e-11,0.0,0.0,2.8977579337470318e-05,9.206972520763864e-08,0.0,0.00045177640524427946,4.427473139875129e-05,2.3442963246061988e-05,6,0
1800,6.620020225737174e-07,4.763066599709876e-06,0.0,0.0,2.6646539768602938e-05,3.4251697008759503e-06,0.0,7.713271120850295e-07,2.948478185857834e-07,4,2
1801,6.367984849481724e-05,0.0,0.0,0.0,0.0043973193130786925,0.0,0.0001193831906855522,0.0,1.117295203039526e-05,4,4
1802,5.672842929020092e-06,1.4034347961275146e-05,0.0,6.520527210928082e-06,0.000375886844083919,7.914555685251037e-05,3.981336045107566e-05,0.0,1.7554261551711423e-05,4,2
1803,4.4539049713876814e-11,0.0,0.0,7.20479396106109e-07,2.5777589745572868e-08,5.537672979382723e-06,0.0,8.347398871040045e-06,0.0,7,2
1804,5.7027315440711005e-06,1.4159051549163448e-05,0.0,6.541293046761294e-06,0.00038172034294649797,8.110716162609149e-05,4.089018433509854e-05,0.0,1.808124669216294e-05,4,2
1805,8.324543597431014e-09,0.0,0.0,4.2572381487124935e-05,1.6454770533288432e-06,0.0002114055800691381,0.0,0.00033112265993966405,0.0,7,4
1806,4.6317388928620804e-10,0.0,0.0,3.580235044179714e-05,9.897105788722572e-07,0.0,0.00015311977437911677,0.0,6.0215589060804175e-05,6,3
1807,0.000632169623327272,0.0,0.0,0.0,0.007298762705210347,0.00014966208201673016,0.00020833163901401032,0.0,0.0,4,4
1808,1.502702469366441e-06,0.0,2.469568557746857e-07,2.2667673310844198e-06,2.1663869301829182e-05,6.274433621309525e-06,8.397383806963292e-06,1.992328979352819e-05,0.0,4,5
1809,2.7664583917821872e-05,0.0,0.0,0.0,0.0015186271138671386,0.00011182271270908205,1.0251552272646901e-05,1.2823825274766869e-05,4.670862523700285e-05,4,2
1810,0.002862312019675691,8.685141740259155e-05,0.0,0.0,0.052584655294597715,0.0015287974353384072,0.0,0.0007113676216430762,0.00014585257350812898,4,2
1811,9.679892943074283e-10,0.0,0.0,0.00017469512006813628,9.948176123204636e-07,0.0,0.0005622512051049747,0.0,1.4069633536363109e-05,6,1
1812,2.3386580612882407e-14,0.0,0.0,1.592185556916348e-12,5.7406531085808815e-11,1.7024894832554512e-10,5.08715197293334e-11,0.0,1.1496300424298317e-11,5,2
1813,7.909977032355643e-09,7.822834434882808e-08,0.0,0.0,3.5226358949999698e-06,0.0,1.9231656363219224e-07,0.0,0.0,4,5
1814,3.3810887603893713e-06,0.0,0.0,0.0,0.00011558835735190437,3.639484648646017e-06,4.8843625051664335e-06,0.0,0.0,4,1
1815,1.7301246977431925e-09,0.0,0.0,0.00012970864415635884,1.7319746954493166e-06,1.2466478136466684e-05,0.0007780617955575088,0.0,2.1665642042599403e-06,6,3
1816,0.00011595964748568805,0.0,0.0,0.0,0.005404479966741823,0.0,0.0001338792154064955,0.0,0.0026256931979638408,4,4
1817,6.08915233800214e-10,0.0,0.0,5.539045090887867e-06,2.060011276526133e-07,3.422653780014835e-05,0.0,5.2588825090101e-05,0.0,7,2
1818,0.0035081426506879065,0.0,0.0,0.0,0.0023450516628749267,0.001419155463334663,0.0002289036934214496,1.0375856573064089e-06,9.143201269138822e-05,4,4
1819,1.256356169624141e-06,0.0,0.0,0.0,0.0001522539416408261,1.0796980198503053e-05,3.921588970283653e-06,0.0,1.6483446663945026e-06,4,0
1820,2.0903021399624348e-05,0.0,0.0,0.0,0.003393719201823051,0.0,0.0,0.0,0.0010330157661728038,4,5
1821,9.668171299763124e-05,0.0,0.0,0.0,0.002585635171447878,0.0,7.762470303441076e-05,0.0,0.005010386877731947,8,4
1822,7.367581261992857e-11,0.0,0.0,2.3730611878357845e-05,1.3857121842218912e-07,0.0,9.281893683443877e-05,0.0,4.556736347319751e-06,6,3
1823,3.859584017353922e-06,0.0,0.0,1.66028371057413e-06,0.0001307518742553414,7.188178627749927e-05,0.0,0.0,0.0,4,2
1824,1.81511908983995e-05,0.0,0.0,0.0,0.003188990945126524,0.0,0.0,0.0,0.0010695277521785428,4,4
1825,0.0019255907473164132,0.0,5.786485673269254e-06,1.5195134180579958e-05,0.0,0.0,0.0,7.082319127132635e-07,0.0,3,4
1826,5.824416423667858e-19,0.0,0.0,3.6045696326596065e-12,1.0046436342265786e-13,3.258433859529225e-12,1.2249563545308804e-10,0.0,1.1117972193993368e-10,6,2
1827,0.0001371068722755615,0.0,6.049070612481642e-07,1.6168986441245243e-06,0.0,0.0,0.0,8.538386037660207e-07,0.0,3,3
1828,1.1915153755006963e-10,0.0,0.0,9.200806220433203e-05,3.574920446534863e-07,0.0,0.0014000138890693818,0.00022566045756157156,0.00045955648305650264,6,1
1829,6.026819514354451e-13,0.0,0.0,5.237129922970152e-07,4.224135307144864e-09,0.0,3.06119373892185e-06,0.0,5.184391155584317e-07,6,1
1830,0.0007355079975888656,0.0,0.0,4.052794669272746e-05,0.007119700430382586,0.0006070612006409317,8.425944339591351e-05,0.0,0.0017685383155908103,4,4
1831,1.3816178012142565e-07,0.0,1.9043498989167025e-08,0.0,6.9064548045982854e-06,7.697168383615648e-07,1.0519921003283171e-07,1.078275244804131e-08,0.0,4,4
1832,9.741754744854323e-14,0.0,0.0,2.898758836961574e-09,2.2546408867243185e-09,4.944496166818328e-10,0.0,4.1411819385434235e-08,4.618672127867743e-05,8,4
1833,0.0004331974770185897,0.0,0.0,0.0,0.0010126932300278113,0.0001651667936561674,0.0,7.88735414030643e-06,0.0,4,2
1834,1.0087421507215301e-10,0.0,0.0,7.330219099630963e-09,2.338241528982497e-10,5.392123263928084e-09,2.0196295043773874e-07,7.19436632209809e-08,1.086459815492689e-08,6,5
1835,1.71799336269016e-08,0.0,0.0,3.5582859227059283e-07,1.1761062913743054e-08,1.5732831658819543e-07,6.565052111334479e-06,2.0985296591886927e-06,2.5105372222758326e-07,6,1
1836,2.710198480334655e-12,0.0,0.0,3.06635101198061e-05,0.0,0.0,0.0,1.7119747501980253e-05,2.2876853362553492e-05,3,3
1837,1.398298244441528e-08,1.0617498503398051e-07,0.0,0.00010975754402082497,9.827345996817856e-06,7.326417186909759e-06,0.000631532361950715,0.0,0.0003324570215775646,6,3
1838,0.00032881633424662176,0.00016193090467671523,0.0,0.0,0.008327645214433488,0.0004208713629229064,0.0,0.00012970154203492627,0.00012278482555324214,4,4
1839,1.3247552829800594e-12,0.0,0.0,2.1914778006200496e-08,1.7655487657489167e-08,2.992398671922445e-09,0.0,2.5449104355287113e-07,0.0002516828245170422,8,3
1840,6.713948373690543e-12,0.0,4.5253109093073384e-11,5.134969455827649e-06,2.3602807357033755e-08,0.0,1.25399568023062e-05,0.0,0.00010383052710740293,8,3
1841,5.71468602131149e-06,0.0,0.0,0.0,0.00025103627534650905,0.0,9.693602790981735e-06,0.0,0.0002675749686635274,8,5
1842,7.441541407381982e-11,9.51100633081772e-10,0.0,1.8265850039979568e-06,1.5226988253553917e-07,1.8659861577765197e-07,1.4753507578799256e-05,0.0,1.0206584188302388e-05,6,3
1843,4.157874314841136e-07,0.0,0.0,0.0,3.109798736497097e-05,0.0,1.4549646672339514e-06,0.0,4.616201985368527e-05,8,5
1844,1.1220073959610449e-05,0.0,0.0,0.0,0.0019136252959215951,0.0,0.0,0.0,0.0006111415347624622,4,4
1845,8.465336867489609e-05,0.0,0.0,0.0,0.009111300447199957,0.0,0.0,0.0,0.002267053928670327,4,4
1846,0.00014287957940547493,0.0,0.0,0.0,0.013484713725427014,0.0,0.0,0.0,0.002903399935418824,4,4
1847,0.0002552444030293052,0.0,0.0,0.0,0.0003000728148651543,0.00022344929153049437,3.449173894292334e-05,3.7505239797291176e-07,1.6269509604659398e-05,4,4
1848,8.892300509456366e-09,0.0,0.0,7.309983156937675e-05,1.7841509787898494e-06,0.0002373564700008491,0.0,0.0005453711164983279,0.0,7,2
1849,2.916283189188531e-07,0.0,0.0,0.0,6.0932691749765595e-06,1.3589764462087238e-05,1.4845445100998063e-06,0.0,0.0,5,4
1850,0.0003766008556697379,0.0,0.0,0.0,0.004050734330359855,0.00018582118817887195,0.0,4.8963976326230215e-05,0.0,4,2
1851,9.241902320085181e-11,0.0,0.0,6.1304959419088016e-09,1.9693015756322906e-10,4.24053436932534e-09,1.6117477840394083e-07,5.660331223995239e-08,8.251874876702309e-09,6,5
1852,1.338931037220041e-12,0.0,0.0,2.265653339195682e-08,1.821367958828715e-08,3.147874225920728e-09,0.0,2.6732184534202847e-07,0.0002676246535821758,8,3
1853,2.0547498311818815e-09,0.0,6.467243328019061e-09,8.600859448730735e-07,4.4940293917509527e-07,2.466475518210517e-07,0.0,4.5357372280407656e-06,3.331613411613536e-08,7,5
1854,1.3864403373801462e-09,0.0,0.0,5.7292819961056196e-08,1.8676113936262404e-09,3.41801617194834e-08,1.3367114066389537e-06,4.561878930026247e-07,6.291808791644614e-08,6,5
1855,3.151845361639702e-05,0.0,0.0,0.0,0.00012658718458121509,2.5918223523930537e-05,0.0,1.216175707984893e-06,0.0,4,2
1856,6.056746748685804e-10,0.0,0.0,5.446864350826929e-06,2.0282513691888816e-07,3.335287145930762e-05,0.0,5.12956111274642e-05,0.0,7,4
1857,4.6865542989392567e-11,0.0,0.0,0.00010420317750307301,3.176240483582164e-08,7.280753617933979e-07,0.0,0.00023823049755042374,0.0011524077305212345,8,1
1858,6.524121646306819e-13,0.0,0.0,1.0664519898598207e-05,0.0,1.664617970231786e-07,0.0,7.877973018527554e-05,0.0,7,1
1859,1.7473678797351846e-08,0.0,0.0,3.7654236111156996e-07,1.2423285724088e-08,1.722767127649623e-07,7.127454936850522e-06,2.298002506240329e-06,2.808614648086118e-07,6,5
1860,8.07735610942548e-14,0.0,0.0,1.1105515851692025e-06,0.0,0.0,2.8841913113648313e-06,5.693408799159724e-06,1.380531600209457e-06,7,1
1861,1.177080357039525e-09,0.0,0.0,0.00022725305703462273,1.503013090034975e-06,0.0,0.0007755643101339696,0.0,4.4733678177903185e-05,6,1
1862,6.056746748685804e-10,0.0,0.0,5.446864350826929e-06,2.0282513691911305e-07,3.3352871459306276e-05,0.0,5.129561112746415e-05,0.0,7,4
1863,0.002870632138703519,0.0,7.492187165642714e-06,2.1260429180531134e-05,0.0,0.0,0.0,1.5608570749253998e-05,6.911941253772708e-05,8,4
1864,0.0002320444974093506,0.0,0.0,0.0,0.0007261661193859407,0.000634010842750254,8.500517881169497e-05,0.0,0.0,4,2
1865,2.3435576947681353e-13,0.0,0.0,5.0821079391912746e-06,0.0,0.0,0.0,4.371666887628102e-06,8.480894591735513e-06,8,1
1866,2.1251019682272015e-11,0.0,0.0,0.00020107940028940167,0.0,0.0,0.0,0.00022035584015103093,0.0,7,1
1867,4.0020511274502704e-18,0.0,0.0,1.4088281375665122e-11,4.0823911103759757e-13,1.0330048729568864e-11,4.0547049631928016e-10,0.0,3.222278129392977e-10,6,2
1868,0.0017935280966469185,0.0,0.0,0.0,0.02581511450713248,0.0,0.0005939831098127095,0.0,0.02890667924361375,8,4
1869,0.0005500427623787722,0.0,0.0,0.0,0.0,0.00018906259160959677,6.710657380830239e-05,0.0,0.0,5,3
1870,0.0018077888066725062,0.0,0.0,0.0,0.010118859065419098,0.0003077631681046238,0.0,8.257849081036191e-05,0.00039928535891338164,4,4
1871,0.0016202674919920212,0.0,0.0,0.0,0.0036844455898482407,0.0,0.00015940629996711854,0.0,0.008383217623238393,8,4
1872,7.567050852961205e-14,0.0,0.0,9.992968823691965e-07,0.0,0.0,2.557358548003721e-06,5.0352132573766245e-06,1.2088481752577866e-06,7,1
1873,0.0003549192802481089,0.0,5.61150101851715e-07,1.053505562044552e-06,0.0,0.0001878259983684674,5.665635105113529e-05,0.0,0.0,5,4
1874,2.1870163657507256e-11,0.0,2.063607472767716e-10,2.8627067299161823e-08,1.3985914859329388e-08,1.2559850028935277e-08,0.0,2.2299603755132384e-07,2.0246435898226978e-09,7,0
1875,2.1364027950159605e-20,0.0,0.0,2.344570640145688e-13,6.2755698011357234e-15,2.6366373298347304e-13,9.472313483267526e-12,0.0,9.892501750142303e-12,8,2
1876,0.0005210704820294094,0.0014801323845020683,0.0,0.0,3.583944092459352e-05,0.0,0.0,7.949133755325449e-06,0.0,1,4
1877,0.002716734117073332,0.0,0.0,0.0,0.011091537800554557,0.000323294914002301,0.0001497782777927406,0.0,0.0,4,4
1878,5.663472579575652e-10,0.0,0.0,8.889579400732445e-07,1.6769426543603906e-07,1.686709772228828e-05,0.0,8.85118898916178e-06,0.0,5,2
1879,1.7010428440317474e-08,0.0,0.0,1.9262570748746072e-05,4.615759684184558e-08,0.0,0.00024092225156141365,6.944568398782354e-05,2.8523472842539907e-06,6,1
1880,2.3386580612882407e-14,0.0,0.0,1.5921855568501726e-12,5.7406531085946934e-11,1.7024894866502226e-10,5.087151968636948e-11,0.0,1.1496301187361363e-11,5,2
1881,0.0007732256849604747,0.00016914782419232861,0.0,0.0,0.024462343575047313,0.0010101688180227508,0.0,0.0004057951127314471,0.0002713680043645015,4,5
1882,1.0619867752129032e-05,0.0,0.0,0.0,0.0017782415872902768,0.0,0.0,0.0,0.000566519569795523,4,4
1883,0.00018500359969955528,0.0,0.0,0.0,0.0065308958781681225,9.603446676214599e-05,0.00016941024572336016,0.0,0.0,4,4
1884,9.705005798713338e-07,0.0,0.0,0.0,0.0,1.5633946652191064e-06,5.096114187009099e-07,0.0,0.0,5,4
1885,0.00020997212815622703,0.0,9.309992929752736e-07,2.697896690399289e-06,0.0,0.0,0.0,2.465128251397729e-06,1.2838961298302045e-05,8,4
1886,0.00014010156077352056,0.0,7.102543675596701e-07,1.9002224703449038e-06,0.0,0.0,0.0,1.0144216295249012e-07,0.0,3,4
1887,2.4535418599912533e-05,0.0,0.0,5.667706515373778e-05,0.0016234287782929838,0.00021343276008633767,0.00025260898043173453,0.0,7.70659748290195e-05,4,2
1888,2.4535418599912533e-05,0.0,0.0,5.6677065153738e-05,0.0016234287782929838,0.00021343276008633854,0.00025260898043173545,0.0,7.706597482901843e-05,4,2
1889,6.103438061476492e-12,0.0,0.0,2.1114758071171196e-05,0.0,0.0,3.417207440934381e-05,6.194900989854117e-05,1.0693664137012145e-05,7,1
1890,5.663726123882121e-12,0.0,0.0,1.8495990911518334e-05,0.0,0.0,2.923671552709138e-05,5.2776137573134245e-05,8.96025381329182e-06,7,1
1891,6.043510265935408e-12,0.0,0.0,2.0468134230523873e-05,0.0,0.0,3.2664646788208716e-05,5.9033710745137944e-05,1.0043848409412396e-05,7,1
1892,0.0002108734424042807,0.0,0.0,0.0,0.009227520973492505,0.0,0.00022013063519355042,0.0,0.0,4,0
1893,1.4407229628863637e-11,0.0,0.0,2.107811690323532e-05,6.142606014146545e-08,0.0,0.00031321098306958084,0.0001039763436052324,0.000280628610982824,6,0
1894,1.2718074405656797e-10,0.0,0.0,1.712420712037646e-05,2.1774077160954273e-07,2.0618862944559186e-06,0.00012279536031044365,0.0,3.996187622469039e-07,6,3
1895,2.9276174107162936e-19,0.0,0.0,1.8325029796335267e-12,5.1009316129911026e-14,1.6712701618870173e-12,6.269346093216577e-11,0.0,5.7319405749047123e-11,6,2
1896,5.773929009380933e-05,0.0,0.0,5.93792138281013e-06,0.0010108168755598142,0.00011708688868663864,1.4743851802648989e-05,0.0,0.0003697420673964398,4,2
1897,1.4113079771876373e-09,0.0,0.0,7.997568844320477e-05,0.0,0.0,0.0,0.0001330347456115241,0.0,7,3
1898,2.0816212292101174e-05,0.0,0.0,4.204100550322773e-05,0.0012120186415613627,0.00014092753454414858,0.00017536634569472023,0.0,5.0853859673238076e-05,4,4
1899,1.514539803216156e-06,0.0,0.0,5.37840382306438e-06,0.00015012331286883395,2.209120286022478e-05,2.644151837251713e-05,0.0,8.6998812917147e-06,4,4
1900,1.0803462228302848e-06,1.323516364478052e-06,0.0,3.937769121326953e-05,7.805725082550461e-05,0.002489029759697116,0.0,0.0,2.6274253504405066e-06,5,4
1901,1.5766280283721927e-15,0.0,0.0,1.976160691139244e-10,1.763987344158237e-10,2.64276456972693e-10,0.0,5.428125963655022e-09,1.3117454324869785e-05,8,3
1902,3.214309915977314e-13,0.0,0.0,1.2444488391417751e-11,4.636411720108174e-10,1.0794486671398527e-09,3.372248425681528e-10,0.0,6.669528997921949e-11,5,2
1903,1.023912336365572e-08,0.0,0.0,0.00026076341429440045,1.986286820734055e-06,0.00030149380971574916,0.0,0.0015936672211766757,0.0,7,2
1904,9.535559429697497e-09,0.0,0.0,7.948503937595667e-05,2.0047617757425813e-06,0.0002741223133771713,0.0,0.0006061615138712963,0.0,7,2
1905,7.784017767550045e-09,0.0,0.0,6.948045765269909e-06,1.3554455462588203e-06,0.00010691144267695909,0.0,5.712830677855836e-05,0.0,5,2
1906,1.3697027775896024e-09,0.0,0.0,1.906391800189186e-05,5.757821034332592e-07,7.965045225216668e-05,5.522831691477777e-06,0.00011731993100981821,0.0,7,2
1907,9.768187027196367e-09,0.0,0.0,9.254670497202468e-05,2.6629205018802588e-06,0.00025042904470744693,0.00011002712917305188,0.0003656665939857027,0.0,7,2
1908,8.957692691565245e-09,0.0,0.0,5.401668370052493e-05,1.9424916900678674e-06,0.00024186663296553966,0.0,0.0003733239854577682,0.0,7,2
1909,4.393316001063788e-05,0.0,0.0,0.0,0.0019418385807518953,9.918215549366464e-05,8.548105929040946e-05,0.0,0.0,4,4
1910,1.4044576575859566e-09,0.0,0.0,0.0005049815048639185,2.3086856317196736e-06,0.0,0.006459686991037861,0.0005581877760211941,3.122856394744056e-05,6,0
1911,3.477458197966286e-10,0.0,0.0,1.2334531765942423e-05,9.601936715788851e-07,7.410922545297701e-08,0.0,3.5594386239668766e-05,0.0031452167361095086,8,3
1912,0.0003151046906390623,0.0,0.0,0.0,0.0022779723126888397,0.00010748593830151322,1.568096956306176e-05,0.0,9.780894558854893e-05,4,5
1913,3.256484270430837e-06,0.0,0.0,9.679845011329347e-07,8.079217758349478e-05,5.727987283796285e-05,0.0,0.0,0.0,4,2
1914,1.3338801698907598e-05,0.0,0.0,0.0,0.0,9.913408671315956e-06,3.374579479086218e-06,0.0,0.0,5,5
1915,3.3835011984799633e-15,0.0,0.0,2.847574561597015e-12,7.794588083722495e-14,5.519146861032802e-12,1.6854035209986315e-10,7.281663922996264e-11,1.71860540251916e-11,6,5
1916,4.0019530811058155e-18,0.0,0.0,1.4084828648996566e-11,4.081534396063741e-13,1.0324256543237993e-11,4.0527884434548977e-10,0.0,3.2196997986541776e-10,6,2
1917,1.2702300743092993e-09,0.0,0.0,4.7915831722309906e-08,1.5705755839930994e-09,2.6880527056838074e-08,1.0667507520416109e-06,3.588274314923593e-07,4.778603457608885e-08,6,5
1918,2.02493007970174e-09,0.0,5.3657693568176896e-09,7.589970462336408e-07,3.820572163635884e-07,1.9840324616547085e-07,0.0,3.6392086485653177e-06,2.715295464771513e-08,7,2
1919,0.0001444167531681435,0.0,0.0,0.0,0.013918367548750931,0.0,0.0,0.0,0.0030928923253367565,4,4
1920,2.6201059650883468e-05,0.0,0.0,0.0,0.0003298587901283389,3.271595982767901e-05,1.0547963719363419e-06,0.0,0.0,4,5
1921,2.6201059650883468e-05,0.0,0.0,0.0,0.000329858790128339,3.2715959827679685e-05,1.0547963719361414e-06,0.0,0.0,4,5
1922,2.7385933362709077e-08,0.0,4.712747282278522e-08,6.114893343032666e-06,3.322261127576093e-06,1.355606383926051e-06,0.0,2.5472182690520216e-05,1.6389115454766546e-07,7,0
1923,1.437144743925696e-10,0.0,0.0,4.569327777138441e-05,2.55924403975823e-07,0.0,0.00017565124684640636,0.0,6.851148789470453e-06,6,1
1924,4.607261372354309e-08,0.0,2.2508559128635614e-07,5.042026378620862e-07,1.2053323830164752e-05,0.0,2.651041326176237e-07,2.9711774705012324e-06,0.0,4,5
1925,7.726771897690857e-07,0.0,0.0,0.0,0.0002202031013390663,0.0,0.0,0.0,9.765016385690228e-05,4,2
1926,1.6397269287253493e-06,1.6625612919118602e-06,0.0,0.00010016663313246219,0.00012365081264243733,0.0005781925155175843,3.153690054917689e-05,0.0,5.109131590570316e-06,5,0
1927,4.9742219876210395e-09,2.8467251458709005e-08,0.0,3.7206489171190947e-08,1.9265700218874736e-06,9.881886534835308e-07,4.2189199528308636e-07,0.0,3.114448092718136e-07,4,2
1928,1.998446191901418e-05,0.0,0.0,0.0,0.00012910968986920172,0.0002618665261137351,2.155498162095663e-05,0.0,0.0,5,2
1929,3.706272159785459e-05,0.0,0.0,0.0,0.00022006713232998972,0.0003295325687797172,3.4224116690892575e-05,0.0,0.0,5,2
1930,0.0008752316988841683,0.0,0.0,0.0,0.03549554230631508,0.0,0.0007991625704484611,0.0,7.79001679797521e-05,4,2
1931,6.976233267686495e-14,0.0,0.0,8.548442667666495e-07,0.0,0.0,2.1114014477313504e-06,4.128729272118245e-06,9.632766159277712e-07,7,5
1932,0.0003692936286825501,0.0,0.0,0.0,0.009986739943632238,0.0002950613288730566,0.0,0.00014956473280435507,0.0,4,4
1933,0.0029597083240017136,0.0,0.0,0.0,0.05118907213818748,0.0013673807684436564,0.0,0.0006403065227534404,0.0001423888777106601,4,5
1934,0.002115955291077957,0.0,0.0,0.0,0.0293556618084896,0.0005640827674005258,0.0,0.000328672400593119,0.0,4,4
1935,9.965642844721573e-11,0.0,0.0,2.43910662295403e-06,7.08765440941829e-08,1.2566228189596138e-05,8.298755668115481e-07,1.817895194166713e-05,0.0,7,2
1936,2.39587313501006e-13,0.0,0.0,1.2406648926754424e-08,4.099716306705122e-10,1.4906476803181074e-07,0.0,2.1604326810309176e-07,0.0,7,4
1937,0.0005380015003331835,0.0,0.0,0.0,0.0037940018929159603,0.0,5.4175290554554614e-05,0.0,0.00553937510271363,8,4
1938,1.0227839861641613e-09,1.0093943130698096e-08,0.0,1.4276481014844873e-05,1.2327094175901277e-06,1.1838753279294228e-06,9.764722583820446e-05,0.0,5.9139085294493166e-05,6,3
1939,0.004519333598398175,0.0017185577272727445,0.0,0.0,0.0672239469263218,0.0027177612582994313,0.0,0.0008401228950824554,0.0007352555159829602,4,4
1940,7.339473521981501e-05,4.2021138307141784e-05,0.0,0.0,0.00026708412046743595,0.0,0.0,5.232695161057408e-06,5.739039247278489e-06,4,5
1941,4.394441025793126e-12,0.0,0.0,9.56740106193195e-11,3.6871284396092617e-09,6.674498610740189e-09,2.184629730791437e-09,0.0,3.757920503677408e-10,5,2
1942,1.0218511401557782e-10,0.0,0.0,6.46091610349064e-05,2.747840198534826e-07,0.0,0.0009760002913745172,9.254105474292725e-05,5.417234274945194e-06,6,0
1943,1.037966450034223e-10,0.0,0.0,6.831665739359731e-05,2.855484561225764e-07,0.0,0.0010442596144971223,9.982588281499063e-05,9.464984944594646e-06,6,1
1944,1.540525048858795e-09,0.0,0.0,0.00023829988443557873,2.2623672812401948e-06,0.0,0.0008297909344208651,0.0,9.231636471555167e-05,6,1
1945,3.352137570658591e-09,0.0,2.8206596878569826e-08,6.450846330583019e-08,1.492502881974284e-06,0.0,3.958701482406212e-08,4.6038376932113895e-07,0.0,4,5
1946,1.71799336269016e-08,0.0,0.0,3.5582859227059553e-07,1.1761062913743054e-08,1.5732831658835838e-07,6.565052111334565e-06,2.098529659188675e-06,2.510537222271121e-07,6,1
1947,2.3109730039849242e-07,0.0,0.0,2.595641016037923e-06,8.410672479243956e-08,8.950952512241791e-07,3.937439421806516e-05,1.1915012574190812e-05,1.27336327766322e-06,6,1
1948,2.2457251569130267e-13,0.0,0.0,4.4364483819417495e-06,0.0,0.0,0.0,3.099143684364059e-06,1.685289374895906e-05,8,3
1949,8.835900154726656e-13,0.0,0.0,5.700598768479561e-06,0.0,0.0,1.1484340766732064e-05,2.1677623304353145e-05,4.415028033258411e-06,7,5
1950,0.0003694709029205534,0.0,0.0,0.0,0.008937225566745224,0.00013380739453796038,0.00022112350916871776,0.0,0.0,4,4
1951,1.727235265010247e-08,0.0,0.0,3.6195908821250365e-07,1.195799307130639e-08,1.615688509569097e-07,6.726226889738274e-06,2.155132971428667e-06,2.593055971050609e-07,6,1
1952,4.501950622770516e-11,0.0,0.0,7.455026595538041e-07,2.6603943873349804e-08,5.83970724012825e-06,0.0,8.784932854627914e-06,0.0,7,2
1953,0.0038526180454657834,0.0,0.0,0.0,0.049637704272186764,9.059761736778171e-05,0.0,0.0004727471928479829,0.0,4,5
1954,1.4199653374209245e-12,0.0,0.0,1.0456390025756674e-05,0.0,0.0,0.0,4.217086534779111e-05,0.0,7,3
1955,5.360482946203485e-12,0.0,0.0,3.0361803540320034e-06,1.663720866549282e-08,0.0,1.4024121658096855e-05,0.0,7.867645059190681e-07,6,0
1956,4.00821225306276e-06,0.0,0.0,0.0,4.9122845830318276e-05,8.617493417686041e-05,9.87034829808715e-06,0.0,0.0,5,4
1957,3.0702416946668643e-12,0.0,0.0,3.4107411364979776e-05,0.0,0.0,0.0,1.9574504437242397e-05,9.474465668975497e-05,8,3
1958,3.08238768964853e-08,1.2914343004983678e-07,0.0,1.9773037849387654e-07,6.055699144008189e-06,2.1826864289801317e-06,8.330060858712747e-07,3.3133214308759425e-07,5.788450654113647e-07,4,4
1959,1.33796736630447e-07,0.0,0.0,0.0,3.3515539758429374e-06,1.463028974114438e-05,9.424636970027144e-07,0.0,0.0,5,2
1960,6.154663583967043e-10,0.0,0.0,5.729836568496343e-06,2.1255743449829074e-07,3.6069789278963865e-05,0.0,5.5311672349993605e-05,0.0,7,4
1961,0.0006038282939161018,0.0,0.0,0.0,0.01566982620449465,0.0006404501156935169,0.0005699483216966274,0.0,0.0,4,4
1962,4.135627684513457e-07,0.0,0.0,0.0,3.060581066017593e-05,0.0,1.4204998443269565e-06,0.0,4.4699295764620626e-05,8,5
1963,1.8207766595696096e-11,0.0,0.0,1.7128465380442184e-07,1.4262517780372672e-07,1.9075418799165244e-08,0.0,1.6428404248265306e-06,0.0014583526980905383,8,3
1964,0.00023351884313225745,0.0,0.0,0.0,0.0007481574791140892,0.000658096245207613,8.986836388240767e-05,0.0,0.0,4,2
1965,8.96691503186167e-12,0.0,0.0,8.335327712381005e-05,0.0,1.0564714999583464e-06,0.0,0.000508597018459812,0.0,7,4
1966,8.8411108133428e-09,0.0,0.0,4.990642032134915e-05,1.7904106712159467e-06,0.00023303857039580527,0.0,0.00039241425309728835,0.0,7,1
1967,2.7060364958005403e-11,0.0,0.0,0.00018009194218019192,0.0,0.0,0.0,0.0005537275455936406,0.0,7,4
1968,0.000624697179679115,0.0,0.0,0.0,0.03487292211564725,0.0,0.0006616470276555631,0.0,0.0009084055805985972,4,4
1969,3.292947629792531e-12,0.0,0.0,9.69696584783924e-08,3.3282483119646653e-09,9.448353863598517e-07,0.0,1.39447345756703e-06,0.0,7,4
1970,1.968849629894419e-12,0.0,0.0,2.304161476567176e-05,0.0,0.0,0.0,8.575007392365646e-05,0.0,7,4
1971,4.023282810655154e-05,0.0,0.0,0.0,0.0,3.0562441941266965e-05,1.0377814925832135e-05,0.0,0.0,5,1
1972,0.00046881901225652884,0.0,0.0,0.0,0.004713302555527644,0.0,0.0,2.5345958578239018e-05,0.0,4,4
1973,4.650368326231444e-14,0.0,0.0,2.225648807367324e-11,6.324330971384e-13,3.498337238743368e-11,1.1155033213204894e-09,4.631356553572407e-10,9.955349698489545e-11,6,5
1974,1.0871669452414978e-07,8.302301894803419e-07,0.0,0.0,2.8480408792507872e-05,0.0,1.2802854062163517e-06,0.0,0.0,4,5
1975,1.4863193513118829e-06,8.732927934899383e-06,0.0,0.0,0.0002268080985454225,0.0,8.341571477647035e-06,0.0,0.0,4,4
1976,2.0007622612706632e-10,0.0,0.0,0.0001570335189215776,4.94095316428663e-07,0.0,0.0019214402038632422,0.00016505638975690976,0.000126006245700518,6,5
1977,1.527708985651421e-05,0.0,1.1504618637320688e-07,3.403919038585111e-07,0.0,0.0,0.0,3.807913680861208e-07,2.253680931597676e-06,8,4
1978,0.0028676117812589615,0.0,0.0,0.0,0.07217540559657727,0.0,0.0014098969208753544,0.0,0.0,4,4
1979,7.567050895312852e-14,0.0,0.0,9.992968823692022e-07,0.0,0.0,2.557358548003549e-06,5.035213257376588e-06,1.2088481752586698e-06,7,1
1980,2.4302478445755428e-09,0.0,0.0,1.495380918074098e-07,3.512396887693939e-06,0.0,0.0,1.929925546408884e-06,0.0024155056004064785,8,3
1981,9.955142738449212e-09,0.0,2.2553953872511517e-09,0.0,8.411139436950796e-07,1.0184625871076993e-07,2.8627484693890645e-08,0.0,7.374184363626502e-08,4,3
1982,4.4779918905522065e-11,0.0,0.0,7.330960106269701e-07,2.619397224255279e-08,5.690642472095238e-06,0.0,8.568889586524954e-06,0.0,7,4
1983,8.283410806793325e-12,0.0,0.0,4.0933107735038155e-06,3.484098193046209e-08,0.0,2.0260585096493037e-05,0.0,3.003576150159098e-06,6,1
1984,1.1324657911081725e-10,0.0,0.0,3.146936974482666e-05,2.828326588932154e-07,0.0,0.00013103394851445225,0.0,1.6882475677245137e-05,6,1
1985,2.7664583917821872e-05,0.0,0.0,0.0,0.001518627113867135,0.00011182271270908248,1.0251552272647416e-05,1.2823825274766828e-05,4.6708625237004505e-05,4,0
1986,0.00010668573254855922,0.0,5.034700219594251e-07,1.3580688092716617e-06,0.0,4.206678194702887e-05,4.321275686705973e-06,3.1967309736705724e-07,6.434828688008842e-06,5,4
1987,1.5461753519978277e-12,0.0,0.0,2.572682610186859e-05,0.0,0.0,0.0,3.40950001158189e-05,0.0,7,1
1988,1.5461753519978277e-12,0.0,0.0,2.572682610186859e-05,0.0,0.0,0.0,3.409500011581885e-05,0.0,7,1
1989,4.3950834488669964e-08,0.0,4.0033074542420804e-08,8.59988418175199e-06,3.3600949455957543e-06,1.8095385024496243e-06,0.0,3.215093694444654e-05,2.790547817858529e-07,7,0
1990,5.684109698477433e-06,0.0,0.0,0.0,0.0002470618745424265,0.0,9.46447604794475e-06,0.0,0.00025909781075923315,8,0
1991,2.927248180806951e-06,0.0,0.0,0.0,0.0,4.8198936659062715e-06,1.567180705331846e-06,0.0,0.0,5,3
1992,0.00011788694187227329,0.0,0.0,0.0,0.00046068003254223615,0.0,2.3977911048739763e-05,0.0,0.001446816195667885,8,4
1993,0.001884431002693103,0.0,4.943296727851697e-06,1.2973357568561822e-05,0.0,0.0,0.0,5.5605873514990245e-06,0.0,3,3
1994,4.295427471915366e-05,0.0,0.0,2.645204421996289e-06,3.424035648675218e-06,6.972463055182928e-05,4.7436147605457355e-05,1.1962589725124235e-05,2.339244185982811e-05,5,3
1995,3.1762588576477453e-06,0.0,0.0,2.0287947565493386e-05,6.118112151516494e-07,5.675255278121445e-06,0.0002606024188730137,7.532583217948702e-05,7.368614925676237e-06,6,3
1996,0.0004084478525057961,0.0,1.197704592253705e-06,3.0052755525817114e-06,0.0,8.135237619992832e-05,2.3354695319682497e-05,0.0,0.0,5,4
1997,0.0003549192802481089,0.0,5.61150101851715e-07,1.0535055620445586e-06,0.0,0.00018782599836846686,5.665635105113485e-05,0.0,0.0,5,4
1998,1.3682596139304777e-07,0.0,1.8006025705686194e-08,0.0,6.790229485257688e-06,6.506132563262366e-07,1.9144786224287464e-07,0.0,4.2978226598692694e-07,4,3
1999,9.734743301219901e-09,0.0,0.0,0.0,4.1534465328896985e-07,2.307802882264101e-06,1.4142919265991156e-07,0.0,0.0,5,4
2000,3.240558879117465e-12,0.0,0.0,9.218074006110864e-08,3.1759907332612816e-09,8.73666340841061e-07,0.0,1.2932139626365698e-06,0.0,7,2
2001,0.0006353213963223904,0.0,0.0,0.0,0.007401608444989824,0.0001528161293583984,0.00021257845805530332,0.0,0.0,4,0
2002,2.032879668825417e-09,0.0,6.2608825727191735e-09,8.314588775734594e-07,4.354170243164405e-07,2.3408770179043262e-07,0.0,4.312741190490174e-06,3.1291490539247025e-08,7,1
2003,2.166956817018989e-14,0.0,0.0,1.5445558891000537e-09,1.4249644810293044e-09,1.6761688951387926e-09,0.0,3.5037421548706054e-08,7.60078651649031e-05,8,3
2004,1.0507431316285274e-05,0.0,0.0,0.0,0.0017237082393177245,0.0,0.0,0.0,0.0005328444872820061,4,5
2005,0.0010087555217852024,0.00044596645767345486,0.0,0.0,0.0021518030019645235,0.0,0.0,3.390624409087529e-05,3.3587091839756336e-05,4,5
2006,7.339473521981501e-05,4.2021138307141906e-05,0.0,0.0,0.0002670841204674359,0.0,0.0,5.2326951610574225e-06,5.739039247278855e-06,4,5
2007,1.0052333841504939e-08,0.0,2.3853976478516814e-09,0.0,8.555081247159687e-07,1.206234252398255e-07,1.5584762226926354e-08,1.7313837053625422e-09,0.0,4,5
2008,3.005889809812999e-10,0.0,1.6467339805947192e-09,2.237475728300282e-07,1.1299073853962612e-07,7.969670483748473e-08,0.0,1.4396280892170974e-06,1.1780892429466113e-08,7,0
2009,0.00019766333554473734,0.0,0.0,0.0,0.001380829822643593,4.9574487530989e-05,2.2241366480583618e-05,0.0,0.0,4,2
2010,2.0566494553770364e-09,0.0,0.0,1.0012890197703647e-09,1.0674720772096929e-07,3.4255507129416417e-06,4.1851153904992905e-08,0.0,0.0,5,2
2011,2.710198480334655e-12,0.0,0.0,3.066351011980615e-05,0.0,0.0,0.0,1.7119747501980293e-05,2.2876853362551822e-05,3,3
2012,1.7387509821312296e-09,0.0,0.0,0.00013165220112944847,1.7556796063171187e-06,1.2747799740357939e-05,0.0007941988863321911,0.0,2.225908644603262e-06,6,0
2013,4.00821225306276e-06,0.0,0.0,0.0,4.9122845830318276e-05,8.61749341768603e-05,9.870348298087263e-06,0.0,0.0,5,2
2014,1.1220073959610449e-05,0.0,0.0,0.0,0.0019136252959215956,0.0,0.0,0.0,0.0006111415347624639,4,4
2015,9.705005798713338e-07,0.0,0.0,0.0,0.0,1.5633946652192422e-06,5.09611418700824e-07,0.0,0.0,5,5
2016,2.0547498311818815e-09,0.0,6.467243326284333e-09,8.600859448732967e-07,4.494029391759948e-07,2.4664755181708664e-07,0.0,4.535737228041048e-06,3.331613411477956e-08,7,5
2017,1.633934007502054e-14,0.0,0.0,5.676152597876789e-07,0.0,0.0,0.0,4.791578679738373e-07,2.9084623999722493e-06,8,3
2018,4.991284978483673e-14,0.0,0.0,1.8674779204660626e-06,0.0,0.0,0.0,1.923890182952226e-06,4.138264877555213e-06,8,4
2019,2.3435576947681353e-13,0.0,0.0,5.082107939191287e-06,0.0,0.0,0.0,4.3716668876281425e-06,8.48089459173541e-06,8,1
2020,2.936775407400239e-12,0.0,0.0,3.277187890897349e-05,0.0,0.0,0.0,2.197883252064377e-05,3.652331094043022e-05,8,1
2021,2.173046225261315e-13,0.0,0.0,4.431884659254642e-06,0.0,0.0,0.0,3.695498840639122e-06,7.017276538158316e-06,8,1
2022,1.9516355125903723e-11,0.0,0.0,8.172654595229181e-05,0.0,0.0,0.0,0.00027230663930748276,0.0,7,1
2023,1.193027658015967e-07,1.5665464697760017e-07,0.0,1.2815707565556605e-05,1.5304254111178474e-05,9.120603634682305e-05,4.727036471365443e-06,0.0,8.817989295553019e-07,5,0
2024,2.2512719118015397e-05,0.0,0.0,0.0,0.00013692082270321635,0.00021126820036915876,2.3922734136859626e-05,0.0,0.0,5,2
2025,9.253378887319828e-12,0.0,0.0,2.1909330220277994e-06,2.658459807438643e-08,3.25231499281057e-07,1.8553154107169622e-05,0.0,6.950761218882846e-08,6,3
2026,1.7387504451490226e-09,0.0,0.0,0.00013165089000389694,1.755666653984561e-06,1.2747321782531764e-05,0.0007941762810208522,0.0,2.225753115570612e-06,6,3
2027,1.730124658655948e-09,0.0,0.0,0.00012970847640621165,1.7319731204937188e-06,1.2466402734594342e-05,0.0007780583801277005,0.0,2.166537255661466e-06,6,3
2028,4.232942276475785e-07,0.0,0.0,0.0,6.089114145762029e-06,2.7665585735763772e-05,1.822667545861741e-06,0.0,0.0,5,4
2029,5.55322226936858e-06,0.0,0.0,0.0,4.439554508825029e-05,0.00011190432549507134,1.067968196154233e-05,0.0,0.0,5,4
2030,9.741754744854323e-14,0.0,0.0,2.89875883696165e-09,2.2546408867243185e-09,4.944496167123858e-10,0.0,4.141181938542983e-08,4.6186721278677486e-05,8,4
2031,1.439631856439239e-09,0.0,0.0,0.000554384392911942,2.4893168458162353e-06,0.0,0.007193037449939706,0.0007418371436016837,0.0010366020440031002,6,1
2032,0.0019993840895770124,0.0,0.0,0.0,0.014033708584768158,0.00025795213102160956,0.00037911698621538175,0.0,0.0,4,4
2033,0.0050781001163616,0.0,0.0,0.0,0.07206823428480993,0.0009030963439985884,0.0014816580369625071,0.0,0.0,4,4
2034,7.696007122217406e-11,0.0,0.0,0.00013886300755461023,0.0,0.0,0.00018201848580319045,0.00031797767844973785,4.750319148369905e-05,7,1
2035,4.195299601912586e-07,1.3599199356606098e-06,0.0,8.697721532541832e-07,4.8898817199971834e-05,1.3585201258389396e-05,6.5167642685098685e-06,0.0,3.351659331912032e-06,4,2
2036,1.676941677130385e-06,0.0,0.0,0.0,3.564079157909523e-05,2.6618263341934662e-06,3.4062850733900586e-07,0.0,2.9690086560632915e-06,4,0
2037,0.0017445579014060632,0.0,0.0,0.0,0.051279988584103466,0.0,0.000766488965047832,0.0,0.019972158530914316,4,4
2038,0.0024265452409150227,0.0,0.0,0.0,0.04047023100727517,0.0010365301170713634,0.0,0.0004871391451592095,0.0,4,5
2039,0.002189432479733112,0.0,0.0,0.0,0.03142314101056938,0.0006739681682821592,0.0,0.00032213604277123165,0.0,4,5
2040,1.53426674113894e-05,0.0,0.0,0.0,0.0011430933509962837,0.0,3.290502936417377e-05,0.0,0.0,4,3
2041,2.7940404388820807e-08,0.0,4.9962258365502516e-08,6.498639968988225e-06,3.517189893441404e-06,1.4864596687879241e-06,0.0,2.7845627175607945e-05,1.8280929095179038e-07,7,0
2042,3.81016586396365e-06,2.6327748976528353e-06,0.0,7.111050485460089e-06,0.00024899728441285757,6.523314345442642e-05,3.745942592788069e-05,0.0,8.475231103694886e-06,4,2
2043,4.6470526073481666e-05,0.0,0.0,0.0,0.0009325141957420676,2.3773712281683516e-05,3.256957612334887e-05,0.0,0.0,4,1
2044,4.4779918905522065e-11,0.0,0.0,7.330960106269286e-07,2.6193972242552785e-08,5.690642472095116e-06,0.0,8.56888958652493e-06,0.0,7,4
2045,4.657856758742109e-06,0.0,0.0,0.0,0.0005531141548401043,0.0,1.82792345570292e-05,0.0,1.6779345481295327e-06,4,2
2046,6.401874345609987e-05,0.0,0.0,0.0,0.004465816263514996,0.0,0.00012212357440002987,0.0,1.1425558940968745e-05,4,2
2047,6.298813409285276e-07,0.0,1.7679684539125089e-06,3.876423099022555e-06,9.58432276006913e-05,0.0,1.7399784382221153e-06,1.8716216405240978e-05,0.0,4,5
2048,0.00018139081177577314,0.0,0.0,0.0,0.0,5.976323234603128e-05,2.131098370878097e-05,0.0,0.0,5,5
2049,1.4483902822246088e-11,0.0,0.0,2.142889875155106e-05,6.226229205259517e-08,0.0,0.0003205281511219999,0.00010662825037755815,0.0002892438556197924,6,5
2050,1.0538155170739583e-12,0.0,0.0,2.74169084891962e-06,7.2392854091554355e-09,0.0,4.8428902004236105e-05,1.682173093142645e-05,4.9919080028515743e-05,8,1
2051,1.5482057778328964e-09,0.0,0.0,0.00024186948221678546,2.292984127863516e-06,0.0,0.0008469903257784316,0.0,9.480150175015246e-05,6,1
2052,2.032879668825417e-09,0.0,6.260882575321265e-09,8.314588775721899e-07,4.354170243164405e-07,2.340877017852454e-07,0.0,4.31274119048864e-06,3.1291490540168974e-08,7,0
2053,0.00022893675971019274,0.0,0.0,0.0,0.008472734458920012,0.00019521662225581188,0.00025489130501377247,0.0,0.0,4,4
2054,2.85114694976784e-08,0.0,4.9297087708985416e-08,6.348694176913779e-06,3.4695768947928474e-06,1.3911769801706314e-06,0.0,2.6212430887075195e-05,1.6540831596188963e-07,7,0
2055,1.0268352699771968e-10,0.0,0.0,1.0232378948626882e-05,0.0,0.0,0.0,2.0593426034086235e-05,0.0,7,3
2056,5.755325375627407e-05,0.0001264806790031187,0.0,0.0,6.492934119442681e-05,0.0002157492502037554,3.175425661999173e-05,0.0,8.788351939467748e-05,5,4
2057,0.0007910262548051558,0.0013423277581599297,0.0,0.0,0.0005586537922540282,0.0013673116567689185,0.00021088230382940016,0.0,0.0005100910549794027,5,4
2058,2.444152653058303e-09,0.0,0.0,1.517897124011675e-07,3.571685176183131e-06,0.0,0.0,1.971720630182679e-06,0.0024816149880724147,8,3
2059,1.0072582353772779e-09,0.0,0.0,0.00018244092399838732,1.1353570404682675e-06,0.0,0.0006002997049957485,0.0,2.560342319472811e-05,6,1
2060,1.4557086785896013e-11,0.0,0.0,2.009143665041918e-05,5.7734520585926035e-08,0.0,0.0002903122571440854,2.7373499808146246e-05,2.175445375669989e-05,6,5
2061,0.008027641181890014,0.0,4.0330251334480734e-07,2.6383696152073956e-06,0.0,0.002699261375863636,0.00030607806404648474,0.0,0.0007068755126924819,5,3
2062,0.0005871979917946877,0.0,0.0,4.920126187931106e-07,1.3835944221434888e-05,0.00043646466364725386,5.343874540525963e-05,0.0,0.00012752352278727302,5,3
2063,3.151845361639702e-05,0.0,0.0,0.0,0.00012658718458121509,2.591822352393184e-05,0.0,1.2161757079847977e-06,0.0,4,2
2064,3.214309915977314e-13,0.0,0.0,1.2444488392044764e-11,4.6364117201037744e-10,1.0794486662368434e-09,3.3722484258605446e-10,0.0,6.669528878611258e-11,5,2
2065,0.00021832426578601767,0.0,0.0,0.0,0.005433914798025731,0.0,0.00015484580812652414,0.0,0.00926378437984245,8,4
2066,4.6865542989392567e-11,0.0,0.0,0.00010420317750307285,3.176240483582164e-08,7.280753617927326e-07,0.0,0.00023823049755042388,0.0011524077305212323,8,1
2067,0.0005721821355936376,0.0,0.0,4.512876723882605e-05,0.008261925972379557,0.0006424198474917044,1.8081788142261834e-05,0.0,0.0018847391606461635,4,2
2068,2.0062861688733764e-10,0.0,0.0,0.00015817044417233242,4.981517537616018e-07,0.0,0.001945835972096216,0.0001678272503607242,0.00012629835141013908,6,5
2069,0.0005553839498668511,0.0,0.0,4.459845140561865e-05,0.007761608758004947,0.0006033951389211369,5.389056937127379e-05,0.0,0.0016743007622113412,4,2
2070,0.0013119353330177848,0.0,0.0,0.0,0.019879097149897437,0.0,0.00046051758633416175,0.0,0.01878921939804105,4,4
2071,1.3206389666694654e-06,0.0,0.0,0.0,0.0003948964514571413,0.0,0.0,0.0,0.00018436413888094934,4,0
2072,1.2713447420627356e-09,0.0,0.0,4.81757938922817e-08,1.578350038833279e-09,2.7176572746057195e-08,1.0768838366519626e-06,3.6276579102487925e-07,4.850554609528695e-08,6,5
2073,2.2926293672274053e-05,0.0,0.0,0.0,0.0002829210334391002,1.667606283817453e-05,2.2815543695751107e-06,0.0,1.678195131214397e-05,4,5
2074,0.0005149414978150616,0.0,0.0,0.0,0.01068035399661597,0.0001727648921724985,0.0002778889068865914,0.0,0.0,4,4
2075,0.00028030764168669313,0.0,0.0,0.0,0.0061565855002872405,8.302210515866582e-06,0.0,7.287827144007605e-05,0.0,4,4
2076,1.57949446734656e-09,0.0,0.0,0.000564128685984412,2.2820990311544934e-07,0.0,0.002799787737899232,0.0037082606029917855,0.00020954265674034815,7,2
2077,1.1492038996465822e-10,0.0,0.0,7.217666541446422e-05,1.5892906148252695e-08,0.0,0.00042302313720978847,0.0005770807825764706,3.617063390179857e-05,7,0
2078,2.3379556538556214e-07,0.0,0.0,0.00015055519209832227,3.9421980133736127e-07,0.0,0.0015945507687127874,0.00043861383635369433,1.6489733032817857e-05,6,1
2079,3.94375664648137e-13,0.0,0.0,7.84640088832821e-06,0.0,0.0,0.0,5.290978501407287e-06,7.896003243239438e-06,8,3
2080,2.2926293672274053e-05,0.0,0.0,0.0,0.0002829210334390999,1.6676062838175104e-05,2.281554369574892e-06,0.0,1.678195131214342e-05,4,4
2081,0.002809336869539058,0.0,0.0,0.0,0.050761470072490926,0.000975764547243801,0.0,0.0005101872580978515,0.0,4,4
2082,1.3200094256996118e-05,1.2368902586933718e-05,0.0,0.00020593862505687078,0.0005051238970937895,0.015183973523183432,0.0,0.0,8.842411767325341e-06,5,5
2083,4.1491765117328734e-07,1.3341350077030353e-06,0.0,8.373269697824377e-07,4.721066275675472e-05,1.275269524062328e-05,6.158484141646243e-06,0.0,3.0938435200342293e-06,4,2
2084,3.411019471763506e-05,0.0,0.0,0.0,0.0005848782679505023,0.0,0.0,3.891821720704677e-06,0.0,4,4
2085,9.227817032149312e-11,0.0,3.6111599345079725e-10,4.0134627372834244e-05,1.9773327180892646e-07,0.0,8.299579992134725e-05,0.0,0.0006016347110403213,8,3
2086,2.916283189188531e-07,0.0,0.0,0.0,6.093269174976549e-06,1.3589764462088597e-05,1.4845445100998868e-06,0.0,0.0,5,2
2087,1.3208820647010861e-05,1.2383795577945835e-05,0.0,0.00020760560413194326,0.0005070475685882236,0.015198728363313763,0.0,0.0,8.999559614557806e-06,5,4
2088,5.01319814858676e-17,0.0,0.0,9.059129956088124e-11,2.7570280605107002e-12,5.022621966847566e-11,2.0931770832027836e-09,0.0,1.3765753539862985e-09,6,2
2089,9.604085449309068e-07,1.165458427130451e-06,0.0,2.6348703943348344e-05,6.251490030703565e-05,0.002395496100058003,0.0,0.0,1.7185658963281007e-06,5,0
2090,0.00010668573254855922,0.0,5.034700219592083e-07,1.3580688092716625e-06,0.0,4.206678194702865e-05,4.32127568670583e-06,3.1967309736717366e-07,6.4348286880085666e-06,5,5
2091,0.007161722491568216,0.015708508217445728,0.0,0.0,0.0007371423245835594,0.0,0.0,5.1993244114426334e-05,0.0,1,4
2092,7.524064397697822e-14,0.0,0.0,9.80815092010446e-07,0.0,0.0,2.489978299673592e-06,4.894375270632385e-06,1.1664666056095296e-06,7,5
2093,0.004733682423132143,0.01576838193429951,0.0,0.0,0.0016279999803419157,0.00014855295680832813,0.0,1.3249642793218568e-05,0.0,1,4
2094,0.00034441186249531636,0.0014857739786031114,0.0,0.0,0.00013912753356382825,2.4597175552112108e-05,0.0,1.9488455346246013e-06,0.0,1,5
2095,5.80751869766337e-05,0.0,0.0,6.023908883943464e-06,0.0010264537128776032,0.00014136562732876162,1.5586813929034983e-05,0.0,0.0003762407334250038,4,4
2096,1.1909863094345647e-07,3.8242485031422204e-07,0.0,5.354980396268767e-06,1.3862598667396393e-05,6.87281562384748e-06,0.0,1.7784261518724768e-05,1.5733139298758182e-06,7,2
2097,9.358685280818374e-11,0.0,0.0,6.420924786334985e-09,2.0555484243390151e-10,4.590788500162173e-09,1.7298639416267094e-07,6.12574006458134e-08,9.13661631073924e-09,6,1
2098,1.7118229790083587e-09,0.0,4.487887442000949e-09,5.914183999579282e-07,3.138378364379197e-07,1.4950064099284647e-07,0.0,2.7817711928792108e-06,1.8936675398132387e-08,7,0
2099,2.34031729451375e-08,0.0,3.5251462416603776e-08,4.546828379407634e-06,2.4961671467794956e-06,9.260059227198437e-07,0.0,1.7530558985105765e-05,1.0755213932247924e-07,7,2
2100,1.2454830855436875e-10,0.0,5.623933771911458e-10,7.566817125215621e-08,3.8849717283066294e-08,2.3548241085381875e-08,0.0,4.308551118414419e-07,3.244873989738857e-09,7,2
2101,6.524121646306819e-13,0.0,0.0,1.0664519898598287e-05,0.0,1.6646179702535128e-07,0.0,7.877973018527543e-05,0.0,7,2
2102,1.9801655320168548e-10,0.0,0.0,0.00016474535530259732,5.252757008262639e-07,0.0,0.0020729961367868728,0.0006585578920477415,0.001626027401884792,6,5
2103,2.3612528689053392e-07,0.0,0.0,2.7811779838024773e-06,9.019757030232917e-08,9.973957932171274e-07,4.3451362128325896e-05,1.3280684239358911e-05,1.4533699302640025e-06,6,5
2104,1.7267672124458197e-05,0.0,0.0,0.0,0.0012292987099265466,6.935128142186455e-05,2.6295573895352977e-05,0.0,1.0014556147780951e-05,4,5
2105,2.912164999389827e-19,0.0,0.0,1.802063939015082e-12,5.022691526534278e-14,1.6287596913829387e-12,6.123333941688607e-11,0.0,5.5567611565875484e-11,6,2
2106,4.779505164368155e-09,0.0,0.0,9.640599514251476e-05,7.772005724634414e-06,4.770631918649106e-07,0.0,0.00022988115401512127,0.01822467049552972,8,1
2107,7.726771897690891e-07,0.0,0.0,0.0,0.0002202031013390662,0.0,0.0,0.0,9.76501638569023e-05,4,4
2108,0.00014299141720112342,0.0,0.0,0.0,0.013538395842981037,0.0,0.0,0.0,0.00293603430669843,4,4
2109,4.974221987620032e-09,2.846725145862894e-08,0.0,3.7206489171174555e-08,1.9265700218876036e-06,9.881886534836121e-07,4.218919952833155e-07,0.0,3.1144480927251397e-07,4,2
