Node,Cluster_0,Cluster_I,Cluster_II,Cluster_III,Cluster_IV,Cluster_V,Cluster_VI,Cluster_VII,Cluster_VIII,Cluster_IX,Cluster_X,Cluster_XI,Cluster_XII,Cluster_XIII,Cluster_XIV,Cluster_XV,Cluster_XVI,Cluster_XVII,Cluster_XVIII,Cluster_XIX,Cluster_XX,Cluster_XXI,Cluster_XXII,Cluster_XXIII,Cluster_XXIV,Cluster_XXV,Cluster_XXVI,Cluster_XXVII,Cluster_XXVIII,Cluster_XXIX,Cluster_XXX,Cluster_XXXI,Cluster_XXXII,Cluster_XXXIII,Cluster_XXXIV,Predicted Label,Ground-Truth Label
0,0.0,0.07640613730808149,0.00047568038855705526,0.0,0.010473601351810705,0.0,0.0,0.0,0.0,0.011808533397788595,0.0,0.0,0.0,0.00012144088223518752,0.0004326387115726138,0.0013494738543563002,0.0,0.0005929962155812424,0.00011707971256907454,4.723955413998391e-11,0.0002980845263347642,0.0,0.0,0.0,0.0,0.0,0.0,0.0002841696925791583,0.0,0.0,0.000443430525025541,0.0,1.0175233593939603e-05,1.0648665475622416e-15,0.0008821043890748072,[1],[20]
1,0.0,0.0720268750859239,0.00040077889731720867,0.0,0.009692397920912836,0.0,0.0,0.0,0.0,0.011058964836408528,0.0,7.35439944081546e-05,0.0,0.00020731479848337867,0.0,0.001313541666683694,0.0,0.0007491856108599447,0.0,0.0,0.0003734368579780771,0.0,0.0,0.00020915271188765271,0.0,6.035537360195917e-11,7.574209090700925e-05,0.0007939230017786196,0.0,0.024224620456851448,0.00027545478416016704,0.0,0.0010455307121583737,8.831582645735258e-17,0.0,[1],[20]
2,0.07408069338048176,0.0,0.0,0.0030864550086291574,0.1088835684872462,0.0,0.011336009652365479,0.0,0.008659592684855525,0.0,0.10841318446447411,0.0,0.0046588251576553516,0.0,0.006351392023685632,0.001974767129892964,0.00046394718269782473,0.0065256695018399155,0.0,2.7945644810977473e-10,0.001506921279877088,0.0,0.0014888272356698847,0.0,0.0,0.0,0.004811380820424573,0.0,5.3420937247747153e-14,0.0,0.0,0.0,0.0,8.0718847539344e-16,0.00047902790467151905,"[4, 10]",[1]
3,0.06835485002305182,0.0,0.0,0.0030370832064140207,0.10155635967648417,0.0,0.010581405677349831,4.991332782418948e-05,0.0072647720659061304,0.0,0.10055612070512085,0.0,0.0036885901181913983,0.0,0.008271706106433215,0.0008612022165962696,0.0005359588026742376,0.0,0.0,7.93864654881215e-10,0.001010438936225031,0.0,0.0,0.0,0.0,0.0,0.0034143622382716743,8.864575656605267e-05,5.163543118795607e-14,0.0,0.0,0.0,0.0,0.0,0.0,"[4, 10]",[1]
4,0.0,0.07324726555268668,0.0004284259554609098,0.0,0.00994197868782535,0.0,0.0,0.0,0.0,0.01128437924859772,0.0,1.860007258571684e-05,0.0,0.00024096150892224228,0.0,0.00130012760193302,0.0,0.0005898784380885012,0.0,8.483519070539642e-11,0.0004470825804833095,0.0,0.0004717634673152184,0.00012690053700099393,0.0,0.0,0.0003332838487386768,0.0005851981055653774,0.0,0.0,0.0002641285479229023,0.0,0.0003954941343451522,7.051692995339258e-16,0.0,[1],[20]
5,0.0,0.07599996626156555,0.00034301142826483457,0.0,0.009941098663872177,0.0,0.0,0.0,0.0,0.01158178257113522,0.0,5.601049973221309e-05,0.0,0.0003983302727682532,0.0,0.0014688218746785747,0.004280866911056359,0.0005519339838524132,0.0,1.0794219377106716e-10,0.0006941979418877452,0.0,0.002400922856057349,0.0005939314781404344,0.00110722442086905,0.0,0.0011871877832508786,0.0006427890556880474,0.0,0.021277975175409313,0.0,0.0,0.0011662880443086563,4.734868064166112e-16,0.0,[1],[20]
6,0.0,0.07727017344182187,0.00045986013081775813,0.0,0.010495376633071794,0.0,0.0,0.0,0.0,0.011901732289744532,0.0,0.0,0.0,0.0002062459897190526,9.310483789114001e-05,0.0014077151249829024,0.0,0.00048026810745603653,0.0,5.636282427487149e-11,0.00046018448154141664,0.0,0.0008053794467477816,0.0,0.0,6.105314605515629e-11,0.00047837259663537936,0.0003711344505020982,0.0,0.0,0.0002560916350174729,0.0,0.000112195298666223,7.046340964625671e-16,0.000732627776904589,[1],[20]
7,0.0,0.06056267063873066,0.00020529370331613583,0.0,0.0077603447422577194,0.0,0.0,0.0,0.0,0.009152912878477762,0.0,0.00016616331542417253,0.0,0.000183408610799408,0.0,0.001380069171489616,0.014785541289297955,0.00023920552680782743,0.0,0.0,0.0005911264014723196,0.0,0.0005107578330530035,0.0,0.0009063051569667079,0.0,0.00034713659572059466,0.0003116334543590122,0.0,0.045519597788387045,0.0002071768137972275,0.0,0.0009685214578794494,0.0,0.0005673237797467646,[1],"[12, 20]"
8,0.025812717403406134,0.0,0.0,0.007665982776753256,0.0,0.0,0.0,0.010989174604995029,0.04110394343622235,0.014042627704250393,0.0,0.0,0.14546020015340794,0.0,0.022276811966767396,0.009623121964936785,0.014653739831697049,0.0,0.04048219720523592,0.0,0.006241336531921804,0.0,0.03006921820879695,0.0,0.0,0.0,0.003623644712794298,0.0,0.0,0.0,0.0198045775089447,0.016569756941958367,0.003353839866183388,2.6484705057032065e-15,0.0,[12],[13]
9,0.02726726084129306,0.0,0.0028941431385960626,0.0,0.0,0.0004502409428788091,0.0,0.01164917597076576,0.04067923903956321,0.017560668111884923,0.0,0.0,0.10320925774623682,0.0,0.02763000799037964,0.007910474395392183,0.01070007691302665,0.02055186388890033,0.02659366746274592,0.0,0.007696794105323842,0.0,0.01907079108726412,0.006303209778406486,0.0,0.0,0.0,0.0,0.0,0.0,0.025004210742491925,0.022490559305257635,0.0006890554786092366,2.7130127402589954e-15,0.0,[12],"[11, 40]"
10,0.0,0.0581289011386306,0.0003804787293665513,0.0,0.00803413298429565,0.0,0.0,0.0,0.0,0.009009223420486396,0.0,0.0,0.0,0.00017754499842765348,0.0006510344086014286,0.0009598990814541362,0.0,0.0007829671624655773,0.0,0.0,0.00031596181770744014,0.0,7.853685990696071e-05,0.0001377597447093015,0.0,0.0,0.0,0.0002690129926235136,1.4390403766314205e-15,0.0,0.00018448536744518693,0.0,0.00018914048733832315,3.287417829374858e-18,0.00016083994677099715,[1],[20]
11,0.0,0.0779904911149854,0.00041345598335988367,0.0,0.010508916182816427,0.0,0.0,0.0,0.0,0.011987517729826773,0.0,7.62449753640636e-05,0.0,0.00017444963582335197,0.00030215614487618325,0.0014723516608475835,0.0,0.000430770524935416,0.0,2.695447775171996e-11,0.00044933062141302586,0.0,0.000744377328293879,0.0,0.0,0.0,0.0004392700532248947,0.0005580250300317062,0.0,0.0,0.00025018642411136745,0.0,0.0,2.497102001420971e-16,0.0008953779963028585,[1],"[20, 43]"
12,0.0,0.06851744518551946,0.0001030110873697161,0.0,0.00799704286128223,0.0,0.0,0.0,0.0,0.010216094570641134,0.0,0.0,9.126484811554833e-05,0.0,0.0,0.0015345053313533432,0.0,0.0,0.0,1.1404332311854594e-10,0.00071554543786599,0.0,0.0,0.0,0.0,0.0,0.00010861851842931667,0.0,0.0,0.0,0.0007530496049421308,0.0,0.0,0.0,0.01327317487230811,[1],"[20, 32]"
13,0.0,0.06770321014746018,0.0001829277888826139,0.0,0.008530210903328665,0.0,0.0,0.0,0.0,0.010169176689396655,0.0,0.0004403021266391495,0.0,0.00023021491310241187,0.0,0.0014432073932548382,0.0,0.0008445327009455509,0.0,0.0,0.0008210125043918934,0.0,0.0,0.0,0.0,5.818671263765517e-12,0.00020885335713581547,0.001471096700974601,2.705404219911987e-15,0.0,0.0010156741120871404,0.0,0.00019696841665378868,1.4614159863325043e-15,0.0009987266193374471,[1],[20]
14,0.0,0.06311863995657625,0.0003969701873881702,0.0,0.008648891191824213,0.0,0.0,0.0,0.0,0.009738170722963752,0.0,0.0,0.0,4.2155633046523546e-05,0.0003266824825233116,0.00116074561976343,0.0,0.0005232190168818486,0.0002663235256213853,0.0,0.00020040256423942458,0.0,0.0,0.0,0.0,0.0,0.0,0.00016189855532085262,0.0,0.0,0.00043474946477212515,0.0,0.0002577860113764769,0.0,0.0013279767329514196,[1],[20]
15,0.0,0.07750639484826718,0.0003521520398102631,0.0,0.010219854857708061,0.0,0.0,0.0,0.0,0.011825038706717753,0.0,0.0001970239518328324,0.0,0.00021295577158588524,0.0,0.0015059743002229092,0.0,0.0005813258116301131,0.0,1.0308319872746937e-10,0.00045010805308547184,0.0,9.496378957144816e-05,0.0,0.0,9.530323058522226e-11,0.0003081221813580967,0.000944797397544943,0.0,0.003272684572056337,0.0003774818356309256,0.0,6.422209883680607e-05,1.3495800864197094e-16,0.00035364485578865464,[1],"[3, 20]"
16,0.037238790661367004,0.0,0.0,0.0,0.0,0.0016053307157869717,0.0,0.0,0.06280428698751164,0.0,0.0,0.009339756665007536,0.0,0.0021899266530399633,0.0,0.001869319458349143,0.0,0.0,0.0,4.041782445733637e-10,0.0015387083970089487,0.0,0.0025663307016514244,0.0,0.0,2.8481545192167642e-11,0.0003757663678906233,0.023833409492225628,1.4616110492961661e-16,0.0039441294308597595,0.0,0.0,0.0,5.643274817239446e-16,0.005062253078292985,[8],"[10, 15, 34, 37]"
17,0.04310598811919758,0.0,0.0,0.0,0.0,0.0017884875729699357,0.0,0.0,0.07210896719197747,0.0,0.0,0.010039978674735798,0.0,0.0028031329434728804,0.0,0.001487754212644529,0.0,0.0,0.0,2.446158791923249e-10,0.00023232705940752287,0.0,0.00564015640950113,0.0,0.0048040300788487434,3.889428171254534e-11,0.0011848001065270018,0.027814699798168474,0.0,0.0,0.0,0.0,0.001373530150953654,2.077342417749453e-15,0.0,[8],[37]
18,0.0,0.06105553821547921,0.0003001138170611515,0.0,0.008038141264487764,0.0,0.0,0.0,0.0,0.009305461466284968,0.0,7.673057612637982e-05,0.0,0.0002558120323822869,0.0,0.0012195604076260052,0.0,0.00015783620476282487,0.0,0.0,0.00048014319952407786,0.0,0.0,0.0,0.0,5.712774347678827e-13,0.0,0.0009280353008456517,2.2611389799762956e-15,0.002605463545944756,0.000313460066066502,0.0,0.0006166027962274803,1.6255336881627139e-15,0.0005783924461525088,[1],"[3, 20]"
19,0.0006843604998218626,0.0,0.0,0.0,0.0,0.001000755112392133,0.0,0.0,0.01781406810569143,0.0006618782576790315,0.0,0.00738737786006394,0.0,0.00464738081879393,0.0,0.005092921995266547,0.0,0.0,0.0,6.317862937818941e-10,0.004445503034199265,0.005808990958931681,0.0072409457168689465,0.0,0.0023890500558441316,7.656703737615888e-13,0.001049514233022,0.025296310946853976,3.0404003046679544e-14,0.0,0.0,0.0,0.0,1.9937493562807318e-16,0.0,[27],"[0, 20, 37]"
20,0.022754140448869413,0.0,0.0,0.0,0.0,0.0009434350238378118,0.0,0.0,0.04009406490103619,0.0,0.0,0.0,0.0,0.0,0.046678065310204415,0.0006664823218959526,0.004415777250544355,0.0,0.007518583665941063,0.0,0.0023291757434464,0.006493575962953963,0.0,0.0,0.0,4.721644352844663e-13,0.0,0.0,7.023430582325991e-15,0.0,0.0032925950186270293,0.0,0.004943885251460834,0.0,0.017415352689243182,[14],"[30, 34]"
21,0.03835893573277688,0.0,0.0,0.0,0.0,0.0014913085899303823,0.0,0.0,0.06545496529607826,0.0,0.0,0.007444467123849335,0.0,0.0011574735292006675,0.1349044295747207,0.0011569785261673156,0.0,0.0018895284091698052,0.004799301968903585,0.0,0.0012530867401100271,0.0,0.0,0.006282459786852416,0.0,6.134768656366352e-11,0.0,0.011990033579144419,7.49154378890795e-14,0.0,0.0,0.0,0.0,0.0,0.0,[14],[21]
22,0.004294799522740314,0.0,0.00718363564123583,0.2604641691933863,0.0,0.0,0.00035663424979791406,0.0,0.0037642132541207776,0.0,0.0,0.0,0.03769549523401811,0.0,0.0,0.016985464960783136,0.0,0.0018412004441236308,0.08992537286051114,3.165235870626738e-11,0.0,0.0,0.002567063285990295,0.0003007075236500086,0.015575748442743483,1.2695018561320274e-11,0.000833352978182581,0.0,0.0,0.0,0.006914731448369397,0.0,0.0,8.921994985491575e-16,0.005158941269560319,[3],[27]
23,0.0010640255146545244,0.0,0.006223161722476959,0.2261425941326733,0.0,0.0,0.0,0.0,0.0007735830580350793,0.0,0.0,0.0,0.03264207844311203,0.0,0.0,0.01549556948450917,0.023289578937573326,0.000838001111282686,0.07714992628034484,0.0,0.0,0.0,0.0032342586139511775,0.0015601170928787524,0.016436645957732157,3.754243104507858e-11,0.0015125339039766849,0.0,0.0,0.0,0.0065775578876989885,0.0,0.0,1.7457363247179216e-15,0.005491863573992424,[3],[-1]
24,0.0,0.07385582687724664,0.0006074315420723302,0.003991163512543408,0.010166304353277355,0.0,0.0,0.0,0.0,0.011156544892776836,0.0,0.0,0.0004764557253988223,0.0,0.0007073225621035569,0.0017120761149442055,0.0,0.0009615800665301355,0.002975752377363394,7.595292879789267e-11,0.0,0.0,0.0,0.00030276598615329664,8.703359632127146e-05,0.0,0.0,0.0,0.0,0.005408924521975063,0.0005758503687638425,0.0,0.00031204892872765304,1.2702625090254242e-16,0.0,[1],[20]
25,0.0,0.07879306563235716,0.00036816469500014503,0.0,0.01036654375841771,0.0,0.0,0.0,0.0,0.012015694301858391,0.0,0.00014943365263109975,0.0,0.0003450091790953011,0.0,0.0015589151110775115,0.0,0.0002826001320485479,0.0,5.8066709062830836e-11,0.0006452020487190109,0.0,0.0021038146734704928,0.0,0.00029026245806656423,0.0,0.000970887980445373,0.0009235453983486066,0.0,0.0054168014905229345,0.0,0.0,0.0,4.4189694299397336e-16,0.0,[1],[20]
26,0.04410291866606804,0.0,0.0,0.0,0.0,0.001733245482305774,0.0,0.0,0.06755178377393636,0.0,0.0,0.005673977612289754,0.0,0.0,0.0,0.0025387287866650244,0.0,0.13711579542338276,0.0,5.653073602226662e-10,0.009912875143017882,0.0,0.0,0.007750271329111566,0.0,0.0,0.0012845837626411138,0.006533758195736284,1.3804561729984478e-14,0.0001430665238880625,0.00046483626989755585,0.0,0.0,0.0,0.01806113409826482,[17],"[37, 41]"
27,0.05474399080734426,0.0,0.0,0.0,0.0,0.001616295714050374,0.0016874902927742168,0.0,0.05839814567887118,0.0,0.02448484977378415,0.004511491982571931,0.0,0.0,0.0,0.005546063000211769,0.0,0.0,0.0,0.0,0.006664788374340472,0.0,0.0,0.0,0.0,0.0,0.008618114162472082,0.012012099029967974,0.0,0.012276452135758118,0.0,0.0,0.002955133720286462,0.0,0.014953616345249941,"[0, 8]","[1, 32, 37]"
28,0.04636012238069453,0.0,0.0,0.0,0.0,0.002074454135278091,0.0,0.0,0.07608015439298982,0.0,0.0,0.007957165954186732,0.0,0.0019311901512162732,0.0,0.0007207442335836481,0.0016036747340488638,0.0,0.0,5.730192980942518e-10,0.0013293642278438206,0.0,0.0006546845079470835,0.0,0.0012509888691756635,5.052496284392933e-11,0.0,0.018412527563144893,0.0,0.007686729252016537,0.0,0.0,0.00216612177871938,0.0,0.029072373651723566,[8],"[7, 15, 37]"
29,0.0469078317353938,0.0,0.0,0.0,0.0,0.000758791059916942,0.0,0.0,0.07764048371996485,0.0,0.0,0.008326282108366745,0.0,0.0005611445860588145,0.0,0.0009016224439416211,0.0012304561283762127,0.0,0.00110132812619864,3.3614028640728374e-10,0.0,0.017006614868566826,0.0,0.0,0.010684965036028017,5.0077443799255306e-11,0.003052652996870701,0.01868368710338901,0.0,0.005306545828971787,0.0,0.0,0.0,0.0,0.0,[8],[-1]
30,0.0,0.07820184204186521,0.00035881636624475466,0.0,0.010287443208511545,0.0,0.0,0.0,0.0,0.011935437202257206,0.0,0.00012654408941119118,0.0,0.00027016226332336816,0.0,0.0015117495937675158,0.0,0.00027108666002878594,0.0,4.76682208212224e-12,0.0005326916067667589,0.0,0.0016365634174903894,0.00014664757838189971,7.108215302941075e-05,8.587755168283724e-11,0.0008812562980215524,0.0007255680070746023,0.0,0.0,0.00010865815104704194,0.0,0.00028356769594220917,5.486200959801544e-16,7.588617047977512e-05,[1],[20]
31,0.0,0.05801613170170591,0.00028792751297031086,0.0,0.007714045612043597,0.0,0.0,0.0,0.0,0.00889090355067044,0.0,0.00018703169520146765,0.0,0.00025372642074367164,0.0,0.0010577818888265922,0.0,0.00042927375464952574,0.0,0.0,0.000317054316136601,0.0,0.0,0.0,0.0,0.0,0.0,0.001099976903067443,0.0,0.0,0.00018112084250038006,0.0,0.00027076645525998854,0.0,0.0,[1],[20]
32,0.0,0.06825121543213403,0.0004715086099485534,0.0,0.00942435667396179,0.0,0.0,0.0,0.0,0.010565764005929169,0.0,0.0,0.0,0.00019435627811259144,0.0005296871340703114,0.0011398083961883126,0.0,0.0006665105010427071,0.0,2.262471362951164e-11,0.0003505341686967412,0.0,0.0,0.0,0.0,0.0,0.0,0.0003096985536856534,0.0,0.004544006431903731,0.0003500599891263221,0.0,0.0001064186163714972,0.0,0.0005842575088019259,[1],[20]
33,0.0,0.07666459579710416,0.00041111442286096285,0.0,0.0103604350762459,0.0,0.0,0.0,0.0,0.011794204956286435,0.0,9.17145309648148e-05,0.0,0.00016010635079712732,0.0,0.0014196553142938476,0.0,0.0006620111938971453,0.0,6.24197345487081e-11,0.0004203036975024837,0.0,0.001271984036449626,0.00014562688545566784,0.0,2.1275952733365932e-10,0.0006396620843005422,0.0004574752710203849,0.0,0.0,0.00017354189585142986,0.0,5.560835526612682e-05,0.0,0.0,[1],[20]
34,0.02575786273518011,0.0,0.0,0.0,0.0,0.0004887597798684554,0.0,0.01781014940633113,0.03994172323359783,0.016735068599430664,0.0,0.0,0.14315578103960316,0.0,0.035352880218388096,0.01139617817185131,0.022840955374172085,0.0,0.031327164519448364,0.0,0.015220940233060525,0.00757671448338119,0.024533427919715863,0.0,0.0,0.0,0.01595720112666282,0.0,0.0,0.0012602671675828578,0.023554509187504066,0.023391690520785418,0.003274977374586616,2.4680764051817057e-15,0.17530148877368987,[34],[40]
35,0.05194820051616237,0.0,0.0,0.0,0.0,0.0017755701821314232,0.0,0.004073309470274716,0.08181470105721672,0.010452984603659642,0.0,0.0,0.01829542517298593,0.0,0.0,0.0,0.0025951454874504655,0.0,0.011524596080267882,7.378503233311611e-10,0.0,0.0,0.0,0.0,0.0,6.341508193760878e-11,0.0,0.0,1.1218846267648095e-13,0.0002989860566075304,0.008776166868709946,0.008956636039819135,0.008541932535000714,0.0,0.0,[8],"[37, 40]"
36,0.0,0.07716498809855903,0.00021547318501841255,0.0,0.009555082049994727,0.0,0.0,0.0,0.0,0.011546094974628478,0.0,5.8427176664833466e-05,0.0,0.0006860115001810287,0.0,0.0017017583306176453,0.04450525924512521,0.0006496959199343167,0.0,1.6345359658005944e-11,0.001462769340684905,0.0,0.0001989185457268157,0.00016498329811562534,0.0015862947412060102,6.824763317103104e-11,0.0008303355027268861,0.0,0.0,0.0,8.951543977991608e-05,0.0,0.0,5.248164436814656e-16,0.0012182695308604336,[1],[20]
37,0.0,0.07506027760432724,0.0003634579121817992,0.0,0.009853804624266254,0.0,0.0,0.0,0.0,0.011419439560436308,0.0,8.044452015497976e-05,0.0,0.00036683736126044605,0.0,0.0014876216988720268,0.0,0.000493937113549666,0.0,0.0,0.000663409196856378,0.0,0.0021880589047002202,0.0004877614860309539,0.0005020947048713115,8.526017380032462e-11,0.0010529077787151864,0.0008464199532717504,0.0,0.0,3.1440459425354026e-05,0.0,0.00041187861371435116,6.813007789260054e-17,0.0,[1],[20]
38,0.0,0.07391555012711407,0.0003601016520336132,0.0,0.009873407026670479,0.0,0.0,0.0,0.0,0.01131946801099456,0.0,0.00014555697021500342,0.0,0.00014306857676822272,0.0,0.0014524600964836139,0.0,0.00045169064216933787,0.0,0.0,0.0003786079984919239,0.0,0.0002110983408414288,0.0,0.0,0.0,0.0002086183672010633,0.0008725969611620023,1.1166732259639324e-16,0.0,0.0003458545132178423,0.0,0.0002001696577317554,0.0,0.0,[1],[20]
39,0.043212890790657515,0.0,0.0,0.0,0.0,0.001764822368699189,0.0,0.0,0.07097442286097011,0.0,0.0,0.00770589140982418,0.0,0.001549253683253493,0.0,0.0,0.0002694532270532163,0.0,0.0,1.752870026291419e-10,0.0017568114938369137,0.0,0.0031506913433379056,0.0,0.0,3.585741700373271e-11,0.00043515963580822,0.011033087247615394,0.0,0.003756590825430185,0.0,0.0,0.0,3.761011584280961e-16,0.009642990645927635,[8],"[35, 37]"
40,0.05304350399848079,0.0,0.0,0.0,0.0,0.001945259563851062,0.0,0.0,0.08527773652469628,0.0027448111246287446,0.0,0.012097974256892246,0.0,0.01218190108999233,0.0,0.0,0.0,0.0,0.002814303145931659,4.148375688350267e-10,0.0,0.12717488985978456,0.0,0.002409757848183548,0.0,0.0,0.0,0.004487845912234004,0.0,0.00389163843775885,0.0,0.0,0.013863395013966879,8.764621875187658e-15,0.0,[21],"[8, 15, 19, 22, 23, 37]"
41,0.09099762892696188,0.0,0.0,0.003536308084651746,0.1332651511482718,0.0,0.013708656159122553,0.0,0.01121849682447247,0.0,0.13282568675643028,0.0,0.005202595370298114,0.0007516983811151516,0.005983089660491742,0.00382590026921184,0.0008412647476443723,0.0,0.0,6.211768628242695e-11,0.0009928072236519232,0.0,0.0008338100956594206,0.0,0.0,7.661710790978522e-12,0.0,0.0,0.0,0.0008934135972514015,0.0,0.0,0.0005885766750994459,2.2722362172867805e-16,0.0002036763145174883,"[4, 10]",[1]
42,0.08979698962368902,0.0,0.0,0.003425740179878488,0.13135160083889938,0.0,0.013461481515126834,0.0,0.011253878065838992,0.0,0.13098605739185057,0.0,0.005865838242995981,0.0017187738143892156,0.003403827868731592,0.004750402331455024,0.001044431294451785,0.0,0.0,3.3851882563979104e-10,7.483331971118223e-05,0.0,0.0024146988183984777,1.4771634948467085e-06,0.002148428684911581,2.0104639366324986e-11,0.0,0.0,0.0,0.0,0.001163708288561167,0.0,0.0,4.251378270347725e-16,0.0007193387948669672,"[4, 10]",[1]
43,0.0,0.06929821639412832,0.0004211127324207513,0.0,0.009537548620635864,0.0,0.0,0.0,0.0,0.010701180842298444,0.0,0.0,0.0,6.496623090129689e-05,0.00015575241265590762,0.0012463833747149882,0.0,0.0008786886015428446,2.1948555164207425e-05,0.0,0.00027807458622732776,0.0,0.0,0.00017036168429885803,0.0,0.0,0.0,0.0004027789737947774,3.206478901096278e-15,0.0,0.00040024694272802844,0.0,2.382484212642309e-05,0.0,0.00017694870841434602,[1],[20]
44,0.0,0.06254266460863747,0.0002806473512033169,0.0,0.007929134685550855,0.0,0.0,0.0,0.0,0.009328867572303,0.0,0.00016289031184038474,0.0,0.00034838733690134685,0.0,0.0012716653626009822,0.0017978936917216984,0.001440306237221927,0.0,3.701049866104343e-11,0.0007976305770015463,0.0,0.0019217227285634976,0.00018243930386573854,0.00044146945167683406,0.0,0.0008809581258661742,0.0010298884257084317,0.0,0.0,0.0,0.0,0.0,4.0288995930794286e-16,0.0,[1],[20]
45,0.046508378592464344,0.0,0.08456367705170416,0.010099196127010861,0.0,0.0,0.0,0.006686477027217869,0.03604203601386379,0.10789723785797269,0.0,0.016440189439224852,0.005240817256916855,0.09055613381884235,0.0,0.0,0.0016873183195335742,0.034730794078627204,0.009958687686449825,0.0,0.0,0.013084507179868027,0.0019480499608806629,0.010819777487740392,0.0,0.0,0.0018166812793544659,0.0,0.0,0.00031465634380271114,0.011734586963681433,0.06667791194113415,0.011986957810690037,0.0,0.07659933758232931,[9],[40]
46,0.03572528896948727,0.0,0.06583865290663149,0.00755361658426883,0.0,0.0,0.0,0.0,0.0266153570881681,0.08489137194689991,0.0,0.0031859342988848583,0.0,0.03666198060007033,0.0,0.0,0.0062705087339476094,0.031579426791359735,0.004702578083316855,4.5841385274314625e-10,0.0,0.0,0.002583930235897387,0.0,0.010436794832613772,3.2169630995552874e-11,0.12360847090682932,0.0,7.416691102026586e-13,0.0,0.0,0.06051139250833463,0.03694923202829188,2.2101264985495235e-15,0.0,[26],"[35, 40]"
47,0.0,0.073862873851394,0.000393856191272879,0.0,0.009909630523341708,0.0,0.0,0.0,0.0,0.011336078869834754,0.0,8.507487345130872e-05,0.0,0.00020275681753905843,0.0,0.001384313390270019,0.0,0.0005691447017415113,0.0,6.258184178032922e-11,0.00042380644730611407,0.0,0.00037377146795356767,0.0,0.0,0.0,0.0003847150253117036,0.0006511777684362266,0.0,0.012803718515179597,0.0002603656347422938,0.0,0.0006420830476202822,0.0,0.0003568762828714241,[1],[20]
48,0.0,0.06308058189649678,0.0003816132055631865,0.0,0.008630598327754256,0.0,0.0,0.0,0.0,0.009751204842270704,0.0,4.8292490484069e-05,0.0,0.00012527551861417292,0.0001774990532507396,0.0010924684500656671,0.0,0.0006725673731391439,2.6722502107095603e-05,0.0,0.00017707644020894205,0.0,0.0,0.0,0.0,9.452165680276128e-11,0.0,0.000538033758312292,0.0,0.0,0.0003387025442803291,0.0,0.0001345455173929544,4.656587692601844e-16,0.0,[1],[20]
49,0.0,0.06925973882645041,0.0003342795410232853,0.0,0.009283919168317152,0.0,0.0,0.0,0.0,0.010622064151385642,0.0,0.00017058526440192885,0.0,0.00013199852993668213,0.0,0.001306028138756904,0.0,0.0006819600266441311,0.0,0.0,0.00036347788188547406,0.0,0.0003605051112371588,8.273349416643128e-05,0.0,8.7346076078911e-12,0.00028713403768477867,0.0006926860513965071,4.691020744234989e-17,0.005529595795134103,0.00019130818271040462,0.0,0.0003825261702374785,0.0,0.0,[1],[20]
50,0.0,0.06903972377901661,0.00035819516136387816,0.0,0.009201495642099477,0.0,0.0,0.0,0.0,0.01057523976562325,0.0,0.00011372464784318945,0.0,0.00015661210240912245,0.0,0.0013168975591669216,0.0,0.00026226221287917634,0.0,7.726341197777464e-12,0.00033302781138260315,0.0,0.0,0.0,0.0,0.0,0.0,0.0007227521960823088,3.842623184644302e-17,0.0,0.00045648662834229945,0.0,0.000251576296882208,1.84418045241133e-16,0.000803247056582175,[1],[20]
51,0.0,0.07222245961955187,2.890979041904386e-05,0.0,0.007890057801741545,0.0,0.0,0.0,0.0,0.01053225014243659,0.0,0.0,0.0,0.0004197623230851981,0.0,0.00214057729913891,0.0,0.0014474679876712855,0.0,8.615007366301457e-11,8.572630965422731e-05,0.0,1.2297835129229889e-05,0.0,0.002744860915209936,0.0,0.000488798661792782,0.0028647193219657504,0.0,0.0,0.0010443004337850864,0.0,0.0009636907495068221,5.0800871477240365e-16,1.7852602262828707e-06,[1],"[14, 17, 20]"
52,0.0,0.07651636031940336,0.0004157956112481411,0.0,0.010351696200442,0.0,0.0,0.0,0.0,0.011786080971781975,0.0,5.5792462408836255e-05,0.0,0.00014475662973228044,0.00028521744829155903,0.0014005380390959927,0.0,0.0006699330038285586,0.0,8.472891411528739e-12,0.00034621028473186776,0.0,1.0496042810229046e-05,0.00022265915290136485,0.0,0.0,0.000184840207072914,0.0005303562581208356,5.144882456716775e-16,0.02448272402102974,0.000331836435556396,0.0,0.0007777296172827969,1.7058402718849716e-16,0.0,[1],[20]
53,0.0,0.08063177527321223,0.00041790731452083106,0.0,0.01078835050398777,0.0,0.0,0.0,0.0,0.012367943113894869,0.0,6.59818531046993e-05,0.0,0.0002824000245455166,0.0,0.0015182076781693943,0.0,0.0006641723056279877,0.0,6.446083207158184e-11,0.0005937454739774082,0.0,0.002254348090677377,0.0002336680619200385,0.0004347309745178731,1.4049577914323876e-10,0.001064041477536123,0.0005311612839549526,0.0,0.0,1.6551487202544785e-05,0.0,0.00014934758697968117,6.994830001835302e-16,0.0,[1],[20]
54,0.0,0.07175125067038383,0.0004113703374180677,0.0,0.009680302498481943,0.0,0.0,0.0,0.0,0.011036002826744431,0.0,0.0,0.0,0.00020305818825426175,0.00047970767760297634,0.0012964265957215956,0.0,0.00102002659559385,0.00021638665003609743,1.325360923639493e-10,0.00047999469508381394,0.0,0.0012852464796775656,2.1432317544551683e-05,0.0,1.1902223094336475e-11,0.0005918948835707042,0.0,0.0,0.0,9.18263200039494e-05,0.0,0.00022921285902988177,1.430203754019177e-16,0.00165771531919557,[1],[20]
55,0.0,0.07544860326002828,0.0004652790895174435,0.0,0.010262168128991596,0.0,0.0,0.0,0.0,0.011623573613920827,0.0,0.0,0.0,0.00020021723191599166,2.7127529799278457e-06,0.0013472114652132948,0.0,0.0006585148857927184,0.0,7.40682169128594e-11,0.00039191295292740106,0.0,0.0,2.3279313018798952e-05,0.0,5.958040559357511e-11,0.0001778984046819986,0.0004916384548658215,0.0,0.00266209770915119,0.00038142045762095517,0.0,6.704479219027993e-05,0.0,5.679247080245505e-05,[1],[20]
56,0.0,0.07728935217277397,0.00032852232043172476,0.0,0.010056720171008334,0.0,0.0,0.0,0.0,0.011769107498690952,0.0,1.9426557387899135e-05,0.0,0.0003486617370786528,0.000564898293152114,0.001529054852883006,0.007320583005292982,0.0005420923801343788,0.0,1.642946761381355e-10,0.0007925824654903988,0.0,0.002442567761945915,0.0,0.000701744270310894,7.80525169571221e-12,0.0013561617604273518,7.181656420899462e-05,0.0,0.0,9.140807057040254e-06,0.0,0.0006598822215959864,3.65306275562514e-16,0.0007551786136326801,[1],[20]
57,0.0,0.06483375186849273,0.00023651200598773892,0.0,0.008401939915192353,0.0,0.0,0.0,0.0,0.009826621622171579,0.0,0.0003291563150498253,0.0,0.0001367358269050894,0.0,0.0014246544235134927,0.0,0.0022526319898618515,0.0,0.0,0.0004190261144165757,0.0,0.0,0.0,0.0,0.0,0.0,0.0013131819414149086,7.521889408718732e-15,0.0,0.00034684061756304,0.0,0.00025298158475414267,1.3522720207901036e-15,0.00032081298821759176,[1],"[17, 20]"
58,0.0,0.07198937990134766,0.0,0.0,0.008655831370868132,0.0,0.0,0.0,0.0,0.009472777905202512,0.0,0.0005614575582319672,0.0,0.0,0.0,0.00228877216714493,0.0,0.01470083637328105,0.0,0.0,0.0021676956200495224,0.0,0.0,0.0,0.0,0.0,0.00034920589312289975,0.0,0.0,0.023385077192542607,0.0005647749685256762,0.0,0.00037369078440574027,0.0,0.0,[1],[20]
59,0.0,0.07398126125028143,0.00044298250453795994,0.0,0.010112557653708058,0.0,0.0,0.0,0.0,0.011427228039962498,0.0,0.0,0.0,0.00022367539375986348,0.0,0.0012907380050290308,0.0,0.0007166693318939238,0.0,1.1495921390351565e-11,0.0004875472232164479,0.0,0.0019245074652166124,0.0003467868589882624,0.00011212490395753056,7.951665613299779e-11,0.0008458321640970498,0.00021777836312121768,0.0,0.0004247138798717937,1.3692020427836943e-05,0.0,0.00048392653685514826,3.685814492162471e-16,0.0,[1],[20]
60,0.04665244951245157,0.0,0.0,0.0,0.0,0.001860009366662661,0.0,0.0,0.07727430562841138,0.0,0.0,0.006710458663770102,0.0,0.000685068371463526,0.04097079155397614,0.0,0.0,0.0,0.0,5.0986545930208535e-12,0.0019000225931718707,0.0,0.001378139084497162,0.0,0.0,1.9707933156713243e-11,0.0007218634046803937,0.005073124537733429,3.132074029761032e-14,0.0,0.0,0.0,0.0,8.548803019443171e-16,0.02592176164463936,[8],"[21, 37]"
61,0.030143105013122444,0.0,0.0,0.0,0.0,0.0012166192325563157,0.0,0.0,0.05161612839333155,0.0,0.0,0.00643973351735397,0.0,0.0024302727629115497,0.17074025573133894,0.000994975918443095,0.0,0.0,0.006684808324944226,3.6945424050721027e-10,0.00020673561619419646,0.0,0.0,0.003001187618653978,4.17290771208802e-05,6.540852485961198e-11,0.0,0.014503806049632261,6.385540837649634e-14,0.0,0.0,0.0,0.0,0.0,0.02958347527204474,[14],[21]
62,0.05031648100911905,0.0,0.0,0.0,0.0,0.0022013625128705504,0.0,0.0,0.08178844240732973,0.0,0.0,0.009855711690462116,0.0,0.001711795785731844,0.0,0.0013786501673365606,0.0,0.0,0.0,3.337812837739466e-10,0.0018186607353644392,0.0,0.0012345132566997322,0.0,0.0,0.0,0.0,0.022477186016482163,0.0,0.007827793256809814,0.0,0.0,0.0,4.173968876564288e-16,0.002276578907759427,[8],[37]
63,0.03765283485548144,0.0,0.0,0.0,0.0,0.0015046469146789989,0.0,0.0,0.061830713328022376,0.0,0.0,0.0024060777289466742,0.0,0.0,0.009478237622876454,0.0,0.0008460393236141063,0.009270264619336803,0.0,1.5397904151826984e-10,0.005273113221587072,0.0027397394504479655,0.0001372408567034748,0.0,0.0,1.2962567667519849e-11,0.0013611458346230697,0.0,0.0,0.009682065490326236,0.0,0.0,0.001867577319659378,2.058727442429211e-16,0.031927097317387,[8],[-1]
64,0.05020369279590209,0.0,0.0,0.0,0.0,0.0020187042041749943,0.0,0.0,0.08159618048119176,0.0,0.0,0.0070289312243993225,0.0,0.0006231137864373701,0.0,0.0004592149796486922,0.0020913383693658707,0.0,0.0,1.2432412699481024e-10,0.0,0.0,0.0,0.0,0.01150804364811652,0.0,0.0,0.01357293530429296,4.2154988300516897e-14,0.0,0.0,0.0,0.00155605363526872,7.023129829955348e-17,0.0018920797028856042,[8],"[37, 39]"
65,0.04257364770706324,0.0,0.0,0.0,0.0,0.0018849362062933756,0.0,0.0,0.07169447126592586,0.0,0.0,0.009826105012288793,0.0,0.0027087078589283294,0.04240815904632414,0.000987297548393255,0.0,0.0,0.0,0.0,0.0,0.0,0.00475191693932754,0.0,0.0053019041552422545,0.0,0.004218032826188201,0.025051123815297966,0.0,0.0,0.0,0.0,0.0006731216826310314,4.53666513274792e-16,0.0,[8],"[5, 21, 26, 29]"
66,0.0,0.07358295463256512,0.0003469174073041448,0.0,0.009797260429210612,0.0,0.0,0.0,0.0,0.011269568070194826,0.0,0.00023450650184909306,0.0,0.00016321060005262275,0.0,0.001408515270996457,0.0,0.00048744440549202767,0.0,2.5950594211979335e-12,0.0003788660664135584,0.0,4.399135450690099e-05,0.0,0.0,9.580186888711175e-11,0.00019439910089623984,0.0009137050100973108,0.0,0.0,0.0003476040420319765,0.0,0.00013778124508364718,0.0,0.0,[1],[20]
67,0.039243866257872906,0.0,0.0,0.0,0.0,0.001746421379643091,0.0,0.0,0.06419889047430818,0.0,0.0,0.00746887806646956,0.0,0.001402746554790769,0.0,0.001170777841147314,0.002275483399499245,0.0,0.0,0.0,0.0014385084469214424,0.0,0.0031655528623571664,0.002551400671984183,0.0023131206262743554,0.0,0.0014825404677566753,0.016433850507526226,0.0,0.0030148547459153997,0.0,0.0,0.0,9.432383496338587e-16,0.0,[8],"[32, 37]"
68,0.0396772358272835,0.0,0.0,0.0,0.0,0.0017054863742552346,0.0,0.0,0.06502177220240689,0.0,0.0,0.008775626243248095,0.0,0.0030825354864307776,0.0,0.0006821171107050564,0.0,0.0,0.0,0.0,0.0009250130088758136,0.0,0.0,0.0,0.0,5.3812044410663415e-11,0.0,0.024741077672134175,1.3360132739209638e-14,0.012866082958219125,0.0,0.0,0.000414985524415816,0.0,0.0066179530418773,[8],"[10, 15, 32, 37]"
69,0.0,0.06355157579336224,0.0001788484062601501,0.0,0.007793941585006982,0.0,0.0,0.0,0.0,0.009651645619405801,0.0,0.0,0.0016755182284679884,0.0009131182152115531,0.0032953491672383013,0.0012650826391903689,0.05333146502028784,0.0022470629040165085,0.000442481341486885,0.0,0.0012871484175486134,0.0,0.0,0.0002472546658010103,0.003887586969765987,4.801380068148508e-11,0.0,0.000114354666212202,1.2208369379958106e-15,0.0,2.0633465453785368e-05,0.0,0.0,0.0,0.0,[1],[20]
70,0.0,0.07507847151364812,0.0007423596715530388,0.0,0.009654004986662306,0.0,0.0,0.0,0.0,0.011982258548504805,0.0,0.0,0.008691664089417407,0.0034322248849269813,0.0,0.0003625818850687748,0.0,0.003698350125295245,0.0,5.965892774091021e-11,0.001354152599560603,0.0005351077764278993,0.0010310823447926346,0.0,0.007235087499327102,0.0,0.0,0.010917685127105455,0.0,0.0,0.0,0.0,0.0,0.0,0.0,[1],[20]
71,0.0993734279028537,0.0,0.0,0.003984254752886106,0.14563851965751073,0.0,0.01505341821366083,0.0,0.012047283777536992,0.0,0.14514518656342607,0.0,0.006020909906907474,0.0005866975030850678,0.006130038472160087,0.003700324468362512,0.0012840609008715506,0.0,0.0,6.140632637075915e-11,0.00033284155730093913,0.0,0.001830107671651085,0.0,0.0006705055970274386,0.0,0.0014269890089991404,0.0,5.030229675223103e-14,0.0,0.0,0.0,0.0,7.907685353178929e-16,0.0,"[4, 10]",[1]
72,0.08653257382365076,0.0,0.0,0.0034760963820973855,0.12798649540109844,0.0,0.013057944939922149,0.0,0.010002773516647523,0.0,0.1268774571164119,0.0,0.005691972164965787,0.0010817931050097073,0.005683807645974417,0.003985789643292367,0.0009870391344269198,0.0,0.0,6.683629636290361e-10,0.00047408875583603407,0.0,0.0021246508231644668,0.0,0.0004342600043016394,0.0,0.0,0.0,0.0,0.0,0.0,0.0,0.0004529399306948524,8.98653707159567e-16,0.0,"[4, 10]",[1]
73,0.025631275745727027,0.0,0.0,0.0,0.0,0.0010195813209309807,0.0,0.0,0.044360540037863494,0.0,0.0,0.004738582687837422,0.0,0.0020900795571780232,0.1917015199403901,0.001280802397771604,0.0,0.00506181230783775,0.009162575312472991,0.0,0.0003211325280625543,0.0,0.0,0.011200220310163935,0.003604168918743833,0.0,0.0,0.011574862662186061,4.667048381183465e-14,0.0,0.0,0.0,0.0,0.0,0.0,[14],[21]
74,0.02593305770734932,0.0,0.0,0.0,0.0,0.0006324601030528701,0.0,0.01593990202942767,0.04115878535753717,0.012990591572852395,0.0,0.0,0.06942256369064255,0.0,0.08048561119846255,0.0051902256484865576,0.016019109011151875,0.0,0.025790914919435748,5.340032550889686e-10,0.0,0.026537165249459014,0.003887087176892068,0.0,0.0,4.859850283176304e-11,0.0,0.0,0.0,0.004886166393084172,0.007541633872130987,0.013803275093481053,0.02121437227410664,1.4109750977481831e-15,0.3321001242034245,[34],[40]
75,0.0,0.07731399756536254,0.0003942070775803834,0.0,0.010255556304478207,0.0,0.0,0.0,0.0,0.011802495754560272,0.0,8.130487186669189e-05,0.0,0.00030050898548033016,0.0,0.00145110402969267,0.0,0.00093553670946249,0.0,1.3281933466317733e-10,0.0005413183376256227,0.0,0.000950402385923891,0.0003175022072264262,0.0,0.0,0.0006478174185007869,0.0008798976264595345,0.0,0.0012075487511663066,0.00016858936167930643,0.0,0.0003794293811149356,1.2313049075106362e-16,0.0,[1],[20]
76,0.04591404977187571,0.0,0.0,0.0,0.0,0.0017250846548384205,0.0,0.0,0.07474684105012912,0.0,0.0,0.00693710614301414,0.0,0.000877687673740757,0.0,0.0007125526359900436,0.0026761502025380614,0.0,0.0,0.0,0.001273295487415967,0.0,0.0014692703809687671,0.0,0.00044779026200271287,0.0,0.000555225922982743,0.01282061415430513,4.005659735048053e-14,0.0014375701141015591,0.0,0.0,0.0,2.9276685077716734e-15,0.03138079301051611,[8],"[7, 15, 37]"
77,0.0497891831845664,0.0,0.0,0.0,0.0,0.002036348040379662,0.0,0.0,0.08244282150750382,0.0,0.0,0.010761185299950607,0.0,0.0020486717022631224,0.0,0.000866519120631608,0.0,0.0,0.0,0.0,0.0010236000240447004,0.0,0.0019202855910044842,0.0,0.0,0.0,0.0,0.02309421878820233,0.0,0.006226326986122404,0.0,0.0,0.0,0.0,0.0,[8],[37]
78,0.0,0.07766682911130708,0.00046077448696049363,0.0,0.010451415293731682,0.0,0.0,0.0,0.0,0.011910276727812094,0.0,0.0,0.0,0.00032661349699821397,0.0,0.001456940603951748,0.0,0.0007620907573476538,0.0,3.443869760770498e-11,0.0006375521147380643,0.0,0.0014611803267447119,0.00029936839424873175,0.00011473064725607824,6.616308325216721e-11,0.0007635809830458021,0.0005488354921362274,0.0,0.02495164029110442,9.161475464453896e-06,0.0,0.0011680506741115473,9.082695112115004e-16,0.0,[1],[20]
79,0.0,0.06033751205910714,0.0004494923859789489,0.0,0.008428858392534624,0.0,0.0,0.0,0.0,0.009374669726023865,0.0,0.0,0.0,0.00014584623174698351,7.849905653221082e-05,0.0009649881812705605,0.0,0.0008968996810599662,0.00032391867511986276,0.0,0.00021672737516502413,0.0,0.0,0.0001674110579192995,0.0,3.5815171988221475e-11,0.0,0.00012371584621458453,0.0,0.00399772575278544,0.0002846945761209841,0.0,3.141727483629773e-05,0.0,0.00013484871795779962,[1],[20]
80,0.0,0.06593884140919866,0.00036292931343276635,0.0,0.008942243614336858,0.0,0.0,0.0,0.0,0.010128508212266072,0.0,3.45903025290878e-05,0.0,7.804834769713933e-05,0.0,0.0012621657358679716,0.0,0.0007045130339782966,0.0,0.0,0.0003465753820997796,0.0,0.00041895683345858183,4.531104608817511e-05,0.0,8.450501813845365e-12,0.00023809114873528714,0.00044755556605410147,1.7310045774945741e-15,0.0,0.0003292093493173142,0.0,0.00026680539650853185,1.4263949787927973e-15,0.0,[1],[20]
81,0.0,0.00514945468193523,0.0,0.0,0.0,0.0008814293163963178,0.0,0.0,0.0037099986423877332,0.0020192983138746395,0.0,0.005990650915350174,0.0,0.0034299506716903897,0.0,0.008265055117451306,0.0,0.0,0.0,4.1344975445443856e-10,0.009089911541928553,0.0,0.010330518052842071,0.0,0.0,0.0,0.0,0.018408761735491747,6.8614585280547545e-15,0.0022470694555290784,0.0,0.0,0.0,0.0,0.03050286684164026,[34],"[0, 7, 10, 20, 37]"
82,0.0,0.0767346893867079,0.00046498512252858304,0.0033995155357910904,0.010063351606055631,0.0,0.0,0.0,0.0,0.011446345673354702,0.0,0.0,0.0,0.0,0.0,0.0019358660688324832,0.0,0.00034522774209732845,0.0020402388213042054,0.0,0.0,0.0,0.0,0.000477225785161044,0.0005289146123433768,9.318714333124372e-11,0.0001281788308936415,0.0,0.0,0.010270938632894909,0.0006018761486632877,0.0,0.0008762272394259229,0.0,0.0,[1],[20]
83,0.0,0.06790799649040814,0.00024638768696062894,0.0,0.008745186327296893,0.0,0.0,0.0,0.0,0.010277481660702375,0.0,0.0002294478430109918,0.0,0.0002849994495408943,0.0,0.0014706967411794777,0.002449090561014671,0.00011560629087404506,0.0,0.0,0.0005843572220462671,0.0,0.0018806364073034217,0.0,0.0006051331667951485,0.0,0.0008205590799948727,0.0010247659186609086,0.0,0.0,0.0,0.0,0.00018734461192563762,6.891258689157556e-16,0.00039046838469419343,[1],"[12, 20]"
84,0.0,0.06654717618307311,0.0013238527055759136,0.0,0.008659597284924535,0.0,0.0,0.0,0.0,0.0117238316319573,0.0,0.001623260888399638,0.0,0.0026129858031197707,0.00025676093922939985,0.0,0.0,0.000461425605662347,0.0034757331667119554,0.0,0.0,0.005427910160437181,1.362999809051278e-05,0.0,0.0,7.482690013553506e-11,0.0,0.0,1.0120798618880258e-13,0.0,0.0,0.0,0.001481472528371281,1.0908910131579635e-15,0.0033511287026307054,[1],"[20, 43]"
85,0.01782242179490509,0.0,0.0,0.0,0.0,0.0007340803761189822,0.0,0.0,0.03011415405805566,0.0,0.0,0.0050409093755526945,0.0,0.0010994906004088596,0.0,0.0006663802631522264,0.0,0.0,0.0,0.0,0.0005359911772201291,0.0,0.0,0.0,0.0,0.0,0.0006146330941085185,0.013608236720616404,7.479312220299844e-15,0.008154759612999357,0.0,0.0,0.0,0.0,0.0,[8],[37]
86,0.04723171703108132,0.0,0.0,0.0,0.0,0.0019880492911250004,0.0,0.0,0.07758073392645773,0.0,0.0,0.009337716144231692,0.0,0.0017849517237128367,0.0,0.0014690568261566022,0.0,0.0,0.0,4.4090666940961083e-10,0.002504382626381441,0.0,0.00179148494226921,0.0,0.0,1.878198963711865e-11,0.0,0.020474378878823692,6.053192912586589e-15,0.008887564738586338,0.0,0.0,0.0,4.4843223856233735e-16,0.0,[8],"[5, 37]"
87,0.0,0.04050881264486614,3.567499129861399e-06,0.0,0.0045327224227002545,0.0,0.0,0.0,0.0,0.005891571677656759,0.0,0.0003252677706201223,0.0,0.00030719469343614504,0.0,0.0010038795937402473,0.003999712809483164,0.00023052584597036416,0.0,3.4802827886609635e-10,0.0005195974023374024,0.0,0.001027988845948791,0.00020206976450714987,0.00015808076691742963,2.9000306928808287e-11,0.0005487020590784391,0.0006403996416885685,0.0,0.005047003288005025,4.613642079298364e-05,0.0,0.0,4.3034101740030304e-16,0.0,[1],[20]
88,0.0,0.06996269643453519,0.0003406216140685052,0.0,0.00927141650764016,0.0,0.0,0.0,0.0,0.010683406738931563,0.0,6.29343220750746e-05,0.0,0.00029300233139010654,0.0,0.0013905391498599366,0.0,0.0005050462564107083,0.0,0.0,0.0005665063173254787,0.0,0.0013980372775605776,9.397253044454384e-05,0.00041778488158514146,8.4215173623709e-12,0.0006642966819455297,0.0008747302674671911,0.0,0.0,6.72696196258764e-05,0.0,0.0002185725136195069,5.083860543360197e-16,0.0,[1],[20]
89,0.030594025936960437,0.0,0.0,0.0,0.0,0.0012663430941941944,0.0,0.0,0.05318806869187767,0.0,0.0,0.0031945459822611774,0.0,0.0,0.0,0.0025274882275668166,0.03947070886770636,0.011853227437071538,0.0,1.8493485769048677e-11,0.0047126239222554205,0.0,0.0,0.0,0.0,0.0,0.0,0.0,1.6736539143153318e-14,0.0008652135191521804,0.00042198382238236773,0.0,0.0,0.0,0.03965548825991636,[8],"[14, 20, 26]"
90,0.03833454643504992,0.0,0.0,0.0,0.0,0.0015717969660739685,0.0,0.0,0.06289244882142131,0.0,0.0,0.004594131823638304,0.0,0.0,0.0,0.0008602384990472716,0.0,0.0,0.0,0.0,0.003944476001246153,0.0,0.0,0.0,0.0,0.0,0.0,0.00029507627721594645,2.0051726271902465e-14,0.007738675554665085,0.0,0.0,0.0003271609178660525,6.34786781945361e-17,0.002283044710080478,[8],"[35, 37]"
91,0.0,0.07525870271256768,0.00040174960404309724,0.0,0.0100259807185873,0.0,0.0,0.0,0.0,0.011506455150334233,0.0,4.331487316663079e-05,0.0,0.00031637268115600154,0.0,0.0014667700162842672,0.0,0.00047358712822548766,0.0,0.0,0.000612310096134163,0.0,0.0016850909740966518,0.00010216736477748843,0.00017382122605132496,0.0,0.0008358763692807046,0.0007578247805766043,0.0,0.0,7.854234134821993e-05,0.0,0.0004996043451873562,4.474549889240427e-16,3.12091151319383e-05,[1],[20]
92,0.0,0.06947588535901685,0.0003598609206372227,0.0,0.009256894331569046,0.0,0.0,0.0,0.0,0.010625065177630838,0.0,7.036320691020859e-05,0.0,0.00020002234355767754,0.0,0.0013671686798835648,0.0,0.0003669268393345896,0.0,0.0,0.00039171171360382354,0.0,1.3903955006530415e-05,0.0,0.0,0.0,0.0001973079008911101,0.000866575102431373,0.0,0.0,0.0003729047225613305,0.0,0.000534064524876338,0.0,0.00016408741949257202,[1],[20]
93,0.0,0.07588037578114883,0.000471284668237887,0.0,0.010424234489687306,0.0,0.0,0.0,0.0,0.011743050135180226,0.0,9.931425273603971e-07,0.0,0.00011667362735791022,0.0005610492320304494,0.0012983202609790272,0.0,0.0007177433854796649,0.0,9.117924746122489e-11,0.0002937206445191717,0.0,0.0,0.0,0.0,0.0,0.0,0.00028809114394116154,2.362144472832599e-15,0.0,0.00043062323159145894,0.0,1.6984861223062885e-05,3.164756913147283e-18,0.0005123145728972002,[1],[20]
94,0.0,0.06440120676790474,0.00023056582850431072,0.0,0.008197450805926746,0.0,0.0,0.0,0.0,0.009704656058055502,0.0,0.0002211915644194534,0.0,0.0002849060616359282,0.0,0.001315139384987574,0.0,0.0,0.0,9.029603668792688e-12,0.00046477828573183105,0.0,0.0010508909934702595,0.0003751555059649711,4.572861890400632e-05,0.0,0.00035875654736600295,0.001171872366395523,0.0,0.0,0.000111659949790464,0.0,0.00012143206801713699,3.491444882228627e-17,0.0,[1],[20]
95,0.04760052204294679,0.0,0.0,0.0,0.0,0.0019230922180094616,0.0,0.0,0.0793738396731801,0.0,0.0,0.007083149471772665,0.0,0.0013582124654431323,0.06480776486653313,0.0006794287876930871,0.0,0.0,0.00031048343656362424,0.0,0.002737241340797047,0.0,0.002447653734314635,0.0,0.0,0.0,0.0020348540989406144,0.008112697165893456,2.831106309424699e-14,0.0,0.0,0.0,0.0,1.1683642638339192e-15,0.03883542653130086,[8],[21]
96,0.034934035280061976,0.0,0.0,0.012840341574060795,0.0,0.0,0.0,0.0,0.058647001133304455,0.0,0.0,0.0018150477128559756,0.0,0.0,0.02180179779118986,0.003014581503183067,0.00175503537507802,0.005736598192457708,0.024583026169032053,0.0,0.0,0.004279792452975159,0.0,0.0,0.0,0.0,0.0,0.0,0.0,0.0,0.0,0.0,0.006451423338836947,0.0,0.047713494606413644,[8],"[21, 27, 37]"
97,0.0,0.07556410442637206,9.17224946818997e-05,0.0,0.009652036238903485,0.0,0.0,0.0,0.0,0.011636726625993011,0.0,0.0004125168705956376,0.00015721220097038592,0.0,0.0,0.0014284315100658326,0.0,0.0011362569806697687,0.0,0.0,0.0,0.0,0.0,0.0,0.0010826540220486127,7.417323218509816e-11,6.2224993264245105e-06,0.0,2.397141309548235e-15,0.015712167955225613,0.0006745267219300674,0.0,0.0009602811216729864,0.0,0.0,[1],[20]
98,0.0,0.0761799404521082,0.00039088123949769537,0.0,0.010226421304689827,0.0,0.0,0.0,0.0,0.011697536550917114,0.0,0.00017967991504940747,0.0,0.0001787106780565351,0.0,0.0014187852802468735,0.0,0.0004866750722297733,0.0,5.7344494420789e-12,0.00036920261133901593,0.0,0.00015822827379310188,0.0,0.0,1.0028742001420586e-10,0.00023765409373472255,0.0008183937936082263,0.0,0.0,0.00036788020044926635,0.0,0.00022543677876211914,8.0573892736488e-16,0.00010791039681783788,[1],[20]
99,0.0,0.07263296081337417,0.0004453976353795896,0.0,0.009872360590994238,0.0,0.0,0.0,0.0,0.011180148281761872,0.0,0.0,0.0,0.00019550272633441892,0.0,0.0013230738621335789,0.0,0.0004766669427522149,0.0,3.742741793242806e-11,0.00038514643007234845,0.0,0.0,0.0,0.0,1.952178511841911e-11,9.421851443008111e-06,0.0005804930525906392,0.0,0.0,0.00040557903243796447,0.0,2.1194254089322984e-05,6.343690365884291e-16,0.0005065876269555075,[1],[20]
100,0.0,0.06958040215824766,0.0004579896468243113,0.0,0.009521201457668988,0.0,0.0,0.0,0.0,0.010733314802163052,0.0,0.0,0.0,0.0001593683558242971,0.0003558561975535856,0.0013010289213872103,0.00879914695591519,0.0008138301680276295,0.0009177467631444758,0.0,0.00041190196378624417,0.0,0.0014542960695768862,0.0006965886061290262,0.0007098641217960984,2.1235905119214825e-11,0.0006294159710432309,0.0,0.0,0.0,0.00024077188633248338,0.0,0.0,7.317143156722136e-16,0.0,[1],[20]
101,0.0,0.07320157816674816,0.0003672508135356776,0.0,0.009810402965738806,0.0,0.0,0.0,0.0,0.011245137813140066,0.0,0.0001599547877317513,0.0,0.00011938416664010003,0.0,0.001365863470921128,0.0,0.0005829245724148683,0.0,0.0,0.0003052232340234906,0.0,0.0,0.0,0.0,1.8101338211526957e-11,0.00014707146471892475,0.000603931875293907,1.7719400298370142e-15,0.010506579381108156,0.0003529965904888668,0.0,0.0005198761602991689,3.666241986780708e-16,9.173057301033917e-05,[1],[20]
102,0.0,0.07390585147455901,0.001267720934740226,0.0,0.009722170499133737,0.0,0.0,0.0,0.0,0.012739864283540467,0.0,0.0014684567643058629,0.0,0.002419942399431656,0.0003381244474215945,0.0,0.0,0.0007791020082629119,0.0033159387617334706,8.618287983451488e-11,0.0,0.004617290095222899,0.002258137985387539,0.0003182499253979596,0.0007771686100445142,0.0,0.0,0.0,8.66248414393374e-14,0.023021926034915822,0.0,0.0,0.0017470522437419075,1.2387732682135488e-15,0.0011404703768146077,[1],"[20, 27, 30]"
103,0.0,0.0755815985451287,0.0004642573906630731,0.0,0.01036208866976443,0.0,0.0,0.0,0.0,0.011676481332698387,0.0,0.0,0.0,0.00018419781416188785,7.916239365510784e-05,0.0013258127067029305,0.0,0.0007991137948512784,0.0,8.310036219870724e-11,0.0003739319438946911,0.0,0.00016454370780850995,0.0002505049811621795,0.0,4.394012623649544e-11,0.00013093568157271165,0.000549997801187418,0.0,0.0025173973472603114,0.00032388014848460034,0.0,0.0,0.0,0.0,[1],[20]
104,0.0,0.07761011965570219,0.0004202030990551356,0.0,0.010466512366350399,0.0,0.0,0.0,0.0,0.011932366265465217,0.0,1.2484103543602248e-05,0.0,0.00023832876554417452,0.0,0.0014493171025554371,0.0,0.0008771018464670869,5.726109994656976e-06,9.66314028422639e-11,0.00048204801850713376,0.0,0.0018014199924933077,0.0006312169161061248,0.0005447585044040641,0.0,0.0008462089576446626,0.0005419833882528307,0.0,0.02110594810041792,4.436416861151126e-05,0.0,0.0007670571812720907,0.0,0.0,[1],[20]
105,0.05621164088143747,0.0,0.0,0.0,0.0,0.0016637415833682836,0.0,0.00863843481300215,0.08792620382149505,0.01560911693300639,0.0,0.0,0.07848505115398874,0.005197401703005448,0.0,0.0,0.0,0.0,0.01105221033764688,5.239153063596872e-10,0.0030751292101304935,0.0008487353279183264,0.0,0.11847814283025347,0.012068632627041179,6.142967513363027e-11,0.0,0.0,1.834820969500518e-13,0.0,0.012629681815394889,0.008851403636249531,0.00583480835954279,0.0,0.0,[23],"[11, 37, 40]"
106,0.02812924360577278,0.0,0.0,0.0,0.0,0.0,0.012936001277651495,0.013257322805033809,0.04190363774058572,0.025800864352010327,0.0,0.030154206194030794,0.1231158370850045,0.0,0.0,0.004462847461647103,0.0,0.004732281181008723,0.013906297833133791,0.0,0.0,0.0,0.05535071663800339,0.010861759853778566,0.11421437763594476,0.0,0.016807950234258837,0.0,0.0,0.0,0.0,0.018091446826311336,0.012863722839672295,1.8519857647583825e-14,0.0,"[12, 24]","[11, 40]"
107,0.07233100285879558,0.0,0.0,0.0031174073885627393,0.10662390047323499,0.0,0.011147089694984359,0.0,0.008174063361518531,0.0,0.1060095799353259,0.0,0.004354086794669589,0.0,0.008670364972964527,0.0009319177163064902,0.0002844761765832961,0.0007611689613972734,0.0,0.0,0.0019253174067587833,0.0,0.004384268910718907,0.0,0.0,4.4309634129952464e-12,0.0008039862121730254,0.0,2.5237991592816336e-14,0.0,0.0,0.0,0.0,2.2795363972767502e-15,0.0,"[4, 10]",[1]
108,0.07725239590824837,0.0,0.0,0.0034101660341829656,0.11512135926297695,0.0,0.011907736343818583,0.0,0.008117548654589237,0.0,0.11376330305356573,0.0,0.004458703561846059,0.0,0.008720487738417413,0.0015730860293929807,0.0009533152326888392,0.0,0.0,0.0,0.0005229223091515631,0.0,0.0,0.0,0.0,0.0,0.002057336536264806,0.0,3.293152701537539e-14,0.0,0.0,0.0,0.0,0.0,0.0,"[4, 10]",[1]
109,0.0,0.07346995641379496,0.0005164205814292683,0.003479660184401379,0.009793518921783812,0.0,0.0,0.0,0.0,0.010991536954777744,0.0,0.0,4.507859469330077e-05,0.0,0.0,0.0018361898087145751,0.0,0.0006815392877855428,0.0026001113131537018,5.072774057689832e-11,0.0,0.0,0.0,0.00015293433771051667,0.0005481804083974285,4.988234682105035e-11,0.0,0.0,0.0,0.00903576420367823,0.0006192511363922107,0.0,0.001315873356183576,0.0,0.0,[1],[20]
110,0.0,0.04420883825967788,0.0002930699321510385,0.002041390922655263,0.005237693100817263,0.0,0.0,0.0,0.0,0.006537198580212169,0.0,0.0,0.002474019295181245,0.002185183054820372,0.0,0.0006862286188357817,0.15985569287947002,0.0033482264997240414,0.0,0.0,0.0029525576381560677,0.0,0.0,0.003486123773219768,0.009775225520480954,0.0,0.0,0.0,3.592254945097584e-14,0.1813729723709552,0.0,0.0,0.003049062718161937,0.0,0.0,[29],[20]
111,0.0,0.07595789618991013,0.0004009519699596116,0.0,0.010246171906221988,0.0,0.0,0.0,0.0,0.01168003113332904,0.0,0.00014965686661181146,0.0,0.0001627974036986616,0.0,0.0013905217087329335,0.0,0.0006550958205981447,0.0,1.601673563496877e-11,0.00032563847435754587,0.0,0.0,5.026154542311918e-05,0.0,0.0,0.00023991962040064267,0.0008048359954884339,0.0,0.0032182025983581576,0.0003326278474111857,0.0,0.00016030003289861641,5.004875721644424e-16,0.0,[1],[20]
112,0.0,0.0742672413870813,0.00039873607255036314,0.0005228403614424833,0.009958959313683749,0.0007135628395491563,0.0,0.0,0.0,0.011464242639256925,0.0,0.0001652152067683937,0.0,0.00044111514790792024,0.0,0.0011821271661834525,0.0,0.000353359482498984,0.0,3.1185671522283545e-11,0.0005780300867692829,7.302125868661539e-05,0.00184151405738273,6.275771226783023e-05,0.00035958199810120746,1.0052997570679346e-11,0.0009477675351225679,0.0004918029984482314,0.0,0.0,0.0,0.0,0.0,0.0,0.0006303401922489523,[1],"[20, 43]"
113,0.0,0.020902285963162844,0.0,0.0,0.0,0.000613719714388141,0.0,0.0,0.0,0.0032287226475315243,0.0,0.006468327133227091,0.0,0.003512233760153697,0.0,0.00769371105699699,0.0,0.0,0.0,2.7969977599936385e-10,0.00782844008028879,0.0,0.00847176758845246,0.0,0.0,3.9861305888722865e-11,0.0006862429135427123,0.021200511963385647,0.0,0.0,0.0,0.0,0.0,0.0,0.0,"[1, 27]","[20, 37]"
114,0.0,0.06836445082719372,0.0005071413050077466,0.008201911936163955,0.008739414209676758,0.0,0.0,0.0,0.0,0.009783360623217649,0.0,0.0,0.00029250664976264033,0.0,0.0,0.0021685005082283542,0.0,0.0006005987558414354,0.0035851521387152904,0.0,0.0,0.0,0.0,0.0005425972809261774,0.0010212015024690779,1.3161465284920282e-10,0.0,0.0,0.0,0.0,0.0007507903522692841,0.0,0.0010811050242818577,0.0,0.00016160860062436848,[1],[20]
115,0.0686736223448463,0.0,0.031907823355918664,0.0,0.0,0.001352603648816526,0.0,0.0,0.09618439538385244,0.053088135274022,0.0,0.0,0.06683680982914147,0.0,0.0,0.08654953001392317,0.0,0.0,0.020114655151948515,6.948658911147139e-10,0.007727761573587534,0.0,0.0,0.027149704618876416,0.051653868510720395,0.0,0.0,0.0,3.0551945920385943e-13,0.0,0.015101594270784571,0.018924538761044003,0.0,1.407726061079422e-15,0.0,[8],"[0, 10, 37, 40]"
116,0.0389150472034475,0.0,0.0,0.0,0.0,0.0016718116009052898,0.0,0.0,0.06477510821381678,0.0,0.0,0.00954051807128352,0.0,0.002543247495361524,0.0,0.0014380360261955927,0.0,0.0,0.0,0.0,0.0011249209997834255,0.0,0.00023629489403143649,0.0,0.0,2.0498708558478976e-11,0.0010143718561804657,0.025281560708776806,9.07277103010561e-15,0.007489115562722151,0.0,0.0,0.0,0.0,0.000381181925830445,[8],[37]
117,0.0,0.07314651241624834,0.00045651843777172414,0.0,0.010066982884316442,0.0,0.0,0.0,0.0,0.011305887170977268,0.0,0.0,0.0,0.00010517402244414247,0.00010307814136516227,0.0012980612877016324,0.0,0.0007483312610058487,0.0001367082154043845,0.0,0.0002818326126239716,0.0,0.00015830284001762848,0.00021448731792214176,0.0,1.0110020368471523e-10,0.00014236778947358607,0.00034611227603678196,0.0,0.0,0.0003696214484622183,0.0,5.622429146213502e-05,0.0,1.64677647609116e-06,[1],[20]
118,0.03038802548590859,0.0,0.0,0.0,0.0,0.0013732229761664392,0.0,0.0,0.05022486468259047,0.0,0.0,0.008818970931012662,0.0,0.001989837802168659,0.0,0.0021337819923325,0.0,0.0,0.0,0.0,0.0014745655210020166,0.0,0.0002823048260349615,0.0,0.0,0.0,0.0004105154216029352,0.023917467400410848,1.0524264182255883e-14,0.010500166218008786,0.0,0.0,0.0,0.0,0.0011127885976893624,[8],[37]
119,0.04617021737592182,0.0,0.0,0.0,0.0,0.001888372511389327,0.0,0.0,0.07573566187005147,0.0,0.0,0.01346077045203823,0.0,0.0,0.0,0.0011906776976024214,0.0,0.0,0.0,0.0,0.0,0.0,0.0,0.0,0.0,0.0,0.0,0.014495682765982025,0.0,0.005722607174914329,0.0,0.0,0.005516442192934135,2.0979033473681674e-15,0.0,[8],"[32, 34, 37]"
120,0.0,0.06508103761117083,0.000338815097399673,0.0,0.008837893588021001,0.0,0.0,0.0,0.0,0.010058361669738983,0.0,0.00016348203495192084,0.0,0.00010624257285432058,0.00025048836435073095,0.0011316459181389023,0.0,0.0005185313201971381,0.0,9.442905147431714e-12,0.00021132356010765188,0.0,0.0,0.0,0.0,0.0,0.0,0.0005245489540796956,4.73954227358719e-15,0.0,0.000310875956977359,0.0,1.1759431857392231e-06,4.598336324077027e-18,0.001104777716902804,[1],[20]
121,0.0,0.06427359926454057,6.112959457704305e-05,0.0,0.007448294638769524,0.0,0.0,0.0,0.0,0.009432574096518598,0.0,0.000616939089786233,0.0,0.00045940093130215415,0.0,0.0017765673294456597,0.0,0.0,0.0,5.071197069658997e-11,0.0006522856075737527,0.0,0.0008405884098821465,0.0,0.0,7.036384182912272e-11,0.0006737928520614319,0.0026321834180684576,0.0,0.012101139617739657,0.00014163133575476598,0.0,0.0005802847523050518,0.0,0.0,[1],[20]
122,0.0,0.06404199734159649,0.0003128099854626966,0.0,0.008384710789819784,0.0,0.0,0.0,0.0,0.009718494015103649,0.0,3.313351368691618e-05,0.0,0.0002665941493272675,0.0,0.0013111186383760955,0.0,5.6121806469611666e-05,0.0,0.0,0.0005752470086625822,0.0,0.0010956969111294138,0.00048441232914378133,5.551389048977032e-05,0.0,0.00043929709718763083,0.0007178319311665831,0.0,0.0,0.00020413599508910593,0.0,0.00010520628745460386,2.5884321131277725e-16,0.0,[1],[20]
123,0.0,0.07250271622579742,0.0003879156216561805,0.0,0.009750799265172602,0.0,0.0,0.0,0.0,0.011132269581509379,0.0,3.0048804447924735e-05,0.0,0.0001818255218187297,9.386607239394883e-05,0.0013912783230889258,0.0,0.0004883976216468173,0.0,2.5573975518510072e-11,0.0004597796059574153,0.0,0.0013607293100335652,5.702864277482286e-05,1.339955323294578e-05,6.768213100308862e-11,0.0005709617258397852,0.0004287816991526953,0.0,0.0,0.0001247948497930286,0.0,0.00014040138451950864,1.0675784846490902e-15,0.000127638225117519,[1],[20]
124,0.03956527515167977,0.0,0.0,0.0,0.0,0.001628528033194264,0.0,0.0,0.06476533909023996,0.0,0.0,0.012068450437287945,0.0,0.003026575222036731,0.0,0.0,0.0,0.0,0.0,4.245645859957402e-10,0.020442513615148702,0.0,0.0033392912679315314,0.0,0.00850276566325976,2.845154821728602e-11,0.0,0.02561592271618838,0.0,0.0030750463282565284,0.02629945035998701,0.0,0.004079505464813203,9.102197188657045e-16,0.0031696161386902135,[8],[37]
125,0.05079031185222177,0.0,0.0,0.0,0.0,0.0020295294652424756,0.0,0.0,0.08479507573340105,0.0,0.0,0.009916282553462847,0.0,0.005730178048260943,0.039330068838987174,0.0,0.0,0.0,0.00055401686709394,0.0,0.0,0.0022631562989017954,0.0024128059584123127,0.0,0.0,0.0,0.0006213520781130348,0.017634576249178198,1.4262646195052175e-13,0.0,0.0,0.0,0.0,1.3533172601032556e-15,0.020264854769010975,[8],"[21, 37]"
126,0.04754557771475811,0.0,0.0,0.0,0.0,0.0019348263707867114,0.0,0.0,0.07943434204215001,0.0,0.0,0.009087128747952764,0.0,0.0028102163769843915,0.059356022429637854,0.0015490472626082117,0.0,0.0,0.0,0.0,0.001321555209722101,0.0,0.004066920164650074,0.002954044183474105,0.0017652406828451046,0.0,0.0022644393981257663,0.022563474912455857,2.1753545480554655e-15,0.0,0.0,0.0,0.0,6.290742028701605e-17,0.0,[8],"[21, 37]"
127,0.05293762157713583,0.0,0.0,0.0,0.0,0.002153863438798897,0.0,0.0,0.0864418821682319,0.0,0.0,0.008449041886830553,0.0,0.0013148371914937136,0.0,0.00034960633852276725,0.00041243074565146915,0.0,0.0,5.490160709005951e-10,0.0,0.0,0.001809705521278393,0.0,0.01231704083696625,2.314964991090643e-11,0.000699381906879518,0.019384463289072562,1.3797272027378537e-14,0.0,0.0,0.0,0.0008086972324687557,8.373475698150355e-16,0.00287418431706605,[8],"[15, 34, 37, 39, 42]"
128,0.0,0.07243565930816627,0.00045275736451037244,0.0,0.009911327932349098,0.0,0.0,0.0,0.0,0.011165627072962397,0.0,0.0,0.0,0.00016745641852642973,0.0,0.0012917731589448056,0.0,0.0006423193456678791,0.0,2.4140429580992176e-12,0.0003766680748733137,0.0,0.0,0.0,0.0,0.0,0.0,0.0005904669712417909,0.0,0.005076373510905897,0.00038679288268837504,0.0,0.0002842812651451713,0.0,0.00040878861837797105,[1],[20]
129,0.02772905050999741,0.0,0.0,0.0,0.0,0.0012093169809163414,0.0,0.0,0.04790472455556894,0.0,0.0,0.006374862081340565,0.0,0.0034006212368903536,0.19325990785902752,0.0013626937411128635,0.0,0.0,0.006065171431489134,1.4544692273896115e-10,0.0008873680608255531,0.0,0.0,0.011999968120047467,0.0028873497299007154,1.854546474543704e-11,0.0,0.01942075527214568,4.6102301880638974e-14,0.0,0.0,0.0,0.0,0.0,0.0017118191826021147,[14],[21]
130,0.018154347954693884,0.0,0.0,0.0,0.0,0.0006170543365525599,0.0,0.0,0.03139293964387785,0.0,0.0,0.00031534970857184316,0.0,0.0,0.14593838777111853,0.0016198514028327457,0.0,0.0,0.011678630982928243,8.962747374729668e-10,0.0023231920001252084,0.0,0.0,0.0,0.0,0.0,0.0,0.0,4.5708433141590227e-14,0.0,0.0005096864688470464,0.0,0.0,0.0,0.03863516932266682,[14],"[10, 15, 21]"
131,0.0,0.07917156175184734,0.0004101167280602627,0.0,0.010466805762157552,0.0,0.0,0.0,0.0,0.012080286600916661,0.0,0.0,0.0,0.0004656807214236979,0.0,0.0015159765086269598,0.010831177989880413,0.00039208684768106096,0.0,1.0842290949057655e-10,0.0009094121706170882,0.0,0.002167107166884173,0.0006247985149886311,0.0009004879537889013,8.0489791923977e-11,0.0010321982887265791,0.0003125612699721174,0.0,0.0,0.0,0.0,0.0,1.1752987852929477e-16,0.0,[1],"[20, 30]"
132,0.0,0.07726230685691,0.0004315124405223706,0.0,0.010481879878772513,0.0,0.0,0.0,0.0,0.011905834993255881,0.0,5.367719706807173e-05,0.0,0.0001769277905318746,0.0,0.0014144872581826496,0.0,0.0006142121352694679,1.8644297685046707e-05,7.270076892201988e-11,0.0004118247919911139,0.0,0.0011671512641733106,0.00022842042819458657,0.0,0.0,0.0006054575343032266,0.0004818065012233685,0.0,0.007256666937835758,0.00011741306140587803,0.0,7.879341952312566e-05,2.1203662970946485e-16,0.0,[1],[20]
133,0.0,0.051890330792587175,0.00027836743340606176,0.0,0.007072505160414344,0.0,0.0,0.0,0.0,0.007998733437878273,0.0,1.6996900702742267e-05,0.0,0.00010780762191646698,0.00015733075010504726,0.0009308106056373633,0.0,0.0008582716638492313,0.0,0.0,0.00031273129251080373,0.0,0.0010132882020800142,7.761705741691638e-05,8.28569402900531e-05,2.018620762516478e-11,0.0004815984241606661,0.0002626244465162729,0.0,0.0,2.957752443853659e-06,0.0,0.0,4.221912264268549e-17,0.00038462495290913536,[1],[20]
134,0.0,0.0760789513243855,0.0004274015983399451,0.0,0.010244249167857279,0.0,0.0,0.0,0.0,0.011686600055280601,0.0,4.311879024949174e-05,0.0,0.00018422613258313794,0.0,0.0014101073647289498,0.0,0.0005834162657019424,0.0,5.4992000779546066e-11,0.0004039797227000583,0.0,0.0,0.0,0.0,2.493656045966919e-11,0.0002047147688055072,0.0005913137312982668,0.0,0.004161309448209261,0.00039955393010551157,0.0,0.0004229662666827356,0.0,0.00036505041462612755,[1],[20]
135,0.0418924576575576,0.0,0.0,0.0,0.0,0.0016581246800553694,0.0,0.0,0.06930194422937237,0.0,0.0,0.007829003603757838,0.0,0.001149849140176621,0.0,0.0006421197801995134,0.0,0.0,0.0,0.0,0.0,0.0,0.0,0.0,0.004165262553460381,2.3719068860018347e-11,0.0007599621549267134,0.016957253771908685,3.9646247719045655e-14,0.0047878706673545705,0.0,0.0,0.00014516605558814662,0.0,0.0,[8],[37]
136,0.05667872655811226,0.0,0.0007455762767959821,0.0,0.0,0.0016369807797055997,0.0,0.006097168378523204,0.08810191743849097,0.016852433973603323,0.0,0.0,0.06114366006689873,0.0,0.0,0.0,0.0022868888397329155,0.0,0.013292373378641704,0.0,0.0,0.0,0.0,0.0,0.010154931498552814,0.0,0.0,0.0,7.934552326381254e-14,0.0,0.01274269083636784,0.013555949066773184,0.011155057536353917,0.0,0.0,[8],"[37, 38, 40]"
137,0.0,0.07537560049066287,0.00038253603524021856,0.0,0.010120562088188423,0.0,0.0,0.0,0.0,0.011585516561233748,0.0,0.0001539293970221207,0.0,0.00015829807553937117,0.0,0.0013814382631156046,0.0,0.0005976689331028592,0.0,6.3527211562063465e-12,0.0003608570743354351,0.0,2.030545358757789e-05,0.0,0.0,0.0,0.00024342814694592097,0.0006525244272843864,0.0,0.010420958211047255,0.00032947144786704674,0.0,0.0005976186530429547,1.2629856346554298e-16,0.00031308310207264355,[1],[20]
138,0.0,0.07898484477264257,0.0003392358934350779,0.0,0.01029094854718671,0.0,0.0,0.0,0.0,0.011999032170075108,0.0,7.407390976840626e-05,0.0,0.00043218835318370577,0.0,0.0015981542213484952,0.016712330646507602,0.0011264121516611715,0.0,5.538556637626157e-11,0.0009254971565387406,0.0,0.0015628592333282584,0.0004767444074422882,0.001057489575897814,0.0,0.001041723534790215,0.00041199758054378513,0.0,0.0,6.529918768986644e-05,0.0,0.0,1.4641525946343573e-15,0.0,[1],[20]
139,0.0,0.05935493907378679,0.0002725295768004091,0.0,0.007825382279011002,0.0,0.0,0.0,0.0,0.009040789421057408,0.0,0.0,0.0,0.0003314259990252345,0.0,0.0012327225234802452,0.016611338262927305,0.0006311119419930215,0.0,0.0,0.0007474527491670715,0.0,0.00025693786085079115,0.0,0.0010759048938900942,0.0,0.000306559238178185,0.0003631151447155351,0.0,0.0,0.00016815825120212706,0.0,0.0,0.0,0.0003629691845998239,[1],[20]
140,0.055848148756511465,0.0,0.0,0.0,0.0,0.0022213723952471402,0.0,0.0,0.09228750772180552,0.0,0.0,0.010753405757194454,0.0,0.0024656086451760447,0.023438785382682747,0.00010311647724823711,0.0,0.0,0.0,5.60313680385467e-11,0.00048340173754672747,0.0,0.008817450809330588,0.0,0.00023805989226346571,3.453251314411343e-11,0.0038628657253840077,0.0235236450861213,0.0,0.0,0.0,0.0,0.00030152055964328446,1.3172981204732847e-15,0.0,[8],"[10, 21, 37]"
141,0.02879528700415743,0.0,0.0,0.0,0.0,0.0013493978853741297,0.0,0.0,0.05116681278088304,0.0,0.0,0.006504037312609798,0.0,0.0023120467113039696,0.1481232824884215,0.0017395204786416257,0.0,0.0,0.003240047898397435,0.0,0.0025827173823850793,0.0,0.0,0.0,0.0,0.0,0.0,0.012576046866230957,6.833100966433616e-14,0.0,0.0,0.0,0.0,0.0,0.0456333646717828,[14],"[15, 21, 26]"
142,0.0,0.07755157706120475,0.00043829497162638486,0.0,0.010454195272727687,0.0,0.0,0.0,0.0,0.011903657279965667,0.0,7.062019715777304e-06,0.0,0.0001793754690665427,0.0,0.0014742025056744298,0.0,0.0004919997196855613,0.0,2.8949777225025424e-11,0.0004251014375444667,0.0,0.0,0.0,0.0,2.2016646639586106e-11,0.0001743034865089894,0.0006710544697142995,0.0,0.0003477797585060199,0.0004043205575952609,0.0,0.00021378793458789072,0.0,0.0006564993589081531,[1],"[3, 20]"
143,0.0,0.07630084566980043,0.00037550099691753097,0.0,0.010163128608634699,0.0,0.0,0.0,0.0,0.011688469746644285,0.0,0.00012686135070452464,0.0,0.00022807620692902685,0.0,0.0014678307375095491,0.0,0.00040971363586492324,0.0,0.0,0.0004927890310258071,0.0,0.001423862915034359,0.0,0.0,0.0,0.0007428290890475718,0.0006590616928802082,0.0,0.0,0.0001424821070876078,0.0,0.0004916511651405892,3.403904071690116e-16,0.00037807405092800525,[1],[20]
144,0.0,0.05136621229942929,5.561110226223182e-06,0.0,0.005102967095671406,0.0,0.0,0.0,0.0,0.00788671938287357,0.0,0.0,0.004567044315614633,0.0,0.012158812430996294,0.0016046809263013336,0.0,0.0,0.0022535457703871014,0.0,0.0013873953256217653,0.0,0.0004137133070692503,0.0,0.0,0.0,0.00024371020525199472,0.0,3.016927155567727e-15,0.0,0.0020072645745764354,0.0,0.0,0.0,0.02063221421259112,[1],[20]
145,0.036615305505167686,0.0,0.0,0.0,0.0,0.001430652960785215,0.0,0.0,0.06167720877146187,0.0,0.0,0.007663795045150856,0.0,0.002803506930989662,0.1386116006682185,0.0011947496471681489,0.0,0.0,0.0031369202185246147,0.0,0.0009571815914120495,0.0,0.0,0.0038816270446732173,0.0,0.0,0.0,0.01915361531300074,6.418744049353251e-14,0.0,0.0,0.0,0.0,0.0,0.015363831892996343,[14],[21]
146,0.03576404571574131,0.0,0.0,0.0,0.0,0.0015229306151444825,0.0,0.0,0.05814688444841327,0.0,0.0,0.007787327577232019,0.0,0.0013814599347761378,0.0007282857434217423,0.00041805608343238994,0.0,0.0,0.0,1.9098984761342882e-10,0.0,0.0,0.002424431510368187,0.0,0.007422487684728496,0.0,0.0010300942089934695,0.020118149003851678,0.0,0.0,0.0,0.0,0.0006168537251468071,5.199862330197264e-16,0.0,[8],[-1]
147,0.0,0.056926504139789585,0.0003691061414446689,0.0,0.007784206669720353,0.0,0.0,0.0,0.0,0.008773921014554192,0.0,0.0,0.0,0.00019334874957737137,8.090932633954708e-05,0.0009944914747533175,0.0,0.00047122197587909544,0.0,2.364909463994751e-11,0.00033267597777389055,0.0,0.0,0.0,0.0,3.1422636447551314e-11,0.0,0.0005150764519318204,2.808184452865137e-15,0.0,0.0002647074608187227,0.0,0.00014345278722187194,6.01322325848421e-16,0.0006529076692377495,[1],[20]
148,0.0,0.05991601879102162,0.0003133754215203897,0.0,0.008052381187616689,0.0,0.0,0.0,0.0,0.009191294869865625,0.0,6.0024181757756584e-05,0.0,0.00012001563933465416,0.0,0.0011491454802993548,0.0,0.0004162154776810362,0.0,0.0,0.0003196154823777943,0.0,0.0,0.0,0.0,3.9224688161238594e-11,0.0,0.0005427547378523351,3.9126827746440066e-15,0.0027865313419430837,0.0002924340456487647,0.0,0.00038915463068145417,0.0,0.0006521962951100958,[1],[20]
149,0.04488001540394493,0.0,0.0,0.0,0.0,0.001569533504547565,0.0,0.0,0.07346856587399131,0.0038707234223472925,0.0,0.0,0.04556988754609133,0.0,0.004368788228312108,0.0,0.010626290377582804,0.0,0.019596284218423604,2.3657953404600037e-10,0.007202639300578404,0.0,0.0,0.0,0.0,0.0,0.0,0.0,0.0,0.0,0.017170136151344856,0.0,0.007343520642986402,1.8187888857222336e-15,0.0,[8],"[11, 37, 40]"
150,0.04464100871043931,0.0,0.0,0.0,0.0,0.0018323777786516118,0.0,0.0,0.0727822601550578,0.0,0.0,0.006164200927130509,0.0,0.0019048943506384214,0.0,0.0,0.002748293258018058,0.0,0.0,0.0,0.0,0.0,0.00044180359240851336,0.006008555271038761,0.012186499159631636,0.0,0.00010451358039438156,0.013559302062145296,0.0,0.0,0.0009085680964860793,0.0,0.0017896986583003298,3.4323831442983864e-16,0.0,[8],"[34, 37]"
151,0.0,0.04451372645068379,0.0,0.0,0.0,0.0,0.0,0.0,0.0,0.00510845310022355,0.0,0.0006996272655419774,0.0,0.001642633278695886,0.0,0.0042687932747563365,0.0,0.0,0.0,4.1685179917015855e-11,0.0026067466536770336,0.0,0.0,0.0,0.004251639774369395,1.3653086696539559e-11,0.00042030847971634997,0.007324861840598242,0.0,0.0074872466844268975,0.0004589987672122308,0.0,0.0,0.0,0.0,[1],"[10, 20, 28, 38]"
152,0.0,0.07563667796142293,0.0003776137161725732,0.0,0.010116504244192566,0.0,0.0,0.0,0.0,0.011594409596578462,0.0,0.00010367194289324454,0.0,0.0002066127766211413,0.0,0.0014465753225378992,0.0,0.00068165350510824,0.0,0.0,0.00042057586011024693,0.0,0.0004600304679384019,0.0003337933960506344,0.0,5.7513893623218284e-11,0.0003341367936554523,0.0009055821030626712,0.0,0.031790217607967027,0.0001572504275520847,0.0,0.0011487781481878917,2.146093946604971e-16,0.0,[1],[20]
153,0.0,0.07883589725243371,0.00043517041631519637,0.0,0.010543095059162575,0.0,0.0,0.0,0.0,0.012077618210599935,0.0,0.0,0.0,0.0003712600386286435,0.0,0.0014887923762006336,0.003882347913527232,0.0007853925676084522,0.0,6.81697785911388e-11,0.0007212537882544984,0.0,0.0022838048321804786,0.0003455061866904053,0.0007968113901042318,0.0,0.0011391195519489857,0.0004111714843371664,0.0,0.0,3.380764736406207e-05,0.0,0.0007740781838011687,5.380022108806346e-16,0.0,[1],[20]
154,0.0,0.07659220091370758,0.00044892796891804774,0.0,0.010337244507925019,0.0,0.0,0.0,0.0,0.011773836684698474,0.0,0.0,0.0,0.00028850719974042816,0.0,0.0014063411379776141,0.0,0.0006771805499215224,0.0,3.1490833180154505e-11,0.0005214821729180034,0.0,0.0013318912395452042,0.00021330791606905043,6.190733535345566e-05,1.6570286967358004e-11,0.0006799331498071827,0.0005273895411515635,0.0,0.0,0.0001140251968553771,0.0,0.0,7.484057977386413e-16,0.00011228607038950143,[1],[20]
155,0.03354115129007829,0.0,0.0,0.0,0.0,0.0013984641733894262,0.0,0.0,0.05679803739117697,0.0,0.0,0.009598537403449047,0.0,0.0022490815574538465,0.0,0.0022098333472119567,0.0,0.0,0.0,0.0,0.0005771999042780501,0.0,0.0,0.0,0.0,3.693110225216245e-11,0.0,0.02652775929294511,1.5595337600069722e-15,0.0055555307271445,0.0,0.0,5.4152541553075366e-05,0.0,0.00018521323235077105,[8],[37]
156,0.0,0.06913173352518995,0.00038198336662576796,0.0,0.009456759712245183,0.0,0.0,0.0,0.0,0.010707393874296563,0.0,0.00016523702830649863,0.0,5.383841108988966e-05,0.00025221056282868963,0.0011650715499061045,0.0,0.0006077250648349594,0.0,0.0,0.00011815285078636608,0.0,0.0,0.0,0.0,2.725804374784425e-11,0.0,0.0004834454453298573,5.5794991174999115e-15,0.0,0.00035967718545105347,0.0,0.0,2.34547017353822e-16,0.00016506835816069862,[1],[20]
157,0.0,0.07041625695611015,0.0003855866096086447,0.0,0.009437424360690377,0.0,0.0,0.0,0.0,0.010800958826309541,0.0,2.1812915792866437e-05,0.0,0.00023180392632919737,0.0,0.0014077716896834216,0.0,0.00047874114424247005,0.0,5.563603634792725e-11,0.000527803025534517,0.0,0.0017692572469279611,0.00018284572092964178,0.00018213037763998414,5.308573447418928e-11,0.0007875809168200902,0.0005593513554228971,0.0,0.0,6.861861358976728e-05,0.0,0.00046596301706045956,6.610269394773964e-16,0.0,[1],[20]
158,0.0,0.06033404393683378,0.0001825882459200136,0.0,0.0076003072595193545,0.0,0.0,0.0,0.0,0.009053612393332527,0.0,0.00024166413476573798,0.0,0.00032236235811903,0.0003628157028519155,0.0012553672139252532,0.0,0.0006583847110033954,0.0,0.0,0.0006020273408048298,0.0,0.0009075225574349725,0.0,0.0,3.179659802550987e-11,0.0004310310862540698,0.0011402674874072634,0.0,0.0,2.5427938117779218e-05,0.0,8.355729809252298e-05,1.6310773354159667e-16,0.0004624793778379627,[1],[20]
159,0.039475061863028245,0.0,0.0,0.0,0.0,0.001740735156828238,0.0,0.0,0.06435405075526313,0.0,0.0,0.007662991084499249,0.0,0.0010893186518593347,0.0,0.0006551924513709797,0.0,0.0,0.0,0.0,0.004639565671961626,0.0,0.0036743138422837924,0.0,0.0,0.0,6.713762844176228e-05,0.013785463756381353,7.580394169864517e-15,0.017258796425491694,0.0,0.0,0.0,1.6157410675806012e-15,0.015377035752842626,[8],[-1]
160,0.0,0.060817184837792554,0.0002242736046413922,0.0,0.007866612526668057,0.0,0.0,0.0,0.0,0.009228486244487072,0.0,0.00027031009757215864,0.0,0.0001858616870195952,0.0,0.001208457388269523,0.0,0.0,0.0,0.0,0.00033272688767928976,0.0,0.0,0.0,0.0,0.0,0.0,0.0011440352554991083,2.3573857266386327e-15,0.001259654802106938,0.00027701887340205724,0.0,7.66431811462086e-05,5.582932033600157e-16,0.0007078759988483023,[1],[20]
161,0.0,0.06456061454116369,0.00033983879639307537,0.0,0.008640397373850748,0.0,0.0,0.0,0.0,0.00988924458634591,0.0,7.730202644578291e-06,0.0,0.0001528451925042028,0.0,0.0012826573125205168,0.0,0.00028372179131837586,0.0,0.0,0.00039310861245100536,0.0,0.0,0.0,0.0,0.0,0.0,0.0005632751651511992,1.5748628400685954e-15,0.0,0.0003144881611289665,0.0,8.268589347785233e-05,1.6195268896266338e-18,0.0003808399159862015,[1],[20]
162,0.0,0.07674447565964375,0.00017203259613971273,0.00027922813290983723,0.009322828115119136,0.0005979585879069064,0.0,0.0,0.0,0.011491649420339763,0.0,0.00032298073872797826,0.0,0.000590565361097562,0.007731160428985974,0.0017636749135049217,0.00758097183856451,0.0001357334162932624,0.0,0.0,0.0009212862642403437,0.0,0.002656646283524112,5.8407234982186695e-05,0.001014721881266586,6.167128264059322e-11,0.0015239247791284931,0.0008802382077044021,0.0,0.0,0.0,0.0,0.0,0.0,0.0021450716089948937,[1],"[20, 43]"
163,0.0,0.05968741060967607,0.00037786719335506177,0.0,0.008223385894253418,0.0,0.0,0.0,0.0,0.009258334308896473,0.0,0.0,0.0,0.00017157945409432236,0.00021924219266570443,0.0009818954999099745,0.0,0.0009140552598162359,0.0003384592269290957,0.0,0.00023390491327605044,0.0,0.0010883403326216242,0.0005039403911417349,0.0004690455707976618,4.441030546496865e-11,0.0003821677810558355,7.705387107482956e-05,0.0,0.0,3.005900522882417e-05,0.0,0.0,1.4770919429388622e-15,0.0,[1],[-1]
164,0.0,0.07873583165575691,0.0005055190260726548,0.0033322506196361737,0.010485822066498006,0.0,0.0,0.0,0.0,0.011810423060608082,0.0,0.0,0.0,0.0,0.0,0.0019626340140682665,0.0,0.0006220459908402977,0.0022135211504647635,0.0,0.0,0.0,0.0,9.384950920194454e-05,0.00018463643546909672,0.0,8.442607775988658e-05,0.0,0.0,0.0,0.0006648598800853479,0.0,0.0008722079891374058,0.0,0.0,[1],[20]
165,0.050409174933987735,0.0,0.0,0.0,0.0,0.001999795397915789,0.0,0.0,0.0820022462712112,0.0,0.0,0.006667923262446558,0.0,0.0002333698827380476,0.0,0.0009490166949325146,0.0015396597099850758,0.0,0.0,0.0,0.0008894956842517968,0.0,0.0,0.0,0.0035511935938546874,1.5534358691306356e-10,0.0,0.010510144605837109,4.151732208444433e-14,0.0,0.0,0.0,0.002413907161431029,0.0,0.0,[8],"[37, 39]"
166,0.0,0.06526612564154152,0.00037076105314073915,0.0,0.0088040655772522,0.0,0.0,0.0,0.0,0.010014866267748659,0.0,2.7310959219108658e-05,0.0,0.00018280010729669524,0.0,0.0012222837053146368,0.0,0.0005933558876804522,0.0,0.0,0.0004210284202196769,0.0,0.0,0.0,0.0,6.709168873481596e-11,0.0,0.0006892347583801144,7.496824019903931e-16,0.006304341461738826,0.0003423737973150169,0.0,0.0004307518629825015,6.626932652107266e-16,0.0,[1],[20]
167,0.0,0.07203195359995623,0.00029641073292646083,0.0,0.008970614178788904,0.0,0.0,0.0,0.0,0.01102098807978544,0.0,0.0,0.0008110492854187474,1.195169214018893e-05,0.0,0.0015121387265639812,0.0,0.0,0.00017432133394954785,0.0,0.0009785611453367992,0.0,0.0003127604417391449,0.0,0.0,7.069758177735818e-11,0.0004772961759885737,0.0,0.0,0.0027706983253454934,0.0010250079290931157,0.0,6.357847335282632e-05,0.0,0.014577511007300677,[1],"[20, 30]"
168,0.0,0.07563528734614593,0.0004573042784869447,0.0,0.010272496980091132,0.0,0.0,0.0,0.0,0.01165651659082991,0.0,0.0,0.0,0.0003227029170434977,0.0,0.0013518173439197865,0.004450812988653006,0.0009499934129608834,0.00012720818318357372,1.1128881255278808e-10,0.0005944883144730839,0.0,0.0020357434985431204,0.000552860082139939,0.0009614179581914579,0.0,0.0009530949252542792,0.00013689855516643495,0.0,0.019704811782401403,0.0,0.0,0.00027301756531956196,6.333969740285546e-18,0.0,[1],[20]
169,0.0,0.0506937250098517,0.00019090543806041168,0.0,0.006487248007064907,0.0,0.0,0.0,0.0,0.007658836030424135,0.0,8.03314712048435e-05,0.0,0.00017068473460865295,0.004406380380923011,0.001122916807860521,0.0,0.0003403264716989906,0.00017485471228919182,0.0,0.0004067874677148699,0.0,0.00011752763017337884,0.0001505993727485207,0.0,0.0,6.611053346349098e-05,0.0003643620465087534,6.126241838931255e-16,0.0025779733626924233,0.00027393245091475275,0.0,6.731494683425443e-05,1.2582694156463074e-16,0.0015348105209916586,[1],[20]
170,0.02939947536015813,0.0,0.0,0.0,0.0,0.0012885335868359827,0.0,0.0,0.05091046957117195,0.0,0.0,0.00667931771454733,0.0,0.0030488393076385087,0.16790507547431688,0.0013819273732325035,0.00469430782737715,0.0,0.0055200323481401185,2.7235330951147117e-10,0.00039796285728142984,0.0,0.0,0.00994477015323514,0.004777264744732169,0.0,0.0,0.018900290946240777,3.7461418747486447e-14,0.0,0.0,0.0,0.0,0.0,0.00869139711084507,[14],"[15, 21]"
171,0.0394186555465493,0.0,0.0,0.0,0.0,0.0015561651266279455,0.0,0.0,0.0668585940847068,0.0,0.0,0.006569488708699925,0.0,0.0021905309340105854,0.13589751163673355,0.0,0.0,0.0,0.007803763323177589,0.0,0.001008325260319981,0.0,0.0,0.003351509951718717,0.0,0.0,0.0,0.008548018453600101,0.0,0.0,0.0,0.0,0.0,0.0,0.0,[14],[21]
172,0.06365704794584442,0.0,0.12538321478245631,0.007674338152882936,0.0,0.0,0.0014920380458184966,0.008818960929905162,0.04178971049457239,0.11813958394362815,0.0,0.0,0.0,0.0,0.0,0.0,0.0038676515124131134,0.00829508560663704,0.0,0.0,0.0,0.04409210959780454,0.0,0.0,0.0,0.0,0.05915559344951762,0.03993683817099883,0.0,0.0,0.0,0.13841118026647983,0.0,9.243103838813373e-15,0.0,"[2, 31]","[33, 40]"
173,0.0,0.06867659435100108,0.0003415847903039288,0.0,0.009175295745256868,0.0,0.0,0.0,0.0,0.010519936955079747,0.0,0.0001611123189648659,0.0,0.00016184736723941356,0.0,0.0013150914309441358,0.0,0.0003430087484553418,0.0,0.0,0.0003565069161191485,0.0,0.0,0.0,0.0,0.0,0.0,0.0009637746420280475,3.871067283180233e-15,3.522957360533111e-05,0.00035427514023490494,0.0,0.0001731205469088764,2.215411699625915e-16,0.00020148824203644516,[1],[20]
174,0.0,0.06914622125402643,0.0003083463888585923,0.0,0.009031335052183552,0.0,0.0,0.0,0.0,0.0105251411003725,0.0,0.0001505128808217052,0.0,0.00023986720494141136,0.002566221910659771,0.0013818435630974708,0.0,0.00021874155459897964,0.0,2.515654746193337e-11,0.00045078259371863024,0.0,3.655707273891805e-05,0.0,0.0,0.0,7.157283218148819e-05,0.0007891355823948689,0.0,0.0,0.0003592112543015602,0.0,0.00033937324525452385,5.835672668864786e-16,0.002266979083170264,[1],"[20, 30]"
175,0.016305225219720273,0.0,0.005686413964093332,0.019835259693774837,0.0,0.0,0.0,0.0029445440075342687,0.024422158100326892,0.01111360533708884,0.0,0.0,0.1777740369183104,0.07817604458388855,0.017401921871009557,0.0,0.023511952102398325,0.0,0.0,2.751950087914333e-10,0.008780528434488089,0.013415650310577624,0.046164560747141106,0.0,0.0,0.0,0.0059541639359179,0.3610653838197843,0.0,0.0,0.0,0.0,0.004004129423854082,0.0,0.059219444123508776,[27],[44]
176,0.022831444449084123,0.0,0.010704307277743717,0.0011897573046623505,0.0,5.6619734359912054e-05,0.0,0.013516471712133158,0.03279077969990913,0.02303601432518961,0.0,0.0,0.19733298530768542,0.06230290670845082,0.0,0.0,0.0,0.04126763284193136,0.0,2.202353941872256e-10,0.004861974218451135,0.036566015877225556,0.041433359176041996,0.0,0.09794683073850291,0.0,0.013544732510680777,0.19290550568425727,5.089230081810535e-13,0.009555197708639765,0.0,0.0,0.0,4.271762853370994e-15,0.0,"[12, 27]",[35]
177,0.07964255656061,0.0,0.0,0.00339167657068412,0.11783985928719419,0.0,0.012220036336463057,0.0,0.008877902967190064,0.0,0.11691481192950914,0.0,0.0046784206256783745,0.0,0.007009848603210816,0.0019596762123588723,0.0005545990993935839,0.0,0.0,0.0,0.0010813865542240967,0.0,0.00048383404043438944,0.0,0.0,1.2277622824458801e-12,0.0026750828059737904,0.0,3.527425455422135e-14,0.00034852959859645526,0.0,0.0,0.0,0.0,0.000430305262551747,"[4, 10]",[1]
178,0.0,0.07194582041260038,0.0003586917938830334,0.007841864753166283,0.008555247086865477,0.0,0.0,0.0,0.0,0.010062984490088118,0.0,0.0,0.0,0.0,0.0,0.0024525672364200573,0.056008894818148296,0.00034352878721788626,0.002922877504345657,7.2184845614164766e-12,0.0007123982421911835,0.0,0.0,0.0017364454842561158,0.0037353627809404125,0.0,0.0,0.0,0.0,0.0,0.0009296868029579701,0.0,0.0012459328594390568,4.398094694557378e-16,0.0,[1],[20]
179,0.0,0.06683951140444819,0.0003619639981336354,0.0,0.00887497660244318,0.0,0.0,0.0,0.0,0.010202583780466975,0.0,2.212938570226609e-05,0.0,0.0003898103366737358,0.0,0.001281666183209988,0.004888447606861317,0.0006359341744750628,0.0,0.0,0.0006970299989162393,0.0,0.001678375678468334,0.0002911247839737391,0.0006162369465372798,0.0,0.000895629795543211,0.0005878592258959807,0.0,0.0,3.959445158564319e-06,0.0,0.001135837090388304,4.1346072427497775e-16,0.0,[1],[20]
180,0.053271771535158004,0.0,0.035419350178356186,0.001914037788664056,0.0,0.00014558293090636125,0.0,0.01663271715450904,0.06798469789294989,0.06403548569416555,0.0,0.0,0.21122807323446605,0.06289319553116361,0.0,0.0,0.004367916891483029,0.0034344772561632902,0.0,5.936796872607786e-10,0.0,0.041168769150822605,0.04906887253223639,0.11933880597861221,0.0,6.507251147224886e-11,0.0,0.08130397735327652,3.995447100261856e-13,0.0016543463631710077,0.0,0.03986269249967281,0.012635668333053187,0.0,0.0,[12],"[11, 40]"
181,0.0,0.07590286860606682,0.0004258881621127563,0.0,0.010174658295396039,0.0,0.0,0.0,0.0,0.01163427193344513,0.0,0.0,0.0,0.0003216517809359426,0.0,0.001430111125876483,0.0,0.0007605299504821982,0.0,1.48116216793357e-11,0.0005912619060733674,0.0,0.0013276343351843085,0.0006108517422421431,0.00020547983081189766,1.4572573576197973e-10,0.0006917793094968914,0.0006689959352778932,0.0,0.04004627201718522,4.536615425582815e-06,0.0,0.0013901710651869513,0.0,0.0,[1],[20]
182,0.0,0.052215870236423635,0.000264249286002109,0.0,0.006980674354238337,0.0,0.0,0.0,0.0,0.007969040323023526,0.0,0.00010307732712443082,0.0,0.00013577070208540087,0.0,0.0010374724701299183,0.0,0.00037531961254380565,0.0,0.0,0.00043159656130798796,0.0,0.0,0.0,0.0,1.2997191564968784e-11,0.0,0.0007198734276589106,4.380046229652457e-15,0.0007864041751688779,0.00034274652750257846,0.0,0.0002772795492060548,0.0,0.0001625487190340899,[1],[20]
183,0.05162165614246646,0.0,0.0878425377867587,0.008766714142662625,0.0,0.0,0.00025390733578778575,0.024724922041772013,0.037346364063785505,0.1183584681960446,0.0,0.022940998042875454,0.0,0.09804141940456458,0.0,0.0,0.0007514141471798374,0.02769633429515646,0.000324903086838278,0.0,0.0,0.0,0.0,0.0,0.0,1.185191808495176e-11,0.1367091192428167,0.0,9.448779330524313e-13,0.004185046460512101,0.09611419654381839,0.1202636438464567,0.032713652100038695,1.1762782559283895e-15,0.0,[26],[40]
184,0.04993453457454772,0.0,0.08163869883957882,0.011128448575413029,0.0,0.0,0.0,0.0,0.03590461953080334,0.12321683132603245,0.0,0.0,0.0,0.0,0.02980363006188478,0.0,0.0030347145188176377,0.02570272603952771,0.0,0.0,0.0,0.0,0.004736355743113589,0.0,0.0,0.0,0.0,0.09397046600519697,0.0,0.0,0.033339200733495264,0.1405425995033767,0.0,0.0,0.1000442582964431,[31],[40]
185,0.02892044281571903,0.0,0.005697712255263741,0.0,0.0,0.00026101295950350847,0.0,0.018166144359138915,0.04194524969220526,0.024420459485191958,0.0,0.0,0.18280464359245013,0.019017611105808054,0.0,0.0,0.0,0.024482417971917202,0.0,6.206679421058744e-10,0.0,0.018391063616949945,0.029311327211032908,0.056311974180671874,0.14046781422500615,5.7674026694427505e-11,0.0,0.0506129796759609,2.828850518104426e-13,0.012206091602121688,0.0,0.01014883685541874,0.0,4.64375922241206e-15,0.009828233560669617,[12],[40]
186,0.0,0.07054360704264147,0.00040209036878504284,0.0,0.009499002734528951,0.0,0.0,0.0,0.0,0.010835293509643922,0.0,0.0,0.0,0.00024131089709465014,0.0,0.0013272608668475896,0.0,0.0007213439809916465,4.742925096890011e-05,2.3964342387750915e-11,0.0004769108183239624,0.0,0.000985947839474547,2.9141558773788837e-05,0.0001434197381423407,5.3234718705278524e-11,0.0005360197887927831,0.00046430033257650687,0.0,0.007032531627579086,0.0001310025607551659,0.0,0.0002476789863622931,0.0,0.0002169442983504653,[1],[20]
187,0.0,0.07285073082825497,0.0004336172408156875,0.0,0.009830548200144631,0.0,0.0,0.0,0.0,0.01119011292254568,0.0,0.0,0.0,0.0003148982259113327,0.00032678392040271843,0.0014006072132266483,0.021014580310549758,0.0010197925457129588,0.0006990204459570549,1.246531272253411e-11,0.0006716756822436641,0.0,0.0005757992091991838,0.001100832906105336,0.0013121302497598314,0.0,0.00045465896246046954,0.0,0.0,0.03259250448693075,0.00014867601876252057,0.0,0.0005814550889133918,9.844861536919851e-17,0.0,[1],[20]
188,0.03832056083612759,0.0,0.0,0.0,0.0,0.0016765249768387086,0.0,0.0,0.062028595653301946,0.0,0.0,0.008786908268907791,0.0,0.0018077978641940933,0.0,0.0017538572115107774,0.0,0.0,0.0,0.0,0.002297430101620001,0.0,0.0003386856854738351,0.0,0.0,1.5090265854804785e-11,0.0,0.021558541722839098,1.449526679684202e-14,0.011230492998152994,0.0,0.0,0.0,0.0,0.010247054589328628,[8],[37]
189,0.04184563388580905,0.0,0.0,0.0,0.0,0.0015057695292058444,0.0,0.0,0.0671239234476572,0.0,0.0,0.004536204288896821,0.01703556504465433,0.0,0.0,2.413443949955078e-06,0.00441893648489615,0.0032149869357235954,0.0025278729970661675,0.0,0.0006758579158903443,0.0,0.0,0.0,0.0,6.968327286018238e-11,0.0,0.0,0.0,0.008656075398228899,0.003911636872532033,0.0,0.00887048115169321,2.824456089722233e-16,0.013670478451035728,[8],"[5, 37, 40]"
190,0.041785603137959475,0.0,0.0,0.0,0.0,0.0017739534330999465,0.0,0.0,0.067739588528531,0.0,0.0,0.013080454506727046,0.0,0.0012696217467009277,0.0,0.0010978970228171948,0.0,0.0,0.0,0.0,0.0,0.0,0.0,0.0,0.0010280750843262461,5.728249860432958e-11,0.0,0.03096007635351183,0.0,0.008260322257161208,0.0,0.0,0.005353854349517608,1.1823589308362183e-15,0.0,[8],"[32, 37]"
191,0.0459446304789675,0.0,0.0,0.0,0.0,0.0019446679504852753,0.0,0.0,0.0735975011511325,0.0,0.0,0.009735952323842247,0.0,0.001723232069802656,0.0,0.0022540707880484754,0.0,0.0023975858091748172,0.0,0.0,0.004456389887122269,0.0,0.005844629480375846,0.0,0.0,4.714525378669611e-11,0.0010602042660228747,0.02221964871517152,0.0,0.01410367345488514,0.0,0.0,0.0,2.1058324164721388e-15,0.007133804593136843,[8],"[32, 37]"
192,0.0417792648466255,0.0,0.0,0.0,0.0,0.0017803214906068504,0.0,0.0,0.06834911780854523,0.0,0.0,0.008605490391488578,0.0,0.001602430693805771,0.0,0.0017395079244526407,0.0,0.0,0.0,3.0638974507502173e-10,0.0033067612340641032,0.0,0.002220218051950412,0.0,0.0,0.0,6.082463614837215e-06,0.019076853818029576,0.0,0.010941641249058724,0.0,0.0,0.0011014400322745448,1.9270539021880928e-15,0.005724729984953287,[8],[37]
193,0.0,0.06583727687671596,0.00031775204572902487,0.0,0.008829926317976862,0.0,0.0,0.0,0.0,0.010116796579768123,0.0,0.00020134522690221256,0.0,0.00013061644208500888,0.0,0.0012272414531358552,0.0,0.00042608762058022454,0.0,0.0,0.00028709322671579776,0.0,0.0,0.0,0.0,5.414897808666613e-11,0.0,0.0007824624611642107,4.2943182647881785e-15,0.0,0.0003222848668802984,0.0,0.0,0.0,0.00019531397073163902,[1],[20]
194,0.0,0.07947089738311608,0.00041722568043342555,0.0,0.010688298031747388,0.0,0.0,0.0,0.0,0.012204712344969013,0.0,0.00011465223749852238,0.0,0.00023245223391376912,0.0,0.001472983122127725,0.0,0.0007631577053178356,0.0,8.056676293183609e-11,0.0005123680640207509,0.0,0.001837347610327107,0.0003179028244304003,0.00015881274517125368,1.2347703078661777e-10,0.000918620476228468,0.00060007339710157,0.0,0.001731086822646718,2.5177567818461663e-05,0.0,0.0001356028233547457,8.124599075038827e-16,0.0,[1],[20]
195,0.04226211388776767,0.0,0.0,0.0,0.0,0.0017501461502261134,0.0,0.0,0.07130618411179523,0.0,0.0,0.010254281099244457,0.0,0.0027322252760997945,0.021476483952862332,0.0012659830390175212,0.0,0.0,0.0,0.0,0.0,0.0,0.0032130916876884972,0.0,0.007366133227829487,0.0,0.002189133787441103,0.02727554404234921,0.0,0.0,0.0,0.0,0.0003678869772598875,4.929526822109786e-16,0.0,[8],"[21, 37]"
196,0.039988623677230155,0.0,0.0,0.0,0.0,0.00155475751620892,0.0,0.0,0.06544661244124625,0.0,0.0,0.0024132027315899997,0.0,0.0006177384393781518,0.0,0.00014502749694935622,0.004189241016075001,0.0,0.0,2.879928298281333e-10,2.558493418530142e-05,0.0,0.0,0.01600514412585583,0.009438386678650297,0.0,0.0,0.0015055441116480898,0.0,0.0,0.0005482043582508392,0.0,0.0039478693264765686,0.0,0.0,[8],"[4, 37]"
197,0.0,0.07443423087180209,0.00040405855043920886,0.0,0.009914251230575346,0.0,0.0,0.0,0.0,0.011394081178277135,0.0,0.0,0.0,0.00034027147353984184,0.0,0.0014262194742919725,0.0,0.0006183281337469541,0.0,3.5513151738700914e-11,0.0005927494348105971,0.0,0.001595287332562528,0.0004769913520188138,0.0004276545755253283,0.0,0.0007789214004805203,0.0006652082382749797,0.0,0.03933990994139468,8.255638288671519e-06,0.0,0.0017992607900992913,0.0,0.0,[1],[20]
198,0.05508157210947277,0.0,0.0,0.0,0.0,0.002009435050330563,0.0,0.0,0.08955287723065124,8.577197061672438e-05,0.0,0.010501919326125814,0.0,0.007129312930424045,0.023885589592908818,0.0,0.0,0.0,0.004618156011483468,7.911628363157939e-10,0.0,0.02440537700606444,0.004069248600252131,0.0,0.0,3.887709892765076e-11,0.005649861082161054,0.012114426530267392,4.2147589270642305e-14,0.0,0.0,0.0,0.0,3.0721241159798902e-15,0.012463876297812761,[8],"[21, 37]"
199,0.05221434113232935,0.0,0.0,0.0,0.0,0.0021435838665052674,0.0,0.0,0.08692832523542088,0.0,0.0,0.010175492393337034,0.0,0.0031250735874726364,0.05279758778057555,0.0,0.0,0.0,0.0,1.725308782902843e-10,0.0021814357589883633,0.0,0.007168342650841709,0.0,0.0,0.0,0.00337560188001941,0.021486658419099892,0.0,0.002596371969682919,0.0,0.0,0.0,2.0771838353507588e-15,0.009616043769964423,[8],"[21, 37, 39]"
200,0.0875945529607506,0.0,0.0,0.00288498194523504,0.12395933058806594,4.8901433973953146e-05,0.012883831996246802,0.0,0.013373948769864287,0.0,0.1258261875544458,0.0,0.005018088025670189,0.0018906651590459558,0.0,0.005371570836964571,0.0012481816945146167,0.0,0.0,0.0,0.0,0.0,0.003467465316395784,0.002493916008425251,0.003177413099081235,3.6027111747036112e-12,0.0,0.0,1.7392111695800825e-14,0.0010821601678935873,0.0017194112095780334,0.0,0.0,8.647104655083045e-16,0.0,"[4, 10]",[1]
201,0.07566736818525435,0.0,0.0,0.0029874517016250366,0.11153270850557376,0.0,0.011402933788520662,0.0,0.008977118842957902,0.0,0.11076604698729255,0.0,0.004929597940155002,0.0011544566154728497,0.00404759183144684,0.0037296881829265364,0.0009048458317646925,0.0,0.0,0.0,0.0006180248275395718,0.0,0.0005542138236502262,0.0,0.000445961253228658,5.917355364634568e-12,0.0,0.0,0.0,0.0,0.0004555113671764478,0.0,0.00018480485466758418,0.0,0.001127766524823145,"[4, 10]",[1]
202,0.05059979305805803,0.0,0.09619977413159217,0.011922628983156627,0.0,0.0,0.0,0.0,0.03811823655608779,0.11871384300333317,0.0,0.014842319055453917,0.0,0.07578353860497437,0.0,0.0,0.005578750889597208,0.013303033744408816,0.04526169918005221,8.049494701613478e-11,0.0,0.026692296399620587,0.005526300179593368,0.008265979588945184,0.0,0.0,0.0,0.0,7.605170154908965e-13,0.0,0.0,0.06840825014444492,0.0526166155468855,5.1002565645735706e-15,0.0,[9],"[35, 40]"
203,0.023209118601971012,0.0,0.04415304199069212,0.004973728082226023,0.0,0.0,0.0,0.0,0.018297261183522515,0.04997809322729624,0.0,0.0,0.0014536806648066066,0.0003841346731101613,0.0,0.013058565374759277,0.0012426337694974481,0.0,0.004255880959084861,3.8777151689869634e-10,0.0,0.0,0.0,0.0,0.0,0.0,0.0,0.0,0.0,0.0,0.0,0.029785003016610974,0.0,0.0,0.0,[9],[-1]
204,0.0,0.07334177779995743,0.0004022077259247258,0.0,0.009873942878892896,0.0,0.0,0.0,0.0,0.011256468834029724,0.0,5.511335789179385e-05,0.0,0.00013009765449647532,0.0,0.001381213503314836,0.0,0.0005805831791475254,0.0,1.1469111826457444e-11,0.0003631277860107072,0.0,0.0,0.0,0.0,1.7162872299302463e-11,8.394624497996588e-05,0.0005793472993548525,0.0,0.004800778842773957,0.00041256945592856275,0.0,0.0004728179671652115,0.0,0.0005580310859466689,[1],[20]
205,0.04054389648232458,0.0,0.0,0.0,0.0,0.0014260759274950937,0.0,0.0,0.06707071196013198,0.0,0.0,0.0017124206636680982,0.0,0.0021802674886002207,0.00036435920652315326,0.0,0.0,0.0,0.0027019577581096715,0.0,0.0,0.001503014087615493,0.0,0.010918806230511448,0.02784919772042017,0.0,0.0,0.00620635356229566,9.776448867715034e-15,0.0,0.004835824723921726,0.0,0.006925163060585885,0.0,0.0,[8],[37]
206,0.039993243097764586,0.0,0.0,0.0,0.0,0.0017698392071683587,0.0,0.0,0.0670295122897106,0.0,0.0,0.009430406054159684,0.0,0.0023461402771166474,0.0,0.0018964792922581885,0.0,0.0,0.0,5.134378824545341e-11,0.0019736883429094607,0.0,0.0012520457658099409,0.0,0.0,4.161482537215918e-11,0.0,0.024627142677533676,1.6679575901797804e-15,0.010883933784004856,0.0,0.0,0.0,0.0,0.0,[8],"[5, 37]"
207,0.041042832614526716,0.0,0.0,0.0,0.0,0.0017837330079281753,0.0,0.0,0.06858856444738233,0.0,0.0,0.011238901427169365,0.0,0.002557303694670335,0.0,0.0016816689358001948,0.0,0.0,0.0,5.264013428094043e-10,0.001754214583973955,0.0,0.004332828925741058,0.0,0.0,0.0,9.416367796514306e-05,0.03028517299787235,0.0,0.006996939593052802,0.0,0.0,0.0002404139993396515,9.11376583834103e-16,0.007768005083209263,[8],[37]
208,0.06037544041683864,0.0,0.0,0.0,0.007798023160489098,0.0013816289757495237,0.00477632664000803,0.0,0.05274837183246572,0.0,0.047727306735005644,0.002251446273716989,0.0,0.0,0.0,0.004580482102540827,0.0,0.0,0.0,0.0,0.0043766982802436035,0.0,0.0,0.0,0.0,4.637812371169294e-11,0.01148449174268661,0.00529477695408256,0.0,0.0075791259361708335,0.0,0.0,0.0022840652030344986,0.0,0.005658047321000645,[0],"[1, 37]"
209,0.046964588229902,0.0,0.0,0.0,0.0,0.0019179224049254819,0.0,0.0,0.07713946236075012,0.0,0.0,0.00860912027895791,0.0,0.002893477395164829,0.0,0.0,0.0,0.0,0.0,9.654607830336283e-10,0.0001316947085105562,0.01835414188266647,0.0012005946065009804,0.0,0.0,0.0,0.001531938462499768,0.021140908493432062,0.0,0.004778339744222409,0.0,0.0,0.0003020122525155703,6.665428616642271e-16,0.0028619935511101408,[8],"[8, 37]"
210,0.047461485539471444,0.0,0.0,0.0,0.0,0.0019194971928401991,0.0,0.0,0.07794373090984234,0.0,0.0,0.007306875174889501,0.0,0.0027868959424204535,0.0,0.0001637994005183589,0.005259562721318849,0.0,0.0,1.65461073681844e-10,0.0,0.0,0.0,0.00621352017890367,0.003137567012176681,0.0,0.0,0.021081186611810975,2.5900871742739092e-14,0.0,0.0,0.0,0.003288832530161798,0.0,0.0,[8],[37]
211,0.03174318353245475,0.0,0.054719249302734405,0.007309335611064832,0.0,0.0,0.0,0.0,0.021162527433023375,0.06379903813472122,0.0014851422490042077,0.0,0.0,0.0,0.07138877641800574,0.0,0.008470321246369724,0.01967943813379842,0.0,0.0,0.0,0.0647337407719143,0.0,0.008865978260028079,0.3246100024017607,8.02033467649892e-12,0.19296489898144362,0.005154498993889594,7.265487067811486e-13,0.0,0.0,0.03343865915739507,0.0,0.0,0.0,[24],[40]
212,0.03661378269269555,0.0,0.07134234900183668,0.008990554205453203,0.0,0.0,0.0,0.0,0.026147920973535282,0.08513437291007193,0.0,0.0,0.0,0.0,0.04620793321561806,0.004488854786089542,0.00401162060884457,0.0,0.0,0.0,0.0,0.017206438828613432,0.0,0.0,0.21262305460878195,2.1353849516897524e-11,0.0,0.023705056383353316,0.0,0.001901760594741847,0.0,0.0574181913684893,0.02435729286397893,0.0,0.0,[24],[40]
213,0.04141525399796995,0.0,0.0,0.0,0.0,0.0016469226895589322,0.0,0.0,0.06857378613650354,0.0,0.0,0.009938970124966784,0.0,0.002289914918546912,0.0,0.00035979573402270155,0.0,0.0,0.0,1.6739801425787566e-10,0.0,0.0,0.0017646747281494521,0.0,0.0034785183351994367,3.231205252488967e-11,0.0,0.02319365605440778,0.0,0.0,0.0,0.0,0.0,5.806099995075218e-16,0.0,[8],"[37, 41]"
214,0.02227201629076135,0.0,0.0,0.0,0.0,0.0015034150650359488,0.0,0.0,0.041558507288972306,0.0,0.0,0.0033749227991675137,0.0,0.004333359663011364,0.0,0.0016958820436569562,0.11956292453273108,0.0,0.0,0.0,0.0028118712619503283,0.0,0.0,0.013366827711969745,0.013790603020924948,1.0674197327355953e-12,0.0,0.014682943366850627,6.839879266602732e-14,0.0,0.0,0.0,0.0,0.0,0.0,[16],"[20, 37]"
215,0.0,0.07831001483964069,0.00044413751162461886,0.0,0.01054600458547673,0.0,0.0,0.0,0.0,0.01202327264470566,0.0,1.4364915288960658e-05,0.0,0.00029534968514459506,0.0,0.0014318114649266892,0.0,0.0008262053828826456,0.0,8.820948276667858e-11,0.000529200009263184,0.0,0.0013241005204498114,0.0003131844574619232,0.00012162475572757469,0.0,0.0007479896217941812,0.0007094650768087469,0.0,0.021318249825977353,4.216372560756979e-05,0.0,0.0012058195783731475,0.0,0.0,[1],[20]
216,0.0,0.06877798342710277,0.0004238741178738215,0.0,0.009556693836770871,0.0,0.0,0.0,0.0,0.010705081381366466,0.0,6.967403506874248e-05,0.0,3.3560403168459166e-05,0.0004636649970906617,0.001099297073362488,0.0,0.0008207928788730211,0.00016846945902199885,0.0,7.498632449329719e-05,0.0,0.0,0.000208595828607709,0.0,7.405704702158538e-11,0.0,0.00019364273017586554,5.124863360872005e-15,0.0026987381463561082,0.00031634407914869723,0.0,0.0,2.5011054626177166e-16,0.0,[1],[20]
217,0.0,0.07010746798232709,0.00035075560754283246,0.0,0.009436350336029862,0.0,0.0,0.0,0.0,0.010771055116798881,0.0,0.00010546923300333554,0.0,0.0001070517103113239,0.0,0.001352460450386856,0.0,0.00045970456246884484,0.0,9.742940872740873e-12,0.0003383874082530524,0.0,0.0005436773408781593,0.0,0.0,0.0,0.0002969339176909704,0.0005895613678858134,1.1478743907495639e-15,0.005066768882708221,0.0002594962066798136,0.0,5.718387553618523e-05,0.0,6.392514577437653e-05,[1],"[1, 20]"
218,0.0,0.06353330327300397,0.0002989093235934395,0.0,0.008536374202663103,0.0,0.0,0.0,0.0,0.009771768502026577,0.0,0.0002076440780482872,0.0,8.021091553757458e-05,0.0,0.0011841398007078,0.0,0.00019542248441391,0.0,0.0,0.00023657081527812273,0.0,0.0,0.0,0.0,0.0,0.0,0.0006285937678782317,2.7127340976992993e-15,0.0,0.0003543677249374017,0.0,0.00012314689284513515,9.30491321540178e-16,0.0003773590387173429,[1],[-1]
219,0.0,0.0768095911877502,0.0,0.0002063033368225526,0.008050215609294465,0.0007014454087700381,0.0,0.0,0.0,0.0110198618670933,0.0,0.0,0.0,0.0014427229997728715,0.0022386756991759887,0.0019732321423299205,0.07024605630092251,0.00021437618921027083,0.0,0.0,0.0018164186463236025,0.0,0.0,0.0010291659257836868,0.0052012878113219425,0.0,0.0007839071488716947,0.0013762456763215033,0.0,0.028214044697501713,0.0,0.0,0.0,0.0,0.0003271302213675746,"[1, 16]","[10, 15, 20]"
220,0.03990994107454969,0.0,0.10450557986313101,0.015411894564271276,0.0,0.001137804107475243,0.0,0.3203826647583574,0.019708621908587094,0.0802165047175651,0.0,0.08427649959090888,0.0,0.03557788709825502,0.013729348527632732,0.0,0.0,0.0146621866605876,0.1853612001856528,0.0,0.0,0.0,0.0011842374467391718,0.0,0.0,2.2578566118565762e-11,0.0,0.009750431751761452,0.0,0.001742767477042775,0.09043583623633734,0.0,0.0,9.555014354513237e-17,0.01571526311712154,[7],"[4, 13]"
221,0.019617036530980902,0.0,0.052184708732991074,0.008064358901997196,0.0,0.0006475375410034257,0.0,0.18205691747610728,0.008929187783738279,0.03932689686522212,0.0002306979227425283,0.043518929925996076,0.0,0.022290842842154573,0.039769804615591486,0.0,0.0,0.0,0.0,0.0,0.02401694874407819,0.0,0.0009222667150100315,0.0,0.0,0.0,0.0,0.0,0.0,0.0,0.2896905718938822,0.0,0.0,0.0,0.03767702328628739,[30],"[4, 16]"
222,0.04501229643194097,0.0,0.0,0.0,0.0,0.0017852304504145187,0.0,0.0,0.07536805673653185,0.0,0.0,0.007026800908087983,0.0,0.001946528494466153,0.0949793358830449,0.00048259758989212026,0.0,0.008455419314403082,0.0014674094294739445,0.0,0.0026100058275744862,0.0,0.00046366667781445447,0.003117524089048004,0.0,0.0,0.0015910684547497283,0.011580803464669762,5.0648614962063036e-14,0.0,0.0,0.0,0.0,6.06431198876098e-16,0.007111990033546362,[14],"[6, 10, 21, 37]"
223,0.021120969139463416,0.0,0.0,0.007907621865644941,0.0,0.0,0.0,0.0,0.03615305907499037,0.0,0.0,0.0,0.0,0.0,0.15199827916288325,0.0028465896507164417,0.0,0.002775365808302347,0.02528272376694137,3.316796122705473e-10,0.0,0.0022611011306186164,0.0,0.002428953602840568,0.0,0.0,0.0,0.0,0.0,0.0005979592786771483,0.0,0.0,0.004132238428170029,0.0,0.00428811351425601,[14],[21]
224,0.07442697664924933,0.0,0.0,0.002859886295977425,0.10712421987040258,0.0,0.0112627013597919,0.0,0.009999409435826211,0.0,0.10785202553147967,0.0,0.003968483199989699,0.0,0.003823703760045418,0.002180056304038684,0.000956900111593258,0.0,0.0,1.0855041541913844e-09,0.0006321560051462256,0.0,0.0005193610287846785,0.0,0.00042467939829797454,0.0,0.004477648469230373,0.0,6.550279694165521e-14,0.0,0.0,0.0,0.0,2.660281407200386e-16,0.0,"[4, 10]",[1]
225,0.08952620598432023,0.0,0.0,0.0031302556760910492,0.12802826536499362,1.5203219615240759e-05,0.013289851290293388,0.0,0.01284926145523142,0.0,0.12924702475495667,0.0,0.005167858217714232,0.0013126606040353463,0.0013450870705819695,0.004791545675115457,0.001242381260627309,0.0,0.0,9.01573727113587e-11,0.0004819357965027689,0.0,0.0022176074031548545,0.00025920080772783466,0.0012537653948691333,4.747336042550902e-11,0.0,0.0,0.0,0.0007683378832332008,0.0004876369903626272,0.0,0.0,8.763485638112125e-16,0.00046256543863122635,"[4, 10]",[1]
226,0.0,0.07594213396711529,0.0003379172641600633,0.0,0.009970109565801999,0.0,0.0,0.0,0.0,0.011584256833869077,0.0,0.00017801147265473805,0.0,0.0002062804502749964,0.0,0.0014843480499875316,0.0,0.00016048037876202983,0.0,6.132029113974951e-11,0.0004048136815298807,0.0,0.0004323645978163224,0.0,0.0,0.0,0.00037228111223942383,0.0008844955853784686,0.0,0.0,0.0003206026594456277,0.0,0.00011791293236838793,0.0,0.0002301073119263496,[1],[20]
227,0.0,0.06938209816240805,0.00017411345440589626,0.0006190400293693758,0.008539572637178068,0.000812745306903658,0.0,0.0,0.0,0.0104142615334789,0.0,0.00024889845280647087,0.0,0.0006383176360856832,0.005322562677321475,0.001438094562751172,0.01319005257187021,0.0,0.0,0.0,0.0009409658788420362,0.0,0.0018188807129300392,0.00040638740599508496,0.0012452685363088243,0.0,0.0010501240194445583,0.0006611945673882694,0.0,0.0,0.0,0.0,0.0002913486104409972,2.5533523738651974e-16,0.0026622013704340063,[1],[20]
228,0.04570819292931346,0.0,0.0,0.0,0.0,0.0016686838687220793,0.0,0.0,0.07547589941891945,0.0,0.0,0.004748473958819542,0.0,0.00227162764572606,0.06033549507963892,2.6213849941142452e-05,0.0,0.0,0.001987053721183776,0.0,0.0,0.0,0.0,0.012877109125933933,0.0218769035579209,0.0,2.2518463728137606e-05,0.01614242356103018,4.2733967748548305e-14,0.0,0.0007011298828223509,0.0,0.0037600281671399094,0.0,0.0017401793413313557,[8],[21]
229,0.05506549914995186,0.0,0.0,0.0016748068677732379,0.07660742556566844,5.760666008197286e-05,0.008017853579736365,0.0,0.009180489233201852,0.0,0.0785120532071274,0.0,0.003162903191239639,0.0015818262614673208,0.0,0.003814521801356029,0.0010530833334741693,0.0049354517226163986,0.0,0.0,0.0,0.0024218862888434538,0.0007147639698337738,0.004865986113154554,0.001996073725422163,2.4325346363574117e-11,0.0002404616538088899,0.0,4.82086704177849e-14,0.0007310026948729004,0.00203797528718805,0.0,0.0,4.4090484041972926e-16,0.0,"[4, 10]",[1]
230,0.03032726722913654,0.0,0.044470063071727205,0.006821558405168989,0.0,0.0,0.0,0.008093740093284743,0.02231172231548136,0.0788631082096434,0.0,0.0070812987275349236,0.0,0.0,0.0,0.0,0.0,0.012863859314421225,0.00036248349443068317,0.0,0.06452058455378545,0.0005636873036249021,0.011494819466141261,0.009316811993799709,0.0,0.0,0.0,0.04136669619901172,3.2281779088055516e-13,0.007663562932786788,0.19054490089632553,0.09761871166939284,0.0822775150800394,3.629878311167152e-16,0.0,[30],[40]
231,0.04741244851495521,0.0,0.0,0.009321578206927765,0.0,0.0,0.037774311872950474,0.08006852587643548,0.03887813681306429,0.13661400438060028,0.0,0.0,0.0,0.0,0.030139156280638884,0.0,0.0015616722268392005,0.00457814054798899,0.01973618229446371,1.7563277901942791e-10,0.00688618326671684,0.04489202907956721,0.0,0.03146928605198369,0.0,0.0,0.20772038320999509,0.11333656561370022,3.361315103935777e-13,0.017280507193244667,0.00584368270111201,0.22056145332617638,0.0,0.0,0.14373558180498017,"[26, 31]","[15, 40]"
232,0.034480964888000475,0.0,0.0,0.0,0.0,0.001436973388563113,0.0,0.0,0.05826426566982779,0.0,0.0,0.006509808228344796,0.0,0.0033897420260732584,0.14157953890413646,0.0,0.0,0.0,0.003888832639216927,1.3979917304112357e-10,0.0,0.0,0.0,0.00982218133441462,0.02024358585984689,0.0,0.0,0.022053689451027984,6.934688953626022e-14,0.0,6.713408464474804e-05,0.0,0.0,0.0,0.0015956154714041615,[14],[21]
233,0.0,0.06794274224086956,0.0002658571757145295,0.0,0.008885967918150172,0.0,0.0,0.0,0.0,0.010305882282517678,0.0,0.00023734405201790041,0.0,0.00014619622542860687,0.0,0.001353845235752519,0.0,0.003236865102467697,0.0,0.0,0.000511852628052695,0.0,0.0,4.359551322807944e-05,0.0,0.0,0.0001606569167919818,0.0007836573189803366,8.252711703154135e-16,0.0,0.00043116090351638414,0.0,8.163620184266562e-05,3.51328150440016e-16,0.00044482034456910146,[1],[20]
234,0.04458664893907686,0.0,0.0,0.0,0.0,0.0018106093258737326,0.0,0.0,0.07412278752131654,0.0,0.0,0.006611529093461018,0.0,0.0005056674616899186,0.0,0.0006145280395035378,0.0,0.0,0.0,0.0,0.00328662392523538,0.0,0.004584095519477824,0.0,0.0,0.0,0.0029039355323230106,0.006287845801617252,2.228371261206054e-14,0.007082158788192638,0.0,0.0,0.0011472999772190943,9.209841239379523e-16,0.059109923002202455,[8],"[7, 15, 37]"
235,0.0,0.07274045685325291,0.0004216553986892283,0.0,0.009855265606691015,0.0,0.0,0.0,0.0,0.011192594541260556,0.0,2.971426880719399e-05,0.0,0.0001842543669963558,0.0,0.0013271720657311655,0.0,0.000604889194461493,0.0,0.0,0.0004107373380832806,0.0,0.0006222672501811993,0.00011134902813844719,0.0,0.0,0.00039742162961471975,0.0004468728793219302,0.0,0.0,0.00022371907221924877,0.0,0.00043856903813731214,2.5004376329334073e-16,1.488099222120903e-05,[1],[20]
236,0.08972415734301664,0.0,0.0,0.0032441296385733263,0.12799696770211874,0.0,0.01342892418990329,0.0,0.012841207564357164,0.0,0.12945088575544603,0.0,0.004871384179285461,0.0004250598819130234,0.002461465452653726,0.0037290019780794503,0.0013166912529600616,0.0,0.0,2.1047865263609763e-10,0.00018624487177385348,0.0,0.0014902924944692063,0.001045488033992743,0.0012085933705344406,0.0,0.0021517792254599133,0.0,4.2102015038324695e-14,0.0007273450303130844,0.0003665274731797961,0.0,0.0,7.733638176779004e-16,0.0,"[4, 10]",[1]
237,0.08388684473962763,0.0,0.0,0.0029702902320598427,0.12045113621225415,9.97527384662046e-06,0.012447321989399364,0.0,0.011795570380155218,0.0,0.12132731985643906,0.0,0.005091886528083737,0.001619598294396454,0.0003715764284423226,0.004727142642388488,0.0013391483537471605,0.0,0.0,0.0,0.0,0.0,0.0029303084379944757,0.0016010556747250238,0.0019650513263721756,0.0,0.0,0.0,2.1135617597168558e-15,0.0005860741629786158,0.0010046260464113988,0.0,0.0001711726284025723,3.5139795544279687e-16,0.0,"[4, 10]",[1]
238,0.07559518874461117,0.0,0.0,0.0030510000386299026,0.11039154979311046,0.0,0.011513662010323437,0.0,0.00927182555724749,0.0,0.11030230988178062,0.0,0.003983648930095314,0.0,0.004940681204970362,0.002292927437837413,0.0009095515941543233,0.0,0.0,6.187713606928397e-10,9.21991699312698e-05,0.0,0.0,0.0,0.0,0.0,0.004811436466048458,0.0,6.276377251519739e-14,0.003862874529686337,0.0,0.0,0.0,0.0,0.0,"[4, 10]",[1]
239,0.08787353418857172,0.0,0.024465085865474478,0.006909700136047117,0.0885399136280694,0.0,0.01120228861297565,0.0015541464657497337,0.020774260577634606,0.0,0.11133443319836782,0.0,0.0,0.0,0.019787969080895848,0.0,0.0002014751901184205,0.0,0.0,3.116949781146741e-11,0.0028422445005876506,0.049954683798789354,0.0,0.004294003552842858,0.0,0.0,0.0,0.03040640177273183,0.0,0.0,0.0,0.05100534960157736,0.015247577052126008,2.2937905088133706e-15,0.0,[10],"[1, 40]"
240,0.0,0.07405232158044961,0.0,0.0009270988769189463,0.007549109486557114,0.0005854612308621368,0.0,0.0,0.0,0.010633027553879059,0.0,5.5704707221794054e-05,0.0,0.0005522187124753327,0.0076308440996465795,0.002091399931883706,0.04252901197504895,0.0003593910994339135,0.0,2.1286025454363158e-11,0.0013530955359167193,0.0,0.0,0.00014332127862339084,0.003879516398185036,0.0,0.0010867839550645038,0.0,0.0,0.0,0.0009944255349490724,0.0,0.0,0.0,0.0,[1],"[10, 14, 15, 20]"
241,0.0,0.07438249476999179,0.00031796988407696217,0.0,0.009717836879417177,0.0,0.0,0.0,0.0,0.011321935144229368,0.0,0.00018785495787302113,0.0,0.00023976154807511427,0.0,0.0014424117858226474,0.0,0.00020747932678086192,0.0,0.0,0.00042793306856492704,0.0,0.0009749309928940831,0.0003263684846336778,0.0,0.0,0.0006076295487750424,0.0009184678864320026,0.0,0.0,0.0001760735615795667,0.0,0.0,0.0,0.0001243344275776921,[1],[20]
242,0.0,0.07250609334520193,0.0,0.0,0.008164095363414356,0.0,0.0,0.0,0.0,0.011059704937607245,0.0,0.005564414743997546,0.0,0.0,0.0,0.0023626238005325954,0.0,0.0015139281249814908,0.0,1.4354823376437836e-10,0.0,0.0,0.0,0.0,0.0,1.3417510996535065e-10,0.0,0.002184959312797745,0.0,0.0,0.0,0.0,0.0017855983072865966,1.0799302523670382e-15,0.00020311950215252776,[1],[20]
243,0.0,0.06252749782802715,0.00018622310922831583,0.0,0.007617763983774112,0.0,0.0,0.0,0.0,0.009246612827881072,0.0,7.130489275856558e-05,0.0,0.0006976403533177594,0.0,0.0015058515676505608,0.05279940451600032,0.00023803642196071497,0.0,0.0,0.001332836510917645,0.0,0.0,0.0011383670862583593,0.0023700431934176435,0.0,0.0,0.00012772255337116872,0.0,0.0,0.0003010719336466132,0.0,0.0003853442069404611,3.6593921681416066e-16,0.0,[1],[20]
244,0.050955583437535736,0.0,0.10687425016663456,0.0121923503925057,0.0,0.0,0.0,0.0,0.03650707061358321,0.11748787875717327,0.0,0.0,0.0,0.023457770253001466,0.0,0.09304886109047435,0.0009541852600821743,0.007185508121149577,0.0,1.869138684809803e-11,0.0,0.0,0.0,0.0,0.05717175017644249,0.0,0.04694308596472804,0.0,0.0,0.0024349737562509733,0.004821933532385385,0.054784455953402825,0.0,0.0,0.05331766626757822,"[2, 9]",[40]
245,0.03212598603614282,0.0,0.07557187919823774,0.008468086360799456,0.0,0.0,0.0,0.0,0.02294087963614042,0.07171930127837849,0.0,0.0,0.004926209036288536,0.0,0.02462289140472374,0.3019885885088219,0.0,0.0,0.0,0.0,0.04366456448071197,0.0,0.009241932494414497,6.971461761749418e-05,0.02118519005208718,0.0,0.0,0.016403338878933117,6.11133095032901e-13,0.00711304958418579,0.0,0.0,0.0,1.782381117137102e-15,0.0,[15],[40]
246,0.0,0.04119561192144597,0.0,0.0,0.0029737736816540152,0.0,0.0,0.0,0.0,0.005133403300985333,0.0,0.00033861965857258873,0.0,0.001136783068723254,0.0,0.0018726753206009578,0.08563796810620912,0.0,0.0,2.568246946948031e-10,0.002381081888161887,0.0,0.0,0.0004212375235681613,0.004284575121736399,4.360351476030467e-11,0.0,0.0014591774415023586,1.8711088831807487e-15,0.0,0.0,0.0,0.0,0.0,0.0,[16],[-1]
247,0.0,0.05889419475449345,0.000327194739895556,0.001005065505184401,0.007258558101186098,0.0,0.0,0.0,0.0,0.008810971446434175,0.0,0.0,0.0015468647822860413,0.001439777243112947,0.0,0.0012446827023181667,0.09752992599586645,0.002275345731806253,6.772566979298333e-05,0.0,0.002010409601660519,0.0,0.0,0.0016565370243066982,0.006771651704364748,0.0,0.0,0.0002793134662395915,2.095342634961977e-14,0.15917511240811824,0.0,0.0,0.004669057719976715,0.0,0.0,[29],[20]
248,0.0,0.04741346822966272,0.00024340242286855147,0.0,0.0062132427273982995,0.0,0.0,0.0,0.0,0.007201668074394154,0.0,0.0,0.0,0.000250311455694703,0.0,0.0009768210355369678,0.0,0.0002087035489519338,0.0,0.0,0.00045494184658408186,0.0,0.0,0.0,0.0,9.982675384460172e-11,0.0,0.0006993725364653026,1.4012314943749167e-15,0.0,0.0002260546313398395,0.0,0.00048145081272608084,2.336486127279708e-16,0.00039037053869995,[1],[20]
249,0.0,0.06910639802651664,0.00033503731387548485,0.0,0.009281044403434302,0.0,0.0,0.0,0.0,0.010611765623351192,0.0,0.00019414391875833848,0.0,5.886994848285053e-05,0.0,0.0013006246913559447,0.0,0.0005683392167752806,0.0,0.0,0.00019991580757100082,0.0,0.0,0.0,0.0,0.0,0.0,0.0007497398269815338,3.881118837478017e-15,0.0,0.00039521957424832645,0.0,0.00020064333279432093,1.000595126736472e-16,0.0005895062564325338,[1],[20]
250,0.0,0.053295046837210286,0.00027685027324421353,0.0,0.0070883292827567425,0.0,0.0,0.0,0.0,0.008119880675126877,0.0,1.3963862118957786e-05,0.0,0.00021075537106984317,0.0,0.0009740976209708003,0.0,0.0009881722004882498,0.0,0.0,0.0003672438570363368,0.0,0.0,3.8150836468786684e-05,0.0,0.0,0.0,0.000884607686396836,1.1163177985184739e-16,0.0036621700464406085,0.0002338974813677514,0.0,0.0003477443293323586,9.815704344558629e-16,0.0,[1],[-1]
251,0.0,0.038577484910721986,0.00023698389739692515,0.000155708656971916,0.005157353614425475,0.0,0.0,0.0,0.0,0.005883671140731586,0.0,0.0,0.0,0.0001706770410165295,8.731936061785655e-05,0.000790475578535951,0.013802273055299354,0.0007350605755946236,0.0004321243157832185,0.0,0.00039714545849070754,0.0,0.0,0.000508623358266787,0.0007930212003044403,3.145898637553176e-11,1.5696465935068968e-06,0.0,0.0,0.0,0.00024959783094609194,0.0,0.00010849746798391518,1.137758364777827e-15,0.0,[1],[20]
252,0.0,0.07650004101230293,0.0003643963971342703,0.0,0.0101601581643275,0.0,0.0,0.0,0.0,0.011724393445149129,0.0,6.948223813615421e-05,0.0,0.0001948539591740135,0.003007538536236303,0.001461804549107512,0.0,0.0006597279478370793,8.001885679480055e-05,1.6566231532157344e-10,0.00044392704078094095,0.0,0.0010780745668154171,5.010429056629709e-05,0.0,0.0,0.0006802516590689478,0.00034787587049846794,0.0,0.008835783469495272,0.0001713563655832647,0.0,0.0005087348938769682,0.0,0.0009878985881220435,[1],[40]
253,0.0,0.030188961181694528,0.0,0.0034288123130613544,0.0029866580570051845,0.003252720990388533,0.0,0.0,0.0,0.0043275309500848055,0.0,1.9803994290274473e-05,0.00014493229871862589,0.0024800306515604118,0.0,3.2370328798679937e-05,0.2217561548811373,0.001143976088497764,0.0,7.2385906338618e-11,0.003386156060178375,9.318391913440428e-05,0.0,0.002710360726371568,0.009945043089708984,6.488728002280586e-11,0.0,0.0,3.947341616520032e-14,0.0,0.0,0.0,0.0,0.0,0.0,[16],[20]
254,0.0,0.015187153030378712,0.0,0.005388521792194256,0.0006915560116161228,0.005192982845703011,0.0,0.0,0.0,0.00190414869474554,0.0,0.00010557981501093247,0.0,0.0033597928420465786,0.0,0.0,0.27452263577401664,0.0014912777899138108,0.0,5.995004779260676e-11,0.004222215978969464,0.0012582341959495144,0.0,0.004288998390041713,0.012256657750339982,0.0,0.0,0.0,2.2251715189349744e-14,0.0,0.0,0.0,0.0,0.0,0.0,[16],[20]
255,0.011284960526487968,0.0,0.0033686418473681257,0.0,0.0,0.00023134788549499828,0.0,0.003989640888694602,0.016789490891113854,0.008269606364567736,0.0,0.0,0.08338802790468747,0.013711197314744338,0.0,0.0,0.0,0.0,0.0,0.0,0.012352713542473567,0.0,0.0147460328844767,0.5642169203492927,0.0,1.1355310095284833e-11,0.0,0.0011479193021939,8.121713354399679e-14,0.0,0.0023136655924041022,0.0,0.008502507518932485,3.2361300324128317e-16,0.005700773410907743,[23],[35]
256,0.07844113513505226,0.0,0.0,0.0031533946940009014,0.11445577678432717,0.0,0.011937190843894338,0.0,0.009671690915744834,0.0,0.11440276445229605,0.0,0.00393465311963259,0.0,0.004791721913033981,0.0022519326612250356,0.00082195927805233,0.0,0.0,2.1805031282786398e-10,0.0002818671450207789,0.0024774610108604907,2.4030515553471606e-05,0.0,0.0,0.0,0.002518209008067687,0.0,3.8102219109759236e-14,0.0009955287647290428,0.0,0.0,0.0,5.868924296920019e-16,0.0,"[4, 10]",[1]
257,0.0,0.07661395097594721,0.00039869197978757264,0.0,0.010290348826451658,0.0,0.0,0.0,0.0,0.011767516747267,0.0,0.00011655260648486398,0.0,0.00017768594202764195,0.0,0.0014357760964051904,0.0,0.0007300580723910134,0.0,6.254745617057356e-11,0.0003991482506787929,0.0,0.0009364636830173623,9.030351170823306e-05,0.0,0.0,0.0005838982579037303,0.0006412772740973742,0.0,0.009748654913795066,0.00015010448862207365,0.0,0.0003826821903085984,2.264593037045993e-16,0.0,[1],[20]
258,0.0,0.07842556854679178,0.0004379895254049675,0.0,0.010537521474146983,0.0,0.0,0.0,0.0,0.012037213385151223,0.0,2.831571418943338e-05,0.0,0.00022943356475744968,0.0,0.0014614494782405768,0.0,0.0005427396713722806,0.0,0.0,0.0004329054173706143,0.0,0.0,0.0,0.0,2.9256283257711336e-11,0.0001942825524940074,0.0007869954662387097,0.0,0.0,0.00037285861672884074,0.0,0.00024414098689089225,5.896614226691941e-16,0.0001897872485640725,[1],[20]
259,0.04506582708780785,0.0,0.0,0.0,0.0,0.0017456974652952943,0.0,0.0,0.07085845363824701,0.0,0.0,0.004033902468355917,0.0,0.0015987633668590683,0.0,0.0006154073700991447,0.0,0.08344107668950804,0.0,0.0,0.004987143385152214,0.0,0.0,0.024060424863986834,0.0010354676838017465,1.261986438715915e-11,0.0,0.010913883150109976,1.830007398791991e-14,0.0,0.0,0.0,0.003605214092177014,0.0,0.0,[17],[37]
260,0.0,0.07742686345306629,0.0004269523262943099,0.0,0.010445952934558385,0.0,0.0,0.0,0.0,0.011908174848887454,0.0,0.0,0.0,0.0003054172040882274,7.312709349601592e-05,0.001431305090658954,0.00867902648344358,0.001053314694775692,0.00019599386356428184,1.2528289639216227e-10,0.0006350254577800497,0.0,0.0017039852831196639,0.0007656186666025993,0.001046384623116551,3.572482070867002e-11,0.0008754203780721408,0.00010909136012596346,0.0,0.036861414171300816,0.0,0.0,0.0010828280930639787,0.0,0.0,[1],"[20, 30]"
261,0.0,0.07615283493489336,0.00038855970347640605,0.0,0.01021493087054743,0.0,0.0,0.0,0.0,0.011689870766271582,0.0,0.0001645009907922748,0.0,0.00015885246919829362,0.0,0.0014319966843586902,0.0,0.0004866704359577142,0.0,0.0,0.0003254860443698087,0.0,0.0,0.0,0.0,0.0,0.00014353208479650476,0.0008590235357777047,1.5172154573608344e-16,0.0,0.0003680682184145378,0.0,0.0003648209004363255,2.4585147286871233e-16,0.00029099509340748346,[1],"[20, 43]"
262,0.08223008359818672,0.0,0.0,0.0009195994205072125,0.09989900607596183,0.0003398048915194414,0.011405247188155982,0.0,0.021649976048135126,0.0,0.11021601731318471,0.0,0.008733821977381699,0.0,0.0,0.005345797379408785,0.0,0.14771231229415363,0.0,0.0,0.006907786774920467,0.0,0.0,0.011990828253770828,0.0,0.0,8.684062143680119e-05,0.0,0.0,0.0,0.004342651514498419,0.0,0.0,0.0,0.009202511107965126,[17],[1]
263,0.09065843709619469,0.0,0.0,0.0035255407074920642,0.13186535573513114,0.0,0.013703638148233268,0.0,0.011527154004304704,0.0,0.13198305364778806,0.0,0.0049932173913714364,0.0004148974254020855,0.004398322465699319,0.0033803999899860524,0.0009908485549143704,0.0,0.0,0.0,0.0001604661904303882,0.0003251984559280849,0.0003813483438073536,0.0,0.0,1.0022216523599463e-11,0.0007978231576536459,0.0,4.5680823679863796e-14,0.0030599148016235873,0.0,0.0,0.0,0.0,0.0007871354292378033,"[4, 10]",[30]
264,0.032963284018713776,0.0,0.05651901271965289,0.007333383829165266,0.0,0.0,0.0,0.0,0.02691370192337639,0.07685503593487424,0.0,0.0,0.02004354641259068,0.020621329373645518,0.0,0.03524727546388308,0.0,0.0017988427466610532,0.0008761291410310694,0.0,0.0,0.0,0.005915259168260221,0.0,0.07578259041730045,3.3862224074796344e-11,0.0473782668640955,0.0,3.0257433480581036e-13,0.005202480583578989,0.11560229735227881,0.04920794151663256,0.0,0.0,0.049991123974372866,[30],"[9, 15, 40]"
265,0.02611393503406327,0.0,0.05723346320273495,0.006613520923884721,0.0,0.0,0.0,0.0,0.018942761844517705,0.061358574986664784,0.0,0.0,0.00402676807918668,0.028641761817838736,0.0,0.06768315158448408,0.0,0.0,0.0,3.816749361428556e-11,0.009250457740447814,0.0,0.008732788147352162,0.0,0.03225275111945433,0.0,0.01063387931192459,0.0,0.0,0.0013744789034254258,0.1285756694726337,0.024388197218505107,0.035542594916242225,0.0,0.06624743520517656,[30],[40]
266,0.0,0.06415777107578123,0.0,0.0,0.004051215229419398,0.0,0.0,0.0,0.0,0.007778552250050065,0.0,0.0016991497242633275,0.0,0.0012250339287218609,0.0,0.00401328712036388,0.0037604854922093844,0.0,0.0,2.7960319169827892e-11,0.003065467061407453,0.0,0.0044140009999238386,0.0,0.0006466992419534932,0.0,0.0020049184227707946,0.0073345536936106695,0.0,0.0,0.0,0.0,0.0,7.769720005188484e-16,0.0,[1],"[10, 20, 26]"
267,0.04487716921226826,0.0,0.0,0.0,0.0,0.0018894221778899478,0.0,0.0,0.07391047832409024,0.0,0.0,0.009651919877998226,0.0,0.004908889455632328,0.0,0.0,0.0,0.0,0.0,3.513901518606429e-10,0.0,0.0,1.610442237354677e-05,0.0,0.004164258062454187,0.0,0.0,0.03174282015267711,0.0,0.0007442997157810975,0.0,0.0,0.0010338953160548773,6.392957985998833e-17,0.0,[8],[37]
268,0.04141387853548776,0.0,0.0,0.0,0.0,0.001828049140759654,0.0,0.0,0.06859988407687824,0.0,0.0,0.01032521821141287,0.0,0.0022298813552329303,0.0,0.0015615405267807674,0.0,0.0,0.0,0.0,0.0025301894648361526,0.0,0.001608420334487546,0.0,0.0,8.209619358765298e-11,0.0,0.02499529996619295,0.0,0.009543743372386186,0.0,0.0,0.0,6.074722528033046e-16,0.009839873590252485,[8],[37]
269,0.0778189164752175,0.0,0.0,0.0033501196157988584,0.1154366362063679,0.0,0.011940370378682388,0.0,0.008507489103268286,0.0,0.11435775811609411,0.0,0.004690799906409599,0.0,0.00767400347044517,0.0018429925700313777,0.0006216580236585334,0.0,0.0,3.1771761481201063e-10,0.0007381906008772591,0.0,0.0007274469859388044,0.0,0.0,0.0,0.0030798022341714877,0.0,3.8351181617157804e-14,0.0,0.0,0.0,0.0,1.640772517922331e-16,0.0,"[4, 10]",[30]
270,0.08542578225372026,0.0,0.0,0.003487895105439564,0.12535178827753038,0.0,0.013008410255318952,0.0,0.010174563227631377,0.0,0.12487117435022968,0.0,0.004749644544076801,0.0,0.006514664336719386,0.0025268877292535653,0.0009023376644211991,0.0,0.0,2.7135662061006893e-10,0.0007109832229536711,0.0,0.0001968207477120773,0.0,0.0,0.0,0.002184916620573421,0.0,3.255319580406057e-14,0.0,0.0,0.0,0.0,4.63285741839391e-16,0.0,"[4, 10]",[1]
271,0.0,0.07692305076106264,0.00038789589428083626,0.0,0.01030235322652175,0.0,0.0,0.0,0.0,0.011809601412215525,0.0,0.00016355431907723336,0.0,0.00020425514274509548,0.0,0.0014357005231059414,0.0,0.00035657084483048114,0.0,6.364405047774174e-11,0.00043557276161543783,0.0,0.00037507421955955286,0.0,0.0,8.305255885305782e-11,0.0003235181353814117,0.0007349124507850119,0.0,0.0,0.0003302530591831395,0.0,0.0005641017188730123,4.1775262784573003e-16,0.00046851576233737874,[1],[20]
272,0.07189196150426681,0.0,0.0,0.002711142830095958,0.10521590043997625,0.0,0.010742081651178232,0.0,0.009024651921533414,0.0,0.10489330519700463,0.0,0.004722403068539258,0.0018912695717668274,0.00119653522652302,0.0042883239572575164,0.0012483406870287368,0.0,0.0,0.0,0.0,0.0,0.0016436961094363342,0.0016891881493113696,0.001656556394299401,0.0,0.0,0.0,1.3304659850221515e-14,0.0025630070040004106,0.0021742065226598726,0.0,0.0006907292409173215,0.0,0.0007001587704815596,"[4, 10]",[1]
273,0.0790048749184273,0.0,0.0,0.0030289071714076927,0.11565987168255078,0.0,0.011860208250241035,0.0,0.009821174918757804,0.0,0.11525495731772817,0.0,0.0046505416984324414,0.0010594363225858393,0.004221482670190019,0.003834778586197482,0.0008754709932143774,0.0,0.0,0.0,0.0008767080693307844,0.0,0.0009816540937357882,0.0,0.0002958070502223475,2.82067526008004e-11,0.0,0.0,7.756090749257218e-15,0.0,0.0,0.0,0.0,6.081616112157703e-16,3.703461033555613e-05,"[4, 10]",[30]
274,0.051486280758143106,0.0,0.0,0.002064507244175264,0.07617234406561157,0.0,0.007789353525652269,0.0,0.005941574959415965,0.0,0.07551953046143012,0.0,0.0035228325230129516,0.0009216584624297191,0.0023000751841813706,0.002535618359014944,0.000499482112030448,0.0,0.0,1.8219376548264966e-09,0.0006606448021484301,0.0,0.0018220519339575169,1.0580345992085666e-05,0.0006061010020411669,4.621953654488265e-12,0.0,0.0,0.0,0.0,0.0009547749014808272,0.0,0.00034930863643634817,6.575245824078535e-16,0.0014959219602875234,"[4, 10]",[1]
275,0.0,0.07875157167091681,0.00040226680064634233,0.0,0.010557232799017794,0.0,0.0,0.0,0.0,0.012088316636839305,0.0,0.0001466117507788637,0.0,0.0001690750227679771,0.0,0.0014815625000825325,0.0,0.0004951629210682639,0.0,1.1406733718934024e-10,0.0004144860752792219,0.0,0.0003729190675914101,0.0,0.0,4.817582033944697e-11,0.00036779585566873175,0.0006915109210483604,0.0,0.000392729025040392,0.0003534759465239002,0.0,0.0,5.184428130232165e-16,0.0003087382013283786,[1],"[20, 43]"
276,0.0,0.06709269091881655,0.00027572056371721914,0.0,0.008663301142849387,0.0,0.0,0.0,0.0,0.010155751299974342,0.0,0.00020245321629442175,0.0,0.00024025738102904738,0.0,0.0014429123159060409,0.0,0.0,0.0,7.447469512436149e-11,0.0004284580500589929,0.0,0.0,0.0,0.0,0.0,0.0,0.0013037885963088295,1.4995163484279152e-15,0.0,0.0003234232598577303,0.0,0.0005277552457828457,1.9588532116250366e-16,3.714420103890951e-05,[1],"[12, 20]"
277,0.0,0.07422917912824789,0.00032458277060463475,0.0,0.009722901836597022,0.0,0.0,0.0,0.0,0.01131654027474382,0.0,0.0001779450542309805,0.0,0.0002262960535636923,0.0,0.0014469121792837038,0.0,0.0002527721816850014,0.0,6.843192561962799e-11,0.0004794342941853491,0.0,0.001125463576021464,0.0003195209388351601,0.0,0.0,0.0006314715027210077,0.0007008832367691756,0.0,0.02505461987735186,0.00013767703305863474,0.0,0.0009923045621996328,0.0,0.0,[1],[20]
278,0.0,0.07613978255291165,0.00044162194302179374,0.0,0.01032435918945024,0.0,0.0,0.0,0.0,0.01171692760394662,0.0,7.426432332293843e-05,0.0,0.000156331493631243,0.0,0.0013658864124469184,0.0,0.0007039277406619265,0.0,3.4495428730556166e-11,0.0003204847459905112,0.0,0.0,0.0,0.0,0.0,6.351252637140737e-05,0.0006674231892368978,0.0,0.0030321237528004702,0.00039617613883379985,0.0,0.00015450918290627394,4.985534920077987e-16,0.00029587979571017514,[1],[20]
279,0.0,0.058144380037051135,0.00033229451796812506,0.0014410043003617377,0.007460390843925209,0.0,0.0,0.0,0.0,0.008685997654290093,0.0,0.0,0.00026309498291663433,0.0010244769551407322,0.0,0.0011983281860985615,0.11838779224806441,0.0022373285808978166,0.00026181465739297667,6.989210568132273e-11,0.002145905793542751,0.0,0.0,0.002865026772867156,0.0054723556157769354,0.0,0.0,0.0,1.0016997700108292e-14,0.11499976189808747,1.1023723573113741e-05,0.0,0.0012289577675533175,0.0,0.0,"[16, 29]",[20]
280,0.035006523304221084,0.0,0.0,0.0,0.0,0.0013095051015803631,0.0,0.0,0.057465281379405535,0.0,0.0,0.004755435918147004,0.0,0.0022308236976051974,0.1538291013565282,0.0003508634990253306,0.0,0.0,0.007209853042412698,7.511983330189617e-11,0.0,0.0,0.0,0.008267827572918217,0.01112201918233997,7.003434824346367e-11,0.0,0.00972936418292022,5.505304568532062e-14,0.0,0.0,0.0,0.0,0.0,0.01799073651709123,[14],[21]
281,0.015006555924638171,0.0,0.0,0.0,0.0,0.0005421244585431311,0.0,0.0,0.02587340047178928,0.0013759233878264286,0.0,0.0,0.01531734217223912,0.0,0.10127177314047645,0.0005954388025120198,0.0007987919258723971,0.0084858708789738,0.008463970595259898,8.345615869290515e-10,0.0009055071713012732,0.0,0.0,0.00330178781665044,0.0,0.0,0.0,0.0,1.0180018547442796e-13,0.006366852837910654,0.001584968720604589,0.0,0.0,0.0,0.0,[14],"[23, 35]"
282,0.040208150286597175,0.0,0.0,0.0,0.0,0.001603484152175354,0.0,0.0,0.06701977205089993,0.0,0.0,0.008538550347807781,0.0,0.0024399198321475553,0.034190602325494146,0.001058331550855963,0.0,0.0,0.0,0.0,0.0,0.0,0.0041478457214310606,0.0009910893691587996,0.008301820966011182,0.0,0.0022284115937036067,0.02170218089231934,0.0,0.0,0.0,0.0,0.0,5.024283600975323e-16,0.004369735206279978,[8],"[15, 21, 37]"
283,0.0,0.05591689341389611,0.00018998094477704717,0.0,0.007040558068341009,0.0,0.0,0.0,0.0,0.008376826779140355,0.0,0.00016609817550935626,0.0,0.00038569883152327983,0.0,0.0012341656599496483,0.0,0.0,0.0,0.0,0.0006972023442451056,0.0,0.0012491975974811787,0.0002497545927686135,0.00015901129887878546,1.806736279618782e-11,0.0005706151979679543,0.0013832720020617057,0.0,0.0,4.525054913631337e-05,0.0,0.0009214091771840013,5.078004809651246e-16,0.0,[1],[20]
284,0.0,0.07667940179489399,0.00037655754949776805,0.0,0.009794234244789903,0.0,0.0,0.0,0.0,0.011637411585238826,0.0,0.0,0.00045117075673451916,0.001095687184123044,0.0,0.0014693527232658066,0.0420716298524683,0.0016959429721551814,0.0,3.403655084820946e-11,0.0013354766825348632,0.0,0.0,0.0006576331429648001,0.003579450695470616,0.0,0.0002243451267347936,0.0011913745512132177,0.0,0.0003240418755941063,4.2844722850885145e-06,0.0,0.0,1.340589412147929e-16,0.0,[1],[20]
285,0.05048066437978111,0.0,0.0,0.0,0.0,0.0020468072437720415,0.0,0.0,0.08464655820754453,0.0,0.0,0.005389797408935008,0.0,0.0003959998677511037,0.06752922709783318,0.001368846069466128,0.001643349616475681,0.015471025180673878,0.0017268022190227291,0.0,0.004651212430599204,0.0,0.0,0.0,0.0,8.63302657106458e-12,0.001273291488721794,0.0,4.569885473985704e-14,0.0,0.0,0.0,0.0,1.827118105882083e-16,0.003954629003917587,[8],"[15, 21, 37, 38]"
286,0.04005531147083182,0.0,0.0,0.0,0.0,0.0015272773081645601,0.0,0.0,0.06657298276632655,0.0,0.0,0.0066975304042045615,0.0,0.0030092054094110546,0.09073769654386814,0.0,0.0,0.0,0.001737704487176816,2.3360726228273314e-10,0.0,0.0,0.0,0.015200901450197082,0.02334858319524648,6.216349488540221e-11,0.00015739021202143687,0.02137225775867138,6.263062720652603e-14,0.0,0.0007360041603573456,0.0,0.0,4.7947288091945135e-17,0.0,[14],"[21, 37]"
287,0.044399028710936525,0.0,0.0,0.0,0.0,0.001791289088507197,0.0,0.0,0.0721065321107425,0.0,0.0,0.003747104557612032,0.0,0.0007699861099926665,0.0,0.0,0.0027701541730989617,0.00274448794443361,0.0,2.246852748892592e-10,0.003982041094420346,0.0,0.0,0.011367123177557467,0.0,0.0,0.0,0.0016778201605414712,1.5864651092269435e-14,0.0004477502581309407,0.0,0.0,0.0028657012256838375,6.272864674190268e-16,0.0,[8],[37]
288,0.04884308253238195,0.0,0.0,0.0,0.0,0.0019572474178144858,0.0,0.0,0.08276458898986769,0.0,0.0,0.010071035281737643,0.0,0.0023222302844655585,0.05836689410674057,0.0016315318920663183,0.0,0.0,0.0,0.0,0.0014917379179943842,0.0,0.007267691666651435,0.0,0.0,0.0,0.0038779376268272127,0.022511651997300212,1.1626657564516111e-14,0.0,0.0,0.0,0.0,1.8493180396341466e-15,0.014848962321269876,[8],"[21, 37]"
289,0.0,0.0708875488658395,0.0003999518385928971,0.0,0.009579273126325633,0.0,0.0,0.0,0.0,0.010899614241370346,0.0,6.666863448075103e-05,0.0,8.920989358592309e-05,0.0,0.0013252769938918872,0.0,0.0003390984652386907,0.0,4.6498544591669e-11,0.00032146827890793645,0.0,0.0,0.0,0.0,1.3866656896346912e-11,1.5385804975419837e-05,0.00033496650762374167,0.0,0.0,0.000519314259225134,0.0,0.0,3.2586867693557875e-16,0.0009183885367480531,[1],[20]
290,0.0,0.06493087593570564,0.0003569871721556184,0.0,0.008794271891808952,0.0,0.0,0.0,0.0,0.009968084212486733,0.0,3.1568630075066415e-05,0.0,7.833937798063992e-05,0.0,0.0012609519603659506,0.0,0.0006125502046111673,0.0,0.0,0.00030271716653391717,0.0,0.0,2.9371074686992265e-05,0.0,0.0,0.0,0.0006418126892709789,5.557687949009549e-15,0.0,0.00036827393507746393,0.0,7.406942736656182e-05,5.975654044431415e-16,0.0,[1],[20]
291,0.038787659915561254,0.0,0.0,0.0,0.0,0.0015961528853283237,0.0,0.0,0.06410215828387232,0.0,0.0,0.0066685839041151634,0.0,0.0028104678915064807,0.0,0.0,0.0034705565276942386,0.0,0.0,0.0,0.0,0.0,0.002804168582477661,0.004520366588482395,0.008869639266937806,1.3805304664147001e-12,0.0005106083489983699,0.02098074372143338,0.0,0.0,0.0,0.0,0.0,3.904842380733996e-16,0.0,[8],[37]
292,0.043789737203218666,0.0,0.0,0.0,0.0,0.0017654117879296156,0.0,0.0,0.07346190082914018,0.0,0.0,0.01155488929440589,0.0,0.001995959982974509,0.0,0.0018104524702909678,0.0,0.0,0.0,3.546015947503391e-10,0.0007876940207198939,0.0,0.0048894171974366496,0.0,0.0,0.0,0.0008796076295581029,0.02856852258292515,0.0,0.005247430688941823,0.0,0.0,0.0,1.1087673877306891e-15,0.006458662666379649,[8],[37]
293,0.0,0.07180118988067379,0.00044761055684593756,0.0,0.009876715417276409,0.0,0.0,0.0,0.0,0.011119935395071908,0.0,3.547168169577747e-05,0.0,0.0001551303774881897,0.00025437491664281664,0.001192339590899176,0.0,0.0007057321747642968,0.0,2.436719485591743e-11,0.0002987523908104182,0.0,0.0,0.0,0.0,1.550460082577083e-11,0.0,0.0004528634918420518,1.0165981408478546e-15,0.0007874663970737787,0.00035272215584545257,0.0,0.0,2.958066024286183e-16,0.0,[1],[20]
294,0.05027329985896858,0.0,0.0,0.0,0.0,0.001567876757110573,0.0,0.004956568606961282,0.07943309100577467,0.00929759941595686,0.0,0.0,0.04922329234118466,0.0060161621579027155,0.0,0.0,0.0,0.0,0.007014767325288532,1.557595375985359e-10,0.0,0.0108646254351467,0.0,0.0027628699303518804,0.07614969418197441,1.6633609224465076e-11,0.0,0.0,1.8481426095805086e-14,0.0,0.0015699071949167908,0.0,0.0010676885017570294,2.6358380048879733e-15,0.0,"[8, 24]",[40]
295,0.042284265449754686,0.0,0.11993889389294213,0.0,0.0,0.0,0.029328573169065793,0.02267504805182944,0.016849213241269177,0.04752738347032796,0.0,0.0,0.0,0.0,0.0,0.0,0.005793843287690909,0.038174092172789165,0.01608442730507613,0.0,0.0,0.0,0.0,0.0,0.0,0.0,0.05055654435949461,0.0,0.0,0.0,0.04128936389700648,0.13383784522475237,0.004418673414789092,0.0,0.0,[31],"[33, 40]"
296,0.08579609086654116,0.0,0.0,0.0035403056521990444,0.12645793252099824,0.0,0.013062767609276228,0.0,0.009949958742859312,0.0,0.12566884661069708,0.0,0.004919220668771065,0.00038421974014269143,0.006199398341523864,0.0030257014144315464,0.001381487884004895,0.0,0.0,5.074484934964441e-10,0.0,0.0,0.0,0.0,0.0008695715304978881,0.0,0.0035113235283451777,0.0,3.9143196411600556e-14,0.001512371466655547,0.0,0.0,0.0,0.0,0.0,"[4, 10]",[1]
297,0.064357079502043,0.0,0.0,0.0026685910438504056,0.09622385111401412,0.0,0.00973154122766406,0.0,0.0069006049216764785,0.0,0.09482545852489915,0.0,0.004394690314375452,0.0013844411000657989,0.003948694779450979,0.0034339094052585214,0.0011835153800460476,0.0,0.0,1.4348286705074095e-10,0.0,0.0,6.303061514361835e-05,0.0,0.0013708233637800887,0.0,0.0,0.0,0.0,0.0018399327038894698,0.0013974150772518468,0.0,0.0006651887469606559,2.9920552072033305e-16,0.0,"[4, 10]",[-1]
298,0.0,0.05711051719627606,0.0003679348670236374,0.0,0.007848139992555547,0.0,0.0,0.0,0.0,0.008829679415776143,0.0,0.0,0.0,0.00013457657426354464,0.00033484804080355195,0.0010100339622706725,0.0,0.0007636540618919886,0.00012352137895270792,0.0,0.00022372549657426476,0.0,0.0,9.031046446765723e-05,0.0,2.240810439546052e-11,0.0,0.000390911243476097,0.0,0.012363930477475115,0.00020285907605251252,0.0,0.0005293018007291973,0.0,0.0,[1],[-1]
299,0.0,0.07927934712226546,0.000413058666060482,0.0,0.010662676183473071,0.0,0.0,0.0,0.0,0.012184332107258122,0.0,0.00015927727625442638,0.0,0.00012855718797929411,0.0,0.001474506585565522,0.0,0.0004502823237603737,0.0,8.509383171488798e-11,0.0003308372012951882,0.0,0.0,0.0,0.0,0.0,5.961108012401091e-05,0.0007248006378197437,2.1799953709200085e-16,0.0,0.0004733296462062363,0.0,0.0,0.0,0.00047527861655653633,[1],[20]
300,0.04881055048526983,0.0,0.10514998636405057,0.01188459107008589,0.0,0.0,0.0,0.0,0.03622366409976533,0.10952598662597875,0.0,0.0,0.011108473155786844,0.0,0.0,0.20568985585512495,0.0,0.0,0.0,0.0,0.043731117755963465,0.0,0.0,0.003804533683581708,0.033218837551215505,9.487091093379851e-12,0.0,0.0,1.0179981772928714e-12,0.0,0.04472763281836779,0.03548442913861762,0.0,6.455433327389394e-16,0.0,[15],[40]
301,0.05714683226262465,0.0,0.10370904380667717,0.012736635083180068,0.0,0.0,0.0,0.0,0.04115984023745648,0.12950761313262762,0.0,0.0,0.0,0.03724515102483523,0.0,0.0,0.0027713123020795716,0.0,0.005919443100886682,0.0,0.0,0.0020631282063835695,0.01051211600329773,0.0,0.0,2.1894765011290035e-12,0.010227887087336055,0.0,5.354937989052979e-13,0.0,0.028422104973175,0.10235886303469383,0.044867544790600795,3.008443732958794e-15,0.0,[9],[40]
302,0.0,0.05064673749920254,0.0001015820358692592,0.0,0.006097368331561917,0.0,0.0,0.0,0.0,0.007482199386347271,0.0,0.00023130202538465135,0.0,0.00032227898128730256,0.0008037365934961425,0.001190708144561167,0.0,0.0,0.0,0.0,0.0006376247282726683,0.0,0.0012799217709743313,0.0,5.4853891919887405e-05,5.278335140804392e-13,0.0004156787596134644,0.000997673940423941,0.0,0.0,2.8549745844096286e-05,0.0,1.9935053404325743e-05,1.2852637555438216e-15,0.0017004026367641685,[1],[20]
303,0.0,0.07190597993205732,0.0004768603976797789,0.0,0.009969341749730054,0.0,0.0,0.0,0.0,0.011164855353734801,0.0,0.0,0.0,6.810069790313219e-05,0.0008567638953008741,0.0012159463949023175,0.0,0.000783418429565116,0.00044043721119303367,5.642935605921442e-11,0.00014699895858115685,0.0,0.0,8.338150983020195e-05,0.0,1.1557959013191217e-10,0.0,6.326889342162896e-05,0.0,0.0,0.0003686867319023754,0.0,0.0,2.131254904384433e-16,0.0005591224350266298,[1],[20]
304,0.0,0.07752670855317734,0.0003384129913103639,0.0,0.010182553461188784,0.0,0.0,0.0,0.0,0.011806419101700478,0.0,0.00020211606124810166,0.0,0.00028279226991977677,0.0,0.0014970651956371852,0.0,0.00029553374491063687,0.0,7.978032751737942e-11,0.0005099546513707522,0.0,0.0020287758774200693,0.0002921629181843857,0.0004720886261668766,0.0,0.0009048827129758841,0.0009539326286833505,0.0,0.0,8.832021401406654e-05,0.0,6.26872092900059e-05,5.723513815696663e-16,0.0,[1],[20]
305,0.0,0.07663378564341235,0.00032482611460238944,0.0,0.009747860152524618,0.0,0.0,0.0,0.0,0.01167841275831689,0.0,0.0,0.0004294713300828417,0.0007040213358599296,0.0,0.0014317535015488346,0.0019114727942149304,0.0008357738507931463,0.0,1.4568247889719882e-10,0.0008996756202630638,0.0,0.0020434138239232374,0.0,0.001069809229613826,6.087627319666847e-11,0.0009983585113270339,0.0009195984622015486,0.0,0.0,0.0,0.0,0.0004008118267830257,2.545343991247417e-16,0.01146387103928401,[1],[20]
306,0.0,0.029155660063313178,4.7616519356646156e-05,0.0034311025023096575,0.0021066791652418477,0.0002736337765408293,0.0,0.0,0.0,0.003915254881632063,0.0,0.0,0.0035020137591185553,0.0032914634518916705,0.0,0.00035066239293750487,0.24864129788467418,0.002982415992706848,0.0,0.0,0.003999688408304434,0.0,0.0,0.0044272777033198775,0.016768437032071978,5.896905328923826e-12,0.0,0.0,4.679498686443557e-14,0.061452429030587674,0.0,0.0,0.0,1.3428979952977533e-15,0.0,[16],[20]
307,0.0,0.06204388954769183,0.0002288990737186698,0.0,0.008088816780082435,0.0,0.0,0.0,0.0,0.00944372972791412,0.0,0.0002628039945387412,0.0,0.00020605379373678256,0.0,0.0012642046354276464,0.0,0.00024277830196480814,0.0,0.0,0.0004139650753790828,0.0,0.0004851103001671551,0.0,0.0,0.0,0.00025693037262569066,0.0010940500944344516,2.046955543639358e-15,0.0,0.00017169010755037852,0.0,0.00038479805377391885,5.376091109638006e-16,0.0003116801835264413,[1],[20]
308,0.04698326613727292,0.0,0.0,0.0,0.0,0.0018728943808627811,0.0,0.0,0.07709080553583206,0.0,0.0,0.0026510611236334036,0.0,0.0011493872432702377,0.0,0.0,0.0006817038833766558,0.0,0.0,7.542957121192155e-11,0.003042109085189607,0.0,0.0,0.009470111431297584,0.0,1.2302680992696034e-11,0.0,0.0,3.040375104347924e-14,0.002850543967918646,0.0,0.0,0.005036056172344874,0.0,0.0,[8],"[34, 37]"
309,0.03468607668649863,0.0,0.0,0.0,0.0,0.0018663353083101944,0.0,0.0,0.06209202384149439,0.0,0.0,0.00410994587144959,0.0,0.0037050623160409957,0.0,0.0,0.07800423907727518,0.0,0.0,0.0,0.0019995556263043743,0.0,0.0,0.011577600080303608,0.013701048286318254,3.469350593401925e-11,0.0,0.011048817897310168,0.0,0.0,0.0,0.0,0.001703656670198003,0.0,0.0,[16],"[20, 37]"
310,0.03423946219908365,0.0,0.0,0.0,0.0,0.001254151075532554,0.0,0.0,0.05591037784969491,0.0,0.0,0.00619836999561525,0.0,0.0008179075399596001,0.0,0.0010505798827252343,0.0021216531404895764,0.0,0.0,0.0,0.0,0.0,0.001013114712725847,0.009866911916326106,0.009577212986696063,0.0,0.00017994049376117687,0.014456493960960631,3.8559517758380595e-14,0.0,0.0,0.0,0.0,4.936289972759756e-16,0.0,[8],"[35, 37]"
311,0.0,0.058882616178030305,0.0002882894285548767,0.0,0.007853246671390866,0.0,0.0,0.0,0.0,0.009000633510105044,0.0,9.054802288728674e-05,0.0,8.391846022862294e-05,0.0,0.0011795764495167583,0.0,0.0003840563881506466,0.0,0.0,0.0002529209448525168,0.0,0.0,0.0,0.0,3.737821394535561e-11,0.0,0.0007445933022936017,4.89009605276225e-15,0.0,0.0003172622364491516,0.0,0.00044793488429514095,0.0,0.0007628155429331634,[1],[20]
312,0.0,0.0734564008855661,0.0004111469205591976,0.0,0.009866407613535641,0.0,0.0,0.0,0.0,0.011264889916472605,0.0,4.708074339815968e-05,0.0,0.0002813233515192123,0.0,0.0013578835122449494,0.0,0.0006355155018357613,0.0,0.0,0.00048695550299400443,0.0,0.000480524663806433,0.0001572866383026347,0.0,2.191794282303312e-11,0.00038313595139961664,0.0008093109444457872,0.0,0.01017773110000365,0.00014633433157840397,0.0,0.0003912038733064505,1.5880994006727304e-16,0.0,[1],[20]
313,0.036154074145541365,0.0,0.26497819784486043,0.0,0.019237905910684246,0.001130390538680321,0.15386557569941584,0.11552384802139756,0.0,0.0,0.0,0.007052311150179214,0.0012151147502519706,0.0,0.0,0.0,0.0,0.006557872946209163,0.0,3.6066061291252734e-10,4.645759108248485e-05,0.036790714307578076,0.010344689822895348,0.0009042639271280862,0.0,0.0,0.020993760237904866,0.0013036475615764037,6.075975053254699e-13,0.0,0.0033855862357232464,0.17257470062368288,0.0,1.885695964476695e-14,0.0,[2],[33]
314,0.0,0.07416102153027573,0.00040319423443329293,0.0,0.009919502066338017,0.0,0.0,0.0,0.0,0.01136448632243696,0.0,4.466178834324792e-05,0.0,0.0002443268049402474,0.0,0.0014065653439173267,0.0,0.0003885846866382677,0.0,4.277844507827152e-11,0.000464630434753942,0.0,0.0003068370394383402,0.0,0.0,0.0,0.00031439479764530903,0.0007328279966055482,0.0,0.0,0.00032391026508925573,0.0,0.000626970337965688,0.0,0.0004776684563549944,[1],[20]
315,0.05652118399507778,0.0,0.10546333376446507,0.0130770983230075,0.0,0.0,0.0,0.0,0.04295239487447016,0.1310527447917213,0.0,0.0,0.0,0.03440856135285958,0.0,0.0,0.0013266306067154867,0.0,0.01405777843654435,6.750473491794243e-10,0.0,0.003872759302498392,0.0,0.012591410878376754,0.0,3.868797696311224e-11,0.0,0.0,1.408490992651807e-12,0.0,0.03523256775456952,0.08811671282346457,0.08116132014477974,0.0,0.05889965907637567,[9],[40]
316,0.03066643166530071,0.0,0.0,0.0,0.0,0.0010926154165072804,0.0,0.0,0.05198892131901092,0.0,0.0,0.005095447257564862,0.0,0.001469440730288869,0.0928651545113501,0.0,0.00321768851579163,0.0,0.007908070013403988,0.0,0.0,0.001642042403720436,0.0,0.009711390878149737,0.03444201065151355,2.0520094958639448e-11,0.0,0.015931009705412922,5.0935899175461505e-14,0.0,0.0020181084903323674,0.0,0.000823723177654904,7.909753368711763e-16,0.013866777809025885,[14],"[21, 37]"
317,0.0,0.07089438814756059,0.0003703138534027045,0.0,0.009409525336230403,0.0,0.0,0.0,0.0,0.010837299583338436,0.0,4.8582778631119124e-05,0.0,0.00026879424388001486,0.0,0.0013885849423097233,0.0,0.000345356134493628,0.0,0.0,0.0005271672884778592,0.0,0.0010755123411881362,0.0,0.0,0.0,0.0005733499144445992,0.0006226561384207125,0.0,0.0,0.00014960599579447412,0.0,0.00047032103689729067,2.546948190068874e-16,0.0005580852735991676,[1],"[20, 43]"
318,0.026536577309360283,0.0,0.0,0.0,0.0,0.0011866609588090248,0.0,0.0,0.045117104817897824,0.0,0.0,0.008210869677605044,0.0,0.0016421703428714236,0.0,0.0027607845480290168,0.0,0.0,0.0,0.0,0.0,0.0,0.00026079798380951313,0.0,0.00228353623056063,2.9564851759761575e-11,0.00021071401523915995,0.02239016298912459,1.976136890009821e-14,0.0,0.0,0.0,0.0,0.0,0.0,[8],[29]
319,0.013290529294002384,0.0,0.0,0.0,0.0,0.0007123572804802997,0.0,0.0,0.023301631231744113,0.0,0.0,0.003944806709888666,0.0,0.0006144158089297359,0.0,0.0036951051294830044,0.0,0.051934809121637004,0.0,5.043152196748015e-10,0.0033447614554280164,0.0,0.0,0.0,0.0,0.0,0.0003608704872819008,0.010844093553075685,7.435321168290443e-15,0.0,0.0,0.0,0.0,0.0,0.0,[17],[35]
320,0.02143943205171172,0.0,0.0,0.0,0.0,0.0007692468238903422,0.0,0.0,0.026788397565096152,0.0,0.0008876617518619443,0.0005432666092226503,0.0,0.0,0.0,0.0036219453012636816,0.0,0.33244455178137666,0.0,0.0,0.01748887471972507,0.0,0.0,0.020451769808231737,0.0,0.0,0.0027571454598559046,0.0,5.688534145793472e-14,0.0,0.004743742791799696,0.0,0.0,0.0,0.03013410625687456,[17],"[35, 41]"
321,0.0,0.0728696556531384,8.54420239582013e-05,0.0003484183441296063,0.008395159965239632,0.0006527248885475834,0.0,0.0,0.0,0.010691442745833741,0.0,0.00028512364534841845,0.0,0.0006900760217014609,0.004181641861634838,0.0017506477674285679,0.0092723917114404,0.0,0.0,1.1629373228617839e-10,0.0009645687089772733,0.0,0.002677223310123667,0.0005156813570761859,0.0012775465200723078,3.689337740133652e-12,0.0014377103069231002,0.0011753193256390355,0.0,0.01882006767970281,0.0,0.0,0.00025864765662452106,0.0,0.0010340131983833346,[1],"[15, 20]"
322,0.04022867099082526,0.0,0.0,0.0,0.0,0.0016887513726365907,0.0,0.0,0.06599026709142397,0.0,0.0,0.002936717194853885,0.0,0.0,0.0,0.0007787355936294233,0.0,0.03128992152275857,0.0,0.0,0.0054514899742948856,0.0005172947956815875,0.0,0.0,0.0,0.0,0.0005187344764289283,0.0,1.0134385617930607e-14,0.006131484405738359,0.002476489382101392,0.0,0.0026767382141161325,0.0,0.0,[8],"[8, 37]"
323,0.036415382900315575,0.0,0.0,0.0,0.0,0.0015236816093913556,0.0,0.0,0.06076877000114992,0.0,0.0,0.00487672466605712,0.0,0.0,0.0,0.0,0.00014392113078225068,0.0,0.0,1.2491500655966535e-10,0.003112503236222314,0.0036146970862502843,0.00023219209415452908,0.0,0.0,0.0,0.0,0.0,2.801647351469118e-14,0.004712386598674685,0.0,0.0,0.0,6.625157634621579e-16,0.05868620273466292,"[8, 34]",[21]
324,0.09598920133702701,0.0,0.0,0.002726278735623015,0.131085738842956,0.00011545248353815783,0.014123611881115994,0.0,0.017075143083725194,0.0,0.13561800830054532,0.0,0.004422123571707666,8.212608254140332e-05,0.0,0.004474984847619744,0.0,0.02262401335688155,0.0,3.0794122051021124e-10,0.0018811671574233866,0.0,0.0024414044696406184,0.00032462843944650754,0.0,0.0,0.0006372001187681059,0.0,4.8548652954223874e-14,0.002161227633447197,0.0,0.0,0.0,7.35849971438957e-16,0.0,"[4, 10]",[30]
325,0.024847205129926817,0.0,0.0,0.0,0.0,0.00042351688579337585,0.0,0.018876989389168302,0.039589734699490176,0.016591396601530063,0.0,0.0,0.10798968606072439,0.0,0.033744682324892195,0.0075793842967702965,0.020393072248509142,0.0,0.031007536458946213,8.311313394457953e-10,0.008353259179774052,0.019377535305487102,0.018782087132702675,0.0,0.0,3.198172971770015e-11,0.006146348831312419,0.0,4.511706968940513e-14,0.003165581715567865,0.016587766444577504,0.018697589470638428,0.003412829805064307,2.9524688226272676e-15,0.26735269458200894,[34],[40]
326,0.02876660527543451,0.0,0.0,0.0,0.0,0.0005507148975117677,0.0,0.0137956227378452,0.045304230143061626,0.015219526989512006,0.0,0.0,0.15019152473787056,0.0,0.04366224651433798,0.008758213790118183,0.015878395270813528,0.0,0.034077660020665694,6.210566349928228e-10,0.016432130112938845,0.0,0.023465863419469768,0.0,0.0,1.9980454454550334e-11,0.007127628010097621,0.0,0.0,0.0,0.024247584414671956,0.020269401890114624,0.0,1.3863067461813184e-15,0.0,[12],"[11, 37, 40]"
327,0.04301333159746695,0.0,0.0,0.0,0.0,0.0018799257206274854,0.0,0.0,0.07127401580060003,0.0,0.0,0.009678635291278846,0.0,0.0024461589841905766,0.0,0.0017575803667762085,0.004999188612603463,0.0,0.0,0.0,0.0021936270209360156,0.0,0.0005728162070763185,0.0,0.0,0.0,6.075171977939023e-05,0.024431885727868627,1.289126599549903e-14,0.0023299785945284654,0.0,0.0,0.0,6.124234240747978e-16,0.0,[8],[37]
328,0.049086087284744895,0.0,0.0,0.0,0.0,0.0019304717304242836,0.0,0.0,0.07645706224987053,0.0,0.0,0.005299363132462384,0.0,4.1347250356514446e-05,0.0,0.0022193310382676193,0.0,0.052227160919511996,0.0,2.956297848413879e-10,0.00481783842469992,0.0,0.0,0.0022233285759646407,0.0,4.717729830018852e-11,0.0,0.007582972086506271,0.0,0.0005717547782364067,0.0,0.0,0.0029562008896747,0.0,0.0,[8],"[37, 39]"
329,0.04344909739494837,0.0,0.0,0.0,0.0,0.0016208536944505858,0.0,0.0,0.06609755947017464,0.0,0.0,0.004074355582499864,0.0,0.0,0.0,0.0026600159222251478,0.0,0.14424905374598962,0.0,0.0,0.009500659479200844,0.0,0.0,0.011541283590425486,0.0,0.0,0.0006598553625246304,0.0008801522318647025,2.2461374241278237e-14,0.0011956998519878916,0.000917547192359726,0.0,0.0,0.0,0.001135597406904923,[17],"[37, 41]"
330,0.048087369012828104,0.0,0.0,0.0,0.0,0.0013598442520534255,0.0,0.004047076696576221,0.07652823425494266,0.010966424791585735,0.0,0.0,0.06731852304577675,0.0,0.0,0.0,0.009353528044328884,0.0,0.018457223993548502,0.0,0.00675998345562586,0.0,0.0,0.0,0.0,3.350450379587133e-11,0.019619008065991865,0.0,4.279632620828465e-14,0.0,0.01773596129412977,0.005922415524067748,0.0,0.0,0.0,[8],"[11, 37, 40]"
331,0.038459054214708695,0.0,0.0,0.0,0.0,0.0016094588230630826,0.0,0.0,0.06239231043385957,0.0,0.0,0.005368445356841452,0.0,0.0008194494502324001,0.0,6.98528193059302e-05,0.0,0.0,0.0,0.0,0.0009894792031705834,0.0,0.0025427665174066875,0.0,0.002081691732816991,0.0,0.0004002461420294697,0.009658716662061603,2.7084830819488153e-14,0.0,0.0,0.0,0.002329058582833399,0.0,0.007295460451528714,[8],[20]
332,0.04924652941916315,0.0,0.0,0.0,0.0,0.0019732224898614216,0.0,0.0,0.07987611885481792,0.0,0.0,0.008382756850485713,0.0,0.002411586202026223,0.0,0.0,0.0,0.0,0.0,2.1153598375729514e-10,0.0,0.0,0.0,0.0026522527534481185,0.01748669523793035,5.668731301782262e-11,0.0,0.021156091550513442,0.0,0.0,0.00013311366993207577,0.0,0.0023199273175600887,0.0,0.0,[8],[37]
333,0.05163419140228118,0.0,0.0,0.0,0.0,0.002167077158821929,0.0,0.0,0.083991649646692,0.0,0.0,0.00945628224595526,0.0,0.0008183275445525024,0.0,0.002110161454061186,0.0,0.043125188888067004,0.0,1.0547169821610768e-09,0.006608534030106131,0.0,0.0022601058697442173,0.0,0.0,1.8058307794764253e-11,0.00016432556099540526,0.01597300678835893,0.0,0.009655253138231953,0.0,0.0,0.0,9.02160069202865e-16,0.04717893165868807,[8],"[34, 37]"
334,0.0,0.0698924403906911,0.0003669581089494702,0.0,0.00936558131745169,0.0,0.0,0.0,0.0,0.01070412723611875,0.0,9.407699039449882e-05,0.0,9.728086422457239e-05,0.0,0.001353672421438052,0.0,0.00046737475954513756,0.0,0.0,0.0003673704695234216,0.0,0.0,0.0,0.0,0.0,0.0,0.0004998003949715281,1.0454881013825102e-15,0.0,0.0004760132469029864,0.0,0.0001588077029511898,0.0,0.0008940505615754462,[1],[20]
335,0.0,0.06199354896589178,0.0003036437164620027,0.0,0.008338842561965357,0.0,0.0,0.0,0.0,0.009510202390282635,0.0,0.00010141480357803852,0.0,0.00016473946751837545,0.0,0.001179298629993582,0.0,0.0005609347821750474,0.0,0.0,0.00038354062430765796,0.0,0.0,0.0,0.0,0.0,0.0,0.0009462818393837574,2.857070763202801e-15,0.0,0.0002389643965894936,0.0,5.850551136718069e-05,8.716397136105185e-17,0.0,[1],[20]
336,0.08229602008322552,0.0,0.0,0.0031588572970086466,0.1189517287013411,0.0,0.01242541450216413,0.0,0.01085414387107615,0.0,0.11947250516756559,0.0,0.004672932869603845,0.0003228482397276997,0.003399966465393705,0.0029720487658967125,0.0010324755453929746,0.0,0.0,0.0,0.00027107651839982174,0.0,0.002135587955619311,0.0003122054597719945,0.0004714541062112094,0.0,0.0036011111942458396,0.0,7.851493753052775e-14,5.974016944399638e-05,0.0,0.0,0.0,7.565295841890871e-16,0.0,"[4, 10]",[1]
337,0.08486093984787621,0.0,0.0,0.003010237619292707,0.12208405378277874,9.09178700106239e-06,0.01258424757979725,0.0,0.011828793230215833,0.0,0.12282804055456666,0.0,0.005335467711319825,0.001764469776373057,0.0003043425482397271,0.005067682208105503,0.0013490140206872468,0.0,0.0,1.3453454945729239e-10,0.0,0.0,0.0025974043269453473,0.002028928123684331,0.0020131191427866665,1.673663916705714e-12,0.0,0.0,0.0,0.0003941793323405306,0.0017233833900895436,0.0,0.0003356912529519715,3.937598418521764e-16,0.00048774415397501527,"[4, 10]",[1]
338,0.0332653696008354,0.0,0.07756044020210164,0.008818500783851674,0.0,0.0,0.0,0.0,0.02385134827021569,0.07467400006926879,0.0,0.0,0.005351732963791251,0.0,0.025109269744306474,0.3034843327935367,0.0,0.0,0.0,0.0,0.04836940323961847,0.0,0.010857988263374677,0.005691592728139437,0.012176250293670848,1.8435617842797448e-12,0.010044724103166376,0.01903855555662555,0.0,0.004815147720260258,0.0,0.0,0.0,0.0,0.0,[15],[40]
339,0.03171096310482727,0.0,0.04879508356332124,0.006808090235757732,0.0,0.0,0.0,0.0,0.025306430013673956,0.07510127260895862,0.0,0.0,0.0,0.0,0.006048321680852479,0.0,0.0004822342900959503,0.002122876482693563,0.01423327958005813,6.703636820064115e-11,0.0,0.0,0.0,0.02022876306552988,0.0,2.481123513596799e-11,0.0,0.04106536276929015,0.0,0.0,0.06303669689674593,0.07473796003630628,0.012999591946915317,2.4035934456271316e-15,0.1554414385318736,[34],"[15, 23, 40]"
340,0.03920642607478412,0.0,0.05735572725556109,0.008524657133830592,0.0,0.0,0.0,0.0,0.028190288249984343,0.0870224888034723,0.0,0.00019325792876355877,0.0,0.0,0.0,0.0,0.0,0.0,0.008696530036711241,5.545107912685475e-10,0.0,0.0304624303163873,0.008767519497171843,0.007506974616968823,0.0,2.247169826793493e-11,0.0,0.039852654248707015,2.030830836023969e-12,0.0,0.043263156797674486,0.0969636563626314,0.042692795052933157,7.023065007701418e-15,0.0,[31],"[23, 40]"
341,0.0,0.06735633476286215,0.0004471379938213556,0.0,0.009364428232635637,0.0,0.0,0.0,0.0,0.010475807308778716,0.0,0.0,0.0,5.134004749430276e-05,0.0008022398046183018,0.0010961007141623792,0.0,0.0006954565825815992,0.0003036769834733344,0.0,0.00010793026492009873,0.0,0.0,0.0,0.0,0.0,0.0,1.562627267597737e-05,3.1636859123958517e-15,0.0,0.00030946665967865805,0.0,0.0,0.0,0.0011734062247688477,[1],[20]
342,0.048597605897193294,0.0,0.0,0.0,0.0,0.0020031598554814452,0.0,0.0,0.07987643365957238,0.0,0.0,0.009502732009703339,0.0,0.0024474496488275784,0.0,0.0,0.0,0.0,0.0,8.196899407485766e-11,0.0,0.0,0.0,0.0,0.006776818263294351,4.501697366913086e-11,0.0,0.021737596893334522,0.0,0.0,0.0,0.0,0.0014282833082501754,0.0,0.002311591369144157,[8],"[15, 37]"
343,0.04303649886734213,0.0,0.0,0.008368532780553281,0.0,0.0,0.03790539737893085,0.08457710372847052,0.03654812090099201,0.13481924096669962,0.0,0.0,0.0,0.0,0.0,0.0,0.0015196083732416004,0.034164004429562085,0.021994025299869487,4.1981842350604804e-11,0.0,0.0,0.0,0.0,0.0,5.071635764935934e-11,0.0,0.06741924821955345,0.0,0.0104667512202382,0.0,0.21647386318618347,0.029835236006538094,0.0,0.0,[31],"[15, 40]"
344,0.029067067493850296,0.0,0.04557378053979018,0.005641138700419082,0.0,0.0,0.0018618827607362715,0.015309364047948845,0.02028933806131854,0.0707541514764928,0.0,0.0035445620171509766,0.0,0.0,0.0,0.0,0.0,0.011918045655941838,0.0,3.9114642651898576e-10,0.0,0.02865653834540307,0.0013490450556806538,0.005390933674854783,0.0,0.0,0.0,0.022545206625843965,1.1061322188398977e-12,0.0,0.04519979940436534,0.09079783759504313,0.0,0.0,0.0,[31],[40]
345,0.03684608762298701,0.0,0.0,0.0,0.0,0.001411919601980979,0.0,0.0,0.06216212461958562,0.0,0.0,0.0071735676634608675,0.0,0.0020599283162187998,0.12225624640030862,0.0,0.0,0.0,0.003915339325673698,2.2073356421471596e-10,0.0,0.0,0.0,0.011854149230417098,0.02307011402238734,0.0,0.0,0.019866435478283356,8.575893805773632e-14,0.0,0.001967112751841202,0.0,0.0,0.0,0.002378144321640951,[14],[21]
346,0.0,0.04252692069310419,0.0,0.0,0.0049160642399529286,0.0,0.0,0.0,0.0,0.006419955550206969,0.0,0.0007629672187188343,0.0011409190848455048,0.0,0.0003662521095002123,0.0008018911549424978,0.0,0.0030157518656396547,0.0,0.0,0.0,0.0,0.0,0.0,0.0008540231299321382,2.9843683544990076e-11,0.0,0.0,1.038959382729261e-14,0.011953725207447722,0.0006438565995595431,0.0,0.000638581274011454,1.562387011120434e-16,0.0,[1],[20]
347,0.02916105543071091,0.0,0.0,0.0,0.0,0.0010517528560961501,0.0,0.0,0.038163511361991705,0.0,0.0,0.0008978254457414606,0.0,0.0,0.0,0.003196599805612897,0.0,0.2670128003529952,0.0,0.0,0.014874983471850416,0.0026893914548753914,0.0,0.012730436744975399,0.0,0.0,0.0022062174212972197,0.0,4.4638328503661237e-14,0.0,0.0022299864394871023,0.0,0.0,0.0,0.01733694697421019,[17],"[35, 41]"
348,0.0,0.07129352628316196,0.0,0.0,0.008947082349303817,0.0,0.0,0.0,0.0,0.01132908419326418,0.0,0.005305930435035388,0.0009973050965239756,0.0,0.0024938177725876273,0.0017742867641291284,0.027654392788690217,0.0010339073233354705,0.0,0.0,0.0,0.0,5.287336532279592e-06,0.0,0.0013340536932704373,0.0,1.97115628909318e-05,0.0,0.0,0.0,0.0,0.0,0.0018056601244460816,1.2571082514443134e-15,0.003230265041209536,[1],[20]
349,0.02936135444347024,0.0,0.0,0.0,0.0,0.0012407832226092013,0.0,0.0,0.04863508232508696,0.0,0.0,0.007168041768707984,0.0,0.0017717582298936397,0.0,0.0006837801313420936,0.0,0.0,0.0,0.0,0.00037744542817587216,0.0,0.0018367329952620691,0.0,0.005013411158269438,4.256088882983749e-11,0.0003476815947397276,0.019595496940394284,0.0,0.0,0.0,0.0,0.0,3.3881844866164436e-16,0.0,[8],[-1]
350,0.04603519881717344,0.0,0.0,0.0,0.0,0.0017757070791319372,0.0,0.0,0.0751508494908852,0.0,0.0,0.0014364016144587874,0.0,0.0,0.0,0.0,0.0,0.04177471400458041,0.0024033763800780316,6.648289026976643e-10,0.005946892325792296,0.025706963688123502,0.0,0.0,0.0,8.283273583283344e-11,0.002001441794902528,0.0,0.0,0.003860374475594513,0.003933994296742314,0.0,0.004397384546035797,0.0,0.0,[8],"[8, 37]"
351,0.0,0.06332190203454276,0.00034004756290614894,0.0,0.008537696692277124,0.0,0.0,0.0,0.0,0.009726845794744893,0.0,7.941550664321115e-05,0.0,0.00017621354388874252,0.0,0.0011760608841548147,0.0,0.0005390647295234275,0.0,0.0,0.000358295019675987,0.0,0.0,0.0,0.0,8.016602208210143e-11,0.0,0.0007900055192234637,2.3788797755979587e-15,0.003959026687371794,0.0002951462186238902,0.0,0.0002631947821216458,6.686589555701593e-17,0.0,[1],[20]
352,0.0,0.06972254801268747,0.0004884121431784161,0.0,0.009700989869139223,0.0,0.0,0.0,0.0,0.010826378302226687,0.0,0.0,0.0,0.00016463919123651063,0.0005114770628945812,0.001139362606574,0.0,0.0010228150974934513,0.0003657835732967903,4.680562183466667e-11,0.00024894529057740224,0.0,0.0,0.000402083351584357,0.0,0.0,0.0,0.00020973666964903468,0.0,0.0015970375612681833,0.00027995444536548403,0.0,0.0,0.0,0.0,[1],[20]
353,0.0,0.06734986596732802,0.00040235978346408227,0.0,0.009134242240994218,0.0,0.0,0.0,0.0,0.010365136351417075,0.0,0.0,0.0,0.00014007413019000097,0.0,0.0012123504777299668,0.0,0.0006982661526444546,0.0,3.1654269409976216e-11,0.00032510863275895456,0.0,0.0,0.0,0.0,4.847965202476734e-11,4.013496764563698e-06,0.0004263612551199598,0.0,0.006953323112917396,0.0003696024300638925,0.0,0.0006045524433139805,2.380119628602904e-16,0.0008310827607716995,[1],[20]
354,0.03576230693647448,0.0,0.0,0.0,0.0,0.0015539914253589753,0.0,0.0,0.0589183334765515,0.0,0.0,0.004253940086431767,0.0,0.00011178089639341803,0.0,0.0,0.0,0.00947014561852725,0.0,0.0,0.0038961607982572724,0.0,0.0,0.0,0.0,8.704030054604465e-11,0.0,0.0,1.7698505093779482e-14,0.007376859013005472,0.0,0.0,0.0,0.0,0.0,[8],[37]
355,0.0335447853893952,0.0,0.26088332898116917,0.0,0.022682547266500194,0.0010274873392874446,0.16854476713194372,0.13651411735852148,0.0,0.0,0.0,0.004740590628130807,0.0012712809778815013,0.0,0.0,0.0,0.0,0.0014402996246538232,0.0,1.0,0.005606064980616476,0.017960588310706037,0.004003813507694685,0.00236492911681389,0.0,1.377391158551652e-12,0.0,2.5139299325783507e-05,0.0,5.412777376436932e-05,0.00011710405403396979,0.1452220960231259,0.0,1.050660618349932e-15,0.00839688268099789,[19],[33]
356,0.0293469957000608,0.0,0.22128044036181974,0.0,0.018551676227147353,0.0007041245008563661,0.15161868060690473,0.1314779353180771,0.0,0.0,0.0,0.0,0.0,0.0,0.0,0.0,0.0,0.0019877003785604107,0.0,0.0,0.0,0.02007005277144834,0.0,0.0028829162476452005,0.0005135831726744822,0.0,0.0,0.00019186543441115944,1.6439204530486424e-13,0.0,0.0,0.18000886111436779,0.009281601858405633,0.0,0.0011760041603901363,[2],[33]
357,0.006841096149791604,0.0,0.005507276929655667,0.23117267568224545,0.0,0.0,0.0,0.0,0.008952844704310346,0.0,0.0,0.0,0.027712452482029328,0.0,0.0,0.013847491753627521,0.021825069445492583,0.0,0.07275844882474038,2.266031792059688e-10,0.0,0.0,0.0019167995935320701,0.005409358800667258,0.028021207796253216,0.0,0.0021806825713500916,0.0,0.0,0.026962522054514004,0.008514057169924644,0.0,0.0,1.2689058730158504e-15,0.0,[3],[27]
358,0.004573513751873631,0.0,0.0046959269643986655,0.18063841797020877,0.0,0.0,0.0001003199595950333,0.0,0.005265605768155032,0.0,0.0,0.0,0.02862796780303401,0.0,0.0,0.01152335746630673,0.0,0.0011754121057657675,0.06426392264581979,6.10028631566619e-11,0.0,0.0,0.0019817706351850013,0.0,0.0033112638513649274,2.0213030715531462e-11,0.0,0.0,0.0,0.0,0.0020684242111001184,0.0,0.007139925806468264,0.0,0.020299980932161527,[3],[27]
359,0.04274857951391801,0.0,0.0,0.0,0.0,0.0018009187136713936,0.0,0.0,0.07073186583090331,0.0,0.0,0.0075260553413694,0.0,0.0011982011680858877,0.0,0.0005355710593508639,0.004109827666402877,0.0,0.0,0.0,0.0,0.0,0.0,0.0,0.016631897393843256,3.906869964109709e-11,0.0,0.017768776662749942,2.531873953691683e-14,0.0,0.0,0.0,0.000635111681048958,5.220014850328553e-16,0.028984806032089205,[8],[37]
360,0.034793620828439835,0.0,0.0,0.0,0.0,0.0014339600743231932,0.0,0.0,0.057030152006541365,0.0,0.0,0.00699099023669581,0.0,0.001963919972100627,0.0,0.0013158719767025159,0.0008405706933292687,0.0,0.0,0.0,0.0,0.0,0.0,0.0014746201635177953,0.0015106881883476344,1.427018864845197e-11,0.0004567042541069723,0.018075493839612312,0.0,0.0009533695236555911,0.0,0.0,0.0,6.464871865311068e-16,0.0,[8],[39]
361,0.0,0.053733730860343845,0.00026993354706550046,0.0,0.007313117880135404,0.0,0.0,0.0,0.0,0.008334523764164261,0.0,0.00016032507157512702,0.0,8.614707412972666e-05,0.000285202897567675,0.0008923516889755498,0.0,0.0006661708994558829,8.731917876737742e-05,0.0,0.00010145719377288664,0.0,0.0011380623794979157,0.00011655639969027301,0.00022191145596171683,0.0,0.0004657300406708357,0.0001725328618110536,0.0,0.0,2.6194544257541023e-05,0.0,0.0,9.470383258303113e-17,0.0,[1],[20]
362,0.04746706663268875,0.0,0.0,0.0,0.0,0.0013637359721910224,0.001958085974923648,0.0,0.048664836719406454,0.0,0.026105055898553903,0.0048396098611496645,0.0,0.0012016600638780944,0.0,0.006307270960805438,0.0,0.0,0.0,0.0,0.0029003452602990665,0.0,0.0,0.0,0.0,2.2384321649212067e-12,0.007462202545234817,0.0174166152192954,0.0,0.005848376674293132,0.0,0.0,0.003872919895720978,0.0,0.0,"[0, 8]","[1, 37]"
363,0.04514878149612471,0.0,0.0,0.0,0.0,0.0017993293808826803,0.0,0.0,0.07396788529103017,0.0,0.0,0.007059382085972789,0.0,0.0006809466591536599,0.0,0.0007495894467975879,0.0010492228635501292,0.0,0.0,3.324525911968049e-10,0.0020314846731203386,0.0,0.0008066453624932315,0.0,0.0,0.0,0.0006509724143290674,0.010726505554603727,3.105640086592963e-14,0.0021134582007262584,0.0,0.0,0.0008316816522978824,5.039999088545256e-16,0.0,[8],"[10, 26, 37, 39]"
364,0.06774141739957643,0.0,0.0,0.0,0.015837322427562493,0.001554334005357041,0.005528715707146071,0.0,0.05550444766947942,0.0,0.057042233422431934,0.0032675716615752095,0.0,0.001840487115452477,0.0,0.006648778487800189,0.00229903895348999,0.0,0.0,3.0621913983092097e-10,0.0019747968389217407,0.0,0.0010760593961518644,0.0006512507786117083,0.0033785487916409645,0.0,0.008212538272428979,0.009129929868145408,0.0,0.0,0.0,0.0,0.0032056153818856617,0.0,0.0,[0],"[1, 32, 37]"
365,0.04129355441743604,0.0,0.0,0.0,0.0,0.0016202808807245937,0.0,0.0,0.0689086184816317,0.0,0.0,0.00896457715552014,0.0,0.0027901744056245724,0.04025251273111786,0.0006948942616282226,0.0003404491504745315,0.0,0.0,0.0,0.0,0.0,0.004103180845926475,0.006748883298978236,0.010896047448499802,0.0,0.0021632474314915427,0.02402332407683086,0.0,0.0,0.0,0.0,0.0,6.385089278339458e-16,0.0,[8],"[21, 37]"
366,0.059214802693862596,0.0,0.0,0.0024487757802321066,0.08863992686631549,0.0,0.00893500620571351,0.0,0.006323575109896938,0.0,0.08728529198980142,0.0,0.004171675800112696,0.0016515195001126938,0.003141336339931965,0.0034811007154536503,0.001285753217641854,0.0,0.0,2.8687103071305962e-11,0.0,0.0,0.0,0.0005929328079334454,0.0018964464838342734,1.3308883677638832e-11,0.00023371083271285127,0.0,0.0,0.002521281249223273,0.0023377715221264642,0.0,0.00027190454517336875,0.0,0.00023541489797370167,"[4, 10]",[-1]
367,0.0426861041056343,0.0,0.0,0.0,0.0,0.0018438028723844284,0.0,0.0,0.07008229963094478,0.0,0.0,0.00829553285876197,0.0,0.0017911182776657313,0.0,0.0013086830167120876,0.0,0.0,0.0,3.775763833055998e-11,0.002416076487106183,0.0,0.0,0.0,0.0,0.0,0.0,0.01779359685989545,2.434224953129631e-14,0.011623784544337908,0.0,0.0,0.00021353365555640524,1.2340200643710913e-16,0.0,[8],[37]
368,0.027074117055336498,0.0,0.0,0.0,0.0,0.0011881529890115515,0.0,0.0,0.04675911306157068,0.0,0.0,0.006314384814474158,0.0,0.003277749360509297,0.18164729218347114,0.0012327824624622388,0.0,0.0014338834634385937,0.005189684066708733,7.105282292094342e-10,0.0007946598117710422,0.0,0.0,0.011053962073419014,0.0021644883532364154,4.778276270859765e-11,0.0,0.019277640929220765,4.150340350951333e-14,0.0,0.0,0.0,0.0,0.0,0.0,[14],[21]
369,0.02419948112390684,0.0,0.0,0.0,0.0,0.0011552418516910636,0.0,0.0,0.044870306890559195,0.0,0.0,0.003773000566121414,0.0,0.0015551058519178659,0.16922732451436384,0.002046882979657694,0.0006764805179816202,0.0,0.008922999667096388,0.0,0.0017269784217872786,0.0,0.0,0.0,0.0,5.244230277622399e-12,0.0,0.002203293168723033,8.079119609290394e-14,0.0,0.0,0.0,0.0,0.0,0.030888398225393635,[14],"[15, 21]"
370,0.0,0.07159794186280442,0.00041804395016085385,0.0,0.00963787684136568,0.0,0.0,0.0,0.0,0.01098650503306503,0.0,3.745363598616098e-06,0.0,0.0002536161377993879,0.0,0.0013247589730078654,0.0,0.0005368612385390105,0.0,1.193349982053151e-11,0.0004261321359697703,0.0,0.0003389950563380357,3.951863581809576e-05,0.0,0.0,0.0003768109089777396,0.0007394928709341768,0.0,0.005479652501535605,0.0002610904911302081,0.0,0.0008092948682545615,0.0,7.01405455254782e-05,[1],[20]
371,0.044337726413897834,0.0,0.0,0.0,0.0,0.0017675861760000704,0.0,0.0,0.06996412192557558,0.0,0.0,0.0062482117813308265,0.0,0.0,0.0,0.0010377328177669795,0.0,0.1276346867448207,0.0,0.0,0.009401669700833766,0.0,0.0,0.00496061390587587,0.0,0.0,2.9944252988601754e-05,0.006062716903170289,0.0,0.004528550571878595,0.0017652955406244595,0.0,0.0,0.0,0.023514764069296278,[17],"[37, 41]"
372,0.04383290154646205,0.0,0.0,0.0,0.0,0.001852238845590039,0.0,0.0,0.07123717679549149,0.0,0.0,0.009147134037746757,0.0,0.002202158857903739,0.0,0.0017463245343326474,0.0,0.0,0.0,5.355030636695818e-10,0.001940166662565454,0.0,0.001372795420816174,0.0,0.0,0.0,0.0,0.02345227351705123,8.812611100561574e-15,0.004577008845417765,0.0,0.0,0.0,0.0,0.0,[8],[-1]
373,0.0,0.046429475030308254,0.00016184623386016438,0.007649059169100854,0.004512438455530204,0.0005895264559500697,0.0,0.0,0.0,0.006283529635007889,0.0,0.0,0.0015172911469061659,0.0026618716197079877,0.0,0.0009944403826514802,0.17641084450398012,0.0022459459103358974,0.0,1.665182855796137e-10,0.00393451257591825,0.0,0.0,0.0014959718335502763,0.009908040293973979,0.0,0.0,0.0002910291451083098,2.2906734530141783e-14,0.0,0.0,0.0,0.0,0.0,0.0,[16],[20]
374,0.0,0.04435874516345025,3.1272982669652824e-05,0.00012191730360867386,0.004923002411650646,0.0,0.0,0.0,0.0,0.006415416769140316,0.0,0.0,0.0,0.0008678175470044531,0.0,0.0011284990026219108,0.07541760890099469,0.0006293224137404283,0.0,2.503076085059934e-11,0.001290878918975548,0.0,0.0,0.0010230551961594202,0.0045905757494972615,0.0,0.0,0.0,3.698092917432886e-15,0.0,0.00020151794412028067,0.0,0.0,0.0,0.0,[16],[-1]
375,0.04598994125430305,0.0,0.0,0.0,0.0,0.0019824905253511514,0.0,0.0,0.07663999062218345,0.0,0.0,0.010190384340838495,0.0,0.002837391816497768,0.0,0.001154821331260049,0.0,0.0,0.0,8.863016194794023e-10,0.0005061723052469425,0.0,0.0036739824118380633,0.0,0.0028880970473323412,0.0,0.00017573226254405895,0.028234075705692953,0.0,0.0025930499551506878,0.0,0.0,0.0009696386358972016,6.181562696841504e-16,0.004285807207402964,[8],"[0, 15, 37]"
376,0.03940957278684668,0.0,0.0,0.0,0.0,0.0017576690888705146,0.0,0.0,0.06289946026678951,0.0,0.0,0.008630726181570271,0.0,0.0018556907695510354,0.0,0.0021628797947846477,0.0,0.0,0.0,0.0,0.001916226688986303,0.0,0.0017403236198654949,0.0,0.0,1.0916795021209755e-11,0.0,0.0235213000482352,0.0,0.00638314265272164,0.0,0.0,0.0,9.417763376660909e-16,0.009495728358937,[8],[37]
377,0.0,0.07391220967631981,0.0003784599355959145,0.0,0.009820898094188766,0.0,0.0,0.0,0.0,0.011291762271611485,0.0,2.6320443436552718e-05,0.0,0.000253657830911433,0.0,0.0014148898785773737,0.0,0.0004333386262709735,0.0,6.348631225920894e-11,0.0005084226007156845,0.0,0.0011977484780745942,0.00034208893947624343,9.746414904359669e-05,1.410713046388468e-10,0.0005975995208858502,0.0007638797439798379,0.0,0.0,0.00018003862599721954,0.0,0.0004198038726207956,5.445839895392877e-16,0.0,[1],[20]
378,0.04148450528178648,0.0,0.0,0.0,0.0,0.0016784545552560855,0.0,0.0,0.06787998178114585,0.0,0.0,0.0060668662935884415,0.0,0.0003569789571796407,0.0,0.001096551085591555,0.0006759544932593514,0.020000328007958264,0.0,0.0,0.004763520814041066,0.0,0.00082764702351858,0.0,0.0,0.0,0.0009997742530481943,0.00528834537252815,3.414675883151095e-15,0.010023276728502789,0.0,0.0,0.0,1.9331236300023699e-16,0.05069119344867062,[8],"[7, 37]"
379,0.0403778724709307,0.0,0.0,0.0,0.0,0.0016587094175113583,0.0,0.0,0.06716931071740136,0.0,0.0,0.007247852723297599,0.0,0.0022293680571483744,0.06584196608251638,0.0004908790525540592,0.0,0.0,0.0,8.732903453805855e-11,0.0025036394845537858,0.0,0.00198938422747459,0.0,0.0,0.0,0.0018034171555901066,0.016300601894374333,1.7152520101680926e-14,0.0,0.0,0.0,0.0,8.584877063773931e-16,0.006609754923189946,"[8, 14]","[21, 37]"
380,0.02719210368358794,0.0,0.0,0.0,0.0,0.0011226577328979999,0.0,0.0,0.045635687280251525,0.0,0.0,0.00730657247803615,0.0,0.001174530920825265,0.0,0.002755840755480501,0.0,0.0,0.0,1.7518716687403204e-10,0.0,0.0,0.0007181101718790853,0.0,0.005567522173940962,0.0,0.0003294650224572262,0.019134140881233427,4.529093214843063e-15,0.0,0.0,0.0,0.0,3.776056063331099e-16,0.0,[8],"[29, 35]"
381,0.03931567225246161,0.0,0.05240389756656354,0.008033571175872585,0.0,0.0,0.0,0.013802150083260668,0.029663162860169828,0.08225066196955967,0.0,0.0,0.0,0.0,0.0,0.0,0.000640347662773778,0.0,0.013515697342489336,0.0,0.0,0.1626968024539562,0.0,0.027918228338305567,0.0,1.2056208197786748e-11,0.10867993048376956,0.00944810927475248,0.0,0.0,0.01632233798352182,0.07892725382983497,0.0,7.194074058766456e-15,0.03990111104333792,[21],[40]
382,0.05216465271002841,0.0,0.09696584066059323,0.012091718176827354,0.0,0.0,0.0,0.0,0.03882970831244535,0.12221498008052108,0.0,0.003693681730632851,0.0,0.040083496113647796,0.0,0.0,0.0,0.0,0.0008309690582309271,3.0949223260115297e-10,0.0,0.0,0.0,0.002915863500658176,0.006041950938642091,0.0,0.06155646458819622,0.0,0.0,0.0,0.0435096040118977,0.08931848060571888,0.015543175420220401,0.0,0.0,[9],[40]
383,0.0,0.052609533771053096,0.00021734170765999844,0.00021100976850911817,0.006804893432327307,0.0,0.0,0.0,0.0,0.007954315106396203,0.0,0.0,0.0,0.0005319052222155219,0.0,0.0011185645882848861,0.06527873095752795,0.0009606580408182327,0.00013904053133678904,0.0,0.0012216342290051637,0.0,0.0,0.00018471086708575371,0.002353781201490711,3.3036184401649874e-11,0.0,0.0,6.642435518486596e-16,0.0,0.0002080953496674146,0.0,0.0,0.0,0.0010995891353236277,[16],[20]
384,0.0443215937113189,0.0,0.04861975441199315,0.004457741234268478,0.0,0.0,0.0,0.0,0.047356209716632125,0.07647687444471703,0.0,0.0,0.0708139377318839,0.0017995194456348867,0.0,0.0,0.0,0.00982888725036957,0.03155031400315791,3.418245854595178e-10,0.0,0.0,0.0066649574239814454,0.027182342983367608,0.08137529818701512,0.0,0.08250271016095788,0.0,0.0,0.0,0.03477543892337353,0.05251893691865197,0.0,3.712656122067695e-15,0.023233618919624343,"[9, 24, 26]",[40]
385,0.0,0.060006212238429155,0.0002831186954795743,0.0,0.008011977069320882,0.0,0.0,0.0,0.0,0.009200957794330146,0.0,0.00012933298879066386,0.0,0.00011196253444683048,0.0,0.0011608822472581736,0.0,0.00030803709164115,0.0,0.0,0.0003056820948966965,0.0,0.0,0.0,0.0,4.019064059229489e-11,2.730959072352997e-05,0.0005953871697554838,1.833480903521694e-15,0.007767837926030091,0.00027480983897802756,0.0,0.00037180944701505287,7.331486254592739e-16,0.00016729293491033845,[1],"[12, 20]"
386,0.0,0.060878315099550176,0.00035131427791321857,0.0,0.008357099623110877,0.0,0.0,0.0,0.0,0.00943278254683597,0.0,0.00013791925593200133,0.0,2.7424600993922726e-05,0.0001301126616489235,0.0010165357608137315,0.0,0.0006881486599007284,0.0,0.0,4.108749952659745e-05,0.0,0.0,0.0,0.0,1.2546869125746399e-11,0.0,0.00046876843458859406,3.5334088828847083e-15,0.007135814463083155,0.00029739778032278054,0.0,0.0001570554265627159,0.0,0.0,[1],[20]
387,0.0,0.07326131987814276,0.00032633111536271777,0.0,0.009670652579236515,0.0,0.0,0.0,0.0,0.011182227981921531,0.0,0.0002465302952606988,0.0,0.00021180144495168646,0.0,0.00138000904346312,0.0,0.0007278051553015024,0.0,0.0,0.0003588320998847027,0.0,0.0,4.743961671197257e-05,0.0,9.986839671354403e-11,8.082379973040327e-05,0.00118311335138574,0.0,0.0,0.00032624753468212295,0.0,7.21413628413057e-05,4.657873400453097e-17,0.0,[1],[20]
388,0.03494162535716636,0.0,0.0,0.0,0.0,0.0012276061072393344,0.0,0.0,0.05891763844395239,2.8764341991743634e-05,0.0,0.0,0.007873378386614486,0.0,0.18796574253389525,0.0003268402821846327,0.0,0.00833940663857775,0.020715972231422283,2.1949324378647834e-10,0.0031599271438347404,0.003952033097319599,0.0,0.007452347126702292,0.0,0.0,0.0,0.0,6.848171085977866e-14,0.0,0.00507635616987857,0.0,0.005239245143202458,0.0,0.0,[14],"[21, 40]"
389,0.04470335755458082,0.0,0.0905043491976225,0.011140664187384058,0.0,0.0,0.0,0.0,0.03231220481851586,0.10700267105797653,0.0,0.0,0.0,0.02712174235853956,0.0,0.026496494029309224,0.0024209372509387773,0.002413221148159954,0.00023478094878887933,0.0,0.0,0.0,0.001184323000642823,0.0,0.0,0.0,0.001351497024208813,0.0,0.0,0.00897985768673815,0.0,0.059788152677715,0.0,2.5734471371164075e-15,0.01817932813707498,[9],[-1]
390,0.04636031500660954,0.0,0.0,0.0,0.0,0.0011407559947779508,0.0018810206379052804,0.0,0.048048368515188476,0.0,0.02358845103471488,0.0020818550516654892,0.0,0.00018542071993799672,0.0,0.0054089139083137,0.003282441656249535,0.0,0.0,0.0,0.0,0.0,0.0,0.008022233308087996,0.017024846745691265,0.0,0.008772534652737893,0.008649864257158826,0.0,0.0,0.0,0.0,0.0032915538647581622,0.0,0.0,"[0, 8]",[-1]
391,0.06934132396632106,0.0,0.0,0.002386244396951516,0.09915978677500724,1.5623609295783345e-05,0.010296646010272734,0.0,0.009959871154379647,0.0,0.10012126829800609,0.0,0.0038586402896449296,0.0011936135306731507,0.0004702480612611043,0.003771028744314503,0.00048375184654223815,0.0018479589711796708,0.0,9.236413810081459e-10,0.0005970359230748683,0.00036563763367518165,0.002303763557964693,0.0008963988855670264,0.0,1.2755522647470608e-11,0.0,0.0,9.560768937697453e-15,0.0034909995741284985,0.0007099890999164493,0.0,0.0006971899359938888,2.1022447538754966e-16,0.0026856678494214296,"[4, 10]","[1, 15]"
392,0.0,0.07829208131496546,0.0004305987191684363,0.0,0.010634115344315869,0.0,0.0,0.0,0.0,0.012068826520419323,0.0,0.00011848205908528146,0.0,0.00011049096315756992,0.0,0.0014128447630628754,0.0,0.0006275672312338141,0.0,4.3419049889083725e-11,0.0003001641735756071,0.0,0.0,0.0,0.0,1.9479429338009315e-12,0.00014620568377466756,0.0006119970486494868,1.33328788619388e-15,0.0003876424733909236,0.0004266302281513276,0.0,0.0,0.0,0.0,[1],[20]
393,0.0,0.07115488307666495,0.00037566651515734547,0.0,0.009517207148149978,0.0,0.0,0.0,0.0,0.010889944323731969,0.0,7.312378145077193e-05,0.0,0.00018904079061952294,0.0,0.0013859221825959463,0.0,0.0004775677790768894,0.0,0.0,0.00043645932692045413,0.0,5.062613205427897e-05,0.0,0.0,0.0,0.00016482821975584717,0.000815228420530604,0.0,0.0,0.0003683690006364487,0.0,0.0001475356999344743,5.943994200404297e-16,0.0001028930519426709,[1],[20]
394,0.0,0.0741277477913809,0.0003897073401826112,0.0,0.010005826927304439,0.0,0.0,0.0,0.0,0.011411179155309087,0.0,0.00011678898344554819,0.0,9.057393150152479e-05,3.995462845821939e-05,0.0013737186259557168,0.0,0.0004280005419297255,0.0,6.026415450362155e-11,0.0002993409216244303,0.0,0.0,0.0,0.0,0.0,2.146961952765124e-05,0.0004859251188227174,1.5376671791655503e-15,0.0020517299167894538,0.0004437408642783173,0.0,0.0,0.0,0.0007410088887875812,[1],[20]
395,0.0,0.06165650818974469,0.00029931272549845985,0.0,0.008261245498528691,0.0,0.0,0.0,0.0,0.009448107581814746,0.0,0.00012874423484295942,0.0,4.2943391868272944e-05,0.0,0.0012375754093903206,0.0,1.8905949598783696e-05,0.0,0.0,0.00022286800262488074,0.0,0.0,0.0,0.0,7.665156334924267e-11,0.0,0.0008532332232850927,6.1599167252612454e-15,0.0019388638365359558,0.0004180540811015307,0.0,0.00013426845021608162,0.0,0.0005723999384514926,[1],[20]
396,0.041644441650009974,0.0,0.0,0.0,0.0,0.001830179142572174,0.0,0.0,0.06907450425961448,0.0,0.0,0.008256514459345662,0.0,0.0012688056122508113,0.0,0.0012778191856441356,0.0,0.0,0.0,0.0,0.003801352014166847,0.0,0.0,0.0,0.0,2.777849683357069e-11,0.0,0.013911500896948304,1.3131903749864582e-14,0.02208940446450892,0.0,0.0,0.00022910963049157571,4.001692626916269e-17,0.05839215634310244,[8],[37]
397,0.0,0.06362883347808035,0.0003721032977865355,0.0,0.008528275644080556,0.0,0.0,0.0,0.0,0.009756987538266853,0.0,0.0,0.0,0.0002547069559192149,0.0,0.0012089780765860926,0.0,0.0004691553324445866,7.171021010530248e-05,0.0,0.00047209047745261807,0.0,0.0014990276741784106,4.457966923955097e-05,0.00020863420012861712,0.0,0.0007265330749549224,0.00029006389387669994,0.0,0.0,3.511126749317529e-06,0.0,9.221315391199092e-05,7.625274596428324e-16,0.00035433619693576513,[1],[20]
398,0.03640298425537369,0.0,0.0,0.0,0.0,0.0016224453664125543,0.0,0.0,0.061060560173005506,0.0,0.0,0.009787811808690984,0.0,0.0019249773871894509,0.0,0.001670672656094267,0.0,0.0,0.0,0.0,0.0006215814292608959,0.0,0.0,0.0,0.0,0.0,0.0,0.02408867453281046,1.4141863080789253e-14,0.010106740239390342,0.0,0.0,0.0,0.0,0.0,[8],"[5, 37]"
399,0.03469715281725549,0.0,0.0,0.0,0.0,0.000995329447449353,0.0,0.0,0.058126544958663436,0.00270221321108466,0.0,0.0,0.004397337998253669,0.005109933279994752,0.15549179841136382,0.0,0.0,0.008685368730737341,0.014077495009784776,1.0030915354997472e-10,0.0,0.009793288998450835,0.0,0.0,0.05590905784835333,0.0,0.0,0.01646591393249165,1.237139650878431e-15,0.018831222513442946,0.0022382121251315035,0.0,0.007768387348745717,0.0,0.0,[14],[21]
400,0.0,0.0047000717122359335,0.0019113911727963186,0.00020766103551788013,0.0,0.0002581094629819865,0.0,0.0,0.0,0.00680150693070178,0.0,0.0,0.05049849111153949,0.016224272135461158,0.0,0.0,0.09752082824883271,0.015911714233685575,0.0,5.772236928743186e-10,0.0023100738602765663,0.004912427241102496,0.005128057677751644,0.0,0.04946561511319339,4.128908058842776e-12,0.0026855976370844885,0.03979318459703931,0.0,0.14859555920280298,0.0,0.0,0.0,1.2494758873456685e-15,0.0,[29],"[20, 35]"
401,0.024025105661169915,0.0,0.0,0.0,0.0,0.0008701463486400515,0.0,0.0,0.03896913811927036,0.0,0.0,0.014312120077084739,0.0,0.0,0.0,0.001773499946155787,0.0,0.0,0.0,0.0,0.0,0.0,0.0,0.004197329236558075,0.008812162899727834,0.0,0.0,0.0028392585677086955,0.0,0.0,0.0,0.0,0.006660437364506044,2.0460574581666833e-15,0.0,[8],"[29, 35]"
402,0.04098459260456401,0.0,0.0,0.0,0.0,0.001575889209418804,0.0,0.0,0.06696660552986103,0.0,0.0,0.003698506998795895,0.0,0.0,0.0,0.0008305966994426438,0.0,0.0,0.0,0.0,0.0029326272538335086,0.0,0.0,0.0,0.0,2.6569079968042346e-11,0.0,0.0,9.505733826823399e-15,0.005793949255058205,0.00019612579453489202,0.0,0.0033105862345008457,0.0,0.0,[8],[37]
403,0.028237639087639585,0.0,0.0,0.0,0.0,0.0011792701720892789,0.0,0.0,0.0466801461919616,0.0,0.0,0.006425378149934981,0.0,0.0016249457932880009,0.0,0.0,0.0,0.0,0.0,0.0,0.0,0.0,0.001161184303372974,0.0038287568571825164,0.011110623408646332,0.0,0.0018331138371860032,0.017862734279121013,3.3025312981210776e-14,0.0,0.0,0.0,0.001072273245621779,4.3578167425605373e-16,0.0,[8],[-1]
404,0.04502524989414552,0.0,0.0,0.0,0.0,0.0018464354613689084,0.0,0.0,0.0720894149122285,0.0,0.0,0.008687877821893444,0.0,0.0012126772236646904,0.0,0.002222501047005786,0.0,0.060186673964932894,0.0,4.702241526404773e-10,0.005495112914847156,0.0,0.0,0.0016755067418262662,0.0,7.487111977128396e-11,0.0023941002985242744,0.019180147980473117,0.0,0.0020971811172795186,0.0,0.0,0.0,0.0,0.0,[8],"[37, 41]"
405,0.04410686210408645,0.0,0.0,0.0,0.0,0.001768477203779102,0.0,0.0,0.07338161342543677,0.0,0.0,0.007868786555827198,0.0,0.002948269981721407,0.05467736304800495,0.0,0.0,0.0,0.0,0.0,0.0,0.0,0.0011192903226061599,0.009441755186839674,0.015266570993130411,0.0,0.00028471876655230253,0.022715088081412146,1.3058847044776906e-14,0.0,0.0,0.0,0.0,7.711345567593705e-16,0.0,[8],[21]
406,0.08560589251729561,0.0,0.0,0.0036604586349602885,0.12715502984026913,0.0,0.01311104496433582,0.0,0.009334058002247746,0.0,0.12585519802247627,0.0,0.0052286995626157065,0.0,0.007582907841603302,0.0025387869102619946,0.0009502188139096949,0.0,0.0,1.0166466775913749e-09,0.0006254019167687538,0.0,0.0003822387113245859,0.0,9.32293349995585e-05,3.504003276830292e-11,0.0034908408261578746,0.0,3.208605141180887e-14,0.0,0.0,0.0,0.0,1.680038726794175e-16,0.0,"[4, 10]",[1]
407,0.07354363273800736,0.0,0.0,0.003000121545242251,0.10719741808222862,0.0,0.01124726773277768,0.0,0.009050687321466985,0.0,0.10724156173119793,0.0,0.0037313357668331284,0.0,0.006484520912683773,0.0015025243044192599,0.0005204920528915936,0.0,0.0,1.3936541794299014e-09,0.0011052325587004906,0.0,0.0008863114756334958,0.0,0.0,2.946475911137307e-11,0.0014193860301612842,0.0,3.228384631206214e-14,0.0005024745353725151,0.0,0.0,0.0,4.553846957328548e-16,0.0,"[4, 10]",[1]
408,0.0191510532827245,0.0,0.0,0.0,0.0,0.0007712146753409452,0.0,0.0,0.03305164595687381,0.0,0.0,0.0011751152597336294,0.0,0.0,0.0,0.00011609031998143881,0.0,0.0018865837604791242,0.0002500768858708764,2.2960347367105257e-10,0.003423314084481052,0.0038843368771850637,0.0,0.0,0.0,0.0,0.0,0.0,4.455455848360312e-15,0.009043729622262494,0.0007615619788970436,0.0,0.0012052512205665829,0.0,0.07288722455635166,[34],"[7, 37]"
409,0.0,0.039509679914656405,0.0001461287867574516,0.0,0.005301557430748382,0.0,0.0,0.0,0.0,0.0060743927991054264,0.0,0.00012135674848422358,0.0,3.149922021984964e-05,0.0,0.0007637903868449434,0.02095036765601948,0.0011633627577923421,0.0001699181652799226,1.0711048192543392e-10,0.0003066364044567402,0.0,0.0,0.0007265417513142812,0.001038240221174162,0.0,0.0,0.0,4.26765981570415e-15,0.004269993225693386,0.0002673156954485423,0.0,0.0,0.0,0.0,[1],[20]
410,0.04232985574505605,0.0,0.0,0.0,0.0,0.001715732230431723,0.0,0.0,0.06966365080056407,0.0,0.0,0.00795937369708467,0.0,0.0019402728700514177,0.0,0.0,0.0,0.0,0.0,3.1147671075990766e-11,0.0006116624477757797,0.024921624033791417,0.002370680610945495,0.0,0.0,3.040560913325581e-12,0.003588544382467335,0.012599341098073636,0.0,0.005523981010036804,0.0,0.0,0.0,1.1873012918773359e-15,0.007700865978451084,[8],"[8, 37, 39]"
411,0.03615121780977207,0.0,0.0,0.005347231598267929,0.0,0.0,0.0,0.0,0.05969540310693781,0.0,0.0,0.0,0.0004652762413470156,0.0,0.008592303054654285,0.0019667287279005914,0.019647064345315202,0.0006046869342701711,0.020233624275688714,1.557158677995222e-10,0.0,0.003788309670875266,0.0,0.009003935158685444,0.03286669728328461,4.74803308664492e-12,0.0,0.0,0.0,0.0,0.004688802837197009,0.0,0.009587292946780164,8.247685811869099e-16,0.0,[8],[37]
412,0.03990581385103681,0.0,0.0,0.0,0.0,0.0016357105078445146,0.0,0.0,0.0656621365064763,0.0,0.0,0.005289309224665555,0.0,0.0,0.0,0.0008341495453857414,0.0,0.0,0.0,2.304877940070002e-10,0.003296449188188655,0.0,0.0,0.0,0.0,0.0,0.0,0.0012101137751865984,6.63857488562066e-15,0.008251467924312758,0.0,0.0,0.0008932444054126933,0.0,0.0,[8],"[37, 39]"
413,0.0853727318891958,0.0,0.0,0.0033154191056351365,0.12372538838099983,0.0,0.012944835180737599,0.0,0.011034731921867191,0.0,0.12413387851418398,0.0,0.005044287601925778,0.0,0.005237814724562066,0.0026661760742903804,0.00015962510920943622,0.012767779619104105,0.0,0.0,0.0020802928272172397,0.0,0.0020387648253101073,0.0,0.0,0.0,0.0014346551528844362,0.0,1.7539770990939232e-14,0.0002733770503193185,0.0,0.0,0.0,4.326186654888076e-16,0.001241642388797489,"[4, 10]",[-1]
414,0.027656212519136317,0.0,0.0,0.0,0.0,0.0007137784595976256,0.0,0.0,0.047513302801529086,0.0,0.0,0.0,0.004012359704906116,0.008814052451077992,0.2231544615739598,0.00011868803367042025,0.007711696294464042,0.003918722936451382,0.007920141273093189,0.0,0.0014559095200226443,0.0,0.0,0.012468336788599774,0.0,0.0,0.0,0.04171659155849177,1.228226957966669e-13,0.021954381914364815,0.0034814107154386054,0.0,0.007250008378368683,0.0,0.0,[14],"[21, 36]"
415,0.034868505219871844,0.0,0.0440378070829508,0.007880909178663593,0.0,0.0,0.0029671873574535893,0.016898101059708417,0.025390397404435605,0.09090394876415324,0.0,0.0,0.0,0.0,0.020461380890165987,0.0,0.00046989282626862776,0.010003205917259991,0.0,2.33225757580789e-10,0.0,0.0,0.004773080217881219,0.0,0.0,1.3602725539493331e-11,0.0,0.11380651737911869,2.301681874378805e-13,0.014092937075604401,0.0,0.1261649924924363,0.004909399226996462,6.9458246333283395e-15,0.11938639227872148,"[27, 31, 34]","[15, 40]"
416,0.046167180893308506,0.0,0.0,0.008660836420850943,0.0,0.0,0.028001891671471494,0.08616573027022036,0.03636966945494051,0.11582221393544657,0.0,0.031471692007885556,0.0,0.0,0.00681932412103126,0.0,0.0,0.0,0.03458474029001228,2.2487755346118726e-11,0.07761538746226208,0.05467194355460134,0.0,0.02004404118676723,0.0,0.0,0.0,0.07491723017123315,5.681500848524548e-13,0.003403161356380753,0.06483238530099487,0.21680389262363678,0.0,0.0,0.08688903940511043,[31],"[1, 40]"
417,0.0,0.0747570310612526,0.00043363304837887735,0.0,0.010151656292175753,0.0,0.0,0.0,0.0,0.011505219587322837,0.0,4.506236499046831e-06,0.0,0.00012596923399880726,6.068474909520633e-06,0.0013877605963492484,0.0,0.00044984472888222825,0.0,5.377520128086717e-11,0.0003687490358467531,0.0,0.0,0.0,0.0,0.0,9.250972559104682e-06,0.0004939891955261446,8.896410858749313e-16,0.0,0.0004937509900447652,0.0,0.0003717106375701841,1.0946818621949485e-16,0.0009495543160472524,[1],[20]
418,0.0,0.047297727983223736,0.0,0.0,0.004381992413020532,0.0,0.0,0.0,0.0,0.007161154307185097,0.0,0.00795444716368674,0.0,0.0,0.0,0.0023609148861128454,0.0,0.0,0.0,5.6446680421984276e-11,0.0,0.0,0.0,0.0,0.0,2.0947133766192892e-11,0.0,0.0015920239672300134,0.0,0.0,0.0,0.0,0.0035304662974002163,2.4806022838444968e-15,0.0012173183087095393,[1],[20]
419,0.0,0.0550342134216205,0.00034874816780404574,0.0,0.007547618093792449,0.0,0.0,0.0,0.0,0.008512819454688646,0.0,5.349277419936252e-05,0.0,0.00019386957727060984,0.00011713526524809204,0.0008987294187038895,0.0,0.0006143326647807822,0.0,0.0,0.000259516401067891,0.0,0.0,0.0,0.0,0.0,0.0,0.0005199244902350416,0.0,0.0,0.00017537846648383204,0.0,0.0002507979385288018,3.768211537601837e-16,0.0,[1],[20]
420,0.045221664640529256,0.0,0.08383953823558396,0.010648164622155572,0.0,0.0,0.0,0.0,0.03374173306408286,0.1101833951149433,0.0,0.01538624338452177,0.0,0.06634431197148115,0.0,0.0,0.003276717513291794,0.030236809489277688,0.014339410494785203,3.4478130898657166e-11,0.0,0.0,0.01013132322340809,0.0,0.0,0.0,0.013247331910976353,0.0,1.3038319527484001e-12,0.0022328965442435125,0.02909849212617989,0.07702669751537562,0.021248277518236023,3.791665675689591e-15,0.01817357093692621,[9],"[35, 40]"
421,0.016916400940401588,0.0,0.004532679543399302,0.0006564025933858061,0.0,0.0,0.0,0.007867673934464038,0.026084476156322613,0.013512656018859141,0.0,0.0,0.1774656412128719,0.04363217850985316,0.0,0.0,0.0,0.050337140835713105,0.0,0.0,0.010031148036199238,0.02560704970045082,0.030109961431251088,0.0,0.12980261716204194,7.012280428522637e-11,0.01472904719624379,0.14577213903623457,0.0,0.0,0.0,0.0,0.0,5.817005248744368e-15,0.0,[12],[35]
422,0.040323357537807226,0.0,0.0,0.0,0.0,0.0017642309557971455,0.0,0.0,0.06692442755797691,0.0,0.0,0.009263627219872506,0.0,0.0015636671464623608,0.0,0.000711439303429282,0.0,0.0,0.0,0.0,0.0022291034370383834,0.0,0.0023112999248163456,0.0,0.0,1.581787888707227e-11,0.0012629989014467716,0.019115860013640927,3.861037239617074e-14,0.012257382038141975,0.0,0.0,0.00028185952729231357,9.845726256534343e-16,0.036707688894359276,[8],"[7, 37]"
423,0.02578596670451141,0.0,0.0,0.0,0.0,0.0011121592481294527,0.0,0.0,0.04429390320399057,0.0,0.0,0.007981847312326302,0.0,0.0020014392233395307,0.0,0.0022264911027783047,0.0,0.0,0.0,0.0,0.000999494635313695,0.0,0.0,0.0,0.0,3.2579379732093864e-11,0.0,0.022763718438344974,3.3828178297729105e-14,0.008354579342673337,0.0,0.0,0.0,0.0,0.0,[8],[20]
424,0.04982090369607226,0.0,0.0992081525487642,0.011720484973888695,0.0,0.0,0.0,0.0,0.03791478694821566,0.1129738140955833,0.0,0.0,0.0,0.0,0.0,0.16640035904829725,0.0,0.0,0.0,1.0276490947431094e-09,0.040920051257367356,0.0,0.0,0.01627790741523947,0.0019484157498188832,0.0,0.05127940257989861,0.0,7.954093241613916e-13,0.0,0.05747296842963125,0.04579188815829807,0.0,0.0,0.05160721549567796,[15],[40]
425,0.028020518774225598,0.0,0.05499575988065111,0.006290556241397547,0.0,0.0,0.0,0.0,0.022145538824834086,0.06126243488800646,0.0,0.0,0.00020651178854696732,0.017559774111699296,0.0,0.05919528118628402,0.00018422046541429195,0.0,0.006042474122748534,0.0,0.0,0.003791133124581205,0.0057028098476978135,0.001851830780703344,0.008648742432434046,0.0,0.03869757596644297,0.0,0.0,0.0,0.017825981723192406,0.01979103379592068,0.03273146862300114,0.0,0.019632531211146415,"[9, 15]",[40]
426,0.03693915947142083,0.0,0.0,0.0,0.0,0.0015346705895101483,0.0,0.0,0.06184353637723229,0.0,0.0,0.006927429500596401,0.0,0.0004062209254355729,0.0,0.0013132231331854274,0.0,0.0006263213070817268,0.0,0.0,0.0035650137489390893,0.0,0.0031864061779494097,0.0,0.0,0.0,0.0007347261702176116,0.007133093883674193,6.46766220789494e-15,0.012114691515452134,0.0,0.0,0.0,9.587365445849774e-16,0.07683082134759851,[34],"[7, 37]"
427,0.022273139761183895,0.0,0.0,0.0,0.0,0.0010335690017293157,0.0,0.0,0.037879704941864004,0.0,0.0,0.006937486831548585,0.0,0.0012477461872683277,0.0,0.0030134694680120757,0.0,0.0,0.0,3.8045315542260937e-10,0.0,0.0,0.0007275224470904718,0.00019354625137345987,0.005853041837754105,0.0,0.0,0.019622031671955757,4.804247687089761e-15,0.0,0.0,0.0,0.0,4.267618332999699e-16,0.0,[8],"[29, 35]"
428,0.0,0.06079342303395706,0.00017186907124443107,0.0,0.007489839237182224,0.0,0.0,0.0,0.0,0.00902245474790436,0.0,0.0001584331151394602,0.0,0.000424257355948775,0.0,0.0014368291588328567,0.00039596087311410445,0.0,0.0,0.0,0.0007750229882356874,0.0,0.0019531999193807595,0.00018234119906926672,0.000651127177030424,0.0,0.0008149863874448088,0.001509451302982325,0.0,0.0,0.0,0.0,0.0003404364221851859,2.4656146574390904e-16,0.0,[1],[20]
429,0.09011495523914016,0.0,0.0,0.003842703595675391,0.13384717924679357,0.0,0.013792770222504695,0.0,0.009841053142443035,0.0,0.13248221413806485,0.0,0.005494730854344959,0.0,0.007974414064234818,0.002632848870545791,0.0008614113441226509,0.0,0.0,3.715347606718946e-10,0.0006915700766227561,0.0,0.0005706490489459107,0.0,0.0,2.105389363948681e-12,0.0031228848548038915,0.0,6.202239251811047e-14,0.0,0.0,0.0,0.0,0.0,0.0,"[4, 10]",[1]
430,0.031178174483970367,0.0,0.01298699664688769,0.0,0.0,0.0005033517576507157,0.0,0.013908300014943028,0.042597206739696296,0.031089678605522433,0.0,0.0,0.11239326731733608,0.006359719247551138,0.0,0.0,0.0,0.0014600438905151656,0.010847584743729974,1.8516668496916848e-10,0.0,0.017169160553381555,0.016783206886887003,0.029069113894467664,0.11806014602418428,0.0,0.0,0.0,1.8018428656038033e-13,0.0,0.0127913299562602,0.019930090890199852,0.0,4.214011594606755e-15,0.004812102207985967,"[12, 24]",[40]
431,0.03551036029905166,0.0,0.004721639158419157,0.0,0.0,0.0005883142906414916,0.0,0.020194281982239125,0.05321384455883247,0.02660060761149051,0.0,0.0,0.18330683261333158,0.0,0.0,0.0,0.0,0.0,0.015658789914057097,1.6800624354235222e-10,0.005689013605389402,0.0020702298893219744,0.036971909341086365,0.02721173742520679,0.10164270465451845,0.0,0.0,0.0,2.7487499128381677e-13,0.0,0.0,0.019315287679056513,0.0,4.7023197960579685e-15,0.0,[12],"[11, 40]"
432,0.0,0.07338308688944489,0.000495299359803532,0.0,0.010156147912305609,0.0,0.0,0.0,0.0,0.011380422745205634,0.0,0.0,0.0,0.00012341907271402322,0.0009843468295274395,0.0012377144618847366,0.0,0.0008184051349785871,0.00038374619932033934,7.88453156847928e-11,0.00028317150056022215,0.0,5.364102998990389e-05,0.0002404507660090949,0.0,1.96514937330294e-11,6.705485635826942e-05,0.0,0.0,0.0,0.0003237959955081877,0.0,9.893589285688482e-05,0.0,0.00020129739880481965,[1],[20]
433,0.0,0.016663999290161144,0.0,0.0,0.0,0.00021425585080358595,0.0,0.0,0.0,0.0015169924713641391,0.0,0.00043186990648763,0.0,0.0010128481343428654,0.0,0.0016109634858710977,0.11012585248688758,0.0003423598386703269,0.0,7.993226208885254e-11,0.0027850566977318894,0.0,0.0,0.0,0.00344948668166039,2.3040470418266946e-12,0.0,0.0003064864630539555,1.129979609792142e-15,0.0,0.0,0.0,0.0,0.0,0.0020100633072437655,[16],[-1]
434,0.027984114757519014,0.0,0.04181069030297725,0.0064120185030015955,0.0,0.0,0.0,0.005995234373713267,0.022436655941066884,0.06722864331874803,0.0,0.0,0.003543762540328362,0.0030127528212143357,0.0035688385416649746,0.005252856735617557,0.0,0.0,0.019124813467221488,0.0,0.008207334717930325,0.07463295313311569,0.0,0.0,0.055586496722580835,0.0,0.0,0.0,0.0,0.013727116754998709,0.00011794230481118843,0.051591926482724516,0.038357468581285574,7.108263253663907e-15,0.10081911718039492,[34],[40]
435,0.0,0.06948791646823096,0.00034215250213916426,0.0,0.009360974120554045,0.0,0.0,0.0,0.0,0.010680253230449526,0.0,0.00016516478435200837,0.0,9.71105107899003e-05,0.0002667299375482253,0.0012451422454245822,0.0,0.0009476104856184031,0.0,3.289563831330658e-11,0.00023348713651042587,0.0,0.0,0.00011937734830727643,0.0,8.662969348162983e-11,0.00010614851165262446,0.0006976232696977217,3.118432100212469e-15,0.0026270392013045024,0.0003494527577618532,0.0,0.0,2.746226271518189e-16,0.0,[1],[20]
436,0.030770216187883594,0.0,0.0,0.0,0.0,0.000809192518083895,0.0,0.007802813212265188,0.0493741171799456,0.01393653570728234,0.0,0.0,0.0862216321528093,0.0,0.050220874353646826,0.0006889546932940883,0.0,0.0103445512541788,0.01685194382519554,1.9561823014476495e-10,0.0,0.005896386447224321,0.016290599603900995,0.0,0.04348906897840422,0.0,0.003412147073072322,0.0,0.0,0.0068839786235441605,0.01415493310665689,0.012102371467964852,0.0,1.5516479658315504e-15,0.0,[12],[-1]
437,0.0,0.06740711741405431,0.00024578177746523893,0.0,0.008724412716377904,0.0,0.0,0.0,0.0,0.010226108533947014,0.0,0.0003151654187630894,0.0,0.00022958090896087934,0.0,0.0014079209437379417,0.0,0.0,0.0,0.0,0.0004633446304419181,0.0,6.338730451391297e-05,0.0,0.0,1.520783660936993e-10,4.475433313163299e-05,0.001316595865818062,6.600591261075831e-16,0.0056628234028178875,0.0002424944821004078,0.0,0.0003722755177374355,0.0,0.0004279063429582375,[1],"[12, 20]"
438,0.03425287482709151,0.0,0.0,0.0,0.0,0.0008025142175531141,0.0,0.012008982278423742,0.054812058393834,0.013866156232280094,0.0,0.0,0.14003781908172866,0.0,0.04270378838747231,0.007421107520564855,0.017265134515844868,0.0,0.033478094058819775,1.3121243906372116e-10,0.014052249497785456,0.0,0.02627465080911563,0.0,0.0,6.849891509043425e-12,0.010450657019637238,0.0,0.0,0.0,0.022446623137006984,0.015569658609815186,0.0,4.064474209452223e-15,0.0,[12],"[6, 10, 11, 37, 40]"
439,0.0,0.06467394761442477,0.00026719154793644764,0.0,0.008316903293631274,0.0,0.0,0.0,0.0,0.009785020278885507,0.0,0.00021826007764511477,0.0,0.00027929625316808063,0.0,0.0013883271509467223,0.0,0.0,0.0,0.0,0.0004530718197740788,0.0,0.0005135732930582182,7.565288558909041e-05,0.0,6.99154855473452e-11,0.00034625144714360594,0.0010591092075306662,0.0,0.015489076636968014,0.0001795485489104757,0.0,0.0007882290741465175,0.0,0.0,[1],"[20, 43]"
440,0.0,0.07136701794675396,0.0003803760986576433,0.0,0.00954100042243872,0.0,0.0,0.0,0.0,0.010942407983278066,0.0,0.00010042869042735627,0.0,0.00020883600330868615,0.0,0.0013405889217041778,0.0,0.00025173787853878077,0.0,2.8979048383877324e-12,0.000393452539260359,0.0,0.0,0.0,0.0,5.8244865903075685e-12,0.0,0.0007868423837206321,5.234528637953122e-16,0.0,0.0003967922679400703,0.0,0.00036863617340289527,0.0,0.0010446739268622637,[1],[20]
441,0.03732893453314987,0.0,0.0,0.0,0.0,0.0013318540025327712,0.0,0.0,0.060721408381209166,0.0,0.0,0.0,0.0,0.006858642213537097,0.005128047205725075,0.0016490430970312036,0.0017802336877462334,0.0024873772899237853,0.0,0.0,0.0019521472630661596,0.005475782982316043,0.0,0.0,0.0,0.0,0.0,0.03406868802384216,0.0,0.004970295821680076,0.005585288044739658,0.0,0.010717186846310393,0.0,0.005142915608367931,[8],[-1]
442,0.048859755623539704,0.0,0.0,0.0,0.0,0.0015598405768306666,0.0,0.0037612525867957275,0.07765398306920929,0.007135104490704211,0.0,0.0,0.06518219718031389,0.0,0.0,0.0011248046689318581,0.007117676580110507,0.0,0.019673778338600588,4.677903826147163e-10,0.0069464892901488886,0.004614645306913197,0.0,0.020887660791491233,0.0,0.0,0.0017177347122392602,0.0,0.0,0.003407995280720113,0.016002347144266467,0.002557008458505147,0.010667491473692333,6.932832570260726e-17,0.0010309496689438953,[8],"[15, 37, 39, 40]"
443,0.004312901078610351,0.0,0.006711119556257588,0.24818814100034733,0.0,0.0,0.0002792579406061885,0.0,0.0041501178547171695,0.0,0.0,0.0,0.03347263534041156,0.0,0.0,0.01622389285319037,0.005176637108205982,0.0022360333132011,0.08658446122267885,1.0329926639267318e-10,0.0,0.0,0.0017889600398913346,0.0030668047529248538,0.024738684260392267,4.591731236818035e-11,0.0015798320200931335,0.0,0.0,0.043986046177293604,0.00946419140448552,0.0,0.0,3.578642236840608e-15,0.0,[3],"[27, 35]"
444,0.056510904887474,0.0,0.0,0.0,0.0,0.0022045651074406305,0.0,0.0,0.08964592793956963,0.0,0.0,0.008944608341465706,0.0,0.002202224028850276,0.019698207510264184,0.001861374763009071,0.0,0.08340844462690299,0.0,0.0,0.005666915007084985,0.0,0.004538111883535194,0.008768809829469294,0.0,1.1173056471213924e-10,0.005624535786166806,0.02335452567632383,0.0,0.0,0.0,0.0,0.002099384491645482,9.024168628998177e-17,0.0,"[8, 17]","[21, 37, 41]"
445,0.09089176836808621,0.0,0.0,0.003718111792031521,0.1338486670211102,0.0,0.013805846835211404,0.0,0.010649911988871151,0.0,0.1330561867561431,0.0,0.0057597093624522895,0.0006539725141014387,0.005640317191905273,0.003506772507029964,0.001210565389286354,0.0,0.0,0.0,0.00026501984077238923,0.0,0.001753270517549048,0.0,0.000986204890106305,4.311418231424711e-11,0.0035166182408287237,0.0,4.0377047571158326e-14,0.0,0.0002812523165518739,0.0,0.0,5.898174928804809e-16,0.0,"[4, 10]",[1]
446,0.0,0.0479518622779114,0.0,0.0,0.004601024099842071,0.0,0.0,0.0,0.0,0.006713681725857289,0.0,0.000435097295454158,0.0,0.0005953246145964533,0.0,0.001678111688691498,0.0,0.0,0.0,1.2472485011786858e-11,0.0008343905302373938,0.0,0.0,0.0016443370184796322,0.0,0.0,0.00010614140822608844,0.002889058726725606,0.0,0.0,0.00027923562277159744,0.0,0.00035659157997410765,0.0,0.0,[1],[20]
447,0.08520420960996557,0.0,0.0,0.003451285671948879,0.12455145115471294,0.0,0.012984073986300498,0.0,0.010370801805870643,0.0,0.12436554479212165,0.0,0.004519088027030518,0.0,0.0062686639583774345,0.002145259974022734,0.0006172051944009216,0.0,0.0,0.0,0.0009032406717898013,0.0018660731858452257,0.0003590515797968958,0.0,0.0,0.0,0.0,0.0,2.1048113866002346e-14,0.0,0.0,0.0,0.0,0.0,0.0,"[4, 10]",[1]
448,0.03015404534691849,0.0,0.04102997493879747,0.006366624889293016,0.0,0.0,0.0,0.00327136660266516,0.01964631811759306,0.06322373838850051,0.002403004512182644,0.0,0.0,0.0,0.02170438753130545,0.0,0.0012645173225520417,0.002616657208880547,0.0,1.721967709916936e-10,0.0,0.0,0.003993939189107625,0.0,0.0,1.003279128359852e-11,0.1570381451358511,0.08230385883184546,4.538978902960926e-13,0.00748840209483614,0.0,0.07952481619978705,0.0018460900976906497,0.0,0.06357997692276847,[26],"[15, 40]"
449,0.0704217690388033,0.0,0.0,0.0027801312617514408,0.10406547414884172,0.0,0.010580031672738377,0.0,0.008244800697972789,0.0,0.10317391898573412,0.0,0.004306413784777055,0.0016437124525859159,0.003116947088621323,0.00379736430282023,0.0012052906150117875,0.0,0.0,9.005472128512391e-10,0.0,0.0,0.00026807027139773347,0.0,0.0012065136589378912,1.932439199230267e-11,0.0,0.0,1.8189484778068317e-14,0.0023522610473801693,0.0008796304647854689,0.0,0.00027236250316062726,0.0,0.0,"[4, 10]",[1]
450,0.07379829550438585,0.0,0.0,0.0024725043519391544,0.10489577082856281,3.5782927205038074e-05,0.010859628578947296,0.0,0.011033291265591898,0.0,0.10622381636238673,0.0,0.004582831389289016,0.0019547429022235257,0.0,0.004764771335492978,0.0013749755788160134,0.0,0.0,1.8372157815021646e-09,0.0,0.0,0.0029322930869546387,0.0032631955122097594,0.0025732231049693556,3.0870669155778425e-11,0.0,0.0,2.702801446854876e-14,2.9351755943180466e-05,0.002083161844145495,0.0,0.0,1.0033726096893195e-15,0.0,"[4, 10]",[1]
451,0.0,0.06618231824266682,0.00040410641331055597,0.0,0.008978637885260253,0.0,0.0,0.0,0.0,0.010183555068594972,0.0,2.511501268654088e-05,0.0,0.00018715438737906562,0.0,0.001183044222441965,0.0,0.0005979887825079248,0.0,0.0,0.0003092610931281942,0.0,0.0,1.745357773670604e-05,0.0,2.05290716300187e-11,0.0,0.000620114751865676,0.0,0.0009495645792410618,0.0003489027157311395,0.0,9.153727017495424e-05,9.510315653978647e-16,0.0,[1],[20]
452,0.09030909241467926,0.0,0.0,0.003881637478031973,0.13432883706964882,0.0,0.01384000285312684,0.0,0.009743669417149426,0.0,0.1328622624683276,0.0,0.005347267869934417,0.0,0.008466838836079836,0.00256459044652724,0.000981139833842707,0.0,0.0,0.0,0.0007976475428540541,0.0,0.0,0.0,0.0,3.6459846927425934e-13,0.0016533928793862178,0.0,2.0020879412451465e-14,0.0,0.0,0.0,0.0,0.0,0.0,"[4, 10]",[1]
453,0.08711869934870677,0.0,0.0,0.0035267885087931087,0.1274960059977937,0.0,0.013265527959940022,0.0,0.010556941602674865,0.0,0.12720661713694642,0.0,0.005094718452223752,0.0,0.007439578221862848,0.002499521502120728,0.0005591265226942582,0.0,0.0,0.0,0.0016498645246454781,0.0,0.0033206804503931858,0.0,0.0,1.80707205948575e-11,0.00042199587474261074,0.0,1.0114564272566864e-14,0.00022885778286121288,0.0,0.0,0.0,1.2140620984528614e-15,0.0007027575642053573,"[4, 10]",[1]
454,0.06865569384488826,0.0,0.08918891612351894,0.01735137651859117,0.0,0.001091815800098545,0.0,0.2221096914345159,0.0554637058511757,0.15815882257516878,0.0,0.05585672232338254,0.00890645984976673,0.08481009775049964,0.0,0.0,0.005127496090614437,0.0,0.1044030714899603,2.142156878922158e-10,0.0,0.2305723676932753,0.0,0.004181751314095934,0.014776593177336426,0.0,0.06577766644988461,0.0,0.0,0.0,0.0,0.006042325469400483,0.0,0.0,0.0848580636875833,"[7, 21]",[40]
455,0.0,0.031180921416983802,0.0002142652641051776,0.0,0.004357968811804641,0.0,0.0,0.0,0.0,0.004826447694864168,0.0,0.0,0.0,8.19816351026501e-05,1.7960277337575788e-05,0.0005132370161391024,0.0,0.0008241307972792533,0.0,0.0,0.00022055341127051676,0.0,0.0,0.0003818790776857267,0.0,1.7869293424547798e-11,0.0,0.00012193373920092615,2.2964811210467237e-15,0.011891739065040029,0.0001284286454779817,0.0,0.0005080113689532179,0.0,0.0,[1],[20]
456,0.0,0.07354614583263841,0.0004371661439660455,0.0,0.01000823395013472,0.0,0.0,0.0,0.0,0.011329516185265101,0.0,2.7421350372383207e-05,0.0,0.0001433350036882796,0.0,0.0013340269956969143,0.0,0.0005857843225408516,0.0,9.88128631776484e-13,0.000325994289861782,0.0,0.0,0.0,0.0,0.0,0.0,0.000569677215361897,0.0,0.0,0.0004334418779045787,0.0,0.00011290749799471355,0.0,0.00041528579458165773,[1],[20]
457,0.0,0.07161857622842654,0.0004161275818093032,0.0,0.009693963160667533,0.0,0.0,0.0,0.0,0.011029916851240294,0.0,1.6277223315622833e-05,0.0,0.00014334659335071736,0.00016096403608396043,0.0013018051209700411,0.0,0.00046600412311318616,0.0,0.0,0.000281325278838662,0.0,0.0,0.0,0.0,1.7125984357784533e-12,0.0,0.0004668285139877725,4.624652337084467e-16,0.0,0.00041761372849217316,0.0,5.345596207301641e-05,0.0,0.001171897898690012,[1],"[3, 20]"
458,0.027964638108446502,0.0,0.0,0.0,0.0,0.0008425629333001968,0.0,0.003205603319231362,0.04596896373237767,0.005463937254044872,0.0,0.0,0.07130602053320836,0.0,0.05905961239739248,0.0018739592880649704,0.008214005858637772,0.004356385992852543,0.02488886269292271,1.9745620360586598e-10,0.010355302063866723,0.0002819235557782886,0.011145172907467105,0.0,0.0,1.987968193500078e-11,0.0037111415378795446,0.0,5.971843957722787e-14,0.008769601656261217,0.02005047574169757,0.0046781599403627975,0.0,1.364082977368e-15,0.0,[12],[40]
459,0.03555510821276562,0.0,0.0,0.0,0.0,0.0,0.0,0.0,0.05870505929801545,0.0,0.0,0.005852326776785427,0.0,0.0,0.0,0.0032315168623606267,0.0038069726363714348,0.0,0.003507408667762755,0.0,0.0,0.0,0.0,0.001172246829907527,0.006678742413055589,3.4902172955709536e-11,0.00019359947143556634,0.01293362550258341,0.0,0.0030896831277307723,0.0,0.0,0.0,2.6176499206644045e-16,0.0,[8],[39]
460,0.07357553852495748,0.0,0.0,0.0023629704762466518,0.10201254541809725,4.4367488271975576e-05,0.010924861157225858,0.0,0.01208975813433399,0.0,0.1047811469526734,0.0,0.0023253906179516357,0.0,0.0,0.002500387030438828,0.0002719963195887555,0.0,0.0,0.0,0.0010477252462151657,0.00027274821701451325,0.002150695955701255,0.0,0.0,2.2517470089447673e-11,0.0035682223297788924,0.0002898701356929455,5.646285449891369e-14,0.003461242187623273,0.0,0.0,0.0,7.461478331943083e-16,0.0012128847087282204,"[4, 10]",[1]
461,0.04613907246148333,0.0,0.0,0.0,0.0,0.0018406301279288836,0.0,0.0,0.07649312934439628,0.0,0.0,0.008794582448601108,0.0,0.0031487573281616956,0.0790536374270315,0.0011191009029705137,0.0,0.0,0.0,0.0,0.00012100515026514798,0.0,0.0036141168930725375,0.007105521022137493,0.005674222360950023,3.732366400309948e-11,0.0023760326984585854,0.02387256003721612,3.249425440522759e-14,0.0,0.0,0.0,0.0,9.235421218308302e-16,0.002063926209838221,"[8, 14]","[21, 37]"
462,0.046567317742804336,0.0,0.0,0.0,0.0,0.0018560903607397227,0.0,0.0,0.07605391483280112,0.0,0.0,0.006203062535814198,0.0,0.0018311242327364345,0.0,0.0,0.0,0.004203287797869024,0.0,2.6924466923031807e-10,0.0,0.02466184526707598,0.0,0.0,0.0,0.0,0.0019405420255607809,0.009912181882425998,0.0,0.0034318646468484222,0.0,0.0,0.0010685410377618465,0.0,0.0,[8],"[4, 8, 37]"
463,0.02247319214771121,0.0,0.0,0.0,0.0,0.0004977530543881151,0.0,0.01149513051087034,0.03483436865423918,0.012399403853374796,0.0,0.0,0.07224656502499623,0.0,0.031761167753140675,0.0056183647788887936,0.008670561715705604,0.0,0.016142236651520304,4.4219657771023466e-10,0.00017055785347210871,0.008844095688895574,0.011586608943863102,0.0,0.0,0.0,0.009682280269091214,0.0,0.0,0.0,0.00866687515500814,0.017187600795298134,0.006883749399165565,2.158212753156007e-15,0.0,[12],"[11, 40]"
464,0.03100056844436786,0.0,0.0,0.0,0.0,0.0013598400285446564,0.0,0.0,0.05157094699732699,0.0,0.0,0.008929106951237921,0.0,0.0021860337730067437,0.0,0.0018363848822820369,0.0,0.0,0.0,0.0,3.199307073502014e-05,0.0,0.0,0.0,0.0,0.0,7.038672861623312e-05,0.02502166907995627,0.0,0.012782114132897551,0.0,0.0,0.0,0.0,0.0,[8],[39]
465,0.0,0.06781992103043713,0.0003890392459295495,0.0,0.009191416021932929,0.0,0.0,0.0,0.0,0.010439566221619383,0.0,0.0,0.0,0.0001846264789126216,0.0002541956386674415,0.0012390605455570509,0.0,0.000701485152245485,0.0,0.0,0.00043090448127601754,0.0,0.00042956801426051754,0.0,0.0,3.055973660939623e-11,0.0002940030815865289,0.0003522681649068615,0.0,0.017886627297025507,0.0001445603792551332,0.0,0.000865966600513508,8.156529746432451e-17,0.000805537106892219,[1],[20]
466,0.03873713406560528,0.0,0.00302079432955312,0.0,0.0,0.0010615132871747434,0.0,0.01418924322305474,0.05805066122040268,0.017488587112262883,0.0,0.0,0.04430074872102817,0.0,0.0,0.0,0.0013836697286933003,0.0,0.00692986340767922,9.681423073470104e-10,0.0,0.008055227730336591,0.0,0.034671745609284585,0.075113108399296,0.0,0.0,0.0,0.0,0.0,0.0,0.009922674650850293,0.0,1.94002283885168e-15,0.01530172089559283,[24],"[15, 40]"
467,0.09071566913614812,0.0,0.0,0.00382562347562353,0.12933230873915305,0.0,0.014582932529449682,0.002066162529501503,0.012051155963673304,0.0,0.13116989596812278,0.0,0.002379339366218469,0.0,0.007806632851674295,0.0006473524319712588,0.00035805653315456167,0.0,0.0,8.822209131155042e-11,0.006363016332375957,0.0013559115823019055,0.0,0.0,0.0,0.0,0.003104464759736424,0.0025729970198133663,0.0,0.0008378200929814976,0.002659019756687875,0.0,0.0011227533929369677,1.6141970589871357e-15,0.007259426968254232,"[4, 10]",[1]
468,0.09821130894479801,0.0,0.0,0.003857114537013001,0.1433066691598192,0.0,0.014854515673279787,0.0,0.012259705909393081,0.0,0.143194863600521,0.0,0.005645231232374599,0.0004937847445883037,0.005356539251391596,0.0037597023883551217,0.0011275390402146492,0.0,0.0,0.0,0.00037690638152009025,0.0,0.0012746046594998485,0.0,0.0001428151809673616,4.18509507868978e-11,0.0007371886285792329,0.0,3.933707313150288e-14,0.0006307726114807581,0.0,0.0,0.0,5.177597628931079e-16,0.0,"[4, 10]",[1]
469,0.02669179037826744,0.0,0.0,0.0,0.0,0.0012688343094437626,0.0,0.0,0.0478402690680211,0.0,0.0,0.006277104026204425,0.0,0.001954427364890899,0.0,0.0011410650506809689,0.0,0.010655276278328712,0.0,0.0,0.002057605179312404,0.0,0.0036557967526875614,0.003523933878227446,0.0037813918035430895,1.2827397010935582e-11,0.0,0.01610839270824716,0.0,0.026426210981386193,0.0,0.0,0.0,4.589741120542081e-16,0.0009988796354379402,[8],"[5, 35]"
470,0.01806314388173609,0.0,0.0,0.0,0.0,0.0002618035888563032,0.0,0.009648229979790096,0.028768942960572422,0.009014426926303193,0.0,0.0,0.12378878134666986,0.0,0.03410598126593729,0.008422163037864994,0.01646362124829721,0.0,0.02927787250467197,1.13412418303425e-09,0.02133963817623924,0.0,0.019057503657070086,0.0,0.0,0.0,0.004448442940987848,0.0,6.703233691935285e-14,0.000620305654625181,0.029490343860170767,0.013077791138096609,0.0,4.047393196564992e-15,0.0,[12],[35]
471,0.07746498126576641,0.0,0.0,0.0030260676673434564,0.11396278328961475,0.0,0.011661553561211159,0.0,0.009312565495221269,0.0,0.11328893108827089,0.0,0.004714899172436547,0.001073897839800472,0.003973177416739313,0.003791494848339487,0.0006633586403110444,0.0,0.0,0.0,0.0008913590582222498,0.0,0.0024256370695538653,0.0,0.00012347302585514761,0.0,0.0,0.0,0.0,0.0,0.0,0.0,0.00012010878736009411,1.799031794739594e-15,0.0001549485565465598,"[4, 10]",[1]
472,0.0966854032212065,0.0,0.0,0.003640129111046643,0.14076148593438037,0.0,0.014458280091229429,0.0,0.012483138987017132,0.0,0.1407064464812608,0.0,0.00612494046046749,0.0016599357326993209,0.0033780507823688213,0.005125350688550516,0.0014698929493656523,0.0,0.0,0.0,0.00025436673677572806,0.0,0.0022719434350587757,0.0,0.0017941373051304722,2.5076325948203114e-11,0.0,0.0,0.0,0.0,0.0006026903521125896,0.0,0.0,9.19143535792922e-16,0.00012791175777391076,"[4, 10]",[1]
473,0.07425668257676536,0.0,0.0,0.0028587046088053387,0.10915773863275177,0.0,0.011130253402308015,0.0,0.009024322372297177,0.0,0.10854765387820177,0.0,0.0046325066727585405,0.0016098841580346687,0.0021868477457759198,0.004085252304217235,0.0009220346673620879,0.0,0.0,1.5934480771013344e-09,0.0,0.0,0.0015080343939245686,0.0,0.0007844233167041328,0.0,0.0,0.0,1.4846511250783654e-14,0.0017044648145898064,0.000488274594586925,0.0,0.00029161481200761863,0.0,0.0001576741759132928,"[4, 10]",[1]
474,0.0319508687457709,0.0,0.05313250378820128,0.005114167450299728,0.0,3.5780859645160665e-05,0.0,0.0,0.029236107319848874,0.06110986264527716,0.0,0.0,0.02996748737214263,0.00561893236556942,0.0,0.03690430235026318,0.0003553262943798373,0.0,0.01405356885529838,3.216114567173373e-10,0.01347774094271998,0.0,0.013608222025049018,0.016520262830570093,0.013835336388563005,0.0,0.04032405763785097,0.0,1.3187834764623805e-12,0.0,0.03329147222351533,0.026217613708939234,0.033237645872816066,1.9287536328693137e-15,0.006171515324882104,[9],[40]
475,0.0,0.06996808043605754,0.0003499441046674912,0.0,0.009226008106764837,0.0,0.0,0.0,0.0,0.010655561810928135,0.0,0.00013303653601958606,0.0,0.0002736789962383451,0.0,0.0013211069381161462,0.0,0.0008329968859013398,0.0,0.0,0.000447624217670452,0.0,0.0,0.0,0.0,6.657561399111593e-11,7.844563746828921e-05,0.00109798349114403,0.0,0.007295239746785505,0.0003011596841296071,0.0,0.0005286685848863105,0.0,0.0,[1],[20]
476,0.004981958293909354,0.0,0.0,0.0,0.0,0.00045996361284557634,0.0,0.0,0.012166928875910445,0.00046466954983178754,0.0,0.0036022226638732007,0.0,0.0007702892684345491,0.0,0.004275977572463849,0.0,0.0,0.0,2.2157008581590677e-10,0.000573368663271491,0.0,0.0008260992986141592,0.0,0.0026110263349695966,1.3351227527910614e-11,0.0,0.011836452322712885,1.0662019137538348e-15,0.0,0.0002456207145243185,0.0,0.0,3.613268464216896e-16,0.0,"[8, 27]",[44]
477,0.0,0.0697825357500398,0.00035346897560830563,0.0,0.009422899876354205,0.0,0.0,0.0,0.0,0.010726662747504905,0.0,9.920878350879993e-05,0.0,2.5779753748534733e-05,0.0,0.0013394391902106964,0.0,0.0004904889580229203,0.0,0.0,0.00023878899563434044,0.0,0.0,0.0,0.0,0.0,0.0,0.0005204322418872941,4.954500274591988e-15,0.0,0.0003822062540982149,0.0,0.00019314321397512037,2.150784505187358e-16,0.0007022265847619362,[1],[20]
478,0.07536313174789626,0.0,0.0,0.0028695961126660656,0.10825993148768766,0.0,0.011421179613716598,0.0,0.010205827219331607,0.0,0.10913024528988556,0.0,0.003546924531967734,0.0,0.004647254916525457,0.001773467579525088,0.0003219546890697229,0.0,0.0,0.0,0.001117027237309195,0.0025984752425539334,0.00045029064649952465,0.0,0.0,8.383770427525021e-12,0.0017913500485748077,0.0,5.960501778797749e-14,8.226552977021378e-05,0.0,0.0,0.0,4.639068606517949e-16,0.00022713466735042328,"[4, 10]",[1]
479,0.025224374906601114,0.0,0.0,0.0,0.0,0.0009595414806094451,0.0,0.0,0.0436715747768004,0.0,0.0,0.0014673988183214989,0.0,0.00022324999139846307,0.2096514362658555,0.0018792294127845343,0.0019503763230846766,0.013385767999906572,0.014294917908488382,0.0,0.0027085845032866446,0.0,0.0,0.010710712824793614,0.0,5.11737567200918e-11,0.0,0.0,5.324893590354208e-14,0.04224033319645139,0.0016338454333964445,0.0,0.003716651132413343,0.0,0.0,[14],"[15, 21]"
480,0.0802489286798795,0.0,0.0,0.002955562237298095,0.11650839782720963,0.0,0.011963168255008379,0.0,0.010576010977787086,0.0,0.11665266802476074,0.0,0.005251219295461779,0.0015559274570916876,0.0013394198541119976,0.00455774169456301,0.001096941258391341,0.0013187406819017984,0.0,1.8477141542493077e-10,0.0001192327144872279,0.0,0.0017567524057296002,0.0016321011363241193,0.0012227684116762178,3.2554785697110645e-11,0.0,0.0,0.0,5.303746062745268e-05,0.0013775093529273343,0.0,0.00030406674278058587,3.735980613557452e-16,0.0005886897389246256,"[4, 10]",[1]
481,0.050826954432984,0.0,0.0,0.0,0.0,0.0020807866234047083,0.0,0.0,0.08564617886189864,0.0,0.0,0.009897207293285208,0.0,0.0036454629560679908,0.03326290998138677,0.0007573893194440576,0.0,0.0,0.0,2.150765471919746e-10,0.00025908466287357377,0.0,0.00468015911855156,0.0,0.0,0.0,0.003474365153260959,0.025600361938147343,0.0,0.0,0.0,0.0,0.0,5.656036581901609e-16,0.010682494081361831,[8],"[17, 21, 34, 37]"
482,0.02688373476298685,0.0,0.0,0.0,0.0,0.0012034670242798478,0.0,0.0,0.044950240328612424,0.0,0.0,0.008270422555447327,0.0,0.0021810277598508874,0.0,0.0019465337927406544,0.0,0.0,0.0,0.0,0.0006852394255049637,0.0,0.0,0.0,0.0,3.57015676959646e-11,6.769569457298636e-05,0.0235599024185209,1.8085543002333734e-14,0.010603681458997908,0.0,0.0,9.111914711566619e-05,0.0,0.0,[8],[39]
483,0.04870330789378992,0.0,0.0,0.0,0.0,0.001471613318915653,0.0,0.0019465531568007624,0.07755396214281814,0.008071813183242273,0.0,0.0,0.05969499999513239,0.0,0.0,0.0,0.005582557791917995,0.0,0.014283775243624574,0.0,0.0,0.0,0.0,0.009804541920144764,0.044102521643974844,1.2929076809238372e-10,0.0015399215087771611,0.0,1.941520201879766e-13,0.0,0.014823952594841514,0.0,0.0022555910451399624,0.0,0.0,[8],"[11, 37, 40]"
484,0.011494422223271185,0.0,0.0,0.0,0.0,2.9300675604345628e-05,0.0014151072855833257,0.0042219020448342175,0.019499850715025423,0.007756621352981638,0.0,0.010355831054290433,0.049127725948519205,0.0,0.006423441818716498,0.0017621756815147504,0.0,0.006786211340405688,0.006127343046905875,1.3115327045521366e-09,0.0,0.0,0.00906051817131636,0.0,0.029027245192647086,0.0,0.0024127921340714228,0.0,0.0,0.012749443398373951,0.003257642181218801,0.00503694497617749,0.0,1.6621512190813012e-15,0.0,[12],[20]
485,0.03975795163541665,0.0,0.06105660120775938,0.008471193817670112,0.0,0.0,0.001299441448367598,0.008718013464359109,0.027585624939626113,0.09908588918337631,0.0,0.0,0.0,0.0,0.02409270790698741,0.0,0.0032103695535220522,0.03022376836572938,0.0,2.0294800096899607e-10,0.0,0.0,0.0034057341506384996,0.0,0.0,2.8642409542482672e-12,0.0,0.11338577186581814,1.1031626462263202e-13,0.009591879204495205,0.022287991305890334,0.13298506129931878,0.0176795739264243,2.1560768801480218e-15,0.0249510197157649,[31],"[15, 40]"
486,0.0,0.025902460772478528,0.0,0.0017964120006639963,0.002058636078877866,0.0006723145612304815,0.0,0.0,0.0,0.0033273544368758977,0.0,0.0,6.70576699191466e-05,0.002307537008112843,0.0,0.0006914440772093299,0.26494152181986025,0.0017206767643717785,0.0,0.0,0.004085719009299144,0.0,0.0,0.004350431705347574,0.011306542465085268,4.710242589098599e-11,0.0,0.0,2.8491402279152593e-14,0.0,3.559616668943699e-05,0.0,0.0,1.0060085682392114e-15,0.0,[16],"[20, 35]"
487,0.09372095283723315,0.0,0.0,0.0038836383617717163,0.13828772913465434,0.0,0.014281991095546709,0.0,0.01077102708317604,0.0,0.13733580594666586,0.0,0.005484604114011594,0.0,0.007542100689130314,0.002952749130293396,0.0009422721137951398,0.0,0.0,5.448281159730389e-10,0.00075609655736202,0.0,0.0001025658075595472,0.0,0.0,0.0,0.0002093543033666595,0.0,2.155212362783866e-14,0.0,0.0,0.0,0.0,0.0,0.0,"[4, 10]",[30]
488,0.018003710498948958,0.0,0.0,0.0,0.0,0.0004299216109820744,0.0,0.0025841498488545023,0.02905333029277515,0.005617590405207155,0.0,0.0,0.04043706923277905,0.0,0.006226698522428922,0.0010300735856212052,0.002517466046817097,0.0,0.010730005914824188,7.814972045112969e-10,0.0029692064568992184,0.0,0.006686908818352142,0.03719591557270526,0.0,0.0,0.0023428081099780514,0.0,0.0,0.0,0.006458660296067548,0.004008558374233814,0.0,5.904062082523349e-16,0.0,"[12, 23]",[4]
489,0.03994148726029804,0.0,0.0,0.0,0.0,0.0015217381903581187,0.0,0.0,0.06712002500507662,0.0,0.0,0.006805703357930345,0.0,0.002944274212640556,0.11249695761017131,0.0,0.0,0.0,0.0036869142697092696,3.04131534488269e-10,0.0,0.0,0.0,0.011534419303329125,0.01856513805849713,0.0,0.0,0.020822379308254913,8.194897545064151e-14,0.0,0.0,0.0,0.0,5.015904803912372e-16,0.0,[14],[21]
490,0.08497948527295052,0.0,0.0,0.003144504672586531,0.12152366707864527,0.0,0.012769402410852311,0.0,0.011937349041402891,0.0,0.12277076168873205,0.0,0.004485286239963738,0.00014072982670089136,0.002435922672466506,0.003055945636605425,0.0013278995434362639,0.0,0.0,0.0,3.141637820417996e-05,0.0,0.000535792019067104,0.00021866678044131635,0.0013009188421465121,1.169680475036627e-11,0.0011264100969477495,0.0,6.899766529603513e-14,0.0,0.0,0.0,0.0,2.2585688968598026e-16,0.0,"[4, 10]",[1]
491,0.034222003310692216,0.0,0.0,0.0,0.0,0.0014960857617166343,0.0,0.0,0.05596124500332058,0.0,0.0,0.008820348969679495,0.0,0.0023912586169664357,0.0,0.0019563307635954343,0.0,0.0,0.0,1.7010971082164013e-10,0.0010711864206598132,0.0,0.0,0.0,0.0,0.0,0.0,0.025240617081819385,9.15385668308996e-15,0.01185632812798858,0.0,0.0,0.00040525264875293824,0.0,0.0,[8],[37]
492,0.01989167625962167,0.0,0.005155837890660046,0.0,0.0,0.0007614069956761171,0.0,0.02747332531613462,0.028573200495166314,0.006616012362906212,0.0,0.010663003281948394,0.0,0.0045632320070711175,0.0,0.0,0.002724204954107059,0.0,0.01843227215328309,3.9919023122733087e-10,0.0,0.011513331533624625,0.0021305152709694642,7.046244639276808e-05,0.002576245264210571,0.0,0.002647415567345165,0.00848530858396648,1.012711788501006e-12,0.0,0.004828561881518428,0.0,0.006632177323548103,6.957552642164605e-16,0.004186376686140229,"[7, 8]",[35]
493,0.0,0.02960009827025936,0.00012927712755638387,0.004191615676794947,0.002554398431438206,0.0022834578352049118,0.0,0.0,0.0,0.00420078340457816,0.0,0.0,0.002983975913693613,0.0032332707572750876,0.0,0.0,0.168340145193839,0.0027843439580334884,0.0,0.0,0.003273772579440715,0.0,0.0,0.004418196887971377,0.012838957452021724,3.089293591491035e-11,0.0,0.0012153754455337471,3.6381305541345866e-14,0.2956213509461117,0.0,0.0,0.008200036804097059,0.0,0.0,[29],[20]
494,0.02708505048655384,0.0,0.0,0.0,0.0,0.0011427582105080732,0.0,0.0,0.042887285746862076,0.0,0.0,0.002885639958307467,0.0,0.0,0.0,0.0,0.0,0.04940708022088497,0.0,1.4511565496082557e-09,0.004735311818296528,0.0008294475444048199,0.0,0.0,0.0,0.0,0.0,0.0,8.403435031937683e-15,0.01574250405641301,0.0,0.0,0.0025065160720909832,0.0,0.11354880400918185,[34],"[7, 35]"
495,0.019401942998439496,0.0,0.0,0.0,0.0,0.0008922002930789735,0.0,0.0,0.034550174371343896,0.0,0.0,0.005845810990911465,0.0,0.0017967114982933524,0.0,0.0025183964120479066,0.0,0.0,0.0,0.0,0.001549179029776959,0.0,0.002044841795298386,0.0,0.0,1.3305083473452016e-11,0.0007270808501350735,0.01649434522436208,8.735038106061774e-15,0.004292512201327932,0.0,0.0,0.0,0.0,0.009493558043474341,[8],"[12, 35]"
496,0.02331200442294709,0.0,0.0,0.0,0.0,0.00041882052793645966,0.0,0.012942394065696515,0.03689703102837867,0.012367482980448494,0.0,0.0,0.13379677865143624,0.0,0.029512274322820137,0.0071053493526794026,0.017600050222418565,0.0,0.028971432980499673,0.0,0.01740364486506902,0.0003487866153873725,0.02144172621370475,0.0,0.0,0.0,0.005475180450602085,0.0,2.5936995636535575e-14,0.0,0.020397178572025138,0.016475245702397053,0.0,2.7284125908203148e-15,0.023196857184084842,[12],[40]
497,0.03836770679950821,0.0,0.0,0.007626585503430478,0.0,0.0,0.0,0.0,0.06425524876305883,0.0,0.0,0.00451807115628565,0.0,0.0,0.0,0.003846173625494334,0.007759131907598524,0.0,0.014098078576903626,1.0374436987512015e-10,0.0,0.0,0.0,0.0050420134408031055,0.011487010626126226,2.0459370539208734e-11,0.0,0.010526227823741024,0.0,0.005107191219798633,0.0011075303315401155,0.0,0.0034813988556494867,0.0,0.0,[8],"[27, 37]"
498,0.03785534178144286,0.0,0.0,0.0,0.0,0.0014440404664912163,0.0,0.0,0.06131474763793268,0.0,0.0,0.004213664150838689,0.0,0.003187273781669559,0.0,0.0,0.005005101422233602,0.0,0.0,0.0,0.0,0.0,0.0,0.014322638630311774,0.012931611048736214,0.0,0.0,0.012039697958612766,0.0,0.0,0.00023551452226603414,0.0,0.001482502606292001,4.496368541438122e-16,0.0,[8],[37]
499,0.04678248294394021,0.0,0.0,0.0,0.0,0.0018938120465464752,0.0,0.0,0.07626888848805868,0.0,0.0,0.006653922465943548,0.0,0.0007233457580202936,0.0,9.165002664754544e-05,0.0012818743234586964,0.0,0.0,6.401397054365155e-10,0.0032491356347942486,0.0,0.0005626889521937352,0.0,0.0,6.45967716221379e-11,0.0,0.008573037861202407,2.338084187137972e-14,0.004891726104643987,0.0,0.0,8.206816356800926e-05,9.133155705290585e-16,0.0,[8],"[32, 37]"
500,0.005085999736190034,0.0,0.006562160410104296,0.2460785954782439,0.0,0.0,0.00023235480771429025,0.0,0.00531422424016101,0.0,0.0,0.0,0.035364648583919064,0.0,0.0,0.015964096935418434,0.0,0.0019496270406362004,0.08579115484058872,0.0,0.0,0.0,0.0014011431445271213,0.0,0.012845614097228909,0.0,0.00021873859009880335,0.0,0.0,0.0,0.00601324155768969,0.0,0.0027209496920341035,0.0,0.011448403938677706,[3],[27]
501,0.027772583409277782,0.0,0.0,0.0,0.0,0.0011990607257986044,0.0,0.0,0.047533914071165174,0.0,0.0,0.006363852375936686,0.0,0.003388767356792988,0.18449052790111592,0.000977203773146392,0.0,0.002545802534531593,0.0052784857366006905,4.3933571374063256e-10,0.000831600310890892,0.0,0.0,0.011587765204287668,0.0019164238700194647,0.0,0.0,0.019801312611057078,4.377168052273292e-14,0.0,0.0,0.0,0.0,0.0,0.0,[14],[21]
502,0.036925994892983795,0.0,0.0,0.0,0.0,0.0013143910001733835,0.0,0.0,0.061148913444602174,0.0,0.0,0.007976898050596076,0.0,0.001049696457549594,0.0,0.001906600355321738,0.00023176924754810202,0.0,0.0,4.254478311894839e-12,0.0,0.0,0.0014980336235659393,0.0,0.004055646774629898,1.7241462060770824e-11,0.0011596867950136199,0.01944272247617524,1.882287532004984e-14,0.017838429347391598,0.0,0.0,0.0,0.0,0.0,[8],"[6, 10, 14, 37, 42]"
503,0.0,0.06518479485316939,0.00033964499460954615,0.0,0.00881348481526213,0.0,0.0,0.0,0.0,0.010056276878390334,0.0,7.0073812040927e-05,0.0,3.962809149162514e-05,0.0007262808170832351,0.0011990898127319253,0.0,0.0006069568078875302,0.00025631596288649684,0.0,0.00014017177166730937,0.0,0.0,0.0001011589667406758,0.0,4.11738538528799e-12,0.0,0.0002316703242432223,7.648524741695886e-16,0.023944589461053527,0.00026805504075277264,0.0,0.0006036151340382869,2.8704850508342e-16,0.0005148627285886544,[1],[20]
504,0.0,0.07809548862933091,0.0004384423591130152,0.00041532799482682644,0.010412081219472845,0.0006216848075646706,0.0,0.0,0.0,0.012011434530187241,0.0,5.598813858259339e-05,0.0,0.0005439160531257301,0.0,0.0012952683727735965,0.0,0.0005641943321427193,0.0,5.740401427173915e-11,0.000739784791401818,5.102011554577422e-05,0.002566813001405418,0.0002482439590349316,0.0007683488997995164,0.0,0.0012860462609996025,0.0005481676544915517,0.0,0.0,0.0,0.0,0.0,2.0346009213445158e-17,0.0,[1],[20]
505,0.03882546455497901,0.0,0.0238327758365934,0.000621959036141504,0.0,0.00038142592093967783,0.0,0.008602267080081851,0.045386201037804635,0.03863395275957213,0.0,0.0,0.10336991925517602,0.0,0.0,0.0,0.0,0.0,0.022024867794306235,0.0,0.0,0.008657424888796823,0.02717113415660172,0.008496120598552679,0.150885042219973,0.0,0.0,0.0,6.39079451694442e-13,0.0,0.0,0.028075439359831082,0.00631658620026055,7.140421605411075e-15,0.023564472002380397,[24],[40]
506,0.04720507425769139,0.0,0.0,0.0,0.0,0.0017276161990696837,0.0,0.0,0.07616122215810049,0.0,0.0,0.006358376268565291,0.004302913989837309,0.0,0.0,0.0,0.004793941579757482,0.0,0.0003929283602103133,1.241467384335258e-11,0.0,0.0002408745625836403,0.0,0.011482916256161525,0.004684643906647351,3.472065103686843e-11,0.0,0.0,0.0,0.0,0.001609505614422265,0.0,0.009880598335052648,0.0,0.0,[8],"[10, 37, 40]"
507,0.0,0.0671751477451712,0.0004266400258241319,0.0,0.009130169582635931,0.0,0.0,0.0,0.0,0.010336429988710899,0.0,0.0,0.0,0.0003516711362066839,0.0,0.0011567122960215613,0.0,0.0007027479639965574,0.0,0.0,0.0005163944852328887,0.0,0.0,0.00013830644552526638,0.0,0.0,0.0001565120827262909,0.0008605313138367165,0.0,0.0,0.000213224458587956,0.0,0.00017126430243144343,8.058923736872412e-16,0.0,[1],[20]
508,0.045222235574358616,0.0,0.0,0.0,0.0,0.0018101727070885785,0.0,0.0,0.07560399763817241,0.0,0.0,0.005152399318795821,0.0,0.0008575667732723959,0.09145364154825522,0.0011864239215194547,0.0,0.011874548237846907,0.0036989469390906853,0.0,0.0034827719018946115,0.0,0.0,0.0,0.0,8.205458450894636e-11,0.0,0.002552898758835001,4.2108884584080353e-14,0.0018721764431102236,0.0,0.0,0.0,0.0,0.022494459363909716,[14],"[10, 21, 38]"
509,0.024317157633936427,0.0,0.0,0.0,0.0,0.0010586548774641185,0.0,0.0,0.041678606238391674,0.0,0.0,0.0054613108778961686,0.0,0.0028890596003346633,0.1727215331841657,0.0012375198168875165,0.0,0.004140552781840714,0.005384483590732239,1.25183296464636e-10,0.0016150683704347813,0.0,0.0,0.008844025670456737,0.0,4.7689429011624155e-11,0.0,0.01586786551659289,6.249991618297626e-14,0.0,0.0,0.0,0.0,0.0,0.004413030551590561,[14],"[21, 37]"
510,0.026343339376868502,0.0,0.0,0.0,0.0,0.0010125626089781822,0.0,0.0,0.04521050002857012,0.0,0.0,0.0026330182868580044,0.0,0.0029655488125481383,0.19567973292310784,0.0013444290323027285,0.0,0.004241439109001642,0.009517750640818399,3.729162100839677e-10,0.002187949255354294,0.0,0.0,0.008972046559764666,0.0,6.552979120976678e-11,0.0,0.011759781070924843,4.645130885871022e-14,0.0,0.0,0.0,0.0028251217166682815,0.0,0.0,[14],"[21, 36]"
511,0.0,0.07259942949775945,0.0003422874257523028,0.0,0.0095638075455786,0.0,0.0,0.0,0.0,0.011060947676217452,0.0,0.0,0.0,0.0005205474502733467,0.0,0.0014937983760123555,0.05681723972176332,0.0009343247824554259,0.00024744357566097854,0.0,0.0012206675229111006,0.0,0.0,0.0005603236920042529,0.0022628256037960396,0.0,7.250679048720301e-05,0.0,0.0,0.0,0.0003140521272045193,0.0,0.0006389656870986089,2.9767461315735905e-17,0.0,[1],[20]
512,0.0,0.04781199800294648,0.0002881665836534518,0.0,0.006466449425741945,0.0,0.0,0.0,0.0,0.007331474544545567,0.0,3.42243374489665e-05,0.0,0.00023711257176978233,0.0,0.0008428516898929371,0.0,0.0005035746376864635,0.0,1.1032666273242327e-14,0.00048517795429573737,0.0,0.00011067602677098046,0.0001696072940987669,0.0,4.791078071029155e-11,0.00027321129707688554,0.00050886680054976,0.0,0.015526701953738377,9.805043320536912e-05,0.0,0.0009414761007111204,6.424891886622528e-16,0.0,[1],[20]
513,0.07271797018959182,0.0,0.0,0.0031748062896213305,0.10806520005708253,0.0,0.01119430961043402,0.0,0.007808708639873416,0.0,0.10695842212622823,0.0,0.004424768378686596,0.0,0.0069573199684476,0.0017091853109262407,0.0008753054993835768,0.0,0.0,8.197678507780567e-10,0.0002816194064443346,0.0,0.0005668257925281874,0.0,0.00019851846352386066,9.167728884037072e-12,0.003623407333081067,0.0,4.5095741374831906e-14,0.0007259343227823524,0.0,0.0,0.0,2.2720382473396827e-16,0.0,"[4, 10]",[30]
514,0.004910025527421595,0.0,0.006565700099126663,0.24635452232835517,0.0,0.0,0.00022938017923143493,0.0,0.005092595520530853,0.0,0.0,0.0,0.035118580868950366,0.0,0.009897653917568744,0.01615278144274774,0.0,0.002189895677569266,0.08643091811304923,0.0,0.0,0.0,0.002730651467913135,0.001921699361895793,0.015556843007611789,0.0,0.0008196798961037209,0.0,0.0,0.010416022568834999,0.006959007484568007,0.0,0.0007131050895273783,0.0,0.0012148270976882578,[3],[27]
515,0.0039027917819508366,0.0,0.005932537458016256,0.22074516369366456,0.0,0.0,0.00022172913052136964,0.0,0.003876510482978805,0.0,0.0,0.0,0.02947168897703449,0.0,0.0004439968225465065,0.014341054417839687,0.00465048994017222,0.0017454385013767016,0.07636274721491197,0.0,0.0,0.0,0.0012707070605912252,0.003741025557405885,0.02428513499778169,1.1171139966109426e-12,0.0005119117768847496,0.0,3.254314741612011e-15,0.022350179996274516,0.009510017807810595,0.0,0.003171112736128404,2.3533111379365846e-15,0.0,[3],"[27, 35]"
516,0.047129487589084036,0.0,0.0,0.0,0.0,0.0017924336713918353,0.0,0.0,0.0771209105495598,0.0,0.0,0.007162075746167711,0.0,0.0009616738763192225,0.0,0.0006952863138480469,0.0020152691983108596,0.0,0.0,3.7417170475283953e-10,0.0008378146397319125,0.0,0.004148980549032598,0.0,0.0,3.4742981031692355e-11,0.0016794120325807121,0.012734990552305795,2.1152029153143108e-14,0.0,0.0,0.0,0.0,7.450541649362592e-16,0.0037854795392678548,[8],[37]
517,0.0,0.07278336198658641,0.00043763144768763594,0.0,0.009932000424380426,0.0,0.0,0.0,0.0,0.011221818885677151,0.0,3.1214072410036175e-05,0.0,0.0001355808101237486,0.0,0.0012970217783930971,0.0,0.0006929317689425228,0.0,1.323249937460966e-11,0.0003045316627152864,0.0,0.0,0.0,0.0,0.0,1.2467339428997919e-05,0.0005353586404353946,4.0420238168654005e-16,0.003791839363644395,0.0003800280349287864,0.0,0.00016130168643376723,3.935001510501611e-16,0.0005819643258606987,[1],[20]
518,0.0234641610109286,0.0,0.0,0.0,0.0,0.0,0.13536944485612495,0.05448728336199685,0.01849688222776916,0.0836168633867898,0.0,0.252835112177497,0.0,0.1576226201799098,0.0012402048696002308,0.03611290487839699,0.0,0.0,0.08390865273644604,0.0,0.27320755147573095,0.0,0.039234085263939046,0.0,0.050955048306599963,6.638286736535259e-12,0.09867776124806116,0.0,0.0,0.0,0.0,0.04290129583356752,0.012848963843744147,5.193839279062232e-14,0.0,"[11, 20]","[15, 40]"
519,0.023845344657072866,0.0,0.0,0.003873762083012425,0.0,0.0,0.04345216019470217,0.1085174797391786,0.019230367292324815,0.07588582152269349,0.0,0.19296605547635107,0.0,0.6334542597188815,0.0,0.12257763903492655,0.0,0.0,0.07128768347356956,0.0,0.10411650550287953,0.0,0.10015968517895982,0.0,0.01947849318391869,2.215742178687577e-12,0.0,0.0,1.4803744660818633e-12,0.0,0.10623096588463248,0.08846963791987877,0.06341456150832571,0.0,0.0,[13],"[2, 10, 15, 40]"
520,0.03457076316397539,0.0,0.0,0.0,0.0,0.0006492179440447991,0.0,0.01475490129281454,0.051634452791463156,0.015351956183353357,0.0,0.0,0.15451266799874272,0.0,0.00650448211182995,0.0067953792558365185,0.004025297502004702,0.13014254307120776,0.022883843439246373,0.0,0.012802402685617666,0.0,0.02661530412385164,0.0,0.0,1.8843723248768808e-11,0.009523795562852261,0.0,0.0,0.0,0.018892367301254914,0.020691107443914527,0.0,0.0,0.0,[12],"[11, 37, 40]"
521,0.005998072055139773,0.0,0.0052288932383010335,0.21632791849790886,0.0,0.0,0.0,0.0,0.00782246004056731,0.0,0.0,0.0,0.026772667298040606,0.0,0.0,0.01470342326777127,0.0,0.0,0.07876095153882705,0.0,0.0,0.0,0.0012948721747398108,0.0050306249936422015,0.023830342008012293,0.0,0.0011147136242176997,0.0,0.0,0.009280761428489616,0.009390813981992019,0.0,0.0,2.4171813753581307e-15,0.0,[3],[27]
522,0.040486633413402306,0.0,0.0,0.003977017837280703,0.0,0.0,0.022522739382266652,0.0995530544404484,0.041205643730877844,0.09687437234067393,0.0,0.0,0.03324397485441068,0.003258770228854318,0.015423340836448354,0.012133870101683498,0.01700824718386783,0.0,0.021640598102222866,0.0,0.0,0.06643405920616405,0.0,0.0,0.0,0.0,0.0,0.0,4.795977349672666e-13,0.0,0.0,0.14728079629930516,0.0,0.0,0.0,[31],"[0, 40]"
523,0.031089759896005955,0.0,0.0,0.0,0.0,0.0013352941534610814,0.0,0.0,0.05138796556232666,0.0,0.0,0.003383476866813402,0.0,0.0009563091743438869,0.0,0.0,0.0,0.0010672784069095612,0.0,0.0,0.0029133155551604424,4.932361432391422e-06,0.0023546363336384986,0.002777465276142401,0.0,0.0,0.002234751179959322,0.0005462561683623971,1.740147295708039e-14,0.0024126249234478463,0.0,0.0,0.0,9.469182274470358e-16,0.010002974697767907,[8],[-1]
524,0.04295657150245677,0.0,0.0,0.0,0.0,0.0018555237505582536,0.0,0.0,0.07063885908653124,0.0,0.0,0.009356928165615045,0.0,0.0017723703835916857,0.0,0.00114628020693557,0.0,0.0,0.0,0.0,0.0010293052497581388,0.0,0.00016117197913241509,0.0,0.0,9.713401948785842e-12,0.00019368575909901387,0.022878473580369096,3.486616926069493e-14,0.003357354542480656,0.0,0.0,0.00041096323490735597,4.502207225955169e-16,0.0,[8],[37]
525,0.09318411792746129,0.0,0.0,0.0027994549478610833,0.12784777998244218,9.088453028610435e-05,0.013653388871910446,0.0,0.016219619224938666,0.0,0.13188310496411634,0.0,0.0036709509152696284,5.025591510146084e-05,0.00024129950550230467,0.003977050804482406,0.0008569319985200409,0.0,0.0,9.116887005366022e-10,0.001082126738480013,0.0,0.0025693594210619564,0.0002526893478426563,0.0,0.0,0.0,0.0,3.207423330488136e-14,0.00100561439765099,0.0,0.0,0.0,6.573226436074268e-16,0.0,"[4, 10]",[30]
526,0.02815559459621017,0.0,0.0,0.0,0.0,0.0005326109181513167,0.0,0.014566382172620608,0.04386747596739689,0.01552916598496578,0.0,0.0,0.12058381839984458,0.0,0.0372057277869283,0.007743382338384228,0.015054441066405915,0.0,0.028600059088561242,4.6159510317593776e-10,0.009991782779313224,0.0,0.020289869139004064,0.0,0.0,8.124833178028354e-12,0.014220310431467228,0.0,0.0,0.0,0.017046233550735607,0.02107805908854436,0.00012478512872265288,1.1732310009391266e-15,0.0,[12],"[11, 40]"
527,0.03810236068057242,0.0,0.0011556561943292774,0.0,0.0,0.0013925511896520008,0.0018151779308487124,0.0030552917829682015,0.05672922114219265,0.0,0.0,0.005339254923596585,0.0,0.0,0.0,0.0,0.0,0.05488239273312246,0.0,0.0,0.0001316261868848402,0.007850807425122742,0.0,0.0,0.0,0.0,0.001946234698061529,0.0037104578776242327,1.5085517638967725e-13,0.007610918436759147,0.0,0.0,0.007550934808701818,1.4017610627597167e-16,0.017668519362844585,"[8, 17]","[32, 34, 35]"
528,0.041473356125021475,0.0,0.08672344232306824,0.008630887080684596,0.0,0.0,0.0,0.0,0.031469194985623214,0.08953152093459561,0.0,0.0,0.0036877775075996387,0.021270909939217035,0.0,0.10195193620185002,0.0,0.0,0.0,1.7519356226843928e-10,0.013655604667596312,0.0,0.0,0.0,0.035259995552176286,2.1282790449553138e-11,0.0,0.0,0.0,0.0005063253362029725,0.15380091176396182,0.04354657058585603,0.0,0.0,0.04552517962597948,[30],[40]
529,0.04748359944103907,0.0,0.09391302923497018,0.011389647784947327,0.0,0.0,0.0,0.0,0.035777565654735534,0.11044339818958691,0.0,0.0,0.0,0.026178007939667715,0.0,0.057264532869308396,0.0,0.0,0.00016974479532168893,9.424334007098866e-11,0.021107242523333382,0.04187961622713841,0.0037102284798068742,0.0,0.05773240615252034,0.0,0.0,0.0,2.644932543673315e-12,0.0,0.08620737728099626,0.05659095566171522,0.008376835930691242,0.0,0.028342439880476064,[9],[40]
530,0.0,0.029669640390322032,0.0,0.0006722823395023673,0.003119373140933351,0.0006614850322043137,0.0,0.0,0.0,0.004207096638490739,0.0,0.0,0.0,0.0016430473843703091,0.0,0.0006309573666734953,0.19218243750562483,0.0016060691233799836,0.0,3.203841390646136e-10,0.002815262991753495,0.0,0.0,0.0022761936270309802,0.007710593002929418,0.0,0.0,0.0,3.2085193702381776e-14,0.0,0.0,0.0,0.0,0.0,0.0,[16],[20]
531,0.0,0.006450163303870041,0.00030719206499123334,0.058197349136378244,0.0,0.06981702778093414,0.0,0.006491242128802406,0.0,0.004452799493113448,0.0,0.0017819441792935522,0.0,0.010267393774698937,0.0,0.0,0.14953267273731918,0.0,0.0,0.0,0.004824322481910611,0.023650238077257527,0.0,0.005040720932237382,0.020802304407707483,0.0,0.0,0.00562493168311332,1.2722142533188025e-13,0.0,0.0,0.0,0.002621578187068681,1.4561209674096588e-14,0.0,[16],"[20, 31]"
532,0.0,0.01147134695393534,0.0007169055515344593,0.02450335440681133,0.0010143655866355445,0.0,0.0,0.0,0.0,5.391116330152283e-05,0.0,0.0,0.0040281431766004865,0.0,0.0006763726100260557,0.0018245050354670955,0.15487984313141523,0.0038525100534493794,0.007610508941200684,7.694686385788758e-12,0.001601568304661519,0.0,0.0,0.005239393256299076,0.010384917022543043,2.439344034295464e-12,0.0,0.0,0.0,0.5372708922238691,0.0,0.0,0.011781671460110554,0.0,0.0,[29],[-1]
533,0.03627105312412502,0.0,0.08035817922706626,0.009238475709113752,0.0,0.0,0.0,0.0,0.02656561192077397,0.08223030654992834,0.0,0.0,0.006666843276810397,0.0,0.023844191147534343,0.29031717090678943,0.00032332695776798816,0.0,0.0,2.1824155459597895e-10,0.0370803220414757,0.0,0.012168451035966702,0.0,0.015914219736135438,1.5187843610227523e-11,0.0,0.007924684192439461,2.551047183572017e-13,0.004683334081146343,0.0,0.011447966789169487,0.01858837245465288,2.321870695225722e-15,0.0,[15],[40]
534,0.0,0.034776231389767896,8.057781187172179e-05,0.0005529598184172618,0.0040705371357876675,0.0,0.0,0.0,0.0,0.0050974109029118635,0.0,0.0,0.00021315290021187277,0.0010181836137307127,0.0,0.0007255798486174565,0.11665538015580774,0.0023659551859760964,0.0,0.0,0.001986526152800329,0.0,0.0,0.002186483065315522,0.005103405905149966,0.0,0.0,0.0,7.56725298236938e-15,0.14400103926947072,0.0,0.0,0.003023694309444139,0.0,0.0,[29],[20]
535,0.028387611543833336,0.0,0.0006301069713876123,0.0,0.0,0.0004387063493721993,0.0,0.014417308088056462,0.044904947321326105,0.015566322744378547,0.0,0.0,0.175909285259645,0.0,0.040425641810769436,0.003468538523337466,0.013543543804086877,0.0,0.00947305697565006,0.0,0.023899798126374404,0.0010537389254714042,0.028169074918219152,0.0,0.0,5.7247998274043e-11,0.009631476819561361,0.0,1.0915799020118712e-13,0.003235223948824008,0.004798047307756998,0.015485435334423788,0.0,2.0886684420503453e-15,0.0,[12],"[11, 36, 40]"
536,0.039930369751774795,0.0,0.07821232372242196,0.010274603542383503,0.0,0.0,0.0,0.04638798090355066,0.02895235894059583,0.09209640279396776,0.0,0.026925426365033103,0.0,0.08131884935281153,0.0,0.0,0.003768325445720066,0.017624250662776605,0.002155865305088785,4.0134340305345454e-10,0.0,0.05617687066342125,0.0,0.018526375847239568,0.0,0.0,0.20157268990282168,0.0,0.0,0.002006824156053167,0.0,0.0,0.0,0.0,0.04531576600807133,[26],[40]
537,0.0,0.028727457693244817,5.5182554797059565e-05,0.0,0.003420201546429792,0.0,0.0,0.0,0.0,0.00419053901169271,0.0,0.00018917764257653013,0.0,0.00011867494674407151,0.0,0.0008386664210625706,0.0,0.00014810350939601383,0.0,0.0,0.0003173643755882335,0.0,0.0,0.0,0.0,0.0,0.0,0.00109621524932392,0.0,0.0,0.0002908448178225029,0.0,0.0006727478573600704,5.30503788143141e-16,0.0002575647945320381,[1],[20]
538,0.029222916810687918,0.0,0.047414471017793856,0.006660779433641794,0.0,0.0,0.0,0.001707119994559971,0.02087532542242264,0.07551421098910939,0.0,0.0,0.0,0.0,0.0,0.0,0.0,0.02551949140908739,0.0,2.15508731817964e-10,0.0006693941576165067,0.0,0.0,0.0,0.0,0.0,0.06989845861918724,0.044002718073437655,0.0,0.012301121140320389,0.11278041410144048,0.08493783497353091,0.0,0.0,0.0,[30],[40]
539,0.03450866571746874,0.0,0.07822161504167713,0.009021673558216654,0.0,0.0,0.0,0.0,0.024708357177503963,0.07776260104206166,0.0,0.0,0.0017481248298866952,0.0,0.02144279701316919,0.2457555627046315,0.0,0.0,0.0,1.248240501655346e-10,0.03453529650177982,0.0,0.003943239578528222,0.0014584449739832455,0.012913090498264916,0.0,0.0,0.013518562763334858,2.658991661531964e-13,0.004635510521635578,0.0,0.007989030763409647,0.07035199431790047,7.360334205811046e-16,0.0,[15],[40]
540,0.0,0.05438914415885401,0.0003320533248836666,0.0,0.0074455871265484645,0.0,0.0,0.0,0.0,0.008388143729072449,0.0,2.476261088334319e-05,0.0,0.0001224496547696344,0.0,0.0009611897733472709,0.0,0.0006004264507624273,0.0,0.0,0.0003100470139523727,0.0,0.0,0.0002743057351034618,0.0,0.0,0.0,0.0003232739057400665,2.4904253324803544e-15,0.0069329226239148,0.0002623894947365692,0.0,0.0002577326907011776,1.3971418592365906e-17,0.0,[1],[20]
541,0.034262711535313,0.0,0.002556588457705536,0.0,0.0,0.0007339345569934355,0.0,0.013706056367091976,0.053224406579479557,0.01861582498340096,0.0,0.0,0.175608751666544,0.0,0.0,0.0,0.0,0.0,0.01763919058529391,6.880839195932077e-10,0.02011253803069909,0.0,0.033274542065619715,0.23663090332868067,0.00021642409744759408,0.0,0.0037819903335469455,0.0,2.1480859755781828e-14,0.0,0.006175896777674903,0.015504960923765576,0.0,0.0,0.0,[23],"[11, 40]"
542,0.0,0.06433677290985856,0.0003687434238456858,0.0,0.008688521513591873,0.0,0.0,0.0,0.0,0.009861434433481793,0.0,0.0,0.0,0.0002453448479660883,0.0,0.0012244149776183646,0.0,0.0005758088350930002,0.0,0.0,0.0005025296752750602,0.0,0.0002606706587879953,0.0002839954384755493,0.0,2.804283134702904e-11,0.00010822588290434789,0.0007719363570876138,0.0,0.004699066708612284,0.0002042318516927961,0.0,0.00036949602456847776,1.209945711728692e-16,0.0,[1],[20]
543,0.0038116888171822734,0.0,0.006673744679365881,0.24379801982926697,0.0,0.0,0.0003502876040048229,0.0,0.003255782508793407,0.0,0.0,0.0,0.03198993577162228,0.0,0.0,0.016287268865922928,0.0,0.0020055950096254122,0.08537193454516138,4.1549639786766776e-10,0.0,0.0,0.0009610249835381067,0.004364064734365506,0.022090408747190034,6.6763428461617885e-12,0.0002189441484666797,0.0,0.0,0.052698752878459765,0.009624676864525,0.0,0.0012705494643123789,0.0,0.0,[3],[27]
544,0.030788536470200235,0.0,0.0,0.0,0.0,0.000752008947456586,0.0,0.0038151666299961555,0.04849018230624921,0.008959367788266198,0.0,0.0,0.04768202831522194,0.0,0.0,0.0,0.0,0.0,0.009441007469453684,3.680980265523752e-10,0.0,0.0,0.001560690101803538,0.028926610520923136,0.0863412118062389,6.920640259221989e-11,0.0,0.0,0.0,0.0,0.014376228265689945,0.00284395191530583,0.0020657214783496728,2.2449567690804874e-15,0.0,[24],"[37, 40]"
545,0.04197075899413215,0.0,0.0023875754710688457,0.0,0.0,0.0010295419194653458,0.0,0.016530065285466546,0.06449197902809868,0.022813708641582744,0.0,0.0,0.10696954035541105,0.0,0.012161678959268915,0.0,0.009575231011536046,0.0,0.030932280695396653,0.0,0.0009350665942754187,0.008002476984553213,0.014042994349976832,0.0,0.0,2.5212078896343536e-11,0.010766517306660776,0.0,0.0,0.0,0.005645968314446431,0.0233091413613126,0.0,0.0,0.03431477947917893,[12],"[11, 40]"
546,0.03317980419212981,0.0,0.0734037768081608,0.00801552133367893,0.0,0.0,0.0,0.012212932250520527,0.02238703499791982,0.0762326288107665,0.0,0.015554133566034214,0.0,0.027548020122543274,0.0,0.0,0.0023921417651098604,0.013949343765006008,0.03682694154226586,0.0,0.0,0.0,0.006479963777946762,0.0,0.0,7.649164963889634e-12,0.06152084410598904,0.0,2.1726774652068477e-12,0.0,0.04391717340543971,0.023676572717747705,0.060234367588434486,1.6672472242304756e-15,0.07743590611743284,"[2, 9, 34]",[40]
547,0.025757332653920443,0.0,0.005999777640385379,0.0,0.0,0.000361071239505709,0.0,0.010939285851129332,0.03684369116823989,0.02491120235899845,0.0,0.0,0.14077188864284748,0.00693000937615035,0.0,0.0,0.0,0.03633876247243415,0.0,4.035188631013299e-10,0.0,0.00537830681666059,0.018693211384570703,0.0,0.2021789456083337,0.0,0.0,0.014904059666090305,7.558046302851833e-15,0.0,0.01657799864133534,0.013827157829219477,0.0,3.607484465961503e-15,0.022544050052156036,[24],[40]
548,0.017435761701861844,0.0,0.001103656922282709,0.0,0.0,0.0004216171804650457,0.0,0.007718406023455455,0.02709442323080046,0.009852103355341141,0.0,0.0,0.08530055019105894,0.0,0.0,0.002746876888349383,0.002522360852879153,0.0,0.01683612874603246,0.0,0.00594278199454683,0.0,0.01766688334517543,0.0314779496756323,0.00938547038231637,4.1848275687816204e-11,0.011679985074458386,0.0,0.0,0.0,0.007964967939102834,0.009592362536678499,0.0038008814573704816,0.0,0.0,[12],[-1]
549,0.028723594491367552,0.0,0.0,0.0,0.0,0.001240486792256345,0.0,0.0,0.04926032916222728,0.0,0.0,0.0066532998080169135,0.0,0.00342710401917124,0.1869444711638589,0.0011597311877021518,0.0,0.0,0.005545342057278955,3.573076376580977e-10,0.0005852938653885353,0.0,0.0,0.011736340285137396,0.0035794011763265205,2.848735887575502e-13,0.0,0.020356562632771514,4.6762761826962864e-14,0.0,0.0,0.0,0.0,0.0,0.0,[14],[21]
550,0.027900973483829843,0.0,0.0,0.0,0.0,0.0011786049527938223,0.0,0.0,0.045512834632558515,0.0,0.0,0.005019447927801363,0.0,0.0015590372510476138,0.0,0.0004076824242041498,0.013087346109896054,0.0,0.0,3.653015690033401e-10,0.0014335113676103993,0.0,0.0007490614344030724,0.010372624045974345,0.0056234580934479556,1.4433005588849486e-11,0.0,0.013412700158213357,1.9278545626817598e-15,0.040287414086104485,0.0,0.0,0.0,1.4144564307171757e-15,0.0,[8],[-1]
551,0.02503393323417181,0.0,0.0,0.004545472031225077,0.0,0.0,0.015886914156357502,0.0476926059709057,0.02346260646598107,0.07591380173798777,0.0,0.05234496662097886,0.0,0.005253128291212738,0.0,0.0,0.0,0.020884683141071267,0.02642515701021321,0.0,0.27138894785248424,0.0,0.0,0.005220529140824481,0.02292815967040471,3.74786346487036e-12,0.07869575431017488,0.0,1.5311028518273373e-12,0.015797138492874275,0.3087515711776692,0.11638887624261902,0.0,1.528743083138929e-14,0.0639285169048941,[30],"[15, 40]"
552,0.012008036907871984,0.0,0.0,0.000954514649204127,0.0,0.0,0.04290849241471777,0.019356037826877965,0.01086882459205201,0.04299495108604342,0.0,0.15644165441198865,0.0,0.0,0.0,0.001092981351558751,0.0,0.0021668045188752813,0.051163096012154116,4.401082604635907e-10,0.494904062620358,0.02326593553048621,0.05349436771728163,0.0,0.03798314257420068,0.0,0.10469248680180586,0.0,0.0,0.0041121834327750035,0.21401684800603235,0.0398765814975769,0.01801947608774293,0.0,0.007939422502599528,[20],[40]
553,0.04616648362829053,0.0,0.09298009373529421,0.011192521927497624,0.0,0.0,0.0,0.0,0.03426434634918475,0.10736161136477892,0.0,0.011783082317767365,0.0025541134195602114,0.08211461122875811,0.0,0.0,0.0034331432331637475,0.01893704889223442,0.00962654378363952,0.0,0.0,0.03320384531492836,0.002358667481139137,0.01927869245863727,0.0007428022950695815,1.5257306427390248e-11,0.0,0.0,6.109112040195231e-13,0.00017089491305544572,0.0,0.04905916824591912,0.03483790582575834,8.19700290722236e-16,0.03886107812736196,[9],[40]
554,0.05151039032855267,0.0,0.11383823999771629,0.012447120117227624,0.0,0.0,0.0,0.0,0.03727815217049707,0.11649937844503715,0.0,0.0,0.007180188501293267,0.024498482559627333,0.0,0.20230016237198473,0.0,0.0,0.0,3.75493411887548e-10,0.001774002169888364,0.0,0.0019128036333891972,0.0,0.03964577204433172,0.0,0.0,0.0,0.0,0.002852590282488286,0.004292712534552379,0.03405037736151938,0.0,0.0,0.029740787508456955,[15],[40]
555,0.06387321305438,0.0,0.0,0.0,0.0,0.001677230982766851,0.0028339115318866477,0.0,0.0657183101548553,0.0,0.033285080207225516,0.00180028680656676,0.0,0.002046154219625644,0.0,0.00459614185065292,0.002972845028955219,0.0,0.0,0.0,0.0008696240009344787,0.0,0.0,0.009711459122386969,0.010422512937955255,3.048953355755253e-12,0.008688107481274196,0.010568198943150064,0.0,0.0,0.0,0.0,0.007043244688553449,0.0,0.0,"[0, 8]","[1, 34, 37]"
556,0.040373840180722195,0.0,0.0,0.0,0.0,0.0017162738334630247,0.0,0.0,0.06785227159215461,0.0,0.0,0.010935735380213332,0.0,0.002638386694473038,0.0,0.0003271922545090544,0.0,0.0,0.0,3.209634584277709e-10,0.0003057573560829014,0.0,0.0022188588606326587,0.0,0.0,2.7521195008415746e-11,0.0005076549300454049,0.025864467883357316,0.0,0.0044568456525432435,0.0,0.0,0.0,0.0,0.0076728147055455005,[8],"[0, 15, 37]"
557,0.04372187019842832,0.0,0.07449905772769144,0.010049281650420792,0.0,0.0,0.0,0.0,0.030066438826393888,0.0950306513809618,0.0,0.0,0.0,0.0,0.01930228147074365,0.0,0.0,0.0,0.0,0.0,0.011656731843839252,0.0,0.0,0.0,0.0,4.060329660397226e-12,0.0,0.05725815589520567,0.0,0.0,0.0,0.09306373410859209,0.0,0.0,0.0,"[9, 31]",[40]
558,0.0,0.023467954224686952,0.0001407912098126968,0.00025127995035252766,0.0022584962166237186,0.0,0.0,0.0,0.0,0.0035086495291251547,0.0,0.0,0.0038207672689145942,0.0021418289907223884,0.0,0.0001352783685138966,0.07204162922276298,0.0019545772424410563,0.0,0.0,0.001533605579810686,0.0,0.0,0.0013424794607762535,0.008556403313195864,4.6580756911636575e-12,0.0,0.0032999724085592827,2.530635032798661e-14,0.08456338999090687,0.0,0.0,0.0022111930356228555,0.0,0.0,[29],[-1]
559,0.02771268427258938,0.0,0.0,0.0,0.0,0.00039995654031355917,0.0,0.015388602274522456,0.04318425865568812,0.01586592501830911,0.0,0.0,0.12155477006954739,0.0,0.03364251264879754,0.00851085557536302,0.019660498044300145,0.0,0.030769766639731723,5.725833057416882e-10,0.008619330324904658,0.00709219888460184,0.01819956500991042,0.0,0.0,0.0,0.013829706271486024,0.0,0.0,0.0,0.016643987208333072,0.021157362392000872,0.0019246689339563403,1.8407766919338697e-15,0.08617361956599501,[12],[40]
560,0.0359354014569222,0.0,0.0,0.0,0.0,0.001383414959514364,0.0,0.0,0.05966987281113122,0.0,0.0,0.0,0.0032991649903584145,0.0,0.1441975915736095,0.0005766434703271451,0.0,0.03207221137907626,0.013864517653577976,0.0,0.006200329214497032,0.004648043563209806,0.0,0.0,0.0,1.2033971015918271e-12,0.0,0.0,8.334095428405264e-15,0.0,0.005890075397998969,0.0,0.00830788718436386,0.0,0.0,[14],"[21, 36]"
561,0.0461594761511273,0.0,0.0,0.0017380593700538198,0.06765966917817312,0.0,0.006903201186088377,0.0,0.005741686279478416,0.0,0.06741669421337626,0.0,0.003295154249787362,0.0013429894230905706,0.0,0.0027992264119085825,0.00041505755882609047,0.007220461533208601,0.0,0.0,0.0,0.002361735281614782,0.0005361197333126936,0.0021050567993835976,0.0003076647544867146,2.551097429256557e-11,0.0006553943738958759,0.0,2.6661623172415842e-14,0.0015332700288192428,0.0013827733306297665,0.0,0.0005370746747949925,0.0,0.0007194697531213646,"[4, 10]",[1]
562,0.09918884677221176,0.0,0.0,0.0037670070142325545,0.14464623779475222,0.0,0.014851584252824747,0.0,0.012658524915161918,0.0,0.14446361395578347,0.0,0.0062701969367244285,0.0017491006680942912,0.0037799194570849893,0.005099918981900304,0.001498006872269402,0.0,0.0,0.0,9.948816732106925e-05,0.0,0.0025762274815167886,0.0,0.0016151185100023871,0.0,0.0,0.0,0.0,0.00021891923911281598,0.0006123306917223398,0.0,0.0,8.696580928024106e-16,0.0,"[4, 10]",[1]
563,0.027994959570023167,0.0,0.0,0.0,0.0,0.0005703585039503343,0.0,0.012743923259232787,0.04432842712935918,0.013662425690665747,0.0,0.0,0.13838389951772662,0.0,0.021653952759734276,0.007546191723348514,0.01582816228335101,0.0,0.03166868732110866,0.0,0.013958727004244607,0.0,0.024126389377470595,0.0,0.0,5.362171591189309e-11,0.008699029349159013,0.0,4.247948933109937e-14,0.0,0.021857471463458032,0.016920902051941668,0.0,4.829475676584067e-16,0.0,[12],"[11, 37, 40]"
564,0.0,0.05203524268558297,0.00027595936482945033,0.0,0.007114128003645829,0.0,0.0,0.0,0.0,0.008034085645578394,0.0,1.24820022873812e-06,0.0,0.0,0.0005665877278913473,0.0010368102776997852,0.0,0.00047969918407748474,0.0007246568712372953,0.0,0.0,0.0,0.000828978091899677,1.1651546167869466e-05,0.0,1.5908930189667977e-11,0.0002735696946046235,0.0,0.0,0.0,0.00029680955412781,0.0,5.168966256651655e-05,0.0,0.0010034238744225134,[1],[20]
565,0.03434370036306701,0.0,0.0,0.0,0.0,0.0011921806085848428,0.0,0.0,0.05672158616439025,0.0,0.0,0.0024530365994133493,0.0,0.0,0.0838703437685303,0.0,0.0,0.03010777416502339,0.008311844987635172,0.0,0.0010939976276546518,0.010793440798928236,0.0,0.0,0.0,5.3778299837297756e-11,0.0,0.0,0.0,0.0,0.0,0.0,0.0,0.0,0.02485181276092851,[14],"[8, 37]"
566,0.025750620161814775,0.0,0.0,0.0,0.0,0.0008291599362643782,0.0,0.0,0.032968006747773365,0.0,0.0,0.0,0.00469718594923564,0.0,0.0,0.003358264582990259,0.0,0.2904083148773115,0.0,0.0,0.016455668914745605,0.006102890006035918,0.0,0.01554560108727675,0.0,4.774450859620568e-11,0.0025650603488259244,0.0,2.1591352685359555e-14,0.0,0.008698443872399769,0.0,0.0012274476608413595,0.0,0.0,[17],"[35, 41]"
567,0.03783471308217825,0.0,0.0,0.0,0.0,0.0017165832481836176,0.0,0.0,0.06239992948915388,0.0,0.0,0.009891262646869308,0.0,0.0020824875941728256,0.0,0.0018125973323444766,0.0,0.0,0.0,0.0,0.0007689339854565346,0.0,0.0013035904555460617,0.0,0.0,1.9551776216344327e-11,0.0,0.026252090065334494,0.0,0.009027599538926553,0.0,0.0,0.0,7.289943341082416e-16,0.0037269721166813164,[8],[37]
568,0.02598055855566347,0.0,0.0,0.03374109716342902,0.0,0.0,0.0,0.0,0.04273924345155111,0.0,0.0,0.0012648237782719254,0.0,0.0,0.0,0.0025097366093800606,0.0182166105364011,0.0,0.014197652004602719,2.851899054059635e-10,0.0,0.0,0.0,0.010923567880017977,0.041634526287220266,0.0,0.0,0.002513429425019621,0.0,0.0,0.005767978049934253,0.0,0.004465753001034265,0.0,0.0,"[8, 24]","[27, 37]"
569,0.014049325753559825,0.0,0.0036845318743571978,0.0,0.0,0.000304916530876622,0.0,0.004261227005365338,0.021031376503648697,0.009751560569810146,0.0,0.0,0.08868566710577669,0.011083334620729551,0.0,0.0,0.0,0.0,0.0,0.0,0.013154183629181623,0.0,0.016663840977041187,0.5238079460756228,0.0,0.0,0.0,0.0,3.479655305864973e-15,0.0,0.0022910375453988,0.0015089993570024276,0.00640883868485677,0.0,0.002061315756287393,[23],[35]
570,0.03717908604451929,0.0,0.0,0.0,0.0,0.0015492622627320581,0.0,0.0,0.06137397341472516,0.0,0.0,0.006059325280148306,0.0,0.000696108016305161,0.0,0.0005372379377676451,0.002968254104788852,0.006392811765907112,0.0,0.0,0.0041168761758397085,0.0,0.0018419863750398526,0.0,0.0,5.520615068252819e-11,0.0004140920196673389,0.008681438967858715,8.985889154124171e-15,0.009871103291665982,0.0,0.0,0.0,4.3078403856428734e-16,0.007081600683124757,[8],"[37, 39]"
571,0.0,0.024241882901653307,0.0001470083717954904,0.010876785628002558,0.0017495363365620268,0.0,0.0,0.0,0.0,0.002495404425865227,0.0,0.0,0.0008862811455872703,0.0012720238085841044,0.0,0.0013263594139444324,0.21867866434138586,0.0006178072362053393,0.0010642050513013305,5.489378843819167e-10,0.0034683441148116567,0.0,0.0,0.003252258197905072,0.008980739658770975,4.2177984152941116e-11,0.0,0.0,4.460616696890128e-14,0.0,0.00031041538904702835,0.0,0.0,0.0,0.0,[16],[20]
572,0.03247441182439721,0.0,0.0,0.0,0.0,0.0012509731661620972,0.0,0.0,0.05593117256968377,0.0,0.0,0.0043610768451758505,0.0,0.0009722100312417094,0.1982337113444079,0.0013461949815379032,0.0,0.0,0.01213323844137685,0.0,0.001552239709080387,0.001070671325721255,0.0,0.0,0.0,0.0,0.0,0.00014482940705725812,6.89730700223574e-14,0.0,0.0,0.0,0.0,0.0,0.03184687204434201,[14],"[21, 37]"
573,0.020509479171432806,0.0,0.0,0.0,0.0,0.0007696660551415924,0.0,0.0,0.028210905132395773,0.0,0.0,0.0,0.000951724475643707,0.0,0.0,0.002486457614142923,0.0,0.32820826422006416,0.0,4.853457167351641e-10,0.016667514949532437,0.0,0.0,0.020701574438228496,0.0,3.837001759965626e-11,0.0,0.0,9.356792066246744e-14,0.0,0.007544783063947082,0.0,0.0,0.0,0.008752381361175477,[17],"[35, 41]"
574,0.0,0.019330141640925048,1.1064875887374868e-05,0.002838796290412819,0.0020259777319005796,0.0,0.0,0.0,0.0,0.002613533401570672,0.0,0.0,0.0007052062442391172,0.0008364649743169358,0.0,0.0006282526294134132,0.13297567849502953,0.00200684545672875,0.00026632750066862853,8.045177512536601e-11,0.002068019580346458,0.0,0.0,0.0011507135559661516,0.006017548390418774,0.0,0.0,0.0,4.117058149863994e-14,0.12147974871754388,0.0,0.0,0.0016987583814663822,0.0,0.0,"[16, 29]",[35]
575,0.09263727467369808,0.0,0.0,0.003789752616145193,0.1364072035995793,0.0,0.014085325101886974,0.0,0.010841890662151627,0.0,0.13562606139291497,0.0,0.005607972061886234,0.00039152451423542055,0.006473855433860247,0.0032798478284400924,0.0010301963751825555,0.0,0.0,3.5622096677106296e-10,0.0005382430265637086,0.0,0.0016625035496304985,0.0,0.00016408775673983796,0.0,0.002841256667667616,0.0,5.6739982030832833e-14,0.0,0.0,0.0,0.0,4.615443447161541e-16,0.0,"[4, 10]",[1]
576,0.016333126080530603,0.0,0.0,0.0,0.0,0.00043225413328596503,0.0,0.003625616488707342,0.027078353515761433,0.003909387206611063,0.0,0.0,0.04596991541229619,0.0,0.008959949603927946,0.0027710710856150935,0.01047176490229387,0.0,0.01647914585398234,4.5839086740327466e-10,0.007705698366210505,0.006754819977419672,0.003206898633117409,0.0,0.0,0.0,0.0,0.0,5.0395222467047725e-14,0.01339775031753158,0.012467287360771705,0.0025492853325493853,0.0,1.3759975957423348e-15,0.23875655511183053,[34],"[7, 18, 35]"
577,0.028578490127519066,0.0,0.0,0.0,0.0,0.0009801620785646389,0.0,0.0,0.04880058463727833,0.0,0.0,0.0008838056905262045,0.0,0.007926270874743697,0.1825528242846966,0.0,0.0,0.004286418193687179,0.0038456082165825543,0.0,0.0014890394985935596,0.0,0.0,0.00890497816666462,0.0,0.0,0.0,0.03753902087848044,8.580425075863476e-14,0.0,0.0,0.0,0.0022218949928194823,0.0,0.0,[14],"[21, 36]"
578,0.018951789819868173,0.0,0.0,0.0,0.0,0.000847406957168251,0.0,0.0,0.03175687412557765,0.0,0.0,0.0018995121199812364,0.0,0.0,0.0,0.0003919822736335173,0.0,0.00012037940264550103,0.0,6.364391561447871e-10,0.003181037499663689,0.0,0.0,0.0,0.0,0.0,0.0,0.0,3.735923423656432e-14,0.01324744181105049,0.00023004916784859867,0.0,0.002630257250409542,0.0,0.02643693359123702,[8],"[7, 35]"
579,0.0380835393341838,0.0,0.08517612984080222,0.01002797758493346,0.0,0.0,0.0,0.0,0.027026381595145473,0.08742522071412706,0.0,0.0,0.0,0.0,0.029271855194458612,0.25443778856399185,0.0002787188735008296,0.0,0.0,0.0,0.04013226655724656,0.0,0.002119360579805177,0.0,0.022414694446039097,2.0488825133359566e-11,0.04027943170736652,0.029920879982354494,0.0,0.007960583271731042,0.0,0.018164961744290317,0.017866511599770152,0.0,0.0,[15],[40]
580,0.02082132224894127,0.0,0.0,0.0,0.0,0.0007358471866381193,0.0,0.0,0.03329644803456504,0.0,0.0,0.0024755305259378468,0.0,0.0,0.0,0.0,0.0,0.01009772427190778,0.0,0.0,0.0,0.0,0.0,0.0,0.0023339041369631885,1.4148097906216645e-11,0.0,0.0,0.0,0.0063865547441373195,0.0,0.0,0.003139262888595038,0.0,0.03054408723343515,"[8, 34]","[32, 35]"
581,0.08587402218325886,0.0,0.0,0.0035952829763175606,0.12651498444618206,0.0,0.013135708273141531,0.0,0.00988816885177115,0.0,0.12575834325349133,0.0,0.004768336596324338,0.0,0.008557409205688631,0.00195512958346061,0.000661500123842214,0.0,0.0,0.0,0.0013061397921787466,0.0,0.0004675149136283502,0.0,0.0,9.170622615713541e-12,0.0,0.0,2.3361047081981576e-14,0.0,0.0,0.0,0.0,1.8750792075072736e-16,0.0,"[4, 10]",[30]
582,0.07127542013258492,0.0,0.0,0.0021968231669028007,0.09596978287294627,7.060276503356975e-05,0.010550006742947142,0.00016135344755201616,0.013034069569607168,0.0,0.10025377313617702,0.0,0.0019421102783329118,0.001476303160801168,0.0,0.0003820444863284094,0.0006988368267427385,0.0,0.0,0.0,0.0,0.05058031397195453,0.0,0.0034757391021526135,0.0,1.0136692966431977e-12,0.008995136051267462,0.0,0.0,0.0029681505921846977,0.0,0.0,0.0,1.6602532880432695e-15,0.0,"[4, 10]","[1, 41]"
583,0.09188342319467227,0.0,0.0,0.0037682098596786293,0.1352974962504274,0.0,0.013980431312447838,0.0,0.01074037518629092,0.0,0.13453440521090845,0.0,0.005370391159767182,0.0002390980205745896,0.006904244399425628,0.0032031202501502636,0.001119318490865054,0.0,0.0,0.0,0.0004059428163852979,0.0,0.00011084382537167553,0.0,0.0,0.0,0.0018401029389015467,0.0,1.748668239799154e-14,0.0006983679047236049,0.0,0.0,0.0,9.330256444624023e-17,0.0,"[4, 10]",[1]
584,0.0,0.045543024080367596,9.974821600159997e-05,0.0,0.005655491270835305,0.0,0.0,0.0,0.0,0.006803157097055656,0.0,0.0002469743850645008,0.0,0.0001739460489162484,0.0,0.0010438011700333657,0.0,0.0,0.0,1.0809317130038137e-10,0.000377521758843251,0.0,0.0008500976312651029,0.0,0.0,0.0,0.0004565344145989749,0.0007958024457559579,5.861625926248134e-16,0.014917750340714683,0.0,0.0,0.0005865468377929688,3.6479269477605217e-16,0.0008880155715226855,[1],[20]
585,0.0,0.018713891802098682,0.0,0.0016275662993229282,0.0,0.0,0.0,0.0,0.0,0.0018939935981430876,0.0,0.0,0.0026871710557725124,0.0020405587688037134,0.007485832919257187,0.0011151248383728992,0.11536051939082403,0.004469337931315002,0.0,2.3800406557873944e-11,0.0028293528367789615,0.0,0.0,0.008584572233042296,0.00997991836131068,2.850183593906545e-11,0.0,0.001790283656761855,3.080141727906832e-14,0.38335899390492656,0.0,0.0,0.011493281422496681,0.0,0.0,[29],[20]
586,0.03934404674038502,0.0,0.0,0.0,0.0,0.0016536091427907602,0.0,0.0,0.06424040356304951,0.0,0.0,0.0010727245807884954,0.0,0.001992119125404433,0.0,0.0,0.00768359596639984,0.0,0.0,0.0,0.004788249982050803,0.0,0.0,0.06645902485016676,0.0,0.0,0.0,0.00013879526652756433,4.358041967197367e-14,0.03764130509417226,0.0,0.0,0.007685737051298929,0.0,0.0015734296360114916,"[8, 23]",[31]
587,0.029403134563515135,0.0,0.07188150618444318,0.011311347099059059,0.0,0.0006041587042940077,0.0,0.23601795266416606,0.014810522661859931,0.06309591850647128,0.0,0.06390995144974969,0.0,0.08527156686600226,0.06080028966854425,0.0,0.0,0.009734612718124083,0.0,4.6380899427986777e-10,0.0,0.010506651696605808,0.004608626070584848,0.016014189262302924,0.008767849648357777,0.0,0.0,0.0,0.0,0.0026038727334641056,0.0,0.0,0.0,0.0,0.0,[7],[35]
588,0.003919720604845157,0.0,0.006740214601740737,0.24392378557148311,0.0,0.0,0.000328857024911678,0.0,0.0033893903556215833,0.0,0.0,0.0,0.03537268175857639,0.0,0.0,0.015892657842603138,0.0,0.0015622086581417458,0.08350503161511474,0.0,0.0,0.0,0.002759164699219402,0.001166409524209384,0.014594740818617368,0.0,0.0004581152469633096,0.0,0.0,0.006220830966219145,0.006645112806783072,0.0,0.0015030767506209876,0.0,0.0018599104638355078,[3],[27]
589,0.0038927453923666253,0.0,0.006551705988506244,0.23644313901131142,0.0,0.0,0.0003048744048278052,0.0,0.0034104600761539297,0.0,0.0,0.0,0.0345013068280626,0.0,0.0,0.015438756419158425,0.0,0.0018000974137289552,0.08200315723678459,0.0,0.0,0.0,0.0015968861760288335,0.0,0.01243253613933553,1.9029579116653906e-11,9.933467986120665e-05,0.0,0.0,0.0,0.005633668631847594,0.0,0.003116052132015234,3.980019375723161e-18,0.012163938903827191,[3],[27]
590,0.02980604413011503,0.0,0.0,0.0,0.0,0.000793950879330285,0.0013464705510741683,0.0,0.031046970341544987,0.0,0.015193333981457701,0.001983652256823192,0.0,0.0,0.0,0.0024420338423023964,0.0,0.00789002948128898,0.0,0.0,0.0,0.0,0.0,0.004738861013713792,0.018869099023693946,4.156275726916182e-11,0.0,0.005512458055451806,5.428114896073529e-14,0.0,0.0014214749700561858,0.0,0.0031097982112072717,1.2914891864946401e-15,0.002007921492304941,"[0, 8]","[1, 37]"
591,0.0,0.023723904782041998,0.0,0.0014358097076196516,0.0017344342158984753,0.0007332360174943686,0.0,0.0,0.0,0.0029693124726623264,0.0,0.0,0.0,0.00210925989052601,0.0,0.0007401623668899292,0.2520074495592396,0.0011252400966148012,0.0,2.7636553456798197e-11,0.003818601585449607,0.0,0.0,0.003813433619319625,0.010063922828976422,0.0,0.0,0.0,3.7658841414088546e-14,0.0,0.00011718832379197559,0.0,0.0,0.0,0.0,[16],[20]
592,0.0,0.029484491153191687,0.0,0.0030505800075384506,0.0015166450864910067,0.002934346328376978,0.0,0.0,0.0,0.0035157075421003133,0.0,0.00021215951924458495,0.0,0.0027697072227923056,6.524469437894658e-05,0.0008509192871396622,0.24526991713822885,0.0,0.0,0.0,0.004185730928166956,0.0,0.0,0.004051796442713719,0.01159617876625677,0.0,0.0,0.0,1.7578708169742692e-14,0.0,0.0,0.0,0.0,0.0,0.0,[16],[20]
593,0.06852161870689935,0.0,0.0,0.0021564286472211262,0.09434154939156317,4.784555373653215e-05,0.01018757364269733,0.0,0.011586182639930423,0.0,0.0973715987696937,0.0,0.002533477209319075,0.0,0.0,0.0021539455278296363,0.0,0.012400678708811532,0.0,5.889976061869994e-10,0.0016496972671506446,0.004445838254085619,0.0010929677979204468,0.0,0.0,0.0,0.0028140262430675737,0.0,4.773681743106345e-14,0.0026681870185498876,0.0,0.0,0.0,2.743890350416859e-16,0.0012369327459105712,"[4, 10]",[1]
594,0.07821978373913933,0.0,0.0,0.0032798919407414414,0.11497601394917097,0.0,0.011985691470459928,0.0,0.009110673838750676,0.0,0.1144719178511435,0.0,0.004168152117944454,0.0,0.007763753128720514,0.0016394642125581948,0.0007574607542230244,0.0,0.0,0.0,0.0007896541524583027,0.0,0.0,0.0,0.0,3.8123472652882647e-11,5.130860335821903e-05,3.698569985726474e-05,3.3233634265355867e-14,0.0001453822286797964,0.0,0.0,0.0,0.0,0.0,"[4, 10]",[1]
595,0.04031396639787929,0.0,0.07033581387166232,0.009542061265742828,0.0,0.0,0.0,0.0,0.027190523166509155,0.08969964857468729,0.0,0.0,0.0,0.0,0.023616054249361668,0.011424611178499307,0.0019449872804811325,0.0,0.0,0.0,0.010649283333946652,0.0,0.0,0.0,0.0,0.0,0.08557198177178041,0.05161603638998186,1.5160546728948e-12,0.0,0.0,0.07826855870665446,0.0,1.7596759651157728e-15,0.0,"[9, 26]",[40]
596,0.03152616455086987,0.0,0.04007777490810643,0.006403655153632543,0.0,0.0,0.0,0.016533331776354198,0.025398987300574785,0.07383770110039863,0.0,0.0,0.0,0.0,0.005563497894237054,0.0,0.003340356709497633,0.0,0.00783456689674762,2.943063570796691e-10,0.0006615656493063899,0.07506948841386084,0.0,0.010473944168351962,0.0,1.789591916460781e-11,0.0,0.024137025221763312,9.501737561556559e-13,0.0,0.0,0.08099021565900769,0.05159454435634042,7.035580964503963e-15,0.0,"[9, 21, 31]",[40]
597,0.03281869586143144,0.0,0.05942164717452912,0.008222516493957291,0.0,0.0,0.0,0.022462201388639327,0.024141506322778398,0.0826269151762287,0.0,0.02967835850390511,0.0,0.09138811043496665,0.0,0.0,0.003183886544879844,0.040077463936686104,0.0,2.7095856428078034e-10,0.0,0.02969455199059661,0.008017909667530985,0.009688992067037064,0.0,2.5001654589196278e-11,0.0,0.0,0.0,0.0023720690787731075,0.0,0.0471852248920744,0.0,0.0,0.043979397997988945,"[9, 13]","[35, 40]"
598,0.031616706272156396,0.0,0.05153804057943359,0.0077959822362861,0.0,0.0,0.0,0.0,0.02292346680173363,0.07956324499345277,0.0,0.0032788970727308125,0.0,0.0,0.003281969201495763,0.0,0.0,0.0,0.006673527749259097,0.0,0.029599701111606456,0.04878550522622305,0.0,0.019124903972326333,0.0,3.133927516232541e-11,0.443159115253442,0.030969595863031843,0.0,0.0,0.024056457916524165,0.057419050011723004,0.0,3.359331967102054e-15,0.0,[26],[40]
599,0.04139184929965619,0.0,0.08879747625632957,0.009769239324569657,0.0,0.0,0.0,0.0,0.028902799443065185,0.09644939819270944,0.0,0.020694774138592924,0.0,0.08656397844523288,0.0,0.0,0.004966767357048212,0.03411133453678921,0.009582012074973448,0.0,0.0,0.007490370050079157,0.00936798632840496,0.005618759620668542,0.0,3.103614130184364e-12,0.0,0.0,4.2772389209304707e-13,0.0,0.0,0.047010450108123235,0.007699361228140279,1.4154134644876715e-15,0.02807815059998681,"[2, 9]",[40]
600,0.0,0.022663858757251496,0.0,0.00033975128991626364,0.001780266247305454,0.00023450419156649597,0.0,0.0,0.0,0.0032112401617751464,0.0,0.0,0.0033534113683588913,0.002169142890262623,0.0,0.00040465037034319903,0.1372308561562731,0.0032095962223883303,0.0,0.0,0.0023856742198996588,0.0,0.0,0.0,0.009045024937371521,2.6976128297280777e-11,0.0,0.0012206516281226447,4.382334898886112e-14,0.0,0.0,0.0,0.0,0.0,0.0029958911004725228,[16],[-1]
601,0.025654004957254766,0.0,0.0,0.0,0.0,0.0006902011357299299,0.0,0.0032200242321389063,0.04062373117872441,0.008213714287927866,0.0,0.0028605211052135596,0.046873537493161636,0.0,0.0,0.0,0.0,0.0,0.0063977359139193515,1.43656056431194e-10,0.0,0.0016777342607198933,0.011277834729549364,0.002682961290351085,0.10064769848777042,0.0,0.002318924027265233,0.0,0.0,0.0,0.011953659207475533,0.0009361291625855208,0.0032046110859143885,5.568263576358689e-15,0.019004354989493284,[24],[40]
602,0.012102943440076038,0.0,0.004199417666299244,0.004001958109819124,0.0,0.0,0.0,0.0035005565338636436,0.018244122178140518,0.009178196320088622,0.0,0.0,0.15178215706749643,0.07913211907801646,0.05589519846600573,0.0,0.05179696207935045,0.0,0.0,0.0,0.010468982473747446,0.009002938472110894,0.025723337670484528,0.005741445125349914,0.0,2.7544136690470242e-11,0.008387319336186807,0.37833248172741,1.3711418323518101e-14,0.025898901255272555,0.008963337563696085,0.0,0.0,3.6827090207943344e-15,0.08901120054342564,[27],[44]
603,0.07554399756079641,0.0,0.0,0.0019211225962170177,0.10167520674865495,0.00014276381152810574,0.010858682486716027,0.0,0.014485126676747138,0.0,0.10611070634247263,0.0,0.003161119493260007,0.0012787476229972757,0.0,0.004985859699116946,0.0008186407683644134,0.0,0.0,0.0,0.0,3.957327403615344e-05,0.00257835410127798,0.0023249741623933857,0.0023239144326172383,0.0,0.0,0.0,3.0720463941343615e-14,0.0023566118278280784,0.000613055135890399,0.0,0.0,2.584906484495207e-16,0.0004569113941690466,"[4, 10]",[1]
604,0.013435080874807886,0.0,0.0,0.0,0.0,0.0005591647945604942,0.0,0.0,0.022655216915570854,0.0,0.0,0.0010654220294370289,0.0,0.0,0.03261833804332833,0.0,0.0,0.0,0.003500329583961688,1.352213717119363e-09,0.0002244170067698053,0.0014816889005096056,0.0,0.0,0.0,0.0,0.0,0.0,5.652963437850051e-15,0.0,0.0,0.0,0.0034584932158610643,0.0,0.026813535156384172,[14],"[21, 35]"
605,0.012618290657121228,0.0,0.0,0.0,0.0,0.0005437834449528494,0.0,0.0,0.021388943017427255,0.0,0.0,0.002813445943782082,0.0,0.0008572297380404376,0.03173901754002642,0.0,0.0,0.0,0.001175740787961213,0.0,0.00013511575252907052,0.0018484241693903266,0.0,0.0,0.0,1.0420489886048678e-11,0.0,0.0028568358148520737,0.0,0.0,0.0,0.0,0.0,0.0,0.025355782379718205,[14],"[21, 35]"
606,0.050534026059992576,0.0,0.08931656109425543,0.011477211674974364,0.0,0.0,0.0,0.0,0.038887363021877897,0.11977269260941702,0.0,0.0030920658831035293,0.0,0.02809377599150853,0.0,0.0,0.0,0.0025059254355108158,0.010573400785579643,0.0,0.021821764348887773,0.0,0.004927262150107044,0.001781674574210312,0.03315030312381464,1.2570418102724622e-11,0.04207601000780839,0.0,7.325412214671854e-14,0.0024511566040142526,0.1444093263612647,0.08990694698921231,0.013192206305462235,0.0,0.028113249969257747,[30],"[15, 40]"
607,0.004926200144246404,0.0,0.006159299742288091,0.23773252223737312,0.0,0.0,0.0004289973970023296,0.0,0.005133636549642685,0.0,0.0,0.0,0.04363117910854637,0.0,0.0,0.015419504130439776,0.0,0.0001003674638822053,0.0866213300954818,3.7637317178910576e-10,0.0,0.0,0.003926806519779556,0.0,0.009589962393606499,0.0,0.0013376096041624187,0.0,0.0,0.0,0.007740720650435596,0.0,0.0,1.5387271301744785e-15,0.0,[3],[27]
608,0.031077324755994926,0.0,0.0,0.0,0.0,0.0009380859312666075,0.0,0.006292957830925395,0.048904864281482836,0.011470822755266378,0.0,0.0,0.06687992479120465,0.0,0.0,0.0,0.0,0.0,0.0025026545274790556,0.0,0.0,0.007301287478727189,0.009957942760762879,0.014997173550828065,0.10735998046778678,2.6495149257574495e-11,0.006860139886610034,0.0,0.0,0.0,0.004561193903509903,0.0031550177288607564,0.0,5.3661453156486416e-15,0.019103005641488927,[24],"[37, 40]"
609,0.0,0.02421347293992142,0.0,0.001118091184884893,0.0019126775780897124,0.0004236795823761106,0.0,0.0,0.0,0.0031342591740282032,0.0,0.0,0.0,0.0017978079314989602,0.0,0.0006975514582070116,0.20372311621347253,0.0007358078663042628,0.0,0.0,0.003108500191602269,0.0,0.0,0.0032578183060473207,0.008471342113840057,0.0,0.0,0.0,1.9523374067036374e-14,0.0,0.00014328525672872196,0.0,0.0,8.588663139876839e-16,0.0,[16],[-1]
610,0.034899681810247364,0.0,0.046972968477430814,0.0076143388140691125,0.0,0.0,0.0,0.009887299791729502,0.02593531745106982,0.08499999900108035,0.0,0.0,0.0,0.0,0.02234685146023825,0.0,0.0002876555940859294,0.0,0.0,2.912031327996676e-10,0.0,0.0,0.006582785983978231,0.014013674876132892,0.0,0.0,0.0,0.11952697418164523,1.065813318700316e-12,9.49610656093089e-05,0.013018514778661772,0.11438073814163231,0.05155895511730504,4.696489301442052e-15,0.13898439213887304,[34],"[10, 15, 40]"
611,0.07810244150283734,0.0,0.0,0.002996471800179005,0.11418377691454622,0.0,0.011741311190987569,0.0,0.00976319828646317,0.0,0.11387655361956403,0.0,0.004360703516818526,0.0007633941653064425,0.0052254336439321245,0.003481337496456735,0.0007754308591288735,0.0,0.0,0.0,0.0009442504837003662,0.0,0.0,0.0,0.0,2.4740147354678013e-11,0.0,0.0,0.0,0.0009640329935909399,0.0,0.0,0.00023229321638269397,0.0,0.001662942649663039,"[4, 10]",[1]
612,0.036015839760667516,0.0,0.07791535920961633,0.009280812975223198,0.0,1.0959442647843648e-05,0.0,0.0,0.024418040202889433,0.07247322634052815,0.0,0.0,0.0064604543018785005,0.0,0.024164007388234137,0.27140693810780536,0.0,0.0,0.025695366466144183,0.0,0.04444125787137405,0.0017394983034917466,0.016237184816833675,0.004176274732497273,0.016086523673435858,0.0,0.0014642849770746815,0.02210032667459192,9.952631370675111e-14,0.006680744594214382,0.0,0.0,0.015259502301320829,3.973776283587736e-15,0.0,[15],"[35, 40]"
613,0.029293737354146917,0.0,0.03337154219814036,0.006544379452103967,0.0,0.0,0.0,0.027357392166026354,0.019752825409135037,0.06051025256640537,0.003107939337210711,0.0036321252384766433,0.0,0.0,0.0,0.0,0.00036344074650856723,0.0,0.0,0.0,0.0,0.1136454676446257,0.0003341908481953925,0.02364524741290661,0.0,0.0,0.0,0.024159669861481037,1.057059244424207e-12,0.0031942672938339773,0.0,0.06752164451047475,0.1119302078026772,1.379692599710421e-14,0.10087788032728999,"[21, 32]","[35, 40]"
614,0.023809574599604085,0.0,0.0,0.0,0.0,0.00043623389702386486,0.0,0.013596697028901657,0.037731896931197,0.012456533003813483,0.0,0.0,0.11175148526712461,0.0,0.05547381860731631,0.008735408916055022,0.02007589354210399,0.0,0.03014131885587836,0.0,0.011801758800948135,0.010988096380695466,0.01830343734616041,0.0,0.0,7.049802210438395e-12,0.011028100505947262,0.0,0.0,0.0024375578194692914,0.020460557276049555,0.017544783971124224,0.004524123980851726,3.2815815585584696e-15,0.19375793617336023,[34],[40]
615,0.02501479338562776,0.0,0.0,0.0,0.0,0.0007197473980130582,0.0012212283173409976,0.0,0.026077800021992645,0.0,0.013002636416469437,0.0,0.011148257154611468,0.0,0.0,0.004028337101839422,0.0,0.313108383833451,0.0,2.054937050351673e-09,0.017632693890719735,0.0,0.0,0.01988135139522655,0.0,1.2539613979207543e-12,0.005769622296695398,0.0,7.87166337120396e-14,0.0,0.010853787572666687,0.0,0.0,0.0,0.0,[17],"[4, 35, 41]"
616,0.03570744145290646,0.0,0.0,0.0,0.011766768368496713,0.0007241863338315844,0.0033351494607574677,0.0,0.02723839306223603,0.0,0.03227923893546888,0.0,0.005907765057706049,0.0,0.0,0.004360313858168258,0.0,0.2918325679318882,0.0,3.381330883303391e-10,0.016466359309442707,0.0,0.0,0.015619663395865365,0.0,0.0,0.00443300868741464,0.0,3.059550920686713e-14,0.0,0.00797879117335642,0.0,0.0,0.0,0.011733607232386513,[17],"[35, 41]"
617,0.01288816700970908,0.0,0.0,0.0,0.0,0.0005392488763077087,0.0,0.0,0.02243682521472963,0.0,0.0,0.001694105625148006,0.0,0.0015243147286817613,0.14101135021644998,0.0012350101969754587,0.0,0.0033137586887421796,0.007341015353884534,0.0,0.001478753877594709,0.0,0.0,0.008155896743808042,0.0,0.0,0.0,0.004655185187485214,1.9311835230135146e-14,0.007694050866068069,0.0,0.0,0.0,0.0,0.0,[14],"[21, 35]"
618,0.0386009395670868,0.0,0.0,0.0017595372350691163,0.05852488740511246,0.0,0.005934570433204006,0.0,0.003578515470783584,0.0,0.0572468722651694,0.0,0.0025670473236132107,0.0,0.006005577681109719,0.0009229445863545174,0.0004190046609717824,0.0,0.0,0.0,0.0005741255561176359,0.0,0.0,0.0,0.0,1.854444881694605e-11,0.0,0.0,0.0,0.0,0.0,0.0,0.0005099627493775112,0.0,0.0,"[4, 10]",[1]
619,0.006598533984888156,0.0,1.6830599386932814e-05,0.047014333706042806,0.0,0.0,0.0,0.0,0.01282587542468709,0.0002215096593289382,0.0,0.0,0.012538425781892999,0.0,0.02833166201144686,0.0,0.07685631306719433,0.002176429050832614,0.010182433048398574,2.2397747827093612e-10,0.0,0.00796418674584985,0.0,0.0018004695857734938,0.03982702602480367,1.4226389042100878e-11,0.0,0.0014149667398008767,0.0,0.14871983918222215,0.005765016594041563,0.0,0.0,0.0,0.0006288681595648041,[29],[-1]
620,0.013962222659679974,0.0,0.0,0.0,0.0,0.00037173149308347133,0.0,0.00759928574215396,0.022467622835465904,0.006180740918535358,0.0,0.0,0.07176977312697047,0.0,0.044486727796203065,0.00614122077402022,0.017343921917142596,0.0,0.022761558136863588,0.0,0.010703379145123848,0.011048821632739424,0.010367592935986748,0.0,0.0,0.0,0.0009359331984523851,0.0,3.030632798858198e-14,0.008597185252677626,0.019239964415317348,0.009182229023176803,0.0,3.1377318085407095e-16,0.33620909338275734,[34],[40]
621,0.05063391501366797,0.0,0.08852370603212248,0.010784340973538326,0.0,0.0,0.0,0.0,0.039031620370094416,0.11535486337809088,0.0,0.0,0.0,0.0,0.0023486020896748266,0.0,0.0003828673499113531,0.005341739404950662,0.037344290209803184,0.0,0.0,0.0,0.0,0.0,0.0,4.19643638418916e-11,0.02038996592535081,0.0217159081654267,0.0,0.004739045108739094,0.0,0.09108525786206363,0.0,1.044073186314183e-15,0.007189433855059198,[9],[-1]
622,0.02496390256469636,0.0,0.0,0.0,0.0,0.0010802945728247107,0.0,0.0,0.04170741201526605,0.0,0.0,0.0004852176694778391,0.0,0.0,0.0,0.0018233235659130564,0.002398894271653284,0.0,0.0,0.0,0.0036868398887760175,0.0,0.0,0.0,0.0,1.51464048158456e-11,0.0,0.0,2.4198427725683032e-14,0.0015248528146745617,0.0036180685160719346,0.0,0.0027620151225450904,0.0,0.0471848112370246,[34],[-1]
623,0.021381643420311482,0.0,0.004074342196593978,0.0,0.0,0.0001284194367265305,0.0,0.009296366595371676,0.03044961379638732,0.020602794348093933,0.0,0.0,0.0951450646496761,0.0,0.0,0.00013196965611412227,0.0,0.0,0.006911988729197067,7.49896013789712e-11,0.0,0.0,0.013744574983933918,0.012189163274891699,0.14425439110749244,0.0,0.03699277785936983,0.0,3.303444955540997e-13,0.0,0.008646323761822984,0.012923450112910573,0.0,2.7621118336395947e-15,0.013228117703511918,[24],"[11, 40]"
624,0.019571275525106152,0.0,0.05336351824472491,0.008217995170040517,0.0,0.0007318037657558647,0.0,0.18688659620168854,0.008621215679926209,0.03846559848533374,0.0006577578630715919,0.04441643511056461,0.0,0.0,0.0,0.0,0.0004064299406762696,0.020634912292737867,0.3609358907380058,4.533036773269183e-11,0.0,0.0,0.0,0.019970723494477857,0.0,0.0,0.0,0.08903350876581494,0.0,0.0,0.05973544884410808,0.0,0.0,0.0,0.05193983042458159,[18],"[4, 16]"
625,0.05024956197723189,0.0,0.07563898432587701,0.010967249591339354,0.0,0.0,0.0,0.011881280458223613,0.037210437076742396,0.1124239772991675,0.0,0.005438819268602777,0.0,0.018139498177037874,0.0,0.0,0.001069264596139807,0.0,0.011210721520653482,0.0,0.0,0.15833983625070583,0.0,0.01667247930497657,0.0,2.3971143894476208e-11,0.02663172225210318,0.003996576643075574,0.0,0.0,0.020323129910101555,0.10649832963856143,0.0,1.1286941585603219e-14,0.0,[21],[40]
626,0.01198975512031613,0.0,0.004928456179388662,0.0,0.0,0.00010527185417162307,0.0,0.005663388929193971,0.01754630158781176,0.01105658950971137,0.0,0.0,0.14124360687292042,0.04225607621154296,0.0,0.0,0.0,0.06582180056634596,0.0,4.270835888822831e-10,0.006036875375907718,0.032999766834649995,0.01947947835797449,0.0,0.1590459924756451,4.358103005508661e-11,0.007025965784277139,0.13622694521360962,0.0,0.0,0.0,0.0,0.0,4.136354929565476e-15,0.0,[24],[35]
627,0.08584833167703927,0.0,0.0,0.0032964056315041377,0.12409432675358104,0.0,0.012970878591643082,0.0,0.011302500992264815,0.0,0.12464221363348935,0.0,0.004528098278351559,6.157637949947431e-05,0.0033321065371185728,0.0028932010585514508,0.0008267275303831878,0.0,0.0,0.0,0.0005114698333585904,0.0011433565063708366,0.0017999316769966155,0.0,0.0,0.0,0.0007346583435453184,0.0,3.680362792583961e-14,0.0012563861024219645,0.0,0.0,0.0,1.0502295319577946e-15,0.0,"[4, 10]",[1]
628,0.04042456464017801,0.0,0.0,0.0,0.0,0.0015301070427786037,0.0,0.0,0.06551864693211167,0.0,0.0,0.00725090953578871,0.0,0.001251917551551076,0.0,0.0006635126353928294,5.034584157393881e-05,0.0,0.0,0.0,0.0,0.0,0.0,0.006798002114583406,0.018382425696364373,0.0,0.0006593863481538532,0.018522754077655003,3.697955457570099e-14,0.0,0.0004988709586325024,0.0,0.0,6.613992960023649e-16,0.0,[8],[-1]
629,0.016454039462957547,0.0,0.0279559155549892,0.004240802869694132,0.0,0.0,0.0,0.0,0.01115432082146929,0.040426837628697844,0.0,0.0,0.0,0.0,0.07733369594801426,0.0,0.011289713226519229,0.04173922471373168,0.0,0.0,0.0,0.1329306575966017,0.0,0.03650767428876885,0.3212708345148799,0.0,0.02884002066526461,0.031066632986957488,2.283146482278996e-12,0.0,0.04494896064811798,0.029363581816779484,0.05297324987185673,1.826645216560119e-15,0.0,[24],[40]
630,0.02136404027756896,0.0,0.04500268026453617,0.0073256029944434396,0.0,0.0002065858714655745,0.0,0.13318132515053321,0.01259927808164308,0.048834918789641656,0.0,0.040716088177571746,0.0,0.07533198001601765,0.02092707064620204,0.0,0.0,0.019216421116132247,0.0,0.0,0.0,0.06267711349336554,0.0010644987330631296,0.025846577183164018,0.01291765110796495,5.966981097139678e-12,0.013046110804266004,0.0,5.078642916622389e-13,0.003552432595236297,0.0,0.0,0.0,2.244552143190557e-16,0.0,[7],"[35, 40]"
631,0.013548637996409136,0.0,0.0,0.0,0.0,0.0006108210780454888,0.0,0.0,0.023528218001827046,0.00017016915967976525,0.0,0.0,0.005243293842366951,0.0,0.0,0.0,0.003001790459558216,0.0,0.004571973756147004,0.0,0.0037396757079112687,0.005363612565823785,0.0,0.0,0.0,4.2931788575504965e-11,0.00027792998882678293,0.0,0.0,0.01288768894379751,0.004246716526399331,0.0,0.001051945292569421,2.4711717572146125e-16,0.19181677282130427,[34],"[15, 35]"
632,0.01281072956763723,0.0,0.0,0.0,0.0,0.0006304893330006984,0.0,0.0,0.022794337943361793,0.0,0.0,0.003794622737979308,0.0,0.0012550691176765139,0.0,0.0029663980187254048,0.0,0.0,0.0,0.0,0.0,0.0,0.00026596381518484343,0.0,0.0033367471226923343,1.2393371882841725e-11,0.0,0.011905429153839634,0.0,0.0,0.0004149803119235658,0.0,0.0014916113544975924,0.0,0.0,[8],[20]
633,0.01985024903943038,0.0,0.0,0.0,0.0,0.00043839635873929616,0.0,0.0053870498780362475,0.03161982439312478,0.006171946772255677,0.0,0.0,0.08342435513835834,0.0,0.04080417471481488,0.007226644561131942,0.011385636542112826,0.036281926163037125,0.026818396865398948,3.3429697056049853e-10,0.015545869624528103,0.0,0.012308886509896356,0.0,0.0,3.3376652298781545e-11,0.005937134754921033,0.0,1.719476941817418e-14,0.009090587260086706,0.029092583546595784,0.008721778142561962,0.0,1.6587535787943209e-15,0.0,[12],[11]
634,0.012835805212847612,0.0,0.0,0.0003359250823915677,0.0,6.997094114842864e-05,0.0,0.0,0.022233916352212984,0.0,0.0,0.0014595291816222795,0.0,0.0,0.006149635877928092,0.0006744963020522047,0.011402315063012532,0.0,0.0048001814732682715,1.3096651832251817e-10,0.0,0.0,0.0,0.0015320237625404674,0.009582820128654194,4.748597518736141e-11,0.0,0.005203995370566558,0.0,0.03787638053376029,0.0026240957936631425,0.0,0.004934648911503393,1.216228998615939e-15,0.0,[29],[-1]
635,0.021488967426803694,0.0,0.05919171145924629,0.009105845936062463,0.0,0.0008217011218173486,0.0,0.20863117525107677,0.009298438377482222,0.04202478622342137,0.0009103734521162738,0.04935841196038602,0.0,0.0,0.0,0.0,0.0011385723676205662,0.02753178759466547,0.4539776040720166,0.0,0.0,0.0,0.0,0.02536066585411982,0.0,0.0,0.0,0.11367348773956842,0.0,0.0,0.03631957397571637,0.0,0.01026345200878445,0.0,0.05572440648887485,[18],"[13, 35]"
636,0.02665479279360379,0.0,0.07376406604810735,0.01133476011363429,0.0,0.0009294717192368296,0.0,0.2620439483539472,0.011313673247318542,0.05270902032123623,0.0011972506431326066,0.06317349460057672,0.0,0.01391578589797884,0.029450399146824256,0.0,0.0,0.0025075840211709276,0.0931917103049428,5.281870747774303e-11,0.021485493082549205,0.0,0.0,0.007456297558927632,0.0,8.392210392170644e-13,0.05755935327467346,0.004889403416989483,1.1711764860355232e-11,0.0,0.2190647165375652,0.0,0.1195153274291773,0.0,0.04542080801428522,[7],"[4, 16]"
637,0.027122677117238796,0.0,0.008658016220656033,0.0,0.0,0.0004349758407482143,0.0,0.00684242494687901,0.0380360204913329,0.02617475153996127,0.0,0.0,0.10966229793101542,9.541112052684359e-05,0.0,0.006223118469062504,0.0,0.013521273630568624,0.010358905161456535,0.0,0.0,0.0,0.015379398811349044,0.015555911865119912,0.13072872197720065,5.199413301227034e-11,0.0,0.0,5.3449546811473106e-14,0.0,0.02818110345447921,0.01774587703785236,0.0,3.642005867586905e-15,0.019520054959717082,[24],[40]
638,0.04869243993475844,0.0,0.08807192169157947,0.011758588835747642,0.0,0.0,0.0,0.02959376040899689,0.036307770286789484,0.11654838291360399,0.0,0.021310558437253376,0.0,0.09679706559810677,0.0,0.0,0.006983524415087771,0.03202168555925792,0.0,5.416355985234546e-10,0.0,0.060617012836896925,0.004890665364616041,0.00638048349087205,0.0,1.2604153259780083e-11,0.056561284022561845,0.0,0.0,0.0,0.0,0.05499491636312152,0.0,0.0,0.021878397251007563,[9],"[35, 40]"
639,0.042301007475096415,0.0,0.0005488799304217293,0.0020332755326246312,0.06233139206029236,0.0,0.006521769812479349,0.0002070233004653525,0.0044633122566175455,0.0,0.06204959483226006,0.0,0.0019119423077508927,0.0,0.00706774810602916,0.0,0.00044049120160553565,0.0,0.0,7.488446979442312e-10,0.0005209409638998865,0.002433099345018601,0.0,0.0,0.0,0.0,0.011257037947861776,0.0009022489246286643,9.281649728940213e-14,0.0,0.0,0.0,0.0,0.0,0.0,"[4, 10]",[1]
640,0.010213959988707997,0.0,0.0,0.0,0.0,0.00032182016033215354,0.0,0.0019338053524525336,0.016787797643643975,0.002581556330236236,0.0,0.0,0.038473076548597544,0.0,0.035537093648730936,0.001891710789557146,0.004919098019482627,0.01104184918024317,0.013834689836603797,0.0,0.006434100380288081,0.0,0.0045152581748389795,0.0,0.0,0.0,0.0017644080920477029,0.0,4.1662630426097635e-14,0.006003226608420565,0.015751584248043873,0.0033604039663557503,0.0,0.0,0.0,"[12, 14]",[-1]
641,0.036456068252959266,0.0,0.06819460414419831,0.009040754180962781,0.0,0.0,0.0,0.0,0.025670974215390947,0.08922512416730384,0.0,0.0,0.0,0.0,0.024972410216268115,0.0,0.0023750506552994,0.0,0.0,0.0,0.0,0.0,0.005031488026848995,0.0,0.10008284297416253,0.0,0.009309809371138997,0.022083260864978516,0.0,0.0,0.0,0.07182106844176624,0.038049993666645014,0.0,0.0,[24],[40]
642,0.08795496878357323,0.0,0.0,0.0032850847551281082,0.1263304823382351,0.0,0.01323725135349723,0.0,0.012060933275198867,0.0,0.1273284448617661,0.0,0.004535675443581398,0.00025840438402463084,0.0033385321240789424,0.0031694961254473365,0.0012187276094900565,0.0,0.0,0.0,0.00012002424215966629,0.0007784416052812044,0.00044177259624387626,0.0,0.00032377913126906827,3.371440811384329e-12,0.0009638842942826753,0.0,4.3926575510515576e-14,0.0008055220360064358,0.0,0.0,0.0,2.5941062790354524e-16,0.0,"[4, 10]",[1]
643,0.09413989004173323,0.0,0.0,0.003486117285813129,0.13693219226920533,0.0,0.014054805191321563,0.0,0.01223662892092743,0.0,0.1369390580475252,0.0,0.005355881347817759,0.0015826258158403153,0.00273230241237051,0.0049653288727774135,0.001200238641223434,0.0,0.0,2.0694468708997942e-10,5.207661954694116e-06,0.0,0.0009777425821894303,0.0,0.0005458790886635474,7.04741305793419e-12,0.0,0.0,0.0,0.0012802943336446392,0.0,0.0,0.00020302661316276254,0.0,0.00039192308032937447,"[4, 10]",[1]
644,0.030341513533255662,0.0,0.07410990704412174,0.01140560842735657,0.0,0.0006575639656855819,0.0,0.2360016269163108,0.015690158625274994,0.06373990187752963,0.0,0.055877532603959265,0.0,0.05663687107435404,0.06157283873288139,0.0,0.0,0.0,0.0,6.086955831133813e-10,0.0,0.013489130828450553,0.000954240565883166,0.0,0.0,0.0,0.09055110953976346,0.0,2.76631607113423e-13,0.0,0.25825736978319114,0.0,0.5833338906417228,0.0,0.0,[32],"[4, 16]"
645,0.006718942510385008,0.0,0.0,0.0,0.0,0.0003135340832242302,0.0,0.0,0.011323422686224454,0.0,0.0,0.002841440027384029,0.0,0.0004377318685658273,0.0,0.00044532666317609993,0.0,0.0,0.0,1.509347635979299e-09,0.0,0.0,0.00021878131391691926,0.0,0.0,0.0,0.0004161097847620618,0.008329499103657318,1.6793907007780643e-14,0.0013079720355773411,0.0,0.0,0.0,4.140256015331163e-16,0.0,[8],[20]
646,0.042519759831254285,0.0,0.09556442819869278,0.011069199342680245,0.0,0.0,0.0,0.0,0.030508516643895773,0.09780817747485729,0.0,0.0,0.0,0.0,0.017271025804978014,0.2532228887038814,0.0,0.0,0.0,4.1022875462268293e-10,0.050950223460189285,0.0,0.00015424968376464123,0.0,0.053969197086152554,1.7429006011165545e-11,0.03611010968660285,0.005686375154121792,6.77228356767052e-13,0.01046718823614102,0.0,0.019435409491193774,0.0,3.8056747245486494e-15,0.0,[15],"[35, 40]"
647,0.026466002235591507,0.0,0.0,0.0015018614723966578,0.0,0.0026887020244525904,0.0,0.004865091730870884,0.04364896341074065,0.010378579646622735,0.0,0.0,0.09171615298344579,0.015539614219523875,0.0,0.0,0.024013345783192957,0.01140336806384257,0.0,0.0,0.0,0.012299929692820618,0.011585802091001556,0.0,0.09918850049398246,2.441137748316284e-11,0.008043715994221826,0.057657211597104095,3.653897535498867e-14,0.004354442969198584,0.0,0.0,0.0,4.723804964000513e-15,0.0015010294657767326,"[12, 24]","[35, 40]"
648,0.018498058493149915,0.0,0.0,0.0,0.0,0.0,0.16093510790845034,0.0,0.017558800522686845,0.07274855798643765,0.0,0.4662710004784959,0.049916111281533705,0.0,0.010355413639027653,0.03815461586743157,0.010770006315609117,0.010383503217731363,0.0,0.0,0.0,0.0,0.0,0.00196669317556898,0.018834201133958593,0.0,0.0,0.001479342342234036,8.804629495484457e-13,0.0022302077601467135,0.0,0.0,0.0,0.0,0.0,[11],"[15, 40]"
649,0.020051753113195885,0.0,0.0,0.0,0.0,0.0,0.11899824868661571,0.012327112753661641,0.017774441759499597,0.07491363799105763,0.0,0.3004243771897996,0.0,0.0,0.0,0.003890018834346848,0.0,0.0,0.07597411490502898,0.0,0.5340121627499221,0.015308008688202103,0.0,0.0,0.03278439759624215,0.0,0.0,0.002573879946755769,0.0,0.0,0.0,0.029845952452974802,0.0,1.1783692686464493e-13,0.0,[20],"[23, 40]"
650,0.07300981047909344,0.0,0.0,0.001251292638650156,0.09283548897437328,0.00023871037952791758,0.010232955087215317,0.0,0.017066397226998573,0.0,0.0999079840118787,0.0,0.004494906699645695,0.00012648387565382093,0.0,0.005426860071273419,0.0,0.1133292721843429,0.0,0.0,0.005170777707210469,0.0009511909320519508,0.0,0.011581449436824738,0.0,0.0,0.0,0.0,3.820300511140603e-14,0.0,0.004658257603616848,0.0,0.0,0.0,0.0010260701809477358,[17],"[1, 42]"
651,0.013880239385608548,0.0,0.0036673044003119395,0.0,0.0,0.0002743704508674176,0.0,0.0055351304951234545,0.020815914218096983,0.009827419131789727,0.0,0.0,0.10373370361960782,0.020025887141122477,0.0,0.0,0.0,0.0,0.0,2.595658393146646e-10,0.01203205169679129,0.0,0.02051957336872876,0.5290313219414339,0.01064823150844582,0.0,0.0,0.027738263432337606,0.0,0.006354008348032829,0.0,0.0,0.011297993678740015,0.0,0.0058371528123962275,[23],[35]
652,0.03125556915612473,0.0,0.059290013682488055,0.00793632530071719,0.0,0.0,0.0,0.0,0.023332436211785608,0.07537758680119341,0.0,0.0063376917957800654,0.0,0.013682208410034521,0.015234505768771727,0.0,0.0005878216765479808,0.0012967403645710585,0.004101574409144656,1.2801508822936289e-10,0.0,0.010793417271829569,0.0,0.0,0.09768682497350031,3.7931703497249595e-11,0.0,0.0,2.835931663880262e-12,0.0,0.0,0.03386080499108406,0.11706330330597518,9.431023987694525e-15,0.00989005692974365,[32],[40]
653,0.018308756913400705,0.0,0.0,0.0,0.0,0.0,0.0316264067717606,0.013467833185294225,0.026751600183152258,0.028386136638364534,0.0,0.21304728321533492,0.07021646501971716,0.0,0.00542885801957993,0.018758819839323666,0.004971268059604771,0.006492338121085179,0.0,1.3960660727260224e-10,0.0,0.0,0.0,0.0,0.02978242300568915,1.2896168514543569e-11,0.0018930771699382217,0.0,9.917494422122306e-13,0.011452561013028205,0.0,0.01276737216802594,0.0,0.0,0.04246549889392232,[11],"[15, 40]"
654,0.0,0.01785545344500639,0.0,0.004941275149973691,0.0009708012245826321,0.004651363523449981,0.0,0.0,0.0,0.002279294497701192,0.0,6.309859864824663e-05,0.0,0.0031797528056050667,0.0,0.0,0.2783758882911574,0.0008876934539732044,0.0,0.0,0.0042288080089282415,0.0006734106396891474,0.0,0.00380207684022324,0.012237949054730492,8.305252089843094e-12,0.0,0.0,3.860214983002732e-14,0.0,0.0,0.0,0.0,0.0,0.0,[16],[20]
655,0.01893714739888052,0.0,0.0,0.0,0.0,0.0,0.35358975466553955,0.0,0.011541729212324275,0.11399389384368787,0.0,0.0,0.022461992901225056,0.0,0.0,0.03536451279404933,0.0,0.006612780050560557,0.0,0.0,0.0,0.13275793039191602,0.8914607715012157,0.01195563501674462,0.0,4.492837477181153e-12,0.0,0.0182608304250275,0.0,0.0,0.1962338193056488,0.0,0.0,0.0,0.0,[22],"[24, 25, 40]"
656,0.027288822101267696,0.0,0.0,0.0,0.0,0.0,0.42566937032592633,0.0,0.01761649728002658,0.14435880683166652,0.0,0.0,0.02456033728337573,0.0,0.0,0.029415059214165734,6.600570104849005e-05,0.011731452271868505,0.0,5.16669626793026e-10,0.0,0.043013806483432684,0.26318748798019176,0.0007225616420661466,0.0,0.0,0.0,0.019399987194489474,1.4851560927623204e-12,0.0,0.0,0.0,0.046239753731578154,3.8765547033521996e-14,0.0,[6],"[10, 15, 40]"
657,0.022936670423749934,0.0,9.592248816539735e-05,0.0,0.0,0.00038963811897240033,0.0,0.012247963032473313,0.03614498831630071,0.012753194723338454,0.0,0.0,0.13650576554309,0.0,0.018222595213711897,0.008600062184152671,0.01580874193739555,0.0,0.028344789100346185,2.965263300784191e-10,0.018500066821380466,0.0,0.023250907470522362,0.0,0.0,0.0,0.00749083009409844,0.0,0.0,0.0,0.02214512935407833,0.016329441826424804,0.0,2.9498253074677885e-15,0.0,[12],[40]
658,0.0,0.027783975328163315,0.0,0.000799571508029354,0.0012351140884513374,0.0003421864072222129,0.0,0.0,0.0,0.003393796990740731,0.0,0.0,0.0024137249405077506,0.002123861922765303,0.0,0.0011714952446321436,0.19593849358548257,0.0014016311029730962,0.0,3.5611779564676917e-10,0.002891864858469481,0.0,0.0,0.001652646074673596,0.01267622068345299,1.6003309945047504e-11,0.0,0.0,2.6818608069313066e-14,0.0,0.00029972886307914914,0.0,0.0,0.0,0.0001180108420942773,[16],"[20, 35]"
659,0.048456427192818494,0.0,0.09398822678211667,0.011041805841209233,0.0,0.0,0.0,0.0,0.03691009160351279,0.11065920911121223,0.0,0.0021597573502477327,0.0,0.056470739215549765,0.0,0.0,0.0032953193266385856,0.00913120669073292,0.011276238520890304,5.586077545862507e-10,0.0,0.0,0.0026241224044130837,0.006489310404755709,0.0011645252538362127,0.0,0.0,0.0,1.3806907915237578e-12,0.0036218709849599536,0.012094491204242932,0.0653741369133244,0.03590162478767629,0.0,0.0021922101606713057,[9],[40]
660,0.05471347738686017,0.0,0.1016498820763358,0.012854553377138919,0.0,0.0,0.0,0.0016367523910117408,0.03890420865490701,0.13332886037379565,0.0,0.013755353702280978,0.0,0.013350731322855736,0.0,0.0,0.00415949707153774,0.0312377881334773,0.002749114131697618,2.304359279588005e-11,0.0,0.0,0.0,0.0,0.0,0.0,0.0,0.0,0.0,0.0,0.0,0.11051317235776291,0.0,4.017569016311096e-15,0.0,[9],"[35, 40]"
661,0.07718530444859596,0.0,0.0,0.0031183255570895042,0.11451329509407977,0.0,0.011648938872270696,0.0,0.008761304600982766,0.0,0.11330547146820556,0.0,0.005023635676730596,0.0016173505460725223,0.004792385782824746,0.003984884241992684,0.0013762856970118765,0.0,0.0,0.0,0.0,0.0,0.0,0.0,0.001355864153938285,2.7644437842656507e-12,0.0,0.0,0.0,8.407849282853086e-05,0.0012722997724904145,0.0,0.0,0.0,0.000413416306656689,"[4, 10]",[1]
662,0.03387229768663044,0.0,0.0,0.0011009950698569416,0.047957079324093946,2.1688648081196835e-05,0.00500681795426761,0.0,0.005147725951306061,0.0,0.04876532528335389,0.0,0.0018001829410105982,0.0008152134751654256,0.0,0.002078976919092121,3.61282173206256e-05,0.015814946532139603,0.0,6.186489080009523e-10,0.0,0.008466414191929434,0.0,0.004170623613039659,0.0,9.012479601209459e-13,0.0,0.0,0.0,0.003044892315685026,0.0011510457206311798,0.0,0.0013668086666602478,0.0,0.0,"[4, 10]",[40]
663,0.02308179833808352,0.0,0.01793521571422104,0.0005225176868511216,0.0,0.00031752165167740466,0.0,0.012558810781175501,0.023436680385991053,0.01924640000845455,0.0,0.007263116546577092,0.0,0.010606727637103505,0.0,0.0,0.0,0.0,0.016632436534565156,0.0,0.0,0.4161671568625253,0.0,0.008481176718997034,0.0,1.8968836762365254e-11,0.0,0.0,0.0,0.0043693338812997255,0.0,0.005091617851137901,0.025574476743542785,1.3185710471870021e-14,0.0,[21],"[8, 35]"
664,0.014041264957930458,0.0,0.005516479151603261,6.28904062508667e-05,0.0,0.00010951864339618398,0.0,0.007402648909611587,0.02051478072712794,0.013643299229587263,0.0,0.0,0.16864797311931143,0.04283660051057746,0.0,0.0,0.0,0.07223317232555052,0.0,7.831449820807653e-10,0.006521564379975933,0.031535790294194455,0.02121511851066945,0.0,0.1957972754791986,0.0,0.009465159270619458,0.1368144142019754,0.0,0.0,0.0,0.0,0.0,6.93292657193003e-15,0.0,[24],[35]
665,0.04472338061833263,0.0,0.05921529281627695,0.010207947206562916,0.0,0.0,0.0,0.01939890132137764,0.031223899654272864,0.10598864013241412,0.0,0.0,0.0,0.0,0.010550102943714503,0.0,0.0,0.0007206367933452243,0.0007993569077669553,1.7671702881143965e-11,0.005965340041274833,0.004236446937379388,0.019938690958319204,0.006034036468055725,0.0,2.6106461515494686e-11,0.3012049743294965,0.09652442035497706,2.5868784440200013e-13,0.009511809541718944,0.04766253227042975,0.12098218756925924,0.0,0.0,0.051190029111802815,[26],[40]
666,0.025661547057164516,0.0,0.03699140129957446,0.00666518906721333,0.0,0.0,0.0,0.01712217671593042,0.01888868367013271,0.06748334751880138,0.0,0.0,0.0,0.0,0.013251732780684006,0.0,0.00020430756215788684,0.0,0.004686627408717163,0.0,0.003491631326314069,0.03578665524464264,0.0,0.017675595740108182,0.0,0.0,0.0,0.05612018633135096,2.3897206173288853e-12,0.011952597538863791,0.0,0.06431752918057312,0.11863113323425595,7.617654040131547e-15,0.10251469974413113,[32],"[35, 40]"
667,0.04067110343460402,0.0,0.09084482077968686,0.010250780751195133,0.0,0.0,0.0,0.0,0.029994456480190432,0.09078542098898293,0.0,0.0,0.007850911853260522,0.0,0.011187725281020473,0.2650219307216668,0.0,0.0,0.0,0.0,0.03715774981183205,0.0,0.0018177272621448734,0.010211272943188607,0.011029282268430269,1.2878510035392449e-11,0.024149592705722436,0.0,0.0,0.0,0.0,0.01158776122674677,0.0,2.3729116863238754e-16,0.0,[15],[40]
668,0.03921955937680566,0.0,0.06125026728246478,0.008051702609951788,0.0,0.0,0.0,0.006494097334588437,0.02886630615840384,0.09802425658722398,0.0,0.0028549865711900327,0.0,0.0,0.0,0.0,0.0,0.03675982403969048,0.004157929371785489,3.420099965147239e-11,0.01552734912052253,0.0,0.0,0.0,0.0,0.0,0.0,0.03401610919970642,0.0,0.01010373247904841,0.1836035384963388,0.11937633127252346,0.03931370319202137,0.0,0.029685082470181236,[30],"[15, 18, 40]"
669,0.023475740797407867,0.0,0.0,0.0,0.0,0.0009440326829163476,0.0,0.0,0.03953835207271678,0.0,0.0,0.004325616606077714,0.0,0.0004140166154479512,0.0,0.0001681890521128604,0.0,0.006196765261587404,0.0,0.0,0.0029786229942828043,0.000547005259578387,0.0018614651142103544,0.0,0.0,5.900571531464273e-11,0.0021920879057302106,0.0037213975493110016,1.6424667459805905e-14,0.009144682616670978,0.0,0.0,0.0,9.570047088537343e-16,0.05407174595101747,[34],"[7, 37]"
670,0.039675245647406036,0.0,0.08830595448908567,0.010553051982833853,0.0,0.0,0.0,0.0,0.028667536835230455,0.09199938077477814,0.0,0.0,0.0023414272407696318,0.0,0.02368316189946799,0.2704230874686278,0.0,0.0,0.0,0.0,0.05449431653633529,0.00555940612564134,0.0050444980408440405,0.0003299937608061505,0.055012369462586044,2.479203484055294e-11,0.09742266234780589,0.0,0.0,0.01808442311309758,0.0,0.008808237848066693,0.0,0.0,0.048517794216612835,[15],[40]
671,0.022623047680332155,0.0,0.0,0.0,0.0,0.0007048041594221164,0.0007598810758384878,0.0,0.02442374373706529,0.0,0.010151408381311993,0.0,0.0,0.0,0.0,0.0039215345082764036,0.0,0.3421856161421319,0.0,0.0,0.017753521710683746,0.0,0.0,0.02406008877685326,0.0,1.2367284411087002e-11,0.0027344730759807736,0.0,6.336474425471305e-14,0.0,0.007045784053188657,0.0,0.0,0.0,0.014562758972012365,[17],[35]
672,0.007032592051750613,0.0,0.0,0.0,0.0,0.0005350238875622053,0.0,0.0,0.015575053792877533,9.180301763328382e-05,0.0,0.004253400553409339,0.0,0.0009790458176118018,0.0,0.004062728943218647,0.0,0.0,0.0,0.0,0.0006035888134863503,0.0,0.0005534791752416268,0.0,0.002071132002033884,2.5852625141379183e-11,0.0,0.013912458090036694,0.0,0.0,0.0,0.0,0.0,0.0,0.0,[8],[35]
673,0.014103242182734513,0.0,0.0,0.0,0.0,0.0005975211661242373,0.0,0.0,0.022943498654181573,0.0,0.0,0.0042812695134885614,0.0,0.0008337886069231359,0.0,0.0011881876789231372,0.0,0.0,0.0,1.7263354999440818e-10,0.0005806303824351092,0.0,0.0,0.0,0.0,0.0,0.0,0.012953963420509902,6.613204198071607e-15,0.005765145682345785,0.0,0.0,0.0003710776096515372,0.0,0.0,[8],[39]
674,0.004448920422843872,0.0,0.00490557216950574,0.19519207521798898,0.0,0.0,3.729304431487017e-05,0.0,0.005264570105392575,0.0,0.0,0.0,0.02145000390178012,0.0,0.0,0.011414911137015017,0.019477016668852806,0.0,0.05516391633270379,0.0,0.0,5.386717967965814e-07,0.0008727429654584416,0.0068580153812443775,0.02248543832816461,0.0,0.0005829026501013851,0.0,0.0,0.08162108422190961,0.006375255436733141,0.0,0.0,0.0,0.0,[3],[-1]
675,0.035828354510893494,0.0,0.08228634701776943,0.009486767936035957,0.0,0.0,0.0,0.0,0.02537715467356435,0.08109810376238798,0.0,0.0,0.0,0.0,0.02916626051134244,0.2769191174560546,0.00028857667403531175,0.0,0.0,2.9632116402757974e-10,0.04127719685676835,0.0,0.003982183039912622,0.0,0.040781230593999615,0.0,0.006524958982467852,0.021080964239361236,0.0,0.006024009693668465,0.0,0.008669642604538638,0.02637008519265871,7.736637892160467e-16,0.0,[15],[40]
676,0.044565445134818506,0.0,0.023862428658363178,0.009665279698417347,0.0,0.0,0.013351936995841354,0.1263941939917859,0.03742637838340513,0.12552635353601352,0.0,0.047551482878954644,0.0,0.1566683781172743,0.0,0.0,0.0008407992078317476,0.0215864256573608,0.0,0.0,0.0,0.04242394120726415,0.0,0.0179446825580007,0.012376704010756303,0.0,0.0,0.0,8.845888376323357e-14,0.0,0.0,0.12601851504641187,0.0983670025922909,0.0,0.0,[13],[40]
677,0.02377433007483313,0.0,0.04932966329139963,0.005711964597383978,0.0,0.0,0.0,0.0,0.0164250482668382,0.05423504859233538,0.0,0.0,0.0,0.0,0.019162409159757074,0.0,0.00036353861492159655,0.0,0.0,1.7553138600619326e-10,0.01021205867882476,0.0,0.0,0.0,0.09418239214338651,4.902603811889607e-12,0.064761371464802,0.009609148185719571,2.213682510319531e-12,0.0,0.0,0.033391871890818034,0.0,9.40478735905883e-16,0.0,[24],"[15, 40]"
678,0.03027341251436975,0.0,0.07610207711342049,0.0,0.0,0.0,0.1924297604358883,0.26535141293440917,0.0,0.0,0.0,0.0,0.0,0.0,0.0,0.06383237356056835,0.0045897000692388615,0.023957143757979978,0.05054030051859874,0.0,0.0,0.0,0.04344332352040716,0.0,0.1034724557390354,1.6543741395694735e-11,0.0,0.0,0.0,0.0,0.0,0.3753711630450687,0.0,1.2485608648121964e-14,0.0,[31],"[13, 35]"
679,0.03354478538939519,0.0,0.2608833289811692,0.0,0.022682547266500215,0.0010274873392873943,0.1685447671319436,0.1365141173585204,0.0,0.0,0.0,0.004740590628132005,0.0012712809778823231,0.0,0.0,0.0,0.0,0.0014402996246539628,0.0,0.0,0.01309764167568223,0.04915480916672881,0.0,0.007032024893932752,0.0,1.979772054065102e-11,0.04518613983431258,0.0,6.108591154588923e-13,0.0,0.0,0.1834740593429569,0.008111044587197656,0.0,0.02203406679002274,[2],[-1]
680,0.03153242109505285,0.0,0.059663703998986094,0.0065631789135933245,0.0,0.0,0.0,0.0,0.021612035010270016,0.0733336485216211,0.0,0.0,0.0,0.0,0.0,0.0,0.0014760874020811844,0.0034015246402359913,0.0,0.0,0.0,0.0,0.005253894961266962,0.0,0.0,1.873412276519991e-11,0.0,0.01093875914998389,0.0,0.0,0.03029343567917222,0.07412566385398849,0.0,0.0,0.0,"[9, 31]",[40]
681,0.023880128150304124,0.0,0.0,0.0,0.0,0.00037226970151913407,0.0,0.014909291454282617,0.03769219188254217,0.014713881928056283,0.0,0.0,0.12038148568424056,0.0,0.05110099605382168,0.010255356120790324,0.017448705703603566,0.0,0.029290123310676958,0.0,0.010292458318878775,0.0054821842863157074,0.02194473219410626,0.0,0.0,0.0,0.010353092865749772,0.0,0.0,0.0,0.016967096574523485,0.02053505549167776,0.0,2.4349652564290037e-15,0.01391597997685463,[12],[40]
682,0.02174017447360385,0.0,0.03866492521509747,0.0046429378686697045,0.0,6.963233647763899e-05,0.0,0.008239950485996263,0.018414326825163682,0.04530703010712774,0.0,0.007284625551008833,0.01686706081608341,0.02697482517330144,0.0,0.0,0.0,0.0,0.0012856099667320291,6.432153902308553e-11,0.005234987789229062,0.0,0.012317536902642924,0.0,0.12290205037559204,0.0,0.028500374062287878,0.0,5.331816704912883e-13,0.0,0.0,0.0,0.0,2.864301113322606e-15,0.09003047052873696,[24],[40]
683,0.01574785572444116,0.0,0.005533567518154728,0.00012582218231813584,0.0,9.936183611911199e-05,0.0,0.008152093564872873,0.02293896187346135,0.015347186300186437,0.0,0.0,0.1664744809017148,0.039719322833277344,0.0,0.0,0.0,0.07292597427370034,0.0,0.0,0.002744202020853324,0.035777229751860685,0.022479919294979108,0.0,0.208419825778743,0.0,0.006657447022889883,0.13683494175887104,0.0,0.0,0.0,0.0,0.0,6.6802654334544014e-15,0.0,[24],[35]
684,0.024261699670647643,0.0,0.21121763857152115,0.0,0.021144875897711957,0.0011668214635861553,0.11965981199879369,0.08000820624838254,0.0,0.0,0.0,0.013411832822036373,0.008946369845411358,0.006201731460201445,0.0,0.0,0.0,0.0,0.0,0.0,0.05756984346867035,0.07396803706285893,0.001153766266758477,0.011314751629024157,0.0,3.2803918634066568e-12,0.0,0.0017377210305133883,1.892094301072654e-13,0.0,0.006090875189124665,0.10366038485636336,0.0026819124942045326,0.0,0.05151998615134934,[2],[33]
685,0.002397523986939384,0.0,0.005786465610274733,0.2161518812823442,0.0,0.0,0.0,0.0,0.0023713692008091787,0.0,0.0,0.0,0.02760234543483854,0.0,0.0,0.014834258834040753,0.0,0.0012277501618121612,0.07513157394677238,9.378399977958311e-11,0.0,0.0,2.5500472282045672e-05,0.00352838880163422,0.019270064169518417,0.0,0.0,0.0,0.0,0.0,0.008280311856712207,0.0,0.0013652570698834692,0.0,0.0,[3],"[12, 27]"
686,0.004434742298156975,0.0,0.00548686366892871,0.1783961985353803,0.0,0.0,0.0,0.0,0.004720999698528679,0.0,0.0,0.0,0.05172474412920553,0.0,0.002302942661419914,0.008545318078590656,0.0,0.0,0.049245651089210134,2.3157809007686564e-10,0.0,0.0,0.0,0.0,0.0,0.0,0.0019401865883742684,0.04367506896764399,9.655872448765838e-14,0.0,0.0,0.0,0.0,5.366198812317352e-15,0.030928002452776198,[3],[27]
687,0.0005415420569887644,0.0,0.006295419353736177,0.2285433562112193,0.0,0.0,0.0,0.0,0.0,0.0,0.0,0.0,0.027836823845024866,0.0,0.0,0.014637247387931257,0.012568495481238113,0.0013232940923647747,0.06795960838262464,6.446741760835919e-10,0.0,0.0,0.0024244825704650185,0.006178523189143368,0.022274363384652638,0.0,0.0012722242727361082,0.0,0.0,0.038808061332115125,0.007784938535559942,0.0,0.0,0.0,0.0,[3],[27]
688,0.0,0.012833990700468754,0.0,0.0,0.0,1.2132881102197219e-05,0.0,0.0,0.0,0.0011444351342591345,0.0,0.0005651571941675383,0.0,0.0004024182463899471,0.009232575919731754,0.0011344602427754275,0.008246064791505405,0.0,0.0,2.7553677539638295e-10,0.0011977519948210631,0.0,0.0,0.0,0.0,2.77543325229047e-11,8.415906346783742e-06,0.0018033521265340706,0.0,0.0,0.0,0.0,0.0,3.5441702620916536e-17,0.0056617975580806204,[1],[35]
689,0.020490193829767057,0.0,0.03486945075900887,0.0039548164909341,0.0,0.0,0.0,0.0,0.015924593893564203,0.044874723946883424,0.0,0.0,0.0,0.0,0.017497104094663693,0.0,0.0021643863488473403,0.0,0.0,0.0,0.0,0.0,0.00036494849772884634,0.008994335815374208,0.0,0.0,0.33770261174179217,0.034402910967906625,1.0371389419773578e-12,0.0,0.0,0.029447625562774023,0.0,0.0,0.00872554992546026,[26],[40]
690,0.04760082475095994,0.0,0.08979506703579314,0.011754607333110604,0.0,0.0,0.0,0.0,0.034547924855851106,0.11195887744073202,0.0,0.0,0.0,0.0,0.03761523466515959,0.18353246297373516,0.0012182245313721765,0.0,0.0,2.691983790850962e-10,0.04039614355636836,0.018814886273864777,0.006821921334795527,0.0,0.016798728346299235,0.0,0.08978902562203875,0.04145280914655642,0.0,0.0,0.0,0.06334802822776564,0.011602923489092292,2.076166559707274e-15,0.0,[15],[40]
691,0.0293844945468802,0.0,0.036651942697167476,0.006976586929433511,0.0,0.0,0.001354822682440565,0.014578305469395706,0.021685710527834905,0.07743626457139965,0.0,0.0,0.0,0.0,0.024610769186852063,0.0,0.0,0.0,0.001834057492922951,0.0,0.0,0.0,0.012298039967517847,0.008392200993034506,0.0,0.0,0.4086148214974297,0.09121008670756106,0.0,0.010336370574725435,0.0,0.08474583432697265,0.0,0.0,0.15468154668707018,[26],"[15, 35, 40]"
692,0.03402252471252738,0.0,0.07416340503608997,0.010043952902183134,0.0,0.0002038642605413705,0.0,0.10743626594073201,0.022688522828723193,0.07584117349068198,0.0,0.04407300335442462,0.0,0.09947657275233461,0.013905734471678102,0.0,0.0006697033547699576,0.030111081344690763,0.0,2.2696824818230612e-10,0.0,0.046898747247406114,0.0,0.021384304178978176,0.043929109406649,1.0796035496667829e-11,0.0,0.0,4.952258501976824e-12,0.0003802214776691079,0.0,0.0,0.20632490879322793,0.0,0.028251781102952404,[32],"[35, 40]"
693,0.04155000630586555,0.0,0.07203846261743974,0.009272874979148695,0.0,0.0,0.0,0.0,0.03234395833700263,0.09786952879747597,0.0,0.008051907049602357,0.0,0.03926894494249255,0.0,0.0,0.0,0.009291914737891253,0.011025325876413828,6.800082943237923e-10,0.029915529719789138,0.0,0.00041416816878764664,0.012827077377306508,0.0,2.1824316829800913e-11,0.013227550146600582,0.0,6.515101197381121e-15,0.005895456226570111,0.1461322434742408,0.08059337546864921,0.004630344361217198,0.0,0.05342938803143238,[30],"[15, 40]"
694,0.030454965440079262,0.0,0.058609214492603624,0.007387497512472082,0.0,0.0,0.0,0.0,0.023512110853232248,0.07155577425180788,0.0,0.0,0.0,0.0,0.0,0.07033535632503356,0.0,0.0,0.0,0.0,0.09629510318832632,0.0,0.012391293578756027,0.0,0.10375737769119966,2.1389218799310708e-11,0.0,0.0,0.0,0.00906239600749841,0.07453021592638696,0.03231977298926627,0.10374806968573136,9.700072919823628e-15,0.11884000117714379,[34],[40]
695,0.017180358850493606,0.0,0.0423389973849905,0.006623624867976448,0.0,0.0005145335514314814,0.0,0.13955363552964895,0.008838196190116304,0.03560705448233263,0.0,0.03419564599495765,0.0,0.02327623855986251,0.02015261022939946,0.0,0.0006569324956693881,0.0,0.00928865122014941,3.7899626652537326e-10,0.006066341839429884,0.12363665712108673,0.0,0.0,0.0,0.0,0.0,0.0,0.0,0.002451026098235569,0.3288197014080992,0.0,0.0,0.0,0.0,[30],[35]
696,0.014703273611128711,0.0,0.03532626023137599,0.005569596740740912,0.0,0.00045128180807911593,0.0,0.11536659253164999,0.007828568744831932,0.030598067316175693,0.0,0.028823045814630844,0.0,0.016941511579950785,0.009414549038875812,0.0,0.0009396855555093424,0.0,0.036298713249547386,0.0,0.0036911521461751337,0.12724665786452596,0.0,0.0,0.0,1.4290923607154657e-12,0.21088722773352814,0.0,1.9807675149698652e-12,0.0025473460695196225,0.25448422088873923,0.0,0.6437002082013225,2.0772119969963448e-15,0.0,[32],[35]
697,0.024815924244236807,0.0,0.16715993882059949,0.0,0.009539248916029896,0.0008103834442877611,0.09357436206697496,0.0676712196484297,0.0,0.0,0.0,0.009936064129779713,0.0006764137029892726,0.012993747156308038,0.0,0.0,0.0,0.008740239673123613,0.0,2.0545644482117184e-10,0.015769040688255662,0.029398631953138514,0.001859192364780574,0.001040524682552593,0.0,1.822509770602646e-11,0.0,0.0,0.0,0.0018091820439370746,0.02381796985723087,0.10209560908814602,0.0,0.0,0.011266202609520876,[2],"[33, 34]"
698,0.010194839067644623,0.0,0.005149301736129739,0.005035646452930282,0.0,0.0,0.0,0.002820270676895254,0.014727975305716257,0.009272836444723626,0.0,0.0,0.15179388329255583,0.086363860041635,0.034332141453228604,0.0,0.053298274580018956,0.0,0.0,1.3717712963713582e-10,0.008444637268816576,0.011326504954371423,0.023384976211577365,0.010724294243071726,0.0,8.205268973353074e-12,0.006567954411226326,0.4157873846328008,8.998811490249399e-14,0.022207394575279007,0.008469160876574334,0.0,0.0,3.4308737494162893e-15,0.09735982627876488,[27],[44]
699,0.02959356203606992,0.0,0.2513125387534659,0.0,0.024359511994427138,0.0013102108382331732,0.1454373427761033,0.10170476402753069,0.0,0.0,0.0,0.012885306400969094,0.008378000588625307,0.003590348330580056,0.0,0.0,0.0,0.0,0.0,2.4816593293935084e-10,0.05167006599723892,0.07391779361127669,0.010596755357029341,0.010781383758618576,0.0,0.0,0.05396936327878075,0.0,0.0,0.0,0.0,0.13254736879769435,0.0,2.726284465831429e-14,0.04121505579884249,[2],"[0, 33]"
700,0.02049732713696588,0.0,0.005241491248118255,0.0003056430887815374,0.0,8.458882986641853e-05,0.0,0.008581286659222288,0.030953431421907568,0.01631604420081245,0.0,0.0,0.17714006259938883,0.033737336764029346,0.0,0.0,0.0,0.04674905442862214,0.0,0.0,0.00745527957986252,0.015753552584169515,0.03081345455037932,0.0,0.13350788497350718,0.0,0.018482023519498,0.10382105486514286,0.0,0.004686600020367152,0.0,0.0,0.0,5.306915764555691e-15,0.0,[12],"[35, 40]"
701,0.03128885688763205,0.0,0.05717759422138307,0.006969948327034015,0.0,0.0,0.0,0.0,0.02551679134984646,0.06932415720180474,0.0,0.002835298282786957,0.01715660605833855,0.0052688696330380445,0.010550721708760402,0.0,0.0,0.0,0.008928562558583349,0.0,0.0,0.0,0.0,0.0,0.1531267842819018,0.0,0.05775975579532673,0.0,0.0,0.0,0.0,0.019826494636377624,0.0,2.6614687926982716e-15,0.09392541412561829,[24],[40]
702,0.01961062937657068,0.0,0.05042490195387818,0.007809653787618091,0.0,0.0005603767796161302,0.0,0.16867580306703306,0.009440010762534016,0.04046637117523095,0.0,0.04301720232246162,0.0,0.04600924120357181,0.04714251561442137,0.0,0.0,0.0,0.0,0.0,0.0,0.015621394097661721,0.0,0.0,0.00042166831553866897,0.0,0.016495010218876196,0.0,1.1145412837797147e-11,0.003412517914041251,0.002648539282288587,0.0,0.0,0.0,0.0,[7],"[16, 35]"
703,0.03037048982760866,0.0,0.05659215023465052,0.006134839095404052,0.0,0.0,0.0,0.0,0.02533562919784297,0.061898906155860835,0.0,0.0,0.01905417703463012,0.0,0.004686902045198164,0.03518707591166696,0.0,0.0,0.0,1.0119572870288552e-10,0.017187237296983703,0.0,0.0031275128648069403,0.0,0.19656439631215736,3.133607681451425e-11,0.0,0.0,0.0,0.0,0.010037632560987119,0.019030510723085807,0.07306372336433138,9.656737429058072e-15,0.02070310331047481,[24],[40]
704,0.017940737576772843,0.0,0.034372266196996314,0.003520482540035919,0.0,0.0,0.0,0.0,0.014384233857497665,0.03867466459931247,0.0,0.0,0.0,0.026503605970736987,0.0,0.012071593974779552,0.0,0.0,0.0,3.951521321097575e-11,0.0015800732493418616,0.0,0.005536615841091177,0.0,0.009612973361040207,8.460446057112309e-12,0.0,0.0,0.0,0.0,0.08917849454257011,0.024547839061103655,0.0077506200246023884,0.0,0.0,[30],[40]
705,0.012049328150023431,0.0,0.00512329681994981,0.004179688835756879,0.0,0.0,0.0,0.003477194453553036,0.01775761618671156,0.009860396595940644,0.0,0.0,0.1558311120274614,0.08590628743781364,0.02574209005628542,0.0,0.04591853042607948,0.0,0.0,0.0,0.008136983563792607,0.01496985913256111,0.029048651707612855,0.0076566803372010205,0.0,0.0,0.00590638429111698,0.4063313228045141,0.0,0.02377839007887096,0.0008838663402097369,0.0,0.0,3.773674807183642e-15,0.08730229907876316,[27],[44]
706,0.011694157071915954,0.0,0.020384278194783067,0.00316140216360799,0.0,3.498355657439659e-05,0.0,0.02356621650536698,0.008715870353518056,0.028291598877746616,0.0,0.009789808523754183,0.0,0.03168690033409223,0.0,0.0,0.0031037364951719353,0.008716026404564188,0.007445518174576651,0.0,0.0,0.06670183119169718,7.574240964338557e-06,0.0031612744654607784,0.0,4.559085881802556e-12,0.0,0.0,1.1357580748412862e-12,0.0,0.0,0.003863100022190434,0.06351601932381398,2.246169455327543e-15,0.03389218246349945,"[21, 32]",[-1]
707,0.03389638787547349,0.0,0.22866932623901956,0.0,0.013843512257250388,0.0007052422759958727,0.14455178792342568,0.12033989380141895,0.0,0.0,0.0,0.0010072725443323782,0.0,0.0,0.0,0.0,0.0,0.007724404217510579,0.0,7.201556268649065e-10,0.0,0.018044675348158047,0.0,0.0,0.0,0.0,0.0,0.0019349282181609958,1.4887338188312748e-12,0.0,0.0024258481818735015,0.18236893311811592,0.015264758977037836,0.0,0.0,[2],"[21, 33]"
708,0.01239633116038648,0.0,0.0,0.0,0.0,0.0003006990807397702,0.0,0.00821387060691246,0.019743702286448603,0.006229969431522391,0.0,0.0,0.07597643877569471,0.0,0.03844803403216897,0.007036059887367954,0.0175348626868325,0.0,0.0218866262483379,3.5344790554060097e-10,0.01185929223537239,0.011912650247612976,0.010954950821442343,0.0,0.0,0.0,0.0003954577683830944,0.0,0.0,0.010180576242585154,0.021082847975902774,0.009747365713417767,0.0,2.6020036689000145e-15,0.37645190894892633,[34],"[17, 40]"
709,0.015334888852148006,0.0,0.016047582177698992,0.0003329281633436674,0.0,0.00024242739954822898,0.0,0.0,0.018452177770084312,0.018442949909637744,0.0,0.0,0.018444925391797484,0.0,0.0,0.05590386388996162,0.00100616658978258,0.0,0.005623682506827954,0.0,0.010004449977162471,0.0,0.012840259781285283,0.01914299080016332,0.0,6.207881311611805e-11,0.0,0.0,1.9623101713992098e-14,0.0,0.014324429137751121,0.0035235344773740817,0.016466508173880172,9.641192129781356e-16,0.0,[15],[40]
710,0.01661669299131927,0.0,0.09065934941952915,0.0,0.003450199484282966,0.0,0.09351856033938426,0.1103886541848521,0.0,0.0,0.0,0.0,0.0,0.0,0.0,0.0258511640837427,0.0030841122114558615,0.01232054232470435,0.015062625144454785,0.0,0.0,0.0,0.0,0.0,0.04787695835378649,4.34130838751965e-12,0.0,0.0,1.4527482185126955e-13,0.0001955368833507958,0.0,0.1535545222095932,0.008330966731091372,0.0,0.0,[31],[33]
711,0.0022162814206811493,0.0,0.00553072469146597,0.20148342886586454,0.0,0.0,0.00016877859702866207,0.0,0.001707901666005091,0.0,0.0,0.0,0.026459027591861344,0.0,0.0,0.013587686892974708,0.03584238307680236,0.0023254183758404674,0.06928426559708067,0.0,0.0,0.0,0.0,0.005640128880753679,0.020125137397069632,2.85973507846019e-11,0.0,0.0,1.8106303005565295e-14,0.25225497069361325,0.007803744817003036,0.0,0.01302186617951475,0.0,0.0,[29],[27]
712,0.05423718465789146,0.0,0.1111588254454537,0.01278204703683865,0.0,0.0,0.0,0.0,0.03878632848215516,0.12767370991848886,0.0,0.0062051747324841176,0.0,0.06869021793484503,0.0,0.0,0.0018401156797916624,0.01654983535717658,0.003987332339518728,8.703552553179994e-10,0.0,0.0,0.0007146831748099795,0.0,0.0,0.0,0.01788300965149984,0.0,6.316434162826715e-13,0.00013168340683776788,0.07281902285091431,0.08074883118239144,0.0,0.0,0.0,[9],[35]
713,0.018923631484048124,0.0,0.023597488560179288,0.004757372064409408,0.0,0.0,0.0,0.0,0.013790222946519416,0.049821445455211784,0.0,0.0,0.0,0.0,0.0818436419921766,0.0,0.011140277236338425,0.03788014581708769,0.0,2.5265159081821144e-10,0.0,0.15645399989435593,0.0,0.040546014149516585,0.338595581548738,5.578142249310847e-12,0.0,0.03680336111728642,0.0,0.0,0.03446709463894869,0.047814882860623124,0.0,2.3477396119558626e-14,0.0,[24],[1]
714,0.02074114715611379,0.0,0.0,0.0,0.0,0.0006817184645543876,9.01177530958615e-05,0.0,0.024706805926966172,0.0,0.0034484686104761,0.0,0.00542561000001867,0.0,0.0,0.0033451553372403782,0.0,0.3535910794594712,0.0,2.874809749066362e-10,0.01845909214402434,0.0,0.0,0.02379368484646442,0.0,1.7931636709524052e-11,0.0012164609836769708,0.0,9.037756941178007e-14,0.0,0.008351688729904947,0.0,0.0,0.0,0.010034012165076617,[17],"[35, 41]"
715,0.01797121220177967,0.0,0.0,0.0011894047880462821,0.0,0.00443987565734411,0.0,0.0,0.02782025698006007,0.0,0.0,0.0008318688390938088,0.003848561750008851,0.0,0.0,0.0,0.02143512963437312,0.0,0.002523280616745474,0.0,0.0,0.0021297467018648346,0.0,0.004491311253421924,0.03895785097844379,1.2311938027468123e-12,0.0,0.006428958448738978,9.258634300640394e-14,0.0,0.0026306123991509858,0.0,0.0,0.0,0.012985270681352882,[24],"[32, 37]"
716,0.024870291564644324,0.0,0.05490409736836449,0.008216367155698871,0.0,0.0002484062130723539,0.0,0.14845824486557216,0.0142007466232317,0.054866218032234536,0.0,0.04448398137121024,0.0,0.0741985524530707,0.02996595785873985,0.0,0.0,0.01831666619162682,0.0,0.0,0.0,0.05826776358886757,0.0,0.02583086308487777,0.003858285084773001,7.39777721334194e-12,0.028863729623188995,0.0,7.513834348394635e-12,0.0026521217760366008,0.0,0.0,0.12149734055994847,0.0,0.0,[7],"[35, 40]"
717,0.0,0.015604219248115458,0.00013567161471208616,0.006922707120103434,0.0009996141794874449,0.0,0.0,0.0,0.0,0.0017949138514833708,0.0,0.0,0.0023441629039314604,0.0015614204491906881,0.003766520839409441,0.00042934018903012126,0.19844763266250567,0.003413303894443202,0.0001926188468923926,2.65032209901226e-10,0.0030134413291993023,0.0,0.0,0.0048185029620874285,0.014001269825780401,0.0,0.0,0.0,6.24671230623164e-14,0.44281115177176367,6.690267804253208e-05,0.0,0.014373704245748447,0.0,0.0,[29],[20]
718,0.01587817381746421,0.0,0.0,0.0,0.0,0.0006777397124709163,0.0,0.0,0.026336629455306005,0.0,0.0,0.0039778556221218495,0.0,0.00013194350978080373,0.0,0.0026439717257393277,0.0,0.0,0.0,3.4187162820466797e-10,0.0,0.0,0.0,0.0,0.004095509055425599,2.633553190721739e-12,0.0018014197510759764,0.008961785156932297,7.838276803463111e-16,0.0,0.0003194686585777922,0.0,0.0,2.5439000434168303e-16,0.0,[8],[-1]
719,0.012483619803195753,0.0,0.012775848731309174,0.00112933484123648,0.0,0.0002699336215615622,0.0,0.020090407719262727,0.012896055095497324,0.017601831548272124,0.0,0.008760682163150185,0.0,0.018395572122144408,0.0,0.0,0.0001062047787305844,0.0,0.021592450333297,2.1627524546270228e-10,0.0,0.49045348942271866,0.0,0.006734863076558698,0.0,0.0,0.0,0.0,0.0,0.006630442321901477,0.0,0.0,0.013008872759664168,1.1965626480031485e-14,0.0,[21],"[8, 18, 35]"
720,0.026058355864595546,0.0,0.0,0.0,0.0,0.0,0.26288186129382046,0.0,0.019612664773294264,0.12175688157804875,0.0,0.010290136204123784,0.0,0.0,0.0,0.0,0.0,0.0022702054258737186,0.0041593193256953135,0.0,0.4093670834401686,0.0,0.15023388289334597,0.0,0.0,5.896646466785941e-12,0.09036347549792596,0.02476348651759372,1.5540463135031782e-12,0.0033190271315440283,0.0,0.0,0.0,0.0,0.018217218390476443,[20],"[10, 23, 40]"
721,0.0,0.002417609891151101,0.0,0.12319261398293903,0.002184065317887803,0.5521650258620698,0.0015041747487465414,0.01793745608520731,0.0,0.001798198034187804,0.0049879735290573,0.0073866121302434895,0.0,0.027880865849734295,0.0017395726537826242,0.0,0.0,0.0,0.0,0.0,0.03528110818352706,0.018463631975439636,0.007599834538276595,0.0,0.0,0.0,0.0,0.051386313399901365,5.32370443258575e-13,0.0,0.0,0.020458838092602058,0.0,0.0,0.0,[5],[31]
722,0.02125022832044037,0.0,0.04925493627063833,0.006850209730252218,0.0,0.0002762545989060691,0.0,0.07299650907870418,0.013119583586458409,0.04643119603631581,0.0,0.021472460787581846,0.0,0.0,0.0,0.0,0.0013587040486725138,0.0036391856659827504,0.20135546057571022,3.7467809570446313e-10,0.0,0.0,0.0,0.003022313899011484,0.002448709396989058,7.89758734549621e-12,0.004411210133679436,0.037776345121811564,9.767939564939235e-13,0.005044562208980546,0.0,0.0,0.0,0.0,0.0,[18],"[35, 40]"
723,0.026584215248025463,0.0,0.07010253182501615,0.010638040510659579,0.0,0.0007366215569265041,0.0,0.22703875681213384,0.01249895295726564,0.054656878895682014,0.0,0.0597524390880097,0.0,0.06488289124500608,0.06301138361127302,0.0,0.0,0.0034626852403376097,0.0,4.962857540690752e-11,0.0,0.0,0.0011484181918946532,0.006585751999193161,0.0055072111997313536,1.070481504412172e-11,0.0,0.0,0.0,0.0016605162884783425,0.0,0.0,0.0,0.0,0.0,[7],"[16, 35]"
724,0.010254916275149082,0.0,0.0,0.0,0.0,0.0,0.07533724082654976,0.0,0.011590314109114975,0.03534812333918857,0.0,0.46157801801740045,0.05534821524511282,0.0,0.01715594517446973,0.03997988033448566,0.01622072987031748,0.015723522468530912,0.0,0.0,0.0,0.0,0.014816516779761785,0.0035547333361970824,0.006329695419024879,0.0,0.0,0.009822645809367633,0.0,0.01703968455888101,0.0,0.000670399359157299,0.03311141157413002,8.668435758538439e-14,0.05866944566751912,[11],"[15, 40]"
725,0.00925868575843042,0.0,0.0,0.0016302751817758243,0.0,0.0,0.018490646506106437,0.05250123988475684,0.007242410317572373,0.03081222402468811,0.0,0.11110427278020253,0.0,0.42284070052835565,0.0008400373057350645,0.08774865895181753,0.0,0.0,0.04012156315709189,1.5673785402556434e-10,0.05040487186310841,0.0,0.0,0.0,0.006449574283861941,0.0,0.11590189079890435,0.0,0.0,0.0,0.1124599661866429,0.02470118244861672,0.014255237974654455,5.109964742624001e-15,0.0,[13],"[10, 40]"
726,0.014891735415046325,0.0,0.01895674999681004,0.0018994821345437924,0.0,0.00022808827618045027,0.0,0.014937882343867247,0.014450352080980085,0.024346667406897966,0.0,0.008941615203489442,0.0,0.02229221531711268,0.0,0.0,0.0,0.0,0.02295396315488226,3.622210606258411e-10,0.0,0.4834734068683101,0.0,0.004106688996439829,0.0,0.0,0.05697098712738998,0.0,0.0,0.006374356454360536,0.0,0.0,0.00927370389625403,1.931262781483639e-14,0.0,[21],"[8, 35]"
727,0.01731763303095796,0.0,0.04565678656561354,0.007059549221034373,0.0,0.0006254955688723613,0.0,0.15537818499373005,0.008114346343110932,0.03452168926462404,6.845402404895522e-05,0.037356778169100775,7.975266617934875e-05,0.0,0.0,0.0,0.0020685767088624244,0.02465726300434137,0.38575853006690747,1.076495042576513e-10,0.0,0.0,0.0,0.01872577979483377,0.0,2.1629194392652805e-12,0.033395067070910577,0.09263876360182188,5.625968783432001e-12,0.0013279231178288035,0.0,0.0,0.0,0.0,0.031385768936660736,[18],"[23, 35]"
728,0.029356457119595274,0.0,0.059419612728677774,0.007465180954065156,0.0,0.0,0.0,0.0,0.02124847462515232,0.07040829224429265,0.0,0.0,0.0,0.0,0.011290934494708353,0.0,0.0,0.0,0.0,2.885078674068295e-10,0.014155335690098638,0.0,0.0,0.0,0.13864089865946386,0.0,0.17245723526532253,0.0,1.1956430310042059e-12,0.0014323986434846777,0.0,0.031202287318004205,0.0,1.0701683485668731e-15,0.03418259569741835,[26],[40]
729,0.023430241745600672,0.0,0.06325280877163587,0.009744968187587832,0.0,0.0007555664269441611,0.0,0.2207686328714163,0.010389236188432852,0.04708657407963177,0.0005182658658156029,0.05422908168856148,0.0,0.03995741409520015,0.05822180900735846,0.0,0.0,0.0,0.0,2.9317467937625985e-10,0.017378317331761966,0.0,0.0,0.0,0.0,5.079436539100854e-12,0.030626729799452034,0.0,9.043313165540158e-12,0.0,0.2108581349021094,0.0,0.10142922208949506,0.0,0.006403789519625024,"[7, 30]","[4, 16]"
730,0.030395318512833707,0.0,0.009542317458501764,0.00313406280474024,0.0,0.0,0.0010417744087467004,0.019445268233652526,0.03840268057730914,0.04432554668620226,0.0,0.0,0.10043606890584751,0.0,0.0,0.0,0.0,0.01665810400630084,0.007299798511556171,4.768641552514101e-11,0.0,0.034416514340800765,0.018473569667632358,0.0,0.16128505728484208,0.0,0.018227322013805825,0.0,0.0,0.019391192972245726,0.012590422950266689,0.047670909190955874,0.003787477529875844,7.524171884900144e-15,0.013607395511437501,[24],[40]
731,0.009258685758430415,0.0,0.0,0.0016302751817758177,0.0,0.0,0.018490646506106427,0.05250123988475705,0.007242410317572381,0.030812224024688053,0.0,0.11110427278020212,0.0,0.42284070052835493,0.0008400373057347995,0.08774865895181795,0.0,0.0,0.040121563157091054,1.5674092063637807e-10,0.05040487186310818,0.0,0.0,0.0,0.006449574283860865,1.0,0.0,0.0,5.329600489183219e-13,0.0,0.04897292015591476,0.025402106494611557,0.0004639822962380224,0.0,0.0,[25],"[10, 15, 40]"
732,0.021413927248483507,0.0,0.057440983559991485,0.008726580473388378,0.0,0.0007432021849604805,0.0,0.18415966091551422,0.009974927514369875,0.04284001434369807,0.00022316961730864407,0.04482106050388034,0.0001341580754291937,0.0,0.0,0.0,0.0024542981691794918,0.02875303075501055,0.48854276359228416,8.842252217832984e-10,0.0,0.0,0.0,0.02371973783745396,0.0,4.448418882311118e-12,0.0,0.12028259998050549,6.032386533554317e-13,0.002429089694059868,0.0,0.0,0.15724660312850922,2.2636632456078682e-15,0.034114019596345205,[18],[35]
733,0.0,0.0019825784544623836,0.0,0.12660599156774416,0.0026646610687410246,0.5872098457112833,0.0016830843555929443,0.018491227052767765,0.0,0.0016754684023259966,0.005808699312252877,0.007807895937398353,0.0,0.028725589211640725,0.002248827573854951,0.0,0.0,0.0,0.0,0.0,0.037280095727445985,0.015694549715401646,0.0,0.0,0.0,2.047769944344771e-12,0.006416020564257747,0.05420140155865316,5.1290491803798594e-14,0.0017068941744261081,0.0,0.02146556139113069,0.0,0.0,0.0,[5],[31]
734,0.0030581121383481333,0.0,0.0023291690529296917,0.10048626195827072,0.0,0.0,0.0,0.0,0.004200849839432315,0.0,0.0,0.0,0.011050114724797108,0.0,0.0,0.0065802435819102886,0.009819283730495353,0.0,0.03386801202119532,0.0,0.0,0.0,0.0,0.0060702322657394045,0.017617271179562133,0.0,0.0,0.0,1.2479576126795038e-14,0.0,0.006525506921979846,0.0,0.005763546888297725,0.0,0.0,[3],[-1]
735,0.019647007129089546,0.0,0.026035484809982072,0.005044623165832261,0.0,0.0,0.0,0.0104425665599967,0.015309373149235039,0.05216398017809691,0.0,0.0,0.0,0.0,0.018986128881773732,0.01918147136945217,0.00018052944462968945,0.0,0.00849992406847179,3.644882565127998e-10,0.010732926677041326,0.08081527332382604,0.002415766460462477,0.0,0.06641111386865926,0.0,0.011152484781687311,0.01101140109610616,7.453840740945233e-13,0.020036096848720066,0.0,0.040674639682675026,0.003133127039705186,1.4985938644455588e-14,0.06992360094151168,[21],[40]
736,0.010254916275149085,0.0,0.0,0.0,0.0,0.0,0.07533724082654972,0.0,0.01159031410911498,0.03534812333918851,0.0,0.46157801801740045,0.055348215245112735,0.0,0.017155945174469736,0.03997988033448542,0.016220729870317432,0.015723522468531023,0.0,0.0,0.0,0.0,0.01481651677975946,0.0035547333361969973,0.0063296954190245665,0.0,0.0,0.009822645809367734,1.0,0.007188206482421782,0.0,0.0005299847534843498,0.0,0.0,0.02596581117128572,[28],"[15, 40]"
737,0.0,0.001982578454462395,0.0,0.12660599156774419,0.0026646610687410203,0.5872098457112829,0.001683084355592919,0.0184912270527677,0.0,0.0016754684023260217,0.005808699312252883,0.007807895937398489,0.0,0.02872558921164088,0.002248827573854927,0.0,0.0,0.0,0.0,0.0,0.03728009572744422,0.015694549715401466,0.0,0.0,0.0,2.047644868591297e-12,0.006416020564258492,0.05420140155865319,5.21298933332591e-14,0.001706894174427184,0.0,0.021465561391130598,0.0,1.0,0.0,[33],[31]
738,0.019527273730785347,0.0,0.0,0.0,0.0,0.0,0.1669652051883933,0.06994407980272539,0.008763677812667904,0.04380644972943491,0.0,0.024509772670707593,0.0,0.030178034892044233,0.0,0.030158349335260834,0.006536436053381856,0.013604088573868278,0.055088356408637594,7.832802851829661e-10,0.0,0.0,0.0,0.0,0.05076777147868608,3.357848755963838e-11,0.0,0.0,1.3586303384699278e-13,0.0,0.0,0.09917885731351382,0.0,0.0,0.0,[6],[40]
739,0.018305712662659537,0.0,0.0,0.0,0.0,0.0,0.2844542747491742,0.0,0.012114608598178488,0.10182084099418169,0.0,0.0,0.0066029217048489885,0.0,0.0,0.007446496150308719,0.0,0.0,0.0,4.405852652566167e-10,0.23352823278610693,0.0,0.24578610098807363,0.0,0.0,1.771228967231268e-12,0.02090802609355235,0.028208364971364565,0.0,0.00791737495765566,0.0,0.0,0.0,8.72612225761225e-15,0.044613440671031436,[6],"[10, 15, 40]"
740,0.015434376159121067,0.0,0.0,0.0,0.0,0.0,0.2908121657965853,0.0,0.009329730209558202,0.09264695703856042,0.0,0.0,0.020666120320469605,0.0,0.0,0.0322729408480663,0.0,0.007725561612320464,0.0,0.0,0.0,0.1316160707991292,0.0,0.026461176318378916,0.0,8.739341962282706e-12,0.04525677737469224,0.023851793357072652,0.0,0.0,0.3092829049195689,0.0,0.0,0.0,0.0,"[6, 30]","[15, 40]"
741,0.009521788839907787,0.0,0.003635262449386101,0.0003177708152877107,0.0,0.0002533453219639543,0.0,0.00490945647499979,0.013809791836008882,0.008951355058417317,0.0,0.0,0.08059342815242708,0.021370014719272915,0.0,0.0,0.0,0.015331350751429097,0.0,0.0,0.0,0.01522568264663385,0.011120500218719851,0.025735806012313643,0.05597818460796636,1.1114095499792252e-11,0.005663240129666865,0.06260249168741772,0.0,0.01155707295726698,0.0,0.0,0.0,2.7960249505709455e-15,0.0,[12],[4]
742,0.0,0.008020561008930019,5.193011401141194e-05,4.387261318787522e-06,0.0011059122484699648,0.0,0.0,0.0,0.0,0.0012358821486572527,0.0,0.0,3.345121261888344e-07,8.609138075132068e-05,0.0,0.0001526225111120582,0.018464700696070376,0.0002548046408218139,0.00016642889727522083,2.398614898243328e-10,0.0002491242131321342,0.0,0.0,0.0,0.0004549561638931599,0.0,0.0,0.0,6.285817621467879e-15,0.0,4.5866371002885434e-05,0.0,0.0,0.0,0.000318329961641575,[16],[20]
743,0.021401366332063285,0.0,0.0,0.0,0.0,0.0,0.35411903817807067,0.0,0.013827650464127325,0.12262292776191291,0.0,0.0,0.01250149778383722,0.0,0.0,0.01782253698067431,0.0,0.0011800489117106913,0.0,0.0,0.11358151797528451,0.025980446706690485,0.0,0.003323304995592579,0.0,5.287093171451346e-12,0.0,0.04132548639328766,7.722662784623481e-13,0.002346580931124786,0.0,0.0,0.0,0.0,0.03154548100261452,[6],"[10, 15, 40]"
