Node,Cluster_0,Cluster_I,Cluster_II,Cluster_III,Cluster_IV,Cluster_V,Cluster_VI,Cluster_VII,Cluster_VIII,Cluster_IX,Cluster_X,Cluster_XI,Predicted Label
0,0.0,0.0,0.0,0.0,0.0,0.029684778204905008,0.0,0.008137303160938724,0.0082513944486337,0.01697460554571869,0.0,0.006895913905528354,[5]
1,0.0,0.0,0.0,0.0,0.0034590333613389343,0.0334784582406179,0.0,0.0039011507253183496,0.008790243315734468,0.024469144471061167,0.0,0.008767922652132836,"[5, 9]"
2,0.0,0.0,6.482503553115414e-07,0.0,0.0,0.01363389606135858,0.0,0.005520080396033006,0.0044838771757137914,0.005364306032710038,0.0,0.002538571280586309,[5]
3,0.047533358151602784,0.0,4.609565222544056e-05,0.0,0.0,0.0,0.0,0.003943001674677151,0.0,0.0,0.0934417239691792,0.0,[10]
4,0.0,0.0,0.0,0.0,0.0,0.014364648520594906,0.0,0.009507136267870336,0.010184086521319387,0.0,0.0,0.0,"[5, 8]"
5,0.0,0.0,0.0,0.0,0.0,0.019599852804183426,0.0,0.005132704166856732,0.013367814493334842,0.005763018839485884,0.0,0.0020215980737330517,[5]
6,0.00010736692583535306,0.0,3.389113285243336e-06,0.0,0.0,0.012651871491001136,0.0,0.0,0.00484305204271991,0.0,0.0,0.03918006215014219,[11]
7,0.0014605332613490708,0.0,3.497503844220164e-06,0.0,0.0,0.010958900806231889,0.0,0.0036285939872337846,0.003680072063438033,0.0064170095097787995,0.0,0.008103468820298826,"[5, 11]"
8,0.0,0.0,0.0,0.0,0.0,0.03643960157599743,0.0,0.00442755913905458,0.007885670640369817,0.016735025298511598,0.0,0.0,[5]
9,0.0,0.0,0.0,0.0,0.0,0.09782916981053863,0.0,0.002800447892425991,0.01412846389335491,0.06859270466737555,0.0,0.0,"[5, 9]"
10,0.01664772923473053,0.0,1.8469983710981266e-05,0.0,0.0,0.0038614855719880077,0.0,0.0034729323642762352,0.0,0.011339558959372994,0.0,0.011143329410625272,[0]
11,0.0,0.0010491764251352783,0.0,0.0,0.006055303350307792,0.0,0.039426359248247646,0.05316495062593458,0.01442879439292356,0.0,0.031970971176071734,0.013579445008997578,"[6, 7]"
12,0.0018769557695660645,0.0,4.517968726534158e-06,0.0,0.0019094552821340416,0.011815367097682477,0.0,0.003680240424569536,0.009863564461479821,0.011720748088797127,0.0,0.004808338819727899,"[5, 8, 9]"
13,0.0,0.0,0.0,0.007692121266107449,0.0,0.10763553239183238,0.0,0.008811367487607013,0.027549444885347947,0.09926496722941143,0.0,0.006524482424254164,"[5, 9]"
14,0.0,0.0,0.0,0.0,0.0,0.013446949225434752,0.0,0.013408642366157101,0.05064665356453295,0.0082875818179327,0.0,0.014808717835373278,[8]
15,0.0,0.06316986472743898,0.0,0.0,0.005554640595928999,0.1415441882100698,0.0,0.004869460453215184,0.0,0.011060710771119127,0.0,0.0,[5]
16,0.0,0.0,0.0,0.017482528080797786,0.0,0.0442353226612406,0.0,0.008491363877760817,0.0,0.07048650799223381,0.0,0.0014330428714439314,[9]
17,0.005292866037324058,0.0,8.155166242192125e-06,0.0,0.0,0.0060417122390269366,0.0,0.005834052566729427,0.007804804889984376,0.009966900280135926,0.0,0.006917765174170489,"[8, 9]"
18,0.011427077099545085,0.0,1.5238102915433917e-05,0.0,0.0,0.006624372522037473,0.0,0.01784876928368722,0.02135847467532599,0.021960326797872205,0.0,0.012547921873726353,"[7, 8, 9]"
19,0.013011147521636734,0.0,1.5436160975595476e-05,0.0006577617764754449,0.0,0.0,0.0,0.0023519739198855803,0.02193646194494719,0.008893547955341448,0.0,0.007255433756598652,[8]
20,0.0,0.0,0.0,0.0,0.0,0.022751262725722646,0.0,0.006392493706993672,0.0,0.022581993288671845,0.006347220276615934,0.0,"[5, 9]"
21,0.0037913922616549293,0.0,6.709485798856594e-06,0.0,0.0,0.009877700599718776,0.0,0.003943542299779148,0.00691276922047551,0.008620104588863763,0.0,0.008384156837986635,"[5, 9, 11]"
22,0.008308478395601894,0.0,1.1618264392284158e-05,0.0,0.0,0.004463000581847659,0.0,0.004642496766312695,0.006946645928478539,0.02007578366835335,0.0,0.0,[9]
23,0.0,0.0,0.0,0.009606346335487688,0.0,0.10954490097429295,0.0,0.009332162600093792,0.009812787287066365,0.10068571462346516,0.0,0.0,"[5, 9]"
24,0.010934380115504109,0.0,1.2317450164830374e-05,0.0,0.0002742487845081834,0.0,0.0029991137865429986,0.003491890029251056,0.0,0.008136800359601981,0.000249191400878731,0.0,"[0, 9]"
25,0.001463882023705337,0.0,2.6998620062549775e-06,0.0,0.0,0.004050759763977609,0.0,0.002344698219874426,0.0,0.005258667839953226,0.0,0.0013633341100924821,"[5, 9]"
26,0.009379340231214346,0.0,1.2611545099928669e-05,0.0,0.0,0.0053218643220250515,0.0,0.021257839937063268,0.022969312462403964,0.014115329251318389,0.0,0.006081397213674938,"[7, 8]"
27,0.0009085876193055213,0.0,3.639514890922945e-06,0.005426541243336951,0.0,0.016265614726339847,0.0,0.0,0.01091194325077769,0.023131568877207558,0.0,0.005114576479467233,"[5, 9]"
28,0.0,0.023822247566560765,0.0,0.007715408722342548,0.0,0.0,0.0,0.0,0.006395240986327218,0.0,0.05564130816757932,0.02309686924961968,[10]
29,0.0,0.041797640837165737,0.0,0.0,0.00310756793974018,0.11053221346469165,0.0,0.0,0.0,0.008870623114021025,0.0,0.0,[5]
30,0.0,0.0,0.0,0.006367255690031866,0.0,0.002697950503182141,0.0,0.003419188780272747,0.0,0.0,0.0,0.0008462218789680998,[3]
31,0.0,0.0,0.0,0.0,0.002235524515503207,0.0,0.003814786314072711,0.003989654795044416,0.0,0.0,0.0,0.0014648345001416552,"[6, 7]"
32,0.0,0.0,0.0,0.0,0.0,0.04667035596026553,0.0,0.004917684086196475,0.014882267959084428,0.03863654516255827,0.0,0.0020762861474647133,"[5, 9]"
33,0.0,0.0,0.0,0.004467928535785838,0.0,0.061845380627847744,0.0,0.00438184350816796,0.01562431616118372,0.04559187155915748,0.0,0.0,"[5, 9]"
34,0.0,0.0,0.13362351466095185,0.0,0.0,0.0010268673490452427,0.010044878953267663,0.005126769895090525,0.004493318731344992,0.009960295295582917,0.0,0.0,[2]
35,0.0,0.0,0.2261073131425797,0.0,0.0,0.0,0.023328844395601265,0.007055894240317649,0.0007570465280799964,0.011895953790939719,0.0,0.020629296315160438,[2]
36,0.0,0.0,0.0,0.0016791287642161708,0.3647681673849214,0.041200289741332975,0.0,0.0,0.0,0.0,0.024090492681080346,0.0886179463626225,[4]
37,0.017034201253649496,0.0,2.00652290724957e-05,0.0,0.0,0.0,0.0,0.005435256602267738,0.040171967548269155,0.013521231239480926,0.002852024757327721,0.01462374923665985,[8]
38,0.0,0.0,5.019075326254616e-07,0.0,0.0,0.0,0.0,0.00462840549164217,0.0,0.0,0.011729200226988987,0.006384116625600886,[10]
39,0.0,0.00455025320194454,0.0,0.0,0.0,0.029909948926929237,0.0,0.009482361630394821,0.0033260167414677737,0.0,0.010718366601692519,0.0,[5]
40,0.02040072011709558,0.0,2.4297832410574756e-05,0.0,0.0,0.0,0.0,0.010298581323913853,0.022202707706704877,0.0,0.0,0.0283355734916991,"[0, 8, 11]"
41,0.0,0.011130511301856725,0.0,0.0,0.01160960750378689,0.0,0.05627979158334053,0.010517726056903915,0.0,0.0,0.002649474945896175,0.003182455546773119,[6]
42,0.01209972103998256,0.0,1.3467998250353486e-05,0.0,0.0,0.0,0.0,0.0,0.0,0.008689962568157393,0.015913911949912814,0.0027568920823963583,"[0, 10]"
43,0.0,0.016067366629202176,0.0,0.0031191654960191504,0.017597907360207596,0.0,0.07938648882419297,0.0,0.0,0.0,0.005673133148078619,0.0,[6]
44,0.026052306335276165,0.0,2.673343618716259e-05,0.0,0.0,0.0,0.0,0.002828637695617669,0.0014013074720226606,0.0,0.0,0.01970808401060518,"[0, 11]"
45,0.04432133764414764,0.0,4.298806304957131e-05,0.0,0.0,0.0,0.0,0.006128442584857821,0.0,0.0,0.08590969584093983,0.013648382230371525,[10]
46,0.0,0.0,0.0,0.0,0.0,0.007016512866543314,0.0,0.0034743523699977586,0.0,0.0005386981475244424,0.0,0.0,[5]
47,0.0,0.0,0.0,0.005375267521538485,0.0019030760275468243,0.0,0.008597974940240812,0.003123353953549768,0.0,0.011187405742381317,0.0022834345465917653,0.001334337533307482,"[6, 9]"
48,0.0,0.0432610277370445,0.0,0.0,0.00386781591186209,0.09456214346007423,0.0,0.002522403863818785,0.0021161284296670104,0.0,0.0,0.0,[5]
49,0.0031698428123050535,0.0,6.0307431277881175e-06,0.0021716478478824735,0.0,0.0,0.0,0.0007878148475849969,0.012440435173307148,0.0,0.00519147243592312,0.006888966937104982,[8]
50,0.024147332920404864,0.0,2.4860632220395464e-05,0.007882330102071788,0.0,0.0008441081342063412,0.0,0.0,0.029808872029691028,0.00865623633203842,0.003685830163545208,0.0,"[0, 8]"
51,0.02257222765942175,0.0,2.4858973986632762e-05,0.01215133289791544,0.0,0.0,0.0,0.0,0.015211535342605179,0.018962149046804263,0.0011294735561901646,0.013725739739173286,"[0, 9]"
52,0.006709200835748221,0.0,7.277187218089503e-06,0.0,0.0,0.0,0.0,0.001326145516606393,0.001125497511870466,0.0,0.0178056510410269,0.0007729827599807611,[10]
53,0.004004800037585036,0.0,8.63632683111234e-06,0.0,0.0,0.0,0.0,0.0,0.056026939172049914,0.0,0.0,0.017162452665742498,[8]
54,0.0,0.02039423847813898,0.0,0.0,0.0004938384162356045,0.05195902661796125,0.0,0.0001474954034826146,0.0,0.0,0.0,0.0,[5]
55,0.0,0.04477092981847274,0.0,0.0,0.0029767956539973658,0.08554338934392046,0.0,0.0008868892237758427,0.0,0.0,0.0,0.0,[5]
56,0.11916820372693884,0.0,0.00010910672774561927,0.0016240396974498896,0.0,0.0,0.0,0.0,0.0,0.0,0.06799123491325,0.0,[0]
57,0.02416798077473083,0.0,2.439879449436277e-05,0.0,0.0,0.02595090633884398,0.0,0.0028551364907409664,0.0,0.026417138368866014,0.0743032845407762,0.0,[10]
58,0.061673629200499375,0.0,5.915726952081052e-05,0.0,0.0,0.0,0.0,0.008856273975572414,0.0,0.010696393337190118,0.12347207362241215,0.005851809329304535,[10]
59,0.020271948828980063,0.0,1.9494207695526217e-05,0.0,0.0,0.0,0.0,0.0008862075241604157,0.0,0.0,0.0377003751835991,0.0,[10]
60,0.028884056343095033,0.0,2.809751858617316e-05,0.0,0.0,0.0,0.0,0.00032543024871909,0.0,0.0,0.074941206848037,0.0,[10]
61,0.02745166306350154,0.0,2.770280865488708e-05,0.0,0.0,0.0,0.006841561062743783,0.0257872621405174,0.0,0.0,0.08291896442869667,0.0,[10]
62,0.04266307293090355,0.0,4.043638455716336e-05,0.0,0.0,0.0,0.0,0.004282908957406288,0.0,0.0,0.10693850006337992,0.0023542474405479335,[10]
63,0.0665961417706272,0.0,6.233423672864976e-05,0.0,0.0,0.0,0.0,0.0,0.0,0.0,0.11873059100797681,0.0016269080763682826,[10]
64,0.10349425764337189,0.0,9.436858720166047e-05,0.0,0.0,0.0,0.0,0.0,0.0,0.0,0.10562445164087703,0.0,"[0, 10]"
65,0.042572000363271606,0.0,4.140274268575547e-05,0.0,0.0,0.0,0.0,0.0031328576669022723,0.0,0.0,0.08115359748947444,0.005394335456807857,[10]
66,0.03779963291066008,0.0,3.499632867056631e-05,0.0,0.0,0.017012487182788093,0.0,0.0,0.0,0.0,0.08969306453086633,0.0,[10]
67,0.05625750438992601,0.0,5.313157174342455e-05,0.0,0.0,0.0,0.0,0.0,0.0,0.0,0.11556075325227157,0.0033970286231763723,[10]
68,0.05222566398879013,0.004619652166746063,4.643759753304945e-05,0.0,0.0,0.0,0.0,0.0,0.0,0.0,0.15468112170581794,0.02832875108172269,[10]
69,0.0,0.0,0.0,0.00967089376484874,0.0,0.04106051523468638,0.0,0.007417477265402697,0.021015138691202008,0.07132599694203548,0.0,0.00451528586320206,[9]
70,0.048491488508629374,0.0,4.6154087458243554e-05,0.0,0.0,0.0,0.0,0.00390814122211262,0.0,0.0,0.07820962171595552,0.006147986795370468,[10]
71,0.053869717452834344,0.0,5.37562181996576e-05,0.0,0.0,0.0,0.0,0.004016115222933061,0.005678561893578666,0.0,0.12443021600848302,0.008585270641090133,[10]
72,0.03024842061135691,0.0,2.963723232709769e-05,0.0,0.0,0.0,0.0,0.0,0.018230381123875875,0.0,0.0,0.02210449968144871,"[0, 11]"
73,0.0,0.0,0.0,0.0025101364451785616,0.0005561431866694485,0.005589136563369963,0.0,0.025982081011307275,0.01912523159561748,0.0,0.0,0.0,"[7, 8]"
74,0.0,0.03516161591599947,0.0,0.006451590815216459,0.0,0.0,0.001793972900442944,0.03599841149124371,0.019107265642022198,0.0,0.0821409713153708,0.0014015325460149733,[10]
75,0.0,0.0,4.498173370224484e-06,0.0,0.0,0.0,0.0,0.02791711278323098,0.06580472086068098,0.0,0.0,0.0094248783221947,[8]
76,0.0,0.017160649693212474,0.0,0.0,0.0014523700834546867,0.03172173108908077,0.0004367597824623613,0.0051386934560951215,0.0,0.0,0.0011418250693705843,0.0,[5]
77,0.0,0.0020969289862004937,0.0,0.00643689632053084,0.0,0.05558796786333274,0.0,0.004468112207807454,0.015657823523727295,0.030041177351113297,0.0,0.0,[5]
78,0.0,0.015450379897959516,0.0,0.0,0.0,0.04438098158933834,0.0,0.0005674896129096426,0.0,0.0,0.0,0.0,[5]
79,0.0,0.01904796474478883,0.0,0.0,0.002132168653894162,0.072931612263869,0.0,0.014200853775438425,0.007271079687626249,0.013742280434545968,0.0,0.0,[5]
80,0.03163667181159658,0.0,3.249794678929941e-05,0.006780847692714924,0.0,0.0,0.0,0.0,0.04085056502104246,0.0013101309829171752,0.0,0.007912722468251783,"[0, 8]"
81,0.014078007757411446,0.0,1.604034018504361e-05,0.0008322407420684438,0.0,0.017191976652978676,0.0,0.0,0.02531909199299228,0.03159094801002746,0.0,0.002518903837414669,"[8, 9]"
82,0.0,0.002577228608990696,0.0,0.0027550592672872113,0.009229163844182951,0.0,0.04118314635412475,0.002503387774505534,0.0024803492604187865,0.0,0.0017241194145693939,0.0019131425272813705,[6]
83,0.0,0.0018553183798502594,0.0,0.001614330155101468,0.008373106994879793,0.0,0.04582147527479148,0.03486786674440192,0.01203173589749172,0.0,0.020401745252584844,0.009346725443961496,"[6, 7]"
84,0.0,0.07670922709596607,0.0,0.0,0.011202535804914225,0.10258592198962976,0.02128604424863082,0.002327941029299131,0.0,0.0,0.0,0.0,"[1, 5]"
85,0.011799910123453385,0.0,1.4019900448179231e-05,0.0,0.0,0.0,0.0,0.0,0.02568398818028845,0.0,0.0,0.027010008500521834,"[8, 11]"
86,0.003214754536633675,0.0,5.267159239355855e-06,0.0,0.0,0.0,0.0,0.0026148790630275884,0.019095826341608443,0.0,0.0,0.007342568560782674,[8]
87,0.0,0.05109952259518125,0.0,0.0,0.006355812827896903,0.08135174105397283,0.005507897086324652,0.0,0.0,0.0,0.0,0.0,[5]
88,0.009814922157335374,0.0,1.2211581005397067e-05,0.0,0.0,0.0,0.0,0.0,0.03647521152179744,0.0,0.0,0.040797414533740084,"[8, 11]"
89,0.06238400929385019,0.0,5.808662135404397e-05,0.0,0.0,0.0,0.0,0.0,0.0,0.0,0.07715310456182012,0.0540694903969059,"[0, 10, 11]"
90,0.021787080686356465,0.0,2.287267844359752e-05,0.0,0.0,0.0,0.0,0.0,0.0,0.046273361139497725,0.0,0.03795521870475847,"[9, 11]"
91,0.0,0.01925731014405582,0.0,0.0,0.009160543111769396,0.04128488507523776,0.0013539636974220536,0.0,0.0,0.0,0.0,0.0,[5]
92,0.001182998967053339,0.0,6.229967893069889e-06,0.0,0.001131123683922594,0.0,0.0,0.0,0.0729341890412228,0.0,0.0,0.055217387379841755,"[8, 11]"
93,0.02575908997343072,0.0,2.7716346358072147e-05,0.0,0.0,0.0,0.0,0.0,0.011105093892068109,0.0,0.0,0.0577684275445455,[11]
94,0.008964975995755487,0.0,1.0600077597143226e-05,0.0,0.0,0.0,0.0,0.0,0.015881992047337815,0.0,0.0,0.018530326987331747,"[8, 11]"
95,0.020971205121702793,0.012638476600645312,1.682941822102906e-05,0.0,0.0,0.0,0.0,0.0,0.0,0.0,0.0,0.11095182265648632,[11]
96,0.0009529755152116185,0.0,0.0,0.0,0.020043007404563207,0.0044507223693203875,0.0,0.0,0.0013638627833672372,0.00014573736466084523,0.0,0.011713210681523333,[4]
97,0.00208591200104075,0.0,5.04995886844186e-06,0.0,0.0,0.0,0.0,0.0,0.049060332843063575,0.0,0.0,0.04474107010015221,"[8, 11]"
98,0.00392304570574144,0.0,0.036017315577259165,0.0,0.0,0.0,0.0,0.0,0.019914870667203995,0.0,0.0,0.020648845578484534,[2]
99,0.009153065446326597,0.0,8.914592934384357e-06,0.0,0.0,0.0,0.0,0.0,0.0,0.0,0.0,0.048226987860481386,[11]
100,0.002438410305606007,0.002560835255166696,2.0060066188291707e-06,0.0,0.0020607168355387126,0.015193099576689833,0.0,0.006196361884413974,0.0006177677635022533,0.0,0.0,0.0,[5]
101,0.012226638301234223,0.0,1.256924454006249e-05,0.0,0.0,0.0,0.0,0.004548493994360991,0.0,0.0,0.0,0.02224797093003191,[11]
102,0.00567788974822324,0.0,7.339272278585291e-06,0.0,0.0,0.0024986258198281645,0.0,0.027253311786455986,0.0,0.017868016079958464,0.0,0.006148070047850912,[7]
103,0.0,0.012990076274743457,0.0,0.0,0.001560025083673099,0.03572861581563421,0.0,0.0016842024777737592,0.0003963764531033235,0.0,0.0,0.0,[5]
104,0.0,0.06357653836220942,0.0,0.0,0.00616330056401506,0.11240050794472016,0.006764696643851234,0.008130681308134954,0.0,0.0,0.0,0.0,[5]
105,0.03767183167651756,0.0,4.2001650955029714e-05,0.05238885206956074,0.0,0.0,0.0,0.0044736946527526335,0.14002616995000491,0.021595244131485076,0.015615845121864778,0.01559181256934736,[8]
106,0.0,0.005755034575193246,0.0,0.0,0.0,0.05198430728126747,0.0,0.00572844297800824,0.0,0.028125071271198242,0.0,0.0,[5]
107,0.0,0.0,0.0,0.004582129881763317,0.0,0.04494721427932243,0.0,0.00317220533102004,0.009799359495685842,0.03976758574290705,0.0,0.0,"[5, 9]"
108,0.0,0.0,0.0,0.0012779049113238255,0.0626634699944319,0.033887956880241495,0.0,9.477440915939728e-05,0.005649460868362222,0.023369580047792948,0.0,0.015325983110962858,[4]
109,0.0,0.0,0.0,0.004630966083649197,0.0,0.05056697056182727,0.0,0.007506831484706109,0.022949548366714225,0.05652387184631182,0.0,0.005615786332239765,"[5, 9]"
110,0.0,0.0,0.04999011647873244,0.0,0.0,0.01769149369416784,0.0,0.0011495889759893273,0.000605936881983789,0.014670917879651035,0.0,0.0,[2]
111,0.0,0.0,0.0,0.014521907455309412,0.0,0.06089189412275009,0.0,0.007258231584568153,0.017323872370620247,0.08620278950219794,0.0,0.004764476500667593,"[5, 9]"
112,0.0,0.0,0.0,0.007798503020220913,0.0,0.05626682630714222,0.0,0.0014847909370726859,0.01961408490464902,0.044422222698289215,0.0,0.0,"[5, 9]"
113,0.0,0.0,0.0,0.005116083087452664,0.0,0.04197489141231691,0.0,0.00799039038148481,0.019520265739170737,0.0529173943521688,0.0,0.006689085214348701,"[5, 9]"
114,0.0,0.0,0.0,0.028669085650020115,0.0,0.05112063674005978,0.0,0.009778746041045182,0.0,0.11174204516148999,0.0,0.004787111098781889,[9]
115,0.0,0.0554345944995612,0.0,0.0,0.0075010673364149065,0.1108934045005579,0.0,0.00168633093636352,0.0038983389606182463,0.0014326446720715267,0.0,0.0,[5]
116,0.0,0.0,0.0,0.002291629618286371,0.0,0.04374881195841151,0.0,0.012011848742605245,0.024335095825817592,0.047905330994237515,0.0,0.00900372785429083,"[5, 9]"
117,0.0,0.016947343599614164,0.0,0.0,0.001460310386065197,0.06195840132202487,0.0,0.0,0.001967356869945944,0.0,0.0,0.0,[5]
118,0.0,0.0,0.0,0.003349951250976536,0.0,0.045246140052231834,0.0,0.009637064297822706,0.02482107911737445,0.05135528442232923,0.0,0.0063233427873055775,"[5, 9]"
119,0.0,0.0,0.0,0.012241690522817575,0.0,0.09432574898082073,0.0,0.011016525131946207,0.03272798687894808,0.10174257765833282,0.0,0.00553545870271816,"[5, 9]"
120,0.0,0.0,0.0,0.008228899552079377,0.0,0.07233671556328175,0.0,0.0056708633290621716,0.02213388657266844,0.07852915438519587,0.0,0.0052665634440522534,"[5, 9]"
121,0.0,0.0,0.0,0.014198633225163057,0.0,0.01684633331880975,0.0,0.009392845333367194,0.0,0.04405947288720275,0.0,0.0,[9]
122,0.0,0.003525852464691639,0.0,0.0,0.0,0.03680099112610304,0.0,0.0013289698213440546,0.004405203736023549,0.02079112750994646,0.0,0.0,[5]
123,0.0,0.0,0.0,0.0018545924455709547,0.0,0.043243579962822805,0.0,0.006169155507321103,0.02926259865034055,0.043185735853394816,0.0,0.004251970896585307,"[5, 9]"
124,0.0,0.0,0.0,0.014137640627544603,0.0,0.024802372822094947,0.0,0.009474529675948723,0.0,0.05993131439607627,0.0,0.0,[9]
125,0.0,0.0,0.0,0.0,0.0,0.024485126620230353,0.0,0.0,0.0,0.009667702280915179,0.0,0.0,[5]
126,0.0,0.05705580764195943,0.0,0.0,0.006348925028184016,0.09145610303263337,0.007011940564607711,0.0031731613428563625,0.0014281539044843576,0.0,0.0,0.0,[5]
127,0.0,0.034668967144492184,0.0,0.0,0.00361007200351989,0.0817036671501222,0.0,0.002397029408206454,0.0,0.0014023851692955825,0.0,0.0,[5]
128,0.0,0.025145195277642533,0.0,0.0,0.0027466916916230985,0.05252390655406899,0.0009484767222190221,0.0008646974168233152,0.0,0.0008782947734291918,0.0,0.0,[5]
129,0.0,0.03959661857691377,0.0,0.005410720022868856,0.00307538052571999,0.07375176586723409,0.0,0.0013199455474289738,0.0,0.005900759118127426,0.0,0.0,[5]
130,0.03697973043325065,0.0,3.6941146974736544e-05,0.0,0.0,0.0,0.0,0.0,0.0,0.05696869203390762,0.0,0.011915272465435034,[9]
131,0.0014115872774011053,0.0,2.0726935897131336e-06,0.0,0.0,0.008855803353375442,0.0,0.004767029487423601,0.0,0.0,0.01467788922868936,0.0,[10]
132,0.01774678304162965,0.0,1.655912127189704e-05,0.0,0.0,0.020428793853383486,0.0,0.0,0.0,0.0027579231175562384,0.0,0.0,"[0, 5]"
133,0.05428650329078454,0.0,5.365958690717987e-05,0.00454849888387176,0.0,0.0,0.0,0.0,0.04518841641723133,0.0035341046965939103,0.004670091663024538,0.0070203436247887295,"[0, 8]"
134,0.0065630826065508005,0.0,9.428234711643396e-06,0.0,0.0,0.0,0.0,0.010450337643316552,0.013737562518787905,0.0,0.0,0.030613172145532087,[11]
135,0.026647340214800655,0.0,2.4209796639272214e-05,0.0,0.0,0.01032855971747193,0.0,0.0017633326728757007,0.0,0.00875028347152608,0.0,0.03878773227533314,[11]
136,0.01682046667168182,0.0,1.9194679337264322e-05,0.0,0.0,0.0,0.0,0.0,0.006899763779825315,0.028601288819383317,0.0,0.013725570493297166,[9]
137,0.004469741759702824,0.0,5.82372511376564e-06,0.0,0.0,0.0,0.0,0.0,0.0,0.011047855090981967,0.000388962436260041,0.002916775175579778,[9]
138,0.0,0.0009149909007732253,0.0,0.0,0.0014858230868168747,0.0,0.014192887363045609,0.02410646682361062,0.007456107480526224,0.0,0.016927706699997484,0.008253490115803116,"[7, 10]"
139,0.0,0.008529390267095729,0.0,0.002920468272590668,0.004915865763703085,0.0,0.0432114029604645,0.052036738660834615,0.012616063366566819,0.0,0.05689809009571882,0.016734929410421335,"[6, 7, 10]"
140,0.0,0.00018050514266265707,0.0,0.0,0.0037296826211965415,0.0,0.027879870354286015,0.039870619409679973,0.01258306128869884,0.0,0.025481434825015064,0.011004386089310004,[7]
141,0.0,0.010310026839805576,0.0,0.0014447973116250336,0.008163446866709358,0.0,0.04780310430881067,0.03394409621888045,0.009218412895652247,0.0,0.02547113220984351,0.013511540146912296,"[6, 7]"
142,0.0,0.020705658814789165,0.0,0.005832543056683998,0.024386318495458012,0.0,0.11267572518321105,0.011489675399183451,0.0,0.0,0.018210201901331477,0.0012680009107741248,[6]
143,0.0,0.00841744148646757,0.0,0.0,0.004852194423863141,0.0,0.021590935685794684,0.06340476875461569,0.004417004184434169,0.0,0.014192887103778477,0.014846259201975956,[7]
144,0.0,0.0,0.0,0.0,0.0007396247048953457,0.0,0.01814077070930609,0.04996907802080328,0.01972051936529276,0.0,0.03185966534228468,0.009415535638057389,[7]
145,0.0,0.0,0.0,0.0,0.0031206649591277867,0.0,0.031751463271769,0.05299189680287466,0.022614675325937156,0.0,0.033717636943507295,0.01993308279604223,[7]
146,0.0,0.013165350685827108,0.0,0.0005493168685943597,0.0015556995129343957,0.0,0.026468251489258944,0.03938678182116666,0.013899917271748531,0.0,0.043163084450225084,0.021685027355664584,"[7, 10]"
147,0.0,0.00768499189441686,0.0,0.0,0.0019025517730573546,0.0,0.01818064143223474,0.03905825720650198,0.012385346418674389,0.0,0.028781883712783847,0.0022785188598531164,"[7, 10]"
148,0.0,0.0,0.0,0.0,0.002358230810624596,0.0,0.022633651579456803,0.05265246792139172,0.01585848895409802,0.0,0.027462089617923513,0.008948472998782724,[7]
149,0.0,0.0,0.0,0.0,0.0012305895494765507,0.0,0.02106209241528087,0.03758870886149626,0.013637067363128027,0.0,0.041110043797964006,0.014613772167290411,"[7, 10]"
150,0.0005365922092083425,0.0,1.7125587152011561e-06,0.0029615875700992993,2.4029656365349665e-05,0.0,0.004427802930254782,0.012339200737024526,0.009741941301604412,0.0,0.008152767779170234,0.0035876095244768203,"[7, 8]"
151,0.0,0.00465755851322977,0.0,0.0,0.003627223900623393,0.0,0.03616373634440267,0.08069818456002076,0.02755592385510972,0.0,0.049020543573097666,0.01465012053841261,[7]
152,0.0,0.024632989349679148,0.0,0.013549724876478101,0.02922332084801541,0.0,0.12478655677048289,0.0052939825846626395,0.0,0.00504628242228611,0.002755681296090115,0.0034250986763215054,[6]
153,0.0,0.007333583017636939,0.0,0.0,0.00110662496963864,0.02157307422926132,0.0,0.0,0.0006664320659813057,0.0,0.0,0.0,[5]
154,0.02486781993979392,0.0,2.6357279417990083e-05,0.0012825124829508542,0.0,0.0,0.0,0.0021408605988195075,0.03873040198071251,0.011786024026249769,0.0,0.013323858885796907,[8]
155,0.009245342507085587,0.0,1.036190157988615e-05,0.0004973580674884966,0.0,0.0,0.0,0.00027755909815916713,0.018608755382882113,0.015647605044482687,0.0,0.005701016199471559,"[8, 9]"
156,0.0,0.0,0.0,0.0,0.0013877589926470587,0.0,0.004651383249330576,0.006143425174624579,0.0,0.0,0.0,0.0,"[6, 7]"
157,0.018836485692509602,0.0,2.1290796735731678e-05,0.0,0.0,0.0,0.0,0.028879701765554183,0.004282022057870912,0.0,0.0,0.0463581469728186,[11]
158,0.0,0.00635791788606345,0.0,0.002781257056020985,0.009206658689062256,0.0,0.03632183922312833,0.0,0.0,0.001764429715218327,0.0,0.0,[6]
159,0.06795826620813626,0.005766563886498558,5.972413574480826e-05,0.010842993116038965,0.03174956334844273,0.01672588102175523,0.000729680000090681,0.0010074236496578287,0.0,0.0,0.0,0.0,[0]
160,0.0,0.0,0.0,0.0004495239537505627,0.0,0.0352752097780491,0.0,0.01159614592022423,0.015924684477118752,0.0190619420713076,0.0,0.00032309791064663855,[5]
161,0.0,0.025895137893095513,0.0,0.015501407024219984,0.0015161283376877513,0.08729355998773916,0.0,0.0019270525442362455,0.003390165893019868,0.028944971682618337,0.0,0.0,[5]
162,0.0,0.0,0.0,0.008753718439734586,0.0,0.04315693110958638,0.0,0.003077550375975655,0.012419084492918444,0.05696928960096426,0.0,0.0,"[5, 9]"
163,0.0,0.0,0.0,0.0037329236044652404,0.0,0.04412188214721178,0.0,0.0028692776132592866,0.014890884526330075,0.045028727934473906,0.0,0.0018264344933992351,"[5, 9]"
164,0.0,0.0,0.0,0.011074023009997463,0.0,0.0678468206483324,0.0,0.006649713076597916,0.022775845082876684,0.08177579400135154,0.0,0.006177045756127381,"[5, 9]"
165,0.0,0.0,0.0,0.004220416218368446,0.0,0.05875175707817136,0.0,0.003954049379244867,0.015311332094642525,0.05842852704924229,0.0,0.002223332839400812,"[5, 9]"
166,0.0,0.0,0.0,0.005587074455823575,0.0,0.042882506651490626,0.0,0.0037129095838650244,0.01925853022758802,0.05109030603160196,0.0,0.004785563312486797,"[5, 9]"
167,0.0,0.0,0.0,0.005829583560854708,0.0,0.06242876283935642,0.0,0.003949271303999807,0.029733105642568695,0.06636786962012596,0.0,0.003384391387831205,"[5, 9]"
168,0.0,0.0,0.0,0.004498045980754712,0.0,0.04519109924352939,0.0,0.0055811524165029144,0.0172034697370886,0.051994424707816615,0.0,0.004934679882414469,"[5, 9]"
169,0.0,0.0,0.0,0.004110313802854118,0.0,0.03320608276478251,0.0,0.0019314815075834224,0.003992409106000793,0.04148096502289581,0.0,0.0029673929484905362,"[5, 9]"
170,0.0,0.0007262359108495957,0.0,0.00446190490654337,0.147131955015727,0.04576273218926777,0.0,0.0,0.01190136460854142,0.015557033037615204,0.0,0.030099248747780857,[4]
171,0.0,0.0,0.0,0.009336763120079776,0.0,0.053536495702438784,0.0,0.004561683381603921,0.015418398163091297,0.05990077803896558,0.0,0.004683396691515769,"[5, 9]"
172,0.0,0.0,0.0,0.002409382307828015,0.0,0.02833539819539697,0.0,0.0019685535037041,0.008716998473182067,0.029305552352987218,0.0,0.0024005600925989063,"[5, 9]"
173,0.0,0.0,0.0,0.005846180233679749,0.0,0.047224052800258036,0.0,0.004280285945275761,0.013221071668099693,0.05280426596906837,0.0,0.003944896751410696,"[5, 9]"
174,0.0,0.0,0.0,0.0016231258678882944,0.0,0.020768904225279043,0.0,0.0016475308283950968,0.005501994712654575,0.020399957751504258,0.0,0.001988572978294744,"[5, 9]"
175,0.0,0.01456932595269145,0.0,0.014201251976013988,0.0,0.08664326373726272,0.0,0.0028503321081435385,0.013701395251123615,0.03408317799639483,0.0,0.0,[5]
176,0.0,6.709919483879205e-05,0.16102997521317317,0.005512041290311765,0.0,0.029035202393518814,0.008059067972490884,0.004287920390100777,0.0,0.027858254345858785,0.0,0.0,[2]
177,0.0,0.0,0.0,0.00036836200703496176,0.0,0.04768515221915571,0.0,0.00222641573560274,0.011728152247055975,0.03968961995675022,0.0,0.0008374889213765803,"[5, 9]"
178,0.0,0.0,0.0,0.007770702511336798,0.0,0.04308609830269459,0.0,0.006636356967521236,0.017988597966200833,0.05967021803900696,0.0,0.006037968147506277,"[5, 9]"
179,0.0,0.0,0.0,0.0014362277522202312,0.0,0.017468892434703606,0.0,0.00017558628851475956,0.008066620089236568,0.020257424694650025,0.0,0.0019220287100548835,"[5, 9]"
180,0.0,0.0,0.0,0.0092009663052784,0.0,0.04286525656494958,0.0,0.0022351172883467363,0.021616596403401446,0.02605172074394573,0.0,0.0,[5]
181,0.0,0.0,0.0,0.012165175982399351,0.0,0.060392597782396404,0.0,0.0030416857552862274,0.01732332140710111,0.07703771703626545,0.0,0.005427251016258389,"[5, 9]"
182,0.0,0.0,0.0,0.0,0.000455441348161919,0.0,0.007079478060132478,0.0035975468954447145,0.02865108294443219,0.0,0.0,0.02815696057604832,"[8, 11]"
183,0.0,0.0,0.0,0.0,0.0,0.005129720063768992,0.0,0.0,0.009416120917262138,0.0010427553899844066,0.0,0.012054647606098418,"[8, 11]"
184,0.0,0.0,0.0,0.0,0.0006927174995513361,0.0,0.012143541274540088,0.04819673984086745,0.025323169147222914,0.0,0.010223849465210212,0.004809674176482967,[7]
185,0.006434184000736811,0.0,9.187914756704807e-06,0.0,0.0,0.0,0.0,0.21586867468362947,0.03510036471928776,0.0014123900301596715,0.0,0.0014389435577782273,[7]
186,0.0,0.0,0.0,0.0,0.0003021598390762462,0.0,0.0022766051661368613,0.004006618548423274,0.030559716203450847,0.0,0.0,0.013467653467257564,[8]
187,0.02837572084867785,0.0,3.108990805311154e-05,0.00959315187314576,0.0,0.0,0.0,0.0,0.19153126959682704,0.01656093819210388,0.0089953409676422,0.0,[8]
188,0.0003796409817197914,0.0,4.7621805612546825e-06,0.0,0.0,0.0,0.0,0.0,0.05566510942063374,0.0,0.0,0.044038422646954394,"[8, 11]"
189,0.0,0.0,0.0,0.0,0.0,0.0,0.0,0.020588784678107198,0.02643134963701162,0.0,0.0,0.0049097449835858115,"[7, 8]"
190,0.004728997469906344,0.0,8.489087791642853e-06,0.0,0.0,0.0,0.0,0.0,0.044992327355869104,0.0,0.0,0.030963164380319205,[8]
191,0.0,0.01992807403353276,0.0,0.0,0.002243512942341488,0.0490624917615947,0.0002862860699085133,0.0029491681742513562,0.0,0.012442464506306861,0.0035469982231514517,0.0,[5]
192,0.0,0.08045164257768898,0.0,0.0,0.00934737066429708,0.11772612825411707,0.012510661519249719,0.001652270287793079,0.0,0.0,0.0011379497085763416,0.0,[5]
193,0.0,0.03824320924835881,0.0,0.0,0.003423990415052991,0.0838269350558333,0.0,0.0045222632491409955,0.0019846804099137366,0.0,0.0,0.0,[5]
194,0.0,0.0,0.0,0.023240619965962085,0.0,0.03391360974069117,0.0,0.010792306323624,0.0,0.08707084377676826,0.0,0.0,[9]
195,0.0,0.06540539050448292,0.0,0.0,0.006660297322011408,0.13265759548500342,0.0,0.004927549319528269,0.0019440888435141115,0.0,0.0,0.0,[5]
196,0.0,0.04514108780879256,0.0,0.0,0.003025995900253979,0.09550956995342949,0.0,0.0017826027400578662,0.005396155988266769,0.00850817712196986,0.0,0.0,[5]
197,0.0,0.08333271055913115,0.0,0.0,0.00969135937578201,0.13029763002460393,0.011398707261400135,0.0,0.0,0.0,0.0,0.0,[5]
198,0.0,0.06279853981760607,0.0,0.0,0.00840000943960752,0.08081403825938124,0.017628525684996538,0.0008843060589679562,0.0,0.0,0.0,0.0,"[1, 5]"
199,0.0,0.048382125736906686,0.0,0.0,0.008472840662262547,0.06541863818076188,0.01988688524863632,0.0008521596731713931,0.0,0.0,0.0,0.0,"[1, 5]"
200,0.0,0.04034169854448074,0.0,0.0,0.0039054896379980704,0.08525740088813454,0.0,0.0,0.0,0.0,0.0,0.0,[5]
201,0.0,0.014592818029853703,0.0,0.0,0.0,0.04153059491618464,0.0,0.0,0.0,0.0,0.0,0.0,[5]
202,0.0,0.01577943998315653,0.0,0.0,0.0029606796906209844,0.023027570834642776,0.010164019509034755,0.022728240176006477,0.0,0.0,0.011036242521234004,0.0,"[5, 7]"
203,0.0,0.06968228940312719,0.0,0.0,0.006560468789892667,0.12183575294599626,0.004412696153297482,0.0035777758459014006,0.0,0.0,0.0,0.0,[5]
204,0.0,0.08877693963091403,0.0,0.0,0.009361877965729994,0.1368562654321981,0.010050951794849413,0.0,0.0,0.0,0.0,0.0,[5]
205,0.0,0.045636561227867675,0.0,0.0,0.00447632798529157,0.08839456261809156,0.0010505116172683615,0.008466319394975427,0.0,0.0,0.0004371398906024828,0.0,[5]
206,0.0,0.05765622085419921,0.0,0.0,0.0048898384645083524,0.09159053078988043,0.002276146098821766,0.00034011045459623026,0.0,0.0,0.0,0.0,[5]
207,0.0,0.05957872405630466,0.0,0.0,0.005008428644614647,0.08298244595333451,0.0050345538599210725,0.002116248957797375,0.0,0.0,0.0010222685912149544,0.0,"[1, 5]"
208,0.0,0.03267864113369083,0.0,0.0,0.0036907912509107606,0.0503546805830549,0.0044305025579033375,0.002952857262772798,0.0014112099675948303,0.0,0.0,0.0,[5]
209,0.0,0.0377836518855903,0.0,0.0,0.003204272515429671,0.08144609735394313,0.0,0.0028981944582180444,0.0,0.0,0.0,0.0,[5]
210,0.0,0.062292073713952074,0.0,0.0,0.004546948927080325,0.09433399925413204,0.0013229374253132037,0.0,0.0,0.0,0.0,0.0,[5]
211,0.0,0.10561935318062163,0.0,0.0,0.0042345632439599505,0.11780558128226658,0.0,0.0029572336524957225,0.0,0.0,0.006053835232797257,0.0,"[1, 5]"
212,0.0,0.05778133108488878,0.0,0.0,0.0,0.06478379257475697,0.0,0.00358331701483823,0.0,0.0,0.0,0.0,"[1, 5]"
213,0.0,0.029023744033043777,0.0,0.0,0.003346545675478362,0.05990423714600105,0.0035743355984508302,0.006399190119249929,0.0,0.0,0.0,0.0,[5]
214,0.0,0.09355565039854712,0.0,0.0,0.010179243205644648,0.13886398104711992,0.012225045367520756,0.0011210476907810706,0.0,0.0,0.00020006144547479306,0.0,[5]
215,0.0,0.07937055404867999,0.0,0.0,0.008331231082354012,0.11840607424895026,0.010809542871208964,0.0008771115367795856,0.0,0.0,0.0,0.0,[5]
216,0.0,0.029052265371455194,0.0,0.0,0.0038050684843406487,0.050089606335372475,0.005472737915754246,0.0009483522353182501,0.0,0.0,0.0,0.0,[5]
217,0.0,0.057754110304897674,0.0,0.0,0.005142234304494062,0.10095324980328943,0.0014985841358123367,0.0,9.716085382504681e-05,0.0,0.0,0.0,[5]
218,0.0,0.09950875273395751,0.0,0.0,0.011236719792796659,0.13423556609152487,0.018261317320773286,0.0009569888846794439,0.0,0.0,0.006543776227612133,0.0,"[1, 5]"
219,0.0,0.027950123549004727,0.0,0.0,0.0022545961576649503,0.06042286266728209,0.0,0.0015175514921668745,0.0019877490494922038,0.004323090028157872,0.0,0.0,[5]
220,0.0,0.061738891278309435,0.0,0.0,0.006615780976303048,0.08861577513233604,0.009137851325203906,2.038540896752389e-05,0.0,0.0,5.9691212226525255e-05,0.0,[5]
221,0.0,0.07452905844211234,0.0,0.0,0.012186403039054175,0.10254034995861222,0.011664002266881308,0.0051774936904497824,0.0,0.0,0.003219468395808218,0.0,"[1, 5]"
222,0.0,0.0,0.0,0.012766614780315027,0.003238850631739685,0.030545035964404627,0.0,0.010797174267168754,0.0030318980058782175,0.05052448270039134,0.0,0.0,[9]
223,0.0,0.0,0.0,0.029528641402500673,0.0,0.04720897916787665,0.0,0.010950822908107442,0.0,0.09600202787945293,0.0,0.0,[9]
224,0.0,0.0,0.0,0.020806851973205365,0.0,0.03700274253977482,0.0,0.005822794043688362,0.0,0.06034887568037005,0.0,4.799310228393045e-05,[9]
225,0.007087084458721539,0.0,7.102517063044509e-06,0.0,0.0,0.0,0.0,0.002666263511136269,0.004804724663283924,0.0,0.008963501961802962,0.012121946736043514,"[10, 11]"
226,0.0,0.0,0.0,0.0,0.0,0.004337720429072978,0.0,0.0,0.007986932315872395,0.0029053421088080992,0.0,0.0,[8]
227,0.019025578352651798,0.0,1.908335304278377e-05,0.016224978591904828,0.0,0.0,0.0,0.0,0.005866264543132999,0.0,0.00515254362983257,0.0061149702839281145,"[0, 3]"
228,0.0019104975978018865,0.0,3.634510295762487e-06,0.0,0.0,0.0,0.0,0.0028007507457316096,0.0139812235594055,0.0,0.0,0.01357696594102886,"[8, 11]"
229,0.00039311643306986653,0.0,3.152219033863202e-06,0.0,0.0,0.0,0.003209236136279888,0.0,0.0,0.025843900017773144,0.006222141988769917,0.001144074266752656,[9]
230,0.014112378558187973,0.0,1.5232575392567745e-05,0.0,0.0,0.0,0.0,0.0015784656907621812,0.0,0.006921094266621846,0.0,0.01769778156536287,"[0, 11]"
231,0.003384160795926772,0.0,4.606437792165672e-06,0.0,0.0,0.0019465420729672409,0.0,0.007418881686540035,0.007780770420596598,0.006429295486022328,0.0,0.0029783435770504327,"[7, 8, 9]"
232,0.018637067909031704,0.0,2.1355639206604383e-05,0.0,0.0,0.00030528914704560056,0.0,0.0026541358047594953,0.015500908121078986,0.025276558108157335,0.0031095169195620347,0.0019277329748012616,"[0, 9]"
233,0.01229457573294003,0.0,1.3141405678128609e-05,0.0,0.0,0.004062340859183253,0.0,0.001783737106416734,0.0,0.0169123979143572,0.0,0.019145322617244026,"[9, 11]"
234,0.016188981037943757,0.0,1.9292221796506187e-05,0.012915437562927705,0.0,0.0,0.0,0.006980727465781308,0.0668846650774715,0.010207854379599264,0.007477152870483999,0.005387009802142827,[8]
235,0.0,0.0,0.0,0.0,0.0,0.011778221579018564,0.0,0.003045461116732593,0.0017996252738072841,0.0005548208674600028,0.0,0.0,[5]
236,0.008837810351058652,0.0,1.2718848636230611e-05,0.0,0.0,0.00225412909146773,0.0,0.0,0.054250233625882126,0.01591081530942827,0.0,0.019271674530462374,[8]
237,0.08711496811090144,0.0,7.967747663702625e-05,0.009324459030374446,0.0,0.0047348755316923615,0.0,0.0,0.0,0.0011895988953984572,0.0,0.0,[0]
238,0.0,0.0,0.0,0.002500899185689377,0.0054826015425419004,0.0,0.030604071558252486,0.010995495675609052,0.008887089325129483,0.007815901535232643,0.00529006033943116,0.008766671627071723,[6]
239,0.004352581148591365,0.0,6.9426451308655316e-06,0.0,0.0,0.0,0.0,0.0,0.0,0.011698718210125152,0.006727651657343353,0.0003379279820780759,[9]
240,0.026906275749078227,0.0,2.8848438180848524e-05,0.01858977395274868,0.0,0.0,0.0,0.006817395892926229,0.046578922847442646,0.0,0.008868981061800249,0.006925280205454863,[8]
241,0.021793836178714752,0.0,2.0350671575812678e-05,0.0,0.0,0.0,0.0,0.0,0.014873079448931919,0.0,0.0,0.015316173691851478,"[0, 11]"
242,0.0,0.0,0.0,0.0012853915076840253,0.006351358196145884,0.0,0.03249043588304323,0.005161105968461827,0.024006250964634032,0.0,0.00931256821511238,0.0,"[6, 8]"
243,0.002434406761196607,0.0,4.127590087118526e-06,0.0,0.0,0.011769457515775898,0.0,0.0006118748559251135,0.009541983703504713,0.0054631924212859475,0.015552427104998436,0.0010065992934313824,"[5, 10]"
244,0.0,0.0,0.0,0.0,0.0,0.0,0.0,0.004158390575957442,0.0,0.0,0.004049172800484651,0.0008099054000935526,"[7, 10]"
245,0.007457514011159996,0.0,9.165379793585105e-06,0.0,0.0,0.0,0.0,0.007291201342758636,0.0,0.00907648533778316,0.009159076585260249,0.008477273124372098,"[0, 7, 9, 10, 11]"
246,0.001582129645803748,0.0,0.0,0.0,0.030178280198745328,0.003440712953907829,0.0,0.0011223336017478708,0.0010288855101690188,0.001914364788381553,0.00035046909888114785,0.0,[4]
247,0.0,0.008411299134082192,0.0,0.0,0.0032971762908125335,0.0,0.01901879807825291,0.0,0.0,0.0018583363650587045,0.015030161083218876,0.0,"[6, 10]"
248,0.0,0.0,7.136063973592872e-07,0.0,0.0,0.0004772934764117605,0.0,0.002348393967905215,0.0010514753701876757,0.0028630435606640083,0.004564371283871093,0.0008105090732679955,[10]
249,0.0,0.0,1.8115980564340702e-06,0.0,0.0,0.00036965340221882694,0.0,0.003936285378603888,0.0,0.015265766837614445,0.0,0.000968444880465781,[9]
250,0.0,0.008437740745837134,0.0,0.0,0.0,0.03013525101143995,0.0,0.0006181563828418125,0.0,0.0,0.0,0.0,[5]
251,0.0,0.0,0.0,0.0,0.0,0.013063957664345552,0.0,0.007425235304084925,0.0,0.00930981670721886,0.0019090793472245566,0.0,"[5, 9]"
252,0.0,0.0,0.017529854825255875,0.0,0.0,0.002620358895451582,0.0,0.002135265006463807,0.0,0.00512941122244672,0.0,0.0029214671123668585,[2]
253,0.014530567153241948,0.0,1.603897352468272e-05,0.0,0.0,0.0,0.0,0.003971435074528592,0.0034700306031163223,0.008579801551546766,0.0,0.01667028065490302,"[0, 11]"
254,0.0,0.0,0.0,0.03053649650702594,0.0,0.035437852052701606,0.0,0.014715169772516372,0.0,0.1091848156941697,0.0,0.0,[9]
255,0.03695585100285755,0.0,3.7497758248622395e-05,0.0,0.0,0.0,0.0,0.0,0.0,0.07506327345815857,0.017338364664031998,0.04232048136879441,[9]
256,0.018668907607021203,0.0,2.130526658155664e-05,0.009307108345140088,0.0,0.0,0.0,0.0067006245184322724,0.0654224328515325,0.0067524365190975355,0.017126722325346993,0.006184608379971611,[8]
257,0.0,0.0030519390736107564,0.0,0.0,0.0,0.019437499001960075,0.0,0.0,0.0,0.000563088504490473,0.0016478076078081704,0.0,[5]
258,0.0,0.012179229458828421,0.0,0.0,0.0008904523548968529,0.039109611571154994,0.0,0.0009209297023113419,0.0,0.0,0.0,0.0,[5]
259,0.029556121866754766,0.0,2.963026481719413e-05,0.0,0.0,0.0,0.0,0.005607262897212372,0.01132840281832209,0.0,0.01307070888812713,0.01991106146651338,[0]
260,0.0,0.0,0.0,0.0,0.0001568665374518535,0.004250744507252638,0.0,0.000823688496434596,0.0,0.004328549194899172,0.004335407692840613,0.07260793114874112,[11]
261,0.008885124174492269,0.0,1.0121736241001875e-05,1.1845654888143596e-05,0.0,0.0,0.0,0.0017973245881732233,0.01725458252286067,0.0046785674140127145,0.0,0.005147965749987763,[8]
262,0.0,0.022775406413134653,0.0,0.0,0.0021248941232578688,0.05774546431408345,0.0,0.008290138613073712,0.0,0.0015310423551701427,0.0,0.0,[5]
263,0.08475116258491495,0.0,7.596180443071338e-05,0.015619642045202367,0.0,0.007335095433059928,0.0009002947024361983,0.0,0.0034450227280871638,0.002162333025406931,0.0,0.0,[0]
264,0.0,7.672647851962715e-05,0.0,0.0,0.0008762217331019288,0.009143741756093409,0.0016921702680906252,0.001025348401894342,0.0,2.636011055219041e-05,0.0,0.0,[5]
265,0.011235156748795794,0.0,0.02910952907760398,0.0,0.0,0.0,0.0,0.0,0.0,0.0,0.0,0.08166884639420179,[11]
266,0.0,0.003816536762182455,0.0,0.0,0.002169097852889485,0.0,0.024883181581054528,0.07333689024573528,0.01589535438148747,0.0,0.04773405592374292,0.006503085244391415,[7]
267,0.026737165634342697,0.0,3.0099995945342572e-05,0.021525148242894067,0.0,0.0,0.0,0.01101257431578987,0.07419411636359684,0.006611629681856974,0.018567619864559976,0.021060749275782175,[8]
268,0.021237004562351735,0.0,2.244197101055868e-05,0.0,0.0,0.007356804934087947,0.0,0.0,0.0,0.04645818779297334,0.0,0.007937725174456386,[9]
269,0.028516955216102622,0.0,2.9341490803875304e-05,0.0,0.008474427546528667,0.0,0.0,0.0,0.014348931988364465,0.01456094119256438,0.0,0.008831145721904124,[0]
270,0.0,0.00920218356817596,0.0,0.010708975624985842,0.002766393336811366,0.0,0.012942458846279467,0.001929949924324004,0.004483513009197558,0.0031473515374120524,0.010260540357622385,0.007848223007189601,"[1, 3, 6, 10]"
271,0.0,0.00453951064755506,0.0,0.0,0.00045055447732853925,0.015524167579355914,0.0,0.000497716392462148,0.0,0.0,0.0,0.0,[5]
272,0.0,0.0,0.0,0.012025523109725798,0.0,0.012746561129085206,0.0,0.008488039458946769,0.0025146934693344664,0.04501054814354514,0.0,0.0,[9]
273,0.0,0.06037231296529212,0.0,0.0,0.007804254198444378,0.09441516125138254,0.012478575054605763,0.0028250931064050682,0.0,0.0,0.0,0.0,[5]
274,0.018541044188644107,0.0,2.045963824028727e-05,0.0,0.0,0.0,0.0,0.0005989448742948762,0.040363584441680034,0.0050698690108730085,0.010953439981461288,0.012131429137274044,[8]
275,0.0,0.01138152364896432,0.0,0.007644396457118278,0.01566536261480948,0.0,0.07114485719558795,5.4523071379522017e-05,0.0007528176216471091,0.0,0.004119969326483697,0.00073752742451655,[6]
276,0.0,0.0,0.0,0.00859671003574017,0.0,0.029429410322935664,0.0,0.0041260096364653265,0.0,0.05239827707695671,0.0,0.0,[9]
277,0.110344911586046,0.0,9.919598640719646e-05,0.01742316068844958,0.0,0.007249071887386462,0.0,0.0,0.00216231405251212,0.0001834720477524644,0.0,0.0,[0]
278,0.020815228824552466,0.0,2.2375552296915082e-05,0.0,0.0,0.0,0.0,0.0,0.04530770753012713,0.0,0.0,0.037275238262550886,"[8, 11]"
279,0.0,0.0,0.0,0.012476834588411796,0.0,0.023595084609280975,0.0,0.00444306542181943,0.013976551729446198,0.05836460011067739,0.0,0.003012688982317619,[9]
280,0.008968168405865564,0.0,0.002209219360586184,0.009622824255340643,0.004774054933838949,0.0,0.0,0.0003530553233978128,0.00754409555212001,0.0005815532483181199,0.0,0.0,"[0, 3, 8]"
281,0.060560479577263314,0.0,5.7527611510255376e-05,0.0,0.0,0.0,0.0,0.0,0.0,0.0,0.11046174435947793,0.0010688402022797404,[10]
282,0.0,0.0,0.0,0.011925463741877895,0.0,0.010471214935616167,0.0,0.006383888630493241,0.0,0.03952775394631865,0.0,0.0,[9]
283,0.0,0.019724377237233658,0.0,0.0,0.01067424978352262,0.0,0.040182211078856805,0.0009376046129622426,0.0,0.0011956635208260782,0.0,0.0,[6]
284,0.03168785113521332,0.0,3.045635937175889e-05,0.0,0.0,0.0,0.0,0.0,0.0,0.0,0.08375548677134567,0.004965688940342763,[10]
285,0.0,0.015152007858546352,0.0,0.0,0.0007314435485023449,0.04029099773026957,0.0,0.0,0.0,0.005751504681759222,0.015300982621082166,0.0,[5]
286,0.0,0.0,2.734709025935125e-06,0.04513656999869099,0.0028770066330381164,0.05043372494920505,0.0,0.015113497760825113,0.0,0.12802589698097877,0.0,0.0008704274549904046,[9]
287,0.0,0.006718353800750393,0.0,0.0,0.0004409380359830189,0.03147331109610709,0.0,0.002997468048869817,0.0,0.013368284645579405,0.0,0.0,[5]
288,0.0,0.06768062824675881,0.0,0.0,0.0066502735890724436,0.11798583455087183,0.003134460072427211,0.00077738183177357,0.0,0.0,0.0,0.0,[5]
289,0.0,0.0,0.0,0.03563556246680096,0.0,0.039228485083438625,0.0,0.021878759615243153,0.0,0.13118925954075214,0.0,0.0,[9]
290,0.0,0.03831170097006275,0.0,0.0,0.005396032738239068,0.06146714663074165,0.009453367293858515,0.002619063545448088,0.0,0.0,0.0,0.0,[5]
291,0.0,0.0,0.024620010224166287,0.003133814316332238,0.0,0.021841718431408655,0.0,0.0019172819693856003,0.003665025809409576,0.026251514502739312,0.0,0.0,"[2, 5, 9]"
292,0.0,0.025336539340412998,0.0,0.0,0.0030952985234973447,0.05222724440522522,0.003266365863737394,0.005923601443203242,0.0,0.0,0.0,0.0,[5]
293,0.0,0.0,0.0325785830808495,0.0020980116314780833,0.0,0.018052909978466352,0.0,0.002116663977936034,0.0,0.01892399260522565,0.0,0.01302075323938582,[2]
294,0.0,0.0,0.0,0.022147157940339307,0.0,0.030213591048835104,0.0,0.007780586222101973,0.0,0.07205077408087053,0.0,0.0,[9]
295,0.0,0.0,0.0,0.018110566553833942,0.0,0.022875520695489707,0.0,0.0031549260332564043,0.013365370746514239,0.034997519222854254,0.0,0.0013407418927799744,[9]
296,0.0,0.0,0.0,0.02224534363107779,0.0,0.07236833800854856,0.0,0.002214375317270357,0.0009813727008405192,0.058866662226145214,0.0,0.0,"[5, 9]"
297,0.0,0.0,0.0,0.0,0.0057696648511453,0.0,0.028606793217087468,0.0,0.0,0.006427088446229958,0.0023096651576255288,0.0004412190638353017,[6]
298,0.0,0.03588608863295384,0.0,0.012715739407778853,0.03523696249241009,0.0,0.15214895032815656,0.0,0.0,0.0,0.0044033295785719136,0.0,[6]
299,0.0,0.0,0.0,0.0,0.0012652674061365105,0.0,0.014288624375456563,0.03464603724211026,0.008977098689511692,0.0,0.019121735241944618,0.002166526479692105,[7]
300,0.05592964396111681,0.0,5.080725304288441e-05,0.010574915384627669,0.0,0.005335008715198971,0.0,0.0,0.005889158558235263,0.004995944396990018,0.0,0.0,[0]
301,0.018759112347016507,0.0,1.7365991897660393e-05,0.0,0.0,0.0020683853297217966,0.0,0.0,0.0,0.008694016109235116,0.0,0.006271494634734414,[0]
302,0.0,0.04141355348491528,0.0,0.0,0.02092400453777193,0.0,0.09146277490778505,0.005776489969120982,0.0,0.0,0.0,0.0,[6]
303,0.0,0.0,3.0404433349366113e-07,0.0008564908511060264,0.0,0.0,0.0,0.010811827297294612,0.006293404976611555,0.0027544332366625764,0.0,0.0,[7]
304,0.0,0.0,0.0,0.000424708359377095,0.0019096280848867365,0.011824392361426789,0.003661872374301878,0.0012188545514600444,0.012560295381452386,0.005084107560294771,0.0,0.0,"[5, 8]"
305,0.0021783638273386993,0.0,4.141160213374261e-06,0.0,0.0,0.0,0.0,0.006498689686304937,0.013144212817952108,0.0,0.016647611051704134,0.006740150726049687,"[8, 10]"
306,0.0,0.014593917536370076,0.0,0.0,0.0013750664971883579,0.03295244203897665,0.0,0.0024284990579336477,0.002753152953527443,0.0,0.0,0.0,[5]
307,0.01635797416104315,0.0,1.9974708501593645e-05,0.07846603899271742,0.0,0.0015093564483027702,0.0,0.004875528023191735,0.05064065068565332,0.019849763882554522,0.0027919991184731734,0.005224537897788702,[3]
308,0.016235582231824516,0.0,1.542068954615731e-05,0.006931904489355761,0.0018492912496362133,0.0,0.010243089980622943,0.0,0.0004328667136755066,0.008350097514687573,0.0,0.0,[0]
309,0.0,0.046809844187481804,0.0,0.017352758052179645,0.0,0.0,0.0,0.0,0.008503374776531635,0.0,0.10101399421385159,0.01544728047045854,[10]
310,0.0,0.02023932883474472,0.0,0.009769481348512797,0.0,0.0,0.0,0.0,0.00953135695070458,0.0,0.05543004159707743,0.01537972802589781,[10]
311,0.0,0.07246024951768379,0.0,0.014097537619642499,0.0,0.0,0.002531458991258638,0.0,0.0,0.0,0.058448705891140366,0.029982186266304965,"[1, 10]"
312,0.006974543396222765,0.043521378332415726,0.0,0.0,0.0,0.0,0.0,0.00959425874520001,0.0,0.0,0.02745570335400458,0.06771268514239907,[11]
313,0.0,0.02767731923787626,0.0,0.018785739374437546,0.0,0.0,0.0,0.0,0.018232800828895054,0.0,0.1024745725750289,0.014991468181178138,[10]
314,0.0010903527229616876,0.019677718257030612,0.0,0.0,0.0,0.0,0.0,0.0,0.0,0.0,0.03243215063251284,0.0313883036798412,"[10, 11]"
315,0.017521158105537293,0.0,2.1383478376175768e-05,0.015358607995951184,0.0,0.0,0.0,0.004913725477696442,0.07910096730428907,0.0,0.01796737276359252,0.015624974996900316,[8]
316,0.0,0.036101618101299394,0.0,0.0,0.0031742802325334676,0.07250993530192934,0.0,0.000193599679538373,0.0,0.0,0.0,0.0,[5]
317,0.0,0.009612338502379036,0.0,0.0,0.0006586389622427224,0.025119928487062865,0.0,0.0,0.0,0.001711627664388897,0.0,0.0,[5]
318,0.0,0.016963272126709696,0.0,0.0,0.0012631494456166897,0.038220404145039945,0.0,0.0,8.133432947915096e-05,0.0005345304079826805,0.0,0.0,[5]
319,0.0,0.020711805042575245,0.0,0.0,0.001657293779887404,0.05146561416206184,0.0,0.0,0.0,0.0,0.005707957603471731,0.0,[5]
320,0.0,0.030798843318602914,0.0,0.0,0.0018872694621554084,0.07436964627102649,0.0,0.0,0.0,0.0,0.0,0.0,[5]
321,0.0,0.03470089219982751,0.0,0.0,0.003431690245361608,0.08239241630572944,0.00021075770425895462,0.0009207911791486182,0.006769968338116229,0.0070608317427460964,0.0,0.0,[5]
322,0.0,0.023496755714221124,0.0,0.0,0.002115991804619352,0.05989470197778918,0.0,0.0,0.0,0.0,0.0,0.0,[5]
323,0.0,0.009635075936812445,0.0,0.0,2.7845720273796632e-05,0.0354270609196249,0.0,0.0,0.002656932906724281,0.0012643506149101348,0.0,0.0,[5]
324,0.0,0.031148650920502518,0.0,0.0,0.0025007164107318245,0.06557729003922877,0.0,0.0,0.0,0.0,0.0,0.0,[5]
325,0.0,0.029298767807458877,0.0,0.0,0.005092678378900741,0.0683400165370733,0.0,0.0,0.0,0.0,0.0,0.0,[5]
326,0.0,0.06622869972803294,0.0,0.0,0.0062965408120700716,0.11254334031801208,0.002910145014684152,0.0,0.0,0.0,0.0,0.0,[5]
327,0.0,0.04379689684598519,0.0,0.0,0.003911893616229281,0.07039175907527497,0.0027374860924603717,0.00045830825343948277,0.0,0.0,0.0,0.0,[5]
328,0.0,0.00522261365936381,0.0,0.010119424899429002,0.0026164891651563583,0.0,0.01564954867274588,0.008262915210288865,0.0023800654676208073,0.0,0.0035031336969737164,0.0,[6]
329,0.0071474029522134485,0.0,9.843519635433888e-06,0.0025190027719026813,0.0,0.0,0.0,0.008300381565386964,0.014628941498025478,0.023082361824505952,0.0,0.006487923061229931,[9]
330,0.004271621536671292,0.0,5.001185013437888e-06,0.0064015126943126315,0.0,0.0,0.003903314452557481,0.0031797849758563907,0.00496976733740436,0.0,0.0,0.0,"[3, 8]"
331,0.0,0.021145109332813168,0.0,0.006941662970297939,0.023119737341773926,0.0,0.10451327995884666,0.009783947028247333,0.0,0.0,0.008811243157987059,0.0,[6]
332,0.0,0.004604033335890803,0.0,0.033899311586302106,0.004903955251313296,0.0,0.01967772212201192,0.0,0.0,0.0,0.0,0.0,[3]
333,0.02922388043048894,0.0,2.757612704453091e-05,0.0,0.0,0.0,0.0,0.004133380180749534,0.0,0.0,0.0,0.1030501775834798,[11]
334,0.0,0.017549826662599265,0.0,0.0,0.0018451975751722866,0.035606257032623274,0.0036280636977459573,0.00018723010736521162,0.0,0.0,0.0,0.0,[5]
335,0.0,0.020453018845050124,0.0,0.0,0.003119748738720716,0.03494219914278218,0.00476632040597438,0.0,0.0,0.0,0.00039573786533297217,0.0,[5]
336,0.0,0.009902356292676532,0.0,0.0066833077598027115,0.005564213801995391,0.0,0.026148556996661815,0.0066266082913440895,0.0,0.003083281077144191,0.0,0.0,[6]
337,0.013014375344540472,0.0,1.4808596628044395e-05,0.0,0.0,0.0,0.0,0.013593668181379175,0.014049349399066387,0.0,0.0,0.018758244332100056,"[7, 8, 11]"
338,0.048908135750927076,0.0,4.655985492514229e-05,0.05499439812047899,0.0,0.0,0.0,0.00068291086663945,0.041326754544350926,0.0,0.0,0.016490907249091344,"[0, 3, 8]"
339,0.016074616328369134,0.0,1.8645279765076413e-05,0.1252797580228996,0.0,0.0,0.0,0.008563235423956112,0.023696925228199814,0.0,0.0052942210970916845,0.013297199210440928,[3]
340,0.0,0.03575625317292332,0.0,0.0,0.020578318323189324,0.0,0.09743932491093606,0.021644843658281107,0.0,0.0,0.007050076718886704,0.000644689381036124,[6]
341,0.0,0.0,0.0,0.009922743908181868,0.0,0.017147221804852324,0.0,0.0022689296315543616,0.010519528911145843,0.022355993288877715,0.0,0.0011985497186182757,"[5, 9]"
342,0.0,0.026302833262584677,0.0,0.0,0.0020942327889208203,0.050265224251780045,0.0,0.001174174327822523,0.0,0.0004445046011813824,0.0,0.0,[5]
343,0.018221649336502804,0.0,1.907730860290996e-05,0.013738903803225386,0.0,0.009465510920124437,0.0,0.0036789704198145765,0.054750224259737794,0.01476454936580307,0.0,0.0,[8]
344,0.0045708656720655,0.0,5.276953678679964e-06,0.0,0.0,0.0,0.0,0.007795853910038207,0.010898606311002064,0.0,0.006682161286843107,0.010437862166092314,"[7, 8, 11]"
345,0.01816146913107969,0.0,1.9819746765975718e-05,0.0009778396333593776,0.0,0.0,0.0,0.004793280687523211,0.015273813490721202,0.020443144337767043,0.0,0.013478302331531059,"[0, 8, 9]"
346,0.0,0.028288302935110334,0.0,0.020010913191527518,0.0356611160798209,0.0,0.15139595938686443,0.0,0.0,0.02789928685963002,0.002503435785389098,0.0045330909764292075,[6]
347,0.005151736285219168,0.0,5.780015137266728e-06,0.0,0.0,0.0,0.0,0.0,0.00306797243509477,0.005199921670276414,0.0073621609654323985,0.006798623046681411,"[9, 10, 11]"
348,0.0140332874343363,0.0,1.406427329755351e-05,0.0021275267572149264,0.0,0.0,0.0,0.006968158427041447,0.013769057362250542,0.0,0.03385987182077967,0.02115958349206312,[10]
349,0.006017491642362263,0.0,6.50907902094185e-06,0.0,0.0,0.0,0.0,0.019262213956930778,0.01174171858585983,0.0,0.018598467419066057,0.02513864000655841,"[7, 10, 11]"
350,0.036850735030402614,0.0,3.637616764276871e-05,0.00448416122874996,0.0,0.0,0.0,0.0,0.017732808989050493,0.011170747500562163,0.005439807536242831,0.005323168769511626,[0]
351,0.027951240524776575,0.0,3.1501083017914485e-05,0.01046791757083218,0.0,0.0,0.0,0.0,0.19920071422037952,0.016128157765905978,0.013441943553164236,0.0,[8]
352,0.01753237587853349,0.0,1.9181691905844927e-05,0.0,0.0,0.0,0.0,0.0,0.042202869857529385,0.009669658553244845,0.017808625167102635,0.012863163750793372,[8]
353,0.003520204127823995,0.0,8.200918541671057e-06,0.017281019991036355,0.0,0.0,0.005673562614875862,0.03822302793901021,0.03312793004590672,0.0,0.032500713659326844,0.023539030729356404,"[7, 8, 10]"
354,0.0,0.0,0.0,0.03346021714067133,0.0005668089482201574,0.017767995252354913,0.0,0.02138217630481532,0.0,0.10402920524428114,0.0,0.0,[9]
355,0.0,0.0196820730173388,0.0,0.011146235138938258,0.025281573725650465,0.0,0.11392753371173749,0.0,0.0,0.012522149012850708,0.013887310750166117,0.005819052555483083,[6]
356,0.0,0.01826443323247616,0.0,0.0,0.007218037422206968,0.0,0.03636136184355811,0.010773660767518381,0.0,0.0,0.0,0.006277289270727714,[6]
357,0.023292272241936526,0.0,2.6770405568569233e-05,0.018522070468466347,0.0,0.0,0.0,0.0037985047900099215,0.09105229677551689,0.006927794019181623,0.014184142359735773,0.015256030581772429,[8]
358,0.0028976802951419197,0.0,3.2511711762056286e-06,0.0,0.0,0.0,0.0,0.006352860701732745,0.006120842388842428,0.0,0.02605791576795925,0.015113367842323934,[10]
359,0.0,0.01880526887537878,0.0,0.0,0.0009286564486663954,0.03721808936050196,0.0,0.002259968668355573,0.0,0.0,8.131804491671757e-05,0.0,[5]
360,0.0,0.03712317759694425,0.0,0.0,0.0032140567549920414,0.07692368337945645,0.0,0.00490837895942751,0.0,0.0,0.0,0.0,[5]
361,0.017179063764758463,0.00644648055337772,1.4485040778627958e-05,0.012739133309255737,0.0,0.0,0.0,0.005042283072283841,0.009740217315113257,0.0,0.025943836220893534,0.042566376675274284,[11]
362,0.0,0.05104507936237775,0.0,0.0,0.004857745361718492,0.08539735779154144,0.003992176480310479,0.0,0.0,0.0,0.0,0.0,[5]
363,0.0,0.024139421414993832,0.0,0.0,0.00331961034913965,0.02041531128897426,0.010299298012943926,0.020642276028073402,0.0008749292189084689,0.0,0.0031889028316215585,0.0,"[1, 5, 7]"
364,0.011656481629655161,0.0,1.4188091434139338e-05,0.022041233055517275,0.0,0.0,0.0,0.008739431817194129,0.04737114445458971,0.0,0.010824173271269586,0.008838530429305894,[8]
365,0.0,0.0017907216190388665,0.0,0.0,0.0,0.008089120219796972,0.0,0.004532773622804766,0.004149603991465928,0.0,0.004663375992486905,0.0014760963844394957,[5]
366,0.0,0.0,0.0,0.02887970075593119,0.0,0.03027234220467616,0.0,0.016109241753292765,0.0,0.08344445931547952,0.0,0.0001617709315633822,[9]
367,0.03025963729990992,0.0,3.249696505376183e-05,0.008007486509789233,0.0,0.0,0.0,0.0015323748835649198,0.06549512290386736,0.0,0.016527046427408886,0.018597966455739887,[8]
368,0.01986713340879054,0.0,2.2369158485968587e-05,0.006977419099223,0.0,0.0,0.0,0.002525591059363313,0.05310759580461066,0.00874555221819038,0.015492035254312196,0.012852809190001558,[8]
369,0.019871417069280996,0.0,2.0348783286150807e-05,0.0,0.0,0.0,0.0,0.010769901822349635,0.0,0.0,0.0,0.06344812220403875,[11]
370,0.0,0.0,0.0,0.0,0.00202071110333157,0.0,0.019873245132426172,0.04353002592045975,0.008619555751813645,0.0,0.025019876469925123,0.003923313499357515,[7]
371,0.0025509064398572465,0.0,5.165317504818593e-06,0.0037900827482680918,0.0,0.0,0.0,0.002290189874421171,0.03558751116329718,0.0,0.004189060094319223,0.005841359530521684,[8]
372,0.02564864457960354,0.0,2.5316626289328374e-05,0.0,0.0,0.0,0.0,0.0038281597268492703,0.0,0.0,0.04031701011200046,0.0037468708064805766,[10]
373,0.00331602584828538,0.0,0.012127163855870175,0.0,0.0,0.0,0.0,0.0027738506998259437,0.003210360766832136,0.0007389051675636361,0.0,0.08064249195431825,[11]
374,0.011964480054009805,0.0,1.34934452282821e-05,0.0,0.0,0.0,0.0,0.006380128278127596,0.012702575582890827,0.014032584165006592,0.003013306359265124,0.010782759583842555,"[0, 8, 9, 11]"
375,0.03953397154412037,0.0,3.641665242307989e-05,0.0,0.0,0.0,0.0,0.004767518711630067,0.0,0.0,0.0,0.18375383799874292,[11]
376,0.016540406937845104,0.0,1.82198687145652e-05,0.0004381737689589242,0.0,0.0,0.0,0.0017295900088833964,0.03130920409233446,0.014723706980261271,0.0,0.0042088697915747385,[8]
377,0.006780242989974322,0.0,1.0374592168896486e-05,0.0,0.0,0.0,0.0,0.001352768437076634,0.04594177032775917,0.0,0.0,0.023810408832158785,[8]
378,0.0,0.0,0.0,0.0,0.001118546111034773,0.0,0.0101840448012949,0.0,0.0,0.003057858402299935,0.008637427987427034,8.502418828836841e-05,"[6, 10]"
379,0.0,0.02584852944009871,0.0,0.0,0.01622807590422566,0.0,0.07164470384848971,0.005050959573139116,0.0,0.0,0.0,0.0,[6]
380,0.0,0.029084287951872383,0.0,0.003587195279670321,0.023840518114720186,0.0,0.10565294129724655,0.004586614373549768,0.0,0.0,0.0,0.0,[6]
381,0.0,0.040815474162599195,0.0,0.0,0.020001745543691846,0.0,0.08691527970785651,0.0067466623264413016,0.0,0.0,0.0,0.0,[6]
382,0.0,0.023121665699079384,0.0,0.0017293393317854397,0.016280452183723777,0.0,0.07295028476234894,0.0070457770571935125,0.0,0.0,0.0,0.0,[6]
383,0.0,0.03512975495997084,0.0,0.0,0.01850151531439609,0.0,0.08471870091535404,0.004198539621036468,0.0,0.0,0.0,0.0,[6]
384,0.0,0.032644854048835416,0.0,0.0,0.020473632869675715,0.0,0.09082952471372031,0.005618941473580771,0.0,0.0,0.0,0.0,[6]
385,0.0,0.02517042824374227,0.0,0.0022767304738276306,0.01903165936651735,0.0,0.08424804168167704,0.004914225812541318,0.0,0.0,0.0,0.0,[6]
386,0.0,0.02488293479728838,0.0,0.0,0.016939119499962785,0.0,0.07553745741413306,0.014722350073235364,0.0,0.0,0.0,0.0,[6]
387,0.0,0.015420715148149558,0.0,0.005600565551624079,0.015548500397160311,0.0,0.0686450205166361,0.0010448561783026455,0.0,0.0,0.006149707469111746,0.0,[6]
388,0.0,0.034869153553668916,0.0,0.00988885205853851,0.03394683129140928,0.0,0.14710968479887726,0.0,0.0,0.0,0.0013409033587638017,0.0,[6]
389,0.0,0.05725661367315941,0.0,0.0,0.006512048660257872,0.10035206145132256,0.0070673811696013895,0.0018615362439661479,0.0012067428758648568,0.0,0.0,0.0,[5]
390,0.02493481784615663,0.0,2.7147014064187758e-05,0.0,0.0,0.0,0.0,0.017640574867624707,0.0066409558461456445,0.031908155763409184,0.02770788461162566,0.02611124553743387,"[0, 9, 10, 11]"
391,0.002680078715123594,0.0,4.440095679082805e-06,0.006383988877197946,0.0,0.0,0.0,0.0,0.01887446166674803,0.005662159930393543,0.034599073060695665,0.01045246691472588,[10]
392,0.0,0.02847705280958367,0.0,0.0038087341677397186,0.02533787338917595,0.0,0.10971277741567528,0.0,0.0,0.0,0.0030684153497427965,0.0,[6]
393,0.0,0.0,0.0,0.0,0.0008517938423331959,0.0,0.005398532461073421,0.002443735209499762,0.0,0.0,4.4966974286551646e-05,0.004861737715471453,"[6, 11]"
394,0.017672048661741446,0.0,2.044683848510061e-05,0.0,0.0,0.0,0.0,0.030665363595984655,0.0048616733298983816,0.0,0.0,0.05191330380599158,[11]
395,0.0,0.030781095953531738,0.0,0.007598129127023592,0.0331109599784725,0.0,0.14891775971581928,0.0015446213627290282,0.0,0.0,0.009816341155428402,0.017964896609627405,[6]
396,0.005343543031003472,0.006080844717756024,4.260217777715959e-06,0.0,0.0,0.0,0.0,0.0027795994905319946,0.0,0.0,0.0,0.04785166346133867,[11]
397,0.0,0.022379689143470875,0.0,0.006050916287541414,0.016424303561557923,0.0,0.06803773430213154,0.0,0.0,0.005498686654390591,0.0028775540219738048,0.0,[6]
398,0.01270635016758909,0.0,1.4607056856143538e-05,0.0,0.0,0.0,0.0,0.0006065234782218224,0.0,0.04745704050314255,0.02163420129473561,0.012283617914675185,[9]
399,0.0,0.02613416114636248,0.0,0.0,0.0028317544057166496,0.052715317207915856,0.0015882497898262102,0.00393397968243192,0.0,0.0,0.0,0.0,[5]
400,0.0,0.06628024272126257,0.0,0.03469145059898971,0.006634883730452857,0.11953056222437332,0.004983545709604442,0.002081529165681894,0.0,0.0,0.0,0.0,[5]
401,0.0,0.0,0.0,0.00910333561220209,0.008955754249510981,0.0,0.01657481082722577,0.01818849420227583,0.0,0.0,0.023026189389971752,0.012308417692245015,"[6, 7, 10]"
402,0.0007707221180584655,0.009786584134681461,0.0,0.0,0.0,0.0,0.0,0.0022108077826922794,0.0,0.0,0.0,0.042935450086326606,[11]
403,0.0,0.005728760998245086,0.0,0.001099851310694517,0.004278630322167717,0.0,0.01405072202212416,0.012726653208334736,0.013722753539966239,0.0,0.009028436188213076,0.0,"[6, 7, 8]"
404,0.009464081260807429,0.0,1.0446468622130051e-05,0.0,0.0,0.0,0.0,0.0,0.004242880096437884,0.008040780626144703,0.0,0.0019631266700039624,"[0, 9]"
405,0.0,0.015936838597597824,0.0,0.0,0.011917199547447011,0.0,0.05377310343978325,0.0,0.0,0.0,0.0117400712247185,0.0,[6]
406,0.0,0.02765188612402111,0.0,0.002740218820615925,0.021411702613095267,0.0,0.09482538064163933,0.0,0.0,0.0,0.011954585049298198,0.0,[6]
407,0.0,0.030845957487813346,0.0,0.0,0.015701206929645207,0.0,0.06920939378529947,0.0,0.0,0.0,0.017439957282178876,0.0,[6]
408,0.0,0.019409071767861948,0.0,0.008019223437661916,0.02020221384963192,0.0,0.08912239933714748,0.0,0.0,0.0,0.00418422809760918,0.0,[6]
409,0.0,0.02654528785786381,0.0,0.009204901571606576,0.026002265543537198,0.0,0.11461474046384665,0.0,0.0,0.0,0.005563245270161859,0.0,[6]
410,0.0,0.013720150823667634,0.0,0.002126470107517368,0.015332024504156418,0.0,0.0686335682789013,0.0,0.0,0.0,0.00961616945434709,0.0,[6]
411,0.0,0.02620125323929109,0.0,0.012572019563619528,0.028644467754987406,0.0,0.12291823491780894,0.0,0.0,0.00847211526505413,0.0003032971888698766,0.0004539218623924717,[6]
412,0.0,0.012207580911832978,0.0,0.007570817039958603,0.019581590714323346,0.0,0.08835316631284902,0.0,0.0,0.0,0.0,0.002945120305411602,[6]
413,0.0,0.005711700818856928,0.0,0.0,0.0065581916621662625,0.0,0.030293870210259147,0.030624904965222098,0.0,0.0,0.0064628131920626535,0.0,"[6, 7]"
414,0.030096341106251326,0.0,3.303226888319902e-05,0.01604577915214846,0.0,0.0,0.0,0.005964145853374018,0.09014220575764405,0.0,0.02294047333373243,0.012258477571688136,[8]
415,0.0,0.0013535269950661587,0.0,0.0,0.0027162314506411728,0.0,0.018543908429933226,0.03605799758595468,0.003268134951563943,0.0,0.011140587295939967,0.0032358320713634144,[7]
416,0.02291005126538792,0.0,2.2477856555138983e-05,0.0,0.0,0.0,0.0,0.0058365861360226146,0.0,0.0,0.0,0.08384817284823717,[11]
417,0.06090314268885147,0.0,5.7289017602462903e-05,0.0016260647211801338,0.0,0.0,0.0,0.00017161842250806224,0.013040184866542277,0.0,0.01125444800756452,0.016019698181595363,[0]
418,0.09677306794241783,0.002336156350100002,8.604304658640303e-05,0.014793917720500985,0.0013436323513968977,0.008021697095602657,0.002219778958451726,0.0,0.0,0.0,0.0,0.0,[0]
419,0.0,0.0045897330980896964,0.0,0.0,0.0006801992727335116,0.011819703217613123,0.003284031101177213,0.0,0.0,0.0,0.0006654160216197458,0.0,[5]
420,0.013974158183612107,0.0,1.3409940929178871e-05,0.0,0.0,0.0,0.0,0.0028477300891200435,0.0,0.0,0.0,0.05247764209398756,[11]
421,0.07872405745628394,0.0,7.1215744014149e-05,0.013657599286020105,0.0,0.003802894275045062,0.0,0.0,0.0035975071709942077,0.003717937685643677,0.0,0.0,[0]
422,0.018856983576143672,0.0,1.998567766277285e-05,3.3123002647196076e-05,0.0,0.0,0.0,0.013505851384183852,0.03529034531825396,0.009092515155317274,0.033516151502575975,0.0015903670285412268,"[8, 10]"
423,0.005323972196447769,0.0,5.502495553783884e-06,0.0,0.0,0.0,0.0,0.000587933112135336,0.00010331542616200634,0.0,0.0,0.004238899556242039,"[0, 11]"
424,0.021117787314105532,0.0,2.2709639544121443e-05,0.010172160087984395,0.0,0.0,0.0,0.0,0.019370413083479927,0.025526878679690456,0.021786264611277698,0.009269945440352742,"[0, 8, 9, 10]"
425,0.03965209639793635,0.0,3.7548262033867715e-05,0.0,0.0,0.0,0.0,0.0004139427246024367,0.0,0.0,0.07540679340033939,0.00626587969342187,[10]
426,0.06436269007561939,0.0,6.002510511560992e-05,0.0,0.0,0.0,0.0,0.0,0.0,0.0,0.15906395002359752,0.0,[10]
427,0.017150504113469654,0.0,1.64385606702404e-05,0.00019529185277994388,0.0,0.0,0.0014782219288561826,0.007759103164205173,0.0,0.0,0.011717387759050707,0.002273600307652363,[0]
428,0.02445993536086194,0.0,2.4963535171608507e-05,0.0,0.0,0.0,0.0,0.012206336035523452,0.0,0.006215404523246351,0.0,0.008076475425324092,[0]
429,0.061238761988968764,0.0,5.7701849746414335e-05,0.0,0.0,0.0,0.0,0.0,0.0,0.0,0.11348877098089805,0.0025360351908352364,[10]
430,0.0,0.01796972784486806,0.0,0.004002473725033535,0.016405291030014403,0.0,0.07518301409963377,0.0,0.0,0.0,0.015367000030012502,0.0,[6]
431,0.015046752402209682,0.13707988658581494,0.0,0.008295292169754036,0.0,0.0,0.0,0.0,0.0,0.0,0.0012108413839647596,0.12467079333394727,"[1, 11]"
432,0.0,0.008618888445327487,0.0,0.004339844831700104,0.001025368774280387,0.0071456280066489655,0.005821007413647066,0.0034727560597496545,0.0,0.0015338510261867742,0.0,0.0,"[1, 5]"
433,0.0,0.03270538955589824,0.0,0.010469538071437554,0.03335196913264309,0.0,0.14156741014593574,0.0,0.0,0.0,0.0007174683260563397,0.0,[6]
434,0.0,0.012076617009825054,0.0,0.0,0.0005329565625488236,0.037329413292508676,0.0,0.0,0.005338374285786698,0.0016231254108157547,0.0,0.0,[5]
435,0.0,0.02035106273912025,0.0,2.5175066236885682e-05,0.0017997670689850304,0.03958579109718455,0.0003984392430206691,0.0012547031948937294,0.0,0.0,0.0,0.0,[5]
436,0.0,0.028690499299546667,0.0,0.0,0.0021101397839864305,0.04920344472021273,0.0008004253426257763,0.0013542724868709074,0.0,0.0,0.0,0.0,[5]
437,0.0,0.0242630203878621,0.0,0.0,0.0064329028201645,0.01877989533839534,0.02065017619153626,0.0,0.004614868632140016,0.0,0.004649489385368788,0.0,"[1, 5, 6]"
438,0.0,0.04074455857128002,0.0,0.0,0.0060534201259315485,0.06741714972034142,0.010913352452776968,0.0022990605524144474,0.0,0.0,0.0,0.0,[5]
439,0.0,0.0021504649087440916,0.0,0.0,0.0,0.018740295129263555,0.0,0.0,0.0,0.0,0.003173702099133142,0.0,[5]
440,0.0,0.034029941034735445,0.0,0.01107032089661669,0.002124920166914096,0.0889463442747942,0.0,0.0,0.0,0.016740727625683963,0.0,0.0,[5]
441,0.0,0.014153490342532571,0.0,0.0,0.001082867599679864,0.03260706369150995,0.0,0.0,0.0,0.0,0.0,0.0,[5]
442,0.0,0.0,0.0,0.0,0.004807739625725829,0.0,0.028124188971611844,0.0,0.0,0.0,0.019702136968442974,0.0,"[6, 10]"
443,0.009430966436306303,0.0,1.0690457877192283e-05,0.0,0.0,0.0,0.0,0.0,0.0,0.008199796303494789,0.019209568493256862,0.005617958645112937,[10]
444,0.022447500760424986,0.0,2.3982388040882513e-05,0.0021811850824278644,0.0,0.0,0.0,0.0,0.05930730428253986,0.009155250730951293,0.0066678179011672055,0.004552280183897833,[8]
445,0.0,0.05816424039023199,0.0,0.0,0.0052541573359586305,0.09992290302693187,0.0034428410267195527,0.0016551316444655272,0.0,0.0,0.0,0.0,[5]
446,0.11585683313556894,0.0,0.00010444226205417201,0.019611347213220998,0.0,0.006701279712361292,0.0,0.0,0.0039233835356018675,0.0015566165341835286,0.0,0.0,[0]
447,0.013538514229793405,0.0,1.392783904887318e-05,0.002153392354079752,0.0,0.0,0.0,0.0,0.022899604485284226,0.0037671748645852587,0.0024409083199084095,0.0008229090275022731,[8]
448,0.008146747764417662,0.0,8.969134045470782e-06,0.014334084924774317,0.0,0.0,0.0,0.00017475658488532009,0.021480149027787405,0.004333065288831287,0.0020944260920069085,0.0,[8]
449,0.003264659644512086,0.0,4.4037704037094074e-06,0.0,9.394983306516225e-05,0.0,0.008398451620585126,0.0,0.0,0.04788126102472337,0.021993554046690553,0.0007360756670627702,[9]
450,0.030462520063283177,0.0,3.1601093806122807e-05,0.0028350434080395156,0.0,0.0,0.0,0.0,0.07572620740950621,0.002164289380213087,0.033502339589674524,0.004887615188447222,[8]
451,0.030557418661979023,0.0,3.492169899327162e-05,0.03210383138247057,0.0,0.0,0.0,0.0015546381666253952,0.14440097919947653,0.016261514745426118,0.01797624002976105,0.006751137169598352,[8]
452,0.04388283449378745,0.0,3.9764442853984306e-05,0.008349506221396566,0.0,0.0010409361863196356,0.0,0.0,0.0017145781818293706,0.004816171582082852,0.0,0.0,[0]
453,0.01757483889448261,0.0,2.2348789520914324e-05,0.0,0.0,0.0,0.0,0.0,0.06605912147147272,0.0,0.0,0.0756878463859323,"[8, 11]"
454,0.024385483189749167,0.0,2.673547802345471e-05,0.011000308488174333,0.0,0.0,0.0,0.0,0.13130719311002756,0.010135449155528857,0.019414734210436307,0.0,[8]
455,0.014932677126109302,0.0,1.7337250717140337e-05,0.04370213169269091,0.0,0.0,0.0,0.003956338117509559,0.053666730630754333,0.00911732283117339,0.005094986816775247,0.0024044602746533254,"[3, 8]"
456,0.019183174401974343,0.003013253355905338,1.721714571948663e-05,0.0,0.0,0.0,0.0,0.0,0.0,0.0,0.0,0.07527694245809488,[11]
457,0.027000025608831402,0.0,2.9208467153399713e-05,0.003667104306682782,0.0,0.0,0.0,0.0,0.03149308949413287,0.01520742846062688,0.031010823821415838,0.024049953358899364,"[0, 8, 10, 11]"
458,0.028516563010733027,0.0,3.058275970669295e-05,0.0,0.0,0.0,0.0,0.0,0.0,0.20997024264619196,0.06425371530974443,0.01536465973358907,[9]
459,0.18713402066032667,0.0,0.0001672261568537623,0.02324163295666852,0.004783258294197948,0.014714299927443383,0.0,0.0,0.0,0.0,0.0,0.0,[0]
460,0.012656159489588,0.0,1.334749975899083e-05,0.0,0.0,0.0,0.0,0.0,0.017105818447109462,0.005304039757775183,0.0027447087750648593,0.005321814978518647,"[0, 8]"
461,0.004073928864650717,0.0,7.124302645092082e-06,0.015016669036188618,0.007533422307541854,0.0,0.0,0.010125629275013828,0.07730606101131413,0.0,0.0024555539352893985,0.0,[8]
462,0.0008055199422346759,0.0,1.7970889454963068e-06,0.0,0.0,0.0,0.0,0.0,0.012337570711980654,0.0,0.0,0.0034436718851055506,[8]
463,0.00810604815685734,0.0,1.2653496743244468e-05,0.0,0.0019459953143025257,0.0,0.0,0.0,0.06637336651361392,0.0,0.0,0.05499656830832325,"[8, 11]"
464,0.0024163957724731965,0.0,4.238335149679766e-06,0.0,0.0,0.0,0.0,0.0,0.026644185935442447,0.0,0.0,0.016572623072089003,[8]
465,0.01205646644160677,0.0,1.2952272528821349e-05,0.005518270556874194,0.0,0.0,0.0,0.013949797334004359,0.030206941233640917,0.0,0.029248086166117293,0.020554343564987254,"[8, 10]"
466,0.02339371033822943,0.0,2.6763553804638962e-05,0.010591062311849352,0.0,0.0,0.0,0.0,0.167993175067465,0.008958715240843776,0.009283561635373859,0.0025527347499141513,[8]
467,0.0,0.05332337875059196,0.0,0.002215983078212228,0.0,0.0,0.0,0.0019253051859428765,0.0,0.0,0.019682788327463223,0.005325480058102691,[1]
468,0.0,0.011304084226195216,0.0,0.0,0.0009183639078014066,0.029518464614435514,0.0,0.0,0.0,0.0,0.0,0.0,[5]
469,0.0,0.0,0.0,0.0,0.0,0.010131853777894363,0.0,0.0,0.0019274467381000355,0.0,0.033489912329492756,0.0,[10]
470,0.08793474598042965,0.009795714012428808,7.682401052209267e-05,0.012938283830320878,0.003961871414626065,0.01641570729087461,0.004302077406367736,0.0,0.0,0.0,0.0,0.0,[0]
471,0.0,0.04386521936091454,0.0,0.0,0.003287862289267892,0.06495339766103052,0.0022570052217204613,0.004353767882852084,0.0,0.0,0.0,0.0,[5]
472,0.0,0.021415065237144815,0.0,0.0,0.0017422214405883492,0.037938944553657566,0.0,0.00043150021778881067,0.0,0.0,0.0,0.0,[5]
473,0.0,0.01816391110548194,0.0,0.0,0.0005734632802841072,0.031727866194990635,0.0,0.00012488974899019575,0.0,0.0,0.0,0.0,[5]
474,0.10724994933701909,0.0,9.663573622356615e-05,0.014276436577838258,0.0,0.005745048090983311,0.0,0.0,0.0,0.0,0.0,0.0,[0]
475,0.0777381976756651,0.0,7.10203314134017e-05,0.0,0.0,0.0,0.0,0.0,0.0,0.0,0.06570768339551848,0.0,"[0, 10]"
476,0.12857214340683426,0.0,0.00011510995865869062,0.01806029064790985,0.0,0.006250960376552041,0.0,0.0,0.0,0.0,0.0,0.0,[0]
477,0.042433739325545776,0.0,3.835642824499396e-05,0.004693184230488625,0.0,0.0009221935463207127,0.0,0.0,0.0,0.0,0.0031095386314611393,0.0,[0]
478,0.091143628244682,0.0,8.24062502008572e-05,0.01849569601045193,0.0,0.004407450785057153,0.0,0.0,0.0,0.014263075712735896,0.0,0.0,[0]
479,0.07981549944561672,0.0,7.290955626917503e-05,0.020334604178662872,0.0,0.010123698602883901,0.0,0.0,0.0,0.034891675583815826,0.0,0.0,[0]
480,0.11352599951614771,0.0,0.00010314798342083184,0.017282392396171853,0.0,0.005276700581559669,0.0,0.0,0.01648145124787353,0.009560130535308497,0.0,0.0,[0]
481,0.08858685589247138,0.0,7.958541526564352e-05,0.013189879677098584,0.0,0.004917675903454099,0.0,0.0,0.0,0.0,0.0,0.0,[0]
482,0.17482633711525858,0.0,0.00015779643601192668,0.009177199111089083,0.0,0.00371644445312718,0.0,0.0,0.0,0.0,0.046588258786313334,0.0,[0]
483,0.12203998637784694,0.0,0.0001101946358956177,0.02166669948409042,0.0,0.0032876609398372293,0.0,0.0,0.000692714015269959,0.0,0.0,0.0,[0]
484,0.07079861759946311,0.0,6.608047194326668e-05,0.0,0.0,0.0,0.0,0.0,0.0,0.0,0.1225821421088094,0.0009332539100558658,[10]
485,0.1569549204244954,0.002754223621207441,0.00013964516042894954,0.021602253559319443,0.0017915813044711683,0.011745704402111158,0.002292715163842349,0.0,0.0,0.0,0.0,0.0,[0]
486,0.12244288073281787,0.0,0.00010966528433823877,0.015367855261229222,0.0010727350939579532,0.00828951922849863,0.0,0.0,0.0,0.0,0.0,0.0,[0]
487,0.004786894393668544,0.0,0.0,0.0,0.027352776702452654,0.008068717182106739,0.0,0.00012055286301769258,0.0,0.0067446408314439385,0.012090015550339697,0.03478693067849439,"[4, 11]"
488,0.0,0.0,0.0,0.03792942284104899,0.0,0.04411879326729348,0.0,0.015056548086242145,0.0,0.1137817968269216,0.0,0.0,[9]
489,0.017584273986308678,0.0,1.6958882087247516e-05,0.0,0.0,0.014989893873426316,0.0,0.0,0.0,0.010935131241497835,0.038446501466465485,0.0,[10]
490,0.06024144161568846,0.0,5.558498116909588e-05,0.0,0.0,0.006174672878610411,0.0,0.0,0.0,0.0,0.08101124497435579,0.0,"[0, 10]"
491,0.0,0.0,0.0,0.002149437392815149,0.0,0.021658302139664003,0.0,0.001673227957027695,0.001442578425718688,0.027969589783190103,0.0007318390781765464,0.0013326636958883007,"[5, 9]"
492,0.004786894393668626,0.0,0.21211008688951388,0.0,0.0,0.0,0.01826095612228552,0.002581496125570457,0.0,0.004763929744830263,0.024585724464023326,0.0,[2]
493,0.004786894393668503,0.0,0.0,0.0004277738043005864,0.14755723689038736,0.019077281782119173,0.0,0.0,0.0,0.0037448075727388335,0.02066721170636812,0.08254289070785205,[4]
494,0.0,0.0,0.0,0.04979485465155609,0.0,0.05407779213176969,0.0,0.021234976892549235,0.0,0.1527891163904627,0.0,0.0,[9]
495,0.02252003983847984,0.0,2.247998854115616e-05,0.0,0.0,0.0,0.0,0.01816838553250732,0.0,0.023230498513038184,0.058203684683026655,0.00556765959292042,[10]
496,0.061927848426177864,0.0,5.7027756614574875e-05,0.0,0.0,0.0,0.0,0.0,0.0,0.0,0.07794343436804031,0.0,"[0, 10]"
497,0.03749028026870961,0.0,3.774696250435763e-05,0.0,0.0,0.0,0.0,0.022911118446793447,0.0,0.07890598138557348,0.09922094306504181,0.008802720520239086,"[9, 10]"
498,0.052066481326201224,0.0,4.98789576449793e-05,0.0,0.0,0.0,0.0,0.00850099873900224,0.0,0.07826920584660725,0.08246476512400652,0.004404945187265893,"[9, 10]"
499,0.04656301189394978,0.0,4.493172909555904e-05,0.0,0.0,0.0,0.0,0.0,0.0,0.0,0.12709289408285862,0.0024733473430923795,[10]
500,0.0,0.0,0.0,0.0,0.0,0.01816749686727919,0.0,0.0043583612658072545,0.031946604090637196,0.007611683185119475,0.004987796958065264,0.0,[8]
501,0.010392705792725164,0.0,1.0127483459578587e-05,0.0,0.0,0.0,0.0,0.00015466393180744824,0.0,0.0,0.02996404462368534,0.0,[10]
502,0.0,0.010685728437380138,0.0,0.0,0.0016943386173189556,0.014967109164829902,0.007738667261152745,0.028207777272026096,0.0014901175185743848,0.0,0.013366378008284358,0.0,[7]
503,0.0,0.02130031732630258,0.0,0.007349606284490167,0.025234311170030964,0.0,0.1101378455803255,0.00889143929685504,0.0,0.0,0.01679344715308115,0.0,[6]
504,0.0,0.0,0.0,0.0,0.0008135478293189504,0.0,0.01373619723898226,0.038611725747570914,0.010645230719847186,0.0,0.023376724104772907,0.006314185848272999,[7]
505,0.0370039629312896,0.0,3.4691672393166547e-05,0.0,0.0,0.0,0.0,0.0,0.0,0.0,0.11207942942109995,0.006180975908033752,[10]
506,0.03204246879599771,0.0,3.143694643838781e-05,0.0,0.0,0.0,0.011517922208386233,0.0,0.0,0.0,0.10268459845570777,0.0069639371138410415,[10]
507,0.06039800275919126,0.0,5.665017524344535e-05,0.0,0.0,0.0,0.0,5.896993856836841e-06,0.0,0.0,0.11801225335352773,0.005424034663373766,[10]
508,0.03296723534280846,0.0,3.078760540917932e-05,0.0,0.0,0.0,0.0,0.0010181533847341557,0.0,0.0,0.1149354609245769,0.012394296154067317,[10]
509,0.050383882886171814,0.0,4.722047727728028e-05,0.0,0.0,0.0,0.0,0.0,0.0,0.0,0.09249766152003279,0.003793610158529602,[10]
510,0.039791090110398886,0.0,3.737714504000367e-05,0.0,0.0,0.0,0.0,3.3699241047055705e-05,0.0,0.0,0.07358408800971875,0.0001511897604915444,[10]
511,0.0,0.03828426747507512,0.0,0.0,0.011719259932002889,0.0,0.0540541391441151,0.0,0.0,0.0,0.024099327183939097,0.0,"[1, 6]"
512,0.12227517886830479,0.005335818256888982,0.00010834581083735615,0.01869389226470403,0.003135597898985051,0.010975432014465837,0.005126235599105374,0.0,0.0,0.0,0.0,0.0,[0]
513,0.0556467383163537,0.0,4.999710707007765e-05,0.0,0.0,0.0,0.001028116287137137,0.0,0.0,0.0,0.11325327541924445,0.0,[10]
514,0.020524266872922445,0.0,2.2405318865175298e-05,0.009960534283467394,0.0,0.0,0.0,0.0,0.0956381659651168,0.003879286329989991,0.023392088371053044,0.0014373329371703857,[8]
515,0.011494603997523042,0.0,0.1111199035577593,0.0,0.0,0.0006204390313491483,0.007097613486958631,0.0005853666688512262,0.0,0.0,0.02455744819842593,0.0,[2]
516,0.008790218381712988,0.000747331310303006,7.501252470809908e-06,0.0,0.0,0.023677352114424226,0.0,0.0,0.0,0.0,0.05149734985438298,0.0,[10]
517,0.0,0.047606351940604245,0.0,0.0,0.006008337798304004,0.0766186756440224,0.006430678363681845,0.0,0.0,0.0,0.008601856587327147,0.0,[5]
518,0.01149460399752301,0.0,0.0,0.0,0.08875546731480517,0.01399490607074949,0.0,0.0,0.0,0.0,0.0404516037845884,0.19242861487289378,[11]
519,0.010489667850762186,0.0,1.0966033371279914e-05,0.0,0.0,0.0,0.0,0.0,0.0,0.00424962910333748,0.010835115141642399,0.000418153507210635,"[0, 10]"
520,0.014649159450596671,0.005661436142128786,1.261319973144628e-05,0.0,0.0,0.0,0.0,0.0,0.000919901412926681,0.0,0.07801983146518447,0.02210651618003739,[10]
521,0.04749887925006292,0.0,4.32435158023719e-05,0.0,0.0,0.0,0.0,0.0,0.0,0.0,0.05676400601557188,0.0,"[0, 10]"
522,0.024133078105647056,0.0029218556962344964,2.1654814614738918e-05,0.0006387080467157002,0.0,0.0,0.0,0.005250711991873996,0.018283691025569718,0.0,0.04912400805880055,0.045536740375257116,"[10, 11]"
523,0.007454261267282991,0.0024244812113283294,0.0,0.0,0.02257036318368302,0.0,0.0,0.0,0.0,0.0,0.01881651284707097,0.01930732981250135,"[4, 10, 11]"
524,0.018924119917092794,0.0,1.7406778580088526e-05,0.0,0.0,0.0,0.0,0.0,0.0,0.0,0.06319827246318765,0.005689323158733951,[10]
525,0.01084910200197494,0.0011415092010388349,0.016114391374461332,0.0,0.0,0.0,0.0,0.0,0.0,0.0,0.035562618744596146,0.003190238817815262,[10]
526,0.003931177547771367,0.06524086764258767,0.0,0.02883758514610181,0.0,0.0,0.0,0.0,0.015344758598912886,0.0,0.18592780856011898,0.009776424868538226,[10]
527,0.02000496579215146,0.0015221294665029577,1.8014091031818613e-05,0.0,0.0,0.0,0.0,0.0041304945114165915,0.010303209980609475,0.0,0.030542648110285123,0.03413045965329438,"[10, 11]"
528,0.007606154486444658,0.03783015239062218,6.809386560634923e-07,0.014959068625080084,0.0,0.0,0.0,0.0,0.005227740210615186,0.0,0.13426386600487716,0.00998921690671127,[10]
529,0.004580826444145461,0.0,6.216880000440737e-06,0.003661422655805571,0.0,0.002422572499991396,0.0,0.0,0.04347687778041738,0.018308771651567204,0.0003251767988865878,0.0,[8]
530,0.0,0.0,6.121288682674741e-07,0.010799201608174935,0.0,0.012528940542996041,0.0,0.0028131013226876085,0.011237923364874933,0.026457567346884554,0.0,0.0021247870887185737,[9]
531,0.0,0.0,0.0,0.007537648940109049,0.0,0.045480668527754134,0.0,0.0007966460596924044,0.03476652470870304,0.049869427553345815,0.0,0.0,"[5, 9]"
532,0.05613333431374388,0.0,5.040010590747506e-05,0.0,0.0,0.0,0.0,0.0,0.0,0.0,0.0,0.025959620246468706,[0]
533,0.010045645294892195,0.0,0.16105469904150127,0.011975832663046885,0.0,0.0,0.012982187783300929,0.004091685115852911,0.005516204606746229,0.002831270329288861,0.019096939452058603,0.0,[2]
534,0.017333493839893556,0.0,1.8089850686060195e-05,0.0042335207294391325,0.0,0.0,0.0,0.003858742944222587,0.03053107504431538,0.0,0.039157105155063425,0.001961993321395924,"[8, 10]"
535,0.013617700482545783,0.0,1.3626655300573332e-05,0.0,0.0,0.0,0.0,3.956252724689802e-05,0.0,0.007161510597945825,0.01815962070521162,0.0032161985731903346,"[0, 10]"
536,0.016211222393391237,0.0,1.58972745535696e-05,0.0,0.0,0.0,0.0,0.0,0.0,0.0,0.045865382819836126,0.0010877828149109098,[10]
537,0.019506059578850383,0.0,2.1516807459905754e-05,0.00877184408321161,0.0,0.0,0.0,0.0,0.0703870150014863,0.004078345228804008,0.029098482439976498,0.0058846856805070255,[8]
538,0.01133422726477649,0.0,1.1568482909439367e-05,0.0,0.0,0.0,0.003416805538140706,0.0,0.0,0.0,0.04112465197842412,0.00018902568777011465,[10]
539,0.004670467961586213,0.0,5.68632482933585e-06,0.0,0.0035488877764453886,0.0,0.024021660636422155,0.000533872230624155,0.0,0.0,0.04541686527801631,0.004194193926195161,[10]
540,0.014472346533483373,0.0,0.0,0.020506605632273855,0.20670688367758386,0.01338821943393882,0.0,0.0018215930533935717,0.05065656977371247,0.0022977663014405437,0.017875822310898293,0.04537115279389272,[4]
541,0.0,0.028091915482835395,0.0,0.007524895401067956,0.02462440963866974,0.0,0.10545229831976591,0.0,0.0,0.0,0.007344425429150267,0.0,[6]
542,0.002184268482911867,0.011433438208409938,1.0099696650314915e-06,0.008934016136546163,0.0036457719068328925,0.0,0.020499733932486025,0.0,0.0,0.0,0.005296431807004699,0.0,[6]
543,0.008766033253156924,0.0,8.225088370022124e-06,0.0013979247516020066,0.0,0.0,0.0,1.3010341399222012e-06,0.005358885278217932,0.0,0.002866843763292092,0.013496440298545215,[11]
544,0.007880460514517785,0.003274993408906696,6.801050147253408e-06,0.0,0.0,0.011665774798023746,0.0,0.000938565681640358,0.0,0.0,0.0,0.0,[5]
545,0.012352659023403115,0.0,1.2516500518405348e-05,0.0,0.0,0.0,0.0,0.005644644392881624,0.03143167941397784,0.0,0.010949491292507059,0.023079691073149423,"[8, 11]"
546,0.0,0.0026434045142853003,0.0,0.0,0.0,0.011103683150345661,0.0,0.0,0.0007125495858210782,0.0,0.00019348675408698338,0.0,[5]
547,0.012123223220957926,0.0,1.2974648481364352e-05,0.0026260740104308176,0.0,0.0,0.0,0.0,0.023924213632204032,0.0013438459796061052,0.005319873653602893,0.009485387486013868,[8]
548,0.03254630699625794,0.0,3.2448954079989836e-05,0.014582447733269941,0.0,0.0,0.0,0.02395545041297405,0.06327563500752117,0.003719251811900076,0.003235929721450965,0.0028113450204190313,[8]
549,0.0,0.0,0.0,0.0007052164940922625,6.770569229601816e-05,0.001371416780252661,0.0,0.007440750815090831,0.005001192640126029,0.0,0.0,0.0,[7]
550,0.008567361948327825,0.0,9.537686327537344e-06,0.009111536338375316,0.0,0.0,0.0,0.008178070944539234,0.021747730322382693,0.0,0.005158201731265976,0.010618240871526121,[8]
551,0.0,0.04233948322148479,0.0,0.011371902723847133,0.03626775771188208,0.0,0.15445563192798828,0.0,0.0,0.00014671494145963938,0.001820669868497395,0.0,[6]
552,0.017162148960185645,0.0,1.8887743739420982e-05,0.0077847103675517315,0.0,0.0,0.0,0.006232181751360382,0.0796124557744134,0.008558195828178284,0.0,0.0,[8]
553,0.12157669721441051,0.0,0.00011029346260897007,0.021758558114853454,0.0,0.004857801299899848,0.0,0.0,0.013235180561371145,0.003625832152910831,0.0,0.0,[0]
554,0.0,0.03958312541637848,0.0,0.003999985368925624,0.0029958916109534962,0.0,0.01133303685243415,0.0,0.004798027466494956,0.0,0.013477576898519925,0.0,[1]
555,0.0,0.008434728607843524,0.0,0.0,0.0007625695322406596,0.0,0.011152326866314807,0.04302905920408313,0.009142985382945612,0.0,0.029708063050109996,0.004642679050519911,[7]
556,0.0,0.006631196393768306,0.0,0.0,0.00043225329226334196,0.0,0.01402452310243037,0.047275051183194236,0.012708658646397154,0.0,0.03679491792723595,0.005048791291369185,"[7, 10]"
557,0.0,0.0693067211264108,0.0,0.030921457564752855,0.0,0.0,0.0,0.0,0.016390616158024084,0.0,0.17729334671420188,0.00598929146687924,[10]
558,0.0,0.0046727469801143015,0.0,0.0,2.0205346849007314e-05,0.0,0.008418337538063434,0.038851831491174244,0.0129827479284014,0.0,0.02154469351047223,0.009458871171618808,[7]
559,0.0,0.03906759133128389,0.0,0.0,0.0,0.01645558280131358,0.0,0.02269353804150528,0.00874778935114195,0.0,0.037328451957908966,0.0,"[1, 10]"
560,0.0,0.11357540313766303,0.0,0.039213161616090585,0.0,0.0,0.0,0.0,0.023490928498027287,0.0,0.1967647413543225,0.025643321075551208,[10]
561,0.024183129160069504,0.0,2.618777700407207e-05,0.0033117876089036767,0.0,0.0,0.0,0.0,0.12256418756044818,0.002906534133654582,0.023601626735817248,0.004992562959782141,[8]
562,0.0,0.0,0.0,0.0068691563340845556,0.0,0.04538018798049396,0.0,0.005900985314394693,0.02111629789961996,0.05543366708214046,0.0,0.005301265466262794,"[5, 9]"
563,0.17879124470310348,0.0,0.0001607736268901346,0.03139991556456475,0.0,0.011407648709624666,0.0,0.0,0.0060136821383128085,0.0030381275302682705,0.0,0.0,[0]
564,0.066228962346181,0.0,6.0377997233094585e-05,0.01564299038618685,0.0,0.00946912737422362,0.0,0.0,0.0014513673374273771,0.012082193773358398,0.0,0.0,[0]
565,0.0,0.0,0.0,0.0,0.0,0.0007415713002423453,0.0,0.01004977771081223,0.02198447844696712,0.0,0.0,0.0032724827241589287,[8]
566,0.0,0.0,0.0,0.0,0.0,0.0,0.0,0.00990418602779086,0.026191646503583216,0.0,0.0,0.007746645424735323,[8]
567,0.023935724866630616,0.0,2.6879224360294938e-05,0.0038969619218326957,0.0,0.0,0.0,0.0011827200485934875,0.10933949015152883,0.005054474439070647,0.0,0.014137502631635898,[8]
568,0.0,0.0,0.0,0.003200117762567287,0.0,0.03486852709078502,0.0,0.013641533366059073,0.03073293388422986,0.041234285079995214,0.0,0.009873964954416522,"[5, 8, 9]"
569,0.0055493950519100565,0.0,5.678869378933616e-06,0.0,0.0,0.0,0.0,0.005277952354386983,0.013384388285583805,0.0,0.010393012482982687,0.012365166516428728,"[8, 10, 11]"
570,0.0,0.034641875389709545,0.0,0.007784688861396896,0.028991838600497834,0.0,0.12185697174944289,0.0,0.0,0.0,0.0,0.0,[6]
571,0.01568593843639716,0.0,1.692961735103314e-05,0.0,0.0,0.0,0.0,0.0,0.0,0.044858790767857246,0.0,0.0399947698985528,"[9, 11]"
572,0.0,0.00341310412377279,0.0,0.0,0.0030674133042468475,0.0,0.028786765451019544,0.07443239647922195,0.02076223613258485,0.0,0.039952569952202276,0.008741379963767915,[7]
573,0.0,0.010708399312045803,0.0,0.0,0.0023363246329065604,0.02108146659949924,0.0021648278621973914,0.0,0.0,0.0,0.0,0.0,[5]
574,0.0,0.0005696284576900838,0.0,0.0023421637279058068,0.0,0.018571301153250883,0.0,0.001415250359499566,0.005401392806977264,0.010449838093440696,0.0,0.0,[5]
575,0.007603561578524591,0.0,0.0,0.0013269904484811087,0.0,0.008009884774543915,0.0,0.0001405090412475808,0.0,0.00040939312350752005,0.0,0.048906292739330906,[11]
576,0.0,0.006667925734597776,0.002189562294132785,0.0,0.006971649741360699,0.022642926329275843,0.0,0.0021976221159418093,0.0,0.00012528930498113008,0.0,0.0,[5]
577,0.0047116243189745015,0.03702245630380363,0.0,0.0,0.0,0.0,0.0,0.0,0.008926955434063164,0.010439532638785628,0.0,0.056622576950884615,[11]
578,0.0018213524027386732,0.0,3.340523361088101e-06,0.001332424400776018,0.0,0.006009946021406191,0.0,0.0010722288128529015,0.02051604701383767,0.006163979508957904,0.0,0.0023905027247299077,[8]
579,0.0,0.0,0.0,0.0,0.0,0.010847636442504027,0.0,0.0570456020290795,0.008712683015664337,0.0021493493783477464,0.0,0.0,[7]
580,0.0,0.008046789542109608,0.0,0.0,0.0015137979791108632,0.013650346472918937,0.003434844768128946,0.0031590238271766314,0.0,0.0,0.0,0.0,[5]
581,0.023292161896950356,0.004408991056646816,0.15515482551883364,0.001653077561029863,0.0,0.007431014015949704,0.016867542914005534,0.004091955976832798,0.0,0.0004760675739699933,0.0,0.0,[2]
582,0.0,0.0042880758770386385,0.0,0.0,0.08371150373110982,0.024311521644881852,0.0,0.000999196492015335,0.001456348305896522,0.0014045938575690017,0.0003468314122068068,0.05842167866317589,[4]
583,0.0,0.03378376658803382,0.0,0.01661289612089377,0.004503016536966916,0.10327717052272999,0.0,0.003487184233523791,0.0,0.032596401257254756,0.0,0.0,[5]
584,0.02889888146715807,0.0,3.0181029485809886e-05,0.0,0.0,0.0,0.0,0.0,0.027642171255221244,0.025931885028699416,0.0,0.00683908673942711,"[0, 8, 9]"
585,0.006635876845348647,0.0,8.209244714657649e-06,0.0,0.0,0.0,0.0,0.004041115588737752,0.018070737796330828,0.0014722184489217973,0.0012262982611557247,0.002497955624526452,[8]
586,0.013082046469701404,0.0,1.4202014788432225e-05,0.000949462045221933,0.005227537472991122,0.0,0.0,0.011435076043808546,0.025962983482940526,0.0,0.0005622846549867231,0.012202397604504811,[8]
587,0.03807847779074653,0.0,4.256349532644591e-05,0.017246612369510285,0.0,0.0,0.0,0.0,0.24986112594466967,0.02615304271505371,0.01436153298054543,0.0,[8]
588,0.004558847815409184,0.0,6.11933747027979e-06,0.0002326121737442448,0.0,0.0,0.0,0.00021746223390569071,0.025729525448587587,0.004351505211941556,0.0,0.004604769733138332,[8]
589,0.0,0.031032930414583375,0.0,0.018289721887777534,0.03871126493833853,0.0,0.1662861657660487,0.0,0.0,0.019528836905755007,0.0020952794015707955,0.001065741356798818,[6]
590,0.0,0.02839421618792312,0.0,0.011718843348953876,0.02994914457785535,0.0,0.12999101125369436,0.0055476370751699495,0.0,0.0,0.004262228173110499,0.0,[6]
591,0.0,0.07024241782922558,0.0,0.0,0.012008610092983684,0.07506719700714316,0.029001691681644976,0.00023373687834101105,0.0,0.0,0.0011058363798570924,0.0,"[1, 5]"
592,0.0,0.045553864216447255,0.0,0.0,0.015636737911472017,0.01427521467033422,0.052455351305530674,0.0022056565288982133,0.0,0.011298425811124295,0.0,0.0,"[1, 6]"
593,0.0,0.07927512872941077,0.0,0.0,0.00969042537727763,0.11554727786794237,0.013534580362447236,0.0018455123578725399,0.0,0.0,0.001006858354541706,0.0,[5]
594,0.0,0.04207492684571042,0.0,0.0,0.010079454020971003,0.03207138669492741,0.030575690254079267,0.0,0.0,0.0,0.0,0.0,"[1, 5, 6]"
595,0.0,0.04270108205203386,0.0,0.0,0.005179906506886078,0.05847845740099258,0.00911573272624851,0.005472562303199372,0.00017992189139135864,0.0,0.0008607607949851014,0.0,"[1, 5]"
596,0.009723552372000628,0.0,1.0648794281985394e-05,0.0,0.0,0.0,0.0,0.0,0.019390577119973502,0.0,0.0,0.02608046494886327,"[8, 11]"
597,0.02807664856618426,0.0,2.9181942732332344e-05,0.0,0.0,0.0,0.0,0.0,0.07874386621231465,0.0,0.0,0.08302091514559658,"[8, 11]"
598,0.0,0.06374354590029539,0.0,0.0,0.006913265997225286,0.0998256364150005,0.0073215644401796506,2.37153925551097e-05,0.0,0.0,0.0,0.0,[5]
599,0.0,0.04408435940724549,0.0,0.0,0.0068089583865352105,0.05275543020338334,0.01449405430329503,0.005998792926745383,0.0,0.0,0.0030553446831482513,0.0,"[1, 5]"
600,0.0,0.04344726414331979,0.0,0.0,0.005050084618083961,0.07073448079764019,0.004586678263058642,0.0011187945468604265,0.0,0.0022991096615435054,0.00023467987520386078,0.0,[5]
601,0.00367122630303262,0.0,7.216422453713451e-06,0.0,0.0,0.0,0.0,0.0,0.049446243878279325,0.0,0.0,0.040583171924987345,"[8, 11]"
602,0.025047127856484448,0.0,2.6046489307761068e-05,0.0,0.0,0.0,0.0,0.0,0.028485338502099385,0.0,0.0,0.054126924584056185,[11]
603,0.010263690080594405,0.0,1.112600172086302e-05,0.0,0.0,0.0,0.0,0.0,0.01471896178359646,0.0,0.0,0.03595488941289231,[11]
604,0.031841986739079,0.0,2.97518642626807e-05,0.0,0.0,0.0,0.0,0.0,0.0,0.0,0.037412332988971515,0.010884764899503801,"[0, 10]"
605,0.01808017157490366,0.0,1.768220258957692e-05,0.0,0.0,0.0,0.0,0.0004194398068391908,0.0,0.0,0.0,0.05318990649990986,[11]
606,0.06613775017583179,0.0,6.136753805747764e-05,0.0,0.0,0.0,0.0,0.0,0.0,0.0,0.08881673157314823,0.0,"[0, 10]"
607,0.022415142689653597,0.009186702990387853,1.9054996389134192e-05,0.0,0.0,0.0,0.0,0.0025907304715210465,0.0,0.0,0.0,0.10525724599768864,[11]
608,0.021046277070310725,0.0,2.036203967456187e-05,0.0,0.0,0.0,0.0,0.004181206390171686,0.0,0.0,0.0,0.060145173898981094,[11]
609,0.028007374186664817,0.07373455579407398,1.1913817672870108e-05,0.0,0.0,0.0,0.0,0.0031411528282806007,0.0,0.0,0.0,0.15383705368074171,[11]
610,0.015922982109974778,0.0,1.547646269621209e-05,0.0,0.0,0.0,0.0,0.0,0.0,0.025123782672656903,0.011474924967802348,0.022143471384793497,"[9, 11]"
611,0.05616904700651626,0.0,5.089409810039516e-05,0.0,0.0,0.0,0.0,0.015088876773057357,0.0,0.0,0.0,0.2012080160497176,[11]
612,0.010053945198959078,0.0,1.1247178180612862e-05,0.0,0.0,0.0,0.0,0.0,0.0,0.0804067071318992,0.015639569654604356,0.01241727485271423,[9]
613,0.025922462838160635,0.0,2.6135225683720884e-05,0.0,0.0,0.0,0.0,0.0,0.0,0.051764305222570556,0.0059113743454205,0.01780197623655818,[9]
614,0.007156140657909801,0.0,7.545543765628404e-06,0.0,0.0,0.0,0.0,0.0,0.0,0.016975289076206334,0.0,0.0131393891078862,"[9, 11]"
615,0.0,0.006090723475899088,0.0,0.0,0.10872098851673384,0.023109671913714647,0.0,0.0,0.00272202499531956,0.0,0.0,0.0048551405624814034,[4]
616,0.0,0.011612417738440448,0.0,0.0,0.002822442051801186,0.016882197009834232,0.0031846776082791895,0.0,0.0,0.0,0.0019153422661331745,0.0,[5]
617,0.0,0.00625609245427208,0.0,0.0,0.018583172179161864,0.014978863378128027,0.0,0.0,0.0,0.0,0.000778830200826403,0.09217743703079422,[11]
618,0.0,0.006284178967963664,0.1495828154915036,0.0,0.0,0.0070177757441594185,0.01592303677918605,0.0,0.0,0.0,0.00043232579624976014,0.0,[2]
619,0.0,0.0013954595940656085,0.0,0.0,0.003471789883530848,0.013106505612883112,0.0,0.0,0.0,0.0,0.0,0.0,[5]
620,0.008058715927654695,0.0,1.0093768234418237e-05,0.0,0.0,0.0,0.0,0.0,0.035309959618228574,0.0,0.0,0.04039390030552999,"[8, 11]"
621,0.004833784254622758,0.0,8.39997146339557e-06,0.0,0.0,0.0,0.0,0.0,0.054224845042491095,0.0,0.0,0.04282417137817525,"[8, 11]"
622,0.005868512872057856,0.0,0.0,0.0,0.034032476745939184,0.0,0.0,0.0,0.05020059296650646,0.0,0.0,0.0492021668330989,"[8, 11]"
623,0.004564122506689738,0.0,7.216690908177373e-06,0.0,0.0,0.0,0.0,0.0,0.03834304269667531,0.0,0.0,0.03069551344981057,"[8, 11]"
624,0.002969070899846531,0.0,5.424760104221999e-06,0.0,0.0,0.0,0.0,0.0,0.03519182967986907,0.0,0.0,0.024472413727816077,[8]
625,0.001961367885690368,0.0,0.0,0.0,0.34038026436979796,0.025671626763118807,0.0,0.0,0.03290068765367171,0.0,0.0,0.0,[4]
626,0.0,0.0,0.0,0.0,0.004765725330608121,0.0,0.0,0.0,0.0440420273170127,0.0,0.0,0.014557574241397505,[8]
627,0.00030880051394200036,0.0,0.25024317023755427,0.0,0.0,0.0,0.022747406546942794,0.0,0.01652635533825659,0.0,0.0,0.08549103191396354,[2]
628,0.0,0.03152566393699446,0.0,0.0,0.0036377820463916995,0.07069868290154922,0.0,0.0,0.004449630964821159,0.0,0.0,0.0,[5]
629,0.015865584410983062,0.0,1.5824807294344688e-05,0.0,0.0,0.0,0.0,0.0,0.0,0.0,0.0,0.058130355217867906,[11]
630,0.005528583130657405,0.0,0.0,0.0,0.045840291521314115,0.001269141210592053,0.0,0.0,0.010176912527171329,5.425562827259829e-05,0.0,0.0,[4]
631,0.024992406051046818,0.0,2.5370223199326872e-05,0.0,0.0,0.0,0.0,0.0,0.009013768888961497,0.003998324133076174,0.004959379581027435,0.013274676401383429,[0]
632,0.0,0.0,0.0,0.001512925217651241,0.006471320519010868,0.0,0.029384128538326556,0.0,0.007432893870922564,0.005076387869717075,0.0,0.004771950687554673,[6]
633,0.02466606762231219,0.033934790172032055,1.6568871339616536e-05,0.0,0.0,0.0,0.0,0.003938401902481371,0.0,0.0,0.0,0.15466119620756608,[11]
634,0.0010614057355981849,0.0,0.006107962569018605,0.0,0.0,0.0,0.0,0.0,0.02609725852609645,0.0,0.0,0.03510536957650506,"[8, 11]"
635,0.0,0.0,0.0,0.0,0.0028078307924205726,0.0,0.007210367989700182,0.0,0.04108452599773943,0.0,0.0,0.035170337845893754,"[8, 11]"
636,0.0007694945681856335,0.0006904732892209171,0.0,0.0007954390254080848,0.08802928061565696,0.01286725672231528,0.0,0.0,0.0,0.0,0.004140006929986103,0.03659177542430552,[4]
637,0.005184343781849766,0.0,6.584760403034192e-06,0.0,0.0,0.0,0.0,0.03317056273996312,0.02011287965361871,0.0,0.0,0.0020997765177405746,[7]
638,0.0032484665425803107,0.0,4.462142582628245e-06,0.0,0.0,6.90694683594784e-05,0.0,0.0656132929439138,0.0059296873686200515,0.007097761056053091,0.0,0.0019460488530269639,[7]
639,0.0,0.017934609762902162,0.0,0.0,0.0013924947606888506,0.042399566954909644,0.0,0.0,0.0,0.0,0.0,0.0,[5]
640,0.0,0.03156033206088207,0.0,0.0,0.004257918711523516,0.04954688907100412,0.007996987642708056,0.0,0.0,0.0,0.0,0.0,[5]
641,0.0,0.04129119919395507,0.0,0.0,0.004790266239344145,0.06648566946170881,0.005982059567902444,0.0005842740799029551,0.0,0.0,0.0,0.0,[5]
642,0.0,0.025457002987507034,0.0,0.0,0.0032810607417365157,0.046452038939737275,0.003440664477719243,0.0009151621444904848,0.001301864431585647,0.0,0.0,0.0,[5]
643,0.0,0.008835684057966151,0.0,0.0,0.0008020187637852196,0.01544543548109152,0.0009092656906646955,0.0011042980490651988,0.0,0.0,0.0,0.0,[5]
644,0.0,0.02174650786495673,0.0,0.0,0.0028670292722242485,0.034703228960984746,0.005061129658003678,0.0006085596494397289,0.0,0.0,0.0,0.0,[5]
645,0.0,0.021825421913026537,0.0,0.0,0.00507376203272248,0.017057876997054272,0.016693856002822194,0.0,0.0,0.0,0.0006405898799102215,0.0,"[1, 5, 6]"
646,0.0,0.047306859040128484,0.0,0.0,0.0066211076950137265,0.06386614800343787,0.01369335851490729,0.0007814358717392298,0.0,0.0,0.0,0.0,"[1, 5]"
647,0.0,0.0451969561771819,0.0,0.0,0.00450877905258781,0.06959864984761206,0.004587536733698111,0.001143094332796097,0.0021530628475329135,0.0,0.0,0.0,[5]
648,0.0,0.01661222069910545,0.0,0.0,0.0024782808530062037,0.013926503464987373,0.01003424755401067,0.008093673451453388,0.015189988832564569,0.0,0.0019187809397433649,0.0,"[1, 5, 8]"
649,0.0,0.04180452564893109,0.0,0.0,0.0053534451568932094,0.058255868126855605,0.010783155091313435,9.86615630237696e-05,0.0,0.0,0.0005654785986274538,0.0,"[1, 5]"
650,0.0,0.006226607449105836,0.0,0.0,0.0005739896423411008,0.017986856849948843,0.0003180981869621701,0.012684398569646354,0.0,0.0012025417941409111,0.0,0.0,"[5, 7]"
651,0.012343601292417681,0.0,0.214151442061212,0.013533492640428973,0.0,0.0,0.014727430201596926,0.006333513022836259,0.047466187692343266,0.006217764913406115,0.009220412709155659,0.012873574183965363,[2]
652,0.011404320582920256,0.0,0.0,0.012734639843406502,0.044645159989301714,0.0,0.0,0.0,0.04391507153823171,0.008679183156081051,0.0064826579443418835,0.0,"[4, 8]"
653,0.029783175884048864,0.0,3.3280403491032124e-05,0.011016176704307542,0.0,0.0,0.0,0.0,0.19777414633651552,0.016045599233661112,0.004858790952401913,0.005660631128015661,[8]
654,0.011132665662696817,0.0,1.2473582029743658e-05,0.011099016645151307,0.0,0.0,0.0,0.0,0.06428127000276179,0.007707916060434822,0.004769359903411709,0.0006838164732866224,[8]
655,0.021535137235973254,0.0,2.3818929370217057e-05,0.0107591743022913,0.0,0.0,0.0,0.0,0.1401225743801762,0.012924692907026256,0.006294920417768406,0.006132413568815327,[8]
656,0.0223637035865597,0.0,2.5265051506750006e-05,0.003487593806046659,0.0,0.0,0.0,0.026666768119675752,0.030716746963625693,0.020023719842092863,0.025731997456153528,0.028970398169740143,"[0, 7, 8, 10, 11]"
657,0.001301932301299369,0.0,5.473467874816765e-06,0.42706683711184756,0.0,0.013987602094957313,0.0,0.005859975081735318,0.0,0.0,0.0013897065933293894,0.0,[3]
658,0.016023757945328503,0.0,1.7286401704749173e-05,0.0,0.0,0.0,0.0,0.0,0.009887008016339547,0.026035913417002888,0.006913971984438421,0.02161418705554944,"[9, 11]"
659,0.0375313420111664,0.0,4.040770060293127e-05,0.016253484973279896,0.0,0.0,0.0,0.0,0.18304782805517025,0.01680858630736437,0.014679096522510478,0.0,[8]
660,0.02334297394546181,0.0,2.5721425703675903e-05,0.0,0.0,0.0,0.0,0.032345218301147095,0.0,0.0,0.0,0.06704618982140564,[11]
661,0.016837455244428604,0.0,1.9364482389418235e-05,0.007757458717013782,0.0,0.0,0.0,0.0,0.06689113633128756,0.007885164442982442,0.0052224357830125395,0.010496351719281032,[8]
662,0.042624508959132286,0.0,4.220672134597005e-05,0.016874866161070767,0.0,0.0,0.0,0.0,0.08509709451330225,0.015459866146233419,0.0,0.0,[8]
663,0.01667202284620978,0.0,1.8349200705604297e-05,0.018917570455045125,0.0,0.0,0.0,0.0007234693852079872,0.09981749690442439,0.010900882287218605,0.00860553586447474,0.0,[8]
664,0.006773332383579368,0.0,0.0,0.016509583372398554,0.12100088130682601,0.004451415246625862,0.0,0.002018357083846665,0.054883908892718374,0.0019290833627392263,0.007389986025395,0.025100760599672027,[4]
665,0.0,0.0018379911707331856,0.0,0.0,0.0,0.021302022628268167,0.0,0.0025489976710352524,0.0,0.013699907879755377,0.0,0.0,[5]
666,0.0,0.0015623287553005803,0.0,0.0,0.0,0.01503840033252405,0.0,0.0016422307704714667,0.0,0.008509375028060826,0.0,0.0,[5]
667,0.0,0.0,0.0,0.02808880906538355,0.0,0.03528131002942013,0.0,0.01630618320229501,0.0,0.1050284543519823,0.0,0.0,[9]
668,0.0,0.0,0.0,0.005673264726704505,0.0,0.04417341541713091,0.0,0.009047788969466853,0.023274622606182075,0.05675383218705192,0.0,0.007628337477079475,"[5, 9]"
669,0.0,0.0,0.0,0.00418526636232395,0.0,0.01615694225116179,0.0,0.0019391828716264017,0.004698333802991175,0.02464186951334634,0.0,0.0017480024665845156,[9]
670,0.0,0.0,0.0,0.020115565861683577,0.0,0.02287386232316756,0.0,0.00810468441987024,0.0010771310892962321,0.0836536045748104,0.0,0.002436494930525557,[9]
671,0.0,0.00840726957308265,0.0,0.0017940304254433813,0.00022446898232631065,0.03570662324905653,0.0,0.0019379250402190781,0.0008284191164386919,0.014649720320603382,0.0,0.0,[5]
672,0.0,0.0,0.0,0.008896639265939548,0.0,0.009050763907072906,0.0,0.003959838116013145,0.0,0.026674927501164323,0.0,0.0,[9]
673,0.0,0.0,0.0,0.016286140666315663,0.0,0.02522871466846913,0.0,0.005836832764574832,0.0,0.05758177500483087,0.0,0.0008668678883486358,[9]
674,0.0026597399468673375,0.0,5.191644510982027e-06,0.03623722157438188,0.0,0.038895590334126054,0.0,0.0114505342431317,0.0,0.11422347816047354,0.0,0.0,[9]
675,0.0,0.010436706857222177,0.0,0.0,0.0014832373696718848,0.024944043326575526,0.00027451990137208025,0.0004760720677723902,0.002384353562379961,4.534065691486984e-05,0.0,0.0,[5]
676,0.007400366177247135,0.0,8.834291605611864e-06,0.0,0.0,0.0033463933376005326,0.0,0.0,0.04127493212947812,0.004963028656732592,0.0,0.0019255695759467122,[8]
677,0.0,0.008950095235484755,0.0,0.0,0.17266184236073812,0.04883246195793032,0.0,0.0,0.006442381245626073,0.01104151527984579,0.0,0.0,[4]
678,0.0,0.010649692900819673,0.14962962923301262,0.0,0.0,0.013288767218930133,0.018243649845344764,0.0028581374538888993,0.0,0.002587995966396465,0.000644429152896597,0.0,[2]
679,0.0,0.020642817077746484,0.0,0.0,0.0014519821299450203,0.04681330854348228,0.0,0.0,0.0049587162266823605,0.00567674359261588,0.0,0.0,[5]
680,0.0,0.017416768372122176,0.0,0.0,0.06641439530228736,0.043531177351880015,0.0,0.0,0.0,0.0,0.0008633778439762402,0.016767541286285825,[4]
681,0.002704413064843881,0.0,3.1136861421657168e-06,0.0,0.0,0.011041914275911344,0.0,0.0025206428442145897,0.0,0.01257802391071436,0.0,0.011620505723354994,"[5, 9, 11]"
682,0.0,0.013394529376368971,0.0,0.0,0.0013336725845514734,0.036234813494902054,0.0,0.0,0.0017414743283792782,0.0,0.0,0.0,[5]
683,0.0,0.003989320980424882,0.0,0.0,0.00015488930634149106,0.028481788761663254,0.0,0.0,0.0,0.0007890356388984001,0.0,0.0,[5]
684,0.0,0.0,0.0,0.0027257536483894615,0.0,0.019298951871501855,0.0,0.0023034162144763013,0.007019880838549971,0.0222720013066208,0.0,0.0017397090039196134,"[5, 9]"
685,0.0,0.003606762291598284,0.0,0.002356189603532352,0.0019106928116487854,0.005286788334609598,0.005887857826037746,0.0027156517860264856,0.0,0.007877673413509841,0.0,0.0,"[6, 9]"
686,0.003293404316221294,0.01566922718921304,5.516473013163517e-08,0.0024818049114959336,0.0,0.0012496234193705897,0.0,0.0,0.0017911244125926981,0.02504342391243996,0.0,0.0019629568305473215,[9]
687,0.0,0.0,0.0,0.0062179521384236125,0.00143573247475687,0.0,0.004787679025813913,0.009152316890222896,0.011791820548394387,0.00828068011645913,0.0,0.0,"[7, 8, 9]"
688,0.0,0.0,0.0,0.02264267212725549,0.0,0.023381389559016183,0.0,0.011546605193012042,0.0,0.07462847677685573,0.0,0.0,[9]
689,0.0,0.0,0.0,0.0005827659007971916,0.0,0.012126092269593436,0.0,0.0017352916139183007,0.008719377693931328,0.012936959180939837,0.0,0.001516303106949074,"[5, 9]"
690,0.023314012393704075,0.0,2.310836677876612e-05,0.008103893792432992,0.0,0.018082251827077987,0.0,0.0,0.046293148775836075,0.026294449888548878,0.0,0.0,[8]
691,0.0,0.014830003433676962,0.0,0.0,0.002833315646238203,0.020103114095341997,0.008223011652765684,0.007670868351029591,0.0,0.0,0.0,0.0,"[1, 5]"
692,0.0,0.0,0.0,0.014447269905809771,0.0,0.01527542019957822,0.0,0.013598057484384663,0.0,0.051236165278274175,0.0,0.0,[9]
693,0.0,0.0,0.0,0.03830320217667398,0.0,0.04338767947321834,0.0,0.019116092041846274,0.0,0.13708163577447832,0.0,0.0,[9]
694,0.0,0.06063555480110381,0.0,0.0,0.00785402225176406,0.08605205780093621,0.01369421169387558,0.0020030190781229963,0.0,0.0,0.0,0.0,"[1, 5]"
695,0.0,0.045628511357559534,0.0,0.0,0.004958928196439372,0.06505752344877104,0.007584906987793786,0.0013781159445006796,0.0,0.0,0.0006232123865496943,0.0,"[1, 5]"
696,0.0,0.024380535935479078,0.0,0.0,0.0017488686183922777,0.03944370525158037,0.0006379861943056302,0.0,0.0,0.0,0.0,0.0,[5]
697,0.0,0.07019281710879689,0.0,0.0,0.006227742498305488,0.10133055938893952,0.007202294521775725,0.0,0.0,0.0,0.0004150711190904257,0.0,[5]
698,0.0,0.014326181377056836,0.0,0.08737471185338111,0.0007824057794508447,0.08342837958732528,0.0,0.003854056752969306,0.0,0.04242981555484462,0.0,0.0,"[3, 5]"
699,0.02334013192182844,0.0,2.450933892369843e-05,0.0,0.0,0.0,0.0,0.0,0.0,0.08055559893393856,0.034967644295021076,0.012472690761354467,[9]
700,0.02998527125117542,0.0,3.0672269965711265e-05,0.0,0.0,0.0,0.0,0.02424612585420723,0.0,0.19865290146411305,0.07196575946165125,0.0,[9]
701,0.009005953884633476,0.0,1.009985230582571e-05,0.0,0.0,0.0002229049086408192,0.0,0.0,0.004066195045609955,0.020401018871827683,0.0,0.0053374426184532075,[9]
702,0.0,0.005197193758704397,0.0,0.0,0.0,0.008921528576049668,0.0,0.0,0.0,0.012244475032126749,0.0,0.0,"[5, 9]"
703,0.008953384916400355,0.0,9.612224394941507e-06,0.0,0.0,0.0,0.0,0.0,0.0,0.0023910740518131354,0.0,0.01644878525636715,[11]
704,0.025736020150968143,0.0,2.4330367255461786e-05,0.007211507863368365,0.0,0.0026308116412784178,0.0,0.0,0.015556677913311794,0.006528679154003464,0.0,0.0,[0]
705,0.10460582390816696,0.0,9.530664452569856e-05,0.018371554711708194,0.0,0.004104534668200958,0.0,0.0,0.03502759775560727,0.011132369429482925,0.0,0.0,[0]
706,0.018001890203196737,0.0,2.0485386974772936e-05,0.009727538631319133,0.0,0.0,0.0,0.0022253232789668257,0.06692134178654938,0.012191792777227341,0.009412632598769302,0.009275297316197015,[8]
707,0.01171628911315908,0.0,1.2428073413092842e-05,0.0,0.0,0.0,0.0,0.0,0.026149723565896732,0.0,0.0,0.022305863101090867,"[8, 11]"
708,0.11770333633072776,0.0,0.0001060218619731943,0.019881439999638078,0.0,0.006631178329164717,0.0,0.0,0.007343100531725456,0.0,0.0,0.0,[0]
709,0.0,0.0012932981098566492,0.0,0.0,0.0034249764294223017,0.0,0.016536152586736366,0.06902914817630378,0.009535845521114153,0.0,0.02578706798962044,0.009784573999516342,[7]
710,0.008331787541956617,0.0,9.794470799138196e-06,0.0,0.0,0.0,0.0,0.03495573564201666,0.010498318720033841,0.0,0.031158166595337603,0.021298777850430366,"[7, 10]"
711,0.006484832257212199,0.016444549450247977,3.3816947690005414e-06,0.0,0.0,0.0,0.0,0.0,0.0,0.0,0.04817388687470498,0.023245518535367857,[10]
712,0.0017317065919682595,0.0,2.6524303931228416e-06,0.0,0.0,0.0,0.0,0.0015215193995084335,0.00835522103787675,0.0,0.0,0.0073418061830731445,"[8, 11]"
713,0.001238393238871201,0.0,3.207068529419175e-06,0.00505459610716791,0.013503012186762517,0.0,0.0018937340234303976,0.03396160824620441,0.0,0.0,0.030166303078186626,0.013860080929497498,"[7, 10]"
714,0.00837942647882828,0.0,9.597536293884348e-06,0.0,0.0,0.0,0.0,0.0,0.04569982716212342,0.0,0.0,0.020272867674766267,[8]
715,0.013676354210714463,0.0,0.0,0.0,0.04612610363153406,0.0026399097506911986,0.0,0.0,0.0,0.020281211628230898,0.0,0.0631079647703525,"[4, 11]"
716,0.008103269787840393,0.0,0.04246275874577944,0.0,0.0,0.0016155214750195645,0.0,0.0009289781420550949,0.0,0.002173122674338086,0.0,0.0,[2]
717,0.020572345962445598,0.0,1.9411930251355264e-05,0.0,0.0,0.0,0.0,0.005873975721239596,0.0,0.0,0.02116473247183223,0.024009004518570125,"[0, 10, 11]"
718,0.0,0.007167663392826383,0.0,0.0,0.0031402211491009923,0.0,0.02285081522234297,0.028465331358846678,0.002954186104129107,0.0,0.0286942523229079,0.0026798756236151773,"[6, 7, 10]"
719,0.0,0.0009688066518332037,0.0,0.0019528193484692274,0.00025140677094097965,0.0,0.011316195210525843,0.02822557671456651,0.008983195012542397,0.0,0.02466072384879027,0.008293510858202794,"[7, 10]"
720,0.0,0.0032420241713332167,0.0,0.0,0.0015510786275877884,0.0,0.013552861824079073,0.03710174186840793,0.005506058582822483,0.0,0.019014306920476787,0.002989906840786809,[7]
721,0.0,0.0015909387850682013,0.0,0.0006509454092530746,0.0009239157161797527,0.0,0.00856450802470146,0.011829808972261269,0.002537148163370697,0.0,0.012164193285267785,0.003325858754944174,"[6, 7, 10]"
722,0.0,0.001528445494726346,0.0,0.0,0.004564780679524728,0.0,0.027717709562710736,0.026335712031547925,0.011929526017528787,0.0,0.012699251304913646,0.010899312833935245,"[6, 7]"
723,0.0,0.03291069580503076,0.0,0.018032943410532517,0.03816263443580642,0.0,0.16408301224678049,0.0,0.0,0.01504130018674356,0.00273411314602271,0.004609946547796972,[6]
724,0.0,0.05575572432238829,0.0,0.0,0.021985358392285204,0.0,0.08059523691809549,0.0004080086103948119,0.0,0.004236568527052792,0.0,0.0,[6]
725,0.0,0.0398233901983983,0.0,0.010591513038099978,0.036032840055875585,0.0,0.15328950570380692,0.0,0.0,0.0,0.0,0.0,[6]
726,0.0008832439765157547,0.0,1.6590945856999032e-06,0.0021337661313980435,0.002765508055493605,0.0,0.013863631142120636,0.0,0.0016556711437453343,0.0,0.0040785236375323304,0.0020766571545153753,[6]
727,0.0,0.018712896647647578,0.0,0.0,0.014764997409487071,0.0,0.06765982323442411,0.0,0.0,0.0,0.018814366878811942,0.0,[6]
728,0.0,0.024369724662494964,0.0,0.005298407994207867,0.019992969789689646,0.0,0.08369783609264742,0.0,0.0,0.0,0.0012184509993535587,0.0,[6]
729,0.0,0.024477622435015518,0.0,0.007921683107113647,0.026047746056883453,0.0,0.11445179395264289,0.0,0.0,0.0,0.011028387188875263,0.0,[6]
730,0.0,0.01713292208853315,0.0,0.0,0.014970814879927838,0.0,0.07134894085165716,0.0,0.0,0.005454995052545091,0.027229704250935627,0.0,[6]
731,0.0,0.0026793046310065586,0.0,0.0,0.0667696730253667,0.0,0.0,0.04421208877843883,0.0016442738977213154,0.0,0.01941191250168668,0.0,[4]
732,0.0,0.0027289534598278764,0.05241807331664338,0.0,0.0,0.0,0.019743510375740896,0.04856019130250298,0.006205692495957547,0.0,0.008229033347680395,0.058114174124892407,"[2, 7, 11]"
733,0.0020349084169215465,0.0,3.015895504364128e-06,0.0,0.0,0.0,0.0,0.011916076673515298,0.0,0.0,0.0,0.037840788972939216,[11]
734,0.0,0.0,0.0,0.0,0.0006165335548917329,0.0,0.009131465596783725,0.025719614577489242,0.008523392137090434,0.0,0.014935815584040692,0.004147918100640675,[7]
735,0.0,0.0025144547112559796,0.0,0.0,0.0041100270361419744,0.0,0.02526088291711767,0.029417041478400373,0.005672626702939212,0.0,0.013915695311817126,0.003576063563440191,"[6, 7]"
736,0.0,0.0,0.0,0.0,0.0015805476537171066,0.0,0.01283727076806956,0.013623142867904135,0.026002086888613947,0.0,0.0,0.023398477356521077,"[8, 11]"
737,0.0,0.05952784211917908,0.0,0.002086094892913793,0.0,0.0,0.0,0.008754905077809643,0.0,0.0,0.0,0.03876676466351559,[1]
738,0.0,0.0029605292667602406,0.0,0.0,0.000763275684498865,0.0,0.010373862613929646,0.022748507473489308,0.007225776913610275,0.0,0.016610532386853158,0.0061511293106894524,"[7, 10]"
739,0.0,0.0009162596925178502,0.0,0.0,0.0007505763194406004,0.0,0.0080317834472038,0.020758326300684915,0.006536497662309395,0.0,0.011744374825003276,0.0031894660020194117,[7]
740,0.0,0.0,1.3508255839623472e-06,0.0,0.0,0.0,0.0,0.020129349762128494,0.017718786745485444,0.0,0.0,0.020257054560063947,"[7, 8, 11]"
741,0.0,0.030100042639863617,0.0,0.0,0.004523200511576383,0.03087721446483291,0.010473810799332165,0.018830715642039052,0.004769694353333756,0.0,0.0069497985148259415,0.0,"[1, 5]"
742,0.0,0.027047396261767297,0.0,0.017251837162786474,0.03066297218847284,0.0,0.13018087725042357,0.0,0.0,0.016650969477103636,0.0,0.0014971215527993032,[6]
743,0.0,0.030185611047881745,0.0,0.012531656918872607,0.028747184933417276,0.0,0.12008555329643715,0.0,0.0,0.018615981231356903,0.0,0.0,[6]
744,0.0,0.03208904772297012,0.0,0.013337765875517776,0.03056706790740985,0.0,0.12745762991053974,0.0,0.0,0.020163625742866117,0.0,0.0,[6]
745,0.0,0.02893647366156404,0.0,0.01630359381073184,0.031427424341849766,0.0,0.13228439812466372,0.0,0.0,0.020652084509299767,0.0,0.0,[6]
746,0.0,0.014838037438179573,0.0,0.008170964302395056,0.017745836151156956,0.0,0.07685969815844468,0.0,0.0,0.006343124617212057,0.002223091401702777,0.0036550493656745107,[6]
747,0.0,0.033300235050611776,0.0,0.016233283182544817,0.0339980207610067,0.0,0.14209344579086214,0.0,0.0,0.02271931654328594,0.0,0.0,[6]
748,0.0,0.0,0.0,0.0,0.0011920174082289013,0.0,0.008596966968469977,0.007414680810857464,0.0,0.0,0.007104667096385796,0.0,"[6, 7, 10]"
749,0.008153169631278085,0.0,9.505905808414005e-06,0.0,0.0,0.0,0.0,0.0058863517610912505,0.0,0.0,0.0,0.04130867838404377,[11]
750,0.006186994166718126,0.0,7.031368113830129e-06,0.0,0.0,0.0,0.0,0.011197055791772145,0.0013857580870924664,1.8688607798566522e-06,0.0,0.016209295540372076,[11]
751,0.016453131682114548,0.0,1.8492546285573172e-05,0.0,0.0,0.0,0.0,0.02487237731277774,0.005187320180987806,0.008174652545481722,0.0013131232525784807,0.036518963453971015,[11]
752,0.010586058892427351,0.0,1.2404145232525642e-05,0.0,0.0,0.0,0.0,0.019848425541648524,0.005979888352613815,0.0,0.0,0.031326550335030436,[11]
753,0.012934133897639189,0.0,1.4676680708213458e-05,0.0,0.0,0.0,0.0,0.022773480508389073,0.0,0.0,0.0,0.03613190201697088,[11]
754,0.040355517019153825,0.0,3.8268423067789386e-05,0.0,0.0,0.0,0.0,0.004387213167745118,0.00442222860681376,0.0,0.019140530221301893,0.011089712104354684,[0]
755,0.0,0.03731146352903014,0.0,0.01140504178955002,0.03428906458576995,0.0,0.14552394603087582,0.0,0.0,0.0032774221118481712,0.0004904959473986002,0.0,[6]
756,0.17216110912686322,0.011017886105783067,0.0001517957768293293,0.02113428615879777,0.015550853321514258,0.01997134135008928,0.004345203487615049,0.0,0.0,0.0,0.0,0.0,[0]
757,0.038661860032430564,0.004363377565297092,0.1640340959332734,0.0062104756072998155,0.0,0.0025652154163302984,0.019027923902331236,0.003072898387873466,0.0,0.0,0.0,0.0,[2]
758,0.038661860032430474,0.004273734229631003,0.0,0.00804488616213798,0.15794607533836436,0.023130048809593927,0.0,0.0,0.0,0.0,0.0,0.12338723108232377,"[4, 11]"
759,0.0,0.0,0.0,0.0034809734744480855,0.0,0.015784847199071063,0.0,0.0010056302537211016,0.004643558366070926,0.02241482295708458,0.0,0.00035858835319456183,"[5, 9]"
760,0.007870383690470436,0.0,9.754159127833267e-06,0.11727071738499568,0.0,0.006801301086912029,0.0,0.0052222584342991795,0.021271554777866596,0.0,0.0,0.0019867015271051365,[3]
761,0.022612336202776338,0.0,2.0854287687947785e-05,0.00664526196758816,0.0,0.010785003471085143,0.0,0.0,0.003504831265536707,0.012968969992594856,0.0,0.0,[0]
762,0.0,0.0,0.0,0.003682053204042643,0.09936348982863238,0.022267837403193068,0.0,0.0,0.006022349324015444,0.016191937616536548,0.0,0.04382722151599341,[4]
763,0.018526364884939917,0.0,1.948422955970137e-05,0.0,0.0,0.0,0.0,0.01821857454047436,0.0,0.05037137889953234,0.06285068319158212,0.0074803841963350885,"[9, 10]"
764,0.01631182557235782,0.010280777851529052,1.3436250679817468e-05,0.0,0.0,0.0,0.0,0.0065613840876735715,0.01762571919979228,0.0,0.049458273475576825,0.048525994777256776,"[10, 11]"
765,0.0,0.0,0.0,0.0,0.0006628529827437637,0.0,0.0014334770117114494,0.0,0.017615199046244666,0.0,0.0,0.014919971127603095,"[8, 11]"
766,0.004437044095801399,0.0,6.819463036893612e-06,0.008181418545768385,0.0,0.0,0.0,0.01729521603900922,0.020760096623369195,0.0,0.003199628394355544,0.01323992707412678,"[7, 8]"
767,0.003922736812345891,0.0,5.938131091615748e-06,0.0,0.0,0.0,0.0,0.6435657094741597,0.04724558177889573,0.0077045271513088275,0.0,0.0,[7]
768,0.028970817125531307,0.0,3.200508880799746e-05,0.006890777152220082,0.0,0.0,0.0,0.0,0.17704096132025232,0.021482796518890433,0.013088911034992802,0.003348140975172238,[8]
769,0.024167042820913986,0.0,2.706823547166173e-05,0.01025585063997842,0.0,0.0,0.0,0.0,0.2002133086649575,0.018179879144301827,0.008060154561653382,0.0,[8]
770,0.020108073526731128,0.0,2.2202441000844304e-05,0.008486017380854931,0.0,0.0,0.0,0.0,0.155035739930694,0.008839928154054636,0.0146113461558331,0.0,[8]
771,0.021507716308701876,0.0,2.3606191984734263e-05,0.007862339939939091,0.0,0.0,0.0,0.0,0.13902034215202902,0.010904865740202527,0.011254585958051441,0.0,[8]
772,0.0,0.004522697523842677,0.0,0.0,0.00705011271741863,0.0,0.02882150184485441,0.0,0.010736739506664298,0.0,0.0,0.0013427386318601395,[6]
773,0.0,0.0,0.0,0.0,0.001970825213331622,0.0,0.0010275392542614698,0.0,0.019266613002519552,0.0,0.0,0.024829844062202334,"[8, 11]"
774,0.0,0.0315616441994048,0.0,0.0,0.010381492912110853,0.0,0.04144792129371077,0.0,0.0,0.0027589312302158733,0.005228469818944358,0.0,"[1, 6]"
775,0.0,0.00035876376030164413,0.0,0.0,0.0,0.01086030562020711,0.0,0.0,0.0,0.004891483209174509,0.0024745570311904973,0.0,[5]
776,0.0,0.014537403938281726,0.0,0.0,0.001323735787942301,0.030173240266815338,0.0,0.0012900567311173066,0.00047549742553684325,0.0,0.0,0.0,[5]
777,0.0,0.0,0.0,0.012551200660531694,2.064201842556987e-05,0.010872126568793824,0.0,0.00640374860049336,0.0,0.044645185692738114,0.0,0.0,[9]
778,0.0,0.011289807882284592,0.10096392698772827,0.0,0.0,0.01725143512517589,0.012164368116808771,0.0025837926119659013,0.0,0.0006883070146726063,0.0007318320905989213,0.018693399278145124,[2]
779,0.0,0.06462623147418764,0.0,0.0,0.006658492382810099,0.10671089859556651,0.005429330228912866,0.00013895659715374586,0.0,0.0,0.0,0.0,[5]
780,0.0,0.031126813604942703,0.0,0.0,0.002838825760506591,0.05275345305856451,0.0012904916974134982,0.00030680210743268846,0.0,0.0,0.0,0.0,[5]
781,0.0,0.01421866839043059,0.0,0.0,0.0009016566324784715,0.029591038471279484,0.0,0.0004376148889602534,0.0018236717099611801,0.0023866839581247355,0.0,0.0,[5]
782,0.0,0.03825702004726984,0.0,0.0,0.007552751389435237,0.040220505196242755,0.02153748900719554,0.0010375694521097506,0.0,0.0023543755391358502,0.0,0.0,"[1, 5]"
783,0.0,0.039514175373066535,0.0,0.0,0.019133204241099093,0.0,0.082950588000083,0.0030156688740992387,0.0,0.0,0.0,0.0,[6]
784,0.0,0.018548543016465698,0.0,0.0,0.0024379858795116082,0.02342274019810106,0.0051948971978995695,0.000170533770789586,0.0,0.0,0.0,0.0,"[1, 5]"
785,0.0,0.06899567762324844,0.0,0.0,0.008061469422730031,0.10023237733900506,0.012736963413339603,0.0011880041816945356,0.0,0.0,0.0,0.0,[5]
786,0.0,0.026398223388825207,0.0,0.0,0.005970681498480198,0.023780354225588614,0.017860959576464334,0.00020135087868619858,0.0,0.0,0.0,0.0,"[1, 5]"
787,0.0,0.03460423540230247,0.0,0.00899971596470571,0.029236656706229106,0.0,0.12249397373046969,0.0,0.0,0.0024669732909363435,0.0,0.0,[6]
788,0.0,0.004701458928176361,0.0,0.0,0.0008349056220599057,0.00686222806391179,0.0029879583251295303,0.007723584127067069,0.0,0.0,0.003592423878614113,0.0,"[5, 7]"
789,0.0,0.03224070843212997,0.0,0.0,0.0029682247765669286,0.04762516514818293,0.0035320361071405158,0.0,0.0,0.0,0.0,0.0,[5]
790,0.0,0.013139089484718704,0.0,0.0,0.0011864902897379187,0.022609397410789923,0.0008458964262629172,0.0005913836882439558,0.0,0.0,0.0,0.0,[5]
791,0.0,0.049885747787822315,0.0,0.0,0.004097919940209316,0.06822518676103291,0.003973205153351327,0.0004508930417401136,0.0,0.0,0.0014145673844600652,0.0,"[1, 5]"
792,0.0,0.1925009375314449,0.0,0.005223282416148584,0.0,0.0,0.0,0.0,0.0,0.029611673283629923,0.0,0.11868206214121411,[1]
793,0.0,0.023022217062129372,0.0,0.0,0.0028565548052194773,0.02039936837750784,0.008198285750687115,0.0,0.0,0.0,0.0028718641640148768,0.0,"[1, 5]"
794,0.0,0.053386131275175074,0.0,0.006914649726227162,0.0,0.0,0.0,0.0,0.0,0.0,0.08020542460040637,0.02402942177690529,[10]
795,0.0,0.019146174293289277,0.0,0.0,0.0029890321510683926,0.01260887884793692,0.009746343708135303,0.0023093392276195145,0.0,0.0,0.0,0.0,[1]
796,0.0,0.02349626725771066,0.0,0.0,0.0010959526806600158,0.030121712032834987,0.0,0.00025212759638718036,0.0,0.0,0.0,0.0,"[1, 5]"
797,0.0,0.03002736591624178,0.0,0.0007225670639252331,0.005421140733675025,0.034561371300468886,0.014181807294920058,0.0003553349502900234,0.0,0.0,0.0,0.0,"[1, 5]"
798,0.0,0.018317614274431043,0.0,0.0,0.0014991423990990058,0.031795850436882066,0.0010263482144310145,0.0,0.0,0.0,0.0,0.0,[5]
799,0.0,0.021488305068301853,0.0,0.0,0.0023849756817524125,0.02842015000745608,0.003969862324584775,0.00012262073692099383,0.0,0.0,0.0018460570212930655,0.0,"[1, 5]"
800,0.0,0.02865034012080987,0.0,0.0,0.002848514867891411,0.03915475909240573,0.004211317127102661,0.0,0.0,0.0,0.0016286280939142707,0.0,"[1, 5]"
801,0.0,0.0290631185120892,0.0,0.004021133559440885,0.002706075190203143,0.0514661265395584,0.00269490826034222,0.0016536849417374115,0.0,3.094414834548777e-05,0.0,0.0,[5]
802,0.0,0.023544590433263148,0.0,0.0,0.1280980385911342,0.04343173353758662,0.0,0.0,0.0023280245678243983,0.0,0.005752372132988581,0.054689788002608763,[4]
803,0.0,0.02360327075431844,0.1415846254375885,0.0,0.0,0.02528385415978563,0.019661705216982257,0.003903563376737545,0.0,0.0,0.00219631216771964,0.0,[2]
804,0.0,0.0,0.10097594168997567,0.006810660731076249,0.0,0.009234673995168401,0.0045550808447192455,0.00768984461950358,0.0,0.026720385276900918,0.0,0.02856187622386553,[2]
805,0.0,0.0023735318203160684,0.0,0.03489647322606226,1.0672164283620552e-05,0.060077867575684236,0.0,0.005784900124674796,0.0,0.06440138552584738,0.0,0.0,"[5, 9]"
806,0.0,0.0,0.0,0.0,0.0,0.00351910801735329,0.0,0.0,0.00036809035121107336,0.0007173128368361551,0.0,0.0,[5]
807,0.11826104844573447,0.006845790126813402,0.00010447174555338376,0.019109378489681122,0.003290808984975072,0.010937534843179022,0.004661020616845855,0.0,0.0,0.0,0.0,0.0,[0]
808,0.0,0.017313543098407966,0.0,0.0,0.007755285431205993,0.0,0.03618735893298229,0.0,0.0,0.0011951959442765433,0.012650300146597052,0.0,[6]
809,0.008491363446016982,0.0,8.874194359981768e-06,0.0,0.0,0.0,0.0,0.0010479187481932737,0.0,0.0,0.0,0.020610358076659768,[11]
810,0.046514662994602836,0.0,4.206666884770654e-05,0.007424612124015843,0.0,0.0020205242642439753,0.0,0.0,0.0,0.018916534889488513,0.0,0.0,[0]
811,0.01110492987455918,0.0,1.244086034659044e-05,0.0,0.0,0.0,0.0,0.013139307226523088,0.0002760440834650923,0.0,0.006945974774546448,0.02212442504049309,[11]
812,0.00014083945736446132,0.0,1.3467246432037871e-06,0.0,0.00039368599579419516,0.0,0.003172754467225921,0.0020545990556806344,0.0029854573229186414,0.004722994184309696,0.0013639130159829216,0.0017118680541409353,[9]
813,0.005525435974511873,0.0,6.785079046134547e-06,0.0008877018439608134,0.0,0.0,0.0,0.00484585717008214,0.013961217346802798,0.008307256719691744,0.004744465383792279,0.0037530982189148106,[8]
814,0.00797111443694134,0.0,0.0,0.0,0.12134773989199432,0.009972249984600832,0.0,0.0,0.008405003302018346,0.005106829942217795,0.002320022701393108,0.028859587348545438,[4]
815,0.07735060531349511,0.0,7.047252393690491e-05,0.014218246499430405,0.0,0.004683425920322889,0.0,0.0,0.015042102312845688,0.0077153751771739274,0.0,0.0,[0]
816,0.012198755689162082,0.0,1.356064360483565e-05,0.01730214920450449,0.0,0.0,0.0,0.002712290445173547,0.01686620522134659,0.013019671482513848,0.0,0.0068269707133132036,"[0, 3, 8, 9]"
817,0.0038570186504597466,0.0,0.18596351892640114,0.011050379836927589,0.0,0.0,0.00832900125501897,0.010293866953478975,0.050523127798570974,0.001112608853113896,0.008979421319287475,0.0,[2]
818,0.021101046942657686,0.0,2.3912503894892908e-05,0.008062820862097864,0.0,0.0,0.0,0.0,0.16768074010595355,0.011301050012738272,0.009025845154586043,0.0,[8]
819,0.007258849917088525,0.0,0.0433593335367572,0.003738791154717585,0.0,0.0,0.0,0.001085664507819311,0.030566142131609745,0.009561673330865954,0.0,0.030741189682150023,"[2, 8, 11]"
820,0.004315151528925228,0.0,6.834567092093397e-06,0.0,0.0,0.0,0.0,0.0,0.02940125124157013,0.0,0.0,0.03209567570855653,"[8, 11]"
821,0.017931524790474208,0.030108730481550647,1.0956689832019108e-05,0.0,0.0,0.0,0.0,0.0035686655125931623,0.0,0.0,0.010308053810685844,0.07153262089643252,[11]
822,0.0377432740241426,0.0,3.437113930576377e-05,0.005951779719852418,0.0,0.0024320338025803604,0.0,0.0,0.004051278773895402,0.002460695813015891,0.0,0.0,[0]
823,0.11774981189242645,0.0,0.00010573457437030757,0.02038617116683707,0.0,0.008049356755643677,0.0,0.0,0.0004924353043089704,0.0002261273957032624,0.0,0.0,[0]
824,0.008178893053579639,0.0,1.0333029070599271e-05,0.0035085694010289865,0.0,0.0,0.0,0.009725479278778471,0.027036132476164598,0.010987064815389459,0.009993983765644514,0.00923903277020315,[8]
825,0.0,0.0,3.7533655883514535e-07,0.0,0.00019398576532264115,0.0,0.003387092929237178,0.0,0.0025362124457758823,0.0006378620013766074,0.0030049660077576504,0.0,"[6, 8, 10]"
826,0.008706576055908867,0.0,9.838224939980301e-06,0.006820349906342702,0.0,0.0,0.0,0.0025223491495657046,0.026768843066464706,0.0,0.005965431258552761,0.0017370989654427213,[8]
827,0.024729765759799818,0.0,2.296193586461474e-05,0.0,0.0,0.0,0.0,0.0,0.019734814737319036,0.0,0.0,0.01277658897191307,"[0, 8]"
828,0.009056853561145096,0.0,9.685655138872585e-06,6.695930281030065e-05,0.0015725693526386583,0.0,0.0,0.0,0.008336617702798177,0.00274583362914431,0.0019450005933101305,0.0018711422876693774,"[0, 8]"
829,0.0,0.0,0.0,0.00032970507293219795,0.001371798795291881,0.0,0.007203406846756102,0.0011001516653980701,0.005633442578969748,0.0,0.0021061927988061395,0.0,"[6, 8]"
830,0.0,0.0,0.0,0.004254573340125937,0.003478407750505257,0.0,0.01434603895640229,0.0011653660520595372,0.015207643202003285,0.004870897647401363,0.0,0.0,"[6, 8]"
831,0.000979306419921777,0.0,1.7188644467643443e-06,0.0,0.0,0.00479397150356053,0.0,6.854126767916759e-05,0.003996154248098782,0.002301864440577885,0.006965000937018906,0.0004337133627115068,[10]
832,0.0,0.023598551805902302,0.0,0.0,0.010864221308287417,0.0,0.049939906124717805,0.0,0.0,0.0,0.01769651538655531,0.0,[6]
833,0.0,0.02095493113748093,0.0,0.0,0.006792207525308986,0.0,0.03183697691742592,0.0,0.0,0.0,0.015488347253379248,0.0,[6]
834,0.002195118709181535,0.0,3.0012467227483905e-06,0.0,0.0,0.000992556881789349,0.0,0.004240753471725371,0.0,0.007836184671228938,0.00620531262719481,0.001688624924813927,"[9, 10]"
835,0.0,0.0,0.0,0.011352058999424519,0.0017633933285810255,0.005197367785321217,0.0,0.0,0.025870024335133742,0.03157561762794648,0.009181957210407479,0.0,"[8, 9]"
836,0.0,0.0,0.0,0.026923956979882247,0.0,0.025563900799070866,0.0,0.01681844579236425,0.0,0.0984797317610531,0.0,0.0,[9]
837,0.0,0.0,0.0,0.023558588724920487,0.0,0.02132937152266749,0.0,0.01440889549351263,0.0,0.08258873721895765,0.0,0.0,[9]
838,0.0,0.0,0.0,0.014897741208143479,4.970185176712622e-05,0.015576610490165059,0.0,0.0059814568015101365,0.0,0.047161455195434236,0.0,0.0,[9]
839,0.026172671550485607,0.0,2.784217632690424e-05,0.0,0.0,0.0,0.0,0.0,0.0,0.11502562922988131,0.04475448984805562,0.016874027525923325,[9]
840,0.012018456869454238,0.0,1.2556936093279548e-05,0.0,0.0,0.0,0.0,0.0,0.0,0.0206019078503954,0.008656555000693955,0.013227738131447654,[9]
841,0.014864090632288815,0.0,0.05785625721430199,0.0,0.0,0.0,0.0,0.0,0.0,0.07424854273167128,0.02203966438437096,0.0,"[2, 9]"
842,0.0061319518061466165,0.0,7.0365472392978424e-06,0.0033360014498564155,0.0,0.0,0.0,0.0025340042688088084,0.023891041475480424,0.002426270366628474,0.006170837011014357,0.0015879873853763566,[8]
843,0.01060638694744277,0.0,1.195019059111874e-05,0.013689585217506774,0.0,0.0,0.0,0.00166585503495344,0.027973125996052773,0.007956028457343821,0.002599414093400049,0.0020484127799431156,[8]
844,0.010634520141023897,0.0,1.0679098851562209e-05,0.0,0.0,0.0,0.0,0.002419404692392606,0.004466271355136415,0.0,0.005169801517848458,0.007434496586593387,[0]
845,0.014651494340903834,0.0,1.636207870444083e-05,0.01504653223260437,0.0,0.0,0.0,0.013566145921028925,0.01269587661132831,0.0015993773634211867,0.011274984704703435,0.02330266025250625,[11]
846,0.127023069526335,0.0,0.00011393975245037417,0.023617997262624934,0.0,0.009717897964030364,0.0009222220126885351,0.0,0.01822920194849156,0.006553970935279475,0.0,0.0,[0]
847,0.15199235936594452,0.0073542405879202365,0.00013437995739865762,0.024892297324198346,0.003317913744098559,0.015277374868560505,0.006536972425523381,0.0,0.0,0.0,0.0,0.0,[0]
848,0.13622102571815542,0.0,0.0001221928119646365,0.02561674221952733,0.0,0.010110329279768045,0.0008772783028159531,0.0,0.00860507053467998,0.007539581634770839,0.0,0.0,[0]
849,0.0,0.0,0.0,0.0,0.0,0.004633076798768797,0.0,0.0,0.0,0.0002653587937562199,0.0,0.0,[5]
850,0.0,0.0011633511413266994,0.0,0.0,0.0017728914895334168,0.0,0.01349799218449404,0.04611543594450408,0.007377523327803486,0.0,0.019913637619408356,0.004438330567383099,[7]
851,0.0,0.0008915156918076131,0.0,0.0,0.0005130747817072756,0.0,0.006563108030801275,0.02251392987676032,0.004407346764097685,0.0,0.013679543279244637,0.0015573940968574608,[7]
852,0.020954804586255826,0.0,2.290313318160192e-05,0.013058342018103592,0.0,0.0,0.0,0.0009597957929892675,0.06887653006874593,0.019296606166255365,0.0031872992268724264,0.007353565240720375,[8]
853,0.03255900940589573,0.0,3.0340768802309728e-05,0.0,0.0,0.000657779918366063,0.0,0.0,0.0,0.02142188359850042,0.0,0.002454088833955648,[0]
854,0.08032745732105416,0.0,7.255202381859177e-05,0.0,0.0,0.0,0.0,0.0,0.0,0.0,0.0,0.010078141301835899,[0]
855,0.008111732336868025,0.0,0.0,0.0,0.04909863538968086,0.0026426041170630257,0.0,0.0,0.005809083450124159,0.004518300818654786,0.0,0.009321258516446487,[4]
856,0.00811173233686796,0.0,0.0,0.0007917137842103775,0.25906969308579175,0.021802634135372742,0.0,0.0,0.005980192575264731,0.0,0.013371767678535757,0.050906716922377304,[4]
857,0.008111732336868169,0.0,0.40065623615740037,0.0,0.0,0.0,0.046121332707611117,0.006605930455546839,0.0,0.008743019298189663,0.0,0.0,[2]
858,0.0,0.006606497359752147,0.0,0.008252296041576576,0.010917350448963293,0.0,0.048215744273705556,0.00011140978309599537,0.0063334037397626075,0.0,0.00488234555665571,0.0,[6]
859,0.0,0.12469339120812724,0.0,0.020046204284627264,0.0,0.0,0.0,0.0,0.0,0.0,0.03570062534362595,0.07668092357812527,[1]
860,0.0,0.0,1.2252636309698145e-06,0.007799612058524569,0.00934220035975955,0.0,0.005895229085893824,0.025630463021600686,0.0,0.0,0.03572170634328071,0.009984612690410424,"[7, 10]"
861,0.0,0.0,0.0,0.006743518426246409,0.0,0.006556530519806115,0.0,0.004875978918623118,0.0010509446782641797,0.025379484921566872,0.0,0.0,[9]
862,0.0,0.013951290718041626,0.0,0.0,0.0017564174605222778,0.021459058288795452,0.002881001382646098,0.0005776543774590199,0.0,0.0,0.0,0.0,[5]
863,0.018071857602399422,0.0,1.8099448548452464e-05,0.0,0.0,0.0,0.0,0.0,0.0094197532104735,0.0,0.03306971866102015,0.004504662881970164,[10]
864,0.0,0.009600843592898985,0.0,0.005409937283086845,0.011272101207775902,0.0,0.04935652874954483,0.0,0.0030626179584487528,0.0,0.0006419318281217515,0.0,[6]
865,0.0,0.0073529808661953995,0.0,0.0,0.0016880850004287074,0.0,0.011238691558756939,0.0,0.0010211116053413598,0.0009289265076019824,0.0,0.007898258349930505,"[6, 11]"
866,0.0,0.0,0.0,0.004082378552528941,0.0,0.01285474888843936,0.0,0.0018153732667650518,0.0,0.02478172057705223,0.0,0.0,[9]
867,0.11531777745576774,0.0,0.00010355129188646271,0.012352760996495439,0.0,0.0036004761010791832,0.0,0.0,0.0,0.0,0.0,0.0,[0]
868,0.10225062536203516,0.0,9.194648425640462e-05,0.007943431215406024,0.0,0.004595518185683243,0.0,0.0,0.0,0.0034546259896242677,0.0,0.0,[0]
869,0.1098437295479485,0.0,9.882876942257226e-05,0.01837350742555265,0.0,0.00437808116511433,0.0,0.0,0.0,0.0,0.0,0.0,[0]
870,0.07239913529780817,0.0,6.504881459272058e-05,0.008313753482638755,0.0,0.0026546159524065954,0.0,0.0,0.0,0.0,0.0,0.0,[0]
871,0.02578330414569556,0.0,2.500615042517352e-05,0.0,0.0,0.0,0.0,0.005144329173057705,0.0,0.0,0.0,0.10328790642558118,[11]
872,0.0,0.0,0.0,0.01431996866838869,0.2922195519707154,0.03886176155173597,0.0,0.0,0.0,0.02778975488141898,0.003015540680099878,0.0,[4]
873,0.0,0.0,0.0,0.028983389409116374,0.0,0.025754849011362015,0.0,0.01310517046806008,0.0,0.08777655422966724,0.0,0.0,[9]
874,0.010870009292508769,0.0,1.1940003469190756e-05,0.028200680325121324,0.0,0.02798654228900379,0.0,0.00797409627845346,0.0,0.0826460105388887,0.0,0.0,[9]
875,0.0,0.0,0.28914399426374127,0.011731638944529657,0.0,0.0,0.029810473541683077,0.011304274770862372,0.0,0.04070402323256623,0.0,0.02722680270279281,[2]
876,0.0,0.0,0.0,0.014464337345843072,0.0,0.02662592103271819,0.0,0.0032371672994606815,0.0,0.039652543109673206,0.0,0.0,[9]
877,0.0,0.0,0.0,0.036917731958670326,0.0,0.033996087514729496,0.0,0.009673540158519102,0.0,0.07608918203787074,0.0,0.0,[9]
878,0.0,0.0,0.0,0.030704796028042436,0.00034810802573507165,0.028478511025150952,0.0,0.005027900882336547,0.0,0.03986878481784739,0.0,0.0,"[3, 5, 9]"
879,0.0,0.0,0.0,0.025169019798147656,0.0,0.02528688583820274,0.0,0.015998696034739395,0.0,0.09350797825759063,0.0,0.0,[9]
880,0.0,0.0,2.3823171691233466e-06,0.02273540717800941,0.0,0.01523256528550398,0.0,0.004018261709454857,0.019420305690989768,0.0335958325782668,0.0,0.003193885183062817,[9]
881,0.0,0.0,0.0,0.005228380205583375,0.0,0.026764481157018866,0.0,0.00169192372643433,0.009516025139187163,0.015219425415507566,0.0,0.0,[5]
882,0.0,0.0,1.044549519223776e-06,0.0,0.0012944386695077715,0.0,0.0083011828760902,0.0,0.0015786313210817032,0.002672587624518833,0.0009393699997971984,0.0011160888951161068,[6]
883,0.0,0.016229489207898743,0.0,0.002370742609176575,0.015499970001180901,0.0,0.06775107642016386,0.0017210296492747058,0.0,0.0,0.0,0.0,[6]
884,0.0,0.034632380650635924,0.0,0.009547333314329672,0.029732522160493654,0.0,0.12560107180029034,0.0,0.0,0.0018325139130158782,0.0,0.0,[6]
885,0.0,0.03310250241668715,0.0,0.010304358203027228,0.029851861744264654,0.0,0.12602456097769513,0.0,0.0,0.002763793946605776,0.0,0.0,[6]
886,0.0,0.03205836688399346,0.0,0.010017611140454644,0.028958631616356142,0.0,0.12217437748338573,0.0,0.0,0.002830467914732613,0.0,0.0,[6]
887,0.0,0.033102502416687225,0.0,0.010304358203027192,0.029851861744267856,0.0,0.12602456097769438,0.0,0.0,0.0027637939466057418,0.0,0.0,[6]
888,0.0,0.030422104904263534,0.0,0.0,0.010378863868261956,0.0,0.049808220150029406,0.00390442116078572,0.0,0.0,0.0,0.0020310677255118894,[6]
889,0.0,0.02575206759447815,0.0,0.0004018559115610244,0.01859560686260139,0.0,0.08384920603988287,0.0026014266351300835,0.0,0.0,0.00869377176352368,0.0,[6]
890,0.0,0.051268850691318014,0.0,0.0,0.005929254412902876,0.0,0.037195040245144945,0.002774283198535908,0.0,0.0,0.0,0.02086935986091813,"[1, 6]"
891,0.0,0.02139933808135635,0.0,0.003141016240439062,0.017420598011627573,0.0,0.0775190380126614,0.0012453732356740295,0.0,0.0,0.0027332668038777706,0.0,[6]
892,0.0,0.01223241201510439,0.0,0.0016692821287972628,0.010206194253888122,0.0,0.044705493493885376,0.002313580494373354,0.0,0.0,0.0016454190598538458,0.0,[6]
893,0.0,0.01874901663324355,0.0,0.010660983792413408,0.019865251253808416,0.0,0.08658608458414453,0.0,0.013080424021902798,0.0,0.0,0.0,[6]
894,0.0,0.029631617932650036,0.0,0.0039049163481780494,0.021142508597424104,0.0,0.08914741949092525,0.0,0.0023202144885711897,0.0,0.0,0.0,[6]
895,0.0,0.03058831814140489,0.0,0.0,0.010890158559415913,0.0,0.05346288230955455,0.0004083297178264809,0.0,0.0,0.0,0.01946713437304853,[6]
896,0.0,0.0,2.6036170706420804e-07,0.0006386344465497619,0.0,0.0,0.0,0.008223403630008024,0.004313074365266169,0.0020096796835579636,0.0,0.0,[7]
897,0.0056949479265527665,0.0,6.629666815608508e-06,0.0,0.0,0.0,0.0,0.007011913030180095,0.001453127714766628,0.0005898369845768572,0.003833551155297662,0.004348553671807536,"[0, 7]"
898,0.0014968454939703424,0.0,1.9935213750727192e-06,0.002692334938444167,0.0,0.0,0.0,0.0024110495033875085,0.016229232228841334,0.0,0.025793968702404562,0.008845406612801959,[10]
899,0.005332335062072117,0.0,6.499702615750512e-06,0.0012015781100671614,0.0,0.0,0.0,0.00888376038399164,0.03352957404602521,0.0,0.02222029205356942,0.009705416310604387,[8]
900,0.0,0.005642915356928903,0.0,0.0,0.0004736801599265947,0.01270860742770802,0.0,0.0008685165183840421,0.0009553281544896523,0.0,0.0,0.0,[5]
901,0.0,0.08297120085491469,0.0,0.03390895769384473,0.0,0.0,0.0,0.0,0.021198886321432766,0.0,0.1819813141707687,0.018148273424536253,[10]
902,0.0,0.046326275173941424,0.0,0.01686651677112133,0.0,0.0,0.0,0.0,0.006790351770879391,0.0,0.11928061377142975,0.010699053395165324,[10]
903,0.0,0.033191588638168915,0.0,0.0003575973686210654,0.008546206544194666,0.0,0.044087274343359566,0.0,0.0,0.0,0.02898157951376575,0.0,"[1, 6]"
904,0.0,0.014220041249054424,0.0,0.006516062819902486,0.005592827565001709,0.0,0.02508766871313755,0.0034272495553530945,0.0,0.0,0.017847018802794875,0.008345777325712088,"[6, 10]"
905,0.0,0.02476353997044226,0.0,0.005238747089652597,0.0,0.0,0.0007430462816363773,0.0,0.0,0.0,0.021165439055453605,0.009493418443838903,"[1, 10]"
906,0.0,0.19116224442765326,0.0,0.016558479776306433,0.0,0.0,0.0,0.0,0.0,0.013780884310973929,0.0,0.13403702899169065,"[1, 11]"
907,0.0,0.03141085440417552,0.0,0.0,0.010042318195224746,0.0,0.05274374781964018,0.0,0.0,0.0,0.04468484264079859,0.0,"[6, 10]"
908,0.001774480505466164,0.011476310964884667,0.0,0.0,0.02480509835319746,0.0,0.0,0.002112788364928626,0.0,0.0,0.008977397061821605,0.015325304692704786,[4]
909,0.003720521599074863,0.19163547476241974,0.06675479986128983,0.008085166600582804,0.0,0.0,0.0,0.0,0.0,0.03024249308072253,0.0,0.15409566796306318,"[1, 11]"
910,0.0008469240708842364,0.0615938267305011,0.0,0.004075310107327523,0.0,0.0,0.0,0.0006582401286553613,0.0,0.0,0.0,0.05003790792826419,"[1, 11]"
911,0.0,0.10591930479607065,0.0,0.04169682761492368,0.0,0.0,0.0,0.0,0.025340951390239414,0.0,0.22191898652357783,0.016317907041709802,[10]
912,0.0037019816282273603,0.0,0.12363695686715157,0.0035427302023591104,0.0,0.0,0.012148835535425445,0.0036584816358140996,0.016010643500633706,0.00011640004117498955,0.004681932351004732,0.008916638780923617,[2]
913,0.01003620802738646,0.0,0.0,0.010320538792839862,0.20411767318779292,0.008472484198627303,0.0,0.0,0.04797907679280954,0.0,0.014506557966371136,0.004240489419776499,[4]
914,0.0,0.021127012078172053,0.0,0.0,0.001730916530770861,0.04322755168223754,0.0,0.0,0.000683875316876696,0.0,0.0,0.0,[5]
915,0.0,0.008051559692574662,0.0,0.0,0.0004342299446976694,0.019261334988028365,0.0,0.0,0.0,0.0,0.0,0.0,[5]
916,0.0,0.008467023960832149,0.0,0.0,0.0007826371282737521,0.01990100891216494,4.9598308470751345e-05,3.105675677860866e-05,0.001649194390798685,0.0014927618064798454,0.0,0.0,[5]
917,0.0,0.014107865053609846,0.04864696134090787,0.0,0.0,0.029941726562265795,0.003338351204215081,0.0,0.0,0.0,0.0,0.0,[2]
918,0.007381098302328723,0.0,8.571596527569848e-06,0.0,0.0,0.0,0.0,0.008350795813587435,0.0025382483517919657,0.012355757931338644,0.0,0.00390521138117414,[9]
919,0.0,0.018059280538397594,0.0,0.006128108050331987,0.017726152253886622,0.0,0.07662379038498529,0.0,0.003790307407618323,0.0,0.0012762607686754982,0.0,[6]
920,0.009850652241481527,0.0,1.0725111584860431e-05,0.011884351416536152,0.0,0.0,0.0,0.0,0.03621869207738925,0.002563500862251254,0.002431337294149265,0.0,[8]
921,0.05678971858079595,0.0014110738227922084,5.059230335665081e-05,0.01079890426622927,0.0015831326657804934,0.004429594606319457,0.0029931197692168654,0.0,0.0,0.0,0.0,0.0,[0]
922,0.0498189808635732,0.00028057521075065334,4.470650133356767e-05,0.0,0.0,0.0,0.0,0.0,0.0,0.0,0.0,0.05461269833538095,"[0, 11]"
923,0.012056324854908899,0.014385776648589834,8.975748986036411e-06,0.0,0.0,0.0,0.0,0.0026161759481777803,0.0,0.0,0.0,0.09321930281939947,[11]
924,0.010886857015954996,0.0,1.0775255961512976e-05,0.0,0.0,0.0,0.0,0.0,0.0,0.0,0.0,0.0390876717815763,[11]
925,0.0,0.01408604678239159,0.0,0.0,0.0011537634445405796,0.025104254684850006,0.001269096045002305,0.0,0.0,0.0,0.0,0.0,[5]
926,0.0,0.0046132248927512635,0.0,0.0030321798198984524,0.0015311127028269796,0.0,0.007609332064797326,0.0027200979696536975,0.0,0.0017960144444657989,0.0,0.0,[6]
927,0.03624476380251459,0.0,3.3381113146126316e-05,0.011474834323307776,0.0,0.0,0.0,0.0,0.018931525644969197,0.0,0.0,0.005196590393208754,[0]
928,0.01710631642817263,0.0,1.7818355589851317e-05,0.012783623916365372,0.0,0.0,0.0,0.00017528081900581213,0.03297756843727141,0.008132174313901496,0.006056279831983119,0.00688030508664416,[8]
929,0.011367796643765908,0.0,1.2331706322400066e-05,0.05969863347943722,0.0,0.0,0.0,0.00979476780030228,0.021331792995209965,0.0,0.002809606496630492,0.005612719444581508,[3]
930,0.012828632647018315,0.0,1.3438557815125764e-05,0.03617377424222868,0.0,0.0,0.007401934165045718,0.0,0.05229705660615744,0.0,0.0,0.0008924084487922374,[8]
931,0.006692933950623131,0.08600069146083994,0.0,0.01570764109822585,0.0,0.0,0.0,0.0,0.0,0.0013493339035884407,0.0,0.06895423678666845,"[1, 11]"
932,0.039221460142024656,0.0,3.54867854812882e-05,0.01448939336677782,0.0,0.0,0.0,0.0,0.001636428531370608,0.0,0.0,0.0,[0]
933,0.004435949616011762,0.0,5.19018456864048e-06,0.03797354886899586,0.0,0.0,0.0,0.002673078513401633,0.006799000980212999,0.0,0.0015568254897152783,0.0037051864804678943,[3]
934,0.0,0.0,1.3523101337055545e-06,0.31527737386308485,0.0,0.01641985480564543,0.0,0.004936035625589576,0.0,0.0,0.0,0.0,[3]
935,0.0,0.025634239444271803,0.0,0.0,0.011207483610705388,0.0,0.051132362470719506,0.004451737201479517,0.0,0.0,0.0,0.0,[6]
936,0.0,0.008707646480071995,0.0,0.00012682948741176895,0.007353826701151859,0.0,0.03517076376675464,0.011309862123703671,0.0,0.0,0.005376302090816752,0.0002863595526585825,[6]
937,0.0,0.013695384868358057,0.0,0.0,0.008132856332871266,0.0,0.037172522718420906,0.006466561598797577,0.0,0.0,0.0,0.0,[6]
938,0.005183202099728946,0.0,0.09298414894481496,0.0043279564573101845,0.0,0.0,0.004327606060603885,0.0028150101319180726,0.014256044969338294,0.004872192686185793,0.0011176522221657814,0.0,[2]
939,0.0,0.025892737777272815,0.0,0.016155325469048142,0.029626101689603602,0.0,0.12478576313266877,0.0,0.0,0.023878552864371863,0.0,0.0011261075626514386,[6]
940,0.0,0.017947173115705442,0.0,0.012414970861025474,0.021765226796362662,0.0,0.09239476937280268,0.0,0.0,0.017007490756871642,0.004125022512889169,0.002146016400332764,[6]
941,0.0,0.013404808865908877,0.0,0.009286551379424832,0.01726152650644487,0.0,0.07526612482574735,0.0,0.0,0.008395513088972906,0.016445659285803743,0.0010195098351051567,[6]
942,0.0,0.01386257231847874,0.0,0.007642739475810392,0.01608787763676182,0.0,0.06912132380630683,0.0,0.0,0.007209188966991432,0.000829230540720955,0.003374183547857339,[6]
943,0.0,0.014269301403761269,0.0,0.008779836676379334,0.0167570982845974,0.0,0.07167987234929077,0.0,0.0,0.00915108156207545,0.0005884802885953732,0.0036088648848342933,[6]
944,0.0,0.027313535441230143,0.0,0.015301675240463976,0.03021617331116831,0.0,0.12819653040984957,0.0,0.0,0.01869473493067145,0.0005404234814605654,0.0,[6]
945,0.0,0.017990788637178814,0.0,0.011972205830516825,0.02186456411627725,0.0,0.09314227212373975,0.0,0.0,0.016788997963058244,0.0009753298664745485,0.00240326833940443,[6]
946,0.00564527206221584,0.0,5.69535234844872e-06,0.0009210455449924495,0.0,0.0,0.0,0.0032400299704478594,0.006000200527187263,0.0,0.015082761535341662,0.008776897069348526,[10]
947,0.0025878370435637845,0.0,0.0,0.0,0.008009465001302311,0.0,0.0,0.009088752361791045,0.005514375292190334,0.0,0.009799028704737719,0.08331318757571615,[11]
948,0.0025878370435637853,0.0,0.02317828433184126,0.0,0.0,0.0,0.0,0.009821568071188638,0.005282547990238554,0.0,0.008783261684161506,0.0,[2]
949,0.017293616289539664,0.0,1.9537517341659857e-05,0.005060039572319505,0.0,0.0,0.0,0.0,0.10866312832178428,0.011621401021264868,0.011624329040570019,0.0027028295171714575,[8]
950,0.011699251062272563,0.0,1.3176043276477646e-05,0.0052505936078082035,0.0,0.0,0.0,0.0,0.08970568696968431,0.008072079247086267,0.005456171734904752,0.0,[8]
951,0.017449670275688153,0.0,1.9784351724350605e-05,0.0073500519232713776,0.0,0.0,0.0,0.0,0.13711457177256958,0.011062771329983553,0.008981097377150676,0.0,[8]
952,0.022969670600169183,0.0,2.5571201897696827e-05,0.005298749906109433,0.0,0.0,0.0,0.0,0.15681800052105746,0.008213054539887512,0.006649292491900793,0.007293979977279184,[8]
953,0.017270381330658613,0.0,1.9626226381676813e-05,0.010133781935237288,0.0,0.0,0.0,0.0008455120248292433,0.08010484947272352,0.007926487672786612,0.010900928838928887,0.006865404351317124,[8]
954,0.0006332982700948741,0.0,1.5357372195393798e-06,0.0034317629332470557,0.0,0.0,0.0009428490900798415,0.00796645051874343,0.006355542124839853,0.0,0.006399858053388,0.00429868699273021,"[7, 8, 10]"
955,0.0,0.0,0.057362751000371894,0.005688378627514768,0.0,0.0,0.006389202696158351,0.006664846264209337,0.002061583826332126,0.02329018722608392,0.0,0.0,[2]
956,0.08890699668469319,0.0,8.024256483504201e-05,0.020455083264616484,0.0,0.007823166373578463,0.0,0.0,0.0,0.021917765699292796,0.0,0.0,[0]
957,0.0,0.020583018641085752,0.0,0.013100846638678101,0.021034665147694063,0.0,0.08964223479551232,0.0,0.0,0.017068856403965275,0.004049886913196812,0.0,[6]
958,0.0,0.0,0.0,0.007967008535081034,0.06193345560124265,0.008854694372449179,0.0,0.0020807055213630057,0.0,0.018504980550591764,0.00437110024092056,0.06638167601682596,"[4, 11]"
959,0.0018986467923792789,0.0,3.6070965227261364e-06,0.0,0.0007201304401540325,0.0,0.010195348167133111,0.0,0.0,0.03171559246257056,0.004943721817914874,0.017773529699970685,[9]
960,0.0,0.008006818947558957,0.0,0.005081834658383636,0.010212402910044539,0.0,0.04446319657376188,0.0,0.0,0.006430569644110875,0.0019166373671576497,0.0011955707965101772,[6]
961,0.015201105730697358,0.0,1.7117090855591678e-05,0.011416579019043567,0.0,0.0,0.0,0.0022662033895052953,0.0671928625462578,0.0041301684225621225,0.009725132874315052,0.005243395311086147,[8]
962,0.00608809842856689,0.07447156950155287,0.0,0.01280442861300172,0.0,0.0,0.0,0.0,0.0,0.0,0.01057645654224502,0.06242802267966594,"[1, 11]"
963,0.0,0.0,0.0,0.008040382105817612,0.10914924546846244,0.016771520101361737,0.0,0.0009002846925059379,0.0007209610321806591,0.01796781141292807,0.0003194044548187949,0.10394478514786144,"[4, 11]"
964,0.0,0.020322073538234214,0.0,0.0,0.002096986707340448,0.021076011399636756,0.0030874157147068697,0.008609002050329276,0.0,0.0,0.0024623743113747006,0.0,"[1, 5]"
965,0.0,0.0,0.12624232362634252,0.006260472768593179,0.0,0.0007519747249030685,0.009466362083557106,0.006049555930532341,0.0,0.020394034173240268,0.0,0.0,[2]
966,0.013417607672272755,0.020514323072912875,0.03856780413970948,0.0,0.0,0.0,0.0,0.0031891389712312935,0.0,0.0,0.0,0.07784000153397885,[11]
967,0.02578358436267576,0.0,2.362983521453477e-05,0.0,0.0,0.0,0.0,0.02192334799749203,0.0,0.0,0.0,0.13409426272548589,[11]
968,0.01252151996237588,0.009300707360771454,9.84112126113158e-06,0.0,0.0,0.0,0.0,0.002183638520995168,0.0,0.0,0.0,0.07362108216356042,[11]
969,0.008352988738851666,0.0,0.0,0.0,0.07197835149226396,0.0,0.0,0.0,0.0,0.0,0.0,0.0,[4]
970,0.008352988738851702,0.0,0.018912345523801548,0.0,0.0,0.0,0.0,0.0023472674330509945,0.0,0.0,0.0,0.11416167948555254,[11]
971,0.005951365727690392,0.0,0.0,0.0,0.012882856646864477,0.0007820508409305343,0.0,0.0006821308702170619,0.014359831266341494,0.005028367051374786,0.0,0.0,"[4, 8]"
972,0.00595136572769041,0.0,0.0011564710826213942,0.0007915644726760604,0.0,0.0,0.0,0.001023738237476225,0.010292153244281229,0.006918981609743105,0.0008496304997275542,0.11859942073936783,[11]
973,0.0,0.0,0.0,0.0,0.0034016290941207518,0.0,0.01844572133217242,0.0,0.0,0.0003143296175610773,0.007075385254498229,0.0019414347118820636,[6]
974,0.010766314576977732,0.0,1.1854036314931988e-05,0.0032190273728845294,0.0,0.0,0.0,0.0,0.06729566394788018,0.010222792470754815,0.0,0.0,[8]
975,0.0,0.02268321953764975,0.0,0.0054028460991857276,0.021624837061056196,0.0,0.0931729079276983,0.0,0.004673031239889269,0.0,0.0,0.0,[6]
976,0.0,0.011639618364464217,0.0,0.0,0.00568702031786307,0.0,0.02460471987449012,0.0020620840645166004,0.0,0.0,0.0,0.0,[6]
977,0.0,0.015319327409574741,0.0,0.0031418064424326196,0.013253319989906006,0.0,0.05741188489130865,0.0,0.0,0.0,0.001142980406903981,0.0,[6]
978,0.030951195523854075,0.0,3.2143450301651693e-05,0.0,0.0,0.0,0.0,0.03746675310283091,0.0,0.052240158398651995,0.08224233987084904,0.014357202967449335,[10]
979,0.015770248696576544,0.0,1.704501248206708e-05,0.0,0.0,0.0,0.0,0.0,0.0,0.1102717880848167,0.032669036868961686,0.018691521168274047,[9]
980,0.0,0.022649338048414788,0.0,0.007683800365396555,0.022227718916095592,0.0,0.09566448438652701,0.0,0.0050205050182328135,0.0,0.0011798473667977204,0.0,[6]
981,0.0,0.011737925113105336,0.0,0.004507667103898677,0.011902156786550724,0.0,0.051718628769565574,0.0,0.002751231180234106,0.0,0.0014235955014744554,0.0,[6]
982,0.0,0.016032403510545714,0.0,0.006465183815838865,0.018634191226579486,0.0,0.08139550649680623,0.0,0.005255602299126519,0.0,1.959782491531619e-05,0.0,[6]
983,0.010158758441918471,0.0,1.1490687846644504e-05,0.0,0.0,0.0,0.0,0.01852204749429167,0.0,0.0,0.0,0.0315383161851833,[11]
984,0.01443280528764205,0.013279142025949207,1.1323112137988633e-05,0.0,0.0,0.0,0.0,0.004008583082665713,0.0,0.0,0.0,0.10078032240683318,[11]
985,0.0,0.012809159593241682,0.0,0.006938571547577002,0.014025729554822336,0.0,0.06057229035441936,0.0,0.0,0.006092956669704815,0.0017679521663775874,0.0029985994795496906,[6]
986,0.0,0.0,0.0,0.2971595816037615,0.0,0.03829365696070233,0.0,0.0035620063913113925,0.0,0.0,0.0,0.0,[3]
987,6.785508468279262e-05,0.0,0.16466859221509356,0.00610859643713817,0.0,0.0,0.029906577141980018,0.03537126495952103,0.0,0.0,0.031645929041858915,0.0,[2]
988,0.0,0.0,0.0,0.007686443631392829,0.15400951160231918,0.0,0.0,0.01757983322911461,0.0,0.0,0.042419512451384866,0.04880990848169873,[4]
989,0.003695496271761568,0.0,6.321111156659943e-06,0.018705899646708535,0.0076852101611793325,0.0,0.0,0.009330910513270828,0.07235655787848716,0.0,0.008226030290993313,0.0,[8]
990,0.0,0.008983507887583467,0.0,0.0010152508840530982,0.0069722392897640945,0.0,0.030738256025452052,0.0,0.0,0.0,0.003753093990761092,0.0,[6]
991,0.0,0.024226614193114376,0.0,0.0,0.014289032840096612,0.0,0.06661655249747755,0.0,0.0,0.0,0.0261152695235389,0.0,[6]
992,0.0,0.009320793611381079,0.0,0.0034136047217093635,0.009382846443894111,0.0,0.04044216430841273,0.0,0.0,0.0,0.0006113871692786978,0.0,[6]
993,0.03788533786824778,0.0,3.484343991207391e-05,0.004848897760740595,0.0,0.0,0.0,0.0,0.012680326934420049,0.002597739198776661,0.0,0.0,[0]
994,0.144744653202932,0.0,0.00012953550898133824,0.021964002769405445,0.0,0.008868435355349173,0.0,0.0,0.0,2.9445354647590002e-05,0.0,0.0,[0]
995,0.09260782216392012,0.0,8.334105151024762e-05,0.01808756582864278,0.0,0.007072276156325788,0.0,0.0,0.0,0.008716077712783963,0.0,0.0,[0]
996,0.018525036549534645,0.0,1.9457447294510188e-05,0.0,0.0,0.0,0.0,0.03011974511912028,0.013849731085125149,0.02810516003329251,0.05487664045392139,0.0031097749072274434,[10]
997,0.03560979218346981,0.0,3.288443705314805e-05,0.0,0.0,0.0,0.0013006379122113146,0.0,0.0,0.0,0.1747542137673833,0.0,[10]
998,0.019004270465623717,0.0,1.804217520341756e-05,0.0,0.0,0.0,0.002128457411498443,0.0,0.0,0.0,0.05748235453173521,0.0,[10]
999,0.01776152192339092,0.0,1.65499274575212e-05,0.0,0.0,0.0,0.0,0.0,0.0,0.0,0.04884161854816208,0.0,[10]
1000,0.027559368251791172,0.0,2.684107934104474e-05,0.0,0.0,0.0,0.0,0.0025717635485904802,0.0,0.04742229748874587,0.040116778102993834,0.010696354485810368,"[9, 10]"
1001,0.04432128058089417,0.0,3.985018548080308e-05,0.005486855594977449,0.0008395485457504912,0.0025478921937541785,0.0008176676214086598,0.0,0.0,0.0,0.0,0.0,[0]
1002,0.0,0.020422477221264904,0.0,0.0,0.013362020078024103,0.0,0.06282197057015289,0.0,0.0,0.0,0.025475562317454147,0.0,[6]
1003,0.003113746296349554,0.20675949577795888,0.0,0.016401294296430162,0.0,0.0,0.0,0.0,0.0,0.03310951630931948,0.0,0.14697174887268702,"[1, 11]"
1004,0.002825099004428415,0.2640344190399395,0.0,0.022077753951900224,0.0,0.0,0.0,0.0,0.0,0.03913402494055233,0.0,0.18563859617720488,"[1, 11]"
1005,0.0,0.010700495341980351,0.0,0.0,0.0015418928517229558,0.017462228962362856,0.002845246586854276,0.0005028538921631221,0.0,0.0,4.4584309884882456e-05,0.0,[5]
1006,0.050060084718135785,0.0,4.483497303922598e-05,0.008656863446205724,0.0,0.003006303600054065,0.0,0.0,0.0015726170192169305,0.0033052598757897307,0.0,0.0,[0]
1007,0.035206530804458916,0.0,3.2667343469094804e-05,0.0021269889047235858,0.0,0.0,0.0,0.0,0.012337312160728527,0.0006112754729751046,0.016923003499884636,0.0,[0]
1008,0.007032426563070244,0.0,9.383911771534473e-06,0.026945182027300996,0.005525567420374524,0.0,0.0,0.006162501649444223,0.0782172649323087,0.0019019268270925355,0.01226894712506386,0.0,[8]
1009,0.008049723636011768,0.0,9.886131147218553e-06,0.009487551426362859,0.0,0.0,0.0,0.0,0.05993186165268932,0.011640216390213065,0.006823774683270231,0.0,[8]
1010,0.0019362761853669445,0.0,3.4874630186104045e-06,0.02234386863663152,0.0030136852857290007,0.0,0.0175283719416014,0.0,0.04357760478732831,0.0,0.002125507781377642,0.0,[8]
1011,0.003591542047261214,0.0,0.0,0.0,0.000903333570838827,0.0,0.0,0.0,0.016532163786681903,0.0,0.0,0.005583304077914189,[8]
1012,0.0046969265220060535,0.0,0.02790127832420725,0.0,0.0,0.0,0.0,0.0,0.036123011207038834,0.0,0.0,0.026288713704596553,"[2, 8, 11]"
1013,0.0005412403132231062,0.0,0.008636791337431282,0.0,0.0,0.0,0.0,0.0,0.024129824428830306,0.0,0.0,0.040567197797096714,[11]
1014,0.007240997091705631,0.0,7.86658291726608e-06,0.0010500130191453713,0.0,0.0,0.0,0.0,0.009292460074305094,0.004533766225677488,0.009179296582474931,0.0065322297380374,"[0, 8, 10, 11]"
1015,0.009048840381976469,0.0,9.04089302178286e-06,0.000128348029733004,0.0,0.0,0.0,0.0,0.006509970183506954,0.0,0.029794969172251915,0.011077802009198036,[10]
1016,0.01639826603021327,0.0,1.7480269609887223e-05,0.0,0.0,0.0,0.0,0.0,0.0,0.16711544983393128,0.04400303745697591,0.013347575503185095,[9]
1017,0.009782982743755221,0.0,0.0,0.0,0.0317880710669708,0.0,0.0,0.0,0.0,0.0806668069945633,0.02537762978052026,0.03589650519126282,[9]
1018,0.017820625361109937,0.0,1.9145145681888794e-05,0.0,0.0,0.0,0.0,0.0,0.0,0.17874992672335566,0.04544717237873213,0.01549007791976818,[9]
1019,0.0950303806753147,0.0023134586258371248,8.441643479986514e-05,0.013149176507134087,0.002279099742662929,0.007933979401527756,0.0018247914079439801,0.0,0.0,0.0,0.0,0.0,[0]
1020,0.039538865086885505,0.0006105620076636046,0.0,0.005490948328003032,0.15548644846894488,0.016860122668125206,0.0,0.0,0.0,0.0,0.0,0.0,[4]
1021,0.05608966179925348,0.0,0.0,0.005109635765860162,0.006637797465729996,0.004136946383519596,0.0,0.0,0.0,0.0,0.0,0.06843730389021684,"[0, 11]"
1022,0.09266241940059891,0.005937967307209251,8.177612085899771e-05,0.0013601672343566964,0.00020635059633621815,0.0030060216865324474,0.0,0.0,0.0,0.0,0.0,0.004056329460417107,[0]
1023,0.06345258811579635,0.0,5.671030766789763e-05,0.010881394143812046,0.0005692663878768721,0.004697485368397797,0.0008632404892568781,0.0,0.0,0.0,0.0,0.0,[0]
1024,0.06155253417764924,0.003628622314692787,0.11739722920081089,0.00820729599874008,0.0,0.00010948255106800208,0.017547858185471412,0.0,0.0,0.0,0.0,0.05124206075346659,[2]
1025,0.10751359241997442,0.0030672249896579224,9.538743271760063e-05,0.015773333856883336,0.0029150814757401317,0.009679472863393606,0.002722483423147706,0.0,0.0,0.0,0.0,0.0,[0]
1026,0.06155253417764923,0.003676060286695027,0.09197570245180348,0.008698520087280929,0.0,0.0011494226615166932,0.015007862436922249,0.0,0.0,0.0,0.0,0.11638608131240215,"[2, 11]"
1027,0.0018923796353950096,0.0,0.0,0.008248031921658208,0.08849243879043309,0.004283026964511032,0.0,0.003598518688818735,0.04232772202002993,0.0,0.0025158831408072747,0.016255055838311966,[4]
1028,0.002464992550804655,0.0,0.2119305561998382,0.0,0.0,0.0,0.01902348505517484,0.0,0.019620820264972322,0.0,0.0,0.08149282041651226,[2]
1029,0.003233361319900519,0.0,0.0,0.0020993295128915227,0.08956989095251956,0.0017083155786568607,0.0,0.0027167090861432057,0.012099128586873818,0.0,0.008614763301862624,0.009044581943303983,[4]
1030,0.007548941192799263,0.0,0.13657593011332805,0.0017938329848596528,0.0,0.0,0.009150463918010875,0.010419220633325213,0.012530719323527954,0.0,0.010852322109992436,0.009706992401651439,[2]
1031,0.003026296642307062,0.08545735683891302,0.0,0.0,0.0,0.0,0.0,0.0,0.0,0.005849010634233444,0.0,0.08429479103882404,"[1, 11]"
1032,0.0,0.011444593736727597,0.0,0.0005843710998932111,0.0,0.0,0.0,0.000397847775235675,0.0,0.0,0.004405043441034161,0.0007269714823007686,[1]
1033,0.07450334419760062,0.007891247402401439,6.529049031900655e-05,0.013514062905830421,0.002874162664322362,0.0073614711635203774,0.006827323003072446,0.0,0.0,0.0,0.0,0.0,[0]
1034,0.13563393090835094,0.0,0.00012138017070562179,0.02352638330960844,0.0,0.009518907131942022,0.0018157278684591228,0.0,0.009329722016552957,0.003346760323252712,0.0,0.0,[0]
1035,0.07541030794729489,0.0005559912982016058,6.719761843144492e-05,0.011901778281874416,0.0,0.005381108673193512,0.0013325323211763672,0.0,0.0,0.0,0.0,0.0,[0]
1036,0.07167213068938778,0.0,6.458322270217174e-05,0.01589420763294783,0.0,0.005987050111576529,0.0,0.0,0.0,0.018162929712358312,0.0,0.0,[0]
1037,0.0867955216435172,0.0,7.818070249004918e-05,0.016191672535892362,0.0,0.00599520304507842,0.0,0.0,0.011009792903656614,0.004544254462203556,0.0,0.0,[0]
1038,0.10804614162257754,0.0,9.677807182615798e-05,0.019948885831226604,0.0,0.00791998254034981,0.0010900066917098853,0.0,0.017382134242038827,0.005670019884129638,0.0,0.0,[0]
1039,0.03978389533853867,0.0,0.0,0.004232597113367464,0.23849111551327484,0.022859259023767713,0.0,0.0,0.0,0.0,0.025513690233868902,0.025544925411289852,[4]
1040,0.056457372617177884,0.0,5.160539996486627e-05,0.0,0.0,0.0,0.0,0.0,0.0,0.0,0.059048134392386604,0.0,"[0, 10]"
1041,0.0397838953385388,0.0,0.2599643299428692,0.0015634280210752249,0.0,0.0,0.030193290430929616,0.000620008267818552,0.0,0.0022922595537323816,0.010920836352810766,0.0,[2]
1042,0.12688978870074483,0.0,0.00011352548239212761,0.02190440711402947,0.0,0.008994539113330643,0.0015728719007116626,0.0,0.010864458885136227,0.004955876453085944,0.0,0.0,[0]
1043,0.04200564383772315,0.0,3.750038374528704e-05,0.005517236307175117,0.0004957968901833064,0.003160802810130638,0.0005245071345704137,0.0,0.0,0.0,0.0,0.0,[0]
1044,0.10658629735895385,0.005068469007595728,9.41899952176389e-05,0.015086378920020417,0.0032605421202432858,0.010173225178952283,0.004007806432958839,0.0,0.0,0.0,0.0,0.0,[0]
1045,0.0,0.010626234813435893,0.0,0.003265428154685072,0.0012539966074353204,0.03243562139063791,0.0,0.003312847411227762,0.0,0.024233766512768092,0.0,0.0,"[5, 9]"
1046,0.0,0.0,6.348346492702426e-07,0.02084091652067295,0.0,0.0206687803254457,0.0,0.007758747400249374,0.0,0.06507565657585063,0.0,0.0,[9]
1047,0.020919658902566942,0.0,2.1452642965926107e-05,0.0,0.0,0.0,0.0,0.019169458733899927,0.0,0.05512259157788475,0.06862640168895004,0.005312023248046542,"[9, 10]"
1048,0.023191075893415524,0.0,2.2340366582788576e-05,0.0,0.0,0.0,0.0,0.004018530102266745,0.0,0.04099629272449537,0.03958495856846664,0.00379853067253396,"[9, 10]"
1049,0.002622945784431706,0.0,4.243857702861782e-06,0.004265543185105088,0.00998875266695686,0.0,0.010737466923482127,0.026201125326634666,0.0,0.0,0.052815003001852996,0.011888892806332988,[10]
1050,0.0,0.01952408890943934,0.0,0.0,0.005376668332248638,0.0,0.026323597877375395,0.0,0.0,0.0,0.0156872737263642,0.0,"[1, 6]"
1051,0.04477083201504339,0.0,4.009214095671846e-05,0.0,0.0,0.0,0.0015809430248609592,0.0,0.0,0.0,0.1014572374583356,0.0,[10]
1052,0.016006105171532226,0.008375485191773514,1.3300459165146195e-05,0.0,0.0,0.0,0.0,0.0064411685663880594,0.017043447838877533,0.0,0.029932383122554855,0.04766857685642618,[11]
1053,0.0,0.07325606343023579,0.0,0.031062550744270175,0.0,0.0,0.0,0.0,0.018677330139074504,0.0,0.17179872711845198,0.007866600399885244,[10]
1054,0.0,0.0,0.0,0.0019438987303462656,0.0,0.010725438618714776,0.0,0.0,0.008708101495572584,0.012599478506918877,0.0,0.0,"[5, 9]"
1055,0.01138664897761803,0.0,1.190007290093083e-05,0.0029958505582062594,0.0,0.0,0.0,0.0030502131199892364,0.02239515485899375,0.0,0.02856894004267255,0.0005401105170944884,"[8, 10]"
1056,0.00739807519428715,0.0,8.193979644804227e-06,0.003623635741547358,0.0,0.0,0.0,0.0,0.02975735182834913,0.001664610734616568,0.012202160985760227,0.0016395349333212688,[8]
1057,0.009965064622422451,0.0,1.1113510804377234e-05,0.0021518022019827335,0.0,0.0,0.0,0.0024010118133511544,0.06515665576091333,0.0,0.013588849051186453,0.008662992499919253,[8]
1058,0.008080951845478048,0.0,0.09298676671694252,0.00399181091430291,0.0,0.0,0.006447150707656732,0.00854431899237775,0.014604438956390313,0.0009351920046030487,0.0028929640535601863,0.0,[2]
1059,0.011382623983956166,0.0,1.242289287510268e-05,0.005482464957428428,0.0,0.0,0.0,0.0017675737404941397,0.06063824905133049,0.005871517042028186,0.0021694694484026586,0.0,[8]
1060,0.00952501848683512,0.0,1.0630010265859086e-05,0.0033330726213722226,0.0,0.0,0.0,0.002409319112592939,0.04895621173750098,0.003828505678885232,0.0,0.0017146048806518277,[8]
1061,0.03968059893555389,0.0,3.677717036022576e-05,0.0008807394705853109,0.0,0.0,0.0,0.0,0.02871793937967114,0.0,0.0,0.015579897195752236,"[0, 8]"
1062,0.0,0.014810940309648805,0.0,0.004944530545033097,0.006485952429150405,0.0,0.02723791983417059,0.0,0.0,0.005872215560427926,0.004075371247119185,0.0,[6]
1063,0.0,0.026714824095623355,0.0,0.0,0.0,0.011009986371418368,0.0,0.017786448435710835,0.006783329727678839,0.0,0.027267710271653308,0.0,"[1, 10]"
1064,0.0,0.06567755864082436,0.0,0.025768735134844255,0.0,0.0,0.0,0.0,0.016603691598278434,0.0,0.1324472535611443,0.00901704969851692,[10]
1065,0.0,0.1145390352326234,0.0,0.02906709070701471,0.0,0.0,0.0,0.0,0.011481748062898966,0.0,0.1302956571760618,0.0443290930907226,"[1, 10]"
1066,0.002471664915816602,0.24778163371083065,0.0,0.013411079236407013,0.0,0.0,0.0,0.0,0.0,0.047458382159435,0.0,0.17819697725922704,"[1, 11]"
1067,0.014908243308630253,0.0,1.5502634528197077e-05,0.0,0.0,0.0,0.0,0.0,0.0,0.15002796204640864,0.03700730183491914,0.019120782511175383,[9]
1068,0.002718668421521142,0.26052555957293866,0.0,0.012165960665000107,0.0,0.0,0.0,0.0,0.0,0.046910346780648954,0.0,0.19167619207822217,"[1, 11]"
1069,0.001754501819812999,0.17382510470022072,0.0,0.012172849287472675,0.035756280738896654,0.0,0.0,0.0,0.0,0.03258770730459463,0.0,0.11839265090093175,[1]
1070,0.0008813334269216799,0.007130792209713375,0.043369810414922674,0.0,0.0,0.0,0.0,0.0,0.001139547317287046,0.0026409614237615123,0.0,0.011965082937725791,[2]
1071,0.007442453696512901,0.0,0.0,0.0010371561854981839,0.09334623786542949,0.0029095235591767694,0.0,0.006090868160298937,0.019654620288946507,0.0,0.00040123393515611793,0.010835205627630766,[4]
1072,0.01804513623317837,0.0,2.028418437434357e-05,0.010001550561902248,0.0,0.0,0.0,0.0,0.18846331580059758,0.01681361987781645,0.007977178901520323,0.0,[8]
1073,0.0,0.02145112443816091,0.0,0.0,0.003627810048006816,0.022474958774784684,0.00880456976256862,0.0,0.0,0.0,0.0005251888273936548,0.0,"[1, 5]"
1074,0.0,0.021807194479722746,0.0,0.0022346767959568843,0.013137247195889087,0.0,0.050545689440282454,0.0,0.0,0.011912835026200563,0.0,0.0,[6]
1075,0.0,0.019032237070120576,0.0,0.0,0.006500527494913627,0.005844290265895302,0.02166840644320206,0.0009862654653828484,0.0,0.005773153159199499,0.0,0.0,"[1, 6]"
1076,0.006810897980654048,0.0,0.0015628997007384217,0.0,0.0011168882482605444,0.0,0.0,0.0,0.0208573900437474,0.0,0.0,0.0,[8]
1077,0.010681805258305282,0.18111401423974877,0.0,0.0,0.0,0.0,0.0,0.0,0.0,0.02148503919334946,0.0,0.17816266939274733,"[1, 11]"
1078,0.01054962382151535,0.07468473419173577,0.0,0.0,0.024293226140737926,0.0,0.0,0.00013953674792239513,0.0,0.002160846136954308,0.0,0.09329634765908174,"[1, 11]"
1079,0.032311260127997926,0.0,2.975562836861843e-05,0.0,0.0,0.0,0.0,0.03457717644162594,0.0,0.0,0.0,0.16657989970461573,[11]
1080,0.015063685935358031,0.0,0.0,0.0,0.09247796849769976,0.0,0.0,0.003312630270267955,0.0,0.0,0.0,0.02529387427645403,[4]
1081,0.01506368593535806,0.0,0.0,0.0,0.04259774188831779,0.0,0.0,0.0038108596892590775,0.0,0.0,0.0,0.04583241132843991,"[4, 11]"
1082,0.01506368593535813,0.0,0.15480686227082244,0.0,0.0,0.0,0.0027179321458057105,0.007457361205171579,0.0,0.0,0.0,0.10762444845977832,[2]
1083,0.02728685701239383,0.0,2.5718879134283597e-05,0.0,0.0,0.0,0.0,0.027502788147040366,0.0,0.0,0.0,0.12853090185294241,[11]
1084,0.0,0.006034303128204902,0.0,0.0,0.001426662134269592,0.008725985899151096,0.0015916624981048386,0.0,0.0,0.0,0.001123937413677348,0.0,[5]
1085,0.0,0.0,0.0,0.003975125254579707,0.0,0.013560648710615096,0.0,0.011711647994930107,0.0,0.018560659814235346,0.0,0.0,"[5, 9]"
1086,0.0,0.0,0.0,0.42711243754194206,0.0,0.023211155399400014,0.0,0.005280208048719012,0.0,0.0,0.0,0.0,[3]
1087,0.0008099356984803368,0.0,3.6161850545230344e-06,0.3356753323840924,0.0,0.007089625062526418,0.0,0.004375603113755117,0.0,0.0,0.0012790597013960846,0.0,[3]
1088,0.0008099356984803153,0.0,3.616185054730092e-06,0.3356753323840921,0.0,0.00708962506252639,0.0,0.004375603113755133,0.0,0.0,0.0012790597013960445,0.0,[3]
1089,0.014915675318309413,0.0,1.5247260377912997e-05,0.010486730900914336,0.0,0.0,0.0,0.0,0.041810150389754094,0.0054210999940767545,0.0011102631129429376,0.0,[8]
1090,0.010952118115950692,0.0,1.207427368940731e-05,0.013597133293950407,0.0,0.0,0.0,0.0005871722909213273,0.07338257934091014,0.007842581708617673,0.006192024107750082,0.0,[8]
1091,0.0,0.0,0.0,0.008402676946709391,0.0,0.0087851544900821,0.0,0.0033821643623884183,5.6506771262003784e-05,0.03516864923932234,0.0,0.0010307997376716078,[9]
1092,0.0,0.010844605078447702,0.0,0.0,0.0007077619056999172,0.024260903119764494,0.0,0.0,0.0027344387234585267,0.0027841446770851437,0.0,0.0,[5]
1093,0.0,0.0,0.0,0.013300863954380437,0.0,0.013889082203470569,0.0,0.00686817383789583,0.0,0.047891986816413226,0.0,0.0,[9]
1094,0.0,0.0,0.0,0.04066097463351042,0.0,0.035413112614760225,0.0,0.004991419078921078,0.0,0.04454363703541456,0.0,0.0,"[3, 5, 9]"
1095,0.02585346005115314,0.0,2.6352795055369886e-05,0.0,0.0,0.0,0.0,0.10894423253293128,0.0,0.35287684200407554,0.11706831902643065,0.0,[9]
1096,0.0542681368961109,0.0001589239695545515,4.846541850327632e-05,0.01024705571205979,0.0009375111461122654,0.005024739368782443,0.0020142603525591155,0.0,0.0,0.0,0.0,0.0,[0]
1097,0.13551418009544774,0.0,0.00012100401493904923,0.024185941719384388,0.0,0.01056241744107126,0.002998272061501363,0.0,0.012032188077498908,0.0031418724882754574,0.0,0.0,[0]
1098,0.0008135202999192737,0.0,0.0,0.004665777475122182,0.0938027263406449,0.0,0.0,0.02425030106657508,0.0,0.0,0.027620476787139768,0.032716666147776546,[4]
1099,0.0,0.011474157708694692,0.0,0.00734416305235587,0.01260264486175637,0.0,0.05367685339076466,0.0,0.0,0.009133637394947828,0.000981222608626633,0.0009369189840035537,[6]
1100,0.047509563545579316,0.004143850619967602,0.0,0.00756184110605721,0.2505883968910095,0.02805212209785467,0.0,0.0,0.0,0.0,0.0,0.0,[4]
1101,0.005147559106957505,0.003382793378592209,4.248294240208034e-06,0.0,0.0,0.0,0.0,0.0024026109476197807,0.006106564589527345,0.0,0.017277624611152204,0.015951580627801318,"[10, 11]"
1102,0.003156055434305949,0.0,4.83063377974638e-06,0.0,0.0,0.0,0.0,0.6153986209010658,0.04284645303163039,0.007515755600865097,0.0,0.0,[7]
1103,0.011439602090955361,0.0,1.2649872552245077e-05,0.0052441547009477755,0.0,0.0,0.0,0.0,0.09885689934787294,0.005439985745192709,0.009141484544701324,0.0,[8]
1104,0.0007259973674389721,0.24879134526676627,0.0,0.02114717592112547,0.0,0.0,0.0,0.0,0.0,0.026131286409375093,0.0,0.16798122254827041,[1]
1105,0.0,0.015329920831312687,0.0,0.0023478837651067425,0.0013809080869541961,0.026674666489492762,0.0014718489609681056,0.0008189315539982526,0.0,0.0,0.0,0.0,[5]
1106,0.04039562472484751,0.0,3.615919094039106e-05,0.00742008421286249,0.0,0.0030584903123114706,0.00020136863278552577,0.0,0.0006428372861184596,0.0,0.0,0.0,[0]
1107,0.0,0.008673145733194129,0.0,0.0,0.0027802565625289896,0.0,0.013073459819312759,0.0,0.0,0.0,0.0066762282904328585,0.0,[6]
1108,0.0,0.0,0.06743609628583065,0.0037957794593420006,0.0,0.0,0.006837913997689947,0.0010729118917603949,0.008950883588635992,0.012791122618114784,0.00121253945533739,0.0,[2]
1109,0.0,0.0,0.013133329327715822,0.004163702437497295,0.0,0.000735253783565473,0.0005067481123622884,0.00011862552883149132,0.009178276180616103,0.012262709156412557,0.002607897681796521,0.02479079665194933,[11]
1110,0.0,0.0,0.0,0.004935501840562757,0.08407159976180688,0.009253541648639329,0.0,0.0,0.008969675706121482,0.009172624262414972,0.008933181876560918,0.001398311469481173,[4]
1111,0.10960657370385504,0.0,9.776096687544014e-05,0.01223875947750765,0.0,0.0067325607876685374,0.00047601153067410474,0.0,0.0,0.0,0.0,0.0,[0]
1112,0.0,0.006309232092755187,0.0,0.005249812189846656,0.008403945622025183,0.0,0.03682167135899028,0.0,0.003475942998282599,0.0005491826230381685,0.0012535563520692163,0.0,[6]
1113,0.037683338986989647,0.0,3.3802003657075666e-05,0.00668056072930222,0.0,0.0017556616480007526,0.0006362836927401146,0.0,0.0002534921269415261,0.0,0.0,0.0,[0]
1114,0.0,0.0,0.0,0.01622407972791455,0.0,0.013283851796639552,0.0,0.007626697015292553,0.0,0.04947461548759713,0.0,0.0,[9]
1115,0.0,0.005210080858378912,0.0,0.0008665520999059513,0.005023875190774195,0.0,0.02192319808648824,0.0004157834495970934,0.0,0.0,0.0,0.0,[6]
1116,0.0,0.00909700503194342,0.0,0.0002172559638704418,0.006578802227561114,0.0,0.029539258776290565,0.000858159678151645,0.0,0.0,0.002884910723602198,0.0,[6]
1117,0.003741102260423961,0.0,4.402388933735544e-06,0.0,0.0,0.0,0.0,0.00534085700797638,0.0008244474098381035,0.0004288838045891095,0.002711667452717314,0.002934016158432898,"[0, 7]"
1118,0.004848761375763445,0.0,5.674271581174469e-06,0.0,0.0,0.0,0.0,0.006411525662138702,0.0016478591367340204,0.0090654933577376,0.0,0.002548267336412613,"[7, 9]"
1119,0.006467206820320447,0.0,7.051808192833214e-06,0.03728983151681156,0.0,0.0,0.0,0.006534505399627884,0.013130245791367342,0.0,0.0017054456568205366,0.0030568841578988426,[3]
1120,0.008427333702234342,0.0,8.855951446221768e-06,0.02606958356792945,0.0,0.0,0.005161247827655051,0.0,0.0382550271866555,0.0,0.0,0.0,[8]
1121,0.0010801514022321815,0.0,2.111141542124559e-06,0.0,0.00035482289467917783,0.0,0.005866862603145006,0.0,0.0,0.02022859639407586,0.00296185373127487,0.010662111387004345,[9]
1122,0.02167548136205797,0.0,2.2637160473347193e-05,0.0,0.0,0.0,0.0,0.0365765900981733,0.0014138072511907425,0.038950686219496246,0.06754739221838114,0.006447236262724377,[10]
1123,0.0,0.008841201722160541,0.0,0.0032662538882050995,0.008716035378470169,0.0,0.03730835675512821,0.0,0.0023404323289549335,0.0,0.0,0.0,[6]
1124,0.028650017452472986,0.0,2.639612389104259e-05,0.0,0.0,0.0,0.0014952805148945277,0.0,0.0,0.0,0.15652103348758872,0.0,[10]
1125,0.011851973928326138,0.0,1.1554981329001927e-05,0.0,0.0,0.0,0.0,0.0013633087197374237,0.0,0.022786029730630812,0.019122573365505942,0.00439141899264172,"[9, 10]"
1126,0.0030243122961629764,0.0,0.09298276915036455,0.012780884376200065,0.0,0.0,0.003889621196009856,0.004507376571796355,0.03440274065295024,0.0004227933730504737,0.008060426092726296,0.0,[2]
1127,0.04715080184452976,0.004274686613060786,4.137931486150682e-05,0.0005040333454375026,0.0002562852947396092,0.0018812550238175118,0.0,0.0,0.0,0.0,0.0,0.0017239913421914954,[0]
1128,0.008144625384568135,0.004528230434821827,6.749224011724752e-06,0.0,0.0,0.0,0.0,0.003926249067444733,0.009699429180914137,0.0,0.016854935286060024,0.02542310442020039,[11]
1129,0.011854138233089177,0.0,1.3343108782032613e-05,0.0071556400401911625,0.0,0.0,0.0,0.0,0.13880954486422187,0.01209065922823789,0.005693044070096066,0.0,[8]
1130,0.01838206720451237,0.0,1.691020460932093e-05,0.0,0.0,0.0,0.0,0.023581588411365713,0.0,0.0,0.0,0.10157239956414785,[11]
1131,0.0,0.0,0.0,0.2669889900959733,0.0,0.012790935207121783,0.0,0.0031831264603130243,0.0,0.0,0.0,0.0,[3]
1132,0.020800516831327866,0.0,2.1181198332986593e-05,0.0,0.0,0.0,0.0,0.10445218130982538,0.0,0.3173309602628883,0.10425538834947633,0.0,[9]
