Variant,Affinity Design,n,mu,on,om,inst,ONMI,Omega,|K'-K|/K,(K'-K)/K,Node Coverage,FADDIS Runtime
001_default_lapin-off_$\gamma0.3$,default,1000,0.1,200,2,1,0.48381,0.321245,0.148148,0.14814814814814814,,49.489987
001_default_lapin-off_$\gamma0.3$,default,1000,0.1,200,2,2,0.522255,0.428542,0.043478,0.043478260869565216,,39.443879
001_default_lapin-off_$\gamma0.3$,default,1000,0.1,200,2,3,0.528006,0.439705,0.125,0.125,,44.132527
001_default_lapin-off_$\gamma0.3$,default,1000,0.1,200,2,4,0.483033,0.347416,0.125,0.125,,44.276049
001_default_lapin-off_$\gamma0.3$,default,1000,0.1,200,2,5,0.52735,0.412285,0.12,0.12,,45.114846
001_default_lapin-off_$\gamma0.3$,default,1000,0.1,200,2,6,0.488542,0.357119,0.04,0.04,,43.359988
001_default_lapin-off_$\gamma0.3$,default,1000,0.1,200,2,7,0.471232,0.323897,0.076923,0.07692307692307693,,45.971335
001_default_lapin-off_$\gamma0.3$,default,1000,0.1,200,2,8,0.571545,0.488116,0.041667,-0.041666666666666664,,37.977851
001_default_lapin-off_$\gamma0.3$,default,1000,0.1,200,2,9,0.544159,0.410544,0.115385,0.11538461538461539,,46.61381
001_default_lapin-off_$\gamma0.3$,default,1000,0.1,200,2,10,0.385654,0.183478,0.285714,0.2857142857142857,,45.545416
002_default_lapin-off_$\gamma0.5$,default,1000,0.1,200,2,1,0.724726,0.659254,0.148148,0.14814814814814814,,49.489987
002_default_lapin-off_$\gamma0.5$,default,1000,0.1,200,2,2,0.754499,0.749826,0.043478,0.043478260869565216,,39.443879
002_default_lapin-off_$\gamma0.5$,default,1000,0.1,200,2,3,0.80101,0.814359,0.125,0.125,,44.132527
002_default_lapin-off_$\gamma0.5$,default,1000,0.1,200,2,4,0.657313,0.537337,0.125,0.125,,44.276049
002_default_lapin-off_$\gamma0.5$,default,1000,0.1,200,2,5,0.683997,0.601065,0.12,0.12,,45.114846
002_default_lapin-off_$\gamma0.5$,default,1000,0.1,200,2,6,0.705607,0.655453,0.04,0.04,,43.359988
002_default_lapin-off_$\gamma0.5$,default,1000,0.1,200,2,7,0.73619,0.644756,0.076923,0.07692307692307693,,45.971335
002_default_lapin-off_$\gamma0.5$,default,1000,0.1,200,2,8,0.803272,0.797333,0.041667,-0.041666666666666664,,37.977851
002_default_lapin-off_$\gamma0.5$,default,1000,0.1,200,2,9,0.768618,0.667169,0.115385,0.11538461538461539,,46.61381
002_default_lapin-off_$\gamma0.5$,default,1000,0.1,200,2,10,0.58592,0.467928,0.285714,0.2857142857142857,,45.545416
003_default_lapin-off_$\gamma0.6$,default,1000,0.1,200,2,1,0.783278,0.721514,0.148148,0.14814814814814814,,49.489987
003_default_lapin-off_$\gamma0.6$,default,1000,0.1,200,2,2,0.804875,0.795759,0.043478,0.043478260869565216,,39.443879
003_default_lapin-off_$\gamma0.6$,default,1000,0.1,200,2,3,0.845666,0.844301,0.125,0.125,,44.132527
003_default_lapin-off_$\gamma0.6$,default,1000,0.1,200,2,4,0.745206,0.634191,0.125,0.125,,44.276049
003_default_lapin-off_$\gamma0.6$,default,1000,0.1,200,2,5,0.746053,0.67607,0.12,0.12,,45.114846
003_default_lapin-off_$\gamma0.6$,default,1000,0.1,200,2,6,0.773648,0.742469,0.04,0.04,,43.359988
003_default_lapin-off_$\gamma0.6$,default,1000,0.1,200,2,7,0.790331,0.71541,0.076923,0.07692307692307693,,45.971335
003_default_lapin-off_$\gamma0.6$,default,1000,0.1,200,2,8,0.812509,0.805719,0.041667,-0.041666666666666664,,37.977851
003_default_lapin-off_$\gamma0.6$,default,1000,0.1,200,2,9,0.827788,0.792235,0.115385,0.11538461538461539,,46.61381
003_default_lapin-off_$\gamma0.6$,default,1000,0.1,200,2,10,0.640961,0.578762,0.285714,0.2857142857142857,,45.545416
004_default_lapin-off_$\gamma0.7$,default,1000,0.1,200,2,1,0.818165,0.764424,0.148148,0.14814814814814814,,49.489987
004_default_lapin-off_$\gamma0.7$,default,1000,0.1,200,2,2,0.817065,0.788445,0.043478,0.043478260869565216,,39.443879
004_default_lapin-off_$\gamma0.7$,default,1000,0.1,200,2,3,0.850322,0.835274,0.125,0.125,,44.132527
004_default_lapin-off_$\gamma0.7$,default,1000,0.1,200,2,4,0.814391,0.761172,0.125,0.125,,44.276049
004_default_lapin-off_$\gamma0.7$,default,1000,0.1,200,2,5,0.761362,0.688887,0.12,0.12,,45.114846
004_default_lapin-off_$\gamma0.7$,default,1000,0.1,200,2,6,0.816903,0.769179,0.04,0.04,,43.359988
004_default_lapin-off_$\gamma0.7$,default,1000,0.1,200,2,7,0.85295,0.82104,0.076923,0.07692307692307693,,45.971335
004_default_lapin-off_$\gamma0.7$,default,1000,0.1,200,2,8,0.7949,0.795536,0.041667,-0.041666666666666664,,37.977851
004_default_lapin-off_$\gamma0.7$,default,1000,0.1,200,2,9,0.842099,0.800472,0.115385,0.11538461538461539,,46.61381
004_default_lapin-off_$\gamma0.7$,default,1000,0.1,200,2,10,0.716432,0.712146,0.285714,0.2857142857142857,,45.545416
005_default_lapin-off_$\gamma0.8$,default,1000,0.1,200,2,1,0.838171,0.781203,0.148148,0.14814814814814814,,49.489987
005_default_lapin-off_$\gamma0.8$,default,1000,0.1,200,2,2,0.813871,0.779667,0.043478,0.043478260869565216,,39.443879
005_default_lapin-off_$\gamma0.8$,default,1000,0.1,200,2,3,0.843968,0.818225,0.125,0.125,,44.132527
005_default_lapin-off_$\gamma0.8$,default,1000,0.1,200,2,4,0.835736,0.785332,0.125,0.125,,44.276049
005_default_lapin-off_$\gamma0.8$,default,1000,0.1,200,2,5,0.794812,0.737206,0.12,0.12,,45.114846
005_default_lapin-off_$\gamma0.8$,default,1000,0.1,200,2,6,0.817727,0.781286,0.04,0.04,,43.359988
005_default_lapin-off_$\gamma0.8$,default,1000,0.1,200,2,7,0.817988,0.824864,0.076923,0.07692307692307693,,45.971335
005_default_lapin-off_$\gamma0.8$,default,1000,0.1,200,2,8,0.778554,0.791496,0.041667,-0.041666666666666664,,37.977851
005_default_lapin-off_$\gamma0.8$,default,1000,0.1,200,2,9,0.836898,0.775706,0.115385,0.11538461538461539,,46.61381
005_default_lapin-off_$\gamma0.8$,default,1000,0.1,200,2,10,0.763158,0.750175,0.285714,0.2857142857142857,,45.545416
006_default_lapin-off_$\gamma0.9$,default,1000,0.1,200,2,1,0.790551,0.784015,0.148148,0.14814814814814814,,49.489987
006_default_lapin-off_$\gamma0.9$,default,1000,0.1,200,2,2,0.776097,0.779686,0.043478,0.043478260869565216,,39.443879
006_default_lapin-off_$\gamma0.9$,default,1000,0.1,200,2,3,0.801414,0.802323,0.125,0.125,,44.132527
006_default_lapin-off_$\gamma0.9$,default,1000,0.1,200,2,4,0.785142,0.777168,0.083333,0.08333333333333333,,44.276049
006_default_lapin-off_$\gamma0.9$,default,1000,0.1,200,2,5,0.8174,0.761341,0.12,0.12,,45.114846
006_default_lapin-off_$\gamma0.9$,default,1000,0.1,200,2,6,0.780227,0.776112,0.04,0.04,,43.359988
006_default_lapin-off_$\gamma0.9$,default,1000,0.1,200,2,7,0.797342,0.80509,0.076923,0.07692307692307693,,45.971335
006_default_lapin-off_$\gamma0.9$,default,1000,0.1,200,2,8,0.762922,0.784812,0.041667,-0.041666666666666664,,37.977851
006_default_lapin-off_$\gamma0.9$,default,1000,0.1,200,2,9,0.808886,0.756979,0.115385,0.11538461538461539,,46.61381
006_default_lapin-off_$\gamma0.9$,default,1000,0.1,200,2,10,0.769229,0.749517,0.285714,0.2857142857142857,,45.545416
007_default_lapin-on_$\gamma0.3$,default,1000,0.1,200,2,1,0.159303,0.021537,0.0,0.0,,48.046446
007_default_lapin-on_$\gamma0.3$,default,1000,0.1,200,2,2,0.26018,0.137249,0.086957,-0.08695652173913043,,38.245709
007_default_lapin-on_$\gamma0.3$,default,1000,0.1,200,2,3,0.267745,0.094321,0.083333,-0.08333333333333333,,39.526078
007_default_lapin-on_$\gamma0.3$,default,1000,0.1,200,2,4,0.165716,0.013288,0.041667,0.041666666666666664,,44.829849
007_default_lapin-on_$\gamma0.3$,default,1000,0.1,200,2,5,0.225806,0.070351,0.12,0.12,,49.196903
007_default_lapin-on_$\gamma0.3$,default,1000,0.1,200,2,6,0.184919,0.057887,0.04,-0.04,,43.428641
007_default_lapin-on_$\gamma0.3$,default,1000,0.1,200,2,7,0.161856,0.025085,0.115385,-0.11538461538461539,,40.745892
007_default_lapin-on_$\gamma0.3$,default,1000,0.1,200,2,8,0.263586,0.121189,0.0,0.0,,42.688989
007_default_lapin-on_$\gamma0.3$,default,1000,0.1,200,2,9,0.200908,0.069693,0.192308,-0.19230769230769232,,38.196955
007_default_lapin-on_$\gamma0.3$,default,1000,0.1,200,2,10,0.239187,0.067853,0.0,0.0,,37.827426
008_default_lapin-on_$\gamma0.5$,default,1000,0.1,200,2,1,0.286988,0.178204,0.0,0.0,,48.046446
008_default_lapin-on_$\gamma0.5$,default,1000,0.1,200,2,2,0.47823,0.469242,0.086957,-0.08695652173913043,,38.245709
008_default_lapin-on_$\gamma0.5$,default,1000,0.1,200,2,3,0.390786,0.281684,0.083333,-0.08333333333333333,,39.526078
008_default_lapin-on_$\gamma0.5$,default,1000,0.1,200,2,4,0.285496,0.158934,0.041667,0.041666666666666664,,44.829849
008_default_lapin-on_$\gamma0.5$,default,1000,0.1,200,2,5,0.398432,0.317249,0.12,0.12,,49.196903
008_default_lapin-on_$\gamma0.5$,default,1000,0.1,200,2,6,0.32056,0.215332,0.04,-0.04,,43.428641
008_default_lapin-on_$\gamma0.5$,default,1000,0.1,200,2,7,0.314085,0.239658,0.115385,-0.11538461538461539,,40.745892
008_default_lapin-on_$\gamma0.5$,default,1000,0.1,200,2,8,0.427575,0.351529,0.0,0.0,,42.688989
008_default_lapin-on_$\gamma0.5$,default,1000,0.1,200,2,9,0.327421,0.291316,0.192308,-0.19230769230769232,,38.196955
008_default_lapin-on_$\gamma0.5$,default,1000,0.1,200,2,10,0.388126,0.348643,0.0,0.0,,37.827426
009_default_lapin-on_$\gamma0.6$,default,1000,0.1,200,2,1,0.357892,0.284372,0.0,0.0,,48.046446
009_default_lapin-on_$\gamma0.6$,default,1000,0.1,200,2,2,0.538008,0.537212,0.086957,-0.08695652173913043,,38.245709
009_default_lapin-on_$\gamma0.6$,default,1000,0.1,200,2,3,0.461189,0.382174,0.083333,-0.08333333333333333,,39.526078
009_default_lapin-on_$\gamma0.6$,default,1000,0.1,200,2,4,0.35013,0.25403,0.041667,0.041666666666666664,,44.829849
009_default_lapin-on_$\gamma0.6$,default,1000,0.1,200,2,5,0.495885,0.467136,0.12,0.12,,49.196903
009_default_lapin-on_$\gamma0.6$,default,1000,0.1,200,2,6,0.404829,0.316706,0.04,-0.04,,43.428641
009_default_lapin-on_$\gamma0.6$,default,1000,0.1,200,2,7,0.372004,0.319672,0.115385,-0.11538461538461539,,40.745892
009_default_lapin-on_$\gamma0.6$,default,1000,0.1,200,2,8,0.455321,0.416218,0.0,0.0,,42.688989
009_default_lapin-on_$\gamma0.6$,default,1000,0.1,200,2,9,0.435966,0.417878,0.192308,-0.19230769230769232,,38.196955
009_default_lapin-on_$\gamma0.6$,default,1000,0.1,200,2,10,0.453667,0.451785,0.0,0.0,,37.827426
010_default_lapin-on_$\gamma0.7$,default,1000,0.1,200,2,1,0.431819,0.371892,0.0,0.0,,48.046446
010_default_lapin-on_$\gamma0.7$,default,1000,0.1,200,2,2,0.591701,0.601136,0.086957,-0.08695652173913043,,38.245709
010_default_lapin-on_$\gamma0.7$,default,1000,0.1,200,2,3,0.521161,0.502171,0.083333,-0.08333333333333333,,39.526078
010_default_lapin-on_$\gamma0.7$,default,1000,0.1,200,2,4,0.425288,0.366673,0.041667,0.041666666666666664,,44.829849
010_default_lapin-on_$\gamma0.7$,default,1000,0.1,200,2,5,0.552463,0.538397,0.12,0.12,,49.196903
010_default_lapin-on_$\gamma0.7$,default,1000,0.1,200,2,6,0.493659,0.418004,0.04,-0.04,,43.428641
010_default_lapin-on_$\gamma0.7$,default,1000,0.1,200,2,7,0.436956,0.419343,0.115385,-0.11538461538461539,,40.745892
010_default_lapin-on_$\gamma0.7$,default,1000,0.1,200,2,8,0.513594,0.50207,0.0,0.0,,42.688989
010_default_lapin-on_$\gamma0.7$,default,1000,0.1,200,2,9,0.553618,0.546216,0.192308,-0.19230769230769232,,38.196955
010_default_lapin-on_$\gamma0.7$,default,1000,0.1,200,2,10,0.512459,0.525187,0.0,0.0,,37.827426
011_default_lapin-on_$\gamma0.8$,default,1000,0.1,200,2,1,0.475542,0.466227,0.0,0.0,,48.046446
011_default_lapin-on_$\gamma0.8$,default,1000,0.1,200,2,2,0.624413,0.629044,0.086957,-0.08695652173913043,,38.245709
011_default_lapin-on_$\gamma0.8$,default,1000,0.1,200,2,3,0.599441,0.607872,0.083333,-0.08333333333333333,,39.526078
011_default_lapin-on_$\gamma0.8$,default,1000,0.1,200,2,4,0.505557,0.504368,0.041667,0.041666666666666664,,44.829849
011_default_lapin-on_$\gamma0.8$,default,1000,0.1,200,2,5,0.611781,0.610962,0.12,0.12,,49.196903
011_default_lapin-on_$\gamma0.8$,default,1000,0.1,200,2,6,0.572378,0.488992,0.04,-0.04,,43.428641
011_default_lapin-on_$\gamma0.8$,default,1000,0.1,200,2,7,0.488039,0.484997,0.115385,-0.11538461538461539,,40.745892
011_default_lapin-on_$\gamma0.8$,default,1000,0.1,200,2,8,0.570339,0.56425,0.0,0.0,,42.688989
011_default_lapin-on_$\gamma0.8$,default,1000,0.1,200,2,9,0.593222,0.573388,0.192308,-0.19230769230769232,,38.196955
011_default_lapin-on_$\gamma0.8$,default,1000,0.1,200,2,10,0.549204,0.55886,0.0,0.0,,37.827426
012_default_lapin-on_$\gamma0.9$,default,1000,0.1,200,2,1,0.538923,0.573054,0.0,0.0,,48.046446
012_default_lapin-on_$\gamma0.9$,default,1000,0.1,200,2,2,0.634676,0.678396,0.086957,-0.08695652173913043,,38.245709
012_default_lapin-on_$\gamma0.9$,default,1000,0.1,200,2,3,0.617698,0.67048,0.083333,-0.08333333333333333,,39.526078
012_default_lapin-on_$\gamma0.9$,default,1000,0.1,200,2,4,0.566314,0.600569,0.041667,0.041666666666666664,,44.829849
012_default_lapin-on_$\gamma0.9$,default,1000,0.1,200,2,5,0.652097,0.652205,0.12,0.12,,49.196903
012_default_lapin-on_$\gamma0.9$,default,1000,0.1,200,2,6,0.615178,0.564677,0.04,-0.04,,43.428641
012_default_lapin-on_$\gamma0.9$,default,1000,0.1,200,2,7,0.56738,0.592973,0.115385,-0.11538461538461539,,40.745892
012_default_lapin-on_$\gamma0.9$,default,1000,0.1,200,2,8,0.60238,0.618924,0.0,0.0,,42.688989
012_default_lapin-on_$\gamma0.9$,default,1000,0.1,200,2,9,0.593974,0.632354,0.192308,-0.19230769230769232,,38.196955
012_default_lapin-on_$\gamma0.9$,default,1000,0.1,200,2,10,0.600619,0.614989,0.0,0.0,,37.827426
001_default_lapin-off_$\gamma0.3$,default,1000,0.2,200,2,1,0.441833,0.331793,0.090909,0.09090909090909091,,39.64196
001_default_lapin-off_$\gamma0.3$,default,1000,0.2,200,2,2,0.333367,0.24615,0.0,0.0,,45.898625
001_default_lapin-off_$\gamma0.3$,default,1000,0.2,200,2,3,0.359758,0.254394,0.076923,0.07692307692307693,,46.206603
001_default_lapin-off_$\gamma0.3$,default,1000,0.2,200,2,4,0.525121,0.486119,0.095238,0.09523809523809523,,38.537577
001_default_lapin-off_$\gamma0.3$,default,1000,0.2,200,2,5,0.512402,0.444609,0.08,0.08,,44.045584
001_default_lapin-off_$\gamma0.3$,default,1000,0.2,200,2,6,0.557897,0.400411,0.08,0.08,,44.921758
001_default_lapin-off_$\gamma0.3$,default,1000,0.2,200,2,7,0.659982,0.613167,0.04,0.04,,44.120248
001_default_lapin-off_$\gamma0.3$,default,1000,0.2,200,2,8,0.460064,0.350788,0.16,0.16,,48.981136
001_default_lapin-off_$\gamma0.3$,default,1000,0.2,200,2,9,0.397974,0.236505,0.125,0.125,,44.233338
001_default_lapin-off_$\gamma0.3$,default,1000,0.2,200,2,10,0.398441,0.283999,0.173913,0.17391304347826086,,44.461949
002_default_lapin-off_$\gamma0.5$,default,1000,0.2,200,2,1,0.639867,0.588761,0.090909,0.09090909090909091,,39.64196
002_default_lapin-off_$\gamma0.5$,default,1000,0.2,200,2,2,0.553559,0.536335,0.0,0.0,,45.898625
002_default_lapin-off_$\gamma0.5$,default,1000,0.2,200,2,3,0.538107,0.495435,0.076923,0.07692307692307693,,46.206603
002_default_lapin-off_$\gamma0.5$,default,1000,0.2,200,2,4,0.633457,0.637527,0.095238,0.09523809523809523,,38.537577
002_default_lapin-off_$\gamma0.5$,default,1000,0.2,200,2,5,0.74549,0.711886,0.08,0.08,,44.045584
002_default_lapin-off_$\gamma0.5$,default,1000,0.2,200,2,6,0.79848,0.759601,0.08,0.08,,44.921758
002_default_lapin-off_$\gamma0.5$,default,1000,0.2,200,2,7,0.815631,0.759803,0.04,0.04,,44.120248
002_default_lapin-off_$\gamma0.5$,default,1000,0.2,200,2,8,0.638597,0.586689,0.16,0.16,,48.981136
002_default_lapin-off_$\gamma0.5$,default,1000,0.2,200,2,9,0.617537,0.531486,0.125,0.125,,44.233338
002_default_lapin-off_$\gamma0.5$,default,1000,0.2,200,2,10,0.572892,0.545948,0.173913,0.17391304347826086,,44.461949
003_default_lapin-off_$\gamma0.6$,default,1000,0.2,200,2,1,0.744263,0.732,0.090909,0.09090909090909091,,39.64196
003_default_lapin-off_$\gamma0.6$,default,1000,0.2,200,2,2,0.617935,0.607039,0.0,0.0,,45.898625
003_default_lapin-off_$\gamma0.6$,default,1000,0.2,200,2,3,0.618454,0.601768,0.076923,0.07692307692307693,,46.206603
003_default_lapin-off_$\gamma0.6$,default,1000,0.2,200,2,4,0.666225,0.672622,0.095238,0.09523809523809523,,38.537577
003_default_lapin-off_$\gamma0.6$,default,1000,0.2,200,2,5,0.819676,0.800355,0.08,0.08,,44.045584
003_default_lapin-off_$\gamma0.6$,default,1000,0.2,200,2,6,0.862216,0.865928,0.08,0.08,,44.921758
003_default_lapin-off_$\gamma0.6$,default,1000,0.2,200,2,7,0.830516,0.766888,0.04,0.04,,44.120248
003_default_lapin-off_$\gamma0.6$,default,1000,0.2,200,2,8,0.724335,0.699363,0.16,0.16,,48.981136
003_default_lapin-off_$\gamma0.6$,default,1000,0.2,200,2,9,0.703253,0.638679,0.125,0.125,,44.233338
003_default_lapin-off_$\gamma0.6$,default,1000,0.2,200,2,10,0.661243,0.619613,0.173913,0.17391304347826086,,44.461949
004_default_lapin-off_$\gamma0.7$,default,1000,0.2,200,2,1,0.822381,0.80149,0.090909,0.09090909090909091,,39.64196
004_default_lapin-off_$\gamma0.7$,default,1000,0.2,200,2,2,0.693182,0.68969,0.0,0.0,,45.898625
004_default_lapin-off_$\gamma0.7$,default,1000,0.2,200,2,3,0.665582,0.643552,0.076923,0.07692307692307693,,46.206603
004_default_lapin-off_$\gamma0.7$,default,1000,0.2,200,2,4,0.722175,0.725729,0.095238,0.09523809523809523,,38.537577
004_default_lapin-off_$\gamma0.7$,default,1000,0.2,200,2,5,0.844188,0.804319,0.08,0.08,,44.045584
004_default_lapin-off_$\gamma0.7$,default,1000,0.2,200,2,6,0.875384,0.865387,0.08,0.08,,44.921758
004_default_lapin-off_$\gamma0.7$,default,1000,0.2,200,2,7,0.847883,0.790806,0.04,0.04,,44.120248
004_default_lapin-off_$\gamma0.7$,default,1000,0.2,200,2,8,0.779369,0.751856,0.16,0.16,,48.981136
004_default_lapin-off_$\gamma0.7$,default,1000,0.2,200,2,9,0.741092,0.667031,0.125,0.125,,44.233338
004_default_lapin-off_$\gamma0.7$,default,1000,0.2,200,2,10,0.753352,0.726405,0.173913,0.17391304347826086,,44.461949
005_default_lapin-off_$\gamma0.8$,default,1000,0.2,200,2,1,0.822442,0.794894,0.090909,0.09090909090909091,,39.64196
005_default_lapin-off_$\gamma0.8$,default,1000,0.2,200,2,2,0.734065,0.726288,0.0,0.0,,45.898625
005_default_lapin-off_$\gamma0.8$,default,1000,0.2,200,2,3,0.720324,0.708012,0.076923,0.07692307692307693,,46.206603
005_default_lapin-off_$\gamma0.8$,default,1000,0.2,200,2,4,0.787589,0.78282,0.095238,0.09523809523809523,,38.537577
005_default_lapin-off_$\gamma0.8$,default,1000,0.2,200,2,5,0.825082,0.7909,0.08,0.08,,44.045584
005_default_lapin-off_$\gamma0.8$,default,1000,0.2,200,2,6,0.861591,0.837677,0.08,0.08,,44.921758
005_default_lapin-off_$\gamma0.8$,default,1000,0.2,200,2,7,0.830414,0.796576,0.04,0.04,,44.120248
005_default_lapin-off_$\gamma0.8$,default,1000,0.2,200,2,8,0.809885,0.787302,0.16,0.16,,48.981136
005_default_lapin-off_$\gamma0.8$,default,1000,0.2,200,2,9,0.766811,0.704184,0.125,0.125,,44.233338
005_default_lapin-off_$\gamma0.8$,default,1000,0.2,200,2,10,0.788351,0.752302,0.173913,0.17391304347826086,,44.461949
006_default_lapin-off_$\gamma0.9$,default,1000,0.2,200,2,1,0.798539,0.780809,0.090909,0.09090909090909091,,39.64196
006_default_lapin-off_$\gamma0.9$,default,1000,0.2,200,2,2,0.716965,0.742092,0.0,0.0,,45.898625
006_default_lapin-off_$\gamma0.9$,default,1000,0.2,200,2,3,0.723978,0.744598,0.076923,0.07692307692307693,,46.206603
006_default_lapin-off_$\gamma0.9$,default,1000,0.2,200,2,4,0.769059,0.792931,0.095238,0.09523809523809523,,38.537577
006_default_lapin-off_$\gamma0.9$,default,1000,0.2,200,2,5,0.795174,0.78487,0.08,0.08,,44.045584
006_default_lapin-off_$\gamma0.9$,default,1000,0.2,200,2,6,0.809356,0.806394,0.08,0.08,,44.921758
006_default_lapin-off_$\gamma0.9$,default,1000,0.2,200,2,7,0.790248,0.778703,0.04,0.04,,44.120248
006_default_lapin-off_$\gamma0.9$,default,1000,0.2,200,2,8,0.79901,0.787709,0.16,0.16,,48.981136
006_default_lapin-off_$\gamma0.9$,default,1000,0.2,200,2,9,0.779863,0.736706,0.125,0.125,,44.233338
006_default_lapin-off_$\gamma0.9$,default,1000,0.2,200,2,10,0.777868,0.764687,0.130435,0.13043478260869565,,44.461949
007_default_lapin-on_$\gamma0.3$,default,1000,0.2,200,2,1,0.327679,0.243413,0.136364,-0.13636363636363635,,34.95112
007_default_lapin-on_$\gamma0.3$,default,1000,0.2,200,2,2,0.13952,0.028927,0.321429,-0.32142857142857145,,33.942825
007_default_lapin-on_$\gamma0.3$,default,1000,0.2,200,2,3,0.203053,0.050331,0.0,0.0,,46.77573
007_default_lapin-on_$\gamma0.3$,default,1000,0.2,200,2,4,0.26085,0.106564,0.047619,-0.047619047619047616,,36.287996
007_default_lapin-on_$\gamma0.3$,default,1000,0.2,200,2,5,0.231625,0.095092,0.04,-0.04,,43.394744
007_default_lapin-on_$\gamma0.3$,default,1000,0.2,200,2,6,0.173481,0.034978,0.04,-0.04,,43.28463
007_default_lapin-on_$\gamma0.3$,default,1000,0.2,200,2,7,0.195051,0.049826,0.16,-0.16,,37.72006
007_default_lapin-on_$\gamma0.3$,default,1000,0.2,200,2,8,0.188594,0.048712,0.12,-0.12,,39.337299
007_default_lapin-on_$\gamma0.3$,default,1000,0.2,200,2,9,0.227667,0.108426,0.083333,-0.08333333333333333,,39.464365
007_default_lapin-on_$\gamma0.3$,default,1000,0.2,200,2,10,0.201979,0.067062,0.086957,-0.08695652173913043,,37.955731
008_default_lapin-on_$\gamma0.5$,default,1000,0.2,200,2,1,0.534549,0.548928,0.136364,-0.13636363636363635,,34.95112
008_default_lapin-on_$\gamma0.5$,default,1000,0.2,200,2,2,0.219268,0.19501,0.321429,-0.32142857142857145,,33.942825
008_default_lapin-on_$\gamma0.5$,default,1000,0.2,200,2,3,0.412339,0.317328,0.0,0.0,,46.77573
008_default_lapin-on_$\gamma0.5$,default,1000,0.2,200,2,4,0.435921,0.367981,0.047619,-0.047619047619047616,,36.287996
008_default_lapin-on_$\gamma0.5$,default,1000,0.2,200,2,5,0.385613,0.370256,0.04,-0.04,,43.394744
008_default_lapin-on_$\gamma0.5$,default,1000,0.2,200,2,6,0.313983,0.21527,0.04,-0.04,,43.28463
008_default_lapin-on_$\gamma0.5$,default,1000,0.2,200,2,7,0.316642,0.218366,0.16,-0.16,,37.72006
008_default_lapin-on_$\gamma0.5$,default,1000,0.2,200,2,8,0.310599,0.223707,0.12,-0.12,,39.337299
008_default_lapin-on_$\gamma0.5$,default,1000,0.2,200,2,9,0.422747,0.331405,0.083333,-0.08333333333333333,,39.464365
008_default_lapin-on_$\gamma0.5$,default,1000,0.2,200,2,10,0.335951,0.269713,0.086957,-0.08695652173913043,,37.955731
009_default_lapin-on_$\gamma0.6$,default,1000,0.2,200,2,1,0.59812,0.625503,0.136364,-0.13636363636363635,,34.95112
009_default_lapin-on_$\gamma0.6$,default,1000,0.2,200,2,2,0.285142,0.280716,0.321429,-0.32142857142857145,,33.942825
009_default_lapin-on_$\gamma0.6$,default,1000,0.2,200,2,3,0.519928,0.489924,0.0,0.0,,46.77573
009_default_lapin-on_$\gamma0.6$,default,1000,0.2,200,2,4,0.533431,0.511018,0.047619,-0.047619047619047616,,36.287996
009_default_lapin-on_$\gamma0.6$,default,1000,0.2,200,2,5,0.482513,0.528208,0.04,-0.04,,43.394744
009_default_lapin-on_$\gamma0.6$,default,1000,0.2,200,2,6,0.419714,0.354298,0.04,-0.04,,43.28463
009_default_lapin-on_$\gamma0.6$,default,1000,0.2,200,2,7,0.39417,0.318208,0.16,-0.16,,37.72006
009_default_lapin-on_$\gamma0.6$,default,1000,0.2,200,2,8,0.392074,0.334351,0.12,-0.12,,39.337299
009_default_lapin-on_$\gamma0.6$,default,1000,0.2,200,2,9,0.516266,0.444596,0.083333,-0.08333333333333333,,39.464365
009_default_lapin-on_$\gamma0.6$,default,1000,0.2,200,2,10,0.40096,0.367683,0.086957,-0.08695652173913043,,37.955731
010_default_lapin-on_$\gamma0.7$,default,1000,0.2,200,2,1,0.650316,0.666929,0.136364,-0.13636363636363635,,34.95112
010_default_lapin-on_$\gamma0.7$,default,1000,0.2,200,2,2,0.313403,0.360425,0.321429,-0.32142857142857145,,33.942825
010_default_lapin-on_$\gamma0.7$,default,1000,0.2,200,2,3,0.612448,0.613751,0.0,0.0,,46.77573
010_default_lapin-on_$\gamma0.7$,default,1000,0.2,200,2,4,0.639204,0.66176,0.047619,-0.047619047619047616,,36.287996
010_default_lapin-on_$\gamma0.7$,default,1000,0.2,200,2,5,0.573563,0.628861,0.04,-0.04,,43.394744
010_default_lapin-on_$\gamma0.7$,default,1000,0.2,200,2,6,0.463476,0.490069,0.04,-0.04,,43.28463
010_default_lapin-on_$\gamma0.7$,default,1000,0.2,200,2,7,0.464766,0.415837,0.16,-0.16,,37.72006
010_default_lapin-on_$\gamma0.7$,default,1000,0.2,200,2,8,0.449618,0.4348,0.12,-0.12,,39.337299
010_default_lapin-on_$\gamma0.7$,default,1000,0.2,200,2,9,0.602915,0.582063,0.083333,-0.08333333333333333,,39.464365
010_default_lapin-on_$\gamma0.7$,default,1000,0.2,200,2,10,0.48003,0.458651,0.086957,-0.08695652173913043,,37.955731
011_default_lapin-on_$\gamma0.8$,default,1000,0.2,200,2,1,0.646922,0.694499,0.136364,-0.13636363636363635,,34.95112
011_default_lapin-on_$\gamma0.8$,default,1000,0.2,200,2,2,0.387548,0.445484,0.321429,-0.32142857142857145,,33.942825
011_default_lapin-on_$\gamma0.8$,default,1000,0.2,200,2,3,0.689177,0.683267,0.0,0.0,,46.77573
011_default_lapin-on_$\gamma0.8$,default,1000,0.2,200,2,4,0.694953,0.729482,0.047619,-0.047619047619047616,,36.287996
011_default_lapin-on_$\gamma0.8$,default,1000,0.2,200,2,5,0.647191,0.679443,0.04,-0.04,,43.394744
011_default_lapin-on_$\gamma0.8$,default,1000,0.2,200,2,6,0.519525,0.57775,0.04,-0.04,,43.28463
011_default_lapin-on_$\gamma0.8$,default,1000,0.2,200,2,7,0.520887,0.525744,0.16,-0.16,,37.72006
011_default_lapin-on_$\gamma0.8$,default,1000,0.2,200,2,8,0.506348,0.519666,0.12,-0.12,,39.337299
011_default_lapin-on_$\gamma0.8$,default,1000,0.2,200,2,9,0.638833,0.642303,0.083333,-0.08333333333333333,,39.464365
011_default_lapin-on_$\gamma0.8$,default,1000,0.2,200,2,10,0.540779,0.531316,0.086957,-0.08695652173913043,,37.955731
012_default_lapin-on_$\gamma0.9$,default,1000,0.2,200,2,1,0.635341,0.711849,0.136364,-0.13636363636363635,,34.95112
012_default_lapin-on_$\gamma0.9$,default,1000,0.2,200,2,2,0.392824,0.491257,0.321429,-0.32142857142857145,,33.942825
012_default_lapin-on_$\gamma0.9$,default,1000,0.2,200,2,3,0.671426,0.714085,0.0,0.0,,46.77573
012_default_lapin-on_$\gamma0.9$,default,1000,0.2,200,2,4,0.687708,0.752715,0.047619,-0.047619047619047616,,36.287996
012_default_lapin-on_$\gamma0.9$,default,1000,0.2,200,2,5,0.653118,0.696996,0.04,-0.04,,43.394744
012_default_lapin-on_$\gamma0.9$,default,1000,0.2,200,2,6,0.534268,0.627049,0.04,-0.04,,43.28463
012_default_lapin-on_$\gamma0.9$,default,1000,0.2,200,2,7,0.534557,0.595407,0.16,-0.16,,37.72006
012_default_lapin-on_$\gamma0.9$,default,1000,0.2,200,2,8,0.531488,0.592206,0.12,-0.12,,39.337299
012_default_lapin-on_$\gamma0.9$,default,1000,0.2,200,2,9,0.646532,0.663385,0.083333,-0.08333333333333333,,39.464365
012_default_lapin-on_$\gamma0.9$,default,1000,0.2,200,2,10,0.550234,0.596201,0.086957,-0.08695652173913043,,37.955731
001_default_lapin-off_$\gamma0.3$,default,1000,0.3,200,2,1,0.327866,0.251612,0.045455,-0.045454545454545456,,35.009022
001_default_lapin-off_$\gamma0.3$,default,1000,0.3,200,2,2,0.273027,0.168624,0.043478,0.043478260869565216,,39.965694
001_default_lapin-off_$\gamma0.3$,default,1000,0.3,200,2,3,0.421768,0.363459,0.043478,0.043478260869565216,,40.190349
001_default_lapin-off_$\gamma0.3$,default,1000,0.3,200,2,4,0.326413,0.263729,0.043478,-0.043478260869565216,,37.222041
001_default_lapin-off_$\gamma0.3$,default,1000,0.3,200,2,5,0.324588,0.23872,0.0,0.0,,37.9985
001_default_lapin-off_$\gamma0.3$,default,1000,0.3,200,2,6,0.245235,0.114616,0.043478,-0.043478260869565216,,37.203553
001_default_lapin-off_$\gamma0.3$,default,1000,0.3,200,2,7,0.311292,0.159354,0.0,0.0,,40.164898
001_default_lapin-off_$\gamma0.3$,default,1000,0.3,200,2,8,0.291802,0.154033,0.035714,0.03571428571428571,,47.511709
001_default_lapin-off_$\gamma0.3$,default,1000,0.3,200,2,9,0.22952,0.128637,0.086957,0.08695652173913043,,41.82208
001_default_lapin-off_$\gamma0.3$,default,1000,0.3,200,2,10,0.4485,0.335752,0.107143,0.10714285714285714,,50.323263
002_default_lapin-off_$\gamma0.5$,default,1000,0.3,200,2,1,0.566334,0.580021,0.045455,-0.045454545454545456,,35.009022
002_default_lapin-off_$\gamma0.5$,default,1000,0.3,200,2,2,0.471275,0.436463,0.043478,0.043478260869565216,,39.965694
002_default_lapin-off_$\gamma0.5$,default,1000,0.3,200,2,3,0.713269,0.737295,0.043478,0.043478260869565216,,40.190349
002_default_lapin-off_$\gamma0.5$,default,1000,0.3,200,2,4,0.575287,0.61259,0.043478,-0.043478260869565216,,37.222041
002_default_lapin-off_$\gamma0.5$,default,1000,0.3,200,2,5,0.546742,0.526457,0.0,0.0,,37.9985
002_default_lapin-off_$\gamma0.5$,default,1000,0.3,200,2,6,0.461307,0.391231,0.043478,-0.043478260869565216,,37.203553
002_default_lapin-off_$\gamma0.5$,default,1000,0.3,200,2,7,0.497323,0.434942,0.0,0.0,,40.164898
002_default_lapin-off_$\gamma0.5$,default,1000,0.3,200,2,8,0.510051,0.452371,0.035714,0.03571428571428571,,47.511709
002_default_lapin-off_$\gamma0.5$,default,1000,0.3,200,2,9,0.446297,0.413524,0.086957,0.08695652173913043,,41.82208
002_default_lapin-off_$\gamma0.5$,default,1000,0.3,200,2,10,0.664373,0.595036,0.107143,0.10714285714285714,,50.323263
003_default_lapin-off_$\gamma0.6$,default,1000,0.3,200,2,1,0.647439,0.676757,0.045455,-0.045454545454545456,,35.009022
003_default_lapin-off_$\gamma0.6$,default,1000,0.3,200,2,2,0.567898,0.541083,0.043478,0.043478260869565216,,39.965694
003_default_lapin-off_$\gamma0.6$,default,1000,0.3,200,2,3,0.779712,0.788404,0.043478,0.043478260869565216,,40.190349
003_default_lapin-off_$\gamma0.6$,default,1000,0.3,200,2,4,0.684947,0.719232,0.043478,-0.043478260869565216,,37.222041
003_default_lapin-off_$\gamma0.6$,default,1000,0.3,200,2,5,0.61638,0.605747,0.0,0.0,,37.9985
003_default_lapin-off_$\gamma0.6$,default,1000,0.3,200,2,6,0.549783,0.536121,0.043478,-0.043478260869565216,,37.203553
003_default_lapin-off_$\gamma0.6$,default,1000,0.3,200,2,7,0.548187,0.507826,0.0,0.0,,40.164898
003_default_lapin-off_$\gamma0.6$,default,1000,0.3,200,2,8,0.617933,0.601401,0.035714,0.03571428571428571,,47.511709
003_default_lapin-off_$\gamma0.6$,default,1000,0.3,200,2,9,0.556985,0.554442,0.086957,0.08695652173913043,,41.82208
003_default_lapin-off_$\gamma0.6$,default,1000,0.3,200,2,10,0.719472,0.663419,0.107143,0.10714285714285714,,50.323263
004_default_lapin-off_$\gamma0.7$,default,1000,0.3,200,2,1,0.700124,0.710909,0.045455,-0.045454545454545456,,35.009022
004_default_lapin-off_$\gamma0.7$,default,1000,0.3,200,2,2,0.618292,0.579267,0.043478,0.043478260869565216,,39.965694
004_default_lapin-off_$\gamma0.7$,default,1000,0.3,200,2,3,0.827198,0.81507,0.043478,0.043478260869565216,,40.190349
004_default_lapin-off_$\gamma0.7$,default,1000,0.3,200,2,4,0.74723,0.761601,0.043478,-0.043478260869565216,,37.222041
004_default_lapin-off_$\gamma0.7$,default,1000,0.3,200,2,5,0.69271,0.677609,0.0,0.0,,37.9985
004_default_lapin-off_$\gamma0.7$,default,1000,0.3,200,2,6,0.625729,0.630902,0.043478,-0.043478260869565216,,37.203553
004_default_lapin-off_$\gamma0.7$,default,1000,0.3,200,2,7,0.581279,0.563011,0.0,0.0,,40.164898
004_default_lapin-off_$\gamma0.7$,default,1000,0.3,200,2,8,0.7026,0.703331,0.035714,0.03571428571428571,,47.511709
004_default_lapin-off_$\gamma0.7$,default,1000,0.3,200,2,9,0.627956,0.633105,0.086957,0.08695652173913043,,41.82208
004_default_lapin-off_$\gamma0.7$,default,1000,0.3,200,2,10,0.777446,0.730196,0.107143,0.10714285714285714,,50.323263
005_default_lapin-off_$\gamma0.8$,default,1000,0.3,200,2,1,0.691605,0.714258,0.045455,-0.045454545454545456,,35.009022
005_default_lapin-off_$\gamma0.8$,default,1000,0.3,200,2,2,0.651401,0.610485,0.043478,0.043478260869565216,,39.965694
005_default_lapin-off_$\gamma0.8$,default,1000,0.3,200,2,3,0.812716,0.830407,0.043478,0.043478260869565216,,40.190349
005_default_lapin-off_$\gamma0.8$,default,1000,0.3,200,2,4,0.738231,0.763859,0.043478,-0.043478260869565216,,37.222041
005_default_lapin-off_$\gamma0.8$,default,1000,0.3,200,2,5,0.746112,0.738322,0.0,0.0,,37.9985
005_default_lapin-off_$\gamma0.8$,default,1000,0.3,200,2,6,0.683497,0.68576,0.043478,-0.043478260869565216,,37.203553
005_default_lapin-off_$\gamma0.8$,default,1000,0.3,200,2,7,0.619741,0.624992,0.0,0.0,,40.164898
005_default_lapin-off_$\gamma0.8$,default,1000,0.3,200,2,8,0.748187,0.736338,0.035714,0.03571428571428571,,47.511709
005_default_lapin-off_$\gamma0.8$,default,1000,0.3,200,2,9,0.693802,0.697022,0.086957,0.08695652173913043,,41.82208
005_default_lapin-off_$\gamma0.8$,default,1000,0.3,200,2,10,0.811681,0.76789,0.107143,0.10714285714285714,,50.323263
006_default_lapin-off_$\gamma0.9$,default,1000,0.3,200,2,1,0.670378,0.706626,0.045455,-0.045454545454545456,,35.009022
006_default_lapin-off_$\gamma0.9$,default,1000,0.3,200,2,2,0.652044,0.638217,0.043478,0.043478260869565216,,39.965694
006_default_lapin-off_$\gamma0.9$,default,1000,0.3,200,2,3,0.786413,0.802506,0.043478,0.043478260869565216,,40.190349
006_default_lapin-off_$\gamma0.9$,default,1000,0.3,200,2,4,0.736842,0.765122,0.043478,-0.043478260869565216,,37.222041
006_default_lapin-off_$\gamma0.9$,default,1000,0.3,200,2,5,0.735213,0.740064,0.0,0.0,,37.9985
006_default_lapin-off_$\gamma0.9$,default,1000,0.3,200,2,6,0.645952,0.709093,0.043478,-0.043478260869565216,,37.203553
006_default_lapin-off_$\gamma0.9$,default,1000,0.3,200,2,7,0.639388,0.664463,0.0,0.0,,40.164898
006_default_lapin-off_$\gamma0.9$,default,1000,0.3,200,2,8,0.739724,0.751161,0.035714,0.03571428571428571,,47.511709
006_default_lapin-off_$\gamma0.9$,default,1000,0.3,200,2,9,0.719304,0.711852,0.086957,0.08695652173913043,,41.82208
006_default_lapin-off_$\gamma0.9$,default,1000,0.3,200,2,10,0.781914,0.782258,0.107143,0.10714285714285714,,50.323263
007_default_lapin-on_$\gamma0.3$,default,1000,0.3,200,2,1,0.161703,0.027772,0.090909,-0.09090909090909091,,35.54885
007_default_lapin-on_$\gamma0.3$,default,1000,0.3,200,2,2,0.219059,0.087134,0.043478,-0.043478260869565216,,39.743726
007_default_lapin-on_$\gamma0.3$,default,1000,0.3,200,2,3,0.170245,0.031837,0.217391,-0.21739130434782608,,32.444358
007_default_lapin-on_$\gamma0.3$,default,1000,0.3,200,2,4,0.202985,0.081569,0.173913,-0.17391304347826086,,35.253154
007_default_lapin-on_$\gamma0.3$,default,1000,0.3,200,2,5,0.189251,0.066937,0.086957,-0.08695652173913043,,37.418982
007_default_lapin-on_$\gamma0.3$,default,1000,0.3,200,2,6,0.162977,0.032285,0.130435,-0.13043478260869565,,36.304286
007_default_lapin-on_$\gamma0.3$,default,1000,0.3,200,2,7,0.196749,0.056559,0.125,-0.125,,38.256081
007_default_lapin-on_$\gamma0.3$,default,1000,0.3,200,2,8,0.18041,0.116786,0.285714,-0.2857142857142857,,36.187486
007_default_lapin-on_$\gamma0.3$,default,1000,0.3,200,2,9,0.183276,0.082657,0.086957,-0.08695652173913043,,37.93661
007_default_lapin-on_$\gamma0.3$,default,1000,0.3,200,2,10,0.13404,0.036359,0.214286,-0.21428571428571427,,39.437575
008_default_lapin-on_$\gamma0.5$,default,1000,0.3,200,2,1,0.255721,0.178754,0.090909,-0.09090909090909091,,35.54885
008_default_lapin-on_$\gamma0.5$,default,1000,0.3,200,2,2,0.356117,0.25564,0.043478,-0.043478260869565216,,39.743726
008_default_lapin-on_$\gamma0.5$,default,1000,0.3,200,2,3,0.259949,0.165249,0.217391,-0.21739130434782608,,32.444358
008_default_lapin-on_$\gamma0.5$,default,1000,0.3,200,2,4,0.355597,0.285942,0.173913,-0.17391304347826086,,35.253154
008_default_lapin-on_$\gamma0.5$,default,1000,0.3,200,2,5,0.353445,0.382202,0.086957,-0.08695652173913043,,37.418982
008_default_lapin-on_$\gamma0.5$,default,1000,0.3,200,2,6,0.31089,0.244,0.130435,-0.13043478260869565,,36.304286
008_default_lapin-on_$\gamma0.5$,default,1000,0.3,200,2,7,0.364239,0.345933,0.125,-0.125,,38.256081
008_default_lapin-on_$\gamma0.5$,default,1000,0.3,200,2,8,0.33844,0.321206,0.285714,-0.2857142857142857,,36.187486
008_default_lapin-on_$\gamma0.5$,default,1000,0.3,200,2,9,0.293956,0.240657,0.086957,-0.08695652173913043,,37.93661
008_default_lapin-on_$\gamma0.5$,default,1000,0.3,200,2,10,0.251049,0.189412,0.214286,-0.21428571428571427,,39.437575
009_default_lapin-on_$\gamma0.6$,default,1000,0.3,200,2,1,0.321558,0.286664,0.090909,-0.09090909090909091,,35.54885
009_default_lapin-on_$\gamma0.6$,default,1000,0.3,200,2,2,0.399391,0.359497,0.043478,-0.043478260869565216,,39.743726
009_default_lapin-on_$\gamma0.6$,default,1000,0.3,200,2,3,0.306794,0.270569,0.217391,-0.21739130434782608,,32.444358
009_default_lapin-on_$\gamma0.6$,default,1000,0.3,200,2,4,0.443264,0.372447,0.173913,-0.17391304347826086,,35.253154
009_default_lapin-on_$\gamma0.6$,default,1000,0.3,200,2,5,0.478682,0.524649,0.086957,-0.08695652173913043,,37.418982
009_default_lapin-on_$\gamma0.6$,default,1000,0.3,200,2,6,0.377771,0.367264,0.130435,-0.13043478260869565,,36.304286
009_default_lapin-on_$\gamma0.6$,default,1000,0.3,200,2,7,0.460957,0.483691,0.125,-0.125,,38.256081
009_default_lapin-on_$\gamma0.6$,default,1000,0.3,200,2,8,0.425218,0.418666,0.285714,-0.2857142857142857,,36.187486
009_default_lapin-on_$\gamma0.6$,default,1000,0.3,200,2,9,0.340651,0.319692,0.086957,-0.08695652173913043,,37.93661
009_default_lapin-on_$\gamma0.6$,default,1000,0.3,200,2,10,0.29435,0.274962,0.214286,-0.21428571428571427,,39.437575
010_default_lapin-on_$\gamma0.7$,default,1000,0.3,200,2,1,0.380568,0.376007,0.090909,-0.09090909090909091,,35.54885
010_default_lapin-on_$\gamma0.7$,default,1000,0.3,200,2,2,0.468415,0.481127,0.043478,-0.043478260869565216,,39.743726
010_default_lapin-on_$\gamma0.7$,default,1000,0.3,200,2,3,0.369861,0.375626,0.217391,-0.21739130434782608,,32.444358
010_default_lapin-on_$\gamma0.7$,default,1000,0.3,200,2,4,0.507847,0.450443,0.173913,-0.17391304347826086,,35.253154
010_default_lapin-on_$\gamma0.7$,default,1000,0.3,200,2,5,0.550192,0.588274,0.086957,-0.08695652173913043,,37.418982
010_default_lapin-on_$\gamma0.7$,default,1000,0.3,200,2,6,0.437065,0.477091,0.130435,-0.13043478260869565,,36.304286
010_default_lapin-on_$\gamma0.7$,default,1000,0.3,200,2,7,0.557163,0.602134,0.125,-0.125,,38.256081
010_default_lapin-on_$\gamma0.7$,default,1000,0.3,200,2,8,0.477002,0.487612,0.285714,-0.2857142857142857,,36.187486
010_default_lapin-on_$\gamma0.7$,default,1000,0.3,200,2,9,0.377217,0.397397,0.086957,-0.08695652173913043,,37.93661
010_default_lapin-on_$\gamma0.7$,default,1000,0.3,200,2,10,0.367114,0.364193,0.214286,-0.21428571428571427,,39.437575
011_default_lapin-on_$\gamma0.8$,default,1000,0.3,200,2,1,0.420682,0.4342,0.090909,-0.09090909090909091,,35.54885
011_default_lapin-on_$\gamma0.8$,default,1000,0.3,200,2,2,0.536445,0.569708,0.043478,-0.043478260869565216,,39.743726
011_default_lapin-on_$\gamma0.8$,default,1000,0.3,200,2,3,0.418924,0.46139,0.217391,-0.21739130434782608,,32.444358
011_default_lapin-on_$\gamma0.8$,default,1000,0.3,200,2,4,0.548244,0.52049,0.173913,-0.17391304347826086,,35.253154
011_default_lapin-on_$\gamma0.8$,default,1000,0.3,200,2,5,0.58955,0.614956,0.086957,-0.08695652173913043,,37.418982
011_default_lapin-on_$\gamma0.8$,default,1000,0.3,200,2,6,0.484486,0.554712,0.130435,-0.13043478260869565,,36.304286
011_default_lapin-on_$\gamma0.8$,default,1000,0.3,200,2,7,0.600201,0.635099,0.125,-0.125,,38.256081
011_default_lapin-on_$\gamma0.8$,default,1000,0.3,200,2,8,0.49161,0.542169,0.285714,-0.2857142857142857,,36.187486
011_default_lapin-on_$\gamma0.8$,default,1000,0.3,200,2,9,0.424755,0.477533,0.086957,-0.08695652173913043,,37.93661
011_default_lapin-on_$\gamma0.8$,default,1000,0.3,200,2,10,0.437983,0.454191,0.214286,-0.21428571428571427,,39.437575
012_default_lapin-on_$\gamma0.9$,default,1000,0.3,200,2,1,0.443266,0.487229,0.090909,-0.09090909090909091,,35.54885
012_default_lapin-on_$\gamma0.9$,default,1000,0.3,200,2,2,0.56312,0.61843,0.043478,-0.043478260869565216,,39.743726
012_default_lapin-on_$\gamma0.9$,default,1000,0.3,200,2,3,0.414228,0.507642,0.217391,-0.21739130434782608,,32.444358
012_default_lapin-on_$\gamma0.9$,default,1000,0.3,200,2,4,0.521297,0.583654,0.173913,-0.17391304347826086,,35.253154
012_default_lapin-on_$\gamma0.9$,default,1000,0.3,200,2,5,0.564281,0.634398,0.086957,-0.08695652173913043,,37.418982
012_default_lapin-on_$\gamma0.9$,default,1000,0.3,200,2,6,0.498708,0.603766,0.130435,-0.13043478260869565,,36.304286
012_default_lapin-on_$\gamma0.9$,default,1000,0.3,200,2,7,0.594703,0.649828,0.125,-0.125,,38.256081
012_default_lapin-on_$\gamma0.9$,default,1000,0.3,200,2,8,0.483168,0.574268,0.285714,-0.2857142857142857,,36.187486
012_default_lapin-on_$\gamma0.9$,default,1000,0.3,200,2,9,0.445291,0.518637,0.086957,-0.08695652173913043,,37.93661
012_default_lapin-on_$\gamma0.9$,default,1000,0.3,200,2,10,0.486077,0.530509,0.214286,-0.21428571428571427,,39.437575
001_default_lapin-off_$\gamma0.3$,default,1000,0.4,200,2,1,0.234186,0.152936,0.037037,-0.037037037037037035,,43.492896
001_default_lapin-off_$\gamma0.3$,default,1000,0.4,200,2,2,0.235072,0.128088,0.0,0.0,,38.784357
001_default_lapin-off_$\gamma0.3$,default,1000,0.4,200,2,3,0.337077,0.242615,0.041667,0.041666666666666664,,44.386122
001_default_lapin-off_$\gamma0.3$,default,1000,0.4,200,2,4,0.254439,0.127259,0.0,0.0,,39.33871
001_default_lapin-off_$\gamma0.3$,default,1000,0.4,200,2,5,0.23102,0.116069,0.08,-0.08,,38.222281
001_default_lapin-off_$\gamma0.3$,default,1000,0.4,200,2,6,0.191055,0.077427,0.04,-0.04,,39.562127
001_default_lapin-off_$\gamma0.3$,default,1000,0.4,200,2,7,0.31653,0.204953,0.192308,0.19230769230769232,,53.34484
001_default_lapin-off_$\gamma0.3$,default,1000,0.4,200,2,8,0.265287,0.144752,0.125,0.125,,45.098572
001_default_lapin-off_$\gamma0.3$,default,1000,0.4,200,2,9,0.213291,0.097871,0.076923,0.07692307692307693,,46.968847
001_default_lapin-off_$\gamma0.3$,default,1000,0.4,200,2,10,0.244731,0.118463,0.095238,0.09523809523809523,,39.426451
002_default_lapin-off_$\gamma0.5$,default,1000,0.4,200,2,1,0.450269,0.402874,0.037037,-0.037037037037037035,,43.492896
002_default_lapin-off_$\gamma0.5$,default,1000,0.4,200,2,2,0.424366,0.372316,0.0,0.0,,38.784357
002_default_lapin-off_$\gamma0.5$,default,1000,0.4,200,2,3,0.608032,0.631079,0.041667,0.041666666666666664,,44.386122
002_default_lapin-off_$\gamma0.5$,default,1000,0.4,200,2,4,0.41328,0.359897,0.0,0.0,,39.33871
002_default_lapin-off_$\gamma0.5$,default,1000,0.4,200,2,5,0.381389,0.355723,0.08,-0.08,,38.222281
002_default_lapin-off_$\gamma0.5$,default,1000,0.4,200,2,6,0.316907,0.220343,0.04,-0.04,,39.562127
002_default_lapin-off_$\gamma0.5$,default,1000,0.4,200,2,7,0.567793,0.517986,0.192308,0.19230769230769232,,53.34484
002_default_lapin-off_$\gamma0.5$,default,1000,0.4,200,2,8,0.435595,0.450513,0.125,0.125,,45.098572
002_default_lapin-off_$\gamma0.5$,default,1000,0.4,200,2,9,0.402286,0.348459,0.076923,0.07692307692307693,,46.968847
002_default_lapin-off_$\gamma0.5$,default,1000,0.4,200,2,10,0.415344,0.34244,0.095238,0.09523809523809523,,39.426451
003_default_lapin-off_$\gamma0.6$,default,1000,0.4,200,2,1,0.538989,0.496633,0.037037,-0.037037037037037035,,43.492896
003_default_lapin-off_$\gamma0.6$,default,1000,0.4,200,2,2,0.487273,0.466368,0.0,0.0,,38.784357
003_default_lapin-off_$\gamma0.6$,default,1000,0.4,200,2,3,0.708124,0.742641,0.041667,0.041666666666666664,,44.386122
003_default_lapin-off_$\gamma0.6$,default,1000,0.4,200,2,4,0.477992,0.451613,0.0,0.0,,39.33871
003_default_lapin-off_$\gamma0.6$,default,1000,0.4,200,2,5,0.469828,0.456684,0.08,-0.08,,38.222281
003_default_lapin-off_$\gamma0.6$,default,1000,0.4,200,2,6,0.388719,0.328533,0.04,-0.04,,39.562127
003_default_lapin-off_$\gamma0.6$,default,1000,0.4,200,2,7,0.635632,0.629676,0.192308,0.19230769230769232,,53.34484
003_default_lapin-off_$\gamma0.6$,default,1000,0.4,200,2,8,0.550513,0.599305,0.125,0.125,,45.098572
003_default_lapin-off_$\gamma0.6$,default,1000,0.4,200,2,9,0.508542,0.507624,0.076923,0.07692307692307693,,46.968847
003_default_lapin-off_$\gamma0.6$,default,1000,0.4,200,2,10,0.477169,0.454285,0.095238,0.09523809523809523,,39.426451
004_default_lapin-off_$\gamma0.7$,default,1000,0.4,200,2,1,0.603562,0.568402,0.037037,-0.037037037037037035,,43.492896
004_default_lapin-off_$\gamma0.7$,default,1000,0.4,200,2,2,0.546329,0.565856,0.0,0.0,,38.784357
004_default_lapin-off_$\gamma0.7$,default,1000,0.4,200,2,3,0.754802,0.777217,0.041667,0.041666666666666664,,44.386122
004_default_lapin-off_$\gamma0.7$,default,1000,0.4,200,2,4,0.526885,0.524613,0.0,0.0,,39.33871
004_default_lapin-off_$\gamma0.7$,default,1000,0.4,200,2,5,0.557872,0.555522,0.08,-0.08,,38.222281
004_default_lapin-off_$\gamma0.7$,default,1000,0.4,200,2,6,0.449996,0.448221,0.04,-0.04,,39.562127
004_default_lapin-off_$\gamma0.7$,default,1000,0.4,200,2,7,0.716431,0.730977,0.192308,0.19230769230769232,,53.34484
004_default_lapin-off_$\gamma0.7$,default,1000,0.4,200,2,8,0.660253,0.704431,0.125,0.125,,45.098572
004_default_lapin-off_$\gamma0.7$,default,1000,0.4,200,2,9,0.591888,0.599058,0.076923,0.07692307692307693,,46.968847
004_default_lapin-off_$\gamma0.7$,default,1000,0.4,200,2,10,0.546227,0.550061,0.095238,0.09523809523809523,,39.426451
005_default_lapin-off_$\gamma0.8$,default,1000,0.4,200,2,1,0.648582,0.610955,0.037037,-0.037037037037037035,,43.492896
005_default_lapin-off_$\gamma0.8$,default,1000,0.4,200,2,2,0.59118,0.617466,0.0,0.0,,38.784357
005_default_lapin-off_$\gamma0.8$,default,1000,0.4,200,2,3,0.768148,0.783782,0.041667,0.041666666666666664,,44.386122
005_default_lapin-off_$\gamma0.8$,default,1000,0.4,200,2,4,0.569602,0.585787,0.0,0.0,,39.33871
005_default_lapin-off_$\gamma0.8$,default,1000,0.4,200,2,5,0.61556,0.611182,0.08,-0.08,,38.222281
005_default_lapin-off_$\gamma0.8$,default,1000,0.4,200,2,6,0.513367,0.530598,0.04,-0.04,,39.562127
005_default_lapin-off_$\gamma0.8$,default,1000,0.4,200,2,7,0.749145,0.759,0.192308,0.19230769230769232,,53.34484
005_default_lapin-off_$\gamma0.8$,default,1000,0.4,200,2,8,0.726317,0.738869,0.125,0.125,,45.098572
005_default_lapin-off_$\gamma0.8$,default,1000,0.4,200,2,9,0.654961,0.644133,0.076923,0.07692307692307693,,46.968847
005_default_lapin-off_$\gamma0.8$,default,1000,0.4,200,2,10,0.592341,0.620482,0.095238,0.09523809523809523,,39.426451
006_default_lapin-off_$\gamma0.9$,default,1000,0.4,200,2,1,0.640671,0.633357,0.037037,-0.037037037037037035,,43.492896
006_default_lapin-off_$\gamma0.9$,default,1000,0.4,200,2,2,0.611741,0.642823,0.0,0.0,,38.784357
006_default_lapin-off_$\gamma0.9$,default,1000,0.4,200,2,3,0.740825,0.769359,0.041667,0.041666666666666664,,44.386122
006_default_lapin-off_$\gamma0.9$,default,1000,0.4,200,2,4,0.578334,0.619255,0.0,0.0,,39.33871
006_default_lapin-off_$\gamma0.9$,default,1000,0.4,200,2,5,0.607225,0.627943,0.08,-0.08,,38.222281
006_default_lapin-off_$\gamma0.9$,default,1000,0.4,200,2,6,0.544959,0.575734,0.04,-0.04,,39.562127
006_default_lapin-off_$\gamma0.9$,default,1000,0.4,200,2,7,0.762548,0.752036,0.192308,0.19230769230769232,,53.34484
006_default_lapin-off_$\gamma0.9$,default,1000,0.4,200,2,8,0.719836,0.722424,0.125,0.125,,45.098572
006_default_lapin-off_$\gamma0.9$,default,1000,0.4,200,2,9,0.684837,0.691045,0.076923,0.07692307692307693,,46.968847
006_default_lapin-off_$\gamma0.9$,default,1000,0.4,200,2,10,0.61785,0.648145,0.095238,0.09523809523809523,,39.426451
007_default_lapin-on_$\gamma0.3$,default,1000,0.4,200,2,1,0.086432,0.027565,0.037037,-0.037037037037037035,,46.418269
007_default_lapin-on_$\gamma0.3$,default,1000,0.4,200,2,2,0.141795,0.037524,0.0,0.0,,41.435169
007_default_lapin-on_$\gamma0.3$,default,1000,0.4,200,2,3,0.148839,0.042155,0.083333,-0.08333333333333333,,39.748463
007_default_lapin-on_$\gamma0.3$,default,1000,0.4,200,2,4,0.090125,0.012257,0.125,-0.125,,36.316225
007_default_lapin-on_$\gamma0.3$,default,1000,0.4,200,2,5,0.108546,0.02416,0.04,-0.04,,42.002973
007_default_lapin-on_$\gamma0.3$,default,1000,0.4,200,2,6,0.082794,0.008621,0.04,-0.04,,41.643418
007_default_lapin-on_$\gamma0.3$,default,1000,0.4,200,2,7,0.085977,0.005611,0.076923,-0.07692307692307693,,43.073877
007_default_lapin-on_$\gamma0.3$,default,1000,0.4,200,2,8,0.135932,0.04769,0.041667,0.041666666666666664,,44.975085
007_default_lapin-on_$\gamma0.3$,default,1000,0.4,200,2,9,0.11793,0.02005,0.153846,-0.15384615384615385,,42.084549
007_default_lapin-on_$\gamma0.3$,default,1000,0.4,200,2,10,0.174583,0.032384,0.095238,0.09523809523809523,,41.381528
008_default_lapin-on_$\gamma0.5$,default,1000,0.4,200,2,1,0.224851,0.189067,0.037037,-0.037037037037037035,,46.418269
008_default_lapin-on_$\gamma0.5$,default,1000,0.4,200,2,2,0.240346,0.207298,0.0,0.0,,41.435169
008_default_lapin-on_$\gamma0.5$,default,1000,0.4,200,2,3,0.260912,0.214796,0.083333,-0.08333333333333333,,39.748463
008_default_lapin-on_$\gamma0.5$,default,1000,0.4,200,2,4,0.117389,0.116937,0.125,-0.125,,36.316225
008_default_lapin-on_$\gamma0.5$,default,1000,0.4,200,2,5,0.201896,0.17606,0.04,-0.04,,42.002973
008_default_lapin-on_$\gamma0.5$,default,1000,0.4,200,2,6,0.164,0.123245,0.04,-0.04,,41.643418
008_default_lapin-on_$\gamma0.5$,default,1000,0.4,200,2,7,0.142214,0.108482,0.076923,-0.07692307692307693,,43.073877
008_default_lapin-on_$\gamma0.5$,default,1000,0.4,200,2,8,0.24071,0.190319,0.041667,0.041666666666666664,,44.975085
008_default_lapin-on_$\gamma0.5$,default,1000,0.4,200,2,9,0.210066,0.15048,0.153846,-0.15384615384615385,,42.084549
008_default_lapin-on_$\gamma0.5$,default,1000,0.4,200,2,10,0.283128,0.223951,0.095238,0.09523809523809523,,41.381528
009_default_lapin-on_$\gamma0.6$,default,1000,0.4,200,2,1,0.30938,0.295121,0.037037,-0.037037037037037035,,46.418269
009_default_lapin-on_$\gamma0.6$,default,1000,0.4,200,2,2,0.316552,0.315974,0.0,0.0,,41.435169
009_default_lapin-on_$\gamma0.6$,default,1000,0.4,200,2,3,0.315472,0.309774,0.083333,-0.08333333333333333,,39.748463
009_default_lapin-on_$\gamma0.6$,default,1000,0.4,200,2,4,0.13497,0.195523,0.125,-0.125,,36.316225
009_default_lapin-on_$\gamma0.6$,default,1000,0.4,200,2,5,0.257226,0.267729,0.04,-0.04,,42.002973
009_default_lapin-on_$\gamma0.6$,default,1000,0.4,200,2,6,0.200094,0.215742,0.04,-0.04,,41.643418
009_default_lapin-on_$\gamma0.6$,default,1000,0.4,200,2,7,0.174378,0.182564,0.076923,-0.07692307692307693,,43.073877
009_default_lapin-on_$\gamma0.6$,default,1000,0.4,200,2,8,0.265307,0.261271,0.041667,0.041666666666666664,,44.975085
009_default_lapin-on_$\gamma0.6$,default,1000,0.4,200,2,9,0.259471,0.252316,0.153846,-0.15384615384615385,,42.084549
009_default_lapin-on_$\gamma0.6$,default,1000,0.4,200,2,10,0.337308,0.333605,0.095238,0.09523809523809523,,41.381528
010_default_lapin-on_$\gamma0.7$,default,1000,0.4,200,2,1,0.38287,0.397128,0.037037,-0.037037037037037035,,46.418269
010_default_lapin-on_$\gamma0.7$,default,1000,0.4,200,2,2,0.365623,0.400939,0.0,0.0,,41.435169
010_default_lapin-on_$\gamma0.7$,default,1000,0.4,200,2,3,0.344234,0.402838,0.083333,-0.08333333333333333,,39.748463
010_default_lapin-on_$\gamma0.7$,default,1000,0.4,200,2,4,0.197579,0.268898,0.125,-0.125,,36.316225
010_default_lapin-on_$\gamma0.7$,default,1000,0.4,200,2,5,0.284132,0.338516,0.04,-0.04,,42.002973
010_default_lapin-on_$\gamma0.7$,default,1000,0.4,200,2,6,0.230952,0.292564,0.04,-0.04,,41.643418
010_default_lapin-on_$\gamma0.7$,default,1000,0.4,200,2,7,0.214765,0.259762,0.076923,-0.07692307692307693,,43.073877
010_default_lapin-on_$\gamma0.7$,default,1000,0.4,200,2,8,0.32984,0.345077,0.041667,0.041666666666666664,,44.975085
010_default_lapin-on_$\gamma0.7$,default,1000,0.4,200,2,9,0.294858,0.353479,0.153846,-0.15384615384615385,,42.084549
010_default_lapin-on_$\gamma0.7$,default,1000,0.4,200,2,10,0.415489,0.457947,0.095238,0.09523809523809523,,41.381528
011_default_lapin-on_$\gamma0.8$,default,1000,0.4,200,2,1,0.452516,0.494877,0.037037,-0.037037037037037035,,46.418269
011_default_lapin-on_$\gamma0.8$,default,1000,0.4,200,2,2,0.417332,0.465032,0.0,0.0,,41.435169
011_default_lapin-on_$\gamma0.8$,default,1000,0.4,200,2,3,0.392839,0.477259,0.083333,-0.08333333333333333,,39.748463
011_default_lapin-on_$\gamma0.8$,default,1000,0.4,200,2,4,0.235109,0.337362,0.125,-0.125,,36.316225
011_default_lapin-on_$\gamma0.8$,default,1000,0.4,200,2,5,0.321742,0.400826,0.04,-0.04,,42.002973
011_default_lapin-on_$\gamma0.8$,default,1000,0.4,200,2,6,0.26123,0.35073,0.04,-0.04,,41.643418
011_default_lapin-on_$\gamma0.8$,default,1000,0.4,200,2,7,0.257739,0.332804,0.076923,-0.07692307692307693,,43.073877
011_default_lapin-on_$\gamma0.8$,default,1000,0.4,200,2,8,0.349346,0.410149,0.041667,0.041666666666666664,,44.975085
011_default_lapin-on_$\gamma0.8$,default,1000,0.4,200,2,9,0.325408,0.438039,0.153846,-0.15384615384615385,,42.084549
011_default_lapin-on_$\gamma0.8$,default,1000,0.4,200,2,10,0.490939,0.55404,0.095238,0.09523809523809523,,41.381528
012_default_lapin-on_$\gamma0.9$,default,1000,0.4,200,2,1,0.47377,0.532904,0.037037,-0.037037037037037035,,46.418269
012_default_lapin-on_$\gamma0.9$,default,1000,0.4,200,2,2,0.432644,0.493006,0.0,0.0,,41.435169
012_default_lapin-on_$\gamma0.9$,default,1000,0.4,200,2,3,0.435531,0.530344,0.083333,-0.08333333333333333,,39.748463
012_default_lapin-on_$\gamma0.9$,default,1000,0.4,200,2,4,0.256537,0.363678,0.125,-0.125,,36.316225
012_default_lapin-on_$\gamma0.9$,default,1000,0.4,200,2,5,0.366386,0.430691,0.04,-0.04,,42.002973
012_default_lapin-on_$\gamma0.9$,default,1000,0.4,200,2,6,0.30942,0.396039,0.04,-0.04,,41.643418
012_default_lapin-on_$\gamma0.9$,default,1000,0.4,200,2,7,0.297705,0.395454,0.076923,-0.07692307692307693,,43.073877
012_default_lapin-on_$\gamma0.9$,default,1000,0.4,200,2,8,0.375893,0.41997,0.041667,0.041666666666666664,,44.975085
012_default_lapin-on_$\gamma0.9$,default,1000,0.4,200,2,9,0.362394,0.476484,0.153846,-0.15384615384615385,,42.084549
012_default_lapin-on_$\gamma0.9$,default,1000,0.4,200,2,10,0.559935,0.616536,0.095238,0.09523809523809523,,41.381528
001_default_lapin-off_$\gamma0.3$,default,1000,0.5,200,2,1,0.184478,0.090206,0.0,0.0,,38.084529
001_default_lapin-off_$\gamma0.3$,default,1000,0.5,200,2,2,0.108281,0.015394,0.035714,0.03571428571428571,,49.041261
001_default_lapin-off_$\gamma0.3$,default,1000,0.5,200,2,3,0.143513,0.08271,0.115385,-0.11538461538461539,,38.117942
001_default_lapin-off_$\gamma0.3$,default,1000,0.5,200,2,4,0.181388,0.100334,0.047619,-0.047619047619047616,,34.516571
001_default_lapin-off_$\gamma0.3$,default,1000,0.5,200,2,5,0.104262,0.027237,0.08,-0.08,,39.362084
001_default_lapin-off_$\gamma0.3$,default,1000,0.5,200,2,6,0.138607,0.04585,0.12,-0.12,,37.594062
001_default_lapin-off_$\gamma0.3$,default,1000,0.5,200,2,7,0.113573,0.030831,0.16,-0.16,,35.116759
001_default_lapin-off_$\gamma0.3$,default,1000,0.5,200,2,8,0.131601,0.046418,0.0,0.0,,41.340235
001_default_lapin-off_$\gamma0.3$,default,1000,0.5,200,2,9,0.151962,0.080033,0.083333,-0.08333333333333333,,36.991316
001_default_lapin-off_$\gamma0.3$,default,1000,0.5,200,2,10,0.123628,0.036681,0.086957,-0.08695652173913043,,36.453517
002_default_lapin-off_$\gamma0.5$,default,1000,0.5,200,2,1,0.358662,0.364209,0.0,0.0,,38.084529
002_default_lapin-off_$\gamma0.5$,default,1000,0.5,200,2,2,0.219279,0.171105,0.035714,0.03571428571428571,,49.041261
002_default_lapin-off_$\gamma0.5$,default,1000,0.5,200,2,3,0.283513,0.317394,0.115385,-0.11538461538461539,,38.117942
002_default_lapin-off_$\gamma0.5$,default,1000,0.5,200,2,4,0.358907,0.348152,0.047619,-0.047619047619047616,,34.516571
002_default_lapin-off_$\gamma0.5$,default,1000,0.5,200,2,5,0.179754,0.177133,0.08,-0.08,,39.362084
002_default_lapin-off_$\gamma0.5$,default,1000,0.5,200,2,6,0.259443,0.219187,0.12,-0.12,,37.594062
002_default_lapin-off_$\gamma0.5$,default,1000,0.5,200,2,7,0.175725,0.183047,0.16,-0.16,,35.116759
002_default_lapin-off_$\gamma0.5$,default,1000,0.5,200,2,8,0.241719,0.226028,0.0,0.0,,41.340235
002_default_lapin-off_$\gamma0.5$,default,1000,0.5,200,2,9,0.321247,0.321398,0.083333,-0.08333333333333333,,36.991316
002_default_lapin-off_$\gamma0.5$,default,1000,0.5,200,2,10,0.205168,0.198798,0.086957,-0.08695652173913043,,36.453517
003_default_lapin-off_$\gamma0.6$,default,1000,0.5,200,2,1,0.44248,0.467657,0.0,0.0,,38.084529
003_default_lapin-off_$\gamma0.6$,default,1000,0.5,200,2,2,0.296542,0.295496,0.035714,0.03571428571428571,,49.041261
003_default_lapin-off_$\gamma0.6$,default,1000,0.5,200,2,3,0.389251,0.419402,0.115385,-0.11538461538461539,,38.117942
003_default_lapin-off_$\gamma0.6$,default,1000,0.5,200,2,4,0.430808,0.466128,0.047619,-0.047619047619047616,,34.516571
003_default_lapin-off_$\gamma0.6$,default,1000,0.5,200,2,5,0.239551,0.268699,0.08,-0.08,,39.362084
003_default_lapin-off_$\gamma0.6$,default,1000,0.5,200,2,6,0.322397,0.325194,0.12,-0.12,,37.594062
003_default_lapin-off_$\gamma0.6$,default,1000,0.5,200,2,7,0.228913,0.287807,0.16,-0.16,,35.116759
003_default_lapin-off_$\gamma0.6$,default,1000,0.5,200,2,8,0.314744,0.334468,0.0,0.0,,41.340235
003_default_lapin-off_$\gamma0.6$,default,1000,0.5,200,2,9,0.411807,0.440081,0.083333,-0.08333333333333333,,36.991316
003_default_lapin-off_$\gamma0.6$,default,1000,0.5,200,2,10,0.25864,0.286858,0.086957,-0.08695652173913043,,36.453517
004_default_lapin-off_$\gamma0.7$,default,1000,0.5,200,2,1,0.51984,0.551166,0.0,0.0,,38.084529
004_default_lapin-off_$\gamma0.7$,default,1000,0.5,200,2,2,0.380794,0.420974,0.035714,0.03571428571428571,,49.041261
004_default_lapin-off_$\gamma0.7$,default,1000,0.5,200,2,3,0.473784,0.520381,0.115385,-0.11538461538461539,,38.117942
004_default_lapin-off_$\gamma0.7$,default,1000,0.5,200,2,4,0.500542,0.565803,0.047619,-0.047619047619047616,,34.516571
004_default_lapin-off_$\gamma0.7$,default,1000,0.5,200,2,5,0.303514,0.360577,0.08,-0.08,,39.362084
004_default_lapin-off_$\gamma0.7$,default,1000,0.5,200,2,6,0.37946,0.420823,0.12,-0.12,,37.594062
004_default_lapin-off_$\gamma0.7$,default,1000,0.5,200,2,7,0.280762,0.36993,0.16,-0.16,,35.116759
004_default_lapin-off_$\gamma0.7$,default,1000,0.5,200,2,8,0.366195,0.429791,0.0,0.0,,41.340235
004_default_lapin-off_$\gamma0.7$,default,1000,0.5,200,2,9,0.472761,0.510969,0.083333,-0.08333333333333333,,36.991316
004_default_lapin-off_$\gamma0.7$,default,1000,0.5,200,2,10,0.321444,0.36297,0.086957,-0.08695652173913043,,36.453517
005_default_lapin-off_$\gamma0.8$,default,1000,0.5,200,2,1,0.573888,0.589382,0.0,0.0,,38.084529
005_default_lapin-off_$\gamma0.8$,default,1000,0.5,200,2,2,0.453583,0.522291,0.035714,0.03571428571428571,,49.041261
005_default_lapin-off_$\gamma0.8$,default,1000,0.5,200,2,3,0.549736,0.581461,0.115385,-0.11538461538461539,,38.117942
005_default_lapin-off_$\gamma0.8$,default,1000,0.5,200,2,4,0.581225,0.630514,0.047619,-0.047619047619047616,,34.516571
005_default_lapin-off_$\gamma0.8$,default,1000,0.5,200,2,5,0.337257,0.440791,0.08,-0.08,,39.362084
005_default_lapin-off_$\gamma0.8$,default,1000,0.5,200,2,6,0.431356,0.488681,0.12,-0.12,,37.594062
005_default_lapin-off_$\gamma0.8$,default,1000,0.5,200,2,7,0.321958,0.419214,0.16,-0.16,,35.116759
005_default_lapin-off_$\gamma0.8$,default,1000,0.5,200,2,8,0.414758,0.492583,0.0,0.0,,41.340235
005_default_lapin-off_$\gamma0.8$,default,1000,0.5,200,2,9,0.539013,0.560566,0.083333,-0.08333333333333333,,36.991316
005_default_lapin-off_$\gamma0.8$,default,1000,0.5,200,2,10,0.366634,0.425317,0.086957,-0.08695652173913043,,36.453517
006_default_lapin-off_$\gamma0.9$,default,1000,0.5,200,2,1,0.592055,0.595219,0.0,0.0,,38.084529
006_default_lapin-off_$\gamma0.9$,default,1000,0.5,200,2,2,0.483918,0.550618,0.035714,0.03571428571428571,,49.041261
006_default_lapin-off_$\gamma0.9$,default,1000,0.5,200,2,3,0.550385,0.599023,0.115385,-0.11538461538461539,,38.117942
006_default_lapin-off_$\gamma0.9$,default,1000,0.5,200,2,4,0.565099,0.637661,0.047619,-0.047619047619047616,,34.516571
006_default_lapin-off_$\gamma0.9$,default,1000,0.5,200,2,5,0.377619,0.458178,0.08,-0.08,,39.362084
006_default_lapin-off_$\gamma0.9$,default,1000,0.5,200,2,6,0.460206,0.514,0.12,-0.12,,37.594062
006_default_lapin-off_$\gamma0.9$,default,1000,0.5,200,2,7,0.352282,0.444605,0.16,-0.16,,35.116759
006_default_lapin-off_$\gamma0.9$,default,1000,0.5,200,2,8,0.455767,0.518155,0.0,0.0,,41.340235
006_default_lapin-off_$\gamma0.9$,default,1000,0.5,200,2,9,0.548887,0.579981,0.083333,-0.08333333333333333,,36.991316
006_default_lapin-off_$\gamma0.9$,default,1000,0.5,200,2,10,0.388528,0.442236,0.086957,-0.08695652173913043,,36.453517
007_default_lapin-on_$\gamma0.3$,default,1000,0.5,200,2,1,0.083539,0.034282,0.0,0.0,,39.895005
007_default_lapin-on_$\gamma0.3$,default,1000,0.5,200,2,2,0.060152,0.005903,0.25,-0.25,,37.89861
007_default_lapin-on_$\gamma0.3$,default,1000,0.5,200,2,3,0.085729,0.019326,0.038462,-0.038461538461538464,,44.817533
007_default_lapin-on_$\gamma0.3$,default,1000,0.5,200,2,4,0.112332,0.035531,0.0,0.0,,37.617323
007_default_lapin-on_$\gamma0.3$,default,1000,0.5,200,2,5,0.093971,0.008021,0.08,0.08,,48.619437
007_default_lapin-on_$\gamma0.3$,default,1000,0.5,200,2,6,0.065208,0.005198,0.04,-0.04,,43.171294
007_default_lapin-on_$\gamma0.3$,default,1000,0.5,200,2,7,0.06935,0.005218,0.04,-0.04,,42.990682
007_default_lapin-on_$\gamma0.3$,default,1000,0.5,200,2,8,0.052836,0.001309,0.0,0.0,,43.816564
007_default_lapin-on_$\gamma0.3$,default,1000,0.5,200,2,9,0.091109,0.024699,0.0,0.0,,41.097195
007_default_lapin-on_$\gamma0.3$,default,1000,0.5,200,2,10,0.088526,0.014762,0.043478,0.043478260869565216,,44.593197
008_default_lapin-on_$\gamma0.5$,default,1000,0.5,200,2,1,0.161404,0.176466,0.0,0.0,,39.895005
008_default_lapin-on_$\gamma0.5$,default,1000,0.5,200,2,2,0.057092,0.086673,0.25,-0.25,,37.89861
008_default_lapin-on_$\gamma0.5$,default,1000,0.5,200,2,3,0.140199,0.149464,0.038462,-0.038461538461538464,,44.817533
008_default_lapin-on_$\gamma0.5$,default,1000,0.5,200,2,4,0.185036,0.190115,0.0,0.0,,37.617323
008_default_lapin-on_$\gamma0.5$,default,1000,0.5,200,2,5,0.159448,0.148016,0.08,0.08,,48.619437
008_default_lapin-on_$\gamma0.5$,default,1000,0.5,200,2,6,0.090113,0.104277,0.04,-0.04,,43.171294
008_default_lapin-on_$\gamma0.5$,default,1000,0.5,200,2,7,0.107527,0.105692,0.04,-0.04,,42.990682
008_default_lapin-on_$\gamma0.5$,default,1000,0.5,200,2,8,0.065809,0.083003,0.0,0.0,,43.816564
008_default_lapin-on_$\gamma0.5$,default,1000,0.5,200,2,9,0.151952,0.150902,0.0,0.0,,41.097195
008_default_lapin-on_$\gamma0.5$,default,1000,0.5,200,2,10,0.144984,0.139591,0.043478,0.043478260869565216,,44.593197
009_default_lapin-on_$\gamma0.6$,default,1000,0.5,200,2,1,0.195615,0.256684,0.0,0.0,,39.895005
009_default_lapin-on_$\gamma0.6$,default,1000,0.5,200,2,2,0.063843,0.149175,0.25,-0.25,,37.89861
009_default_lapin-on_$\gamma0.6$,default,1000,0.5,200,2,3,0.196473,0.250998,0.038462,-0.038461538461538464,,44.817533
009_default_lapin-on_$\gamma0.6$,default,1000,0.5,200,2,4,0.20648,0.285286,0.0,0.0,,37.617323
009_default_lapin-on_$\gamma0.6$,default,1000,0.5,200,2,5,0.206918,0.253355,0.08,0.08,,48.619437
009_default_lapin-on_$\gamma0.6$,default,1000,0.5,200,2,6,0.110593,0.17639,0.04,-0.04,,43.171294
009_default_lapin-on_$\gamma0.6$,default,1000,0.5,200,2,7,0.131795,0.175829,0.04,-0.04,,42.990682
009_default_lapin-on_$\gamma0.6$,default,1000,0.5,200,2,8,0.07244,0.139982,0.0,0.0,,43.816564
009_default_lapin-on_$\gamma0.6$,default,1000,0.5,200,2,9,0.21095,0.245239,0.0,0.0,,41.097195
009_default_lapin-on_$\gamma0.6$,default,1000,0.5,200,2,10,0.172495,0.234426,0.043478,0.043478260869565216,,44.593197
010_default_lapin-on_$\gamma0.7$,default,1000,0.5,200,2,1,0.241861,0.317517,0.0,0.0,,39.895005
010_default_lapin-on_$\gamma0.7$,default,1000,0.5,200,2,2,0.113826,0.204627,0.25,-0.25,,37.89861
010_default_lapin-on_$\gamma0.7$,default,1000,0.5,200,2,3,0.275269,0.33937,0.038462,-0.038461538461538464,,44.817533
010_default_lapin-on_$\gamma0.7$,default,1000,0.5,200,2,4,0.28821,0.369802,0.0,0.0,,37.617323
010_default_lapin-on_$\gamma0.7$,default,1000,0.5,200,2,5,0.263154,0.346554,0.08,0.08,,48.619437
010_default_lapin-on_$\gamma0.7$,default,1000,0.5,200,2,6,0.147875,0.254922,0.04,-0.04,,43.171294
010_default_lapin-on_$\gamma0.7$,default,1000,0.5,200,2,7,0.14152,0.243172,0.04,-0.04,,42.990682
010_default_lapin-on_$\gamma0.7$,default,1000,0.5,200,2,8,0.107772,0.210159,0.0,0.0,,43.816564
010_default_lapin-on_$\gamma0.7$,default,1000,0.5,200,2,9,0.272454,0.320964,0.0,0.0,,41.097195
010_default_lapin-on_$\gamma0.7$,default,1000,0.5,200,2,10,0.239949,0.321455,0.043478,0.043478260869565216,,44.593197
011_default_lapin-on_$\gamma0.8$,default,1000,0.5,200,2,1,0.284823,0.364823,0.0,0.0,,39.895005
011_default_lapin-on_$\gamma0.8$,default,1000,0.5,200,2,2,0.090725,0.247233,0.25,-0.25,,37.89861
011_default_lapin-on_$\gamma0.8$,default,1000,0.5,200,2,3,0.326833,0.395225,0.038462,-0.038461538461538464,,44.817533
011_default_lapin-on_$\gamma0.8$,default,1000,0.5,200,2,4,0.327993,0.41638,0.0,0.0,,37.617323
011_default_lapin-on_$\gamma0.8$,default,1000,0.5,200,2,5,0.311581,0.407506,0.08,0.08,,48.619437
011_default_lapin-on_$\gamma0.8$,default,1000,0.5,200,2,6,0.179811,0.3145,0.04,-0.04,,43.171294
011_default_lapin-on_$\gamma0.8$,default,1000,0.5,200,2,7,0.175936,0.285636,0.04,-0.04,,42.990682
011_default_lapin-on_$\gamma0.8$,default,1000,0.5,200,2,8,0.157476,0.274119,0.0,0.0,,43.816564
011_default_lapin-on_$\gamma0.8$,default,1000,0.5,200,2,9,0.303567,0.387944,0.0,0.0,,41.097195
011_default_lapin-on_$\gamma0.8$,default,1000,0.5,200,2,10,0.292016,0.387598,0.043478,0.043478260869565216,,44.593197
012_default_lapin-on_$\gamma0.9$,default,1000,0.5,200,2,1,0.316414,0.37385,0.0,0.0,,39.895005
012_default_lapin-on_$\gamma0.9$,default,1000,0.5,200,2,2,0.108248,0.269773,0.25,-0.25,,37.89861
012_default_lapin-on_$\gamma0.9$,default,1000,0.5,200,2,3,0.377399,0.420054,0.038462,-0.038461538461538464,,44.817533
012_default_lapin-on_$\gamma0.9$,default,1000,0.5,200,2,4,0.375762,0.432027,0.0,0.0,,37.617323
012_default_lapin-on_$\gamma0.9$,default,1000,0.5,200,2,5,0.355372,0.426166,0.08,0.08,,48.619437
012_default_lapin-on_$\gamma0.9$,default,1000,0.5,200,2,6,0.224246,0.323348,0.04,-0.04,,43.171294
012_default_lapin-on_$\gamma0.9$,default,1000,0.5,200,2,7,0.196712,0.295895,0.04,-0.04,,42.990682
012_default_lapin-on_$\gamma0.9$,default,1000,0.5,200,2,8,0.196784,0.295313,0.0,0.0,,43.816564
012_default_lapin-on_$\gamma0.9$,default,1000,0.5,200,2,9,0.313703,0.4077,0.0,0.0,,41.097195
012_default_lapin-on_$\gamma0.9$,default,1000,0.5,200,2,10,0.364058,0.414866,0.043478,0.043478260869565216,,44.593197
001_default_lapin-off_$\gamma0.3$,default,1000,0.6,200,2,1,0.048782,0.007908,0.181818,-0.18181818181818182,,30.523317
001_default_lapin-off_$\gamma0.3$,default,1000,0.6,200,2,2,0.042725,0.016746,0.043478,-0.043478260869565216,,36.553333
001_default_lapin-off_$\gamma0.3$,default,1000,0.6,200,2,3,0.048669,0.013844,0.130435,-0.13043478260869565,,34.246557
001_default_lapin-off_$\gamma0.3$,default,1000,0.6,200,2,4,0.06118,0.011918,0.043478,-0.043478260869565216,,38.563885
001_default_lapin-off_$\gamma0.3$,default,1000,0.6,200,2,5,0.037145,0.014168,0.130435,-0.13043478260869565,,34.193229
001_default_lapin-off_$\gamma0.3$,default,1000,0.6,200,2,6,0.05278,0.005873,0.086957,-0.08695652173913043,,35.848923
001_default_lapin-off_$\gamma0.3$,default,1000,0.6,200,2,7,0.041174,0.018229,0.208333,-0.20833333333333334,,32.400015
001_default_lapin-off_$\gamma0.3$,default,1000,0.6,200,2,8,0.042701,0.016792,0.214286,-0.21428571428571427,,37.134855
001_default_lapin-off_$\gamma0.3$,default,1000,0.6,200,2,9,0.038442,0.017152,0.043478,-0.043478260869565216,,37.009597
001_default_lapin-off_$\gamma0.3$,default,1000,0.6,200,2,10,0.045277,0.018444,0.25,-0.25,,34.94089
002_default_lapin-off_$\gamma0.5$,default,1000,0.6,200,2,1,0.066203,0.08947,0.181818,-0.18181818181818182,,30.523317
002_default_lapin-off_$\gamma0.5$,default,1000,0.6,200,2,2,0.064422,0.106845,0.043478,-0.043478260869565216,,36.553333
002_default_lapin-off_$\gamma0.5$,default,1000,0.6,200,2,3,0.061937,0.087047,0.130435,-0.13043478260869565,,34.246557
002_default_lapin-off_$\gamma0.5$,default,1000,0.6,200,2,4,0.078673,0.112163,0.043478,-0.043478260869565216,,38.563885
002_default_lapin-off_$\gamma0.5$,default,1000,0.6,200,2,5,0.054929,0.08962,0.130435,-0.13043478260869565,,34.193229
002_default_lapin-off_$\gamma0.5$,default,1000,0.6,200,2,6,0.069402,0.080712,0.086957,-0.08695652173913043,,35.848923
002_default_lapin-off_$\gamma0.5$,default,1000,0.6,200,2,7,0.055853,0.098168,0.208333,-0.20833333333333334,,32.400015
002_default_lapin-off_$\gamma0.5$,default,1000,0.6,200,2,8,0.047864,0.105089,0.214286,-0.21428571428571427,,37.134855
002_default_lapin-off_$\gamma0.5$,default,1000,0.6,200,2,9,0.061012,0.096417,0.043478,-0.043478260869565216,,37.009597
002_default_lapin-off_$\gamma0.5$,default,1000,0.6,200,2,10,0.097815,0.107163,0.25,-0.25,,34.94089
003_default_lapin-off_$\gamma0.6$,default,1000,0.6,200,2,1,0.07322,0.141976,0.181818,-0.18181818181818182,,30.523317
003_default_lapin-off_$\gamma0.6$,default,1000,0.6,200,2,2,0.078985,0.167548,0.043478,-0.043478260869565216,,36.553333
003_default_lapin-off_$\gamma0.6$,default,1000,0.6,200,2,3,0.073335,0.133415,0.130435,-0.13043478260869565,,34.246557
003_default_lapin-off_$\gamma0.6$,default,1000,0.6,200,2,4,0.072043,0.169861,0.043478,-0.043478260869565216,,38.563885
003_default_lapin-off_$\gamma0.6$,default,1000,0.6,200,2,5,0.0668,0.140885,0.130435,-0.13043478260869565,,34.193229
003_default_lapin-off_$\gamma0.6$,default,1000,0.6,200,2,6,0.069378,0.131804,0.086957,-0.08695652173913043,,35.848923
003_default_lapin-off_$\gamma0.6$,default,1000,0.6,200,2,7,0.069017,0.144047,0.208333,-0.20833333333333334,,32.400015
003_default_lapin-off_$\gamma0.6$,default,1000,0.6,200,2,8,0.06738,0.163278,0.214286,-0.21428571428571427,,37.134855
003_default_lapin-off_$\gamma0.6$,default,1000,0.6,200,2,9,0.077839,0.150131,0.043478,-0.043478260869565216,,37.009597
003_default_lapin-off_$\gamma0.6$,default,1000,0.6,200,2,10,0.134481,0.177784,0.25,-0.25,,34.94089
004_default_lapin-off_$\gamma0.7$,default,1000,0.6,200,2,1,0.090685,0.194849,0.181818,-0.18181818181818182,,30.523317
004_default_lapin-off_$\gamma0.7$,default,1000,0.6,200,2,2,0.129847,0.215969,0.043478,-0.043478260869565216,,36.553333
004_default_lapin-off_$\gamma0.7$,default,1000,0.6,200,2,3,0.110086,0.18019,0.130435,-0.13043478260869565,,34.246557
004_default_lapin-off_$\gamma0.7$,default,1000,0.6,200,2,4,0.11741,0.227153,0.043478,-0.043478260869565216,,38.563885
004_default_lapin-off_$\gamma0.7$,default,1000,0.6,200,2,5,0.07824,0.189822,0.130435,-0.13043478260869565,,34.193229
004_default_lapin-off_$\gamma0.7$,default,1000,0.6,200,2,6,0.071662,0.186339,0.086957,-0.08695652173913043,,35.848923
004_default_lapin-off_$\gamma0.7$,default,1000,0.6,200,2,7,0.082757,0.188608,0.208333,-0.20833333333333334,,32.400015
004_default_lapin-off_$\gamma0.7$,default,1000,0.6,200,2,8,0.106612,0.228168,0.214286,-0.21428571428571427,,37.134855
004_default_lapin-off_$\gamma0.7$,default,1000,0.6,200,2,9,0.112503,0.193142,0.043478,-0.043478260869565216,,37.009597
004_default_lapin-off_$\gamma0.7$,default,1000,0.6,200,2,10,0.171853,0.243002,0.25,-0.25,,34.94089
005_default_lapin-off_$\gamma0.8$,default,1000,0.6,200,2,1,0.103648,0.228889,0.181818,-0.18181818181818182,,30.523317
005_default_lapin-off_$\gamma0.8$,default,1000,0.6,200,2,2,0.142292,0.248602,0.043478,-0.043478260869565216,,36.553333
005_default_lapin-off_$\gamma0.8$,default,1000,0.6,200,2,3,0.124524,0.205367,0.130435,-0.13043478260869565,,34.246557
005_default_lapin-off_$\gamma0.8$,default,1000,0.6,200,2,4,0.146638,0.257766,0.043478,-0.043478260869565216,,38.563885
005_default_lapin-off_$\gamma0.8$,default,1000,0.6,200,2,5,0.099216,0.216006,0.130435,-0.13043478260869565,,34.193229
005_default_lapin-off_$\gamma0.8$,default,1000,0.6,200,2,6,0.094675,0.230282,0.086957,-0.08695652173913043,,35.848923
005_default_lapin-off_$\gamma0.8$,default,1000,0.6,200,2,7,0.097101,0.216854,0.208333,-0.20833333333333334,,32.400015
005_default_lapin-off_$\gamma0.8$,default,1000,0.6,200,2,8,0.12506,0.272132,0.214286,-0.21428571428571427,,37.134855
005_default_lapin-off_$\gamma0.8$,default,1000,0.6,200,2,9,0.120338,0.217239,0.043478,-0.043478260869565216,,37.009597
005_default_lapin-off_$\gamma0.8$,default,1000,0.6,200,2,10,0.182051,0.286087,0.25,-0.25,,34.94089
006_default_lapin-off_$\gamma0.9$,default,1000,0.6,200,2,1,0.128956,0.240699,0.181818,-0.18181818181818182,,30.523317
006_default_lapin-off_$\gamma0.9$,default,1000,0.6,200,2,2,0.171331,0.264895,0.043478,-0.043478260869565216,,36.553333
006_default_lapin-off_$\gamma0.9$,default,1000,0.6,200,2,3,0.131477,0.220985,0.130435,-0.13043478260869565,,34.246557
006_default_lapin-off_$\gamma0.9$,default,1000,0.6,200,2,4,0.184413,0.269864,0.043478,-0.043478260869565216,,38.563885
006_default_lapin-off_$\gamma0.9$,default,1000,0.6,200,2,5,0.131757,0.229481,0.130435,-0.13043478260869565,,34.193229
006_default_lapin-off_$\gamma0.9$,default,1000,0.6,200,2,6,0.09986,0.247723,0.086957,-0.08695652173913043,,35.848923
006_default_lapin-off_$\gamma0.9$,default,1000,0.6,200,2,7,0.134174,0.222023,0.208333,-0.20833333333333334,,32.400015
006_default_lapin-off_$\gamma0.9$,default,1000,0.6,200,2,8,0.155845,0.286449,0.214286,-0.21428571428571427,,37.134855
006_default_lapin-off_$\gamma0.9$,default,1000,0.6,200,2,9,0.151324,0.221738,0.043478,-0.043478260869565216,,37.009597
006_default_lapin-off_$\gamma0.9$,default,1000,0.6,200,2,10,0.225183,0.313797,0.25,-0.25,,34.94089
007_default_lapin-on_$\gamma0.3$,default,1000,0.6,200,2,1,0.026292,0.005551,0.045455,0.045454545454545456,,39.618936
007_default_lapin-on_$\gamma0.3$,default,1000,0.6,200,2,2,0.011421,0.002383,0.0,0.0,,40.881011
007_default_lapin-on_$\gamma0.3$,default,1000,0.6,200,2,3,0.016188,0.004043,0.043478,0.043478260869565216,,43.638028
007_default_lapin-on_$\gamma0.3$,default,1000,0.6,200,2,4,0.022551,0.00868,0.043478,0.043478260869565216,,43.458719
007_default_lapin-on_$\gamma0.3$,default,1000,0.6,200,2,5,0.013761,0.006623,0.0,0.0,,41.119892
007_default_lapin-on_$\gamma0.3$,default,1000,0.6,200,2,6,0.017876,0.00684,0.0,0.0,,41.587253
007_default_lapin-on_$\gamma0.3$,default,1000,0.6,200,2,7,0.021624,0.005297,0.041667,-0.041666666666666664,,41.154161
007_default_lapin-on_$\gamma0.3$,default,1000,0.6,200,2,8,0.020967,0.000533,0.178571,-0.17857142857142858,,41.464383
007_default_lapin-on_$\gamma0.3$,default,1000,0.6,200,2,9,0.003651,0.005608,0.043478,-0.043478260869565216,,39.876817
007_default_lapin-on_$\gamma0.3$,default,1000,0.6,200,2,10,0.004605,0.00375,0.214286,-0.21428571428571427,,39.192387
008_default_lapin-on_$\gamma0.5$,default,1000,0.6,200,2,1,0.024829,0.069044,0.045455,0.045454545454545456,,39.618936
008_default_lapin-on_$\gamma0.5$,default,1000,0.6,200,2,2,0.006641,0.044359,0.0,0.0,,40.881011
008_default_lapin-on_$\gamma0.5$,default,1000,0.6,200,2,3,0.021867,0.060552,0.043478,0.043478260869565216,,43.638028
008_default_lapin-on_$\gamma0.5$,default,1000,0.6,200,2,4,0.037065,0.077335,0.043478,0.043478260869565216,,43.458719
008_default_lapin-on_$\gamma0.5$,default,1000,0.6,200,2,5,0.017042,0.067284,0.0,0.0,,41.119892
008_default_lapin-on_$\gamma0.5$,default,1000,0.6,200,2,6,0.034002,0.066493,0.0,0.0,,41.587253
008_default_lapin-on_$\gamma0.5$,default,1000,0.6,200,2,7,0.0,0.063583,0.041667,-0.041666666666666664,,41.154161
008_default_lapin-on_$\gamma0.5$,default,1000,0.6,200,2,8,0.007507,0.056449,0.178571,-0.17857142857142858,,41.464383
008_default_lapin-on_$\gamma0.5$,default,1000,0.6,200,2,9,0.0,0.050973,0.043478,-0.043478260869565216,,39.876817
008_default_lapin-on_$\gamma0.5$,default,1000,0.6,200,2,10,0.007308,0.054607,0.214286,-0.21428571428571427,,39.192387
009_default_lapin-on_$\gamma0.6$,default,1000,0.6,200,2,1,0.054637,0.109844,0.045455,0.045454545454545456,,39.618936
009_default_lapin-on_$\gamma0.6$,default,1000,0.6,200,2,2,0.017267,0.07149,0.0,0.0,,40.881011
009_default_lapin-on_$\gamma0.6$,default,1000,0.6,200,2,3,0.0356,0.099657,0.043478,0.043478260869565216,,43.638028
009_default_lapin-on_$\gamma0.6$,default,1000,0.6,200,2,4,0.045769,0.116957,0.043478,0.043478260869565216,,43.458719
009_default_lapin-on_$\gamma0.6$,default,1000,0.6,200,2,5,0.021985,0.103693,0.0,0.0,,41.119892
009_default_lapin-on_$\gamma0.6$,default,1000,0.6,200,2,6,0.032169,0.102697,0.0,0.0,,41.587253
009_default_lapin-on_$\gamma0.6$,default,1000,0.6,200,2,7,0.008487,0.100472,0.041667,-0.041666666666666664,,41.154161
009_default_lapin-on_$\gamma0.6$,default,1000,0.6,200,2,8,0.0,0.10062,0.178571,-0.17857142857142858,,41.464383
009_default_lapin-on_$\gamma0.6$,default,1000,0.6,200,2,9,0.008882,0.084547,0.043478,-0.043478260869565216,,39.876817
009_default_lapin-on_$\gamma0.6$,default,1000,0.6,200,2,10,0.008584,0.093784,0.214286,-0.21428571428571427,,39.192387
010_default_lapin-on_$\gamma0.7$,default,1000,0.6,200,2,1,0.068483,0.148535,0.045455,0.045454545454545456,,39.618936
010_default_lapin-on_$\gamma0.7$,default,1000,0.6,200,2,2,0.020562,0.090229,0.0,0.0,,40.881011
010_default_lapin-on_$\gamma0.7$,default,1000,0.6,200,2,3,0.045536,0.137889,0.043478,0.043478260869565216,,43.638028
010_default_lapin-on_$\gamma0.7$,default,1000,0.6,200,2,4,0.055781,0.148441,0.043478,0.043478260869565216,,43.458719
010_default_lapin-on_$\gamma0.7$,default,1000,0.6,200,2,5,0.03471,0.136439,0.0,0.0,,41.119892
010_default_lapin-on_$\gamma0.7$,default,1000,0.6,200,2,6,0.057731,0.137316,0.0,0.0,,41.587253
010_default_lapin-on_$\gamma0.7$,default,1000,0.6,200,2,7,0.038285,0.135235,0.041667,-0.041666666666666664,,41.154161
010_default_lapin-on_$\gamma0.7$,default,1000,0.6,200,2,8,0.036046,0.137867,0.178571,-0.17857142857142858,,41.464383
010_default_lapin-on_$\gamma0.7$,default,1000,0.6,200,2,9,0.020393,0.10951,0.043478,-0.043478260869565216,,39.876817
010_default_lapin-on_$\gamma0.7$,default,1000,0.6,200,2,10,0.032312,0.125732,0.214286,-0.21428571428571427,,39.192387
011_default_lapin-on_$\gamma0.8$,default,1000,0.6,200,2,1,0.088203,0.180111,0.045455,0.045454545454545456,,39.618936
011_default_lapin-on_$\gamma0.8$,default,1000,0.6,200,2,2,0.023591,0.098329,0.0,0.0,,40.881011
011_default_lapin-on_$\gamma0.8$,default,1000,0.6,200,2,3,0.062969,0.16133,0.043478,0.043478260869565216,,43.638028
011_default_lapin-on_$\gamma0.8$,default,1000,0.6,200,2,4,0.066695,0.168801,0.043478,0.043478260869565216,,43.458719
011_default_lapin-on_$\gamma0.8$,default,1000,0.6,200,2,5,0.041947,0.154942,0.0,0.0,,41.119892
011_default_lapin-on_$\gamma0.8$,default,1000,0.6,200,2,6,0.067536,0.157636,0.0,0.0,,41.587253
011_default_lapin-on_$\gamma0.8$,default,1000,0.6,200,2,7,0.056966,0.156726,0.041667,-0.041666666666666664,,41.154161
011_default_lapin-on_$\gamma0.8$,default,1000,0.6,200,2,8,0.043096,0.171162,0.178571,-0.17857142857142858,,41.464383
011_default_lapin-on_$\gamma0.8$,default,1000,0.6,200,2,9,0.036314,0.125618,0.043478,-0.043478260869565216,,39.876817
011_default_lapin-on_$\gamma0.8$,default,1000,0.6,200,2,10,0.061378,0.151746,0.214286,-0.21428571428571427,,39.192387
012_default_lapin-on_$\gamma0.9$,default,1000,0.6,200,2,1,0.116968,0.18371,0.045455,0.045454545454545456,,39.618936
012_default_lapin-on_$\gamma0.9$,default,1000,0.6,200,2,2,0.051638,0.100839,0.0,0.0,,40.881011
012_default_lapin-on_$\gamma0.9$,default,1000,0.6,200,2,3,0.07912,0.165768,0.043478,0.043478260869565216,,43.638028
012_default_lapin-on_$\gamma0.9$,default,1000,0.6,200,2,4,0.087812,0.166555,0.043478,0.043478260869565216,,43.458719
012_default_lapin-on_$\gamma0.9$,default,1000,0.6,200,2,5,0.051615,0.152707,0.0,0.0,,41.119892
012_default_lapin-on_$\gamma0.9$,default,1000,0.6,200,2,6,0.066178,0.165998,0.0,0.0,,41.587253
012_default_lapin-on_$\gamma0.9$,default,1000,0.6,200,2,7,0.071348,0.164781,0.041667,-0.041666666666666664,,41.154161
012_default_lapin-on_$\gamma0.9$,default,1000,0.6,200,2,8,0.054056,0.177065,0.178571,-0.17857142857142858,,41.464383
012_default_lapin-on_$\gamma0.9$,default,1000,0.6,200,2,9,0.042757,0.124876,0.043478,-0.043478260869565216,,39.876817
012_default_lapin-on_$\gamma0.9$,default,1000,0.6,200,2,10,0.079549,0.157201,0.214286,-0.21428571428571427,,39.192387
001_default_lapin-off_$\gamma0.3$,default,1000,0.7,200,2,1,0.0,0.002815,0.086957,-0.08695652173913043,,35.421873
001_default_lapin-off_$\gamma0.3$,default,1000,0.7,200,2,2,0.0,-0.0001,0.090909,0.09090909090909091,,41.425423
001_default_lapin-off_$\gamma0.3$,default,1000,0.7,200,2,3,0.0,0.001019,0.037037,-0.037037037037037035,,44.274311
001_default_lapin-off_$\gamma0.3$,default,1000,0.7,200,2,4,0.0,0.002454,0.086957,0.08695652173913043,,41.714729
001_default_lapin-off_$\gamma0.3$,default,1000,0.7,200,2,5,0.0,-0.000267,0.0,0.0,,40.500008
001_default_lapin-off_$\gamma0.3$,default,1000,0.7,200,2,6,0.0,0.000776,0.04,-0.04,,39.721198
001_default_lapin-off_$\gamma0.3$,default,1000,0.7,200,2,7,0.0,0.001656,0.038462,0.038461538461538464,,44.815783
001_default_lapin-off_$\gamma0.3$,default,1000,0.7,200,2,8,0.0,0.000846,0.095238,0.09523809523809523,,37.346344
001_default_lapin-off_$\gamma0.3$,default,1000,0.7,200,2,9,0.0,0.00337,0.043478,-0.043478260869565216,,36.870595
001_default_lapin-off_$\gamma0.3$,default,1000,0.7,200,2,10,0.0,0.000493,0.0,0.0,,41.626796
002_default_lapin-off_$\gamma0.5$,default,1000,0.7,200,2,1,0.00717,0.027449,0.086957,-0.08695652173913043,,35.421873
002_default_lapin-off_$\gamma0.5$,default,1000,0.7,200,2,2,0.0,0.024098,0.090909,0.09090909090909091,,41.425423
002_default_lapin-off_$\gamma0.5$,default,1000,0.7,200,2,3,0.0,0.028426,0.037037,-0.037037037037037035,,44.274311
002_default_lapin-off_$\gamma0.5$,default,1000,0.7,200,2,4,0.0,0.031522,0.086957,0.08695652173913043,,41.714729
002_default_lapin-off_$\gamma0.5$,default,1000,0.7,200,2,5,0.0,0.023726,0.0,0.0,,40.500008
002_default_lapin-off_$\gamma0.5$,default,1000,0.7,200,2,6,0.0,0.020155,0.04,-0.04,,39.721198
002_default_lapin-off_$\gamma0.5$,default,1000,0.7,200,2,7,0.006144,0.023264,0.038462,0.038461538461538464,,44.815783
002_default_lapin-off_$\gamma0.5$,default,1000,0.7,200,2,8,0.0,0.022019,0.095238,0.09523809523809523,,37.346344
002_default_lapin-off_$\gamma0.5$,default,1000,0.7,200,2,9,0.006698,0.031428,0.043478,-0.043478260869565216,,36.870595
002_default_lapin-off_$\gamma0.5$,default,1000,0.7,200,2,10,0.0,0.020032,0.0,0.0,,41.626796
003_default_lapin-off_$\gamma0.6$,default,1000,0.7,200,2,1,0.009296,0.044455,0.086957,-0.08695652173913043,,35.421873
003_default_lapin-off_$\gamma0.6$,default,1000,0.7,200,2,2,0.0,0.040264,0.090909,0.09090909090909091,,41.425423
003_default_lapin-off_$\gamma0.6$,default,1000,0.7,200,2,3,0.0,0.046431,0.037037,-0.037037037037037035,,44.274311
003_default_lapin-off_$\gamma0.6$,default,1000,0.7,200,2,4,0.0,0.048483,0.086957,0.08695652173913043,,41.714729
003_default_lapin-off_$\gamma0.6$,default,1000,0.7,200,2,5,0.0,0.03949,0.0,0.0,,40.500008
003_default_lapin-off_$\gamma0.6$,default,1000,0.7,200,2,6,0.0,0.03337,0.04,-0.04,,39.721198
003_default_lapin-off_$\gamma0.6$,default,1000,0.7,200,2,7,0.00855,0.044129,0.038462,0.038461538461538464,,44.815783
003_default_lapin-off_$\gamma0.6$,default,1000,0.7,200,2,8,0.0,0.036987,0.095238,0.09523809523809523,,37.346344
003_default_lapin-off_$\gamma0.6$,default,1000,0.7,200,2,9,0.008398,0.047138,0.043478,-0.043478260869565216,,36.870595
003_default_lapin-off_$\gamma0.6$,default,1000,0.7,200,2,10,0.0,0.034159,0.0,0.0,,41.626796
004_default_lapin-off_$\gamma0.7$,default,1000,0.7,200,2,1,0.011913,0.058625,0.086957,-0.08695652173913043,,35.421873
004_default_lapin-off_$\gamma0.7$,default,1000,0.7,200,2,2,0.0,0.055408,0.090909,0.09090909090909091,,41.425423
004_default_lapin-off_$\gamma0.7$,default,1000,0.7,200,2,3,0.0,0.059489,0.037037,-0.037037037037037035,,44.274311
004_default_lapin-off_$\gamma0.7$,default,1000,0.7,200,2,4,0.0,0.063655,0.086957,0.08695652173913043,,41.714729
004_default_lapin-off_$\gamma0.7$,default,1000,0.7,200,2,5,0.0,0.050828,0.0,0.0,,40.500008
004_default_lapin-off_$\gamma0.7$,default,1000,0.7,200,2,6,0.0,0.051523,0.04,-0.04,,39.721198
004_default_lapin-off_$\gamma0.7$,default,1000,0.7,200,2,7,0.010468,0.062759,0.038462,0.038461538461538464,,44.815783
004_default_lapin-off_$\gamma0.7$,default,1000,0.7,200,2,8,0.0,0.052928,0.095238,0.09523809523809523,,37.346344
004_default_lapin-off_$\gamma0.7$,default,1000,0.7,200,2,9,0.0,0.06377,0.043478,-0.043478260869565216,,36.870595
004_default_lapin-off_$\gamma0.7$,default,1000,0.7,200,2,10,0.0,0.046776,0.0,0.0,,41.626796
005_default_lapin-off_$\gamma0.8$,default,1000,0.7,200,2,1,0.014706,0.06703,0.086957,-0.08695652173913043,,35.421873
005_default_lapin-off_$\gamma0.8$,default,1000,0.7,200,2,2,0.0,0.0644,0.090909,0.09090909090909091,,41.425423
005_default_lapin-off_$\gamma0.8$,default,1000,0.7,200,2,3,0.0,0.070398,0.037037,-0.037037037037037035,,44.274311
005_default_lapin-off_$\gamma0.8$,default,1000,0.7,200,2,4,0.016892,0.074076,0.086957,0.08695652173913043,,41.714729
005_default_lapin-off_$\gamma0.8$,default,1000,0.7,200,2,5,0.0,0.06052,0.0,0.0,,40.500008
005_default_lapin-off_$\gamma0.8$,default,1000,0.7,200,2,6,0.009552,0.057995,0.04,-0.04,,39.721198
005_default_lapin-off_$\gamma0.8$,default,1000,0.7,200,2,7,0.010077,0.074635,0.038462,0.038461538461538464,,44.815783
005_default_lapin-off_$\gamma0.8$,default,1000,0.7,200,2,8,0.0,0.061838,0.095238,0.09523809523809523,,37.346344
005_default_lapin-off_$\gamma0.8$,default,1000,0.7,200,2,9,0.008564,0.069692,0.043478,-0.043478260869565216,,36.870595
005_default_lapin-off_$\gamma0.8$,default,1000,0.7,200,2,10,0.0,0.054009,0.0,0.0,,41.626796
006_default_lapin-off_$\gamma0.9$,default,1000,0.7,200,2,1,0.016907,0.068778,0.086957,-0.08695652173913043,,35.421873
006_default_lapin-off_$\gamma0.9$,default,1000,0.7,200,2,2,0.0,0.062124,0.090909,0.09090909090909091,,41.425423
006_default_lapin-off_$\gamma0.9$,default,1000,0.7,200,2,3,0.0,0.06741,0.037037,-0.037037037037037035,,44.274311
006_default_lapin-off_$\gamma0.9$,default,1000,0.7,200,2,4,0.011267,0.075649,0.086957,0.08695652173913043,,41.714729
006_default_lapin-off_$\gamma0.9$,default,1000,0.7,200,2,5,0.0,0.058409,0.0,0.0,,40.500008
006_default_lapin-off_$\gamma0.9$,default,1000,0.7,200,2,6,0.012299,0.058614,0.04,-0.04,,39.721198
006_default_lapin-off_$\gamma0.9$,default,1000,0.7,200,2,7,0.012834,0.07979,0.038462,0.038461538461538464,,44.815783
006_default_lapin-off_$\gamma0.9$,default,1000,0.7,200,2,8,0.0,0.061655,0.095238,0.09523809523809523,,37.346344
006_default_lapin-off_$\gamma0.9$,default,1000,0.7,200,2,9,0.0,0.069258,0.043478,-0.043478260869565216,,36.870595
006_default_lapin-off_$\gamma0.9$,default,1000,0.7,200,2,10,0.0,0.054494,0.0,0.0,,41.626796
007_default_lapin-on_$\gamma0.3$,default,1000,0.7,200,2,1,0.0,0.000815,0.173913,0.17391304347826086,,48.455793
007_default_lapin-on_$\gamma0.3$,default,1000,0.7,200,2,2,0.0,-0.001122,0.272727,0.2727272727272727,,50.95474
007_default_lapin-on_$\gamma0.3$,default,1000,0.7,200,2,3,0.0,-0.00028,0.037037,0.037037037037037035,,50.632807
007_default_lapin-on_$\gamma0.3$,default,1000,0.7,200,2,4,0.0,0.0007,0.130435,0.13043478260869565,,46.515474
007_default_lapin-on_$\gamma0.3$,default,1000,0.7,200,2,5,0.0,-0.000485,0.291667,0.2916666666666667,,54.736974
007_default_lapin-on_$\gamma0.3$,default,1000,0.7,200,2,6,0.0,-0.000459,0.16,0.16,,50.322597
007_default_lapin-on_$\gamma0.3$,default,1000,0.7,200,2,7,0.0,-0.000355,0.038462,0.038461538461538464,,46.964595
007_default_lapin-on_$\gamma0.3$,default,1000,0.7,200,2,8,0.0,-0.000638,0.47619,0.47619047619047616,,55.401139
007_default_lapin-on_$\gamma0.3$,default,1000,0.7,200,2,9,0.0,-0.000258,0.217391,0.21739130434782608,,50.478374
007_default_lapin-on_$\gamma0.3$,default,1000,0.7,200,2,10,0.0,-0.000181,0.16,0.16,,51.428812
008_default_lapin-on_$\gamma0.5$,default,1000,0.7,200,2,1,0.0,0.014053,0.173913,0.17391304347826086,,48.455793
008_default_lapin-on_$\gamma0.5$,default,1000,0.7,200,2,2,0.0,0.015243,0.272727,0.2727272727272727,,50.95474
008_default_lapin-on_$\gamma0.5$,default,1000,0.7,200,2,3,0.0,0.015673,0.037037,0.037037037037037035,,50.632807
008_default_lapin-on_$\gamma0.5$,default,1000,0.7,200,2,4,0.0,0.014923,0.130435,0.13043478260869565,,46.515474
008_default_lapin-on_$\gamma0.5$,default,1000,0.7,200,2,5,0.0,0.01494,0.291667,0.2916666666666667,,54.736974
008_default_lapin-on_$\gamma0.5$,default,1000,0.7,200,2,6,0.0,0.013279,0.16,0.16,,50.322597
008_default_lapin-on_$\gamma0.5$,default,1000,0.7,200,2,7,0.0,0.014704,0.038462,0.038461538461538464,,46.964595
008_default_lapin-on_$\gamma0.5$,default,1000,0.7,200,2,8,0.0,0.013473,0.47619,0.47619047619047616,,55.401139
008_default_lapin-on_$\gamma0.5$,default,1000,0.7,200,2,9,0.0,0.014626,0.217391,0.21739130434782608,,50.478374
008_default_lapin-on_$\gamma0.5$,default,1000,0.7,200,2,10,0.0,0.014328,0.16,0.16,,51.428812
009_default_lapin-on_$\gamma0.6$,default,1000,0.7,200,2,1,0.0,0.02476,0.173913,0.17391304347826086,,48.455793
009_default_lapin-on_$\gamma0.6$,default,1000,0.7,200,2,2,0.0,0.024916,0.272727,0.2727272727272727,,50.95474
009_default_lapin-on_$\gamma0.6$,default,1000,0.7,200,2,3,0.0,0.028115,0.037037,0.037037037037037035,,50.632807
009_default_lapin-on_$\gamma0.6$,default,1000,0.7,200,2,4,0.0,0.023299,0.130435,0.13043478260869565,,46.515474
009_default_lapin-on_$\gamma0.6$,default,1000,0.7,200,2,5,0.0,0.02708,0.291667,0.2916666666666667,,54.736974
009_default_lapin-on_$\gamma0.6$,default,1000,0.7,200,2,6,0.0,0.025163,0.16,0.16,,50.322597
009_default_lapin-on_$\gamma0.6$,default,1000,0.7,200,2,7,0.0,0.028389,0.038462,0.038461538461538464,,46.964595
009_default_lapin-on_$\gamma0.6$,default,1000,0.7,200,2,8,0.0,0.022271,0.47619,0.47619047619047616,,55.401139
009_default_lapin-on_$\gamma0.6$,default,1000,0.7,200,2,9,0.0,0.026348,0.217391,0.21739130434782608,,50.478374
009_default_lapin-on_$\gamma0.6$,default,1000,0.7,200,2,10,0.0,0.026383,0.16,0.16,,51.428812
010_default_lapin-on_$\gamma0.7$,default,1000,0.7,200,2,1,0.0,0.03092,0.173913,0.17391304347826086,,48.455793
010_default_lapin-on_$\gamma0.7$,default,1000,0.7,200,2,2,0.0,0.032457,0.272727,0.2727272727272727,,50.95474
010_default_lapin-on_$\gamma0.7$,default,1000,0.7,200,2,3,0.0,0.038143,0.037037,0.037037037037037035,,50.632807
010_default_lapin-on_$\gamma0.7$,default,1000,0.7,200,2,4,0.0,0.030998,0.130435,0.13043478260869565,,46.515474
010_default_lapin-on_$\gamma0.7$,default,1000,0.7,200,2,5,0.0,0.035936,0.291667,0.2916666666666667,,54.736974
010_default_lapin-on_$\gamma0.7$,default,1000,0.7,200,2,6,0.0,0.031398,0.16,0.16,,50.322597
010_default_lapin-on_$\gamma0.7$,default,1000,0.7,200,2,7,0.0,0.036856,0.038462,0.038461538461538464,,46.964595
010_default_lapin-on_$\gamma0.7$,default,1000,0.7,200,2,8,0.0,0.029474,0.47619,0.47619047619047616,,55.401139
010_default_lapin-on_$\gamma0.7$,default,1000,0.7,200,2,9,0.0,0.037208,0.217391,0.21739130434782608,,50.478374
010_default_lapin-on_$\gamma0.7$,default,1000,0.7,200,2,10,0.0,0.038648,0.16,0.16,,51.428812
011_default_lapin-on_$\gamma0.8$,default,1000,0.7,200,2,1,0.0,0.03447,0.173913,0.17391304347826086,,48.455793
011_default_lapin-on_$\gamma0.8$,default,1000,0.7,200,2,2,0.0,0.03602,0.272727,0.2727272727272727,,50.95474
011_default_lapin-on_$\gamma0.8$,default,1000,0.7,200,2,3,0.0,0.04369,0.037037,0.037037037037037035,,50.632807
011_default_lapin-on_$\gamma0.8$,default,1000,0.7,200,2,4,0.0,0.033432,0.130435,0.13043478260869565,,46.515474
011_default_lapin-on_$\gamma0.8$,default,1000,0.7,200,2,5,0.0,0.040568,0.291667,0.2916666666666667,,54.736974
011_default_lapin-on_$\gamma0.8$,default,1000,0.7,200,2,6,0.0,0.032568,0.16,0.16,,50.322597
011_default_lapin-on_$\gamma0.8$,default,1000,0.7,200,2,7,0.0,0.041457,0.038462,0.038461538461538464,,46.964595
011_default_lapin-on_$\gamma0.8$,default,1000,0.7,200,2,8,0.0,0.034997,0.47619,0.47619047619047616,,55.401139
011_default_lapin-on_$\gamma0.8$,default,1000,0.7,200,2,9,0.0,0.040241,0.217391,0.21739130434782608,,50.478374
011_default_lapin-on_$\gamma0.8$,default,1000,0.7,200,2,10,0.0,0.037092,0.16,0.16,,51.428812
012_default_lapin-on_$\gamma0.9$,default,1000,0.7,200,2,1,0.0,0.032403,0.173913,0.17391304347826086,,48.455793
012_default_lapin-on_$\gamma0.9$,default,1000,0.7,200,2,2,0.0,0.032416,0.272727,0.2727272727272727,,50.95474
012_default_lapin-on_$\gamma0.9$,default,1000,0.7,200,2,3,0.0,0.04214,0.037037,0.037037037037037035,,50.632807
012_default_lapin-on_$\gamma0.9$,default,1000,0.7,200,2,4,0.0,0.030018,0.130435,0.13043478260869565,,46.515474
012_default_lapin-on_$\gamma0.9$,default,1000,0.7,200,2,5,0.0,0.03649,0.291667,0.2916666666666667,,54.736974
012_default_lapin-on_$\gamma0.9$,default,1000,0.7,200,2,6,0.0,0.028815,0.16,0.16,,50.322597
012_default_lapin-on_$\gamma0.9$,default,1000,0.7,200,2,7,0.0,0.043777,0.038462,0.038461538461538464,,46.964595
012_default_lapin-on_$\gamma0.9$,default,1000,0.7,200,2,8,0.0,0.033495,0.47619,0.47619047619047616,,55.401139
012_default_lapin-on_$\gamma0.9$,default,1000,0.7,200,2,9,0.0,0.038509,0.217391,0.21739130434782608,,50.478374
012_default_lapin-on_$\gamma0.9$,default,1000,0.7,200,2,10,0.0,0.038778,0.16,0.16,,51.428812
001_default_lapin-off_$\gamma0.3$,default,1000,0.8,200,2,1,0.0,0.000372,0.0,0.0,,42.873186
001_default_lapin-off_$\gamma0.3$,default,1000,0.8,200,2,2,0.0,-0.000187,0.190476,0.19047619047619047,,42.125295
001_default_lapin-off_$\gamma0.3$,default,1000,0.8,200,2,3,0.0,-3.2e-05,0.041667,0.041666666666666664,,42.842827
001_default_lapin-off_$\gamma0.3$,default,1000,0.8,200,2,4,0.0,-0.000472,0.0,0.0,,46.485657
001_default_lapin-off_$\gamma0.3$,default,1000,0.8,200,2,5,0.0,-3.3e-05,0.038462,-0.038461538461538464,,41.704439
001_default_lapin-off_$\gamma0.3$,default,1000,0.8,200,2,6,0.0,-2.3e-05,0.0,0.0,,40.143256
001_default_lapin-off_$\gamma0.3$,default,1000,0.8,200,2,7,0.0,-0.000191,0.038462,-0.038461538461538464,,42.267294
001_default_lapin-off_$\gamma0.3$,default,1000,0.8,200,2,8,0.0,0.000143,0.130435,0.13043478260869565,,43.886186
001_default_lapin-off_$\gamma0.3$,default,1000,0.8,200,2,9,0.0,3e-05,0.038462,-0.038461538461538464,,41.974169
001_default_lapin-off_$\gamma0.3$,default,1000,0.8,200,2,10,0.0,-0.000512,0.04,-0.04,,41.246058
002_default_lapin-off_$\gamma0.5$,default,1000,0.8,200,2,1,0.0,0.006867,0.0,0.0,,42.873186
002_default_lapin-off_$\gamma0.5$,default,1000,0.8,200,2,2,0.0,0.001843,0.190476,0.19047619047619047,,42.125295
002_default_lapin-off_$\gamma0.5$,default,1000,0.8,200,2,3,0.0,0.00538,0.041667,0.041666666666666664,,42.842827
002_default_lapin-off_$\gamma0.5$,default,1000,0.8,200,2,4,0.0,0.004044,0.0,0.0,,46.485657
002_default_lapin-off_$\gamma0.5$,default,1000,0.8,200,2,5,0.0,0.004549,0.038462,-0.038461538461538464,,41.704439
002_default_lapin-off_$\gamma0.5$,default,1000,0.8,200,2,6,0.0,0.004705,0.0,0.0,,40.143256
002_default_lapin-off_$\gamma0.5$,default,1000,0.8,200,2,7,0.0,0.004572,0.038462,-0.038461538461538464,,42.267294
002_default_lapin-off_$\gamma0.5$,default,1000,0.8,200,2,8,0.0,0.002812,0.130435,0.13043478260869565,,43.886186
002_default_lapin-off_$\gamma0.5$,default,1000,0.8,200,2,9,0.0,0.00411,0.038462,-0.038461538461538464,,41.974169
002_default_lapin-off_$\gamma0.5$,default,1000,0.8,200,2,10,0.0,0.005075,0.04,-0.04,,41.246058
003_default_lapin-off_$\gamma0.6$,default,1000,0.8,200,2,1,0.0,0.01106,0.0,0.0,,42.873186
003_default_lapin-off_$\gamma0.6$,default,1000,0.8,200,2,2,0.0,0.003656,0.190476,0.19047619047619047,,42.125295
003_default_lapin-off_$\gamma0.6$,default,1000,0.8,200,2,3,0.0,0.008136,0.041667,0.041666666666666664,,42.842827
003_default_lapin-off_$\gamma0.6$,default,1000,0.8,200,2,4,0.0,0.007213,0.0,0.0,,46.485657
003_default_lapin-off_$\gamma0.6$,default,1000,0.8,200,2,5,0.0,0.009294,0.038462,-0.038461538461538464,,41.704439
003_default_lapin-off_$\gamma0.6$,default,1000,0.8,200,2,6,0.0,0.008437,0.0,0.0,,40.143256
003_default_lapin-off_$\gamma0.6$,default,1000,0.8,200,2,7,0.0,0.008628,0.038462,-0.038461538461538464,,42.267294
003_default_lapin-off_$\gamma0.6$,default,1000,0.8,200,2,8,0.0,0.005594,0.130435,0.13043478260869565,,43.886186
003_default_lapin-off_$\gamma0.6$,default,1000,0.8,200,2,9,0.0,0.00907,0.038462,-0.038461538461538464,,41.974169
003_default_lapin-off_$\gamma0.6$,default,1000,0.8,200,2,10,0.0,0.008501,0.04,-0.04,,41.246058
004_default_lapin-off_$\gamma0.7$,default,1000,0.8,200,2,1,0.0,0.012495,0.0,0.0,,42.873186
004_default_lapin-off_$\gamma0.7$,default,1000,0.8,200,2,2,0.0,0.007311,0.190476,0.19047619047619047,,42.125295
004_default_lapin-off_$\gamma0.7$,default,1000,0.8,200,2,3,0.0,0.011646,0.041667,0.041666666666666664,,42.842827
004_default_lapin-off_$\gamma0.7$,default,1000,0.8,200,2,4,0.0,0.010999,0.0,0.0,,46.485657
004_default_lapin-off_$\gamma0.7$,default,1000,0.8,200,2,5,0.0,0.013127,0.038462,-0.038461538461538464,,41.704439
004_default_lapin-off_$\gamma0.7$,default,1000,0.8,200,2,6,0.0,0.012202,0.0,0.0,,40.143256
004_default_lapin-off_$\gamma0.7$,default,1000,0.8,200,2,7,0.0,0.013171,0.038462,-0.038461538461538464,,42.267294
004_default_lapin-off_$\gamma0.7$,default,1000,0.8,200,2,8,0.0,0.009719,0.130435,0.13043478260869565,,43.886186
004_default_lapin-off_$\gamma0.7$,default,1000,0.8,200,2,9,0.0,0.011945,0.038462,-0.038461538461538464,,41.974169
004_default_lapin-off_$\gamma0.7$,default,1000,0.8,200,2,10,0.0,0.013548,0.04,-0.04,,41.246058
005_default_lapin-off_$\gamma0.8$,default,1000,0.8,200,2,1,0.0,0.01511,0.0,0.0,,42.873186
005_default_lapin-off_$\gamma0.8$,default,1000,0.8,200,2,2,0.0,0.007042,0.190476,0.19047619047619047,,42.125295
005_default_lapin-off_$\gamma0.8$,default,1000,0.8,200,2,3,0.0,0.011948,0.041667,0.041666666666666664,,42.842827
005_default_lapin-off_$\gamma0.8$,default,1000,0.8,200,2,4,0.0,0.010932,0.0,0.0,,46.485657
005_default_lapin-off_$\gamma0.8$,default,1000,0.8,200,2,5,0.0,0.012615,0.038462,-0.038461538461538464,,41.704439
005_default_lapin-off_$\gamma0.8$,default,1000,0.8,200,2,6,0.0,0.014331,0.0,0.0,,40.143256
005_default_lapin-off_$\gamma0.8$,default,1000,0.8,200,2,7,0.0,0.01292,0.038462,-0.038461538461538464,,42.267294
005_default_lapin-off_$\gamma0.8$,default,1000,0.8,200,2,8,0.0,0.012597,0.130435,0.13043478260869565,,43.886186
005_default_lapin-off_$\gamma0.8$,default,1000,0.8,200,2,9,0.0,0.01408,0.038462,-0.038461538461538464,,41.974169
005_default_lapin-off_$\gamma0.8$,default,1000,0.8,200,2,10,0.0,0.013095,0.04,-0.04,,41.246058
006_default_lapin-off_$\gamma0.9$,default,1000,0.8,200,2,1,0.0,0.01267,0.0,0.0,,42.873186
006_default_lapin-off_$\gamma0.9$,default,1000,0.8,200,2,2,0.0,0.007381,0.190476,0.19047619047619047,,42.125295
006_default_lapin-off_$\gamma0.9$,default,1000,0.8,200,2,3,0.0,0.012092,0.041667,0.041666666666666664,,42.842827
006_default_lapin-off_$\gamma0.9$,default,1000,0.8,200,2,4,0.0,0.010288,0.0,0.0,,46.485657
006_default_lapin-off_$\gamma0.9$,default,1000,0.8,200,2,5,0.0,0.013398,0.038462,-0.038461538461538464,,41.704439
006_default_lapin-off_$\gamma0.9$,default,1000,0.8,200,2,6,0.0,0.014449,0.0,0.0,,40.143256
006_default_lapin-off_$\gamma0.9$,default,1000,0.8,200,2,7,0.0,0.01216,0.038462,-0.038461538461538464,,42.267294
006_default_lapin-off_$\gamma0.9$,default,1000,0.8,200,2,8,0.0,0.012752,0.130435,0.13043478260869565,,43.886186
006_default_lapin-off_$\gamma0.9$,default,1000,0.8,200,2,9,0.0,0.014841,0.038462,-0.038461538461538464,,41.974169
006_default_lapin-off_$\gamma0.9$,default,1000,0.8,200,2,10,0.0,0.013292,0.04,-0.04,,41.246058
007_default_lapin-on_$\gamma0.3$,default,1000,0.8,200,2,1,0.0,0.000349,0.12,0.12,,50.75365
007_default_lapin-on_$\gamma0.3$,default,1000,0.8,200,2,2,0.0,-0.000369,0.285714,0.2857142857142857,,49.465917
007_default_lapin-on_$\gamma0.3$,default,1000,0.8,200,2,3,0.0,-0.000237,0.125,0.125,,49.1541
007_default_lapin-on_$\gamma0.3$,default,1000,0.8,200,2,4,0.0,-0.000201,0.0,0.0,,47.985877
007_default_lapin-on_$\gamma0.3$,default,1000,0.8,200,2,5,0.0,0.00089,0.076923,0.07692307692307693,,50.642537
007_default_lapin-on_$\gamma0.3$,default,1000,0.8,200,2,6,0.0,0.0002,0.166667,0.16666666666666666,,50.684878
007_default_lapin-on_$\gamma0.3$,default,1000,0.8,200,2,7,0.0,-0.000116,0.076923,0.07692307692307693,,49.645541
007_default_lapin-on_$\gamma0.3$,default,1000,0.8,200,2,8,0.0,-0.000396,0.347826,0.34782608695652173,,54.956285
007_default_lapin-on_$\gamma0.3$,default,1000,0.8,200,2,9,0.0,-2.9e-05,0.115385,0.11538461538461539,,51.950855
007_default_lapin-on_$\gamma0.3$,default,1000,0.8,200,2,10,0.0,-0.000213,0.2,0.2,,54.476684
008_default_lapin-on_$\gamma0.5$,default,1000,0.8,200,2,1,0.0,0.003852,0.12,0.12,,50.75365
008_default_lapin-on_$\gamma0.5$,default,1000,0.8,200,2,2,0.0,0.002054,0.285714,0.2857142857142857,,49.465917
008_default_lapin-on_$\gamma0.5$,default,1000,0.8,200,2,3,0.0,0.002679,0.125,0.125,,49.1541
008_default_lapin-on_$\gamma0.5$,default,1000,0.8,200,2,4,0.0,0.004717,0.0,0.0,,47.985877
008_default_lapin-on_$\gamma0.5$,default,1000,0.8,200,2,5,0.0,0.00685,0.076923,0.07692307692307693,,50.642537
008_default_lapin-on_$\gamma0.5$,default,1000,0.8,200,2,6,0.0,0.003149,0.166667,0.16666666666666666,,50.684878
008_default_lapin-on_$\gamma0.5$,default,1000,0.8,200,2,7,0.0,0.001309,0.076923,0.07692307692307693,,49.645541
008_default_lapin-on_$\gamma0.5$,default,1000,0.8,200,2,8,0.0,0.002282,0.347826,0.34782608695652173,,54.956285
008_default_lapin-on_$\gamma0.5$,default,1000,0.8,200,2,9,0.0,0.005678,0.115385,0.11538461538461539,,51.950855
008_default_lapin-on_$\gamma0.5$,default,1000,0.8,200,2,10,0.0,0.00325,0.2,0.2,,54.476684
009_default_lapin-on_$\gamma0.6$,default,1000,0.8,200,2,1,0.0,0.006432,0.12,0.12,,50.75365
009_default_lapin-on_$\gamma0.6$,default,1000,0.8,200,2,2,0.0,0.003142,0.285714,0.2857142857142857,,49.465917
009_default_lapin-on_$\gamma0.6$,default,1000,0.8,200,2,3,0.0,0.003212,0.125,0.125,,49.1541
009_default_lapin-on_$\gamma0.6$,default,1000,0.8,200,2,4,0.0,0.005845,0.0,0.0,,47.985877
009_default_lapin-on_$\gamma0.6$,default,1000,0.8,200,2,5,0.0,0.009379,0.076923,0.07692307692307693,,50.642537
009_default_lapin-on_$\gamma0.6$,default,1000,0.8,200,2,6,0.0,0.004519,0.166667,0.16666666666666666,,50.684878
009_default_lapin-on_$\gamma0.6$,default,1000,0.8,200,2,7,0.0,0.001386,0.076923,0.07692307692307693,,49.645541
009_default_lapin-on_$\gamma0.6$,default,1000,0.8,200,2,8,0.0,0.006294,0.347826,0.34782608695652173,,54.956285
009_default_lapin-on_$\gamma0.6$,default,1000,0.8,200,2,9,0.0,0.007443,0.115385,0.11538461538461539,,51.950855
009_default_lapin-on_$\gamma0.6$,default,1000,0.8,200,2,10,0.0,0.005605,0.2,0.2,,54.476684
010_default_lapin-on_$\gamma0.7$,default,1000,0.8,200,2,1,0.0,0.008666,0.12,0.12,,50.75365
010_default_lapin-on_$\gamma0.7$,default,1000,0.8,200,2,2,0.0,0.005639,0.285714,0.2857142857142857,,49.465917
010_default_lapin-on_$\gamma0.7$,default,1000,0.8,200,2,3,0.0,0.004485,0.125,0.125,,49.1541
010_default_lapin-on_$\gamma0.7$,default,1000,0.8,200,2,4,0.0,0.008119,0.0,0.0,,47.985877
010_default_lapin-on_$\gamma0.7$,default,1000,0.8,200,2,5,0.0,0.01301,0.076923,0.07692307692307693,,50.642537
010_default_lapin-on_$\gamma0.7$,default,1000,0.8,200,2,6,0.0,0.0086,0.166667,0.16666666666666666,,50.684878
010_default_lapin-on_$\gamma0.7$,default,1000,0.8,200,2,7,0.0,0.004911,0.076923,0.07692307692307693,,49.645541
010_default_lapin-on_$\gamma0.7$,default,1000,0.8,200,2,8,0.0,0.006455,0.347826,0.34782608695652173,,54.956285
010_default_lapin-on_$\gamma0.7$,default,1000,0.8,200,2,9,0.0,0.011127,0.115385,0.11538461538461539,,51.950855
010_default_lapin-on_$\gamma0.7$,default,1000,0.8,200,2,10,0.0,0.008,0.2,0.2,,54.476684
011_default_lapin-on_$\gamma0.8$,default,1000,0.8,200,2,1,0.0,0.011464,0.12,0.12,,50.75365
011_default_lapin-on_$\gamma0.8$,default,1000,0.8,200,2,2,0.0,0.004489,0.285714,0.2857142857142857,,49.465917
011_default_lapin-on_$\gamma0.8$,default,1000,0.8,200,2,3,0.0,0.004069,0.125,0.125,,49.1541
011_default_lapin-on_$\gamma0.8$,default,1000,0.8,200,2,4,0.0,0.010395,0.0,0.0,,47.985877
011_default_lapin-on_$\gamma0.8$,default,1000,0.8,200,2,5,0.0,0.012562,0.076923,0.07692307692307693,,50.642537
011_default_lapin-on_$\gamma0.8$,default,1000,0.8,200,2,6,0.0,0.01056,0.166667,0.16666666666666666,,50.684878
011_default_lapin-on_$\gamma0.8$,default,1000,0.8,200,2,7,0.0,0.006161,0.076923,0.07692307692307693,,49.645541
011_default_lapin-on_$\gamma0.8$,default,1000,0.8,200,2,8,0.0,0.007339,0.347826,0.34782608695652173,,54.956285
011_default_lapin-on_$\gamma0.8$,default,1000,0.8,200,2,9,0.0,0.012848,0.115385,0.11538461538461539,,51.950855
011_default_lapin-on_$\gamma0.8$,default,1000,0.8,200,2,10,0.0,0.008914,0.2,0.2,,54.476684
012_default_lapin-on_$\gamma0.9$,default,1000,0.8,200,2,1,0.0,0.010846,0.12,0.12,,50.75365
012_default_lapin-on_$\gamma0.9$,default,1000,0.8,200,2,2,0.0,0.004217,0.285714,0.2857142857142857,,49.465917
012_default_lapin-on_$\gamma0.9$,default,1000,0.8,200,2,3,0.0,0.005856,0.125,0.125,,49.1541
012_default_lapin-on_$\gamma0.9$,default,1000,0.8,200,2,4,0.0,0.011301,0.0,0.0,,47.985877
012_default_lapin-on_$\gamma0.9$,default,1000,0.8,200,2,5,0.0,0.011344,0.076923,0.07692307692307693,,50.642537
012_default_lapin-on_$\gamma0.9$,default,1000,0.8,200,2,6,0.0,0.008375,0.166667,0.16666666666666666,,50.684878
012_default_lapin-on_$\gamma0.9$,default,1000,0.8,200,2,7,0.0,0.004935,0.076923,0.07692307692307693,,49.645541
012_default_lapin-on_$\gamma0.9$,default,1000,0.8,200,2,8,0.0,0.007252,0.347826,0.34782608695652173,,54.956285
012_default_lapin-on_$\gamma0.9$,default,1000,0.8,200,2,9,0.0,0.011646,0.115385,0.11538461538461539,,51.950855
012_default_lapin-on_$\gamma0.9$,default,1000,0.8,200,2,10,0.0,0.009242,0.2,0.2,,54.476684
