Node,Cluster_0,Cluster_I,Cluster_II,Cluster_III,Cluster_IV,Cluster_V,Cluster_VI,Cluster_VII,Cluster_VIII,Cluster_IX,Cluster_X,Cluster_XI,Cluster_XII,Cluster_XIII,Cluster_XIV,Cluster_XV,Cluster_XVI,Predicted Label,Ground-Truth Label
0,0.0,0.0,0.07117711985953847,0.0,0.0,0.0,0.0,0.0,0.0003088969459991024,0.00020250685978444414,0.0,0.0,1.4430984155704113e-13,0.0,0.019546650820066472,0.0,0.0,[2],[2]
1,0.0,0.0,0.05594939434506008,0.0,0.0,0.0,0.0,0.0,0.0,0.0002172645607917812,0.0,0.0,6.829098332359852e-13,0.0,0.01852141261177136,0.0,0.0,[2],[2]
2,0.0,0.08732739214948687,0.0,0.0,0.0,0.0,0.0,0.0,0.0013897459034803313,0.0,0.0007918552205836257,0.0,1.919401216830985e-12,0.0,0.0011618862936036793,0.00034325624441941966,3.589421622657324e-14,[1],"[3, 14]"
3,0.0,0.0826249334033503,0.0,6.218474998359376e-05,0.0,0.0,0.0,0.0,0.0005519942293728909,0.0,0.0005257632851715245,0.0,9.04107604862326e-14,0.0,0.0,0.0002957952537182079,0.0,[1],[14]
4,0.0,0.0,0.025792940027986114,0.0,0.0009583583364529419,0.0007171873047103455,0.0002488903714501076,0.00024757202998266776,0.0018054467339105092,0.0,0.03678147768350582,0.0020952885680973732,4.6107466921188126e-12,0.0,0.00494891469454812,0.007852312388591317,0.0,"[2, 10]",[8]
5,0.0,0.0,0.020192238182818494,0.0,0.0,0.010264527861884629,0.01247901031358443,0.0,0.0,0.0018148574348416046,0.0758118244627192,0.004077095681319044,0.0,0.0,0.0,0.0012782478616118287,0.0,[10],[-1]
6,0.0,0.0,0.07881709514595175,0.0,0.0,0.0,0.0,0.0,0.0,0.0,0.0,0.10460958633181831,1.3575857690181776e-12,0.0,0.0,0.0,0.0,"[2, 11]",[0]
7,0.0,0.0,0.040421134560983805,0.0,0.0,0.0,0.0,0.0,0.0,0.0,0.0,0.13599528890087786,0.0,0.0,0.0,0.0,0.0,[11],[0]
8,0.0,0.0,0.0852472690970179,0.0,0.0,0.0,0.0,0.0,0.0,9.798447339898375e-05,0.0,0.0,0.0,0.0,0.012414404188008642,0.0,7.502197158205737e-14,[2],[2]
9,0.0,0.0,0.041041706611727714,0.0,0.0,0.0,0.0,0.0,0.02823011786361016,0.0,0.017504649809661828,0.0,2.668313027903427e-12,0.0,0.0,0.0018120588903011699,9.980834360903627e-14,"[2, 8]",[14]
10,0.0,0.09043036708903548,0.0,6.742305160749896e-05,0.0,0.0,0.0,0.0,0.0006531394272615503,0.0,0.0005450651005654539,0.0,0.0,0.0,0.0,0.0002936257990329457,0.0,[1],[14]
11,0.0,0.08564178864674478,0.0,0.00023930931576541086,0.0,0.0,0.0,0.0,0.0005696265189482234,0.0,0.0004909096306127735,0.0,5.953423942282964e-13,0.0,0.0006461408303527764,0.0002507308922241942,0.0,[1],[14]
12,0.0,0.06562908810908438,0.0,4.0610033048512236e-05,0.0,0.0,0.0,0.0,9.699599726265507e-06,0.0,0.0,0.0,0.0,0.0,0.0,5.0413842951690254e-05,1.0061646722055313e-14,[1],[14]
13,0.0,0.0684044546480675,0.0,4.6237670439254594e-05,0.0,0.0,0.0,0.0,8.267350770181117e-05,0.0,0.0,0.0,5.081069631942943e-14,0.0,0.0,0.0,0.0,[1],[14]
14,0.0,0.08244543949808768,0.0,0.0002713627612686928,0.0,0.0,0.0,0.0,0.0004674011747442977,0.0,0.00048573520473752326,0.0,0.0,0.0003409719722602669,0.00141654041166157,0.0005858142073414445,2.7221797664705774e-14,[1],[14]
15,0.0,0.07541923302193568,0.0,0.00020230913935201668,0.0,4.4960240851264114e-05,0.0,0.0,0.0008404572304396043,0.0,0.0012172504508561077,0.0,0.0,8.117264893880181e-05,0.0015118299341590087,0.00042081429193482233,0.0,[1],[14]
16,0.0,0.10137810919442983,0.0,0.0,0.0062461252799395385,0.0,0.0,0.004998959970464505,0.0014210352057873095,0.0,0.0,0.0,1.816912282560118e-12,0.0,0.0,0.0,2.656703362224074e-15,[1],[14]
17,0.0,0.08260434233377459,0.0,8.124790778920626e-05,0.0,0.0,0.0,0.0,0.0004548888140991206,0.0,0.00027898123772268597,0.0,0.0,0.0,0.0,0.0002596238216859992,0.0,[1],[14]
18,0.0,0.09730309174750054,0.0,0.00010569755134209077,0.0,0.0,0.0,0.0,0.0004471961852560856,0.0,0.0001865670568490889,0.0,1.285955729861901e-12,0.0,0.0,0.000278371231760798,2.4144033092134557e-13,[1],[14]
19,0.0,0.07362395843136138,0.0,0.00036459445315764475,0.0,1.766058077387632e-05,0.0,0.0,0.00046363672168827464,0.0,0.0006035668127842169,0.0,9.980897267353532e-14,0.00020047632349799453,0.0024504150284787836,0.000601906175082325,0.0,[1],[14]
20,0.0,0.042476180306844094,0.0,0.0004493022518200414,0.0,2.978164325224605e-05,0.000219546810197409,0.0,0.00029506699932146084,0.0,0.0004504653095767703,0.0,0.0,8.792505305161533e-05,0.003376606022268243,0.0006170833581909556,5.903479305864549e-14,[1],[14]
21,0.0,0.0,0.06666161965016217,0.0,0.0,0.0,0.0,0.0,0.0,2.402508325339289e-05,0.0,0.0,0.0,0.0,0.015121766858074027,0.0,1.5045792302338721e-13,[2],[2]
22,0.0,0.0,0.06293180430927606,0.0,0.0,0.0,0.0,0.0,0.0002814193805419084,0.00030659959872529694,0.0,0.0,1.4914335873158145e-12,0.0,0.018848755866548675,0.0,2.70509068534581e-14,[2],[2]
23,0.0,0.08262247363796693,0.0,0.00012681472162990502,0.0,4.187653471177934e-05,0.0,0.0,0.0007447207390939035,0.0,0.0011182328893970704,0.0,3.381923208883162e-13,0.00014251073592316685,0.0006500738270485406,0.0007241827424809282,3.710951543970873e-14,[1],[14]
24,0.0,0.0,0.08477356525900574,0.0,0.0,0.0,0.0,0.0,0.003312729180059585,5.3229215219732154e-05,0.0,0.0,0.0,0.0,0.003974345269424418,0.0,2.9751679469955213e-14,[2],[2]
25,0.0,0.0,0.06576456280484728,0.0,0.0,0.0,0.0,0.0,0.0,0.00015595159325302362,0.0,0.0,0.0,0.0,0.01869476267188487,0.0,0.0,[2],[2]
26,0.0,0.0,0.0705804917803111,0.0,0.0,0.0,0.0,0.0,0.0011347864493952344,0.0007942635558728785,0.0035398437036946308,0.0,0.0,0.016220937621819056,0.01458744381403748,0.0031392526781065786,1.3032553858660918e-13,[2],[2]
27,0.0,0.0,0.061141614342048664,0.0,0.0,0.0,0.0,0.0,0.005530631448394987,0.0,0.0,0.0,0.0,0.0012527184995359047,0.011436281142051781,0.0,0.0,[2],[2]
28,0.0,0.08995049655130116,0.0,0.00018270985566323588,0.0,2.0772453850093077e-05,0.0,0.0,0.0006932527369714541,0.0,0.0007248729045247135,0.0,1.7260023246744409e-13,0.0,0.0005304630042193406,0.0003053673536638308,1.2502534488406996e-13,[1],[14]
29,0.0,0.10057461677099093,0.0,0.00012411826248411443,0.0,0.0,0.0,0.0,0.00014962160915475733,0.02089099787920954,0.0,0.0,0.0,0.0002125840538808601,7.792817551145603e-05,0.0002789152477489726,6.427490995011483e-14,[1],[14]
30,0.0,0.02328416271235308,0.0,1.3741830601969692e-05,0.0,0.0,0.0,0.0,0.0,0.0676335437973883,0.0,0.0,2.085326535054387e-12,0.00040560375570461703,1.2658308464515286e-05,0.0003019082219081133,9.335880149218683e-15,[9],[14]
31,0.0,0.052432260243970415,0.0,3.361589972691625e-05,0.0,0.0,0.0,0.0,0.0,0.11111454450239577,0.0,0.0,1.2555065292134272e-14,4.853738421119001e-06,0.0,4.90377506919427e-05,8.284135604497117e-14,[9],[14]
32,0.0,0.0,0.05477993185753817,0.0,0.0,0.0,0.0,0.0,0.11032625210576928,0.0,0.027298382941549133,0.026255137796628494,0.0,0.0,0.0,0.0022302005110995705,0.0,[8],[7]
33,0.0,0.0,0.030430383177223894,0.0,0.0,0.0,0.0009288573324774099,0.0,0.06633182821023643,0.0,0.02852522613469619,0.028328592629636672,3.4971496318603213e-13,0.0,0.0,0.0,1.520569572765932e-13,[8],[7]
34,0.0,0.0,0.053386171417985975,0.0,0.0,0.0,0.005192564346069474,0.0,0.021686172985578994,0.0,0.04460394790685329,0.027823298197200155,3.076347389151548e-12,0.05534956787655762,0.00995480706643065,0.0,9.889453012050374e-14,"[2, 10, 13]",[5]
35,0.0,0.0,0.04731920698830035,0.0,0.0,0.0,0.0036068392536292414,0.0,0.05092354443218466,0.0,0.02532950749604792,0.017600144768504907,3.8576862254989585e-12,0.0,0.0,0.0011427116606985903,0.0,"[2, 8]",[7]
36,0.0,0.0,0.07626405584331324,0.0,0.0,0.0,0.0,0.0,0.0242497419123371,0.0,0.0,0.0,0.0,0.0,0.011542291629589993,0.0,1.111005014387531e-14,[2],[2]
37,0.0,0.0,0.04728018254149482,0.0,0.0,0.0,0.0,0.0,0.007047306043146246,0.0,0.0,0.0,2.041088867354529e-13,0.0,0.0025061704095782713,0.0,0.0,[2],[2]
38,0.0,0.07342273799947181,0.0,3.822968634376187e-05,0.0,0.0,0.0,0.0,0.00012760188966249791,0.0,0.0,0.0,1.1216047073836207e-13,0.0,0.0,0.0,4.9327599426191955e-14,[1],[14]
39,0.0,0.06620529671995537,0.0,3.224575128744717e-05,0.0,0.0,0.0,0.0,3.173086984753852e-05,0.0,0.0,0.0,0.0,0.0,0.0,9.073634860280285e-05,0.0,[1],[14]
40,0.0,0.0,0.04794868759300984,0.0,0.0,0.0004647519488120207,0.0003990554900482366,0.0,0.0,0.00696626054616769,0.051658880037899604,0.0,1.7124770159702158e-12,0.018431444003638796,0.012936559732800338,0.011055595030341845,4.613872017856976e-15,"[2, 10]",[2]
41,0.0,0.0,0.036479558592326405,0.0,0.0,0.0,0.0,0.0,0.0,0.0007139651776088093,0.0,0.0,0.0,0.03203275479474241,0.007629487066284662,0.008409729364155388,0.0,"[2, 13]",[2]
42,0.0,0.025770129815188055,0.0,1.7794640940395545e-05,0.0,0.0,0.0,0.0,0.0,0.14887238539900657,0.0,0.00013196491589375286,2.0522850236319724e-12,0.0,0.0004871110476790288,0.0,4.713706764706065e-15,[9],[14]
43,0.0,0.0433568992545195,0.0,4.5702632032139296e-05,0.0,0.0,0.0,0.0,0.0,0.2208469715363133,0.0,0.00017361583230112595,9.133829757668906e-14,0.0,0.0007860307945580412,0.0,0.0,[9],[14]
44,0.0,0.0,0.07256654704345471,0.0,0.0,0.0,0.0,0.0,0.019715651061845828,0.0,0.0,0.0,6.305659608709629e-13,0.0,0.0,0.0003522648391985904,8.857783443876616e-14,[2],[2]
45,0.0,0.08941191167784536,0.0,0.00022916180565167257,0.0,0.0,0.0,0.0,0.00035820364977446,0.0,2.22287542156435e-05,0.0,0.0,0.0,0.0,3.74965146347085e-05,0.0,[1],[14]
46,0.0,0.09771430849483637,0.0,0.00022853293831485942,0.0,0.0,0.0,0.0,0.0003402505662995566,0.0,0.0,0.0,6.219975212137343e-13,0.0,0.0001043493245760829,0.00012742935679542616,0.0,[1],[14]
47,0.0,0.08499094000704885,0.0,0.0,0.0,0.0,0.0,0.0,0.0,0.04886776416108324,0.0,0.001534251085308628,0.0,0.0007156360056951487,0.0,0.0,0.0,[1],[14]
48,0.0,0.05720933886675355,0.0,4.9953576663526176e-05,0.0,0.0,0.0,0.0,0.00039574896200379885,0.0,0.000426766815279049,0.0,5.187036068534045e-13,0.0,0.0,4.353965604519269e-05,3.4914593867852324e-14,[1],[14]
49,0.0,0.08603333046039269,0.0,0.00022211787539999238,0.0,6.009084918675381e-06,0.0,0.0,0.0006553071957895553,0.0,0.0006404877802420514,0.0,1.7983112522543557e-13,0.0,0.0006897743966344356,0.0003177510962478537,0.0,[1],[14]
50,0.0,0.0,0.06135167733736061,0.0,0.0,0.0,0.0,0.0,0.0,0.0006654263451274575,0.0,0.0,1.4329745311250476e-12,0.05324523307491154,0.010290264708047895,0.008189306237607108,2.4829645527792796e-15,"[2, 13]",[2]
51,0.0,0.0,0.08434234070025093,0.0,0.0,0.0,0.0,0.0,0.0,0.000679483472229062,0.0,0.0,0.0,0.03217140805680995,0.015019697214526046,0.004089030580564226,1.1954525546148073e-13,[2],[2]
52,0.0,0.0,0.07831891309881925,0.0,0.0,0.0,0.0,0.0,0.0,0.0,0.0,0.0,3.0361656064481146e-13,0.0,0.013876555343548737,0.0,0.0,[2],[2]
53,0.0,0.0,0.05072476066342322,0.0,0.0,0.0,0.0,0.0,0.02293238106688648,0.0,0.014079898849630137,0.0,0.0,0.0,0.003836343360389863,0.0007412411690642513,2.2108228473305566e-14,[2],[3]
54,0.0,0.0,0.04374728287206841,0.0,0.0,0.0,0.0,0.0,0.0,0.0004024121774485508,0.0,0.0,1.075721878022278e-12,0.03672631647792452,0.006161723001526243,0.008141589708116397,0.0,"[2, 13]",[2]
55,0.0,0.0,0.07740664717342059,0.0,0.0,0.0,0.0,0.0,0.0,0.0004662564528780252,0.0,0.0,0.0,0.02348146197787672,0.015024321370676826,0.0,6.916610848077037e-14,[2],[2]
56,0.0,0.0,0.08702020506526267,0.0,0.0,0.0,0.0,0.0,0.0,0.0002554939579622769,0.0,0.0,7.612657076333544e-13,0.0,0.024992085240510904,0.0,2.048339177900109e-14,[2],[2]
57,0.0,0.0,0.05816290022418852,0.0,0.0,0.0,0.0002461481623968478,0.0,0.024975539782496076,0.0,0.03585115940118268,0.018929488579502135,4.812801530078345e-13,0.0005500254847600416,0.0022461414863343978,0.0,0.0,"[2, 10]",[5]
58,0.0,0.09766894283217474,0.0,0.0,0.0,0.0,0.0,0.0,0.0,0.07707950600951395,0.0,0.0,0.0,0.0,0.0,0.0,5.1199985512389273e-14,"[1, 9]",[14]
59,0.0,0.06958027168021848,0.0,0.0,0.0,0.0,0.0,0.0,0.0,0.026116465023009676,0.0,0.00010749114991485002,0.0,0.0,0.0,0.0,0.0,[1],[14]
60,0.0,0.0670530698442891,0.0,4.214335401470046e-06,0.0,2.513903207902524e-05,0.0,0.0,0.0006183937880826989,0.0,0.0008547425616676031,0.0,0.0,0.00012725447406688114,0.0,0.00022499330987712075,0.0,[1],[14]
61,0.0,0.0978643458161024,0.0,6.115075509238098e-05,0.0,0.0,0.0,0.0,0.0005728262130736484,0.0,0.00040045835695442405,0.0,0.0,0.0,0.0,0.0004074150960029658,0.0,[1],[14]
62,0.0,0.08765452574250597,0.0,0.0,0.0,1.3285203162109319e-05,0.0,0.0,0.0006906788686173444,0.0,0.000812401254816664,0.0,0.0,0.00011479678328709169,0.0,0.0005227213516367896,1.999917661113108e-13,[1],[14]
63,0.0,0.07719157793862669,0.0,0.0003394748595452688,0.0,0.000587679528690415,0.0060275342511078795,0.0,0.0006418668821329931,0.0,0.0008454879408541987,0.0,1.662163702065264e-12,6.594961777586805e-05,0.015039714297256382,0.0,0.0,[1],[14]
64,0.0,0.0,0.019928476683226472,0.0,0.0,0.001182533506750114,0.0024059256611569687,0.0,0.0002572228126589581,3.1429300564482394e-05,0.048293045467679305,0.0254257638431789,0.0,0.08315249833865364,0.012536639658078825,0.0,2.4551476345160286e-14,[13],[5]
65,0.0,0.0,0.02634523559428151,0.001010404770702304,0.0,0.0,0.0036617569318470006,0.0,0.00937233033801552,0.0,0.04565635317951711,0.030132389675503468,3.6286418788340896e-12,0.09512995733459391,0.0279549669457013,0.0,0.0,[13],[5]
66,0.0,0.0687592197698504,0.0,6.096798876819003e-05,0.0,0.0,0.0,0.0,0.0004476378177638381,0.0,0.00017955909153795108,0.0,1.323867844553379e-13,0.0,0.0,0.0,3.532500610879695e-14,[1],[14]
67,0.0,0.0942793745650261,0.0,0.00017927676045108843,0.0,1.064975340896108e-05,0.0,0.0,0.000712125783071871,0.0,0.0008176203965018197,0.0,5.984203827307613e-14,5.3714134635350545e-05,0.00017255417013741964,0.0002851329603103166,2.0156194232916454e-13,[1],[14]
68,0.0,0.0,0.041265785182506315,0.0,0.0,0.0,0.0,0.0,0.0,0.0,0.0,0.14071345888311312,3.928401017779739e-12,0.0,0.0,0.0,0.0,[11],[0]
69,0.0,0.0,0.04270810569439535,0.0,0.0,0.0,0.0,0.0,0.0,0.0,0.0,0.07823591048984978,0.0,0.0,0.0,0.0,1.303566081352021e-14,[11],[0]
70,0.0,0.08895990220946443,0.0,3.0268957623694933e-05,0.0,0.0,0.0,0.0,0.0005878329951613496,0.0,0.0005196905595365906,0.0,0.0,0.0,0.0,0.0003358734783748715,0.0,[1],[14]
71,0.0,0.07643357742246562,0.0,3.0261973477730172e-05,0.0,1.0767769202566726e-07,0.0,0.0,0.0004981549656539465,0.0,0.0005850241538753622,0.0,0.0,0.00037667918641997954,0.0,0.0005386275367901674,6.985045076093411e-14,[1],[-1]
72,0.0,0.05973866459030606,0.0,2.8736350320599722e-05,0.0,0.0,0.0,0.0,0.0,0.012311942204705459,0.0,0.0,0.0,0.0,0.0,0.0,0.0,[1],[14]
73,0.0,0.0,0.064331038189869,0.0,0.0,0.0,0.0,0.0,0.0,0.00013395221476133527,0.0,0.0,0.0,0.0,0.017965092194558795,0.0,0.0,[2],[2]
74,0.0,0.0,0.06887839211971486,0.0,0.0,0.0,0.0,0.0,0.0,0.00041880277728689215,0.0,0.0,6.810221197850667e-13,0.0037117021420129963,0.01714102624134671,0.0,0.0,[2],[2]
75,0.0,0.06801297838448699,0.0,1.558989150904506e-05,0.0,8.567530740450957e-06,0.0,0.0,0.0006360410270550047,0.0,0.0009614864194819293,0.0,0.0,0.0003835771014471178,0.0,0.00030149597340949617,0.0,[1],[14]
76,0.0,0.043298078942235196,0.0,0.0004171446080202992,0.0,0.0,2.684617914695144e-05,0.0,0.0002545238804399225,0.0,0.0005736202747017256,4.688452914860751e-05,9.681541349553382e-13,0.0008738525099206973,0.002896289706555131,0.0009443893519871844,0.0,[1],[14]
77,0.0,0.0,0.06253573380093624,0.0,0.0,0.0,0.0,0.0,0.0038709081766348124,3.386206863494144e-05,0.0,0.0,0.0,0.0,0.013013541914947005,0.0,0.0,[2],[2]
78,0.0,0.0,0.03935252294210711,0.0,0.0,0.000451381293888942,0.000838721291291832,0.0,0.0,0.0007209543680056739,0.02128253637210426,0.0,2.3636225517614975e-12,0.0,0.0,0.0,5.317510013147697e-14,[2],[8]
79,0.0,0.0,0.04378733730459597,0.0,0.0,0.0,0.0,0.0,0.0010931812519546248,0.0,0.0,0.0,0.0,0.0,0.007130457217572587,0.0,6.56222607213244e-14,[2],[2]
80,0.0,0.07148268818023391,0.0,2.5978225219109104e-05,0.0,0.0,0.0,0.0,0.00012895647924822257,0.0,0.0,0.0,0.0,0.0,0.0,9.41823809051259e-05,1.3492780749384312e-13,[1],[14]
81,0.0,0.07401925320097283,0.0,4.867719377477789e-05,0.0,0.0,0.0,0.0,0.00033096649319911537,0.0,0.0001015059886293946,0.0,3.5393177632444496e-13,0.0,0.0,0.00039256748127232887,1.1786731221981904e-13,[1],[14]
82,0.0,0.07667654713853476,0.0,0.00034290272163757095,0.0,2.9000328559200988e-05,0.0,0.0,0.0006740616277163674,0.0,0.0009462544799378376,0.0,2.8737473266944256e-13,0.00033927655230474665,0.002238434004033196,0.0006177643016704852,0.0,[1],[14]
83,0.0,0.07504481215772017,0.0,3.343865532980699e-05,0.0,1.3128736181750404e-06,0.0,0.0,0.0006770628186285039,0.0,0.000648060221040207,0.0,0.0,0.0,0.0,8.717713348167817e-05,3.672472473485738e-14,[1],[14]
84,0.0,0.030087815910317693,0.0,2.2055468160719455e-05,0.0,0.0,0.0,0.0,0.00029877159558882205,0.0,0.00025532569954101657,0.0,0.0,0.0,0.0,0.0,2.1226943024665228e-14,[1],[14]
85,0.0,0.08422498013994642,0.0,7.373232063330852e-05,0.0,0.0,0.0,0.0,0.0005458193439351201,0.0,0.0005025690342009058,0.0,0.0,0.0,0.0,0.0003363476984930678,1.3155108841003736e-13,[1],[14]
86,0.0,0.0,0.049322687035504756,0.0,0.0,0.0,0.0,0.0,0.0,0.00010777351458965095,0.0,0.0,5.034210657053054e-13,0.0,0.014472754312917818,0.0,9.500991901400222e-14,[2],[2]
87,0.0,0.0,0.029637155841321414,0.0,0.0,0.0,0.0,0.0,0.03220695901873082,0.0,0.01724860192954732,0.007953617560575454,0.0,0.0,0.0,0.0,0.0,"[2, 8]",[7]
88,0.0,0.0,0.03329971542479786,0.0,0.0,0.0,0.0,0.0,0.015729202997455363,0.0,0.020864071429998212,0.013310377392609178,9.80495440169264e-13,0.0,0.00017575209246594093,0.002591809846930403,2.41539005390379e-14,"[2, 10]",[8]
89,0.0,0.03826708898345567,0.0,0.0,0.0,0.0007843055784141331,8.527683109125936e-06,0.0,0.007238817138181996,0.0,0.009858205178744962,0.0,4.177954157044309e-12,0.0,0.0017316718572416069,0.0030199984277075307,0.0,[1],[14]
90,0.0,0.0,0.024671269705709205,0.0,0.0,0.04166668824635935,0.0,0.0,0.021857372867045876,0.0,0.005846932613880668,0.004333869186442834,0.0,0.0002986990220919625,0.0,0.001725478649534441,0.0,[5],[10]
91,0.0,0.07799792321154787,0.0,0.0,0.0,0.0,0.0,0.0,0.0005727275998527649,0.0,0.00013593643826118537,0.0,1.0490518208105842e-14,0.0,0.0,0.000727220980398087,8.775524765724637e-14,[1],[14]
92,0.0,0.08553832164571049,0.0,1.978391471814292e-05,0.0,6.37278269667231e-06,0.0,0.0,0.0005879819043761237,0.0,0.0006922811595366914,0.0,0.0,0.00022754621795023118,0.0,0.0005027663776413587,0.0,[1],[14]
93,0.0,0.0,0.02377626572825363,0.0,0.0,0.0,0.005554303880561798,0.0,0.005862827320813255,0.0,0.007554977163869222,0.008906741496301994,6.888860967762389e-13,0.0,0.0030790294928858116,0.0,0.0,[2],[7]
94,0.0,0.0,0.02758004200090369,0.0,0.0,0.0,0.0,0.0,0.01555161871574606,0.0,0.005869352206163144,0.017987674712874272,4.13316524276485e-13,0.0,0.0,0.0,5.569295736930924e-14,"[2, 11]",[7]
95,0.0,0.06860848920164624,0.0,2.8424824527496244e-05,0.0,1.9918590717397328e-05,0.0,0.0,0.0006225779182621284,0.0,0.000910723566313203,0.0,0.0,0.0003551374835987642,0.00017840889852465807,0.0002555207192421006,5.426971152883727e-14,[1],[14]
96,0.0,0.07829724567485781,0.0,0.0,0.0,0.0,0.0,0.0,0.0001483140194233358,0.0,0.0,0.0,1.7796508696889402e-13,8.678241473723465e-05,0.0,0.0001100176827862677,4.740609953313334e-14,[1],[14]
97,0.0,0.0,0.05345496720139936,0.0,0.0,0.0,0.0,0.0,0.0,0.0,0.0,0.0,1.2613942554317624e-12,0.0011621234865159626,0.00439199640745593,0.0,1.0588056021999555e-13,[2],[2]
98,0.0,0.0,0.07242355367814307,0.0,0.0,0.0,0.0,0.0,0.0005944286491285944,9.305830211176313e-05,0.0,0.0,3.327856312190684e-14,0.0,0.018046334927165564,0.0,0.0,[2],[2]
99,0.0,0.0,0.02333358980262716,0.0,0.0,0.0,0.0006838273123154883,0.0,0.04976293897439187,0.0,0.021238813540261497,0.02367525063359209,1.2945857070909276e-12,0.0,0.0,0.0,0.0,[8],[7]
100,0.0,0.0,0.06067543766863368,0.0,0.0,0.0,0.0,0.0,0.21924603041434293,0.0,0.03137266217230841,0.020527600575401775,0.0,0.0,0.0,0.002780743685319733,2.976787683102743e-14,[8],[7]
101,0.0,0.0,0.049582399515300135,0.0,0.0,0.0,0.0,0.0,0.0,0.0,0.0,0.050863018970892356,0.0,0.0,0.0,0.0,0.0,"[2, 11]",[0]
102,0.0,0.0,0.04288267915839618,0.0,0.0,0.0,0.0,0.0,0.0,0.0,0.0,0.037067801822976816,0.0,0.0,0.0,0.0013070328040498062,0.0,"[2, 11]",[0]
103,0.0,0.0,0.03975466462905441,0.0,0.0,0.0,0.0,0.0,0.0005066412637940489,0.0,0.0,0.0,1.9181689192210427e-12,0.0,0.006424653557182287,0.0,6.238080745036618e-14,[2],[2]
104,0.0,0.0,0.06415947626359574,0.0,0.0014572875662612471,0.0,0.0,0.0,0.0002126517058465401,0.0,0.0,0.0,0.0,0.0,0.0,0.0,0.0,[2],[2]
105,0.0,0.0,0.03182626949156303,0.0,0.0,0.0005714752539536761,0.0,0.0,0.0334903718491271,0.0,0.026839094932423792,0.0,2.2994289445212195e-12,0.0,0.0,0.004046598099394538,0.0,"[2, 8, 10]",[7]
106,0.0,0.0,0.034448866332315614,0.0,0.0,0.0,0.0,0.0,0.020257546794132466,0.0,0.03170207496868092,0.011620494103811661,0.0,0.0,0.0,0.006615874942809889,1.0058022645224885e-13,"[2, 10]",[8]
107,0.0,0.0,0.0819707415046659,0.0,0.0,0.0,0.0,0.0,0.0,0.00034028265837802844,0.0,0.0,3.4712651038999514e-12,0.022961946692603322,0.01853972121508355,0.0,7.156037924688085e-14,[2],[2]
108,0.0,0.0,0.07275617407387013,0.0,0.0,0.0,0.0,0.0,0.0,0.00024355408692044504,0.0,0.0,6.623901972008378e-13,0.0,0.018541822827026377,0.0,9.000340937768136e-14,[2],[2]
109,0.0,0.0,0.050192619835358415,0.0,0.0,0.0,0.0,0.0,0.0,0.0,0.0,0.1507120179636927,0.0,0.0,0.0,0.0,0.0,[11],[0]
110,0.0,0.04163597989047714,0.0,6.943316007425012e-05,0.0,0.0,0.0,0.0,0.0,0.04290099633332964,0.0,0.0,1.3462279334487321e-12,4.985362159127481e-07,0.0,0.00010681446353751634,0.0,"[1, 9]",[14]
111,0.0,0.016672011095860365,0.0,9.423612207793957e-06,0.0,0.0,0.0,0.0,0.0,0.020121444080972713,0.0,0.0,0.0,0.0,0.0,0.0,0.0,"[1, 9]",[14]
112,0.0,0.04895960545276405,0.0,2.6601157570714843e-05,0.0,0.0,0.0,0.0,0.0,0.010094173643096057,0.0,0.0,0.0,0.0,0.0,1.7368928979309887e-05,0.0,[1],[14]
113,0.0,0.03632114973173615,0.0,0.0,0.0,0.0010438911995589602,0.0,0.0,0.006178569290683675,0.0,0.015014008917500992,0.0,2.3612353400505305e-12,0.012363465119930486,0.0,0.0031979332697901494,4.8868094140397405e-15,[1],[14]
114,0.0,0.0,0.060737434080906115,0.0,0.0,0.0,0.0,0.0,0.008631511940439998,0.0,0.0,0.0,1.382912608675055e-12,0.0,0.005851858734663793,0.0,4.7118639831630625e-14,[2],[8]
115,0.0,0.0,0.030174535925024188,0.0,0.0,0.0,0.0,0.0,0.0,0.0,0.0,0.08503558332112741,0.0,0.0,0.0033968903495336395,0.03241931260229493,7.301003287536176e-15,[11],[0]
116,0.0,0.0,0.025324792563526936,0.0,0.0,0.0,0.0007102000959104702,0.0,0.0,1.729675183550391e-05,0.0,0.03675431444951598,3.776561261979169e-12,0.0,0.001968009368117735,0.01102125059757149,8.773596345310983e-15,"[2, 11]",[8]
117,0.0,0.09322060954850808,0.0,8.85242932014754e-05,0.0,0.0,0.0,0.0,0.0,0.01439852747434666,0.0,0.0,0.0,0.0,0.0,4.5419960067161574e-05,0.0,[1],[14]
118,0.0,0.09549531137756294,0.0,3.928179485015578e-05,0.0,0.0,0.0,0.0,0.0002852857685257226,0.0,0.0,0.0,0.0,0.0,0.0,5.165385094020204e-06,0.0,[1],[14]
119,0.0,0.0,0.03919422939879893,0.0,0.0,0.0,0.0,0.0,0.0,0.00039794465578638853,0.0,0.0,0.0,0.03235843571668654,0.00838923960700756,0.003999366504796361,0.0,"[2, 13]",[2]
120,0.0,0.0,0.056834717387118865,0.0,0.0,0.0,0.0,0.0,0.0,0.0007095717929090788,0.00041369782362357514,0.0,2.6940751650181305e-13,0.04156525365510656,0.011395124124489068,0.006031777567852532,1.4748987658149662e-13,"[2, 13]",[2]
121,0.0,0.06689965126924699,0.0,4.602206690098042e-05,0.0,0.0,0.0,0.0,0.0003261052251133597,0.0,0.00019471848370219416,0.0,1.6985224971482697e-13,8.194226726445042e-06,0.0,0.0003934591188907402,0.0,[1],[14]
122,0.0,0.07501324845948491,0.0,5.017405241732651e-05,0.0,0.0,0.0,0.0,0.0005689886330023938,0.0,0.0006027038583916956,0.0,0.0,0.0,0.0,0.0002315576435071012,9.854181092536336e-14,[1],[14]
123,0.0,0.08731316338598823,0.0,8.900266788216833e-05,0.0,0.0,0.0,0.0,0.0005740861132969826,0.0,0.0004068500021598152,0.0,3.38046978281997e-13,0.0,0.0,0.00028163527447535333,2.7179975759484566e-14,[1],[14]
124,0.0,0.04851104318093537,0.0,5.272877274736718e-05,0.0,0.0,0.0,0.0,0.00041153387209018376,0.0,0.0003911328361851296,0.0,0.0,0.0,0.0,0.0,5.569794110075633e-14,[1],[14]
125,0.0,0.0,0.05235658317850712,0.0,0.0,0.0,0.0005472411105500601,0.0,0.0,0.0,0.0,0.15956359650028185,0.0,0.0,0.0,0.0,2.0913704407622515e-13,[11],[0]
126,0.0,0.08282461963371347,0.0,4.6101913318895825e-05,0.0,7.004443647001305e-06,0.0,0.0,0.0007432314803435873,0.0,0.000775157699039669,0.0,0.0,0.0,6.517299941855709e-06,0.00032922683746857757,0.0,[1],[14]
127,0.0,0.06971249825388362,0.0,2.553180100051014e-05,0.0,0.0,0.0,0.0,0.0,0.053218552662817366,0.0,0.0,2.5555315486324686e-13,0.0,0.0,0.0,0.0,"[1, 9]",[14]
128,0.0,0.08950738927602095,0.0,0.0,0.0,0.0,0.0,0.0,0.00045224460288900855,0.0,0.0,0.0,3.3974199506985463e-13,0.0,0.0,0.0,0.0,[1],[14]
129,0.0,0.06363488539015795,0.0,2.8421159127178127e-05,0.0,0.0,0.0,0.0,0.0,0.01024368153082947,0.0,0.0,5.904316072506217e-14,0.0,0.0,0.0,0.0,[1],[14]
130,0.0,0.07559405402064023,0.0,2.09518519975555e-05,0.0,8.721706780675715e-08,0.0,0.0,0.0005780351478401252,0.0,0.0006962930020097919,0.0,7.754775540889125e-13,2.998230698479881e-06,0.0,0.0006147748845509024,0.0,[1],[14]
131,0.0,0.09002146999575933,0.0,1.5624375434891507e-05,0.0,2.270829336545636e-06,0.0,0.0,0.0006792371955834445,0.0,0.000795250488452717,0.0,0.0,0.00019176891610870976,0.0,0.00040485370040496465,0.0,[1],[14]
132,0.0,0.0,0.06653103972286345,0.0,0.0,0.0,0.0,0.0,0.0,3.696522643936616e-05,0.0,0.0,0.0,0.0,0.009780250225674074,0.0,0.0,[2],[2]
133,0.0,0.08716000410331153,0.0,0.0,0.0,1.4445323848061311e-05,0.0,0.0,0.0008115853709371334,0.0,0.0010363111525658023,0.0,0.0,0.0,0.0,0.0004382006888453539,0.0,[1],[14]
134,0.0,0.06846817783315674,0.0,5.154876182677743e-05,0.0,0.0,0.0,0.0,0.0004929174070860705,0.0,0.0005095273347455603,0.0,0.0,0.0,0.0,0.0005056630722590461,0.0,[1],[14]
135,0.0,0.0,0.08525936496819259,0.0,0.0,0.0,0.0,0.0,0.0,0.00024935815961622164,0.0,0.0,0.0,0.0,0.019107334533311475,0.0,0.0,[2],[2]
136,0.0,0.0,0.07166300530366514,0.0,0.0,0.0,0.0,0.0,0.0,0.0006241203810297862,0.0,0.0,0.0,0.039875313085347884,0.010627393918843705,0.00553043256857324,0.0,[2],[2]
137,0.0,0.0,0.0763394846692999,0.0,0.0,0.0,0.0,0.0,0.0,0.0,0.0,0.0,8.059362618770921e-13,0.0,0.0,0.0,0.0,[2],[2]
138,0.0,0.0,0.07959758222887399,0.0,0.0,0.0,0.0,0.0,0.0,0.00019205857953998463,0.0,0.0,9.382507505141618e-13,0.018663926141935086,0.00030524645045169554,0.003399737265033746,0.0,[2],[2]
139,0.0,0.0,0.06363100400203262,0.0,0.0,0.0,0.0,0.0,0.0,0.0,0.0,0.0,2.4466103084006585e-12,0.0,0.0,0.0,0.0,[2],[2]
140,0.0,0.0,0.04653507959403917,0.0,0.0,0.0,0.0,0.0,0.0,0.0,0.0,0.053753252265328025,0.0,0.034906533130445436,0.0,0.011451781854191982,0.0,"[2, 11, 13]",[8]
141,0.0,0.0,0.031215840732955406,0.0,0.0,0.00812854862708475,0.0,0.0,0.0,0.0,0.0,0.08529130531075889,6.479291095594464e-12,0.0,0.0,0.013305381015327482,1.6496405185583547e-14,[11],[0]
142,0.0,0.08020476891155875,0.0,2.8224892432958226e-06,0.0,1.7563139180182063e-05,0.0,0.0,0.000622282633662688,0.0,0.0007563816832590902,0.0,0.0,8.904538252492227e-05,0.0,0.0006234512544637871,3.723364922543409e-14,[1],[14]
143,0.0,0.0,0.06587017109711309,0.0,0.0,0.0,0.0,0.0,0.0,0.0006658796636208652,0.0,0.0,0.0,0.02731014721748827,0.011835899109670027,0.002860110709614066,0.0,[2],[2]
144,0.0,0.024797686816509082,0.0,0.0,0.0,7.990582424050835e-06,0.0,0.0,0.0,0.20898697335810396,0.0,0.0002223133160304891,0.0,0.0010738605210149342,0.0007170824029351338,0.0,3.9445073665923387e-16,[9],[14]
145,0.0,0.04115463556207436,0.0,9.350885272383256e-06,0.0,0.0,0.0,0.0,0.0,0.22583230299734725,0.0,8.684118622667994e-05,8.553381406931008e-13,0.0,0.00040262435346885084,0.0,1.1612409568518723e-13,[9],[14]
146,0.0,0.0,0.06549955762987687,0.0,0.0,0.0,0.0,0.0,0.0,0.0007447982626977369,0.0,0.0,0.0,0.050662975214451726,0.011374979526055018,0.007684561243040496,0.0,"[2, 13]",[2]
147,0.0,0.0,0.0821182441733985,0.0,0.0,0.0,0.0,0.0,0.0,0.0003264236852233668,0.0,0.0,1.6705716299345756e-13,0.004286745918567715,0.01558700869327761,0.0,0.0,[2],[2]
148,0.0,0.0,0.03717728964989467,0.0,0.0,0.002558006112254387,0.0006845929970020662,0.0,0.0,0.0,0.0,0.12211992629097478,1.6734938180716785e-12,0.0,0.0,0.0,1.2243808533653015e-13,[11],[0]
149,0.0,0.0,0.07283338635016734,0.0,0.0,0.0,0.0027869168728738803,0.0,0.017183873700480495,0.0,0.004938442665211389,0.09795503583050562,0.0,0.0,0.0,0.0035037266574716626,3.246290116082851e-14,"[2, 11]",[7]
150,0.0,0.0,0.061936038204795846,0.0,0.0,0.0,0.0,0.0,0.0,2.161165357755621e-05,0.0,0.0,0.0,0.0,0.005539793609882575,0.0,1.4942555832490377e-13,[2],[2]
151,0.0,0.0,0.032256651201442076,0.0,0.0,0.0,0.0,0.0,0.00787683501626563,0.0,0.015490987607045563,0.016578089716286548,7.191231858371163e-13,0.0,0.0,0.004827804305321167,0.0,[2],[7]
152,0.0,0.0,0.02538422070518286,0.0,0.0,0.003250967832205368,0.0,0.0,0.006034357205460027,0.0,0.021065368637404512,0.016599271910876477,4.818123114399982e-12,0.013828036628348101,0.0,0.00353028462698914,7.077766720431733e-14,"[2, 10, 11]",[8]
153,0.0,0.0,0.06937628348834622,0.0,0.0,0.0,0.0,0.0,0.0,0.0011108854855801213,0.0,0.0,0.0,0.06100780051134782,0.012518850475327999,0.01036099338453588,0.0,"[2, 13]",[2]
154,0.0,0.0,0.06115379656305105,0.0,0.0,0.0,0.0,0.0,0.0,0.0001979678973956397,0.0,0.0,2.837817284544208e-12,0.011645440167628316,0.007769173888904106,0.0037078158119067625,4.018884616763957e-14,[2],[2]
155,0.0,0.0,0.028263129366773557,0.0,0.0,0.020311374679990654,0.028540942630518717,0.0,0.0,0.0035275902025142685,0.13278754818884972,0.018518226334204132,9.607008662958821e-12,0.0,0.0,0.0013502197653594329,6.744475216829616e-14,[10],[8]
156,0.0,0.0,0.03824931764726315,0.0,0.0,0.02347484734432081,0.035381428913709906,0.0,0.0,0.004476040370496726,0.17958631265391897,0.006242349628482898,0.0,0.0,0.0,0.0,5.830491454455452e-14,[10],[8]
157,0.0,0.0,0.04236686532068676,0.0,0.0,0.0,0.0,0.0,0.0,0.0,0.0,0.08311179687541806,2.3737213615522502e-12,0.0,0.0,0.0,0.0,[11],[0]
158,0.0,0.0,0.04098427204468033,0.0,0.0,0.001575732631990198,0.006444080941163558,0.0,0.0077416391006311395,0.0,0.058256370507102355,0.031173764628360405,6.214334890072812e-13,0.06068885081489743,0.02423452562216596,0.0,3.3482035584753173e-14,"[2, 10, 13]",[5]
159,0.0,0.0,0.03162008595704294,0.0,0.0,0.0,0.004945843266613054,0.0,0.01166831892078882,0.0,0.02715259202103418,0.006081924707943446,0.0,0.0,0.0060344921227554514,0.0035254452805785334,6.771515934095578e-14,"[2, 10]",[8]
160,0.0,0.0,0.027015608616531617,0.0,0.0,0.001156311165313266,0.005713920057261428,0.0,0.06573213014988259,2.1099711087304578e-05,0.04080872569652563,0.017002143112996932,2.760397926879558e-12,0.0,0.0,0.0,4.741539718093653e-15,"[8, 10]",[7]
161,0.0,0.0,0.040933999814388944,0.0,0.0,0.0,0.0012329441106083115,0.0,0.10082281023251226,0.0,0.03589322027663095,0.02839002303376291,0.0,0.0,0.0,0.0,9.682953497333874e-14,[8],[7]
162,0.0,0.06959855347035054,0.0,8.135671418638767e-05,0.0,0.0,0.0,0.0,0.000307552199650108,0.0,0.0,0.0,0.0,0.0,0.0,0.0,1.7245298249690976e-14,[1],[14]
163,0.0,0.06140295684894277,0.0,1.8609248800785713e-05,0.0,0.0,0.0,0.0,0.0,0.02804500412143707,0.0,0.0,0.0,0.0,0.0,0.0,5.3970923716427824e-14,[1],[14]
164,0.0,0.0,0.057013121320498204,0.0,0.0,0.016927963989581362,0.022810031236396213,0.0,0.0,0.003950562949405025,0.18404806422706727,0.03786625638805985,1.049895333195105e-12,0.14467302643094604,0.0,0.0013140736788592366,0.0,"[10, 13]",[8]
165,0.0,0.0,0.03121582032970343,0.0,0.0,0.01630886402617094,0.011789004871098635,0.0,0.0,0.00521140224782259,0.19687062952327758,0.002944918964187918,0.0,0.04799427402398813,0.00013122909937783074,0.007461744086492521,3.274270128847935e-14,[10],[8]
166,0.0,0.03615197200360804,0.0,4.397006623708148e-06,0.0,0.0,0.0,0.0,0.0,0.17068836263058426,0.0,9.291018459120696e-05,0.0,0.0,0.0,0.0,0.0,[9],[14]
167,0.0,0.0,0.054181742759525,0.0,0.0,0.0,0.0,0.0,0.0,0.0008107238639489416,0.006844399884708225,0.0,7.454381954392289e-13,0.04499823848389108,0.012898249309345996,0.012682073597491988,2.3037238350538002e-14,"[2, 13]",[2]
168,0.0,0.0,0.0449770949782735,0.0,0.0,0.0,0.0,0.0,0.0,0.00046371584946167094,0.0007486935146347422,0.0,2.408616394528625e-12,0.03293237233759025,0.010159320864417903,0.010051362078046843,0.0,"[2, 13]",[2]
169,0.0,0.05084553075553433,0.0,1.106324773874692e-05,0.0,0.0,0.0,0.0,0.0,0.05010295880818644,0.0,0.0,8.363331344941324e-13,0.0,0.0,0.0,0.0,"[1, 9]",[14]
170,0.0,0.03306879931036689,0.0,0.0,0.0,0.0,0.0,0.0,0.0,0.00904589372130435,0.0,0.0,2.926412368364753e-13,0.0,0.0,0.0,0.0,[1],[14]
171,0.0,0.07325426909539536,0.0,5.190372704826498e-05,0.0,0.0,0.0,0.0,0.0004499076287069446,0.0,0.0004604624573659966,0.0,1.217089694219737e-13,9.464174643669768e-06,0.0,0.00040536834922725874,0.0,[1],[14]
172,0.0,0.07753794943182164,0.0,3.4669037252141897e-06,0.0,0.0,0.0,0.0,0.0005475200229760771,0.0,0.0006232496203142578,0.0,0.0,0.00019807253535061023,0.0,0.0003275296396171656,0.0,[1],[14]
173,0.0,0.0,0.06692319769164236,0.0,0.0,0.0,0.0,0.0,7.28336864888061e-06,0.0,0.0,0.0,0.0,0.0,0.005121237317243455,0.0,1.6566740282405666e-13,[2],[2]
174,0.0,0.0,0.0593866179757509,0.0,0.0,0.0,0.0,0.0,0.0005467926911444224,0.0,0.0,0.0,1.3753618810932987e-12,0.0,0.0,0.0,0.0,[2],[2]
175,0.0,0.08394858105026617,0.0,6.436964266390192e-05,0.0,0.0,0.0,0.0,0.0,0.029891196886955892,0.0,0.0,8.679292284272385e-14,0.0,0.0,0.0,0.0,[1],[14]
176,0.0,0.05962172308554274,0.0,5.9555363405869336e-05,0.0,0.0,0.0,0.0,0.00036461842535409275,0.0,0.0003386125146614192,0.0,0.0,0.0,0.0,0.000376546037661496,0.0,[1],[14]
177,0.0,0.0531217581141953,0.0,3.0009494380950566e-05,0.0,0.0,0.0,0.0,0.00024290212785494804,0.0,0.0,0.0,1.334390280666197e-13,0.0,0.0,0.0,1.151824903734789e-13,[1],[14]
178,0.0,0.08689942884545605,0.0,2.416991222192307e-06,0.0,9.317960078522453e-07,0.0,0.0,0.00043624529911944214,0.0,0.0002435271170770225,0.0,0.0,6.8555477693587055e-06,0.0,0.0001185515544678842,0.0,[1],[14]
179,0.0,0.0,0.05618978752339537,0.0,0.0,0.0007317521790611067,0.0032095713810876424,0.0,0.06448148738225096,0.0,0.05319563352048818,0.026021739521081895,2.192413999206218e-12,0.0,0.0,0.0032110481170670923,1.263191077687605e-13,"[2, 8, 10]",[7]
180,0.0,0.0,0.036592529566952574,0.0,0.0,0.0,0.0020620569425513512,0.0,0.012062617086012705,0.0,0.030738126750824466,0.002420046660475355,0.0,0.0,0.0012994080290210292,0.005362727542510275,2.8370213574402464e-15,"[2, 10]",[7]
181,0.0,0.0,0.06219197907485977,0.0,0.0,0.0,0.0,0.0,0.0,6.1039722867877e-05,0.0,0.0,7.703610078607722e-14,0.0,0.01807301587464299,0.0,0.0,[2],[2]
182,0.0,0.0,0.07876187653617135,0.0,0.0,0.0,0.0,0.0,0.0,0.00021337594279119353,0.0,0.0,0.0,0.0,0.017684303864952206,0.0,0.0,[2],[2]
183,0.0,0.08391339689625983,0.0,5.770708321357045e-05,0.0,0.0,0.0,0.0,0.0006975889675728574,0.0,0.0004369258958940582,0.0,0.0,0.0,0.0006835929310117618,0.00012320657234366785,0.0,[1],[14]
184,0.0,0.0,0.06187155378627838,0.0,0.0,0.0,0.0,0.0,0.0,0.0,0.0,0.1568530966919407,0.0,0.0,0.0,0.001971502543404957,0.0,[11],[0]
185,0.0,0.0,0.028023339984810772,0.0,0.0,0.0,0.0,0.0,0.0,0.0,0.0,0.0963543715201927,3.208995380414137e-13,0.0,0.0,0.03007614203789577,6.013701941849289e-14,[11],[0]
186,0.0,0.0,0.057346018350036505,0.0,0.0,0.0,0.0,0.0,0.0,1.0034925259901697e-05,0.0,0.0,0.0,0.0,0.010675936828605946,0.0,2.099487360147701e-13,[2],[2]
187,0.0,0.0,0.06663673920845102,0.0,0.0,0.0,0.0,0.0,0.0012891253523821828,0.0,0.0,0.0,5.791115532392441e-13,0.0,0.01949838528361418,0.0,1.706446006668656e-14,[2],[2]
188,0.0,0.03877980777136562,0.0,3.980369448991484e-05,0.0,0.0,0.0,0.0,0.0,0.20981341569117026,0.0,0.00022939313880515982,0.0,0.0,0.0008965146305361335,0.0,0.0,[9],[14]
189,0.0,0.04866129660517421,0.0,0.00019977944737815638,0.0,5.285546223687487e-06,0.0,0.0,0.00030386994968227495,0.0,0.0004351069209460898,0.0,1.5202000523883899e-12,0.000299728065310396,0.0016528845258004805,0.0006511709801759111,2.3235011148105107e-15,[1],[14]
190,0.0,0.08575103678417108,0.0,6.162123090942611e-05,0.0,5.3387044818805186e-06,0.0,0.0,0.000583087817545041,0.0,0.0006567607307891705,0.0,0.0,0.00032385142151249494,0.0,0.0003192156280579557,3.020262408891562e-14,[1],[14]
191,0.0,0.0,0.0392665475100354,0.0,0.0,0.0,0.004568554382859041,0.0,0.016245129206837173,0.0,0.027283685526257165,0.028666954832313463,0.0,0.0,0.004762056556330599,0.002554877859627222,0.0,"[2, 10, 11]",[8]
192,0.0,0.0,0.040799451094672784,0.0,0.000463206762047776,0.0,0.0012753775630336176,0.0,0.019453570685620675,0.0,0.014115070302491685,0.010586310859879641,0.0,0.0,0.0,0.0008476531995711812,3.234019559354759e-14,[2],[7]
193,0.0,0.0,0.07334472988437338,0.0,0.0,0.0,0.0,0.0,0.0,6.818017455058303e-05,0.0,0.0,0.0,0.0,0.01236026612310753,0.0,0.0,[2],[2]
194,0.0,0.0,0.05786686275142178,0.0,0.0,0.0,0.0,0.0,0.0,0.00021879380760125164,0.0,0.0,2.7662999568041423e-13,0.0,0.005981639411296004,0.0,9.753408117130857e-14,[2],[2]
195,0.0,0.0,0.04637006053025211,0.0,0.0,0.0006331826188872037,0.0,0.0,0.07695214365352746,0.0,0.0385907475094561,0.013599639849199525,6.331484374909608e-13,0.0,0.0,0.0022226806597445328,1.1508636317575427e-13,"[2, 8]",[7]
196,0.0,0.0,0.06019115232019585,0.0,0.0,0.0,0.0069068148696807465,0.0,0.043002048032364605,0.0,0.045765918583370445,0.037935712728094234,0.0,0.0,0.0,0.0,0.0,"[2, 8, 10, 11]",[7]
197,0.0,0.0,0.07285428615729841,0.0,0.0,0.0,0.0,0.0,0.0020063893931010165,4.4695230177495504e-05,0.0,0.0,0.0,0.000705263525528027,0.018465485421095613,0.0,0.0,[2],[2]
198,0.0,0.0,0.06178862239505382,0.0,0.0,0.0,0.0,0.0,0.0,0.0,0.0,0.1428593642618103,0.0,0.0,0.0,0.0,0.0,[11],[0]
199,0.0,0.0,0.04562725298899005,0.0,0.0,0.0,0.0,0.0,0.0,0.0,0.0,0.0929363601504278,0.0,0.0,0.0,0.0,0.0,[11],[0]
200,0.0,0.0,0.06446233644491277,0.0,0.0,0.0,0.0,0.0,0.00566945795371443,0.0,0.0,0.0,1.7639900923989613e-12,0.0,0.004993667243792187,0.0,0.0,[2],[2]
201,0.0,0.0,0.07400606800082349,0.0,0.0,0.0,0.0,0.0,0.0,9.622300301350518e-05,0.0,0.0,0.0,0.0,0.010416006457012022,0.0,0.0,[2],[2]
202,0.0,0.0,0.05551977358902432,0.0,0.0,0.0,0.0,0.0,0.0,0.0003091561829178668,0.0,0.0,2.817523050066977e-13,0.0,0.018831161668768973,0.0,0.0,[2],[2]
203,0.0,0.0,0.06196779423397164,0.0,0.0,0.0,0.0,0.0,0.0014764911013946482,0.00022669656352139792,0.0,0.0,0.0,0.0,0.01840751539099088,0.0,2.4351780188293833e-13,[2],[2]
204,0.0,0.0,0.03777299825797956,0.0,0.0,0.00027593918440586276,0.0,0.0,0.0,0.0,0.022449598009761013,0.03177942247402316,5.1539586664268235e-12,0.0,0.0,0.00882576852273254,0.0,"[2, 11]",[8]
205,0.0,0.0,0.02847106823872831,0.0,0.0,0.0,0.0,0.0,0.009931615919017154,0.0,0.019254742115539118,0.008661040633438227,0.0,0.029255198643599226,0.0,0.0,0.0,"[2, 10, 13]",[-1]
206,0.0,0.0,0.06722745808333078,0.0,0.0,0.0,0.0,0.0,0.002516636007314322,0.0001894823740312801,0.0,0.0,0.0,0.0,0.017195772422069586,0.0,0.0,[2],[2]
207,0.0,0.0,0.08010298065811734,0.0,0.0,0.0,0.0,0.0,0.0018404648040944045,0.00010977855255208664,0.0,0.0,0.0,0.00014186037136882908,0.01786388101650681,0.0,0.0,[2],[2]
208,0.0,0.0,0.0565982182837555,0.0,0.0,0.0,0.0,0.0,0.0,0.0003389909552322588,0.0,0.0,9.680440079475609e-13,0.014690654655115798,0.0016621631286992322,0.003043494699275959,0.0,[2],[2]
209,0.0,0.0,0.05382359970923739,0.0,0.0003073646945290421,0.0,0.0042844038976501235,0.0,0.0176886941461856,0.0,0.021976206458801283,0.007071296288531758,0.0,0.0,0.0,0.0,0.0,[2],[7]
210,0.0,0.0,0.0626269424856057,0.0,0.0,0.0,0.0,0.0,0.0,0.0007867189592424386,0.0,0.0,0.0,0.04782757640042375,0.013078001536760827,0.004361080409173344,7.171972452540673e-14,"[2, 13]",[2]
211,0.0,0.0487409829756985,0.0,3.544924143595133e-05,0.0,0.0,0.0,0.0,6.74460783067979e-05,0.0,0.0,0.0,0.0,0.0,0.0,0.0,3.614063284937811e-14,[1],[14]
212,0.0,0.0,0.02110929400557741,0.0014826452254681208,0.0,0.026352269002816498,0.27424215012040565,0.0,0.0015687455246480451,0.0016720435010662026,0.0,0.0,7.520430669836282e-12,0.01099663690657333,0.0,0.040869266758272085,8.365194458338066e-15,[6],[15]
213,0.0,0.0,0.03999368397352671,0.0,0.0,0.024821715654164314,0.16153431370642554,0.0,0.007118042753235563,0.0019900177904093367,0.08882556200651652,0.016587239392531965,0.0,0.0,0.0,0.0004748049432754572,0.0,[6],[8]
214,0.0,0.0,0.04624452901036315,0.0,0.0,0.0,0.0,0.0,0.0,0.0008412398137906054,0.0,0.0,1.0732607388549795e-13,0.06321742235668554,0.009170014973169787,0.008376556461006926,0.0,"[2, 13]",[2]
215,0.0,0.0,0.04155917721669354,0.0,0.0,0.0,0.0,0.0,0.006038073486238253,0.0,0.0,0.0,5.016215150024745e-12,0.0,0.00030512982362923996,0.0,1.4612510597514146e-13,[2],[2]
216,0.0,0.0,0.06145405904523919,0.0,0.00137738470033077,0.0,0.0,0.0,0.0036251453981047867,0.0,0.0024492890327665502,0.0,1.5829437231137726e-12,0.0,0.0,0.002812913605761708,7.696078401739992e-14,[2],[8]
217,0.0,0.08433900949073331,0.0,4.933082697198478e-05,0.0,0.0,0.0,0.0,0.0005776880879377036,0.0,0.0005206947851742836,0.0,0.0,0.0,0.0,0.0003456943569276859,1.1113444670060508e-13,[1],[14]
218,0.0,0.0,0.036408425456234926,0.0,0.0,0.0,0.0,0.0,0.0,0.0,0.0,0.0,4.000938283080871e-13,0.014765301973967877,0.0,0.0028409220955679065,0.0,[2],[2]
219,0.0,0.0,0.053197989043434084,0.0,0.0,0.0,0.0,0.0,0.0,0.0006223997577056652,0.0,0.0,3.286747525205624e-12,0.043727135715335666,0.0068473496873783565,0.007189723465745122,0.0,"[2, 13]",[2]
220,0.0,0.0,0.061834937786318794,0.0,0.0,0.0,0.0,0.0,0.0013542211931075847,0.0005211171501455479,0.0036284389780880965,0.0,0.0,0.01345285382978558,0.006121588923230599,0.00252349536281027,0.0,[2],[2]
221,0.0,0.0,0.07171594042888452,0.0,0.0,0.0,0.0,0.0,0.0,0.0003806424709728298,0.0,0.0,0.0,0.006822650771911797,0.0148316918859227,0.0,1.032243896316441e-13,[2],[2]
222,0.0,0.07649446575344282,0.0,4.188462736025866e-05,0.0,0.0,0.0,0.0,0.00013042309634260214,0.0,0.0,0.0,6.563066925482071e-13,0.0,0.0,0.00012452588751200421,0.0,[1],[14]
223,0.0,0.0,0.057689026263604566,0.0,0.0,0.0,0.0,0.0,0.0,0.0001591301921412662,0.0,0.0,0.0,0.0,0.018646091131432545,0.0,0.0,[2],[2]
224,0.0,0.07497479444645537,0.0,5.555393846011114e-05,0.0,0.0,0.0,0.0,0.0005627651380654628,0.0,0.0006701353939287686,0.0,0.0,0.00023865494859173105,0.0,0.000463252924230077,0.0,[1],[14]
225,0.0,0.07680429239266436,0.0,3.0064339817994546e-05,0.0,0.0,0.0,0.0,0.0006494209751672038,0.0,0.0006213162152329313,0.0,0.0,0.0,0.0,0.00020199751899742981,2.3841042924160062e-14,[1],[14]
226,0.0,0.08598351767476332,0.0,3.1697589675998844e-05,0.0,0.0,0.0,0.0,0.0,0.04754072121206001,0.0,0.0,0.0,0.00022014097982040685,0.0,0.0,1.2244237170308864e-14,[1],[14]
227,0.0,0.06551550280202735,0.0,0.0,0.0,0.0,0.0,0.0,0.00015715103890464468,0.0,0.0,0.0,0.0,0.0,0.0,0.00012082699628645924,7.513148627953683e-14,[1],[14]
228,0.0,0.0,0.059620425863836105,0.0,0.0,0.0,0.0010418896393765925,0.0,0.0,0.0,0.0201469255613492,0.010556398969544509,0.0,0.0,0.0,0.010166249046373203,1.1777076140168093e-13,[2],[8]
229,0.0,0.0,0.08534522439596022,0.0,0.0,0.0,0.0,0.0,0.0,0.0,0.0,0.0,1.1899803934587447e-12,0.0,0.005544743493283753,0.0,2.800837103665686e-14,[2],[2]
230,0.0,0.0,0.04398484823247658,0.0,0.0,0.0,0.007283127681254689,0.0,0.018635223221554222,0.0,0.010411136392575623,0.0006498954349043669,3.3198494754728047e-12,0.0,0.023044946845470385,0.0023359275746292264,0.0,[2],[2]
231,0.0,0.0,0.03805583906713345,0.0,0.0,0.0051237141781453315,0.01260651133862611,0.0,0.0,0.0015460956033669319,0.08302705768294812,0.014522221052105409,0.0,0.0022601996732776425,0.08972052175555426,0.026744963836606645,0.0,"[10, 14]",[8]
232,0.0,0.0,0.07023899578957844,0.0,0.0,0.0,0.0,0.0,0.0,0.000441221970077895,0.0,0.0,9.12724616365942e-15,0.011433748247861086,0.019135135439746192,0.0,0.0,[2],[2]
233,0.0,0.0,0.06096489239383147,0.0,0.0,0.0,0.0,0.0,0.0022419462897237184,0.0,0.003036943744691868,0.0,0.0,0.0,0.002779546500626186,0.006060249375090808,7.167274328697131e-14,[2],[2]
234,0.0,0.0,0.07502952733927705,0.0,0.0,0.0,0.0,0.0,0.0,8.555413636213055e-05,0.0,0.0,0.0,0.0,0.01665895595637803,0.0,0.0,[2],[2]
235,0.0,0.0,0.030371420903158128,0.0,0.0,0.0,0.0,0.0,0.014466223634630699,0.0,0.024750736763009634,0.006643285569495923,1.9391542627502463e-12,0.0,0.0,0.002750889257805094,0.0,"[2, 10]",[7]
236,0.0,0.0,0.0501574774183443,0.0,0.0,0.0,0.0,0.0,0.03318520664687548,0.0,0.015069939668431497,0.02456607095288179,1.1008542780462485e-12,0.0,0.0,0.003511058721252009,0.0,"[2, 8]",[7]
237,0.0,0.0,0.04290591151946401,0.0,0.0,0.0,0.0,0.0,0.0,0.0,0.0,0.09701589064799974,0.0,0.0,0.0,0.0,0.0,[11],[0]
238,0.0,0.08742332503659976,0.0,0.0003119640769027804,0.0,0.0,0.0,0.0,0.00038595640756196407,0.0,0.000258544946498759,0.0,2.5991903972780733e-13,0.000520970957567492,0.001555444026359482,0.0008351859693674719,1.239932534159025e-13,[1],[14]
239,0.0,0.0804653043196379,0.0,2.43444738608622e-05,0.0,0.0,0.0,0.0,0.0004826828620266358,0.0,0.000292532523974001,0.0,0.0,0.0,0.0,0.0002332254961645181,0.0,[1],[14]
240,0.0,0.0,0.06018594991237302,0.0,0.0015271944747253347,0.0,0.0,0.0,0.0006375479272750597,0.0,0.0,0.0,6.18759833489402e-13,0.0,0.003412758963955185,0.0,0.0,[2],[2]
241,0.0,0.0,0.06007875386243163,0.0,0.0016627045713295868,0.0,0.0,0.0,0.004666549911976076,0.0,0.0,0.0,1.2288383450666551e-12,0.0,0.0019522762618914013,0.0,2.7727947587921264e-14,[2],[2]
242,0.0,0.08605663765008513,0.0,9.220613555951555e-05,0.0,0.0,0.0,0.0,0.0005151032760258998,0.0,0.00046358001085488313,0.0,3.0760294726965477e-13,0.0,0.0,0.0003846997312526927,1.9316963592428368e-13,[1],[14]
243,0.0,0.0,0.054650947794226606,0.0,0.0,0.0,0.0,0.0,0.0,8.831028952840269e-05,0.0,0.0,1.7288026782801234e-13,0.0019212444120940326,0.006279630114968527,0.0007205157299296485,0.0,[2],[2]
244,0.0,0.053794059648108614,0.0,0.00043183165436557185,0.0,9.614376905697902e-06,0.0,0.0,0.0002604054723797754,0.0,0.0003224087342117721,0.0,0.0,0.00031587584626724017,0.002639913612115912,0.00048234608849638457,1.511396627587541e-14,[1],[14]
245,0.0,0.0,0.06721741485388555,0.0,0.0,0.0,0.0,0.0,0.0,0.00015652938665603554,0.0,0.0,0.0,0.001635786059658115,0.011719299561206698,0.0,0.0,[2],[2]
246,0.0,0.055382275940668066,0.0,0.00036592601472219247,0.0,0.0,0.0,0.0,1.1951813222466355e-05,0.01853726063314815,0.0,0.0,0.0,0.0006528398859065757,0.002389948676584934,0.0005191410321230228,1.1794046237441197e-13,[1],[14]
247,0.0,0.0,0.06546502151947065,0.0,0.0,0.0,0.0,0.0,0.0,0.0,0.0,0.1654894275594898,0.0,0.1324115209222997,0.0,0.0,1.7436250733748107e-13,"[11, 13]",[0]
248,0.0,0.0,0.023829128445769933,0.0,0.0,0.0,0.0,0.0,0.31971776373581523,0.0016664850673326068,0.0,0.0,1.8127372284613e-12,0.039451125946720296,0.012559266032336881,0.0016273166114235064,0.0,[8],[4]
249,0.0,0.0,0.02947487734496448,0.0,0.0,0.0,0.0005810345331782795,0.0,0.29720610217944365,0.0012393851266662985,0.0,0.003909978000689528,3.157694421336768e-12,0.02330380237005266,0.0002827329631749292,0.0015727649455421243,3.647734768993806e-14,[8],[4]
250,0.0,0.07882083511947366,0.0,9.782122640690379e-05,0.0,3.858237261877275e-05,0.0,0.0,0.0016694071323289043,0.0,0.0015668404345344576,0.0,0.0,0.0,0.001078875067365427,0.0004935368101344356,9.588646642376017e-15,[1],[14]
251,0.0,0.03469749054488156,0.0,6.013571648868241e-05,0.0,0.0,0.0,0.0,0.0,0.11112981876700853,0.0,0.0007492168284877074,2.735878170191254e-13,0.0006706100432285732,0.0012211501611220468,0.00023147601123334457,0.0,[9],[14]
252,0.0,0.09615803075619507,0.0,0.00021607116722313342,0.0,0.0,0.0,0.0,0.0005160293029845456,0.0,0.0003780221343190379,0.0,1.830601365128484e-14,0.0,0.0006061729421365026,0.0004512563425578151,0.0,[1],[14]
253,0.0,0.0,0.07011398162790335,0.0,0.0,0.0,0.0,0.0,0.0,0.0007924822576619421,0.0,0.0,2.2576884098777524e-13,0.03069871378433301,0.014789797233875092,0.004659214971123873,0.0,[2],[2]
254,0.0,0.09362128891710664,0.0,0.00021733341623415766,0.0,0.0,0.0,0.0,0.00047493538347085425,0.0,0.00032035380057744494,0.0,2.1479174914779938e-13,0.0,0.00010580576676059684,0.00044849315628729024,0.0,[1],[14]
255,0.0,0.08953195612772508,0.0,0.00014712357036480154,0.0,1.799303097758391e-06,0.0,0.0,0.00048458683796491795,0.0,0.0003255530120011606,0.0,0.0,0.0,0.0,6.52996153688266e-05,3.9093043030463595e-14,[1],[14]
256,0.0,0.08011713374195018,0.0,0.0,0.0,7.755961249183659e-06,0.0,0.0,0.000706402368134608,0.0,0.0008646932854855555,0.0,0.0,4.524889378905015e-05,0.0,0.00042684019701858553,0.0,[1],[14]
257,0.0,0.0,0.01947509376377909,0.0,0.0,0.0,0.0,0.0,0.0007294683243902318,2.3360825624192402e-05,0.0,0.0,9.611312057089149e-13,0.0,0.006049063641141033,0.0,0.0,[2],[4]
258,0.0,0.0,0.05424381208819346,0.0,0.0,0.0,0.0,0.0,0.0,0.00013469333414082874,0.0,0.0,4.322680084515631e-13,0.0,0.017262727243302734,0.0,0.0,[2],[2]
259,0.0,0.0,0.06601426392609273,0.0,0.0,0.0,0.0,0.0,0.0,0.0004172683090148831,0.0,0.0,0.0,0.005149493273212947,0.012655354422990683,0.0,0.0,[2],[2]
260,0.0,0.0,0.06200768803067774,0.0,0.0,0.0,0.0,0.0,0.0,0.000345218441037568,0.0,0.0,7.788709076528263e-13,0.004153626272745517,0.018029484297770314,0.0,0.0,[2],[2]
261,0.0,0.09235986749878583,0.0,0.0,0.0,0.0,0.0,0.0,0.0006935855423599381,0.0,0.0001948227045755163,0.0,2.9467102611763565e-13,0.0,0.0,0.00013845682833686567,5.691002729339307e-14,[1],[14]
262,0.0,0.0692650603835543,0.0,4.435287843612821e-05,0.0,0.0,0.0,0.0,0.000540574354471533,0.0,0.000581013961135888,0.0,2.395914986107157e-13,0.0,0.0,0.00024382639174017523,1.0749998339656567e-13,[1],[1]
263,0.0,0.0,0.041406516176272515,0.0,0.0,0.0,0.0,0.0,0.0,0.0005002884732609432,0.0,0.0,0.0,0.027185867386779583,0.0028115132204188727,0.008576213456218361,1.7592316184730796e-14,"[2, 13]",[2]
264,0.0,0.0,0.02843720928440163,0.0,0.0,0.0,0.0,0.0,0.0,0.0,0.0,0.023404527582966256,1.7335950751270055e-12,0.006912553074650326,0.0,0.005540085579585748,2.831293561398193e-15,"[2, 11]",[8]
265,0.0,0.050220988599298716,0.0,2.0751278228580077e-06,0.0,0.0,0.0,0.0,0.0,0.22198511291066386,0.0,5.77662157632914e-05,5.110700031450472e-13,0.0,0.0,0.0,1.358609608841923e-14,[9],[14]
266,0.0,0.08567311416657844,0.0,0.0002646465664040757,0.0,5.735958596936448e-06,0.0,0.0,0.0006039265700799472,0.0,0.0005061276927248564,0.0,6.975393315596035e-13,0.0,0.001000016875396409,0.00017108677248701444,1.0695192434179081e-13,[1],[14]
267,0.0,0.0,0.03300682455024427,0.0,0.0,0.0,0.0,0.0,0.0,0.0,0.0,0.0,5.94824043710714e-13,0.0,0.0,0.0009390895680806545,0.0,[2],[8]
268,0.0,0.0,0.06788631296505473,0.0,0.0,0.0,0.0,0.0,0.01742475592101835,0.0,0.0,0.0,0.0,0.0,0.0021345510669800727,0.0,0.0,[2],[2]
269,0.0,0.0,0.05308279298694033,0.0,0.0,0.0,0.0,0.0,0.010429643248394979,0.0,0.011439332430318333,0.03177592337635886,0.0,0.0,0.0,0.010567988779260677,0.0,[2],[7]
270,0.0,0.0,0.027960212581095042,0.0,0.0,0.003083355528011251,0.0027854894756173367,0.0,0.0,0.0015685049844319547,0.056322076801715235,0.008332250756068539,0.0,0.0,0.0067505648421622155,0.01236960729000469,0.0,[10],[8]
271,0.0,0.0,0.05475818894998373,0.0,0.0,0.0,0.005129292467395749,0.0,0.04532588777479551,0.0,0.025236544849544417,0.021878660967200227,3.289542510985148e-12,0.0,0.0,0.0012327966212164452,4.025138258924953e-14,"[2, 8]",[7]
272,0.0,0.0,0.04736998394223806,0.0,0.0,0.0,0.0029574641978039186,0.0,0.0,0.0,0.0,0.14627308463704916,1.2679059895488582e-12,0.0,0.0,0.0,0.0,[11],[0]
273,0.0,0.0,0.024690561550097155,0.0,0.0,0.009683012639541556,0.016692146708451424,0.0,0.0,0.0018812102440999966,0.07349243116604719,0.010545201953813506,0.0,0.0,0.0,0.0,4.272288169042981e-15,[10],[8]
274,0.0,0.0,0.030729359138317563,0.0,0.0,0.0,0.001027463287527809,0.0,0.0,0.0,0.0,0.09854615865845924,0.0,0.0,0.0,0.0,7.957042455883493e-15,[11],[0]
275,0.0,0.0,0.04176222023481389,0.0,0.0,0.0,0.0,0.0,0.0,0.0,0.0,0.07127496901400908,6.42752786487172e-13,0.0,0.0,0.00042849852713286343,0.0,[11],[0]
276,0.0,0.0,0.06523578088082466,0.0,0.0,0.0,0.0,0.0,0.0,0.0,0.0,0.0,0.0,0.0,0.0,0.0,0.0,[2],[2]
277,0.0,0.040541078315456267,0.0,4.64652117792187e-06,0.0,0.0,0.0,0.0,8.741427001860382e-05,0.0,0.0,0.0,2.1280340306305042e-13,0.0,0.0,0.0,0.0,[1],[14]
278,0.0,0.07459000695209515,0.0,7.155323352969528e-05,0.0,0.0,0.0,0.0,0.0002741705992590302,0.0,0.0,0.0,0.0,0.0,0.0,0.0,4.469952999685022e-15,[1],[14]
279,0.0,0.0,0.02913697903128138,0.0,0.0,0.0,0.0005385770579010517,0.0,0.0072963578571760305,0.0,0.03656714109081514,0.012238075476190215,0.0,0.01731747519085878,0.0,0.004359096149209233,0.0,"[2, 10]",[8]
280,0.0,0.0,0.031874477383033985,0.0,0.0,0.0047306511042574,0.0015091318095161396,0.0,0.0,0.0016795073973900555,0.06606871355071721,0.023328344876617276,3.343206657135411e-12,0.03245918861752033,0.0,0.008183996399013188,1.532066732512704e-14,[10],[4]
281,0.0,0.0,0.04304790555509263,0.0,0.0,0.0,0.0,0.0,0.04630976569264655,0.0,0.021655089556563083,0.0025575228729497763,1.1885398098549969e-12,0.0,0.0,0.0012108198665639932,4.288846115447144e-14,"[2, 8]",[7]
282,0.0,0.0,0.047353180616499665,0.0,0.0,0.0008577203842715955,0.0063651179028449455,0.0,0.09772059522205072,0.0,0.06106147323460148,0.03568852195651203,0.0,0.013344891728908499,0.0,0.0,0.0,"[8, 10]",[7]
283,0.0,0.0,0.06383492267123231,0.0,0.0,0.0,0.0,0.0,1.987687728709982e-05,0.0,0.0,0.0,0.0,0.0,0.004689395036379416,0.0,1.005481717322544e-13,[2],[2]
284,0.0,0.0,0.03099228080955902,0.0,0.0,0.0,0.0,0.0,0.005923433179500586,0.0,0.00812936800373647,0.0,0.0,0.0,0.0,0.0027372824654682748,7.201360622056094e-14,[2],[8]
285,0.0,0.04729117296627902,0.0,2.1204185637583324e-05,0.0,0.0,0.0,0.0,0.0,0.25103774469392515,0.0,0.00020580852209672518,1.4858229345384762e-12,0.0,0.0007242520701029996,0.0,0.0,[9],[14]
286,0.0,0.042865580198966226,0.0,0.00034484810316229216,0.0,2.4512461827941586e-05,8.501985183341047e-05,0.0,0.0,0.10709380077042206,0.0,0.0,9.151514074545715e-13,0.0,0.002553833165936312,0.0,0.0,[9],[14]
287,0.0,0.0,0.05809450539804254,0.0,0.0,0.0,4.0037458618121476e-05,0.0,0.0,0.0,0.0,0.2038491926203738,0.0,0.0,0.0,0.032453377972079575,4.943784698042893e-16,[11],[0]
288,0.0,0.0,0.026820581011910427,0.0,0.0,0.010253320422242612,0.01085118425827852,0.0,0.0,0.0021027737815087666,0.08587716592673597,0.014217299018301512,0.0,0.0,0.00531214567242084,0.0086413778326847,1.1035812816146166e-14,[10],[8]
289,0.0,0.0,0.031002957752757996,0.0,0.0,0.0,0.0,0.0,0.055470682825925675,0.0,0.021862138186146088,0.03086305397947434,0.0,0.0,0.0,0.0,4.2696290510006776e-14,[8],[7]
290,0.0,0.06695112716733563,0.0,8.10143903388345e-06,0.0,0.0,0.0,0.0,0.0005413466977299034,0.0,0.0006230336963993667,0.0,0.0,0.0,0.0,0.0005097693801263708,1.0016721402388561e-13,[1],[14]
291,0.0,0.0,0.03340429113962627,0.0,0.0,0.0017568786589980648,0.0009866323937796654,0.0,0.07513847101177791,0.0,0.031771023288267884,0.02724599097709659,5.128144112851915e-12,0.0,0.0,8.812781834081474e-06,0.0,[8],[7]
292,0.0,0.08916204888778763,0.0,0.00022374688353398684,0.0,0.0,0.0,0.0,0.0,0.016304015392718956,0.0,0.0,0.0,0.0,0.0,0.0,0.0,[1],[14]
293,0.0,0.0,0.04177227680952638,0.0,0.0,0.0,0.0,0.0,0.0,0.0,0.0,0.09913341072127259,0.0,0.004629136344782013,0.0,0.0036859080840697164,0.0,[11],[0]
294,0.0,0.0,0.03340009419611453,0.0,0.0,0.0027004033300780128,2.4985629820670052e-05,0.0,0.012165183862628867,0.0007190411509274638,0.040733486775704174,0.013552274048027136,1.259773010040986e-12,0.000879146499846163,0.0,0.007332051695926149,0.0,"[2, 10]",[-1]
295,0.0,0.0,0.0509330279098058,0.0,0.0,0.0,0.006890466709339695,0.0,0.07690660502996614,0.0,0.04213996814636396,0.03470879208600908,2.2609896939375642e-14,0.0,0.0,0.0,9.494643001628629e-14,"[2, 8]",[7]
296,0.0,0.0,0.03941029557121277,0.0,0.0,0.00952693747481497,0.008579333880585526,0.0,0.0064554180294317766,0.0010923967633300446,0.0852441661995561,0.02937871615849414,0.0,0.0,0.0,0.0019384279637875415,0.0,[10],[8]
297,0.0,0.08206467442910892,0.0,6.127421190633118e-05,0.0,0.0,0.0,0.0,0.0004983343607444607,0.0,0.00043143472374333487,0.0,0.0,0.0,0.0,0.0004449407970567109,0.0,[1],[14]
298,0.0,0.0,0.05188271274292167,0.0,0.0,0.0,0.0,0.0,0.0,0.0002913396337456882,0.0,0.04478286520726081,2.8878421733752925e-12,0.02338178801206733,0.0,0.0071393812062369435,1.331852128936743e-14,"[2, 11]",[0]
299,0.0,0.0,0.0657140784640551,0.0,0.0,0.0,0.0,0.0,0.0,0.0,0.0,0.13720296540691113,0.0,0.018786488021006673,0.0,0.002179504625722054,2.1355358462808524e-14,[11],[0]
300,0.0,0.0,0.030588062757490004,0.0,0.0,0.0,0.0,0.0,0.0029645261543822833,0.0,0.00019559830157532022,0.008763797439266016,5.021200083514841e-12,0.0,0.0,0.0022469469483659722,0.0,[2],[7]
301,0.0,0.0,0.05960742107080032,0.0,0.0,0.0,0.0,0.0,0.011327719398895392,0.0,0.005999793310746389,0.0,0.0,0.0,0.000593089640499964,0.0,6.353083386042147e-14,[2],"[2, 7, 8]"
302,0.0,0.0,0.038585375517540814,0.0,0.0,0.0,0.0,0.0,0.0,0.0008704104248363205,0.0009528615582252486,0.0,4.0668064487061754e-13,0.06561721425228767,0.008852371458149292,0.010573278685808023,0.0,[13],[2]
303,0.0,0.0,0.04379435010422335,0.0,0.0,0.0,0.0,0.0,0.02037723530646875,0.0,0.021975121572633965,0.0,3.41204396873162e-12,0.0,0.0,0.006448129116723357,1.992553882136542e-14,[2],[7]
304,0.0,0.0610838730168138,0.0,0.0,0.0,2.4221757022327793e-05,0.0,0.0,0.0006042040124638604,0.0,0.0008406930158619512,0.0,0.0,0.00018896274172007193,0.0,0.00013804295916512705,1.3281044817621715e-14,[1],[14]
305,0.0,0.07477727943835769,0.0,0.0003760296893923081,0.0,1.3919710716075652e-05,0.0,0.0,0.0005143293494979172,0.0,0.0005324824776336109,0.0,0.0,7.170873795010375e-05,0.0025410678565154447,0.0005426075918016628,0.0,[1],[14]
306,0.0,0.0,0.047445988066158754,0.0,0.0,0.0,0.0,0.0,0.0,0.0,0.0,0.05410969652761058,7.717167510550939e-13,0.0,0.0,0.0,4.76156030304283e-14,"[2, 11]",[0]
307,0.0,0.0,0.05649522277252187,0.0,0.0,0.0,0.0,0.0,0.0,0.00013612534690165659,0.0,0.0,0.0,0.0,0.014291249567145248,0.0,0.0,[2],[2]
308,0.0,0.0,0.04021775365973689,0.006801443012379367,0.0,0.0,0.001017074840935264,0.0,0.0,0.0,0.0,0.13669154322446095,0.0,0.0,0.0,0.0,5.517443663824112e-15,[11],[0]
309,0.0,0.0,0.07603953072616966,0.0,0.0,0.0,0.0,0.0,0.0,0.000537325109222157,0.0,0.0,2.271042308020641e-12,0.0,0.019600821057959426,0.0,2.4749571916861545e-13,[2],[2]
310,0.0,0.06435706087665702,0.0,0.00022517850260164962,0.0,0.0,0.0,0.0,0.0,0.08485689872299834,0.0,0.0,2.439336180215212e-13,0.0,0.0,0.0,4.42863845891189e-14,"[1, 9]",[14]
311,0.0,0.03871298125705571,0.0,1.556471667095288e-05,0.0,0.0,0.0,0.0,0.0,0.19774727429619787,0.0,0.00018829902709636037,1.0630343881525264e-12,0.0,0.00019114951590431487,0.0,9.323297543272486e-15,[9],[14]
312,0.0,0.054919447922613975,0.0,6.496236833705468e-05,0.0,0.0,0.0,0.0,1.3702799474978891e-05,0.0,0.0,0.0,0.0,0.0,0.0,6.543236296950107e-05,2.1328972111401663e-14,[1],[14]
313,0.0,0.0,0.07583280328665773,0.0,0.0,0.0,0.0,0.0,0.017966796802312283,0.0,0.0,0.0,0.0,0.0,0.0036517779617820947,0.0,7.827842772957517e-16,[2],[8]
314,0.0,0.06653997923265162,0.0,3.142685851636607e-05,0.0,0.0,0.0,0.0,0.0,0.12908988694107026,0.0,0.0,9.134592340008792e-14,0.0,0.0,0.0,4.017813872368502e-14,[9],[14]
315,0.0,0.0,0.03244399109219195,0.0,0.0,0.0005605131306372496,0.0,0.0,0.0032540870344013426,0.0007247815594120981,0.03925022065605793,0.0,2.4509634412995142e-12,0.0,0.0,0.007353657115773955,0.0,"[2, 10]","[4, 12]"
316,0.0,0.0,0.030077641932421375,0.0,0.0,0.0,0.0,0.0,0.004664443338031365,0.0,0.005391265685987971,0.009899647261879958,0.0,0.0,0.0,0.0,0.0,[2],[7]
317,0.0,0.0,0.05043242643317196,0.0,0.0,0.0,0.0015817926540873527,0.0,0.08283000106701911,0.0,0.05131127814395296,0.030177411472876108,0.0,0.0,0.0,0.0021780534112752128,0.0,"[2, 8, 10]",[7]
318,0.0,0.0,0.04947438506517626,0.0,0.0,0.0,0.0,0.0,0.0,0.001017532007167067,0.0039770425874160395,0.0,2.0646423041187016e-12,0.05421697335113604,0.0072884567198796876,0.009188928976376288,7.448667713278685e-14,"[2, 13]",[2]
319,0.0,0.0,0.07957717999316868,0.0,0.0,0.0,0.0,0.0,0.0,0.0008360039868791347,0.0,0.0,1.9276730326754717e-13,0.036679037014511966,0.0179559128567146,0.002572960413465501,0.0,[2],[2]
320,0.0,0.0,0.05597581035584166,0.0,0.0,0.0,0.0,0.0,0.000865790466197722,0.0004972250639139357,0.016193413607154525,0.0,3.036055871201853e-13,0.019242374035389285,5.551858067775987e-06,0.010113662006324988,0.0,[2],[2]
321,0.0,0.021416212779880293,0.0,3.0232709455848566e-05,0.0,0.0,0.0,0.0,8.13618601492464e-05,0.0,3.9019415305221745e-05,0.0,0.0,0.0002021611571316713,0.0,0.00024231867795933564,7.77197055051349e-15,[1],[14]
322,0.0,0.0,0.0393458031673616,0.0,0.0,0.0,0.0,0.0,0.0,0.0,0.0,0.11488054513912853,3.3468638021980207e-12,0.007800449962376977,0.0,0.01040461497139309,0.0,[11],[0]
323,0.0,0.0,0.04799887138504376,0.0,0.0,0.0,0.0,0.0,0.0,0.0,0.0,0.14291827198747506,0.0,0.0,0.0,0.0,0.0,[11],[0]
324,0.0,0.08085494596215186,0.0,3.3810004914093224e-05,0.0,2.2438728582837346e-05,0.0,0.0,0.0007002100261484359,0.0,0.0009358777404523722,0.0,0.0,0.00018669766731788375,0.00023604551754261406,0.0003046791345717637,0.0,[1],[14]
325,0.0,0.09318496092542145,0.0,3.685785814939375e-05,0.0,0.0,0.0,0.0,0.00047774479203403325,0.0,0.00037663659913385496,0.0,0.0,0.00027448764549063676,0.0,0.0004919668810186651,1.1348863012643851e-13,[1],[14]
326,0.0,0.0476784643481012,0.0,0.0003357890774038819,0.0,0.0,0.0,0.0,0.00032116364891584756,0.0,0.000522314231261497,0.0,0.0,0.0006545765708748386,0.0025773945133853162,0.0010327781649313935,3.9232774933072056e-14,[1],[14]
327,0.0,0.06200221261607398,0.0,0.0002535255459664205,0.0,3.247744855706585e-07,0.0,0.0,6.789921059191329e-05,0.0,0.0,0.0,0.0,0.0,7.349055096351098e-05,0.00015534467642214534,0.0,[1],[14]
328,0.0,0.0,0.04806581659333149,0.0,0.0,0.0,0.0,0.0,0.038473253117858736,0.0,0.024251169994476046,0.03247825895075864,0.0,0.0,0.0,0.003408297617094167,2.1358701358142578e-13,"[2, 8, 11]",[7]
329,0.0,0.0,0.0734429646058218,0.0,0.0,0.0,0.0,0.0,0.0,0.0007338375848779551,0.0,0.0,1.4529243866667506e-14,0.052711711169914195,0.01076912898205077,0.009209792043452212,2.8905517237851547e-13,"[2, 13]",[2]
330,0.0,0.0,0.05460392504069267,0.0,0.0,0.0,0.0,0.0,0.0,0.0,0.0,0.0,0.0,0.0,0.0,0.00021968775603893064,0.0,[2],[2]
331,0.0,0.0,0.06876568435675078,0.0,0.0,0.0,0.0,0.0,0.0,3.999111294792435e-05,0.0,0.0,0.0,0.0,0.008813532390148641,0.0,0.0,[2],[2]
332,0.0,0.08686924865377242,0.0,6.415572610415639e-05,0.0,0.0,0.0,0.0,0.0004945898809420403,0.0,0.0002952233551568537,0.0,0.0,0.0,0.0,0.00022766257272437764,0.0,[1],[14]
333,0.0,0.07146422477386238,0.0,0.00023264743985561102,0.0,0.0,0.0,0.0,0.000213946718491588,0.0,0.0,0.0,0.0,0.0,0.0,0.0,0.0,[1],[14]
334,0.0,0.11013321944708127,0.0,0.0002205034328103173,0.0,1.4730048787826236e-05,0.0,0.0,0.0008136861781333328,0.0,0.0009071822577561131,0.0,3.652253185875803e-13,0.0,0.0006477993681146127,0.0006018003319725534,0.0,[1],[14]
335,0.0,0.06948234502033801,0.0,0.0,0.0,0.0,0.0,0.0,0.0029965409298402107,0.0,0.0011430508177922019,0.0,0.0,0.0,0.0,0.0,0.0,[1],[14]
336,0.0,0.07848647663593186,0.0,5.524372943069838e-05,0.0,0.0,0.0,0.0,0.0005215129289531359,0.0,0.0005369267417601764,0.0,3.9804793998012383e-13,1.3263925896642143e-05,0.0,0.000244198994282019,0.0,[1],[14]
337,0.0,0.03915569107716575,0.0,0.000484774325796247,0.0,4.1895526383106704e-05,0.00031049645981506423,0.0,0.00023679455662724904,0.0,0.000389119024216959,0.0,7.140209208531223e-13,0.0001438623256260037,0.0035034858611126722,0.000557439687239941,4.003205099108963e-14,[1],[14]
338,0.0,0.0,0.04230500750058485,0.0,0.0,0.0,0.0,0.0,0.031858267671307984,0.0,0.027941691474136967,0.022306108768759415,0.0,0.0,0.0,0.0008770163460318682,2.476851025762681e-16,"[2, 8, 10]",[-1]
339,0.0,0.0,0.03333413965785521,0.0,0.0,0.0,0.0,0.0,0.021573319677968987,0.0,0.015090707438776435,0.018963748441762216,3.691319388514471e-12,0.0,0.0,0.0034252434296512583,0.0,"[2, 8]",[7]
340,0.0,0.054053610328210315,0.0,5.6563084358684684e-05,0.0,0.0,0.0,0.0,0.0,0.06204753009196025,0.0,0.0,7.208715173150853e-13,7.87206859345038e-05,0.00013444386445616002,0.0001974864547095073,5.3650401728681036e-14,"[1, 9]",[14]
341,0.0,0.0,0.062359410145274706,0.0,0.0,0.0,0.0,0.0,0.0,0.00016235541871772446,0.0,0.0,0.0,0.0,0.01699481309584893,0.0,1.0014664355422007e-13,[2],[14]
342,0.0,0.06843646438387123,0.0,3.4065897792599256e-05,0.0,0.0,0.0,0.0,8.199486821782951e-05,0.0014449640263944942,0.0,0.0,0.0,0.0,0.0,0.0,0.0,[1],[14]
343,0.0,0.054267334726342244,0.0,2.6561684481664326e-05,0.0,0.0,0.0,0.0,0.0,0.05103444300808068,0.0,0.0,4.244695925718313e-13,0.0,0.0,0.0,0.0,"[1, 9]",[14]
344,0.0,0.0,0.05282126510184944,0.0,0.0,0.0,0.0,0.0,0.0,0.0,0.0,0.15787202735945957,0.0,0.009161980849688896,0.0,0.015007153604614078,3.8319983400801045e-14,[11],[0]
345,0.0,0.0,0.04574154508762319,0.0,0.0,0.0,0.0,0.0,0.0,0.0,0.0,0.13871218674656186,0.0,0.014132291519708228,0.0,0.023379100180380127,0.0,[11],[0]
346,0.0,0.0,0.0365429701496938,0.0,0.0,0.0,0.0,0.0,0.0039840605344790515,0.0,0.0007356646732510791,0.012046229279579004,0.0,0.0,0.0,0.0034902847080422166,4.9310529590474334e-14,[2],[7]
347,0.0,0.0,0.04837418854504885,0.0,0.0,0.0,0.0,0.0,0.007497854992938103,0.0,0.00817613671579121,0.02322435274653423,1.1954680084669652e-12,0.0,0.0,0.0,0.0,[2],[7]
348,0.0,0.0,0.025509015396274443,0.0,0.0,0.0,0.0,0.0,0.0,0.0,0.0,0.09353349289529918,0.0,0.0,0.0042971847394525425,0.02952533545321659,4.7130152498950605e-14,[11],[0]
349,0.0,0.0656776354662167,0.0,1.75938024099368e-05,0.0,1.454673733651858e-05,0.0,0.0,0.0005224560126317763,0.0,0.0005472738438255261,0.0,0.0,0.0,0.00020563995776511825,0.00024393184702230063,0.0,[1],[14]
350,0.0,0.07518694325300271,0.0,4.871431964054461e-05,0.0,0.0,0.0,0.0,0.00014701713195193906,0.0,0.0,0.0,0.0,0.0,0.0,0.0,3.872153590825574e-15,[1],[14]
351,0.0,0.08123889596139132,0.0,3.517663944992073e-05,0.0,0.0,0.0,0.0,3.393201932711824e-05,0.0030784346193986774,0.0,0.0,6.14226396845723e-13,0.0,0.0,2.2222754635140097e-05,0.0,[1],[14]
352,0.0,0.0,0.036746788573792113,0.0,0.0,0.0,0.0,0.0,0.018886230374246745,0.0,0.015016425750776226,0.02335349014972765,0.0,0.0,0.0,0.001892218040280836,6.972624795223619e-15,"[2, 11]",[7]
353,0.0,0.06486978156541019,0.0,1.8395357748165953e-05,0.0,0.0,0.0,0.0,6.853093513400672e-05,0.0,0.0,0.0,0.0,0.0,0.0,0.0,0.0,[1],[14]
354,0.0,0.0,0.03743080865175587,0.0,0.0,0.0,0.0,0.0,0.0007185535248726481,0.0,0.0,0.0,1.811112820708425e-12,0.0,0.006695084491869043,0.0,0.0,[2],[2]
355,0.0,0.0,0.034916527714934725,0.0,0.0,0.0,0.0,0.0,0.0005792037553320613,0.0,0.0,0.0,0.0,0.0,0.005554011327574497,0.0,0.0,[2],[2]
356,0.0,0.0,0.023082596276292944,0.0,0.0,0.0,0.001214415469723785,0.0,0.01396504655596365,0.0,0.02085141578819431,0.009444890849590099,0.0,0.0,0.0012910478758599696,0.0047580377880456605,0.0,"[2, 8, 10]",[8]
357,0.0,0.0,0.02881715438725867,0.0,0.0,0.0,0.0006864246488241247,0.0,0.008049950395397494,0.0,0.024469981176941408,0.004167940808234761,1.53388405228916e-12,0.0,0.001052936177332535,0.006995466391159382,5.149276334345796e-14,"[2, 10]",[8]
358,0.0,0.0,0.03221130502077207,0.0,0.0,0.0,0.0,0.0,0.009827937413183031,0.0,0.028958722760349106,0.010315147933850593,0.0,0.021084973476401377,0.0,0.004932677929568417,7.521584199653787e-14,"[2, 10, 13]",[8]
359,0.0,0.0,0.05919244571019812,0.0,0.0,0.0,0.0,0.0,0.0,0.0,0.0,0.1492899624496012,1.1012715622269994e-12,0.0,0.0,0.0,0.0,[11],[0]
360,0.0,0.0,0.029746501314961697,0.0,0.0,0.004454122274125305,0.010886924604271587,0.0,0.0,0.0009384228523522622,0.03715142462178647,0.016951112010626032,1.3175701080314995e-12,0.0,0.011698149112831811,0.0,1.3149703462612582e-14,"[2, 10]",[8]
361,0.0,0.0,0.02906942403006639,0.0,0.0,0.030606714880390466,0.02410188686690208,0.0,0.0,0.0019877772870370023,0.08036115928492113,0.02530756266291423,6.684637589184435e-12,0.0,0.0,0.0,0.0,[10],[8]
362,0.0,0.0,0.03847815718106013,0.0,0.0,0.0,0.0,0.0,0.0,0.0,0.0,0.07747801322490444,2.303325946764645e-12,0.0,0.0,0.0,4.443916420201623e-14,[11],[0]
363,0.0,0.021082856210999944,0.0,2.9534859017164782e-05,0.0,0.0,0.0,0.0,0.00010179266972301926,0.0017726449956010496,0.0021668043221782763,0.00979601304346401,2.8127269440245265e-12,0.007006214772631045,0.005115637972185208,0.0028283362989096937,2.2567685901390404e-14,[1],[14]
364,0.0,0.0,0.03341548681153922,0.0,0.0,0.022458645635805873,0.02017729585549241,0.0,0.0,0.005240490363644579,0.20195528937946106,0.0,1.263013735891902e-12,0.0,0.0,0.004431541350049835,1.2750536098783019e-13,[10],[8]
365,0.0,0.0,0.037049408878273515,0.0,0.0,0.04368434547666419,0.01874186582292662,0.0,0.0,0.0050009206379699085,0.1993642206220401,0.00338754064158626,0.0,0.0,0.0,0.0012854711941673927,0.0,[10],[8]
366,0.0,0.04442533962447214,0.0,4.055092552014743e-05,0.0,0.0,0.0,0.0,0.0,0.2148433987206961,0.0,0.00011408444927461572,0.0,0.0,0.0004815774065105299,0.0,0.0,[9],[14]
367,0.0,0.0,0.03443681829289306,0.0,0.0,0.0015451215371583675,0.00037112148900176223,0.0,0.012720456310626868,0.0005859928772130931,0.032085165660650894,0.017956791769344765,2.3774808342483205e-12,0.0,0.0,0.007591483402945717,0.0,"[2, 10]",[-1]
368,0.0,0.0,0.06505608873122817,0.0,0.0,0.0,0.0,0.0,0.0,0.0002799250081522124,0.0,0.0,0.0,0.01080579253752726,0.008627911820486726,0.0,0.0,[2],[2]
369,0.0,0.0,0.061472011751837176,0.0,0.0,0.0,0.0,0.0,0.0,0.0005188006873902452,0.0,0.0,8.312078707942586e-13,0.032391623126610196,0.01339156218592805,0.00412502397571136,1.7688317227838535e-15,[2],[2]
370,0.0,0.08293478393396904,0.0,6.152942298712319e-05,0.0,0.0,0.0,0.0,0.0004487504741073829,0.0,0.00034751915758759615,0.0,0.0,0.00013505331189630958,0.0,0.0004897666025526673,8.472939995671701e-14,[1],[10]
371,0.0,0.0,0.024699718392048757,0.0,0.0,0.013145514878274396,0.011103862399156315,0.0,0.0,0.003944199784197449,0.16105416019239804,0.005639883987979247,0.0,0.008108411430719753,0.006265624952610859,0.0064608435728634745,4.200830746270057e-15,[10],[8]
372,0.0,0.0,0.02192318014931777,0.0,0.0,0.0018850158611288578,0.0018257124699668811,0.0,0.0,0.0007105363025905426,0.045441313680658735,0.006501268665586324,4.954189143437542e-12,0.0,0.009072791372021978,0.006743681428108246,6.640312905623965e-14,[10],[8]
373,0.0,0.08357160584776742,0.0,0.0001972262221589772,0.0,3.569126442267801e-05,0.0,0.0,0.0007981829716115622,0.0,0.0010663632388367432,0.0,0.0,0.0,0.001011765549057499,0.0004004048365507316,1.2343691838246131e-13,[1],[14]
374,0.0,0.0,0.019120291746291557,0.15278082360422704,0.0,0.00021107755807771482,0.008445184969735089,0.0005627304209342207,0.0,0.0,0.0,0.035548915417551334,0.0,0.0015905057308806562,0.002786053400510052,0.0,0.0,[3],[11]
375,0.0,0.0,0.025307285933826338,0.23556305088073773,0.0,0.0005422522148183339,0.01397944378942544,0.0008817008275752448,0.0,0.0,0.0,0.036999980195921364,1.448687853067513e-13,0.005462818225794811,0.0100486248796397,0.0,0.0,[3],[11]
376,0.0,0.04352161264999906,0.0,0.0003947966301867555,0.0,1.199947815127065e-05,2.7301154498710323e-06,0.0,0.00022283707500138282,0.0,0.0003115045487421874,0.0,2.9171746134716573e-13,0.000126640566262284,0.0022419380298673817,0.0006268232053260407,5.738168577458059e-14,[1],[14]
377,0.0,0.0,0.03582693664312879,0.0,0.0,0.0,0.0,0.0,0.0,0.0,0.0,0.08539739630625792,0.0,0.0,0.0,0.019826115297764613,0.0,[11],[0]
378,0.0,0.0,0.02793884530107467,0.0,0.0,0.0,0.0,0.0,0.0,0.0,0.0,0.0734441154255448,1.7139350712984506e-12,0.0,0.0,0.023878888233313307,0.0,[11],[0]
379,0.0,0.07380459354204076,0.0,0.00025243619383325807,0.0,1.062740860078787e-06,0.0,0.0,0.0004312250597923892,0.0,0.0004039668494704697,0.0,2.8200182716072193e-13,0.0,0.0010022459393960327,0.0002310419727161611,0.0,[1],[14]
380,0.0,0.09217693607306622,0.0,3.7126206673239837e-06,0.0,0.0,0.0,0.0,0.0003820538749770634,0.0,0.00012901359280580188,0.0,0.0,0.0,0.0,0.00013278527974372494,1.7848409158130596e-13,[1],[14]
381,0.0,0.0,0.033665561759983545,0.0,0.0,0.0,0.0,0.0,0.0,0.0,0.0,0.11882138924187653,0.0,0.0,0.0,0.0,3.3128773627563676e-15,[11],[0]
382,0.0,0.10663889585197073,0.0,0.0002415553172048042,0.0,0.0004895657436963516,0.004448054124969903,0.0,0.0007927102876283765,0.0,0.0009051340486077466,0.0,1.5555452263556212e-13,0.0,0.008347690121307658,0.0,2.7048103733710203e-14,[1],[14]
383,0.0,0.03437250101221298,0.0,0.0001608995705321322,0.0,0.0,0.0,0.0,0.0001588640611351342,0.0,0.00023223226884845104,0.0,9.160832239417639e-13,0.0004513289817880417,0.0013587171853098048,0.0005954519071057464,1.3736871872467091e-14,[1],[14]
384,0.0,0.0,0.0655390951018006,0.0,0.0,0.0,0.0,0.0,0.0011616359089935034,0.00020680779743230816,0.0019458237738825355,0.0,0.0,0.010831972818104415,0.004590696713407946,0.00941835137836285,0.0,[2],[2]
385,0.0,0.0,0.06728732480100477,0.0,0.0,0.0,0.0,0.0,0.0,0.000802822447091057,0.0,0.0,0.0,0.045474268833938895,0.013689048902869776,0.008543417209102747,0.0,"[2, 13]",[2]
386,0.0,0.0,0.026612139282036727,0.0,0.0,0.0,0.0,0.0,0.0,0.00031444826156120384,0.0,0.0,0.0,0.023705236093811078,0.006316470716908261,0.004470191471041251,4.294176699910674e-14,"[2, 13]",[2]
387,0.0,0.0,0.02955208774817102,0.0,0.0,0.011392780731982612,0.0060495887939584275,0.0,0.001995965466778869,0.0025725273347695673,0.10549970887164167,0.006011457928363546,0.0,0.0,0.0,0.0034226143020138194,0.0,[10],[8]
388,0.0,0.0917604830406155,0.0,0.0,0.0,0.0,0.0,0.0,0.0005997172679365331,0.0,0.0005190027675436376,0.0,1.0976599608209852e-13,0.00031213196632925354,9.735920237807263e-05,0.0005992572815910732,3.50371088219953e-14,[1],[14]
389,0.0,0.0,0.030781327220963644,0.0,0.0,8.716376342554009e-05,0.00038630906048946504,0.0,0.0411892982096017,0.0,0.03807777408530244,0.0027076950589850243,2.471470830651329e-13,0.0,0.0,0.00047991263307847623,0.0,"[2, 8, 10]",[7]
390,0.0,0.0,0.024450975321846712,0.0,0.0,0.0,0.0,0.0,0.01015330128556748,0.002713645738871104,0.017873732394032116,0.008039289272814347,0.0,0.0,0.0,0.0001183375678932785,9.32236685179594e-14,"[2, 10]",[7]
391,0.0,0.0,0.06348575977071164,0.0,0.0,0.0,0.0,0.0,0.018611836206791375,0.0004265976767778782,0.0,0.0,0.0,0.013834796893413572,0.0089419989850177,0.0,0.0,[2],[5]
392,0.0,0.0556809199849342,0.0,3.052134939232639e-05,0.0,0.0,0.0,0.0,0.00022000914163779187,0.0,0.0,0.0,0.0,0.0,0.0,0.0,3.316134744117792e-14,[1],[14]
393,0.0,0.08216401786523092,0.0,9.193188668581571e-05,0.0,0.0,0.0,0.0,0.00015213358610443112,0.0,0.0,0.0,1.0060739480423342e-13,1.4591535910999662e-05,0.0,0.00011639847370491201,4.1704334374664134e-15,[1],[14]
394,0.0,0.0,0.03713042721077187,0.0,0.0,0.0,0.0,0.0,0.0,0.0,0.0,0.09432995117492114,1.4618215251825519e-12,0.0,0.0,0.0,3.5674361646718575e-14,[11],[0]
395,0.0,0.0,0.04276183709297968,0.0,0.0,0.0,0.0,0.0,0.013449033352858563,0.0,0.017288156305315747,0.009048326772306601,3.7227975250876934e-13,0.0,0.0,0.002722077268810456,0.0,[2],[7]
396,0.0,0.0,0.04219244278179804,0.0,0.0,0.0,0.0,0.0,0.012385304166326837,0.0,0.018175954250667387,0.026947114399383496,0.0,0.0,0.0,0.0038098132929220694,6.367214959300553e-16,"[2, 11]",[-1]
397,0.0,0.0,0.017763188794821687,0.003046554527581826,0.0,0.01567096425568093,0.16881247840667937,0.0,0.003053495043256699,0.0,0.013095667486381688,0.010217161268442335,0.0,0.006425188288136951,0.28479991186863474,0.0,3.222757722320291e-14,[14],[6]
398,0.0,0.0,0.01849101844269386,0.0020207239964129035,0.0,0.017756397667621087,0.18616827213437362,0.0,0.002730881729603407,0.0,0.00937145687751743,0.00838984696164652,2.7064165115525653e-12,0.0,0.22422532841581014,0.0,0.0,"[6, 14]",[6]
399,0.0,0.0,0.0675019377984255,0.0,0.0,0.0,0.0,0.0,0.0,0.0002029246887223266,0.0,0.0,0.0,0.0,0.012353115022526728,0.0,1.281862179426851e-13,[2],[2]
400,0.0,0.0,0.045759481004678734,0.0,0.0,0.0,0.0,0.0,0.0006786264077732253,0.0,0.0,0.0,0.0,0.0,0.012711926022922955,0.0,7.236585672532212e-15,[2],[2]
401,0.0,0.0,0.0541570094755106,0.0,0.00023328680904106952,0.0,0.0,0.0,0.01242218824527776,0.0,0.0,0.0,1.1340378767932641e-13,0.0,0.0,0.0022032992067242585,0.0,[2],[7]
402,0.0,0.0,0.05637765751050731,0.0,0.0,0.0,0.0,0.0,0.0029270470432962966,0.0006120630184321091,0.009942441685144177,0.0,0.0,0.02145819822623578,0.0,0.010576864599505794,0.0,[2],[2]
403,0.0,0.0,0.026014820480317977,0.0,0.0,0.028565206702776156,0.010257809634952018,0.0,0.0,0.0029254347600187343,0.1275919438014454,0.013389359638766496,7.249941560307178e-12,0.0,0.0,0.0,0.0,[10],[8]
404,0.14124198931992007,0.001165339395984933,0.0,0.0,0.29401971754283474,0.0,0.0,0.0,0.0,0.0,0.0,0.0,4.13614005262434e-12,0.0007722981933272067,0.0,0.0,0.0,[4],[9]
405,0.14763572613968473,0.0008938453640328936,0.0,0.0,0.3090689654997224,0.0,0.0,0.0,0.0,0.0,0.0,0.0,1.988114964035161e-12,0.00013858358795657298,0.0,0.0,1.2149545566921102e-14,[4],[9]
406,0.0,0.0,0.052398687405970104,0.0,0.0,0.0,0.000624399224319198,0.0,0.0513306667585598,0.0,0.024599295166045598,0.06278743567430635,1.9567457610259844e-12,0.0,0.0,0.0,0.0,"[2, 8, 11]",[7]
407,0.0,0.0,0.048093535636709935,0.0,0.0,0.0,0.0,0.0,0.0,0.0007833630835211245,0.0,0.0,0.0,0.054649141974628446,0.008912422214480315,0.008550398720812478,0.0,"[2, 13]",[2]
408,0.0,0.0,0.05801846299659331,0.0,0.0,0.0,0.0,0.0,0.0,0.0006395813839070058,0.0,0.0,0.0,0.043143640312774456,0.01059905784560335,0.00884682836751884,0.0,"[2, 13]",[2]
409,0.0,0.0,0.028738057899058915,0.25357569038073513,0.0,0.0005166851688243704,0.015286424200891154,0.0009279972426450864,0.0,0.0,0.0,0.042559038755787,6.222741556504127e-12,0.00590260604621033,0.011766644128521055,0.0,0.0,[3],[11]
410,0.0,0.0,0.027780068664334117,0.0,0.0010677382224514036,0.0,0.0,0.0007149280204860784,0.005947713775072184,0.0,0.02837659021832195,0.013593757289629521,0.0,0.02984637968503378,0.0,0.002583467274209644,0.0,"[2, 10, 13]",[8]
411,0.0,0.0,0.04528437205383675,0.0,0.0,0.0,0.0,0.0,0.0,0.0,0.0,0.0594777342348162,7.680656278706883e-13,0.015426108353550558,0.0,0.00632094388882396,8.653796833482724e-14,"[2, 11]",[0]
412,0.0,0.07108951111732942,0.0,3.7366578495283924e-05,0.0,0.0,0.0,0.0,0.0004993018866051017,0.0,0.0004621526621380806,0.0,0.0,0.0,0.0,0.000522569162499572,0.0,[1],[14]
413,0.0,0.0,0.020527444303663028,0.0,0.0,0.0024890251928588046,0.005272935902325137,0.0,0.0,0.0012017170781535899,0.06171921544449648,0.03865719826092437,0.0,0.34313063612305994,0.0,0.0,5.783100174284817e-15,[13],[13]
414,0.0,0.0,0.020538584210465505,0.0,0.0,0.0026921902884849973,0.005247488560857647,0.0,0.0,0.0013757131666678822,0.06908116365025922,0.02970796831057458,0.0,0.3471698677094396,0.0013795713982889411,0.0,0.0,[13],[13]
415,0.0,0.06636195801136019,0.0,2.3825745403819052e-05,0.0,0.0,0.0,0.0,1.5333575152284676e-05,0.0,0.0,0.0,6.483017864397065e-13,0.0,0.0,0.0,1.960164451100205e-13,[1],[14]
416,0.0,0.0,0.02939253280131005,0.0,0.0,0.0212897108404111,0.02557942291411646,0.0,0.0,0.005355230098548639,0.2095818468410172,0.0016624574017335182,8.801079314278364e-12,0.0,0.0,0.003987919754773923,8.642520910458267e-15,[10],[8]
417,0.0,0.0,0.03630315021505609,0.0,0.0,0.0,0.0,0.0,0.00292279726479022,0.0,0.0,0.0,0.0,0.0,0.0,0.004265805922623611,0.0,[2],[7]
418,0.0,0.0,0.030270613009311616,0.0,0.0,0.0,0.001806531675085109,0.0,0.004854402065526196,0.0,0.0033209492510920652,0.0,0.0,0.0,0.008274187827715603,0.0025943281362696417,7.87129319702163e-14,[2],[2]
419,0.0,0.0,0.04956433197667899,0.0,0.0,0.0,0.0,0.0,0.0,0.00017664023829932555,0.0,0.0,4.791991957743691e-13,0.027947452088685838,0.009893257648558302,0.005421028977595576,6.69611317957907e-14,[2],[2]
420,0.0,0.0,0.03068624801415573,0.0,0.0,0.0,0.0015711874376083772,0.0,0.0,0.0,0.0,0.06739826260096085,4.0918086356663415e-12,0.0,0.0,0.0,2.6362029791819733e-15,[11],[0]
421,0.0,0.0,0.053964940448025744,0.0,0.0,0.0,0.0,0.0,0.0,0.0013231020901645996,0.029399679884480886,0.0,0.0,0.033485565934494116,0.009519553909475304,0.008720752870723993,0.0,"[2, 13]",[8]
422,0.0,0.0,0.06317709542900447,0.0,0.0,0.0,0.0,0.0,0.0,0.0007281710363693031,0.0,0.0,8.615978220391851e-14,0.049933213470976616,0.01303101664020792,0.004427747994538376,0.0,"[2, 13]",[2]
423,0.0,0.0,0.03818628834468884,0.0,0.0,0.0,0.0,0.0,0.0,0.0006336273978250905,0.0,0.0,0.0,0.047727254215807376,0.007325629640103773,0.00787790240604527,6.885090367335568e-15,"[2, 13]",[2]
424,0.0,0.0,0.03237062869212737,0.0,0.0,0.0,0.0,0.0,0.0,0.0,0.0,0.06827112824866584,0.0,0.0,0.0007978852995054928,0.022169582423487613,0.0,[11],[0]
425,0.0,0.0,0.036370051773779305,0.0,0.0,0.0,0.0,0.0,0.0,0.0,0.0,0.0731233057251798,2.2743741793004233e-12,0.0,0.0,0.0,3.327864784313706e-14,[11],[0]
426,0.0,0.0,0.07491937181953426,0.0,0.0,0.0,0.0,0.0,0.0,0.0,0.0,0.07830418168994278,4.788043187635099e-13,0.0,0.0,0.0,0.0,"[2, 11]",[0]
427,0.0,0.0,0.05692618507406052,0.0,0.0,0.0,0.0,0.0,0.0,0.00012892542673945386,0.0,0.0,2.0318402351405437e-12,0.0,0.0034067331975552576,0.0,0.0,[2],[2]
428,0.0,0.0,0.061399345015835716,0.0,0.0,0.0,0.0,0.0,0.0,0.0004113052764391799,0.0,0.0,0.0,0.022733826242837964,0.01440940446680616,0.00016584243578131457,0.0,[2],[2]
429,0.0,0.06903309072628308,0.0,6.928102334106368e-05,0.0,0.0,0.0,0.0,6.394479403617261e-05,0.0,0.0,0.0,7.569228460800103e-15,0.0,0.0,0.00010550486087703672,1.9896939677765086e-14,[1],[14]
430,0.0,0.0,0.030777936345850878,0.0,0.0,0.0,0.0,0.0,0.0,0.0,0.0,0.09717635329801506,6.371045108154568e-12,0.018185073810673864,0.0,0.00022978190542356748,6.769092457989512e-14,[11],[0]
431,0.0,0.0,0.043355732976530906,0.0,0.0,0.0,0.0,0.0,0.005619098934176752,0.0,0.00577378785844771,0.0062583589216600516,0.0,0.0,0.0,0.004115903178025565,3.285811970963089e-14,[2],[2]
432,0.0,0.018536183082196674,0.0,1.368701246986533e-05,0.0,0.0,0.0,0.0,0.0,0.03163405876434675,0.0,0.00018577670322746545,3.0430338680116346e-13,0.0010253134660190262,0.00040620779635715384,0.0007190888445580684,3.9401212564901197e-14,[9],[14]
433,0.0,0.0,0.06625663802090687,0.0,0.0,0.0,0.0,0.0,0.00041341481093291356,0.00015473202945551085,0.0,0.0,0.0,0.0,0.019375735702415575,0.0,0.0,[2],[2]
434,0.0,0.0,0.0355680464765969,0.0,0.0,0.0,0.0006578294433896673,0.0,0.07504622239216235,0.0,0.03153324665308955,0.025637208065471515,1.3603270821565779e-12,0.0,0.0,0.0,4.035933815001397e-14,[8],[7]
435,0.0,0.0,0.026919211316963558,0.0,0.0,0.0,0.0,0.0,0.0005980952782932957,0.0,0.0,0.0,0.0,0.0,0.004793256118673651,0.0,0.0,[2],[2]
436,0.0,0.0,0.05577444028508144,0.0,0.0,0.0,0.0,0.0,0.0,0.0,0.0,0.0,8.716632240458422e-13,0.0,0.009021409271631598,0.0,1.9839244612072586e-14,[2],[2]
437,0.0,0.0,0.03745892055002017,0.0,0.0,0.0,0.0,0.0,0.037055973412957056,0.0,0.015961890993373522,0.018122451512678696,1.0203026644745006e-12,0.0,0.0,0.0014615409332122443,0.0,"[2, 8]",[7]
438,0.0,0.0,0.03458972981665533,0.0,0.0,0.0,0.0,0.0,0.0,0.0,0.0,0.12067618515198265,3.315630966594046e-12,0.0,0.0,0.0,0.0,[11],[0]
439,0.0,0.0,0.03171513714746043,0.0,0.0,0.04238522225713547,0.007826054611304659,0.0,0.0,0.004423487651251485,0.1679575159493293,0.0007782753172544093,2.255139382620536e-12,0.0,0.0,0.007777028093929417,6.317035384357876e-14,[10],[8]
440,0.0,0.05831783462869672,0.0,1.827737288353206e-05,0.0,0.0,0.0,0.0,0.0,0.010578901952369742,0.0,0.0,0.0,0.0,0.0,0.0,0.0,[1],[14]
441,0.0,0.0,0.03020839676760845,0.0,0.0,0.0,0.0,0.0,0.0420463954608282,0.0,0.024429627923831826,0.009462035573355218,0.0,0.0,0.0,0.0004277845558953815,0.0,"[2, 8]",[7]
442,0.0,0.0,0.0428520304251695,0.0,0.0,0.0,0.0,0.0,0.0,0.00021040473896540536,0.0,0.0,0.0,0.013124407640359265,0.0,0.0034068796201669953,3.1207545154669245e-14,[2],[7]
443,0.0,0.0,0.03242859410305048,0.0,0.0,0.04133829952181973,0.027808714462622456,0.0,0.0,0.0036839121982199844,0.14081004411362377,0.0046408183239393256,0.0,0.0,0.0,0.0,0.0,[10],[8]
444,0.0,0.0710423937917911,0.0,3.1087094914932246e-05,0.0,0.0,0.0,0.0,1.846683449742011e-05,0.0,0.0,0.0,0.0,0.0,0.0,3.5970151112316626e-05,1.3341517956051053e-13,[1],[14]
445,0.0,0.06272433352606001,0.0,0.008871630672935348,0.0,0.0007498659994452774,0.0083546846613083,0.0,0.00013446950013232067,0.0,0.0011901485774412366,0.0,0.0,0.0,0.03355113382563482,0.00026531340415228297,2.500106110095967e-14,[1],[14]
446,0.0,0.054689706581070384,0.0,0.00034875598183631946,0.0,1.6558741585221616e-05,5.697449824026506e-06,0.0,0.0005151742973546093,0.0,0.0006913392698737852,0.0,0.0,0.00019619139583665018,0.0025791370549417395,0.0008310329248373655,0.0,[1],[14]
447,0.0,0.0,0.05056046525339211,0.0,0.0,0.0,0.0,0.0,0.000433492529454599,0.00017479013810008651,0.0,0.0,0.0,0.0,0.01731065845045298,0.0,0.0,[2],[2]
448,0.0,0.0,0.0346175511855394,0.0,0.0,0.0,0.0,0.0,0.0,0.0,0.025118919900499703,0.012095003294192275,1.8266486130124102e-12,0.03816607950812991,0.002438867920625405,0.005593327711373147,0.0,"[2, 10, 13]",[8]
449,0.0,0.06799525503874362,0.0,0.00025457636345271786,0.0,2.8013293992228237e-05,0.0,0.0,0.0005114171457070339,0.0,0.0005569197082494659,0.0,0.0,0.0,0.00164708581348949,0.0002457614444275072,1.5979670471780132e-13,[1],[14]
450,0.0,0.0400693583409681,0.0,2.4269148948485518e-05,0.0,0.0,0.0,0.0,0.0,0.25984047112365455,0.0,0.00026207118183317976,1.8083946892186731e-12,0.0,0.0009874560169777385,0.0,1.7730563115681413e-14,[9],[14]
451,0.0,0.01937054471753863,0.0,0.0,0.0,0.0,0.0,0.0,0.0,0.16980118562958554,0.0,0.00024124806724983442,0.0,0.0001450027163673894,0.0007713801670010262,0.0,3.45555883655272e-14,[9],[14]
452,0.0,0.07833809863521182,0.0,0.0,0.0,1.669319905196455e-05,0.0,0.0,0.0006600092298007645,0.0,0.0008303722258448126,0.0,0.0,5.8089874310413767e-05,0.0,0.00038644472052832326,1.3665900001819227e-13,[1],[14]
453,0.0,0.05577289081697218,0.0,2.9237077677942547e-05,0.0,0.0,0.0,0.0,0.00014627006191179296,0.0,0.0,0.0,0.0,0.0,0.0,0.0,1.2851472385362655e-15,[1],[14]
454,0.0,0.0,0.06154299699504869,0.0,0.0,0.0,0.0,0.0,0.0010165548801948081,0.00013577829758444447,0.0,0.0,7.554612826936313e-13,0.0,0.0176369500671503,0.0,0.0,[2],[2]
455,0.0,0.07928003569295868,0.0,2.7536617950511293e-05,0.0,0.0,0.0,0.0,0.0002749004941596095,0.0,0.00010032468246716557,0.0,0.0,0.0001748343407520384,0.0,4.45597582920385e-05,0.0,[1],[14]
456,0.0,0.0,0.06220472584137282,0.0,0.0,0.0,0.0,0.0,0.0,2.9430889483615487e-05,0.0,0.0,3.355023184055984e-14,0.0,0.014000623323879708,0.0,0.0,[2],[2]
457,0.0,0.08981039258981215,0.0,5.323876716350891e-05,0.0,0.0,0.0,0.0,0.0002532843799324131,0.0,0.0,0.0,0.0,0.0,0.0,0.000263503908461088,0.0,[1],[10]
458,0.314585178537367,0.0026684515607418562,0.0,0.0,0.0,0.0,0.0,0.3679324556670487,0.0002948849025716028,0.0,0.0,0.0,0.0,0.0,0.0,0.0022828142547080808,7.011077558998541e-15,"[0, 7]",[9]
459,0.31458517853736706,0.00266845156074186,0.0,0.0,0.0,0.0,0.0,0.3679324556670542,0.0002948849025700904,0.0,0.0,0.0,0.0,0.0,0.0,0.0022828142547793207,9.237025944846403e-15,"[0, 7]",[9]
460,0.0,0.0,0.05165730217769699,0.0,0.0,0.0,0.00033078444235564016,0.0,0.10189676435742841,0.0,0.044403695045656104,0.022070996335212274,0.0,0.0,0.0,0.0009066959498721771,0.0,[8],[7]
461,0.0,0.05586197979099417,0.0,2.862231162513665e-05,0.0,0.0,0.0,0.0,0.0,0.05074298798993898,0.0,0.0,0.0,0.0,0.0,0.0,0.0,"[1, 9]",[14]
462,0.0,0.0,0.037400371539727834,0.0,0.0,0.0,0.0,0.0,0.006580033230611087,0.0,0.010001764568497634,0.006611993727644149,0.0,0.0,0.0,0.004163023347956906,0.0,[2],[8]
463,0.0,0.0,0.02287743511702997,0.2392098647863239,0.0,0.0005841054218038975,0.01429326521066683,0.00042088112305322116,0.0,0.0,0.0,0.035408455473429606,8.777777754219904e-13,0.005560715812307726,0.011789976246309106,0.0,3.7354373601853275e-14,[3],[11]
464,0.0,0.0,0.025241362148608965,0.23721143345659798,0.0,0.0005619801366998765,0.014167800600074972,0.0008871755983870883,0.0,0.0,0.0,0.035944070076743086,1.2695712129578373e-12,0.005817463768232397,0.010664250545584434,0.0,4.410848716312189e-14,[3],[11]
465,0.0,0.0,0.02209833079044976,0.0,0.0,0.0030784440500362486,0.0,0.0,0.03257920728636792,0.0,0.013061089656729603,0.0020913161296635917,4.085134135184798e-12,0.0,0.0,0.0025964469722221622,3.6624181833733526e-14,"[2, 8]",[7]
466,0.0,0.04322258812804291,0.0,0.000444170558385109,0.0,3.795834572920496e-05,0.00019815880673424945,0.0,0.0002745290216727348,0.0,0.00046524490687366,0.0,1.2449799040098278e-12,0.00035806039380810185,0.003156338995298381,0.0007463591457245665,0.0,[1],[14]
467,0.0,0.029973818334999007,0.0,9.526213228877435e-05,0.0,0.0,0.0,0.0,0.0,0.0,0.0,0.0,1.91528280570988e-13,0.0003433150849633491,0.0004709519743862586,0.0004341810417058324,0.0,[1],[14]
468,0.0,0.05033682901551226,0.0,0.0004157434817065946,0.0,3.564557797705919e-05,0.0002515596627096164,0.0,0.0003371577720110514,0.0,0.00040273489994377724,0.0,0.0,0.0,0.003306418735005866,0.00019745908745593402,0.0,[1],[14]
469,0.0,0.0,0.05102140726657457,0.0,0.0,0.0,0.0,0.0,0.002268922087120047,0.0,0.0,0.0,5.238931107303275e-13,0.0,0.00875969269310816,0.0,0.0,[2],[2]
470,0.0,0.0,0.0606746428676649,0.0,0.0,0.0,0.0,0.0,0.00931421883380664,0.0,0.011788068845075139,0.0,0.0,0.0,0.0013386928522652658,0.005770479845528304,3.7182070479938556e-15,[2],[7]
471,0.0,0.0,0.032143585798879784,0.0,0.0,0.0,0.0,0.0,0.012363172766261017,0.0,0.011197999600564182,0.025778793159413286,1.0580866887445228e-12,0.0,0.0,0.00020291297309220994,0.0,"[2, 11]",[7]
472,0.0,0.0,0.035849440437440004,0.0,0.0,0.0,0.0015036405442656515,0.0,0.017276035969067908,0.0,0.04182830182964425,0.024200657820549278,0.0,0.07171682776758206,0.01887518939562097,0.0,4.400908060578317e-15,[13],[5]
473,0.0,0.0,0.032998755777940064,0.0,0.0,0.0,0.0,0.0,0.0,0.0,0.0,0.1698827997350521,0.0,0.0,0.020440674660771655,0.07789655691550963,1.3918319213487412e-14,[11],[0]
474,0.0,0.0,0.03401850657796565,0.0,0.0,0.0,0.0,0.0,0.0,0.0,0.0,0.10516274659088999,4.396272608451769e-12,0.0,0.0,0.028502134270002453,1.1682005788881492e-14,[11],[0]
475,0.0,0.05540351394789523,0.0,0.0004376224297924439,0.0,2.2044793537630043e-05,6.492033667109107e-05,0.0,0.0004624838610842199,0.0,0.0005191068605447566,0.0,1.9309446666392574e-13,0.0,0.002997606926022588,0.0003389340181833388,1.699888443977964e-13,[1],[14]
476,0.0,0.07643430480226271,0.0,4.7787300919586106e-05,0.0,0.0,0.0,0.0,0.00026112716547168393,0.0,0.0,0.0,0.0,0.0,0.0,0.0,9.180561594577472e-14,[1],[14]
477,0.0,0.07976394073122932,0.0,1.2387891650406738e-05,0.0,0.0,0.0,0.0,0.0006351511253478802,0.0,0.0006785724908812777,0.0,0.0,0.0,0.0,0.0003422944500184375,6.738728898346741e-14,[1],[14]
478,0.0,0.0,0.02474782025684152,0.0,0.0,0.0,0.00016925133967380304,0.0,0.058457262180175405,0.0,0.019308805294337313,0.017147347029776622,2.6803685635712245e-12,0.0,0.0,0.0,2.95887737959369e-14,[8],[7]
479,0.0,0.06946848525868224,0.0,7.551872992344626e-05,0.0,0.0,0.0,0.0,0.0003792308228056738,0.0,9.429358503110962e-05,0.0,3.7175652540106644e-14,0.0,0.0,0.0,1.9899385954184406e-13,[1],[14]
480,0.0,0.07253736741656543,0.0,8.137195101773173e-05,0.0,0.0,0.0,0.0,0.0005275637180438531,0.0,0.00040953544045804004,0.0,0.0,0.0,0.0,0.00011137891109182456,5.75921096581249e-14,[1],[14]
481,0.0,0.05479493019464747,0.0,0.0,0.0,3.816296886820303e-05,0.0,0.0,0.0006513748664532767,0.0,0.0009793916119474491,0.0,1.6351759326640645e-13,0.000318552943636071,9.661481389192598e-06,0.00017999870291676858,0.0,[1],[14]
482,0.0,0.0,0.032197524139161465,0.0,0.0,0.0011311760438713497,0.0,0.0,0.009625223770753758,0.0,0.00622600834651263,0.024486329022427804,5.163813739532799e-12,0.0,0.0,0.009194380467390116,5.311410127807754e-14,"[2, 11]",[8]
483,0.0,0.0,0.024981785997501324,0.0,0.0,0.0,0.0,0.0,0.008529116239106377,0.0,0.01772056629908473,0.008880387594615836,0.0,0.0,0.0,0.0066828484137446496,1.4470632854924337e-14,"[2, 10]",[-1]
484,0.0,0.0,0.0663480252366813,0.0,0.0,0.0,0.0,0.0,0.0,0.0,0.0,0.09956236627883548,0.0,0.0,0.0,0.002130241352889138,7.084023411924419e-14,"[2, 11]",[0]
485,0.0,0.0,0.03149075629000149,0.0,0.0,0.0,0.0,0.0,0.0,0.000404577783933193,0.004912657782610736,0.0,0.0,0.008999697590000143,0.0,0.006876279512139592,7.196127466891165e-14,[2],[2]
486,0.0,0.046691297200009266,0.0,7.716382551953142e-05,0.0,0.0,0.0,0.0,1.5500937556243737e-06,0.010529606930093327,0.0,0.0,5.770466982556423e-13,0.00042593014812024354,9.808299377356173e-05,0.0004835433557600162,1.4988964880209103e-14,[1],[14]
487,0.0,0.0831315156376691,0.0,4.459286328122041e-05,0.0,0.0,0.0,0.0,0.0,0.06136983345458123,0.0,0.0,5.561111859390286e-13,0.0,0.0,0.0,1.837919823769515e-15,"[1, 9]",[14]
488,0.0,0.0,0.04442970011885519,0.0,0.0,0.029031548878681708,0.015816964335197768,0.0,0.0,0.005482207309843398,0.20071810584221425,0.011774526665286502,0.0,0.0,0.0,0.010820460640948687,5.019752448022758e-14,[10],[8]
489,0.0,0.0,0.028473867901985847,0.0,0.0,0.016288887248980977,0.010531954476553218,0.0,0.0,0.003755714773498213,0.14103142450030187,0.011641501677275271,0.0,0.0,0.0,0.007425842034345478,6.157576327196702e-14,[10],[8]
490,0.0,0.0506035187938284,0.0,0.0,0.0,0.0,0.0,0.0,0.0,0.14289167699371938,0.0,0.0,7.502202212402302e-13,0.0008618498131005043,0.0,0.0005914002106878747,0.0,[9],[14]
491,0.0,0.0,0.035247371508509796,0.0,0.0,0.018017798647730076,0.013994218018058687,0.0,0.0,0.004041260916290384,0.15612402750312757,0.00751522405923692,8.983088433678796e-14,0.0,0.0,0.008098737382450752,0.0,[10],[8]
492,0.0,0.04970912764189383,0.0,1.7258214749409291e-06,0.0,0.0,0.0,0.0,0.0,0.13031274690547165,0.0,0.0,0.0,0.00012130593100925407,0.0,4.670628402171163e-05,6.837503288294603e-15,[9],[14]
493,0.0,0.0,0.051947514123619684,0.0,0.0,0.0,0.0,0.0,0.0,0.0,0.0,0.0,0.0,0.0,0.0069845793202401455,0.0,1.0683623146084644e-13,[2],[-1]
494,0.0,0.0,0.03148827008693384,0.0,0.0,0.0,0.0,0.0,0.0,0.0,0.0,0.04485240263081056,4.3472341532446986e-12,0.0,0.0,0.019516257653949907,1.1723850579541982e-14,"[2, 11]",[8]
495,0.0,0.0,0.05484120889728259,0.0,0.0,0.0,0.0,0.0,0.0,0.0004637822109674265,0.0,0.0,0.0,0.0,0.017773457074710463,0.0,3.541827690775267e-15,[2],[2]
496,0.0,0.0,0.02358870742652435,0.0,0.0,0.01715338070688814,0.011893442176528603,0.0,0.0,0.004513268976239589,0.17551889670891715,0.00021497831384667462,9.489293446999315e-12,0.0,0.0,0.004468180210123941,0.0,[10],[8]
497,0.0,0.0,0.02727484646868047,0.0,0.0,0.0,0.0,0.0,0.011203638003191081,0.00035246025265577767,0.017614065726626802,0.0,1.3922595561387902e-13,0.0,0.0,0.0,5.122906640473986e-15,"[2, 10]",[7]
498,0.0,0.0,0.033546074862754634,0.0,6.603010755706069e-05,0.0,0.0,0.0,0.0007382398594699632,0.0,0.0,0.007689322216061272,1.6365228141440191e-13,0.0,0.0,0.0,1.1111629794601574e-13,[2],[4]
499,0.0,0.0,0.04246269497767199,0.0,0.0,0.0,0.0,0.0,0.0007061201618841258,4.526988322321812e-05,0.0017219046765384576,0.0,8.141188440635811e-13,0.018749537897071757,0.005500052002415027,0.003356122163963124,2.3110801456260812e-14,[2],[2]
500,0.0,0.07909353628956846,0.0,7.644086312200818e-05,0.0,0.0,0.0,0.0,0.0005710421639971563,0.0,0.0005856232453276152,0.0,4.658596773328917e-13,0.0,9.746627155621498e-05,0.0002927881064341883,0.0,[1],[14]
501,0.0,0.0,0.017735516973823244,0.0,0.0,0.0,0.0,0.0,0.0,0.0,0.0,0.05125946278976179,1.4596227436700467e-13,0.008640127026685738,0.0,0.0031846598388348807,0.0,[11],[4]
502,0.0,0.0,0.029176569467533855,0.0,0.0,0.0,0.0,0.0,1.1813103744139165e-05,0.0,0.0,0.005194159174466739,0.0,0.0,0.0,0.0034132693474686654,0.0,[2],[7]
503,0.0,0.0,0.036714072030027,0.0,0.0,0.0,0.0,0.0,0.0022469849633147783,6.299119323883267e-05,0.0,0.0,0.0,0.0,0.004325827091745263,0.0,4.842685590116393e-15,[2],[2]
504,0.0,0.0,0.028418932122395275,0.0,0.0,0.13950021279593044,0.0,0.0,0.0,0.0033784722865817392,0.13322138586177826,0.014405526344938432,2.526142410242901e-12,0.0,0.0,0.0037940073258049952,5.6676273061073163e-14,"[5, 10]",[8]
505,0.0,0.0,0.028481757761158393,0.0,0.0,0.02847931037771567,0.009964644438672673,0.0,0.0053890465415390165,0.00465394422102088,0.18505990319045304,0.0008268721341318816,0.0,0.0,0.0,0.005525418830407748,5.2494435680249004e-14,[10],"[7, 8]"
506,0.0,0.06334826969450379,0.0,5.4632015219492545e-05,0.0,0.0,0.0,0.0,0.00021876724934658665,0.0,4.34020820674285e-06,0.0,2.759728875844901e-13,0.0,0.0,0.0,0.0,[1],[14]
507,0.0,0.03489707659906528,0.0,0.0,0.0,4.475077725830647e-06,0.0,0.0,0.00032933187603980004,0.0,0.00026942404534864887,0.0,0.0,0.0,0.0,0.0,0.0,[1],[14]
508,0.0,0.07055485692456226,0.0,0.00024011330900094893,0.0,0.0,0.0,0.0,0.00045247897742068386,0.0,0.0004522092091521072,0.0,0.0,0.0,0.000990646265327792,0.00028409481406655666,1.1710467817102162e-13,[1],[14]
509,0.0,0.0,0.025242411663523794,0.23746629017069304,0.0,0.0005554015356257652,0.01408187748690491,0.0008892401996702231,0.0,0.0,0.0,0.03593126996899242,0.0,0.00577259443235374,0.010352905533734717,0.0,7.096706747532562e-15,[3],[11]
510,0.0,0.0,0.05000916997503166,0.0,0.0,0.0,0.0,0.0,0.0,4.688668957713833e-05,0.0060293989432261995,0.00028587198521031073,0.0,0.036553763148468046,0.0,0.013604910186830134,0.0,"[2, 13]",[8]
511,0.0,0.03367782489556856,0.0,9.232347193037172e-06,0.0,0.0,0.0,0.0,0.0,0.1820455953713065,0.0,7.575171868313957e-05,1.5494811181829867e-12,0.0,0.00018756050329556416,0.0,6.78303750528354e-14,[9],[14]
512,0.0,0.0,0.03188042499103552,0.0,0.0,0.0,0.0,0.0,0.029904617754467865,0.0,0.01822835449388763,0.0016182433239851513,5.628024223083143e-13,0.0,0.0,0.0003856778914449015,0.0,"[2, 8]",[7]
513,0.0,0.0,0.029534255727903826,0.0,0.0,0.0,0.0,0.0,0.0,0.0007242118708130367,0.016476669909227182,0.013454569760523605,5.848566152716799e-13,0.045223476421201954,0.0,0.006553438269464723,6.928048248521823e-14,"[2, 13]",[4]
514,0.0,0.05781347264574664,0.0,0.0,0.0,0.0,0.0,0.0,0.0,0.05081500025662288,0.0,0.0,9.896478593538227e-13,0.0,0.0,0.0,2.565899291395804e-14,"[1, 9]",[14]
515,0.0,0.0,0.05199203531428901,0.0,0.0,0.0,0.0,0.0,0.0,0.00022958887345421962,0.0,0.0,1.9215845481780573e-12,0.02764480421600502,0.008315474959822995,0.002903552998721627,0.0,[2],[2]
516,0.0,0.0,0.04849953509362989,0.0,0.0,0.0,0.0,0.0,0.06947593365077483,0.0,0.031248538900537137,0.023091815045042586,0.0,0.0,0.0,0.002716341754565747,0.0,"[2, 8]",[7]
517,0.0,0.0,0.04336608125282589,0.0,0.0,0.0,0.0001417462095624608,0.0,0.07041572886595736,0.0,0.033774754400195346,0.02857055370912591,0.0,0.0,0.0,0.000254103765224824,0.0,"[2, 8]",[7]
518,0.0,0.053726835049467604,0.0,4.667207277586864e-05,0.0,0.0,0.0,0.0,0.00043267568393661057,0.0,0.00048122661663061345,0.0,0.0,0.0,4.0144026483631844e-05,4.243605543275253e-05,1.7665885230700652e-13,[1],[14]
519,0.31458517853736695,0.0026684515607418623,0.0,0.0,0.0,0.0,0.0,0.36793245566704896,0.00029488490257158114,0.0,0.0,0.0,0.0,0.0,0.0,0.002282814254708739,8.680710092447076e-15,"[0, 7]",[9]
520,0.0,0.0,0.06539039848022031,0.0,0.0,0.0,0.0,0.0,0.0,0.0011185904379382048,0.007344010858841744,0.0,6.431766497020086e-13,0.03443384342271753,0.010054537169155001,0.003462236972717272,3.891618690323835e-14,[2],[2]
521,0.0,0.06678832293494934,0.0,0.00017431447372795393,0.0,0.0,0.0,0.0,0.0002579901513398106,0.0,0.00012675883935044224,0.0,1.3787443544049104e-12,0.00039725656425159116,0.0006427477820060951,0.00043633170427740113,0.0,[1],[14]
522,0.0,0.0,0.05066558172768897,0.0,0.0,0.0,0.0,0.0,0.007434207396118084,0.0,0.02046435065983317,0.005619019533326977,2.2020306540167002e-12,0.0,0.0,0.003139610232961195,0.0,[2],[-1]
523,0.0,0.0,0.019222048115417455,0.0,0.0,0.0,0.0,0.0,0.0001261648833488604,0.0,0.0,0.006894715289560954,3.6394385143324474e-12,0.0,0.0,0.0017544740234474326,0.0,[2],[7]
524,0.0,0.0,0.0574817885523828,0.0,0.0,0.0,0.0,0.0,0.0030920817028088996,0.0,0.0044759712760726825,0.0,6.423853501918016e-12,0.012457801521061424,0.011881929019052844,0.009995161404083717,5.937291856970358e-14,[2],[2]
525,0.0,0.0,0.04245873969510545,0.0,0.0,0.0,0.0012642666809089362,0.0,0.10366045421797031,0.0,0.03592954108010814,0.03111509914824128,0.0,0.0,0.0,0.00017484163778498982,0.0,[8],[7]
526,0.0,0.0,0.047737905178082476,0.0,0.0,0.0,0.004638159296440703,0.0,0.08603459511683521,0.0,0.046447285378221057,0.030417043464663403,0.0,0.0013127048494736557,0.0,0.0,0.0,[8],[7]
527,0.31458517853736706,0.0026684515607418562,0.0,0.0,0.0,0.0,0.0,0.3679324556670517,0.00029488490257087007,0.0,0.0,0.0,0.0,0.0,0.0,0.0022828142547455074,1.0665578680983198e-14,"[0, 7]",[9]
528,0.0,0.0,0.05067713479309291,0.0,0.0,0.002225889958571906,0.0,0.0,0.0,0.0022468309660536247,0.06591497857646815,0.0,2.2270150380253626e-12,0.155378271061742,0.0,0.011012794588902147,0.0,[13],"[2, 8, 13]"
529,0.0,0.0,0.043392888894234226,0.0,0.0,0.0,0.0023981085382003093,0.0,0.00785507021225929,0.0,0.03327388816882551,0.009623220741236753,0.0,0.0,0.005737861906080071,0.0015452697262923983,0.0,"[2, 10]",[8]
530,0.0,0.0,0.04925999960269974,0.0,0.0,0.0,0.0,0.0,0.0,0.0,0.0,0.11166692384967193,2.8391633280991688e-12,0.0,0.0,0.0,5.350666154975639e-14,[11],[0]
531,0.0,0.0,0.0247436912450863,0.0,0.0,0.01404606987212699,0.024952689301915812,0.0,0.0,0.002678449311788515,0.10497044407904792,0.02153220715922921,5.162090402509482e-12,0.0,0.0,0.0,2.6924990599443873e-14,[10],[8]
532,0.0,0.08603179669488932,0.0,0.00021538795065134987,0.0,2.109888618494731e-06,0.0,0.0,0.0005005360434339336,0.0,0.0004239493779374764,0.0,3.671543802555609e-13,0.0,0.0005169549153404211,0.00034734583952271186,0.0,[1],[14]
533,0.0,0.0,0.013696886698362736,0.0,0.0,0.0,0.0,0.0,7.359310477789862e-05,4.189558989060478e-06,0.0,0.0,0.0,0.004895455967785413,0.003094324014002526,0.0,0.0,[2],[-1]
534,0.0,0.0,0.04911668806179951,0.0,0.0,0.007888642791832467,0.10480729903583835,0.0,0.003206879813264825,0.0,0.024216544190251345,0.018120440490234816,0.0,0.0,0.15409605910593385,0.0,2.5996701967938952e-15,"[6, 14]",[8]
535,0.0,0.0,0.0261029831714681,0.2452809657854261,0.0,0.0005811432025498708,0.014642222474557166,0.0009224678186887459,0.0,0.0,0.0,0.037118421673101136,9.385796374783635e-13,0.0059534669444870555,0.011044864076508055,0.0,4.2050690854119313e-14,[3],[11]
536,0.0,0.0,0.027737303096393943,0.2460855068251817,0.0,0.00048248150404375817,0.014629651185478045,0.0008701953868540275,0.0,0.0,0.0011299870384692424,0.03999818800968833,3.042126891932784e-12,0.010285550554349005,0.011937303094143032,0.0,0.0,[3],[11]
537,0.0,0.0,0.025683717310077504,0.0,0.0,0.0,0.0,0.0,0.0,0.0010379875167923658,0.03378169644335491,0.0,0.0,0.044486043868070826,0.010862945324066071,0.008398500483438565,0.0,"[10, 13]",[2]
538,0.0,0.0,0.03934049761359125,0.0,0.0,0.03391024274972113,0.018675068095859663,0.0,0.0,0.006525540933958597,0.2489571101163502,0.00875263724787872,0.0,0.0,0.0,0.005538920585387573,3.750929561651375e-14,[10],[8]
539,0.10354530521193846,0.0,0.0,0.0,0.22419976323886134,0.0,0.0,0.0,0.0,8.72612255540249e-05,0.0,0.0,1.9065849725327902e-12,0.0,0.0,0.06695680437649212,3.222495356545628e-14,[4],[9]
540,0.155420015985128,0.00085060692684306,0.0,0.0,0.3279290474224027,0.0,0.0,0.0,0.0,1.03584364434998e-05,0.0,0.0,0.0,0.0,0.0,0.11081900687857063,0.0,[4],[9]
541,0.0,0.043177384625609265,0.0,0.0,0.0,0.00011517980787478457,0.0,0.0,0.0009014251775696109,0.0,0.0,0.0042441946496516465,0.0,0.0,0.0,0.0019298990066798306,0.0,[1],[14]
542,0.0,0.0,0.05804910368452684,0.0,0.0,0.0,0.0,0.0,0.0,0.0002479942512933154,0.0,0.0,1.0144593522988471e-12,0.006777262249339999,0.017188279598416904,0.0,0.0,[2],[2]
543,0.0,0.0,0.02515077562891043,0.0,0.0,0.0012629571668037807,0.003239411276670358,0.0,0.003966487343499314,0.0007671286536447825,0.049287447610452756,0.027167158062379418,0.0,0.1850781696341422,0.0,0.0,2.3767219658373837e-14,[13],[13]
544,0.0,0.0,0.03225498503123805,0.0,0.0,0.0,0.0,0.0,0.0,0.0,0.0,0.0,0.0,0.0,0.0020693597869503597,0.0,2.2312374423488056e-14,[2],[2]
545,0.0,0.0,0.038723317751302076,0.0,0.0,0.0,0.0,0.0,0.012780400201977127,0.0,0.019237987544938398,0.010614119626013989,0.0,0.0,0.0,0.007202135083201335,3.399593418809465e-14,[2],[7]
546,0.0,0.0,0.06474837571705755,0.0,0.0,0.0,0.0,0.0,0.0015367069816710625,0.0,0.0,0.002035618912447129,2.8993830785263253e-12,0.0,0.0,0.004182988397031066,0.0,[2],[7]
547,0.0,0.0,0.024584420835365255,0.0,0.0,0.0,0.0,0.0,0.004800970047395019,0.0,0.007593103148248342,0.010342008134988026,1.855964189318349e-12,0.0038563603912895243,0.0037532604105837237,0.0,6.930451718400094e-14,[2],[7]
548,0.0,0.0,0.038808812533450816,0.0,0.0,0.0,0.0014171792962351516,0.0,0.005019468918800446,0.0,0.03956994415233536,0.026868020702301078,0.0,0.0731873019216832,0.027265154470216692,0.0,3.387596841171825e-14,[13],[5]
549,0.0,0.0,0.025187653563645874,0.0,0.0,0.0,0.0,0.0,0.0,0.0002515178622244556,0.0,0.0,0.0,0.024764077583267416,0.006802075202698142,0.006181805275177927,1.5639721612975203e-14,"[2, 13]",[2]
550,0.0,0.0,0.05036368561388284,0.0,0.0,0.0,0.0,0.0,0.0,0.0008746985532490545,0.01273215582620494,0.0,0.0,0.024682437318643526,0.004936195216725281,0.008303853264026398,1.8810419188419198e-14,[2],[2]
551,0.0,0.0,0.03733020396496845,0.0,0.0,0.0,0.0,0.0,0.03751166050901915,0.0,0.01755323190688481,0.017552976056272443,3.05585987605764e-12,0.0,0.0,0.0035613421783860766,0.0,"[2, 8]",[7]
552,0.0,0.0,0.051509202809214484,0.0,0.0,0.0,0.0,0.0,0.0,0.000725025095400725,0.0,0.1419795502444006,0.0,0.038118861597620464,0.0,0.0,0.0,[11],[0]
553,0.0,0.0,0.026875258251218757,0.0,0.0,0.0018663972344760075,0.004148705389635875,0.0,0.0,0.00110685855914949,0.053546219561938634,0.05261064173351051,0.0,0.33403420020826713,0.0,0.0,4.003294929880956e-14,[13],[13]
554,0.0,0.0,0.025209981969356404,0.0,0.0,0.0,0.0,0.0,0.0,0.0,0.0,0.08462741058170441,0.0,0.0,0.0,0.0,0.0,[11],[0]
555,0.0,0.01359334571272394,0.0,0.0,0.0,0.0,0.0,0.0,0.0,0.003050864089545269,0.0,0.0,0.0,0.0,0.0,0.0,1.4429828161530647e-14,[1],[14]
556,0.0,0.0,0.044403251451297664,0.0,0.0,0.0,0.0006216308527941265,0.0,0.12476171778073511,0.0,0.031752050758405065,0.025724031865459327,0.0,0.0,0.0,0.0003543236994816226,0.0,[8],[7]
557,0.0,0.0,0.037103995542762426,0.0,0.0,0.002354556953443107,0.014048100674016972,0.0,0.016496266081600923,0.0003004840562896481,0.07088646709445888,0.03604238887226291,7.298123980143639e-12,0.2619952426970428,0.016372416691460875,0.0,0.0,[13],[13]
558,0.0,0.0,0.025276138641582624,0.23791742179400344,0.0,0.00047510077329722503,0.013142232053533567,0.0008959388946412466,0.0,0.0,0.0,0.03694436083587482,5.710426418616352e-13,0.00526726815253359,0.007761835529902455,0.0,2.856104270140336e-14,[3],[11]
559,0.0,0.0,0.019024433066688242,0.0,0.0,0.01181376206192022,0.0054725913491607105,0.0,0.0,0.002828058605088204,0.0917612369123759,0.0019857139553099775,3.820752495837692e-12,0.0,0.011631304473904362,0.010404826711256768,0.0,[10],[8]
560,0.0,0.0,0.040153273314495634,0.0,0.0,0.0,0.007248471316215929,0.0,0.004353071551123387,0.0,0.022510260405385306,0.020409055201361596,0.0,0.0,0.004203941182385367,0.004410888630284687,0.0,[2],[7]
561,0.0,0.0,0.040270161716393804,0.0,0.0,0.0,0.0,0.0,0.0,0.0008996760599047636,0.0,0.0,0.0,0.06464086275810402,0.010027422594005542,0.010034804643806352,5.0323553288939124e-14,"[2, 13]",[2]
562,0.0,0.0,0.02668897115740761,0.0,0.0,0.0,0.0,0.0,0.0005140707123187229,0.0,0.022907377765606494,0.009438751011275661,0.0,0.0024234327152768023,0.0,0.0068412055798855705,3.787488261953495e-14,"[2, 10]",[8]
563,0.0,0.0,0.024370794045126418,0.22917470348141566,0.0,0.0005402715502834267,0.013652331792777918,0.0008554825724063902,0.0,0.0,0.0,0.03466591565082587,0.0,0.0056274733695114145,0.0101707902302164,0.0,0.0,[3],[11]
564,0.0,0.0,0.03199176761983315,0.0,0.0,0.017936752019868985,0.06069462884999383,0.0,0.0,0.0029906696762461234,0.11008976237557874,0.006954650581282087,0.0,0.0,0.0,0.0,5.276777742922804e-14,[10],[8]
565,0.0,0.0,0.0377091368118932,0.0,0.0,0.0,0.0,0.0,0.0,0.0,0.0,0.007653362452314896,0.0,0.0,0.0,0.00124097181934519,0.0,[2],[7]
566,0.0,0.0,0.0157912505069947,0.0,0.0,0.0,0.0,0.0,0.002364144977361065,0.0,0.0,0.0,6.628271719219728e-12,0.0,0.005092380718600217,0.0,0.0,[2],[4]
567,0.0,0.0,0.02249815779009102,0.21379930421937055,0.0,0.0004374914825071462,0.011873084001125505,0.000796804922271831,0.0,0.0,0.0,0.0321012863025537,2.4651532793244745e-12,0.005093069799880154,0.007438570193496343,0.0,0.0,[3],[11]
568,0.0,0.0,0.02694391648664985,0.25157244712506316,0.0,0.0005716761576786669,0.014797336036467098,0.0009449401557661703,0.0,0.0,0.0,0.0392003465250142,1.7354840837344236e-12,0.005831966538821476,0.010429819486700078,0.0,0.0,[3],[11]
569,0.0,0.0,0.053480690225970746,0.0,0.0,0.0,0.0,0.0,0.0,0.0006666368573105582,0.0,0.0,1.5640146007258568e-12,0.0,0.00395585227194864,0.0,3.8195915964056286e-14,[2],[2]
570,0.0,0.0,0.04102479329714129,0.0,0.0,0.0,0.0,0.0,0.0,0.0008013413079705871,0.0,0.0,0.0,0.06565009628554122,0.006856345411271927,0.009841690460338792,1.4827810698672073e-13,"[2, 13]",[2]
571,0.0,0.039419493340559254,0.0,2.3815821120439338e-05,0.0,0.0,0.0,0.0,0.0002703645645222335,0.0,0.0003000545998047371,0.0,1.2342673906413608e-12,0.0,0.0,0.00028151701374449963,0.0,[1],[14]
572,0.0,0.0,0.020971066055839933,0.0,0.0,0.0,0.0,0.0,0.0015255549498467283,0.0,0.0,0.0,1.3626375459638923e-12,0.0,0.0029918616250730282,0.0,5.1642035378661825e-14,[2],[-1]
573,0.0,0.0,0.05480954726993231,0.0,0.0016715794439129514,0.0,0.0,0.0,0.0,0.0,0.0,0.0,2.3559477370585773e-12,0.0,0.0007511801947621615,0.0,1.490814822316705e-14,[2],[2]
574,0.0,0.0,0.03995689742065635,0.0,0.0,0.0,0.0,0.0,0.0,0.00034316884388983185,0.0,0.01977865073290286,3.22755161197043e-13,0.04481656554028999,0.0,0.010301151983571734,1.3534287632405865e-13,"[2, 13]",[0]
575,0.0,0.0,0.03708386947365811,0.0,0.0,0.0,0.0,0.0,0.0,0.0,0.0,0.0631742297303976,1.4730353906382391e-12,0.009907749280255722,0.0,0.01735208729722198,9.792421444865077e-14,[11],[0]
576,0.0,0.04072538339401366,0.0,0.0,0.0,0.0,0.0,0.0,0.0,0.13114414864648688,0.0,0.0,0.0,0.00022667995916018338,0.0,8.903787976086231e-05,0.0,[9],[14]
577,0.0,0.02849526123956853,0.0,7.229238170083135e-06,0.0,0.0,0.0,0.0,0.0,0.055433883142670566,0.0,0.0,0.0,0.0002749629055878432,0.0,0.0002761432520126225,1.1257280687279973e-14,[9],[14]
578,0.0,0.0,0.01388445055465414,0.0,0.0,0.3263355297082751,0.0,0.00010689216638652883,0.0014399787521109798,0.0,0.0,0.0005179993461231894,4.080216354772302e-13,0.0266302507991344,0.006888366955501786,0.0,0.0,[5],[1]
579,0.0,0.0,0.024168477603266358,0.0,0.0,0.49285634913129084,0.0,0.00013861627979304842,0.0,0.0,0.0,0.005096300417673892,7.975744861433961e-13,0.015848270266422607,0.0051539308022306414,0.0,3.3558046746103565e-15,[5],[1]
580,0.0,0.0,0.03336616585567441,0.0,0.0,0.000538587349318734,0.0,0.0,0.024592966004386266,0.0,0.022812393529486656,0.02230377160804224,0.0,0.0,0.0,0.000686669972864715,0.0,"[2, 8, 10, 11]",[7]
581,0.0,0.0,0.033686755796748624,0.0,0.0,0.0,0.0003615825939982038,0.0,0.018290590507156982,0.0,0.025587641512829915,0.015383209591184643,0.0,0.0005916599530532107,0.0031224305320350634,0.0,3.001302678881247e-14,"[2, 10]",[5]
582,0.0,0.0,0.03978200212789093,0.01925438414688855,0.0,0.0,0.0071614549881927276,0.0,0.0,0.0,0.0,0.06337227176506191,0.0,0.0001346376527872643,0.013954123371384408,0.009720543241416678,0.0,"[2, 11]",[5]
583,0.0,0.0593300387002368,0.0,1.6772633819414425e-05,0.0,0.0,0.0,0.0,0.0001936775082228328,0.0,0.0,0.0,1.3729571662865163e-13,0.0,0.0,0.00014438827592113502,6.121622522258287e-15,[1],[14]
584,0.0,0.0,0.037497607591081,0.0,0.0,0.0006507676096906753,0.0017394870034796344,0.0,0.01512097996614527,0.0,0.027923645251164385,0.04394432754945728,2.563480186218736e-12,0.04699885535420774,0.006786156065157127,0.0,4.302579522223173e-15,"[2, 11, 13]",[5]
585,0.0,0.0,0.027418462404427982,0.0,0.0,0.0,0.0,0.0,0.0,0.0,0.0,0.0651127891779098,1.0892382566303592e-12,0.0,0.0,0.0,9.777476242060374e-15,[11],[0]
586,0.0,0.0,0.03314286443984589,0.0,0.0,0.0,0.0005680074975145318,0.0,0.0058611238230020565,0.001009789606349627,0.03969875443246183,0.015539696567561137,4.41534774722691e-12,0.034062752040929734,0.0,0.0007414437162010533,7.905338364857836e-14,"[2, 10, 13]",[7]
587,0.0,0.055284821523008267,0.0,0.0001839497973584414,0.0,0.0,0.0,0.0,6.686049952708337e-05,0.009421997910771055,0.0,0.0,1.9353031355087683e-15,0.0011121485775314674,0.0015468015302502569,0.0010371439874158174,2.0865102327415963e-14,[1],[14]
588,0.0,0.05458296500461338,0.0,4.072057932845919e-05,0.0,0.0,0.0,0.0,0.00039715377975727955,0.0,0.0003723008865705273,0.0,1.2253740993894237e-13,0.0,0.0,6.667065507734547e-05,1.1967848955494791e-14,[1],[14]
589,0.0,0.0,0.032580153079412116,0.0,0.0,0.00016089117854255818,0.0,0.0,0.01276068925626668,0.0,0.020358405634891177,0.0,6.547195215623763e-13,0.0033997129382561174,9.401334681415629e-05,8.597222154252422e-05,0.0,"[2, 10]",[8]
590,0.0,0.0,0.03250996684777943,0.0,0.0,0.0,0.003296880902990143,0.0,0.007753542579690772,0.0,0.019434721840527424,0.0059730354270113506,0.0,0.0,0.009385056606154093,0.004517411856640232,0.0,[2],[8]
591,0.0,0.0,0.01763750091341144,0.0033856315177879506,0.0,0.01313021358610369,0.143058134121215,0.0,0.001962334124923623,0.0,0.00878119692826133,0.008467312565329666,3.685858982620511e-12,0.0,0.26549656197550053,0.0,2.608672432636531e-14,[14],[6]
592,0.0,0.0,0.03235334347605734,0.0,0.0,0.0,0.0,0.0,0.0,0.0,0.0,0.08582134486551436,5.230033001343882e-12,0.0,0.0,0.0,7.318766616315233e-14,[11],[0]
593,0.0,0.0,0.03449956787393573,0.0,0.0,0.0008023197582848312,0.0005987579281792657,0.0,0.0,0.0,0.0,0.10223061641029961,0.0,0.0,0.0,0.0,0.0,[11],[0]
594,0.0,0.0,0.07277095561065224,0.0,0.001162028527650563,0.0,0.0,0.0,0.0,0.0,0.0,0.0,0.0,0.0,0.0008432666809859067,0.0,9.577624731325564e-14,[2],[2]
595,0.15592580161621675,0.000941807551039676,0.0,0.0,0.32805523908412654,0.0,0.0,0.0,0.0,0.0,0.0,0.0,0.0,0.0003146330349218819,0.0,0.0,0.0,[4],[9]
596,0.14124198931992005,0.0011653393959849241,0.0,0.0,0.29401971754283496,0.0,0.0,0.0,0.0,0.0,0.0,0.0,4.134388239153495e-12,0.0007722981933272382,0.0,0.0,0.0,[4],[9]
597,0.0,0.0,0.0334788319885081,0.0,0.0,0.0,0.0,0.0,0.009318429962378803,0.0,0.03065865851841645,0.0,0.0,0.0,0.0,0.005500051529752907,0.0,"[2, 10]",[7]
598,0.007443306456560497,0.0,0.023431208796920698,0.0,0.013355880024048061,0.0,0.0,0.0,0.008782713266226358,0.0,0.012061828548245866,0.0,9.782968623058754e-12,0.0,0.0,0.0,0.0,[2],[8]
599,0.0,0.0,0.020822182697823866,0.0014507755767781006,0.0,0.023719846404987893,0.24675179549634355,0.0,0.0017608443795308077,0.0008355125347391619,0.0,0.0018517150204842862,0.0,0.007314946298899583,0.0,0.026828300357870212,2.96477834729057e-14,[6],[15]
600,0.0,0.0,0.025198936286259067,0.003642154796197125,0.0,0.022922207716275855,0.24358626805117306,0.0,0.0026238183987543342,0.0,0.0019135230516679686,0.00953806297480051,0.0,0.0,0.22410968346057758,0.0,5.241035885848798e-14,"[6, 14]",[6]
601,0.0,0.0,0.027372131442131846,0.0,0.0,0.0,0.000433655369851205,0.0,0.03305440902524714,0.0,0.013754319895759337,0.02767659309415167,0.0,0.0,0.0,0.0001748375586331483,1.2830984129104674e-13,"[2, 8, 11]",[7]
602,0.155736304532201,0.0006988350301410433,0.0,0.0,0.33609252836874964,0.0,0.0,0.0,0.0,0.00016047543664038998,0.0,0.0,0.0,0.0,0.0,0.0933455145492824,7.52816122552997e-14,[4],[9]
603,0.1412419893199201,0.0011653393959849077,0.0,0.0,0.29401971754283485,0.0,0.0,0.0,0.0,0.0,0.0,0.0,4.161296202776595e-12,0.0007722981933291545,0.0,0.0,0.0,[4],[9]
604,0.0,0.0,0.029055158365634454,0.00337773007701208,0.0,0.03044652851498876,0.31382091207127416,0.0,0.0023805619183571744,0.0,0.0,0.006365685400595825,7.631024270247787e-12,0.0,0.0,0.0027059570005394124,0.0,[6],[15]
605,0.0,0.0,0.031197380669297406,0.0,0.0,0.0,0.0,0.0,0.00023343990496111155,0.0,0.0,0.0,1.8757644085560685e-12,0.0,0.005405344959505125,0.0,0.0,[2],[2]
606,0.0,0.0,0.020524337547684065,0.19190961436926507,0.0,0.00047557057512587317,0.011800274154995398,0.0007010749610340514,0.0,0.0,0.0,0.029346876206142004,0.0,0.004963453120034118,0.009504905072757907,0.0,1.7231796825996628e-14,[3],[11]
607,0.0,0.0,0.026074836644456742,0.2454237983694311,0.0,0.000573146824244533,0.014535663879960302,0.0009201761319037918,0.0,0.0,0.0,0.0370825338172697,3.4352448350140326e-13,0.005973916678424892,0.010688392656223778,0.0,2.3017617598121586e-14,[3],[11]
608,0.0,0.0,0.03575721278306515,0.0,0.0,0.0,0.0,0.0,0.0,0.0,0.0,0.03425646676033749,0.0,0.02403890235051553,0.0,0.004345935884179187,0.0,"[2, 11, 13]",[0]
609,0.0,0.0,0.04034750489051346,0.0,0.0,0.0,0.0,0.0,0.0,0.0,0.0,0.100671330302951,0.0,0.024319787326718096,0.0,0.013119841660983763,0.0,[11],[0]
610,0.0,0.0,0.052302729606462046,0.0,0.0,0.0,0.0,0.0,0.0,0.0,0.0,0.004597345732598129,3.0845929373763373e-12,0.021693606956165002,0.0,0.010631096604233593,0.0,[2],[2]
611,0.0,0.05420034117841191,0.0,2.109870985741893e-05,0.0,0.0,0.0,0.0,0.0,0.0018692460079568157,0.0,0.0,5.610523632233644e-13,0.0,0.0,0.0,0.0,[1],[-1]
612,0.0,0.0,0.044049919126374626,0.0,0.0,0.0,0.0,0.0,0.0,0.00013439696842672264,0.0,0.09075753149922858,0.0,0.01536716124832729,0.0,0.008378669739143453,1.1153720764350364e-13,[11],[0]
613,0.0,0.0,0.047078187597549226,0.0,0.0,0.0,0.0,0.0,0.025281515108545538,0.0,0.018250606345561332,0.026519250219554348,8.591001024996143e-13,0.0,0.0,0.0036613841149017775,2.704974856276744e-15,[2],[7]
614,0.0,0.0,0.04094570936901871,0.0,0.0,0.0,0.0,0.0,0.0,0.0,0.0,0.0,0.0,0.0,0.006113360515217118,0.0,5.046718723850966e-14,[2],[2]
615,0.0,0.0,0.02418003489958596,0.0,0.0,0.0018196216261957996,0.0028992162973266594,0.0,0.001043310070173236,0.0005060609033201038,0.05743910447439424,0.026500084476802733,0.0,0.20270745287799025,0.0,0.0003292994375697055,0.0,[13],[13]
616,0.0,0.0,0.04708373662573987,0.0,0.0,0.0,0.0,0.0,0.00944527404214914,0.0,0.011487728666163563,0.0,0.0,0.0,0.0,0.0,1.7980175075960593e-14,[2],[7]
617,0.0,0.0,0.02809508444972495,0.22142546899829954,0.0,0.0015808569151427106,0.027132755995214666,0.0007294498555675912,0.0,0.0,0.0014236657870823133,0.03885980412446451,4.995514869917061e-12,0.00773074386515714,0.03570697042552848,0.0,0.0,[3],[11]
618,0.0,0.0,0.025524969402269716,0.0,0.0,0.0,0.0,0.0,0.009875111416767493,0.0,0.014908308993042609,0.0026998877264666904,1.6771851817030726e-13,0.0,0.0021644987750656787,0.004409203177179661,4.280626358872814e-14,[2],[8]
619,0.0,0.0,0.032404084071319436,0.0,0.0,0.009862433207866441,0.006344538598046165,0.0,0.008259674664279931,0.0016561280028180817,0.08692839997723008,0.004506806272687535,0.0,0.0,0.0,2.9305638323667112e-05,0.0,[10],[12]
620,0.0,0.0,0.03748523195555013,0.0,0.0,0.0,0.0,0.0,0.0003452362826920797,0.0,0.0,0.0,1.0067311489314944e-13,0.0,0.007033224530585138,0.0,0.0,[2],[2]
621,0.0,0.0,0.0296945085454759,0.0,0.0,0.0,0.0,0.0,0.0,0.0,0.0,0.10290455559582427,6.749915433490954e-13,0.0,0.0,0.0,8.151869732620148e-15,[11],[0]
622,0.0,0.02617135696018081,0.0,0.0,0.0,8.630524291708586e-06,0.0,0.0,0.00040269897408096443,0.0,0.001154749263469358,0.001020798410536975,0.0,0.002095680970857879,0.0012125561745688696,0.001351805400114472,8.801354128211323e-14,[1],[14]
623,0.0,0.04348994045552766,0.0,0.00031155180635103436,0.0,4.7033169639157154e-05,0.0,0.0,0.00021526304099756658,0.0,0.0005888216702267887,0.0,0.0,0.0011609102678403988,0.0019851825801214568,0.000793187781228588,3.2471328444225594e-14,[1],[14]
624,0.0,0.0,0.022197686000531625,0.0,0.0,0.0017061608220031027,0.0010347526736754504,0.0,0.004409913651612074,0.0004356020119854522,0.04631103367449767,0.001220510851122298,2.8753803352993235e-12,0.003617019099005434,0.0007339524605441502,0.006587196609052634,2.3198779683926723e-14,[10],[8]
625,0.0,0.0,0.04894146188283222,0.0,0.0,0.0,0.0,0.0,0.0,0.0008827553180834023,0.0,0.0,4.704472163397447e-14,0.06212050277709374,0.010517553694915542,0.009272690530440752,6.577940276106886e-14,"[2, 13]",[-1]
626,0.0,0.0,0.017780626562155392,0.0,1.2208797107257025e-05,0.0006616461323383408,0.0,0.0,0.0,0.0,0.0,0.03285528950925134,0.0,0.0,0.012079793588025923,0.021074636399766603,0.0,"[11, 15]",[8]
627,0.0,0.048125345077893095,0.0,7.424052381704449e-06,0.0,1.1697960364049199e-06,0.0,0.0,0.00035591058092900913,0.0,0.00032974027061762696,0.0,7.962421710847793e-13,0.0,0.0,0.00010716934382112636,2.533100813331403e-14,[1],[14]
628,0.0,0.0,0.015544544884878487,0.0,0.0,0.0,0.0,0.0,0.10284734058883654,0.0002883070140470463,0.0,0.0,5.302617721707629e-12,0.0012758583348741876,0.0,5.076865127041084e-05,1.086180988235456e-14,[8],[4]
629,0.0,0.0,0.028691781602355772,0.0,0.0,0.0,0.0,0.0,0.0033651962609841032,0.00014576374734994206,0.028772201357919497,0.0,4.70697111984461e-12,0.01922306821774327,0.009410450568783034,0.005775026865556518,0.0,"[2, 10, 13]",[4]
630,0.0,0.0,0.036633637900815516,0.0,0.0,0.0,0.0,0.0,0.005913833899680329,0.00017361930341980514,0.0,0.0,5.53132033428439e-13,0.010799440974921599,0.0002698907056612224,0.0031285350842618904,6.93126938599599e-14,[2],[7]
631,0.0,0.0,0.028633047736859832,0.0,0.0,0.009228963696089977,0.012174642687439122,0.0,0.0045122167786322345,0.0017986527045918393,0.09831982168630891,0.005885295778326535,0.0,0.0,0.0,0.004452037249077232,7.531647030106279e-14,[10],[8]
632,0.0,0.04490635344225145,0.0,2.143187934262284e-05,0.0,0.0,0.0,0.0,0.00026234796944290634,0.0,3.0925840278535594e-05,0.0,7.873924324752703e-13,0.0,0.0,0.00016136610580088086,0.0,[1],[14]
633,0.0,0.0,0.03470947328836087,0.0,0.0,0.0005223285386899573,0.0020920287448191466,0.0,0.009470062464305207,0.0,0.02912632003604653,0.008001050082368597,5.316740367951675e-12,0.0,0.002214717181090101,0.004073578239282536,8.20881324822142e-14,"[2, 10]",[8]
634,0.0,0.03349476053316402,0.0,1.3081131228591454e-05,0.0,0.0,0.0,0.0,0.0,0.16370722579854258,0.0,9.803996200925165e-05,9.297560680192582e-13,0.0,0.0003331361591268881,0.0,0.0,[9],[14]
635,0.0,0.0,0.05257430974778036,0.0,0.0,0.0,0.0,0.0,0.0,0.00026647396435144243,0.0,0.0,5.108786864135949e-14,0.0,0.01776743367746191,0.0,0.0,[2],[2]
636,0.0,0.03193338836735787,0.0,0.0,0.0,0.0,0.0,0.0,0.0,0.15940007340900128,0.0,0.0,0.0,0.0,0.00030695335427115663,0.0,8.565833758996758e-14,[9],[14]
637,0.0,0.0,0.017197987986263725,0.0,0.0,0.0,0.0,0.0,0.006898200435319646,0.0,0.008121220900799551,0.0035653546339658696,0.0,0.0,0.0,0.004034323578334815,9.996066271916465e-15,[2],[-1]
638,0.0,0.0,0.03434479349599548,0.0,0.0,0.0,0.0,0.0,0.00020725192177212462,0.0,0.0007536392958373268,0.013118936389730078,0.0,0.0,0.0,0.00797012279039187,1.3252039285660991e-14,[2],[8]
639,0.0,0.0,0.021068480483106538,0.0,0.0,0.0,0.0,0.0,0.33985318309699514,0.001831450400633467,0.0,0.0,7.32934013463373e-13,0.046148423418607754,0.015516912444639782,0.001738829057905402,0.0,[8],[4]
640,0.0,0.023502945266069022,0.0,0.0,0.0,0.0,0.0,0.0,0.0,0.10376150523365738,0.0,0.0,3.226500911875805e-13,0.00012111669030414407,0.0,6.60009254529961e-05,1.0809969746648401e-13,[9],[14]
641,0.0,0.0,0.026965831349878684,0.0,0.0,0.00208086528776816,0.0018446940217584128,0.0,0.05507660809130697,0.00016994817672291837,0.04891002076242577,0.014222540017767614,3.2547081807324155e-12,0.0,0.0,0.0006300557941216704,3.0593390757316346e-14,"[8, 10]",[7]
642,0.0,0.0,0.024477196786442966,0.0031122934849829786,0.0,0.02677174573572367,0.28596405597545144,0.0,0.0020080930696474777,0.00011208764366512004,0.0,0.0017731101370803543,2.0370169439944333e-12,0.007415087544319627,0.0,0.019152825662945606,0.0,[6],[15]
643,0.0,0.0,0.016991964885686606,0.0016866744775300608,0.0,0.023097030167404987,0.25052047339894995,0.0,0.0010643313984402861,0.0012966997487102619,0.0,0.0,0.0,0.020742945732527877,0.0,0.03954470638952392,0.0,[6],[15]
644,0.0,0.0,0.027850695795733887,0.0,0.0,0.0016435335263336713,0.0,0.0,0.0,0.0,0.0,0.04556001497871398,6.852944120516023e-12,0.0005023726807247014,0.0,0.0005767749060850248,0.0,"[2, 11]",[0]
645,0.0,0.060647174815150126,0.0,3.1021414192517225e-05,0.0,0.0,0.0,0.0,3.520874442601566e-05,0.0,0.0,0.0,2.181379486794765e-13,0.0,0.0,0.0,2.951708053498802e-14,[1],[14]
646,0.0,0.0,0.017682667476201105,0.0,0.0,0.0028590194007605445,0.002289956898235464,0.0,0.0,0.0009511025833842732,0.03001459577367476,0.018665336302939053,9.993566389251972e-13,0.0,0.0,0.0025710806218651574,5.1880825223366286e-14,"[10, 11]",[8]
647,0.0,0.0,0.02903873567240608,0.0,2.8079224921134165e-06,0.0,0.0,0.0,0.0002881864386211534,0.0,0.0,0.0,4.356184684719971e-14,0.0,0.0055707054220970696,0.0,3.450780909439306e-14,[2],[2]
648,0.0,0.0,0.041837584837956444,0.0,0.0,0.0,0.0,0.0,0.0,0.0007958143010171657,0.0,0.0,5.65408258348567e-13,0.0611047144945761,0.006138626216982037,0.010134780225880739,0.0,"[2, 13]",[2]
649,0.0,0.0,0.022270865083392422,0.0,0.0,0.01649520128796776,0.01192222350034501,0.0,0.0,0.0046928445924501044,0.18117970634809014,0.0005518348469649338,0.0,0.005437823395802371,0.0,0.004780611655885822,7.428614645201375e-16,[10],[8]
650,0.0,0.0,0.02613345364782108,0.2436862818809385,0.0,0.0005555852433083101,0.014375972201565708,0.0009131557403467891,0.0,0.0,0.0,0.03811959480316725,3.853221655019355e-13,0.005656450014529824,0.010192801052158931,0.0,1.2068231752105306e-13,[3],[11]
651,0.0,0.0,0.023391645157688292,0.0,0.0,0.032231939923846264,0.007773290588416075,0.0,0.0,0.002732488344305307,0.11598213582275002,0.005630082031413517,0.0,0.0,0.0,0.004970911087103108,2.8302645454196877e-14,[10],[8]
652,0.0,0.0,0.022524484117211314,0.0,0.0,0.16038436539783127,0.0,0.0,0.0,0.0023309938118778817,0.08995784003232048,0.0066506336508920265,0.0,0.0,0.0,0.0009283681984716302,1.1983565881019669e-14,[5],[15]
653,0.0,0.0,0.026169854639912938,0.014532565705176484,0.0,0.0,0.0034160861834553182,0.0,0.007648738496508685,0.0,0.028059651288593973,0.025104580728465754,0.0,0.0502639537457224,0.021655873610276592,0.0,0.0,[13],[5]
654,0.0,0.0,0.02379585945747391,0.0,0.0,0.0,0.0,0.0,0.0,0.0,0.0,0.04722908879242561,0.0,0.025919602037174482,0.0,0.003688135916422475,4.3316995570573724e-14,[11],[4]
655,0.0,0.0,0.01907486334850255,0.0,0.0,0.0,0.00018728486567272433,0.0,0.0,4.5573522917399234e-05,0.0,0.05479036899282521,6.000286648996627e-12,0.09349798327400718,0.0,0.0,6.053189956976376e-15,[13],[4]
656,0.0,0.0,0.04179333031429972,0.0,0.0,0.016093928675790774,0.1174519768763688,0.0,0.00406263311024297,0.0,0.06849405820273488,0.026966079594040834,3.181068545064474e-12,0.0,0.11090004495433992,0.0,0.0,"[6, 14]",[8]
657,0.0,0.0,0.02176718913834194,0.0,0.0,0.0,0.0,0.0,0.008204542954185165,0.0,0.007619338580048336,0.0033953700529988596,0.0,0.0,0.0,0.006318028313379659,0.0,[2],[8]
658,0.0,0.0,0.013885989589121257,0.0,0.0,0.3038003472921891,0.0,8.809636986852167e-05,0.0008265015689039675,0.0,0.0,0.0018575203306948882,3.035283227512144e-13,0.012529324683702782,0.004084216147174885,0.0,5.157880187517776e-15,[5],[1]
659,0.0,0.0,0.02783323061737387,0.0,0.0,0.003321092834623478,0.005394771301558301,0.0,0.0,0.0016661808957681822,0.0818863323176565,0.03924129979962636,3.1244786150577992e-12,0.34634924765585845,0.0,0.0,1.9540666749648874e-14,[13],[13]
660,0.0,0.04847695747870711,0.0,3.867754104864851e-05,0.0,0.0,0.0,0.0,0.0,0.2122089811980036,0.0,5.592736081360616e-05,0.0,0.0,0.00010064262137777163,0.0,0.0,[9],[14]
661,0.0,0.0,0.02345314209590943,0.0,0.0,0.0,0.0,0.0,0.0,0.0,0.00046049628133831963,0.004001083604534342,0.0,0.0,0.0,0.008335890741121538,0.0,[2],[8]
662,0.0,0.03301473491518951,0.0,0.0,0.0,0.0,0.0,0.0,5.068912159737817e-05,0.0017690593671606516,0.0,0.0,2.1818274400580452e-13,0.0,0.0,0.0,0.0,[1],[14]
663,0.0,0.0,0.0284768966714083,0.0,0.0,0.0,0.0,0.0,0.0073013286221537774,0.0,0.02293715914264571,0.002916394568409615,4.987492810082714e-12,0.0048970494102266535,0.0,0.006142817774574202,7.28948510291216e-14,"[2, 10]",[7]
664,0.0,0.035005381560526606,0.0,1.856710161094532e-05,0.0,0.0,0.0,0.0,0.0,0.18556144359541282,0.0,0.00023127713436648363,1.1478383440923273e-12,0.0,0.0003416830107099117,0.0,6.56340135836921e-14,[9],[14]
665,0.0,0.0675910185460654,0.0,6.276130593783541e-05,0.0,0.0,0.0,0.0,0.0001929360990677488,0.0,0.0,0.0,1.9423711110505326e-13,0.0,0.0,0.0,7.830284647300288e-14,[1],[14]
666,0.0,0.04492648986172462,0.0,2.4808828308799554e-05,0.0,0.0,0.0,0.0,0.0,0.03525266068816216,0.0,0.0,0.0,0.0,0.0,0.0,1.043585809281862e-13,"[1, 9]",[14]
667,0.0,0.0,0.038161527282781556,0.0,0.0,0.0,0.0,0.0,0.0,0.0,0.0,0.03291989125435521,0.0,0.0,0.0,0.0,0.0,"[2, 11]",[0]
668,0.0,0.0,0.0337583966447555,0.0,0.0,0.0,0.0,0.0,0.0,0.0,0.0,0.11562403183086742,4.116562852498038e-13,0.0,0.0,0.0,6.330600412642291e-14,[11],[0]
669,0.0,0.028487062980954218,0.0,3.27926241903233e-05,0.0,0.0,0.0,0.0,0.0002150845127352888,0.0,0.000322004795336574,0.0002539907219457718,0.0,0.0007673388722988806,0.00045472836031200403,6.16955531200252e-05,0.0,[1],[14]
670,0.0,0.0,0.033937370425088355,0.0,0.0,0.0,0.0,0.0,0.007745004649504351,0.0,0.012013755105026657,0.007757852852838955,2.082807536848964e-12,0.0,0.0,0.003493819081813277,9.46240771903302e-14,[2],[8]
671,0.0,0.0,0.017880942865091638,0.0,0.0,0.0,0.0,0.0,0.0,0.0,0.0,0.15970917448939853,0.0,0.0,0.039309081766560505,0.08646321239767286,4.56727657631848e-16,[11],[0]
672,0.0,0.0,0.017880942865091648,0.0,0.0,0.0,0.0,0.0,0.0,0.0,0.0,0.15970917448939853,0.7159400160063576,0.0,0.015577670056544646,0.02494713530685185,1.0333634570350318e-15,[12],[-1]
673,0.0,0.0,0.028514100964169994,0.0,0.0,0.0,0.0,0.0,0.005041159622591877,0.0,0.002494406902653744,0.0,2.06313700355068e-12,0.0,0.0,0.0017746842880161512,0.0,[2],[2]
674,0.0,0.0,0.04011014514961383,0.0,0.0,0.0,0.00409652271469962,0.0,0.015223701462503117,0.0,0.032758230334532325,0.017104029392638505,2.4681826915988056e-12,0.0,0.005327574731366115,0.004186668343360542,0.0,"[2, 10]",[8]
675,0.0,0.0,0.0103328714351508,0.0,0.0,0.004969416887402709,0.04514289440222385,0.0,0.0,0.0,0.03589381112203067,0.0049213134322271,4.827186068543286e-12,0.0,0.24578764084652152,0.022270903488798312,4.706005679070581e-14,[14],[4]
676,0.0,0.0,0.009670774427334232,0.0,0.0,0.0030799948582002573,0.023095615474346968,0.0,0.0,0.0,0.03554057064806981,0.0039848802073891056,0.0,0.0,0.16991522986487115,0.024379935264302474,1.8696695418968136e-14,[14],[4]
677,0.0,0.03474769169297977,0.0,0.0,0.0,0.0,0.0,0.0,0.0,0.14348021975678277,0.0,0.0,9.876683100583415e-14,8.044221728410605e-05,0.0,0.0,2.8303139889665183e-14,[9],[14]
678,0.0,0.025415655511280773,0.0,0.0,0.0,0.0,0.0,0.0,0.0,0.09975695305662666,0.0,0.0,1.917080590746678e-13,8.603876860490772e-05,0.0,4.118571853430075e-05,0.0,[9],[14]
679,0.0,0.0,0.022549122065064004,0.0,0.0,0.0,0.0,0.0,0.0,0.0,0.0,0.07143271602644075,0.0,0.01012402494317759,0.0,0.0,7.118118595932428e-14,[11],[0]
680,0.0,0.0,0.030783635212800763,0.0,0.0,0.0,0.0,0.0,0.009936265407955386,0.0,0.018296110194848593,0.007626052353592228,1.314929952051472e-12,0.0,0.0,0.003711146015833071,1.9718800817468187e-14,[2],[8]
681,0.0,0.0,0.03069963043576031,0.0,0.0,0.0014370730998240883,0.0,0.0,0.0,0.0,0.0,0.10803422179979785,5.099386510255098e-12,0.0,0.0,0.0,0.0,[11],[0]
682,0.0,0.0,0.02820150837759688,0.0,0.0,0.021385855935705127,0.03195181258228781,0.0,0.000807975073072968,0.004545582601262131,0.17826381647457268,0.004800496265524143,0.0,0.0,0.0,0.0,0.0,[10],[8]
683,0.0,0.0,0.02081351697292086,0.001752450055638379,0.0,0.02595652609676875,0.2746714476887479,0.0,0.0016753973272878521,0.0011463713404919736,0.0,0.0,4.960267345520629e-12,0.013943583628489136,0.0,0.03531446929216343,1.4684972640222798e-14,[6],[15]
684,0.0,0.0,0.021605760916095857,0.0012787693347252483,0.0,0.01593913257127446,0.16699364595407676,0.0,0.0021632437186200532,0.0,0.009376736013607157,0.008046086502059603,3.588036489660006e-13,0.0,0.15875381545647055,0.0,2.383733840689936e-16,"[6, 14]",[6]
685,0.0,0.0,0.020665174005325554,0.0,0.0,0.012855756250915024,0.029440564395347583,0.0,0.0,0.0023241795908624523,0.08726997459726746,0.000514499224413681,1.2289967816230199e-11,0.0,0.0,0.0,0.0,[10],[8]
686,0.0,0.010076973188692197,0.0,0.0,0.0,0.0001097460342237311,0.0,0.0,0.00040106446583245374,0.07548589188630928,0.0006217687707910751,0.0,5.426094003807208e-14,0.0024229405629041098,6.989627229624883e-06,0.0004781187006328953,0.0,[9],[14]
687,0.0,0.0,0.03130811810825107,0.0,0.0,0.032141324732938514,0.012166535952759351,0.0,0.0,0.005162308674040388,0.20201047269232145,0.0035373976538069776,8.923347230375547e-13,0.0,0.0,0.007529767762268981,0.0,[10],[8]
688,0.0,0.0,0.017880942865091648,0.0,0.0,0.0,0.0,0.0,0.0,0.0,0.0,0.1597091744893985,0.4417598717206408,0.0,0.024765083037681813,0.04887187623289906,6.434020771135598e-16,[12],[-1]
689,0.0,0.0,0.025270317081569002,0.23706450481406915,0.0,0.0005702026964877691,0.014277360904196594,0.0008895323960775624,0.0,0.0,0.0,0.035980937618502906,1.889011029291714e-12,0.005796457077228956,0.011030293349115745,0.0,5.420283892237614e-14,[3],[11]
690,0.0,0.0,0.029067445130150266,0.0137921509865006,0.0,0.0,0.009428363778644748,0.0,0.005130942466379193,0.0,0.029803740088658916,0.028286419882586712,2.471029880887612e-12,0.034774968032085955,0.027918278902168272,0.0,3.6014402191032114e-14,"[2, 10, 11, 13, 14]",[5]
691,0.0,0.0,0.026747894006770287,0.0,0.0,0.0002086115869779121,0.0,0.0,0.0083879090626251,0.0005607559008418355,0.040418730338130704,0.0,0.0,0.007294085912659894,0.0,0.0035240620571598174,3.2353455033397574e-14,"[2, 10]",[7]
692,0.0,0.0,0.027752266680264242,0.2589579044436545,0.0,0.0005964542935881499,0.015330376025206423,0.0009762884322332384,0.0,0.0,0.0,0.04029463046474324,4.513609996279561e-12,0.00600949270965016,0.01109915833961874,0.0,3.056836298937803e-14,[3],[11]
693,0.1322225372343677,0.0011376000072916364,0.0,0.0,0.2739484672071621,0.0,0.0,0.0,0.0,0.0,0.0,0.0,0.0,0.0008254863311354765,0.0,0.0,0.0,[4],[9]
694,0.0,0.0,0.019296381455413864,0.0004666010200768216,0.0,0.0,0.002860279969264418,0.0,0.007302378710958704,0.0,0.028865453634510648,0.017732403958928698,0.0,0.05171170865605389,0.019180983665343564,0.0,0.0,[13],[5]
695,0.0,0.0,0.021611449189193218,0.018100309287890654,0.0,0.015053204014058108,0.16980843714649993,0.0,0.0009474001128272312,0.0,0.0,0.007658440603466306,0.0,0.0,0.22287111274684937,0.0,0.0,"[6, 14]",[6]
696,0.0,0.04949738240536187,0.0,0.00020238901267966928,0.0,0.0,0.0,0.0,0.00024761871455455383,0.0,0.0002617951977892007,0.0,0.0,0.00045433131497804233,0.0016194484964877443,0.0004415391568568087,0.0,[1],[14]
697,0.0,0.0,0.030985028332196657,0.0,0.0007233040746900953,0.0,0.0,0.0,0.026412590423821023,0.0,0.010055501824856306,0.01281396851926466,0.0,0.0,0.0,0.004925154170665744,0.0,"[2, 8]",[8]
698,0.0,0.0,0.02106848048310661,0.0,0.0,0.0,0.0,0.0,0.33985318309699514,0.0018314504006333354,0.0,0.0,7.02870537997944e-13,0.04614842341861127,0.015516912444640183,0.0017388290578990793,0.0,[8],[4]
699,0.29089651924975496,0.0024702669724508703,0.0,0.0,0.0,0.0,0.0,0.33916338341170377,0.0002723851379706793,0.0,0.0,0.0,1.5465956425163841e-12,0.0,0.0,0.0016564358225741329,0.858246280692681,[16],[9]
700,7.89760938523591e-05,0.0,0.023473762960368284,0.0,0.0012629030050786308,0.0,0.0,0.0009202853414756598,0.0,0.0,0.0,0.0,0.0,0.009513460957398174,0.0,0.0,0.0,[2],[8]
701,0.0,0.0,0.024986042132667287,0.0,0.0,0.0,0.0018781694617623884,0.0,0.004514945505079985,0.0,0.026649433310342484,0.03044906891564775,0.0,0.05357049699892685,0.013961975392470152,0.0,2.1504306253949917e-14,[13],[5]
702,0.0,0.0,0.018096236916242264,0.0,0.0,3.0440550357039645e-05,0.0021180041395453997,0.0,0.007034368110344741,0.0,0.03393350087624892,0.020378332755838433,3.1650150982144234e-13,0.06841188614445592,0.01567289713137957,0.0,7.133285236615278e-14,[13],[5]
703,0.0,0.0,0.018371663395402235,0.0017575661761034156,0.0,0.024757922453506484,0.26791294101931584,0.0,0.0011846732901975817,0.0013857371802582707,0.0,0.0,1.4029437807998088e-12,0.021511966427127598,0.0,0.041945927558930465,0.0,[6],[15]
704,0.0,0.021844732213395876,0.0,1.3739022765389534e-05,0.0,0.0,0.0,0.0,0.0,0.1510757230720063,0.0,0.00022918580931602833,1.2534171294590072e-12,0.0,0.0005444358074608605,0.0,3.136274840612665e-14,[9],[14]
705,0.0,0.0,0.04013223129917667,0.0,0.0,0.0,0.0,0.0,0.0,0.0004264011008171866,0.0,0.07212782832282276,8.993583124462708e-14,0.0,0.0,0.0,0.0,[11],[0]
706,0.0,0.0,0.017458024777004446,0.0,0.0,0.0,0.0,0.0,0.002607630191529312,0.0,0.0,0.022024810679426233,4.056198175211673e-12,0.0,0.0,0.0,0.0,"[2, 11]",[-1]
707,0.0,0.0,0.015901426721111632,0.0,0.0,0.0,0.0,0.0,0.0,0.0,0.0,0.0477207287818478,0.0,0.0011694540242583131,0.0,0.0,4.397820025679259e-14,[11],[-1]
708,0.0,0.0,0.014777755504571423,0.13437095953826153,0.0,0.00040418276758215485,0.009225393707779372,0.0005157528305279053,0.0,0.0,0.0,0.020992318535414927,0.0,0.0033634125666902256,0.00900437964711589,0.0,1.8227045983776694e-14,[3],[4]
709,0.0,0.044341771030413764,0.0,1.573050808136485e-06,0.0,0.0,0.0,0.0,0.0,0.1836506495139999,0.0,0.0,0.0,0.0,0.0,0.0,4.9673742287230655e-15,[9],[14]
710,0.0,0.0,0.0316013512993452,0.0,0.0,0.0,0.0,0.0,0.0,0.0,0.0,0.09060894145697106,2.5088103488308584e-12,0.00792746170265277,0.0,0.011223108751424824,3.3863993643269766e-14,[11],[0]
711,0.0,0.0,0.02821830697132882,0.0,0.0009947520559470504,0.0,0.0,0.0007750775073520204,0.0008589930793790093,0.0,0.00017933571497921082,0.0,0.0,0.007137892772807228,0.0,0.0,0.0,[2],[8]
712,0.0,0.0,0.024859301052065824,0.0,0.0,0.0,0.0,0.0,0.04090633810236355,0.0,0.014226421593953709,0.008900613259741452,2.1958768878760864e-12,0.0,0.0,0.003280250225723028,0.0,"[2, 8]",[7]
713,0.0,0.0,0.02643880001136032,0.0,0.0,0.0,0.0,0.0,0.0,0.0002716412288541147,0.0,0.0,0.0,0.026549090581315857,0.006796577400020326,0.006724896197953008,4.340469769324139e-14,"[2, 13]",[2]
714,0.0,0.0,0.029796583363638825,0.0,0.0,0.0,0.0,0.0,0.0,0.00025694161761959127,0.0,0.029812012904914836,0.0,0.068422404366416,0.0,0.005553792438305891,2.3558313552757456e-14,[13],[0]
715,0.0,0.0,0.023704246684669732,0.0,0.0,0.023608607137829557,0.004125989423275598,0.0,0.0,0.0017323421594350483,0.06779241184866232,0.03552195392221402,0.0,0.0,0.0,0.0,6.423566670180857e-14,[10],[8]
716,0.0,0.0,0.025990001771246555,0.0,0.0,0.0018582105235074886,0.0,0.0,0.03212979688711263,0.0,0.018207606206835907,0.0014984432382392618,3.732401875211335e-12,0.0,0.0,0.00045604164691732377,9.073617489463617e-14,"[2, 8]",[7]
717,0.0,0.0,0.023789405874854713,0.0,0.0,0.0,0.0,0.0,0.33591959532559473,0.0017145487579543499,0.0,0.0,0.0,0.04033617481023711,0.01291468388078672,0.0016784929917109154,0.0,[8],[4]
718,0.0,0.0,0.029871732846654907,0.0,0.0,0.006652840501256454,0.010752152330567866,0.0,0.01042939215660691,0.0011440126807628547,0.07346724076989884,0.003286275478499699,5.1609429963111175e-12,0.0,0.0061562634779058975,0.0036579639558178083,6.138954654245009e-14,[10],[8]
719,0.31447420708441093,0.002836878772015722,0.0,0.0,0.0,0.0,0.0,0.30499962149960486,0.00027779267654950133,0.0,0.0,0.0,2.0614360218597912e-12,0.0,0.0,0.0,0.0,"[0, 7]",[9]
720,0.16213264484229167,0.00316465376447158,0.0,0.0,0.25205887209562494,0.0,0.0,0.0,0.0004694975673290226,0.0,0.0,0.0,0.0,0.0,0.0,0.0,0.0,"[0, 4]",[9]
721,0.0,0.0,0.013614537545509859,0.0,0.0,0.011575334864810324,0.006249680200771585,0.0,0.0,0.0010686660470161865,0.04779748052688232,0.016492246501994497,3.793333659837842e-12,0.0,0.0,0.0,1.8367161128667096e-14,[10],[8]
722,0.0,0.0,0.019020185531173184,0.0033275612763731107,0.0,0.015732847838500746,0.17042590895829887,0.0,0.0019244428095490814,0.0,0.008082791790095968,0.008298466693645866,0.0,0.0,0.28506245314451023,0.0,0.0,[14],[6]
723,0.0,0.0,0.017826862500603852,0.0,0.0,0.0,0.0021907712214624623,0.0,0.00728146229847744,0.0,0.030725215814587252,0.017076701014620096,0.0,0.06300661713806864,0.0193592827810709,0.0,0.0,[13],[5]
724,0.015771576751456844,0.0,0.017238119064217402,0.0,0.036193981383375345,0.0,0.0,0.0,0.00010506723111397945,0.0,0.0,0.0,0.0,0.0,0.0,0.016255899224685566,0.0,[4],[2]
725,0.2908965192497549,0.002470266972450863,0.0,0.0,0.0,0.0,0.0,0.3391633834117035,0.00027238513797061246,0.0,0.0,0.0,1.5467547763959343e-12,0.0,0.0,0.0016564358225739071,0.0,"[0, 7]",[9]
726,0.3145851785373669,0.002668451560741864,0.0,0.0,0.0,0.0,0.0,0.3679324556670462,0.00029488490257235044,0.0,0.0,0.0,0.0,0.0,0.0,0.0022828142546732857,7.465888262556082e-15,"[0, 7]",[9]
727,0.0,0.0,0.03029794772657787,0.0,0.0,0.0010474124307257402,0.0008866148200870529,0.0,0.007466997833236226,0.0005390281782701078,0.03923113484002624,0.00033518368217119146,4.87851202464325e-12,0.0,0.0,0.0032918009186554196,4.648350766286376e-14,"[2, 10]",[7]
728,0.0,0.026998166973722044,0.0,0.0,0.0,0.0,0.0,0.0,0.0,0.13040131457066115,0.0,2.6248003684628493e-05,4.234905508437589e-13,0.0006174254570161611,0.0,0.00018678874200908077,0.0,[9],[14]
729,0.0,0.0,0.022032922270318986,0.0,0.0,0.431013990328385,0.0,1.1451252897803753e-05,0.0030881146649741464,0.0,0.0,0.0037521607100705298,0.0,0.02445006915441411,0.00530319892891193,0.0,0.0,[5],[1]
730,0.0,0.0,0.016037658262714683,0.0,0.0,0.3070630412845992,0.0,6.457745164932558e-05,4.805939814283819e-05,0.0,0.0,0.003881743278785237,5.18154387240721e-13,0.0014617554562307725,0.0014531656322416598,0.0,8.954993344213116e-15,[5],[1]
731,0.0,0.0,0.02247414301849003,0.0,0.0,0.0,0.0,0.0,0.33047633521304026,0.001714915129115412,0.0,0.0,6.056915720397725e-13,0.041449555942179105,0.01315336574431391,0.0018625097918688195,0.0,[8],[4]
732,0.0,0.030502099866984825,0.0,2.947551167953773e-05,0.0,0.0,0.0,0.0,0.0,0.12155620488153157,0.0,6.170132874555782e-05,0.0,0.0,0.0006550850623204507,0.0,0.0,[9],[14]
733,0.0,0.0,0.017014423920447993,0.0,0.0,0.008584487653052872,0.005383717189299059,0.0,0.0,0.0022690543760984015,0.10069874107356434,0.008279360546831418,2.1844957682858415e-13,0.02686126042661331,0.0035758388139778808,0.0,0.0,[10],[8]
734,0.0,0.0,0.02225011791625796,0.0,0.0,0.0,0.0,0.0,0.0,0.0,0.0,0.0,1.8401791051596888e-14,0.013280247504811873,0.0031246130318771043,0.0,4.909121733086974e-14,[2],[5]
735,0.0,0.0,0.019229905243871918,0.0,0.0,0.0,0.0,0.0,0.0,0.0,0.0,0.007948364453842744,1.3379980877711188e-12,0.012377282693330592,0.0,0.0020714507192858174,0.0,"[2, 13]",[-1]
736,0.0,0.0,0.014862870822065643,0.0,0.0,0.0,0.0018748304184715522,0.0,0.005125190100369826,0.0,0.025059244525852613,0.014076611957139445,0.0,0.04960533030399962,0.015079360715056936,0.0,0.0,[13],[5]
737,0.0,0.0,0.008798208488904048,0.002260855725811741,0.0,0.011843249462258362,0.13016339368262478,0.0,0.0003590174532422976,0.0,0.01356364995003094,0.004304458060564662,6.836628338298842e-12,0.0,0.38172023836231167,0.0,6.830755954598628e-14,[14],[6]
738,0.0,0.029799430785256778,0.0,0.0005300890656778411,0.0,4.2988091773930824e-05,0.0003302416998943491,0.0,0.0002669478316609098,0.0,0.0004172029089677382,0.0,0.0,2.532188016840853e-05,0.003374552573603166,0.0005056165176895105,0.0,[1],[14]
739,0.0,0.01656652879129152,0.0,1.845360087233257e-05,0.0,0.0,0.0,0.0,0.0,0.0629353626758246,0.0,0.00013813001589055667,6.477965149035348e-13,0.00013963105660172632,0.0005164329739824465,8.119125895812582e-05,0.0,[9],[14]
740,0.0,0.0,0.01744516979661992,0.0,0.0,0.0,0.0,0.0,2.6582975301344085e-05,0.0,0.0,0.0,0.0,0.0,0.0038203012850847075,0.0,0.0,[2],[2]
741,0.0,0.0,0.014552794176227924,5.735388658926479e-05,0.0,0.013846113637783743,0.11923999346415963,0.0,0.0007646528943462744,0.0011282655472185502,0.016827442571903994,0.0038574478677434977,0.0,0.0,0.0,0.009822144235001011,3.0628814118135174e-14,[6],[15]
742,0.0,0.0,0.007967286776358436,0.0,0.0,0.0,0.0,0.0,0.0,0.0,0.0,0.035126055261882054,1.7664781541733282e-12,0.0,0.0,0.006878886160740355,0.0,[11],[-1]
743,0.0,0.0,0.02013438015640864,0.003638524699163967,0.0,0.015897108938177057,0.17911990886643148,0.0,0.0027885332381600717,0.0,0.004691947055834797,0.007427358858348004,0.0,0.0,0.3651813811397312,0.0,0.0,[14],[6]
744,0.0,0.0,0.02162981321233782,0.0,0.0,0.002543983882805942,0.005301856347773375,0.0,0.0,0.0012084880093682073,0.06550752018143355,0.03953435509411327,8.654759386509067e-13,0.35660939108981143,0.0,0.0,0.0,[13],[13]
745,0.0,0.0,0.023989500469102452,0.0011699839880713306,0.0,0.0,0.00216119396168042,0.0,0.00040601092107291835,0.0,0.01761865157826517,0.03515450363487183,3.973332647228858e-12,0.04213317132212947,0.014699625495101417,0.0,8.328190569249129e-14,"[11, 13]",[5]
746,0.0,0.0,0.017880942865091645,0.0,0.0,0.0,0.0,0.0,0.0,0.0,0.0,0.1597091744893985,0.5406275142999841,0.0,0.021478922897799516,0.04034523816058925,8.528012155385402e-16,[12],[-1]
747,0.0,0.0,0.014281571933568243,0.0,0.0,0.00018267472048469024,0.008733133827138714,0.0,0.0037433449109220084,0.0,0.01654479998584396,0.0063849870649055705,2.650219099616081e-12,0.007024360415703928,0.01610096938771412,0.0001286667437223202,0.0,"[2, 10, 14]",[8]
748,0.0,0.013346689761911553,0.0,1.69103121991564e-05,0.0,0.0,0.0,0.0,0.0,0.00681797808610414,0.0,0.0001936160442277337,0.0,0.0003383830025557853,0.0,0.00016532214637179167,7.603107869528022e-14,[1],[14]
749,0.0,0.0,0.0066833962741048745,0.001409418693848345,0.0,0.007333287937668234,0.08340849589811812,0.0,0.0007156166143271004,0.0,0.004439534994592488,0.0024372390455064024,0.0,0.0,0.27000117191932593,0.0,1.948722614603978e-14,[14],[6]
750,0.0,0.0,0.00778938321847248,0.0,0.0,0.0,0.00011421055116992772,0.0,0.028377659997405744,0.0,0.007019330708435297,0.005165079143517545,2.2415213860245444e-12,0.0,0.0,0.0,4.999341510775644e-15,[8],[4]
751,0.0,0.0,0.013884450554654164,0.0,0.0,0.32633552970827495,0.0,0.00010689216638660872,0.0014399787521109596,0.0,0.0,0.0005179993461233084,4.1083436204384743e-13,0.026630250799134596,0.0068883669555018165,0.0,0.0,[5],[1]
752,0.0,0.0,0.00811937234525661,0.0,0.0,0.1838494369631695,0.0,7.105937700038799e-05,0.0,0.0,0.0,0.0010838394285745748,0.0,0.00785660757230151,0.0027799427973923046,0.0,0.5132380750462497,[16],[1]
753,0.0,0.0,0.022474143018490027,0.0,0.0,0.0,0.0,0.0,0.3304763352130402,0.0017149151291153933,0.0,0.0,5.537963758487583e-13,0.041449555942174816,0.013153365744315615,0.0018625097918733174,0.0,[8],[4]
754,0.0,0.0,0.02378478703627007,0.0,0.0,0.0,0.0008011255046239532,0.0,0.0,0.00026587000291536616,0.002778235792773415,0.0,2.098785637356537e-12,0.0,0.0,0.0,0.0,[2],[8]
755,0.0,0.0,0.019950237301317775,0.0034383920943087064,0.0,0.015791504012985673,0.17092425676346304,0.0,0.00215570041560615,0.0,0.0071935043468875914,0.008856115423204152,0.0,0.0,0.2612025493211678,0.0,2.847865240272147e-14,"[6, 14]",[6]
756,0.0,0.023431552975406934,0.0,7.909973353885282e-05,0.0,2.6478278818484675e-06,0.0,0.0,0.00015806432852218073,0.0,0.00019722680181599256,0.0,3.895765941905909e-12,0.0,0.0006499466632097037,0.0002104778398951361,4.010362738047182e-14,[1],[14]
757,0.0,0.021331982269933897,0.0,3.881222500727596e-05,0.0,0.0,0.0,0.0,2.2798820953247756e-05,0.0048045112275032584,0.0,0.0,9.786934058213765e-13,0.0005526943181575868,0.00014991827922690022,0.0005095682086012366,0.0,[1],[14]
758,0.0,0.0,0.018371663395402547,0.0017575661761034364,0.0,0.024757922453506387,0.2679129410193159,0.0,0.00118467329019798,0.0013857371802579823,0.0,0.0,1.3851280667767106e-12,0.021511966427140303,0.0,0.04194592755891164,0.0,[6],[15]
759,0.0,0.0,0.011054941851395668,0.0,0.0,0.0,0.0,0.0,0.00217303591179881,0.0,0.0,0.0,1.5207372850823848e-12,0.0,0.003926038773502216,0.0,1.2948321912424837e-14,[2],[4]
760,0.0,0.0,0.01115684529724352,0.0,0.0,0.0015810925775574891,0.0009065766410423548,0.0,0.0,0.000267214787342356,0.01469985853875329,0.013892784602713107,7.2105464236017e-12,0.0,0.0,0.0,0.0,"[2, 10, 11]",[6]
761,0.0,0.0,0.007766214840245487,0.0,0.0,0.0,0.001001604725941394,0.0,0.007184170338645519,0.0,0.007845043077423355,0.005859535947343922,1.0968756139161356e-12,0.0,0.0,0.0,0.0,"[2, 8, 10, 11]",[16]
762,0.0,0.0,0.007850218556291935,0.0,0.0,0.1705333860129068,0.0,2.5674819802083025e-05,0.0014485152008033115,0.0,0.0,0.0006707280154259033,1.652130323382779e-12,0.013585649907413897,0.0030088873112844084,0.0,0.0,[5],[1]
763,0.0,0.0,0.017662372633024528,0.0,0.0,0.0,0.0,0.0,0.0027492112568951103,0.0,0.0,0.0,0.0,0.0,0.004840807046158566,0.0,3.195330331696352e-14,[2],[4]
764,0.10803773264592043,0.00042040991342882054,0.0,0.0,0.2252836750809204,0.0,0.0,0.0,0.0,2.0062694921435634e-05,0.0,0.0,8.852928404409116e-12,0.0,0.0,0.30879915291634885,0.0,"[4, 15]",[9]
765,0.03650488098635596,0.0,0.003081388392992587,0.0,0.05847264709295816,0.0,0.0,0.0,0.002633879248444234,0.0,0.00342744731632562,0.0,0.0,0.0,0.0,0.0,0.0,"[0, 4]",[4]
766,0.0,0.0,0.007572021553708548,0.0,0.0,0.0,0.0,0.0,0.0031127930595355752,0.0,0.0,0.0,1.7128121423637534e-12,0.0,0.0017062864155418303,0.0,3.2560319782546305e-15,[2],[4]
767,0.0,0.0,0.010990989535209623,0.0,0.0,0.0,0.0,0.0,0.0,5.8446127756177323e-05,0.0,0.03333375235420436,2.1338896283283487e-12,0.009735653134538304,0.0,0.0,1.6149705547418437e-15,[11],[0]
768,0.0,0.0,0.01113769851538857,0.0,0.0,0.0,0.0,0.0,0.0002243619934721757,7.33642870726922e-05,0.0052950662705498865,0.0,0.0,0.007951969416561103,0.0036706605679131554,0.002551058484477761,0.0,"[2, 13]",[8]
769,0.09940498337776442,0.0004481152902935757,0.0,0.0,0.21929011206927834,0.0,0.0,0.0,0.0,0.0003785462829013642,0.0,0.0,0.0,0.0,0.0002540195178050017,0.6909236940881578,1.464615290325971e-14,[15],[9]
770,0.04978700490039111,0.0002972250812389061,0.0,0.0,0.10727794233684909,0.0,0.0,0.0,0.0,2.1174620060849197e-05,0.0,0.0,1.4191653111899887e-12,0.0003106511357448805,0.0,0.0,0.0,[4],[4]
771,0.0,0.0,0.010737240646700789,0.0,0.0,0.005970886129619058,0.0051323601922310174,0.0,0.0,0.0003511725606488195,0.021199839401916713,0.0030351128007177876,0.0,0.0,0.0,0.0,0.0,[10],[8]
772,0.050185259779773776,0.00022286454692547718,0.0,0.0,0.11338449322395637,0.0,0.0,0.0,0.0,0.000319331598278382,0.0,0.00011779862035841756,9.273609232456938e-13,0.0,0.0005680491281087788,0.5968160179048245,0.0,[15],[9]
773,0.0,0.0,0.008119372345256634,0.0,0.0,0.18384943696316952,0.0,7.105937700033538e-05,0.0,0.0,0.0,0.0010838394285743822,0.0,0.00785660757230174,0.002779942797392073,0.0,0.0,[5],[1]
774,0.0,0.0,0.0067902059921211115,0.0,0.0,0.0,0.0,0.0,0.0028976306644795335,0.0,0.004512007699525118,0.00219450946460475,3.873467968715393e-12,0.0,0.0,0.0020631660830571844,8.204466172458198e-14,"[2, 10]",[7]
