Node,Cluster_0,Cluster_I,Cluster_II,Cluster_III,Cluster_IV,Cluster_V,Cluster_VI,Cluster_VII,Predicted Label,Ground-Truth Label
0,4.523785624408377e-06,5.7056973103092054e-05,0.000677066595977111,0.002038591855618814,0.0,0.004375603213218626,0.0,0.0006133130200606715,5,2
1,3.563692811305819e-05,0.00025183664231458793,0.000348327731372869,0.01267760584600555,0.0,0.0,0.0007100516429773302,0.006120708093751816,3,5
2,0.004193224797642678,0.07352327473595884,0.0,0.0,7.159993555998685e-05,0.0,0.000278736449511507,0.0,1,4
3,0.0004702253078505923,0.010676745088854661,0.0,0.0,0.0,0.010775719987846441,0.0013227672483764395,0.0,5,4
4,8.052762958522039e-06,5.390412327799832e-05,0.0006353216332568171,0.0,0.0,0.0001991317213926931,0.0,8.631392480329635e-05,2,3
5,0.00028576054304494574,0.0007869720680210925,0.0,0.0,1.3760476878711645e-05,4.44054385471794e-05,8.706511813088209e-06,0.0,1,3
6,5.998181235648834e-05,0.0008601787568195266,0.0,0.0006566604074381714,0.0,0.00012039341516258103,0.0,0.0,1,6
7,8.354336048649336e-07,9.10356908386607e-06,9.850839350758754e-05,0.0007908970541699972,0.0,0.0008032167020772836,0.0,0.00016712748050132865,5,2
8,4.543045565158506e-06,5.7418704623492486e-05,0.0006830600253370436,0.002064683600104295,0.0,0.004439614785733572,0.0,0.0006231448083484374,5,2
9,1.243863432692784e-05,4.631694174881125e-05,5.885495070328831e-05,0.00987399939769263,7.496695480035677e-05,0.0,0.0,0.002627078663664963,3,6
10,2.345418612026421e-05,0.0002969514702989393,0.002053309977404099,0.0009682755581156801,0.0,0.023489074580997023,0.0,0.006054041490292184,5,2
11,0.006996553086870427,0.0,0.0035945558999490625,0.000979433976652302,0.002038318529886476,0.0,0.0,0.0,2,1
12,8.323281066036093e-07,1.5844897859138207e-05,0.00013851589547650422,0.0002498806207178518,0.0,0.00268340184232999,0.0,0.0001461707456262733,5,3
13,0.0004963273390390662,3.5078405326629125e-05,0.0,0.001750207215758505,0.0,7.278979127456857e-05,0.0,0.0010863428773961589,3,0
14,3.97653467915649e-05,0.0003907854417352066,0.0036460257964864295,0.003991904284845688,0.0,0.013670265191159077,0.0,0.0013246482559452696,5,2
15,0.006802414439475195,0.0008944506245436835,0.012258439406742974,0.0052335531527671906,0.0,0.0,0.0,0.0,2,2
16,0.0024614769773100426,0.0489519810340145,0.0,0.0,0.0004463366056001432,0.0,0.004457376051144963,0.0,1,4
17,0.00012895703159478326,0.0011200108977934278,0.009562827638617192,0.0,0.0,0.0,0.0,0.00030168253106750405,2,2
18,0.002167436972487382,0.01738686304177657,0.12886019133178003,0.0,0.0,0.0,0.00302071744551557,0.0011118969990893933,2,2
19,0.00012984087368406906,0.0014740209383897961,0.004479234697258753,0.005741939993123955,0.0,0.046636774204858074,0.0,0.009346919454265174,5,2
20,2.7278996458799512e-05,8.750135091022715e-05,0.00016280840271098055,0.025188843049622323,9.227984006813025e-05,0.0,0.00022183139120098211,0.002121827975852859,3,6
21,0.0018926285366902707,0.03157490752946083,0.0008361583257779671,0.005143035612577922,0.0001797629966184351,0.0,0.0011176843730546177,0.0,1,4
22,0.056301397087184006,0.00015829627398316771,0.0,0.0,0.0014114521528062005,0.0,0.0,0.0,4,1
23,1.5317348017588153e-07,3.5156290653275795e-06,3.484281988329651e-05,8.270697760552407e-05,0.0,0.0013718414443016403,0.0504874634218691,0.0,6,3
24,2.622958546607218e-05,0.000723354623168669,0.0,0.0,0.0,0.0,0.0,0.00018955167429742247,1,4
25,5.427728567172776e-05,9.07088673567098e-05,0.00016093500043104535,0.01757982479925244,7.893736211781957e-05,0.0,0.0,0.0024931360807339867,3,6
26,0.0005496208635251484,0.00809437405976085,0.05624550172789368,0.011952026761644275,0.0195780395912495,0.0,0.0,0.0015831700205856919,2,2
27,7.144405005303657e-07,1.3080340422328957e-05,0.0001155716821968412,0.00019770616252712245,0.0,0.002073340403845233,0.0,6.269948070729492e-05,5,3
28,0.00023283714487710072,0.003226623516888754,0.010901897938148263,0.0031311609200342775,0.0,0.08252951676894904,0.0036208079776135814,0.0,5,2
29,5.069174322502421e-05,0.00010246688315638104,0.00012272487413397668,0.006999718299752541,0.0,0.0003746971312351491,0.0,0.002359980361374016,3,5
30,2.848810713169799e-05,0.0,0.0,2.6872724624407884e-05,5.371450200295622e-06,1.1045092780973185e-06,0.0,7.195924747865306e-05,7,0
31,0.00013126686754596638,0.0009091451108911383,0.007741024910042668,0.0,0.0,0.013864023512486837,0.0,0.0,5,2
32,1.3822555036405777e-07,0.0,0.0,4.324454066414774e-07,8.229451916389451e-08,1.8756531383609016e-08,0.0,1.4537736295608952e-06,7,0
33,0.00012685636407047896,0.0007426204785207006,0.0074017937182485356,0.0,0.0,0.003580955526470491,0.0,0.0009250600483208622,2,2
34,0.004361076002009203,0.06923215661719448,0.0,0.00023017666408441922,0.0,0.0,0.0006667332598067176,0.0,1,4
35,0.0003030434922859905,0.005948521086036477,0.0,2.8863094715925486e-05,0.0,0.0,0.00010349409996090896,0.0,1,4
36,0.0002275169369848215,0.002999772762145627,0.022578257337978393,0.0015897901014239378,0.004526360726430757,0.017529190500232515,0.0009805295973735523,0.0021429265605721983,2,2
37,0.0036609431288676226,0.0,0.0,0.0,0.00011615491253937597,7.559289048094781e-07,1.07528157471144e-05,0.0,4,4
38,0.012508883480822566,0.0,0.0,0.0,0.0004680527152993685,2.1128656915260587e-05,0.0,0.0,4,1
39,0.00037564533504177636,0.008356646914340312,0.0,0.0,0.0,0.0,0.0,0.0014457099264070915,1,4
40,4.696674432342808e-07,2.3795369232457993e-06,2.6108528115974813e-06,0.0007204019362413194,9.514961415907996e-06,0.0,0.0,0.00013367565973884419,3,6
41,1.1492998770863157e-06,2.5554094895921165e-05,0.0001651376603113689,0.0005783690955947728,0.0,0.009464684968658578,0.32066172771235074,0.0,6,3
42,0.06429210269400351,0.0,0.0,0.0,0.0016068496300207565,0.000629015640397799,0.0,0.0,4,1
43,0.0005525490743194453,0.008186631660968637,0.05872780689048588,0.009381724515007702,0.07223766382982173,0.0,0.0,0.0013531309222800448,4,2
44,0.0004252820980565585,0.0002296352394123837,0.0012340869296390683,0.03608848700988965,0.0,0.001489458902512684,0.0001576039066207585,0.0,3,0
45,0.0006272983234301369,0.014230582134332617,0.0,0.0,0.00011201190754213214,0.0011442756933809375,0.0008765703041373387,0.0,1,4
46,5.7194437543543546e-05,0.0010477551093450027,0.008480415979864998,0.0032823011934375473,0.0032881216386916275,0.00798736040984266,0.0,0.0024750878543416746,2,2
47,6.922096187688583e-06,0.00012283758081693122,0.0009136946574227916,0.0007839320335111204,0.0002774880843174991,0.0016449525521642853,4.7699221801235905e-05,0.0,5,0
48,1.176511181395169e-08,4.034330428691075e-07,3.910220192288696e-06,2.0222786027196782e-05,0.0,0.00038823884634675397,0.016796518603615605,0.0,6,3
49,9.466754236495786e-06,2.1287754269714593e-05,0.0,6.192872377812311e-06,5.294327291834239e-06,8.004615038587151e-07,0.0,0.0003051273739946094,7,0
50,8.841709325376691e-05,0.0001173439897135432,0.0,9.281423850417337e-06,2.4399562134187693e-05,7.996273666953312e-06,0.0,0.001079991209642064,7,0
51,1.4328587509417125e-05,0.00010984931478818332,0.0010597109153886533,0.0,0.0,0.0017689831353162905,0.0,0.0,5,3
52,0.0018208854125134361,0.006432972755236349,0.000732242254646965,0.07291812126342002,0.0,0.0016692290999230743,0.0,0.0005806680461836152,3,6
53,8.02965810395535e-05,0.0,0.0,0.0,7.531920976093833e-07,4.216756312512967e-05,1.3696677053046833e-05,0.0,5,1
54,0.008388799704877475,0.014835801951905335,0.0,0.0,0.0008442201380523086,0.00011170491637574686,0.0,0.03247022904099137,7,6
55,0.0546908974916046,0.0,0.0,0.0,0.0009537688403582117,0.00015375420208495522,0.0,0.0,4,1
56,0.0003621953503578099,0.0016885572798958392,0.0,0.012322642541614616,0.0,0.0,0.00020638123711654634,6.645716222484284e-05,3,6
57,0.004713581565556673,0.07960626410390172,0.0,0.0,0.00018792459540786126,0.0,0.001765474494341803,0.0,1,4
58,3.6139025388022875e-05,1.709737484365488e-05,0.00031034976166253113,0.0,0.0,0.0008762582474233115,0.0,0.0,5,2
59,1.750926779481018e-05,0.0005371994072112836,0.011141095121824672,0.0,0.2129910472351454,0.004249838837368392,0.0,0.0,4,2
60,0.004295710161618673,0.07415823058933242,0.0,0.0,0.0006930768761753814,0.007569037414043069,0.0,0.0,1,4
61,1.0656691611374578e-05,0.0002730057899141867,2.9875368457636988e-05,0.0012504951530716553,0.0,0.0013306315970794483,0.0,9.894746587021548e-05,5,3
62,0.0005198835215579807,0.011464112157876022,0.002750816603655605,0.000966896406842866,0.002632180135066318,0.0,0.00020367170052104365,0.0,1,4
63,0.00038380099358250875,5.972514455930447e-05,0.0,3.242458823247032e-05,4.325333118847641e-05,1.2624997169860666e-05,0.0,0.0008547027604162228,7,0
64,0.008574248496328025,0.0,0.0,0.0,0.0002682579232471208,0.0,6.208885331062175e-05,0.0,4,1
65,0.0006242587177280059,0.008118485939761153,0.0,0.020276553240641124,0.0,0.0,0.0005494777574615599,0.005947131391980766,3,0
66,1.146173206852645e-09,8.060713950568676e-08,3.194025389823444e-07,4.983382787159367e-07,0.0,1.2349346310086664e-05,0.0,0.0,5,3
67,5.626199951190155e-05,0.0005656764444657951,0.0002992171374048206,0.0002512807989297862,0.0,0.005976892127381715,0.0,0.00041355032810277715,5,2
68,4.3378639084283124e-05,0.0006975513570433225,0.0,0.002551544599884592,0.0,0.0,8.338299299774011e-05,0.0008182546288989439,3,0
69,7.238570604881641e-05,3.1385329414915015e-05,0.0003703276941732119,0.0033922465984821395,0.0,0.001956850522534889,0.0,0.0009782316120891892,3,6
70,0.0009235025530762846,0.008551535740400684,0.004126014073067469,0.006813355580835685,0.0,0.0679609667153413,0.0,0.018788859964999585,5,3
71,0.0009512597099248004,0.01308807560705854,0.09638523596319686,0.013214703860576962,0.026062806228824065,0.0,0.001698435957218587,0.0016694246999972642,2,2
72,0.0005414715815044973,0.00790949283109396,0.05437945831815244,0.011316912948583014,0.018657583549564007,0.0,0.0,0.001383736274283566,2,4
73,0.0018590449956255141,0.01702293860064125,0.043054326389668475,0.04492017916440216,0.0,0.3371675306093745,0.0,0.06451832209148009,5,3
74,4.2295904475199924e-05,0.00033904978932330725,0.0,0.0027442845637854793,0.0,4.614764433475325e-05,0.0,0.0018392776170127422,3,0
75,0.00020456401305465085,0.0019935519100783704,0.012402576327467283,0.0,0.0,0.06942831352239988,0.0,0.01085921489099787,5,3
76,0.0002627567413668995,0.0,6.214428591769206e-05,0.0,0.0,0.0,3.2092760662330392e-06,0.0,2,2
77,9.421771032670925e-05,0.0005069824630523999,0.0043156421821848425,0.0020857341200326823,0.0,0.04120555520906365,0.0,0.0,5,6
78,4.1457321067381584e-05,0.0005071923959764071,0.0010657344702346997,0.0013007597017631104,0.0,0.0,8.864464735485352e-06,0.0006254092678429006,3,6
79,0.0005738754582540986,0.0005636010280297589,0.0057661819586227155,0.0,0.0,0.0,0.0,0.0,2,2
80,0.005379654050442361,0.09653589344880757,0.0,0.0,0.0,0.0,0.0,0.011511683522443555,1,4
81,0.0018167526937390727,0.02709033878335257,0.05749693530009148,0.016086804665444144,0.020297146217010044,0.0,0.000362240477404355,0.0,2,2
82,1.023181405345909e-05,0.00015111230775018535,0.0011117495279234235,0.0015485084298469756,0.0,0.015028838006728853,0.0,0.0004197213482251671,5,3
83,0.006456523717593238,0.10264898829980662,0.0,0.0,0.0021663044225722302,0.0,0.0017793127818462363,0.0,1,4
84,9.961536326026238e-05,0.0014296512545879448,0.00888336717997368,0.006247404448201119,0.0022796524690411085,0.012154369890961981,0.0003192235960180219,0.0,5,5
85,0.0003550375552283802,0.0008583191316781437,0.0054829969393296795,0.0353858409467118,0.0,0.004129050029274312,0.0,0.0,3,6
86,0.00163947113042317,0.0032496052328913846,0.004553011774553632,0.11589423242265313,0.0,0.0,0.0020228243592638586,0.0,3,6
87,4.8120264549549917e-05,0.0008457058091836332,0.006341639692891717,0.0022803181250610535,0.0022395515441635157,0.0067953030043564466,0.0,0.001468945895487198,5,2
88,0.0007396824368505842,0.010485805537024074,0.07338462437775697,0.012371714410481436,0.02391749566958128,0.0,0.0015346229365706511,0.000755157000341558,2,2
89,0.0039921443868397395,0.06842641908535217,0.0,0.004518307687483641,0.0,5.7852561200937685e-05,0.0007171126819716318,0.0,1,4
90,7.929990041946151e-08,1.5228598845069924e-06,1.9856089318566077e-05,1.9748404664578615e-05,0.0,0.0002757983471766683,0.009984577721087707,0.0,6,3
91,8.025224940405094e-08,2.2120985556431635e-06,1.716883818117246e-05,7.392903649285377e-05,0.0,0.001306267994387116,0.04958746693891628,0.0,6,3
92,1.032629174373121e-06,1.4742059633829879e-05,0.00016634138006253515,5.982345021948632e-05,0.0,0.00033826844652732366,0.0024953693818096116,0.0,6,3
93,0.0008098795137447402,0.006924010976231696,7.920062956922844e-05,0.0054483481257676285,0.0,0.0,0.0,0.00909633168029005,7,0
94,2.461000472194931e-07,4.862147772444137e-06,4.9487331590491375e-05,3.5635902252273796e-05,0.0,0.001041309866229175,0.0,0.0002912050531938093,5,2
95,5.084494010314337e-05,0.0002869134312920169,0.0,0.002435942158799933,3.923040476488554e-05,0.0,0.0,0.0007249066060526306,3,6
96,1.3470875505762972e-07,2.769843225769691e-06,3.559929163761208e-05,4.351557137925793e-05,0.0,0.00048132735440788323,0.0032481434437453462,0.0,6,3
97,0.004286927893448767,0.0,0.0,0.0,0.00014679834913955482,7.075075781475999e-05,3.2860163577704774e-05,0.0,4,1
98,1.5776255192113232e-05,0.0002039175190767055,0.0018528949608020635,0.0010773870923648894,0.0,0.007777698787609497,0.0,0.0,5,2
99,0.00010167823142007016,0.0004546539658871693,0.0006316159490648129,0.013296520846292246,0.0,0.0021743566632756897,0.0,0.0031552871159271894,3,2
100,0.005742544263074893,0.08593199392592069,0.0,0.001826749919256559,0.0020593556861553753,0.0,0.0,0.0,1,4
101,0.00061032850617744,0.009095875092026967,0.06491587166894375,0.013137272143851797,0.02209181007138819,0.0,0.0,0.0018061356103739677,2,2
102,3.9056700918690125e-07,1.8958979136082814e-05,2.940093134282716e-05,6.036685946727348e-05,0.0,0.0006243558520437531,0.0,0.0,5,3
103,6.033356584404824e-06,0.000114733894286473,0.0009478039383367185,0.0006410454788354657,0.0002419942999815615,0.0,0.0,0.00038056991751397884,2,5
104,0.00019528157536819195,0.0011472294511893604,0.009196894162856144,0.0,0.0,0.004445944916606857,0.0,0.002112401929835788,2,3
105,0.0002893835176592275,0.0016069590330029886,0.013485368372405299,0.0,0.0,0.003568581822366556,0.0,0.0022359299914008687,2,3
106,0.0006081139112611452,0.0019986888197165518,0.0006489522744827199,0.13067528119348082,0.0,0.0,0.0010009870757097651,0.0060178313868612335,3,6
107,0.0007921115220401868,0.011064423623919968,0.07900019737606637,0.01268391982421861,0.02515726569363438,0.0,0.002583178357817748,0.0005823018632561051,2,2
108,0.00010360723816367461,0.0005031956523762424,0.0046664159313009644,0.0,0.0,0.0,6.997773595267268e-05,3.7477989142790225e-05,2,2
109,0.0046879939459025825,0.008645731890078518,0.06621180293230294,0.016096340859499233,0.022784775974888108,0.0,0.0,0.0032287640242560063,2,2
110,0.0005414715815044973,0.007909492831093956,0.05437945831815243,0.011316912948583002,0.018657583549564007,0.0,0.0,0.0013837362742835663,2,2
111,2.95059547759727e-06,1.486502133912745e-05,6.93198897194984e-06,0.0021025168383259725,4.731336913457855e-06,0.0,2.3498980774327388e-05,0.00011795263938095478,3,6
112,1.2981886274710281e-05,0.00020504039093709054,0.0009009666785343585,0.0017543737593409073,0.0,0.019901845690348172,0.22568248897665072,0.0007663072400204017,6,3
113,0.00042528209805655894,0.00022963523941237998,0.0012340869296390766,0.03608848700988965,0.0,0.0014894589025126407,0.0001576039066207168,0.0,3,0
114,1.2960407653499635e-05,0.00019873796471751,0.0009023002975271077,0.0014306874612591094,0.0,0.014591235550910934,0.0,0.0030575388473991806,5,3
115,0.005146171479609799,0.06249815541908521,0.0,0.0,0.0005805178596347121,0.0,0.0,0.015178140740046775,1,4
116,0.0013805461617942512,0.00024466786881693133,0.0021889895948033825,0.08755520882383312,0.0,0.0020255648180975334,0.0004979676272700871,0.0,3,5
117,0.012952802524913475,0.0,0.0,0.0006442739406465596,0.0006648996308605892,0.0008465316692608297,0.0,0.0,5,1
118,1.7174122239222063e-05,0.00020700475600205433,0.0020234807539193365,0.0,0.008731529002614234,0.0009306566864684155,0.0,0.00015499159995820377,4,2
119,0.00013644244108373715,0.002462080547305749,0.022482640263204935,0.004297318007020248,0.009499781122345305,0.0,0.0009769643236074996,0.0009376408397771048,2,2
120,1.4879112991441511e-08,5.350776840652469e-07,7.962769637636485e-06,3.7937324590104853e-06,5.977657517401755e-06,0.0,0.0,1.2416721958414086e-06,2,2
121,0.0008260660920021893,0.012070331616908144,0.08841588853079432,0.015199243629367342,0.029727602147944766,0.0,0.002210671076585724,0.0014866745244973291,2,2
122,9.475359869059092e-06,0.00013059948111532763,0.0007274230909285644,0.0009038368809386874,0.0,0.00984543636848104,0.00021517086731396396,0.0,5,2
123,5.604180886312098e-09,1.9152345894187013e-07,1.7856287429730267e-06,9.458548787908185e-06,0.0,0.00018048440008748624,0.007681647029978317,0.0,6,3
124,0.00097164516007965,0.01354878512283046,0.10157024525259266,0.014209140555685045,0.03012333651813557,0.0,0.0026968902122357415,0.001846860316071913,2,2
125,0.004693920193505054,0.07202165779020994,0.0,0.001880193166310782,0.0016859279395029414,0.0,0.0,0.0,1,4
126,0.0747849513733546,0.0,0.0025729546958228075,0.0,0.0029146623937882157,0.0008861428392011019,0.0,0.0,4,1
127,6.325441659186128e-05,0.00018109041695117564,0.00024175906171004807,0.03857895505964356,0.0002686436688546513,0.0,0.0002130579649209303,0.0043789225264669615,3,6
128,1.4214793065634212e-05,0.00017128869231647313,0.0012756614989144863,0.0,0.0,0.009404503745230348,0.0,0.0015490490759799106,5,3
129,0.0032304317361063323,0.0,0.0,0.0,0.0,0.0,1.3758885109068965e-05,0.0,6,4
130,0.00018055795198957918,0.003126658033736619,0.012051437383649822,0.004146753157947027,0.0004862334583821042,0.09320079875425488,0.004383881305851456,0.0,5,2
131,0.00035358250171203007,0.007044028508528468,0.0,0.0011427219812089676,0.0,0.006258818071625894,0.0,0.0009986955331226619,1,2
132,1.2327890097503484e-05,0.00017914067473669566,5.1771293967011665e-05,0.0020821556274238824,0.0,0.00040000476042250055,0.0,0.0006913656057690601,3,5
133,0.0009032686428929028,0.014842064833516537,0.0,0.03494708106512924,0.0,0.0024843391865163565,0.0,0.005956285616791813,3,5
134,1.903338790051855e-07,5.2055057729894104e-06,5.231257590714159e-05,9.443182165758678e-05,0.0,0.0016859595096769577,0.062280384374320416,0.0,6,3
135,1.168382580328212e-06,2.5536706311982582e-05,0.0001718337092253955,0.00045998578985637106,0.0,0.0072294552382393676,0.2238359685398994,0.0,6,3
136,0.009960039642502895,0.0,0.0,0.0,0.000513022578488975,0.0002471959137434039,0.0,0.0007770496741810951,7,1
137,4.324229155277123e-06,1.3195878599787847e-05,1.4304033820121842e-05,0.0009010900619917957,0.0,0.0,1.2021484446923426e-05,6.183449531898505e-05,3,6
138,0.0530347421660909,0.0,0.0,0.0,0.0010832640911332487,0.00021595975807310803,0.0,0.0,4,1
139,0.0009745805012857127,0.005962449678897456,0.041315511491637716,0.0,0.0,0.0,0.0009899023864077352,0.005618898354438409,2,2
140,0.0039006852374565935,9.832551549860134e-06,0.005229542841711735,0.0,0.0,0.0,3.121545968100831e-05,0.0,2,2
141,0.006791774399242461,0.00031623676052988664,0.0,0.0,0.0004502112992093168,0.0001829907743099366,0.0,0.002261457278578969,7,2
142,0.08547489798152855,0.0,0.0,0.0,0.0017757648738279677,0.0,0.00042967333177303324,0.0,4,1
143,0.0018558108987459607,0.013035302181414141,0.09297390849391214,0.0,0.0,0.0,0.0,0.0011833533181309643,2,2
144,8.894770731901477e-05,0.0014068752995233988,0.0,0.002388194314114431,0.0,0.0,0.0,0.0011499378042118102,3,0
145,0.0008779507618187574,0.009235740788874488,0.0,0.0,2.005696738178188e-05,1.315769083870234e-05,0.0,0.0,1,4
146,4.3378639084283124e-05,0.0006975513570433225,0.0,0.002551544599884594,0.0,0.0,8.33829929977355e-05,0.000818254628898942,3,0
147,1.490872822259243e-05,2.9963140742321322e-05,0.0,5.848910388183796e-06,7.624794483218153e-06,1.6235737741221861e-06,0.0,0.0004186613100605767,7,0
148,1.401609040053074e-05,8.739775058937394e-05,0.0005780695618581116,0.0023405442395055677,0.0,0.0006046603504944476,0.0,0.0008829793836045225,3,6
149,0.0004750037780035847,7.743262618015101e-05,0.00127464907168668,0.0006664060447990603,0.0,0.0,0.0,0.0,2,2
150,0.0018528784842279965,0.028075350896739206,0.057779658611470094,0.016207769002844048,0.02061547952856693,0.0,0.00039315065319583584,0.0,2,2
151,0.00013080111249663112,0.0014883390349819266,0.004608097312089968,0.005708923512182717,0.0,0.047812090430126186,0.0,0.00954289460048892,5,2
152,1.7461568450730362e-06,3.3299318989863374e-05,0.00023496088137036367,0.0004399113604760077,0.0,0.004785482506762116,0.0,0.0005985921339942757,5,3
153,0.00012706881849839938,0.0004016069996934276,0.0005573336520173468,0.018634028766150838,0.0,0.00015312450276474683,0.00033136948287299054,0.0,3,5
154,0.0004932742801763295,0.003538979153134585,0.023398795679089715,0.008873113221303132,0.0,0.15558086347591596,0.0,0.0,5,6
155,0.00010576287411635914,0.0018715213765052206,0.0,0.007454921079551809,0.0,0.0026269657932814455,0.00020017008603869597,0.0012228530568196667,3,6
156,8.315966670192951e-05,0.0005126708866827125,0.0019263161928026727,0.004187146955665831,0.0,0.021162414485316992,9.457450712680869e-05,0.0,5,2
157,1.3640741249364836e-05,0.00015316843463517125,0.0014011199123596843,0.0003754373849469764,0.0,0.0016488275997612746,0.001391046352255811,0.00010333969058608278,5,3
158,0.0005566653981817153,0.012180025739517318,0.0,0.0,0.0002589097478092297,0.0,0.0007529595510984706,0.0,1,4
159,0.6543415642873579,0.0,0.0,0.0,0.0050374163360731505,0.0,0.0005299013413441401,0.0,4,1
160,1.3944923673125944e-05,0.0002075875435765689,0.0003977421004315018,0.0006072765726461702,0.0,0.005593072445363288,0.0,0.0,5,6
161,4.9285396240928855e-05,0.00043987593030928506,0.0,0.0007681706687978672,0.0,0.0,5.0786598438843996e-05,0.0011495885082320593,7,0
162,0.001584026594991718,0.03777797289032493,0.0,0.0,0.0006275102499104405,0.0007888258501531571,0.004114877611881196,0.0,1,4
163,0.007881403488331438,0.0,0.0020154301987925006,0.0,0.0010209698588031382,0.0005835816807901455,0.0004623812614550106,0.0,2,1
164,2.757833109116083e-06,0.00010488152037814277,0.002586812586737208,0.0,0.056707576869244936,0.0011628403157204108,0.0,0.0,4,2
165,0.00011588670333535798,0.0006273658025442504,0.006176824766533869,0.0,0.0,0.0014672235206350086,0.0,0.0005456052766621225,2,3
166,4.2461796595340166e-05,0.00017300728543843258,6.742540257498484e-05,0.016708293848645153,0.0,0.0,0.0001552110952387237,0.0008496652214770086,3,6
167,0.0011417071646059737,0.00030078217077957335,0.0023524077745162657,0.09642970672459496,0.0,0.0,0.0007652718945586949,0.0,3,0
168,0.007660234481622236,0.13346778257303704,0.0,0.0,0.0019257407236932267,0.0,0.0037667450193705956,0.0,1,4
169,0.04661298153762302,0.0,3.585633722655522e-06,0.0029038427507483153,0.0,0.0,0.0002995461975305828,0.0,3,2
170,0.0005414715815044973,0.00790949283109396,0.054379458318152434,0.011316912948583014,0.018657583549564,0.0,0.0,0.0013837362742835692,2,2
171,0.003196921321999099,0.000697814511463547,0.0018706361545008615,0.106895779225769,0.0,0.0,0.002237236340060014,0.038010881196446224,3,6
172,0.0003547326383358429,0.0003909836994300409,0.0007010785972182871,0.016065099935607185,0.0,0.0016267870178024038,0.0,0.007136024077176878,3,5
173,0.0001793683305409492,0.00309501340355271,0.011850055969600166,0.0040377748063240865,0.00044937198957937645,0.09091644452964638,0.004333536558475371,0.0,5,2
174,0.0003746589868886823,0.0005040404785824715,0.0052043230135058625,0.0,0.0,0.0,7.423879971515859e-05,0.0,2,2
175,5.412839543242738e-05,0.0005478656922099304,0.004436786577706657,0.0012055996509628558,0.0,0.040795702971530415,0.0,0.0011910074801740422,5,6
176,7.57836252463028e-09,2.8181659319413804e-07,2.8877824932134837e-06,1.7512627038638576e-05,0.0,0.0003581701698529282,0.01727734430904581,0.0,6,3
177,4.758049294487046e-05,0.0007225680604304789,0.0,0.00287597837229293,0.0,0.0,8.86890352915874e-05,0.0009842797621425223,3,0
178,1.551349343258491e-06,1.9395739225442137e-05,0.00017794670883628668,0.0,0.0,0.00014981243951723774,0.0,3.405797777609492e-05,2,3
179,0.0032062546810394245,0.05078637127170426,0.06510031299064882,0.020049649273236637,0.023635798839520723,0.0,0.0025706755301274976,0.0,2,4
180,7.1313835924145055e-06,3.6903223549146576e-05,7.781334764284212e-05,0.0012911470094696463,0.0,0.001021365955595372,0.0,0.0003703225328009222,3,2
181,0.09184474514912559,0.004088247438605744,0.0,0.0,0.0033985298342726605,0.0011973843443160413,0.0,0.01565711305340893,7,1
182,0.061128594665651265,0.0,0.0,0.0,0.0014332750846775201,0.00018318697708380184,0.0,0.0,4,1
183,8.795967815789747e-06,7.64150263063975e-05,0.0007733706428306575,0.0,0.0,0.005604783426110041,0.0,0.0015962722894616017,5,2
184,0.057829374756527066,0.013062675591427802,0.002123932916068564,0.0032644842226535143,0.0026350310996445248,0.0,0.0015190971485013435,0.0,1,1
185,2.5139176141391e-05,0.0003200221450170205,0.0023027206568167593,0.0009658006715784923,0.0,0.026795297630454133,0.0,0.006880921364893355,5,2
186,0.0001496599154083714,0.0017515910881433939,0.007089987304943541,0.006444310154546937,0.0,0.06676904471309547,0.0,0.0150217849579532,5,2
187,0.0009064099028669761,0.019857638537973944,0.0,0.0,0.00024612210466931725,0.0104807136757189,0.001609771575992294,0.0,1,4
188,0.0005819072947816923,0.008652967577617535,0.06061389348625573,0.012928626954041787,0.02122133228103926,0.0,0.0,0.0017087765269269528,2,2
189,3.3416499196533936e-05,0.00017214065443568177,0.00013943933094458,0.030171148263762066,0.0001845174302359716,0.0,8.330964264204235e-05,0.003312456881866439,3,6
190,3.7413295342902874e-05,1.793221112943659e-05,0.00033119460998984915,0.0,0.0,0.0006589628322827709,3.7403951910106804e-05,0.0,5,2
191,0.001725355872723588,0.006132300955019222,0.044452701951844774,0.0,0.0,0.0,2.722164385247189e-05,0.0,2,2
192,0.0020538777510648114,0.016478880234986726,0.12118218947836791,0.0,0.0,0.0,0.0,0.002226799215101761,2,2
193,0.0005557809897562643,0.008287496440908036,0.05829653864587475,0.012903949392899962,0.026334679831104095,0.002724762057722492,0.001490126601655583,0.0,2,2
194,0.0010371476283811641,0.014302420066946826,0.0849915049773966,0.010513638992774294,0.015618496357240181,0.0,0.0,0.001278640169033332,2,2
195,0.002106943002462012,0.016546465890214156,0.11991255501366535,0.0,0.0,0.0,0.002242611877649789,0.0007840234122774715,2,2
196,0.00016530943704081813,0.0008942369720178282,0.0073214053716027,0.0,0.0,0.013487541725362684,0.0011426739843181785,0.0,5,2
197,0.004972923832003097,0.0171271837625906,0.0539685991033242,0.01204875349884014,0.019714976847762102,0.0,0.0,0.0,2,2
198,0.0013981756390902564,0.00045848171254193355,0.0036747064874199614,0.13509565587003733,0.0,0.0018592270233845534,0.000816414330480697,0.0,3,6
199,0.005243418122126961,0.0016264039873743637,0.0,0.0,0.00038262641431756334,4.7670806623458364e-05,0.0,0.007428284719459205,7,1
200,0.002233891475971965,0.05152819389390136,0.0,0.0,0.0007136084066668228,0.001214447460638731,0.00285878204635138,0.0,1,4
201,1.670002127808142e-05,0.0003258674976642145,0.0007343665296717529,0.0,0.0,0.0023749972242251504,0.0,0.0,5,3
202,1.3115584049413434e-05,0.0003600922934218039,0.006529618457965678,0.0,0.10452538346858464,0.002065765491489786,0.0,0.0,4,2
203,0.00029153270005839466,0.006161230127752064,0.0,0.0,0.0,7.481585817080828e-05,0.0,0.0013587595637797006,1,4
204,0.00013610407256716366,0.0008160080422857644,0.007065811493743711,0.0,0.0,0.028096447023875808,0.0,0.0,5,2
205,0.00094345630211655,0.008266846043604793,0.00999613700735274,0.005361548772225904,0.0,0.0,0.0,0.009451104169081457,2,0
206,0.0005881396164507291,0.008788973594931724,0.0620128306819343,0.013304770014327142,0.02180553575898312,0.0,0.0,0.0018353299891513174,2,2
207,0.0011057352075140628,0.006414321054985617,0.0,0.02388337078157087,0.0,0.002607679835906729,0.0,0.01626252090593381,3,3
208,0.072281465392419,0.0,0.0,0.0,0.0017214431508055985,4.970428747016746e-05,0.0,0.0,4,1
209,0.0011754220353395238,0.028284143304148194,0.0,0.0,0.00026524536443181757,0.0007450058616847631,0.002114607182901391,0.0,1,4
210,6.296162331238934e-06,0.0,0.0,2.4558837665847948e-06,1.620099928002576e-06,4.0566808900446186e-07,0.0,1.7999145338750754e-05,7,0
211,9.466754236495786e-06,2.1287754269714593e-05,0.0,6.192872377812349e-06,5.294327291834209e-06,8.004615038565618e-07,0.0,0.0003051273739946119,7,0
212,0.0013340228335878281,0.00017081553149691538,0.0021205911177494406,0.08365973478290922,0.0,0.002032653330098274,0.0004630938146627378,0.0,3,5
213,1.6075236397383803e-05,0.0001856582240160952,0.0011218233610669026,0.003717423267171954,0.00017771873360974394,0.001285525809626708,0.0,0.0012310644989893176,3,5
214,0.00042528209805655894,0.00022963523941237977,0.0012340869296390776,0.036088487009889626,0.0,0.0014894589025126373,0.00015760390662072064,0.0,3,0
215,0.0020886673891944646,0.012636357377707729,0.024123703867908956,0.030522975374447522,0.0,0.0,0.0006768245433231699,0.014677754018203362,3,6
216,0.0006695137012978802,0.0008595340774512221,0.000665127749595913,0.030957607698666893,0.0,0.0,0.00023035871349215363,0.0,3,1
217,0.0011152560396813,0.017346841011427572,0.06116579773685093,0.008470170047002502,0.013511514217750379,0.0,0.0,0.0,2,2
218,0.0019996955291072867,0.008967442459084086,0.06789915669964372,0.0,0.0,0.0,0.001198043013551604,0.0012376129380963666,2,2
219,1.3811918569423943e-05,1.360774542862322e-07,0.0,1.2485652380240581e-05,4.551276036334758e-06,1.2971750360952646e-06,0.0,8.656089181319915e-05,7,0
220,4.5404494332935e-06,5.668165919543812e-05,0.0006032550813022455,0.0007739501780273132,0.0,0.0027234229396622457,0.0,0.0003747193571505243,5,2
221,1.2010140384382957e-05,9.174636926592655e-05,0.0005738284197208659,0.0,0.0,0.0,0.0,0.0001266865277313016,2,2
222,0.0010141593830391468,0.007986345245643735,0.055640330586693855,0.011972497190134658,0.018294029538882713,0.0,0.0,0.0009429583627933785,2,2
223,0.0005414715815044973,0.007909492831093956,0.05437945831815243,0.011316912948583016,0.018657583549564007,0.0,0.0,0.0013837362742835655,2,2
224,0.001114441954953171,0.0001967381640399154,0.002110869141744978,0.07886032078412646,0.0,0.0026816725173818357,0.0002624919215013423,0.0,3,0
225,0.050260176156002534,0.0,0.0,0.0,0.0007420807572616334,0.0,0.00036192054995313214,0.0,4,1
226,6.266424985513061e-05,0.0011105838371867297,0.00926625100799291,0.0034713270838480667,0.003442736609216114,0.008289870086801019,0.0,0.0032911641701356097,2,2
227,0.004643927632906556,0.08304701610191625,0.0,0.0,5.151834802634218e-05,0.0,0.0,0.0,1,4
228,3.89037171475394e-05,0.0007058729940670487,0.005917596797798626,0.0014603500859508092,0.002333047610767864,0.0,0.0,0.00031156633534673643,2,2
229,2.896499235525809e-05,0.0005107748407303252,0.00032317798661167833,0.012637768902040093,0.0,0.0,0.0,0.0009912835088230908,3,6
230,0.0009701974846722896,0.0,1.4131996372133675e-05,0.0,0.0,0.0002644328409971649,6.08456038662277e-05,0.0,5,1
231,0.0030973221167646344,0.04708023733272511,0.0,0.001291025484086017,0.0,0.0,0.0,0.012283597780399792,1,2
232,8.172712069562109e-05,2.928460789939309e-05,0.0002750775791333283,0.013860141838417748,0.0,5.294061300605368e-05,0.00014221303732231644,0.0,3,0
233,4.438075327179892e-05,6.777914702725586e-05,0.0005298971401595566,0.0006777408105859222,0.0,0.007421104344267898,0.0,0.0,5,3
234,0.010877255383210058,0.0,0.0,0.0,0.0006220205312687485,5.7386907305155136e-05,0.00043157047152689646,0.02191978646816603,7,4
235,1.8073265499695106e-06,7.065297954700464e-05,8.691022425260221e-05,0.00015218056952431011,0.0,0.0013834502147176593,0.0,0.0,5,3
236,0.0016596640292927706,0.007247723772094212,0.059418196426197445,0.0,0.0,0.01060405695323168,0.0,0.0031495719524556637,2,3
237,0.000432068198912515,0.000355782514869683,0.00046677878171725955,0.006034444644174227,0.0,0.0005720505771215129,0.0,0.0010131674693006694,3,6
238,0.002063946020266867,0.03374125671264395,0.0044409273774108785,0.010225307299636744,0.001540392037407761,0.044495570087748085,0.0,0.0,5,4
239,0.0004839222067838097,0.00022446656836071368,0.0028282041759672464,0.0012323843421586174,0.00039945941129892397,0.0,0.0,0.0,2,2
240,0.0004983687496356331,8.788282740757821e-05,0.0012782519537579361,0.0009015970664502129,0.0,0.0,0.0,0.0,2,2
241,0.00027911386698467535,0.0,0.00011925990744762337,0.005504733784404733,0.0,0.0,0.0,0.0013127412394141086,3,6
242,0.0012872009015382519,0.00040724301476710974,0.003070422279358065,0.12575454808093556,0.0,0.0035910086985534097,0.0007529002486209121,0.0,3,0
243,1.8120917257606813e-05,0.000304393784598887,0.002649267547371836,0.0006246233636486565,0.0005651052928442496,0.006947723882545927,0.0,0.001295077059449308,5,2
244,1.202266189011708e-05,0.00010595233865062252,0.0009577356847869481,0.0062869626195689345,0.0,0.00593963235217887,0.0,0.0011788489133803131,3,2
245,0.0005155084403597315,0.0,7.121493246611285e-05,0.004972085101630526,0.0,2.518394830180282e-05,4.238631756849791e-05,0.0,3,0
246,1.2348502993807307e-05,0.00037106070028529193,0.00041985537808086665,0.00044872318584393377,0.0,0.004308860352606004,0.0,0.0,5,3
247,1.640241472367348e-05,0.0002435888524154661,0.0014425615598394647,0.0013644501701622382,0.0,0.013671652988657839,0.0,0.002849965103482286,5,2
248,0.018190921637395698,0.0,0.0,0.0,0.0009372097173649604,0.0006326064446668439,0.0,0.0,4,0
249,0.000157055583203538,0.0018738996217793125,0.006971825425952727,0.0072618501071103694,0.0,0.06787534140962193,0.0,0.013111251467397217,5,2
250,0.0006920969819673463,0.0031256648133199893,0.002966697372233137,0.06094192123082308,0.0,0.0,0.0018188799921131293,0.0,3,6
251,0.0003458451132565571,0.0,0.0,0.0,2.1601409223556817e-05,1.1934106541410212e-05,2.9896517573592895e-06,0.0,4,1
252,0.04673309823459221,0.0,0.0,0.0,0.0007079334210052992,7.359640833804734e-05,0.0,0.0,4,0
253,8.810846144296336e-06,4.0647919993632056e-05,6.184413879099103e-05,0.01245310087252268,8.544149631210608e-05,0.0,0.0001442557971294089,0.0011143114511848334,3,6
254,1.0106383378668558e-05,0.00012128977034862866,0.0009526340895086563,0.0016312720865707608,0.0,0.0036109458985524824,0.0,0.0006978121705063713,5,2
255,1.822647708315621e-06,6.215161333761095e-05,0.0,0.0,0.0,0.0,0.0,2.5171886303555968e-05,1,2
256,2.290677909673398e-08,1.346352192376613e-06,4.093373444813829e-06,6.152235377409724e-06,0.0,0.00012471414190959348,0.0,0.0,5,3
257,1.1458270743668254e-05,0.00023741414629978002,0.001040271666938375,0.0004090991354265708,0.0,0.010615698209307155,0.0005867450203263951,0.0,5,2
258,0.0009341314357497878,0.0,0.0,0.0,6.392612485808119e-05,3.2120107069374867e-06,0.0,0.0,4,1
259,0.0019581764502691994,0.026120220578110254,0.00800280491115915,0.005840344916765893,0.0010833366381847527,0.0,0.0007801768719272826,0.0,1,4
260,1.0361193710679338e-10,9.631531630165518e-09,4.7327026270473495e-08,1.0331542479290414e-07,0.0,2.7299528907281922e-06,0.0,0.0,5,3
261,1.810885154580893e-08,1.056375503883741e-06,3.5403748254413847e-06,4.777374878996185e-06,0.0,0.00010907915512139022,0.0,0.0,5,3
262,0.008794230934323707,0.0579046046827669,0.0,0.0033833312252265512,0.0031271392694932976,0.0,0.002191194197617096,0.0,1,4
263,5.82369697666929e-07,2.1369864083824344e-05,1.828266352932511e-05,5.501825671204395e-05,0.0,9.394726191770912e-05,0.0,4.7850383811671816e-06,5,3
264,1.0361193710679338e-10,9.631531630165465e-09,4.7327026270473495e-08,1.0331542479289886e-07,0.0,2.7299528907281694e-06,0.0,0.0,5,3
265,2.3255007425470063e-05,0.00029276681832593693,0.002014836309964165,0.0009280297596276259,0.0,0.022597729685316596,0.0,0.005813749447756746,5,3
266,8.753658013652868e-05,0.0017980261197789523,0.0,0.0003026764296467876,2.297711003045022e-05,0.0,0.0003209195297972802,0.0,1,4
267,0.009954071762626181,0.06527174090429569,0.0393789106113174,0.007672964411143517,0.019301826753570443,0.0,0.0,0.0372680075024218,1,2
268,0.00011389346948332726,9.927357568474671e-05,0.0,1.2896653886484648e-05,2.636095214262908e-05,9.567817542951802e-06,0.0,0.000897418978853714,7,0
269,3.6306484324685156e-05,0.0,0.0,2.1007977785241965e-05,7.726503097851573e-06,1.9738866430230522e-06,0.0,0.00010825555927817915,7,0
270,0.000404271334477513,0.0004586711031136857,0.0008468295162866512,0.02017298697721524,0.0,0.0020686470321013804,0.0,0.009182933043622336,3,5
271,4.224696266180243e-05,0.0002116891656325044,0.00018087781960104577,0.04076137993946116,0.0003152427188278706,0.0,2.9255846684825777e-05,0.005081781292906763,3,6
272,6.34313085485922e-05,0.0009196747047797261,0.0003465424664026761,0.004318585058908614,0.0,0.0006002197283318226,4.881928140956504e-05,0.002467807077918114,3,0
273,0.004154126311413697,0.0,0.0,0.00017434765077981642,0.00015709735346839174,2.6188540350735403e-05,0.0,0.0,3,0
274,0.04766001800706638,0.0,0.0,0.0,0.0007474162662216643,9.730628143608172e-05,0.0,0.0,4,1
275,7.901141499071556e-05,0.0,4.269543042144675e-05,0.0,2.053791001809964e-05,1.169684835300035e-05,3.9865371861951054e-06,0.0,2,2
276,1.4198935166916518e-07,3.081039213303977e-06,3.0219100125873473e-05,5.434729370873426e-05,0.0,0.0007912844073501557,0.0227179983393282,0.0,6,3
277,1.1131241297916178e-05,0.000279200018479576,0.0043948436364745986,0.0,0.05437849691807591,0.0010291373377225921,7.307960431798364e-05,0.0,4,2
278,0.018352474136395742,0.22323722347294542,0.03034996256201762,0.03796764990736682,0.013388873505246143,0.0,0.009859335717325404,0.0,1,4
279,0.0047513859043191485,0.08328668915469688,0.0,0.0,0.0,0.0004896229517304982,0.0,0.00629280002665032,1,4
280,0.0007232913757558423,0.004689688892352916,0.006094901206863218,0.02947692878349835,0.0,0.0,0.001261764664370968,0.002044621305495166,3,6
281,3.606647182681652e-05,0.0002727298319714673,0.0004166311892126885,0.0029749852513300565,9.818632008022778e-05,0.0,0.00018539128695054395,0.0,3,2
282,0.001054326413363469,0.02500292856918115,0.0,0.0,0.00023511884864498882,0.000385768372711601,0.0020264071818367657,0.0,1,4
283,9.630198196435245e-07,1.1088392161061787e-05,4.530654522384351e-05,0.0018595507047080235,0.0,0.0,0.0,0.0003297610937990574,3,6
284,5.672515471458893e-06,4.2100523921268845e-06,0.0,1.2465248794584063e-05,6.906555047067663e-07,0.0,0.0,5.7302858864731486e-05,7,0
285,4.754365647069703e-05,0.0009003053936597451,0.007850537388250419,0.002472698149210116,0.003307504583093657,0.0004478208957362116,0.0,0.0012931071022589714,2,2
286,0.0008396480581385734,0.006290756472391532,0.0,0.01173844057824536,0.0,0.0,0.0,0.015792584449901823,7,0
287,0.001464270705954383,0.005962756500004362,0.04708542922832164,0.0,0.0,0.0,0.0,0.0007435087398912016,2,2
288,0.004447748892744436,0.0787548418806121,0.0,0.0,5.362938996358946e-06,0.0,0.0,0.0,1,4
289,0.005126675638145432,0.08806075695512523,0.0,0.0,0.0002912152305368144,0.0,0.001168603008312703,0.0,1,4
290,2.090718113076982e-06,1.1883769914282311e-05,1.981312848502801e-05,0.003845065501669073,6.873866775175891e-05,0.0,0.0,0.0009592882530561319,3,6
291,0.045469043121047395,0.0,0.0,0.0,0.000595206563019211,0.0,7.84054341300331e-05,0.0,4,1
292,0.0007009918969762806,0.00984353606236744,0.06182857708123451,0.01806932854576317,0.017296489550867662,0.047421144548271545,0.0,0.013359175410602735,2,2
293,0.0008768191086484377,0.019724545346117547,0.0,0.0,0.0,0.0,0.00244417941413651,0.0,1,2
294,0.0013352405287307158,0.005237783703003695,0.039785493413116914,0.0,0.0,0.0,0.0,0.0,2,3
295,1.4754421022157777e-05,0.00018600953996797853,0.0,0.0018283873872082048,0.0,0.00028744400895251227,0.0,0.0010975369705093399,3,0
296,4.160156095277442e-05,0.0001483371036818405,0.00044167454724690407,0.01646032662287657,0.0,0.00018739870884830576,0.0004774139864587023,0.0005716846409052868,3,5
297,0.0005414715815044973,0.007909492831093967,0.05437945831815244,0.011316912948583016,0.018657583549564014,0.0,0.0,0.0013837362742835622,2,2
298,3.563692811289858e-05,0.0002518366423147205,0.00034832773137311886,0.01267760584600541,0.0,0.0,0.0007100516429773367,0.006120708093751803,3,5
299,0.0005155460139214574,0.001197447772850694,0.0,0.0,0.0001030643419478798,5.416641868944547e-05,0.0,0.004872610232866466,7,6
300,0.0005120364871496091,0.0008122340998324487,0.0013699982669940416,0.05286381625641921,0.0,0.0070027267986655165,0.0,0.001464097574728191,3,0
301,7.016223484831463e-05,7.222802439313462e-06,8.197933580248817e-05,0.005390876821336334,0.0,0.0,0.0,0.0,3,6
302,3.5821773800214654e-05,0.0,7.326187366469756e-06,0.0006256639545640887,0.0,2.3612600514197224e-06,6.4118653016909356e-06,0.0,3,2
303,0.0011834418536691026,0.019720113031523243,0.0002576389451611454,0.0013093463581518902,0.00017539587401803631,0.0,0.0020069556298619134,0.0,1,4
304,0.0009287638228482483,0.0021862073077062697,0.0019205962845062494,0.024658499434920832,0.0,0.0070124968538172044,0.0,0.00151159846692215,3,6
305,6.222965507036154e-05,0.00015358088518279534,0.00013909366356469868,0.00716100477222407,0.0,0.0,7.947213306539613e-05,0.000444082654503347,3,6
306,2.500595346466538e-06,4.889014554583534e-05,0.0002031208777317362,7.545279298595692e-05,0.0,0.0004092435318467698,0.0,4.870800392657482e-05,5,3
307,1.3495388112249364e-06,3.29063485123091e-05,0.00010476111551719444,1.7146578192665334e-05,0.0,0.0008290065854109252,0.0,0.0,5,3
308,4.1931706408597397e-07,1.1761703224805598e-05,4.133542763763948e-05,3.067975807814605e-05,0.0,0.0001495875480490957,0.0,9.052187138028495e-06,5,3
309,2.9513951451012805e-06,6.662915457896957e-05,0.00018049229335142294,0.00011413488194129756,0.0,0.000601386351724459,0.0,7.5878864414853576e-06,5,3
310,0.0005444267488550714,0.007975204988367164,0.05504953999053567,0.0115279385800187,0.01898615340439092,0.0,0.0,0.0014431677835885736,2,2
311,0.003492491141683186,0.0,0.0,0.0,8.856820048701667e-05,0.0,5.452249942400787e-05,0.0,4,1
312,0.0005683440192317414,0.008584188164437827,0.06367339053673371,0.009541233421185596,0.10228195291057922,0.0,0.00011080463799918052,0.0008652180709835162,4,2
313,1.4583282147987107e-05,0.0003095681884330747,0.0015529109736642658,0.0007622347892105274,0.0,0.01549051046763194,0.00067508542841391,0.0,5,2
314,2.3884514034918476e-06,4.5283433427472346e-05,0.00019277499503374116,3.363892874355485e-05,0.0,0.0003318029910006816,0.0,3.1987441471633864e-05,5,3
315,0.00485628754945397,0.07648893523207018,0.0,0.0,0.0,0.0,0.0014509216506760753,0.0,1,4
316,2.507819614575292e-06,1.1010759701547045e-05,2.31048437553822e-05,0.00473672028365137,3.826541400167456e-05,0.0,5.539559264525039e-05,0.00045233353218826163,3,6
317,0.0004140205465094693,0.0007699167363080131,0.0011832788075013935,0.03704642294384091,0.0,0.000601174043806391,0.0002036345689733693,0.01696394939910798,3,5
318,0.0005414715815044973,0.00790949283109396,0.05437945831815244,0.011316912948583016,0.018657583549564007,0.0,0.0,0.001383736274283563,2,2
319,0.003781312413268685,0.0,0.0006040929795215509,0.0,0.0,0.0,2.1646714495494432e-05,0.0,2,2
320,6.772972842537275e-06,5.290257002895454e-06,6.754695384050016e-05,0.0020584600019255207,5.382263525015544e-05,0.00019259510011503578,0.0,0.0,3,2
321,8.446775022176636e-08,4.22776269695804e-06,8.205765125586901e-06,1.422929861274719e-05,0.0,0.0001940211794152115,0.0,0.0,5,3
322,1.842024185020347e-07,7.84721071905831e-06,1.9954586472792434e-05,1.8107886682881274e-05,0.0,0.0003650032965077759,0.0,0.0,5,3
323,0.02008436778409335,0.0,0.009001595770962273,0.0,0.0,0.0,0.00038686174541633923,0.0,2,1
324,0.00051284834003897,0.0029310132065613103,0.003387040383990215,0.10075241833144943,0.0,0.0,0.0047004096260621995,0.04357134241240971,3,5
325,0.00018247705094952266,0.0022354733237437666,0.008261418186075804,0.010387336727675386,0.0,0.09690750638216894,0.0,0.019860338311865476,5,3
326,0.04648889904940343,0.0,0.0,0.0,0.0,0.0,9.179485619057777e-05,0.0,6,2
327,2.9853837194135276e-06,3.996971877551762e-05,0.0003711103576339539,0.0005910650634370017,0.0,0.004648646328935099,0.0,0.0003550242996983462,5,3
328,0.0005499742097129862,0.0032872121419989155,0.0027037179915686085,0.038347742758474815,0.0,0.0,0.0022567479901412337,0.005885591965319996,3,5
329,0.0005414715815044973,0.007909492831093963,0.05437945831815245,0.011316912948583016,0.018657583549564007,0.0,0.0,0.0013837362742835622,2,2
330,0.0014910039367010022,0.00585646746654068,0.045368788119080634,0.0,0.0,0.0,0.00048735901269121953,0.0,2,2
331,0.00011277930031010325,0.000572693513959133,0.005258968432493732,0.0,0.0,0.0,8.372187710091229e-05,5.3036301746024196e-05,2,2
332,1.5414446191918794e-07,4.14316270233754e-06,3.100797410998366e-05,0.00012517931384808793,0.0,0.0021282348323138447,0.07450419986024139,0.0,6,3
333,0.001846849901691262,0.012939069321314865,0.09199032014078519,0.0,0.0,0.0,0.0,0.0011265637598795416,2,2
334,5.373381657012671e-05,0.0011405857272504087,0.014094702330862019,0.0,0.13935076460751375,0.0015605296597222173,0.0,0.0,4,2
335,0.0002208502210898177,0.002999171930889597,0.02517678684952023,0.0005669917782992648,0.0630919513742739,0.005011372514193324,0.003082159665850687,0.0,4,2
336,1.3438200433573676e-06,1.5493923189193832e-05,0.00018345212698888728,0.0,0.0,0.0020099702805848477,0.0,0.000589551078973263,5,2
337,0.0010769075907625086,0.0,0.0,0.0,8.343027094380716e-05,7.664039971224031e-05,5.673025105671883e-05,0.0012914111632778107,7,1
338,7.779703271719864e-08,1.4073677488266868e-06,1.9476701032671008e-05,9.285447039150811e-06,0.0,6.229237457534908e-05,0.0005231153320414624,0.0,6,3
339,0.00011005035984538726,0.0022749470629035997,0.020605523161358906,0.0064176567490573586,0.03435463134329995,0.05089523733978464,0.007551381595995768,0.0,5,2
340,9.405775848160634e-05,0.00045099165044706755,0.00406542495598002,0.0,0.0,0.0,4.481293138916236e-05,9.365744953216171e-05,2,2
341,0.003800374165567272,0.0,0.0,0.0,0.00011402369569883712,2.0779752422204094e-05,0.0,0.0,4,1
342,0.0005441118989967098,0.00796877380524481,0.05496748242636637,0.011498904177033161,0.01893841146169936,0.0,0.0,0.0014322440608870895,2,2
343,0.00376424022619824,0.0,0.0005982966014738713,0.0,0.0,0.0,2.1230276815476376e-05,0.0,2,2
344,0.004130766064419148,0.07182849549329798,0.0,0.0,0.0003098117077181544,0.0,0.0018639880918369031,0.0,1,4
345,0.0007013285911359791,0.010579909931260125,0.0638732869632106,0.01425934848901477,0.01889164020367114,0.055637259472314606,0.0027846859878660557,0.0,2,2
346,0.0005414715815044973,0.00790949283109396,0.05437945831815243,0.011316912948583014,0.018657583549564018,0.0,0.0,0.0013837362742835644,2,2
347,0.0009750246528594969,0.022432240194637704,0.0,0.0,0.0003492232271530655,0.0015049376874596138,0.0024095433923388408,0.0,1,4
348,6.128353116982761e-05,0.0004102861846715384,0.003222111810643249,0.005514106523873826,0.0,0.02307487729159307,0.0,0.0,5,3
349,0.0009341314357497878,0.0,0.0,0.0,6.392612485808131e-05,3.212010706938275e-06,0.0,0.0,4,1
350,0.0008293378093168798,0.020868792268279472,0.0,0.0,0.0002906712279348745,0.00055061199406298,0.0027037458818712037,0.0,1,4
351,0.0007024763454217327,0.003196631323237051,0.003088150954889063,0.06491405509544822,0.0,0.0,0.0018559584793525622,0.0,3,6
352,1.563040947757589e-05,0.00038753906898378044,8.60474381075181e-06,0.0004913204149316393,0.0,0.0007372249915419615,0.0,0.0,5,3
353,0.00013971411377134216,0.0016167444725858236,0.005024125559066956,0.006619239576684269,0.0,0.05462410044059775,0.0,0.011040658144888575,5,2
354,0.004700659263127501,0.004091812003897855,0.00596991718806229,0.10750541001720423,0.0,0.0101375170342186,0.0,0.041582260997961744,3,6
355,0.06753890717775143,0.0,0.0,0.0,0.0017308881759815625,0.0027123257713418283,0.0,0.0,5,1
356,0.001550190945490113,0.0003983364976801039,0.0029510893187875533,0.12982838037998634,0.0,0.000324052673767023,0.0010100437666890527,0.0,3,6
357,7.335076761649383e-06,4.5847388279897665e-05,8.781751212775224e-05,0.0014895339404647533,0.0,0.0,1.1845048122053933e-05,0.0004215167725193394,3,6
358,0.0005134789289464049,0.003099823041477983,0.0032126768297141206,0.022570398571430717,0.0,0.0,0.0013492564121553826,0.0,3,2
359,2.7632239286562456e-06,3.357681681263699e-05,0.00037501407499358823,0.0005014184684482395,0.0,0.0018509506378506146,0.0,0.00019234529306206682,5,2
360,0.003116894479924344,0.04712867383192809,0.0,0.0,0.00017145915072920578,0.0,0.0,0.010772146260160655,1,4
361,0.0008995394464820634,0.013156222637190277,0.08287845302281516,0.015314149950913165,0.02415155232368837,0.059073396067865755,0.005452699435406974,0.0,2,2
362,7.734903576186671e-07,2.398924543591456e-05,0.00045203776524612794,0.0,0.006560690318736169,0.00012621216195321888,8.98628685232389e-06,0.0,4,2
363,1.8025820864443932e-06,2.982179480108568e-05,0.00022636816344984918,0.00020634749521940008,0.0,0.004051745127461682,0.0,0.001031377082630732,5,2
364,1.7436304441607212e-05,0.00013156469047883676,0.001334175420905036,0.0,0.0,0.00036418208768565047,0.0,0.00014285080193408639,2,3
365,0.051408543275407885,0.0,0.0,0.0,0.0008078144774901672,0.0,0.00014304893881089532,0.0,4,1
366,0.0017031902906829662,0.007629886721468588,0.05777603940951531,0.0,0.0,0.0,0.0009595121024329799,0.0018485157983671383,2,2
367,2.3303932055094465e-05,0.0002991688070688486,0.0017496110674335892,0.0005364763356630828,0.0,0.015879814699509744,0.0,0.002898841646283637,5,3
368,3.7039985088233264e-05,0.0003376507203870543,0.002781691363770531,0.0016121277708843035,0.0,0.02292317693276911,0.0,0.0,5,2
369,3.1703034537189465e-05,0.0006778657806070725,0.003510845399540362,0.0016321598359067182,0.0002611932758109185,0.032357079743137236,0.0010073096086568776,0.0,5,2
370,0.05373522295197421,0.0,0.0,0.0,0.0010837711212147104,0.0,0.00010044890947113924,0.0,4,1
371,0.001060518295885705,0.006255776708273122,0.0,0.016887024419819742,0.0,0.000874267900633401,0.0,0.012968119794728108,3,5
372,0.004057466143103261,0.007597043297011359,0.056533392306131136,0.012218230412007959,0.019862482908558427,0.0,0.0,0.0005338541159751593,2,2
373,1.03254506587245e-06,4.0798672808234986e-05,5.3779680011217116e-05,8.825709110675508e-05,0.0,0.0008506265250093792,0.0,0.0,5,3
374,0.0017967131439124674,0.005190266415742889,0.03981063791854267,0.0,0.0,0.0,0.00038306567119010727,0.0,2,2
375,3.6834657988504015e-05,0.0001240773697069051,0.0005023926347923325,0.009920637722601197,0.0,0.0,0.0,0.002244015206119175,3,6
376,0.00012149566580597143,0.00016981249886992197,0.0016125633954537323,0.020957484623880706,0.0,1.197851037251281e-05,0.0,0.0,3,3
377,0.05221291012635064,0.0,0.0,0.0,0.0010234202426129132,7.690783761455506e-05,0.0,0.0,4,1
378,0.0038585204887647867,0.0,3.5362860457528537e-05,0.0,0.00019474820518786804,0.0,4.024228263815702e-05,0.0,4,1
379,7.065441263761805e-06,3.906448730008625e-05,6.495800344425429e-05,0.0016730458548372647,0.0,0.00029174045145401905,0.0,0.000443142844960524,3,2
380,0.00030412952286606976,0.0,8.693298679311135e-05,0.000412706605251794,0.0,0.0002530346055028159,0.0,0.0,3,2
381,0.0015126376007000826,0.00755141791958414,0.044839856015131165,0.0,0.0,0.0,0.0009886368376295913,0.0,2,2
382,6.673667802561096e-05,0.0004798919294423492,0.0033574170000947997,0.0004168546784059083,0.0004271455792977321,0.011736500561566715,0.0011609881306747676,0.0,5,2
383,2.991483362909992e-11,7.56578928913109e-10,1.8050380583128912e-08,0.0,0.0,2.3378234731755613e-07,3.963758405508799e-08,0.0,5,2
384,8.933939928204335e-05,6.705240624089832e-05,0.00039813536363296183,0.0006519219127782746,0.0,0.003534382398065573,0.0,0.0,5,2
385,0.0040671318118594,0.0689841419024456,0.0,0.0,0.0,0.0,0.0,0.007655868159825678,1,4
386,0.0033640916416269218,0.0,0.0017320424140866647,0.0,0.0,0.0020489677864468517,0.0,0.0,5,2
387,0.0009670421256548083,0.023520198252202414,0.0,0.0,0.0006496298745911443,0.000926429175364966,0.002732674653861431,0.0,1,4
388,0.00015985700963148266,0.002670417100166185,0.009493828645058237,0.0029424355404317746,0.00023405665410716037,0.0704180928419032,0.003919713055300557,0.0,5,2
389,0.00044855194507714864,0.0010213524899525892,0.0,0.006517245595547296,4.826915035279306e-05,0.0,0.0004611828700611449,0.00990610481037142,7,0
390,0.06650634423575429,0.01216902083232849,0.0,0.0,0.0024476369811796436,0.00028863693654244634,0.0,0.032522374732027064,7,1
391,2.000783846692288e-07,5.76918420321188e-06,4.996414189538725e-05,0.00019631716843157505,0.0,0.003566868291785296,0.14172314393424063,0.0,6,3
392,0.00048384696163776667,0.0011089830821866466,0.0,0.0,9.296053156204859e-05,3.558401322614798e-05,0.0,0.004326399328431815,7,5
393,0.00016949278382037176,0.0020155144861732435,0.0004231267819376124,0.013336680621275132,0.0,0.00339154339785623,0.0,0.0035725319185552404,3,6
394,1.0661282426001404e-05,0.000327128956379299,0.0002825115827541507,0.0004631991610601527,0.0,0.003344747507569514,0.0,0.0,5,3
395,2.3779143167306197e-05,0.00030390018680575203,0.0020992274469554175,0.0010595828404058225,0.0,0.024876666267085727,0.0,0.0063841266996854,5,2
396,1.9395131145965635e-05,0.0,1.2267433003819797e-05,0.0006926764929545722,0.0,0.0,0.0,0.00018452376996248778,3,6
397,0.05775154674814245,0.0,0.0,0.0,0.0010253803827273852,0.00017279737628385873,0.0001650379144675864,0.0,4,1
398,7.526854157032079e-05,0.0009597200885777629,0.000307254749351908,0.008071990703998975,0.0,0.004404448389942176,0.0,0.002231436629791813,3,3
399,6.591103917946457e-07,1.1386894326669196e-05,5.1092499548930926e-05,0.00010008680918335165,0.0,0.0009755183674901542,0.0,0.00021510841094366095,5,6
400,0.0034682522563717656,0.05427715873781825,0.0,0.0,6.883565057556263e-05,0.0,0.0,0.008408541349939205,1,4
401,0.00022927048141121556,0.0010493052808919821,0.0008089203514458649,0.040617309360560426,0.0,0.001133548541151355,0.00017092830573472322,0.013302712509471699,3,5
402,0.018785600782138073,0.058536974527417976,0.36567001722982384,0.0,0.0,0.0,0.002973639586982865,0.0,2,2
403,0.0004227332538781661,9.019041159807556e-05,0.0002146423400191218,0.008129569993489795,0.0,0.0018343315287534371,0.0,0.0031502282853654324,3,3
404,0.013633589794614022,0.0014424866979307538,0.015422394949764499,0.43672135969968884,0.0,0.01372276265885379,0.001348777971040789,0.0,3,6
405,7.965460702379533e-05,9.01419535708349e-05,0.0004542466172907267,0.011053385911461103,0.0,0.004042778581285896,0.0,0.0,3,6
406,7.407300143470124e-05,0.00032470723217634275,0.0009247001667165528,0.002609733297952465,0.00020664420568719386,0.0,0.0,0.0015564646503451163,3,0
407,4.5430455653943535e-06,5.741870462359895e-05,0.0006830600253372801,0.0020646836001042574,0.0,0.004439614785733624,0.0,0.0006231448083484531,5,2
408,0.0001886539424402074,0.00017432557785612202,0.0007377999244745892,0.03973333490395902,0.0,0.0,0.0005398239011480896,0.0,3,6
409,2.7632239286562456e-06,3.357681681263699e-05,0.00037501407499358823,0.0005014184684482395,0.0,0.001850950637850615,0.0,0.0001923452930620638,5,2
410,0.0005937144013137058,0.005859080992401917,0.010251568822774712,0.010191435962840997,0.0,0.0,6.141254445082667e-05,0.004318783586125503,2,6
411,3.5416071862364456e-06,5.65883471217665e-05,0.0004811351511091378,0.00028414772185875745,0.0,0.007688323241483039,0.0,0.002061965880816682,5,2
412,0.0004838570143168822,0.008540877695423736,0.0,0.00022560054277465905,9.963107407474258e-05,0.0008730121656688742,0.00026801832573873673,0.0,1,4
413,0.0005059492351476232,0.002974772553672391,0.0022717459775982553,0.021582847157356994,0.0,0.0,0.001307040370277392,0.0,3,0
414,0.00019974234684953573,0.00021727380075568933,0.0011445982169569976,0.04380672024166805,0.0,0.0,0.0004892888124349528,0.0,3,3
415,2.7632239286562456e-06,3.357681681263699e-05,0.00037501407499358823,0.0005014184684482396,0.0,0.001850950637850619,0.0,0.0001923452930620633,5,2
416,0.0004761474870453722,2.7504928622837747e-05,0.0,0.0,4.972099459905307e-05,9.593763897641476e-05,0.0,0.00031551570563927465,7,2
417,3.7549128335740326e-05,6.981471429876603e-05,0.00014225558037653767,0.006759679100156164,0.0,0.0009549607406190247,0.0,0.000198434179078116,3,0
418,0.0011848704000261606,0.028030503990341352,0.0,0.0,0.0004862165623808437,0.0,0.002807262108251004,0.0,1,4
419,6.1654085148302206e-09,1.017264497607167e-07,1.6881200319793413e-06,0.0,0.0,1.2508393540916246e-05,1.6967001104033592e-06,0.0,5,2
420,0.04948750454544347,0.0,0.0,0.0,0.0009120176746755966,0.0,0.00030761149827793563,0.0,4,1
421,0.001817130629037773,0.023936564032966127,0.002450532602651201,0.03091957041201372,0.0,0.0,0.003214381887786258,0.0,3,0
422,9.425366536820198e-05,0.00046295761994753895,0.004262001649206037,0.0,0.0,0.0,7.204662823916053e-06,0.00011738656636550467,2,3
423,0.0007857803159987403,0.019405653722926852,0.0,0.0,0.0,0.00030008919122714715,0.002421880694366972,0.0,1,4
424,1.1847781463087856e-06,2.2388381356213094e-05,0.00014453551572028315,0.0002882048596420042,0.0,0.0030162923161569316,0.0,0.0005670239408514541,5,3
425,0.00016928944123988497,0.0004955042727505135,0.0005210408720468502,0.06765479404430252,0.00019080685432317103,0.0,0.0,0.016437318720443905,3,6
426,7.623288210229525e-06,9.43038108348076e-05,0.0,0.0007216962268050302,0.0,0.0,2.233377717097677e-05,0.00021532661664026837,3,0
427,0.0008293378093168798,0.020868792268279472,0.0,0.0,0.00029067122793487545,0.0005506119940629809,0.002703745881871204,0.0,1,4
428,0.00034232424561839197,0.00017351763751762356,0.0003100204520203108,0.04761386111928394,0.0004548042831222921,0.0,0.0,0.00880745105051965,3,6
429,2.948665641346919e-05,0.0004410646067850792,0.0,0.0007264991555353002,0.0,0.0,5.108736127006855e-05,0.0011573936202826582,7,0
430,0.0007396824368505842,0.010485805537024068,0.07338462437775697,0.012371714410481434,0.023917495669581266,0.0,0.0015346229365706516,0.0007551570003415552,2,2
431,6.856622403516596e-05,0.0002602948640356931,0.00022200929037434692,0.0418561677623705,9.469470928969463e-05,0.0,0.00037786785176042477,0.0031170470520232437,3,6
432,6.709001533778884e-05,0.0009480362640940116,0.0,0.0,5.614912636534428e-06,0.0,1.4065640769381994e-05,0.0,1,4
433,0.0013053783201867628,0.005029576490220891,0.037610861822632756,0.0,0.0,0.0,0.0004203187640844794,0.0,2,2
434,0.00010262720248964114,0.0004294999909189472,0.0007565931758322502,0.010261917201501785,0.0,0.007556462919433548,0.0,0.002631902609711429,3,2
435,0.0015927036498098238,0.03034209994883953,0.004111599893982429,0.0,0.0,0.0,0.002546978868383549,0.0,1,4
436,1.4910715588347397e-09,1.1209705683792927e-07,4.601426944641892e-07,8.219388301017573e-07,0.0,2.0156609104774612e-05,0.0,0.0,5,3
437,0.014422476801739206,0.14015842994857966,0.0,0.0027210735624348032,0.003156879140755798,0.0,0.0,0.004388704852389369,1,4
438,0.007392054835036731,0.11894973953518274,0.0,0.0015318901174321345,0.002295914578094122,0.0,0.004507521456448575,0.0,1,4
439,1.9555310594040387e-08,1.1600721285401292e-06,3.910842694858293e-06,5.457560672855899e-06,0.0,0.00012374576391119887,0.0,0.0,5,3
440,9.499942321439094e-08,2.76652077708045e-06,2.2927400631570324e-05,0.00010844667859214501,0.0,0.00202037445661568,0.08463575168640751,0.0,6,3
441,2.1783273946284956e-05,0.0001577225241969043,0.0013687708270801859,0.0006585853094802118,0.0,0.0122526565915734,0.0,0.0,5,2
442,0.0007338777607314492,0.005904202654038936,0.0,0.003358743503857717,0.0,0.0,0.0,0.007133689368175199,7,0
443,0.0017168170275838736,0.03564804070802756,0.0,0.0,0.0002619367254108298,0.0,0.0,0.0,1,4
444,0.0019803561554504285,0.03949125631516529,0.0,0.003737302068911885,0.0004953161678336634,0.0,0.004394033256270651,0.0,1,4
445,0.0010460542951044715,0.02524423845337346,0.0,0.0,0.0003558908925454331,0.0014527929668035125,0.0031608223411791767,0.0,1,4
446,0.00028173774747976765,0.0006178078946689974,0.004743767675108673,0.03730859362824702,0.0,0.0,0.0006129377607721103,0.0,3,2
447,0.0005476648506282873,0.0,0.00020732051929084073,0.0,0.00012294061860731653,7.894007491865685e-05,6.962034888731983e-05,0.0,2,1
448,1.2848534348862887e-06,3.4984563613665134e-05,0.0006620655701202747,0.0,0.00915408470846512,0.000489593206441359,0.0,7.052836246838167e-05,4,2
449,0.008257288787179056,0.10983704316112473,0.06599833701609972,0.0,0.0,0.0,0.006187539517151877,0.0,1,4
450,0.010561179408907278,0.06871635435631242,0.0,0.02669130304408301,0.0,0.0,0.0,0.05171767535525793,1,0
451,0.0012800397358693249,0.0163739876968924,0.0,0.01897853457672382,0.0,0.0,0.0,0.008423907567813875,3,0
452,4.316839969443026e-06,8.664492508718214e-05,0.0006594223464276243,0.0006571401110258522,7.276533399579906e-05,0.0070317846442910234,0.0,0.0014853374539224944,5,2
453,8.643387971126748e-07,3.979614648633781e-06,6.052818098999024e-06,0.0012425068771075728,1.3458266969681578e-05,0.0,0.0,0.00036880017334390126,3,6
454,0.0009437242798815217,0.0009889186712527984,0.0,0.0014475417872359378,0.0,8.583310106135268e-05,0.0,0.003888698912392491,7,0
455,0.0044012529141760105,0.07636653294863774,0.0,0.004258400155247615,0.0019578733206550795,0.0,0.00777384767297501,0.0,1,4
456,1.0333146414256016e-06,1.7901406211341115e-05,7.518973567724811e-05,0.0001901542356988198,0.0,0.0013033172919639806,0.0,0.00017712214545872928,5,3
457,2.5732226085323664e-05,0.0003755588030856577,0.002407219735668608,0.002113262672984635,0.0008124990832049911,0.004116519871502688,0.0,0.0014697949025647152,5,3
458,0.00013397168516101357,7.683169567862273e-06,0.0,5.132139026977356e-05,2.4287838233554582e-05,6.717691417215632e-06,0.0,0.00043482241408948353,7,0
459,0.001137047303677491,0.0,0.00041506707152764966,0.0,0.00017055910319724858,8.645523675779356e-05,2.6671808743577857e-05,0.0,2,2
460,6.753304363591178e-05,0.00033929597344213184,0.00014136588224409602,0.04383116495740659,0.00029398870322304085,0.0,6.541433285080532e-05,0.0050551779995972775,3,6
461,0.0005643384808628407,0.008319909867861765,0.058579599053282465,0.013048316500622898,0.020634822956687247,0.0,0.0,0.0026629137827929084,2,2
462,0.00043112553097642963,0.009655450453728348,0.0,0.0,6.424795463787746e-06,0.0003215177664412793,2.6034825618861403e-05,0.0,1,4
463,1.406021931848604e-08,5.134155693062791e-07,5.148745819293687e-06,3.077759775184162e-05,0.0,0.0006242429984203874,0.02976624928045794,0.0,6,3
464,0.0034727668296879754,0.055891100729138374,0.0,0.0,0.0,0.00013107686581639006,0.0,0.011962326239378889,1,4
465,0.0013053783201867628,0.005029576490220881,0.03761086182263273,0.0,0.0,0.0,0.0004203187640844791,0.0,2,1
466,0.001846849901691262,0.0129390693213149,0.09199032014078523,0.0,0.0,0.0,0.0,0.001126563759879545,2,2
467,2.162003278762107e-08,1.2528535313673273e-06,3.7195214481009045e-06,5.52110140799439e-06,0.0,0.00010936256988226363,0.0,0.0,5,3
468,0.00032249640910673484,0.0,0.0,6.388893438553898e-05,2.7470541399902274e-06,0.0,1.4222397684320176e-05,0.0,3,2
469,0.0007613919301935275,0.005957398042365991,0.0,0.00979427994387704,0.0,0.0,0.0,0.006446745407697955,3,6
470,0.0001490056549207323,0.0008593779085372616,0.008444469584965843,0.0,0.0,0.002527239951030325,0.0,0.0011785052792145315,2,3
471,0.00012214520922965104,0.0007103273068683923,0.0068571250970784715,0.0,0.0,0.0051414454486884385,0.0,0.0012764087856331847,2,3
472,0.004506474790922047,0.0,0.0,0.0,0.00020448802664771646,6.35903133337089e-06,7.718530489303016e-05,0.0024345660659652606,7,4
473,0.0038008679889673875,0.0,0.0,0.0004171796771418546,0.0,0.0,6.06940237637881e-05,0.0,3,2
474,0.004991076434485182,0.07559241314033585,0.046121444130424516,0.013359069845884022,0.020771187405526338,0.0,0.0,0.0005676249532418189,1,4
475,0.007445811166684463,0.0,0.0,0.00028020207651125665,9.385677750149554e-05,0.0,7.543311371949337e-05,0.0,3,2
476,0.00015375158873917767,0.0020678665568289794,0.004299910702549275,0.005785951596021371,0.0,0.046508988957570434,0.0,0.009255872560773494,5,2
477,1.853997379985723e-05,2.1364888886794557e-06,1.2984173949413338e-05,0.0016454255430704532,3.635291307847741e-06,0.0,0.0,0.00047163788330372526,3,4
478,5.9132608276288004e-05,0.00024847466791682877,0.00014827261396189762,0.03476776178888489,0.00013433647422641382,0.0,0.00012805139110396753,0.0033341374401137636,3,6
479,0.006447459055503208,0.011709506631663648,0.0,0.0,0.0006642500996280882,0.0002053111606570948,0.0,0.026058832271873215,7,6
480,2.9048455996701954e-06,1.2840117673462983e-05,4.591252774218735e-05,0.002104542586221831,0.0,2.2212141350156393e-05,7.381442495860996e-05,8.108744322300141e-05,3,5
481,1.0542844900153703e-05,0.00010391176439240322,0.0010102168901534644,0.0,0.0,0.009234203678428489,0.0,0.0025691257498294765,5,3
482,0.00028903877292375856,0.004133051144229293,0.013921970842768056,0.00858428872437235,0.0,0.11607982881776645,0.0,0.002998575679240635,5,3
483,0.0002384022188428233,1.5306308540904386e-05,0.0005234941171010212,0.0,0.0,0.001867489779176255,0.00016883371837321336,0.0,5,2
484,1.1042614185117345e-06,2.1860599285214356e-05,0.00013183768962222629,0.00027133749582649214,0.0,0.003032633350186429,0.0,0.0005969008609300794,5,3
485,0.00026680736222552733,2.486563150950518e-05,0.00012623311245588324,0.013076000878930811,0.0,0.0,0.0,0.0033581979018945793,3,6
486,0.00025710930353361057,0.0,0.0,0.0,8.001777836680775e-06,6.8658611481322e-06,0.0,0.0,4,3
487,2.827644967486959e-06,5.070875850361914e-05,6.163455545176976e-05,0.0011830580277380639,0.0,0.0006838682474027748,0.0,0.00018237978070060235,3,6
488,2.3505828046882614e-05,0.00028887421423712934,0.0024623735210396536,0.00024211044317167966,0.0,0.024834390733047003,0.0,0.002018244655741947,5,6
489,0.00011569417829416297,0.0007878041232001876,0.006456511983767919,0.0,0.0,0.03238580193821947,0.0,0.008672451788154519,5,2
490,0.00107231971264846,0.008360598661892584,0.018644807205191065,0.006187555459519853,0.0,0.0037959786920090345,0.0,0.007122472399244709,2,2
491,0.0005929396438039452,0.0042389056908047175,0.0024125390329163793,0.041716500752884265,0.0,0.0,0.0024204469528197456,0.005294309082210058,3,5
492,4.45818895611129e-06,5.919890408897984e-05,0.0001359965138748331,0.0001827100813213218,0.0,0.0011052631201970595,0.0,8.427665554919088e-05,5,6
493,0.09129762545633131,0.13285717536026978,0.0,0.0,0.005185493060971469,0.0012309806315019616,0.0,0.1734347077083712,7,1
494,0.001046092444921629,0.000912370017598683,0.004256544174399407,0.0582533697764838,0.0,0.002081094221934356,0.00022360161037588984,0.0,3,2
495,7.89546093136025e-06,0.00012331292619895327,0.0010230924945469112,0.0012033072627810628,0.00012269599506769578,0.002184840248451378,0.0,0.0001767774371886473,5,6
496,0.001846849901691262,0.012939069321314904,0.09199032014078524,0.0,0.0,0.0,0.0,0.0011265637598795477,2,2
497,0.00055356071229919,0.008190813375887042,0.05735785307726974,0.012161025610274157,0.02223536694898675,0.0,0.0,0.0015998634008468143,2,2
498,0.04686467047329805,0.0,0.0002463973147066524,0.0,0.0,0.0,0.00013673631738656366,0.0,2,1
499,8.218226898305754e-06,6.887863173266997e-05,0.0006345144709753352,0.0,0.0,0.001825596035463322,0.00016603937630426177,0.0,5,2
500,4.9645212375984797e-08,1.1238806447271556e-06,1.188717709298859e-05,2.4849923624699765e-05,0.0,0.0002807874495025482,0.0,9.094994935444544e-06,5,3
501,8.025032268490468e-08,2.2119724422167e-06,1.7166787603891575e-05,7.390861026932039e-05,0.0,0.0013057750932585362,0.0495576714108388,0.0,6,3
502,1.0252587368695204e-06,1.598219273771147e-05,0.0,0.0002300798623496145,0.0,3.8553104018817805e-05,0.0,0.00015389143764397707,3,0
503,8.435921819654868e-05,0.00027362567629958453,0.00018542082810505707,0.03490038903596396,0.00022476595505717734,0.0,0.00011835380443473662,0.00404461693183298,3,6
504,0.00025036288755216226,5.391718799438659e-05,0.000997199961263622,0.0,0.0,0.002312896009326031,0.00016679493713064742,0.0,5,2
505,0.004204306721495051,0.0,0.0,0.0,0.00018894626279250822,0.0001230895915053798,0.0,0.0,4,1
506,0.016284150426271987,0.0,0.003992293464724961,0.0,0.0013972065839534756,0.0006269699465187825,0.00017534827880328474,0.0,2,1
507,2.6775345989407145e-05,9.985868550612752e-05,0.0,0.0009595249068522898,0.0,0.0,6.348855752868007e-06,0.0005046163613864329,3,0
508,0.00648254443672622,0.011813572903274002,0.0,0.0,0.0006766338039378162,0.00018837325702147684,0.0,0.027036983140603554,7,0
509,2.60699272505007e-05,9.699564227794513e-05,0.0,0.0008969701586430895,0.0,0.0,6.314164215715921e-06,0.0004658922405604126,3,0
510,0.0006567599743879489,0.009132075539316317,0.0630044967159933,0.01726824398450507,0.02205065072007936,0.0,0.0,0.002189056511215177,2,2
511,0.00045046059827886294,0.0010150382560681576,0.0,0.0,8.198522612774763e-05,2.5922874108473578e-05,0.0,0.003780675910519292,7,0
512,4.2273573285721654e-06,5.248521140503193e-05,0.0006128031977906272,0.001805039691734287,0.0,0.0038386890816078188,0.0,0.0005343245683592001,5,2
513,0.0005414715815044973,0.00790949283109396,0.05437945831815245,0.01131691294858301,0.018657583549564028,0.0,0.0,0.0013837362742835618,2,2
514,0.045469043121047395,0.0,0.0,0.0,0.0005952065630192149,0.0,7.840543413003432e-05,0.0,4,1
515,0.0010765559117480938,0.0015865744636345178,0.006014456600030309,0.06059416437577063,0.0,0.04742823790320427,0.0,0.003229492985447588,3,2
516,0.00451317280209066,0.08014213837672472,0.0,0.0,0.0,0.0004348864651070338,0.0,0.0,1,4
517,0.00012707853257144154,0.0004602873019282777,0.00040295551681991947,0.0841586457518106,0.0007716607713436313,0.0,0.0,0.012625760159661745,3,6
518,0.00039285593421476014,0.0006184453011002666,0.0018225616560553375,0.011130814513975903,0.0,0.004063034027383535,0.0,0.0026665616128701266,3,6
519,0.006531695783967731,0.01183031175899668,0.0,0.0018451103494699324,0.000687479608644655,0.0,0.0,0.027555152374044337,7,4
520,0.011105599946605512,0.22201367781671616,0.0,0.0,0.002039883100346523,0.003434526609376021,0.015134016481105163,0.0,1,4
521,2.1412419091696536e-07,6.227528067865864e-06,7.741662435734552e-05,3.030200551759022e-05,4.945954426963975e-05,0.0,0.0,8.010264568571791e-06,2,2
522,0.005945780461090294,0.10422072805495307,0.0,0.0,0.0018845926673637834,0.0,0.0033677084144062147,0.0,1,4
523,5.2931579300968264e-05,0.00015509531489522912,6.135121385208981e-06,0.005038988122149987,0.0,0.0,0.0,0.0021177607464018134,3,6
524,7.4805312964642e-05,0.00019648530472410905,0.0,0.008882754081443987,0.00010314983153345948,0.0,0.0,0.0026440790663774436,3,6
525,2.0555035354779284e-05,0.00046264308824885787,3.9595435131750235e-05,0.0014234253593745072,0.0,0.0013108516656269947,0.0,0.0,3,3
526,0.00022053741925071523,0.004424774356385011,7.869847801973568e-05,0.0032404377066758876,0.0,0.005289414156949609,0.0,0.0,5,3
527,0.0017961382618164872,0.04165375956757013,0.0,0.0,0.00031954471510455435,0.0,0.0029115854724894386,0.0,1,4
528,0.0006386800672891396,0.0007888509521107445,0.0051518874941491625,0.005396042078180392,0.0,0.05479674134803022,0.0,0.0,5,6
529,0.002045060757037351,0.015515382027245013,0.11099548620038964,0.0,0.0,0.0,0.001960816428908214,0.0005022048587074479,2,2
530,0.002383831727274052,0.02655357913847576,0.0,0.0,0.0004292043059758471,0.008081144590536661,0.0,0.0,1,4
531,0.05268435597672448,0.0,0.0,0.0,0.0009711135741007781,5.999284710445582e-06,7.21813504433864e-05,0.0,4,4
532,0.004935423334140803,0.07976877323582589,0.0,0.0,0.0007880068896239714,0.0,5.7707880249513635e-05,0.0,1,4
533,0.043454832471183556,0.529058405878188,0.0,0.0,0.0,0.0,0.0,0.08773450591880509,1,4
534,0.016581642314798188,0.22098270355491026,0.002801408858019367,0.009364377679841534,0.0013073888409411236,0.0,0.011691272793295333,0.0,1,4
535,0.0014001605024475232,0.019450993466775403,0.002464089637766277,0.002326035086418396,0.003043653820229469,0.0,0.0,0.0,1,4
536,0.0007868827002421181,0.00714591112012073,0.0,0.0029960926525487725,0.0,0.0,0.0,0.006399346370380849,1,4
537,0.0036517751769739593,0.0,0.0006932036888033798,0.034613492720961966,0.0,0.0,0.0,0.007002287567061326,3,6
538,2.6572183864653953e-05,0.0008605764644168106,0.018620061741303477,0.0,0.3654928586551233,0.007366791474512603,0.0,0.0,4,2
539,9.485207851346523e-06,0.00013252693232574422,0.0004967549343702011,0.000796354348415661,0.0,0.007203346340721485,0.0,0.001522440432383032,5,6
540,0.0046879939459025825,0.008645731890078515,0.06621180293230294,0.016096340859499236,0.022784775974888115,0.0,0.0,0.003228764024256021,2,2
541,1.6953636817068683e-09,1.2531194369457065e-07,4.683358084513384e-07,8.7647072980309e-07,0.0,1.9620756263371332e-05,0.0,0.0,5,3
542,0.00012416448293013096,0.0007995377749859385,0.0002759082970877929,0.06789702418226223,0.0005958165754504829,0.0,1.674525304305816e-05,0.008404687973368664,3,6
543,0.0066290987097240624,0.11676451545129744,0.0,0.0,0.0,0.0,0.0,0.0,1,4
544,0.0001594153621754214,0.0032254939668327452,0.04227601889640325,0.0,0.4441593000575885,0.008275337365392649,0.0005907575907462735,0.0,4,2
545,0.00022852932205872454,0.001265211371606009,0.011294853981017202,0.0,0.0,0.001052831569826388,0.0,0.0005826870787878692,2,3
546,0.006120973489796199,0.0,0.0,0.001872437212914036,0.0002148328442343793,0.00013329288420323062,0.0,0.0,3,0
547,0.0008461486127800821,0.012024211063554675,0.07445151622650832,0.013074158605059208,0.01679265053236392,0.05398410948778126,0.0028316351967213227,0.0,2,2
548,3.802733403235094e-05,3.066262764273695e-05,0.0,7.384436994731794e-05,6.845264940941911e-06,4.7733675694396375e-06,0.0,0.0002429970550399125,7,0
549,1.0102056770731033e-05,1.6375075541568967e-05,0.0,1.2020211054836427e-05,5.0948298765818e-06,1.9251210247221418e-06,0.0,0.0002715999870783975,7,0
550,0.006713307542532909,0.0,1.9743871133217063e-05,0.007929308659767912,0.0,0.0002494382071338936,4.344948246348227e-05,0.0,3,0
551,0.0011212596357354587,0.0010879921022702425,0.0,1.8610476489742888e-05,0.0001504444154855879,5.141535172479804e-05,0.0,0.005103823051819614,7,0
552,0.0014375028716652914,0.005788944171197293,0.0451531426344065,0.0,0.0,0.0,0.0,0.000229514993953589,2,3
553,0.0005153603202463513,0.0008885834910535161,0.0013397099915269117,0.04554576769234981,0.0,0.0017607627692700907,0.0,0.02227261359857531,3,5
554,1.617944321194618e-05,0.00027723588235219453,0.0011212816785017828,0.0003912831058171424,0.0,0.01117829112064187,0.0005476507427827178,0.0,5,2
555,0.0013493881609578453,0.005293465784331373,0.03961360044453145,0.0,0.0,0.0,0.0,0.0,2,2
556,0.003414575805077703,0.05480474154478875,0.07117106103666734,0.022277456996480653,0.026186811085125657,0.0,0.0029047271680745605,0.0,2,4
557,0.00018236347070879,0.0012417221146350588,0.00021229050737291936,0.10154335314250519,0.0009363376027549615,0.0,0.0,0.014847787948246937,3,6
558,2.643422919981836e-05,4.588806589257083e-06,0.0,4.153062831775185e-06,4.595355451935658e-06,7.542841799323018e-07,0.0,8.633279765812725e-05,7,0
559,0.0003747404797897726,4.919699986145223e-05,0.0,2.0504166997125084e-05,3.7317583300725844e-05,8.24502794835699e-06,0.0,0.0005565067890591424,7,0
560,2.027963021322957e-06,2.566910313021156e-05,0.000267147335669707,0.0,0.001004501427379588,0.00012035017759763458,0.0,4.2796304051118045e-05,4,2
561,6.691855157066687e-08,9.527297400984674e-07,4.659912015968973e-06,0.0002339902602450893,0.0,0.0,0.0,4.630070353246696e-05,3,6
562,8.682557877530462e-05,0.0013353360984443366,0.00921496635456888,0.005112581375588904,0.001989828984318962,0.0,0.0,0.0026149725474547787,2,5
563,0.0005414715815044973,0.007909492831093956,0.05437945831815244,0.01131691294858301,0.018657583549564025,0.0,0.0,0.001383736274283564,2,2
564,0.0008905427185921254,0.012000320492115402,0.0866955543889268,0.01128771545192435,0.022931358396741656,0.0,0.0019115297330838125,0.001108947968280251,2,2
565,0.004267863326236627,0.07406208684126368,0.0,0.0,0.00019548417086472382,0.07316941069624162,0.0045583799236947106,0.0,1,4
566,0.05000141121318085,0.0,0.0,0.0,0.0008160543902200119,3.1250379097704536e-05,0.0,0.0,4,1
567,0.0004945109901238661,0.001157987518839254,0.0,0.00010459171824542756,9.3823544384339e-05,2.8528521664876493e-05,0.0,0.005049749611235458,7,0
568,0.00014447338154739434,0.0016797685851558646,0.00615539003752011,0.00584961561890155,0.0,0.05395300867865865,0.0,0.010154542014243166,5,2
569,1.1312658894089184e-05,0.00028531208791522395,0.004533860261445244,0.0,0.056637952822741026,0.0011647500768854604,3.837068909748474e-05,0.0,4,2
570,0.04576119299207381,0.0,0.0,0.0,0.000617922560292049,4.7217751555924555e-06,7.66305796226191e-05,0.0,4,1
571,5.579637267048658e-05,0.0005963758980899255,0.0018760707189314704,0.0018005741592890445,0.0,0.0014862719488175152,0.00018535873149574453,0.00034885102889450155,2,2
572,0.0002662026629448889,0.004632116870756219,0.021355667996927858,0.00798780431131416,0.0018009584894669011,0.13585617713808879,0.0020572225182950987,0.0,5,2
573,0.0006005452072390397,0.009004700121339776,0.06237606660985709,0.013910236680746767,0.02126703002189505,0.0,0.0,0.0009927384267807671,2,2
574,0.001846849901691262,0.012939069321314911,0.09199032014078522,0.0,0.0,0.0,0.0,0.0011265637598795464,2,2
575,0.002300490148123815,0.031079781383967674,0.09230644925896918,0.02356684055357865,0.0018775412608735165,0.519893150759314,0.025930729916969767,0.0,5,2
576,0.0006249884509590877,2.4875201913031947e-05,0.0,3.580091801420252e-05,5.581529957732565e-05,1.2972488021409466e-05,0.0,0.0008266315637478047,7,0
577,1.5469534586071483e-05,0.00014761707949244968,0.0012664153207162599,0.000538886724924713,0.0,0.002832927834951424,0.0,0.0005736884363851934,5,2
578,4.15693125095985e-05,0.00011508832091352337,0.0,0.0002543615743222236,1.5552983285290937e-05,0.0,0.0,0.0007589989151781738,7,6
579,0.0005982208356898069,0.0013394611102581395,0.0,0.0020213146065298044,0.00012106888559796498,0.0,0.0,0.0054150887103206514,7,6
580,4.375644796027277e-05,0.0005348806533151135,0.0013530120778263589,0.0015529619821371536,0.0,0.0001808221154372881,0.0,0.0008317360792462753,3,2
581,0.00123732080025859,0.008855541889502798,0.0012060140170870315,0.024569820845369635,0.0,0.0,0.00042482603560141423,0.00529183101318452,3,6
582,8.580757294810578e-07,3.18820401919748e-05,4.317821783970477e-05,5.6360478728518635e-05,0.0,0.0005835576097943388,0.0,0.0,5,3
583,0.0005414715815044973,0.00790949283109396,0.05437945831815244,0.01131691294858301,0.018657583549564025,0.0,0.0,0.0013837362742835663,2,2
584,0.004689781454832457,0.085231262668874,0.0,0.0,9.780252657489581e-05,0.0,0.00019452868704971407,0.0,1,4
585,0.00015157026000632898,0.001793621838018118,0.005794588166971837,0.007778589542116896,0.0,0.0661827026413223,0.0,0.013501296131357693,5,2
586,1.3550998774041142e-05,0.0004281282549127571,0.0,0.0,0.0,0.00034337231790385845,0.0,0.0,1,3
587,0.05040176097038817,0.0,0.020731270227844767,0.004950281152560953,0.009686212017142795,0.0,0.0,0.0,2,6
588,0.0037950188059195237,0.00028155565626949243,0.007420198326129736,0.001905991794241837,0.003342433178812018,0.0,0.0,0.0,2,2
589,5.3568860106965576e-05,0.0005995475724949567,0.0057639467868828105,0.00048354303403526426,0.0012148934324452197,0.004041658298493648,0.0007513965947377679,0.00023205529823695328,2,2
590,9.7469340466744e-05,6.157091755620701e-05,0.0006567128408602989,0.016359351575098425,0.0003857217879423542,0.0014480971107012042,0.0,0.0,3,2
591,0.0005414715815044973,0.007909492831093962,0.05437945831815244,0.011316912948583013,0.01865758354956403,0.0,0.0,0.001383736274283563,2,2
592,9.060759642251983e-05,0.0,0.0,1.9507978719268764e-05,1.3369978478461152e-05,3.0479261106657253e-06,0.0,0.0001277953850933509,7,0
593,4.30502110609864e-10,8.805481251907977e-09,1.75490652731164e-07,0.0,0.0,1.725961145485172e-06,2.6233434073669247e-07,0.0,5,2
594,4.48103631429573e-05,0.00029848485931386855,0.0006814309441201123,0.004593622839495058,0.0008934466824059209,0.0004985447903328947,0.00015028249456894763,0.0,3,2
595,0.0012906110190635859,0.0004798921810722893,0.00305054513367211,0.12424155991198345,0.0,0.0006374020012928045,0.0006329980757374743,0.0,3,3
596,0.005944297578949558,0.0941705321242773,0.0,0.005643437923929575,0.0019730734346946827,0.0652620288261852,0.006660643592621061,0.0,1,4
597,0.0017122293157321655,0.0004530296529093912,0.003560141388181677,0.15800672834709278,0.0,0.0018600178800801028,0.0009809864746790312,0.0,3,0
598,0.002714904632513802,0.0020288968525049304,0.0071733405112333224,0.3157646585466648,0.0,0.0,0.0035706556643037572,0.0,3,6
599,0.01618085568767044,0.0581710344821675,0.0,0.0036144188375485833,0.003222526097024142,0.0,0.00625578208177726,0.02636394504650499,1,4
600,1.8807707821805703e-05,3.33682415765062e-05,0.0,0.0,0.0,4.745686631361116e-05,0.0,0.0,5,3
601,0.007245010745811929,0.034349307537926116,0.021675993187600544,0.16858225190751447,0.0,0.0,0.008468460646630458,0.0,3,6
602,0.0002417304087880894,0.0015902145085315922,0.013910810464897479,0.0,0.0,0.011285432807547085,0.00045474656161619063,0.0,2,3
603,0.0002985308445521792,0.0007617453986687983,0.0011437270394849017,0.13822169180095967,0.0,0.0,0.000973015081269603,0.008845900007081648,3,6
604,3.3124930036012513e-06,5.2320364905559234e-05,4.918353958161444e-06,0.0006023600893241505,0.0,5.835339082021022e-05,0.0,0.0,3,3
605,7.215160730591855e-08,1.5495527185632845e-06,7.816181918829824e-06,2.4293964707767093e-05,0.0,0.00017978874054022458,0.0,2.5580449714892783e-05,5,3
606,0.0001261332882164439,0.00023138350450092456,0.0,3.7184801090842033e-05,3.854333179428502e-05,4.052776012558569e-06,0.0,0.0019008057992087844,7,0
607,0.003946537562486406,0.06896050777811537,0.0,0.0,0.00014638381692013807,0.00016090958091603965,0.0010799412281763002,0.0,1,4
608,9.609379602873719e-05,0.0005006883714242382,0.004408975213040433,0.0,0.0,0.00021994288861725832,0.0,0.0,2,3
609,6.5495212421859054e-06,3.97779485539739e-05,0.00043837061674838944,0.0,0.0,0.0,7.44135796277524e-07,2.299274619551035e-05,2,3
610,4.030361212078695e-08,5.210170004990732e-07,6.958108437267022e-06,0.0,0.0,3.582052672783375e-05,4.12875650459211e-06,0.0,5,2
611,0.00037505484843561364,0.004693476291796074,0.0,0.005005182013581217,0.0,0.0,0.00028598148607235,0.007156191976628092,7,0
612,0.0005590103653227128,0.011870201779122399,0.0,0.00456893158265367,0.0002610727424190646,0.0,0.0018469712348725465,0.0,1,4
613,0.0011360280908960275,0.0002982659974275146,0.0023241143267950888,0.09468564609578908,0.0,0.0,0.000743768268298847,0.0,3,2
614,0.0015420823008890198,0.02660361685649948,0.0,0.0,0.00034112886733455254,0.0,0.0019649479501057665,0.0,1,4
615,7.916951178595003e-06,6.942310932319473e-05,8.058851443498584e-05,0.003210696692713674,0.0,0.0,0.00014411591458245008,0.00137419825419182,3,5
616,0.0005819072947816923,0.00865296757761753,0.060613893486255725,0.012928626954041789,0.021221332281039253,0.0,0.0,0.0017087765269269552,2,2
617,0.0003879383925553098,0.006248539738082062,0.0,0.0001979094319361485,2.1865154974980716e-05,0.0,0.0,0.0,1,4
618,0.0003958455679309286,0.0007534350947677835,0.0,2.8402440013726027e-05,4.6854802878848294e-05,0.0,0.0001539287096251955,0.0021555241841977116,7,4
619,0.04720775034644794,8.779548291623158e-05,0.041380772021462564,0.0,0.0,0.0,0.000580776579898711,0.0,2,1
620,0.05028510590064901,0.0,0.014213383714272701,0.0028933717438889574,0.007208113566812634,0.0,0.0,0.0,2,2
621,0.0001886539424402074,0.00017432557785612552,0.0007377999244745933,0.03973333490395902,0.0,0.0,0.0005398239011480817,0.0,3,6
622,0.0002170799185654867,0.002424662516884133,0.006336289071198949,0.008459687231627204,0.0,0.06685513473388932,0.0,0.014450542104714291,5,3
623,5.394665489260626e-06,7.189383113616522e-05,0.0007096152060476843,0.00018044747822976726,0.0,0.008889363780948263,0.0,0.00046531968742606497,5,2
624,0.00031671495343221876,0.0,0.0,6.227653498913039e-05,2.304357244499282e-06,0.0,1.3420081065668677e-05,0.0,3,2
625,0.00010477283024740684,0.0005251334348970171,0.004757866089860348,0.0,0.0,0.0,5.1231448022774964e-05,0.0,2,2
626,0.0031221310139258446,0.03211991527357355,0.09510779712272412,0.0,0.0,0.0,0.0007873889266674226,0.0,2,2
627,0.00019821085534608754,0.0025763127059301068,0.019005166059604513,0.0010548014618984183,0.005259912120017244,0.003436136595551141,0.002668013447540943,0.0,2,2
628,2.894297423230245e-05,0.0004562844170128131,0.002519627639405442,0.002768099179640822,7.465049719149067e-05,0.026738456011053,0.0,0.005296321394786399,5,2
629,0.00022006052300032784,0.0025271310866195433,0.01679307856374551,0.0016844853289599206,0.0,0.06121317610125277,0.0,0.007075690659177157,5,2
630,2.018526057949787e-07,1.103240379323991e-06,4.7222127471739925e-06,0.0002648193469518555,0.0,2.564999840873109e-06,1.1152014085041252e-05,1.1282445041820331e-05,3,5
631,3.436269795616932e-05,9.949586304627068e-05,0.0,1.316473876587322e-05,1.1403589204074979e-05,3.8744841654860605e-06,0.0,0.0007081081550009883,7,0
632,0.005411319933439198,0.09271222148582325,0.0,0.0,0.0003534266170145016,0.0,0.003230302642132334,0.0,1,4
633,0.0005431924616018086,0.0010855895039054192,0.000985061702539875,0.12650380621990967,0.001291727264307004,0.0,5.3996116743911084e-05,0.0193389758606223,3,6
634,0.0013053783201867628,0.005029576490220879,0.03761086182263273,0.0,0.0,0.0,0.0004203187640844836,0.0,2,2
635,0.00011617112152985085,0.0006138557524638521,0.0016065884601935048,0.02332501864023854,0.00012512878537037064,0.0,0.0012627800023620708,0.013293949666040082,3,5
636,2.0994038427820544e-06,6.014030398843044e-05,0.0011415298325933134,0.0,0.01613412808545037,0.0006714540019900256,0.0,7.968645908793327e-05,4,2
637,6.417256628646761e-05,0.0007347595850731344,0.00042422973617177223,0.0008563358727760843,0.0,0.009204122838296223,0.0,0.0026361476705431073,5,2
638,1.989193452101294e-06,0.0,0.0,3.436350252999998e-06,6.696641583272042e-07,1.4506557439201053e-07,0.0,1.033256195790471e-05,7,0
639,0.0006924950915605527,0.009842788852327092,0.061656374797333754,0.018243937260522865,0.01851461036942006,0.05020179019941653,0.0,0.009825736895545287,2,2
640,0.0046263442546336945,0.0,0.0,0.0,0.0002512146264069416,3.725714522667514e-05,0.0,0.0,4,1
641,0.00014260377665831702,0.0024792845279004018,0.0008309277097839553,0.005387346093505893,0.0,0.0005163659743246395,2.9802497283219154e-05,0.0,3,4
642,0.0016675270670329944,0.0014897922842031033,0.0035420591807772323,0.14146538392438485,0.0,0.0009444841819868558,0.0009459923894400934,0.0,3,0
643,8.616519194599046e-05,0.00110914236450631,0.007535744009832382,0.005817447114715889,0.0021142887271927632,0.00232016435235169,0.0,0.0004238157113196694,2,3
644,0.0005823403678404449,0.008664653399659645,0.06075778222101104,0.012975609302035134,0.021291927329958923,0.0,0.0,0.0017286490007705577,2,2
645,0.005564232015734181,0.0005455583065670015,0.005194310532261681,0.22814035157042403,0.0,0.0023165068022796766,0.0017115839961641824,0.0,3,0
646,0.0007545030038523582,0.006734275197838129,0.05459684282526991,0.0025897405086117774,0.010284502396152834,0.01616525370086432,0.0069740611567733184,0.0,2,2
647,0.002811030221928309,0.051727311836381025,0.0,0.0022477308218235947,0.0032559135134239987,0.003320004215502263,0.002887289893472129,0.0,1,4
648,0.04623969840626518,0.0,0.0,0.002708566287829978,0.0,0.0,0.0001721340230740695,0.0,3,1
649,2.8330181826115455e-05,3.079025591325836e-07,1.317552334778406e-05,0.0008563327338348725,0.0,0.0001311695776713005,0.0,0.0,3,0
650,0.004206153267584677,0.07077766691594892,0.0,0.0,0.0,0.0,0.0008837674139495955,0.0,1,4
651,0.0004276677435066374,0.001313918909633801,0.0025033983928596354,0.02065672398029604,0.0,0.0023253183381715184,0.0,0.00787675303322614,3,6
652,5.80006237020555e-07,6.063882107343204e-06,6.764909031674952e-05,0.0,0.0,0.000264434765091203,2.7340919322196466e-05,0.0,5,2
653,0.000129541924082536,0.0007940229792528128,0.007387139619091454,0.0,0.0,0.01084471490885617,0.0,0.00208150486231306,5,2
654,0.004056796592798275,0.0075928759099340975,0.056510605746081355,0.011931546320854724,0.019857322299759415,0.0,0.0,0.0004309443497078537,2,6
655,0.002084093990068381,0.016809570101066693,0.10284652409592852,0.0,0.0,0.0,0.0003624944252147157,0.0,2,2
656,5.013688145692257e-09,1.3313967772641242e-07,8.039241664206888e-07,3.055136781155283e-06,0.0,2.4346718256880632e-05,0.0,3.6171925448159e-06,5,3
657,0.0013395620056762159,0.00516149085973968,0.03894766674620095,0.0,0.0,0.0,0.0005051407114866678,0.0,2,2
658,0.00320625468103942,0.050786371271704246,0.0651003129906488,0.020049649273236634,0.023635798839520716,0.0,0.0025706755301274364,0.0,2,4
659,0.004328723014871972,0.007680133674080769,0.05792649376727018,0.01239171056789594,0.020473176481281875,0.0,0.0,0.00042964037296849307,2,6
660,0.0010531239217913624,0.0034108100588147038,0.004094381113860253,0.03185320538055758,0.0,0.0017122624893483023,0.0003830495103930093,0.0003273848660411444,3,2
661,0.0006230046518814666,0.008404641870749569,0.054859148915967625,0.011558409960533516,0.018987417175858168,0.0,0.0,0.0019425748729353536,2,2
662,1.0861296321756098e-06,3.329788404916381e-05,8.776521330795882e-07,6.182383257537347e-05,0.0,9.976721933180002e-05,0.0,0.0,5,3
663,1.1849102039583993e-05,0.0001310797509892256,0.0011829233389821525,0.0,0.0,0.010792722632457273,0.0,0.002037747691596032,5,2
664,1.1763625182595626e-05,4.25744012421175e-05,5.358388651713918e-05,0.008513395429892504,5.3260840265453105e-05,0.0,0.0,0.0023069641686214184,3,6
665,0.0001312668675459622,0.0009091451108911556,0.007741024910042661,0.0,0.0,0.013864023512486844,0.0,0.0,5,2
666,0.0003236519993115658,0.0006621188021671492,0.0010950063881099991,0.007684954661866847,0.0,0.0,0.0,0.001555750445688356,3,6
667,1.788087080710552e-06,3.226852330419477e-05,0.0002475937067591242,0.00026532466736551387,9.887924577777349e-05,0.0005570716802057317,0.0,0.00021017315775115914,5,3
668,0.011781093907432904,0.0015108897736831749,0.0,0.0,0.0007762959823340887,9.821097143262317e-05,0.0,0.0076750547675462,7,1
669,1.1553201483756725e-06,1.6594692903100298e-05,0.00018228369362625484,0.00012117831918079906,0.0,0.0008528680112366965,0.0,6.744596696679646e-05,5,3
670,0.05270593235962428,0.0,0.0,0.0,0.0008954984584247266,0.0,0.00022890275183878428,0.0,4,1
671,7.109907421389073e-07,1.2983775068307962e-05,0.0001143490170755939,0.00019458208422192677,0.0,0.0020353138942626457,0.0,6.138789908318183e-05,5,3
672,0.0001941337707910575,0.002974491003740594,0.011900505933835204,0.00405314484286782,0.0,0.09149079927531717,0.002156261111384942,0.0,5,2
673,0.05947046267668098,0.006653206376050854,0.0,0.0,0.0017371668556500502,0.0003450537304237813,0.0,0.022324137764469072,7,1
674,0.00016065322468944646,0.0026908160466152633,0.009600823964687527,0.002993654689326792,0.00023113400782005724,0.07185592057916773,0.004008455586839426,0.0,5,2
675,0.0008501240848276068,0.012746624169253973,0.07774681347793728,0.020763376512742338,0.021576215710713033,0.06483837536358802,0.0025241751352908653,0.0,2,2
676,4.1256168319862625e-05,0.0005034202100739041,0.0010543406262826913,0.001279893420166079,0.0,0.0,8.675046618494935e-06,0.0006125878500920581,3,2
677,0.006382129617847787,0.0003512677819347445,0.0,0.0,0.0004084389621518693,0.00016184939577909717,0.0,0.0022177666346440148,7,1
678,0.0006920969819673463,0.0031256648133199966,0.002966697372233134,0.06094192123082306,0.0,0.0,0.0018188799921131228,0.0,3,6
679,0.000771708585266574,0.01907571724485683,0.0,0.0,0.00025478241344435243,0.00047512579386481705,0.0022945718929682528,0.0,1,3
680,0.0005468174872374635,0.008030317007615806,0.05558813930148915,0.01169688038700674,0.01924131218790335,0.0,0.0,0.0014879246243845602,2,2
681,8.619077209275011e-08,2.3611523085032893e-06,1.9429685292172963e-05,7.776316915767183e-05,0.0,0.001371757319511327,0.052471924316052396,0.0,6,3
682,1.2733700033730866e-05,0.0003338665331167913,0.005106511193621288,0.0,0.05684228002536001,0.005699751298347566,0.0008694475001421177,0.0,4,2
683,0.05752865307535358,0.0,0.0,0.0,0.0009338563350822587,0.00010348835498991482,0.0003108036879595251,0.0,4,1
684,0.01280483452995943,0.0,0.00022926497962763646,0.0,0.0,0.001833114169036282,0.0003324956824345033,0.0,5,1
685,1.6494492024279783e-08,9.381501764902566e-07,3.105463317886636e-06,3.96636226705716e-06,0.0,9.118118447582755e-05,0.0,0.0,5,3
686,0.00013199445338355314,0.0008088542964000217,0.005761049187733988,0.0,0.0,0.0,9.403632271517493e-05,5.11527921130844e-05,2,2
687,6.351968248097188e-05,0.0012114482214744067,0.013382479558699319,0.0,0.07532225662835657,0.0018620208458314494,0.00046273453828605946,0.00015929413079168609,4,2
688,2.8443181078852866e-05,0.0001142758508919071,0.00019342274453818084,0.02718105220141738,0.00011630925759976534,0.0,0.0002981596134447728,0.0022860978280643393,3,6
689,0.0011522291270774938,0.018987134533654814,0.000283937876221087,0.0011774061677564097,0.00017031878718970278,0.0,0.001774336890349291,0.0,1,4
690,0.0002915327000583945,0.006161230127752068,0.0,0.0,0.0,7.481585817080389e-05,0.0,0.0013587595637796922,1,4
691,0.0001312668675459622,0.0009091451108911626,0.007741024910042666,0.0,0.0,0.013864023512486837,0.0,0.0,5,2
692,0.0006379969618091735,0.00844535882860164,0.05939425264332227,0.008320742827705311,0.015202667542203107,0.0,0.0,0.0014714893242582503,2,2
693,0.006998317376455648,0.1329600643861207,0.0,0.0,0.00013388118836601831,4.239245262559446e-05,0.0,0.0,1,4
694,3.6125790488928476e-05,0.0009850121133865688,0.00028272331137867244,0.00012096433739987952,0.0003183333115568906,0.0,3.0910175791460206e-05,0.0,1,4
695,0.00019785269804860927,0.0023653091257411964,0.0038057319195793637,0.0036505338459636365,0.0,0.04061544126277186,0.0,0.0,5,6
696,0.0006893618059098222,0.010115207605820636,0.07264118531948018,0.013357565471481939,0.02313288475859249,0.0,0.0005490490615549476,0.0014719505490031987,2,2
697,1.660942107284302e-05,0.0001537858378226594,0.001286329686911879,0.0,0.0,0.004833164641123098,0.0,0.0,5,3
698,0.06349685105147279,0.0,0.0,0.0,0.001171055845105167,0.0,0.00021729000835668609,0.0,4,1
699,0.05989451125935493,0.0,0.0,0.0,0.0010719889530753143,0.0,0.00019612629840716652,0.0,4,1
700,0.0028524374441002147,0.029984542741306106,0.18477714985918373,0.008750297446478707,0.043623621272126,0.025368905509007573,0.017767941056225995,0.0,2,2
701,2.8301424802165048e-06,3.452954655273894e-05,0.00037967398700953944,0.0007354087286933341,0.0,0.0017363666020016036,0.0,0.0002385987335941853,5,2
702,0.00779227662028238,0.09205502317715335,0.5287038099846583,0.09098587365679371,0.15447294479672746,0.0,0.0,0.004794361125401217,2,2
703,1.370619507695215e-06,2.927864566359751e-05,0.0002868055934118847,9.513563236554453e-05,3.335171515182217e-05,0.0016522436290737359,0.0468305226561883,0.0,6,3
704,0.0018781676401480485,0.04298014105894277,0.0,0.0,0.0006728031924791852,0.0007762655795882722,0.004727409303057811,0.0,1,4
705,0.00021522746005035308,0.004045198043704476,0.0,0.0001623919853873088,0.0,0.0,0.0,0.0016310620406120243,1,4
706,4.52378562448063e-06,5.7056973102924477e-05,0.0006770665959769168,0.002038591855618804,0.0,0.004375603213218676,0.0,0.0006133130200607557,5,2
707,2.989754844209319e-05,0.00040708564429414143,0.0,0.000641777050159508,0.0,0.0,3.703707665491787e-05,0.0010418094914864588,7,0
708,6.04281130321487e-05,3.880710454800906e-06,4.232379729775603e-05,0.00012546621987212292,0.0,0.0005257958948420752,0.0,0.0,5,2
709,0.0007338777607314492,0.005904202654038931,0.0,0.003358743503857716,0.0,0.0,0.0,0.007133689368175197,7,2
710,0.014760405475269928,0.0,0.0,0.0,0.0007399240481473208,0.0002096581510332279,0.0,0.0,4,1
711,0.06029742037594365,0.0,0.0,0.0,0.0014723081326987347,0.00016526358302516365,0.0,0.0,4,1
712,0.0006901030022086888,0.0,0.0,0.0,3.303288756696818e-05,1.756064787541137e-05,0.0,0.0,4,1
713,1.0550081035928948e-06,1.53627277123189e-05,0.00017361803988865936,7.955679539165713e-05,0.0,0.0006646480296651186,0.013641022831581055,0.0,6,3
714,0.00042528209805655894,0.00022963523941238044,0.0012340869296390785,0.03608848700988964,0.0,0.0014894589025126407,0.0001576039066207091,0.0,3,0
715,6.758948691356499e-06,2.7694358070475014e-05,2.5388198872789803e-05,0.005724899297514856,5.765075029668456e-05,0.0,0.0,0.0009535445220673093,3,6
716,2.467093455365887e-05,7.374794752627879e-05,0.0005639522761635747,0.004451502381285368,0.0,0.000552117703527885,0.0,0.0,3,6
717,0.0005598604542248697,0.00821533772349113,0.05753345311024594,0.011719639549408295,0.019312670176965852,0.0,0.0,0.0016427291714762884,2,2
718,0.016254964048414585,0.012753687501460798,0.0,0.0005730255985306436,0.0016216153306286213,0.0,0.00446194896999543,0.12642078049400454,7,1
719,0.045469043121047395,0.0,0.0,0.0,0.0005952065630192245,0.0,7.840543413003612e-05,0.0,4,1
720,5.221886240359429e-05,0.0004830628240126738,0.0041630429903872935,0.001782616992432756,0.0,0.04246004967809799,0.0,0.0,5,2
721,0.0002731505580552059,0.0,8.357713438499809e-05,0.0050482279382474855,0.0,0.0,0.0,0.0011690399583224587,3,6
722,7.304719672713081e-06,5.6478704377036675e-05,0.0005594064657445662,0.0,0.0,0.001169619866032807,0.0,0.0,5,3
723,0.046598571950617305,0.0,0.0,0.0,0.0007905455282387476,0.0,0.0007521735954786699,0.011242937128303087,7,1
724,0.00011815554119163676,0.0005775931590367685,0.005324355671570656,0.0,0.0,0.0,8.341361048201933e-05,5.3677717502473743e-05,2,2
725,0.0009909148007045062,0.013807768571179721,0.10243944604242403,0.014669983595022917,0.028443817691679765,0.0,0.001575267656966554,0.0019645657209326666,2,2
726,0.00010512166892540842,0.0006573301918935319,0.005438769816951756,0.0,0.0,0.008632773754293537,0.0,0.0,5,3
727,0.003749985402750796,0.050864560862248435,0.0,0.0,0.0,0.0,0.0,0.01301183681828955,1,4
728,1.4722325865471707e-05,0.0003039937363433218,0.0013953947671398472,0.0009722184644745037,4.168769229571805e-06,0.015675612654045164,0.0005223166072570758,0.0,5,2
729,0.00035069520654317014,0.008290048895218569,0.0,0.0,0.00017446311709574025,0.0007569670382051052,0.0011814436954209028,0.0,1,4
730,2.390669056371302e-06,7.70554336955003e-05,0.00015352220816363968,8.70243776578487e-05,0.0,0.0015527793814193466,0.0,0.0,5,3
731,5.576453616571503e-09,1.9005568159622395e-07,1.7656923915581978e-06,9.296187135852259e-06,0.0,0.0001768450073513211,0.007484355721564812,0.0,6,3
732,7.119671505316185e-05,0.0003246070306226825,6.104191538047438e-05,0.020206592683905667,0.0,0.0,0.00018212317814291632,0.0011872732124672651,3,6
733,0.001133091072135032,0.011937654623817236,0.0657283639951186,0.03675545253021923,0.021914457425926487,0.0,0.0,0.0006536567321297076,2,2
734,0.004631677458283502,0.0,0.0,0.0,0.00017665115474821758,7.667370869613303e-05,3.897064086412219e-05,0.0,4,1
735,0.04866434548724166,0.0,0.0,0.0,0.0008075347514132154,0.0,2.1245612350817857e-05,0.0,4,1
736,2.283303846265566e-06,4.45184834579455e-05,0.00012852638987275296,4.277732231175819e-05,0.0,0.00010587796357388666,0.0,0.0,2,2
737,3.600378280201702e-05,0.0002075576121994322,0.0004523381442565144,0.015515148679634546,0.0,0.004500461411426296,0.0,0.0006943563521448694,3,0
738,1.0886071313662202e-09,3.377491106460875e-08,6.587868028553192e-07,1.0392043581646942e-06,0.0,1.299247236728061e-05,0.00011082094928026557,0.0,6,2
739,8.753579035303326e-05,0.0005299911750078734,0.0008842670626254609,0.024737184386567555,0.0,0.006148071648042331,0.0,0.0006506315975008855,3,0
740,2.033800051950814e-05,0.00012090815315045779,0.00017115817498068533,0.023396625643071826,0.00040126537882174615,0.0,0.00030510873793246904,0.004370150015701445,3,6
741,0.000136990361599551,0.001569172105773286,0.005288761411921899,0.005138125153687883,0.0,0.050948831468382534,0.0,0.0101478974228757,5,3
742,3.613524544450243e-05,0.001093775158417027,0.0,0.00036954006993115534,0.0,0.0014104898911183098,0.0,0.0,5,3
743,0.00886459222458384,0.0006717428920961561,0.0,0.0,0.00047706824422155154,0.0,0.0,0.0037084715298064913,7,1
744,1.3251250339354925e-05,5.07494078453475e-05,6.720573935508874e-05,0.0024593786529437532,0.0,0.0,3.91241539402316e-05,0.0012760303807523561,3,6
745,2.2995510091522406e-05,0.0001278366866080843,0.0001691827867357444,0.022573474459632505,0.0003700328361586482,0.0,0.0001983154330085308,0.004320543702359138,3,6
746,4.145382773510621e-07,3.287258952509292e-06,2.7720791985302014e-06,0.0011531018396993154,1.8233561167370442e-05,0.0,5.013253811997198e-06,0.00019548427577978296,3,6
747,0.1179078883837749,0.0,0.0,0.0,0.00359611722189954,0.0033599438586387766,0.00043088217849607865,0.0,4,1
748,1.9441240453679187e-07,6.091937495497964e-07,6.724062690373829e-07,2.3179242241939134e-05,0.0,1.6422151165038507e-06,0.0,8.778541567035847e-06,3,6
749,2.797774225484647e-06,7.09013155859131e-06,6.538515470350441e-06,0.00018421235694646105,0.0,1.2408014469698393e-05,0.0,6.251746619987246e-05,3,6
750,4.509701479727735e-05,0.0009232731737474346,0.0016140515335323904,0.0,0.0,0.0,0.00012170631434457381,0.0,2,2
751,5.146428883499504e-06,3.210949668141547e-05,1.9236663247454442e-05,0.006807289542459965,7.304078093857493e-05,0.0,1.4536016976237755e-05,0.0009250592030620803,3,6
752,0.00035104087655871483,5.032629098741442e-05,0.0,2.043694748718771e-05,3.492065533120197e-05,1.2032699429907713e-05,0.0,0.0005334112360400782,7,0
753,0.05174310793773295,0.0,0.0,0.0,0.0007913079242771079,0.0,0.00022166050088500512,0.0,4,1
754,1.1259642501440007e-06,1.81129069780554e-05,0.0,0.0003038247981570124,0.0,7.418763648505548e-05,0.0,0.00018378659686627122,3,0
755,8.722989465884258e-05,0.0,0.0,0.0,1.1706766483325322e-05,1.9746814969062372e-05,1.3151233399154357e-05,0.00017207464025624028,7,1
756,0.0005519141692161622,0.012029065062616353,0.0,0.0,0.0,0.003947563174478457,1.8899776248865262e-05,0.0,1,4
757,3.0987752582253563e-07,1.28998952197468e-06,2.1947662389232242e-05,7.082380806197074e-07,0.0,9.86705854598963e-06,0.0,3.21572683277052e-06,2,2
758,5.3643597585549324e-05,0.0002694309909993675,0.0,0.001161549488955979,0.0,0.0,0.0,0.0018681173664145342,7,0
759,0.001694795935486474,0.027061500066962948,0.004440092978216191,0.005846209906040325,0.0019472303900602693,0.0,0.0022961635396097956,0.0,1,4
760,1.6646072933344978e-05,0.0003991827336432676,0.005023068471673183,0.0007767778706178915,0.024578561699860953,0.01173192395529245,0.0019239348991513367,0.0,4,2
761,9.460172704727436e-06,0.00014539362014194906,0.0013486513269176249,0.0013744210564821475,0.000834010274981779,0.0,0.0,0.000662756230038563,3,2
762,3.518928621560581e-05,0.0005415366734456962,0.0012638303514013922,0.0,0.0,0.010707153130959381,0.0,0.00030171747328524304,5,2
763,0.010996797800086732,0.006254180909570437,0.0,0.0006168428633585895,0.0008716933201446081,0.0,0.0027332815446376433,0.12241775128669441,7,1
764,1.4084048451645614e-06,3.365758560157698e-05,0.0004247857237279255,0.0004590127690991401,0.0003202287721990315,0.0,0.0,0.00026290169897571385,3,2
765,0.046554113234427014,0.0,0.0,0.0,0.00047269948817568226,0.0,0.00015825534146630957,0.0,4,1
766,4.253356860565363e-06,9.651201445600192e-05,0.0010537512816698204,0.0007512305194528359,0.0006435406164914191,0.0,0.0,0.0003544698951684521,2,2
767,0.0011661003751495312,0.0,6.0119865989870225e-05,0.0,0.0,0.0,9.39550615546146e-05,0.0,6,1
768,0.0003549841881640835,0.0005040158551334881,0.004754159764387084,0.0034947087631982754,0.000940063291009411,0.009702420792683306,0.0,0.0027916520015428144,5,2
769,6.530066949313594e-05,4.071088292992241e-06,0.0,0.00027035659914586776,0.0,3.831577312773382e-06,0.0,0.0,3,0
770,0.0005040787483763387,0.0,0.0,0.001179791167373263,0.0,3.289589965507207e-05,0.0,0.0,3,0
771,4.854756533059028e-05,1.0089691769106953e-05,0.0,0.0003406513939125171,0.0,7.236246608126111e-06,0.0,0.0,3,0
772,7.064467075495166e-05,0.0004909863869006206,0.0002443890237614922,0.00021445061859663196,0.00012212024108141333,0.0023690169607821945,0.0,0.0012283156398298653,5,2
773,7.787261592564566e-06,9.174505362701594e-05,0.00045092801515127386,0.0002786038099129726,0.0,0.0034359062110820696,9.348557120598247e-05,0.0,5,2
774,0.0001028074720725663,0.0003973221933868452,0.0007014861347540342,0.011207056179917975,0.0,0.007447902795435744,0.0,0.0031925000487676254,3,6
775,0.0016681166202566328,0.007441704672715888,0.052218990106572445,0.0,0.0,0.0,0.0008760293248807406,0.0030422207864433527,2,2
776,7.188470969955428e-06,3.7267073808310777e-06,0.0,4.7341258579094544e-05,2.0146251867149628e-07,0.0,0.0,4.6169292040661095e-05,3,0
777,3.3528235395283405e-06,0.0,0.0,3.539891402511826e-05,6.682100031625128e-08,8.128553433274496e-07,0.0,1.0064886998614357e-06,3,0
778,0.00365888454709737,0.0,0.0002571737716569086,0.007321988009677659,0.0,0.0019326385519042673,0.0,0.0,3,2
779,1.0277323739821375e-05,0.00030986963601216903,0.00023690015561311718,0.0004201288488305548,0.0,0.0025285697358645477,0.0,0.0,5,3
780,0.003303455203352482,0.0,0.0,0.0018183844805319909,1.9504104620494598e-05,6.0088797088335655e-05,0.0,0.0,3,2
781,3.722368754575522e-05,0.00027933188940581816,0.0020784075407020517,0.0002651348878231321,0.0006636247374945721,0.0018777157057799296,0.0,0.00034698246981578406,2,2
782,1.836165157433197e-05,1.3723216188150768e-05,7.651476532457836e-05,0.00010616103338238555,4.793806893553802e-06,0.0010572976598063044,0.0,0.00022807695904762603,5,2
783,1.6545850177013057e-05,9.969711000191505e-06,4.5669365432864523e-05,0.002339312021128402,0.0,0.00022483876025861257,0.0,0.0008773240152181408,3,0
784,6.8324173466268036e-06,0.0001286223932401106,0.0013986665903967799,6.443674177253787e-05,0.00020618596935384335,0.00037841150619574216,1.683778069670635e-05,0.00018381934978978773,2,2
785,0.009495882106565148,0.0,0.0,0.0,0.0003177868006971197,0.0,0.00012304592989102788,0.0,4,1
786,1.4769170283883206e-05,0.000420274370266167,0.007910814558613092,0.0,0.1321029861423323,0.002600464520287808,0.0,0.0,4,2
787,0.00021294948054699324,0.004922632661864075,0.0,0.0006497094267911035,0.0004387094080382041,0.0005131424716648677,0.0005292039253707443,0.0,1,0
788,7.468431764626344e-05,0.00041297361630666333,0.0005904721692467596,0.015783938702376873,0.0,0.00011197848563468565,0.00012261396094788115,0.0019324874849933008,3,6
789,2.7162304115500376e-05,0.00011373604921997687,0.00016301258598934245,0.005775233319110118,0.0,0.0,0.000393905905116496,0.002088795072740483,3,5
790,2.1527674299064944e-05,0.0006366217695096618,0.012377993836106795,0.0,0.21918506770946616,0.004186739436614815,0.0,0.0,4,2
791,6.329634636385313e-07,5.927999050709087e-06,7.337136285718084e-05,0.0,0.0,0.0004559863567730347,0.0,0.0,5,2
792,2.973791873569064e-06,6.463809175063167e-05,0.00032025318046543686,0.00028612529160536147,0.0,0.0042022621113179575,0.0,0.0,5,3
793,0.0033025002363745236,0.05130664837443204,0.0,0.0,0.0,0.0,0.0,0.011819408403071507,1,4
794,0.0007627900798798657,0.014451685343852542,0.0009541319431165663,0.0,0.0,0.0,0.00013282319384849472,0.0,1,4
795,0.009654952299738164,0.0,0.0,0.0,0.0004032668263584419,0.0005546860331240253,0.0,0.0,5,1
796,7.564539270587974e-11,2.9019863090059664e-09,6.776058832705143e-08,1.3060602938709506e-07,0.0,1.7595750767108026e-06,1.6736677264997285e-05,0.0,6,2
797,0.020361402190826744,0.0,0.0,0.0,0.0008089769729369302,0.0,9.743075108394126e-05,0.0,4,1
798,0.00041216189131693495,0.002055262287000585,0.0,0.01628632869041859,0.0,0.0,9.144614604827037e-05,0.0,3,6
799,0.0004428941284239029,0.002316039215445727,0.0,0.03202241688089568,5.517707937266038e-05,0.0,0.0,0.0019379471391790873,3,6
800,2.8688438723520735e-11,1.0387055122903521e-09,2.5540389638151814e-08,3.247346578477744e-08,0.0,3.718864801714773e-07,3.2236899487982033e-06,0.0,6,3
801,5.558262579936914e-07,1.6180838129809808e-05,2.396974066452273e-05,1.294737157967425e-05,1.6658730873812566e-06,8.01848742857497e-05,1.9283134313090924e-05,0.0,5,3
802,4.693093881941118e-09,1.0102468144224522e-07,1.614342473175058e-06,8.053137582414434e-07,0.0,4.621786427768886e-06,6.577005507535248e-06,4.0458092389245435e-07,6,3
803,7.761389472365585e-05,0.0005495840304283616,0.0023776761230257844,0.011705427122951478,0.0,0.024009526731730173,0.0,0.0020818771554662265,5,6
804,0.005107655173243392,0.0,0.0,0.0,0.00027718405012533355,0.0,0.0,0.0,4,1
805,3.830182938790866e-10,1.0704323981199844e-08,2.1558306252474596e-07,1.545031923072701e-07,0.0,1.169003900316078e-06,5.008736484883383e-06,4.609837508783705e-08,6,3
806,0.06283166409705275,0.0,0.0,0.0,0.0013835813156884277,0.0009642519216399393,0.0003047741548500268,0.0,4,1
807,0.00028026170776537275,0.0,0.0,0.00013531640984169494,8.786459673325584e-06,3.3669829066707024e-06,0.0,0.0,3,0
808,0.0011926422958616037,0.019978379583796217,0.00031884211355370177,0.0024406781392078843,0.00016917687624228822,0.0,0.0021052862047619084,0.0,1,0
809,1.510556999219957e-06,2.839648886051569e-05,1.6189750769561795e-05,0.0006314097113453392,0.0,0.00010279190569940658,0.0,8.51378565818489e-05,3,6
810,0.003014067046139062,0.0,0.0,0.0,0.00020781165439799645,0.0006426523067826541,0.0,0.0,5,1
811,3.5718786000194644e-05,0.00010927464508490543,0.0005845509788854769,0.0029839646990490794,0.0,0.0,0.0,0.0009698876878365307,3,6
812,0.0006132092768230243,0.003678964072123408,0.0037484685725383197,0.05060940112922979,0.0,0.011134669084638582,0.0,0.0017624250610098545,3,0
813,1.88964016378377e-05,0.0004939742165646315,0.006662690711423942,0.0,0.06007953406257471,0.013218866550538737,0.00184799387686988,0.0,4,2
814,0.00021288134037281684,0.003085945621968593,0.011621296380276074,0.003257960839969105,0.0,0.0901736276726018,0.004202746811521601,0.0,5,2
815,4.006814509755937e-05,8.190965276730336e-05,6.291072015254782e-05,0.0014408332709905107,0.0,9.220471973897995e-05,0.0,0.0004367545724389808,3,6
816,0.00016185865142247024,0.0016343264819719935,0.014773452957719722,0.0,0.0,0.0,0.0005238617317989322,0.00042684272757715676,2,2
817,0.0001485344423584169,0.0018635505181931779,0.00675398802988377,0.00725551723757557,0.0,0.06321130669743316,0.0,0.00951459031137694,5,2
818,0.0002154973764171027,0.0038472906861437978,0.0,0.00039451760342276465,0.0,0.0,0.00014710459709045876,0.0,1,4
819,1.4353746799821205e-05,0.00017386535368794492,0.0013033865297144536,0.0,0.0,0.009766218542104394,0.0,0.0016148788095685018,5,3
820,0.006933627999921228,0.01402176815518987,0.0,0.0,0.0006540356988705319,0.000269247129459538,0.0,0.027909869091719428,7,4
821,0.00013833110145855667,0.0015467179369506165,0.005297115722569743,0.005230978297292926,0.0,0.04719965869423298,0.0,0.009408213938607704,5,3
822,4.282201808451562e-06,0.0001735669156198938,0.004551808218203757,0.0,0.1070600915540181,0.002186065152170445,0.0,0.0,4,2
823,1.310095587933798e-06,5.8493994675835964e-05,0.0016615784265671361,0.0,0.04237917287050567,0.0008600676869526748,0.0,0.0,4,2
824,1.6855614803963182e-05,0.0005054051540468095,0.01017331544677677,0.0,0.18709164132292438,0.003713305942483421,0.0,0.0,4,2
825,0.0005420744405626413,0.012511479081444357,0.0,0.0,0.0003410650666565096,0.0,0.00132781429857316,0.0,1,4
826,8.011876206957795e-05,0.0005709099343527965,8.160250638355071e-05,0.02010435797966405,3.3076042301000335e-05,0.0,0.0,0.004450944735882787,3,6
827,9.957984516233292e-05,7.539726070548436e-05,0.0004348722960840772,0.022644054340501513,0.0,0.0005800678125548675,0.0002786051122826612,0.0,3,5
828,1.9367657995038064e-12,1.2711543256633672e-10,2.075448916752925e-09,2.0772139591921123e-08,0.0,5.025842794802845e-07,3.053259843537924e-05,0.0,6,2
829,0.0003052694676554806,0.0007005924748770527,0.00633172065703117,0.001748473707554878,0.0020102174742128087,0.0018472622145305436,0.0,5.8679943816629335e-05,2,4
830,0.0011661003751495312,0.0,6.0119865989870266e-05,0.0,0.0,0.0,9.395506155461311e-05,0.0,6,1
831,0.004582535152571871,0.003574578794809676,0.028093352115688384,0.01715793370530347,0.0016449490434328254,0.06318852178473267,0.0,0.015055916103698828,5,2
832,0.011859541631909653,0.09788313609592893,0.0,0.0,0.00044778224139008016,0.0,0.0,0.04624808640161823,1,4
833,2.7090017863308553e-07,1.5674544959758048e-06,0.0,3.368704654426226e-05,0.0,0.0,3.357968198242957e-07,2.2387888914067928e-05,3,0
834,4.2461796595340166e-05,0.00017300728543843085,6.74254025749855e-05,0.016708293848645157,0.0,0.0,0.00015521109523872496,0.0008496652214770033,3,6
835,0.0002352708845974962,0.00010286379341185956,0.0003369549961653446,0.017842947971432266,0.0,0.0013946395151065887,0.0,0.005975634108365163,3,6
836,1.0922192352209925e-05,7.158167666127926e-05,4.690918559698881e-05,0.0036229485129900085,0.0,9.685529864253082e-05,4.979817320993743e-05,0.0,3,6
837,8.149792316995061e-08,2.26553849934711e-06,1.7774694141602087e-05,7.793528813687932e-05,0.0,0.0013895133208631364,0.053622142529833695,0.0,6,3
838,3.4432789466887947e-07,9.620227548937015e-06,7.561897294992457e-05,0.00032981908370563197,0.0,0.005877975359656625,0.22676879012706272,0.0,6,3
839,0.00016185865142247024,0.0016343264819719935,0.014773452957719722,0.0,0.0,0.0,0.0005238617317989335,0.00042684272757715627,2,2
840,9.90520094516779e-07,1.8945041778115614e-05,0.00011497223731058605,5.497577646114592e-05,0.0,0.0015853984867825928,0.0,0.0002717840950496658,5,3
841,3.7174814898748306e-07,1.0533140756296606e-05,8.518378813168458e-05,0.0003619077635878828,0.0,0.0064796816212617184,0.2510877117056002,0.0,6,3
842,0.00015008728267051094,0.0009880148504387773,0.0,0.010129323172151395,0.0,0.0014865750563484669,0.0,0.009446550873001221,3,5
843,6.041449669680209e-09,1.4070992869962568e-07,2.3675054462630692e-06,1.7990867159604418e-06,0.0,1.6477742268399284e-05,0.00014626474688953417,0.0,6,3
844,1.7867430760623826e-08,6.188287344747683e-07,5.847764997573702e-06,3.150419160700509e-05,0.0,0.0006069555681597549,0.02629908227833342,0.0,6,3
845,3.690407387807114e-05,0.00035836121096696896,0.0026801132647713043,0.0013897031070556906,0.0,0.024705218708338108,0.0,0.0,5,3
846,0.0006231952900472561,0.0028431425193034474,0.0013948053412180992,0.0,0.0,0.0011837820948706417,0.0,0.0043936862392815424,7,3
847,0.00031213535005863486,0.005563210873255773,0.01573097579488067,0.004488595442061093,0.0011975187799260648,0.08859716663088302,0.00624476169179034,0.0,5,2
848,0.005085460714021115,0.0,0.00012212858978702748,0.013254764513765555,0.0,0.0004180566897478828,0.0,0.0,3,1
849,6.692467176362075e-05,0.0012659412936705165,0.0,0.0,0.0,4.2946152962140806e-07,0.0,0.0005876624042375326,1,0
850,0.013787773421718805,0.0076703887956677584,0.0,0.004630301259546942,0.001304169719056598,0.0,0.005642094286174514,0.22008627058573965,7,1
851,0.00011344342028083159,0.0021432463855038802,0.002194475866333086,0.0007870386361281662,0.00010357733341849693,0.004130193968511549,0.0007877690838527382,0.0,5,6
852,9.883499287273919e-07,2.0496099427068715e-05,0.0001201840913399707,0.00035291242698453116,0.0,0.0051780318469120895,0.13678611393071338,0.0,6,3
853,1.8420679150866892e-05,0.00045484661613313015,0.00030644090938249276,0.00042068640446599014,0.0,0.004181550086585916,0.0,0.0,5,3
854,0.00019394971213485457,0.0026384851201203007,0.0049936303150681415,0.010573284180191395,0.0,0.04862780318781436,0.0,0.008815840190635589,5,2
855,1.836165157433197e-05,1.3723216188150713e-05,7.651476532457836e-05,0.00010616103338238516,4.793806893553772e-06,0.0010572976598063042,0.0,0.00022807695904762632,5,2
856,3.238040043120697e-05,0.00010843260445998206,0.0001957629591947063,0.0010809197031400606,0.00016812949990304581,0.0,5.438205131023026e-05,0.0015765781070655553,7,2
857,1.0277323739821592e-05,0.0003098696360121689,0.0002369001556131173,0.00042012884883055736,0.0,0.002528569735864545,0.0,0.0,5,3
858,0.08708870486876472,0.06188125709793386,0.0,0.0,0.0040395538251411026,0.0,0.007550247869748835,0.45853496747335415,7,1
859,0.0002708047274442732,0.000287673695588235,0.0002886289732483007,0.0202723995217717,0.0,0.00014326990986877344,0.00026749945245023443,0.009267081810424597,3,6
860,1.2989748828246027e-05,0.00012217954954338767,0.0010292231374255311,0.0,0.0,0.005580835656944997,0.0,6.80607714580915e-05,5,2
861,1.4283062602140122e-06,5.324884139989437e-05,4.872210474056311e-05,0.0001056163365547677,0.0,0.000684839464736237,0.0,0.0,5,3
862,7.794642414670347e-07,3.533315360285506e-05,0.0,3.452927426687969e-06,0.0,0.00012353121213514763,0.0,0.0,5,3
863,0.0013749553537871942,0.00566858045783464,0.0426032887007444,0.0,0.0,0.021124268717398222,0.0,0.0,2,2
864,4.128531541921621e-10,1.2089025434361878e-08,2.483104696164556e-07,2.585527268272647e-07,0.0,2.7459712127617755e-06,2.1345512280140972e-05,0.0,6,3
865,1.836165157433197e-05,1.3723216188150713e-05,7.65147653245784e-05,0.00010616103338238567,4.793806893553802e-06,0.0010572976598063049,0.0,0.0002280769590476261,5,2
866,5.710804040957881e-06,8.586614669025868e-05,0.0008162124047704708,0.0005637339381079072,0.0004586742693325228,0.0,0.0,0.0004121579072836803,2,2
867,1.310095587933798e-06,5.8493994675835855e-05,0.001661578426567136,0.0,0.04237917287050567,0.0008600676869526806,0.0,0.0,4,2
868,1.20629065247697e-05,0.000255134415986897,0.0011146960886322,0.000436182031585447,3.4646159587984314e-05,0.011520831921056593,0.000737988380892866,0.0,5,2
869,3.4355267672583787e-06,3.844349575356151e-06,0.0,1.1246760802244541e-05,1.4810541643651073e-06,1.007714565166792e-06,0.0,6.696054961714183e-05,7,0
870,9.601264742119769e-06,1.1451537936111367e-05,0.0,1.0143389880486712e-05,3.7982471764711828e-06,2.006264255453753e-06,0.0,0.00016765449759847348,7,0
871,0.0001514847042103418,0.0010103916166381015,0.0006429140369224016,0.02830721453088938,0.0,0.0,0.00041123066913444024,0.0036753375775427813,3,6
872,2.283303846265566e-06,4.4518483457945664e-05,0.0001285263898727525,4.2777322311758406e-05,0.0,0.00010587796357388483,0.0,0.0,2,2
873,1.5099625329250626e-05,0.00017769459302363077,0.0011351892654093438,0.0036898047117658126,0.00021646083307505577,0.0042563240052624325,0.0,0.0009342114682066403,5,6
874,2.902599974142633e-05,0.00014126358002639872,0.0003777145991648628,0.009523699200957966,0.0,0.004211847716125571,0.0,0.0011311844926481412,3,0
875,9.91504721425446e-05,4.824497265201336e-05,0.00039175233598171525,0.02042081206914882,0.0,0.0006385153954380926,0.00017145279978638097,0.0,3,0
876,0.0008092872115763422,0.0075914928971193806,0.0,0.0007017347484684784,0.0,0.02082606594404088,0.0,0.0064921274831475796,5,3
877,2.267261789232031e-07,1.0579523765264152e-06,1.8743957627259486e-05,4.9785183349652886e-06,0.0,0.0,0.0,1.2843844526748691e-05,2,2
878,7.169615379754695e-05,0.00013669092002035018,0.0013177549350971284,0.004119541410960198,0.0,0.0043192868039577765,0.0,0.0016921261201396465,5,6
879,3.557955641918487e-05,4.459669408127241e-05,6.088193610713999e-05,0.0011192487832120796,0.0,0.00010043489887471034,0.0,0.0002637629898074018,3,6
880,0.0003435031135441575,0.007636519711053474,0.0,0.00049586215578097,0.00028259309893334056,0.0,0.0013780954322102571,0.0,1,4
881,0.009652497515440412,0.0003650055020840631,0.00023903582205581905,0.0,0.0005310337035971716,0.0029930056214426985,7.680620838045274e-05,0.0,5,1
882,0.05174310793773295,0.0,0.0,0.0,0.0007913079242771098,0.0,0.00022166050088500658,0.0,4,1
883,0.003529727539120847,0.0,0.0,0.0,0.00010513773874878709,0.0,2.440206533661188e-05,0.0,4,4
884,2.1345532771844562e-05,0.00010140801707886396,0.00010595050248656015,0.0064432797574183985,0.0,0.00018879822199360438,1.602848209186666e-05,0.0026681077791671564,3,0
885,0.008054790695832157,0.001531872679250401,0.010029120310408474,0.0032157664291501678,0.0,0.08103935674226972,0.003557848517217608,0.0,5,1
886,0.04613977817703204,0.0,0.0,0.0,0.0006590914595986192,0.0003933693360041435,9.00234064968216e-05,0.0,4,1
887,0.0037751382146575117,0.0,0.0,0.0,0.00010703374435282653,1.0948172292645228e-05,2.1036637973270197e-05,0.0,4,1
888,0.052365982909602024,0.0,0.0,0.0,0.0009002002292207832,0.00039763749044797976,0.00017279504610094316,0.0,4,1
889,0.012328968060244057,0.0,0.0,0.0,0.000506647675964084,0.0008954490673065362,0.000222142532985495,0.0,5,1
890,2.3601333598565076e-05,6.100647830934764e-05,0.00019707426451457912,0.00718786279777971,0.0,0.0018016174068128726,0.0,0.0003304029267175654,3,3
891,6.2488559534595994e-06,0.00018755600061774123,0.0002374625745972616,0.00018424073682600381,0.0,0.0029365362718475757,0.0,0.00038596851680996775,5,3
892,0.0013364914365509356,0.005104400527974973,0.038455942678216656,0.0,0.0,0.0,0.00039755698380289893,0.0,2,2
893,1.942605472981089e-05,6.883068973422106e-05,0.00018212908760659088,0.007031058048550564,0.0,0.0019694954524589595,0.0,0.00025312495325152424,3,0
894,5.002232638904739e-10,1.0789953984449456e-08,2.295092989299354e-07,0.0,0.0,2.66764612072822e-06,4.523019609472792e-07,0.0,5,2
895,0.00013647542042208934,0.001547035415297799,0.004970787437411597,0.008386377629977595,0.0,0.05163396748497927,0.0,0.010631263012469397,5,2
896,4.312339276685214e-06,8.354080362534939e-05,0.0005366018569708008,0.0005071020069316865,0.0,0.007464487882987193,0.0,8.910185585673445e-05,5,3
897,0.00028485575958419517,0.005130451757220251,0.0,0.0,0.0,0.00041377796443209727,0.0,0.0024103846874653344,1,0
898,1.555106172707474e-07,4.689851455475017e-06,1.3428880758354096e-05,0.0,0.0,2.6962224145086572e-05,0.0,0.0,5,3
899,0.0013416929015730883,0.0052841564049829,0.04037287121274845,0.0,0.0,0.0,7.655026648146891e-05,0.00014912152494547543,2,3
900,8.70578872364563e-05,0.00024129053218194723,0.0006029884019646079,0.01739690835030538,0.0,0.0019614952405979723,0.0,0.000415893600576096,3,6
901,0.006093366439092496,0.0,0.0,0.0003173264996510543,0.00036623398285182774,0.0,0.0,0.0,4,1
902,0.000291683815490921,0.0013383075969522003,0.0,0.00418294683094943,4.8504316465616015e-06,0.0,7.33253174542982e-05,0.0,3,6
903,0.000799069525936033,0.0,0.0,0.0,9.269525560414415e-05,2.486212000261973e-05,0.0,0.0004362407275416202,7,1
904,0.011709742955644458,0.0,0.0,0.0,0.0005291561748321487,0.000472489901294301,8.25037067073993e-05,0.0,4,1
905,0.0003658058952066525,0.0003590275587755368,0.0007188401496509999,0.014427131868105994,0.0,0.0014816149430183485,0.0,0.006161483649768184,3,5
906,0.05534288189394604,0.005792389135853579,0.0,0.0,0.0013269273310238011,6.530315884946701e-05,0.0,0.017211023946744702,7,1
907,0.00020079746384922531,0.002600313281895432,0.01921894080614416,0.0010876446443635805,0.005340014041668476,0.0036903818390345284,0.002666605691660825,0.0,2,2
908,3.5853560990253685e-05,0.0002548178709849926,0.0003520921501639755,0.012917825246899151,0.0,0.0,0.0007296763980565819,0.006269060219383667,3,5
909,0.01713649766944954,0.00946868453742153,0.0,0.0048908626366590945,0.0018022239853556624,0.0,0.00791705556202192,0.299379525003446,7,1
910,0.02364691734786137,0.004757359998103177,0.0,0.01754987050351708,0.0015214462169423917,0.0,0.008877064390209969,0.3046952039608263,7,1
911,0.059728968582017955,0.004421920839128186,0.0,0.0036604491874651724,0.002305316069465454,0.0,0.007769691680685919,0.28799747092775185,7,1
912,0.004197599751495223,0.015575959102115514,0.0,0.033240690110426026,0.0,0.0,0.00048063571847722507,0.0,3,6
913,5.376240881533554e-06,4.899645077637706e-06,6.53872390769242e-05,0.0,0.0,2.0373394117068197e-05,0.0,6.494154525262081e-07,2,2
914,9.323187724330216e-05,0.00045402190734511775,0.004152558520942436,0.0,0.0,0.0,8.338346499309123e-06,8.06004251980849e-05,2,3
915,0.0012314587422251981,0.012046097433052532,0.0,0.0,0.00044887543392975037,0.0,0.0,0.0,1,1
916,1.0289512831831796e-05,0.00029726620447122676,0.0002955578834039268,0.0003304721424306023,0.0,0.0027405045726840633,0.0,0.0,5,3
917,0.0007564775342363845,0.0009259203549122238,0.0,0.0,0.00010303460777265804,0.0,0.0,0.0,1,1
918,0.00023021045966598418,0.002664583582747456,0.011755023802965262,0.006984186158448282,0.0,0.10151361943919418,0.0,0.009801579729228444,5,2
919,8.40080402187777e-06,0.0002462437889912585,0.00021998818931582453,0.0002700934598135477,0.0,0.003232645024253191,0.0,0.00047091001857522085,5,3
920,5.4139307238804625e-06,1.1250279777852975e-05,2.2766525184919206e-05,0.0013322923765106433,0.0,4.3791796050145576e-05,0.0,0.0008005472486470144,3,6
921,1.6773947614533005e-05,0.000255323965964793,0.0008891420671323176,0.0,0.0,0.0025161026680979295,0.0,0.0,5,2
922,6.438683050327106e-05,0.0004737464658708599,0.003633047822258442,0.0016252355465844505,0.0,0.02930024203659894,0.0,0.0,5,2
923,0.00010505307807124851,0.0007068237630454311,0.005216362374244904,0.0,0.0,0.010879592113407704,0.0008500146952245843,0.0,5,2
924,0.00972418487996124,0.007146731307475134,0.0,0.0032492920577828314,0.0010274235751399987,0.0,0.004333524942583871,0.17432521547577418,7,0
925,0.052276525198000814,0.0,0.0,0.0,0.0011557533206404103,0.0,0.0012834754783255932,0.06106864188539618,7,1
926,0.00010524439737503243,0.0001142102981479493,0.0004163538789390842,0.02281335646972757,0.0,0.0007122134061341479,0.00020479611752345975,0.0,3,0
927,1.9566959000571485e-05,0.0003479791812789821,0.0,0.002215517309539707,0.0,0.0007061447679719055,7.797724171310926e-05,0.0012897412300094167,3,3
928,0.0002448783448922434,0.00261153568052804,0.0007095923020291549,0.028522976607571197,0.0,0.012493053342917547,0.0,0.006291722529150938,3,0
929,0.0001353021872902387,0.0015593500530781618,0.004922410774577606,0.007073350782479607,0.0,0.052987134128161986,0.0,0.00988636859031779,5,3
930,0.003529727539120847,0.0,0.0,0.0,0.00010513773874878698,0.0,2.4402065336611116e-05,0.0,4,4
931,1.6562072187834617e-06,5.672770324213679e-05,0.0007581626212878825,0.0002861146067808887,0.003256340928769539,0.004685628556166412,0.0007974915922122778,0.0,5,2
932,4.232697883389024e-06,1.3955654422238174e-05,0.00019463783292543866,1.0742655134401086e-06,4.09839002563986e-06,7.87425605272599e-05,0.0,7.562791184515834e-06,2,2
933,0.00012593022538856316,0.001978954496246726,0.00018085641420652885,0.007246646120738695,0.0,0.00037637929200207864,0.0002822650187455271,0.0,3,0
934,1.284481280464282e-05,0.00015136822093723528,0.0,0.0010901663543152812,0.0,0.0,0.0,0.0007961217372726827,3,0
935,1.284481280464282e-05,0.00015136822093723528,0.0,0.0010901663543152812,0.0,0.0,0.0,0.0007961217372726827,3,0
936,0.018605882737272518,0.0,0.0,0.0031197275956154377,0.0009213168171723359,0.0,0.0,0.0,3,1
937,9.525163802937648e-07,1.325985843719839e-05,0.00014568961335010194,4.766772639046067e-05,0.0,0.0002277259886583485,0.0002156903052685738,1.6840641894276974e-05,5,3
938,5.407321443299773e-06,1.46321777448558e-06,2.2570855013019257e-05,0.0012687343709752508,0.0,4.562046882909721e-05,6.175088372945634e-06,0.0,3,5
939,4.51978833460638e-06,8.697505624084763e-05,0.0005747726195353972,0.0005813872769979549,0.0,0.008094018719680247,0.0,0.00013982348372177522,5,3
940,2.5870730872229716e-05,0.00018811910889738877,0.0015947456329363332,0.002164949292117509,0.0,0.0073350764170515646,0.0,0.0012807668183829589,5,3
941,0.0002613701738420306,0.0,0.00021067187137903103,0.00498893057082903,0.0,0.0,0.0,0.0012639652936635053,3,6
942,1.284481280464282e-05,0.0001513682209372354,0.0,0.0010901663543152807,0.0,0.0,0.0,0.0007961217372726833,3,0
943,8.372729842947707e-06,1.1680530374343466e-05,5.135753806247783e-05,0.003548387977113131,0.0,0.0001287705259352811,3.330900953513447e-05,0.0,3,0
944,0.00010249636570583232,0.0005584348527195268,0.0006269291173170074,0.05806883899240021,0.0008764478858216696,0.0,0.0008075757767142743,0.00996138638141755,3,6
945,9.311529171148731e-05,0.00048451754041278186,0.0005382829921647716,0.049298683558597255,0.0007656960856705409,0.0,0.0006670153699947222,0.008712736620568812,3,6
946,2.6471073966296734e-08,3.7272177151604106e-08,7.223284631886858e-07,0.0,0.0,4.044771626676663e-07,0.0,4.3493911924204286e-08,2,2
947,0.0002529031869063328,0.004754355008018152,0.0,0.028546490600952344,0.0002391052625611175,0.0,0.0002999374182893356,0.0,3,6
948,0.0001195214060683876,0.0008885189156826413,0.0009901808656235932,0.024006644685923124,0.0,0.0,0.0015988712574953354,0.00772085442931533,3,5
949,9.619119307116163e-05,6.178145459800064e-05,0.00038773687230649864,0.019596754720461976,0.0,0.0005007419742831754,0.00023336368577528014,0.0,3,5
950,0.005759398049907364,0.0,0.002015804788248524,0.0,0.0,0.02075620315332867,0.00028652070239051653,0.0,5,1
951,0.00013984564766547224,0.0001356495473505037,0.0006326455636102572,0.03236934363202504,0.0,0.0009609271816362673,0.0003374852544807634,0.00027582167495504676,3,5
952,9.847541324904994e-05,6.1441649333603e-05,0.0004070844979268034,0.02077647331507097,0.0,0.0005459174837478607,0.0002483697250385127,0.0,3,5
953,0.004173863897596052,0.061023775875253705,0.0,0.0,0.0,0.0,0.0,0.018275734561416578,1,4
954,1.17221333792531e-05,0.00029277632746991915,0.004661491454116479,0.0,0.05785431460928003,0.0014462248906213838,0.0,5.006902045027107e-05,4,2
955,6.68500151341366e-08,1.1570830470030721e-06,1.5329000908299818e-05,6.186688046518263e-06,0.0,3.2405513742227774e-05,3.7682099525033745e-05,2.653032975623633e-06,6,3
956,0.03270293888387252,0.0,0.0,0.0,0.00043426571858165455,0.0008269252443707331,0.00044554729334850426,0.0,5,1
957,0.00016425664609903627,0.0017799807772372694,0.006908700405664583,0.006863863271075508,0.0,0.06800467423272712,0.0,0.008620649423506797,5,2
958,0.010846041298603011,0.0,0.0,0.0,0.0003705554182124179,7.042384625767518e-05,0.00020022890035377073,0.0,4,1
959,0.00013815208336914124,0.0008430137730730328,0.0019016716044959494,0.019812165303801817,0.0,0.016585462688389344,0.0,0.006234693309234594,3,6
960,0.0010369370099803125,0.0002512154229748832,0.0019538785308628377,0.07139846401226975,0.0,0.0043325615494983274,0.0,0.0,3,3
961,1.7981828039457536e-06,3.3525496845871157e-06,5.091618928742589e-05,0.0,0.0,0.0,2.290303507579655e-06,0.0,2,2
962,2.401807495345416e-10,5.119185024278909e-09,1.0740458999332757e-07,0.0,0.0,1.2094139799793624e-06,2.0127968146339684e-07,0.0,5,2
963,2.773726785142605e-11,1.4685173126684191e-09,1.9964686794242862e-08,1.6249764095909863e-07,0.0,3.642820985537721e-06,0.0001975607035744452,0.0,6,2
964,0.0001526478997692234,0.0015515977255686556,0.0048692285898110765,0.012567453853557427,0.0,0.050252492757910876,0.0,0.010369377518016214,5,6
965,0.0003971746485831216,0.000776865360704557,0.00048809383250374903,0.03587054411422447,0.0,0.0,0.0,0.010420952542621964,3,6
966,9.516805254220418e-07,9.949402092759007e-06,2.9112208406986277e-06,0.0019906347677283954,3.2194161335562664e-05,0.0,0.0,0.00036569574864056504,3,6
967,0.0009435294559435551,0.003751791212563824,0.003155140184140475,0.04447745389594164,0.0,0.0,0.0006963175823786254,0.0049013692542480055,3,6
968,0.00012177633735868041,0.0006284463070000924,0.006039471208347719,0.0,0.0,0.000620999329655619,0.0003369173470718986,0.0,2,2
969,5.688743175020181e-09,1.9597127861472996e-07,1.8470023085584623e-06,9.941066354639472e-06,0.0,0.00019124752780948958,0.00826218327343532,0.0,6,3
970,0.052304328263086106,0.0,0.0,0.0,0.0008219044396464215,0.0,0.0002246456522411022,0.0,4,1
971,2.0261488334597828e-05,7.793425881793139e-05,0.0002806374811138925,0.007821955102720352,0.0,0.002772712154536117,0.0,0.00042025243375287647,3,2
972,0.00037574497832538795,0.0018626362326667277,0.0,0.027137831163212313,4.2209144406363036e-05,0.0,0.0,0.002033631436993813,3,6
973,7.598763212623993e-05,0.00013715156484131024,0.0,0.0010199952187683998,1.1366941860630685e-06,0.0,0.0001348035396598986,0.0057001231272094995,7,0
974,0.004167930401879522,0.0,0.0,0.0,0.00017187221581749592,0.0,0.0,0.0,4,1
975,0.008744123094979083,0.0,0.0,0.0,0.0002551801512069299,0.0,0.00010143327523935433,0.0,4,1
976,0.001959666888436795,0.0,0.00023959372533563224,0.0,0.00026545001349442506,9.973935773210479e-05,0.0,0.0,4,1
977,0.0013518941368119498,0.005214256785602247,0.039743293403297644,0.0,0.0,0.0,0.0005502820047391733,0.0,2,2
978,0.0001304529511014975,0.0007970540475954032,0.0068620152700295195,0.0,0.0,0.024394102791781853,0.0,0.0,5,2
979,1.284481280464282e-05,0.00015136822093723528,0.0,0.0010901663543152812,0.0,0.0,0.0,0.0007961217372726831,3,0
980,1.284481280464282e-05,0.00015136822093723528,0.0,0.001090166354315281,0.0,0.0,0.0,0.0007961217372726821,3,0
981,2.5157962115889606e-07,4.64090937010824e-06,4.430455216128579e-05,8.700258771090452e-05,3.418003537404892e-05,0.0,0.0,2.0029566039564234e-05,3,2
982,0.00011572276844755143,0.0005935095107676528,0.005666911950652522,0.0,0.0,0.0007684138166318329,0.00032870044695401516,0.0,2,2
983,9.232744620413225e-06,6.046257298999313e-05,0.0007142760100892526,0.0,0.0,0.00013256356877192085,6.562882623644107e-05,0.0,2,2
984,1.141640329637463e-06,2.6348619576437805e-05,0.0003322258241222237,0.00038469564122284446,0.0002566290481088491,0.0,0.0,0.00022484947804510627,3,2
985,0.00040219903655869645,0.008912158520353061,0.0,0.0,2.4582761518539687e-05,0.0,0.0,0.0002561751068870451,1,4
986,9.002957354496128e-05,0.00014613450628648587,0.0,9.939643782585932e-05,2.5918578792634004e-05,7.241306151254966e-06,0.0,0.0016244519879224473,7,0
987,6.739582614341917e-05,0.00030905821353815745,0.0,0.0013809545819547732,0.0,0.0,0.0,0.0024321667311539936,7,0
988,0.0034439761596085664,0.0,0.0,0.0017659733131528059,2.5707005904883336e-05,0.00014482392554264034,0.0,0.0,3,5
989,2.6169907725909093e-05,0.00039969930814763615,0.002393385441905676,0.00012031606774991991,0.0,0.018144704902599607,0.0006531046675155004,0.0,5,6
990,4.474232141813599e-06,9.351564501760546e-05,0.0009878886916159626,0.0001863411166540222,0.00036099762243543306,0.0,4.854995411966531e-05,6.898662600022184e-05,2,2
991,6.407591431612066e-05,0.0010802912572211915,0.009501923544106727,0.0014763618409710506,0.002945523815317613,0.0,0.00031976801438393876,0.0003793653275588467,2,2
992,0.00012209528053733085,0.0003970090963197978,0.002312822192864413,0.01632819910691003,0.0,0.015525852450512639,0.0,0.0035178324284270398,3,6
993,0.0012723673056976089,0.0,0.0,0.0,0.0001196705864242886,0.00010457523404403543,0.0,0.0,4,1
994,0.0001835041643424312,0.000644719501081817,0.005944941903499299,0.0031871146828128297,0.0,0.0,0.00018858977101810255,0.0,2,2
995,1.0497164870373299e-06,3.332899841533626e-05,0.0006649759515848867,0.0,0.010031040597443893,0.00033297305769915706,0.0,3.09046739108447e-05,4,2
996,3.748376298692489e-05,4.6282593367805155e-05,0.0002414967430640144,0.004035121719665617,0.0001062646932738594,0.0018595562348547338,0.0,0.000302248326195384,3,2
997,2.269282187859712e-05,3.366465558813968e-05,0.0004984609652230358,7.537248886781217e-05,0.004842287871959286,0.0015216670572345574,0.0,0.0003068145972286195,4,2
998,1.2751381261351971e-05,5.5395176665803725e-05,0.0006114705391493348,0.0003995708388803584,0.0,0.0,2.8012570025418694e-05,0.0,2,2
999,0.06545634238567544,0.0,0.0,0.0001397840767117525,0.001139745142922109,0.0,0.0018240557218742548,0.03194916134370632,7,1
1000,0.00040340534536051077,0.000603030220745824,0.001052223564090301,0.035967604664078855,0.0,0.0017035405625722027,0.0,0.01289557015179853,3,5
1001,1.0649805550660633e-06,6.979871081474442e-06,9.742206472998535e-05,9.073108377969439e-05,0.0,0.0,0.0,7.597391066389627e-05,2,6
1002,0.017600046431974603,0.0,0.0,0.0,0.0005659701364938248,0.0004643905394609375,0.00029350416260748904,0.0,4,1
1003,2.2270829531063447e-06,5.417711254733127e-05,0.00012917217987344414,0.0,0.0,0.0001952665961785874,0.0,0.0,5,3
1004,0.06248348271126768,0.0,0.0,0.0,0.00047521564417993907,0.0003144979895900902,0.0003274376169111839,0.0,4,1
1005,2.0262273792783557e-05,0.0003505646514202957,0.003299612943292522,0.00037779646512125527,0.0009015640765170041,0.002149159614399486,0.00019389686223373554,0.00040195541591519325,2,2
1006,1.7507064372877753e-05,0.0005131715978629754,0.009911457737086342,0.0,0.16905808401322517,0.0033374308638691756,0.0,0.0,4,2
1007,1.617222111362879e-05,0.0004441307261710461,0.004970207140430378,0.001676724133862576,0.016203335271825645,0.0226308329113597,0.003549641268149671,0.0,5,2
1008,0.06351445263157987,0.0,0.0,0.0,0.0014238459229843111,0.000655370425688852,0.00023490529687049616,0.0,4,1
1009,0.06283166409705275,0.0,0.0,0.0,0.0013835813156884218,0.0009642519216399414,0.00030477415485002615,0.0,4,1
1010,0.0034439761596085664,0.0,0.0,0.001765973313152807,2.5707005904883817e-05,0.00014482392554263844,0.0,0.0,3,5
1011,6.448847830529732e-06,0.00020616819706323567,0.004213557796744413,0.0,0.08052307257508853,0.001445350394537527,0.0,0.0,4,2
1012,0.00010104502054195435,0.0001742630501130727,0.0013883072860149176,0.023040902514876643,0.0,0.0026198660785853806,0.0001977764778973127,0.0,3,5
1013,0.00011824439703732374,0.00030888162742260866,0.0,0.017463877340138174,0.0,0.0,0.00028651384147558616,0.0065322548130255734,3,6
1014,0.00012798502432086835,0.0007680182815216286,0.00659242935140547,0.0,0.0,0.023175664421965825,0.0,0.0,5,2
1015,2.0200797822457646e-06,4.1642334829809134e-05,8.652060583048472e-05,0.0006717083963260421,0.0,0.0012531269203844223,0.0,0.0,5,3
1016,0.0068969397885546135,0.0,0.0,0.0,0.0003049936662015711,0.0004095553718086229,9.439133121348879e-05,0.0,5,1
1017,2.0200797822457646e-06,4.1642334829809466e-05,8.652060583048493e-05,0.000671708396326041,0.0,0.0012531269203844178,0.0,0.0,5,3
1018,0.0007630691376153425,0.004836149235120926,0.020684506931258676,0.002548584968404067,0.0,0.145846881609984,0.0018651432655697026,0.0,5,2
1019,4.105752503942534e-06,9.23747282950248e-05,0.0009924595478207007,0.000666688637278413,0.0005888505942293553,0.0,0.0,0.00029934130878680413,2,2
1020,7.568786732193605e-05,0.0011645688605356726,2.1633961604822395e-05,0.008562255452572413,0.0,0.0,0.0005719805672847974,0.0014029399235732105,3,5
1021,8.062942287587619e-05,0.0012573983594451614,2.3654144625431942e-05,0.009534672850496572,0.0,0.0,0.0006488429330226021,0.001576822898767155,3,5
1022,7.545443632756665e-10,3.488023812164509e-08,1.4357526626995064e-07,0.0,0.0,5.041186180039206e-07,0.0,0.0,5,3
1023,9.829317780596647e-05,0.002063408840311206,5.5242364062078285e-05,0.0012838046847970812,9.874560977225709e-06,0.0,0.0004284694436744275,0.0,1,0
1024,3.519555429784779e-05,0.0,6.585955196120911e-06,0.0002889405383057401,0.0,3.2084288676450474e-05,0.0,7.583580733858034e-05,3,5
1025,2.5648916638814747e-05,0.00042625213064299383,0.0006133383078546131,0.004580438464630642,0.0,0.007640137320426464,0.0,0.0,5,3
1026,3.8005458503460675e-06,4.197266961219267e-05,0.00032181263882831847,0.0015920206521176231,0.0,0.002279825770236868,0.0,0.0007780824893018999,5,3
1027,1.5144944643198995e-06,4.137574970612346e-05,0.00016818797801453625,7.129383953709017e-05,1.8079247808161826e-05,0.0016556574780484251,0.00014596824796206704,0.0,5,2
1028,1.284481280464282e-05,0.00015136822093723528,0.0,0.001090166354315281,0.0,0.0,0.0,0.0007961217372726819,3,0
1029,3.9722816025228797e-10,1.6964295880467525e-08,1.9202797876393407e-07,1.2709414505098592e-06,0.0,2.6394728204584027e-05,0.001277616724085894,0.0,6,2
1030,6.127853327408469e-06,8.852848611508668e-05,0.0012379589204571696,0.0,0.009205045474353088,0.0022526180885817267,0.0,0.00045602853099056535,4,2
1031,0.0002795698182522314,0.0,0.0001681877271806522,0.005573573180954215,0.0,0.00025928175731513355,0.0,0.0015821672228754286,3,6
1032,3.076855540001337e-05,0.0006052099654901324,0.006512250400523843,0.0009224236576768621,0.01033358798303583,0.0,0.0008029653669766297,0.00019930371419729948,4,2
1033,2.128741042042536e-05,0.00039366465523569085,0.004199786795433855,0.00038729430367627417,0.009186427903965188,0.00026251447727105865,0.000657555549065816,3.488127619928847e-05,4,2
1034,8.191601467450892e-07,6.149429083482521e-06,7.72099887856842e-06,0.002356167978463316,4.412773747483181e-05,0.0,1.8482852016995016e-05,0.000469995669619045,3,6
1035,0.0044135074755036795,0.0,0.0,0.0,0.00017056997397708645,8.863513976388591e-05,3.530206685318243e-05,0.0,4,1
1036,5.258327356704892e-07,1.3787054974911625e-05,7.448342175011068e-05,0.0,0.0,0.0008157242409074565,0.0,0.0001320429187081963,5,3
1037,0.05231753320124709,0.0,0.0005649217488620056,0.0,0.0,0.0,0.00021194636471091814,0.0,2,1
1038,0.04957537379030013,0.0,0.0,0.0,0.0007602825993628337,0.0,0.0,0.0,4,1
1039,1.7981828039457536e-06,3.352549684587114e-06,5.091618928742593e-05,0.0,0.0,0.0,2.290303507578344e-06,0.0,2,2
1040,7.540876604895248e-05,0.001330172577858808,0.00033123723795859273,0.008657684209533546,0.0,0.002275848600580562,0.0,0.0,3,0
1041,0.00015780067479778055,0.0018438567750315822,0.0,0.008024456158285512,0.0,0.0004945693297629766,0.00013523206179057488,0.007487974710790074,3,5
1042,0.001655434882190509,0.009649392605992884,0.054234045308371434,0.0,0.0,0.1295090454199439,0.0,0.0017752021611512627,5,2
1043,7.094564727365137e-06,5.443294899872075e-05,7.607147483347904e-05,0.0029961360289576158,0.0,0.0,0.00015950644213303102,0.0013030880091172686,3,6
1044,1.3214893658862147e-05,0.00011165448280865025,2.5253403508102247e-05,0.014415521590737139,0.00018518360752717576,0.0,0.0,0.002363080458795995,3,6
1045,0.05460902049479486,0.0,0.0,0.0,0.00013632205106504588,0.0,0.0002004994009159994,0.0,6,1
1046,9.107841032649347e-05,8.153415911577008e-05,0.00037155615161497664,0.015438845022504566,0.0,0.0022831469575284044,0.0,0.0,3,0
1047,3.237603680737714e-05,8.517847823588305e-05,0.00025829256252473694,0.011864022568361178,0.0,0.0023313748326945147,0.0,0.0,3,6
1048,0.06408475532318217,0.0,0.0,0.0,0.0014092015259953995,0.0006263447779623775,0.000226297218799518,0.0,4,1
1049,4.2852889120384145e-05,0.00022850455266675202,0.0004982486990562406,0.015811158486558913,0.0,0.004127097374816154,0.0,0.0004317514792891692,3,0
1050,7.914548394044848e-05,0.0012250935289449955,0.009135222275097832,0.00953174881701259,0.0023617874902236665,0.014883065390484267,0.0,0.0003046957485859436,5,2
1051,0.05690656362408225,0.0,0.0,0.0,0.0010664889281987954,0.00047653804062501565,0.0002068120086738005,0.0,4,1
1052,0.05666301546329211,0.0,0.0,0.0,0.0011617025291872835,0.000275188293451176,0.0003165716620722682,0.008119314125438365,7,1
1053,2.3270625352159093e-05,5.5909434531518335e-05,0.00010164276357638501,0.00013308555215561227,1.963088062168402e-05,0.001378129317017515,0.0,0.00040040475803717956,5,2
1054,0.00018962219732263723,0.0029426210863922166,0.01219733617327371,0.0010040142211001249,0.0,0.07804795540192164,0.003663358704599494,0.0,5,2
1055,0.016602192471934327,0.006656753576858196,0.0,0.0,0.0010758476588484747,0.0006487462134881605,0.0012880746425338616,0.07899981947804037,7,1
1056,0.0003074702697739138,0.006454462876769625,0.0,0.0,0.0,0.0008328870196760768,0.0,0.000689803849381584,1,2
1057,0.00038101116126982004,0.0005377742259963069,0.005155709705535291,0.0038878533377967902,0.000987760560946828,0.011353122402515863,0.0,0.0032508367140839417,5,2
1058,1.881402313416201e-07,5.2957561862599555e-06,6.400851583119425e-05,2.4798520345920803e-05,3.6757528602338666e-05,0.0,0.0,8.721912889726164e-06,2,2
1059,0.0005150428394957448,0.0012074829072205645,0.0,0.00017754131067085083,0.00010412713828695758,3.0074495039418597e-05,0.0,0.005877249017381947,7,0
1060,0.004938206231530909,0.00047474889153847216,0.0,4.336622261819461e-05,0.0002671884983583402,7.212576958788417e-05,0.0,0.0030007773187228355,7,0
1061,0.00029319122628776613,0.00021215801910256428,0.0,0.0025707769985422336,0.0,0.0,0.0,0.0016274955569473832,3,0
1062,1.2925709819006459e-05,4.8759972071806064e-05,6.2311230987508e-05,0.01060015989626944,7.884509378442175e-05,0.0,0.0,0.002940617625051887,3,6
1063,0.00030472090885419077,0.0,0.0,0.00037279797664932946,0.0,0.0,0.0,0.0,3,0
1064,0.00013292374137089655,0.00012680645366366393,0.0,6.396621346706576e-05,2.8385311258593884e-05,1.3132726704021012e-05,0.0,0.0010606046852593971,7,0
1065,0.06200869308496084,0.0,0.0,0.0,0.0012700200331197216,0.012077030180314353,0.0008266757260868359,0.0,5,1
1066,1.9818762641673238e-05,0.0002402752349911378,0.001923127889536889,0.0,0.0,0.012138178589416243,0.0,0.002105568170525075,5,3
1067,4.034317635599986e-05,0.0007455311668898043,0.00639113305789132,0.0020403136079887637,0.0027855107574330995,0.0,0.0,0.0006119165066553662,2,2
1068,0.05060613779885408,0.0,0.0,0.0,0.0008165133808061313,0.00013223021111339545,0.00011837926890830757,0.0,4,1
1069,0.014075985273545876,0.005872117939254075,0.0,0.0005360538822038467,0.0009615744691568087,0.0,0.002908718251076111,0.12681656163928992,7,1
1070,2.0006380788463903e-06,4.556041898170826e-05,0.0,0.0006707411462793442,6.2454363975906015e-06,0.0,0.0,0.00014738675923208297,3,6
1071,6.34850930654944e-05,0.0011981543413266244,0.00891339600780896,0.002964082586785544,0.0029685768512241364,0.010151807032740375,0.00044191506423004937,0.0,5,3
1072,6.902457471453583e-05,0.0,9.861409485596458e-06,0.0,2.9305594515219852e-06,8.446128150385635e-06,0.0,0.0,2,1
1073,8.285927767874638e-05,0.0001804252576724512,0.0,0.003868107870961109,0.0,0.0,0.0003578756794308847,0.007849850455795834,7,6
1074,0.09028959276008908,0.0,0.0,0.0,0.0016397200998766231,2.599431966646041e-05,0.0009502446388452995,0.0,4,1
1075,0.0008791872329171485,0.009155202738770178,0.0,0.00046404777773724145,0.0,0.0017910271700722787,3.445077563308009e-05,0.0,1,4
1076,7.208938986502825e-05,0.00016659647644142787,0.0,0.0003896923159230332,1.2905939808994418e-05,0.0,0.0,0.0017623580977546923,7,0
1077,0.05876723100172347,0.0,0.0,0.0,0.0012158001011360828,0.00048267812314397435,0.00020500318858607638,0.0,4,1
1078,0.015416614289595317,0.008868579599515454,0.0,0.004306594233699096,0.0015494470270519044,0.0,0.006606010461683118,0.2568748977778566,7,1
1079,4.377049042985839e-06,0.00010562933585344251,0.0004092540731436631,0.0003159498429821246,0.0,0.00555043110366346,0.0,0.0,5,3
1080,0.007027737128539893,0.0,0.0,0.0,0.00024060130333086965,1.2914391915588773e-05,0.00017346014415896665,0.0,4,1
1081,0.004664466657840394,0.0,0.002091162255878018,0.0,0.0008334220123050641,0.0005915453630968791,0.0003635475174532296,0.0,2,1
1082,8.557910803648516e-07,6.173021393196987e-06,8.741359641837783e-05,0.0,0.0,4.614090722175315e-05,0.0,2.4641684679278836e-05,2,2
1083,0.0006919066660546529,0.005219409673257083,0.0,0.00046560589800000315,0.0002848751267027208,0.006429184501837347,0.0,0.006420291480327324,5,2
1084,1.2212565944564095e-05,0.0001484701909687361,0.0011935915163993436,0.0,0.0,0.007980211796219567,0.0,0.0,5,3
1085,0.000346212162034499,0.0,0.0,7.62173794777227e-05,2.929356186012989e-05,5.8195384116811395e-06,0.0,0.00017533998296466487,7,0
1086,0.00012206989699669417,0.0005202853842244461,0.0049718781900158675,0.0,0.0,9.778825931015407e-05,0.0,5.7838031863146904e-05,2,2
1087,1.3037862319491451e-05,8.052587729912769e-05,0.0009293044448776096,0.0,0.0,0.0010151966225409965,0.0,0.00016275158905708706,5,2
1088,1.3971195871747342e-07,8.135527341629899e-07,0.0,1.7735022211414662e-05,0.0,0.0,1.7826668876150374e-07,1.1843072312263441e-05,3,0
1089,0.09925333942093717,0.0,0.0,0.0,0.0025436789942703546,0.003025888886844383,0.000626621645626284,0.0,5,1
1090,6.982429326665117e-06,6.263549250642156e-05,2.8880403217066713e-06,0.0007951413135261578,0.0,6.111379725487682e-06,1.526725070010686e-05,5.792327822792594e-05,3,0
1091,8.995625540821196e-05,0.0005917881315533171,0.0010341282880694345,0.026393925538724987,0.0,0.008115724035919857,0.0,0.001695133484951172,3,0
1092,0.00033662641381232574,0.004634625140415538,0.03796016543202793,0.0034668263277533203,0.011187140233281323,0.005238268389594704,0.0051446046425428806,0.0,2,2
1093,6.574629769113041e-06,8.387361105327913e-05,0.0004409006083931107,0.0009665464035185674,0.0,0.00453881867461783,0.0,0.00010820336494422403,5,3
1094,0.04939229536035893,0.0,0.0,0.0,0.0007007937290492432,0.00013446639755198577,5.32146312314702e-05,0.0,4,1
1095,0.00034688687110076235,0.00011218276185955142,0.000787996216664894,0.007470803627130394,0.0,0.006398130854584484,0.0,0.0014816018351006249,3,6
1096,7.194479751130367e-10,2.33890708059403e-08,4.483538989704786e-07,8.664459959438606e-07,0.0,1.1446253670707261e-05,0.00010094763309818215,0.0,6,3
1097,0.0036922117456491587,0.0,0.0,0.00017383208082841087,0.00010277581248544304,1.207921519980881e-05,0.0,0.0,3,0
1098,2.019903923685112e-05,2.8984110882431897e-05,0.00012131251892056721,0.0071327671495900555,0.0,0.0007463108492969879,0.0,0.0,3,6
1099,0.0009928547846323704,0.000384181332660664,0.0018663382652597564,0.060367953202087654,0.0,0.0012999351904187289,0.00043165665120153415,0.0,3,5
1100,0.0005777003216762568,0.0,0.0,0.0,5.4281960999847805e-05,6.506733984230814e-05,1.0472977147636423e-05,0.0,5,1
1101,0.0002577276694956353,0.0006788577240700224,0.0062379174315712466,0.011341741094511937,0.0,0.0,0.00019970096145831937,0.0,3,2
1102,1.7070450690214787e-06,3.275345437978254e-05,2.2528365786326377e-05,0.0007802675215629655,0.0,0.00019517275646552468,0.0,0.00011074290938101186,3,6
1103,1.8185008072318764e-06,3.4342708341978915e-05,0.0002461702814952695,1.4540228068849067e-05,0.0,0.0024577331073057864,9.88011514615714e-05,0.0,5,2
1104,1.1163047411394909e-05,0.0004081907816332217,0.0,2.701123709563483e-05,0.0,0.0008952133210602387,0.0,0.0,5,3
1105,8.003634990984131e-05,0.00018742612929420152,0.000406026440336815,0.016507014994332714,0.0,0.0033196080489059296,0.0,0.0015268994388273546,3,6
1106,0.0010935322729270331,0.0015962452650081658,0.0,0.008105567385821749,0.0,0.0,0.0008920054196946808,0.04054571125717789,7,6
1107,0.00045370784541953226,0.0,0.0,0.0,3.8926750515072696e-05,1.1679910717807807e-05,0.0,0.0,4,1
1108,0.0003695725838796778,0.0001283780051346584,0.0001689840898551693,0.001955305384237536,0.0,0.00012031366764947902,0.0,0.000673624172524583,3,2
1109,9.01082768972909e-06,0.00014900694050635834,3.860319834592707e-06,0.0022534959945359596,0.0,0.0,0.00013028392029831545,0.0012473573207486166,3,5
1110,0.05909389442058042,0.0,0.0,0.0,0.0013776068055026656,0.0,0.0,0.0,4,1
1111,9.287043659778872e-05,0.0004385770378369677,0.003955391279113965,0.0,0.0,0.0,5.697339835695611e-05,2.7809446942749406e-05,2,2
1112,6.729055730677186e-07,1.4006321225515538e-05,4.3911981500498875e-07,0.00032439455437479584,0.0,0.0,2.3193909003200717e-05,0.00020355254305728557,3,5
1113,0.0002655973774082246,2.998314804091744e-05,0.0005185975854513891,0.00655518649829187,0.0,0.0,0.0,0.0013907551379671902,3,6
1114,0.000117847165562774,9.702963216377294e-05,0.0006613701754920528,0.030269370653208484,0.0,0.001063384954431153,0.0004105192431288888,0.0,3,5
1115,0.0006583064380792717,0.013911025000887907,0.0,0.0,7.659208290875958e-05,0.0011501330970739988,0.0,0.0,1,4
1116,0.017032658205983698,0.0,0.0,0.0,0.0006639691766534571,0.0004896838556102592,0.0,0.0,4,1
1117,3.7887094004488626e-05,0.0,3.714646218816971e-05,0.000916446584592113,0.0,0.00019435753280516588,0.0,0.0002801427548065178,3,6
1118,0.0002608442159621756,0.0051154724479256265,0.0,0.013379953874975004,0.0001053731039850736,0.0,0.0,0.003815237431659783,3,3
1119,2.1345532771844562e-05,0.00010140801707886385,0.00010595050248656017,0.0064432797574183985,0.0,0.00018879822199360617,1.6028482091868e-05,0.0026681077791671577,3,6
1120,3.321815486080611e-05,0.0001695971265768711,0.0,0.001413669984403291,0.0,0.0,0.0,0.0010245115236279959,3,2
1121,0.0012068714944235522,0.007821599051927471,0.0011226548554621124,0.021871379473297686,0.0,0.0,0.0009536514725217984,0.0,3,6
1122,3.7123266523854166e-06,8.119037916395745e-05,0.0008403832561821935,0.0005147649507460298,0.00047209109482687926,0.0,0.0,0.00021037181821670134,2,2
1123,0.00013686914554301738,0.00065152827089492,0.0020248170894384522,0.017028048535147906,0.0,0.019110527892430302,0.0,0.008042985226533319,5,6
1124,0.00018594888540521729,0.0030359307118009433,0.0,0.00020979013245083902,8.894730289430137e-05,0.0,0.00041691279843736475,0.0,1,4
1125,4.574455521939706e-05,0.0011952541938526093,0.0,0.0,9.784733207644479e-06,0.0001564140899767018,0.0,0.0,1,4
1126,0.0003730229592283034,4.8833919697907036e-05,0.0,2.003972393193128e-05,3.682163694195403e-05,8.156387910497285e-06,0.0,0.0005458619982902019,7,0
1127,4.020469480397657e-05,0.00022220759803774236,0.0021766604255940626,0.001486905774046826,0.0007286932228062025,0.0013915053149625358,0.0,0.0007644001965841481,2,2
1128,9.108929383712105e-06,6.899330989491024e-05,0.000713342152786794,0.0,0.0,0.003366257567851501,0.0,0.0,5,2
1129,7.990318278908519e-05,0.00020891346316034162,0.0005553603354170227,0.0104358489021803,0.0,0.005449880400510236,0.0,0.004484093054925336,3,6
1130,2.1738311650478245e-05,0.0003304939388690138,0.0001574609011150036,0.005017967674865848,0.0,0.0007666063151818917,0.0,0.0006105779501808788,3,6
1131,6.830032329846492e-06,4.7766708000505956e-05,0.0004074583195074684,0.0009324556321185405,0.0,0.004029739916464632,0.0,0.00019925153659140757,5,6
1132,1.414300643510209e-05,0.00040454884157384844,0.007754220676333611,0.0,0.13494972272321895,0.0026761004077953602,0.0,0.0,4,2
1133,2.721089794187339e-06,5.711466562540939e-05,0.0002842108245261125,0.00028112519435772774,0.0,0.0037452807887499782,0.0,6.079349918236885e-06,5,3
1134,4.574455521939706e-05,0.0011952541938526093,0.0,0.0,9.78473320764472e-06,0.0001564140899767017,0.0,0.0,1,4
1135,0.0005260154796062726,0.0022914346420529687,0.018128417801278118,0.010705257920830758,0.006059659231010942,0.008480499976918318,0.0,0.004285777003336673,2,2
1136,0.013665759803296993,0.0,0.0004666154457532313,0.0,0.0008743219931920508,0.0008287445203109099,0.0,0.0,4,1
1137,0.06283166409705275,0.0,0.0,0.0,0.0013835813156884247,0.0009642519216399406,0.00030477415485002506,0.0,4,1
1138,0.04956398355580252,0.0,0.0,0.0,0.0007540469764740876,0.0,0.00018182851006515397,0.0,4,1
1139,0.05244917994166986,0.0,0.0013881621316339902,0.07003765059218632,0.0,0.0032992929510184603,0.0,0.0,3,1
1140,1.1984692066333978e-06,9.44894567560268e-06,3.4719767935569726e-05,0.0007409142877632642,0.0,0.00020046837374011173,0.0,0.0003920866936144332,3,5
1141,4.947958268731875e-06,8.473243012135885e-06,0.0,0.00015102299799087105,0.0,0.0,0.0,7.078288556627821e-05,3,0
1142,2.019107981215835e-06,9.528224672144186e-06,0.0,0.00014271863924690602,0.0,0.0,1.1953433107223145e-06,8.569914325870742e-05,3,0
1143,2.809509628033508e-06,5.677979982873014e-05,0.0015584309809225114,0.0,0.03840942980292603,0.0009743594452791678,0.0,0.0,4,2
1144,7.785214999208296e-05,0.00012493661275477097,0.0,0.000221106785325102,3.5988431416835804e-06,8.9127715243078e-06,0.0,0.00021189382162782025,3,0
1145,0.0036074862313861715,0.05846505740037869,0.0,0.0,0.0,0.0,0.0,0.009888762137345977,1,4
1146,0.0064534577302350245,0.0115950249103751,0.0,0.0,0.0006572214512789829,0.00018250001495017236,0.0,0.02537116120894681,7,0
1147,4.443034762880656e-05,0.0,0.0,0.00024061121668085287,0.0,5.860341097903378e-06,0.0,5.257663734018245e-07,3,0
1148,0.006160599503990112,0.0,0.0,0.0,6.602828339764552e-05,7.897531029965993e-05,7.57165647387984e-05,0.0,5,1
1149,0.0669694829620706,0.0,0.0,0.0,0.00117351474984014,0.0,0.00036933075170103515,0.0,4,1
1150,0.052365982909602024,0.0,0.0,0.0,0.0009002002292207823,0.00039763749044797997,0.00017279504610094186,0.0,4,1
1151,0.00016482504556968212,0.0015417275360636458,0.004918101152296089,0.009551224868899292,0.0,0.0521665567671386,0.0,0.010510049677681347,5,2
1152,0.006677107180949549,0.005312029063767214,0.0,0.0,0.0005462476922172287,0.0,0.0011572817828672407,0.06701009666286578,7,1
1153,3.7123266523854166e-06,8.11903791639572e-05,0.0008403832561821935,0.0005147649507460298,0.0004720910948268791,0.0,0.0,0.0002103718182167011,2,2
1154,0.00010630067727380263,0.00026189175132136763,0.0001742316230684627,0.010757661014306948,0.0,0.00023802442230896504,0.0,0.0009446476752409595,3,6
1155,0.06035879174133135,0.0,0.0,0.0030062615652298058,0.0010096518143266795,0.0,0.00041102739150666455,0.0,3,1
1156,0.05197544266896274,0.0,0.0,0.0,0.0008820788539877555,0.00021434592258545176,0.00032916559312677737,0.0007026809108804903,4,1
1157,5.0630842352240485e-05,0.00016979462649034858,0.00023743048646305935,0.008328115969922896,0.0,0.0017773313459601564,0.0,0.004098580245164321,3,5
1158,3.7364703644020304e-06,3.6302729029532535e-05,7.312535452785345e-05,0.000554783105118198,0.0,0.0,2.804093925277204e-05,7.065268812534978e-05,3,6
1159,0.0009859658411387744,0.0041985816524954915,0.0,0.0,0.0,0.0,0.0,0.0037696057680070066,1,4
1160,7.099060051061882e-07,1.376908313588647e-05,0.00015629098382372096,0.00020063920585586324,0.00011690786345658389,0.0,0.0,0.00011325575519396434,3,2
1161,0.00635684159010081,0.0,0.0,0.0003049897472647087,0.00038270816387285083,0.0,0.0,0.0,4,1
1162,0.007351794989043286,0.0,0.0,0.0004858457575482963,0.0004974896419522686,0.0,0.0,0.0,4,1
1163,0.006400545202944566,0.0,0.0,0.00030376289250280366,0.0003890646337500323,0.0,0.0,0.0,4,1
1164,9.059036864723802e-07,1.3142434648498175e-06,0.0,2.6918044445394243e-06,6.468831993927731e-07,4.031191445111717e-07,0.0,3.2975242068527775e-05,7,0
1165,7.791146801519521e-05,0.00013093693714828525,0.00022136293049254306,0.010587820604073348,0.0,0.0003397733010349898,0.0,0.005695394995088606,3,5
1166,1.9856851631164245e-05,6.399317170057308e-05,0.0004008152394087502,0.005299051121168746,0.0,0.002519886644871421,0.0,0.00040281753158630175,3,6
1167,5.3771262717077975e-05,0.0004225111057778751,0.0007110154616849149,0.00441013626733745,0.0,0.0,0.00018585891466764927,0.0005022863067897738,3,6
1168,0.003603243980067689,0.0,0.00011338011734322697,0.004246528859677713,0.0,0.0021187280960929256,0.0,0.0,3,6
1169,0.0004086726528598472,0.0006320523326320152,0.0013071349017141063,0.02677302902975296,0.0,0.006155026809869044,0.0,0.011236609823834015,3,6
1170,3.780945883368386e-05,0.0006318255097976752,0.0026585104906093737,0.002222391273390498,0.0,0.026824879584572827,0.0,0.00020286690597933477,5,3
1171,1.4017275838607094e-05,0.00018935595377177,0.0014468591383113999,0.00026930545245718414,0.0,0.013261125352793788,0.0,0.0,5,3
1172,4.153174782120021e-06,0.0001592493863866694,0.003970606174632902,0.0,0.08840311114982896,0.0018133444046265466,0.0,0.0,4,2
1173,0.00010815514534289547,0.0006288421736366906,0.0008219681413597985,0.025368947169687052,0.0,0.0,0.0011804864480869938,0.0091414273870293,3,5
1174,1.565077869856496e-05,0.0004636977129203261,0.009265059345805848,0.0,0.16947492470479036,0.0033874674747458,0.0,0.0,4,2
1175,3.065513620154958e-06,0.00012741001169919465,0.0034058721040002055,0.0,0.08136276712093662,0.0016624625930604083,0.0,0.0,4,2
1176,1.9522787699598118e-07,4.878597649495326e-06,0.0001602953986150178,0.0,0.004634108061019014,0.00012256225674866288,0.0,0.0,4,2
1177,0.0002535096639088635,0.005564991659876729,0.0,0.0029160622919408466,0.0003426047368506711,0.00046338928601979257,0.0006016324414312335,0.0,1,0
1178,0.01831054176666574,0.0,0.0,0.0,0.0009947804540583391,0.0007734377865429728,0.0,0.0,4,1
1179,0.0001341739437677735,0.0004878735072195992,0.004564183317146087,0.0,0.0,0.0,6.396330211148897e-05,0.0,2,2
1180,0.0001341739437677735,0.0004878735072196005,0.004564183317146087,0.0,0.0,0.0,6.39633021114887e-05,0.0,2,2
1181,0.00026424114055055396,0.00015971832976433847,0.000743914097410288,0.0008450937766087456,3.6871101716450095e-05,0.007807154152542314,0.0,0.0016113126104441325,5,2
1182,0.05574876715492102,0.0020397568807003015,0.0,0.001258916509406722,0.0016187528717495593,0.0,0.003926393091667983,0.15559122188237548,7,4
1183,1.8879412304209877e-06,4.0431704114578095e-06,6.286459702170833e-05,0.0,0.0,0.0,0.0,1.0052419284728628e-05,2,2
1184,8.694204575413725e-08,1.6376594586156116e-06,2.301761393734447e-05,1.4342717429353532e-05,0.0,0.00012166865832254374,0.0009684918275746486,0.0,6,3
1185,0.0004085245263507319,0.0007802398473193219,0.0037701684427303025,0.015779219529975564,0.0,0.017562882976470247,0.0,0.006074746762462053,5,5
1186,0.07177806670642377,0.0,0.0,0.0,0.0016952790752443698,0.0018238636051270986,3.272701095922579e-05,0.0,5,1
1187,1.414300643510209e-05,0.00040454884157384844,0.00775422067633361,0.0,0.13494972272321898,0.0026761004077953555,0.0,0.0,4,2
1188,0.0004156493135962317,0.008057588182455416,0.0,0.01679142385027068,0.0,0.0,0.0007130021507180805,0.003340085372481723,3,5
1189,0.00010160435617381527,0.0006288436137948474,0.000731873006742916,0.02343398849353304,0.0,0.0,0.0010317748289646106,0.009094509596656534,3,6
1190,0.006552181675421354,0.0,0.0,0.0,0.00040353872504271076,0.00015146820448570393,0.0003526752675447155,0.01719146589211445,7,1
1191,4.929888106145973e-07,4.676953033319501e-06,7.8235002945028e-06,0.0003770078377450991,0.0,0.0,2.40953232171424e-05,0.00018307251116858822,3,2
1192,5.830054587768963e-06,1.8559366740279905e-05,2.6779448502319873e-05,0.0016130570624533355,0.0,2.0302119592270457e-05,9.763639933975539e-06,0.0009666368318952445,3,0
1193,0.0006925771566633595,0.0,2.2788330154963748e-05,0.0,6.194290365621774e-05,1.5471339456407226e-05,0.0,0.0,4,1
1194,0.00016153346989894942,0.0027142600924237696,0.009723128842065864,0.003051652590976922,0.00024272524832467758,0.07353890787471419,0.0041429010240283245,0.0,5,2
1195,5.25298209410188e-05,9.653284443569612e-05,0.00044714882884835965,0.004667473616674375,5.942784034460128e-05,0.0001939774957490861,5.2608092602583034e-05,0.0007299639751262926,3,2
1196,5.5504352774924374e-05,0.00034445804078282624,0.0008434808941889359,0.01930433904144839,0.0,0.0029650616696424406,0.0,0.007875945625611124,3,6
1197,6.986807282645304e-05,0.0018735988443299562,0.0,0.0019197908864033446,0.0,0.0004993422843979589,0.0,0.00018266886809627423,3,3
1198,0.00033361577509793494,0.0006178388420801517,0.0005642737549345044,0.027693923053718345,0.0,0.0,0.0,0.007534845299568151,3,6
1199,0.0011682313722472613,0.0002807734582018989,0.002481497890489934,0.09446589019575005,0.0,0.004123283358016994,0.0,0.0,3,6
1200,7.781635435767878e-05,1.7029732376006177e-05,0.00021943931101804642,0.010082735714343706,0.0,0.0003525230412651382,4.073085057926249e-05,0.0,3,5
1201,5.452481539357038e-10,1.2075092985873231e-08,2.647358096383846e-07,0.0,0.0,3.2975797514764966e-06,5.817232306730297e-07,0.0,5,2
1202,0.0009590076775945187,0.0,0.0006742858902421592,0.0358416888247691,0.0,0.0,0.0,0.0,3,6
1203,0.05680964511826264,0.0,0.038620746301179835,0.0,0.0,0.0,0.0006667794224645467,0.0,2,1
1204,0.0004938223169303649,0.0009849184853117914,0.0015644882874941658,0.05331390566743509,0.0,0.0005969864669284853,0.0004279188423771212,0.025684194583058175,3,5
1205,0.04737874461750164,0.0,0.0,0.0,0.0007116262064132558,6.400449423752907e-06,0.0,0.0,4,1
1206,0.0006799055872404958,2.685830708197304e-06,0.0,5.8986604612475124e-05,5.956617270226512e-05,1.483648512783024e-05,0.0,0.0006161096870824184,7,0
1207,0.004341867191099262,0.0,0.0,0.0,5.613561141189486e-05,4.2697168710216615e-05,4.9301986513779264e-05,0.0,4,1
1208,6.0494992903167895e-06,2.073201079783813e-05,6.201750886661501e-05,0.002189036732386194,0.0,0.0002620270433679833,0.0,5.782002060786617e-05,3,6
1209,3.4673117940029834e-09,5.995325222436028e-08,1.0561248291534727e-06,0.0,0.0,9.195000812092634e-06,1.3917872335313011e-06,0.0,5,2
1210,3.4564230204098913e-09,5.957988787918559e-08,1.0442176210733503e-06,0.0,0.0,8.928758419809961e-06,1.3321949456742832e-06,0.0,5,2
1211,0.002156891580297234,0.009474865995214358,0.07658873939888382,0.0,0.0,0.0,0.001423291359657239,0.0019666118821818042,2,2
1212,0.002572246811051906,0.0068518286986120076,0.05531158617773769,0.023241974895005683,0.0,0.0,0.0010653667668565042,0.0,2,2
1213,7.736907634152682e-05,5.702476136126413e-05,0.0006357153106363734,0.0,0.0,0.0001501124453084018,0.0,0.0,2,2
1214,0.05174310793773295,0.0,0.0,0.0,0.0007913079242771079,0.0,0.00022166050088500826,0.0,4,1
1215,2.503936483425601e-05,0.0003770137256728625,0.0016787401368040123,6.762097280750536e-06,0.0,0.013165311670939433,0.0,0.0022504718768497868,5,3
1216,7.307908360752582e-05,0.000642441965379708,0.0055707609375781056,0.0,0.0,0.014157735427385305,0.0,0.0029521347715650774,5,3
1217,4.034646605658195e-05,0.00034156763438102295,0.0027729977172949857,0.001389415471232639,0.0,0.026022100040804103,0.0,0.0,5,2
1218,0.0006507131590250131,0.0018452262139804975,0.0020873314360644645,0.05559813775436514,0.0,0.012884502240065907,0.0,0.023469703822274347,3,6
1219,1.0022560999025598e-06,1.504985297192156e-05,0.00013549333595803143,0.0,0.0,0.0013475879265686622,0.0,0.00023434655747469783,5,3
1220,0.0005064965628131451,0.0,6.401846557699659e-05,0.002296217214809474,0.0,0.00024044061278563294,0.0,0.0005385276025584408,3,5
1221,0.00040641163866719993,0.00022829997232368677,0.0012369813566374401,0.017698240940866236,0.0,0.0,0.0,0.003774441803282048,3,2
1222,5.41635976400088e-08,3.0358726278742387e-06,0.0,4.3443988867220856e-07,0.0,1.6732503876676e-05,0.0,0.0,5,3
1223,6.755483096507612e-05,0.00021503542292591716,0.0001147878421576626,0.023066675026667087,7.355146030600881e-06,0.0,0.0,0.0021541057940098196,3,6
1224,7.598763212623993e-05,0.00013715156484130997,0.0,0.0010199952187683987,1.1366941860622276e-06,0.0,0.00013480353965989592,0.0057001231272095,7,5
1225,0.0003107759314842021,0.0,0.00046886701663344444,0.0005304816153772516,0.0,0.002250196898892628,0.00010573809914573802,0.0,5,2
1226,0.008786549965310168,0.0,0.0,0.0,0.0002589170957334431,0.0,0.00010379405836454166,0.0,4,1
1227,2.8140306246830984e-06,4.2585531431808864e-05,0.0005895216870697094,0.0002704712358723888,0.0017944929790907503,0.0025738912751059246,0.00038586609472595316,0.0,5,2
1228,5.7129174687762446e-05,0.00014488744668963963,0.0009554189671171799,0.0048605814471981215,0.00022811055076237788,0.0007360226948311475,0.0,0.001702282170197726,3,5
1229,7.313247856578355e-06,9.81310419855948e-06,4.2823212281753875e-05,0.0028706774489666285,0.0,9.16516126705396e-05,3.0991102785489445e-05,0.0,3,0
1230,0.055282536840230136,0.0,0.004222933577348178,0.0,0.0,0.0,0.0002661348723009975,0.0,2,1
1231,1.284481280464282e-05,0.00015136822093723528,0.0,0.0010901663543152814,0.0,0.0,0.0,0.0007961217372726827,3,0
1232,0.0690492411326732,0.0,0.0031860984895526936,0.0,0.0,0.0,0.0004821727036252078,0.0,2,1
1233,1.7955556336307494e-05,0.0003454048138457867,0.0015933339350722572,0.0006878997607335922,0.0,0.01469971779001334,0.0008905357549745102,0.0,5,6
1234,2.3048661388642364e-05,3.4990862770533675e-06,4.31230564631919e-05,0.0009288770369406351,1.3123061300477794e-05,0.0003784863589849144,0.0,0.00010751740449686224,3,2
1235,2.879103144085615e-05,0.0005302571877724018,0.0,0.005330213999861849,3.1841797452813225e-05,0.0,0.0,0.0010584553328253882,3,6
1236,1.2629932091182917e-05,0.00026659235100830436,0.0011951605029633429,0.0004740593067309721,0.0,0.012358063330512009,0.0007804783797690642,0.0,5,6
1237,0.012126326629656634,0.007349995090929003,0.0,0.0006891104125425611,0.0010677991352569432,0.0,0.003407569397912746,0.14017928763934964,7,1
1238,0.0005935834357118601,0.003590894669447399,0.0029225248838821516,0.0485684307243168,0.0,0.0,0.00222095626926106,0.009689107010071156,3,5
1239,3.809432255117815e-07,4.337940756534447e-07,7.022678562521784e-06,0.0,0.0,2.9829944537442397e-06,0.0,2.2681649033476935e-07,2,2
1240,0.00026838777908610393,0.004662806589948753,0.0,0.0,0.0,0.0,0.0,0.002405270326796144,1,4
1241,0.00023075251014738292,0.0033627957866306977,0.013698420099677061,0.0035970610143848877,0.0,0.10314684150990584,0.003037457580237175,0.0,5,2
1242,0.004173863897596052,0.0610237758752537,0.0,0.0,0.0,0.0,0.0,0.018275734561416575,1,4
1243,1.284481280464282e-05,0.0001513682209372354,0.0,0.0010901663543152807,0.0,0.0,0.0,0.0007961217372726828,3,0
1244,0.0016681166202566328,0.00744170467271589,0.05221899010657244,0.0,0.0,0.0,0.0008760293248807403,0.0030422207864433536,2,2
1245,8.999454056584987e-06,0.0002334238770373101,0.0026966805199743118,0.0009327950705270492,0.007329166747455493,0.008816209710958577,0.0014865338542544772,0.0,5,2
1246,3.6204633208068156e-06,5.401345304327357e-05,0.00043074676290196797,0.0006922452077229764,0.00028087463576092337,0.0,0.0,0.0001384157034838954,3,2
1247,0.00015016303286188607,0.0004275392223330075,0.0006409782421253811,0.019766555484385908,0.0,0.0,0.00027400446742554554,0.0015066897340771663,3,6
1248,1.2315624780981049e-05,7.184501453619018e-05,0.0008498637111361572,0.0,0.0,0.0003402575702654996,0.0,0.00016555137944984945,2,2
1249,3.430623980311933e-06,0.00011147541910181556,0.00018485417130012684,0.00013345541521426666,0.0,0.0018606395044869501,0.0,0.0,5,3
1250,0.0052747517297661835,0.0,0.0,0.0,0.00025104066700938973,2.22633570669634e-05,0.0,0.0,4,1
1251,2.756248622478516e-06,0.00010661364335968098,0.00014183872916494157,0.00022182229815599479,0.0,0.0021926042931445996,0.0,0.0,5,3
1252,0.0006545083990732012,0.003028826727283761,0.0027229930968425417,0.04304212631820552,0.0,0.0,0.0015062892773686964,0.0,3,5
1253,0.0002795588859431519,0.0008010893838697244,0.0017708348468030522,0.0558775230380237,0.0,0.014627544957499206,0.0,0.0018141322229377334,3,2
1254,0.0005747808471994634,0.0,0.00022133328643595806,0.010617850304449308,0.0,0.000790275495830897,0.0,0.0,3,6
1255,0.008233354926701438,0.0,0.0,0.0,0.00043815230510016717,0.0004634072871514061,6.634191968327442e-05,0.0,5,1
1256,4.0143378123852635e-05,0.0,0.0,0.0,6.538132656679492e-06,8.801567658132965e-06,1.5799312483609095e-06,0.0,5,1
1257,4.0143378123852635e-05,0.0,0.0,0.0,6.538132656679428e-06,8.801567658132796e-06,1.5799312483608275e-06,0.0,5,1
1258,0.07703091185197793,0.0,0.0,0.007831211037675832,0.0013167412655340773,0.0010237478211680816,0.00037401861519950933,0.0,3,1
1259,0.062217798435969064,0.0,0.0,0.0,0.0013168695466047652,0.0005932426364240086,0.00018353610279869605,0.0,4,1
1260,0.00017229835292975306,0.0004894011203680552,0.0013597787115912745,0.032564459013744954,0.0,0.010605732431087816,0.0,0.0036346174035359526,3,3
1261,6.692844155949218e-05,0.00032950453470895967,0.0003490518345743332,0.006309002381508771,0.0,0.0,0.0,0.0008036929263301012,3,3
1262,0.00016734665576415171,0.00022062579218522297,0.0005563374474464735,0.024559433173350895,0.0,0.0027842675626191847,0.0,0.0,3,6
1263,4.824042980190816e-09,1.0588510334310127e-07,1.7298176045027867e-06,9.877815634100838e-07,0.0,6.911563556264219e-06,2.729381089988088e-05,2.502636757804996e-07,6,3
1264,6.193889181691211e-05,0.000140740356784368,0.0004868473432463059,0.01512622430091783,0.0,0.003008159656097624,0.0,0.0013216201824041843,3,6
1265,0.0013485485353271053,0.005399639569422939,0.04069560616324324,0.0,0.0,0.015495943945963792,0.0,0.0,2,2
1266,1.771981490126186e-07,5.1558147865901235e-06,7.786324995276246e-05,0.0001059806212995161,6.994410939780107e-05,0.0,0.0,6.968917875591823e-05,3,2
1267,3.1497048058185476e-05,0.0002622099349759542,0.0030348460865823293,0.001227983997593215,0.007538127520483339,0.01021494195086391,0.0010721642014951008,0.0,5,2
1268,5.8603231489361637e-05,0.00021827394197226132,0.0002813660088551304,0.04144534939029972,0.0006621035963843453,0.0,0.00035821240427904433,0.00755176019779841,3,6
1269,5.53349679803231e-05,0.00017106312193981962,0.0,0.0002859909214519015,1.6789390084450735e-05,2.4373924040053043e-06,0.0,0.001875014351476977,7,0
1270,5.1763714499749546e-05,0.00016165449461590613,0.0,0.00022507347625083605,1.6049876914412153e-05,3.1904357367385975e-06,0.0,0.0016612604278513847,7,0
1271,3.011087103652147e-10,6.821236532749495e-09,1.530720847735407e-07,0.0,0.0,1.9945113158326196e-06,3.596548292995559e-07,0.0,5,2
1272,5.160968979976981e-06,9.62975644252267e-05,0.000659369000577229,0.0005066628147461148,0.0,0.008545440821708992,0.0,8.953149236988004e-05,5,3
1273,9.485330447498499e-05,2.0421699907437484e-05,0.0,0.00019297529459576804,1.0324268419676575e-05,1.1260006362869706e-07,0.0,0.00046683570815903914,7,0
1274,0.0037222198067362396,0.0,0.0,0.0018088919919337623,3.7552591531680764e-05,6.175989069340365e-05,0.0,0.0,3,1
1275,0.00027685758675972824,0.004878271576684839,0.011790734554621568,0.004111499220907213,0.000323180054846297,0.07598906092569985,0.004814181358074048,0.0,5,2
1276,0.002016735004527662,0.019506447047659397,0.0032185625402460726,0.00491563600552923,0.0017593007111608434,0.0,0.0015482384471036266,0.0,1,1
1277,0.00018484873062301106,0.0017617065195233805,0.0,0.008663285459015065,0.0,0.0,0.0,0.005689585539421277,3,0
1278,6.603913959670748e-05,0.0001319188171084592,0.0,0.00018916690058955513,1.4507923328960361e-05,2.7615314010642454e-06,0.0,0.001218494351606168,7,0
1279,2.1542028884641557e-05,3.922015489654861e-05,0.0002794102779205536,0.0010658888746714786,0.0,0.003723350258640754,0.0,0.0009921161298097067,5,2
1280,1.420579732478155e-05,9.238996040254231e-05,0.0010385386052620966,0.0,0.0,0.0002885166257206356,0.0,0.00011471245967543259,2,3
1281,2.8801891931410116e-05,0.00017285635773618964,9.466819057737061e-05,0.026345393073865842,0.00026095725777736047,0.0,0.0,0.005328253642295773,3,6
1282,2.6046806875976814e-06,3.976663389052385e-06,2.4838974482910718e-05,0.0005077103591916179,1.4615177940655234e-05,0.000250996126086959,0.0,4.2629190814658536e-05,3,2
1283,5.692199619884962e-08,5.283673130742609e-07,7.940471951144712e-07,0.0002964928695870531,6.377363589600032e-06,0.0,2.797528938981029e-06,6.592600780377503e-05,3,6
1284,1.4205467990723596e-05,8.572820907446303e-05,0.0009232356707412816,0.0,0.0,0.0005280299800230566,0.0,0.00028058704838331065,2,6
1285,0.05579458188067723,0.0,0.0,0.0,0.0010420014362346455,0.0006369770416983443,0.0,0.0,4,1
1286,7.407546139500461e-05,0.00023640643560487236,0.0003298917271698539,0.05598927968408492,0.0006248758554941382,0.0,0.000344312634868353,0.008178398614940073,3,6
1287,2.47851826259337e-05,0.00014394054120850895,0.00020657673451638257,0.030436807806853376,0.0005331370180691022,0.0,0.0003974081555531309,0.0057633913651537975,3,6
1288,1.130127171372724e-06,2.594067602085022e-05,0.0003249640192063769,0.000372865635480938,0.00024906384576620934,0.0,0.0,0.00021616729451965708,3,2
1289,0.0002724617148361214,0.004876213463823584,0.0035170621489055425,0.0,0.0,0.026408125481941425,0.0,0.005665442588584726,5,2
1290,4.537628539997049e-06,3.497934447987333e-07,0.0,3.4021801748657514e-05,0.0,4.619662446524915e-07,0.0,0.0,3,0
1291,9.280398495551675e-06,0.00017813717438655948,1.8497992657639205e-05,0.001002669973934054,0.0,4.839530077765331e-05,4.610484759794917e-05,0.0,3,0
1292,0.005352742426603717,0.0,0.0,0.0009863494768721788,0.00016089226443659262,0.0001369315954273353,5.631801382518015e-05,0.0,3,1
1293,7.444329495047124e-05,0.001455568382797273,0.0,0.005590653751369215,0.0,0.00041728987746494147,6.166599619142105e-06,0.0019153164484956096,3,5
1294,0.0039374131708643165,0.0,0.0,0.0,0.0001390734379644934,3.718269793328022e-05,4.765166613458923e-05,0.0011567899607530484,7,1
1295,8.063149977495553e-08,2.1702095303428396e-06,1.6152258649369725e-05,6.408701299232007e-05,0.0,0.0010717019394956588,0.03588152645259228,0.0,6,3
1296,0.0030719820216971705,0.04638553204648111,0.0,0.0,0.0,0.012018924919949001,0.0,0.012007943015493797,1,2
1297,1.999672690582146e-06,2.9988600702442064e-05,0.0002695532489526199,0.0,0.0,0.002670452089770992,0.0,0.00046398401832935623,5,2
1298,8.472721932837891e-05,0.0004093467814082842,0.0033028948574545403,0.0020671562818185773,0.0,0.033443204385071985,0.0,0.0,5,3
1299,0.004360207583093879,0.07442443655430224,0.0,0.0,0.0,0.0,0.0,0.010310565992011658,1,4
1300,6.7257515632679654e-06,0.00011668774633799287,4.0185299977395153e-05,0.0012830068668186084,0.0,0.00036303007130438186,0.0,0.0006609130205069228,3,0
1301,0.0068903252398771556,0.11893882368295665,0.0,0.0,0.00018124098750415315,0.0,0.0,0.001954112992269407,1,4
1302,0.049683984804076285,0.0,0.0,0.0,0.0007354330710279017,5.48478953235629e-05,0.00011277375409769066,0.0,4,1
1303,0.06534315401308062,0.0,0.0,0.0,0.0013886525545083277,0.0005833874012884714,0.0002264250212953794,0.0,4,1
1304,1.414312254359312e-05,0.0003965466779122413,0.007365981777420401,0.0,0.12154296969239439,0.0024095299654501227,0.0,0.0,4,3
1305,5.402711955499829e-06,4.936917254788907e-06,6.61095675401129e-05,0.0,0.0,2.077787127973628e-05,0.0,6.929093644504991e-07,2,2
1306,3.332904238831958e-05,6.752821732833783e-06,0.00013394104950293926,8.626176964282653e-05,0.0,0.0,0.0,0.0,2,2
1307,2.315976468938232e-06,5.802116304152322e-07,1.3776803145290552e-05,1.0821803247426955e-05,0.0,0.0,0.0,0.0,2,2
1308,3.917033041440205e-06,7.900960323964978e-06,0.0,0.0,1.7494847597429563e-06,7.253657733946058e-07,0.0,8.532137012390501e-05,7,0
1309,0.00409854784666532,0.0,4.455661775449341e-06,0.021606180424856267,0.00043839880436193567,0.0,0.0,0.0009720348883990118,3,6
1310,0.00012454045857672726,0.0005924795427760755,0.00034189589598853797,0.014367103978212208,0.0,0.0,0.0,0.002459574618896312,3,6
1311,5.572577191746673e-05,0.00046346195460117185,0.002461253263191549,0.0003866483147458288,0.0,0.023408524083979157,0.00041802445479018513,0.0,5,2
1312,5.558262579936914e-07,1.6180838129809835e-05,2.3969740664522756e-05,1.2947371579674329e-05,1.6658730873811366e-06,8.018487428574983e-05,1.9283134313090365e-05,0.0,5,6
1313,0.0006105618855085838,0.0,0.0,0.0,3.107010895982571e-05,0.0,1.564747745368194e-05,0.0,4,1
1314,7.567219171390326e-06,0.00016046132063873953,0.0007241709111452491,0.0,0.0,0.006022208655321062,0.0,0.0009296099183306737,5,3
1315,0.000291683815490921,0.0013383075969521994,0.0,0.004182946830949428,4.8504316465583565e-06,0.0,7.332531745429243e-05,0.0,3,2
1316,8.557189961333302e-05,0.0010350170800134566,0.0,0.0,5.461587505310293e-05,0.0,0.0,0.0,1,1
1317,3.545794666653581e-06,8.526162727852786e-05,0.000278658510538438,2.8371782111470765e-05,0.0,0.00316536640648888,0.0,0.0004501976760786505,5,3
1318,2.315976468938232e-06,5.802116304152322e-07,1.3776803145290565e-05,1.0821803247426991e-05,0.0,0.0,0.0,0.0,2,2
1319,0.001319583788177483,0.0051153046992953415,0.038534097493374046,0.0,0.0,0.0,6.56510604537258e-05,1.429570712066367e-06,2,2
1320,0.00032245974861584204,0.0015373048372858094,0.0,0.008212574791083914,2.5908214066145703e-05,0.0,3.5350325123388144e-05,0.0,3,6
1321,0.003263147567376911,0.049092141243083566,0.0,0.0,0.0,0.0009530988681387222,0.0,0.012295759453826879,1,0
1322,2.864040408246483e-05,0.0001765909318578414,0.0,0.002049434712214868,0.0,0.0,1.3950113567745606e-05,0.0,3,2
1323,5.499680317638683e-06,0.00010526170273145196,0.0009396037538510663,0.0011971635593584023,0.0002888469202860709,0.0020138232504233076,0.0,5.6095169260725184e-05,5,3
1324,0.05184155503684315,0.0,0.0,0.0,0.000990968153159451,0.00010283688834432055,0.0,0.0,4,1
1325,0.001319583788177483,0.0051153046992953415,0.038534097493374046,0.0,0.0,0.0,6.56510604537256e-05,1.4295707120672916e-06,2,2
1326,1.4205467990723596e-05,8.572820907446335e-05,0.0009232356707412813,0.0,0.0,0.0005280299800230564,0.0,0.0002805870483833107,2,2
1327,6.455636351604238e-05,0.00044531730502030164,0.0006683543158933527,0.016763283999586747,0.0,0.004238569423346489,0.0,0.0005195853148955702,3,0
1328,0.002286584955705944,0.001975413699902467,0.0,0.0,0.0003180723711318727,0.00020991063956176244,0.0,0.0063962568576717985,7,1
1329,0.011499349176611773,0.0,0.0,0.0,0.0007701165651316512,0.00018467120053194066,0.0,0.003080151806064135,7,1
1330,0.052365982909602024,0.0,0.0,0.0,0.0009002002292207851,0.0003976374904479814,0.00017279504610094392,0.0,4,1
1331,0.0003810111612698196,0.0005377742259963074,0.005155709705535291,0.0038878533377967885,0.0009877605609468288,0.011353122402515861,0.0,0.0032508367140839456,5,2
1332,3.047414402876941e-05,0.00012854577029095037,0.0006641055758109726,0.009008042796095477,0.0,0.0023461554733764907,0.0,0.0003695287683707014,3,0
1333,7.37318385284655e-05,0.0014336770855950605,0.0,0.005407415865053901,0.0,0.00039513723445373566,5.325603125302086e-06,0.0018537668257365234,3,0
1334,1.5144116878801279e-05,0.0003724559530390433,0.000751734026004163,0.0,0.0,0.005173478734497662,0.0,0.0008787441853015045,5,3
1335,9.059036864723802e-07,1.3142434648498184e-06,0.0,2.691804444539428e-06,6.468831993927882e-07,4.031191445111295e-07,0.0,3.2975242068527775e-05,7,0
1336,3.778413618415535e-08,6.8234342758796e-07,4.821353740862011e-06,4.456160149224757e-06,0.0,6.420178314862892e-05,2.19313170581693e-06,0.0,5,2
1337,7.662131842444033e-06,0.000216097451318765,0.0024009078115931866,0.0006116368188628054,0.010780280651037494,0.012013070077372658,0.0017360205343082357,0.0,5,2
1338,5.670711126099418e-06,5.718109859289271e-05,0.0005000417190745014,0.0009506216685883073,0.0,0.00413462296443368,0.0,0.0001919736938456145,5,3
1339,2.253739485595127e-05,0.00019223711902256507,0.0,0.0013129810863378192,0.0,0.0,0.0,0.0013851170552603787,7,0
1340,5.437486491509503e-07,7.941487701254467e-06,4.68755319185504e-05,3.550535316966722e-05,0.0,0.0004740411440967223,1.448399696534974e-05,0.0,5,2
1341,0.0008559530588615437,0.0,0.0003285506135839237,0.009369759075996815,0.0,0.00117355053269156,0.0,0.0,3,2
1342,4.445583602469412e-05,0.00011763787040221375,0.0002651261222451841,0.00985509187869994,0.0,0.0023822325203997643,0.0,0.0013238664807708118,3,2
1343,0.012170098674875535,0.0,0.0,0.0,0.00035678936899740505,0.0,0.00011687399061815741,0.0,4,1
1344,1.165817859256597e-05,0.0001524801195256513,0.0012751292085957464,0.0016807869485939069,0.0,0.004448153317067027,0.0,0.000262102478349226,5,3
1345,1.284481280464282e-05,0.0001513682209372354,0.0,0.0010901663543152822,0.0,0.0,0.0,0.0007961217372726883,3,0
1346,5.670711126099418e-06,5.7181098592892273e-05,0.0005000417190745006,0.0009506216685883091,0.0,0.004134622964433679,0.0,0.00019197369384560986,5,3
1347,8.222959462800925e-05,0.0005902601223850485,0.0008004816336197484,0.025201553444101035,0.0,0.0,0.0005024188430413385,0.008869906679099007,3,5
1348,1.7163800291317033e-05,0.00010916015491531185,0.00033400091783681836,0.005795301284454739,0.0,0.0014621263245448654,0.0,0.0027320480001841,3,5
1349,0.00028106673590767075,1.8129388839664838e-07,0.00019692720924716122,0.005707632461925078,0.0,0.0007633785335951261,0.0,0.0017223496212219612,3,2
1350,0.00011613932927857181,0.0004664923633250375,0.004187738903975512,0.0,0.0,0.0,0.0,0.00035535633860491443,2,2
1351,0.012880047683016732,0.007280790554119099,0.0,0.0028175967829451596,0.0011728419147003601,0.0,0.004535771943586438,0.1733792642540077,7,1
1352,4.806688813204069e-07,4.142125116357799e-06,3.071331410692091e-06,0.001403598041450051,2.3008062469311042e-05,0.0,3.739747354230196e-06,0.00024675647375429084,3,6
1353,8.3279514874985e-08,8.118662676212885e-07,3.5710134738911365e-06,9.322626162886692e-05,1.6539081759870822e-07,2.6997150660158725e-05,0.0,5.515261321593504e-05,3,5
1354,1.7144961834424583e-05,0.00011018713284815981,0.0012775352198701336,0.0,0.0,0.00020695807307705445,0.00010945970255525472,0.0,2,2
1355,1.425449984470935e-05,0.00022049280493941198,0.0011178214582499661,0.0004391059111633462,0.0,0.01170529270776425,0.0,0.001916928883782437,5,3
1356,0.0044126492895992225,0.06696342486527432,0.0,0.0023860755116301142,0.001671920242448137,0.0,0.00019706452464404443,0.0,1,4
1357,1.164111981139909e-05,0.0,0.0,0.0,1.5001015613196538e-06,8.38343830713621e-06,4.055086548974419e-06,0.0,5,1
1358,0.0038722190476399797,0.06397129885705942,0.0,0.0,0.0,0.0,0.0,0.012706341548440895,1,4
1359,0.003792259828036186,0.0,0.0,0.0,0.00010843015244021261,1.1124509886717235e-05,2.1459560967171873e-05,0.0,4,1
1360,8.708051502062547e-05,0.0004495174757787826,0.0005441499444355745,0.01967121549521478,0.0,0.0,0.0012356884487695118,0.012449714234298926,3,5
1361,0.0002829004443270119,0.005849230364003769,0.0,0.0,0.0,0.0,0.0,0.0005634891560800701,1,4
1362,1.1808816960366974e-05,5.4125536687376006e-05,5.436347870115868e-05,0.002962002977222089,0.0,0.0,0.0002407271190412544,0.002853231937649413,3,6
1363,8.092961128786543e-05,0.0004309591122654392,0.0005405293671229179,0.01890780413279785,0.0,0.0,0.00115712400970212,0.011130531898214164,3,5
1364,2.7494038333787904e-10,6.046272550225869e-09,1.31011161348853e-07,0.0,0.0,1.5707453868629806e-06,2.6962056621173393e-07,0.0,5,2
1365,0.0050508450783224015,0.018940159905191413,8.030153872651017e-05,0.001023553352244721,0.00031874908514781627,0.0,0.0019567697269868446,0.0,1,4
1366,3.8356474304270686e-06,3.815775886963672e-06,0.0,1.1942342276990469e-05,1.3468297139655395e-07,0.0,0.0,4.5160987481482226e-05,7,0
1367,3.936259215740478e-05,0.0001093237299495084,0.00010377403839220692,0.01302714357557251,3.4000877928292245e-06,0.0,0.0,0.003769543053847054,3,6
1368,6.589431864135964e-06,0.00016990465891691776,0.002453809557564119,0.0,0.019084454488159427,0.0019693373973601494,0.0003758028695933575,0.0,4,2
1369,3.206727535371426e-10,7.360953260340682e-09,1.673481874590953e-07,0.0,0.0,2.232438957163479e-06,4.068639781802141e-07,0.0,5,2
1370,8.734866459583536e-05,0.00043637263881599796,0.00356151206533334,0.0022218951124980636,0.0,0.036547229194322885,0.0,0.0,5,2
1371,2.0105842424139705e-06,9.468573699793985e-06,0.0,0.00014093564136833972,0.0,0.0,1.1746067530217522e-06,8.440088754824729e-05,3,0
1372,9.060016395121016e-05,0.0001367204524097083,0.0010794076508733772,0.008755072969037622,0.0,6.283122211850269e-05,6.335050217115436e-05,0.0,3,2
1373,0.024050361157606778,0.0,0.0,0.0,0.001097007855831055,0.0010668520628416736,0.0002357000319063845,0.0,4,1
1374,5.689913744416097e-06,3.150318621039015e-05,4.920391322751626e-05,0.009063528237173069,0.00017570891193694236,0.0,9.596228374105859e-05,0.0019186438709904966,3,6
1375,0.04668382119062751,0.0,0.0,0.005076120974174126,0.0005118018529849107,0.0,0.0,0.0,3,2
1376,0.003948088382967471,0.07179263891439976,0.0,0.0,0.0008148465057372039,0.00719477739929771,0.0057158928845792295,0.0,1,4
1377,0.0005517149325741794,0.0031314287848971923,0.002396308463492007,0.04068924798531677,0.0,0.0,0.001349804136380714,0.001398384746544711,3,6
1378,0.00020344742018548354,0.0010673468486753343,0.009990233880000853,0.0,0.0,0.0020861025048870482,0.0,0.000687392104726478,2,2
1379,0.0032644205131771736,0.0,0.0,0.0010605166855418367,6.164080331503789e-05,3.0515254451772984e-05,0.0,0.0,3,2
1380,0.00020442981660597712,0.000997751997733819,0.00897604356831301,0.0,0.0,0.003894132888188078,0.0,0.0018962771373080875,2,3
1381,2.587751287565248e-05,3.9018815176622586e-05,0.0004950229766214602,0.0,0.0,0.0,1.543399689808692e-05,0.0,2,2
1382,1.284481280464282e-05,0.0001513682209372355,0.0,0.0010901663543152822,0.0,0.0,0.0,0.0007961217372726884,3,0
1383,0.007213367646043301,0.0,0.0,0.0,0.00015740855406329573,0.0004889588981699166,0.00016648369597367516,0.0,5,1
1384,0.05901499709622871,0.0,0.0,0.0,0.0011842087053485723,0.0005812911690168602,0.0001994573686516052,0.0,4,1
1385,0.0005628593767345268,0.003326927407655315,0.00216187994602444,0.027287812206059334,0.0,0.0,0.0012550921141901664,0.0,3,6
1386,2.0370009063554482e-05,0.00013034424852879757,0.00016953574241878482,0.02437989609577795,0.0004145365063183443,0.0,0.0002867197307182271,0.004698767888848133,3,6
1387,0.0003295037305198718,0.0004254419277111803,0.004316886512083259,0.0,0.0,0.0,7.571860864892512e-05,0.0,2,2
1388,4.4473037453666055e-08,5.943205275409649e-07,8.25600798682221e-06,0.0,0.0,4.676749259092809e-05,5.720170452593881e-06,0.0,5,2
1389,1.3458244505490018e-13,1.0921930905049669e-11,2.134732732494233e-10,2.613398569362449e-09,0.0,6.80678034661509e-08,4.611123929680661e-06,0.0,6,2
1390,0.00672684577870458,0.0,0.0,0.0,0.0004004249939162829,0.0005519668571713847,0.0,0.0,5,1
1391,0.010956080431675239,0.0,0.0,0.0,0.0006085840199802882,0.0005930739395487739,0.0,0.0,4,1
1392,1.3710041599336936e-06,2.32421373695592e-05,7.434401335533145e-06,0.0005477997452520537,0.0,0.000254019582318951,0.0,0.00018729282480036417,3,0
1393,0.007398596207023493,0.0,0.0,0.0,0.0002500251771667191,0.0,0.0,0.0,4,1
1394,1.836165157433197e-05,1.3723216188150932e-05,7.651476532457828e-05,0.00010616103338238558,4.793806893554374e-06,0.0010572976598063031,0.0,0.00022807695904762676,5,2
1395,1.963268997555601e-05,8.316359773281187e-05,0.00023909883987660027,0.005665299203197276,0.0,0.0024901423209649025,0.0,0.000852370720008629,3,3
1396,0.00010635458059182865,0.0017842834456600148,0.0,0.0075022205094608324,0.0,0.0008010429065318235,1.209204405139175e-05,0.002014005499986546,3,3
1397,1.2809709203721385e-05,0.00013133270578471245,0.00019463592299287746,0.0036047312016506765,0.0,0.0,0.0,0.0004575370668515245,3,2
1398,0.01703050853749302,0.007660728008585237,0.0,0.0032788979894552085,0.0014516515217841831,0.0,0.005709157457807845,0.2138990130510827,7,1
1399,2.5814391342991582e-05,1.4703784585748991e-05,9.6874737193706e-05,0.0012180213677760567,0.0,0.0015155042171697828,0.0,0.0005978140250272649,5,6
1400,0.0034651145358385606,0.0,0.0,0.0005615776328432677,7.218393687789045e-05,1.2066472690636439e-05,0.0,0.0,3,0
1401,0.0003714929554935161,0.00017113072351640884,0.0009418570984862559,0.00968114628873423,0.0,0.011203833015235677,0.0,0.0042406155537928975,5,6
1402,0.0034505452849548385,0.0,0.0,0.0,8.804700410174426e-05,0.0010756363308703372,0.0,0.0,5,2
1403,0.00010468938748451577,0.0001399441929767382,0.00042519834972490827,0.021814333431892808,0.0,0.0005676004545865709,0.00022326983663148006,1.0129257465574442e-05,3,5
1404,3.474819697380338e-06,5.3303684462025436e-05,0.00014472726011272033,0.0007345648042005415,0.0,0.00013790610644092273,0.0,0.00022817566188110757,3,2
1405,0.0015118109095750669,0.00822640329523026,0.050715907766782295,0.0,0.0,0.08029969581414932,0.0056443738836711565,0.0,5,2
1406,0.00022403589413018982,6.972952827836494e-05,0.000209168090764866,0.014177789367047727,0.0,0.0,0.00039761014770909155,0.00563453530118102,3,5
1407,0.0001171112098864505,0.000789575966026464,0.006034671152760652,0.0,0.0,0.012954195397226692,0.001047321346902517,0.0,5,2
1408,7.998853685118898e-06,0.00018832148418034241,0.00023307309570516407,0.00010335586342884245,1.3451167303640651e-05,0.0005920310538847686,0.00012768833864194596,0.0,5,6
1409,5.641059363117992e-06,7.275269291879953e-05,0.0004937225672142378,5.91980106363446e-05,0.0,0.005498072028495682,0.00011627139191445794,0.0,5,6
1410,0.0001923655305353703,0.0031620466698466052,0.011613109628435913,0.006818039944681439,0.0001759454044218288,0.09485664044966843,0.002629160370618392,0.0,5,2
1411,2.401807495345416e-10,5.119185024280612e-09,1.0740458999332757e-07,0.0,0.0,1.2094139799794187e-06,2.0127968146306224e-07,0.0,5,2
1412,0.0018037533182620534,0.0,0.0,0.0004540162771467045,0.00017229632978560419,0.0,0.0,0.0,3,1
1413,2.117451939594532e-05,0.0,0.0,4.691555927874356e-05,3.2151093800101665e-08,0.0,0.0,0.0,3,0
1414,0.00027850466849659993,8.614844352419601e-05,0.0,3.782714014603603e-05,1.6556032345980727e-05,5.289778097602949e-06,0.0,0.00012032537398775282,7,0
1415,0.048480723304347856,0.0,0.0,0.0011151292657395643,0.0006769375219074295,5.966730132722765e-05,0.0,0.0,3,0
1416,0.00016380084217383604,0.0027573434375269437,0.010026805104853837,0.003102494601666931,6.077499930134354e-05,0.07654095115825746,0.0042712406473330395,0.0,5,2
1417,5.891888616757086e-05,0.00010007661332373483,0.00032557370247321773,0.007448450388547421,0.0,0.0028107412337718017,0.0,0.003312481520810192,3,6
1418,4.382238856563417e-08,5.808223037520437e-07,7.980924402040735e-06,0.0,0.0,4.384973322976925e-05,5.249212605252175e-06,0.0,5,2
1419,2.8788789438365816e-05,0.00023417392940437031,0.002368610735933613,0.0,0.0,0.004046640600776779,0.0,0.0005842403327426193,5,3
1420,3.9886364319224844e-05,8.134866025742528e-05,6.230101621158023e-05,0.0014202446962282979,0.0,9.07546060070309e-05,0.0,0.00042905728906701956,3,6
1421,1.9114176811006093e-05,0.00025554452566955933,0.0019748001255292607,0.00025242021752844377,0.0,0.011332091762480762,0.0,0.0008969775929110981,5,2
1422,1.3251250339354925e-05,5.0749407845347275e-05,6.720573935508885e-05,0.002459378652943752,0.0,0.0,3.912415394022795e-05,0.0012760303807523615,3,6
1423,9.871358421686947e-07,7.93827109317527e-06,0.00010681985430986937,0.0,0.0,3.9145329005297675e-05,0.0,1.7772943143120482e-05,2,2
1424,5.469336819429333e-05,0.0004885009894399259,0.003128809872944578,0.012657610097708365,0.0,0.016850487463622058,0.0,0.005499660742021817,5,3
1425,0.00019294031402429884,0.0005190121873039081,0.0011198601438847987,0.03944738534223616,0.0,0.005380103476516362,0.0,0.0,3,0
1426,0.005382117416056237,0.0,0.0,0.0020093609047502265,0.00012694867219711724,0.0003837256733713145,0.0,0.0,3,6
1427,0.05079604233825141,0.0,0.0,0.0,0.000879499342574514,0.0,0.0001625138908039433,0.0,4,4
1428,0.01158750839314399,0.0,0.0,0.0,0.0003745612455033071,0.0,0.00021739727560491764,0.0,4,1
1429,0.003549121017833539,0.0,0.0005196071936821125,8.17598640706401e-06,0.0003912899784686486,0.0,0.0,0.0,2,1
1430,3.117547371014237e-06,3.4697177201964755e-05,3.6604762974621725e-05,0.0019090349680255432,0.0,0.0,0.000129912747053456,0.001055839328249032,3,5
1431,1.7543391037950343e-05,0.0006222912529496536,0.014492709958195316,0.0,0.3088778233914899,0.006124291802078374,0.0,0.0,4,2
1432,0.0002838601335387345,0.0,0.0001504604210602271,0.002294503682771447,0.0,0.0020920616809329555,0.0,0.0007254081132450701,3,6
1433,0.0002795698182522314,0.0,0.00016818772718065131,0.005573573180954217,0.0,0.00025928175731513355,0.0,0.001582167222875414,3,6
1434,0.015615162022655745,0.0,0.0005239996512105683,0.0,0.0,0.0,0.0005287488381834692,0.0,6,1
1435,1.7545061946491033e-05,0.0005291576757320736,0.01071816478453269,0.0,0.19775728503036571,0.003954842240333612,0.0,0.0,4,2
1436,1.5011647808759014e-05,0.0004307722969111804,0.008214615459263412,0.0,0.14115702030050614,0.0027685938488888873,0.0,0.0,4,2
1437,0.00012513963485889565,0.002905020365769567,0.0017462821273798222,0.0023486044755265203,0.0,0.012478379850334852,0.0,0.0,5,3
1438,1.7147014592228335e-05,0.00010224699602317901,0.00015752646615291424,0.00549777094030164,0.0,0.0002449805077553952,0.0,0.0020246686251147684,3,5
1439,0.003862348251650811,0.05426830491847717,0.0,0.0,0.0,0.0,0.0,0.01789082526548306,1,4
1440,0.05761308351198388,0.0,0.0,0.0,0.0010510705852634888,0.0,0.0002616683131508242,0.0,4,1
1441,5.193604757441359e-05,0.0007188965830175576,3.985770719925508e-05,0.005978191534708315,0.0,4.7524116619877825e-05,0.00012421744695865835,0.00045389921195651664,3,0
1442,3.2858853143838774e-05,0.0005181305696898745,0.001249652535622913,0.0003424337329901337,0.0,0.0007815019263293184,0.0,0.0,2,3
1443,0.008589294544275105,0.0,0.0,0.0011937636778630541,0.0002942134891836696,0.0,0.0,0.0,3,1
1444,0.004375112305583092,0.0,0.0,0.00022357633172399884,0.00016168291547006186,2.6595170159507936e-05,0.0,0.0,3,0
1445,0.00032566137858953574,0.0,0.0,5.632315677828741e-05,2.527009248159677e-05,4.52352854586319e-06,0.0,3.752756824414513e-05,3,0
1446,0.051075132425193695,0.0,0.005050567733492814,7.035069461600334e-05,0.003252889521191153,0.0,0.0,0.0,2,1
1447,0.0003469810826704489,0.0,0.0,6.032551598408713e-05,2.774201312259311e-05,5.013883517302648e-06,0.0,2.3998335929323305e-05,3,0
1448,3.822558555885573e-06,3.840998457681968e-05,0.00024755228571896856,4.465778256749506e-05,0.0,0.003040338921189894,1.747024045288896e-05,0.0,5,2
1449,0.001043496798529956,0.006880884578285052,0.002782295308101934,0.048834601780510425,0.0,0.0,0.001357119026070297,0.004093789610245061,3,5
1450,0.004071198920674863,0.06807655664217904,0.0,0.0,0.0,0.0,0.0,0.005002117384172856,1,4
1451,7.824127311582697e-08,1.5562856099388543e-06,0.0,3.8232593204108016e-05,0.0,9.984612213989188e-06,0.0,2.5798026027498576e-05,3,0
1452,8.934120896951732e-06,0.0002591814217411094,0.00019857438978056617,0.0003118480288969503,0.0,0.0019418687880629509,0.0,0.0,5,3
1453,0.050065386191893824,0.013270224459287229,0.0,0.0,0.0008488297631520296,0.0,0.0018775699710478566,0.0,1,1
1454,1.5992880892483318e-05,5.3634343698664196e-05,0.00018034219977714654,0.005987471632279301,0.0,0.0014413274131435739,0.0,0.0,3,3
1455,0.0033587087299211393,0.05283707896607983,0.0,0.0,0.00010726888270796714,0.0,0.0,0.011877207283529659,1,4
1456,0.0016681166202566328,0.0074417046727158825,0.05221899010657244,0.0,0.0,0.0,0.0008760293248807411,0.003042220786443356,2,2
1457,1.4423391811404124e-05,0.0001751584575304241,0.0013173227632812606,0.0,0.0,0.009948750330775257,0.0,0.001648126737035358,5,3
1458,6.9606444706558e-08,3.4012108437170115e-06,5.616208389045425e-06,1.090619420261278e-05,0.0,0.00012256171043147893,0.0,0.0,5,3
1459,7.371131445212504e-05,0.000542192115485949,0.0038385247292672025,0.006360719895755692,0.0,0.028351005092216306,0.0,0.0011294676676152254,5,6
1460,5.2981681566803666e-05,0.0012692740259416294,0.0,0.0,0.0,9.213040155210707e-07,0.0,0.0006004118236479617,1,0
1461,0.0004018058597556959,0.0089977636577706,0.0,0.0,0.0,0.0,0.0,0.0019040001543409537,1,0
1462,0.0002827973668191707,0.00564980820395984,0.0,0.0,0.0,0.00016507866626402527,0.0,0.002368527125414743,1,0
1463,2.090368583021329e-05,0.0004339750515299057,0.0004481698246517863,0.0013287167327612865,0.0,0.005169413451439011,0.0,0.0,5,3
1464,0.00032812995476751096,0.0,0.0,3.577998042653941e-05,2.2890922985997052e-05,4.190200869104819e-06,0.0,0.0,3,0
1465,0.0010222252840368675,0.011291245984762114,0.0,0.0,0.0,0.0,0.0,0.0,1,4
1466,0.05542658786100093,0.0,0.0,0.0,0.0008863383154693839,0.0,0.0002404393656764571,0.0,4,1
1467,0.0004404220906420509,0.007025360787123375,0.00538599957894729,0.0,0.0,0.02199901212115941,0.0,0.0,5,2
1468,5.594181402234385e-05,7.263327364790828e-05,0.00014385990494294464,0.014443961669661965,0.0001710519356079874,0.0,0.0,0.002619859011846955,3,4
1469,0.000291683815490921,0.0013383075969521994,0.0,0.004182946830949428,4.850431646558358e-06,0.0,7.332531745429203e-05,0.0,3,6
1470,9.389985855373976e-05,0.0003278251504695078,0.003171454087938923,0.009912008016134285,0.0071790361277520335,0.004081071281568104,0.0002475611268054255,0.0,3,2
1471,8.647353204718975e-05,0.0,0.0,0.0,1.1545448586074987e-05,1.874703527631266e-05,1.2619108489806954e-05,0.00017315592775518488,7,1
1472,0.0005450742800497273,0.00843041208727546,0.03790301818635971,0.005644419517676938,0.006981639519565897,0.09209422701826914,0.009348780285249114,0.0,5,2
1473,2.1794975413275326e-05,0.00048155370761520196,0.0016352429792486282,0.0005698150907735188,0.00014819639190379649,0.012224177692668,0.0009657603881178543,0.0,5,1
1474,1.2925709819006892e-05,4.87599720718065e-05,6.2311230987504e-05,0.010600159896269444,7.884509378442175e-05,0.0,0.0,0.0029406176250518904,3,6
1475,3.797762386009844e-06,2.3231099701108302e-05,2.255064235944473e-05,0.005982989242541013,7.176694419839913e-05,0.0,0.0,0.0015729917561208247,3,6
1476,0.0009752843892417009,0.0002268826709873451,0.002006327501400157,0.06403749381411104,0.0,0.005836055823024251,0.0,0.0,3,0
1477,0.0011811153913366382,0.0005176606700752731,0.002937467413076175,0.11314695239808414,0.0,0.00282571334423582,0.0010714375886717105,0.0,3,5
1478,0.00015382694415464265,0.0001133502116076157,0.0005872373543949024,0.028607307044247424,0.0,0.0018575652230073377,0.0,0.0,3,0
1479,0.05590706817908342,0.0,8.22534327002768e-05,0.0,0.0,0.0,0.00022636244558070062,0.0,6,1
1480,0.050100720579330904,0.0,0.0,0.0,0.0007718577177674337,6.475582733548334e-05,0.00011737435575157623,0.0,4,1
1481,0.057483673209549814,0.00863053902461742,0.0,0.0006113295435195105,0.0022760879802039688,0.0,0.005670817076869515,0.17079741860839254,7,4
1482,1.1485708325079984e-05,0.00015447648319822602,0.0007183120676777801,0.0008859101427738352,0.0,0.009386373423986913,0.0,0.00124945182593911,5,0
1483,0.05654121812038115,0.0,0.0,0.0,0.0002762878009110355,0.0,0.00029445864053975437,0.0,6,1
1484,7.468431764626344e-05,0.000412973616306664,0.0005904721692467603,0.015783938702376873,0.0,0.00011197848563468835,0.00012261396094786814,0.0019324874849933117,3,6
1485,0.006236003536156621,0.004859937320417623,0.04324738119797709,0.0,0.0,0.0,0.0005784869791235947,0.0,2,1
1486,6.303557513884385e-05,0.0001420525711611745,0.0003988819557078073,0.020420583150100573,0.0,0.00031703217840006905,0.00032310410416670293,0.003052342026567607,3,5
1487,0.00011503325503154885,0.0008290889405853964,0.005578202573135537,0.0,0.0,0.01754498973471706,0.0,0.00033174609852962115,5,2
1488,0.0036641368349158805,7.053522472361973e-05,0.0044149172311016786,0.0,0.0,0.0,0.00011212470241016619,0.0,2,1
1489,0.0053086452686971815,0.0025203518447852445,0.0,2.7428818016128564e-05,0.0003636450516157289,0.0,0.0010456180526249813,0.015714786393803734,7,4
1490,0.00010484986610172648,0.0001356252170140925,0.0007104085625840116,0.02266928857515282,0.0,0.002255905768989891,0.0,0.0,3,3
1491,0.007754272925834695,0.0,0.0,0.0013299518133790952,0.00016992892655999858,6.080347991410818e-05,0.0,0.0,3,2
1492,3.1055681737480426e-05,9.69198563969365e-05,0.00025320313699400465,0.011638227235949513,0.0,0.00242971087234165,0.0,0.0,3,0
1493,0.0035442520875163678,0.057915081268569264,0.0,0.0,0.0,6.589406940389815e-05,0.0,0.008500315714337691,1,4
1494,8.654097172487756e-06,5.090664837636352e-05,3.515549591372179e-05,0.0018078381340924142,0.0,0.0,0.0,0.0003442813476507584,3,6
1495,8.207362880593696e-05,4.4478109043768904e-05,0.00030213365037090687,0.014237431257076707,0.0,0.000358906135726588,0.00016202860716718034,0.0,3,5
1496,0.005686025213445103,0.000619605403308145,0.0,0.0,0.0003506205728002572,0.00013116671955277945,0.0,0.014995257540818903,7,1
1497,0.006051640753322285,0.005316921798534326,0.0,0.0,0.0004881826515643262,0.0,0.0011424490776760778,0.06439898245236307,7,4
1498,0.05316386652277863,0.00036632720814125586,0.0,0.0010267366121219405,0.0012678438905571142,0.0,0.002559080404212655,0.10084152444028342,7,1
1499,0.00013166743430206634,0.0009786145425346737,0.008448495371751973,0.0,0.0,0.011348961714772171,0.0,0.0018681257570588674,5,2
1500,0.00423890779666184,0.0,0.00016704068041061714,0.003368500447194259,5.1812649966043645e-05,0.0011969280983716692,0.0,0.0,3,2
1501,3.4547964612313446e-05,0.0004406242124910983,0.003061489600423367,0.0,0.0,0.01469952247945268,0.0,0.0,5,3
1502,0.05174310793773295,0.0,0.0,0.0,0.0007913079242771088,0.0,0.0002216605008850069,0.0,4,1
1503,9.049972493949606e-05,0.00046394439268841145,0.0013973294059922918,0.015243475944847094,1.9765091959461996e-05,0.00544576715684168,0.0,0.00411192260764002,3,6
1504,4.862306924943529e-05,0.00034921804030167697,0.0004079967403029195,0.01008829854183517,0.0,0.0,0.0005913079615378696,0.0021859992707906435,3,5
1505,0.0003423953450924278,0.0,0.0,9.327830163259787e-05,2.7765961668092597e-05,5.08004043661786e-06,0.0,0.00022016768330095283,7,0
1506,0.007886889368907912,0.0,0.0,0.0,0.0002589482767996636,8.439181760851443e-05,5.426215737215913e-05,0.0,4,1
1507,0.00039990148438238965,0.00863476600888524,0.0,0.0,0.0,0.0013886659363827704,0.0001945897333216684,0.0,1,4
1508,0.0003548760703472814,0.00043226622313451444,0.004260788076317886,0.0,0.0,0.0,0.0,0.0004140107743522672,2,2
1509,0.00012963336250002363,0.0006471611591967224,0.0016061400454771475,0.021994299220668045,0.0,0.013155875690475837,0.0,0.005733839022815068,3,2
1510,9.172333366589099e-07,3.53573977848744e-05,4.640338707717208e-05,7.254870919967292e-05,0.0,0.000710964171468578,0.0,0.0,5,3
1511,0.005796340351790221,0.0,0.0,0.0,0.00032869960732136486,0.00014381150774299992,0.00028754108891710007,0.014105107669156297,7,1
1512,3.011087103652147e-10,6.821236532749069e-09,1.530720847735407e-07,0.0,0.0,1.994511315832576e-06,3.596548292998871e-07,0.0,5,2
1513,5.558262579936914e-07,1.618083812980989e-05,2.396974066452273e-05,1.2947371579674205e-05,1.6658730873813773e-06,8.01848742857508e-05,1.9283134313090294e-05,0.0,5,6
1514,0.0005527051748470079,0.00027051237538170406,0.0019597948536662214,0.0036520126310888926,0.0,0.012353023716345085,0.0004107436334320699,0.0,5,2
1515,5.861947522556955e-05,0.0002976609076754902,0.00035928529048315265,0.011535015276373408,0.0,0.0019490283879918945,0.0,0.0014044378851208895,3,6
1516,5.0269100511975454e-05,0.0004938085405273208,0.002147065036535247,0.009162928937107288,0.0,0.027278240578758495,0.0,0.005102661055988095,5,3
1517,8.207362880593696e-05,4.447810904376847e-05,0.0003021336503709068,0.014237431257076707,0.0,0.0003589061357265916,0.0001620286071671823,0.0,3,5
1518,0.00010240276637363952,0.0005020129986411943,0.004708996787687837,0.0,0.0,0.0,0.00013032695410796708,0.0,2,2
1519,0.060656907314076476,0.0,0.0,0.0,0.001171895317996375,0.0004935194847727534,0.00022866007803707417,0.0,4,1
1520,1.0353521454140395e-08,2.7221485638938656e-07,4.359027144354027e-06,6.8941041040856006e-06,0.0,8.451779947287243e-05,0.0006684183551853945,0.0,6,3
1521,1.4835662656578912e-09,4.8533552911561776e-08,9.35660360589962e-07,1.8246684551041282e-06,0.0,2.4191953507084757e-05,0.000214447072435464,0.0,6,3
1522,7.56030980087113e-07,1.4858534360209397e-05,0.00017086718525734598,0.000223033608178628,0.00012956022438692278,0.0,0.0,0.00012739588366660474,3,2
1523,0.01018780969124395,0.06528293949006586,0.0,0.0,0.000490398541242187,0.0,0.0,0.04170847611367574,1,4
1524,0.0010311436359281621,0.00014784995616293908,0.0018416481652523812,0.06681809472710132,0.0,0.0024195811014048564,0.00018553870668415888,0.0,3,0
1525,9.117772633484298e-05,0.00025559425115801614,0.0016747066241952272,0.012232147170418036,0.0,0.009593578731398838,0.0,0.00040570010907295666,3,6
1526,1.0996368588790088e-08,2.9264529754766853e-07,4.737734703785409e-06,7.6241821842388095e-06,0.0,9.411273174506749e-05,0.0007515293775573612,0.0,6,3
1527,6.729055730677186e-07,1.4006321225515593e-05,4.3911981500496795e-07,0.0003243945543747959,0.0,0.0,2.3193909003201046e-05,0.00020355254305728598,3,5
1528,5.519851238124387e-05,4.4410096224168536e-05,0.0,9.489844266080029e-05,7.586965616308223e-07,0.0,0.0,0.0003216264090946612,7,0
1529,9.74127814668653e-05,0.0006600272522575678,0.0008381355669802017,0.027016517395091703,0.0,0.0,0.0012117055694976177,0.009361999397328883,3,5
1530,2.6471073966296734e-08,3.727217715159985e-08,7.223284631886911e-07,0.0,0.0,4.044771626684967e-07,0.0,4.349391192443544e-08,2,2
1531,5.122069448510758e-06,4.658588420817658e-05,0.000394811223576873,0.0007994566719700408,0.0,0.0038388863766866173,0.0,0.00016555071369890137,5,3
1532,0.0002546144167529035,6.060482470549902e-06,0.00045411492785836906,0.0,0.0,0.0,1.655248149234851e-05,0.0,2,4
1533,0.00010580022169173285,0.00012706293880532037,0.0003390379415769665,0.01643905875271164,0.0,0.0013110442161993075,0.0,0.0,3,0
1534,0.0001252107819815767,0.0016715148208885156,3.6881104747645044e-07,0.015350222115451992,0.0,0.0,0.0006855181391905965,0.007439785157154041,3,5
1535,0.0012545235952260711,0.0,0.0,0.0,7.263527654818648e-05,6.439418086946447e-05,4.343131166927375e-05,0.0,4,1
1536,4.0251621000057046e-05,0.00022289445397956004,0.0021840692984575086,0.001483584223585354,0.000712348636474533,0.0014720556529461547,0.0,0.0007641925586163628,2,2
1537,0.004784524726134013,0.0,0.0,0.0,0.00023688490010450095,0.0004742029755485888,0.0,0.0,5,1
1538,0.0007127249056536353,0.005718030743756056,0.0,0.0,0.0,0.0007901064604336305,0.0,0.003513518386275746,1,4
1539,3.0903530633781438e-09,5.1064828291956057e-08,8.491819165465352e-07,0.0,0.0,6.334910930766409e-06,8.641109965649964e-07,0.0,5,2
1540,0.00014754341486660727,0.001476357260251277,0.004504656963034398,0.00574801421732297,0.0,0.04671856333108049,0.0,0.009359891761300405,5,2
1541,0.00045233753345684123,0.0010041029468273672,0.0,0.0,8.135887074636403e-05,2.583392316641337e-05,0.0,0.0036304120658693043,7,0
1542,3.442165469442364e-05,4.004818541145235e-05,0.0003219827662379024,0.013718497463667328,0.0,0.0006635102125676516,0.0001752176754787851,0.0,3,0
1543,0.0009881758454450352,0.0004561815060761729,0.004319193790064128,0.057309530954363246,0.0,0.02339007014648346,0.0,0.0,3,2
1544,0.0002635174579426064,0.0,0.0,0.0,1.3009479664635907e-05,1.493136508085162e-06,3.229210848197891e-06,0.0,4,1
1545,7.099060051061882e-07,1.3769083135886511e-05,0.00015629098382372096,0.00020063920585586335,0.00011690786345658387,0.0,0.0,0.00011325575519396452,3,2
1546,0.000532167336855863,0.001255167982283694,0.0,2.2223707092925987e-05,0.00011198618937119087,3.548786693512533e-05,0.0,0.0059046212242734614,7,0
1547,8.127962127625655e-05,0.0011515663805997272,0.0004953183311394972,0.001840316162610525,0.0,0.010953964495107056,0.0,0.0018549838058020908,5,3
1548,1.8604053033643574e-05,0.0002523918573514815,7.47112129658488e-05,0.004049545677937907,0.0,0.00180796786909458,0.0,0.001152300442691542,3,0
1549,0.0016392945066120972,0.026346893321005142,0.0,0.004172003762429696,0.0,0.0,0.0015933857501499423,0.0,1,4
1550,0.0011080016078142962,0.004453123258640079,0.005878946888058913,0.07939196762105989,0.0,0.04391985698777034,0.0,0.01846178322643357,3,2
1551,0.0006489877327873497,0.010745560457940104,0.015694089726191986,0.0,0.0,0.0,0.0008118398046847401,0.0,2,2
1552,0.006796218435706086,0.0,0.0,0.0,0.00027349918053325525,0.00010542201289160999,9.816379514930499e-05,0.0,4,1
1553,1.2149722710101503e-05,7.600533017778187e-05,0.0005318955971033201,0.005301657541047652,6.699817496958241e-05,0.0007627729153671348,0.00010099117045826364,0.0,3,6
1554,4.588943527177369e-06,1.1334644239867163e-05,0.0,2.3804802847891945e-05,1.8389916778785643e-06,3.3650951296998165e-07,0.0,0.00017114488560079273,7,0
1555,0.0014619119561936865,0.018429989450785653,0.0,0.0,0.0,0.0,0.0,0.0013254245927513087,1,4
1556,0.04597028733728961,0.0,0.0,0.0,0.0006140596769124622,5.42949172616356e-05,0.00010353500353548734,0.0,4,1
1557,4.9049414154558146e-05,8.215195603123352e-05,0.0002590428320097125,0.014017896799824292,0.0,0.0004589372716906008,0.00011019520631963077,0.0021598151781846765,3,5
1558,2.525778386046683e-07,7.42901666619067e-06,0.00011453815482418232,2.044272982165163e-05,0.00028839243042993795,0.0,3.368794564057342e-05,8.314886351112188e-06,4,2
1559,2.721877288382067e-07,6.788612601932304e-07,0.0,0.0,2.1131965305476042e-07,9.819748941437182e-08,0.0,1.1987497543049014e-05,7,0
1560,6.879443493369421e-10,1.8697700286485902e-08,3.661425062318545e-07,2.4418933136921004e-07,0.0,1.720273374222735e-06,5.871654463581716e-06,9.721923209727346e-08,6,3
1561,2.6471073966296734e-08,3.727217715159985e-08,7.223284631886911e-07,0.0,0.0,4.044771626684967e-07,0.0,4.349391192440654e-08,2,2
1562,4.4998691920887534e-05,0.0008737704349327241,0.008268435968186588,0.0013266209319364088,0.019858255203295837,0.0,0.0001254618809576308,0.0002451252329479032,4,2
1563,0.00029420778168935923,0.0,0.00017775346404622498,0.003347230071343365,0.0,0.000946415280986643,0.0,0.00045991066972842534,3,2
1564,2.95059547759727e-06,1.4865021339126905e-05,6.931988971947507e-06,0.002102516838325975,4.731336913457135e-06,0.0,2.349898077431739e-05,0.0001179526393809537,3,6
1565,3.6348285926523364e-06,8.646297758829219e-05,0.0011135764283921273,0.00016467090352360268,0.0023900649959063473,0.0,0.0002241623090424158,4.861026646815029e-05,4,2
1566,1.085859092750435e-08,4.0595537505385464e-07,1.3959399301250852e-06,0.0,0.0,3.721200923178663e-06,0.0,0.0,5,3
1567,5.903517641586487e-05,0.00025133977444795276,0.0001648655649052155,0.034180755759625266,0.00018793798747263865,0.0,0.0,0.005152849018053234,3,6
1568,0.0001361738014461377,0.0,2.4648560253756523e-05,0.0,3.19787322025556e-05,1.3464816579229558e-05,0.0,0.0,4,1
1569,0.000549454874459835,0.00015266760101401985,0.002211090248905413,0.0006713574188408452,0.0006886250366921492,0.0005288765799612474,0.0004472433953044521,0.0,2,1
1570,0.00010658252556750403,0.002509218575376333,0.0005486996799992252,0.00016686038151333125,0.0,0.010546005151670534,0.0,0.0,5,2
1571,1.8793960224983753e-06,8.714671937981157e-06,0.0,0.00012498361703549183,0.0,0.0,1.0170766219619173e-06,7.385607094644381e-05,3,0
1572,6.34850930654944e-05,0.0011981543413266244,0.00891339600780896,0.0029640825867855445,0.0029685768512241364,0.010151807032740377,0.00044191506423004926,0.0,5,3
1573,3.762682620090152e-05,0.0008720363830575567,0.00032326047179923436,0.00045024153366891796,0.0,0.007030184915617306,0.0,0.0,5,2
1574,0.0002827919244133393,0.0037360086622535596,0.01653758893660404,0.0005670253046403114,0.0,0.09994071783704055,0.005605559061261837,0.0,5,2
1575,3.7364703644020304e-06,3.630272902953167e-05,7.312535452785522e-05,0.0005547831051182002,0.0,0.0,2.8040939252774772e-05,7.065268812536165e-05,3,6
1576,0.006926061088337275,0.0,0.0,0.0,0.00019206756430105058,9.935995566512182e-05,0.00012280599187675074,0.0,4,1
1577,3.943747396324508e-05,0.00029380931192691444,0.0006701403702014409,0.014269626498123028,0.0,0.0011562449852386032,0.0,0.006899257259672801,3,6
1578,0.0016245568367228205,0.02475595748605819,0.02110663612885062,0.0061937924675420555,0.000821747177380602,0.029894803731373088,0.005089964459639881,0.0,5,2
1579,0.01703050853749302,0.007660728008585236,0.0,0.0032788979894552085,0.0014516515217841862,0.0,0.005709157457807852,0.21389901305108266,7,1
1580,3.5698801733938417e-05,0.00018553887952936976,0.0,0.0016171711149340988,0.0,0.0,0.0,0.0011916498660644592,3,0
1581,0.052365982909602024,0.0,0.0,0.0,0.0009002002292207881,0.00039763749044798014,0.0001727950461009447,0.0,4,1
1582,0.009886531885649887,0.06025537102224895,0.0,0.0034857481579358717,0.0022067470307241825,0.04508722223012493,0.0,0.04527173405797163,1,2
1583,1.3073533393838325e-08,4.5501857633380867e-07,6.583661509785651e-06,3.10454670173831e-06,4.443247548889986e-06,0.0,0.0,1.3220152108895431e-06,2,2
1584,0.00034411575871455086,0.0003827948877299371,0.0007845805160625903,0.0194051955442779,0.0,0.001995027555890248,0.0,0.00599740803980673,3,6
1585,9.628594804316034e-05,5.642470757844217e-05,0.000422786022405404,0.019544672703547983,0.0,0.0006414941023019195,0.00021352287188885458,0.0,3,5
1586,3.5698801733938417e-05,0.00018553887952936997,0.0,0.0016171711149340986,0.0,0.0,0.0,0.0011916498660644584,3,0
1587,6.97415387724092e-05,0.0015040614286636028,0.0008933072677411769,0.0008814933957986283,0.0,0.010113609630859867,0.0,0.0,5,6
1588,0.00010382894945658681,8.218817028658291e-05,0.0005565170267472161,0.025759535642796934,0.0,0.0007975561158092247,0.00039670326201236296,0.0,3,5
1589,0.055566821138040075,0.0,0.0,0.0,0.001020275809447282,0.000244380429299208,0.00017400091456680483,0.0,4,1
1590,4.733336616686404e-05,0.0003654741853665225,0.00038572700014134076,0.0077130018200260745,0.0,0.0,0.0006112518738929666,0.0015209744855697437,3,5
1591,0.008483691242522705,0.03033586622595655,0.0,0.0010736965772590297,0.00019713604917238276,0.0007076988546200867,0.0,0.02718380298260882,1,4
1592,0.004174843699439727,0.0,0.0,0.0,0.00015862003126155844,0.0,0.0,0.0,4,1
1593,0.05318031286332629,0.0,0.0,0.0,0.0010876086960438138,9.637451948479849e-05,1.2948644569305523e-05,0.0,4,1
1594,0.005779106148348857,0.0,0.0,0.00022756787998792,0.00031118885104225067,0.0,0.0,0.0,4,1
1595,0.057675307962759964,0.0,0.0,0.0,0.0011494257229770076,0.00046603982505111707,0.00016793218706320534,0.0,4,1
1596,7.736767480415601e-05,9.12527921084499e-05,0.00020336379905545038,0.005540275991584562,0.0,0.0017727635710183501,0.0,0.0007208193675961386,3,6
1597,6.851303018698645e-05,0.0003607478477004788,0.0,0.0,0.0,0.0,0.0,0.0005218513673787837,7,4
1598,0.009864428796931609,0.0,0.0,0.0,0.0005635084573801628,0.0005989169034707483,0.0001002906375202455,0.0,5,1
1599,1.284481280464282e-05,0.0001513682209372356,0.0,0.001090166354315282,0.0,0.0,0.0,0.000796121737272689,3,0
1600,0.07251604615595049,0.0,0.0,0.0,0.0016070979494655867,0.0009805927036019184,0.00015111751361723895,0.0,4,1
1601,0.00034363211503459374,0.007783929411792375,0.0,0.0,0.0,0.01128991931262695,0.0,0.0,5,2
1602,0.0013915049872591059,0.0008858728882109492,0.0021705834971239646,0.08972338577244136,0.0,0.0021853474112645222,0.0005382971309728207,0.0,3,0
1603,2.943099279960662e-05,5.4423286966144134e-06,0.0,4.327636770088228e-05,4.6884355756877855e-06,3.4867801881112306e-06,0.0,8.981628387254992e-05,7,0
1604,0.0002740315172911529,0.003553144090240247,0.028525142595322784,0.0017937497542934672,0.007849431762952998,0.006334716442053669,0.004490558400775195,0.0,2,2
1605,3.4248887517806685e-05,0.0004166868226212792,0.004096439815429313,0.0,0.0,0.004450296490820389,0.0,0.000781471748648369,5,2
1606,2.4579164785669413e-05,1.3743076059638023e-05,0.00012295933692708856,0.001057151273221618,0.0,0.0014106909946538005,0.0,0.00023822407449828432,5,6
1607,6.823098177318924e-05,0.0014756649398030856,0.0008771175169716171,0.0002500836844532806,0.0,0.010010817725160472,0.0,0.0,5,4
1608,0.0002740315172911529,0.003553144090240247,0.028525142595322784,0.0017937497542934672,0.007849431762952998,0.006334716442053663,0.004490558400775192,0.0,2,2
1609,8.021331239570964e-06,4.728208270957843e-05,6.267523054598765e-05,0.012695430215771127,0.0001791236919343725,0.0,0.0001635961519252599,0.0020060662136884844,3,6
1610,5.6097538831666625e-05,9.127685591108926e-05,0.0,0.0,1.4267422609344943e-05,5.250450452163855e-06,0.0,0.0005957654576336808,7,0
1611,3.819882616723105e-06,2.057997780277098e-07,0.0,4.0690429980783114e-05,1.0525685445792915e-07,5.819077614204149e-07,0.0,6.694707479503897e-06,3,0
1612,0.005352742426603717,0.0,0.0,0.0009863494768721794,0.0001608922644365919,0.00013693159542733547,5.631801382517993e-05,0.0,3,6
1613,5.7781219890162e-06,0.00022826632417215678,0.005824966874443365,0.0,0.13350468572064197,0.0026996681277484972,0.0,0.0,4,2
1614,1.4662260699087587e-05,0.00036681281384518655,0.00545119316463044,0.0,0.05828503394146546,0.0012235687360087318,0.00014560469497804202,6.995629945852506e-06,4,2
1615,0.003898615951244907,0.0,0.0,0.0,0.00014891028770681574,0.0,0.00018229080041890476,0.0016857551204939429,7,4
1616,0.00033833493069499967,0.0002499757368974072,0.00038975170280028274,0.02437851906193983,0.0,0.0,0.0,0.008051812049678154,3,6
1617,1.314492284841392e-06,3.0312449369014757e-05,0.0002043742433972018,0.0007552719522111369,0.0,0.012782729711903187,0.46145928552235477,0.0,6,3
1618,0.058065208306925034,0.0,0.0,0.0008799532731952158,0.0012385901243664368,0.0,0.0001510966627015509,0.0,4,1
1619,3.849469601897635e-07,1.1070901654195182e-05,9.104607740720865e-05,0.00040127974699874416,0.0,0.007311478580307592,0.29306533027459036,0.0,6,3
1620,0.05053546900064734,0.0,0.0,0.0,0.0007873460707169865,6.994534385413518e-05,0.00011881530690737552,0.0,4,1
1621,0.000481366994481039,0.005925687609278039,0.010609609972964708,0.0,0.0,0.06587916740747779,0.0,0.0,5,2
1622,0.015218980778223961,0.0,0.0,0.0,0.0006824675480912532,0.0010871656002610878,7.11234707826267e-05,0.0,5,1
1623,8.207362880593696e-05,4.4478109043768904e-05,0.0003021336503709055,0.014237431257076704,0.0,0.0003589061357265925,0.0001620286071671779,0.0,3,5
1624,1.0227273284637218e-08,2.672667197756651e-07,4.243932749311167e-06,6.650731594234119e-06,0.0,8.114621183877619e-05,0.0006356896199124146,0.0,6,3
1625,1.4747935026667055e-09,4.8108402281838837e-08,9.238221211936298e-07,1.7940718521698147e-06,0.0,2.3735336224153305e-05,0.0002095042346670274,0.0,6,3
1626,5.5010151376615666e-05,0.0004470365035989439,0.0024068297302028505,0.0003596774578180971,0.0,0.022446505034800605,0.00011400337640124328,0.0,5,2
1627,1.20629065247697e-05,0.0002551344159868967,0.0011146960886321963,0.00043618203158544543,3.464615958798575e-05,0.011520831921056593,0.0007379883808928637,0.0,5,2
1628,0.00010705907190998024,7.747015985326657e-05,0.0005163124125889129,0.025818249857501255,0.0,0.0007038304177775316,0.0003884949335893222,0.0,3,5
1629,0.0038088836911067503,0.06327617647526099,0.0,0.0,0.0,0.0,0.0,0.011037349523217922,1,6
1630,0.06509183101761955,0.0,2.9553302236656346e-05,0.0,0.0019431320757763058,0.00034620901450701125,0.0,0.0,4,1
1631,0.052194649565260175,0.0,0.0,0.0,0.0008157656210769983,0.00018480023021968183,0.0001796215047190486,0.0,4,1
1632,0.0008864770982618951,0.0,0.0,0.00013531008395212656,5.6469885184999434e-05,0.0,0.0,0.0,3,1
1633,5.6631471774684155e-09,1.9465815010082539e-07,1.8282191775491894e-06,9.802742725711791e-06,0.0,0.00018818604186688167,0.00809818455893478,0.0,6,3
1634,0.0003045709000268664,0.0035543107869890384,0.012455703174971702,0.02261176635450438,0.0,0.10158196103204568,0.002142304509143254,0.0,5,2
1635,1.4854152097776448e-07,3.956695346947492e-06,2.9346632936716757e-05,0.00011711879990338253,0.0,0.0019830916338446094,0.06908525644135889,0.0,6,3
1636,0.059264025296687395,0.0,0.0,0.0,0.001300984356619849,0.0005530627390337056,6.981337521323653e-05,0.0,4,1
1637,1.5246925220079055e-05,2.1734131829243687e-05,8.297595485269524e-05,0.005385755410458584,0.0,0.0002824522524781892,1.522861366956689e-05,0.0,3,0
1638,0.005466902801216585,0.0,0.0,0.0,0.0002868409268405209,2.5990432533649532e-05,0.0,0.0,4,1
1639,0.013800784609081698,0.0,0.0,0.0,0.0007011518919400106,0.0003969628961803088,0.0,0.00016534567342192975,4,1
1640,0.0098978009613834,0.0,0.00021146716382604167,0.0,0.000512139436394828,0.0001063657402465561,0.0,0.0,4,1
1641,3.100611243102046e-05,0.00020349267726750206,0.0,0.00410542750391098,1.832526989511036e-05,0.0,0.0,0.00026174182163127,3,6
1642,0.011072174999333738,0.0,0.00014720658667729573,0.0,0.0,0.0,0.00021584853722335175,0.0,6,1
1643,0.004087350809390672,0.06914664745165637,0.0,0.0,0.0,0.00955607138428373,0.0,0.009122996964806654,1,4
1644,5.6611404896146e-09,1.9451368323296406e-07,1.8272510950374632e-06,9.781182112249656e-06,0.0,0.00018767277462741725,0.008069233693790555,0.0,6,3
1645,1.5511603040563348e-05,5.189916259765338e-06,2.0001078675328073e-05,0.0017198412788530654,0.0,0.0,5.2288986919889675e-05,0.0007656589124936891,3,1
1646,0.005387773555644016,0.0,0.0,0.0,0.00023021807675371072,0.0006568118018614072,0.0,0.0,5,1
1647,1.0341451822590074e-05,0.0003131601627434274,0.00029866970026029907,0.0004268567220631187,0.0,0.0034839637773929873,0.0,0.0,5,3
1648,2.8275256174992626e-05,5.591962611841598e-05,7.43740596720376e-05,0.010258683300880356,0.00014141315843483137,0.0,0.0,0.0019357619031526252,3,6
1649,0.00025580238903416444,0.0,0.0,0.0,1.262725969671612e-05,4.2855454775726825e-07,4.397661261857594e-06,0.0,4,3
1650,3.3687077039138305e-06,1.1661070669220066e-05,0.0,8.227824657069986e-06,2.2965291399001926e-06,7.731204150765592e-07,0.0,0.00018686459263450732,7,0
1651,1.4050162214974626e-08,4.978168477860535e-07,7.339308501086919e-06,3.5502572091500403e-06,5.055448960981841e-06,0.0,0.0,1.5519425586572219e-06,2,2
1652,2.7776962922451132e-05,0.00022491096257389113,0.00018752716394609224,0.0004663995511332554,0.0,0.0012274386425529873,0.0,0.0,5,4
1653,0.00016063264288200904,0.002690278024381467,0.00959533459137503,0.0029892197058354448,0.00023777007010012435,0.07173404835032965,0.004011425893072369,0.0,5,2
1654,0.0007917020066838282,0.0025429835818082695,0.019860141517277868,0.001133363846225632,0.005629734035818754,0.0037229527876726097,0.002938106810353863,0.0,2,1
1655,0.00011831613317457412,0.0028455453035504865,0.0,0.0004500080312642744,0.0,7.164850643778494e-05,2.146843399554618e-05,0.0,1,3
1656,9.795761000991894e-05,0.0004763115242920455,0.004358584639536755,0.0,0.0,0.0,7.242659809459764e-05,2.8425640957040295e-05,2,4
1657,0.001314861613920461,0.005139769859050439,0.03877206286851281,0.0,0.0,0.0,0.0003879090658050075,0.0,2,2
1658,2.759338542129513e-11,1.4569415084675363e-09,1.9725436359334762e-08,1.597917765427073e-07,0.0,3.5726363865891813e-06,0.00019279149899763682,0.0,6,3
1659,9.588186142656035e-07,1.39940817238398e-05,6.87819566525729e-05,0.00013108909933242765,0.0,0.001383516355403645,0.0,0.00030514236538108455,5,6
1660,0.00038155714874588934,0.005471122197694535,0.03067541945030062,0.003032542770889071,0.004031583077250937,0.07839842152868329,0.006988627635860036,0.0,5,2
1661,0.0018882805589188804,0.014574520781473725,0.04487187958626829,0.0,0.0,0.0,0.001384351300864538,0.0,2,2
1662,0.0006453634419919495,0.0,0.0,0.0,5.602387241818476e-05,0.0,4.320574729830013e-06,0.0007076741865606607,7,4
1663,0.00033221644388628974,0.0,0.0,0.0,3.143853359351209e-05,0.0,0.0,0.0003640337952066749,7,4
1664,0.005679320460593715,0.0,0.0,0.0,0.00023739122290388547,0.00016592725478779648,1.9790933419140943e-05,0.0,4,1
1665,0.012799625938480814,0.0,0.0,0.0,0.00043885160771077366,0.00022953800090063438,5.1435148458440384e-05,0.0,4,1
1666,7.411128866715265e-06,5.700765996846703e-05,0.000489857040008188,0.0,0.0,0.0,2.31977415664922e-05,0.0,2,2
1667,5.336545363648425e-05,0.0,0.0,0.0,1.2465482853802735e-06,6.913178937083847e-05,0.0,0.0,5,2
1668,2.4463532538108764e-05,0.00014403620927250184,0.0015600352580578904,0.00026754741828921146,0.00045334332269562276,0.0,0.0,7.797977909644451e-05,2,2
1669,0.05529719327440031,0.0,0.0,0.0,0.0010159822178989453,0.0003174310039809177,7.920542070136894e-05,0.0,4,1
1670,0.00010054874815358772,0.001651128730666139,0.0,0.007795064233205927,0.0,0.001380083949247229,0.0,0.00155897558808382,3,5
1671,0.00010093925119320802,0.0006399552768569755,0.00639126103083865,0.0,0.005642960704766403,0.0,0.00018337063844400158,0.000121713683678079,2,2
1672,2.7431669599017205e-07,4.238679072659783e-06,3.2319495719757848e-06,4.090985298655462e-06,0.0,0.00011381884724097264,0.0,8.472764791851002e-06,5,4
1673,2.7431669599017205e-07,4.238679072659783e-06,3.2319495719757848e-06,4.090985298655434e-06,0.0,0.00011381884724097185,0.0,8.472764791850944e-06,5,4
1674,1.2405413502711218e-06,1.7701213846766072e-05,1.3576728147123794e-05,0.0005732696654099113,0.0,9.556812242390302e-06,9.124793294339438e-06,0.00019586455414260753,3,5
1675,0.004548527273467099,0.07274291381961716,0.0,0.0,0.0,0.0,0.0,0.0,1,4
1676,8.255090348973602e-10,3.518299138262336e-08,4.108819210699177e-07,2.626958464936248e-06,0.0,5.458301333541083e-05,0.002657905007583488,0.0,6,3
1677,0.056811158349330225,0.0,0.0,0.0,0.0011127083821924186,0.000566662580795099,0.0,0.0,4,1
1678,0.003683479923267984,0.0,0.0,0.0,9.503039119227393e-05,7.05430054959708e-07,1.8778966554954873e-05,0.0,4,1
1679,2.0115274751874506e-07,3.77218590250551e-06,1.1393843952005766e-05,2.086628159701476e-05,0.0,0.0,1.8941811699369475e-07,1.2821417750837925e-05,3,6
1680,2.6407577036884905e-05,0.0006350979496180189,0.005079016438319239,0.0020528190342284304,0.007879296476337682,0.02928243041860333,0.003438313465337835,0.0,5,2
1681,0.00046382004230956936,0.0,1.5474058279616082e-06,0.0,0.0,0.0004360768717187798,0.0,0.0,5,2
1682,0.018492359648628734,0.05850099489575169,0.0,0.0,0.000978466061421688,0.0,0.0,0.041932631124595214,1,1
1683,0.000333387174524058,0.007027741691090366,0.0,0.0,0.0,0.002957781783037019,0.0,0.0,1,4
1684,0.04711039114910002,0.0,0.0009185939498222466,0.05573670541852423,0.0,0.0018201357998563767,0.00029659364999804996,0.0,3,6
1685,0.00462790994755633,0.0,0.0,0.0,0.00013355912988898948,0.0005540448548589568,0.0,0.0,5,2
1686,0.00046382004230956936,0.0,1.5474058279614415e-06,0.0,0.0,0.00043607687171878047,0.0,0.0,5,2
1687,0.0047380799572754985,0.0,0.0,0.0,0.0001337993805393793,0.0007189713006970101,0.0,0.0,5,2
1688,0.00442430870160788,0.0,0.0,0.0,0.0001552824681050139,0.0,0.0,0.0,4,1
1689,0.004500520052437616,0.0,0.0,0.0,0.00024135608498357158,0.0,4.923200131578162e-05,0.009271838832501067,7,1
1690,0.050556404083329926,0.0,0.0,0.0,0.0007604723750600081,0.0,0.0001460988708435559,0.0,4,1
1691,1.4150073310696406e-08,7.719459791790483e-07,2.450174975902347e-06,2.9129585052706343e-06,0.0,6.551174543171523e-05,0.0,0.0,5,3
1692,1.3550110931505336e-05,0.0003668062591932293,0.006420140993811287,0.0,0.09483687436112008,0.001846502769827243,1.3694281886784583e-05,0.0,4,2
1693,7.248173822574836e-07,1.3363006787546202e-05,0.00011980667531580765,0.00020641667453168345,0.0,0.0022063913222567216,0.002530966445146831,2.280090451686567e-05,6,3
1694,9.568724428691844e-07,1.904880317097196e-05,0.00011615491228779759,0.00018146704102992947,1.2738340225578832e-06,0.0018828072281397398,0.0,0.0004185756971290665,5,2
1695,0.045689660920639315,0.0,0.0,0.0,0.0006038295973522437,0.0,8.020713057686784e-05,0.0,4,1
1696,0.0005058857673255833,0.0029732894861889342,0.002252719935722317,0.021549699409886804,0.0,0.0,0.0013089101611949868,0.0,3,6
1697,4.1814291520138155e-07,7.3634474674707e-06,4.055805930547635e-06,0.00028528192818572204,0.0,0.0,2.014913616010383e-05,0.0001694305822068159,3,0
1698,0.000131213291106807,0.0012522626539982827,0.004615138490840501,0.0,0.0,0.0,0.0002058394162839081,0.0,2,2
1699,0.001389677075683183,0.00641588766068635,0.04781621005015093,0.0,0.0,0.0,0.00026376704393073626,9.662609591434651e-05,2,2
1700,8.405621328597194e-05,0.0005774747059894373,0.0009248343054008496,0.02426891225590665,0.0,0.006436094427056338,0.0,0.0009428244186844777,3,2
1701,0.0005543574088044172,0.0,0.0,3.806800954292821e-05,1.421210165212161e-05,0.0,1.4244425958113726e-05,0.0,3,2
1702,1.6108339145455584e-05,0.0004628001708494173,0.008757038878737683,0.0,0.14546053260825542,0.002880014371412627,0.0,0.0,4,2
1703,8.305999498353048e-05,0.0009060234116772596,0.00808999881147175,0.0025175866138756457,0.003363820114987824,0.0,0.0,0.0010267818881746341,2,2
1704,0.0017667320059363842,0.03271547431376036,0.0,0.000729907836460861,0.0,0.0,0.0017153655853361178,0.0,1,4
1705,9.744785233788623e-05,0.0,0.0,8.174411845499605e-06,5.060533404374187e-06,0.0,5.017464738157255e-06,0.0,3,2
1706,1.487857120655942e-05,0.00017829515722058212,8.585877660812684e-05,0.002456252748186528,0.0,0.0002560520708200425,0.0,0.000312274676839284,3,5
1707,9.159297542675614e-05,0.0004386243255019799,0.003952090301319841,0.0,0.0,0.0,6.320045088449642e-05,1.967895441579918e-05,2,2
1708,1.967856986345176e-06,6.762703849654902e-05,0.0014740327516312894,0.0,0.027380144226526282,0.0005470558190031284,0.0,0.0,4,2
1709,6.0410378302876325e-06,0.00014273336711214716,0.0015494240196963014,0.0003895811513616787,0.0028096242266241987,0.0,0.0,0.0001066967274281679,4,2
1710,9.311017511974388e-05,0.0003309773443060158,0.00010041280594403177,0.010709101512160618,0.0,0.00038612095548624454,0.0,0.0,3,6
1711,1.6935082698285943e-05,9.770439648784466e-05,0.0002921807351288967,0.004812510385017484,0.0,0.0018920166792561024,0.0,0.0014908115351600535,3,6
1712,1.0794790243961425e-05,0.0001299922082640279,0.0007115477691682662,8.153256492293928e-05,0.00040925527410780516,0.005342436140876466,0.0,0.0,5,2
1713,0.00322870539877104,0.0,0.0,0.00034687273335190814,0.0,0.0,2.6505265563897066e-05,0.0,3,1
1714,9.50348237345006e-06,7.817268283049317e-05,3.877717620846959e-05,0.010636575141475103,0.00012157971149244182,0.0,0.0,0.001535333936634964,3,6
1715,0.00012331487844057432,0.0021346520529516994,8.293146854184125e-05,0.00028268040412744613,0.0003968298025234704,0.0,0.0,0.0,1,4
1716,1.2582201656141937e-05,0.0001941310366234454,0.0008164353884326152,0.0014122344882088118,0.0,0.013922332730963277,0.0030293213428312054,0.002952741223674722,5,3
1717,4.98825380307436e-07,7.438558995496887e-06,4.549850646786533e-06,0.0003236079259012442,0.0,0.0,1.9414455467101796e-05,0.00018754512187989347,3,0
1718,0.047019926738419954,0.0,0.0,0.0,0.0007377937938574621,5.488500109858798e-06,0.0,0.0,4,1
1719,0.012936050035421582,0.000709197663460841,0.0,0.0,0.0006434754676674289,7.408355590148718e-05,0.0,0.006428355089083872,7,1
1720,5.678975564552667e-07,7.363514085102281e-07,4.10880153025509e-06,0.00031982918607872013,0.0,1.8751261855340468e-05,0.0,0.0,3,6
1721,0.0034402567289678132,0.0,0.0,0.0,8.58610587096867e-05,1.2158963762849576e-06,5.533690925555623e-06,0.0,4,1
1722,4.846395525446819e-06,4.5201858111044166e-05,4.787073497517555e-05,0.004961211200652676,7.842523397011785e-05,0.0,7.964931808966273e-05,0.0008309798595086573,3,6
1723,0.009382598930152322,0.001229471069867237,0.0,0.0,0.0005418830389685565,5.602128086837864e-05,0.0,0.007575031836154796,7,1
1724,5.477647783051954e-07,4.3095525981369114e-06,1.006724648200552e-05,0.0002143938534187361,0.0,0.0,2.1067016825217224e-06,6.892723831477334e-05,3,5
1725,7.780922753842957e-05,0.00128794900762567,0.009013523093007708,0.005102464254876602,0.0028966634684601347,0.010789967709039186,0.00027281704099872315,0.0010517453435348904,5,3
1726,0.003945339212159094,0.0,0.0,0.0,0.00013042117750396376,4.049477607460284e-05,0.0,0.0,4,1
1727,0.0006335284818208321,0.0,0.0,0.0,4.115929589035668e-05,2.7334006559372924e-05,0.0,0.0,4,1
1728,0.0006269766877036293,0.012795015543044306,0.0,0.0,8.134073461316756e-05,0.0006686719266506189,0.0,0.00034639608061186794,1,4
1729,2.2827890042923864e-05,0.0007587180873388296,0.0,0.0002863334754157138,0.0,0.00013405112711282742,0.0,0.0,1,3
1730,1.6296493702469446e-06,9.46523280341613e-06,0.0,7.479851656242063e-05,0.0,6.342099101463278e-06,0.0,1.7215526237844696e-05,3,0
1731,9.276539617193685e-07,1.3176285940664822e-05,5.109877614220562e-05,3.9682918395695915e-05,0.0,0.0009141131077221289,0.0,6.523093545183703e-06,5,4
1732,8.766613240684799e-06,9.541854935646046e-05,0.000417823575327597,0.00024863191032738826,0.0,0.005122148798790236,0.0,0.0,5,4
1733,4.208988530075599e-06,0.00016328059189062304,0.0,3.932579168882577e-06,0.0,0.0,7.411916245752711e-05,0.0,1,2
1734,5.849504033213937e-07,2.8058581192909176e-05,0.0,9.891133061165553e-07,0.0,0.0,2.2400615083131155e-05,0.0,1,2
1735,9.491163761462494e-07,7.75684009770122e-06,1.2455623141809784e-05,0.0017274660381253596,3.645323523140802e-05,0.0,3.4490095887511313e-05,0.0003745769338069277,3,6
1736,0.04886455500649667,0.0,0.0,0.0,0.0006758053011575084,0.0,9.219908121165595e-05,0.0,4,1
1737,0.0005235795060482901,0.0,0.0,3.7161165432762594e-05,1.180329430558945e-05,0.0,1.2296926023669304e-05,0.0,3,2
1738,1.0059705405733246e-08,2.603591069824654e-07,4.081403496727502e-06,6.252793168652406e-06,0.0,7.539704212869174e-05,0.0005778140773842325,0.0,6,3
1739,2.5290900105392183e-10,5.14315005045804e-09,1.0203664898234112e-08,3.554085107796212e-06,6.265604488661125e-08,0.0,0.0,8.466081581035178e-07,3,6
1740,7.762745668102327e-06,0.000124460502304372,0.0,0.0011873616823235486,0.0,0.0,2.120107715911906e-05,0.0007846366710810013,3,0
1741,7.678952723778409e-06,0.00012236221816309617,0.0,0.0011477107077528632,0.0,0.0,2.005710823065629e-05,0.0007503056307183093,3,0
1742,1.2582201656141937e-05,0.00019413103662344562,0.0008164353884326154,0.00141223448820881,0.0,0.013922332730963277,0.0030293213428312063,0.002952741223674723,5,3
1743,2.1496486756172965e-05,0.0003294518474899077,0.0016352562711324753,0.0013773440135813892,0.0,0.019178094351444554,0.00031688001325892284,0.0,5,3
1744,0.0042147237732773225,0.07228807364580667,0.0,0.0,0.0,0.0,0.0,0.0031047170156162495,1,4
1745,0.0007939185750899596,0.012842187082511093,0.0035986405599732515,0.019387745686494904,0.0,0.005371120690327784,0.0,0.0,3,0
1746,1.7574201607027874e-11,4.4190645020735886e-10,1.0494263163171737e-09,4.4723540418320357e-07,9.148257941808899e-09,0.0,0.0,1.1882142839723858e-07,3,6
1747,0.000101057238869586,0.0005339556783939394,0.0010415424915586073,0.017520158325589587,0.0,0.010185690317569489,0.0,0.005027653041457922,3,6
1748,9.778539185557949e-05,0.0005173284384638445,0.0009686274062287752,0.01650274837112305,0.0,0.009453314323338747,0.0,0.004642758901582704,3,6
1749,5.200795490790632e-06,8.678261885840137e-05,0.0,0.0007193727355587547,0.0,0.0,1.5998419179572402e-05,0.00042171224301937164,3,0
1750,6.662584132607378e-06,4.0868017986045435e-05,0.00044761451216137954,0.0,0.0,0.0,0.0,3.828205684887782e-05,2,2
1751,1.7931824522448763e-06,9.547968483016208e-07,1.8065905646806688e-06,3.145155136126027e-05,0.0,2.1402952735316734e-06,0.0,1.3592641168842645e-05,3,2
1752,3.537951708631722e-05,0.0005284677971063049,0.001110450680940947,0.0,0.0,0.009090140827560019,0.0,0.0,5,2
1753,1.2582201656141937e-05,0.00019413103662344562,0.0008164353884326152,0.0014122344882088113,0.0,0.013922332730963275,0.0030293213428312046,0.002952741223674722,5,3
1754,0.0003643566577313788,0.002089169555208225,0.0007132019159234043,0.003970659323038288,0.0,0.0,0.00019509741110787618,0.0,3,2
1755,9.247313716817964e-08,2.656927135991752e-06,2.16710838914904e-05,9.974489499487885e-05,0.0,0.0018356110965526726,0.07526353383252239,0.0,6,3
1756,1.4309408251764973e-05,0.0003780036098140455,0.0039170803277223075,0.0015870364443169372,0.007677096281540082,0.01750559542731108,0.0026251536690900866,0.0,5,2
1757,0.056385210415665084,0.0,0.0,0.0,0.0010435760795020643,0.00039864061931644065,0.0001135267351808305,0.0,4,1
1758,2.340350941399415e-05,5.554287172509111e-05,0.0005706285583333041,0.0,0.0,0.0022380297970720224,0.00022185938283821082,0.0,5,6
1759,3.876937616746229e-07,1.5537701803679012e-06,5.9376254721121884e-06,0.0001678793672615634,0.0,0.00010125832870161017,0.0,9.054230199209698e-05,3,3
1760,0.0046772973387188875,0.0007610292734315965,0.0,0.0037993836390218336,0.00016569011743131678,0.0,0.0,0.0062873162139198075,7,0
1761,0.00014979227108489096,0.00010846360365847285,7.297482645817899e-05,0.0,0.0,0.00031938228476553114,0.0,0.0005517245485378194,7,1
1762,0.0001364733636418231,0.001282490968535473,0.011289640082124006,0.0,0.0,0.0,0.0,0.000468026084202275,2,2
1763,3.0100746076025822e-05,0.00014374260828210815,3.552765023577908e-05,7.901451941486877e-05,3.079085595736426e-05,0.0,3.9167050596990586e-05,0.0,1,1
1764,0.0003080709843311948,0.0002035709157353786,0.0003463102287488847,0.01318256991523914,0.0,0.0,0.0007498919097458717,0.006196592966489899,3,5
1765,0.0031748940858573535,0.0,0.0,0.0,7.197570380525817e-05,0.0,1.199195063479122e-05,0.0,4,1
1766,0.00023468500438035168,0.003201055302321186,0.024989179285743193,0.0014126278344987015,0.007265614498717268,0.0050710730581662745,0.004241919520422899,0.0,2,2
1767,0.00023468500438035276,0.0032010553023211863,0.024989179285743193,0.0014126278344987013,0.007265614498717266,0.005071073058166279,0.004241919520422895,0.0,2,2
1768,0.00023468500438035168,0.003201055302321188,0.024989179285743193,0.0014126278344987026,0.007265614498717268,0.005071073058166279,0.004241919520422897,0.0,2,2
1769,9.5025737267359e-05,0.0005105819591622628,0.004762332572510456,0.0,0.0,0.0,0.0003656434601061302,0.0,2,2
1770,4.952631098535536e-05,0.0002039387591666687,0.00010164329842322094,0.02293929308706973,0.0,0.0,0.00016801603878611505,0.0014832590767752795,3,6
1771,0.00017758342802259624,0.002407136560171695,5.955098653524168e-05,0.0,0.0,0.0009930616970182501,0.0,0.0,1,2
1772,0.0537733633098129,0.0,0.0,0.0,0.0008310008768653872,0.0,0.0004181717546318272,0.0,4,1
1773,0.00026217150621042634,0.0001157689222129063,0.0017277370028992956,0.0,0.0,0.002588344068586132,6.657817870162205e-05,0.0,5,2
1774,0.00010171183576610098,0.0,2.1410759013898567e-05,4.326628952867114e-05,0.0,0.0,6.076329397549052e-06,0.0,3,0
1775,4.540490402076912e-05,0.00032677414921842266,0.0005475710249688104,0.006084710070680413,0.0,0.0003102164601877977,7.590570398344196e-05,0.00017379762917013968,3,2
1776,1.105492461063289e-05,0.000338294228336942,0.00027195162187032584,0.00046894028740264844,0.0,0.0029798903040286094,0.0,0.0,5,3
1777,0.0005136635876211998,0.0030184806022369587,0.0023501711223550574,0.023647180887217664,0.0,0.0,0.0012203868025331935,0.0,3,2
1778,8.898194748714654e-05,0.0,0.0,1.4418103113300189e-05,4.077666174246769e-06,0.0,6.116574136322294e-06,0.0,3,2
1779,7.47029828172321e-05,0.00044011046818891257,0.0005123501173108652,0.040140924357554245,0.00028174101283343837,0.0,0.0006310582181457175,0.004287996921722037,3,6
1780,5.4609259096323e-06,0.0001880623704010263,0.0,0.0003314407757186439,0.0,0.00013531212078288446,0.0,0.0,3,3
1781,4.4568304174764975e-07,9.128289094013849e-06,2.3350758327109876e-05,0.0002776961726076778,0.0,0.00016360316655787043,0.0,6.815380737786358e-06,3,3
1782,1.1210755304927497e-06,9.605974153316812e-06,0.00012360271952524996,0.0,0.0,2.7220064716180637e-05,0.0,1.5550457791833252e-05,2,3
1783,9.932881739668901e-10,6.738022351062105e-08,2.578689618193575e-07,3.791086445887692e-07,0.0,9.24953874554295e-06,0.0,0.0,5,3
1784,5.552671430415277e-05,0.0008689869762855806,0.008200631264694226,0.00013418354030583372,0.002101318402809719,0.0019350031412838705,0.0019704620008079176,0.0,2,2
1785,5.34590573296221e-06,0.00012082417652185244,0.001208680983336752,0.0003799674384237167,0.0005837286383393221,0.0,0.0,0.0001041883501009963,2,2
1786,1.4594060139660253e-05,0.00016861557813240135,0.0,4.400926129720072e-05,7.682423611572588e-06,0.0,0.0,0.0,1,0
1787,0.04950847466901903,0.0,0.0,0.0,0.0007195234924291234,9.017302656750609e-06,3.7523050344525315e-05,0.0,4,1
1788,1.2582201656141937e-05,0.0001941310366234452,0.0008164353884326156,0.0014122344882088107,0.0,0.013922332730963275,0.003029321342831204,0.0029527412236747246,5,3
1789,1.0727473634580278e-09,7.427904752763835e-08,2.9064410305551297e-07,4.4104167246998117e-07,0.0,1.0914713636608648e-05,0.0,0.0,5,3
1790,3.8076724299780376e-05,0.00033004251571376017,0.002342491917849414,0.011420527731703304,0.0005271196359690872,0.0037609489459974614,0.0,0.0,3,3
1791,9.965355789248994e-05,6.234861192177422e-05,0.00042968359952171795,0.020334650005906993,0.0,0.000819042045998723,0.0,0.0,3,3
1792,2.9686177795239377e-05,0.0004177518912233254,0.002741640098916152,0.0,0.0,0.02049716649238234,0.0006441007576899326,0.0,5,3
1793,0.009422494411697057,0.0,0.0,0.0,0.00012963039484312916,0.000413530759722392,1.8741361509541658e-05,0.0,5,1
1794,0.00013411335184025834,0.000938832004937106,0.009221612181980834,0.0,0.0006675675510220475,0.0,0.0004238169765181016,0.00021103856243259763,2,2
1795,6.426937826301023e-08,1.6438638790341403e-06,1.746185467558967e-05,5.0636552751056956e-05,0.0,0.000781879782914872,0.021785739892495135,0.0,6,3
1796,0.0013118387657734096,0.005069669001247747,0.03803573943955532,0.0,0.0,0.0,0.00044977260292882105,0.0,2,2
1797,9.384598895622653e-06,0.00020885071892251048,0.002271786179063327,0.0005298140482010753,0.0010262589290373479,0.0,0.00013229686447882404,0.00016277052684496283,2,2
1798,0.0009023923425085027,0.0005114081174369345,0.0,0.0,0.0001006626149240144,5.81892022069149e-06,0.0,0.0024409315711125005,7,1
1799,5.2103744459975124e-05,0.00018965101047695805,0.0002660439107498199,0.010927711033414339,0.0,0.0007324300799308525,0.0,0.004675460826798533,3,6
1800,0.0005607977323708718,0.003413761845070185,0.0027330925000535254,0.032285700794322074,0.0,0.0,0.0021084129315966232,0.0007348146662584779,3,5
1801,0.00709469778795914,0.012897881861707832,0.0,0.0,0.0007939785272146282,0.00028167823604949706,0.0,0.03068643634393558,7,1
1802,1.3947790623951958e-05,0.0003864054510641323,0.007036415293151614,0.0,0.11209042413288775,0.0022119613071096157,0.0,0.0,4,3
1803,7.778740318111038e-05,0.0009488603714691582,0.0013101118686570305,0.002266812072373152,0.0,0.02291633837587954,0.0,0.005648766453887379,5,2
1804,2.069566473265856e-05,0.0002707779836187328,0.001029053558336574,0.006308572333812626,0.0,0.011965219610130598,0.0,0.003956876256052271,5,6
1805,0.0004964676538804195,0.0,0.0,0.0,4.1366620001534254e-05,0.00012947527075382893,0.0,0.0,5,1
1806,1.0235436044802568e-07,2.752127617806739e-06,3.2881653455871884e-05,1.3603334009429612e-05,4.6162008956921135e-06,0.0002588325066602547,0.008330588282629928,0.0,6,3
1807,4.208988530075599e-06,0.000163280591890623,0.0,3.93257916888345e-06,0.0,0.0,7.411916245752765e-05,0.0,1,2
1808,0.00014908118812727156,0.0017744241595552684,0.005570280332000915,0.007576488058514311,0.0,0.06460401387935996,0.0,0.013343378440439842,5,2
1809,0.007500831787351056,0.013050524024207186,0.0,0.0,0.0008451366955898691,0.0004906892957405656,0.0,0.031613639044559175,7,1
1810,0.00046574440787483984,0.004963886183606041,0.04257072615268102,0.0,0.05503190154868572,0.0,0.003365538421771998,0.0,4,2
1811,1.8161056602258306e-05,0.00030451449709454216,0.0024985287281476224,0.00017994869812486454,0.00031250267943230283,0.0027659532736655076,0.007311790585743523,0.0002056928559454357,6,3
1812,0.00015937135797230184,0.0035034195772409857,0.0009581846230226694,0.0014089154009193192,0.0,0.010709965977751586,0.0,0.0,5,3
1813,0.0001784892502154653,0.0031053250341559415,0.01239914707466718,0.004160105672010255,0.0038498011298544834,0.0922688889122035,0.006139073483617178,0.0,5,2
1814,0.0035267451352722404,0.0,0.0,0.0,9.544562051848096e-05,1.663812679677836e-05,1.5473301176195178e-05,0.0,4,1
1815,1.5954821723308734e-05,0.00015244146185020255,0.0011026751262806305,0.0,0.0,0.0007387565528677334,0.0,0.00017860777459868086,2,3
1816,7.375343375859688e-06,5.6586802048184225e-05,0.0004846747094339278,0.0,0.0,0.0,2.267868447695409e-05,0.0,2,2
1817,0.007267561009703042,0.0,0.0,0.0,0.000404676783199606,0.0008506015360880322,0.0,0.0,5,1
1818,1.0235436044802568e-07,2.752127617806794e-06,3.288165345587186e-05,1.360333400942992e-05,4.616200895692353e-06,0.00025883250666025495,0.008330588282629926,0.0,6,3
1819,0.05075312278979207,0.0,0.0,0.0,0.0007991613410969084,0.0001229949464257489,0.00010335865541972867,0.0,4,1
1820,4.2733802148831915e-05,0.0008515634550952455,0.0,0.004361493489490796,0.0,0.0,0.0001463447692161737,0.0015442393987272892,3,5
1821,1.5149447165492717e-08,8.399839054157413e-07,2.7109509232132405e-06,3.3015118216665794e-06,0.0,7.494749594013412e-05,0.0,0.0,5,3
1822,0.003652170599348835,0.0,0.0,0.0,9.959630422074185e-05,0.0,3.456961269281112e-05,0.0,4,1
1823,0.00326804276271605,0.0,0.00014992331854581908,0.010556963045868594,0.0,0.0002609671475096268,8.388907240670491e-05,0.0,3,2
1824,0.0013827158056709471,0.0,0.0,0.0,0.00014576288858229704,5.63939358645972e-05,0.0,0.0,4,1
1825,6.252341376794134e-06,0.00016389122617021284,3.7757508254239156e-06,4.754590501502645e-05,3.4192042253822513e-06,0.0,5.969350443438202e-05,0.0,1,0
1826,0.00412844514069524,0.0,0.0,0.0,0.00010784992454163141,0.0,2.660512113922547e-05,0.0,4,2
1827,6.662584132607378e-06,4.0868017986045435e-05,0.0004476145121613653,0.0,0.0,0.0,0.0,3.8282056848872734e-05,2,2
1828,9.127702771515564e-05,0.0018758507395434103,0.00011404396330209467,0.0004379224748291263,0.0,0.0,0.0003647653495822582,0.0,1,4
1829,0.00307702905286929,0.04683081853548339,0.0,0.0,0.00011081532631690584,0.0,0.0,0.011643605873983274,1,4
1830,0.0013827158056709471,0.0,0.0,0.0,0.00014576288858229717,5.6393935864597996e-05,0.0,0.0,4,1
1831,0.005057903623169234,0.0,0.0,0.013508865345281888,0.0,0.00018159464944460563,0.0002038324071275812,0.0029877292324117562,3,1
1832,9.517811763759577e-06,7.7075920767488e-05,3.457260893739849e-05,0.010259558484498195,0.00012468959993258515,0.0,0.0,0.0014920679003651918,3,6
1833,0.0003812231647896222,0.0004277352981780503,0.0007814492590111315,0.018377488985128587,0.0,0.0018772106447774797,0.0,0.008303371791542091,3,5
1834,0.00010766361470894652,0.000569929266096966,0.0011004428237639705,0.019006216733040832,0.0,0.010442903083035977,0.0,0.005416207125218884,3,6
1835,0.005713879099483561,0.0,0.0,0.0,0.00033005607879252785,5.434922153608099e-05,0.0,0.001875830492488133,7,1
1836,7.5011096630926e-07,1.1169107386824582e-05,7.318562852969236e-05,1.008148297822189e-05,4.938648639311016e-05,0.0007235325465851626,0.0,0.0,5,2
1837,0.0003036707477798611,0.000718272571845794,0.006504187861451977,0.002027507531460828,0.002734530565829582,0.0,0.0,0.0002954002609407956,2,6
1838,4.312105432450214e-05,0.0007818537730891899,0.006730075911430851,0.001760239458535145,0.003069201811571602,0.0,0.0,0.000377728616058298,2,2
1839,0.0071332667503495395,0.0,0.00013840136357894486,0.0,0.00034181399470067144,0.0001229314511517351,7.003746794842955e-05,0.0,4,4
1840,1.3306029920714302e-07,3.319453811253638e-06,2.2495532693156035e-05,1.2016672051308465e-05,8.694099440931596e-06,1.4028092865966727e-05,1.0635676556324926e-05,0.0,2,2
1841,0.052108124273877836,0.0,0.0,0.0,0.0009213935885901905,1.4712246550989744e-05,0.0,0.0,4,1
1842,0.009565564283114558,0.0,0.00012280546175701923,0.0,0.0005541682951001587,0.00014715672611175624,0.0,0.0,4,1
1843,1.929855907378908e-05,0.0003263227778562475,0.0027673825512840055,0.0007367887819166372,0.000542052959193661,0.008306946196830315,0.0,0.0016002876206320802,5,2
1844,0.0048382713746645675,0.05264687960314968,0.02626364560906714,0.0,0.0,0.0,0.0,0.015073004704676174,1,4
1845,5.394195276361542e-07,1.0693815684955263e-05,0.0,0.00014941470352238597,0.0,0.0,3.211045404817396e-06,0.00011002882980583202,3,0
1846,1.0132690975051643e-07,2.992965886805674e-06,2.5003833929089487e-05,0.00012310681724411713,0.0,0.0023199792524811937,0.09933997519434459,0.0,6,3
1847,1.0119760444436758e-07,2.9865284955315643e-06,2.5113525586327774e-05,0.00012023910477595245,0.0,0.002253539029896209,0.09522277875630478,0.0,6,3
1848,4.583184836504941e-06,5.793430569491435e-05,7.899618540230835e-05,6.7708384411968e-05,0.0,0.001627075247782949,0.0,5.724673910606882e-05,5,4
1849,0.005298447159562243,0.0,0.0,0.0,0.00010696765597107873,4.7214994688342976e-05,0.0,0.0,4,1
1850,2.7656636058296897e-07,7.905379949439527e-06,6.386048711016765e-05,0.00029039253690810976,0.0,0.0052893620849264215,0.21245048194452318,0.0,6,3
1851,4.2634755223914614e-05,0.0011714059601280959,0.0,0.0,1.1847320062213754e-05,0.00015723634145248415,8.574069020758243e-05,0.0,1,3
1852,0.00046888128329372847,0.0,0.0,0.0,3.75164304788891e-05,0.00012402697826801657,0.0,0.0,5,1
1853,0.0018150386971248187,0.0,0.0,0.0004624474280979814,0.00017583237413797584,0.0,0.0,0.0,3,1
1854,0.00030378866688144464,0.0,0.00021485202482737816,0.007340384880105495,0.0,0.00017682874905541372,0.0,0.001189990122246119,3,6
1855,1.0471861188878101e-06,7.2417127682146206e-06,7.833428765001759e-06,0.00059996884546124,0.0,3.9437506837015075e-05,5.794895077305965e-07,4.182964150445437e-05,3,0
1856,0.00017080905986272923,0.0010421255493906622,0.005311910456181463,0.0,0.0,0.0,0.0,0.0008041610159186766,2,2
1857,1.2794689088353374e-07,3.9377554274838456e-06,3.447809548544562e-05,0.0001707124081016116,0.0,0.003243756630538803,0.13948242122041862,0.0,6,3
1858,1.6995424940152937e-07,4.75851041800165e-06,3.7510740863979796e-05,0.00016717999168238616,0.0,0.003017320148885771,0.11976347871845949,0.0,6,3
1859,1.73176390648392e-08,9.908332970181473e-07,3.298119872215803e-06,4.214631003104825e-06,0.0,9.718772391119708e-05,0.0,0.0,5,3
1860,1.0786612276041898e-09,7.492448618601465e-08,2.9437884714147083e-07,4.4987707362022497e-07,0.0,1.1173363291346419e-05,0.0,0.0,5,3
1861,1.143491192655807e-09,8.029230424036959e-08,3.186607401944255e-07,4.928014249080404e-07,0.0,1.2294785293036034e-05,0.0,0.0,5,3
1862,0.0013190681476948011,0.005112152235824796,0.03851930950047555,0.0,0.0,0.0,0.00044214286544720345,0.0,2,1
1863,1.453322313332718e-09,1.0827296983109017e-07,4.443910384052055e-07,7.734544727486492e-07,0.0,1.9111198107167603e-05,0.0,0.0,5,3
1864,0.0009672895482336632,0.0,0.0,0.0,5.6809400661965896e-05,0.0,1.6327163126318078e-05,0.0,4,1
1865,1.7981009956375205e-07,5.140552024037443e-06,4.1603400072226786e-05,0.00019242863895340675,0.0,0.0035396601614729505,0.14529521281779675,0.0,6,3
1866,9.850463668856276e-05,0.0004805309479234851,0.004416132688637773,0.0,0.0,0.0,7.461389144180317e-05,3.165852232708615e-05,2,1
1867,7.038559016947735e-05,0.0002061974494500465,0.000135290959727103,0.026241891364221302,0.0003580422476363099,0.0,0.0,0.004408882721486234,3,6
1868,2.7180202930134814e-10,5.626908308170992e-09,1.1374712125930638e-08,4.06677079277698e-06,7.33504177255184e-08,0.0,0.0,9.852415623603607e-07,3,6
1869,1.176789076983136e-06,8.39489467185202e-06,3.005117308827669e-05,0.0006055221337774979,0.0,0.0002552630385236638,0.0,0.00020976437925017844,3,6
1870,3.947670846883722e-06,4.9332075849449064e-05,3.143071794034232e-05,3.2573054199436126e-05,0.0,0.0008403577755453564,0.0,6.0243441629449155e-05,5,4
1871,9.183253695046606e-08,2.6255529374662296e-06,2.106250313767138e-05,9.876633656897347e-05,0.0,0.001815304680872228,0.07456209416430726,0.0,6,3
1872,2.2807805752623088e-05,3.0432387550088144e-05,6.38219997910725e-05,0.0017294109188981648,0.0,0.000183411908172769,0.0,0.0008382818156023523,3,0
1873,5.161282103037544e-06,4.877836492524075e-05,5.233466559819966e-05,0.005515728593899468,8.862633670095523e-05,0.0,9.010927585381943e-05,0.0009331334021323736,3,6
1874,0.0003391698322425323,0.0004522467893947714,0.0006846955822224313,0.016029962166400822,0.0,0.0018846718242314688,0.0,0.0066331165825532475,3,6
1875,0.00012980855889668734,0.0014735122188254282,0.004475486148975804,0.005732369255457657,0.0,0.04651432899793246,0.0,0.009318030824793553,5,2
1876,0.00018722729826542661,0.0026966299696747683,0.0,0.0,0.00011470568386593502,0.0012235848785248386,0.0,0.0,1,4
1877,5.275350809900641e-06,7.363534990466176e-05,0.00031489634821169976,0.002480379982935646,0.0,0.0005625573665708296,0.0,0.001038026030091737,3,6
1878,1.5142029491609456e-08,8.402446453157223e-07,2.706572677138625e-06,3.3253719842791397e-06,0.0,7.506780899943608e-05,0.0,0.0,5,3
1879,1.6250346119424464e-05,0.00016981534820377902,5.431052084854467e-05,0.004891885429966624,0.0,0.0006718808559449198,0.0,0.0,3,3
1880,0.00018722729826542661,0.002696629969674768,0.0,0.0,0.00011470568386593406,0.0012235848785248382,0.0,0.0,1,4
1881,3.49938812336491e-05,0.00032579225835980695,0.002677236474017643,0.001266811222719823,0.0,0.023463164290628245,0.0,0.0,5,2
1882,1.4937530131250527e-06,2.830695095147259e-05,0.00016819226742661487,0.00017291175858437323,0.0,0.0025973830085028677,4.810981469319598e-05,0.0,5,2
1883,5.596122894199961e-05,0.0005450213180259968,0.003561518943179729,0.004852334462911482,0.0,0.02380257541600892,0.0,0.0,5,2
1884,9.183253695046606e-08,2.62555293746626e-06,2.1062503137671374e-05,9.876633656897355e-05,0.0,0.001815304680872227,0.07456209416430724,0.0,6,3
1885,5.463855824513443e-06,6.160824786049601e-05,5.753958942495531e-06,0.0008301306218851166,0.0,0.00024212114779995046,0.0,0.00034495895189860153,3,2
1886,0.001389089455299217,0.006236702892819404,0.0487558582841599,0.0,0.0,0.0,0.0007941911986115184,7.762762599169736e-05,2,2
1887,7.991081941090714e-08,2.2108811664194596e-06,1.7149761752959194e-05,7.682361709380826e-05,0.0,0.001385454281542259,0.05519969850768553,0.0,6,3
1888,1.4734055048605944e-05,0.00041112850591254067,0.007514038695447837,0.0,0.11941061762804152,0.002354482715134821,0.0,0.0,4,2
1889,0.005508597965098081,0.06456800031840051,0.0,0.0015838246862864922,0.0,0.0,0.0,0.015129539616043802,1,4
1890,1.1958818336502594e-05,6.048971544729582e-05,8.459306799594754e-05,0.011618602084408665,0.00020585691670785484,0.0,0.00011371136040160272,0.0022902745055260534,3,6
1891,0.0008412357921600462,0.0,0.0,2.5733736548234793e-05,2.710129743712211e-05,0.0,1.8249451316090383e-05,0.0,4,2
1892,0.020707608746131857,0.0,0.0,0.0,0.0005706619505807006,0.0,0.00015268762146583223,0.0,4,1
1893,3.799875751507742e-05,0.00028123279946266037,0.0002745178211636185,0.004610221920961915,0.0,0.0,0.00033176710894651035,0.0007494081073207439,3,6
1894,7.363568562797572e-05,0.0005330694417773823,0.00062284555253674,0.017287827766967308,0.0,0.0,0.0010418187519238432,0.006870116201072539,3,5
1895,0.0009519708495446502,0.0001248622123805219,0.0016032764923788062,0.05583639816149317,0.0,0.001796873157653241,0.00020899570913081604,0.0,3,2
1896,4.466388686357172e-05,0.000559180688031749,0.0014161257844698127,0.008853032949031793,0.0,0.0,0.0,0.0023279224901342596,3,3
1897,9.59571743299148e-05,0.0020577516751482503,4.1832589488732074e-05,0.000516100115816093,2.7527053576290383e-05,0.0,0.00044321547846375056,0.0,1,0
1898,2.9329476605424594e-06,1.0649462765330263e-05,1.0624122510387641e-05,0.002126450614183932,3.5279741399586945e-05,0.0,1.0720005202695452e-06,0.00041640061479744205,3,6
1899,8.826553170532218e-06,9.39557718693226e-05,7.743254896628008e-05,0.0032410493396727354,0.0,0.000523398810734001,0.0,0.0002447068747858626,3,0
1900,2.0711299489554034e-06,5.179014187904658e-05,0.0,0.0004620329952958449,0.0,0.00011734171000712398,1.265291804216489e-05,0.00024212294590729015,3,0
1901,0.054050502044587126,0.0,0.0,0.0,0.0008336131816773534,0.0,0.0004278947378908323,0.0,4,1
1902,9.622960856534627e-05,0.000667062899629235,0.0001842669471658186,0.03772663859948008,0.0004265124507839048,0.0,0.0,0.005600107740176686,3,6
1903,0.00034060301352514756,0.0004605862341947714,0.0007498415578822381,0.016456346727203513,0.0,0.0020224801597004526,0.0,0.005379120156035462,3,2
1904,1.6137808320430997e-07,4.037975384831946e-06,3.3990998791213884e-05,5.492462307663815e-05,2.537674161514202e-06,0.0006309423718258012,0.0,0.00013851590231518936,5,2
1905,0.0014561839229409264,0.005665047791585669,0.04380244954526776,0.0,0.0,0.0,0.00032687574711399764,0.0,2,2
1906,0.0005058857673255833,0.0029732894861889342,0.0022527199357223176,0.021549699409886793,0.0,0.0,0.001308910161194981,0.0,3,5
1907,1.0405417439332976e-05,9.724707349891668e-05,0.0006847552770550906,5.6299845756229774e-06,0.0,0.0004342559388256748,0.0,0.00025629844896437237,2,2
1908,2.1017966101078516e-06,1.2442416355866031e-05,3.690597373005992e-06,1.009376935181325e-05,3.8104959186425105e-06,0.0,6.0552864003808075e-06,0.0,1,1
1909,5.394195276361542e-07,1.0693815684955277e-05,0.0,0.0001494147035223856,0.0,0.0,3.2110454048201276e-06,0.00011002882980583182,3,0
1910,0.00010582535494540981,0.0006062032821181991,0.0055398595303307,0.0,0.0,0.0,1.865850024762701e-06,7.661339921321382e-05,2,2
1911,0.0001738615876946033,0.002962265275343781,0.010820585755435833,0.003470045388291504,0.00018296111679481363,0.08443319306022844,0.004525612580449555,0.0,5,2
1912,0.0004956781460441353,0.0,1.4252096124861726e-05,0.0,4.109734946696472e-05,1.6599042451045183e-05,1.0541174643900756e-05,0.0,4,4
1913,0.00024391472490414178,0.0,3.071427579911224e-06,0.00012354583347899144,0.0,3.197087250866365e-05,0.0,0.0,3,0
1914,5.430701418065969e-05,0.0002482147175752334,0.00011090197525125455,0.03194043056325914,0.0001227388067607732,0.0,0.00021023863724701773,0.002678794749003171,3,6
1915,8.009594308491295e-05,0.000369759848232855,0.00022106438386145866,0.0519627501442931,0.00020337022734558734,0.0,0.0002780366646206949,0.004663059190636963,3,6
1916,1.1162079507828419e-05,0.00023115234794460524,0.0009869018379413718,0.0003737491464439978,2.969098136343082e-05,0.009715972396672025,0.0006065132499369126,0.0,5,1
1917,4.241883889741839e-06,7.234022736147351e-05,0.0005133951368577846,0.0002775160138900985,0.0,0.006520643261208847,0.0,0.0,5,2
1918,9.953502412340962e-05,0.0004089631460919004,0.0003649235790538847,0.006498143818856509,0.0,0.0,0.00028559315224216544,0.0021105885277241314,3,0
1919,0.008432159457630234,0.0,0.0,0.0,0.00030472040357437164,8.824586191032552e-05,0.0,0.0,4,1
1920,1.1825870142580703e-05,4.294295552043873e-05,5.519838723520228e-05,0.008651826241750553,5.341889430893272e-05,0.0,0.0,0.0023549325056092182,3,6
1921,0.00026338961748480916,0.0,1.9387758139989142e-06,0.00014057973019931927,0.0,3.2398461964278636e-05,0.0,0.0,3,0
1922,0.0001249662357964571,0.0013165322693893396,0.0010482492433374852,0.0014105722767393713,0.0,0.0,0.0,0.0026489544126280283,7,0
1923,4.504384206265511e-05,0.00013166885636983075,0.00011875070368736741,0.0004199473069040117,0.0,0.00022541488071738726,0.0,0.00038512533276624847,3,0
1924,0.00016240703458347366,0.0,0.0,6.698531477955194e-05,2.9085376444312524e-05,0.0,0.0,0.0,3,1
1925,1.5951949795332183e-05,0.00028280460394541245,0.0001015278207244624,0.0016647809196828382,0.0,0.0020008674631107515,0.0001661047395436936,0.00028267408128880545,5,6
1926,0.0032736181277751375,0.0,9.459310285021417e-05,0.007014092510320636,0.0,0.0002349080804793142,4.483797559010888e-05,0.0,3,6
1927,2.043021542372299e-05,0.0003692742480467619,0.003842999314547041,0.00031552011731754296,0.00850586343039764,0.00031937620368588095,0.0005740819241513675,4.704538689496464e-06,4,2
1928,9.315279355939478e-07,3.561002991888166e-05,4.9053974939175316e-05,6.972129721704157e-05,0.0,0.0007236150314085294,0.0,0.0,5,3
1929,2.9056014900714167e-08,6.326774242838242e-07,4.170299596335817e-07,3.589820058320521e-05,0.0,0.0,3.0439302128262697e-06,2.3800952902897806e-05,3,0
1930,1.929855907378908e-05,0.0003263227778562475,0.0027673825512840055,0.0007367887819166396,0.0005420529591936592,0.008306946196830318,0.0,0.00160028762063207,5,2
1931,6.771479670300994e-06,0.0,0.0,1.0297723762579489e-06,6.123504931255862e-07,0.0,7.574018818863707e-07,0.0,3,6
1932,4.363471878011569e-06,1.7911685868671504e-05,0.00010244170286289938,0.003128816506368785,0.0,0.00024703296561745904,4.574483088855091e-05,0.0,3,0
1933,5.335969034797914e-07,1.051352825684726e-05,0.0,0.00014442511891241594,0.0,0.0,3.038056042772824e-06,0.00010520681800349851,3,0
1934,1.77457747975287e-05,0.00035400988921420814,0.0008803270211622698,0.0,0.0,0.004003035996002435,0.0,0.0,5,3
1935,0.05548222688665958,0.0,0.0,0.0,0.0009319182758908808,0.0,0.0001634893548366781,0.0,4,1
1936,0.0006135535412952506,0.013633466154179845,0.0,0.0,9.377230483851311e-05,0.0011563324699765784,0.0005639475806695667,0.0,1,3
1937,8.49638697589198e-06,7.447947144086405e-05,0.00012268651821047076,0.005049045761498867,0.0,0.0,0.0001666469242595338,0.002263113434263752,3,5
1938,5.488614169713415e-05,0.00021341452916094438,0.0003064059559118529,0.012805651590519265,0.0,0.0005817019538845217,0.0,0.00569270403750975,3,6
1939,2.9048530512929205e-06,4.7633350125680086e-05,0.00041269621169512643,0.0,0.0,0.003953570470184998,0.00015074691182629055,0.0,5,3
1940,0.00462790994755633,0.0,0.0,0.0,0.00013355912988898984,0.0005540448548589564,0.0,0.0,5,1
1941,7.309032536503861e-07,7.728407994976746e-06,8.744073406765258e-06,0.0015998119852039898,1.2243821385445458e-05,0.0,0.0,0.0002671499867720092,3,2
1942,8.012274735045143e-08,6.984971516652219e-07,6.782510648229706e-06,0.0001356083118152182,1.4937133108783524e-06,1.8392072866216237e-05,3.425158510692732e-06,0.0,3,2
1943,8.700999842277729e-06,0.00019740598177790572,0.0023552278117671683,0.00041260868606834695,0.0032497358070182713,0.0,0.0003316506980302942,0.0001322076776794765,4,2
1944,0.0005221486674236443,0.0,0.0,6.965359826464996e-05,6.363548210956358e-05,0.0,0.0,0.0,3,1
1945,0.011109052319963337,0.0,0.0,0.0,0.0004558817896912506,0.0009679610093443773,3.489896890449533e-06,0.0,5,1
1946,1.1168456710315627e-05,0.00032879794222440606,0.00033757881411939657,0.00037738834692580784,0.0,0.003203074949310695,0.0,0.0,5,3
1947,0.01014948814349283,0.0,0.0,0.0,0.0005000893194344637,0.00014069801801243123,0.0003009804387361998,0.012994756986632269,7,1
1948,7.121546551566336e-06,5.522469823063111e-05,8.623537655773522e-05,0.0030164322012260366,0.0,0.0,0.0001565897692933567,0.0013051345858983347,3,2
1949,0.00019932960451232539,0.0018533751712805871,0.00015914998769969637,0.017868359851260313,0.0,0.0,0.0002525622140112532,0.007802668136196727,3,0
1950,1.2130200021403592e-05,4.89012506859115e-05,8.597196885968064e-05,0.008825441817552817,0.0,0.0,0.0,0.002453236883891329,3,6
1951,0.0007035601402068842,0.005697777624890424,0.004595539982963858,0.0004864098975923312,0.0018049547942629186,0.0,0.0,0.0052970365895111515,1,2
1952,0.00025580238903416444,0.0,0.0,0.0,1.2627259696715881e-05,4.285545477577186e-07,4.397661261855901e-06,0.0,4,3
1953,4.958635983178695e-05,0.0006045211646751158,0.003951203288524602,0.001806193888120375,0.0,0.03752791339948819,0.0,0.0,5,2
1954,1.5441345886360782e-10,1.3336437803950266e-08,6.305280803329949e-08,1.184706463552357e-07,0.0,3.1784671526608263e-06,0.0,0.0,5,3
1955,3.300318163970626e-05,5.0377987531549355e-05,7.684652309765451e-05,0.012349104437763585,8.392184935813843e-05,0.0,0.0,0.00340063323256619,3,6
1956,0.00029159989412590317,4.391947818896879e-05,0.000164686365039433,0.02041445715598298,7.237629350379555e-05,0.0,0.0,0.005004923456730373,3,6
1957,0.0002634751510083124,0.0,0.0,0.0,1.651801093645924e-05,0.0,0.0,0.0,4,1
1958,0.005419019612608545,0.0,0.0,0.0,0.00029757422990918207,6.077561106930423e-05,0.0,0.0,4,1
1959,0.005216363676148016,0.001614706596615345,0.0,0.0,0.00037656100389949084,4.5586651778061644e-05,0.0,0.007288747474620669,7,1
1960,0.0002982225406592047,0.00010671547394558274,3.918217595758077e-05,6.202567575365368e-05,5.413432902454905e-05,0.0,4.520883205987154e-05,0.0,1,1
1961,9.588074488240299e-05,0.00047564444690098193,0.0043518747817836885,0.0,0.0,0.0,0.0,0.00022513373685287367,2,2
1962,1.6088249320511508e-06,7.042403409047526e-05,0.0,0.00011373259680237256,0.0,0.00017159459780340445,0.0,0.0,5,3
1963,7.272988077190532e-07,7.669433001850345e-06,8.646959308816603e-06,0.0015724628575609716,1.1847444139878477e-05,0.0,0.0,0.0002613538789810406,3,6
1964,3.024679622156526e-05,0.00014481167762315684,3.59070220002463e-05,8.028376935336044e-05,3.12554018235912e-05,0.0,4.008163743278998e-05,0.0,1,1
1965,1.9148607129481296e-06,3.86336272193307e-05,0.00021871275332874994,9.592924822621698e-05,7.177395492307945e-05,0.00010374098431912358,7.053655019898894e-05,0.0,2,6
1966,2.558470662505928e-05,0.000375531826332581,0.001235080038351011,0.0020985946339479784,0.0,0.019580219471338443,0.0,0.004326460823430543,5,3
1967,1.3593410159067439e-09,1.000681813513393e-07,4.0984115023585586e-07,6.975032986424056e-07,0.0,1.7361748263551365e-05,0.0,0.0,5,3
1968,0.04955080951406852,0.0,0.0,0.0,0.0007271285691412828,3.1586663844032105e-05,9.229067504691892e-05,0.0,4,1
1969,0.0036964834555641953,0.050838486382671425,0.0,0.0,0.0,0.0011298553882951238,0.0,0.016926053699308625,1,4
1970,4.775211756263771e-05,0.0007553468008357864,0.0,0.0032812427732739503,0.0,0.0,8.972090610985085e-05,0.0013504224558089912,3,0
1971,2.626689020761951e-05,0.0004082212174193323,0.0,0.0006807631036729604,0.0,0.0,4.55068245348943e-05,0.0010506726978061578,7,0
1972,0.00014131898876246254,0.0016473611873589612,0.00512808437601257,0.006857636265471812,0.0,0.057061977665084015,0.0,0.01162897024427854,5,2
1973,0.00344319850280603,0.0,0.0,0.0,8.677781349320173e-05,4.271048823396153e-06,1.3804950671242647e-05,0.0,4,2
1974,6.729512797918569e-05,0.0005271706332473791,0.0004834763377981722,0.015544180967576818,0.0,0.0,0.0007223940027698095,0.0049822031954304905,3,5
1975,4.294975024625884e-05,7.048409597754981e-06,8.611622764471699e-05,0.002110055883292459,0.0,0.001166779027813668,0.0,8.691026037507294e-05,3,3
1976,0.0014471546527855376,0.0,0.0,0.0,7.459793294164607e-06,0.0,2.6086582948824403e-05,0.0,6,0
1977,2.2497594001601248e-05,2.8786057938644312e-05,0.00033816556660801785,0.00029518892706616385,0.00020896077302784717,0.00139873223990533,0.0,0.00031605557780198484,5,2
1978,0.00143893526928416,0.0,0.0,0.0,6.845378962454512e-05,0.0,2.299506739602227e-05,0.0,4,1
1979,0.0014637273439986095,0.0,0.00020812637240672372,0.000344106379266745,0.0,0.0,4.036553524918461e-05,0.0,3,0
1980,5.477647783051954e-07,4.309552598136475e-06,1.006724648200563e-05,0.00021439385341873727,0.0,0.0,2.1067016825183355e-06,6.892723831477357e-05,3,5
1981,0.000831375995131828,0.0,0.0,0.0,6.450971829159293e-05,0.00014677242190519653,0.0,0.0,5,1
1982,7.862993636645918e-05,0.0007170306372118158,5.60732131939755e-05,0.0065969512188771605,0.0,0.0017976767251714927,0.0,0.0024647989428629885,3,2
1983,0.0009689655126208609,0.0001537060409475797,0.0017120381750789278,0.06005016148764739,0.0,0.002552298463964928,3.792888574541358e-05,0.0,3,0
1984,3.406642290284822e-05,0.000516388863651265,0.0011480075528048177,0.0,0.0,0.009086757642673195,0.0,0.0,5,3
1985,0.002675605835372122,0.0,0.0,0.00021549148113014533,0.0002573298622410446,0.0,0.0,0.0,4,1
1986,6.528504726471161e-06,0.0002233804488638842,0.0,0.0005453638695511662,0.0,0.00023751024619929475,0.0,0.0,3,3
1987,3.892595418277264e-09,6.500557879057028e-08,1.0942925805990233e-07,3.180605215995599e-05,4.775497290460947e-07,0.0,0.0,6.883196752255154e-06,3,6
1988,5.336545363648425e-05,0.0,0.0,0.0,1.2465482853803938e-06,6.913178937083866e-05,0.0,0.0,5,2
1989,9.597141089035733e-07,3.822708962779392e-05,4.255296792441128e-05,8.681954235730644e-05,0.0,0.0007004834846439789,0.0,0.0,5,3
1990,0.00046645560506268274,0.0013796653627737424,0.0,0.0,0.0,0.0,0.0,0.0037217792581225387,7,6
1991,0.0005267144750203631,0.0031197767688314524,0.0024439082518964146,0.044037430390760746,0.0,0.0,0.0016635356307710522,0.002092767932239387,3,6
1992,1.0320020806275429e-05,0.0002527701454232078,0.002630471615915208,0.0012457413029010468,0.004581228637182027,0.01765325748087874,0.0019390054338857471,0.0,5,2
1993,3.324557015685552e-05,0.0007991927900800556,0.0,0.00015704868585840478,3.1917014133040436e-06,0.0,0.0002793085486945832,0.0,1,4
1994,3.253526952938696e-05,7.691433272587906e-05,0.00015326888946713414,0.009800479214027135,0.0,0.0008740475581266313,0.0,0.0,3,0
1995,0.0035882194247373496,0.0,0.0,0.0,4.716873008483002e-05,4.6609683357837805e-05,0.0,0.0,4,1
1996,1.1313064779485415e-06,2.5069709281639437e-05,0.00016032215724216456,0.0005739911175176824,0.0,0.009496404204248247,0.33155461169043754,0.0,6,3
1997,1.3037315123304628e-05,0.00010864069670234565,2.355043759774604e-05,0.013103982809792221,0.00015983775869853027,0.0,0.0,0.002129999630544731,3,2
1998,1.405695816189419e-05,4.690294646945872e-05,6.148724414082235e-05,0.010067359604573934,6.890503975006278e-05,0.0,0.0,0.0027844199188329574,3,6
1999,4.8018230590786056e-05,0.000782346718030013,2.7833664007325597e-05,0.0031447122315382482,0.0,2.3565194076923964e-05,9.291806366593097e-05,0.001186721694283518,3,0
2000,0.003403297449124785,0.0,0.0,0.000388203646591925,8.344053939255647e-05,0.0,1.5538252832813245e-05,0.0,3,5
2001,2.4911714591075565e-06,4.475530185248384e-05,0.00037511613874804354,0.0,0.0,0.0040005452201115205,0.00015036922480004636,0.0,5,3
2002,7.920614837728824e-07,3.063513696032404e-05,3.6590214006820295e-05,6.700012814518316e-05,0.0,0.000611882155203605,0.0,0.0,5,3
2003,8.501633963347276e-07,1.96325607079431e-05,8.655021456088812e-05,0.0,0.0,0.0006145374614668198,0.0,0.0,5,3
2004,0.00020108744385799568,0.0026341073666090557,0.019427088086123392,0.0011665835824666328,0.005409325186416696,0.0036040007267162774,0.002800397411275543,0.0,2,2
2005,0.0036812328542620686,0.0,0.0,0.0,0.00010524452452376493,3.2616118153178085e-06,2.9195192822555832e-05,0.0,4,3
2006,0.011025382199838608,0.0011430145709984242,0.020353652880384657,0.0004404646835957123,0.006247356726199696,0.003929287536573007,0.0027140959422870103,0.0,2,1
2007,1.9262484953729856e-05,0.00041275600379292037,0.0009395852412247898,0.0,0.0,0.004853149233458503,0.0,0.0,5,3
2008,9.47838858279354e-06,0.00012188088461963841,0.0006996602983660317,0.0,0.0,0.002344142132087378,0.0,0.0,5,3
2009,5.62414815669615e-06,2.406697770412568e-05,4.0044217426955e-05,0.007952020346015906,0.00011961117860285483,0.0,6.897483892981686e-05,0.0013438605733161926,3,6
2010,4.604348909408796e-05,0.00018132926169055777,0.0002356207460503924,0.007146058291384175,0.0,0.0019986566955225837,0.0,0.0032048011359498583,3,3
2011,0.0005900137822307093,0.0,0.0,0.0,3.938995631724897e-05,2.7935324752561214e-06,0.0,0.0,4,1
2012,0.0005468372485252817,0.0032731418341939906,0.0026695104387080113,0.03664156758450025,0.0,0.0,0.002196583645643498,0.005364858370647826,3,5
2013,7.08272798106036e-05,0.0014579453629932335,0.0,0.005518984094881676,0.0,0.0007062324923627971,1.6014636583525672e-05,0.0010340199917270034,3,6
2014,0.05159343739395455,0.0,0.0,0.0,0.0012280948890850687,0.0,0.0012220848766349493,0.0,4,1
2015,0.006436044513966494,0.007413829060815296,0.0,0.0006818858470765755,0.0009480317255868677,0.0,0.0027865565842396353,0.04933994902865724,7,4
2016,0.0724674955503243,0.0,0.0,0.0,0.0016852484445910865,0.0043947340716055635,0.0,0.0,5,1
2017,9.297178433918147e-05,0.0004666186708329474,0.004130821012717122,0.0,0.0,0.000680578278606619,0.0001972317313533485,0.0,2,2
2018,0.045689660920639315,0.0,0.0,0.0,0.0006038295973522389,0.0,8.020713057686631e-05,0.0,4,1
2019,0.0011687410177396464,0.0,0.00011443545476213627,0.0,0.0,0.0019900519232637554,0.0,0.0,5,2
2020,8.597703854104054e-05,0.0018095125088043158,2.511355194637742e-05,0.00020019048519702513,2.241460275814968e-05,0.0,0.0003780827513263286,0.0,1,4
2021,1.2227278281971561e-05,1.710551271109358e-05,7.301125507697427e-05,0.003438648579210556,0.0,0.000519075940730757,0.0,0.00019434980800849824,3,6
2022,0.000767978211427053,0.0,0.0,0.0,1.0454021127947607e-05,0.00051040755773186,0.0,0.0,5,2
2023,6.458282974982003e-05,0.0004773056944350176,0.0004131698756827094,0.033910670056899996,0.00041530371544693244,0.0,0.00043663133620247053,0.004998827094975123,3,6
2024,2.0601642098886547e-05,0.0005407949325800784,1.4318749403303674e-05,0.0001252075645342326,0.0,0.0,0.00021171444009572578,0.0,1,4
2025,0.00024340446072032443,0.0,0.0,9.351310627468623e-05,1.0837634770968964e-05,8.370616343783719e-06,0.0,0.0,3,0
2026,2.8116523902649997e-09,4.501497566750743e-08,7.207851952213204e-07,0.0,0.0,4.893753484329528e-06,6.283170662128185e-07,0.0,5,2
2027,5.766662683052836e-07,6.00751105399452e-06,6.668965554360503e-05,0.0,0.0,0.0002569159596141375,2.6288140333767542e-05,0.0,5,2
2028,3.799660954971813e-05,0.0006899445471353174,0.005717003237230453,0.001457625844056304,0.0023241215954910807,0.0,0.0,0.00028657639414047593,2,2
2029,0.00022322630742734257,6.0403096858759814e-05,0.00019446032820937494,0.013667503998985465,0.0,0.0,0.00034601180610890886,0.005448756318704015,3,1
2030,0.0070943659225568365,0.0,0.0027690494010633943,0.0,0.0012708278360264163,0.0007365209040429635,0.00029912284261445323,0.0,2,1
2031,0.0003812231647896222,0.0004277352981780505,0.0007814492590111316,0.01837748898512858,0.0,0.0018772106447774762,0.0,0.00830337179154209,3,5
2032,0.050968021049485585,0.0,0.00016767538792415175,0.0,0.0007805062152203745,0.011543512425307245,0.000451585525917689,0.0,5,1
2033,0.0009748883179178954,0.00017713580789844717,0.00167901267888403,0.06138762188494815,0.0,0.0019309073400448113,0.00021159544399105626,0.0,3,6
2034,8.488574084145731e-06,0.00015818318237610508,0.0,0.0022266453786916915,2.9281818459969015e-05,0.0,3.177245690356853e-05,2.7378899973942908e-05,3,6
2035,0.005189047640350753,0.0,0.0,0.0,0.00022070868956814978,0.00016276006540982436,0.0,0.0,4,1
2036,0.046590187694718795,0.0,0.0,0.0,0.0006943774234996152,0.0,0.00010379101555831612,0.0,4,1
2037,8.153307037696864e-05,0.0004951490396555879,0.00047969059781522284,0.00024149701195050582,0.00032983362629414076,0.0,0.0001218814103346176,0.0005586789413058907,7,2
2038,0.056998379748556385,0.0,0.0,0.0,0.0,0.0,0.0001494469593063227,0.0,6,1
2039,0.00037455220358023454,0.00039289846752030814,0.0039040050997725373,0.0031319624122218698,0.00038512797109438527,0.012191051220749139,0.0,0.00321802670109934,5,2
2040,0.05159343739395455,0.0,0.0,0.0,0.0012280948890850726,0.0,0.0012220848766349517,0.0,4,1
2041,0.003513075498747492,0.0,0.0,0.0,9.078149678098814e-05,0.0,2.1927295884855708e-05,0.0,4,1
2042,0.006278753839765679,0.0,0.0,0.0,0.00027450512101648365,0.0007920754087724786,0.0,0.0,5,1
2043,2.894773992089698e-06,4.390277203598969e-05,0.00011078111911379916,0.00016603997494840745,0.0,0.0,1.3010131581303169e-06,9.050544672943428e-05,3,4
2044,3.970943248703826e-10,1.6956685743800575e-08,1.9177736718506555e-07,1.2702061492292233e-06,0.0,2.6379098614576922e-05,0.0012765699913571747,0.0,6,3
2045,2.3475505777972504e-05,0.00039155519409485827,0.00028063976958458427,0.0,0.0,0.0,0.0,0.0002906277536174078,1,4
2046,3.515311119492122e-05,0.00025546907777668015,0.00023165341462740285,0.0027112002064904263,0.0,0.0,0.00019767871470821046,0.0,3,6
2047,0.004420586382689424,0.0,0.0,0.0,0.00019033037862175147,0.0,0.0,0.0,4,1
2048,6.803171217235618e-05,0.0008364728978840285,0.0,0.010968561590161973,0.0,0.0,0.00030500687362672665,0.004720117599772661,3,5
2049,2.31557418257762e-06,3.3506082786399176e-05,0.000306330711720733,0.0001016471678550975,0.0,0.0043150055309311396,0.0,0.001183928616266107,5,2
2050,0.0008385763128465358,0.0015385292801948396,0.0010368643773933546,0.01758137334449564,0.00023008720751872843,0.0,0.000406256336556332,0.013334693721141105,3,0
2051,0.004211438506475941,0.0,0.0,0.0,0.00014590642636037605,0.00011287213615803609,0.0,0.0,4,1
2052,1.152383846148218e-05,0.00010770378379523735,0.00014129051368987975,0.003965732630563255,0.0,0.0,0.00033260774280683103,0.0012830940077684474,3,5
2053,1.1511202950956602e-05,0.00010588349186343674,0.0010236585212311162,0.00022559689038983565,0.0,0.0030502448378235325,0.0,0.0,5,2
2054,9.841608624221714e-08,2.862365390231373e-06,2.3394428663541075e-05,0.00011252124733609105,0.0,0.0020920297276622295,0.08759626476711335,0.0,6,3
2055,0.018162320428766556,0.0,0.0,0.0,0.001006527265749023,0.00035389216801343505,0.0,0.0,4,1
2056,0.0014696523357314744,0.026374468896583375,0.0,0.0014646522553628653,0.00016291518611918823,0.0,0.0010882480192537802,0.0,1,3
2057,8.652856063568765e-06,0.00022984337942866614,9.221659297434506e-06,7.484291642949132e-05,0.0,0.0,9.737255726510681e-05,0.0,1,4
2058,9.544109948390384e-06,8.606201346987272e-05,0.0008790464406737864,0.0,0.0,0.006981328213732785,0.0,0.001988289899746474,5,2
2059,6.603802561553252e-07,6.716703261751878e-06,3.98704729284763e-06,0.0013384725973158815,1.942536481211889e-05,0.0,0.0,0.00021504723984353683,3,2
2060,0.0001524681990472276,0.0005204591539547745,0.002480850637507562,0.02413507570455581,0.0,0.023820368867449516,0.0,0.0,3,6
2061,0.00173623826398872,0.0,0.0,0.0,0.00020476677848666069,6.41721214029935e-05,0.0,0.0,4,1
2062,2.1264194373214442e-05,0.0003418665967753935,0.00180780476971688,0.0015507785772469003,0.0,0.017067529373928334,0.0,0.0036407909557808903,5,2
2063,7.315946553363986e-05,0.0012986446533842493,0.012186333813562275,0.002014785563100339,0.007410355079438939,0.0,0.0007533122157593381,0.00047904064713528744,2,2
2064,4.155757348732753e-05,0.00030493444644162475,0.0004354010961084282,0.01611291318762911,0.0,0.0,0.0008045399260255068,0.007518962248126408,3,5
2065,0.00021607739393446058,0.003424430068125702,0.01450341028237651,0.005279252568183565,0.0,0.114974368060786,0.0022506900877361327,0.0,5,2
2066,6.745379278229895e-05,0.0013951211064513564,0.0,0.005030686683262061,0.0,0.0003802705146565513,0.0,0.0009327178779115217,3,0
2067,0.0462887438387956,0.0,0.0,0.0,0.00033269902139178927,0.0002781342965494833,1.614121944265991e-05,0.0,4,1
2068,0.001173336255825454,0.005762816566752747,0.004664687832010846,0.0019283910388974532,0.0027266522660104975,0.0,0.0008086585462929622,0.004000474970758975,1,2
2069,2.759338542129513e-11,1.4569415084675363e-09,1.9725436359334828e-08,1.597917765427114e-07,0.0,3.572636386589199e-06,0.0001927914989976368,0.0,6,3
2070,2.759338542129513e-11,1.4569415084675363e-09,1.9725436359334828e-08,1.5979177654271073e-07,0.0,3.5726363865891965e-06,0.00019279149899763693,0.0,6,3
2071,0.003216092033718092,0.0,0.0,0.0,7.678673269697118e-05,0.0,1.035219987520079e-05,0.0,4,1
2072,0.0003633773480408982,0.0,0.0,0.0,2.80150769054868e-05,4.939941862269292e-05,0.0,0.0,5,1
2073,0.00014220066571896028,0.0013969614161268413,0.006922733008532948,0.0,0.0,0.020065205123508276,0.0,0.0034997247731830914,5,2
2074,8.270151641893581e-08,1.294720330704199e-07,5.369273293860837e-07,4.2843239958551276e-05,0.0,3.679579083006854e-06,0.0,2.1460009460550972e-05,3,5
2075,7.495426937321116e-11,6.437613786934843e-09,3.0277666797146036e-08,5.65376184740168e-08,0.0,1.5132922615949148e-06,0.0,0.0,5,3
2076,2.3948715918162832e-06,4.23645223275021e-05,0.00035587467374452236,0.0,0.0,0.0037166346383252476,0.0001406226917184016,0.0,5,3
2077,1.6490439567683076e-06,1.1662314080882712e-05,0.00010184669228675903,0.0004073525327474075,2.9515606613430414e-05,0.0002665757259514516,2.7330085586041143e-06,0.00011350565148778536,3,2
2078,1.1458916087799422e-07,1.002041892263103e-06,1.0475486865155514e-05,5.1234796708282786e-05,3.7390272683315473e-06,3.601871724583734e-05,4.1020532466586356e-07,1.6100800959127658e-05,3,0
2079,7.070827655760061e-06,0.0001247606658531001,0.0009340516693332344,0.0008485501865344231,0.0002854675308727481,0.0017123337314905326,4.922100465095905e-05,0.0,5,0
2080,3.414797179978021e-06,2.3965593925717514e-05,2.2142704843077173e-05,0.006390026564246289,7.917898154519983e-05,0.0,2.4518320957094562e-05,0.0009103866308111211,3,6
2081,0.055516972642446615,0.0,0.0,0.0,0.0009309907284795519,0.0,0.00017230130656094783,0.0,4,1
2082,0.005399016011222279,0.0,0.0,0.0,0.00022995183368219687,0.0006444758715553693,0.0,0.0,5,1
2083,0.01094303838815734,0.0,0.0,0.0,0.00047114412807005695,0.000892280642266608,0.0,0.0,5,1
2084,0.055516972642446615,0.0,0.0,0.0,0.0009309907284795519,0.0,0.00017230130656094704,0.0,4,1
2085,0.0019113619333860528,0.0,0.0,0.0,0.00017802891694798103,0.00013629109832868585,0.0,0.0,4,1
2086,5.773891520489331e-06,8.261034479133628e-05,1.285843277822713e-05,0.002181320239399153,0.0,0.0,8.327814597362956e-05,0.0008651858875408898,3,5
2087,0.00426542132858236,0.0,0.0,0.0,2.4898774001475692e-05,0.0,7.416764015780328e-05,0.0,6,1
2088,0.0014033359301966824,0.0055058880145129165,0.0419694464621695,0.0,0.0,0.0,0.0004927453621790827,0.0,2,1
2089,6.751643477367031e-06,6.5885791010128014e-06,2.3206935909501856e-05,0.0014435170000622179,0.0,3.572972762553473e-05,1.2625729023752497e-05,0.0,3,2
2090,0.004780901744420317,0.0,0.0,0.0,0.0002613330374461291,0.0,0.0,0.0025790203552782773,7,1
2091,0.0013119814913457367,0.005073446386792495,0.03810069436805626,0.0,0.0,0.0,0.0004751546548782407,0.0,2,2
2092,0.056638185060439376,0.0,0.0,0.0,0.001036260612181479,0.0009741010050282185,0.00010456854298699635,0.0,4,1
2093,0.00017179472238983845,0.002921430372326081,0.010582236429316392,0.003362968852279471,0.0002674610514635727,0.08145002074700171,0.004617939143009285,0.0,5,2
2094,0.00620147595935007,0.0,0.0,0.0,0.0002937765677711877,0.000517278038641472,2.6177574515009375e-05,0.0,5,1
2095,0.04597859023605114,0.0,0.0,0.0,0.0005205663648326392,0.0,8.809832757674341e-05,0.0,4,1
2096,0.00015444397390866724,0.0018488399899962654,0.0060942847634388704,0.008359134359279763,0.0,0.07270754464231877,0.0,0.014896852061334735,5,3
2097,0.003541678036940016,0.0,1.7364318648855666e-05,0.0,9.318316912830456e-05,0.0015634956167755998,6.82723416407016e-05,0.0,5,1
2098,2.021948229205268e-07,5.7938659835139555e-06,7.135514331091615e-05,2.8355098256149025e-05,4.182107050658406e-05,0.0,0.0,1.0278153733536993e-05,2,2
2099,0.0002859169194262578,6.403626569923225e-05,0.0,0.0,2.8952938809922305e-05,3.9179784810082954e-05,0.0,0.0005523004402752599,7,1
2100,2.322379802994466e-06,4.6996176060521524e-05,0.00033047527687588083,0.0004371302752731073,1.9522863944886023e-05,0.004658880868834176,0.0,0.0009796271349830203,5,2
2101,0.0052293359618471764,0.0,0.0,0.0,0.0002330297941580147,0.00036501297891229514,0.0,0.0,5,1
2102,2.580555319211181e-05,1.1112450302042439e-05,1.756549259129073e-05,0.00024997018249997853,0.0,1.61815457575597e-05,0.0,9.665341926249585e-05,3,2
2103,2.595327642421799e-05,5.560717047657084e-05,1.5048816462477212e-05,0.005575795866014526,7.730523644443072e-05,0.0,0.0,0.0009150174084147768,3,6
2104,0.04569252369349376,0.0,0.0,0.0,0.0006044092664438619,0.0,7.995924795853696e-05,0.0,4,1
2105,2.6944383215138898e-06,6.117990149720595e-05,0.0006157299925559287,0.00019520247555653163,0.0002996944102666267,0.0,0.0,5.419795514356934e-05,2,2
2106,1.1650439024045125e-05,7.85427680660693e-06,0.0,0.00010036572575067137,1.5531315201802973e-06,0.0,0.0,0.00013041038974889125,7,0
2107,0.0041146087859279664,0.0007452892428130326,0.0,0.0,0.00024037855331039847,0.00028934443554329455,0.0,0.0039293783505212326,7,1
2108,1.1045689527931021e-05,0.00012926552737358045,0.0004786535977549312,0.0010213216410392173,0.0,0.006404836735458592,0.0,0.0014229942213275163,5,2
2109,1.0332324695750967e-06,2.0953572360896038e-05,0.00021748174066316792,3.927832927096847e-05,7.903928153369267e-05,0.00032518029965995164,0.0,5.4525074016354735e-05,5,2
2110,0.05524760184632552,0.0,0.0,0.0,0.0009174449268538231,0.0,0.0001683161252646939,0.0,4,1
2111,0.00030075028312328173,0.0,7.306376238941037e-05,0.0,0.0,4.686354579425006e-05,0.0,0.0,2,2
2112,4.6317282584189274e-05,0.0003649968944033147,0.0003837011652710259,0.007510753609229466,0.0,0.0,0.0006032054919423681,0.001421704185629359,3,5
2113,1.1045689527931021e-05,0.00012926552737358088,0.00047865359775493144,0.001021321641039217,0.0,0.006404836735458596,0.0,0.0014229942213275168,5,2
2114,0.00015895768347483198,0.001504463228236608,0.004653833103464408,0.008125455300823156,0.0,0.04729778506905776,0.0,0.010065215618117958,5,2
2115,8.880323734776413e-06,8.43296986541949e-05,0.0005526359253540829,0.0,0.0,0.0012023456952279098,0.0,3.7779578643414155e-05,5,3
2116,0.05524760184632552,0.0,0.0,0.0,0.0009174449268538259,0.0,0.0001683161252646928,0.0,4,1
2117,4.754668611871299e-05,8.314826808264176e-05,0.0005424949883615746,0.002791131339986193,0.0,0.0067979715877103716,0.0,0.0,5,3
2118,0.00046944493849048694,0.0009086404036121806,0.0014036246113660201,0.04560890703261342,0.0,0.0005604723402871586,0.0003328373556215933,0.022440134274028398,3,5
2119,0.0004650246898951981,0.0008424561549066446,0.001405353658639646,0.044382920361700814,0.0,0.0005922048753549377,0.0002927641918805424,0.02186014398896222,3,5
2120,3.462395836187319e-06,3.961088913338419e-05,4.654764600610813e-05,0.0020930983456995808,0.0,0.0006098365119809465,0.0,4.035839207670438e-05,3,3
2121,1.108672467894642e-06,1.309797779688585e-05,0.00011341563349254686,0.0,0.0,0.00010013439593172214,0.0,2.677430812694587e-05,2,3
2122,0.0014109337109499455,0.0019372721459424724,0.0,0.00422529433848424,8.111069203051899e-05,4.189249136699527e-06,0.001130828090496464,0.03962594430494941,7,0
2123,0.050568483828803135,0.0,0.04026452243483339,0.0,0.0,0.0,0.0,0.0,2,1
2124,0.05912409662185815,0.0,0.0,0.0,0.001030333685423063,0.0,0.00019478496201551785,0.0,4,1
2125,1.5711112886235323e-07,8.06455193652182e-07,2.092869500967244e-06,1.7380416989843015e-05,2.6051473401166526e-06,0.0,1.2655248141918826e-06,3.183552427209072e-05,7,6
2126,0.04886455500649667,0.0,0.0,0.0,0.0006758053011575054,0.0,9.219908121165727e-05,0.0,4,1
2127,4.012084357392773e-06,5.033896311347822e-05,0.0,0.000639174078883826,0.0,2.51858788278195e-06,3.916116441267185e-06,0.0004730808717770421,3,0
2128,0.00010727514171960515,0.0015582159055695227,0.0,0.005872208418679493,0.0,0.00019433753322284017,0.0,0.0011491374689545338,3,5
2129,1.4426175610531468e-10,1.2262081869753177e-08,5.701922560595572e-08,1.0472320394098813e-07,0.0,2.7820270370234505e-06,0.0,0.0,5,3
2130,0.0004331775626148175,0.001672955449802693,0.00034570898716725735,0.0006285851473313227,0.0002525194205025816,0.0,0.0002591351134840871,0.0,1,1
2131,8.997697237785492e-05,0.0019074561347752507,3.706287429004308e-05,0.0003779332043271335,2.6334920087792938e-05,0.0,0.00039476816385227695,0.0,1,0
2132,2.2609743854307626e-06,9.385968623820925e-06,2.034895316574757e-05,0.0001381581629649104,2.108523038063682e-05,0.0,8.38994869676268e-06,0.000226283673636166,7,2
2133,8.597703854104054e-05,0.0018095125088043152,2.511355194637742e-05,0.0002001904851970213,2.2414602758145834e-05,0.0,0.0003780827513263308,0.0,1,4
2134,0.0013354240917273922,0.005117212366055226,0.0386074305390833,0.0,0.0,0.0,0.000428134277982282,0.0,2,2
2135,0.00010613800930160478,0.0006585882919810427,0.004712214574444829,0.0,0.0,0.0,0.00015264590801999895,0.0,2,2
2136,0.0025833666060565406,0.0,0.0003979920352477159,0.0,0.00029302424519307214,0.00010206521293030172,0.0,0.0,2,4
2137,0.00010503612038319571,0.0008233885093715158,0.00022364579077777135,0.012627490080400186,0.0,0.001332405202620164,0.0,0.002133808383544486,3,0
2138,9.372964503992651e-05,0.00046508650144627743,0.004224997915104008,0.0,0.0,0.0,0.0,0.00022439829475894553,2,3
2139,7.605510818732927e-05,0.0011732302093119158,2.1861018414319155e-05,0.008700019803896498,0.0,0.0,0.0005853503828652817,0.0014304962175925896,3,5
2140,2.759338542129513e-11,1.4569415084675096e-09,1.9725436359334775e-08,1.5979177654270842e-07,0.0,3.5726363865891126e-06,0.00019279149899763682,0.0,6,3
2141,4.007152357583149e-08,5.161735229032158e-07,6.859424346834125e-06,0.0,0.0,3.4802087872560644e-05,3.969695432048841e-06,0.0,5,2
2142,4.556070040805936e-05,0.00017887427489714228,0.00012251092246965165,0.016794813742705382,0.0,0.0,6.944413581222435e-05,0.000789763856034505,3,6
2143,0.0593348869278401,0.0,0.0,0.0,0.0010428685990424842,0.0,0.00018783809861654932,0.0,4,1
2144,0.0005845318677652128,0.0017515634871250949,0.0003984955873559063,0.00055492602672462,0.00020538629812731412,0.0,1.555466274497965e-05,0.0,1,1
2145,8.663054354182515e-08,2.455296593603368e-06,1.959122960473598e-05,9.154643911031756e-05,0.0,0.0016848680315346416,0.06957045504409484,0.0,6,3
2146,0.0002550690383638975,0.0010750623098850888,0.0025289426951072506,0.003938879782938293,0.0,0.0,0.00010990617621816924,0.001926373993972597,3,0
2147,3.622020125567437e-09,5.9416899579825247e-08,9.81635242685286e-08,2.7796363047205196e-05,4.055255035109467e-07,0.0,0.0,5.91492921936366e-06,3,6
2148,4.046227712339365e-08,5.239090188065879e-07,7.007699112146393e-06,0.0,0.0,3.6127839853664934e-05,4.159547934395279e-06,0.0,5,2
2149,1.6398446888653844e-05,0.0004528109062009051,0.004924402984374177,0.002152086893729385,0.010331965707769822,0.025092490548516443,0.003974377941845859,0.0,5,2
2150,0.0002670780746808046,0.005524430977596639,0.0,0.0,0.0,0.00029687673192823575,0.0,0.0017633407792219569,1,3
2151,5.800632147594842e-05,0.0001057045927632354,3.5987199378686297e-05,0.0009435577123457257,4.270294829189574e-06,0.0008861400457797217,0.0,0.0008315473448230802,3,6
2152,0.00035980522602705275,0.005285751763771201,0.02880370992416967,0.004059874040075911,0.005575321301593723,0.0752343080927268,0.006741286754148929,0.0,5,2
2153,0.0004878777187781222,0.0011180653646066462,0.0,2.8048309683075106e-05,9.357851474285754e-05,0.00015556302679542105,0.0,0.004443208521383814,7,6
2154,1.912308805808189e-05,0.00024892671997692173,0.0015595390817042744,0.002038569095478703,0.0,0.010806853508094006,0.0,0.002581474296707409,5,6
2155,0.00031606915107062973,0.006250170121210093,0.0,0.0,0.0,0.0,0.0,0.0,1,4
2156,9.910789096727755e-05,0.00036203644341691526,0.0004995904421528904,0.03124668981763011,0.0,0.0,0.0,0.009810588617793041,3,6
2157,0.009214625509622184,0.0,0.0,0.0,0.00037348232739082345,0.0002459829626072779,0.0,0.0,4,1
2158,7.290284880743037e-07,1.2675457139486912e-05,5.873033923902341e-05,0.00011822551345881344,0.0,0.0011819768386360046,0.0,0.0002627818761740038,5,6
2159,0.0017486120425807851,0.0011410850946543716,0.0,0.0,0.0002117898821184511,9.426848145635386e-05,0.0,0.013825810731271425,7,1
2160,7.313959226830458e-05,0.00021926817472056446,0.0002946093151169718,0.011979133422504526,0.0,0.0018839741957009373,0.0,0.0020618762824349433,3,6
2161,0.00856195132207446,0.006623821686143074,0.0,0.0,0.0006791335512864106,4.521269828647548e-05,0.0,0.019429026502661578,7,1
2162,0.0001431863413553957,0.0017544822192407349,0.005754899308087409,0.006169463031800323,0.0,0.0596762512394702,0.0,0.008148443627952614,5,2
2163,0.00019917759643449265,0.002595629579206915,0.019210700747658495,0.0010712735177059419,0.005338721132671298,0.0035063327497600184,0.0027293043657942934,0.0,2,2
2164,3.870268087910519e-06,8.110565234035509e-05,0.0008510386425658191,0.0002670256716083878,0.0002807297850636877,0.0002832950225892002,0.0,2.815955482315544e-05,2,2
2165,4.3305763664059655e-05,0.000148997986821971,0.0006159054855187941,0.006151832512055654,0.0,0.007850063873470097,0.0,0.001623477961472029,5,0
2166,4.8385674739239835e-05,0.00034987518172722147,0.0005632852939137336,0.017568293444724166,0.0,0.0,0.0010098624180453185,0.008689664646420882,3,5
2167,0.00017225991334054566,0.002937230851856898,0.010769115994196271,0.0034628233004126044,0.0006999584230062954,0.08291443600435155,0.004847619371935693,0.0,5,2
2168,0.00014033023491874077,0.004111233805094012,0.0,0.0,0.0,0.0004192228762390316,0.00010904563168298779,0.0,1,3
2169,0.00039595433398399054,0.0006191171557947193,0.0009013359524405742,0.05114152747074037,0.0,0.0012898326327680323,4.797630550522507e-05,0.0,3,6
2170,0.0010681612415342088,0.0002079252577645675,0.0022289991977709365,0.07815509556148352,0.0,0.00392495480264481,0.0,0.0,3,3
2171,3.418172728415839e-07,5.707864631145379e-06,4.123561444865912e-05,2.1636978283225903e-05,0.0,0.0007303902745823478,2.2098585162566833e-05,0.0,5,2
2172,3.911482460821431e-09,6.548905040866862e-08,1.1059912623859168e-07,3.231780246788497e-05,4.882174594153461e-07,0.0,0.0,7.021480671940844e-06,3,6
2173,0.00031330619563299294,0.000766774912283418,0.006725731705155414,0.004306153214597619,0.002768928879432454,0.0,0.0,0.0010261763658336116,2,6
2174,0.0073328540348216115,0.0,0.00036231595943222495,0.0,0.0,0.0,6.416204187831661e-05,0.0,2,1
2175,1.1472633851502978e-10,6.045940971236552e-09,8.452331491184168e-08,6.60934955785523e-07,0.0,1.4784833446266228e-05,0.0008028098486563024,0.0,6,3
2176,6.8612298135235054e-06,4.369827371950773e-05,5.947580799565551e-05,0.007204153253152988,0.00013240157418184555,0.0,0.00011128887630912357,0.0014099890450759418,3,6
2177,5.14986295243773e-07,4.898175702702003e-06,5.0384445094334854e-05,0.0,0.0,0.0,3.4640164621587895e-06,0.0,2,2
2178,0.00016063264288200904,0.002690278024381468,0.00959533459137503,0.0029892197058354443,0.00023777007010012337,0.07173404835032968,0.004011425893072373,0.0,5,2
2179,0.005216363676148016,0.0016147065966153455,0.0,0.0,0.00037656100389949084,4.5586651778062315e-05,0.0,0.007288747474620672,7,1
2180,5.187355200218606e-05,0.00014506070204524585,0.00012829223176368882,0.01921891669131384,5.729087541419557e-05,0.0,0.0,0.004797423402980372,3,6
2181,8.925579721718511e-05,0.001571226931462296,0.013457121746537334,0.0029692222982019177,0.004764909333194565,0.0,0.0,0.0007395914656776614,2,2
2182,1.7129561180808383e-06,1.5715202375533802e-05,1.131821672750522e-05,0.004215659069965161,6.84868018190652e-05,0.0,1.9421509166036552e-05,0.0007398307943479527,3,6
2183,9.789082392323586e-06,0.0002576126076554282,0.0026481438228768855,0.0009494846549372277,0.0059263106369983505,0.01056812047225692,0.0015041008762167042,0.0,5,2
2184,4.6618044940991995e-05,0.0007631196342312309,0.0,0.0029188441558013986,0.0,0.0,9.826424405650375e-05,0.0009500933445702588,3,0
2185,0.00037349164020432265,0.0006471868015247438,0.00014641980967198008,0.044309684027621116,0.00047643975239529255,0.0,0.0,0.006536480238155086,3,6
2186,0.0514894328473019,0.0,0.0,0.0,0.0008763722475602767,0.0006318139993640909,0.0,0.0,4,1
2187,1.6281645634977732e-08,6.103284002765112e-07,6.3216442201831316e-06,3.779488449445506e-05,0.0,0.0007709429969993618,0.036898267598769685,0.0,6,3
2188,0.05298507042638335,0.0,0.001678156681644799,0.0,0.001821397701406942,0.0008030526068086317,0.0003732749506390534,0.0,4,1
2189,0.00012544483187440286,0.0007483374194485476,0.0010852159676133005,0.019410379355135024,0.0,0.008296841733633006,0.0,0.0029698311586332147,3,0
2190,9.626171539968081e-06,9.187590625351591e-05,0.0008956525274286042,0.0,0.0,0.004689977384226509,0.00020203908696253501,0.0,5,3
2191,8.17257082929157e-06,8.570062256149283e-06,3.994791858690205e-05,0.002541679201659021,0.0,0.0001424066617076848,0.0,0.0,3,6
2192,0.0021117094056585664,0.025940427065896204,0.0,0.0,0.0007164990675469462,0.0,0.0,0.002382295853385673,1,4
2193,0.00010642411227862904,0.00013239032394706784,0.00040682884270630814,0.02153486674019178,0.0,0.0006443307595206557,0.00014049527986402535,0.00023899391855517467,3,0
2194,2.8116523902649997e-09,4.501497566750743e-08,7.207851952213222e-07,0.0,0.0,4.893753484329345e-06,6.283170662129277e-07,0.0,5,2
2195,9.007080383042943e-05,0.00010772765881648275,0.0,1.3889364352227063e-05,2.320632350400074e-05,9.414298087488666e-06,0.0,0.0009458909907707415,7,0
2196,0.00025556090680600263,0.0,0.0,0.00010505040289144813,1.5855567537643573e-05,1.0799555764717351e-05,0.0,0.00018964317891359957,7,0
2197,0.0001387630257225735,0.0012869013925833471,0.006653731643799672,0.0,0.0,0.017406005569379022,0.0,0.002176597616983453,5,2
2198,0.00014150127898570776,0.0013033343379622276,0.006973203625782755,0.0,0.0,0.018497442943581226,0.0,0.0031199261851720204,5,2
2199,2.4922036255709544e-06,4.4788187994063315e-05,0.0003756122802427925,0.0,0.0,0.004012069431143782,0.00015099472604513254,0.0,5,3
2200,1.6305319755773797e-05,0.00044916303722344826,0.004867655054275894,0.0021145792898748157,0.010182450713115208,0.02456260961794532,0.0038868404492176704,0.0,5,2
2201,1.313122465648819e-08,4.7177851088916585e-07,4.651723666654368e-06,2.717563625155844e-05,0.0,0.0005458066340326594,0.02561377553460323,0.0,6,3
2202,0.00020153882483537523,0.0033966894090312087,0.01289959918573368,0.004218496795508637,0.0,0.1034739868025403,0.004004759695619152,0.0,5,2
2203,0.00046888128329372847,0.0,0.0,0.0,3.75164304788891e-05,0.00012402697826801635,0.0,0.0,5,1
2204,0.00018271001144606915,0.0012531535337125886,0.0033162780347564167,0.003635888253328466,0.00046090144243920013,0.0039168267296139725,0.0,0.0077956449271414175,7,3
2205,0.00356646568343368,0.0001300699935129157,0.006259696185641823,0.0002555469796160617,0.0007539613191470659,0.003940174801795891,0.0010899364437827197,0.0,2,2
2206,9.020168187515622e-06,0.000126606174536507,0.0004603097840937798,0.0007202255527798231,0.0,0.0062992179643539745,0.0,0.0013177711433565139,5,2
2207,0.0013117429547699238,0.005067263689010949,0.03801735616084964,0.0,0.0,0.0,0.00042954491129458376,0.0,2,2
2208,0.0001786173809421857,0.003110048503102363,0.01245345371850135,0.004192836333602424,0.003966378496615097,0.09281556572768539,0.006219320162423175,0.0,5,2
2209,0.0013119505573075563,0.005071489896441261,0.03806197360879094,0.0,0.0,0.0,0.000454396622085625,0.0,2,2
2210,2.5262210616393107e-05,0.00038620594593313725,0.0016661425657290491,0.002717281175339172,0.0,0.02704628880495099,0.0009453969706690353,0.005763802604618138,5,3
2211,0.00016068391911582306,0.0019210409363568368,0.00821203207691422,0.005850176838283003,0.0,0.05975296859298885,0.0,0.011531878581614217,5,2
2212,7.81241718839207e-06,3.523624247750465e-05,3.893469534131646e-05,0.007430615394497489,3.0558582590202996e-05,0.0,1.929077660434866e-05,0.0007556956578935878,3,6
2213,3.449866307526898e-05,0.0,0.0,0.0,4.9814308416809025e-06,1.7528156029734386e-05,0.0,0.0,5,1
2214,0.00043445656838701844,0.0,0.0,1.3409584857278349e-05,1.902585381726026e-05,0.0,1.4005079936488476e-05,0.0,4,2
2215,3.160525247356521e-06,1.0859415071260478e-05,1.9684296814005103e-05,0.0021205145353382798,0.0,0.0,0.0,0.0001839493279119806,3,2
2216,0.05069063858108995,0.0,0.0,0.0,0.0007633664430330513,0.0,6.954639818380071e-05,0.0,4,1
2217,5.205394621147371e-05,6.751674172563432e-05,0.0008030998822964191,0.0007862891491970209,9.539453987484606e-05,0.003301403219665099,0.0,0.0009183694250822809,5,2
2218,0.0035028152045832855,0.0,0.0,0.0007428038131961567,8.762953296883868e-05,6.304137421684808e-05,0.0,0.0,3,0
2219,0.0003078006575867842,0.0012583988081866838,0.0,0.004565951121462549,0.0,0.00034448826414661474,0.0,0.0007820489642536601,3,0
2220,0.00013505305368362446,0.002430719412930768,0.02208716124914873,0.004254291004796212,0.00849773649808468,0.0,0.0008894643181197554,0.0009287415080886875,2,2
2221,0.0010142176500083356,0.0022295223362009692,0.0,0.0,0.00019852007154021553,0.00010547401820470951,0.0,0.008714201684172371,7,1
2222,2.800813714439049e-05,0.00044117633973185776,0.0,0.0007205001592138871,0.0,0.0,5.114078465685754e-05,0.0011586661051652342,7,0
2223,0.00037646926284663697,0.008434651458247655,0.0,0.00010541050148142634,0.0001221656773254551,0.0009069659215732711,0.0010316554893557714,0.0,1,3
2224,0.00037455220358023454,0.0003928984675203077,0.003904005099772537,0.0031319624122218706,0.00038512797109438386,0.012191051220749146,0.0,0.0032180267010993367,5,2
2225,4.2634755223914614e-05,0.0011714059601280957,0.0,0.0,1.1847320062212794e-05,0.0001572363414524836,8.574069020758189e-05,0.0,1,4
2226,0.0003595226444850814,0.0,0.0,0.0,3.454871203914174e-05,6.626382967464538e-05,0.0,0.0,5,1
2227,0.006712727370900761,0.016057303503401288,0.0,0.0,0.0,0.0,0.0,0.026680117589937293,7,4
2228,0.005215652170691764,0.02408999214596044,0.006750774091384962,0.031101155405404597,0.0,0.0,0.0013268645059618404,4.032896631042323e-06,3,2
2229,0.00017598939304589538,0.0018322309976895662,0.014229696674847058,0.0,0.0,0.0,0.0,0.000401383880356226,2,2
2230,1.0195864577283233e-05,0.00018309600824530954,0.0003342744395716601,0.0,0.0,0.0,6.745674103176367e-05,0.0,2,4
2231,0.0014097005647798462,0.005543575213303001,0.042375940800386425,0.0,0.0,0.0,0.0005019715093891827,0.0,2,4
2232,8.719752009502876e-05,0.001375849721031882,0.004576469461752306,0.0,0.0,0.02586944768884209,0.0,0.002618426155547268,5,2
2233,8.719752009502876e-05,0.0013758497210318824,0.00457646946175231,0.0,0.0,0.025869447688842088,0.0,0.0026184261555472696,5,2
2234,5.560919066222265e-06,0.0001064553021309213,0.000950572273364603,0.0012648995744503494,0.00029341738938476095,0.0020430313141184334,0.0,8.387542185206151e-05,5,0
2235,2.919706880887367e-06,4.801609710957657e-05,0.0004175198589128906,0.0,0.0,0.004038652795812323,0.00015488028877036004,0.0,5,3
2236,3.580304664698113e-05,0.00032690342903391253,0.0026358630225971867,0.0011371808818923161,0.0,0.02402134619279292,0.0,0.0,5,3
2237,4.146737553731369e-09,7.01872692075748e-08,1.1974320160644282e-07,3.541827203024748e-05,5.415622412035369e-07,0.0,0.0,7.747177514952287e-06,3,6
2238,0.000264730246545716,0.005437888201021655,0.0,0.0,0.0,0.00012858138684757978,0.0,0.001826334414012577,1,3
2239,1.1895213859890565e-05,0.00026518335893161766,0.0002037948742071356,0.0011942856134673984,0.0,0.001959079725845767,0.0,0.0,5,3
2240,0.0001810695134256815,0.0022594036630923073,0.007937948427001063,0.011238487266122284,0.0,0.10280348852249932,0.02004902715360152,0.020917549916040407,5,3
2241,1.6305319755773797e-05,0.0004491630372234471,0.004867655054275894,0.0021145792898748157,0.010182450713115208,0.02456260961794532,0.003886840449217674,0.0,5,2
2242,0.0005521174311660187,0.0016020272404872863,0.006447164056250258,0.034313911620901826,0.0,0.04370515220788616,0.0,0.007741696013295105,5,6
2243,8.710952850790196e-06,7.558483006652224e-05,0.00012475167291095185,0.005345749219894456,0.0,0.0,0.00016533742863605484,0.0023458733138960884,3,5
2244,2.1350231851154395e-05,0.0006606806515161226,0.0,0.0012306646554242826,0.0,0.0010885361228305283,0.0,0.0,3,3
2245,0.000607691309687066,0.0037748564233593637,0.0032041723101549936,0.048014731504677215,0.0,0.0,0.0030498615330886263,0.007356129326204821,3,5
2246,4.548288005139503e-05,0.000126387838945303,0.00019139683462421965,0.016851562617823092,0.0,0.0,0.0,0.0013163999180648743,3,2
2247,0.00020093297134521576,0.0012687436435131346,0.0013210676197898028,0.023283101056818082,0.0,0.004994483190137222,0.0,0.0,3,3
2248,0.004259050027490136,0.0,0.0007003803983703985,0.0,0.0,0.00033712436565855726,0.0,0.0,2,1
2249,0.0013637754461666377,0.020969214673708905,0.00408843414184814,0.007613400270851207,2.431059949355542e-05,0.0,0.0014353125608248373,0.0,1,4
2250,9.817433570892813e-05,0.0007185530543443053,0.0007085079760301161,0.01601537938423726,0.0,0.0,0.0008421535671190626,0.00319793938023408,3,5
2251,1.1162079507828419e-05,0.0002311523479446056,0.0009869018379413742,0.0003737491464440018,2.9690981363436835e-05,0.009715972396672025,0.0006065132499369107,0.0,5,4
2252,0.00010498871437100223,0.0006583687416424362,0.00588551104427627,0.0,0.0,0.0,0.00047268536279361604,0.0,2,2
2253,1.0570451487232993e-06,4.338839266222883e-05,5.7133240343838225e-05,0.00010628935996493533,0.0,0.00103418640089349,0.0,0.0,5,3
2254,0.0015108846564276922,0.007662457134135419,0.05722138506185033,0.0,0.0,0.0,0.003160087024797945,0.0,2,4
2255,0.00029125814720496146,0.006038535537314976,0.0,0.0028169811436421096,0.0,0.0,0.00014936580905770832,8.21505586657356e-05,1,2
2256,6.263682904039992e-06,4.6005286568688535e-05,0.0004040192897207002,3.777177418921966e-05,2.8107902017528792e-05,0.0018929104350335348,0.0002087955470876857,0.0,5,2
2257,3.149353412555092e-05,0.0003360155943156187,3.442279974944526e-05,0.0014791372895749254,0.0,0.00031595464897810483,4.980321993892719e-05,0.00017810691527619235,3,2
2258,7.943169106107075e-05,0.0009566970863204719,0.00034425566397307657,0.015509934821104895,0.0,0.0,0.0008131306401788225,0.007104912196552136,3,5
2259,0.009740981661895702,0.06262783016596776,0.0,0.0,0.0,0.011873802958084115,0.0,0.04120771748606489,1,4
2260,8.153790962061633e-05,4.2759933694912e-05,0.0003426891891562288,0.012511619114217535,0.0,0.0019814098002880307,0.0,0.0,3,3
2261,0.0006453634419919495,0.0,0.0,0.0,5.602387241818482e-05,0.0,4.3205747298291935e-06,0.0007076741865606601,7,4
2262,2.0128193674125878e-07,5.754477218920336e-06,7.067065336997963e-05,2.795975842951113e-05,4.1275784939471386e-05,0.0,0.0,1.0078023208088367e-05,2,2
2263,0.009565564283114558,0.0,0.00012280546175701823,0.0,0.0005541682951001587,0.00014715672611175534,0.0,0.0,4,1
2264,0.00032822540941544146,0.00035418884637537903,0.0006205476659070133,0.013744395028083103,0.0,0.001375290436987375,0.0,0.005962872197975477,3,0
2265,0.001326335175342899,0.00517543409691757,0.03912340797489475,0.0,0.0,0.0,0.0,0.0010232635620224045,2,2
2266,0.0004958731607899403,0.0,2.3138542037018745e-05,0.0019653399412226332,1.1008034750885438e-05,0.0,0.00013507137974787324,0.0007010456632037046,3,5
2267,0.0034247047593667307,0.0,0.0,0.002047071744604922,7.445100785812897e-05,0.0,0.00012883682203645628,0.0,3,5
2268,0.0519951061462251,0.0,0.0,0.0,0.0010787856946043043,0.00014729976271105543,0.0,0.0,4,1
2269,1.7404714192146752e-05,0.0003210652495517138,0.0015947703800920801,0.0005160137996639136,0.0,0.016427336707878278,0.0004912403665388152,0.0,5,2
2270,0.001315574184764051,0.005212672498466187,0.037945136262204394,0.0,0.0,0.0,0.0004877755051162448,0.0,2,4
2271,0.00032376117554352594,0.0003350279578361226,0.0032877612407794152,0.002352311063584314,0.0017243953070869966,0.010332250951401127,0.0,0.0022086807519277603,5,2
2272,3.915573602579595e-05,6.994708559920942e-05,9.866246849647406e-05,0.016923373904173828,0.00014491064574988617,0.0,0.0,0.004215776616013792,3,6
2273,8.146904507659316e-08,2.263857114566469e-06,1.776528195738992e-05,7.776393272528047e-05,0.0,0.0013857235439285883,0.05343044420204319,0.0,6,3
2274,0.00037014837792795477,0.0,0.0,4.5594600217822226e-05,1.080462997842263e-05,2.408039607663313e-05,0.0,0.0,3,2
2275,1.5190089367384232e-06,1.9808144479310667e-05,0.00022562209190864568,0.0,0.0,0.0018575184141744333,8.638331057186544e-05,0.0,5,3
2276,3.066565941030611e-06,7.194431547880243e-05,0.0007447089230155239,0.00023850770780489035,0.00040332079161656135,0.0,0.0,4.7861720916293284e-05,2,2
2277,1.4018191046153827e-06,1.676190627822929e-05,0.0001413997335284043,8.742720324069177e-05,0.0,0.00036654428284061584,0.0,0.0,5,3
2278,2.9552259426977538e-05,1.3993806267859126e-05,0.00018796143104432943,0.0035604861950987512,0.0,1.9684295886665087e-05,0.0,0.0,3,3
2279,2.6399191976178785e-05,0.0006812012089862914,0.00010649983707892375,0.000584791602605702,0.0,0.0021664713824443406,0.0,0.0,5,3
2280,0.0005568828812960962,0.0030603302426853688,0.00233482346203915,0.02592168083150927,0.0,0.0,0.0013570701090654554,0.0,3,0
2281,1.1901512745320071e-06,1.5068666549901784e-06,5.220358020125774e-06,0.00034047451729508064,0.0,2.7697687999767575e-05,0.0,0.00015267983262482333,3,0
2282,5.255546238174407e-06,2.2698002619415097e-05,1.690306676594424e-05,0.0025910886691104147,2.2732299699946376e-06,0.0,2.5146827079188866e-06,0.00036749777862745607,3,6
2283,3.651986539930447e-07,1.9502432654111076e-06,1.738184962573252e-06,0.0003260524693132817,1.4327180260352997e-06,0.0,3.879648067316814e-07,5.147797169444023e-05,3,3
2284,0.0037916509921411268,0.0,0.0,0.0,0.00013750980999185044,0.0,0.0,0.0,4,1
2285,4.913393633049085e-07,1.0719606145430701e-05,9.607193945849884e-05,0.00010654546586136482,3.478387868349466e-05,0.00023173696426720275,7.386443618425204e-06,0.0,5,0
2286,0.0031232980359330587,0.04745580392221128,0.0,0.0,2.3850861338575135e-06,0.0,0.0,0.009725812764113247,1,4
2287,0.0009172144967066108,0.002303044712474472,0.0,0.0005179373354844142,0.00020010438193224022,0.0,0.0,0.007082595064261125,7,0
2288,4.48588599767215e-05,0.0012516295694445668,0.0,0.0001821120353348273,0.0,0.0004846592886540635,0.0,0.0,1,3
2289,4.7429132104934084e-05,0.00026320954683384007,0.00020400811535078298,0.04656466746492247,0.00039960277571821437,0.0,0.00014193072146993337,0.0057618993019791015,3,6
2290,0.001492313593168881,0.02325831318828547,0.0019226765169561967,0.004449690492132917,0.0016410700481429418,0.0,0.0012783811261230767,0.0,1,6
2291,1.5158872454110447e-09,6.020712092166271e-08,1.0982109089609975e-06,3.7326491224298863e-07,6.553539087811209e-07,0.0,1.7040577102851122e-07,2.699394458627723e-07,2,2
2292,0.0013827158056709471,0.0,0.0,0.0,0.00014576288858229733,5.63939358645972e-05,0.0,0.0,4,1
2293,0.00011828452697917256,6.85053769750506e-05,0.00025725668061401955,0.00048300668825441165,0.0,0.0,2.03672709603838e-05,7.565023346763616e-05,3,1
2294,0.011086389938408867,0.0876138316354227,0.0,0.0,0.0006883860777497922,0.0,0.0,0.013486332283596351,1,4
2295,2.9499840316636587e-06,5.7626520158183446e-05,0.0,0.00040471559873748265,0.0,0.0,1.3945479222611702e-05,0.0003851724347878803,3,0
2296,1.3658662061696492e-05,9.02783667959503e-05,0.00012111234849416343,0.0137279696896411,0.000251284397145109,0.0,0.0002281649416382483,0.0026706199762799266,3,6
2297,0.00010918313305525399,0.0007329587299511113,0.0008529951619262625,0.01814412276041084,0.0,0.010438847177921038,0.0,0.004831947800689967,3,0
2298,0.006667217463825856,0.11019600744129596,0.0,0.0,0.0003561463479680559,0.0,0.0009354409530981801,0.0,1,4
2299,1.9148607129481296e-06,3.8633627219330646e-05,0.00021871275332874994,9.592924822621661e-05,7.177395492307954e-05,0.00010374098431912353,7.05365501989888e-05,0.0,2,2
2300,0.001143140879124514,0.0019803586173341306,0.0012772036927371677,0.06987416907221697,0.0,0.0023575160143926824,9.606994150062538e-05,0.0,3,6
2301,2.062840222812895e-06,3.589381084015499e-05,0.00028199058376480465,0.0,0.0,0.0027764067249822794,9.745802554494593e-05,0.0,5,3
2302,4.201875580682527e-05,3.899512476663226e-05,0.0,2.7701694031625113e-05,1.2892928833766143e-05,5.015718791492379e-06,0.0,0.000575547684067214,7,0
2303,0.0031748940858573535,0.0,0.0,0.0,7.197570380526358e-05,0.0,1.1991950634791634e-05,0.0,4,1
2304,1.6133313260014614e-05,0.00011179960488058914,0.0012017081952607684,0.0,0.0,0.00020039104981668633,0.0,9.721380388295165e-05,2,3
2305,4.7941388810565416e-05,0.00037505675229707064,0.0004118268345473799,0.009212365843417513,0.0,0.0,0.0005365668187466752,0.0022743091785991597,3,5
2306,3.3068923449651816e-06,1.5346877387305785e-05,9.77264091190511e-05,0.00010241809849216459,0.0,0.001488101290951433,0.0,0.00029959034895124314,5,6
2307,9.09118948447027e-06,6.029396287584414e-05,0.0006550899834611028,0.0,0.0,0.00042549915109637996,0.0,0.00016765272677644788,2,2
2308,1.7645505289138694e-05,0.0004916189405838948,0.005419376447204918,0.002413741409355532,0.011420761659993088,0.028477253291287846,0.004466515690103466,0.0,5,2
2309,9.587525320436318e-05,0.0021244666296764765,0.017477847273569075,0.006269977320632563,0.029241382856084533,0.07846810034203094,0.009847607745427847,0.0,5,2
2310,1.2417691903701296e-05,0.000379029475157858,0.004374155951079742,0.0020960759416523015,0.010570293766778243,0.02758025262791976,0.004469906094979609,0.0,5,2
2311,0.00017179472238983845,0.0029214303723260815,0.01058223642931639,0.0033629688522794784,0.00026746105146357416,0.08145002074700171,0.004617939143009284,0.0,5,2
2312,0.004170952024195205,0.0009986015284243345,0.0,0.00018055749225828887,0.00019822806086632294,0.00030628654842630796,0.0,0.0036019783435137435,7,0
2313,0.007062931758426919,0.0,0.0011894776958584403,0.0,7.231606926126112e-06,0.0,0.0,0.0,2,1
2314,0.00017416641788325143,0.0030484207099802222,0.013410908972780548,0.0045294719847487185,0.007911152935647207,0.08792368826921429,0.0065448667243906515,0.0,5,2
2315,9.838899712966607e-06,9.62976397981758e-05,0.000942053571395134,0.0,0.0,0.005306603531914183,0.00022872678370873398,0.0,5,3
2316,3.36148315792972e-05,0.0003778377505504013,0.00244502505326421,0.0,0.0,0.010707632528523683,0.0,0.0010978011961618437,5,2
2317,0.00023106508340908774,0.00025628670174015247,0.0007681200614912176,0.029460329940119656,0.0,0.0018181471411439093,0.0,0.0,3,6
2318,3.3021447008426475e-06,1.934145488767378e-05,2.160011608200322e-05,0.002997145469163531,1.3808156863913695e-05,0.0,0.0,0.0007211572887903395,3,6
2319,1.4183479505671298e-07,4.446410111151996e-06,3.979038982431287e-05,0.00020072377435009924,0.0,0.0038567936687767448,0.1690584802202435,0.0,6,3
2320,5.187130902884302e-08,6.86383371912278e-07,9.442876429346486e-07,0.00021733837006623257,2.4800845568956222e-06,0.0,0.0,4.132264694313715e-05,3,6
2321,0.00021653928928313311,0.0029593880342995123,0.012578409303960142,0.007199388074311972,0.0,0.0608870849313449,0.0,0.012846809037987138,5,2
2322,2.310366822030395e-05,0.0002844791499084768,0.0018210503154103019,0.002789510155409938,0.0005090960077164439,0.003093878008232476,0.0,0.0014297189798503334,5,3
2323,9.850463668856276e-05,0.00048053094792348294,0.00441613268863777,0.0,0.0,0.0,7.4613891441805e-05,3.165852232708812e-05,2,1
2324,0.000253782904113802,0.0,0.0,0.0,1.1946348675868176e-05,0.0,5.209500840477159e-06,0.0,4,1
2325,0.04886455500649667,0.0,0.0,0.0,0.0006758053011574997,0.0,9.21990812116568e-05,0.0,4,1
2326,4.6618044940991995e-05,0.0007631196342312312,0.0,0.0029188441558013994,0.0,0.0,9.826424405650461e-05,0.0009500933445702584,3,0
2327,0.05192186925730396,0.0,0.0,0.0,0.0008337147298428818,0.0,0.0001772482600956545,0.0,4,1
2328,1.872317745262799e-07,5.256660371134325e-06,6.333134486889269e-05,2.4409501220361117e-05,3.622033597848954e-05,0.0,0.0,8.526080649431285e-06,2,2
2329,1.2436588404829898e-05,0.0003742673665234503,0.0003820587617808624,0.000456183267939511,0.0,0.0037681704312578913,0.0,0.0,5,3
2330,9.471809268386637e-06,0.0002778540685923885,0.0002142791228444547,0.00034250535925084983,0.0,0.0021236615308130756,0.0,0.0,5,3
2331,9.216469588984505e-05,0.0004446803387208015,0.004024043774609734,0.0,0.0,0.0,0.0,0.00020163305975088092,2,2
2332,0.0037060025685070365,0.0,0.0,0.00035164370188825363,0.00011060049520900669,0.0,0.00019741065124570246,0.0042255060023060915,7,3
2333,8.812822041725887e-07,1.3891765594691772e-05,0.00010664047732670194,0.0005384931219662382,3.5921854231836204e-05,0.0002165071497838255,4.8319437149350035e-06,0.0001965961715580791,3,2
2334,5.1706736998005846e-08,2.030449589123529e-06,3.184476371844143e-07,2.011850540065558e-05,0.0,2.4798313013054497e-05,0.0,1.8736128911794372e-06,5,3
2335,2.1964659135646822e-05,0.00026570256022426876,0.0022282337018470627,0.00021480079962143516,0.0,0.02177294129450968,0.0,0.001756026452511918,5,3
2336,2.6111158466913045e-05,0.0003610954580809544,0.002125823318633622,0.0,0.0,0.013630015818362597,0.0008767309457188562,0.0,5,2
2337,0.0008264601536026849,0.015984389880024725,0.001714211122758758,0.0006274254714964877,0.002542077551247781,0.0,0.0,0.002990676103422716,1,4
2338,5.57772970063028e-05,0.0017090100644530763,0.0,2.6357126679618674e-05,0.0,0.0,0.00039375117496913967,0.0,1,2
2339,2.5002231602423297e-05,0.0004541589827426775,0.0029625799649997007,0.0005036630984252433,0.0006733804184428444,0.010189811220513776,0.001017159803898106,0.0,5,2
2340,2.087595836830192e-05,0.00015932159379867175,0.00014633793792774433,0.0070385861215133076,0.0,0.0,0.0001634703128688744,0.0021179002436710758,3,5
2341,0.00020140614261364,0.0030468473347582204,0.012266824817485027,0.004752474966611833,0.0,0.09695375968776168,0.0022189386641739226,0.0,5,2
2342,0.0044875977639788865,0.002750364983827468,0.002933054987574507,0.05338964128796563,0.0,0.0,0.0017493860663747069,0.0,3,1
2343,0.0004532210702079248,0.003910734099284979,0.0003353850690294697,0.011755016546297126,0.0,0.002349643054375123,0.0003283420122718399,0.001324856127524249,3,3
2344,0.0003171821802919247,5.40418272856851e-05,0.0,0.0,3.0846761105736055e-05,8.1288403277431e-06,0.0,0.0005633015336885309,7,0
2345,0.0007679782114270528,0.0,0.0,0.0,1.0454021127947126e-05,0.0005104075577318581,0.0,0.0,5,2
2346,1.526162616603909e-08,8.501419863894796e-07,2.7556826124638418e-06,3.403458624423107e-06,0.0,7.737153061444445e-05,0.0,0.0,5,3
2347,1.1210755304927497e-06,9.605974153317685e-06,0.0001236027195252473,0.0,0.0,2.7220064716179847e-05,0.0,1.5550457791830477e-05,2,0
2348,7.81241718839207e-06,3.523624247750378e-05,3.893469534131602e-05,0.007430615394497491,3.0558582590199154e-05,0.0,1.9290776604346037e-05,0.0007556956578935924,3,6
2349,2.0713598938719743e-05,0.00025101225604919666,0.0016866968923328,0.000698768879118945,0.0,0.01740409915660306,0.0,0.004442106088190434,5,2
2350,3.515311119492122e-05,0.00025546907777667906,0.00023165341462740152,0.002711200206490426,0.0,0.0,0.00019767871470820924,0.0,3,5
2351,0.006407846854099305,0.011613149992446826,0.0,0.0,0.0006534179585728852,0.0001587552899686312,0.0,0.025138193588789704,7,4
2352,1.2101336356174836e-05,0.0003124635504378721,0.005121216753953216,0.0,0.06799376879316336,0.0013034604645097722,5.8792831533002525e-05,0.0,4,2
2353,1.6262686596848102e-06,4.7723191040058935e-06,5.86924753386497e-05,0.0,0.0,0.000303165299151624,3.3503193833971024e-05,0.0,5,2
2354,0.04886455500649667,0.0,0.0,0.0,0.0006758053011575084,0.0,9.219908121165688e-05,0.0,4,1
2355,4.6060803974764465e-06,3.9909745110600925e-05,1.5643469698782972e-06,0.00033887216771221867,0.0,0.0,9.782332561764716e-07,0.00018845425260098303,3,6
2356,8.388872864602497e-05,0.0017310572340489922,3.143657552888958e-05,0.00031256050052822756,2.3217850141764035e-05,0.0,0.00031861350708069436,0.0,1,0
2357,0.047030156491763495,0.0,0.001456525968953817,0.08389206450102293,0.0,0.0020564367084808877,0.0005547941986040222,0.0,3,2
2358,8.154954465288191e-06,6.422078414445354e-05,0.000625674083135828,0.0,0.0,0.00029157921179077056,0.0,0.00022683100869592057,2,3
2359,4.986155343512883e-06,0.00012046811525496669,0.000455187601607505,5.75797736649123e-05,0.0,0.004202828816352712,0.0,0.0,5,3
2360,6.628575500244504e-05,0.00046449154068485207,1.5294153867276738e-05,0.0026929622733682223,0.0,0.0,6.2994924112880015e-06,0.0013476506499133472,3,6
2361,8.489952719261732e-05,0.0015131094741061548,0.00900578249276945,0.005046995959571595,0.002713745760145759,0.012061630893531254,0.0,0.0,5,3
2362,3.5594631638452545e-05,0.000668234696454782,0.0022747591057491667,0.00016926452388289312,0.0,0.014325670955623657,0.0,0.0017135378587671431,5,2
2363,0.055815056531369915,0.0,0.0,0.0,0.0010340859941540004,5.018634823666115e-05,0.0,0.0,4,1
2364,0.05300868128224488,0.0,0.0,0.0,0.0007960788658826478,5.29824736574341e-06,0.00012529518008476235,0.0,4,1
2365,3.3367022920310497e-06,6.722029438610879e-05,2.8479806332141833e-06,0.00039571531794136566,0.0,2.562543116434815e-06,1.4073441023667407e-05,0.00016512057929400132,3,0
2366,7.441077456098947e-07,2.363148788150402e-05,3.1004030703497563e-06,0.00015988309525459055,0.0,0.00018332996599853654,0.0,1.3643777029424642e-05,5,3
2367,8.87336081807031e-06,0.0002377071148982502,0.002676806057566949,0.0011047996165282536,0.005525764073101089,0.010739047352860643,0.001813016255344762,0.0,5,2
2368,0.004564544792899351,0.0006289684774429971,0.0,0.0,0.000256185304849001,6.0149169798107455e-05,0.0,0.004005132660889392,7,0
2369,6.364634583162618e-06,3.7687198790065586e-05,0.0004064943382169128,0.0,0.0,0.0,9.226147210101706e-06,8.746686541239556e-06,2,2
2370,1.2737046562334238e-05,0.00020074686467691543,0.0009118381309978041,0.0014050440822461054,0.0,0.01357750629868122,0.0,0.002905421051611877,5,2
2371,1.9480341546188755e-05,7.84727400780169e-05,0.0007507396471297341,0.0,0.0,0.0008943964977664957,0.0,0.0003229951806069333,5,2
2372,0.0013120409043193746,0.005070444508206943,0.03805847633479411,0.0,0.0,0.0,0.00039592278262738417,0.0,2,2
2373,9.458056786095735e-05,0.0004878112495257707,0.004385878205222506,0.0,0.0,0.0030075239832722594,0.0002279877589420525,0.0,2,3
2374,3.124224004379032e-07,8.095198567705015e-06,0.00010270829215324724,2.3574402706485944e-05,4.425237980937138e-05,0.0,7.411617393488863e-06,1.1442909813092674e-05,2,2
2375,0.00011704295179551459,9.900674166537428e-05,0.00038428797923668716,0.019879005798265376,0.0,0.0010641107478486195,0.0,0.0,3,3
2376,1.0059705405733246e-08,2.603591069824654e-07,4.081403496727516e-06,6.252793168652436e-06,0.0,7.53970421286918e-05,0.0005778140773842324,0.0,6,3
2377,1.3912297964218943e-05,0.00022482038421150572,0.0019982865620823565,0.00013487947160663042,0.0006533754794364714,0.000518691226795391,0.00040697005378355887,0.0,2,2
2378,0.00019680061638327327,0.0018717375602394757,0.0,0.015230194133611414,0.0,0.0006248852649294657,0.0,0.0008228656591176292,3,6
2379,2.800813714439049e-05,0.00044117633973185733,0.0,0.0007205001592138862,0.0,0.0,5.11407846568576e-05,0.0011586661051652344,7,0
2380,0.0003617673259529193,0.0005087303866709734,0.0013998742529849708,0.0008802961382660556,0.0,0.010971833337748555,0.0,0.0,5,2
2381,0.00036020169156993916,0.0005680447841030676,0.0008070100096781937,0.02244345366771865,0.0,0.003081905445677934,0.0,0.0076202503680711286,3,6
2382,5.988407086318943e-06,8.506716980448597e-05,3.903011450118274e-05,0.0022312433459346997,0.0,0.0,0.00013032062417349385,0.0011827879828697015,3,0
2383,2.7423555549669888e-05,0.00044631992573428527,0.0021039522256588892,0.0007545463765455738,0.0005840080817196193,0.0007530763428275944,0.00045750763103643394,0.0,2,4
2384,5.284935548166737e-06,0.00010080553574917218,2.2262017216597723e-06,0.0010947835379272399,0.0,0.0,8.847732434884645e-05,0.00019806532031428265,3,5
2385,1.0024495411514385e-11,1.0535747566576889e-09,5.86462586149485e-09,1.3163821943057346e-08,0.0,3.767910070293334e-07,0.0,0.0,5,3
2386,4.3129069719652035e-05,0.00028943765751071723,0.0004125379071373452,0.0172821588709719,0.0,0.0,0.0005918282561456295,0.007828363305148144,3,5
2387,2.239921543147952e-05,0.0002904940853707687,0.0017197207444167497,0.0013600272468955307,0.0,0.022227656477225882,8.656504979031298e-05,0.005236296518016501,5,3
2388,1.5059924471143573e-05,0.00012499168231552217,0.00014358640872535146,0.0063660873531719946,0.0,0.0,0.0002458316985629066,0.0014528559140574934,3,5
2389,1.0059705405733246e-08,2.603591069824518e-07,4.081403496727475e-06,6.252793168652392e-06,0.0,7.539704212869182e-05,0.0005778140773842336,0.0,6,3
2390,0.001093868118131169,0.0002160607320176221,0.002045195552800315,0.08126995537143432,0.0,0.002149526077947642,0.00036004425263114334,0.0,3,0
2391,0.0003265610732838755,0.0004137511894713907,0.004149140012207669,0.0,0.0,0.0,5.507394206097504e-05,0.0,2,2
2392,1.9717416834424444e-05,0.0003739379863202386,0.001806914296574181,0.0005344731762189023,0.0,0.018136316365398822,0.0002072466973756775,0.0,5,2
2393,9.308153771117579e-06,7.259321439849958e-05,0.0007616259183334445,0.0,0.0,0.00373337448260471,0.0,0.0,5,3
2394,9.716239118401106e-05,7.6681503454161e-05,0.00022563411354348148,0.01147169989447731,0.0,0.00028165230563221373,8.340882656519891e-05,0.0,3,0
2395,0.0026376039133372683,0.0,0.0,0.0,0.00024365863225771887,3.333738265932993e-05,0.0,0.0,4,1
2396,1.397321239380171e-05,0.00022632608860932523,0.001998173659751485,0.00014193062403254368,0.0006523835365203421,0.00048786691670771906,0.0004212822305175246,0.0,2,2
2397,0.05387429154668013,0.005919904670597511,0.0,0.0,0.0014356349159188406,0.00022968430631865349,0.0,0.017711548982384757,7,1
2398,5.501397839541354e-05,0.00021849660904646657,0.0020427196141090784,0.00013764885257822813,0.0006789267537645728,0.0005039551055082856,0.00044203290679498976,0.0,2,2
2399,0.04698948427149833,0.0,0.0,0.0,0.0007916104272063195,0.00016434230561840834,0.00013986336574496085,0.0,4,1
2400,0.0005533927806173394,0.004969066860288718,0.0,0.003248335733588948,0.0,0.0019159915753809453,0.0,0.0033415252920011487,1,0
2401,4.391659458187095e-05,0.0008310999428958461,0.007162931707241237,0.0018794800336446947,0.003288771789573833,0.0,0.0,0.00025822740698533793,2,2
2402,1.5069976320086963e-05,8.428303191570183e-05,7.617339914329265e-05,0.004767949796465756,0.0,0.00029858344963831275,3.709123506588644e-06,0.000300165594811374,3,0
2403,9.478736249627018e-06,8.925651660185977e-05,0.0008375713401435334,0.0,0.0,0.00674429270063929,0.0,0.0018597854107456145,5,2
2404,4.004126842481811e-05,0.00027657288652263486,0.00039245777080809685,0.014924292888721572,0.0,0.0,0.0006005459930929706,0.0072388376066100085,3,5
2405,2.6893811456128814e-07,6.968707992313643e-06,8.753424960302307e-05,3.338859725197213e-05,3.395437414675825e-05,3.830014313716883e-05,0.0,5.243369197213763e-06,2,2
2406,2.9565421238852172e-05,0.0005414955004142798,0.003891842171458508,0.000608631060395864,0.0008839307931077993,0.01048380861623811,0.001043381216864172,0.0,5,2
2407,7.693252551027268e-05,0.0014062181492035337,0.011751272948680084,0.003042912127490086,0.004830827505183502,0.0,0.0,0.0006207956044131942,2,2
2408,5.501397839541354e-05,0.0002184966090464667,0.002042719614109079,0.00013764885257822794,0.0006789267537645724,0.0005039551055082845,0.00044203290679498965,0.0,2,1
2409,0.00010918313305525399,0.0007329587299511078,0.0008529951619262634,0.018144122760410844,0.0,0.010438847177921031,0.0,0.00483194780068997,3,0
2410,1.153040403705608e-06,8.12949361721035e-06,6.594227037510872e-05,0.001077775672251604,8.409053294216527e-06,0.0001374707034757453,2.2674704649406763e-05,0.0,3,2
2411,0.00010918313305525399,0.0007329587299511096,0.0008529951619262634,0.01814412276041084,0.0,0.010438847177921033,0.0,0.00483194780068997,3,0
2412,0.00013604015255956525,0.0006202749848292099,0.0006762870483477789,0.02870116925237413,0.0,0.0,0.0009238321490904365,0.01205402769563356,3,5
2413,3.51754581757611e-05,9.7321799233458e-05,0.00011383400453491484,0.012375345287574484,4.411067448161841e-05,0.0,0.0,0.003465797687906815,3,6
2414,4.25275900738762e-05,0.0007647941897139091,0.00651479538422996,0.0016899436958841244,0.0027192375356362673,0.0,0.0,0.0003558486381427092,2,2
2415,6.615077808035288e-05,1.0728331161222074e-05,0.0001649089829012139,0.007025934158198731,0.0,0.00023162554464234826,3.165895663609616e-05,0.0,3,0
2416,1.3306029920714302e-07,3.319453811253638e-06,2.2495532693156066e-05,1.2016672051308555e-05,8.694099440931408e-06,1.4028092865966194e-05,1.063567655632512e-05,0.0,2,6
2417,0.0021361689145621204,0.001183886271034594,0.0,7.46461991631533e-06,0.00023513529150230548,0.0014628303680361038,0.0,0.003603776288293937,7,1
2418,5.34590573296221e-06,0.00012082417652185233,0.0012086809833367523,0.0003799674384237165,0.0005837286383393222,0.0,0.0,0.0001041883501009963,2,2
2419,2.345216096429657e-05,0.00011016157972484412,0.0,0.0005944043487304464,0.0,4.7717650099132395e-05,0.0,0.00012426882513790914,3,0
2420,3.836566810930388e-05,0.00013764836004078425,0.0006631103627890703,0.0043163723976994885,0.0,0.005912789927996844,0.0,0.0010968813074514827,5,6
2421,0.0037717222535339876,0.06234714689215182,0.0,0.0,0.0,0.0,0.0,0.011238295461641599,1,4
2422,0.00382542014259736,0.06361187984154196,0.0,0.0,0.00011541560482659155,0.0,0.0,0.011580454142737196,1,4
2423,0.00022435705297395433,0.0,0.0,4.3686882796382756e-05,0.0,0.0,3.996875678892854e-06,0.0,3,1
2424,4.846395525446819e-06,4.520185811105071e-05,4.787073497517599e-05,0.004961211200652669,7.842523397012024e-05,0.0,7.964931808965421e-05,0.0008309798595086538,3,6
2425,5.579271633291877e-06,1.8083631026684708e-05,5.772990652353681e-05,0.0013342088677230045,0.0,0.0007496617119310007,0.0,0.0006435959390829861,3,3
2426,6.745379278229895e-05,0.0013951211064513569,0.0,0.005030686683262061,0.0,0.0003802705146565523,0.0,0.0009327178779115219,3,0
2427,9.640206802430863e-05,0.0015407593300632717,0.0,0.0031271374490853096,0.0,0.0,0.0,0.00130793128795544,3,5
2428,0.049429760165576764,0.0,0.0,0.0,0.0005841786399478394,0.0,0.00010085040092931665,0.0,4,1
2429,0.0050675466330080375,0.0,0.0,0.0,0.00023521074046046835,0.0004560987708509951,0.0,0.0,5,1
2430,0.009510449994072858,0.05910152405304549,0.0,0.0,0.0005201295659400865,0.0,0.0,0.03568417456337069,1,2
2431,0.00028315080163477443,0.0,0.0,0.0,1.8778200372980915e-05,0.0,0.0,0.0,4,1
2432,7.444087235894324e-07,1.564516469710976e-05,0.0,0.00020034309931282453,0.0,0.0,5.3208820931297116e-06,0.0001640614602036336,3,0
2433,0.00028315080163477443,0.0,0.0,0.0,1.8778200372980915e-05,0.0,0.0,0.0,4,1
2434,0.00033699292196265145,0.005492546129791369,0.005014110413643772,0.0,0.0,0.0,0.0005825477831384125,0.0,1,4
2435,1.2339959719869653e-05,0.00020682444812927225,6.079424131717987e-06,0.0,0.0,0.00013462157912740396,0.0,0.0,1,2
2436,0.00013034075385344625,0.0013610759193207781,0.008848372225066597,0.00351385080445199,0.001921400449911075,0.0,0.0,0.002169407902422267,2,5
2437,8.957625164379835e-07,4.289437181020724e-06,1.5697245041416166e-05,0.001100105296279332,0.0,0.0,0.0,0.0003414579439852244,3,6
2438,6.75113673515534e-05,0.000133693919812609,0.0001758143081824055,0.030417771692568003,0.0004189873553007698,0.0,0.0,0.005413042193625748,3,6
2439,0.00014176396494841785,0.0016567650806865743,0.00524457758614243,0.007054087672149413,0.0,0.05958358856833107,0.0,0.012088520496475656,5,3
2440,0.0003362029584740574,0.0045234915209268435,0.0027004152256083617,0.0,0.0,0.0,0.0,0.002058161226617305,1,4
2441,2.8067969627405146e-05,1.4256948479180747e-05,0.0,8.282031710294408e-05,3.2967043801903414e-06,8.427751140854373e-06,0.0,0.00010486749423372168,7,0
2442,6.247022597486495e-05,0.00014728725556300532,0.0007441604136908647,0.005256287667108311,0.0,0.0067778472123093516,0.0,0.0013063112103179353,5,6
2443,0.0034858642333791827,0.04295605488236687,0.04467147535981882,0.0,0.0,0.0,0.0024323813582828244,0.0,2,0
2444,0.055443339577263384,0.0,0.0,0.0,0.0009284155948889209,0.0,0.00016223981428356037,0.0,4,1
2445,3.246683697027264e-05,0.0005150556147822535,0.0014267349743345462,0.0,0.0,0.0012347773000479056,0.0006147319479155248,0.0,2,3
2446,3.2592294090275827e-06,5.550155092855544e-05,0.0004927061626137644,0.0,0.0,0.00508394786964053,0.00019891880322618407,0.0,5,3
2447,4.193742708352228e-05,0.0007874389116398158,0.00679564892834667,0.0017992866978147103,0.003422320496975644,0.0,0.0,0.000368704192737931,2,2
2448,2.9739656400551208e-06,2.7721294873777683e-05,4.6174683853558574e-05,0.0020996385490328145,0.0,0.0,0.00012291517072898447,0.0010839714938657623,3,5
2449,0.010064332763519611,0.0006221588209232465,0.0,0.0,0.0005953122869857244,8.505767535175475e-05,0.0,0.004658817309786288,7,1
2450,0.000146727916815855,0.0021309719399966783,0.003250270519264925,0.0,0.0,0.0,0.00044792599192367065,0.0,2,4
2451,0.050017530018725435,0.0,0.004300375553863438,0.0,0.0,0.0005579890889410349,0.0,0.0,2,1
2452,6.468072155209838e-07,6.2373077432830625e-06,7.833764677757253e-05,0.0,0.0,0.0005057132832276135,0.0,0.0,5,3
2453,7.861348217771025e-05,0.0008119912120828789,0.007148198697405009,0.0020964425656620498,0.002948378923958921,0.0,0.0,0.0005901495898776789,2,2
2454,5.7716927972533e-06,7.784676416488195e-05,0.000832100708913448,0.00031477992362890047,0.0004066431356726441,0.0,0.0,0.00015615074289122393,2,2
2455,0.005508597965098081,0.06456800031840051,0.0,0.0015838246862864948,0.0,0.0,0.0,0.015129539616043804,1,2
2456,0.051771437613826576,0.0,0.0016499110816042182,0.027602551109632438,0.0002881270937830233,0.0,0.00140211133372769,0.0,3,1
2457,5.9189629126668864e-05,0.000940265944186107,0.0012290555701566183,0.0031412013622209266,0.0,0.011233270321960902,0.0008330874807250145,0.0,5,2
2458,5.0356750198718356e-05,0.00021014419352286345,0.0007818436393659981,0.009103915355978178,0.0,0.00615188554795751,0.0,0.003117219585048725,3,6
2459,0.00017410383294828911,0.0029922051786090216,0.01129710509445863,0.003723977215467149,0.0016654002809880603,0.08695253360550038,0.0053789297184877165,0.0,5,2
2460,2.2653056568242306e-05,5.6495659140489335e-05,0.0002362680383484629,0.0087041104091563,0.0,0.001963650907928206,0.0,0.0,3,3
2461,2.1815018820567042e-08,7.007235520946283e-07,1.0677132624757913e-05,2.987503725851389e-06,5.424503740910929e-06,0.0,1.1352307636552813e-06,1.8039457474324893e-06,2,2
2462,1.0059705405733246e-08,2.603591069824518e-07,4.081403496727488e-06,6.2527931686524045e-06,0.0,7.539704212869183e-05,0.0005778140773842324,0.0,6,3
2463,3.6019832569163156e-05,0.0003278320819840175,0.002675595397236999,0.00121809504084828,0.0,0.022631324009500516,0.0,0.0,5,2
2464,1.381939461223913e-05,0.000115916953986404,0.0008102059912187575,0.0009607131305808432,0.0,0.011043855358700653,0.0,0.0,5,2
2465,8.255090348973602e-10,3.518299138262336e-08,4.108819210699177e-07,2.6269584649362375e-06,0.0,5.458301333541098e-05,0.002657905007583487,0.0,6,3
2466,0.0014742866803509522,0.006312077731689465,0.04945899235083372,0.0,0.0,0.0005750629571021411,0.00024274115436209652,0.0006138324685541139,2,2
2467,9.339424840233719e-06,5.309721544092448e-05,3.4133700325831005e-05,0.010558102064176997,7.686375957359812e-05,0.0,7.401158708377873e-05,0.0010254307183939068,3,6
2468,9.728629788787848e-05,0.0005108103233798768,0.004650884726855399,0.0,0.0,0.004423294662660899,0.0,0.0,2,2
2469,0.0027011374001681162,0.006730954884361963,0.0,0.0006130213230240872,0.0007034019881048417,0.0,0.00204238147815194,0.028278804806831138,7,4
2470,0.004558530258836127,0.0,0.0,0.0,0.00017129595181573118,0.00010110076612134765,0.0,0.0,4,1
2471,0.00033783423003430087,0.00455713447590944,0.0027292736907710857,0.0,0.0,0.0,0.0,0.002098728489671888,1,6
2472,1.6445815259557098e-05,0.00012801739966401626,3.3214719968206293e-05,0.016797213624839734,0.00018749733383781347,0.0,0.0,0.002452532884980781,3,6
2473,1.0238515617275455e-05,0.0002547829442875883,0.0,0.001456147865034993,0.0,0.00016575009536058105,5.445335783616794e-06,0.0004420110031115298,3,0
2474,5.55286213186384e-09,1.8996191769505166e-07,1.7639411734408844e-06,9.663009212920278e-06,0.0,0.0001876364641797296,0.008336431225557425,0.0,6,3
2475,1.0061860411234104e-06,1.4997001973734573e-05,7.425921812467744e-05,0.00014429159943981062,0.0,0.0015244949434812846,0.0,0.0003376551187033755,5,6
2476,1.0439317289286996e-05,5.937944690282295e-05,4.260988342957506e-05,0.0032242803027778153,4.0767330200743516e-05,0.0,4.902691704629986e-05,0.000715809221775581,3,6
2477,4.220782819341918e-05,0.00012394429865746922,0.0001033118221513647,0.016898560029063685,0.00022979617902162922,0.0,6.791919625042035e-06,0.0029700342794139393,3,6
2478,7.861249511938447e-08,2.15402352850594e-06,1.6489874485899032e-05,7.218953417745475e-05,0.0,0.001286121131576743,0.05007243406149203,0.0,6,3
2479,0.0004668709151600037,0.0004088537922898266,0.002885313893984308,0.002153095005121322,0.00023329303200849539,0.008754482925963234,0.0,0.0026678096603543946,5,1
2480,0.004500520052437616,0.0,0.0,0.0,0.000241356084983572,0.0,4.92320013157861e-05,0.00927183883250107,7,1
2481,0.00038933848807115975,0.00013614066039741352,0.0,0.0,5.0288781445559246e-05,1.54223244054898e-05,0.0,0.0009931945191776902,7,1
2482,0.004558530258836127,0.0,0.0,0.0,0.00017129595181573142,0.00010110076612134778,0.0,0.0,4,1
2483,4.847881805512388e-05,0.00013571794723745947,0.0,6.538233567620536e-05,1.8754764552798554e-05,5.797057998933525e-06,0.0,0.001330255918503408,7,0
2484,4.919066548542382e-06,6.64312645744537e-05,0.0004009122943502103,0.0001727422269656498,0.0,0.005392625000532625,0.00014583263142530224,0.0,5,2
