Node,Cluster_0,Cluster_I,Cluster_II,Cluster_III,Cluster_IV,Cluster_V,Cluster_VI,Cluster_VII,Cluster_VIII,Cluster_IX,Cluster_X,Cluster_XI,Cluster_XII,Cluster_XIII,Cluster_XIV,Cluster_XV,Cluster_XVI,Cluster_XVII,Cluster_XVIII,Cluster_XIX,Cluster_XX,Predicted Label,Ground-Truth Label
0,0.00036859292480903165,0.0,0.0,0.05590128799624095,0.0,0.0,0.0,0.0013082660364406623,0.0,0.0,0.0001692974749885941,0.0,0.0,0.0,0.0021385651437794773,0.0,0.0,0.0,0.0002922036199519237,0.006992252633003595,0.009230692926745434,[3],[-1]
1,0.0004253550281905802,0.0,0.0,0.04866693124460926,0.0,1.5738581653037662e-05,0.0,0.0,0.0,0.0,0.0006716738529403237,0.0,0.0,0.0,0.001950748654109289,0.0,0.0,0.00013239587452770256,0.0007547937190848749,0.0020609282496112887,0.0007117151268509056,[3],[-1]
2,0.0003733396301679336,0.0,0.0,0.056404086064051465,0.0,3.9080740558738625e-05,0.0,0.0,0.0,0.0,0.0020790347655984896,0.0,0.0,0.0,0.0031552888635246524,0.00031140811299631093,0.0,6.429251260829675e-05,0.0,0.0014194480513711975,0.0,[3],[6]
3,0.0005683038569604899,0.0,0.0,0.07607794774182422,0.0,4.30692589362953e-05,0.0,0.0,0.0,0.0,0.0024470208462928802,0.0,0.0,0.0,0.004141695330667719,0.0,0.0,0.00014064094569651584,0.0,0.002675946683158909,0.0062078234124170635,[3],[-1]
4,0.0006092722466287421,0.0,0.0,0.06344592896953323,0.0,8.105889344425702e-05,0.0004146004978652322,0.0,0.0,0.0,0.0009475535718518213,0.0,0.0,0.0,0.0013317744122397397,0.0,0.0,0.00011343840554967134,0.0,0.0011164069272623094,0.0,[3],[-1]
5,0.000481401481071404,0.0,0.0,0.07018648357224357,0.0,0.00015504392262343905,0.0005578717998208756,0.0003928659837104284,0.0,0.0,0.00196457218724069,0.0,0.0,0.0,0.0023938400193525933,0.0,0.0,0.00013834999444250036,0.0,0.0030929161207852627,0.0,[3],[6]
6,0.00046240110269065766,0.0,0.0,0.06350978013591953,0.0,3.585246918157018e-05,0.0,0.0005548781088598322,0.0,0.0,0.001195474298881509,0.0,0.0,0.0,0.0022611935608319355,0.0,0.0,9.603236066177612e-05,0.001137202750591275,0.00276574623559489,0.0,[3],[6]
7,0.0007349381449130442,0.0,0.0,0.0753388905095971,0.0,4.6342235710448086e-05,0.0,0.0001811362390046868,0.0,0.0,0.0015906605416785842,0.0,0.0,0.0,0.0031858727229577806,0.0,0.0,5.844022849194021e-05,0.0,0.00038253601365688855,0.0,[3],[6]
8,0.000602083596776555,0.0,0.0,0.07785321007284444,0.0,4.0031903162460994e-05,0.0,0.0,0.0,0.0,0.002353416880988318,0.0,0.0,0.0,0.003981879140630124,0.0,0.0,0.0001939578781497495,0.0,0.002364152126494735,0.0,[3],[-1]
9,0.00040691203702159195,0.0,0.0,0.05641853760930495,0.0,1.6740938427237508e-05,0.0,0.0,0.0,0.0,0.001742493572592113,0.0,0.0,0.0,0.003081724493512418,0.0019387184897050802,0.0,0.00010628062719708041,0.0,0.004269392706806588,0.01871193775583066,"[3, 20]",[-1]
10,0.000519259303843365,0.0,0.0,0.07309521145731498,0.0,0.00012108768564015383,0.0,0.00023488339220820737,0.0,0.0,0.0019396510114874819,0.0,0.0,0.0,0.0032137104708396644,0.0,0.0,0.00016276686830269361,0.0,0.0011386768240423185,0.0,[3],[6]
11,0.0006070178866584738,0.0,0.0,0.059424545625661684,0.0,0.00010668711155760524,6.0436756812787686e-05,0.0,0.0,0.0,0.0005140476741219033,0.0,0.0,0.0,0.0016021233685713724,0.0,0.0,3.377180687842712e-05,0.0018936928352493488,0.0,0.0,[3],[6]
12,0.0,0.005415833148791479,0.0,0.0,0.005876031865675002,0.0,0.0,0.01919667250346841,0.00850072866446626,0.17288184663413259,0.0028163707991332824,0.0005327687199858088,0.0,0.012511139333271939,0.0,0.0,0.0,0.0024462881891458045,0.0,0.0,0.0,[9],[-1]
13,0.0,0.0027206392566678657,0.0,0.0,0.014537992799350459,0.0,0.0,0.021313871513248202,0.029759762004954584,0.5266838799049743,0.013822338832557023,0.0024761332872490216,0.0022236295671517903,0.0,0.0,0.0,0.0,0.0013335263466341717,0.0,0.0,0.0,[9],[-1]
14,0.0006440995780213482,0.0,0.0,0.053203106530796476,0.0,5.125252127082855e-05,0.0007819265592890539,0.0,0.0,0.0,0.0009708564395642078,0.0,0.0,0.0,0.0011724022583903485,0.0032822507507199025,0.0,0.00017897093384879672,0.0,0.0,0.004959997038058366,[3],[6]
15,0.0007264575654914619,0.0,0.0,0.027450173167029596,0.0,4.909697523445795e-05,0.0016993036777910489,0.0,0.002486944578828697,0.0022706157938451065,0.0,0.002491778879911727,0.0,0.0,0.0,0.0,0.005469661746846237,0.0,0.0029470201839629285,0.0,0.0,[3],[6]
16,0.0003757532030716276,0.0,0.0,0.05544494101864005,0.0,3.134999283973509e-05,0.0,0.0,0.0,0.0,0.001976373834288752,0.0,0.0,0.0,0.003202168340501826,0.0,0.0,0.00011027723620947468,0.0,0.002407277686373817,0.00841635980626871,[3],[-1]
17,0.00040781329596456967,0.0,0.0,0.05324278532446149,0.0,1.76383596708856e-05,0.0,0.0,0.0,0.0,0.0015537410371610693,0.0,0.0,0.0,0.0028436953009392894,0.0,0.0,0.00010028228012711828,0.0,0.0034192128776932636,0.017573666231965168,"[3, 20]",[-1]
18,0.0005108429780954811,0.0,0.0,0.05587046637275557,0.0,4.7813560820033673e-05,0.0002822728284441614,0.0,0.0,0.0,0.0011735508786623425,0.0,0.0,0.0,0.001352600425887993,0.0,0.0,5.847324562916685e-05,0.0,0.0,0.0,[3],[6]
19,0.0010394043747076105,0.0,0.0,0.05577068922771139,0.0,0.0,0.0,0.000601697685405066,0.005379015355745851,0.0,0.0,0.0,0.0,0.0,3.4337985913555074e-05,0.0,0.0006200122558423425,0.0,0.006777650824512445,0.01180626694798817,0.0,[3],[-1]
20,0.00011841830056222343,0.0,0.0,0.03537763046095161,0.0,0.0,0.0,0.0013571432775403476,0.0,0.0,0.0009535833806115949,0.0,0.0,0.0,0.0016712736329151279,0.0,0.0,0.00019614367126789727,0.0,0.0023228194915251394,0.00785931195272164,[3],[-1]
21,0.0,0.03334811295236222,0.0,0.0,0.019167560462452736,0.0,0.0,0.08006483181109504,0.04842771296134295,0.0,0.0,0.0,0.0,0.0731612155392752,5.7256183980836874e-05,0.0,0.0009207864237599657,0.0005481687987854755,0.0,0.03651244143458257,0.021215348251678933,"[1, 7, 8, 13, 19]","[1, 3]"
22,0.0,0.03217548355241094,0.0002138717014561248,0.0,0.007643576943023749,0.0001400761195771597,0.008497910721398128,0.027507437692943525,0.002927256644052231,0.0,0.0,0.00448096922779628,0.047001747274140186,0.0,0.0,0.0,0.0022650041525137366,0.0011294094241362448,0.0,0.00748086719628554,0.0010168079038051937,"[1, 7, 12]",[-1]
23,0.0,0.05249279075350768,0.0004142838191446598,0.0,0.0,0.0,0.0,0.0,0.0,0.0,0.0,0.0,0.0,0.0,0.0,0.0003513350513682048,0.007467538905290057,0.00023446847675823103,0.016892322545013955,0.003623136347247835,0.0,"[1, 18]",[-1]
24,0.0,0.07217591942037327,0.000562301589333155,0.0,0.0,0.0,0.00019717378850211606,0.0,0.0,0.0,0.0,0.0,0.0,0.0,0.0,0.0012340000603843718,0.016461788875979756,0.00022490944510857223,0.0327838893567471,0.006259116554386269,0.0,"[1, 18]",[-1]
25,0.0,0.0662171236060847,0.0005539079209489711,0.0,0.0,0.0,0.0,0.0,0.0015017675347147323,0.0015436402237111568,0.007738170009315839,0.0,0.0,0.0,0.0034645907278514853,0.0,0.0,0.0011594374248694763,0.0,0.0,0.0,[1],[5]
26,0.0,0.08935994618769215,0.0007069501097228849,0.0,0.0,0.0,0.0,0.0,0.00023295956622202397,0.0,0.0,0.0,0.0,0.0,0.0002972915635121793,0.0006106582913020869,0.010010266554870686,0.0003404751802167667,0.025677766864539285,0.005809417785367189,0.0,[1],[-1]
27,0.0007346086617321244,0.0,0.0,0.07942411819761264,0.0,4.144258200376915e-05,0.0,2.7569624362483745e-05,0.0,0.0,0.0007275855832453914,0.0,0.0,0.0,0.0026468418377523302,0.0,0.0,0.000256819982162217,0.0010953339585481738,0.0026404525916076216,0.0,[3],[-1]
28,0.00045862563056394155,0.0,0.0,0.039262898014654046,0.0,3.7211873345577335e-05,0.000380593052175182,0.0,0.0,0.0007347877756253122,0.0002725669604383729,0.0,0.0,0.0,0.0010413396612654652,0.0,0.0010239499711256705,8.673979609679904e-05,0.0003584720189702678,0.0,0.0,[3],[6]
29,0.0,0.0,0.0,0.04412866146935926,0.0,5.228116523183596e-05,0.00032597703580744807,0.0,0.00010698284318388128,0.0013247863503522478,0.0003232141484663008,0.0,0.0,0.0,0.0008673487911264673,0.0,6.762312816212791e-05,0.0002328163801159949,0.005938894164730833,0.0,0.0,[3],[6]
30,0.000526249985272083,0.0,0.0,0.06297032391101076,0.0,5.0736877406365175e-06,0.0,0.00021610124737638076,0.0,0.0,0.0007574160200122342,0.0,0.0,0.0,0.0022490948237951776,0.0,0.0,0.00033366941509590126,0.0004422982354131031,0.003059402516890825,0.0,[3],[6]
31,0.0003278516435531735,0.0,0.0,0.0454336316488448,0.0,4.4964634980589395e-05,0.0,0.0,0.0,0.0,0.001978674900612593,0.0,0.0,0.0,0.0028357213969237792,0.0016336156173792722,0.0,5.5040137162911015e-05,0.0,0.0009366983488446613,0.0,[3],[-1]
32,0.000465967499874861,0.0,0.0,0.0702061331653283,0.0,9.939965150105806e-05,0.0,0.0,0.0,0.0,0.0025829220501830726,0.0,0.0,0.0,0.003829261556988144,0.0,0.0,6.993059733065944e-05,0.0,0.0015166183523471074,0.0,[3],[6]
33,0.0,0.05030761659605349,0.0004294801136911772,0.0,0.0,0.0,0.0,0.0,0.001525668371522313,0.001592834504546225,0.007458432086080891,0.0,0.0,0.0,0.0034621996044587643,6.827981821226182e-05,0.0,0.0,0.0,0.0,9.065565395594113e-05,[1],[-1]
34,0.0,0.09538040432085519,0.0007782789997185902,0.0,0.0,0.0,0.0,0.0,0.0022051875041705464,0.0025377376504092165,0.009029758572325007,0.0,0.0,0.0,0.005447733887075034,0.0,0.0,0.00021809853838807822,0.0,0.0,0.0002608734912243342,[1],[-1]
35,0.0,0.07669723081712064,0.0006516188744212052,0.0,0.0,0.0,0.0,0.0,0.00225194973877278,0.00217673866829332,0.010949279194778078,0.0,0.0,0.0,0.005182152648711863,9.481387225524583e-05,0.0,9.079861197346096e-06,0.0,0.0,2.986753998040642e-05,[1],[-1]
36,0.0,0.06374393723582206,0.0005449016462256772,0.0,0.0,0.0,0.0,0.0,0.0019706873272417207,0.001884353354136453,0.009952879175049825,0.0,0.0,0.0,0.004544823019622836,0.00017542354345547048,0.0,0.0,0.0,0.0,8.778348391587437e-05,[1],[-1]
37,0.0,0.04849062011770628,0.00027862320460503054,0.0,0.019869408572151262,0.0063190139236378295,0.02115460521058897,0.07631118843736759,0.0007656656638185602,0.0003023584120366709,0.0,0.009794032465307193,0.11222959311663509,0.0,0.0,0.0,0.0,0.0008287936359229615,0.0,0.0039920284966598555,0.0,"[1, 7, 12]",[-1]
38,0.0,0.058490935945057304,0.0016779331584917195,0.0,0.03012433571222607,0.001857728836225677,0.030177262614860156,0.09927711901579246,0.0009471148386147687,0.0,0.0,0.012403754438977916,0.153695680994882,0.0,0.0,0.0,0.0,0.0,0.0,0.0,0.0,"[1, 7, 12]",[-1]
39,0.0,0.028265502501913436,0.0,0.0,0.010160690107791553,0.0,0.0,0.07746491453190466,0.0,0.0,0.0,0.0,0.0,0.11199712797886462,0.0,0.0,0.01523620500101192,0.0006193348647155007,0.0,0.0,0.0,"[7, 13]",[-1]
40,0.0,0.08168526424758997,0.00014499864729160028,0.0,0.00590565500196715,0.0,0.0,0.056475795030003606,0.0,0.0,0.0,0.0,0.0,0.13406151120920412,0.0,0.0,0.028146045950632914,0.0,0.0,0.003359057223006659,0.0,"[1, 7, 13]",[-1]
41,0.0005707765022399553,0.0,0.0,0.07510589792317399,0.0,5.339927486267878e-05,0.0,0.0,0.0,0.0,0.002570852792856142,0.0,0.0,0.0,0.004119969043627917,0.0,0.0,8.18230741093054e-05,0.0,0.0027370468137860884,0.0027958143789159878,[3],[6]
42,0.0,0.07216126269274502,0.0005879405134893344,0.0,0.0,0.0,0.0,0.0,0.0018330331160463541,0.001843770476974291,0.008152845940512191,0.0,0.0,0.0,0.004290644537623608,0.0,0.0,0.0,0.0,0.0,0.0,[1],[-1]
43,0.0,0.090474722888364,0.0007638608213687041,0.0,0.0,0.0,0.0,0.0,0.0025663588484605157,0.002506406031548831,0.012382568001113307,0.0,0.0,0.0,0.005727298272994255,0.0,0.0,0.0,0.0,0.0,0.0,[1],[-1]
44,0.006620183923633935,0.0,0.0,0.010438363210389948,0.032097008380032134,0.0,0.002932952604377099,0.0,0.044303695207160515,0.013693733887134083,0.0,0.006846243406229281,0.0,0.0,0.0,0.0023498208836076426,0.05065179925978767,0.0,0.0,0.0,0.01918883135252102,"[4, 8, 16, 20]",[6]
45,0.010367016510440301,0.0,0.0,0.02446366939126018,0.06873768562111389,0.0,0.009915453754862781,0.0,0.08092337671741735,0.033687789738422146,0.0,0.009338331407767532,0.0,0.0,0.0,0.003961143206117175,0.11926396803881613,0.0,0.0,0.0,0.0,"[4, 8, 16]",[6]
46,0.0,0.0,0.0,0.048539744112849934,0.0,0.0,0.0,0.009379701462536262,0.0,0.008280717840885347,0.0,0.0,0.0,0.0011036660632650758,0.0032354295241717452,0.0,0.0,2.7037574301517467e-05,0.04541901512458728,0.0004099303933932201,0.0,"[3, 18]",[6]
47,0.0,0.012619408856110088,0.0,0.0,0.004442552007231703,0.0,0.0,0.03997407950379975,0.0,0.05282748868619246,0.0,0.0,0.0,0.03718642813056721,0.0016272869009168439,0.0021805967211341957,0.0,0.00032222709650080384,0.2203083428262452,0.0,0.0008119541037830462,[18],[-1]
48,0.0006602015209844433,0.0,0.0,0.07336744601754794,0.0,4.819202965467308e-05,0.0,0.0,0.0,0.0,0.0020683434330941697,0.0,0.0,0.0,0.003636924409718923,0.0,0.0,0.00020112146518256528,0.0,0.0,0.0019047861063528604,[3],[6]
49,0.0012768528126131844,0.0,0.0,0.07413183979986863,0.0,7.796657954605746e-05,0.00031141578422846044,0.0,0.0,0.0,0.0010600114198396583,0.0,0.0,0.0,0.0018851005493320775,0.0,0.0,0.0,0.0010807701281999504,0.0009848038236644132,0.0,[3],[6]
50,0.0,0.10472728381895985,0.0008541355206889995,0.0,0.0,0.0,0.0,0.0,0.0018829643215338328,0.0012013474984538602,0.004523151633864891,0.0,0.0,0.0,0.004619013246107734,0.0,0.0,0.0006044752830476113,0.0,0.001370851208368654,0.0,[1],[-1]
51,0.0,0.08644847565995804,0.0007166560919561793,0.0,0.0,0.0,0.0,0.0,0.002098372312687478,0.0018766972255288004,0.010272705410511498,0.0,0.0,0.0,0.005187653995552753,0.0,0.0,0.00011314325253773744,0.0,0.0,0.0,[1],[-1]
52,0.0,0.057289237598921995,0.00043688233281347885,0.0,0.0,0.0,0.0,0.0,0.0,0.0,0.0,0.0,0.0,0.0,0.0,0.0,0.008423756272224577,0.0,0.01796818550175363,0.004210756442709668,0.00030141413408614877,"[1, 18]",[5]
53,0.0005796185969656711,0.0,0.0,0.08160572894963289,0.0,9.675599018266633e-05,0.0,3.85379668175769e-06,0.0,0.0,0.0024640405260288505,0.0,0.0,0.0,0.004230475960416781,0.0,0.0,0.0001667971222327507,0.0,0.0017388942680508605,0.0048540929694433285,[3],[-1]
54,0.000244830192788663,0.0,0.0,0.04772119329809313,0.0,0.00014398490558397374,0.0,0.0005756626547807905,0.0,0.0,0.0015153859248600394,0.0,0.0,0.0,0.00249544485030696,0.0,0.0,0.00017205263225352632,0.0,0.0003856970431875996,0.0,[3],[6]
55,0.00047595443736971104,0.0,0.0,0.06617430648360698,0.0,3.6745693891358036e-05,0.0,0.0,0.0,0.0,0.002184892814787724,0.0,0.0,0.0,0.00375268076080545,0.0016131917439506395,0.0,0.00014089846184199477,0.0,0.003926826820222648,0.013602992189390765,[3],[-1]
56,0.00037952009071834765,0.0,0.0,0.04721596784955918,0.0,4.1605392800575146e-05,0.0,0.0,0.0,0.0,0.001756406172788296,0.0,0.0,0.0,0.002518076127784629,0.0,0.0,8.907455591199914e-06,0.0,0.0010139598314260025,0.0,[3],[6]
57,0.0,0.03813545425284329,0.00028449521148720964,0.0,0.018794143377632074,0.0017298542576516325,0.021011180830826842,0.07076250252636405,0.0012192929046118785,0.0,0.00010549082493213724,0.009601897586131832,0.10788907409608937,0.0,0.0,0.0,0.0,0.0012148482586650038,0.0,0.00591033031788919,0.0,"[1, 7, 12]",[-1]
58,0.0,0.042082556914716136,0.00033139475178030895,0.0,0.021569301555034573,0.0018287039362082664,0.024848908656857918,0.07900520500584797,0.0014680789472443117,0.0,0.0,0.010667267182342538,0.12441548122377191,0.0,0.0,0.0,0.0,0.0013287895514908022,0.0,0.00989798238165832,0.0,"[1, 7, 12]",[-1]
59,0.0,0.08435638430185864,0.0007060912574308047,0.0,0.0,0.0,0.0,0.0,0.002178052356143823,0.0018036523802568193,0.010749629173952776,0.0,0.0,0.0,0.00531793317474917,0.0004106809293767164,0.0,0.0,0.0,0.0,7.638023348426306e-05,[1],[5]
60,0.0,0.05386959801516769,0.0004593152671278228,0.0,0.0,0.0,0.0,0.0,0.0016677180778655381,0.0017650882675278572,0.008534882721631101,0.0,0.0,0.0,0.003798499512481019,1.3074104406190775e-06,0.0,0.0,0.0,0.0,6.03201052962205e-05,[1],[-1]
61,0.0,0.026486138935050696,0.0,0.0,0.010618580850026035,0.0,0.0,0.07005792775930464,0.0,0.01687265014520566,0.0,0.0,0.0,0.07812641825491812,0.0005671977395115926,0.0005448047511444383,0.003653965233970857,0.0,0.08483883433358344,0.00031647922810928937,0.008432460386840427,"[1, 7, 13, 18]",[-1]
62,0.0,0.027693540405292313,0.0,0.0,0.011464297430350871,0.0,0.0,0.07640396390568888,0.0,0.0,0.0,0.0,0.0,0.10380745652053468,0.0,0.0,0.014625822039132824,0.0005213958944477996,0.0,0.0003571228772776215,0.0,"[7, 13]",[-1]
63,0.0,0.07957774841863624,0.000673357827974033,0.0,0.0,0.0,0.0,0.0,0.0023845243065939857,0.0023034316597109815,0.012713713062848873,0.0,0.0,0.0,0.0057064098726572615,3.043348332238259e-05,0.0,0.0,0.0,0.0,8.535481044788184e-05,[1],[-1]
64,0.0,0.03307511395180148,0.0,0.0,0.012233975892833027,0.0,0.0,0.09215434904554913,0.0,0.0,0.0,0.0,0.0,0.1316878191787741,0.0,0.0,0.01856054580553083,0.0008558388878308413,0.0,0.001501388595211618,0.0,"[7, 13]",[3]
65,0.0,0.03222183276401695,0.0,0.0,0.011892848593376444,0.0,0.0,0.0898765408527693,0.0,0.0,0.0,0.0,0.0,0.1297033248982004,4.731102653765237e-05,0.0,0.0165199661768644,0.0,0.0,0.004653078618003384,0.01627571979603218,"[7, 13]",[-1]
66,0.0004271387075929393,0.0,0.0,0.06160970577321698,0.0,8.123686071148522e-05,0.0,0.00017449606833982846,0.0,0.0,0.001793388512765551,0.0,0.0,0.0,0.0028718829586381785,0.0,0.0,0.00014654900106650674,0.0,0.000488493359822201,0.0,[3],[-1]
67,0.0002837926591060943,0.0,0.0,0.07372368640847067,0.0,0.0,0.0,0.0005336391613918783,0.0,0.0,0.0015837012068751334,0.0,0.0,0.0,0.003378591752110342,0.0,0.0,0.0001307546625717953,0.0019737931560975318,0.00016962522983455478,0.0,[3],[6]
68,0.0008972078838700171,0.0,0.0,0.03985104984719089,0.0,0.0,0.0,0.0,0.003360797206653794,0.006167445402855805,0.0,0.00017762718783504168,0.0,0.0,0.0,0.0,0.004603350318083485,0.00023540767448255607,0.0006907902553596283,0.0,0.019026726695988136,"[3, 20]",[-1]
69,0.006397331870388308,0.0,0.0,0.02754443227003796,0.05560625861954751,1.238343031703905e-05,0.009151241427646353,0.0,0.016462792112162523,0.025947340858521198,0.0,0.02615057523812975,0.0,0.0,0.0,0.0,0.055050096101998826,0.0,0.004367714625925091,0.0,0.01706437905734199,"[3, 4, 9, 11, 16, 20]",[7]
70,0.0,0.021762246630080015,0.0,0.0,0.007792452354242634,0.0,0.0,0.05858425887222436,0.0,0.0,0.0,0.0,0.0,0.08556174744631646,0.0,0.0,0.011237189254167994,9.523337426942706e-05,0.0,0.005089876302096161,0.018936051572637985,"[7, 13]",[-1]
71,0.0,0.0244770128375854,0.0,0.0,0.008865107075971412,0.0,0.0,0.06748372852083862,0.0,0.0,0.0,0.0,0.0,0.09909915988954195,0.0,0.0,0.013481860632257904,0.00023988974460776213,0.0,0.005725920769722093,0.022145497930419585,"[7, 13]",[-1]
72,0.0003962564818000161,0.0,0.0,0.052171851047432195,0.0,4.360634522958462e-05,0.0,0.00014890498599978708,0.0,0.0,0.0018352804345353776,0.0,0.0,0.0,0.0026723307251623777,0.0,0.0,5.460258616769522e-05,0.0,0.0,0.0,[3],[6]
73,0.0006339034580469284,0.0,0.0,0.07222896750834078,0.0,5.7679852566956196e-05,0.0,0.0,0.0,0.0,0.0022143511095721632,0.0,0.0,0.0,0.0037033180635631198,0.0004499128063214761,0.0,0.00010260254409093073,0.0,0.0016256280382871884,0.00981398027848807,[3],[-1]
74,0.0002383691363030196,0.0,0.0,0.048182069524159724,0.0,6.734902672995249e-05,0.0,0.000511360044465283,0.0,0.0,0.001617222135067072,0.0,0.0,0.0,0.002577143975075065,0.0,0.0,8.444959238263754e-05,0.0,9.915601021066033e-05,0.0,[3],[-1]
75,0.0004242070746829948,0.0,0.0,0.059620022707091574,0.0,3.937883856660561e-05,0.0,0.0,0.0,0.0,0.002248628392050966,0.0,0.0,0.0,0.0035997227843794816,0.0028317456669807147,0.0,0.00010358719859206831,0.0,0.0035223563891292895,0.017006416999451587,[3],[-1]
76,0.0003164247868892763,0.0,0.0,0.043835174632451096,0.0,4.1788488730344145e-05,0.0,0.00017492919553611024,0.0,0.0,0.0016761954803831542,0.0,0.0,0.0,0.0025907072387103074,0.0,0.0,6.634835965488886e-05,0.0,0.0,0.0,[3],[-1]
77,0.0,0.08105696498270097,0.0006295267115485555,0.0,0.0,0.0,0.0,0.0,0.0,0.0,0.0,0.0,0.0,0.0,0.0,0.0007269042637215729,0.014635101887469257,0.0,0.030404010182629768,0.0065352712693892,0.0,"[1, 18]",[-1]
78,0.0,0.06518006226128673,0.0005044224975301674,0.0,0.0,0.0,0.0009810602370624794,0.0,0.0,0.0,0.0,0.0,0.0,0.0,0.0,0.0,0.012406589863297797,0.0,0.02469705979399779,0.00503124252570086,0.0,"[1, 18]",[-1]
79,0.0021093043276473955,0.0,0.0,0.035936177854641566,0.012291328080435697,9.91416605625323e-05,0.00861317197769174,0.0,0.009912011700108444,0.011080930165571904,0.0,0.015586594627186682,0.0,0.0,0.0,0.0,0.020211241041242303,0.00034643810289585505,0.003621915991343323,0.0,0.007006671189123308,"[3, 4, 9, 11, 16]",[-1]
80,0.0011950436834706189,0.0,0.0,0.033925163861421206,0.0013787543015407677,4.4563380106707604e-05,0.003180263605701594,0.0,0.009444630653298274,0.008031879141152864,0.0,0.0006877627274419914,0.0,0.0,0.0,0.0003907833246585314,0.028210876760279703,2.8665021289740682e-05,0.0037913539390636254,0.0,0.0017280742001431558,"[3, 16]",[6]
81,0.0,0.0566026071487962,0.00043499359230958625,0.0,0.0,0.0,0.00011786554652453447,0.0,0.0,0.0,0.0,0.0,0.0,0.0,0.0,0.0012009627878463293,0.014982569108270262,0.0,0.02786297256172737,0.00498564993517581,0.0,"[1, 18]",[-1]
82,0.0,0.0560084265755227,0.00047899681640922373,0.0,0.0,0.0,0.0,0.0,0.0017397667221380874,0.0015523185271254902,0.008983944434005306,0.0,0.0,0.0,0.004172879384856315,0.00033856145803144857,0.0,0.0,0.0,0.0,0.00020082229737586002,[1],[-1]
83,0.0,0.06440197034097482,0.0005188701564549157,0.0,0.0,0.0,0.0,0.0,0.001275002570512527,0.0010576894327661947,0.006223260259132897,0.0,0.0,0.0,0.0034429713401185726,0.0,0.0,0.0,0.0,0.0,6.354540506593002e-06,[1],[5]
84,0.0,0.06437657966516053,0.0005434941060472648,0.0,0.0,0.0,0.0,0.0,0.0018212095366051772,0.0017608611795683754,0.008583387238748574,0.0,0.0,0.0,0.004215780888406354,0.0,0.0,1.9779925521051496e-05,0.0,0.0,0.0,[1],[5]
85,0.0004944455070251066,0.0,0.0,0.06410304097493869,0.0,4.365937514370096e-05,0.0,0.0,0.0,0.0,0.0024593020479801676,0.0,0.0,0.0,0.0037616392468278453,7.094438259238142e-05,0.0,6.596559992184425e-05,0.0,0.001966583528778306,0.0,[3],[6]
86,0.0004256419766102501,0.0,0.0,0.060028826523797575,0.0,3.906556403133834e-05,0.0,0.0,0.0,0.0,0.002190484802341234,0.0,0.0,0.0,0.003521357226864077,0.0026503692244468128,0.0,0.00016527321894377556,0.0,0.0032534317465039413,0.017079111993480663,[3],[6]
87,0.0011001461488236285,0.0,0.0,0.08265986372054984,0.0,8.836966846043708e-05,0.004264100308702253,0.0,0.00612714654895682,0.0063061506092911765,0.0,0.0,0.0,0.0,0.0,0.0,0.040086013648402016,0.00013423794496935352,0.0011382806140845855,0.020244048186549807,0.0,"[3, 16]",[6]
88,0.00020327703467545153,0.0,0.0,0.037648082742911836,0.0,2.7066862956981638e-05,0.0,0.0007926780245214081,0.0,0.0,0.0006946803031304641,0.0,0.0,0.0,0.0016115229044471613,0.0,0.0,0.0001295690799711449,8.284946359349498e-05,0.0010603498292348372,0.0,[3],[-1]
89,0.0,0.03820162758737413,0.0002819509364142582,0.0,0.019789687144895714,0.0016521829019405913,0.021527425598755905,0.07148816135287374,0.000775464776050323,0.0004701631047382258,0.0,0.008992232174446599,0.10921077301946146,0.0,0.0,0.0,0.0,0.0010685355822457462,0.0,0.0,0.0,"[1, 7, 12]",[-1]
90,0.0,0.032690506427507725,0.000229432875137253,0.0,0.02001843833800363,0.0006658878339324679,0.017799871064332562,0.06859449467513683,0.0004670393481626296,0.0016507610555656425,0.0,0.007143560987889729,0.09459860774014107,0.0,0.0,0.0,0.0,0.0,0.003164992157263963,0.0,0.0,"[1, 7, 12]",[-1]
91,0.18395596993416807,0.020095616831163666,0.00036850874344422104,0.0,0.0,0.0,0.0,0.022259323403060895,0.0,0.0,0.006981143008496733,0.014383117876589474,0.03786147878431266,0.01554937743012144,0.0,0.006836327287821272,0.0037994533989973178,0.0,0.0,0.0,0.0025311905630977477,[0],[8]
92,0.14989446088262723,0.01628336697590843,0.0003009416251514916,0.0,0.0,0.0,0.0,0.01809697137757428,0.0,0.0,0.005259585924084711,0.013260197398773278,0.030929015324434806,0.012438085271058887,0.0,0.005486501564425165,0.003052272032632703,0.0,0.0,0.0,0.0018244849178337026,[0],[8]
93,0.0005573226796889775,0.0,0.0,0.06539055642295097,0.0,5.085788176098925e-05,0.0,0.0,0.0,0.0,0.001970247677749152,0.0,0.0,0.0,0.003274856838839267,0.0017733366528507248,0.0,0.00010202035005820844,0.0,0.002177644192520597,0.014887134020336394,[3],[-1]
94,0.0006630459971872311,0.0,0.0,0.07259317394875697,0.0,9.626196931898134e-05,0.0,0.0,0.0,0.0,0.0018578105560538123,0.0,0.0,0.0,0.003389373326953449,0.06747403706927288,0.0,0.00022957919680982982,0.0,0.0,0.003969118916204495,"[3, 15]",[6]
95,0.0006134727414338978,0.0,0.0,0.0748804501555963,0.0,8.748471007315626e-05,0.0,0.0,0.0,0.0,0.0017024705238959349,0.0,0.0,0.0,0.003365595698339541,0.0,0.0,0.0001301495321150049,0.0,0.002372309003626717,0.0,[3],[6]
96,0.00033497620115365397,0.0,0.0,0.06394731191035169,0.0,8.647965653228989e-05,0.0,0.0008079367903442148,0.0,0.0,0.0024037854894999964,0.0,0.0,0.0,0.0035799175872129997,0.0,0.0,0.0001690426272589849,0.0,0.0006615536993629872,0.0,[3],[6]
97,0.0004737498381776445,0.0,0.0,0.07626357575553663,0.0,1.3397137930492891e-05,0.0,0.0005916203778247912,0.0,0.0,0.0026122433134805347,0.0,0.0,0.0,0.004035990673928914,0.0,0.0,9.022289984057993e-05,0.0,0.0016811262096010082,0.0,[3],[6]
98,0.012387863089521948,0.0,0.0,0.017087021046896737,0.14825751543065274,0.00038305032871140745,0.0,0.0,0.0,0.0,0.0,0.0,0.0,0.0,0.0,0.00029811339106051125,0.0,0.0,0.026403465652782333,0.0,0.017321829583433274,[4],[6]
99,0.003952165336593573,0.0,0.0,0.01565062981556797,0.04667971319006644,0.00012576985207157044,0.0,0.0,0.00020131870457861144,0.004192973688676753,0.0,0.0008578224820582648,0.0,0.0,0.0,0.0,0.011312296943309553,0.0,0.008157230405559287,0.0,0.01836262945873579,"[3, 4, 20]",[-1]
100,0.00041835181997247845,0.0,0.0,0.05617963585088872,0.0,3.750336495659571e-05,0.0,0.0,0.0,0.0,0.001998572115713225,0.0,0.0,0.0,0.003258480801344114,0.0032747329406319836,0.0,0.00011844687404069951,0.0,0.0023380731639029853,0.012267729042213876,[3],[-1]
101,0.0003297335006298159,0.0,0.0,0.046193610215776344,0.0,3.071726959334907e-05,0.0,0.0,0.0,0.0,0.0017265861882875832,0.0,0.0,0.0,0.0027774868672491575,0.0006767148417064371,0.0,0.0,0.0,0.0045509360444673155,0.01891627067923415,"[3, 20]",[-1]
102,0.000219673644207095,0.0,0.0,0.028160465516261248,0.0,0.0,0.0,0.0,0.0,0.0,0.0007577254989997218,0.0,0.0,0.0,0.0015517775120851018,1.3352427014558418e-05,0.0,0.0,0.0,0.004319352515190658,0.01038094926506599,"[3, 20]",[6]
103,0.00046356424727216544,0.0,0.0,0.05041541600215378,0.0,0.0001625449090200498,0.0,0.00019083224213501188,0.0,0.0,0.0003564666867245359,0.0,0.0,0.0,0.001377721666052062,0.0,0.0,0.00034270785506445987,0.0007330940316927943,0.0,0.0,[3],[6]
104,0.0003994514779825114,0.0,0.0,0.06686892934650053,0.0,7.605044871644065e-06,0.0,0.0009198578064535297,0.0,0.0,0.0018587253624982366,0.0,0.0,0.0,0.0033485021690558255,0.0,0.0,2.348453089630015e-05,0.0,0.0008748869679585022,0.0,[3],[6]
105,0.0003294279063315719,0.0,0.0,0.056291435807556314,0.0,0.0,0.0,0.0008499215857778212,0.0,0.0,0.001499028750481637,0.0,0.0,0.0,0.002754255345981066,0.0,0.0,0.0,0.0,0.0020682170107289457,0.002418198785828057,[3],[-1]
106,0.0001590008056962488,0.0,0.0,0.04022971199937715,0.0,0.0,0.0,0.0010997401746525434,0.0,0.0,0.0012059120818977095,0.0,0.0,0.0,0.002139248525839025,0.0,0.0,0.0002990412505151449,0.0,0.0009085678043504105,0.0,[3],[-1]
107,0.0003336777422781495,0.0,0.0,0.06459049442012618,0.0,0.0,0.0,0.0028705203486043647,0.0,0.0008584461110349155,0.0,0.0,0.0,0.0,0.001320329281446953,0.0,0.0,0.0003220553115201032,0.0060889438862605704,0.0,0.002614982603829774,[3],[6]
108,0.0,0.0,0.0,0.03817173881846829,0.0,0.0,0.0,0.005625553309460109,0.0,0.0024595747817799433,0.0,0.0,0.0,0.00043066437795443623,0.0020597189692523883,0.0,0.0,0.0003359443827731989,0.019381682121978487,0.0015827116195475373,0.0,"[3, 18]",[6]
109,0.011782462039425321,0.0,0.0,0.01658015941208533,0.1493313367340214,0.00037427629630941054,0.0,0.0,0.0,0.0,0.0,0.0,0.0,0.0,0.0,0.0,0.0,0.017536431983518414,0.028365171729490702,0.016839369586031768,0.0,[4],"[6, 7]"
110,0.00360646214983975,0.0,0.0,0.020298435745856165,0.04240291433892707,0.00011929807274931964,0.0,0.0,0.0,0.0,0.0,0.0,0.0,0.0,0.0,0.0,0.0,0.0,0.010015740566076745,0.0,0.016726440143512798,"[3, 4, 20]",[6]
111,0.000680700428371624,0.0,0.0,0.07697498390737532,0.0,0.00011443184705037875,0.000430011163929786,0.0,0.0,0.0,0.0022103824931231663,0.0,0.0,0.0,0.0028635808192590505,0.0,0.0,0.00012321126107706226,0.0,0.0006468571604828751,0.0,[3],[6]
112,0.0002821895804138231,0.0,0.0,0.04917746929950649,0.0,0.00015506847201549083,0.0,0.00021220489814515633,0.0,0.0,0.001810866643448053,0.0,0.0,0.0,0.002729037823830821,0.0006300476786432091,0.0,8.403996189584793e-05,0.0,0.0003967642961073207,0.0,[3],[6]
113,0.00023160681512067393,0.0,0.0,0.036598141471420015,0.0,7.339801224622623e-05,0.0,0.00047666064017485394,0.0,0.0,0.0004672597561900704,0.0,0.0,0.0,0.001572362809443953,0.0,0.0,0.0001093926143886823,0.0019831642916680377,0.0024917112315487482,0.001393486846553976,[3],[-1]
114,0.0,0.025957856277733726,0.0,0.0,0.010083506470815795,0.0,0.0,0.075177841481147,0.0,0.0,0.0,0.0,0.0,0.10648941127130576,1.1677799725793382e-05,0.0,0.014378112813051524,0.0005651857399019982,0.0,0.0019327094120267362,0.0,"[7, 13]",[-1]
115,0.0,0.029883891822406517,0.0,0.0,0.010835713475549343,0.0,0.0,0.0842886295796766,0.0,0.0,0.015665555271994827,0.0,0.0,0.12178264668812427,0.0,0.0,0.017453384567156883,0.0014553626090948537,0.0,0.0,0.0,"[7, 13]",[-1]
116,0.0008053804314321812,0.0,0.0,0.08403814807166582,0.0,3.679290806839658e-05,0.0,0.00014385206995052796,0.0,0.0,0.0014016104221095235,0.0,0.0,0.0,0.0025780220602323206,0.0,0.0,0.00010722294323937561,0.0,0.0,0.0,[3],[6]
117,0.000476159585336278,0.0,0.0,0.054317236262952096,0.0,5.804640015934772e-06,0.0,0.0,0.0,0.0,0.0006390969805968197,0.0,0.0,0.0,0.0022526264745828394,0.0,0.0,0.00035336368916785455,0.0,0.005376075563046945,0.017651756338046606,"[3, 20]",[-1]
118,0.0002975195604197522,0.0,0.0,0.038188650333747694,0.0,1.0851376165480074e-05,0.0,0.0,0.0,0.0,0.0012601110519504858,0.0,0.0,0.0,0.00223136562149345,0.0006609520336812287,0.0,0.0,0.0,0.004729300904432574,0.020394275842335326,"[3, 20]",[-1]
119,0.0,0.03944062428769527,0.00016754491391285796,0.0,0.008349748237472903,0.006967794170001783,0.010442030325702888,0.033438478879345104,0.00014511900838175347,0.004496151100718211,0.0,0.004961419989222823,0.05597449320743123,0.0,0.0,0.0,0.0,0.0,0.011269679101475864,0.0,0.0,"[1, 7, 12]",[-1]
120,0.0,0.05938200857131029,0.0004995117992101779,0.0,0.0,0.0,0.0,0.0,0.0017685591714208429,0.0020788965308023827,0.008640144877819533,0.0,0.0,0.0,0.003648781533184393,0.0,0.0,0.0,0.0,0.0,0.0,[1],[-1]
121,0.0,0.03870948995689143,0.0,0.0,0.008872759660713339,0.0,0.0,0.06720534655157406,0.0,0.0,0.0,0.0,0.0,0.10526414040245734,0.0,0.0,0.013258868651157305,0.0018376339351315325,0.0,0.001589612287307542,0.0017682333103980913,"[1, 7, 13]",[-1]
122,0.0,0.02291166422695915,0.0,0.0,0.00818261867878537,0.0,0.0,0.06103206924794573,0.0,0.0,0.0,0.0,0.0,0.0891254558288453,0.0,0.0,0.011526483702172718,0.00024032099835325478,0.0,0.005800239451952467,0.022975869358418336,"[7, 13]",[-1]
123,0.0,0.022472635984357673,0.0,0.0,0.012006533241970369,0.0013764229524813156,0.008893213507810444,0.04116189783571861,0.0,0.002073574273461737,0.000564022400257539,0.0028763170101913688,0.04718789698825802,0.00013210698832804706,0.0,0.0,0.0006596761096332668,0.0,0.006194211048873757,0.0,0.0031526507752211,"[1, 7, 12]",[2]
124,0.0,0.04637947339422058,0.0002990863277300083,0.0,0.02107509734270592,0.001163193908194294,0.025206814181891555,0.07739180771293107,0.0008432405722522654,0.006420955042943336,0.002961299950256448,0.006405599300704976,0.11596791369767052,0.0,0.0,0.0041598783408795595,0.0,0.0025027429294885604,0.0,0.0,0.0016726723284729258,"[1, 7, 12]",[-1]
125,0.0,0.09118146015306193,0.0007412704705526705,0.0,0.0,0.0,0.0,0.0,0.0018248716935930236,0.001386758798390088,0.0077667413992002846,0.0,0.0,0.0,0.005065115231141168,0.0,0.0,0.00029842982748614396,0.0,0.00016147121135657588,0.00033883620116567203,[1],[-1]
126,0.0,0.07441846734625646,0.0006323833065685468,0.0,0.0,0.0,0.0,0.0,0.0022553844702384086,0.002052172277247323,0.011958931523478145,0.0,0.0,0.0,0.0053535008311425564,0.0002021940005463077,0.0,0.0,0.0,0.0,0.0,[1],[-1]
127,0.0005392560125725133,0.0,0.0,0.07523807868541356,0.0,1.7933551013055898e-05,0.0,9.13188738816656e-05,0.0,0.0,0.0024689616441554057,0.0,0.0,0.0,0.004087207889883214,0.0,0.0,0.00020262116506544563,0.0,0.0027697540498515453,0.003258283170933232,[3],[-1]
128,0.0004625100005641149,0.0,0.0,0.06446349418254516,0.0,0.0,0.0,0.0020633958981099237,0.0,0.0,0.00284595760892091,0.0,0.0,0.0,0.00187760126308033,0.0,0.0,0.0002847809674449253,0.000266640215212014,0.0,0.0,[3],[6]
129,0.013519804254930812,0.0,0.0,0.016870328460904718,0.16780925344204975,0.00039836955818998504,0.0,0.0,0.0,0.0,0.0,0.0,0.0,0.0,0.0,0.0,0.0,0.017642566215864276,0.02991897096203744,0.010205094738488393,0.0,[4],[6]
130,0.0039278133164655765,0.0,0.0,0.0064610238322895235,0.05074086479263178,0.00013602842486006247,0.0,0.0,0.0,0.0,0.0,0.0,0.0,0.0,0.0,0.0,0.0,0.0,0.009261500583171467,0.000256968015729802,0.0,[4],[6]
131,0.0,0.04496344134464282,0.00011895215505223412,0.0,0.002497767984590523,0.0,0.00041271862612386875,0.014127802066705934,0.0,0.0022488974808829052,0.0,0.0,0.0036245098087258763,0.03163455617443453,0.0035866375775198142,0.0,0.013585975274410106,0.019203454215207028,0.027283678211033335,0.008401297668116333,0.003324503353569664,"[1, 7, 13, 16, 17, 18]",[-1]
132,0.0,0.0,0.0,0.03129636751503036,0.0,0.003909069156012585,0.0,0.010724833604450833,0.0,0.00130876930991447,0.0,0.0,0.0022725240355517557,0.0,0.001344802525394691,0.0,0.0,0.0,0.011833191392416058,0.0,0.0,"[3, 7, 18]",[6]
133,0.0,0.0736401048460896,0.0006158126131151965,0.0,0.0,0.0,0.0,0.0,0.0018368444685437333,0.0014643853606488737,0.009179076485460444,0.0,0.0,0.0,0.004680151107226022,0.00017389258962125474,0.0,3.679875776116964e-05,0.0,0.0,0.0,[1],[-1]
134,0.0006350877821528743,0.0,0.0,0.04433089387213094,0.0,8.870252441259945e-05,0.0012103843714788144,0.0,0.0037152993584301203,0.0029705646140110393,0.0,0.0,0.0,0.0,0.0,0.0,0.011804330204348073,0.0,0.0029594880753932235,0.007247839272007947,0.0,[3],[6]
135,0.0,0.051906869347610164,0.0003482459836556058,0.0,0.024617624428881487,0.002130211095071458,0.027987311249944274,0.09133578052978739,0.0026385432527666294,0.0,0.0,0.012241103337672178,0.14178650522403,0.0,0.0,0.0,0.0,0.0006768322103651143,0.0,0.017423985308392256,0.0,"[1, 7, 12]",[-1]
136,0.0,0.03819019052233629,0.00027375570052534545,0.0,0.014110569262692187,0.000973181429643775,0.017440786355107187,0.05213792659278457,0.0006449378540980704,0.0,2.2366744559072622e-05,0.00724386187078465,0.08343327755253403,0.0,0.0,0.00015578266581738864,0.0001624689400579358,0.0006462106903904888,0.0,0.0012770447551585453,0.0,"[1, 7, 12]",[-1]
137,0.0,0.04379371652352885,0.00032424463499368584,0.0,0.019194832321959253,0.0014530371395068485,0.02127037634570406,0.06921990497807162,0.003160221071565408,0.0,0.0,0.009399201766216454,0.10891373241035453,0.0,0.0,0.0,0.0,0.0009627264642967823,0.0,0.014614804188908885,0.0,"[1, 7, 12]",[-1]
138,0.0,0.039251274832020504,0.00030425316990083335,0.0,0.019575907607383192,0.001806105418947781,0.022700589047692156,0.0713728094808902,0.001068827216076792,0.0,0.0,0.0093938495034982,0.11279638385904031,0.0,0.0,0.0,0.0,0.0010141302428823696,0.0,0.0,0.0,"[1, 7, 12]",[-1]
139,0.00027143582751271644,0.0,0.0,0.04187909609803369,0.0,2.3354066909787854e-05,0.0,0.0,0.0,0.0,0.0017996292245258364,0.0,0.0,0.0,0.002620939612981281,0.005022054885512428,0.0,0.00010478792648837163,0.0,0.0037110928200787055,0.019146387241776003,"[3, 20]",[-1]
140,0.00042288303700578855,0.0,0.0,0.06715851127114582,0.0,0.0,0.0,0.0003744736718359212,0.0,0.0,0.001909729851732637,0.0,0.0,0.0,0.003277552914705843,0.0,0.0,0.00010969597211785693,0.0,0.002145456133313668,0.004187238662760022,[3],[6]
141,0.0005936745707502427,0.0,0.0,0.07663007986567148,0.0,6.258064116252708e-05,0.0,0.0,0.0,0.0,0.002675413535220701,0.0,0.0,0.0,0.004163263225722735,0.0,0.0,6.709450957534746e-05,0.0,0.0020881365363159686,0.0,[3],[6]
142,0.00030815139774101135,0.0,0.0,0.050563395142985176,0.0,4.619614360653508e-05,0.0,0.0,0.0,0.0,0.0018856508690692957,0.0,0.0,0.0,0.0029001156654344905,0.0,0.0,6.822642466811593e-05,0.0,0.0006624290227617649,0.0,[3],[6]
143,0.0,0.029627824262211375,0.0,0.0,0.009508539495741737,0.0,0.0,0.07349486203268646,0.0,0.0,0.0,0.0,0.0,0.10920304631795481,0.0,0.0,0.014264282270417282,5.785550258191319e-05,0.0,0.004449393470872274,0.018337471848256633,"[7, 13]",[3]
144,0.0,0.028121433492274563,0.0,0.0,0.011236176264335311,0.0,0.0,0.07804080195289433,0.0,0.007466820176210571,0.0,0.0,0.0,0.10108551367659284,0.0004237370374565143,0.0,0.009477980213394842,0.00042119923242942985,0.01253549359503884,0.0009112014432409958,0.006006054097304767,"[7, 13]",[-1]
145,0.0,0.0955704990888688,0.0007949827663720618,0.0,0.0,0.0,0.0,0.0,0.002175860132878725,0.0016843034571266248,0.007974878080036864,0.0,0.0,0.0,0.005126646490597963,0.0,0.0,0.00034623253218091444,0.0,0.0,3.325115593934619e-05,[1],[-1]
146,0.0,0.07137762447944901,0.0005805828755510464,0.0,0.0,0.0,0.0,0.0,0.0017441103436691612,0.004147169640467494,0.00793384969111728,0.0,0.0,0.0,0.004524749835814235,0.0,0.0,0.00018849487946353757,0.0,0.0,0.0,[1],[-1]
147,3.440619052968079e-05,0.0,0.0,0.0606868204762848,0.0,0.0,0.0,0.0019658727680925037,0.0,0.0,0.0,0.0,0.0,0.0,0.001862467613205527,0.0,0.0,0.0005535193489515496,0.006163649693199413,0.0007950867968024194,0.0,[3],[-1]
148,0.0007463258536244372,0.0,0.0,0.06253669217682685,0.0,6.442512129304745e-06,0.0,0.0,0.0,0.0020190357705279125,7.412726837993994e-05,0.0,0.0,0.0,0.0011147623461195478,0.0,0.0,0.0002565739061542712,0.0001111250540491584,0.0,0.008672360679165981,[3],[6]
149,0.0004906795652276372,0.0,0.0,0.07370193914264875,0.0,5.4191903537015704e-05,0.0,0.0,0.0,0.0,0.002281925237186204,0.0,0.0,0.0,0.0037757243460582925,0.0,0.0,4.48195679790001e-05,0.0,0.0009380786285945221,0.000698930210600369,[3],[-1]
150,0.00014198563040155265,0.0,0.0,0.07206239376723828,0.0,0.0,0.0,0.0033616265316909056,0.0,0.0,0.001114073283450419,0.0,0.0,0.0,0.0032916903425953196,0.0,0.0,0.0003827362276706342,0.00482213086225755,0.002066965635397808,0.0,[3],[6]
151,0.0,0.06989011629366951,0.0005883116596700069,0.0,0.0,0.0,0.0,0.0,0.0019746693281217638,0.0021033796970927293,0.009737559031796737,0.0,0.0,0.0,0.004682638027780787,0.0,0.0,0.0,0.0,0.0,0.0,[1],[-1]
152,0.0005286093430396236,0.0,0.0,0.0652988254943719,0.0,2.6706069921882193e-05,0.0,0.0,0.0,0.0,0.0018383862333914923,0.0,0.0,0.0,0.0033481618188366986,0.0017470731001144625,0.0,0.00017770848982630094,0.0,0.0035778867304689784,0.01914151497631407,[3],[-1]
153,0.0002607755429837785,0.0,0.0,0.025031533489572252,0.0,1.6414159631604057e-05,0.0,0.0,0.001177166283776336,0.0,0.0005264678613872954,0.0,0.0,0.0,0.0012291731607355077,0.0,0.0,0.00027683890754152485,0.0,0.004488927774792516,0.009598281542961272,"[3, 20]",[6]
154,0.0,0.09421933751319173,0.0007949880981703351,0.0,0.0,0.0,0.0,0.0,0.002496296358899991,0.002102362789093923,0.011184132219932153,0.0,0.0,0.0,0.0058311278898259015,0.0002181519830655914,0.0,0.0001307402731318204,0.0,0.0,0.0,[1],[-1]
155,0.0011638970862856137,0.0,0.0,0.07826616783002546,0.0,6.479870853239245e-05,0.004022541702331471,0.0,0.0,0.0,0.0017339603400927496,0.0,0.0,0.0,0.008495232114671996,0.0,0.0,0.00011431646722252313,0.0,0.000565977395157258,0.0,[3],[6]
156,0.0,0.08355382104111993,0.0007014768418133688,0.0,0.0,0.0,0.0,0.0,0.0024006432525267105,0.005411499683963961,0.010550315734131272,0.0,0.0,0.0,0.005421279238141261,6.561696837767323e-05,0.0,9.967183563917507e-05,0.0,0.0,0.00025177962714171333,[1],[-1]
157,0.0,0.0707523555997629,0.0005980700194790636,0.0,0.0,0.0,0.0,0.0,0.0019556362218490935,0.0018328138137146425,0.00885491264519678,0.0,0.0,0.0,0.00457564038677836,0.00014571380820999774,0.0,5.8029669467460177e-05,0.0,0.0,8.226542443646584e-06,[1],[-1]
158,0.0,0.02557807402844593,0.0002169974433953785,0.0,0.0,0.0,0.0,0.0,0.0007460996316902901,0.000706700803027244,0.0036700675942228527,0.0,0.0,0.0,0.0017483188358406532,4.8690863453756773e-05,0.0,0.0,0.0,0.0,0.0,[1],[-1]
159,0.00046530530928475997,0.0,0.0,0.05973285405291213,0.0,6.0650273691153735e-05,0.0,0.0,0.0,0.0,0.0022752834052694017,0.0,0.0,0.0,0.003344836222801139,0.0,0.0,0.00014094383681064488,0.0,0.00011238091260894384,0.0,[3],[6]
160,0.0002575863857084893,0.0,0.0,0.05168850928491395,0.0,0.0,0.0,0.0009566974838991777,0.0,0.0,0.0019254457848790398,0.0,0.0,0.0,0.002848179265726372,0.0,0.0,0.00016302801710470156,0.0,0.0,0.0,[3],[6]
161,0.0003483418723713739,0.0,0.0,0.04826549370639016,0.0,2.3455153060724375e-05,0.0,0.0,0.0,0.0,0.0016130097137932453,0.0,0.0,0.0,0.0026634851751393923,0.0,0.0,9.749595998794694e-05,0.0,0.0031413621075622174,0.015181065576202388,"[3, 20]",[6]
162,0.00043386676118531734,0.0,0.0,0.062147653765572256,0.0,4.2545188472582925e-05,0.0,0.0,0.0,0.0,0.0023079468864844474,0.0,0.0,0.0,0.003511356954527287,0.0016981282874042902,0.0,0.0001343797186456513,0.0,0.0027663764392499577,0.00965080683756484,[3],[6]
163,0.18497687298760826,0.019824084505616464,0.0003382018160648826,0.0,0.0,0.0,0.0,0.02195773591103822,0.0,0.0,0.006402133655174247,0.014942718537027272,0.03763499372834177,0.015176559589399445,0.0,0.006690416633168519,0.005960827508409116,0.0,0.0,0.0,0.00180295060692347,[0],[8]
164,0.1074225763027694,0.010897797660111157,7.191852782281316e-05,0.0,0.0,0.0,0.039509691540530564,0.01006892097949796,0.0,0.0,0.006020796768585181,0.0,0.016396697009225605,0.01153844225823241,0.03988399477871853,0.0037231184256202193,0.002103438580946045,0.0,0.0,0.0,0.0009169129512376456,"[0, 6, 14]",[8]
165,0.00048783804761244766,0.0,0.0,0.0818018621893657,0.0,0.0,0.0,0.0013987161718105258,0.0,0.0,0.004281804219252648,0.0,0.0,0.0,0.003705267643447236,0.0,0.0,0.0003336043902115195,0.0,0.0020537083266621145,0.0,[3],[6]
166,0.0005152061830212225,0.0,0.0,0.04092997982617052,0.0,0.0,0.0,0.0013877258874972179,0.004874712533057646,0.0,0.0,0.0,0.0,0.0,0.0008172933184177934,0.0,0.0,0.0,0.0015931622817172053,0.011166771071420443,0.0,[3],[6]
167,0.000348507667673895,0.0,0.0,0.061187040439068516,0.0,0.0,0.0,0.001072144388932776,0.0,0.0,0.004444651807302932,0.0,0.0,0.0,0.0024739045557375314,0.0,0.0,0.0002965541568721534,0.0,0.0007421838024632768,0.0,[3],[6]
168,0.0005023687233150124,0.0,0.0,0.061713572881927616,0.0,8.51514493850421e-05,0.0,0.0,0.0,0.0,0.0019083932447331766,0.0,0.0,0.0,0.0032012048899204178,0.0,0.0,0.00010416633522933257,0.0,0.00017579797539563129,0.0014597605570079006,[3],[-1]
169,0.0004379330249910244,0.0,0.0,0.06180959472199013,0.0,2.9395777172040758e-05,0.0,0.0,0.0,0.0,0.0019879788414475176,0.0,0.0,0.0,0.0034519400931797154,0.001660575663936964,0.0,0.00013522265749617987,0.0,0.004621264027998106,0.019429013392241117,"[3, 20]",[-1]
170,0.0,0.0,0.0,0.04741059290058514,0.0,0.0,0.0,0.0007720238020754952,0.0,0.0,0.0010520739960212012,0.0,0.0,0.004024975438078195,0.004026835739557973,0.0,0.0,0.0,0.0,0.0027321819790858395,0.0017176346876941336,[3],[6]
171,0.0005704819910013772,0.0,0.0,0.07343424773330758,0.0,9.983798036681816e-05,0.0,0.0,0.0,0.0,0.002089129476048332,0.0,0.0,0.0,0.0037144967093913684,0.0,0.0,0.0001447283436899913,0.0,0.0020360017458602104,0.0019097495107021963,[3],[6]
172,0.00015676731213999128,0.0,0.0,0.023631326484851087,0.0,0.0,0.0,0.0006604005922778457,0.0,0.0,0.0010240469211016204,0.0,0.0,0.0,0.0013829056941984624,0.0,0.0,4.8133934188435425e-05,0.0,0.0,0.0,[3],[-1]
173,0.0003621894899186085,0.0,0.0,0.05302715007351562,0.0,3.1113795834341913e-05,0.0,0.0004982364368563064,0.0,0.0,0.0012229054410835194,0.0,0.0,0.0,0.002445797984043601,0.0,0.0,0.0001250880415018475,0.0,0.0022633082838519466,0.0,[3],[-1]
174,0.00023338315372945382,0.0,0.0,0.02916578100944358,0.0,1.8221920202729574e-05,0.0,0.0,0.0,0.0,0.0009993159834772003,0.0,0.0,0.0,0.0016803645474173508,0.0,0.0,6.300719804798772e-05,0.0,0.002538242346645433,0.014335205601342793,"[3, 20]",[6]
175,0.0,0.04849631552705442,0.0003785721909481841,0.0,0.0,0.0,0.0005117609749659597,0.0,0.0,0.0,0.0,0.0,0.0,0.0,0.0,0.0010799046136777798,0.010530106268840425,0.0,0.02133086773535145,0.0044829217488009014,0.0002743847783904805,"[1, 18]",[-1]
176,0.0006625219118638877,0.0,0.0,0.052961676490556,0.0,0.00015378443855844744,0.0011063623725131948,0.0,0.0,0.0,0.00010500954525852985,0.0,0.0,0.0,0.0015552587775711077,0.0,0.002573565950006258,0.0003020387835401545,0.0005483816469493566,0.0,0.0,[3],[6]
177,0.00021929112386520435,0.0,0.0,0.060743739362213035,0.0,0.00012347924674842832,0.0,0.0009041072530256384,0.0,0.0,0.002242019188858646,0.0,0.0,0.0,0.0035433796329564417,0.0,0.0,0.00016681209385788667,0.0,0.001395099015071345,0.0,[3],[6]
178,0.0004228496225925769,0.0,0.0,0.05763615712016916,0.0,0.0,0.0,0.00047482463135367425,0.0,0.0,0.0010981948415852015,0.0,0.0,0.0,0.0025332376568852947,0.0,0.0,0.000280327138275996,0.0,0.0025584381523329606,0.002222284739976133,[3],[6]
179,0.00040218238330826816,0.0,0.0,0.059366001138816966,0.0,4.1764113345400416e-05,0.0,6.68231836766241e-05,0.0,0.0,0.0021544149068279997,0.0,0.0,0.0,0.0031355368101173607,0.0,0.0,7.643083744587032e-05,0.0,0.0001753512903458188,0.0,[3],[6]
180,0.0,0.0,0.0,0.06383982226841443,0.0,0.0005907651202761025,0.00040579662295478237,0.006322313825873521,0.0,0.0,0.0012377038345107961,0.0,0.003584375244771298,0.0,0.0032971940637904007,0.0,0.0,0.0,0.005087668820042311,0.001672320032741515,0.0,[3],[6]
181,0.0002555628518414466,0.0,0.0,0.03781595972069412,0.0,2.9079545185031887e-06,0.0,0.0,0.0,0.0,0.0016835683893009121,0.0,0.0,0.0,0.0027060714352883765,0.0023071162925998624,0.0,0.0,0.0,0.004341992535641756,0.016432643232560374,"[3, 20]",[-1]
182,0.0004756398023848842,0.0,0.0,0.05804700689486613,0.0,3.5603173220537406e-05,0.0,0.0,0.0,0.0,0.0018540721838904912,0.0,0.0,0.0,0.002926511742235127,0.003046481670243749,0.0,0.00022190846995419827,0.0,0.003862189338188018,0.017403524592806446,[3],[-1]
183,0.007296262358658738,0.0,0.0,0.01914418570046568,0.06807716497341748,8.539590649694029e-05,0.0,0.0,0.053727264002585186,0.025336511360558134,0.0,0.00011923180685768048,0.0,0.0,0.0,0.005661987828297875,0.10421163225063873,0.0011563944188208346,0.0003536839164381453,0.0,0.015054973481375487,"[4, 8, 16]",[6]
184,0.003490330363838015,0.0,0.0,0.008793602954600924,0.030873683067243904,3.334715834230576e-06,0.0016747377406959613,0.0,0.04727658225168922,0.018992894002870988,0.0,0.0016792566643739238,0.0,0.0,0.0,0.0068798043696178465,0.07425971595336547,0.0007287641537793769,0.0,0.0,0.023107163910892906,"[4, 8, 16, 20]",[6]
185,0.0007365482331605298,0.0,0.0,0.07144835899162601,0.0,6.621196102368475e-05,0.0007352288877104393,0.0,0.0,0.0,0.0016970932141894086,0.0,0.0,0.0,0.003179315628084493,0.0,0.0,0.00015314659536112024,0.0,0.0,0.0,[3],[6]
186,0.0005082581540545298,0.0,0.0,0.056993891768761525,0.0,4.2661684887062215e-05,0.0,0.0,0.0,0.0,0.0015934997750887963,0.0,0.0,0.0,0.0029967593604671976,0.0033748254163347,0.0,0.0,0.0,0.00518344103898917,0.014945858712941322,[3],[-1]
187,0.0003794528533382851,0.0,0.0,0.051948429253227894,0.0,4.5518027232458916e-05,0.0,0.0,0.0,0.0,0.0019385298457697344,0.0,0.0,0.0,0.002968020616830351,0.0,0.0,5.3657214996714684e-05,0.0,0.0027367812791402827,0.011179549541605919,[3],[6]
188,0.0005742568284987174,0.0,0.0,0.067768868592704,0.0,5.293298149555883e-05,0.0,0.0,0.0,0.0,0.001998083863666354,0.0,0.0,0.0,0.003227606829858276,0.0,0.0,9.579854586695656e-05,0.0,0.0014316797884693963,0.0034775620613078937,[3],[-1]
189,0.0004549501993732468,0.0,0.0,0.06141452682878833,0.0,6.175625080922232e-05,0.0,6.184618457883403e-05,0.0,0.0,0.0018607881845209813,0.0,0.0,0.0,0.0027986144376087874,0.0,0.0,9.091947520851951e-05,0.0,0.0,0.0,[3],[6]
190,0.0004283354857351027,0.0,0.0,0.04399138937969648,0.0,3.4676192793751723e-06,0.0,0.0,0.0,0.0,0.000535220075115569,0.0,0.0,0.0,0.001605420231179687,0.0,0.0,1.881960535701999e-05,0.0,0.0012525685050610942,0.015058226464293768,"[3, 20]",[-1]
191,0.00010774012205283742,0.0,0.0,0.06537062550487227,0.0,0.0,0.0,0.0029946114337449314,0.0,0.0,0.0014779237679635052,0.0,0.0,0.0,0.003554598496366145,0.0003144186864734463,0.0,0.00030952680136948446,0.0012433428487431055,0.004722785559523553,0.01821758351132533,[3],[6]
192,0.000471282829504617,0.0,0.0,0.05973183402158392,0.0,8.351928780565771e-05,0.0,0.0,0.0,0.0,0.001469936254711367,0.0,0.0,0.0,0.002720781772817706,0.0,0.0,0.00010780498042304813,3.224651592033021e-05,0.0016629130106990033,0.0,[3],[6]
193,0.00047322995180947133,0.0,0.0,0.05480848822628876,0.0,2.124640003557955e-05,0.0,0.0,0.0,0.0,0.001041081810045679,0.0,0.0,0.0,0.0024746233943289155,0.0005251475677280636,0.0,0.00012144741288675238,0.0,0.003990298283768534,0.016000752546372236,[3],[-1]
194,0.00044462947920348894,0.0,0.0,0.05750987083368846,0.0,5.7667403346369856e-05,0.0,0.0,0.0,0.0,0.002079033239222779,0.0,0.0,0.0,0.0031219391450849976,2.0272012177637547e-06,0.0,4.0263078948829676e-05,0.0,0.0014320473999978787,0.0,[3],[-1]
195,0.0,0.09382399666035357,0.0007876216382198866,0.0,0.0,0.0,0.0,0.0,0.0024518365681326267,0.0020876614234755894,0.010579525769123315,0.0,0.0,0.0,0.00591775367663459,0.0003840572891071376,0.0,0.00030519237993628054,0.0,0.0,0.0,[1],[-1]
196,0.0,0.06665135450477674,0.0005166461125622889,0.0,0.0,0.0,0.0002559913452489259,0.0,0.0,0.0,0.0,0.0,0.0,0.0,0.0,0.0014190977714128982,0.017091610521151945,6.168545559020699e-05,0.03284169805334672,0.0060024157315312675,0.0,"[1, 18]",[5]
197,0.0003745846191884652,0.0,0.0,0.05876477726424062,0.0,8.345625546651433e-05,0.0,2.004175229151205e-05,0.0,0.0,0.00207575244927865,0.0,0.0,0.0,0.003185199623412723,0.0007115118029415298,0.0,7.619471138743597e-05,0.0,0.0014154340732418084,0.0,[3],[6]
198,0.000445992496805916,0.0,0.0,0.056795814328489166,0.0,2.147912031207171e-05,0.0,0.0,0.0,0.0,0.0014321064112778235,0.0,0.0,0.0,0.002916455106508999,0.0,0.0,0.00010533555072413124,0.0,0.002108258739145182,0.011626688533889698,[3],[-1]
199,0.0001309389804083885,0.0,0.0,0.05427099416727674,0.0,0.00010704998761032844,1.9599917364339388e-06,0.0,0.0,0.0,0.001144252710477759,0.0,0.0,0.0,0.0018158200445327517,0.0,0.0,0.0001819895002345334,0.0012387403103276276,0.0,0.0,[3],[6]
200,0.00048827772944029795,0.0,0.0,0.0577178675603312,0.0,9.364936438345987e-05,0.000631339397564156,0.0,0.0,0.0,0.0017214591604154236,0.0,0.0,0.0,0.0017804434494191033,0.0,0.0,8.475536689658947e-05,0.0,0.0,0.0,[3],[6]
201,0.0,0.03780728560669285,2.1130390872154846e-05,0.0,0.009787751984721359,0.0,0.0,0.053102798881312016,0.0,0.00565812711170769,0.0,0.0032973329132132165,0.024931500855922276,0.03025677760309653,0.0009696503736922248,0.0,0.0046773652329895775,0.0008510016691558627,0.01951375855441512,0.0,0.0,"[1, 7, 12, 13, 18]",[-1]
202,0.0,0.020223643953390675,0.0,0.0,0.008622305540713866,0.0,0.0,0.055159559628611035,0.0005964940747616703,0.10509831467635387,0.0,0.0,0.0,0.04750955212472825,0.0012324513334049125,0.004382755267112458,0.0,0.0013713808821807748,0.2430650350567746,0.0,0.0018400423730973033,"[9, 18]",[-1]
203,0.00016475432350314108,0.006227338051135364,0.0,0.0,0.011263378541655643,0.0,0.00491253191823023,0.011985278392762031,0.00802043667102233,0.005286113551255972,0.013473860441670895,0.0,0.017980221420859088,0.0,0.012364604186824123,0.0024018437717662896,0.008601919083858031,0.509384185311847,0.0,0.1978088259283726,0.02518433322757359,"[17, 19]",[2]
204,0.0,0.053914451296637925,0.0003033290003621257,0.0,0.024595595231684846,0.000841699601217813,0.021478916630770777,0.08831048153451895,0.0028254384492211477,0.00044935810469915816,0.0,0.00910788486607928,0.11901164668635951,0.0,0.0,0.0,0.00014519081518804907,0.0,0.0,0.03499282699801074,0.0039041122183093306,"[1, 7, 12]",[-1]
205,0.0005736675437998161,0.0,0.0,0.06717657910333297,0.0,5.6497485284364774e-05,0.0,0.0,0.0,0.0,0.002466061364751437,0.0,0.0,0.0,0.003844877227425516,0.0016378384646309734,0.0,9.592117956580558e-05,0.0,0.0020049889529376477,0.0071612042729155044,[3],[6]
206,0.000509889854038044,0.0,0.0,0.07108385315694758,0.0,3.2098001797503325e-05,0.0,0.000216410447495282,0.0,0.0,0.002211764045893991,0.0,0.0,0.0,0.0033612999708872897,0.0,0.0,0.00011999024849749024,0.0,0.0,0.0,[3],[6]
207,0.008289302062273289,0.0,0.0,0.00940253314716924,0.11137197404383203,0.0003027308252978288,0.0,0.0,0.0,0.0,0.0,0.0,0.0,0.0,0.0,0.0005571018303062884,0.0,0.0,0.024348660932142635,0.0055377693671369264,0.0178253628171638,[4],"[1, 6]"
208,0.012958284288752484,0.0,0.0,0.01470817254173629,0.16709196359446044,0.0004417168238956267,0.0,0.0,0.0,0.0,0.0,0.0,0.0,0.0,0.0,0.0,0.0,0.019531907973072082,0.03510638643823739,0.022266643185696305,0.0,[4],[-1]
209,0.0001305315851455568,0.0,0.0,0.0377304851956485,0.0,0.0,0.0,0.004003135227691359,0.0,0.0,0.001742005728596273,0.0,0.0,0.0008297891029320203,0.0020171447751376015,0.0,0.0,0.00010287978725867545,0.0,0.0,0.0,[3],[6]
210,0.00040118063477730586,0.0,0.0,0.05771604018270743,0.0,4.3166048854486374e-05,0.0,0.0,0.0,0.0,0.0022366149877385963,0.0,0.0,0.0,0.0034418059520475207,0.0011831716317132097,0.0,9.295688144740539e-05,0.0,0.0019759885340475715,0.0011777858405397103,[3],[-1]
211,0.0,0.08997283380385254,0.0006954690878093185,0.0,0.0,0.0,0.0,0.0,0.0,0.0,0.0,0.0,0.0,0.0,0.0,0.0008282359498110629,0.006897281283848774,0.0003407305361207464,0.02341962952200987,0.005936895371997504,0.0,[1],[-1]
212,0.0,0.05837398796855937,0.0004543431228643822,0.0,0.0,0.0,0.0002884794576769006,0.0,0.0,0.0,0.0,0.0,0.0,0.0,0.0,0.001177332077224793,0.014612455543832245,0.0,0.027465998035979558,0.00500777995017784,0.0,"[1, 18]",[-1]
213,0.0006726672472829135,0.0,0.0,0.044421364799861494,0.0,0.0,0.0,0.00031629124074237624,0.0,0.0,0.0,0.0,0.0,0.0,0.00032219811719530055,0.0,0.0,0.0001044247603321133,0.0035830437852565782,0.0,0.0,[3],[6]
214,0.0003129659500296678,0.0,0.0,0.04188153094019761,0.0,2.9223272589496285e-05,0.0,0.0,0.0,0.0,0.001607258284057846,0.0,0.0,0.0,0.0025421938349575917,0.003233956217589203,0.0,2.1859945025261694e-05,0.0,0.0025795205536221486,0.01340558097143182,"[3, 20]",[-1]
215,0.00042674939509751707,0.0,0.0,0.06204646774860813,0.0,5.699370005624356e-05,0.0,0.0,0.0,0.0,0.00234730268750046,0.0,0.0,0.0,0.0036370491873808464,0.0,0.0,6.663735270835824e-05,0.0,0.0024096802208559776,0.004326206313098252,[3],[6]
216,0.0,0.08875635437302482,0.0007309851640202742,0.0,0.0,0.0,0.0,0.0,0.0019448964338038826,0.001590537174992978,0.007637523556088721,0.0,0.0,0.0,0.004911792531707544,0.0,0.0,0.00016188140195778363,0.0,0.00020442141635495118,3.215385665776368e-05,[1],[-1]
217,0.0,0.06094510670035426,0.0005161818513474099,0.0,0.0,0.0,0.0,0.0,0.0016828047991694253,0.0014937936069825315,0.008158017927189431,0.0,0.0,0.0,0.0038760666219882648,4.30108478965481e-05,0.0,0.0,0.0,0.0,0.00010528675545122086,[1],[-1]
218,0.0008077631238802149,0.0,0.0,0.08507780555293758,0.0,8.309101003941527e-05,0.0,0.0,0.0,0.0,0.0014607443964959985,0.0,0.0,0.0,0.0028246856253963527,0.0,0.0,6.630032396188935e-05,0.00012705044064332695,0.00020200004998971764,0.0,[3],[6]
219,0.0003130838553440175,0.0,0.0,0.05049545877407809,0.0,0.0,0.0,0.0009608435335305375,0.0,0.0,0.0012088726554721335,0.0,0.0,0.0,0.002168388165793078,0.0,0.0,0.00021793499338382892,0.0002002784736265807,0.0,0.0,[3],[6]
220,0.013327092908200102,0.0,0.0,0.014111090934931859,0.1676159001743947,0.00046288089937542227,0.0,0.0,0.0,0.0,0.0,0.0,0.0,0.0,0.0,0.0006006209158103158,0.0,0.0,0.03579131743146357,0.0057082164151011,0.027405418578015667,[4],[-1]
221,0.01035458950342902,0.0,0.0,0.013125302626872538,0.12323643309718366,0.00034162609646133847,0.0,0.0,0.0,0.0,0.0,0.0,0.0,0.0,0.0,0.0,0.0,0.0,0.02488495951650334,0.0004860107778039459,0.0,[4],[-1]
222,0.0,0.05892296005574266,0.0004897018023144488,0.0,0.0,0.0,0.0,0.0,0.0014599774525948146,0.0019548629503692992,0.007122570136178204,0.0,0.0,0.0,0.003863920948976078,0.0,0.0,0.0,0.0,0.0,6.0838501551816994e-05,[1],[-1]
223,0.0,0.020288274109693565,0.0,0.0,0.010001847267688746,0.0,0.02642732153534859,0.024069905916924733,0.0,0.0011192470509434522,0.003917943383549045,0.004282467518851463,0.011258171051489371,0.018467388965490522,0.000615748673690834,0.00010198348634405723,0.0014565468510882255,0.0,0.0,0.0,0.0022483444101687516,"[1, 4, 6, 7, 12, 13]",[5]
224,0.0,0.01789147064565909,0.0,0.0,0.0061775157707498075,0.0,0.0,0.05979503312769821,0.0,0.000806364052397476,0.0,0.0,0.0,0.07236548518757122,0.0008539917922145931,0.0,0.006242167293348595,0.0,0.022165606535410522,0.0009356515309592226,0.007056479358702829,"[7, 13, 18]",[3]
225,0.0005810771804580811,0.0,0.0,0.0688897100119085,0.0,6.994827050138911e-05,0.0002877870873929652,0.0,0.0,0.0,0.0022928927814284002,0.0,0.0,0.0,0.00298071131694855,0.0,0.0,8.687090072888262e-05,0.0,0.0,0.0,[3],[6]
226,0.0,0.0,0.0,0.04273235568186047,0.0,0.0,0.0,0.005875703321461136,0.0,0.0,0.001261085066073252,0.0,0.0,0.0,0.0005258380412112572,0.0,0.0,0.0,0.004608612004592454,0.0,0.0,[3],[6]
227,0.0,0.07413286925096338,0.0005753484375326168,0.0,0.0,0.0,0.0,0.0,0.0,0.0,0.0,0.0,0.0,0.0,2.178319289563087e-05,0.00010506443186432982,0.010107084579525107,0.0,0.021002422857782022,0.004825176205817072,0.0004619700444401379,[1],[5]
228,0.0,0.055089863186263244,0.0004331850029559222,0.0,0.0,0.0,0.0007671268164007569,0.0,0.0,0.0,0.0,0.0,0.0,0.0,0.0,0.0014943276184987671,0.014163918463292152,4.1180132946673603e-05,0.027813889163806102,0.004945078194538704,0.0,"[1, 18]",[-1]
229,0.011523208085638796,0.0,0.0,0.012631210039933711,0.14084911652876564,0.0003791428893595827,0.0,0.0,0.0,0.0,0.0,0.0,0.0,0.0,0.0,0.0006032359494498397,0.0,0.0015974259748215765,0.030947209230790543,0.013039063321199723,0.04102651782510357,[4],[6]
230,0.012045883381518662,0.0,0.0,0.01616533367509543,0.1630455027162931,0.0004495068236603343,0.0,0.0,0.0,0.0,0.0,0.0,0.0,0.0,0.0,0.0,0.0,0.0,0.03436058281118473,0.008866843933785697,0.0,[4],[-1]
231,0.0,0.06957424647251782,0.0005879274347063028,0.0,0.0,0.0,0.0,0.0,0.00186405218103816,0.0015977543768903738,0.008480342552214097,0.0,0.0,0.0,0.0044496017206841565,0.0002610435574213605,0.0,6.803595363996593e-05,0.0,0.0,0.00010168376607242881,[1],[-1]
232,0.0005520648092108552,0.0,0.0,0.0677048504454866,0.0,4.590095847148726e-05,0.0,0.0,0.0,0.0,0.0019292393984519768,0.0,0.0,0.0,0.003480630931791391,0.0,0.0,0.00017612808588706458,0.0,0.0035795293840725512,0.008480544820384791,[3],[-1]
233,0.0,0.07257569562258596,0.0006029780843325588,0.0,0.0,0.0,0.0,0.0,0.0017577012356407048,0.001400897467634214,0.008864250917398871,0.0,0.0,0.0,0.004519705866827915,0.0,0.0,2.3635018594214198e-05,0.0,0.0,0.0,[1],[5]
234,0.0,0.06648416896973491,0.0005572690489230553,0.0,0.0,0.0,0.0,0.0,0.0018180650538075153,0.0019650313760311735,0.008238684293313049,0.0,0.0,0.0,0.0038046230104100227,0.0,0.0,0.0,0.0,0.0,0.0,[1],[5]
235,0.0004899803958733904,0.0,0.0,0.06080957633433738,0.0,2.6638149506553725e-05,0.0,0.0,0.0,0.0,0.0013007559583390143,0.0,0.0,0.0,0.0027069330943677345,0.0,0.0,0.00019434717853900643,0.0,0.0034495712482801866,0.004897446284574603,[3],[6]
236,0.0006161454391429535,0.0,0.0,0.04546942956458373,0.0,0.00010641154149031084,0.0009128656574041286,0.0,0.0005122365757490216,0.0006993398476287477,0.0003238290453444692,0.0,0.0,0.0,0.0002757637464330778,0.0,0.0018247020260815905,0.0001509760597484124,0.0006166647777823645,0.0,0.0,[3],[-1]
237,0.0,0.02939408152561415,0.00021526467694336872,0.0,0.014609493941873516,0.0006106767486264586,0.01679529770824594,0.04785735702754847,0.0006962081632066876,0.0,0.0,0.004946255674375197,0.07833502589927999,0.0,0.0,0.0,0.0,0.0022330470846321383,0.0,0.0,0.004831317097701436,"[1, 7, 12]",[-1]
238,0.0,0.024476209783126326,0.0001850307489018644,0.0,0.012410435748802996,0.0006005826857516133,0.014901395152384256,0.03999834877532635,0.0005039141373387425,0.0,0.0,0.004094038408171005,0.06772701362104833,0.0,0.0,0.0,0.0,0.0,0.0,0.0,0.004439995956180033,"[1, 7, 12]",[-1]
239,0.0,0.07409159476961763,0.000575724560819317,0.0,0.0,0.0,0.0009110599541248714,0.0,0.0001399711202169823,0.0,0.0,0.0,0.0,0.0,0.0,0.0,0.009428933111033074,0.0,0.023022556128849445,0.0051580027942484145,0.00048101268061252696,"[1, 18]",[-1]
240,0.0,0.08354068690669157,0.0006987769174002097,0.0,0.0,0.0,0.0,0.0,0.0021523031996082,0.001855158633730203,0.009187185118558868,0.0,0.0,0.0,0.005235826572100874,0.00014697707579116898,0.0,0.00010742252333278446,0.0,0.0,0.0006672000793481573,[1],[5]
241,0.0004117654018044737,0.0,0.0,0.060838533896626495,0.0,0.0,0.0,0.0008954656269040176,0.0,0.0,0.0017960767668740107,0.0,0.0,0.0,0.0038513556702829553,0.0,0.0,0.00021861612019586672,0.0,0.0,0.0,[3],[6]
242,0.005418723411615727,0.0,0.0,0.01969433149459858,0.028741654000892822,0.0,0.018043591574240465,0.0,0.028582067662838617,0.014922107338473663,0.0,0.0,0.0,0.0,0.019334977490957733,0.004034832068518259,0.04731502823908425,0.0,0.0,0.0,0.008018844811625679,"[3, 4, 6, 8, 9, 14, 16]",[6]
243,0.0,0.0,0.0,0.06162505699169852,0.0,0.0,0.0,0.004099041599051085,0.0,0.0,0.0012334389522978917,0.0,0.0,0.0,0.0034040449777774768,0.0,0.0,0.0003405510413899731,0.0039055123887233134,0.003940727358130707,0.014394287566752815,[3],[-1]
244,0.0,0.0015533345292490668,0.0,0.0,0.0009759607681765022,0.0,0.0,0.030709849056198914,0.0,0.034967619036940685,0.0,0.0,0.0,0.025255203099491082,0.0012346011515012043,0.0,0.0,0.0,0.15280472034307202,0.0,0.0,[18],[-1]
245,0.0006293994901438942,0.0,0.0,0.074635838994145,0.0,9.301977444337777e-05,0.00023035798264994884,0.0,0.0,0.0,0.0016598819506237557,0.0,0.0,0.0,0.00251361083014353,0.0,0.0,0.00018824916809520806,0.0,0.0004535677942058152,0.0,[3],[6]
246,0.0,0.06253479551190759,0.0004887636220457485,0.0,0.0,0.0,0.0057567092756297044,0.0,0.0,0.0,0.0,0.0029088863831993666,0.024386261730731624,0.0,0.0,0.0,0.01431901601139432,0.0,0.026474744595184913,0.0018593872144414977,0.0,"[1, 12, 18]",[-1]
247,0.00047016778591931976,0.0,0.0,0.06713555556551278,0.0,7.390866944200769e-05,0.0,0.0,0.0,0.0,0.0020514499601123693,0.0,0.0,0.0,0.0034194886828437182,0.0,0.0,0.00017425092746567008,0.0,0.0027710418919105998,0.004408174014718509,[3],[6]
248,0.0,0.08182896003426662,0.000693022138458761,0.0,0.0,0.0,0.0,0.0,0.0023295438042561737,0.0021275560539976584,0.010250150652700211,0.0,0.0,0.0,0.005155058146698198,3.833556479983882e-05,0.0,9.89523131438479e-06,0.0,0.0,3.481260085287717e-05,[1],[-1]
249,0.0003143394581559795,0.0,0.0,0.0479042853363283,0.0,0.0,0.0,0.0011378107430506349,0.0,0.0,0.0005075681084482811,0.0,0.0,0.0,0.0015305070249452928,0.0,0.0,8.872202395285745e-05,0.00017428549643416435,0.0007131513661352536,0.0,[3],[6]
250,0.0,0.06400271287544534,0.000498219560022647,0.0,0.0,0.0,0.0,0.0,0.0,0.0,0.0,0.0,0.0,0.0,0.0,0.0008375619677774842,0.010140357607307698,8.027802006747304e-05,0.01999852122753158,0.0042922626883878465,0.0,"[1, 18]",[5]
251,0.0002940960959109488,0.0,0.0,0.05794106336863719,0.0,8.948222661415367e-05,0.0,0.0011456036404883343,0.0,0.0,0.0014053212014752507,0.0,0.0,0.0,0.00253184335183619,0.0,0.0,0.00020734116763199435,0.0,0.0,0.0,[3],[6]
252,0.0,0.0,0.0,0.0024139982734379057,0.0,0.0,0.0,0.038429033303627805,0.0,0.0,0.0,0.0,0.0,0.04219180277635209,0.0004668969436437077,0.0,0.0010008212190544255,0.0,0.0,0.002475817609002404,0.0,"[7, 13]",[6]
253,0.00033519493599092726,0.0,0.0,0.060673920175984906,0.0,2.974916998620485e-06,0.0,0.0,0.0,0.0,0.00188563792466852,0.0,0.0,0.0,0.0030607071789017265,0.0,0.0,0.00011798929096403102,0.0,0.003347682607302523,0.01050095200240374,[3],[-1]
254,0.0,0.0,0.0,0.03449870561660476,0.0,8.476419836926084e-05,0.0,0.003755574808706396,0.0,0.0,0.0008770855169954119,0.0,0.0003991578140993852,0.0,0.0018015868501821694,0.0,0.0,7.859667001322282e-05,0.0006499161981649177,0.0,0.0,[3],[6]
255,0.0,0.0,0.0,0.025273473134317805,0.004507783223171234,0.0008304060993243409,0.0016793035221009669,0.00949137855430965,0.0032815716863445203,0.004247285041752811,0.0,0.0004498039074538804,0.007825182730552958,0.0,0.0,0.0,0.0038963788887341772,0.0,0.012206148261135473,0.0,0.017388006867049294,"[3, 7, 12, 18, 20]",[6]
256,0.0004403936014200571,0.0,0.0,0.05539679192824497,0.0,5.311959224731592e-05,0.0,0.0,0.0,0.0,0.0015848093280375864,0.0,0.0,0.0,0.0024993620246518064,0.0,0.0,7.362767452131874e-05,0.0,0.0009355580823650966,0.0,[3],[6]
257,0.0003435127556768136,0.0,0.0,0.06854255878951176,0.0,3.863296709074806e-05,0.0,0.0010435588413588326,0.0,0.0,0.002478644074128869,0.0,0.0,0.0,0.0037401779119302825,0.0,0.0,0.00013176065142518807,0.0,0.00010801617957489071,0.0,[3],[6]
258,0.0005568213051407192,0.0,0.0,0.07269830374631764,0.0,7.299014731822456e-05,0.0,0.0,0.0,0.0,0.001780777866141107,0.0,0.0,0.0,0.0034273226331771834,0.0,0.0,0.00017491779607151393,0.0,0.002760288124877276,0.00012055707699735493,[3],[6]
259,0.00041058020606000555,0.0,0.0,0.06036149085946562,0.0,0.00014310000023951564,0.0,0.00018417454992584968,0.0,0.0,0.0021768930723080333,0.0,0.0,0.0,0.0032753724674295256,0.0,0.0,0.0001989331726188737,0.0,0.0,0.0,[3],[-1]
260,0.000439388739150048,0.0,0.0,0.061096612503373594,0.0,3.902073940694089e-05,0.0,0.0,0.0,0.0,0.002009572390716603,0.0,0.0,0.0,0.0032911706655496284,0.0006613675814909651,0.0,8.059462382135146e-05,0.0,0.0024070561519560795,0.006762602180318833,[3],[-1]
261,0.00015771583404673186,0.0,0.0,0.07584253683092984,0.0,0.0,0.0,0.001099896636133757,0.0,0.0,0.0028936552078441154,0.0,0.0,0.0,0.004089106646999031,0.0,0.0,0.00017368417870194727,0.0,0.0006487605843038134,0.0,[3],[6]
262,0.0009199210652717333,0.0,0.0,0.056918756675844485,0.0,6.849061365160467e-05,0.0008095886534959608,0.0,0.0014785479174954743,0.0017539203430519629,0.0,0.0,0.0,0.0,0.0,0.0013225356263552512,0.003696987828108339,0.00012532750473391902,0.0019306136298154,0.0,0.0,[3],[6]
263,0.0,0.023330613139592674,0.0,0.0,0.008851150288380554,0.0,0.0,0.06701278710963092,0.0,0.0,0.02522622969604065,0.0,0.0,0.08921701098160296,0.0008082451035606444,0.0,0.013323569404905042,0.0,0.0,0.0012480531306155915,0.0,"[7, 13]",[3]
264,0.0,0.020018728566576077,0.0,0.0,0.006870693087328338,0.0,0.0,0.06456074007144495,0.0,0.0,0.0,0.0,0.0,0.08217428993902327,0.0002387168753548117,0.0,0.009424275612481322,0.0,0.004153363073757735,0.003014857175693021,0.0,"[7, 13]",[3]
265,0.014378741273616664,0.0,0.0,0.017524828025247685,0.18839033175779146,0.00039747868865963907,0.0,0.0,0.0,0.0,0.0,0.0,0.0,0.0,0.0,0.0,0.0,0.0,0.03860061137963778,0.008849875681719388,0.0,[4],[-1]
266,0.03532177558284468,0.0,0.0,0.008645830709036507,0.13608251534677646,0.0002228693239626708,0.0,0.0,0.0,0.0,0.0,0.0,0.0,0.0,0.0,0.0,0.0,0.0,0.021664864064123827,0.0,0.0016270063555559198,[4],[6]
267,0.0,0.008272933450808423,0.0,0.0,0.007653502791169577,0.0,0.0,0.023206417231099858,0.0,0.0,0.004518934396018968,0.0,0.0,0.024246243386634978,0.0,0.0,0.0029848407922247627,0.0,0.0,0.0,0.0,"[1, 4, 7, 13]",[-1]
268,0.0,0.015816244143248795,0.0,0.0,0.023652656501229035,0.0,0.0,0.03707920706704953,0.0,0.0,0.027273796498956615,0.0,0.0,0.036250776849223135,0.0,0.0,0.003308888536328567,0.002755680768857694,0.0,0.0,0.0,"[1, 4, 7, 10, 13]","[1, 3]"
269,0.0,0.015446240148692166,0.0,0.0,0.006923466007802061,0.0,0.0,0.04940874594814818,0.0,0.0527212006378995,0.0,0.0,0.0,0.04706133134293345,0.0014055050717413898,0.00466163163659041,0.0,0.0006139816173925522,0.22805426520051428,0.0,0.0021311487002717935,[18],[-1]
270,0.0,0.020017953612916615,0.0,0.0,0.00824573940795381,0.0,0.0,0.060867752568677866,0.0,0.03992949197547192,0.0,0.0,0.0,0.06804818802251764,0.001176158625317023,0.0029790923634553453,0.0,0.00025979009467754795,0.1749922757017347,0.0,0.0018741720224453964,"[7, 13, 18]",[-1]
271,0.0003338411108111171,0.0,0.0,0.052148268020881634,0.0,0.0,0.0,0.00081501377942587,0.0,0.0,0.0007692397987639932,0.0,0.0,0.0,0.002078594167227295,0.0,0.0,0.000270205165719348,0.0002598993233706593,0.0022688175547923455,0.0,[3],[-1]
272,0.0008902169289731016,0.0,0.0,0.03730828117144923,0.0,1.4085172855947505e-05,0.0014441303455419187,0.0,0.006195310038287514,0.0037688459908519563,0.0,0.000386280849403728,0.0,0.0,0.0,0.0,0.018000537484409364,0.0001536718170995978,0.003138644055679388,3.7225673743550144e-05,0.0,"[3, 16]",[6]
273,0.0,0.031670038892279956,0.00027224385423486224,0.0,0.01694233323900078,0.0010354037976019852,0.01915237063198865,0.05779323075024988,0.0010412907071017945,0.0,0.0,0.007006433494110693,0.09292822475610203,0.0,0.0,0.0,0.0,0.0,0.0,0.0,0.000649563362586945,"[1, 7, 12]",[-1]
274,0.0005111226100303369,0.0,0.0,0.04073302117037409,0.0,2.6783198863660007e-05,0.0,0.0,0.0,0.0,0.0,0.0,0.0,0.0,0.0011160031280261656,0.0,0.0,0.0,0.0009567141594883403,0.002905480932529797,0.000689482572790669,[3],[6]
275,0.0,0.03270392865921828,0.0,0.0,0.010311190219471963,0.0,0.0,0.08218147879430074,0.0,0.0,0.0,0.0,0.0,0.11772824648710094,0.0,0.0,0.016725049713458912,0.0002431532082503344,0.0,0.002642077544415671,0.010804076235957801,"[7, 13]",[3]
276,0.0,0.033810977135247035,0.0,0.0,0.011936146486847503,0.0,0.0,0.08968179316422079,0.0,0.0,0.0,0.0,0.0,0.12541975490276017,0.0,0.0,0.01728761919703925,0.000656808735433402,0.0,0.0,0.0,"[7, 13]",[-1]
277,0.00017291218437484018,0.0,0.0,0.04040168479522953,0.0,0.0,0.0,0.0009984883428071755,0.0,0.0,0.0016887427351206527,0.0,0.0,0.0,0.0023435294782728766,9.676390146375544e-05,0.0,0.00010695873973364824,0.0,0.0028888077499673094,0.012894909350644086,"[3, 20]",[2]
278,0.0004798292987212713,0.0,0.0,0.06457587286830047,0.0,0.00012795665204666984,0.0,0.00015963678232817176,0.0,0.0,0.0014317736784365573,0.0,0.0,0.0,0.002821506041588465,0.0,0.0,0.00030470878726531186,0.0,0.0017374580208750167,0.0,[3],[6]
279,0.0,0.0,0.0,0.05449712415928255,0.0,0.0,0.0,0.0038218454905549824,0.0,0.0009355632286857598,0.0,0.0,0.0,0.0,0.001899892785450977,0.0,0.001436817830076528,0.0004304236030751336,0.007844634294551086,0.005011782751298393,0.0,[3],[6]
280,0.0,0.08112991538987527,0.0006769929971382104,0.0,0.0,0.0,0.0,0.0,0.0017664848045185436,0.0013032646003156975,0.005574049875769109,0.0,0.0,0.0,0.0039374257219982976,5.626830985850697e-05,0.0,0.00034685390306550865,0.0,0.00014451549814329458,3.0363300759268165e-05,[1],[-1]
281,0.0,0.07334977886855681,0.0005728067256827041,0.0,0.0,0.0,0.0002943627371641104,0.0,0.0,0.0,0.0,0.0,0.0,0.0,0.0,0.0012005470345708188,0.01624278214817811,0.00015627908161542557,0.032494259500114274,0.0063318595176151855,0.0,"[1, 18]",[-1]
282,0.0,0.04863505755634029,0.0003541671279144878,0.0,0.0,0.0,0.0,0.0,0.0,0.0,0.0,0.0,0.0,0.0,0.0,0.0005316749028728718,0.012525177317325062,8.732977084295371e-05,0.025207242543021886,0.0048140161963817225,0.0,"[1, 18]",[-1]
283,0.0,0.03046315899590167,0.0,0.0,0.011052849374952475,0.0,0.0,0.0859256309341154,0.0,0.0,0.0,0.0,0.0,0.12379558472355026,0.0,0.0,0.017419396872454213,0.0006707897796615042,0.0,0.0018739543635195343,0.0022142137021871153,"[7, 13]",[3]
284,0.0,0.014569579038231696,0.0,0.0,0.004919785407044401,0.0,0.0,0.03381649802134311,0.0,0.004143116410636342,0.0,0.00013282821276366322,0.0,0.02923102572046817,0.00022647026094791496,0.0,0.0029572315412892372,0.00028307908128022126,0.02386526638988944,0.0,0.0,"[1, 7, 13, 18]",[3]
285,0.0,0.04337749409631785,0.0003123002609142013,0.0,0.025686309266296288,0.001216985533237698,0.02518695158864745,0.08641369680124908,0.0008395732070091294,0.001149695804005784,0.0,0.009721513604860408,0.1287210256995969,0.0,0.0,0.0,0.0,0.0012900952195665607,0.0,0.0,8.288840448691683e-05,"[1, 7, 12]",[-1]
286,0.0,0.04143206474288995,0.00023813281539707465,0.0,0.02486312648324254,0.0008833444797765937,0.018683622819899978,0.07864827076305127,0.0005184404169188862,6.762514473027912e-05,0.0,0.008304976761684412,0.10688558728621915,0.0,0.0,0.0,0.0,0.00019751743436474624,0.0,0.0,0.0,"[1, 7, 12]",[-1]
287,0.0,0.030995413649440667,0.00021905538158510947,0.0,0.014538274917040628,0.0009681032198589458,0.016185043193205965,0.05448677334219538,0.0037041785747974772,0.0,0.0,0.007857162913755232,0.08423848647649411,0.0,0.0,0.0,0.0,0.0018653434854495933,0.0,0.025910948659322922,0.0,"[1, 7, 12, 19]",[-1]
288,0.0004776446276752787,0.0,0.0,0.05195527327242247,0.0,4.331048267216451e-05,0.0,0.0,0.0,0.0,0.0017285318634818626,0.0,0.0,0.0,0.002864291925960952,0.09697953794363501,0.0,0.0002227296250669923,0.0,0.0015817021078174441,0.012333197417265497,"[3, 15]",[-1]
289,0.00048114051890494816,0.0,0.0,0.07601139845995485,0.0,5.401643289785994e-05,0.0,0.0007980481138464034,0.0,0.0,0.0023534595474070967,0.0,0.0,0.0,0.003740528867081729,0.0,0.0,9.437542429843775e-05,0.0,0.0002683559319404409,0.0,[3],[6]
290,0.15418287457696206,0.016748255386248034,0.00031451631505290025,0.0,0.0,0.0,0.0,0.018488991005976382,0.0,0.0,0.005382689140519933,0.013875051864354645,0.03192228573500389,0.01267374651721502,0.0,0.005672479411783526,0.002830739645943191,0.0,0.0,0.0,0.0021568003353174578,[0],[-1]
291,0.16050011714459658,0.01712337960736144,0.0002711235286587171,0.0,0.0,0.0,0.0,0.018297239791776068,0.0,0.0,0.0031442463072531538,0.013695233394457607,0.032204497224010996,0.012266986128906459,0.0,0.005512424141586223,0.0035092107074412384,0.0,0.0,0.0,0.0014462689790731911,[0],[8]
292,0.0,0.006910405834732051,0.0,0.0,0.0033689941826383373,0.0,0.0,0.02917745396337379,0.0,0.036016975606258314,0.0,0.0,0.0,0.024622602434030506,0.0008945403008226788,0.002314084213210824,0.0,5.841055954606535e-05,0.14792716730281713,0.0,0.0005335303480574429,[18],[-1]
293,0.0009028373780432283,0.0,0.0,0.05565868509985368,0.0,0.0,0.005385281092403967,0.0001582751126505929,0.0,0.0,0.0021360131701484058,0.0,0.0,0.0,0.010771638160566498,0.0015617454391244723,0.0,0.0,0.0,0.000645874780233951,0.0,[3],[6]
294,0.00048305113509263556,0.0,0.0,0.08407428626465462,0.0,0.0,0.0,0.0021030858785534468,0.0,0.0,0.0018611742485952127,0.0,0.0,0.0,0.003904816974518297,0.0,0.0,7.742746723245463e-05,0.0,0.0,0.0,[3],[6]
295,0.010587338920230777,0.0,0.0,0.016058745319418522,0.11583498415645445,0.0002678419145443707,0.0,0.0,0.007657887988905421,0.002375038972326168,0.0,0.0,0.0,0.0,0.0,0.0011469919323899979,0.03812988390904903,0.001282361972916569,0.017271550903807217,0.0,0.0,"[4, 16]",[6]
296,0.10293389148317737,0.011315701292694333,0.0002067986482749563,0.0,0.0,0.0,0.0,0.012724065905329894,0.0,0.0,0.0037289270162019694,0.008513570051781112,0.02124054904686986,0.008818431655716212,0.0,0.0038354005977382023,0.0022306410758729514,0.00014300152881174027,0.0,0.0,0.0013505914571269263,[0],[-1]
297,0.13556030239522748,0.01607963428252634,0.00027485044989272153,0.0,0.0,0.0,0.0,0.0190649931166987,0.0,0.0,0.005201523712764614,0.012991533257912882,0.030650053125753755,0.011527751559497576,0.0,0.005325798560369705,0.0032837213417994835,0.0,0.0,0.0,0.0013673449842829468,[0],[8]
298,0.0006290975405022783,0.0,0.0,0.06999375083006755,0.0,0.00010946006795694785,0.0,0.0,0.0,0.0,0.001362686370424129,0.0,0.0,0.0,0.002618377451844587,0.0,0.0,5.934802162426227e-05,0.0,0.0,0.0,[3],[6]
299,0.0008513885014207188,0.0,0.0,0.057838780657551124,0.0,0.0,0.005319611020768177,0.0002761827842912229,0.0,0.0,0.013711157698365391,0.0,0.0,0.0,0.010625249470888063,0.0,0.0,0.0,0.0003077564484524386,0.0004615241026854435,0.0,[3],[6]
300,0.00038904523415674746,0.0,0.0,0.04521478833890614,0.0,3.909868599012147e-05,0.00020209035930943074,0.0,0.0,0.0,0.001416442403732673,0.0,0.0,0.0,0.0020974560428988626,0.000849338736538268,0.0,4.714087213075401e-05,0.0004960870550179092,0.0,0.0,[3],[6]
301,0.000542178895385855,0.0,0.0,0.06402489823705954,0.0,5.672929115254847e-05,0.0,0.0,0.0,0.0,0.0022474414162583596,0.0,0.0,0.0,0.0035062931258323634,0.0,0.0,6.986200465060305e-05,0.0,0.0007115434176780302,0.0,[3],[6]
302,0.0,0.0,0.0,0.05492783897245201,0.0,0.0,0.0,0.0008325044187643864,0.0,0.0,0.0006683245971566734,0.0,0.0,0.0,0.002540643635990687,0.0,0.0,0.0002410057698875156,0.00577580338534722,0.001631659154537907,0.0,[3],[6]
303,0.0007415230246095127,0.0,0.0,0.055982660327236734,0.0,0.0001431536032478812,0.0,0.0,0.0,0.0,0.0,0.0,0.0,0.0,0.0008588062925224698,0.0,0.0,4.435262446382838e-05,0.002756968199437484,0.0,0.0,[3],[6]
304,0.00033189068354413324,0.0,0.0,0.06708650987695548,0.0,0.0,0.0,0.0015073051972634948,0.0,0.0,0.002114415734761245,0.0,0.0,0.0,0.003147640952009202,0.0,0.0,0.0001420566152704479,0.0,0.001868201469278973,0.0,[3],[-1]
305,0.0003176743156096453,0.0,0.0,0.04926685314199399,0.0,6.660131337478753e-05,6.274062622181904e-05,0.0002721692285704178,0.0,0.0,0.001104457893372148,0.0,0.0,0.0,0.0017037354094202488,0.0,0.0,0.00012958777081809663,0.0008510825451539678,0.0,0.0,[3],[6]
306,0.0010313094492643753,0.0,0.0,0.06477996021072262,0.0,9.094692123081843e-05,4.260945715800504e-05,0.0,0.0014999215240879564,0.0038488589648507728,0.0,0.0,0.0,0.0,0.0008981180755858789,0.0,0.0,0.00021066028957013905,0.0009427461607530782,0.0,0.011821242552767865,[3],[6]
307,0.0,0.08908284228434984,0.0006720601080848169,0.0,0.0019899855128534404,0.0,0.011973178581683501,0.0,0.0,0.0,0.0,0.004201184232483714,0.04966317152045768,0.0,0.0,0.0,0.014110324520924524,0.0,0.02929574623687785,0.0,0.0,"[1, 12, 18]",[-1]
308,0.0,0.04687312835934911,0.00028416251859220804,0.0,0.030732157513120844,0.0011489548773105283,0.038543976389465384,0.08189973725534189,0.00045475891335679226,0.0,0.0012261397369733946,0.0,0.1292298287457675,0.0,0.0017603887871332536,0.0,0.0,0.0019511551035609235,0.0,0.0,0.0040973522183708295,"[1, 7, 12]",[2]
309,0.00032648121805299265,0.0,0.0,0.05834594540260239,0.0,0.0,0.0,0.0005687248681255443,0.0,0.0,0.0016969696617420865,0.0,0.0,0.0,0.0030470934139426387,0.0,0.0,0.0001188523930548366,0.0,0.002714924602356761,0.009412276707362534,[3],[6]
310,0.0,0.03498901129019237,0.0002554093474227939,0.0,0.020766040933176386,0.0011757359235804517,0.019985927201235692,0.0716376744708107,0.0007911098548120415,0.0,0.0,0.00828730888688443,0.10416019137879569,0.0,0.0,0.0,0.0,0.0015999737664492378,0.0,0.0,0.0,"[1, 7, 12]",[-1]
311,0.0,0.030818577202443652,0.00021205551688985107,0.0,0.022778749858658246,0.0008913487322006959,0.01734147095598296,0.06366307455761946,4.3681051334096595e-06,0.0,0.0,0.007397025474406507,0.09617370248668698,0.0,0.0,0.0,0.0,0.0,0.0,0.0,0.0,"[1, 7, 12]",[-1]
312,0.00029322067163995276,0.0,0.0,0.05234682140088999,0.0,0.0,0.0,0.0009877811063120346,0.0,0.0,0.002032829967623081,0.0,0.0,0.0,0.00297965755718884,0.0,0.0,0.00016370303837149255,0.0,0.0,0.0,[3],[6]
313,0.0006098045826109833,0.0,0.0,0.07140850289614419,0.0,8.735989573386913e-05,0.00018452870716463308,0.0,0.0,0.0,0.001617288886534601,0.0,0.0,0.0,0.00226524076355652,0.0,0.0,4.4628070695422396e-05,0.0,0.0,0.0,[3],[6]
314,0.001067811364617188,0.0,0.0,0.04474002759883298,0.0,2.371001298043349e-05,0.0006529173016885536,0.0,0.003776424769374953,0.0027177110479619363,0.0,0.0,0.0,0.0,0.00163298143168789,0.0,0.003118900970844996,0.0,0.0033486582098707926,0.0038979487904865495,0.0005984893479123718,[3],[-1]
315,0.0001815287123520494,0.0,8.267507323206512e-05,0.0461275901156637,0.0,0.0,0.0,0.0009305593567344587,0.0,0.0,0.0019541071015775507,0.0,0.0,0.0,0.0029566642599336756,0.004109752232015356,0.0,0.00021998759591614121,0.0,0.0031277865404833838,0.014949566138983407,"[3, 20]",[-1]
316,0.0004345338653087489,0.0,0.0,0.05988107235228109,0.0,3.4745285426713054e-05,0.0,0.0,0.0,0.0,0.002162225374289832,0.0,0.0,0.0,0.0035719832736308592,0.0025959854323425523,0.0,0.00011846528734761475,0.0,0.004106639616825578,0.018002962454066365,"[3, 20]",[6]
317,0.0,0.005157355083336881,0.0,0.0,0.0002402333230048444,0.0056636534454278156,0.0016654875911514485,0.020568634280168557,0.0,0.0018462719527999663,0.0,0.0007586648671361779,0.014476150215438284,0.0016502365461474064,0.0003905541275021679,0.0,0.0,0.0,0.016520654001193496,0.0,0.0,"[7, 12, 18]",[6]
318,0.0,0.017740032564830092,8.532408908979535e-06,0.0,0.0018497659308438677,0.1067556803931918,0.001276204264051457,0.009999509352996446,0.0,0.0034879373257747054,0.0,0.0012369285879920153,0.011347940670985901,0.0048305983040830445,0.0,0.0,0.0,0.0,0.011440643700305477,0.0,0.0,[5],[-1]
319,0.0005119239035050417,0.0,0.0,0.06229471607562176,0.0,3.0137107400087463e-05,0.0,0.00031732383815235123,0.0,0.00025228033930101303,0.0004216067975448592,0.0,0.0,0.0,0.0019056584772419104,0.0,0.0,0.00015034353359155063,0.004946655750169108,0.0,0.0,[3],[6]
320,0.0003910318541409707,0.0,0.0,0.061189072946656674,0.0,5.8080604572217795e-05,0.0,0.00017818532030385102,0.0,0.0,0.002310841853895557,0.0,0.0,0.0,0.003422951097874415,0.0,0.0,9.217626853232674e-05,0.0,0.00027957807543123125,0.0,[3],[6]
321,0.0003895849342606532,0.0,0.0,0.05277022347868681,0.0,5.220531905944403e-05,0.0,0.0,0.0,0.0,0.0020130189005961065,0.0,0.0,0.0,0.0031370001863074027,0.0,0.0,3.061576494270897e-05,0.0,0.0006583959234677725,0.0,[3],[6]
322,0.01031438314279062,0.0,0.0,0.013125691844477766,0.1431966244758939,0.0003597146328221716,0.0,0.0,0.0,0.0,0.0,0.0,0.0,0.0,0.0,0.0,0.0,0.0,0.030721710376856892,0.013636104151200559,0.0,[4],[-1]
323,0.011053559199788605,0.0,0.0,0.013368746686355883,0.15086098863835584,0.0004119256739021223,0.0,0.0,0.0,0.0,0.0,0.0,0.0,0.0,0.0,0.0,0.0,0.0,0.0324756698931156,0.01284972225885863,0.0,[4],[-1]
324,0.0005556950806089568,0.0,0.0,0.06036421916876321,0.0,5.3919859443981054e-05,0.00023142204938527642,0.0,0.0,0.0,0.0016955305905756101,0.0,0.0,0.0,0.0024350674611713684,0.0,0.0,6.017997515208643e-05,0.0,0.0,0.0,[3],[6]
325,0.0006474735359551385,0.0,0.0,0.07977836623975296,0.0,9.493387735467148e-05,0.0,0.0,0.0,0.0,0.0023076796331879955,0.0,0.0,0.0,0.003890929306952737,0.0,0.0,8.736232370825726e-05,0.0,0.000884473613029337,0.0,[3],[6]
326,0.003008613541729023,0.0,0.0,0.06046752091573581,0.0,8.439501158156814e-05,0.0010076080973480997,0.0,0.0,0.0,0.0010958541515601525,0.0,0.0,0.0,0.001764377562136027,0.0,0.0,0.0,0.00029720514645687325,0.0,0.0,[3],[6]
327,0.0,0.06579931520345562,0.0005398130002803198,0.0,0.0,0.0,0.0,0.0,0.0018824564956138232,0.0016847969901009087,0.009628708410927996,0.0,0.0,0.0,0.004635172748902521,6.415559812630135e-05,0.0,0.0,0.0,0.0,0.0,[1],[-1]
328,0.0006374118423960492,0.0,0.0,0.0689291859152538,0.0,4.0275330326102785e-05,0.0,0.0,0.0,0.0,0.0010872951334542087,0.0,0.0,0.0,0.0024307744326288482,0.0,0.0,0.00026356055482706475,0.0005570502957773681,0.0010862924053988562,0.0,[3],[6]
329,0.0,0.040328623985864405,0.0003053961331049506,0.0,0.0,0.0,0.00015646757256043662,0.0,0.0,0.0,0.0,0.0,0.0,0.0,0.0,0.0,0.008183229448627465,0.0,0.017076533461459428,0.0038061860306449263,0.000789530713681543,"[1, 18]",[-1]
330,0.0,0.07397505097310188,0.000582604081984379,0.0,0.0,0.0,0.0,0.0,0.0,0.0,0.0,0.0,0.0,0.0,0.0,0.0005792414469370438,0.011783766947387763,0.00040683269643652204,0.027272019507038645,0.005829218981093498,0.0,"[1, 18]",[-1]
331,0.0005084536264689325,0.0,0.0,0.06479662234475467,0.0,9.737098076267192e-05,0.0,4.490648596402232e-05,0.0,0.0,0.0015455078845614677,0.0,0.0,0.0,0.0029139606024702128,0.0,0.0,0.00012386770881019706,0.00027499715831735724,0.001773056431446716,0.0,[3],[6]
332,0.0,0.07660390077543207,0.0006427069747434036,0.0,0.0,0.0,0.0,0.0,0.002049204784900628,0.001721304146276847,0.010008826917152824,0.0,0.0,0.0,0.0048534686733323175,0.0003414225360761703,0.0,0.0,0.0,0.0,0.0001337417202887641,[1],[-1]
333,0.0,0.07638870758663673,0.0006333894212488886,0.0,0.0,0.0,0.0,0.0,0.0015239587354011093,0.0009841113495858758,0.00467669569557618,0.0,0.0,0.0,0.0037539106548852876,0.0003898529286147424,0.0,0.00023770999116451685,0.0,0.0003578170955068813,0.00029130453676640616,[1],[5]
334,0.0005491169517542482,0.0,0.0,0.06109736581557752,0.0,7.678476380611662e-05,0.0,0.0,0.0,0.0,0.00014521506167076978,0.0,0.0,0.0,0.001914732593035001,0.0,0.0,8.175284593841146e-05,0.0022987051141513406,0.004110700626685925,0.0,[3],[-1]
335,0.0005721080064347216,0.0,0.0,0.038152248038793704,0.0,4.66397042450004e-05,0.0012656897623624737,0.0,0.0006583415192063024,0.0008599454417931708,0.0,0.0010184290993968865,0.0,0.0,0.0,0.0,0.0020695171177930894,0.00010003748711930998,0.001304070253336821,0.0,0.0,[3],[6]
336,0.0,0.06635730095113998,0.0005017997976254122,0.0,0.0,0.0,0.00025886361979701804,0.0,0.0,0.0,0.0,0.0,0.0,0.0,0.0,0.0010112400247120664,0.014960769717796259,9.274451962003297e-05,0.03059517789982767,0.005719901815515328,0.0,"[1, 18]",[-1]
337,0.0,0.07282850655444219,0.0005600590899505855,0.0,0.0,0.0,0.00024345423965519255,0.0,0.0,0.0,0.0,0.0,0.0,0.0,0.0,0.0003370120391149056,0.013840010124189393,0.0,0.026652453127398022,0.003881143715164658,0.0,"[1, 18]",[-1]
338,0.0,0.036895022905475916,0.00024369301390482037,0.0,0.025407786207493226,0.000999801263332642,0.020358944118311777,0.07457847596340855,0.0002539037666961255,0.0,0.0,0.00830143018977652,0.1106037900822845,0.0,0.0,0.0,0.0,0.0005139658229311473,0.0,0.0,0.0,"[1, 7, 12]",[-1]
339,0.0,0.04445838885846274,0.00018995844850612365,0.0,0.020805862303950245,0.0019685471674912645,0.019975643964925464,0.07814160019463781,0.0005119194440430108,0.0017800422806446244,7.110857328742965e-05,0.008353456304892364,0.10640211772266962,0.0,0.0,0.0,0.0,0.0008145779069942322,0.0002497176445915847,0.0,0.0,"[1, 7, 12]",[-1]
340,0.0,0.03499250363600843,0.00027119473820544685,0.0,0.019736893089630406,0.0008548593843798497,0.020528509980359457,0.06420832546909519,0.0006645924962012561,0.0,0.0,0.006948750960613551,0.10039584927174906,0.0,0.0,0.0,0.0,0.0,0.0,0.0,0.002634126176712656,"[1, 7, 12]",[-1]
341,0.0,0.028345734514923972,0.00019340418462633044,0.0,0.017750395331512958,0.00044624861735663765,0.014135353350844555,0.058695643635260655,0.00011679032143477166,0.0015370632620517392,0.0,0.00633998186859197,0.07974002258160816,0.0,0.0,0.0,0.0,0.00018456637916521327,0.0009664571098944704,0.0,0.00011312173714491084,"[1, 7, 12]",[-1]
342,0.0,0.030950193864319315,0.0002573045846612627,0.0,0.01774117688779241,0.0013758831944443819,0.019330142125733255,0.0610842664852422,0.0007890859151970266,0.0,0.0,0.007495945799258633,0.09570125806452268,0.0,0.0,0.0,0.0,0.0019443830733470028,0.0,0.0,0.0,"[1, 7, 12]",[-1]
343,0.0,0.0114814310579757,0.0,0.0,0.004325701910996951,0.0,0.0006502894127761105,0.03422445094817407,0.0,0.00599002315032691,0.0,0.00023911753647531386,0.012275694112621083,0.01617910736197766,0.0027788782591720595,0.0,0.001003295188452982,0.0,0.024657382505069943,0.0,0.022478197941286394,"[1, 7, 12, 13, 18, 20]",[7]
344,0.00029076886355853805,0.0,0.0,0.04817381001743667,0.0,5.005795509077607e-05,0.0,0.000343461410596654,0.0,0.0,0.0019016802926069452,0.0,0.0,0.0,0.0028430655603868048,0.0,0.0,2.8579069468536306e-05,0.0,0.00036104629024442524,0.0,[3],[-1]
345,0.002246061942563158,0.0,0.0,0.00838226959938067,0.017585751891321465,1.1176109551703643e-07,0.0035161207311576732,0.0,0.02864228479073417,0.01557584365627674,0.0,0.004397651966948961,0.0,0.0,0.0,0.0024370284213672015,0.06017631213206077,0.0009452748135620684,0.0,0.0,0.006683467818973308,"[8, 16]",[6]
346,0.0,0.01704235810626971,0.0,0.0,0.0029902661260983784,0.0,0.0,0.02253225892201754,0.0,0.0,0.0,0.0,0.0,0.04014688963276822,0.0,0.0,0.007403194677420407,0.0,0.0,0.0,0.0,"[1, 7, 13]",[-1]
347,0.0005177443711216554,0.0,0.0,0.06947138047443031,0.0,0.00010043613625246008,0.0,0.0,0.0,0.0,0.002337292591124348,0.0,0.0,0.0,0.0036621066898304896,0.0,0.0,9.768437711897591e-05,0.0,0.0013994509976063324,0.0,[3],[-1]
348,0.0004634792101454796,0.0,0.0,0.05684796011131956,0.0,4.481484439767734e-05,0.0,0.0,0.0,0.0,0.0019265527561718437,0.0,0.0,0.0,0.003141591151319188,0.0,0.0,6.812389326751184e-05,0.0,0.002941129286544779,0.009274075686062436,[3],[-1]
349,0.0,0.028555136680194118,0.0,0.0,0.010784924998919202,0.0,0.0,0.08187807067116962,0.0,0.0,0.022229756080886166,0.0,0.0,0.11006154943169075,9.822014125296984e-05,0.0020196310951546502,0.017829589697599395,0.0,0.0,0.0,0.0,"[7, 13]",[3]
350,0.0,0.02297626630108688,0.0,0.0,0.009589357085215926,0.0,0.0,0.06397052149173903,0.0,0.0,0.0,0.0,0.0,0.08336274708858081,0.0,0.0,0.01193963281603146,0.00034574064293054445,0.0,0.0,0.0,"[7, 13]",[3]
351,0.000590160641792932,0.0,0.0,0.0664572894132337,0.0,2.4084911113645737e-05,0.0,0.0,0.0,0.0,0.0011728973488579334,0.0,0.0,0.0,0.0029621143654179212,0.0,0.0,0.0002693007762911711,0.0,0.003778826408800971,0.016572497560398563,[3],[6]
352,0.0,0.08260469967983698,0.0006882144952050042,0.0,0.0,0.0,0.0,0.0,0.0020728724771950755,0.001959255328051225,0.009572395789226085,0.0,0.0,0.0,0.005160002058149508,5.052592475739827e-06,0.0,0.0,0.0,0.0,0.0,[1],[-1]
353,0.0002790367138097223,0.0,0.0,0.0344922129643446,0.0,3.215524212914129e-05,0.0,5.155355792342453e-05,0.0,0.0,0.0013008709652734458,0.0,0.0,0.0,0.0022029273282021715,0.0,0.0,3.2813520717945846e-05,0.0,0.0,0.0,[3],[6]
354,0.0005465625714150072,0.0,0.0,0.06245256979660988,0.0,6.504782853068165e-05,0.0,0.0,0.0,0.0,0.002015982624846837,0.0,0.0,0.0,0.003266437224334747,0.0,0.0,0.00024440228934201086,0.0,0.0019179871790434367,0.0,[3],[6]
355,0.0,0.030696510593191697,0.00013857553534785512,0.0,0.009664857470319987,0.0,0.0095671253347218,0.03665214844589633,0.0,0.0,0.023067694789530812,0.0035712472980300573,0.04890559161373831,0.0,0.0,0.0,0.0012891443091977816,0.0,0.0,0.0,0.0,"[1, 7, 10, 12]","[2, 5]"
356,0.0,0.02518543808532443,0.0001667581136724899,0.0,0.007900874654849625,0.0007280901713299431,0.010058021596479696,0.03049046023945418,9.448409808738263e-05,4.676330646711884e-05,1.673680156194688e-05,0.004399600416918212,0.05172794670904918,0.0,0.0,0.0,0.0,0.0,0.0,0.0,0.0,"[1, 7, 12]",[5]
357,0.0,0.03450556956223575,0.0002719637565619249,0.0,0.013935246392857877,0.0012734309673938047,0.016746266809249222,0.05166939971952987,0.0005449574855133631,0.0,0.0,0.0074401223351180865,0.08465253196448362,0.0,0.0,0.0002499494646426519,0.0,0.0,0.0,0.0,0.0,"[1, 7, 12]",[-1]
358,0.0,0.03967076043740572,0.0002480427285563875,0.0,0.009294793873499992,0.0008447021217368182,0.011533599402767785,0.03272696037793572,0.0005139874362626992,0.0026015045755008793,0.0,0.004697380613418745,0.05811687523145245,0.0,0.0,0.0,0.0,0.0,0.0055921014652120255,0.0,1.5837966006564356e-05,"[1, 7, 12]",[-1]
359,0.0005468621819125245,0.0,0.0,0.06681356328187509,0.0,5.016952324759337e-05,0.0,0.0,0.0,0.0,0.00209181302472381,0.0,0.0,0.0,0.0035404366137952734,0.0,0.0,7.89059139049523e-05,0.0,0.002328373861324662,0.0069066033214736,[3],[6]
360,0.0,0.05731507325967459,0.0004882159082334169,0.0,0.0,0.0,0.0,0.0,0.0017849081991102634,0.001877162937039351,0.009283897664322424,0.0,0.0,0.0,0.004113012460296603,2.6434876407896052e-05,0.0,0.0,0.0,0.0,0.0,[1],[5]
361,0.0,0.03342750192709082,0.0,0.0,0.012011185207395622,0.0,0.0,0.09243921964059441,0.0,0.0,0.0,0.0,0.0,0.1340309105466819,3.5499006207676036e-05,0.0,0.0178144939302557,0.0003931844491893905,0.0,0.0013661033850699401,0.00022865931967772343,"[7, 13]",[-1]
362,0.0,0.020460080469822627,0.0,0.0,0.007021579391939458,0.0,0.0,0.05477919146043144,0.0,0.0,0.0,0.0,0.0,0.08024546978860561,0.0,0.0,0.011710939288365425,0.00036963981117200956,0.0,7.920789558410181e-05,0.0,"[7, 13]",[-1]
363,0.0,0.03549905314173021,0.00014623926527871124,0.0,0.015484558921124283,9.167473495626619e-05,0.01093430636668683,0.06128452591305203,0.0006590435609932052,0.00979842686089014,0.0,0.005936751965568097,0.06958501657544708,0.0,0.0,0.0,0.0,0.0013450857730950266,0.00024329669447181555,0.0,0.0,"[1, 7, 12]",[-1]
364,0.0,0.0394378552415436,0.0002650031891150803,0.0,0.0,0.0,0.0003381736668573023,0.0,0.0002451349108320548,0.0,0.0011506524027548508,1.5560582773479976e-05,0.0,0.0,0.0,0.0,0.0,0.0,0.0,0.0,0.0,[1],[-1]
365,0.0,0.023628513230102545,0.0,0.0,0.008601608701026692,0.0,0.0,0.06109219312657861,0.0,0.0,0.0,0.0,0.0,0.07272295288617815,0.00017761437326670613,0.0,0.009234876697829474,0.0003053918563710178,0.001210056646224255,0.0,0.0,"[1, 7, 13]",[3]
366,0.0,0.026246067912213122,0.0,0.0,0.007783199042646369,0.0,0.0,0.06036483429617179,0.0,0.0,0.0,0.0,0.0,0.08669327231644881,5.188204793940128e-05,0.0,0.009657074591200628,0.0,0.0,0.0032768032941924963,0.013949527744098238,"[1, 7, 13]",[3]
367,0.00021290078155614115,0.0,0.0,0.03985838047812083,0.0,1.3834264622094099e-06,0.0,0.00048657546419378627,0.0,0.0,0.0014760485384366132,0.0,0.0,0.0,0.0022490412957564764,0.0,0.0,8.055328599000753e-05,0.0,0.0,0.0,[3],[6]
368,0.0,0.0,0.0,0.04943094435219938,0.0,0.0,0.0,0.008931547852918574,0.0,0.0,0.0,0.0,0.0,0.0003355166098258376,0.0017332950472619408,0.0,0.0,0.0,0.010434984838516195,0.0015822248857185505,0.0,[3],[6]
369,0.01127564641904712,0.0,0.0,0.011722746785021613,0.13953430777117196,0.00038923710453908893,0.0,0.0,0.0,0.0,0.0,0.0,0.0,0.0,0.0,0.0,0.0,0.020880099699314553,0.02691525583685739,0.016204777101172577,0.0,[4],[6]
370,0.009484618227239774,0.0,0.0,0.011283184537852918,0.12512178592736137,0.00035020308629575656,0.0,0.0,0.0,0.0,0.0,0.0,0.0,0.0,0.0,0.0001765916471744246,0.0,0.0,0.02314879553177263,0.0,0.014738228064235318,[4],[6]
371,0.0,0.04910602963988205,0.00041387978991100144,0.0,0.0,0.0,0.0,0.0,0.001275310923084471,0.0009724479448792429,0.006099257498825779,0.0,0.0,0.0,0.00303980784731583,0.00017756656257469157,0.0,0.0,0.0,0.0,3.462727636817574e-06,[1],[5]
372,0.012905552452940039,0.0,0.0,0.004746892278998873,0.0598138570080674,0.0,0.22329440387782915,0.0,0.0008874578055344139,0.00022256134785839262,0.02314578049918018,0.26722828393214926,0.0,0.010708952242913078,0.0,0.0,0.0,0.0013483100322055001,0.0,0.0,0.00013927013169348586,"[6, 11]",[0]
373,0.009358948941978739,0.0,0.0,0.006182401191383248,0.06034645115175516,0.0,0.21748560750510557,0.0,0.0,0.0,0.02172238526135161,0.3470920830807564,0.0,0.009747154881779315,0.0,0.0,0.0,0.0,0.0,0.0,0.0,"[6, 11]",[0]
374,0.0,0.05846773535109906,0.0004900504555944883,0.0,0.0,0.0,0.0,0.0,0.0015759723149980538,0.0015144941091021495,0.00824308052099989,0.0,0.0,0.0,0.004019434919676823,0.0,0.0,0.0,0.0,0.0,8.985082078534909e-07,[1],[5]
375,0.0002294803659834904,0.0,0.0,0.035366921850051795,0.0,2.6296351325351634e-05,0.0,9.927027520240678e-05,0.0,0.0,0.0013844176762634855,0.0,0.0,0.0,0.0018823529307519695,0.0,0.0,7.39591387272569e-05,0.0,0.00030510908972876703,0.0,[3],[6]
376,0.0005926618254686929,0.0,0.0,0.08809716870944269,0.0,0.00013922325999079217,0.0,0.0003035806876660195,0.0,0.0,0.0026806418049284877,0.0,0.0,0.0,0.004546478261509214,0.0,0.0,0.00019645638153099133,0.0,0.0025135733679086665,0.0,[3],[6]
377,0.0,0.046201455088935806,0.00035106714634167445,0.0,0.0,0.0,0.0,0.0,0.0,0.0,0.0,0.0,0.0,0.0,0.0,0.0004608828729921286,0.009184122482466063,0.0,0.017348494877766605,0.0032564821730329705,0.0,"[1, 18]",[-1]
378,0.0,0.028350361514258147,0.0,0.0,0.010067374912624254,0.0,0.0,0.07674906232825156,0.0,0.0,0.0,0.0,0.0,0.11259979289776972,0.0,0.0,0.015200443184432899,0.00017977029789966508,0.0,0.005302541044609967,0.0210544255272304,"[7, 13]",[3]
379,0.0,0.019732279170470404,0.0,0.0,0.007093427791983724,0.0,0.0,0.05719284862257121,0.0,0.0,0.0,0.0,0.0,0.08488317106350667,0.0,0.0,0.011726073383787634,6.917030823883997e-05,0.0,0.002676471429047113,0.007965069090413422,"[7, 13]",[-1]
380,0.0,0.08115388835621522,0.0006750437530713934,0.0,0.0,0.0,0.0,0.0,0.0020093202893535556,0.0017231311700364824,0.009224890025844614,0.0,0.0,0.0,0.00482395275799018,0.0,0.0,6.469309789745029e-05,0.0,0.0,0.0,[1],[5]
381,0.0004835787944472688,0.0,0.0,0.042603123117445296,0.0,0.0,0.0,0.0,0.0,0.0,0.0003032330893306923,0.0,0.0,0.0,0.0017539011232218643,0.0003604378722248126,0.0,0.0,0.0,0.00239679941147477,0.01594312295634784,"[3, 20]",[-1]
382,0.0,0.015369691324361359,0.0,0.0,0.00622365748821464,0.0,0.0,0.04171487893348847,0.0,0.0,0.012939092608635074,0.0,0.0,0.043919164995883,0.0,0.0,0.007109512246409752,0.0009425267078845784,0.0,0.0,0.0,"[1, 7, 13]",[-1]
383,0.0,0.05025819351524783,0.00018408552521686185,0.0,0.02201972264828509,0.0,0.012220797644424656,0.09859058361337698,0.0,0.0,0.028146586266452923,0.009359005967417957,0.09655666643728021,0.016288372795250052,0.0,0.0065660765974112625,0.010099660646804799,0.0019168338445986579,0.0,0.0,0.0,"[1, 7, 12]",[-1]
384,0.0,0.01941605444080762,0.0,0.0,0.006802969154405132,0.0,0.0,0.052979642159934,0.0,0.0,0.0,0.0,0.0,0.07568522609410436,9.994190727026105e-05,0.0,0.00845038781998194,0.0001324834344586737,0.002134141249688838,0.0050620564993753055,0.017724476501021533,"[7, 13]",[-1]
385,0.0,0.0384023536886444,0.0,0.0,0.009937554823456582,0.0,0.0,0.07664286904093998,0.0,0.0,0.0,0.0,0.0,0.11011567283356687,0.0,0.0,0.01638477655246925,0.0009371621877014761,0.0,0.0043694154057178644,0.013008882644131666,"[1, 7, 13]",[-1]
386,0.0008051708968564007,0.0,0.0,0.04726496137166734,0.0,3.88857149447608e-05,0.0016180748821493442,0.0,0.002833958867548811,0.003390528649844879,0.0,0.00034089904958545546,0.0,0.0,0.0,0.004245219099277649,0.009841033982784096,0.00014232102871440466,0.00020008379248088792,0.0,0.007900462628098733,[3],[6]
387,0.00034268041386179904,0.0,0.0,0.05301170227348942,0.0,0.0,0.0,0.0018425205534476647,0.0,0.001801705076547685,0.0,0.0,0.0,0.0,0.001190888535434186,0.0,0.00334895729767597,0.0002538401565593247,0.00763749889772245,0.0045819020268078915,0.0,[3],[6]
388,0.009285582338958605,0.0,0.0,0.009101690677658423,0.13040806144189923,0.0003473802270913417,0.0,0.0,0.0,0.0,0.0,0.0,0.0,0.0,0.0,0.000431635122069368,0.0,0.0,0.029407553424617535,0.014289033443886016,0.03969754347524285,"[4, 20]","[1, 6]"
389,0.012051238712970643,0.0,0.0,0.012154510428827224,0.15160185291419445,0.00041453166156093824,0.0,0.0,0.0,0.0,0.0,0.0,0.0,0.0,0.0,0.0005488598293050866,0.0,0.0,0.03383167297965899,0.01552407437269635,0.032543499558578326,[4],"[1, 6]"
390,0.0004412032832365711,0.0,0.0,0.0577869086672064,0.0,0.00014399919987561602,0.0,0.00020434536298006529,0.0,0.0,0.001638250090055,0.0,0.0,0.0,0.002718476630933075,0.0,0.0,5.65355131857395e-05,0.0,0.0,0.0,[3],[6]
391,0.1630670441886087,0.019311395919235988,0.0003313455488364683,0.0,0.0,0.0,0.0,0.02040127882740453,0.0,0.0,0.006091262982234265,0.012238766087298698,0.03526473361246933,0.014012879041957069,0.0,0.006618504938595986,0.004175834434568785,0.0,0.0,0.0,0.0023823389370563742,[0],[8]
392,0.1708634018526517,0.01944567165853669,0.0003407033906409226,0.0,0.0,0.0,0.0,0.022908257397765832,0.0,0.0,0.005984058494775039,0.015204637747252014,0.03468620607900693,0.016600483332356097,0.0,0.006576447589598248,0.003971457038206691,0.0,0.0,0.0,0.001953223737620564,[0],[8]
393,0.0,0.0,0.0,0.04646325938890129,0.0,0.0,0.0,0.0004163499448394002,0.0,0.0,0.00119581134990128,0.0,0.0,0.0,0.0024840605355488845,0.0,0.0,9.591203143978631e-05,0.0,0.0012029423685380252,0.0,[3],[6]
394,0.00016697983038372913,0.0,0.0,0.042384912519683064,0.0,0.0001586480560742869,0.0,0.0007483797588198026,0.0,0.0,0.001090394467041645,0.0,0.0,0.0,0.0018012337132077292,0.0,0.0,0.00017153424112681498,0.0,0.0,0.0,[3],[6]
395,0.0003785008317450324,0.0,0.0,0.054266969577586546,0.0,3.442889690013779e-05,0.0,0.0,0.0,0.0,0.0021565854319669465,0.0,0.0,0.0,0.003303685491816437,0.0031283686703862806,0.0,0.0001080543021516162,0.0,0.004020074048023889,0.017188723929353014,"[3, 20]",[6]
396,0.0,0.023477894597402862,0.00014647949427349047,0.0,0.010509637290775215,0.0007390765719920641,0.011092867695721669,0.04136200153812067,0.0001781673831131028,0.0024865634221117893,0.00016448848864258935,0.0052179166793231545,0.05923963937200079,0.0,0.0,0.0018065421725800938,0.0,0.0,0.005337028455310665,0.0,0.0,"[1, 7, 12]",[-1]
397,0.00041509552300687255,0.0,0.0,0.04732418386377274,0.0,5.040070524548463e-05,1.159054857654122e-06,0.0,0.0,0.0,0.0016184603983895656,0.0,0.0,0.0,0.0022362963263196293,0.0,0.0,1.3090594275469473e-05,0.0,0.0,0.0,[3],[-1]
398,0.0,0.056549421730067294,0.00043081861082969154,0.0,0.0,0.0,0.0,0.0,0.0,0.0,0.0,0.0,0.0,0.0,0.0,0.0,0.00938451955642375,0.0,0.01826261352251081,0.004184052308718005,0.0006414119750582526,"[1, 18]",[-1]
399,0.0,0.0,0.0,0.029654677955381896,0.0,0.0,0.0,0.0043878476068815704,0.0,0.0005878416481621101,0.001452938359749018,0.0,0.0,0.001145581648652063,0.0012530110755836132,0.0,0.0,0.0,0.006187748960926697,0.0016588613196327783,0.0,[3],[-1]
400,0.0,0.035433241947390504,0.00017553736025709832,0.0,0.025047248959336934,0.0006266866097989518,0.01567497810648792,0.06784699697337024,0.0,0.0003227915043733281,0.0,0.006798160389452042,0.09393848641553315,0.0,0.0,0.0,0.0,0.0,0.0,0.0,0.0,"[1, 7, 12]",[-1]
401,0.0004414695572055736,0.0,0.0,0.06200836609580993,0.0,5.182756788963937e-05,0.0,0.0,0.0,0.0,0.002362725116814609,0.0,0.0,0.0,0.0036469903668011534,0.0026986368176166466,0.0,0.00013174002969908174,0.0,0.0022071181543754648,0.008997422853690087,[3],[6]
402,0.0006444520093153749,0.0,0.0,0.06586119152768187,0.0,0.00016261855402800832,0.0,3.7217958637416376e-05,0.0,0.0,0.0005782583240015133,0.0,0.0,0.0,0.0018621630741671542,0.0,0.0,0.0002882248245995535,0.001790789516073913,0.0,0.0,[3],[6]
403,0.0004837250697465613,0.0,0.0,0.04385752604926326,0.0,6.933995222020054e-05,0.0,0.0,0.0,0.0,0.0,0.0,0.0,0.0,0.0011578910614878256,0.0,0.0,0.0,0.0019469553979405197,0.004462216444669119,0.00589734775303969,[3],[6]
404,0.0,0.0306377799827782,0.00019594794454500653,0.0,0.012809440998731741,0.00018137236423584904,0.010379956538300596,0.0477875875010144,0.0007149157767072195,0.004502382565788582,0.0,0.005354432623105667,0.06196369544541478,0.0,0.0,0.0,0.0,0.0016232141742099186,0.013655423514207059,0.0,0.0,"[1, 7, 12]",[-1]
405,0.0,0.036837438121566035,0.00021924758875252993,0.0,0.024681089749558818,0.0005386854534006444,0.01772430571803775,0.0735178497027017,0.0022153073809217964,0.0,0.0,0.007296639692978884,0.1005833825997095,0.0,0.0,0.0,0.0,0.00029890399608752187,0.0,0.0,9.811408357287886e-05,"[1, 7, 12]",[-1]
406,0.008199642231775996,0.0,0.0,0.012727322044788988,0.11257644324809377,0.0003022062103890773,0.0,0.0,0.0,0.0,0.0,0.0,0.0,0.0,0.0,0.0,0.0,0.0,0.022928590606097796,0.014541318982697813,0.0,[4],[-1]
407,0.1259882859949928,0.013663796212766005,0.0002572802679047182,0.0,0.0,0.0,0.0,0.015033981029366822,0.0,0.0,0.0045145408609439655,0.011053441823306105,0.026014293755377796,0.010387575431657458,0.0,0.004639999586718914,0.002414280526301946,0.00016008011301902193,0.0,0.0,0.0017708358275934561,[0],[8]
408,0.0,0.014954542900436506,0.0,0.0,0.0067392725847157916,0.0,0.0,0.04792640389780749,0.0,0.05269411404023568,0.0,0.0,0.0,0.0407827522227962,0.0013381445853974476,0.004247447349995578,0.0,0.000570494156615934,0.23040157376688325,0.0,0.004229047756657494,[18],[-1]
409,0.0,0.01618667500101513,0.0,0.0,0.0073320572076039595,0.0,0.0,0.0527653011817228,0.0,0.05843322589815085,0.0,0.0,0.0,0.048103280120144976,0.0015685169462245528,0.004945708708598452,0.0,0.000795666479624132,0.25269165687086753,0.0,0.0028392025397666687,[18],[-1]
410,0.0,0.00625407975213494,0.0,0.0,0.0023422373368053168,0.0,0.0,0.027422181483582244,0.0,0.026815920714096154,0.0,0.0,0.0,0.029281083328964536,0.001358063587203672,0.0,0.0,8.670537205884427e-05,0.11591643714025972,0.0,0.0,[18],[-1]
411,0.0,0.013446460306870736,0.0,0.0,0.0036927938096771615,0.0,0.0,0.030955171581931156,0.0,0.02797601459580019,0.0,0.0,0.0,0.03358323770099303,0.00048037062762676435,0.0002041282860425946,0.0,0.00013442994003968223,0.1163734867697068,0.0,0.0011991628361282423,[18],[-1]
412,0.0,0.10427500533016063,0.0008533404976665518,0.0,0.0,0.0,0.0,0.0,0.001769849625010638,0.0008065640906840287,0.004326643776601872,0.0,0.0,0.0,0.0046893952415265686,0.0005685166450620719,0.0,0.0005712423245288603,0.0,0.001397947043200186,0.0,[1],[-1]
413,0.0,0.06684401892072091,0.0005631670574447424,0.0,0.0,0.0,0.0,0.0,0.0018448030260174526,0.0016186757690397923,0.009991691235915152,0.0,0.0,0.0,0.004618603038794954,9.032675049909007e-05,0.0,0.0,0.0,0.0,4.9520547247232366e-05,[1],[-1]
414,0.000809258143489193,0.0,0.0,0.049130569099362094,0.0,3.887487962877375e-05,0.002117148094365727,0.0,0.003681418692889457,0.002917780668219553,0.0,2.3107593776925697e-05,0.0,0.0,0.0,0.0,0.012825869733805026,0.00014170446692383264,0.0021852129608998035,0.0,0.0,[3],[6]
415,0.0010648654169708154,0.0,0.0,0.052030915149775016,0.0,4.880362090542772e-05,0.0026611120344168745,0.0,0.0067091224859655175,0.005509654462912955,0.0,0.0,0.0,0.0,0.0,0.0417626740317079,0.022656664983620442,0.00023036756061705176,0.0033691954547007534,0.0005509421907414539,0.0,"[3, 15, 16]",[-1]
416,0.0008103194525252094,0.0,0.0,0.059160748685352454,0.0,2.4101336060636017e-05,0.0,0.0,0.0,0.0013050443109566688,0.0,0.0,0.0,0.0,0.001210315842464209,0.0,0.0,0.0003028448325355604,0.001070945411652545,0.0,0.07416181563535351,"[3, 20]",[6]
417,0.0,0.0,0.0,0.04380122969889998,0.0,0.0,0.0,0.004910302178729541,0.0,0.0,0.00035407108071165667,0.0,0.0,0.0022898570433206884,0.0019621591879921767,0.0,0.0,0.00013955939866953077,0.0,0.00010796323699648575,0.0,[3],[6]
418,0.17233559669909063,0.01889610252113947,0.0003431042629470697,0.0,0.0,0.0,0.0,0.0209250555393129,0.0,0.0,0.006589638865747258,0.01303270043970823,0.03549215124961942,0.014638267009470846,0.0,0.006436987584953866,0.0037007325033852055,0.0,0.0,0.0,0.0023466162013945292,[0],[8]
419,0.1735012498811322,0.01907075896583705,0.0003526185737576522,0.0,0.0,0.0,0.0,0.021203135397095597,0.0,0.0,0.00619994772725904,0.015540620882128452,0.03606490781836604,0.014566936284720604,0.0,0.0065126969094899635,0.0035120540582377047,0.0,0.0,0.0,0.002253893499170098,[0],[8]
420,0.0,0.027988847637609674,0.0,0.0,0.010156236495749248,0.0,0.0,0.07331020538629554,0.0,0.0,0.0,0.0,0.0,0.10364421707921297,0.0,0.0,0.013776304474481221,0.001872032330047055,0.0,0.003984558479376442,0.010934054786800852,"[7, 13]",[-1]
421,0.0,0.03568771353936092,0.00027462798659386997,0.0,0.019287341519592077,0.0016571334769556272,0.020875389146540434,0.07072854262615035,0.0010800600428720831,0.0019566393342308297,0.0,0.009499043040816071,0.10766082943696387,0.0,0.0,0.0,0.0,0.0,0.005788215250256251,0.0,0.0,"[1, 7, 12]",[-1]
422,0.0,0.039558229725266666,0.0002880087334445589,0.0,0.02033583453975125,0.0018896036843706013,0.023921787349710035,0.07695681872955594,0.0015823783392620336,0.0,0.0,0.011176660351312017,0.12128710117562258,0.0,0.0,0.0005065773285543069,0.0,0.0,0.0,0.0313339615230484,0.0,"[1, 7, 12]",[-1]
423,0.0002640594009198386,0.0,0.0,0.029023049832046205,0.0,3.154098391837431e-05,0.0,0.0,0.0,0.0,0.0009578504466536314,0.0,0.0,0.0,0.0016521426400140586,0.0014987486548198663,0.0,4.9907002422954004e-05,0.0,0.0006639618667797306,0.003260059312605879,[3],[7]
424,0.0002581165716351548,0.0,0.0,0.05755622700035711,0.0,5.293082365542578e-05,0.0,0.00044700856276494157,0.0,0.0,0.0,0.0,0.0,0.0,0.001301361520238129,0.0,0.0,7.671285788229976e-05,0.0060271510445316576,0.0,0.0,[3],[6]
425,0.0008208713160821501,0.0,0.0,0.039692737277816546,0.0,2.9593312848488952e-05,0.0025320151964823984,0.0,0.007697285604932779,0.0063840317798567045,0.0,0.0012944479541499912,0.0,0.0,0.0,0.0,0.029884439896890828,5.688439050450775e-05,0.003740660472824119,0.006731771258458633,0.0,"[3, 16]",[6]
426,0.0004531686989026958,0.0,0.0,0.06669706069928331,0.0,9.6832593637651e-05,0.0,0.0,0.0,0.0,0.0022188275777388945,0.0,0.0,0.0,0.0034820885310867865,0.0,0.0,0.00010547699328094987,0.0,0.0009840403203424924,0.0,[3],[6]
427,0.0004932176836594415,0.0,0.0,0.05610515157832456,0.0,6.741613512383953e-05,0.0,0.0,0.0,0.0,0.001904301136323962,0.0,0.0,0.0,0.0029874244772844735,0.0,0.0,1.9345966080642396e-05,0.0,0.0,0.0,[3],[6]
428,0.0,0.02642263636260817,0.0,0.0,0.008849101755829527,0.0,0.0,0.06797106469079052,0.0,0.0,0.0,0.0,0.0,0.10144152747468269,0.0,0.0,0.013206206205462034,0.00010481971521998794,0.0,0.005111118326117278,0.01779076478454728,"[7, 13]",[3]
429,0.0,0.03438719285303285,0.0,0.0,0.011109194597666142,0.0,0.0,0.09050375229735697,0.0,0.0,0.0,0.0,0.0,0.1312425315401753,7.51104464506996e-05,0.0,0.016741241669959214,0.0,0.0,0.004420818046624366,0.01067017548084021,"[7, 13]",[-1]
430,0.0004393714970070922,0.0,0.0,0.0645242001936798,0.0,4.2062607383187655e-05,0.0,0.0,0.0,0.0,0.0023712860792589486,0.0,0.0,0.0,0.0037993784652012616,0.0022811241275907607,0.0,0.00016029034315812854,0.0,0.0034786472244200273,0.012620402411755592,[3],[-1]
431,0.0,0.06846007869082339,0.000536399155610222,0.0,0.0,0.0,0.0,0.0,0.0,0.0,0.0,0.0,0.0,0.0,0.0,0.001264875501683709,0.013239469049918401,0.00017499447292613807,0.02742015539055465,0.005449048778739797,0.0,"[1, 18]",[-1]
432,0.0,0.06694173675010467,0.0004935228205597168,0.0,0.0,0.0,0.001152214529996097,0.0,0.0,0.0,0.0,0.00047927242421066517,0.0,0.0,0.0,0.0,0.014895170237507587,0.0,0.027715462964274847,0.00489638225375961,0.0001418243090702754,"[1, 18]",[-1]
433,0.0,0.06716262187071725,0.0005658153925218489,0.0,0.0,0.0,0.0,0.0,0.001978539804020892,0.001958813579340622,0.008560500229207586,0.0,0.0,0.0,0.0037394609108471924,0.0,0.0,0.0,0.0,0.0,0.0,[1],[5]
434,0.0,0.08809688722291262,0.000746168683227946,0.0,0.0,0.0,0.0,0.0,0.0025520020454008014,0.0023772167962573913,0.013400066006791212,0.0,0.0,0.0,0.006129878245535826,8.546877680000248e-05,0.0,0.0,0.0,0.0,9.105471827295054e-05,[1],[-1]
435,0.0,0.07269893937905957,0.000597470000336461,0.0,0.0,0.004090613460359343,0.0,0.0,0.0015862657249575154,0.001315334389194444,0.007408420087180384,0.0,0.0,0.0,0.004267945833917669,0.0,0.0,0.00015665403700492755,0.0,0.0,0.0,[1],[-1]
436,0.0,0.06852772457857434,0.0005826588277694473,0.0,0.0,0.0,0.0,0.0,0.002017843640576107,0.0018833793757683727,0.009854242716903496,0.0,0.0,0.0,0.00476571465862719,0.00018482373987112468,0.0,0.0,0.0,0.0,0.00014002116216442338,[1],[5]
437,0.0,0.07817887600016395,0.0006654755309656929,0.0,0.0,0.0,0.0,0.0,0.0023937156152958536,0.002231925206263138,0.012999267369832595,0.0,0.0,0.0,0.005726612329469191,0.0001998946717428571,0.0,0.0,0.0,0.0,1.1235740134895317e-06,[1],[-1]
438,0.00028354325728490516,0.0,0.0,0.0648793185184211,0.0,5.1047551665925324e-05,0.0,0.0,0.0,0.0,0.0017997253836041314,0.0,0.0,0.0,0.00326073156930067,0.0,0.0,0.0001325432182880632,0.0,0.0004114115929069622,0.0,[3],[6]
439,0.00041154745555068746,0.0,0.0,0.05120497025441084,0.0,9.799906137115754e-06,0.0,0.0,0.0,0.0,0.001046944468565795,0.0,0.0,0.0,0.0023975232618254636,0.0,0.0,0.00013607633822172485,0.0,0.004191788320443484,0.017036070239484415,"[3, 20]",[-1]
440,0.00020353109717047044,0.0,0.0,0.04987695364238185,0.0,0.0,0.0,0.002015435606369304,0.0,0.0,0.0007758907038010635,0.0,0.0,0.0,0.0023360177102913714,0.0,0.0,0.0,0.0,0.004517717400902284,0.013942721327691008,[3],[-1]
441,0.00023425237189001456,0.0,0.0,0.04759748510720379,0.0,0.0,0.0,0.0011344103145591558,0.0,0.0,0.0013478311820497525,0.0,0.0,0.0,0.002362360839970052,0.0,0.0,0.0001479409737797551,0.0,0.0002085916618944088,0.0,[3],[6]
442,0.004818016495319748,0.0,0.0,0.01044077688449652,0.0598953273634596,9.487797104242687e-05,0.0,0.0,0.0,2.3974450952643386e-06,0.0,0.0,0.0,0.0,0.0,0.0,0.005623519904575907,0.0016706153758973138,0.010827508515269793,0.0,0.0,[4],[6]
443,0.005317304605528295,0.0,0.0,0.018539231466658476,0.06341736911807742,0.00019586392320228922,0.0,0.0,0.001453654585207154,0.004805380173466052,0.0,0.0,0.0,0.0,0.0,0.0,0.014821897014267603,0.0016001826933077093,0.011244942078837033,0.0,0.0,[4],[6]
444,0.0,0.08024948502762795,0.0006253830819013264,0.0,0.0,0.0,0.0,0.0,0.0,0.0,0.0,0.0,0.0,0.0,0.00015719349763623368,0.0004944485051434048,0.010076764831582232,0.0001345489490522129,0.022859651948068237,0.005116094261606427,0.00021414245383282889,[1],[-1]
445,0.0,0.05674255349470995,0.00043947786748186663,0.0,0.0,0.0,0.0002480078923802801,0.0,0.0,0.0,0.0,0.0,0.0,0.0,0.0,0.0011619470669643238,0.014535943247240555,0.0,0.027169820483025835,0.004726376231657543,0.0,"[1, 18]",[-1]
446,0.0,0.0736488534541451,0.0005751729413383422,0.0,0.0,0.0,0.0006121531136716146,0.0,0.0,0.0,0.0,0.0,0.0,0.0,0.0,0.0006970193144953563,0.014694579527039658,2.4636813581162102e-05,0.030079723141421818,0.005488341136683584,0.0,"[1, 18]",[-1]
447,0.0,0.054169687812221076,0.00039289757258810954,0.0,0.0,0.0,0.0,0.0,0.0,0.0,0.0,0.0,0.0,0.0004352412025684763,0.0,0.00021764357237490358,0.013253057481426836,0.0,0.02914258735842723,0.0035930203556936617,0.0,"[1, 18]",[-1]
448,0.0,0.07411278986043927,0.0006291217074530587,0.0,0.0,0.0,0.0,0.0,0.0022407574506948143,0.0021362088532198473,0.010592615866693638,0.0,0.0,0.0,0.004925639340665838,0.0,0.0,0.0,0.0,0.0,4.2679250903810114e-05,[1],[5]
449,0.0,0.024845589667971197,0.0,0.0,0.008805930806591908,0.0,0.0,0.06789949424957244,0.0,0.0,0.0,0.0,0.0,0.09883712447574565,0.0,0.0,0.013949524866317377,0.00043473849242010957,0.0,0.001457511551821104,0.002204013707700755,"[7, 13]",[-1]
450,0.0,0.030554328299407827,0.0,0.0,0.010897519059940668,0.0,0.0,0.08282505786694598,0.0,0.0,0.0,0.0,0.0,0.11951935120071727,0.0,0.0,0.01652643614863679,0.00035326483991551203,0.0,0.004515342766845138,0.0158962323337122,"[7, 13]",[3]
451,0.00036235696549798607,0.0,0.0,0.05763064963887773,0.0,8.470501788308801e-06,0.0,0.0006331761011706993,0.0,0.0,0.002244758785195593,0.0,0.0,0.0,0.00331279761800514,0.0,0.0,0.00019786879827713748,0.0,0.00012184861179144349,0.0,[3],[6]
452,0.0005152481904528854,0.0,0.0,0.0633075901155708,0.0,4.673756738606164e-05,0.0,0.0,0.0,0.0,0.0019798021368937348,0.0,0.0,0.0,0.0032013676875037424,0.0,0.0,6.238722275058126e-05,0.0,0.0005789488723141868,0.0027061003707142864,[3],[-1]
453,0.0,0.048348002525048256,0.000301653370245526,0.0,0.017321530376060743,0.0021057353422177876,0.020009570408184227,0.06452206497754738,0.0010126271604782625,0.0008315701183609831,0.0,0.009035018400677936,0.10359813552720981,0.0,0.0,0.0,0.0,0.0004766151453880669,0.0,0.0,0.0,"[1, 7, 12]",[-1]
454,0.0,0.026447764615869025,9.869836362906967e-05,0.0,0.010750706838949277,0.0013385647319702984,0.008781821037944997,0.04565405916091788,0.0,0.004580648510706257,0.00044637315094293997,0.0045761970645378834,0.05314597547439741,0.0,0.0,0.0,0.0010906921371653911,0.0015483530453318502,0.010760689984292394,0.0,0.0007902811628256189,"[1, 7, 12]",[2]
455,0.0004171072412728062,0.0,0.0,0.043719397481064966,0.0,0.0,0.0,0.000422909134358011,0.0,0.0,3.288870770919509e-05,0.0,0.0,0.0,0.0010134838878647025,0.0,0.0,4.335053992409091e-05,0.0009008070380353028,0.0,0.0,[3],[-1]
456,0.0003743453751324708,0.0,0.0,0.06245506359450061,0.0,0.0,0.0,0.0006396140026843955,0.0,0.0,0.0012787323659913072,0.0,0.0,0.0,0.002863273708772519,0.0,0.0,0.0001801785525826575,0.0,0.0026520749449364047,0.00837402114103921,[3],[6]
457,0.0002865452668054516,0.0,0.0,0.047176600749315366,0.0,2.980367798484737e-05,0.0,0.00029667442184655473,0.0,0.0,0.001930410840915067,0.0,0.0,0.0,0.0028743984757682297,0.0,0.0,0.00011091091257886479,0.0,0.0,0.0,[3],[6]
458,0.0,0.07887310347286199,0.0006460982760774466,0.0,0.0,0.0,0.0,0.0,0.002204940322308079,0.0022425439819536907,0.011174094392869113,0.0,0.0,0.0,0.005002575252429034,0.0,0.0,0.0,0.0,0.0,0.0,[1],[-1]
459,0.0007982340295014063,0.0,0.0,0.05082394332526166,0.0,5.992202635591271e-05,0.001458241638230215,0.0,0.002751373509320354,0.0022220100366150447,0.0,0.0,0.0,0.0,0.0,0.0,0.010221693030806276,4.765300517475522e-05,0.002104377943740732,0.0,0.0,[3],[6]
460,0.0,0.07576085090341425,0.0006380875009992965,0.0,0.0,0.0,0.0,0.0,0.0020982394995665886,0.0018638298077012488,0.010605873788801465,0.0,0.0,0.0,0.005107541843903061,6.0653736678194504e-05,0.0,0.0,0.0,0.0,9.141773317845212e-05,[1],[-1]
461,0.0,0.03018508180656656,0.0,0.0,0.010740432168518317,0.0,0.0,0.08424296729629381,0.0,0.0,0.0,0.0,0.0,0.1229918221256652,0.0,0.0,0.017065367459508853,0.0005628382792629762,0.0,0.0005810937252163104,0.0,"[7, 13]",[3]
462,0.0006243472192308134,0.0,0.0,0.05613500267794553,0.0,6.1810293464591e-05,0.0,0.0,0.0,0.0,0.0,0.0,0.0,0.0,0.001358068383075661,0.0,0.0,8.345814173079611e-05,0.0019428189601603525,0.0024223538436478932,0.0,[3],[6]
463,0.002547976635602776,0.0,0.0,0.03246478437191032,0.017145694830237233,6.924959677216547e-07,0.0015978933981282437,0.0,0.01834308951183714,0.02561074007169963,0.0,0.004063086796454753,0.0,0.0,0.0,0.0,0.03466683357475085,0.0,0.0,0.0,0.03029531044016668,"[3, 4, 8, 9, 16, 20]",[-1]
464,0.0005504624076048892,0.0,0.0,0.06869291888371537,0.0,5.083545588716462e-05,0.0,0.0,0.0,0.0,0.002256348118874801,0.0,0.0,0.0,0.0034635468540068297,0.00084292938048713,0.0,0.00012468378468094546,0.0,0.0018883320923980312,0.004508985231132331,[3],[-1]
465,0.17824323069315073,0.019451666171324607,0.00035314834887294796,0.0,0.0,0.0,0.0,0.021486583294222317,0.0,0.0,0.006558283995296447,0.01382994766942978,0.03659295070264581,0.015007242509877547,0.0,0.006589611923010107,0.0037506742545791137,0.0,0.0,0.0,0.0023045482418616167,[0],[8]
466,0.0,0.06518715489762221,0.0005560875354209953,0.0,0.0,0.0,0.0,0.0,0.0019875596147627956,0.0019670604520318565,0.010060089525246525,0.0,0.0,0.0,0.004701638961367299,0.00021197043653883526,0.0,0.0,0.0,0.0,0.00018731862176860187,[1],[-1]
467,0.0004214005953872729,0.0,0.0,0.06035831313002893,0.0,5.103561319952353e-05,0.0,0.0,0.0,0.0,0.002290078673205591,0.0,0.0,0.0,0.0035917265336036118,0.0020614869245680458,0.0,6.662190637719286e-05,0.0,0.002467002338074778,0.006688277601719452,[3],[6]
468,0.0005542049761648991,0.0,0.0,0.04640893034647934,0.0,3.662671029927417e-05,0.0,0.0,0.0,0.0,0.0,0.0,0.0,0.0,0.0014851613800533476,0.0,0.0,9.446961932882362e-05,0.0,0.0027286238611467263,0.017112459613667412,"[3, 20]",[6]
469,0.00026243270446738693,0.0,0.0,0.047043137423371434,0.0,0.0,0.0,0.0012069883831870066,0.0,0.0,0.001559275925776655,0.0,0.0,0.0,0.002539555167704138,0.0,0.0,0.0001167020946737066,0.0,0.0,0.0,[3],[6]
470,0.0,0.07095964767376703,0.0005984443256064283,0.0,0.0,0.0,0.0,0.0,0.0020021505734076498,0.001910443671155201,0.010291882203099179,0.0,0.0,0.0,0.004956110288249704,6.747089368546137e-05,0.0,0.0,0.0,0.0,0.00012105805476595798,[1],[5]
471,0.0,0.026989885124181358,0.0,0.0,0.009972149692935106,0.0,0.0,0.0710282210776776,0.0,0.0,0.0,0.0,0.0,0.0933563843205728,0.0,0.0,0.014094957196720933,0.0,0.0,0.002037733405815685,0.0,"[7, 13]",[3]
472,0.0,0.05153134931780664,0.0003273962368583588,0.0,0.023323285754893196,0.0016066634896540184,0.023336054177169167,0.08290592481441227,0.0018312416378630898,0.0,0.00020646264628785513,0.009985251097227244,0.12277661397916691,0.0,0.0,0.0,0.0,0.0,0.0,0.0,0.0,"[1, 7, 12]",[-1]
473,0.0005051401414631188,0.0,0.0,0.057795199926707445,0.0,5.3224345908978e-05,0.0,0.0,0.0,0.0,0.0018961208673788335,0.0,0.0,0.0,0.003136338762670999,0.003036193755355326,0.0,8.811871518596167e-05,0.0,0.002177873347193687,0.012265807634025863,[3],[-1]
474,0.0,0.03472620915822251,0.00026627322833419625,0.0,0.014582410570855162,0.0010830246208770552,0.0166992157976685,0.05408398637771845,0.0014014923543568402,0.0,0.0,0.007760464947697608,0.08589188458108639,0.0,0.0,0.0,0.0,0.0013214409285031083,0.0,0.007000324094039332,0.0,"[1, 7, 12]",[-1]
475,0.0,0.038768813099009695,0.00029314391534975703,0.0,0.019612849269756073,0.0018287989320942683,0.022781449236297213,0.07300987615479074,0.001088130064082826,0.0,0.0001872162995974072,0.009741279159972364,0.11375048840944675,0.0,0.0,0.00014188718019738424,0.0,0.0012313933355638383,0.0,0.009317491534138026,0.0,"[1, 7, 12]",[-1]
476,0.0010908023793198566,0.0,0.0,0.04558221108101764,0.004064242377727621,0.0,0.0,0.0,0.0027625937855586236,0.0,0.0,0.0,0.0,0.0,0.0,0.0,0.0,0.0,0.005820786747185078,0.008450050657491945,0.013079158511597265,[3],[6]
477,0.0004679980030918573,0.0,0.0,0.056484765032617866,0.0,2.8308281366474706e-05,0.0,0.0,0.0,0.0,0.0011313456960328479,0.0,0.0,0.0,0.002595260339236824,0.0,0.0,0.00015537295785780864,0.0,0.003949554019417968,0.012710732907937642,[3],[-1]
478,0.000489390337533101,0.0,0.0,0.04144161113155268,0.0,2.2678943256746376e-06,0.0,0.0,0.0,0.0,0.0,0.0,0.0,0.0,0.0010727684894198616,0.0,0.0,8.121909551060791e-05,0.0001946561774651495,0.0008517201073758245,0.10806952761535235,"[3, 20]",[6]
479,0.17611998975595858,0.019311632696962372,0.00035462370192524805,0.0,0.0,0.0,0.0,0.021421367274507642,0.0,0.0,0.006073248478112377,0.01579975324621716,0.03652223757750417,0.014695524498564205,0.0,0.006550759029225478,0.0035699741180389385,0.0,0.0,0.0,0.002200025729867265,[0],[8]
480,0.17133214650976145,0.018705810430835385,0.0003477463915993984,0.0,0.0,0.0,0.0,0.020741900558021442,0.0,0.0,0.006081146894071784,0.015339661977281685,0.03546791899603968,0.014284988109362748,0.0,0.006357913241117708,0.00339966667450594,0.0,0.0,0.0,0.0022271374308222443,[0],[8]
481,0.011886129117535907,0.0,0.0,0.012336200400993284,0.1468610096749596,0.00040032319011061996,0.0,0.0,0.0,0.0,0.0,0.0,0.0,0.0,0.0,0.00046854525744378857,0.0,0.0006694364482914743,0.0316574842924909,0.004766062991671457,0.027927773700137742,[4],[1]
482,0.011975824819960235,0.0,0.0,0.013440186968488137,0.14764720616009763,0.0004247944612342168,0.0,0.0,0.0,0.0,0.0,0.0,0.0,0.0,0.0,0.0,0.0,0.0,0.02466830768317847,0.0,0.0,[4],[-1]
483,0.0,0.0718621175445866,0.000611468873527191,0.0,0.0,0.0,0.0,0.0,0.0021399795695002987,0.001990594281074016,0.011439195451051935,0.0,0.0,0.0,0.005037896626842176,0.0001106346218889594,0.0,0.0,0.0,0.0,0.0,[1],[-1]
484,0.18078581083740983,0.020681613690879914,0.000362473622224875,0.0,0.0,0.0,0.0,0.023837124186993776,0.0,0.0,0.006641432215178359,0.01439222765090163,0.039732702424678704,0.014925813514903855,0.0,0.006810114061197198,0.003987691119573711,0.0,0.0,0.0,0.0024601766087825635,[0],[8]
485,0.17202735704300692,0.01885694338471055,0.0003394336000158965,0.0,0.0,0.0,0.0,0.020878381151642676,0.0,0.0,0.006355964291410428,0.013182407271681556,0.03543160403137438,0.014519813328035725,0.0,0.006393004459328056,0.003725194773903498,0.0,0.0,0.0,0.0021591888447765896,[0],[8]
486,0.0,0.04696537498735922,0.00039423914929932264,0.0,0.0,0.0,0.0,0.0,0.0012385314244873786,0.0010554022906376157,0.006115840725991872,0.0,0.0,0.0,0.002993963202072159,8.70905456284403e-05,0.0,0.0,0.0,0.0,0.0,[1],[-1]
487,0.0008448112083508312,0.0,0.0,0.0293646121178301,0.002014361537150542,0.0,0.0,0.0,0.004702566619559666,0.0016565031219286724,0.0,0.0,0.0,0.0,0.0015688917468844876,0.0,0.0012910713962891477,0.010491570359986479,0.0021854155329809944,0.018008245754705488,0.0,"[3, 17, 19]",[6]
488,0.00045491237268595623,0.0,0.0,0.06103531552423949,0.0,5.363014379468088e-05,0.0,0.0,0.0,0.0,0.0022804583298371545,0.0,0.0,0.0,0.003503011663288881,0.0,0.0,5.9357206287586786e-05,0.0,0.001186549549049941,0.0,[3],[6]
489,0.0,0.08598560495002937,0.0007160102508995571,0.0,0.0,0.0,0.0,0.0,0.002250637158083337,0.001973420342961556,0.011684297715162835,0.0,0.0,0.0,0.005627349159483643,0.0,0.0,0.0,0.0,0.0,0.00046413174928601307,[1],[-1]
490,0.0,0.07113067274342816,0.00060341682633186,0.0,0.0,0.0,0.0,0.0,0.0020388751781276857,0.001794577110500498,0.010324811885448416,0.0,0.0,0.0,0.004789339864526574,0.00020031341728599783,0.0,0.0,0.0,0.0,2.9847783816238447e-05,[1],[-1]
491,0.002963672473038796,0.0,0.0,0.0539765907250117,0.0,4.529597168065482e-05,0.0008575422450646759,0.0002952471956491384,0.0,0.0,0.0022777842102111884,0.0,0.0,0.0,0.004386673451453763,0.0,0.0,0.0001338265539834277,0.0,0.0,0.0,[3],[6]
492,0.0005433103783427635,0.0,0.0,0.07712211317433876,0.0,0.00015252031377430839,0.0,0.0006388357800576714,0.0,0.0,0.001822351634825762,0.0,0.0,0.0,0.0034251972776159177,0.0,0.0,9.997934042915146e-05,0.0,0.0,0.0,[3],[6]
493,0.001248031461409447,0.0,0.0,0.025329065201514553,0.00462762550128472,2.273020472160682e-05,0.0009398301805172501,0.0,0.006225254300955311,0.010688042697018608,0.0,0.0015596889317091036,0.0,0.0,0.0,0.0,0.011709430977850172,0.0005700048560693123,0.001104488174484745,0.0,0.022189420757360204,"[3, 9, 16, 20]",[6]
494,0.0011702647630578383,0.0,0.0,0.025463974984683908,0.006819987685018768,9.350229575640342e-05,0.0008747532929358189,0.0,0.004822014220433886,0.005576603765704656,0.0,0.0029701032053198475,0.0,0.0,0.0,0.0,0.01139429104199918,4.5684631177675235e-05,0.003179706367644955,0.0,0.0,"[3, 16]",[7]
495,0.00039534409933179296,0.0,0.0,0.05500415021981062,0.0,3.391855057843203e-05,0.0,0.0,0.0,0.0,0.0018823179541329093,0.0,0.0,0.0,0.0031044442081362153,0.003277547567162187,0.0,0.00020342936222827847,0.0,0.0037718186266862716,0.019469291257974027,"[3, 20]",[6]
496,0.0003592609305142311,0.0,0.0,0.06071689943162474,0.0,0.0,0.0,0.0005561814556581558,0.0,0.0,0.001035648682992614,0.0,0.0,0.0,0.0029988428748955825,0.0,0.0,0.00014700489851520308,0.0027743805498151343,0.003698386616264732,0.013605315880259561,[3],[6]
497,0.0,0.02664926228490062,0.0,0.0,0.010081687428246352,0.0,0.0,0.07389337067941198,0.0,0.0,0.0,0.0,0.0,0.101834216742379,0.0,0.0,0.013038953760544569,0.0003508109317794213,0.0,0.0,0.0,"[7, 13]",[-1]
498,0.0004777908628694623,0.0,0.0,0.0549736778796071,0.0,0.0,0.0,0.0003641597987388908,0.0,0.0,0.000910329639928934,0.0,0.0,0.0,0.0014729824690947687,0.0,0.0,0.0,0.0,0.0,0.0007301311547874934,[3],[6]
499,0.0002471259447787458,0.0,0.0,0.035753029990587284,0.0,1.4661064927530035e-05,0.0,0.00043049125808160786,0.0,0.0,0.0014239195061026603,0.0,0.0,0.0,0.001949455528974368,0.0,0.0,9.116534620816492e-05,0.0,0.0,0.0,[3],[6]
500,0.0,0.04899423914554696,0.0003770509063546004,0.0,0.0,0.0,0.00020317457715843707,0.0,0.0,0.0,0.0,0.0,0.0,0.0,0.0,0.0009941063491663022,0.013599692757038718,0.0,0.02457970006761914,0.004923497389372455,0.0,"[1, 18]",[-1]
501,0.0,0.07326135240892108,0.0005457812410462512,0.0,0.0,0.0,0.0,0.0,0.0,0.0,0.0,0.0,0.0,0.0,0.0,0.001315144634954123,0.013576807909838964,0.00019570067776390214,0.03168472425011275,0.006714874526069838,0.0,"[1, 18]",[5]
502,0.0,0.02438304630433899,0.0,0.0,0.009761058839589108,0.0,0.0,0.08089171617402341,0.0,0.0,0.0004941104428676371,0.0,0.0,0.10716920994046154,0.00023339999235295932,0.0,0.014112632834610932,0.0,0.0,0.001616956225662801,0.0,"[7, 13]",[-1]
503,0.0,0.0,0.0,0.018773781159499514,0.0,0.0,0.0,0.0018144618956953112,0.0,0.0,0.0004109747013259891,0.0,0.0,0.00013721088483663465,0.0008303401938922213,0.0,0.0,0.000299687391492366,0.0,0.0,0.0,[3],[6]
504,0.15888147229006425,0.01870286256938228,0.000326564833970317,0.0,0.0,0.0,0.0,0.01949914045446919,0.0,0.0,0.0059922995313126766,0.011779609513822547,0.03433900010150321,0.013415551169256124,0.0,0.006398590830846336,0.0038239909907406347,0.0,0.0,0.0,0.00261388303937186,[0],[8]
505,0.14227609695331692,0.017879065460961126,0.0002849285661685695,0.0,0.0,0.0,0.0,0.01992929404293353,0.0,0.0,0.005275471852784091,0.009828889992099847,0.03015851916309898,0.014698180428495805,0.0,0.0060921701698252685,0.004298122654823995,0.0,0.0,0.0,0.0020653017772181955,[0],[8]
506,0.0,0.03267165737123159,0.0002583964232610943,0.0,0.016122903274104677,0.0013996665657540906,0.01842823927394866,0.060410301724974406,0.001008881880594224,0.0,0.00046424597572083357,0.00826243520103404,0.09365094615617188,0.0,0.0,0.0,0.0,0.0017302680772094477,0.0,0.005058881969932532,0.0,"[1, 7, 12]",[-1]
507,0.0006381186620377728,0.0,0.0,0.05855919422460018,0.0,0.0001004738187086523,0.00041967169666541556,0.0,0.0,0.0,0.0007718863221752997,0.0,0.0,0.0,0.0009648268451671717,0.0,0.0,8.810690910536334e-05,0.000684118633031479,0.0,0.0,[3],[6]
508,0.0,0.024148157541545437,0.0,0.0,0.008705949776541166,0.0,0.0,0.06749016309002714,0.0,0.0,0.0,0.0,0.0,0.09456731002040096,0.0,0.0,0.011726044334294628,0.00021258750930717372,0.0,0.0004950445379017527,0.0012219456925168482,"[7, 13]",[-1]
509,0.030630345554412873,0.0010890179338534688,0.0,0.0,0.042221303574915686,0.0,0.20048073944080083,0.0,0.007236392435533166,0.008447861005112509,0.012825199794923102,0.0,0.0,0.01448840821863364,0.2808788892273432,0.0012570285186999962,0.003526423188477796,0.04594753403783596,0.001728290663786264,0.0,0.006404442796337084,"[6, 14]",[4]
510,0.0,0.02530592555059072,0.0,0.0,0.010741610170895548,0.0,0.0,0.06830128439948102,0.0,0.021482852552402936,0.0,0.0,0.0,0.08542097515858268,0.000512398441216431,0.001523007640245223,0.003638030805813588,0.0,0.0984587524230297,0.0,0.0,"[7, 13, 18]",[-1]
511,0.0,0.027729780918248577,0.0,0.0,0.014124526929535954,0.0,0.0,0.07693229145000642,0.0,0.05466591570559923,0.0,0.0019969897858724012,0.019260645966617616,0.038659809731242036,0.002658940684327924,0.0020442622086094264,0.0,0.00024643132191207574,0.22824763897045702,0.0,0.0008436448792059398,"[7, 18]",[-1]
512,0.0,0.02868687273598353,0.0,0.0,0.010403812054770024,0.0,0.0,0.08057091927887988,0.0,0.0,0.0,0.0,0.0,0.11645986006827527,3.59140262318519e-05,0.0,0.01555218568768421,0.0002563448957616429,0.0,0.004790943855365708,0.01763010464836028,"[7, 13]",[-1]
513,0.0,0.02290838649317183,0.0,0.0,0.009035774479277628,0.0,0.0,0.0669272509434347,0.0,0.02852955324837229,0.0,0.0,0.0,0.08085942372995471,0.0010085413766780932,0.002145529667889986,0.00039891390944435623,7.649864045219078e-05,0.1309396821400175,0.001095970925122961,0.00785842414930805,"[7, 13, 18]",[-1]
514,0.0,0.03879671980065425,0.00028963791160378544,0.0,0.01755149550303101,0.0011490517995093555,0.019064698261268574,0.06464858428282609,0.0033720094971969932,0.0,0.0,0.00906690297758999,0.09973583772524879,0.0,0.0,0.0,0.0,0.0012339564135101222,0.0,0.023667883435858218,0.0,"[1, 7, 12]",[-1]
515,0.00041315308025897935,0.0,0.0,0.051507744522679956,0.0,3.450572591597086e-05,0.0,0.0,0.0,0.0,0.0015458869507989344,0.0,0.0,0.0,0.0027711870786564004,0.0015624825501932425,0.0,0.00014816837783728686,0.0,0.00223653723560057,0.004938080904266406,[3],[-1]
516,0.0,0.06421554410595888,0.000514490907790739,0.0,0.0,0.0,0.0,0.0,0.0014168102906689133,0.0,0.024862830402964393,0.0,0.0,0.0,0.003767088123062475,0.0,0.0,0.0,0.0,0.0,0.0,"[1, 10]",[-1]
517,0.0,0.06359827827633315,0.0004931341804606619,0.0,0.0,0.0,0.00015988199087649282,0.0,0.0,0.0,0.0,0.0,0.0,0.0,0.0,0.001205671067335203,0.015281083032970034,2.6500683015427606e-05,0.02964760255060015,0.005432135559967275,0.0,"[1, 18]",[-1]
518,0.0,0.08186770376120345,0.0006350411396700519,0.0,0.0,0.0,0.0,0.0,3.748227246061532e-05,0.0,0.0,0.0,0.0,0.0,0.0004562902620439169,0.0,0.009112686670998188,0.00017388009818327562,0.017754144269771482,0.004567816160662698,0.0,[1],[-1]
519,0.0,0.02485651255622897,0.0,0.0,0.008918907231984715,0.0,0.0,0.07101626348352237,0.0,0.0,0.0,0.0,0.0,0.1037689194655478,0.0,0.0,0.0142689586221177,0.00031085167078152723,0.0,0.0009566750879530998,0.0,"[7, 13]",[-1]
520,0.00044493933254171404,0.0,0.0,0.06318405845713897,0.0,3.055230936472703e-05,0.0,0.0,0.0,0.0,0.0021252811196786343,0.0,0.0,0.0,0.0034500101470855034,0.0006607284723886156,0.0,9.35165638318219e-05,0.0,0.003268134351357158,0.011965751929559103,[3],[-1]
521,0.0,0.07556420517896777,0.0006280672151098946,0.0,0.0,0.0,0.0,0.0,0.0019095039501637076,0.0018897627511091787,0.009352395360894368,0.0,0.0,0.0,0.004738756116319057,0.0,0.0,0.0,0.0,0.0,6.653310864401664e-05,[1],[-1]
522,0.0007593850020294644,0.0,0.0,0.06828374752703757,0.0,7.365979437771067e-05,0.0,0.0,0.0,0.0,0.0008956359616084765,0.0,0.0,0.0,0.0027044111651269164,9.426527354094913e-05,0.0,9.747207669877527e-05,0.0,0.0008492803947062444,0.0,[3],[6]
523,0.0,0.04981606522901746,0.0003786375263922105,0.0,0.023088666757804268,0.0015601223017710651,0.025898639403105453,0.08084524585498436,0.0009982894939946862,0.0,0.0,0.010591711899367497,0.12989642152090702,0.0,0.0,0.0,0.0,0.0006391469435164919,0.0,0.0,0.0001296006286367922,"[1, 7, 12]",[2]
524,0.15973885453142433,0.017416299864186947,0.0003259045870609075,0.0,0.0,0.0,0.0,0.01937965736833793,0.0,0.0,0.005838341993829442,0.01418460639698753,0.03296112161248581,0.01346163280904008,0.0,0.00592310205931182,0.003111027479743304,0.0,0.0,0.0,0.002152421419605152,[0],[8]
525,0.0,0.041650866827868234,0.000268180395553564,0.0,0.022470009466337617,0.0005648567546276206,0.019627696178652388,0.07950353941115307,0.0008147604216609055,0.0,0.0,0.008520017105495437,0.10738241764485046,0.0,0.0,0.0,0.0,0.0006794554287006407,0.0,0.0,0.0,"[1, 7, 12]",[-1]
526,0.0002643597451126991,0.0,0.0,0.02569337490981105,0.0,3.6687015802124504e-05,1.3508645288132028e-05,0.0,0.0,0.0,0.0004143910542491005,0.0,0.0,0.0,0.0007956713628623215,0.0,9.383553707827199e-05,2.5826657930306793e-05,0.0,0.0,0.0,[3],[6]
527,0.0004720311485898773,0.0,0.0,0.06210917307868432,0.0,8.793318639162232e-05,0.0,2.4431952941816367e-06,0.0,0.0,0.0018046296957865337,0.0,0.0,0.0,0.0030112098333564194,0.0,0.0,0.00013241847537473375,0.0,0.001422258147443853,0.0,[3],[6]
528,0.0,0.019406492471890142,0.0,0.0,0.006956576368873303,0.0,0.0,0.040530851177522,0.0,0.03247696940114284,0.0,0.0012492410317483035,0.011663650063218341,0.022779483272353143,0.00133040465604722,0.0,0.0,0.001801646870345288,0.08742161131037499,0.0,0.00028288513007802016,"[7, 9, 18]",[2]
529,0.0004979300664411371,0.0,0.0,0.04664847217907086,0.0,3.0491179893601754e-05,0.0005653404775146222,0.0,0.0,0.0,0.0008447981485103283,0.0,0.0,0.0,0.0013945478877168528,0.002061007440752022,0.0,9.201814385257349e-05,0.0006603183211052786,0.0006151260499185247,0.0,[3],[6]
530,0.0006521745041000325,0.0,0.0,0.02752299755492097,0.0,4.515309368984207e-05,0.001521569510863561,0.0,0.001391281259204782,0.0014784561928969915,0.0,0.00209736261395925,0.0,0.0,0.0,0.0,0.002757024206790558,1.130635989395824e-05,0.0020027730633238386,0.0,0.0,[3],"[6, 7]"
531,0.17938436960498047,0.01967250047770807,0.0003652696045441976,0.0,0.0,0.0,0.0,0.02186419499895683,0.0,0.0,0.006411597797338807,0.0161615993214491,0.03725445753688623,0.015025156783202374,0.0,0.006711163800288582,0.003569398876672253,0.0,0.0,0.0,0.0023458851220301918,[0],[8]
532,0.18107736064489532,0.02029277311852839,0.0003304928300351136,0.0,0.0,0.0,0.0034335684690664755,0.02293854588577528,0.0,0.0,0.008080448142170337,0.0,0.03452789053590806,0.018378203407276424,0.00675558661043034,0.006638952412464284,0.004991170712682434,0.0,0.0,0.0,0.002861000006214832,[0],[8]
533,0.0,0.048896389923526795,0.00032734256417902966,0.0,0.02509128866891195,0.0016444977190968482,0.0253146745765086,0.0905788807556905,0.0010557709962311674,0.0012884925339728514,0.0,0.011019225675260771,0.13265037738172253,0.0,0.0,0.0,0.0,0.0010377653556478267,0.0,0.0,0.0,"[1, 7, 12]",[-1]
534,0.0,0.09628888747690191,0.0007869085948638288,0.0,0.0,0.0,0.0,0.0,0.0015934645029926369,0.0008846933621225048,0.0033836739489915843,0.0,0.0,0.0,0.0038728125373018968,0.0,0.0,0.000540383578516227,0.0,0.0010083037536032264,0.00018125264383986084,[1],[-1]
535,0.0002139021116469362,0.0,0.0,0.02527529113524433,0.0,3.0229159053626987e-05,0.0,0.0,0.0,0.0,0.0007551375393324983,0.0,0.0,0.0,0.001384796453684398,0.000897705304015534,0.0,1.4672277448471557e-05,0.0,0.0007998257803491492,0.0,[3],[7]
536,0.0003375754414902897,0.0,0.0,0.049215813224064826,0.0,3.76604782536287e-05,0.0,2.1276779150001224e-06,0.0,0.0,0.0018867832202292595,0.0,0.0,0.0,0.0027586350046014604,0.0,0.0,9.114012455264237e-05,0.0,0.00012708290607507084,0.0,[3],[6]
537,0.0003659479626058091,0.0,0.0,0.05079016014611783,0.0,5.880554204974815e-05,0.0,0.0,0.0,0.0,0.0018971014938792632,0.0,0.0,0.0,0.0028303968267069804,0.0,0.0,6.515518267091413e-05,0.0,0.000472989178952944,0.0,[3],[6]
538,0.0,0.04888158136981964,0.0003654703814790029,0.0,0.0,0.0,0.0,0.0,0.0011365802069731442,0.0019062311240175705,0.005654962687235984,0.0,0.0,0.0,0.0030887120091289064,0.0,0.0,0.0,0.0,0.0,0.0,[1],[-1]
539,0.0,0.07290261383382345,0.0006188643688600858,0.0,0.0,0.0,0.0,0.0,0.002152212747913194,0.0021138249923803,0.010679294155993273,0.0,0.0,0.0,0.004976485566497634,2.7404577192311762e-05,0.0,0.0,0.0,0.0,0.0,[1],[5]
540,0.0,0.03570801858870772,0.0,0.0,0.015234523360946788,0.0,0.0,0.09879103437389716,0.0,0.004536842846204221,0.0,0.0,0.0,0.12751707029792325,0.0,0.0,0.01371071164513152,0.0,0.0,0.0014525906971418231,0.0,"[7, 13]",[3]
541,0.15760560800968818,0.01711584155394775,0.00032336506046104377,0.0,0.0,0.0,0.0,0.018928463987359152,0.0,0.0,0.005657762899759047,0.014107994864495278,0.03263604912846802,0.013005827323451047,0.0,0.005815648348258784,0.0028691840887603895,0.0,0.0,0.0,0.0022500710003505392,[0],[-1]
542,0.18373217174695675,0.021301636752252526,0.00037424503379019616,0.0,0.0,0.0,0.0,0.02267456188155393,0.0,0.0,0.006720279253554409,0.014612720631710782,0.03929935357600281,0.015577724173926723,0.0,0.007264055515861702,0.004302537051334291,0.0,0.0,0.0,0.0026633143278324994,[0],[8]
543,0.0,0.05236843571789709,0.0,0.0,0.005936972803523961,0.0,0.0,0.055342330130198736,0.0,0.0,0.0034063905227426465,0.0,0.0,0.10533803105723785,0.0,0.0,0.01342791625001242,0.0011534635870152075,0.0,0.0,0.0,"[1, 7, 13]",[-1]
544,0.0,0.044127915794244126,0.0003250927382974335,0.0,0.0,0.0,0.001667880724454581,0.0,0.0,0.0,0.0,0.0006223480746709154,0.0024507561149555465,0.0,0.0,0.0,0.011264673179534604,0.0,0.021194780724934408,0.003047331122629723,0.0006650475218283952,"[1, 18]",[-1]
545,0.0,0.02136850017175655,0.00016831450837068832,0.0,0.011430987536681531,0.0009644542189038783,0.014553838862956293,0.04219098171966642,0.0014133644789296085,0.0,0.0,0.0066333760094020545,0.07122122860376752,0.0,0.0,0.00048500836693499025,0.0,0.00013640170917530282,0.0,0.04597239886494875,0.0,"[1, 7, 12, 19]",[-1]
546,0.0,0.08694095363236921,0.0007306414170672332,0.0,0.0,0.0,0.0,0.0,0.0021724300301730736,0.001811479556695813,0.00795981647320205,0.0,0.0,0.0,0.004638193056735461,4.625975940275252e-05,0.0,9.622030146475584e-05,0.0,5.645038898279161e-05,0.0,[1],[5]
547,0.0005448988990542263,0.0,0.0,0.034355291214544934,0.0,1.5824028032502277e-05,0.0,0.0,0.000705457440887451,0.0011292825947100125,0.0,0.0,0.0,0.0,0.0007908638281513199,0.0,0.0,0.00026991561650209825,0.0019959771378897048,0.0,0.006133501048322765,[3],[6]
548,0.0,0.0653210588439037,0.000505061593004287,0.0,0.0,0.0,0.00028314324709579995,0.0,0.0,0.0,0.0,0.0,0.0,0.0,0.0,0.0013215103964354285,0.017237983705218653,6.361814908341751e-05,0.032850875133132285,0.005932876511296209,0.0,"[1, 18]",[-1]
549,0.0,0.024421672302372167,0.0001642043925223707,0.0,0.01475941277374736,0.0007937325806358003,0.014183248993142621,0.052125313128807464,0.0005784860659537787,0.0033647827010922465,0.0,0.006370814787210531,0.0754527211122817,0.0,0.0,0.0,0.0,4.7574188791760405e-06,0.013248904604663598,0.0,0.0,"[1, 7, 12]",[-1]
550,0.0,0.08025938813919596,0.0006321296667014118,0.0,0.0,0.0,4.797119286908064e-05,0.0,0.0,0.0,0.0,0.0,0.0,0.0,0.0,0.0010254088418796283,0.01370563982565848,0.000287428480726624,0.029580542463575395,0.006180060321078255,0.0,"[1, 18]",[-1]
551,0.0,0.05128054670681108,0.0003859841348696164,0.0,0.0,0.0,0.0,0.0,0.0,0.0,0.0,0.0,0.0,0.0,0.0,0.0,0.00883561174913304,0.0,0.01869518302984234,0.003843410543401942,0.0005996572565801574,"[1, 18]",[-1]
552,0.0005369893184420819,0.0,0.0,0.04795697858498671,0.0,0.0,0.0,0.0005796816425105287,0.0005753048375035267,0.0,6.408721078213857e-05,0.0,0.0,0.0,0.001440549790596511,0.0,0.0,0.0,0.0009484169240541608,0.0,0.0,[3],[6]
553,0.007381377088879321,0.0,0.0,0.017476405625025414,0.05418909019672053,0.0,0.0,0.0,0.06273399925621523,0.020749398033610138,0.0,0.0,0.0,0.0,0.0,0.0012656383079033104,0.07403472215232437,0.011120972164839153,0.0,0.0,0.0,"[4, 8, 16]",[6]
554,0.17476413149113199,0.018707327216393278,0.00030184317204655733,0.0,0.0,0.0,0.0,0.020062907994001407,0.0,0.0,0.003685137232944379,0.014976900408692857,0.03521903964344254,0.013479968227685655,0.0,0.006043800450178109,0.0037485629132384506,0.0,0.0,0.0,0.0017017685274562711,[0],[8]
555,0.0008657457435664518,0.0,0.0,0.015334718011253386,0.005554694235317949,7.395898678079234e-05,0.0007049229683073765,0.0,0.010097172654214098,0.004775352295070757,0.0,0.0009630178772911383,0.0,0.0,0.0,0.0,0.014364624632270642,4.83152359443816e-05,0.0015463721435464977,0.0,0.0,"[3, 4, 8, 9, 16]",[6]
556,0.0006624238690710894,0.0,0.0,0.04626484966029934,0.0,4.334888671794032e-07,0.0,0.0,0.0003273023985312644,0.0,0.0,0.0,0.0,0.0,0.002247344474622416,0.0,0.0,0.0,0.0023538832128859807,0.009908855069456702,0.0020198210380249393,[3],[6]
557,0.0,0.08832014223335002,0.0007153653891835427,0.0,0.0,0.0,0.0010572873708092677,0.0,0.0016078270744159023,0.0016838631306974087,0.004400271425624592,0.0,0.0,0.0,0.001768011021577147,0.0,0.0,0.00021578443596489817,0.0,0.0,0.0,[1],[5]
558,0.0,0.05898890409534282,0.0005012971339144272,0.0,0.0,0.0,0.0,0.0,0.0017667334199174868,0.0016823774401014632,0.008909726231870582,0.0,0.0,0.0,0.004223353605604459,0.000194123217456776,0.0,0.0,0.0,0.0,3.208049157178806e-05,[1],[-1]
559,0.0007042950485756365,0.0,0.0,0.04895335787470508,0.0,5.234209934916834e-05,0.0010917881992951208,0.0,0.0024751546690275576,0.00233353705051698,0.0,0.0,0.0,0.0,0.0,0.0,0.008186272260429157,0.0,0.002234075767814445,0.0056887923009679995,0.0,[3],[6]
560,0.00027989299795045243,0.0,0.0,0.06334040028194028,0.0,0.0,0.0,0.0005186658762791434,0.0,0.0,0.0023006731896473656,0.0,0.0,0.0,0.003866234689542036,0.0016495170894902083,0.0,0.0,0.0,0.00387520072656952,0.06670879379526123,"[3, 20]",[-1]
561,0.00035123121970857986,0.0,0.0,0.042166163983913436,0.0,9.218993935883996e-06,0.0,0.0,0.0,0.0,0.0007252780046159066,0.0,0.0,0.0,0.001956832762867261,0.0,0.0,0.0002015523092896207,0.0,0.003387637472597507,0.010618633859495363,[3],[6]
562,0.0,0.03468155582653739,0.0002677471059422311,0.0,0.016660709120312967,0.001378452504235608,0.019099695968546843,0.06257716937062939,0.0007606355381979341,0.0,0.0006762241961614816,0.008611378988269032,0.09743211067996872,0.0,0.0,0.0007931734435836498,0.0,0.0013745232205921818,0.0,0.0007737643354951337,0.0,"[1, 7, 12]",[-1]
563,0.0,0.026337247949365573,0.0001643065149456576,0.0,0.0015701693766031724,0.0,0.0022380949492927494,0.006650366868345373,0.00017702761913867044,6.716503582129732e-05,0.0,0.0017630164447940905,0.01536311887185865,0.0044421005588245275,0.0,0.0,0.0008329293879855749,0.0,8.790451625943965e-05,0.0,0.0,"[1, 12]",[-1]
564,0.0,0.044044204616633824,0.00023424452058754601,0.0,0.018275136789455682,0.001917115280739142,0.01761691736986221,0.07006404990587886,0.0019139881596437652,0.001794901792078211,0.0,0.008361902672056554,0.0971374918768448,0.0,0.0,0.0,0.0,0.0005803078059235448,0.0011450360333684585,0.0,0.0,"[1, 7, 12]",[-1]
565,0.0,0.02847829205615253,0.0,0.0,0.01090732232400143,0.0,0.0,0.08022560059213395,0.0,0.0,0.0,0.0,0.0,0.11046199175425295,0.0,0.0,0.015857117052748452,0.000971076890786172,0.0,0.0,0.0,"[7, 13]",[-1]
566,0.0,0.016864542181132845,0.0,0.0,0.006664649506516635,0.0,0.0,0.04944916390957414,0.0,0.040593329666815704,0.0,0.0,0.0,0.04025060773124224,0.0011255908144633085,0.000989122047626158,0.0,0.0004014675821013909,0.18049900585934672,0.0,0.001037444978051443,[18],[-1]
567,0.03091602063843751,0.001610086944548578,0.0,0.0,0.04879045992411021,0.0,0.25582377361254593,0.0,0.0016961850221629744,0.005593379435113346,0.014000272187093916,0.0,0.0,0.017161917189643255,0.26227279369649414,0.00014166207937772664,0.0,0.0,0.0,0.0,0.005145406446990827,"[6, 14]",[-1]
568,0.026035336165604283,0.0,0.0,0.0,0.044924769678965075,0.0,0.2424008377615031,0.0,0.0061564585403948244,0.009773448781577066,0.011336514333255351,0.0,0.0,0.014604579123448981,0.3503199550800837,0.0,0.0,0.0,0.004002502990470356,0.0005360466576668856,0.0,"[6, 14]",[-1]
569,0.0003370984993332952,0.0,0.0,0.03863848666058016,0.0,4.2977925372955514e-05,0.0,0.0,0.0,0.0,0.0013426847504397219,0.0,0.0,0.0,0.0019961722945027187,0.0,0.0,2.5701238732824633e-05,0.0,0.0006096151361055615,0.0,[3],[6]
570,0.0005329793498382581,0.0,0.0,0.06709674537412308,0.0,5.221406105821659e-05,0.0,0.0,0.0,0.0,0.0021263689482161896,0.0,0.0,0.0,0.003438996998271507,0.0018593356993455417,0.0,0.00012213357641353527,0.0,0.0022331576501129096,0.014900994779333857,[3],[6]
571,0.0003922334178566431,0.0,0.0,0.043950796783777536,0.0,0.0,0.0,0.00031983198448870965,0.0,0.0,0.0002050084328522275,0.0,0.0,0.0,0.001738936017446873,0.0,0.0,0.0,0.0010272796990284773,0.005740892838157414,0.008352171479163851,[3],[6]
572,0.0014949197370902893,0.0,0.0,0.014025767893897863,0.011952486307508637,1.7843946420102683e-05,0.0011053180859109202,0.0,0.010138041310102538,0.01422447341465638,0.0,0.003881105208756348,0.0,0.0,0.0,0.0,0.02177018717893099,0.0008736345409729539,0.0,0.0,0.025740413675133772,"[3, 4, 8, 9, 16, 20]",[6]
573,0.0,0.060724515675239545,0.00046186135021134776,0.0,0.0,0.0,0.0,0.0,0.0,0.0,0.0,0.0,0.0,0.0,0.0,0.0,0.011035270517564451,0.0011536162280694252,0.02003006507519126,0.004403525352605484,0.0005746399663187218,"[1, 18]",[-1]
574,0.0,0.0,0.0,0.03863445467059298,0.0,0.0,0.0,0.0036499124429794196,0.0,0.0,0.0019432869357020584,0.0,0.0,0.0,0.0029766539739949655,0.0,0.0,0.0,0.0018641471676446317,0.0,0.0,[3],[6]
575,0.0,0.019085803788131413,0.0,0.0,0.006946421945257818,0.0,0.0,0.06075026555521942,0.0,0.0,0.0056290187926831756,0.0,0.0,0.08183767079175028,0.0,0.0,0.011686143719322804,0.0,0.0,0.0025750857775372004,0.0,"[7, 13]",[7]
576,0.0,0.026905490578259493,0.0,0.0,0.009257202355880999,0.0,0.0,0.07114743385572367,0.0,0.0,0.0,0.0,0.0,0.10576470206167529,0.0,0.0,0.014927040789612557,0.00017815600753631817,0.0,0.00134051114871378,0.0,"[7, 13]",[-1]
577,0.0,0.07372379650836917,0.0006182610066737727,0.0,0.0,0.0,0.0,0.0,0.001924669395665379,0.0017251525051737704,0.00916021974113008,0.0,0.0,0.0,0.004802909359393701,1.5073646369098969e-05,0.0,3.191112482576281e-05,0.0,0.0,5.97030093426844e-05,[1],[5]
578,0.0009289677260249829,0.0,0.0,0.04293916274196476,9.146904885049583e-05,0.00015951266703764463,0.0003032103942666348,0.0,0.0032004886243567495,0.003454591899719246,0.0,0.00018282359245562482,0.0,0.0,0.0,0.0,0.005866474312487233,0.0,0.0051108119293279365,0.0,0.0,[3],[6]
579,0.0,0.07785132469979117,0.0005833263786966964,0.0,0.0,0.0,0.0,0.0,0.0,0.0,0.0,0.0,0.0,0.0,0.0,1.572278179678935e-05,0.017030782786114692,0.0,0.033403085801661105,0.006590276070871984,0.00024528639219172684,"[1, 18]",[-1]
580,0.0,0.043996171981634365,0.0002929346328481209,0.0,0.0,0.0,0.000724816891311612,0.0,0.0,0.0,0.0,0.0,0.0,0.0,0.0,0.0006278744389182174,0.011589595327190588,0.0,0.024368463610219326,0.004693425586011996,0.0,"[1, 18]",[-1]
581,0.0,0.021304069148862674,0.0001485961701585235,0.0,0.0,0.0,0.001402722123258038,0.0,0.0,0.0,0.0,0.0005524605198720592,0.005447123407355422,0.0017278730487660441,0.0,0.0,0.004829680431414457,0.0,0.009179917450447706,0.003060629112411269,0.0002964814377159724,"[1, 18]",[-1]
582,0.0003777701199152832,0.0,0.0,0.047828013821425694,0.0,6.38949879391108e-05,0.0,0.0,0.0,0.0,0.001971171003092246,0.0,0.0,0.0,0.0027435510792478087,0.0,0.0,6.115054048954806e-05,0.0,0.0,0.0,[3],[6]
583,0.18190137578094026,0.01996077970581011,0.0003700162651851694,0.0,0.0,0.0,0.0,0.02219819873517593,0.0,0.0,0.006512724909927531,0.016300391449583392,0.037795978754066185,0.015247964299686698,0.0,0.0067994142186601145,0.003622979019101859,0.0,0.0,0.0,0.002431584880935958,[0],[8]
584,0.0002882923655526569,0.0,0.0,0.0444468280385795,0.0,2.4671223515699325e-05,0.0,0.0,0.0,0.0,0.0018641181665883329,0.0,0.0,0.0,0.0027296956871809964,0.0009450040221241625,0.0,6.519799643717032e-05,0.0,0.003305639514604424,0.01671062699823926,"[3, 20]",[6]
585,0.0,0.048998845603140696,0.0003649250049164421,0.0,0.022331517314661865,0.0016532121892504782,0.02482414531956501,0.07946606750572174,0.0012641597693469017,0.0,0.0,0.01040982025467952,0.12583133361329243,0.0,0.0,0.0,0.0,6.25865929312055e-05,0.0,0.0,0.0,"[1, 7, 12]",[-1]
586,0.0,0.042717810259599885,0.00027959296877502917,0.0,0.026488976936880796,0.0014393061075530895,0.023269277153346337,0.08229491842886774,0.0006251790539555939,0.0,0.0,0.009323843680942275,0.12321071138002876,0.0,0.0,0.0,0.0,0.0005127816744790327,0.0,0.0,0.0,"[1, 7, 12]",[-1]
587,0.0006036650723109419,0.08448166696170371,0.0006050798619392242,0.0,0.006762058117842189,0.0,0.018040117248263692,0.02708556560035458,0.0,0.0,0.0,0.007274514834451255,0.08978381324387726,0.009535586922215018,0.0,0.019804183762828314,0.023429411544468252,0.009741544789060514,0.0,0.0,0.008868786967429307,"[1, 7, 12]",[-1]
588,0.0,0.035446949692962346,0.0002242729458515898,0.0,0.01352117951540463,0.0004549446271959778,0.013735650139699082,0.05284566289624415,0.0005434019626808572,0.0037181782770453454,0.0,0.007045811069707054,0.07601620955183884,0.0,0.0,0.0,0.0,0.0,0.018627731478032438,0.009337350814266992,0.004452209441924699,"[1, 7, 12]",[-1]
589,0.0,0.06629358308187049,0.0005254394264400574,0.0,0.0,0.0,0.00010318933116048702,0.0,0.0004104156003557045,0.0,0.0,0.0,0.0,0.0,0.00036188556368776286,0.0,0.006852887918857937,0.0,0.01929275326194303,0.005326609222854196,0.0004926966197330772,[1],[-1]
590,0.0,0.0710408438754785,0.0005867977443837476,0.0,0.0,0.0,0.0,0.0,0.0015811809378320702,0.001390108256515124,0.006970336420921281,0.0,0.0,0.0,0.004055519285555757,0.0,0.0,0.00019127104183334274,0.0,0.0,0.0,[1],[-1]
591,0.0,0.031809242582557594,0.0,0.0,0.009664222643030646,0.001444234941303121,0.007350577578309333,0.04734970281417398,0.0,0.006315620218218108,0.0,0.004327460992352334,0.049829148780029545,0.005365991405727541,0.0,0.0,0.0011436063125744118,0.0,0.026690419976349154,0.0,0.0,"[1, 7, 12, 18]",[2]
592,0.0,0.07177590227489385,0.0005905410770529358,0.0,0.0,0.0002903506161893093,0.00634006630068395,0.0,0.0014675068856307538,0.0031125662729199256,0.004491023942283323,0.0017454952048950138,0.01496968499989956,0.0,0.0,0.0,0.0,0.0,0.0,0.0,0.0,[1],[-1]
593,0.0,0.02575557950928072,0.0,0.0,0.011957936967065876,0.0,0.0,0.07992536142298161,0.0,0.0,0.0,0.013536235253542153,0.0,0.11589314817796528,0.0,0.0,0.015224566913310585,0.0005213099028792122,0.0,0.0,0.0,"[7, 13]",[3]
594,0.0,0.06739283145033688,0.0005670409140783981,0.0,0.0,0.0,0.0,0.0,0.0018812403343268207,0.0016690744772632712,0.010753197445278454,0.0,0.0,0.0,0.004693861807491105,1.1099308313689003e-05,0.0,0.0,0.0,0.0,0.0,[1],[-1]
595,0.0,0.04023836149599909,0.0002373346144483364,0.0,0.016882395005431886,0.0014808712213749968,0.017530857210543187,0.06595172928571826,0.0007613511305877002,0.00401805753101228,0.0,0.008143259656833818,0.09387912728086269,0.0,0.0,0.0,0.0,0.0007427252399978162,0.005637749132099839,0.0006550067216756409,0.0,"[1, 7, 12]",[-1]
596,0.0,0.033089120931738415,0.00010077744783756197,0.0,0.015031038616446604,0.0010639735599633857,0.013729499410720974,0.05956371668859036,7.278612019869856e-05,0.001742245719148474,0.0006970588831856955,0.00522663255590186,0.07023007147651354,0.0,0.0,0.0,0.0018756894387139263,0.000947995863886362,0.0,0.0,0.00044653454796649906,"[1, 7, 12]",[2]
597,0.0,0.018995984686400767,0.0,0.0,0.006596061355030187,0.0,0.0,0.05390480707100468,0.0,0.0,0.0,0.0,0.0,0.07644994283279413,3.854113932254035e-05,0.0,0.010334327339002438,5.746774237082128e-05,0.0,0.002542706459127831,0.021059002817562466,"[7, 13]",[-1]
598,0.0,0.03480337427156797,0.00023039169825303591,0.0,0.02345265061358546,0.0008134318906703066,0.018533116820956836,0.06663139356871234,8.655636955460089e-05,0.0,0.00031065499870903523,0.007200739693603991,0.10010888488930757,0.0,0.0,0.0,0.0,0.0,0.0,0.0,0.00042169719299169664,"[1, 7, 12]",[-1]
599,0.0,0.02589451814658088,0.0,0.0,0.009634722393172654,0.0,0.0,0.07348095735364023,0.0,0.0,0.0,0.0,0.0,0.1054806118953935,0.0,0.0,0.015637008451809122,0.0006823101042205082,0.0,0.0,0.0,"[7, 13]",[-1]
600,0.0,0.03457438086271508,0.0,0.0,0.013293029332500782,0.0,0.0,0.0981187127075066,0.0,0.0,0.0,0.0,0.0,0.13723685669477254,8.093577953528322e-05,0.0,0.019300598914805494,0.0,0.0,0.0018945570238010484,0.0,"[7, 13]",[3]
601,0.0002718544960541355,0.0,0.0,0.03596040796569082,0.0,3.727913099554159e-05,9.935366509386634e-05,0.0,0.0,0.0,0.0015619981741537457,0.0,0.0,0.0,0.0021880541310512385,0.0,0.0,3.846887580516873e-05,0.0,0.000760785745766527,0.0,[3],[6]
602,0.000673486922415436,0.0,0.0,0.05689727646873546,0.0,8.73052001876416e-05,0.0011516258887548365,0.0,0.0009338305999385321,0.0013144380068450799,4.3140962077356865e-05,0.0,0.0,0.0,0.0,0.0,0.00641943280298002,0.00015152323074569673,0.0013577013123569303,0.0009838554586900784,0.0,[3],[6]
603,0.0026726114505718625,0.0,0.0,0.020078960531374927,0.01960344922784727,0.0,0.03069799954259975,0.0,0.04860302578150108,0.04426094247469259,0.0,0.03374535369337362,0.0,0.0,0.0,0.0,0.23218010347497725,0.0002855021568912017,0.004540660221166396,0.0675335046863913,0.005722441972378237,[16],[6]
604,0.0034160663293759217,0.0,0.0,0.020301188457995025,0.02612804896074704,0.0,0.03374901293396966,0.0,0.057243893782819806,0.05156791900668553,0.0,0.033078384858795565,0.0,0.0,0.0,0.0,0.2644794838059235,0.00037102669704801446,0.004450986686677982,0.0721531809316304,0.0037891144190518007,[16],[6]
605,0.0003882715955467852,0.0,0.0,0.0457482827110341,0.0,3.35138827275531e-05,0.0,0.0,0.0,0.0,0.001251510522408079,0.0,0.0,0.0,0.002179300835543942,0.0,0.0,3.571779761432927e-05,0.0,0.00023169685414809024,0.003021436774115751,[3],[6]
606,0.0,0.02170970917884405,0.0,0.0,0.007715946025082305,0.0,0.0,0.06948038535922374,0.0,0.0,0.0,0.0,0.0,0.10109124278999916,0.0,0.0,0.013849201656764471,0.00024281392795882164,0.0,0.001350447654445647,0.0,"[7, 13]",[3]
607,0.0,0.06364843905301341,0.0005433342862640215,0.0,0.0,0.0,0.0,0.0,0.001975932256460343,0.0019184757762098366,0.010247368512094561,0.0,0.0,0.0,0.0045881803304161735,0.00011556051218912584,0.0,0.0,0.0,0.0,8.934743328771083e-05,[1],[-1]
608,0.005335580384986911,0.0,0.0,0.022172724370301617,0.07421374991175983,0.00022232257458758157,0.0,0.0,0.0,0.0,0.0,0.0,0.0,0.0,0.0,0.0,0.0,0.0,0.016432066442489665,0.010265611999177306,0.0,[4],[6]
609,0.0,0.03273680496895441,0.00014302387106629192,0.0,0.00010659073319242072,0.007868753714884538,0.0021671827939933382,0.0021861146036026317,0.0,0.002694833190478926,0.0,0.0016528540396693,0.013734403884052176,0.004109100731446707,0.0,0.0,0.0,0.0,0.006749181238853778,0.0,0.0,"[1, 12]",[-1]
610,0.0005455965147552932,0.0,0.0,0.0373524482723262,0.0,4.103691571943922e-05,0.0005304649790717007,0.0,0.0,0.0006381010266141667,0.0003308912143281702,0.0,0.0,0.0,0.0004988387167286655,0.004555811113107246,0.0,0.0001572483435234354,0.0,0.0,0.0060325091489131285,[3],[6]
611,0.0011060626667241714,0.0,0.0,0.03568810246552924,0.0,3.810694879716088e-06,0.009800935623163327,0.0,0.005502586212507216,0.00492662988533022,0.0,0.01394790190461156,0.0,0.0,0.0,0.0,0.019501814703639445,0.0,0.003852712938021849,0.0,0.0005853957445161442,"[3, 11, 16]",[6]
612,0.012793726662166872,0.0,0.0,0.013058440799794124,0.16472264058114733,0.00044740280571896367,0.0,0.0,0.0,0.0,0.0,0.0,0.0,0.0,0.0,0.0005531754735219927,0.0,0.0,0.03649300092084217,0.011863414510621995,0.026745452649872797,[4],[6]
613,0.007636872942854434,0.0,0.0,0.008177458695549167,0.10642718046128964,0.0002908928257849207,0.0,0.0,0.0,0.0,0.0,0.0,0.0,0.0,0.0,0.0005880201936911735,0.0,0.0012846506431847867,0.02511409297410783,0.011708643176920766,0.03442010638137261,"[4, 20]",[-1]
614,0.0,0.028101944894910823,0.0,0.0,0.01364485951591803,0.0,0.0,0.0789456314518084,0.0,0.0,0.0,0.0,0.0,0.09636859770198504,0.0,0.0,0.012676765232218952,0.0007151828567416128,0.0,0.0,0.0,"[7, 13]",[3]
615,0.0,0.06513717360484021,0.0005497700429435121,0.0,0.0,0.0,0.0,0.0,0.0018008099567412682,0.0016378082742479377,0.008221207521494283,0.0,0.0,0.0,0.004123384171761019,1.8985074002182788e-05,0.0,6.953104200751058e-05,0.0,0.0,0.0,[1],[-1]
616,0.0032348927506850385,0.0,0.0,0.03441621054079234,0.027112815187451032,4.5474473915921865e-05,0.0,0.0,0.016292928035636766,0.023364631114988505,0.0,0.0019480791634845622,0.0,0.0,0.0,0.0,0.028122086625977902,5.4053525985561074e-05,0.0016151236394050567,0.0,0.028221396421845433,"[3, 4, 8, 9, 16, 20]",[6]
617,0.0014778089004427945,0.0,0.0,0.012723545519573224,0.018947851763034453,0.0,0.0,0.0,0.019801702735401765,0.01483222793590598,0.0,0.0,0.0,0.0,0.0,0.0,0.00915538448202556,0.0,0.0,0.017875675472845184,0.0,"[3, 4, 8, 9, 16, 19]",[-1]
618,0.0,0.059739180027576465,0.00047193026133325106,0.0,0.0,0.0,4.210072858548097e-05,0.0,0.0,0.0,0.0,0.0,0.0,0.0,0.0,0.0010143195002967425,0.010000610295115385,1.5815403645248397e-05,0.02065240924047149,0.004121980047124883,0.0,"[1, 18]",[-1]
619,0.0,0.0174788715446823,0.0,0.0,0.008194780082527432,0.0,0.0,0.0464694809725645,0.0,0.0,0.0,0.0,0.0,0.05907341705241623,0.0,0.0,0.008565557739933841,0.00014001356619801962,0.0,0.0,0.0,"[7, 13]",[3]
620,0.0005338251142121766,0.0,0.0,0.0702056279619547,0.0,5.412288943371871e-05,0.0,0.0,0.0,0.0,0.00237736166674153,0.0,0.0,0.0,0.0037785985300951997,0.0004709037360803087,0.0,6.868391520581545e-05,0.0,0.0029938714526261986,0.005792100969105161,[3],[6]
621,0.0032203513873207234,0.00030094123166418116,0.0,0.0,0.015083446250319684,0.0,0.0031444532107544406,0.000930731783933859,0.010819242588013037,0.007389758300752931,0.014409608386326845,0.0,0.0015268879163679288,0.0020541383508102897,0.01923693102975157,0.00010209167388917181,0.009828156024152405,0.0,0.0,0.3784836655220502,0.0,[19],[-1]
622,0.007669998609596895,0.0007349868308642078,0.0,0.0,0.03414030475027592,0.0,0.006815088526096476,0.0022769898115568804,0.021314720486321402,0.013788670643165331,0.0258210971226731,0.0,0.003043940684643236,0.00428000216548048,0.037749381139801225,0.0001823876114855798,0.018707771782604556,0.8520725146162652,0.0,0.3469156578839524,0.0,"[17, 19]",[-1]
623,0.000317549828340593,0.0,0.0,0.04498646911937137,0.0,0.0,0.0,0.000839854075792259,0.0,0.0,0.0012165196544144542,0.0,0.0,0.0,0.002016381416465871,0.0,0.0,9.367254642249457e-05,0.0,0.0,0.0,[3],[6]
624,0.0,0.0065993489889289575,2.4210076690661194e-05,0.0,0.0,1.1284136120615228e-05,0.001214541613377341,0.001624630926879676,0.0,0.0,0.0,0.0005853676618478075,0.006438138590032419,0.0,0.0,0.0,0.0,0.0,4.016152463821878e-05,0.0,0.0,"[1, 12]",[-1]
625,0.008271287222220555,0.0,0.0,0.01306851601257281,0.054354240435368385,9.116355430292991e-05,0.0,0.0,0.020598397515602884,0.010906751528238754,0.0,0.0009639261322821971,0.0,0.0,0.0,0.000863057325151243,0.03402660327257406,0.0,0.0034380778111501808,0.0,0.021195111904356984,"[4, 8, 16, 20]",[6]
626,0.0,0.06306367732920115,0.0004895877892261739,0.0,0.0,0.0,0.00011632458461637612,0.0,0.0,0.0,0.0,0.0,0.0,0.0,0.0,0.001356884095798962,0.015891523325036676,0.0,0.030374580732838892,0.005664008405123576,0.0,"[1, 18]",[-1]
627,0.00035750196846865806,0.0,0.0,0.056226254157869,0.0,5.102409403754693e-05,0.0,0.0,0.0,0.0,0.002251384127292206,0.0,0.0,0.0,0.003284808196456058,0.0,0.0,6.784662390840155e-05,0.0,0.0014513749266938803,0.0,[3],[-1]
628,0.006043880243722941,0.0,0.0,0.011271284732606543,0.02420824150353253,1.104965283760304e-05,0.002441828653218935,0.0,0.02063987675504564,0.011356277963753448,0.0,0.0058121816312814096,0.0,0.0,0.0,0.0005328776058926769,0.03249977994221269,0.0,0.0,0.0,0.0035027119128101434,"[3, 4, 8, 9, 16]",[-1]
629,0.0035276055789283116,0.0,0.0,0.03815464671079281,0.02114159686625066,6.820005577451292e-05,0.0025139252293141807,0.0,0.024793548364777502,0.014326375315601826,0.0,0.0055225472018724155,0.0,0.0,0.0,0.0007359771452620198,0.04842597863301076,0.000925199043870994,0.003550123216419104,0.0,0.0,"[3, 4, 8, 16]",[6]
630,0.0024572789961738737,0.0,0.0,0.02040310338362755,0.017580362650215148,0.0,0.018595520332784776,0.0,0.050451077008644686,0.04376247627617774,0.0,0.010175712947867413,0.0,0.0,0.0,0.00018200204206092634,0.22464202806635203,0.00021849599149865233,0.004074402062429939,0.05751024489050956,0.0,[16],[-1]
631,0.0031378796437024296,0.0,0.0,0.020588656164839722,0.025003189718502704,0.0,0.02118842753197467,0.0,0.06163993735954099,0.05330945828124673,0.0,0.011933625977110509,0.0,0.0,0.0,0.0,0.2747505830666522,0.00016801203323104982,0.004713237800286838,0.06267885055076489,0.0020832245005276027,[16],[6]
632,0.00032555672364439876,0.0,0.0,0.04930265005161269,0.0,1.7526056576257644e-05,0.0,0.00047148488391088024,0.0,0.0,0.0014044242596891598,0.0,0.0,0.0,0.0022946243893438704,0.0,0.0,6.84386989138355e-05,0.0,0.0,0.0,[3],[6]
633,0.0,0.026337274011334354,0.00020984024822971525,0.0,0.014104945242075562,0.001267415426496598,0.018423837454400772,0.05275708520629494,0.0020040401346806142,0.0,0.0,0.008568795020088142,0.08988032392510131,0.0,0.0,0.001298754321731491,0.0,4.783428896378472e-05,0.0,0.06716457357322168,0.0,"[7, 12, 19]",[-1]
634,0.0,0.011982840047355692,9.832420635003588e-05,0.0,0.006905644395939636,0.0006449637854701355,0.009493907394721666,0.025975808527575948,0.0009889678911555275,0.0,0.0,0.00449537893823258,0.04564315753319723,0.0,0.0,0.0013817847744694344,0.0,7.48764315910506e-05,0.0,0.04852583274416412,0.0,"[7, 12, 19]",[-1]
635,0.0003053294466511248,0.0,0.0,0.0388327716303996,0.0,2.2533286732032875e-05,0.0,0.0,0.0,0.0,0.0009170180014232372,0.0,0.0,0.0,0.001770449701373196,0.0,0.0,3.256892877221602e-05,0.0,0.0012914925749922138,0.0031701334305636315,[3],[6]
636,0.0,0.06575923933854166,0.0005596620075180774,0.0,0.0,0.0,0.0,0.0,0.0019561328041494126,0.0018323169449393853,0.009541444015205848,0.0,0.0,0.0,0.00460086165686667,0.0002042396881924796,0.0,0.0,0.0,0.0,0.00018295656416070975,[1],[-1]
637,0.0,0.042584801247485864,0.00031612319305257563,0.0,0.0,0.0,0.00030481519280318396,0.0,0.0,0.0,0.0,0.0,0.0,0.0,0.0,0.0,0.011096557271081482,0.0,0.018324265831658988,0.003981190251757741,0.0005739389987248593,"[1, 18]",[-1]
638,0.0,0.02751753182221185,0.0,0.0,0.00978971141808702,0.0,0.0,0.07613562905240234,0.0,0.0,0.0,0.0,0.0,0.11114865370543235,0.0,0.0,0.015104150857549821,6.850127949659965e-05,0.0,0.004352253907904302,0.014634712770606469,"[7, 13]",[-1]
639,0.0,0.02150563223082604,0.0,0.0,0.007837084427888583,0.0,0.0,0.058379061043177284,0.0,0.0,0.0,0.0,0.0,0.08432370581121844,0.0,0.0,0.010904956135920829,0.00017873418794380264,0.0,0.005490279365292358,0.021903632809123236,"[7, 13]",[-1]
640,0.0,0.07686550456368743,0.0005792743086489517,0.0,0.0,0.0,0.0,0.0,0.0,0.0,0.0,0.0,0.0,0.0,0.0,0.0,0.016968097900649234,7.330562123447442e-05,0.0334409467326467,0.006182183953934018,9.8851114788374e-05,"[1, 18]",[-1]
641,0.0,0.02550525026009568,0.0,0.0,0.009070853845103885,0.0,0.0,0.06902116942442003,0.0,0.0,0.0,0.0,0.0,0.09985256695664134,0.0,0.0,0.014502152968284379,0.0005263686098194966,0.0,0.0,0.0,"[7, 13]",[-1]
642,0.0008735986390841498,0.0,0.0,0.018045092126879908,0.00474505561442877,0.00017568737120962684,0.0020469267578741837,0.0,0.014000453078176935,0.009206669002089916,0.0,0.0010330047618183635,0.0,0.0,0.0,0.0,0.039630516725535386,0.0,0.0017702345461131262,0.0,0.0,"[3, 8, 16]",[6]
643,0.0,0.05428470587891025,0.0004539140275108346,0.0,0.0,5.0786974960871305e-06,0.0,0.0,0.0015692099209203443,0.0018428574898824372,0.0072199107972720595,0.0,0.0,0.0,0.0031079732889634014,0.0,0.0,0.0,0.0,0.0,0.0,[1],[5]
644,0.0009450506666076676,0.0,0.0,0.012114413191181362,0.006831093048354187,1.754800589777733e-05,0.00040916523492482196,0.0,0.007429866560321547,0.010434032756253575,0.0,0.0017140177751366291,0.0,0.0,0.0,0.0,0.015282734212145458,5.672853364639442e-05,0.0,0.0,0.02738335835603156,"[3, 9, 16, 20]",[6]
645,0.17384242674863842,0.020349914997342795,0.0003622786580077056,0.0,0.0,0.0,0.0,0.021694119428559682,0.0,0.0,0.00613737403667809,0.015699912119805114,0.03760543475301303,0.01473123523043418,0.0,0.006971218345206895,0.003990237751946024,0.0,0.0,0.0,0.0025357498637745184,[0],[8]
646,0.001300816650377133,0.0,0.0,0.04347369990276927,0.001729010252940326,7.393274845016057e-05,0.0,0.0,0.005243744656514756,0.0,0.0,0.0,0.0,0.0,0.0,0.0,0.0,0.0,0.005480918926729022,0.0073897127578518825,0.00824539152859736,[3],[-1]
647,0.00015917845218581673,0.0,0.0,0.0157963031096905,0.0,5.419895863328141e-06,0.0,0.0,0.0,0.0,0.00039839004995285857,0.0,0.0,0.0,0.0005593520689569032,0.0,0.0,4.6393043477215366e-05,0.0,0.0002271534471487977,0.0,[3],[-1]
648,0.0,0.03412794880026691,0.00012373766636795098,0.0,0.014617781763027318,0.007758536333281207,0.015612035280931257,0.059181663319692955,0.0004352365409314817,0.0028440937308583116,0.0,0.007464252891644481,0.0843471371288141,0.0,0.0,0.0,0.0,0.0011590381022357394,0.009511060422018339,0.0,0.0,"[1, 7, 12]",[-1]
649,0.00025087431329327245,0.0,0.0002455167414778331,0.043903652070108136,0.0,3.061374814822196e-05,0.0,0.0,0.0,0.0,0.0017129545149372094,0.0,0.0,0.0,0.0025776892616044,0.0015158436660670938,0.0,0.00016922438748784112,0.0,0.002924562556991213,0.013127550130755797,[3],[-1]
650,0.0,0.03197673171543683,0.00010565743939438272,0.0,0.02145712020062421,0.0,0.00931806608250944,0.06901194913286622,0.0,0.0,0.001196086696194822,0.004323705835368091,0.06709136412055819,0.004645323595263786,0.0,0.0,0.0015258575010619428,0.0,0.0,0.0,0.0,"[1, 4, 7, 12]",[-1]
651,0.00044829273726165,0.0,0.0,0.060856590211309375,0.0,4.810749996199083e-05,0.0,0.0,0.0,0.0,0.0022422615975538586,0.0,0.0,0.0,0.0034925223158328036,0.002568040622744221,0.0,7.170201153410505e-05,0.0,0.0022559011939868936,0.009839362556071523,[3],[-1]
652,0.0004877259417485357,0.0,0.0,0.045424922700693475,0.0,3.8481824588565614e-05,9.604637311639914e-05,0.0,0.0,0.0,0.0008648634763945803,0.0,0.0,0.0,0.0016860454065429134,0.004225428747454823,0.0,7.626397043210673e-05,0.0,0.0,0.010432282685907237,[3],[-1]
653,0.002058595551825423,0.0,0.0,0.03443877203973238,0.01137585301217289,7.622094280919748e-05,0.001580321096739209,0.0,0.013965458430159028,0.01708900074982635,0.0,0.0032294232575753486,0.0,0.0,0.0,0.0,0.030144044658703625,0.00030943321035765254,0.0019139270308629757,0.0,0.05824958962899609,"[3, 16, 20]",[-1]
654,0.0,0.030056247028389778,0.0,0.0,0.010706165238733571,0.0,0.0,0.07302923218654872,0.0,0.01257547497879098,0.0,0.0,0.0,0.08619728617393262,0.0004248626542304039,0.0,0.006501659865750778,0.00015875563171769783,0.06839190487251194,0.0,0.0,"[1, 7, 13, 18]",[-1]
655,0.0,0.0267616781212688,0.0,0.0,0.009110960417268055,0.0,0.0,0.07191258166335412,0.0,0.0,0.0,0.0,0.0,0.10756209819809077,0.0,0.0,0.0147758590886217,2.160382193928926e-05,0.0,0.002609399696740453,0.008815943733418584,"[7, 13]",[-1]
656,0.0,0.042179140631668124,0.00016589940630561538,0.0,0.02089359818194787,0.0009139592171475144,0.017982876162446836,0.0830183710283493,0.0,0.001629914370220112,0.0009380353037670808,0.009360150416265454,0.10403476717807109,0.0,0.0,0.0004845485086763019,0.00048774266489016673,0.0026766520485404116,0.0,0.0,0.002088227780627588,"[1, 7, 12]",[2]
657,0.013483905529289231,0.0,0.0,0.013625420978827787,0.178262003714352,0.0003935550698998982,0.0,0.0,0.0,0.0,0.0,0.0,0.0,0.0,0.0,0.0,0.0,0.0,0.03742761988477575,0.011240548936921581,0.012960080566715557,[4],[-1]
658,0.0,0.022150526376137302,0.0,0.0,0.00626331418746399,0.0,0.0,0.052034761443016955,0.0,0.0,0.0,0.0,0.0,0.0801520272501926,0.0,0.0,0.011707532985675074,0.0,0.0,0.003917865489709481,0.016298836299156426,"[7, 13]",[-1]
659,0.0,0.0446439781721561,0.00031540441013603096,0.0,0.0,0.0,0.0,0.0,0.0,0.0,0.0,0.00011105028329253551,0.0,0.0032907830348896006,0.0,0.0,0.010627142640452327,0.0,0.018671465326936587,0.004031868825587732,0.0,"[1, 18]",[-1]
660,0.0,0.032326212078362164,0.000215807930916236,0.0,0.008328113128424514,0.0009424156885449743,0.009909426003163056,0.03125682095046713,0.0008015262828393274,0.0037820053669884025,0.0,0.004826122680522579,0.05302595221815486,0.0,0.0,0.0,0.0,0.0018055464380735322,0.011049118764208114,0.0,0.0,"[1, 7, 12]",[-1]
661,0.0004332479426774932,0.0,0.0,0.05100798239607749,0.0,1.136626891257245e-05,0.0,0.0,0.0,0.0,0.0011476273954003488,0.0,0.0,0.0,0.002365414398850912,0.0,0.0,5.974223447753747e-05,0.0,0.002754475921855968,0.012911779661843594,[3],[6]
662,0.0,0.011906759080361737,0.0,0.0,0.006531984882248726,0.0,0.0010492591327664368,0.038038797555551486,0.0,0.008195930933022405,0.0,0.0015051609683268356,0.01891886471418207,0.012201071463882395,0.0018147060499405577,0.0,0.0006855753773533013,0.0,0.0402158122389491,0.0,0.0,"[7, 12, 13, 18]",[2]
663,0.012761860905427563,0.0,0.0,0.016222802001811306,0.1614650190709544,0.000449133090640676,0.0,0.0,0.0,0.0,0.0,0.0,0.0,0.0,0.0,0.0,0.0,0.0,0.03142904116036374,0.0,0.0,[4],[-1]
664,0.0,0.028653120163527588,0.00016541958900110498,0.0,0.020203385133276058,0.0003161796024415661,0.012213805350135467,0.055923392510560395,0.0,0.0,0.00019596343732046931,0.005836050595842643,0.07582708883244368,0.0,0.0,0.0,0.0,0.0,0.0,0.0,0.0,"[1, 7, 12]",[-1]
665,0.0,0.002392100482556896,0.0,0.0,0.00033189298445695126,0.0,0.0,0.02242517406818764,0.0,0.00588974899071006,0.0,0.0,0.0,0.013417335703830156,0.0003534056442544347,0.0,0.0,0.0,0.03927997459376924,0.0,0.0,"[7, 13, 18]",[7]
666,4.138855508815835e-05,0.0,0.0,0.05726338590771237,0.0,4.4545530644381336e-05,0.0,0.0029318560638674474,0.0,0.0,0.001597089312614272,0.0,0.0,0.0,0.0032739254474252995,0.0,0.0,0.0003147832222392479,0.001922799649788644,0.0,0.0,[3],[6]
667,0.0,0.01324198782897026,0.0,0.0,0.005609179497690823,0.0,0.0,0.03532239786455963,0.0,0.023317722755222977,0.0,0.0002606691241292135,0.0,0.027355641043099316,0.00042616520436804776,0.001862213243390705,0.0,0.0,0.1046463789973134,0.0008145399309894323,0.004345429359751619,"[7, 18]",[-1]
668,0.0,0.031738213922424686,0.0,0.0,0.013046031264925496,0.0,0.0,0.0868415719822415,0.0,0.0,0.0,0.0,0.0,0.10398764894111066,0.0,0.0,0.015357784261498532,0.0,0.0,0.0,0.0,"[1, 7, 13]",[3]
669,0.00019091262949694017,0.0,0.0,0.02568943785587107,0.0,1.404494697246017e-05,0.0,0.0,0.0,0.0,0.0010273941649668057,0.0,0.0,0.0,0.0015366392273206792,0.0009306800178287551,0.0,8.701580449596787e-05,0.0,0.0031986214247798563,0.014164604491997952,"[3, 20]",[-1]
670,0.00040926006843845005,0.0,0.0,0.05121038882897449,0.0,1.4862079008030242e-05,0.0,0.0,0.0,0.0,0.0012394223245898567,0.0,0.0,0.0,0.0025071107671809797,0.0,0.0,0.00020835080911239706,0.0,0.003580912532863521,0.01719884964874616,"[3, 20]",[-1]
671,0.0004523844074909044,0.0,0.0,0.043583817272512995,0.0,1.9737642622841826e-05,0.0,0.0,0.0,0.0,0.0,0.0,0.0,0.0,0.0012006281730509007,0.0,0.0,0.00043581756539957445,0.0015372544910311787,0.002680378129725618,0.0,[3],[6]
672,0.0,0.026665422314191826,0.00018123020428573858,0.0,0.007923474057414307,0.0005226751476523118,0.009433265986115212,0.029553302318006354,0.00031829873801966546,0.0,0.0,0.004303543059050718,0.04954921027589546,0.0,0.0,0.0,0.0,0.0,0.0,0.0,0.0,"[1, 7, 12]",[-1]
673,0.0,0.012645138705227252,0.0,0.0,0.0022554958390561645,0.001156557471269928,0.0,0.024281445305324986,0.0,0.006875759113688867,0.0,0.001030760410781469,0.011844385090372389,0.010516725187799267,0.001332084945723728,0.0,0.0,0.0,0.035827916720174026,0.0,0.0,"[1, 7, 12, 18]",[7]
674,0.00612080116257552,0.0,0.0,0.02127720138612804,0.06520824917233749,0.00011047562938471905,0.0,0.0,0.041856528747876175,0.016846893164636126,0.0,0.0,0.0,0.0,0.0,0.0,0.06308464556461554,0.0,0.005284807104013083,0.0,0.0,"[3, 4, 8, 16]",[-1]
675,0.0021849135353489025,0.0,0.0,0.02410853126869515,0.017673511076765475,5.682194081135621e-05,0.001214543672817972,0.0,0.015114302739777876,0.010574087239451682,0.0,0.004948865342534781,0.0,0.0,0.0,0.0,0.025558265866416522,0.0,0.002195025194978198,0.0,0.0,"[3, 4, 8, 9, 16]",[6]
676,0.0033533014866767214,0.0,0.0,0.02308747591982424,0.026495330440695353,0.0,0.020235176275474647,0.0,0.068140654316558,0.05103997703149633,0.0,0.012270034376883794,0.0,0.0,0.0,4.6067108649125156e-05,0.26023710142111633,2.694692853873153e-05,0.0040895252783766396,0.05956139500824807,0.005280197162256391,[16],[6]
677,0.002948530698361542,0.0,0.0,0.017786662715642255,0.023404644249878547,0.0,0.023672668164089253,0.0,0.06308088243489063,0.0560606231089261,0.0,0.013145807785748365,0.0,0.0,0.0,0.0,0.29238175237796754,0.00025168977914256924,0.004863353519738399,0.08343731067232565,0.0030534598897801607,[16],[-1]
678,0.0,0.044004637558927376,0.0003617236482636551,0.0,0.0,0.0,0.0,0.0,0.0006305022471744343,8.05286071661073e-05,0.0,0.0,0.0,0.0,0.0012855384225987415,0.00011767057601491196,0.0,0.00032775610600945367,0.004164422755489268,0.0013911039713887317,0.0,[1],[-1]
679,0.0,0.057166681182824405,0.000472932984663279,0.0,0.0,0.0,0.0,0.0,0.0012331416977928976,0.0007752225350554131,0.0055470216706741396,0.0,0.0,0.0,0.003286065601548423,0.0001544393128151879,0.0,0.00016270088059620806,0.0,0.00011355979303459413,0.0,[1],[-1]
680,0.0,0.03664648044233943,0.0,0.0,0.013269494077402437,0.0,0.0,0.10409156598064344,0.0,0.0,0.0,0.0,0.0,0.14939409814379892,0.0,0.0,0.020153334051796888,0.000622775267038744,0.0,0.0017099045440328823,0.0,"[7, 13]",[-1]
681,0.0,0.07773284145893389,0.0006137982921704867,0.0,0.0,0.0,0.0,0.0,0.001181738866341932,0.0009382780116492933,0.005351586590691306,0.0,0.0,0.0,0.003970275361534114,0.0,0.0,0.0001874926306166438,0.0,0.00019185626242324978,0.0,[1],[-1]
682,0.0005927631037439503,0.0,0.0,0.048510043583958114,0.0,7.998131985780404e-07,0.0,0.0,0.0,0.0,0.0003959272154738498,0.0,0.0,0.0,0.0023502782339133643,0.0,0.0,0.0,0.0,0.007930359895839048,0.012386363528200817,[3],[-1]
683,0.0021241721864764165,0.0,0.0,0.025902522425939333,0.014995430627185773,2.788497995412757e-05,0.0015503828298063483,0.0,0.014434694166579108,0.019658957738963513,0.0,0.004405572929582113,0.0,0.0,0.0,0.0,0.029117275600885447,0.0006703720396804687,0.00041956949413327375,0.0,0.03520462947594414,"[3, 4, 8, 9, 16, 20]",[6]
684,0.004864357158307224,0.0,0.0,0.027004237590525077,0.03974656967076584,7.794693633278973e-05,0.008191143039980508,0.0,0.025792301563123086,0.022601424875848916,0.0,0.01186618460178176,0.0,0.0,0.0,0.0,0.052912096553603634,0.0018974562130883912,0.0013377899088743918,0.0,0.03433513928034972,"[3, 4, 8, 9, 16, 20]",[6]
685,0.000775607518367072,0.0,0.0,0.05320617583481317,0.0,0.0,0.0,0.0,0.0,0.0,0.0,0.0,0.0,0.0,0.0,0.0,0.0,0.0,0.005444907457648454,0.0024568237869687696,0.0,[3],[6]
686,0.00042102302624064304,0.0,0.0,0.04366928855249642,0.0,1.3278211170636003e-05,0.0,0.0,0.0,0.0,0.0008117497910004209,0.0,0.0,0.0,0.0020831447684606422,0.0,0.0,0.0,0.0,0.00638941129927891,0.006599442120073505,[3],[-1]
687,0.000631400662236115,0.0,0.0,0.06155159376301333,0.0,9.484594922760039e-05,0.00011528344341801506,0.0,0.0,0.0,0.0006704283071450928,0.0,0.0,0.0,0.0017193646073662028,0.0,0.0,4.580129305847161e-05,0.0006707882179777084,0.0,0.0,[3],[-1]
688,0.0,0.0,0.0,0.028885400886236454,0.0,0.0,0.0002434099279994207,0.003011366228078986,0.0,0.0,0.0011033044087912893,0.0,0.0012783052945474676,0.0,0.0017936477751962856,0.0,0.0,8.781924758740223e-05,0.0,0.0,0.0,[3],[6]
689,0.0,0.05618288740992542,0.0004654646748762756,0.0,0.0,0.0,0.0,0.0,0.0013798949550909605,0.0012938508504451234,0.006950420219078852,0.0,0.0,0.0,0.003485690998275087,0.0,0.0,3.756609536780042e-05,0.0,0.0,0.0,[1],[-1]
690,0.0,0.05029793347828273,0.0003966164711510185,0.0,0.0,0.0,0.0008010286086194832,0.0,0.0,0.0,0.0,0.0,0.0,0.0,0.0,0.0011944886196064933,0.011231824066676483,0.0,0.02261739061848713,0.0039009897832639052,0.0,"[1, 18]",[-1]
691,0.0,0.045716984502972687,0.00030608598087861883,0.0,0.0,0.0,0.0,0.0,0.0,0.0,0.0,0.0,0.0,0.0,0.0,0.0011950981980059338,0.011843675123301476,0.0,0.025921681204822543,0.0052398361937777155,0.0,"[1, 18]",[-1]
692,0.0,0.028430442750293498,0.0,0.0,0.010801454415776056,0.0,0.0,0.08080845437485462,0.0,0.0,0.0,0.0,0.0,0.11417936872809996,4.764658777000101e-05,0.0,0.016596425404202888,0.0,0.0,0.0016200780020803824,0.0,"[7, 13]",[3]
693,0.0,0.027228402446545737,0.0002065234955468749,0.0,0.013682267668736616,0.0012747084711253818,0.016345630032183832,0.05107483848015333,0.0013546813592041646,0.0,0.0,0.007456743269965495,0.082094782720758,0.0,0.0,0.0,0.0,0.0,0.0,0.015965606294955585,0.0,"[1, 7, 12]",[-1]
694,0.0,0.0,0.0,0.014915436014599692,0.0,1.6375200712269564e-05,0.000408235705999503,0.0024776709406481444,0.0,0.0,0.0006193645125273614,0.0,0.0028544815376549204,0.0,0.0006186668640892403,0.0,0.0,0.0,0.0006769295711754938,0.0015092523108803952,0.0012988859394165225,[3],[-1]
695,0.004124921378489769,0.0,0.0,0.02211747449520917,0.0401800225239222,6.753333786118255e-05,0.0,0.0,0.025260059011821538,0.016614533342276694,0.0,0.0030904975125533355,0.0,0.0,0.0,0.0012967176097128056,0.04430087669327661,0.0,0.0038002354736828654,0.0,0.0006028435207906226,"[3, 4, 8, 9, 16]",[6]
696,0.0004867289733905222,0.0,0.0,0.04606875476579242,0.0,0.00011599616667706377,4.4601559716117044e-05,0.0,0.0,0.0,0.0003171913943708455,0.0,0.0,0.0,0.0009725294570473675,0.0,0.0,0.0,0.001239100639638748,0.0,0.0,[3],[5]
697,0.0,0.008118766186231807,0.0,0.0,0.003217210266911008,0.0,0.0,0.028303549343180894,0.0,0.017814657320799513,0.0,0.0,0.0,0.02899656085022286,0.003181808897530498,0.0,0.0,0.0006803196245092717,0.07680456758570416,0.0,0.0037253628331060727,"[7, 13, 18]",[-1]
698,0.0,0.01916386002699563,0.0,0.0,0.012104786070947591,0.00012429302752138725,0.024360601965994353,0.034326422576820934,0.001925969439227446,0.0023438761278158668,0.012758811183188295,0.0,0.03233669019766224,0.008319034957566281,0.015062995539560762,0.0014497093057788306,0.0030550206354509604,0.0,0.0019551125057955384,0.0,0.001728550008044472,"[1, 4, 6, 7, 10, 12, 14]",[7]
699,0.0017659286348247652,0.0,0.0,0.05346622132956523,0.0,4.24381182831309e-05,0.0013715896651570472,0.0,0.002840858045544135,0.0036280923416422937,0.0,0.0,0.0,0.0,0.0,0.003755165395445064,0.0058612261944757695,0.0,0.00015976385499230064,0.0,0.0059003782321629525,[3],[6]
700,0.0,0.05896649625660688,0.0004634489306983337,0.0,0.0,0.0,0.0,0.0,0.0,0.0,0.0,0.0,0.0,0.0,0.0,0.0012217699954272803,0.010620197640526319,9.366034844293567e-05,0.021286016989815228,0.004214077337459813,0.0,"[1, 18]",[-1]
701,0.0004012981966234797,0.0,0.0,0.05472418216785349,0.0,6.666190646675585e-06,0.0,0.0012611011526481972,0.0,0.0,0.00015640333565713517,0.0,0.0,0.0,0.0018697211108749247,0.0,0.0,7.969519822284534e-05,0.0,0.0056821219617984595,0.011339326899057115,[3],[-1]
702,0.0,0.05741235948530359,0.0004887912685375815,0.0,0.0,0.0,0.0,0.0,0.0016873178091925992,0.0014754733633704754,0.008233328294389764,0.0,0.0,0.0,0.004019516962917108,0.00026457132035538535,0.0,0.0,0.0,0.0,9.742402191170084e-05,[1],[5]
703,0.0,0.05744261991229134,0.00044623928590345214,0.0,0.0,0.0,0.0003121290225937282,0.0,0.0,0.0,0.0,0.0,0.0,0.0,0.0,0.0005214231410033696,0.01237105067318416,1.0455315911079154e-05,0.02383252566512119,0.004361487883692072,0.0,"[1, 18]",[-1]
704,0.0019093900388211335,0.0,0.0,0.037953370752821805,0.008160236180025903,2.996249054869277e-05,0.0013080330902023609,0.0,0.011837751437393075,0.01671061556861797,0.0,0.0016164679975979508,0.0,0.0,0.0,0.0045518506716775925,0.018987086540295836,0.0,0.0005732034564581356,0.0,0.02039986823070079,"[3, 8, 9, 16, 20]",[6]
705,0.0035156230244903545,0.0,0.0,0.014652392521603315,0.036292058841344864,0.0,0.0,0.0,0.03157392859220595,0.08549396084044292,0.0011453685534155128,0.0,0.0,0.0,0.0,0.0,0.004645664474236273,0.015157908213663626,0.0,0.025894051991439876,0.0,"[4, 8, 9, 19]",[6]
706,0.01173223629897624,0.0,0.0,0.013738684071219054,0.13734974537509442,0.00037771814523058855,0.0,0.0,0.0,0.0,0.0,0.0,0.0,0.0,0.0,0.0008129169728295714,0.0,0.0,0.024406950056547565,0.0,0.028637091670342993,[4],[6]
707,0.0,0.03779691695940794,0.0002533603603103839,0.0,0.023782550872557196,0.000879010120833279,0.0200929540254492,0.06816519442080839,0.00012312459774920794,0.0,0.0,0.00730934693144568,0.10541830939832503,0.0,0.0,0.0,0.0,0.0003733441476084021,0.0,0.0,0.0022561627028760754,"[1, 7, 12]",[-1]
708,0.0,0.04775229615558091,0.00040767446402292535,0.0,0.0,0.0,0.0,0.0,0.0014374096560502774,0.0012516120950533845,0.007407746561831022,0.0,0.0,0.0,0.003477383503599411,0.0002626782327246782,0.0,0.0,0.0,0.0,7.90728353925333e-05,[1],[-1]
709,0.002921464032531212,0.0,0.0,0.034941200693153235,0.02264653594176562,0.00018859038044652274,0.003956888017333186,0.0,0.012659596995943927,0.014755594605753137,0.0,0.010913189857184605,0.0,0.0,0.0,0.0,0.026056353847858933,0.0,0.003923412414908034,0.0,0.012384874557388929,"[3, 4, 8, 9, 11, 16, 20]",[6]
710,0.0,0.0,0.0,0.024773389930324723,0.0,3.173379544777423e-06,1.4023490165567504e-05,0.0,0.0,0.0,0.001099980596475545,0.0,0.0,0.0,0.0018296285702282542,0.002107981550230976,0.0,9.729021209387394e-05,0.0,0.0006913385261670852,0.0030223839854431334,[3],[-1]
711,0.002076597772501245,0.008835258319689654,0.0,0.0,0.08167061316993542,0.0005289452642974842,0.0,0.015739806418472575,0.0,0.0,0.0,0.0,0.040632891549156946,0.0,0.0,0.0,0.0,0.021443173587444287,0.0011855198999381799,0.0,0.0,"[4, 12]",[-1]
712,0.0,0.03157952718653043,0.000214753851336096,0.0,0.018702554475562915,0.0013506698404337747,0.018732256552819022,0.0662111326408279,0.0007653942242736194,0.0025177720387547097,0.0,0.008416983887869055,0.09833775293815737,0.0,0.0,0.0,0.0,0.0,0.008161418565614878,0.0,0.0,"[1, 7, 12]",[-1]
713,0.0,0.03247347433291239,0.0002486376976576005,0.0,0.015660242433937734,0.0014314951184732328,0.016707371949374102,0.05541318871650754,0.000710731715618463,0.0010343235463626743,0.0,0.007456487619447864,0.0866141164348917,0.0,0.0,0.0,0.0,0.0019529437959328849,0.003726686964120731,0.0,0.0,"[1, 7, 12]",[-1]
714,0.011216757829353658,0.0,0.0,0.01427356778808724,0.14776824218746412,0.00039963948523982133,0.0,0.0,0.0,0.0,0.0,0.0,0.0,0.0,0.0,0.0004696486584256587,0.0,0.0,0.030160608198405353,0.0,0.02518011587939707,[4],"[1, 6]"
715,0.0,0.0,0.0,0.020149920318881513,0.0,0.0,0.0,0.002411633484212182,0.0,0.0027935985328537472,0.0,0.0,0.0,4.447563737398544e-05,0.0012296132790410848,0.0,0.0,5.643478677224277e-05,0.016935830991107313,0.0,0.0,"[3, 18]",[6]
716,0.012869914951681601,0.0,0.0,0.014431144565953595,0.16535089084318555,0.000446079157717102,0.0,0.0,0.0,0.0,0.0,0.0,0.0,0.0,0.0,0.0002472195034617071,0.0,0.0,0.03570657391996651,0.012462157803574908,0.008891304224048506,[4],[-1]
717,0.0,0.0,0.0,0.03543194755803167,0.0,0.0,0.0,0.00780345886830047,0.0,0.0,0.0,0.0,0.0,0.0024754932370159737,0.0008202777574630663,0.0,0.0,0.001268579360798397,0.0017499253329680902,0.0,0.008589483542654553,[3],[6]
718,0.0,0.03782842092220369,0.00028815701193023305,0.0,0.0216305443787422,0.0009260445507729825,0.02178763933280796,0.07173180304378173,0.0023298975332571394,0.0,0.0,0.007973289705565278,0.1092146051084551,0.0,0.0,0.0,0.0,0.0015763887499589766,0.0,0.0,0.0028613300367351904,"[1, 7, 12]",[-1]
719,0.0,0.0,0.0,0.012081292330266951,0.0,0.0,0.0,0.003915389487101663,0.0,0.0,0.0,0.0,0.0,0.004724018294221493,0.0008033885211481539,0.0,0.0,0.0,0.0,0.0012281535625940825,0.00045512704130625035,"[3, 7, 13]",[-1]
720,0.0012036607838859681,0.0,0.0,0.030359476573073765,0.0020716699041767716,2.045317709447405e-05,0.004045472809582338,0.0,0.01945031788708097,0.009384450360404186,0.0,0.003173780463690524,0.0,0.0,0.0,0.0,0.04466512855986606,0.0,0.0038285903631598063,0.013145148858677192,0.0,"[3, 8, 16]",[6]
721,0.0,0.014706931212835088,0.0,0.0,0.006431402641679622,0.0,0.0,0.04568367583665023,0.0,0.040850027398522684,0.0,0.0,0.0,0.04567142557295068,0.0012285818634164654,0.003214765078473971,0.0,0.0003555849295091044,0.17214142694103624,0.0,0.0011902716589520263,[18],[-1]
722,0.0,0.025433463756217956,0.0,0.0,0.00931282105657198,0.0,0.0,0.06986293948978645,0.0,0.0,0.0,0.0,0.0,0.1015888515315921,0.0,0.0,0.01347879401581244,0.00016916227184120202,0.0,0.0045694857835923966,0.015454769840477233,"[7, 13]",[-1]
723,0.0,0.055755318888304914,0.00041838271712787224,0.0,0.0,0.0,0.0,0.0,0.0,0.0,0.0,0.0,0.0,0.0,0.0,0.0004136923722333839,0.013332835808270395,0.0,0.02272962767171936,0.004250136441111722,0.00030254104126910654,"[1, 18]",[-1]
724,0.0,0.06521569032078861,0.0004549735902141734,0.0,0.0,0.0,0.0003980784382198224,0.0,0.0,0.0,0.0,0.0,0.0,0.0,0.0,0.0,0.015559726663206942,0.0,0.0329430064976427,0.005464307825416588,0.0,"[1, 18]",[-1]
725,0.0007846303191300175,0.0,0.0,0.04406228165942894,0.0,9.246413564005716e-05,0.0011473237952524871,0.0,0.006046768887257323,0.0012028893494839877,0.0,0.0004363750512867743,0.0,0.0,0.0,0.0,0.00334637581409028,0.0,0.003491319637667387,0.0029022333253874493,0.0,[3],[6]
726,0.0,0.03574222017727461,0.0002784399846299779,0.0,0.01827838832079333,0.0014901299650947489,0.020460573086663447,0.06721290666034223,0.0012714039522540358,0.0,0.00035400975178510077,0.009153744156536876,0.10440283738610055,0.0,0.0,0.0,0.0,0.001341340841768382,0.0,0.004142947839381604,0.0,"[1, 7, 12]",[-1]
727,0.0,0.027503210280598277,0.0,0.0,0.009832997488167952,0.0,0.0,0.07460439007914696,0.0,0.0,0.0,0.0,0.0,0.10603301292450999,0.0,0.0,0.015650365145317122,0.000676206619909709,0.0,0.0,0.0,"[7, 13]",[-1]
728,0.0,0.017905524809265154,0.0,0.0,0.006778467383761847,0.0,0.0,0.05418560617054928,0.0,0.0,0.0,0.0,0.0,0.06930767358441896,0.000621064996819127,0.0,0.009703486813140656,0.00046573383392379517,0.0,0.0,0.0,"[7, 13]",[7]
729,0.0053393332905802135,0.03323586131510346,0.0,0.0,0.01227426301903777,0.0,0.0,0.08992631047077736,0.0,0.0,0.0,0.0,0.0,0.10410196674169692,0.0,0.006153853349892562,0.019642732752659292,0.0017591353102309204,0.0,0.0,0.0,"[1, 7, 13]",[3]
730,0.004045301694882872,0.0,0.0,0.012649190363411993,0.03773454125044209,2.9902850843128682e-05,0.0,0.0,0.03911333377919029,0.016942527668533665,0.0,0.00018975572568609442,0.0,0.0,0.0,0.0013320743385088598,0.07071617693103643,0.0,0.0,0.0,0.0,"[4, 8, 16]",[6]
731,0.0042133803556201445,0.0,0.0,0.016971330692306618,0.03745244402081905,0.0,0.0,0.0,0.07009416346706793,0.020675997199375677,0.0,0.0,0.0,0.0,0.0,0.00018991532023110476,0.08063427632508426,0.0,0.0,0.005159505675418269,0.0,"[4, 8, 16]",[6]
732,0.0,0.05398807167919938,0.00045934557552923684,0.0,0.0,0.0,0.0,0.0,0.001544370647648684,0.0013492358334054042,0.007468326191192735,0.0,0.0,0.0,0.0037481309787664066,0.0003493677187949349,0.0,0.0,0.0,0.0,5.907007231765507e-05,[1],[-1]
733,0.0,0.01462053127088126,0.0,0.0,0.006426015514534772,0.0,0.0,0.04427935455707905,0.0,0.048320946443111266,0.0,0.0,0.0,0.039372537878576634,0.0013523954467122756,0.003610848522976946,0.0,0.00033292511372210565,0.19766349299282554,0.0,0.0017809110150805464,[18],[-1]
734,0.0,0.0729430793689383,0.0005552502957189918,0.0,0.0,0.0,0.004746913289098176,0.0,0.0,0.0,0.0,0.0011774398581266693,0.010527707793645277,0.0,0.0,0.0,0.013402295668070269,0.0,0.02680850874173293,0.0028757842066548618,0.0,"[1, 18]",[-1]
735,0.0,0.06472049063869567,0.0005071249165895344,0.0,0.0,0.0,4.268634948487303e-05,0.0,0.0,0.0,0.0,0.0,0.0,0.0,0.0,0.0010530716178355655,0.013182080096674072,5.2194924261263846e-05,0.026388120532045818,0.0051318115633670145,0.0,"[1, 18]",[-1]
736,0.0,0.030577942541118147,0.00025845449760505897,0.0,0.014575529570561284,0.0008205860215211822,0.017100713028023497,0.050610607320348056,0.0005757960099112951,0.0,0.0,0.006025421493052332,0.08216758343335129,0.0,0.0,0.0,0.0,0.0,0.0,0.0,0.0014083012040904778,"[1, 7, 12]",[-1]
737,0.0016410608103217524,0.0,0.0,0.016619288722637245,0.01311000996113034,0.0,0.00022735717684332386,0.0,0.019202947614428596,0.017831134322226404,0.0,0.0007125074282322465,0.0,0.0,0.0,0.0,0.029062063112125686,0.0,0.0,0.0066604002364438865,0.0,"[3, 4, 8, 9, 16]",[-1]
738,0.001295831603633145,0.0,0.0,0.034471615871758496,0.0021598590447723023,1.9268235647502877e-05,0.005692316682082177,0.0,0.0026076785457475543,0.003502960177770866,0.0,0.009045975763887514,0.0,0.0,0.0,0.0,0.005865566569935684,0.00019683954530944683,0.003865477770776591,0.0,0.0024628703943761652,[3],[6]
739,0.0012828613493113122,0.0,0.0,0.030080410997919815,0.0023475744957944028,3.307301596612662e-05,0.0018998266300901086,0.0,0.006838918607252289,0.010031307144113284,0.0,0.0,0.0,0.0,0.0,0.002027067908209204,0.012802218676901178,0.0005000430812761927,0.0012534752190287313,0.0,0.01794202317714781,"[3, 9, 16, 20]","[6, 7]"
740,0.0,0.027410723739379667,0.0,0.0,0.011336584765706058,0.0,0.0,0.0715386459345211,0.0,0.0,0.0,0.0,0.0,0.08149945988518359,6.197437214711705e-05,0.0,0.010770915379981162,0.0,0.0,0.0,0.0,"[1, 7, 13]",[-1]
741,0.003502284622530136,0.0,0.0,0.015742636000335316,0.031451143570871344,0.0,0.00550980533034826,0.0,0.14314206926046505,0.00998770184796929,0.009934147917072646,0.0,0.0,0.0033120030250133378,0.013853722300646328,0.0,0.006054820002252674,0.0059442984857358385,0.0,0.12912027264628934,0.0,"[8, 19]",[-1]
742,0.03248874375417097,0.0014338484696831762,0.0,0.0,0.03782630695503129,0.0,0.21365661202952788,0.0,0.002185528722309479,0.005951947585759548,0.010071536901221728,0.0,0.0,0.01521738475314844,0.31076301517341104,0.0003135046504021087,0.0,0.0,0.0028085727710751613,0.0,0.00497169109627165,"[6, 14]",[-1]
743,0.0,0.028717257162083072,0.00025180758101142533,0.0,0.014904984279147783,0.0013859720866376646,0.01780161708788111,0.05553690577275049,0.001405156087195117,0.0,0.0,0.008185990827216239,0.0893665580857394,0.0,0.0,0.0,0.0,0.0,0.0,0.018642408750539713,0.0,"[1, 7, 12]",[-1]
744,0.0,0.048576101625516274,0.0003633285097517695,0.0,0.018073777445068568,0.0011150534640094801,0.022445110935983212,0.06445318112143686,0.0008539971337935792,0.0,0.0,0.00910491288957586,0.11029250317463409,0.0,0.0,0.0,0.0,0.0,0.001813089271698785,0.011567623334312428,0.00406486258069299,"[1, 7, 12]",[-1]
745,0.0010240574054631065,0.0,0.0,0.027785618214981524,0.0009572638426829306,0.0,0.011426542046460137,0.0,0.0017702032625343453,0.0016726864931135691,0.0,0.018050891428844078,0.0,0.0,0.0,0.0,0.004957471895399939,4.0878056762879306e-05,0.0028081636108806406,0.0,0.0,"[3, 6, 11]",[-1]
746,0.005464363186853846,0.0,0.0,0.022125597434127637,0.047404072918010694,7.3933378433209605e-09,0.0108880515808524,0.0,0.08274131994494692,0.046854429345984105,0.0,0.006199362300259122,0.0,0.0,0.0,0.0,0.2190713271786998,0.0,0.0006864368879724615,0.027400925491926808,0.0,"[8, 16]",[6]
747,0.001923513915173136,0.0,0.0,0.023209589748670087,0.01020773326833602,3.4511635144965617e-06,0.00258855297040794,0.0,0.013799749215466298,0.015980145166813304,0.0,0.003898067044004249,0.0,0.0,0.0,0.0,0.023131992561566173,5.0076749562906455e-06,0.0,0.0,0.023420697552453008,"[3, 4, 8, 9, 16, 20]",[7]
748,0.0,0.030131067363024955,0.00023052945234882714,0.0,0.01403723272347902,0.0009215386686088242,0.015096076550415756,0.05273803788468412,0.000894312236875742,0.00011479071421440263,0.0,0.0063158376139081755,0.07707331457013188,0.0,0.0,0.0,0.0,0.001462333266802416,0.0,0.002246238813407292,0.00014237830142686136,"[1, 7, 12]",[-1]
749,0.0,0.04371398388000645,0.00022561873278147002,0.0,0.0,0.0,0.0,0.0,0.0,0.0,0.0,0.0003724135445530988,0.0,0.02608286788905314,0.0,0.0,0.011771381091135798,0.0006859152790484023,0.017157861705300346,0.003100593197439725,0.004104581026881262,"[1, 13, 18]",[2]
750,0.009172367102188021,0.0,0.0,0.020217179111610667,0.0702080573091282,0.0,0.015108515886254309,0.0,0.024574780387979465,0.019008494254559586,0.0,0.03542413136521055,0.0,0.0,0.0,0.0007939015584367407,0.04399673157062001,0.0,0.0025674867441412767,0.0,0.012678834003821063,"[4, 8, 11, 16]",[6]
751,0.002116717031576858,0.0,0.0,0.021480574798156533,0.014334171290880193,1.583005690067518e-05,0.006961453950694815,0.0,0.033050334009609196,0.025849004402996662,0.0,0.005439715986166498,0.0,0.0,0.0,0.0,0.11273634132537687,0.0,0.0011356377858606629,0.0,0.0,[16],[-1]
752,0.0,0.0967481183020568,0.0007841943383027573,0.0,0.0,0.0,0.0,0.0,0.0020067414696059733,0.0022147701856619208,0.0079882490618263,0.0,0.0,0.0,0.005338104345168716,0.0,0.0,7.869771692395944e-06,0.0,0.0,0.0,[1],[-1]
753,0.0,0.030193935439184787,0.00016790302331593155,0.0,0.013034907015523496,8.788207743124698e-05,0.00943802459115569,0.04782023830829,0.003314370106675755,0.0021191508483403357,0.0,0.00528614170654134,0.0593099336693773,0.0,0.0,0.0,0.0,0.0012865338979455693,0.0012787240019836506,0.001946033681276647,0.0,"[1, 7, 12]",[2]
754,0.002760193627980559,0.0,0.0,0.02110475633819239,0.02568985333882778,8.724412491575663e-05,0.0006029498104782507,0.0,0.017297055954546295,0.02088636547090308,0.0,0.0048737109386053305,0.0,0.0,0.0,0.0,0.04545985779006597,0.0005222505170609189,0.0020778698838864605,0.0,0.02435513810910367,"[3, 4, 8, 9, 16, 20]",[6]
755,0.0,0.02363333872644826,0.0,0.0,0.008869818431866709,0.0056914484609918705,0.0014228943744318042,0.04791448222921241,0.0,0.006521594779393571,0.0,0.00242408803989911,0.029312281041793835,0.017384242036616714,0.0018592319029769463,0.0,0.001963978734247654,0.0,0.030822136802799747,0.0,0.0,"[1, 7, 12, 13, 18]",[-1]
756,0.0,0.017919875128353305,0.00014328804035305056,0.0,0.009722615726876445,0.000907097654131854,0.012746959110831891,0.036529917461556885,0.001444538719093139,0.0,0.0,0.005999886773710482,0.06224840495817971,0.0,0.0,0.0009078254595168325,0.0,5.3748562102466204e-05,0.0,0.0499686663975951,0.0,"[7, 12, 19]",[-1]
757,0.0,0.018044598457219674,0.0,0.0,0.005992203581372837,0.0,0.0,0.04379290355678237,0.0,0.0,0.0,0.0,0.0,0.0663823391087742,0.0,0.0,0.009771619799959183,0.0,0.0,0.0,0.0,"[7, 13]",[-1]
758,0.0037070349471212283,0.0,0.0,0.02054507006587547,0.028099978195407434,5.248693123803884e-05,0.0,0.0,0.026368329289552517,0.017317409049226986,0.0,0.002736497597715076,0.0,0.0,0.0,0.0,0.04384278553000269,0.0015136988770623734,0.0004912315830171552,0.0,0.0,"[3, 4, 8, 9, 16]",[-1]
759,0.0,0.0609106193818153,0.0005165978731717234,0.0,0.0,0.0,0.0,0.0,0.0017417437071199128,0.0017259509285647181,0.008177464169653603,0.0,0.0,0.0,0.003945438029296893,0.0,0.0,0.0,0.0,0.0,7.284363148025102e-05,[1],[-1]
760,0.0,0.03507008074702698,0.0,0.0,0.012725167680374646,0.0,0.0,0.09694749587962734,0.0,0.0,0.0,0.0,0.0,0.14089420771133973,0.0,0.0,0.018665009741118007,0.0002600689526036039,0.0,0.0011609435454938768,0.0,"[7, 13]",[-1]
761,0.0,0.02233704029562824,0.0001618792555038102,0.0,0.012895965572747178,0.0009305237596800983,0.013866000250530357,0.04672111247271285,0.0006187329519097728,0.0010937798785910031,0.0,0.006226185282473871,0.071304383340726,0.0,0.0,0.0,0.0,0.0,0.0031294226114634543,0.0,0.0,"[1, 7, 12]",[-1]
762,0.0,0.07257554857014814,0.0006144176553312102,0.0,0.0,0.0,0.0,0.0,0.002110126274653151,0.0020661398648412236,0.010153298416188295,0.0,0.0,0.0,0.004783403766361198,0.0,0.0,0.0,0.0,0.0,0.0,[1],[-1]
763,0.14914850521940862,0.01947276264249883,0.0002217284459768128,0.0,0.0,0.0,0.0,0.025421976710465526,0.0,0.0,0.00646510129417455,0.010404902414814964,0.030673125406065094,0.018887809708359706,0.0,0.006327042839603395,0.008736288352231033,0.022827393284765577,0.0,0.0047698912095200715,0.0,[0],[8]
764,0.0,0.005198732312164743,0.0,0.0,0.0014462036030359023,0.0,5.5060768260567134e-05,0.018806567491214454,0.0,0.006062338645404788,0.0,0.0008041585137639736,0.010158149957467857,0.004174134599291346,0.0006913887086923825,0.0,0.0,0.0,0.028768173500129456,0.0,0.0,"[7, 12, 18]",[-1]
765,0.004081390092857378,0.0,0.0,0.011668465365175427,0.048814006320190284,4.2238908975321056e-05,0.0,0.0,0.01633293279599285,0.007280059431663589,0.0,0.0,0.0,0.0,0.0,0.0,0.0,0.021602294098462916,0.004188639009100025,0.04600896553616543,0.0,"[4, 8, 17, 19]",[-1]
766,0.011533130048699575,0.0,0.0,0.018083891849654483,0.1437746085828633,0.0003507211558696625,0.0,0.0,0.0,0.0,0.0,0.0,0.0,0.0,0.0,0.0,0.0,0.0,0.028372207241871505,0.006834915786493196,0.0,[4],[-1]
767,0.0,0.008758424630885654,5.8515803125925205e-06,0.0,0.00166825052411267,0.582929648762903,0.0,0.0002584883337086645,4.77193416516856e-05,0.0008908971121408971,0.0005421226183260355,0.00013057057295039106,0.0,0.005599701370005568,0.0004531366733391084,0.0003103389253371074,0.001191639379601659,0.0,0.0,0.0,0.0005492939378016477,[5],[-1]
768,0.0,0.008758424630885654,5.851580312597793e-06,0.0,0.001668250524112672,0.5829296487629029,0.0,0.0002584883337086666,4.771934165168077e-05,0.0008908971121408844,0.0005421226183260169,0.00013057057295044535,0.0,0.005599701370005605,0.0004531366733390669,0.0003103389253371852,0.0011916393796016411,0.0,0.0,0.0,0.0005492939378017354,[5],[-1]
769,0.0,0.0218901653352277,0.0,0.0,0.007985034307642982,0.0,0.0,0.06153583441951633,0.0,0.0,0.0,0.0,0.0,0.09037197773025481,0.0,0.0,0.012191478323429076,9.13075559880458e-05,0.0,0.0004342410906660995,0.0,"[7, 13]",[3]
770,0.0,0.05334311645592459,0.00039392492159068065,0.0,0.0,0.0,0.0,0.0,0.0,0.0,0.0,0.0,0.0,0.0,0.0,0.00028590567055577923,0.008584429782379563,0.0,0.016298136425993384,0.0032391649625025014,0.0,"[1, 18]",[-1]
771,0.10410204586935545,0.011379691317545128,0.00021335686810435988,0.0,0.0,0.0,0.0,0.01257326129116672,0.0,0.0,0.0038300996255766348,0.008787569292978548,0.021628509238918125,0.00863712585762604,0.0,0.003878333825972983,0.0019762319802817644,7.035937039250429e-05,0.0,0.0,0.0015443662340648482,[0],[-1]
772,0.0,0.048480365586804346,0.00039306451343886205,0.0,0.0,0.0,0.0,0.0,0.0006866346402913829,0.0003004419273475759,0.0005210438298298355,0.0,0.0,0.0,0.0017416587939956512,1.83195754596219e-05,0.0,0.00035432177326085986,0.001242580447886981,0.0008729849148205315,0.0,[1],[5]
773,0.009171368018327021,0.0,0.0,0.012328616831695626,0.12473037920322157,0.00032773542619649027,0.0,0.0,0.0,0.0,0.0,0.0,0.0,0.0,0.0,0.0,0.0,0.0,0.026242870705226733,0.011843071638436458,0.0,[4],[-1]
774,0.007423822006202153,0.0,0.0,0.007736246845061984,0.10237579784667153,0.0002917675607835557,0.0,0.0,0.0,0.0,0.0,0.0,0.0,0.0,0.0,0.0008404975160168914,0.0,0.0009306616677270144,0.024465294597875765,0.011154064958330327,0.0434550267150641,"[4, 20]",[-1]
775,0.0,0.03295154778012762,0.0002699163794945768,0.0,0.016311627572609205,0.0006969577870186237,0.01862568985996875,0.0539766599459071,0.0006228229676373367,0.0,0.0,0.005735963053820746,0.08769541313728434,0.0,0.0,0.0,0.0,0.0022188457561867795,0.0,0.0,0.005824734139236091,"[1, 7, 12]",[-1]
776,0.008548993514481225,0.0,0.0,0.004221652068183281,0.05854037067361721,0.0,0.21658765169501862,0.0,0.0,0.0,0.02190389386476141,0.3526938136113175,0.0,0.01703786164520587,0.0,0.0,0.0,0.0,0.0,0.0,0.0,"[6, 11]",[0]
777,0.0,0.06295897293434241,0.0004780458397042888,0.0,0.0,0.0,0.004292334612823208,0.0,0.0,0.0,0.0,0.002075502590088293,0.015241492805168797,0.0,0.0,0.0,0.013590604816750625,0.0008741417219168292,0.02544508679022763,0.002987866907516305,0.0,"[1, 18]",[5]
778,0.0,0.017709663655224733,0.0,0.0,0.011144981021102182,0.0,0.0,0.05045469858495545,0.0,0.0,0.04692161908333184,0.0,0.0,0.05663538399762299,0.0034008807256415588,0.0,0.013005066379209595,0.06848906883200843,0.0,0.02221066821573647,0.0,"[7, 10, 13, 17, 19]",[-1]
779,0.1724304784963144,0.01980663102669234,0.0003282121804553342,0.0,0.0,0.0,0.0,0.021068847477723713,0.0,0.0,0.005651273404872921,0.01582556068533587,0.036824682204742436,0.01423556111296633,0.0,0.006769230039697525,0.006205223809439059,0.0,0.0,0.0,0.001848738629186056,[0],[8]
780,0.004944009156458555,0.0,0.0,0.02065256098645427,0.023833540356758436,0.0,0.002746366732473969,0.0,0.030258670836559465,0.01747197641056051,0.0,0.0,0.0,0.0,0.005305908297327884,0.0,0.04282730160503004,0.007083379083672537,0.0,0.006040735045388877,0.0,"[3, 4, 8, 9, 16]",[-1]
781,0.034748102777394,0.0,0.0,0.006596842025888425,0.03293934780594135,0.0,0.009848906794063295,0.0,0.03634062711770802,0.016490126433213494,0.000849029140521983,0.011294044540509652,0.0,0.0,0.0,0.000654084596273412,0.040230307830312284,0.03294644577246455,0.0,0.0,0.0,"[0, 4, 8, 9, 16, 17]",[6]
782,0.0,0.032036392559877676,0.0,0.0,0.011898093419408225,0.0,0.0,0.08761444099462172,0.0,0.0,0.0,0.0,0.0,0.12180472596609587,0.0,0.0,0.01704977642898895,0.00031352626918149996,0.0,0.0,0.0,"[7, 13]",[3]
783,0.0,0.030006324811929993,0.0002013211011796131,0.0,0.016276224722949078,0.0003699311045073739,0.012743885762915647,0.052595079877776486,0.0019063377272688167,0.0,0.0,0.0054190021577786435,0.0714695275161527,0.0,0.0,0.0,0.0,0.0003724223604066166,0.0,0.0,0.00014992774521320893,"[1, 7, 12]",[-1]
784,0.0,0.04360883744168806,0.0003249351492049932,0.0,0.024707901639699863,0.0011148760362974961,0.024988970306254778,0.08173807899299484,0.0009000439920294076,0.0,0.0,0.0091671184068455,0.12534520446736416,0.0,0.0,0.0,0.0,0.0013370043505169186,0.0,0.0,0.002250735722612377,"[1, 7, 12]",[-1]
785,0.0,0.024963985708575397,0.00011158833017264415,0.0,0.010355585845523983,0.00046397976515942117,0.008367445606217747,0.03479306345651164,0.000695368195709581,0.0002552238397061774,0.0009052568627122969,0.004160620745213278,0.04947135148163171,0.0,0.0,0.0,0.0,0.001831914049445071,0.0,0.0,0.0,"[1, 7, 12]",[2]
786,0.0,0.03520761582185029,0.0002719741919252747,0.0,0.017293162572328446,0.0013485944221658043,0.019718887131330163,0.0629991902174479,0.0007493635156311819,0.0,0.0018810227036540998,0.008275676389351727,0.09877510766954155,0.0,0.0,0.0007269747717417982,0.0,0.0,0.0,0.0,0.0,"[1, 7, 12]",[-1]
787,0.0,0.04050208962723583,9.100503045531466e-05,0.0,0.0014062611614980762,0.0,0.0,0.02356938485700118,0.0,0.0,0.0,0.0,0.0,0.06909769821970403,0.0,0.0,0.007695757310193591,0.0,0.0,0.00019202509642675115,0.00023367322463333683,"[1, 7, 13]",[-1]
788,0.001999393946982257,0.0,0.0,0.019950460252488898,0.012703303812866664,3.043936704068091e-05,0.002949331921264364,0.0,0.012031363279861425,0.01729274503234618,0.0,0.0007172571287211078,0.0,0.0,0.0,0.0,0.02372561093859538,0.0009531781564220421,0.0,0.0,0.032224045290961185,"[3, 4, 8, 9, 16, 20]",[6]
789,0.0,0.07559586172602979,0.0006212562762479601,0.0,0.0,0.003911126566902695,0.0,0.0,0.0017274696638882264,0.0015107382489770325,0.008810140775040814,0.0,0.0,0.0,0.004573336071879068,0.0,0.0,0.00010672033496584053,0.0,0.0,0.0,[1],[-1]
790,0.0,0.008012425503715226,0.0,0.0,0.004998117680625672,0.0,0.0,0.0227531275343315,0.0013199513817029047,0.0,0.47575609365761934,0.0,0.0018328363035381042,0.012561857495856903,0.0,0.0,0.011978598715412085,0.0,0.009726268275781004,0.0,0.002442044291785787,[10],[-1]
791,0.0,0.013621852534673557,0.0,0.0,0.007480709394642185,0.0,0.0033778803948702816,0.028123072116629105,0.0020067610818386306,0.0,0.3450760259761103,0.0,0.0,0.025060532735652154,0.009422049346636957,0.0,0.011125773633356381,0.0,0.0,0.0,0.0,[10],[5]
792,0.0,0.008012425503715228,0.0,0.0,0.004998117680625666,0.0,0.0,0.02275312753433149,0.0013199513817029112,0.0,0.4757560936576192,0.0,0.0018328363035381033,0.01256185749585689,0.0,0.0,0.011978598715412094,0.0,0.009726268275780955,0.0,0.0024420442917857787,[10],[8]
793,0.0,0.014913022781160403,5.494003448219056e-05,0.0,0.00540128122046333,0.0008901148505268258,0.0059256172812659665,0.021763015200134718,0.0001068870727696971,0.0019209052090650668,0.0,0.0026858012718342307,0.031698727915760394,0.0,0.0,0.0,0.0,0.0003252179878214807,0.006734850738821014,0.0,0.0,"[1, 7, 12]",[-1]
794,0.0017935197124759126,0.0,0.0,0.028412208192836422,0.00939018420653287,3.418443705197739e-05,0.0008345307721782448,0.0,0.011929476915691774,0.015884715468930333,0.0,0.0020041410613046346,0.0,0.0,0.0,0.0,0.020956628297736462,0.0005951321488034106,0.0008771702726065277,0.0,0.031055445697387822,"[3, 4, 8, 9, 16, 20]",[-1]
795,0.0,0.0,0.0,0.028242011204294912,0.0,0.0,0.0,0.0045686235525938534,0.0,0.0008376938709725732,0.0,0.0,0.0,0.002263256698402723,0.0014055501096045897,0.0,0.0,0.0001439253491053995,0.010628578010717015,0.00042098458748037626,0.0,"[3, 18]",[-1]
796,0.0,0.0294036925304384,0.0001799290996973619,0.0,0.02056434054710866,0.0006363667793541468,0.014082886177308806,0.055754290518954704,0.0,0.0,0.000815000069441303,0.006220486800262641,0.0817500990876526,0.0,0.0,0.0,0.0,0.0,0.0,0.0,0.0,"[1, 7, 12]",[-1]
797,0.0,0.0,0.050407545610872614,0.02064649337236833,0.0,7.52980393996452e-05,0.000566051300770483,0.0021221509992668296,0.0,0.0,0.0007948634114781286,0.0,0.0033348640432363076,0.0,0.0009082095246489529,0.0025242137695972505,0.0,0.0,0.0,0.0006882604676809618,0.007951549371780432,"[2, 3]",[-1]
798,0.0,0.04283435590301777,0.00032350850314914975,0.0,0.0,0.0,0.000749358361558421,0.0,0.0,0.0,0.0,7.3574021027067e-05,0.0,0.0,0.0,0.0,0.011898858300590053,0.0,0.023224149052498644,0.005210290268278582,0.0006468009769793017,"[1, 18]",[-1]
799,0.0,0.05053969771269921,0.00038308053168612313,0.0,0.0,0.0,0.0005115389258468866,0.0,0.0,0.0,0.0,0.0,0.0,0.0,0.0,0.0,0.011092796004956914,0.0,0.024208233618451293,0.004689948495979408,0.0005334600286823868,"[1, 18]",[5]
800,0.0033005080090251996,0.0,0.0,0.016332464749749028,0.029674734649545613,5.940726596571318e-06,0.019080728120508216,0.0,0.052460426890003714,0.04925660746864186,0.0,0.011002986126784834,0.0,0.0,0.0,0.0,0.2639723690634662,0.0,0.006749911680385519,0.07896398931624489,0.014218854051087124,[16],[6]
801,0.00580138884602397,0.0,0.0,0.0037201978256443703,0.07108683098334696,0.00015051302699466964,0.0,0.0,0.0,0.0,0.0,0.0,0.0,0.0,0.0,0.0,0.0,0.0,0.006345389497320176,0.1541712346763668,0.0,"[4, 19]",[-1]
802,0.0,0.025872117440277176,0.0,0.0,0.009336626888577152,0.0,0.0,0.07289390961581084,0.0,0.0,0.0,0.0,0.0,0.10640648443126148,0.0,0.0,0.014258668885617155,0.00039344763358141395,0.0,0.005207090628420015,0.019730985086171004,"[7, 13]",[-1]
803,0.0,0.06956395769059726,0.0005864285133761359,0.0,0.0,0.0,0.0,0.0,0.0021209862600532607,0.0024054413400926285,0.011171254018883112,0.0,0.0,0.0,0.004527957588029861,0.0,0.0,0.0,0.0,0.0,0.0,[1],[-1]
804,0.0,0.019470980200339928,0.0,0.0,0.005724418171682051,0.0,0.0,0.04671532788357351,0.0,0.0,0.0,0.0,0.0,0.06887028079638689,0.0,0.0,0.009653330006707138,0.0,0.0,0.0017051534658375788,0.009378953761633418,"[7, 13]",[-1]
805,0.0024825559894989537,0.0,0.0,0.02505794369881885,0.017012226753855973,4.28956789647564e-07,0.01839697128466286,0.0,0.048514156526223026,0.04385790164990974,0.0,0.010797968261021746,0.0,0.0,0.0,0.0,0.22300877693675375,0.00011853087560371934,0.005428604421819151,0.05989552576507131,0.0054831960925291875,[16],[6]
806,0.0,0.011089849077707771,0.0,0.0,0.006276331059933776,0.0,0.0,0.031705526424071415,0.00039888205634479746,0.0,0.4010333116625568,0.0,0.0,0.022594731363076253,0.0,0.0,0.012411475618761318,0.0,0.0006421602240307856,0.0,0.0,[10],[7]
807,0.006329167730901136,0.0,0.0,0.014569459955213972,0.03898436839693903,0.0,0.0015718108825971686,0.0,0.14770418223842807,0.011624588900546766,0.001043215761725034,0.0,0.0,0.0,0.000563454137612019,0.00024392162155937466,0.04941952608788147,0.01395293324312182,0.0,0.07748387805492432,0.0,"[8, 16, 19]","[1, 3, 6]"
808,0.1648588942999089,0.018061553762702347,0.0003331125515630947,0.0,0.0,0.0,0.0,0.02003468216003475,0.0,0.0,0.005845481073565407,0.014573379182440374,0.03418374172982061,0.013786781796722162,0.0,0.006132287704442563,0.003355228251181189,0.0,0.0,0.0,0.0021674227155445112,[0],[8]
809,0.0,0.03185836471861086,0.00017991949801776278,0.0,0.014344531847507128,0.0005026741003930679,0.012202400659788141,0.05015987168657419,0.0,0.0,0.0,0.006072290385819962,0.06989030108048844,0.0,0.0,0.0,0.0,0.00039621750867170386,0.0,0.0,0.0033387069014774134,"[1, 7, 12]",[-1]
810,0.0,0.02974039688764241,0.0002544596029993248,0.0,0.015069923138992483,0.00144828945546679,0.019107312578344814,0.05611307491492078,0.001593000385906362,0.0,0.0,0.008503844033882288,0.09326465126566585,0.0,0.0,0.0004639251495781578,0.0,0.00013872187903174267,0.0,0.05022969994771179,0.0,"[1, 7, 12, 19]",[-1]
811,0.0,0.023237802487947476,0.00018248218092663991,0.0,0.011801648025101088,0.0010244336024634855,0.014672342492553545,0.044054462985478056,0.0011534805351675022,0.0,0.0,0.006784607331842784,0.0729052441857538,0.0,0.0,0.0,0.0,3.113340755448564e-05,0.0,0.024607997450675906,0.0,"[1, 7, 12, 19]",[-1]
812,0.0,0.06201153917430253,0.00048399327523942934,0.0,0.0,0.0,8.263699994015903e-05,0.0,0.0,0.0,0.0,0.0,0.0,0.0,0.0,0.00122768033961387,0.014044600074826406,8.02004235297394e-05,0.027485180192314797,0.005393122347343887,0.0,"[1, 18]",[-1]
813,0.01043465465848011,0.0,0.0,0.011447291176725851,0.14358340601833705,0.00040150413362298514,0.0,0.0,0.0,0.0,0.0,0.0,0.0,0.0,0.0,0.0008768750338849932,0.0,0.001963011413568816,0.03275906545042138,0.0075400132088279635,0.042324504206587586,[4],"[1, 6]"
814,0.003415764775723316,0.0,0.0,0.016594229911329236,0.04135284354890724,3.781363302493661e-05,0.0,0.0,0.034946961136844645,0.002540490169536468,0.0,0.0,0.0,0.0,0.0,0.0,0.016772118001518423,0.0,0.003105071717171106,0.025027704657049288,0.0,"[3, 4, 8, 16, 19]",[6]
815,0.0002120471719900948,0.0,0.0,0.01977249998589532,0.0,2.511914957613129e-05,0.0,0.0,0.0,0.0,0.0006818185181125626,0.0,0.0,0.0,0.0009001738732078396,5.402328709277815e-05,0.0,4.730464265898931e-05,0.0,0.00027579838179771525,0.0006449570650848455,[3],[-1]
816,0.0,0.01564617711499099,0.0,0.0,0.005053691982488378,0.0,0.0,0.04002964107730928,0.0,0.0,0.0,0.0,0.0,0.06073528630682,0.0,0.0,0.008070959221738366,4.3986882207389744e-05,0.0,0.0026618006600710414,0.012580390877472418,"[7, 13]",[-1]
817,0.0,0.02994565730661475,0.0002497668330209902,0.0,0.0,0.0,0.0,0.0,0.0007035671359857376,0.0005687143150813793,0.0024800508571671703,0.0,0.0,0.0,0.0014213996682712101,0.0,0.0,1.2078644806122879e-05,0.0,0.0,0.0,[1],[-1]
818,0.0,0.03306932551092463,0.00026027086996795727,0.0,0.016959624198971363,0.0011086405546915,0.0194973189025232,0.05791299743734326,0.0010121851521680972,0.0,0.0,0.006643789953977126,0.09285372443142494,0.0,0.0,0.0,0.0,0.0,0.0,8.606954582531346e-06,0.0014807657584889231,"[1, 7, 12]",[-1]
819,0.00018693030222746975,0.0,0.0,0.025678894066784568,0.0,1.4749096775351229e-05,0.0,0.0,0.0,0.0,0.0010589828841131477,0.0,0.0,0.0,0.001559662612866884,0.0010608542284186138,0.0,9.001969949024949e-05,0.0,0.003136456205492858,0.013402993553910449,"[3, 20]",[6]
820,0.011717482634454051,0.0001404529424658772,0.0,0.0,0.020322323582206838,0.0,0.11366959983044823,0.0,0.0010525262040663415,0.003188019620218138,0.004625962395753658,0.0,0.0,0.007161021811342027,0.14722934412189248,0.0,0.0,0.004166157741179214,0.001270087938009931,0.0,0.0,"[6, 14]",[-1]
821,0.007960866663892027,0.0,0.0,0.012602905072790754,0.051148617255522916,0.0,0.17044604263582153,0.0,0.010765194466377232,0.009156297604237655,0.014424571889525072,0.2668514819208311,0.0,0.004900199855885416,0.0,0.0,0.03550595965236537,0.0,0.0,0.0,0.004028567022041567,"[6, 11]","[0, 6]"
822,0.0011638652915387905,0.016950705837141738,0.0,0.0,0.006239649199283401,0.0,0.0,0.04426235776725467,0.0,0.0,0.003320445895382068,0.0,0.0,0.04772092049654182,0.0022968490741123847,0.002813219172468508,0.009245603544587791,0.00026961952839701936,0.0,0.0,0.0,"[1, 7, 13]",[3]
823,0.0023678159948177274,0.0,0.0,0.03218790745517907,0.014657413303434876,3.089732845822197e-05,0.0022794988934337675,0.0,0.016507617813470155,0.02081740326824508,0.0,0.004440228631827673,0.0,0.0,0.0,0.0,0.032355292631404284,0.00011966005006587239,0.0007569353220264652,0.0,0.03346639031938968,"[3, 4, 8, 9, 16, 20]",[6]
824,0.007884802895187617,0.0,0.0,0.009408852416203812,0.11144034544823868,0.00031911012868631757,0.0,0.0,0.0,0.0,0.0,0.0,0.0,0.0,0.0,0.0,0.0,0.0,0.022224122257677885,0.01090591921075335,0.0,[4],[-1]
825,0.00010421242907382038,0.0,0.0,0.0147761750288254,0.0,2.369380973532693e-06,0.0,9.758239039679416e-05,0.0,0.0,0.0005558751283067418,0.0,0.0,0.0,0.0006173935952717823,0.0,0.0,3.0615422448928856e-06,0.0,0.00039299119732470175,0.0,[3],[-1]
826,0.0,0.07262799347048027,0.0006177907023376601,0.0,0.0,0.0,0.0,0.0,0.002139060473537122,0.001994023085939113,0.010635521738297333,0.0,0.0,0.0,0.005129717296126993,0.00032298431559284934,0.0,0.0,0.0,0.0,0.00012185606548970382,[1],[-1]
827,0.0008370861149514334,0.0,0.0,0.03197499495293703,0.0,4.0265787419006214e-05,0.0010271703783610534,0.0,0.0030553738052253145,0.0038436604669141797,0.0,0.0005824054772979059,0.0,0.0,0.0,0.0043473626155404515,0.0056013438141520105,2.9321719679683746e-05,0.0018974842200805057,0.0,0.01258835290551891,"[3, 20]",[6]
828,0.0,0.02353916574855579,0.00010951534596327434,0.0,0.006827897056613056,0.0010288061239873748,0.008051149488089947,0.02711060896800448,0.00043742547217711226,0.0010434472147050785,0.0,0.003892127673241956,0.04325062336593193,0.0,0.0,0.0,0.0,0.002284752318858754,0.004300522395670972,0.00021671109512368865,0.0,"[1, 7, 12]",[-1]
829,0.0023203534973631834,0.0,0.0,0.010825830024048903,0.01468257560977988,0.0,0.008172395008344914,0.0,0.03454394690917259,0.022401729083458242,0.002803999369104449,0.0,0.0,0.0,0.016065222828743526,0.0,0.010530029820764508,0.01723848691677771,0.0,0.05799135516496435,0.0,"[8, 9, 19]",[6]
830,0.005737968064187963,0.0,0.0,0.008677000883203062,0.021576795786929264,0.0,0.0375853628846239,0.0,0.0282138083474163,0.022428973246151836,0.0027124174428793542,0.0,0.0,0.0,0.057173101959981494,0.0,0.023256159446377902,0.0236238892432187,0.0,0.02390495065661074,0.0,"[4, 6, 8, 9, 14, 16, 17, 19]",[-1]
831,0.0,0.029336758756175564,0.000209494966428473,0.0,0.005294957191975188,0.0008271204287474984,0.008468820799108595,0.018339140466833718,0.0,0.0006326660757842942,0.0,0.0037739020009436796,0.041721949987348385,0.0,0.0,0.0,0.002925643361250384,0.0,0.00563536765071215,0.0002322608612596496,0.0005990515391702002,"[1, 7, 12]",[-1]
832,0.0,0.027861731316151706,0.0,0.0,0.010772987384382603,0.0,0.0,0.07935640287266126,0.0,0.0,0.0,0.0,0.0,0.11067493761024205,0.0,0.0,0.013896778540713318,0.0003943753419091689,0.0,0.0,0.0,"[7, 13]",[3]
833,0.0,0.01687854293142135,0.0,0.0,0.006864191377719691,0.0,0.0,0.03685096867645883,0.0,0.0,0.001579037617711581,0.0,0.0,0.04769742414662707,0.0,0.0,0.007324510352739632,8.284213718696172e-05,0.0,0.0,0.0,"[1, 7, 13]",[3]
834,0.0,0.013829682070324275,0.0,0.0,0.005182747619798123,0.0,0.0,0.03999932794007399,0.0,0.0,0.0010712042212933678,0.0,0.0,0.053464541213176196,0.0,0.0,0.008108525134989764,0.0,0.0,0.0038525053377136986,0.0,"[7, 13]",[-1]
835,0.0005848631139832859,0.0,0.0,0.015498118909113574,0.0037161155239669773,7.287126071102027e-06,0.0,0.0,0.0,0.0,0.0,0.0,0.0,0.0,0.0,0.0,0.0,0.00010795719084117421,0.0030050687942886852,0.0012189855155091192,0.022111969020230316,"[3, 20]",[-1]
836,0.0,0.02383188961713335,0.0,0.0,0.010520204217041682,0.0,0.0,0.06486836503986379,0.0,0.0,0.0005661270654855365,0.0,0.0,0.08453549875365132,7.403415899270355e-05,0.0,0.012359293779487725,0.0,0.0,0.000526411901759543,0.0,"[7, 13]",[-1]
837,0.0,0.012140295100611506,0.0,0.0,0.007679578823742116,0.0,0.0,0.03431271238249486,0.005540605415488109,0.13533833351005514,0.0,0.0007333593193610073,0.002807868040134401,0.02001321084852825,0.0005458881721248089,0.0,0.0,0.0009177304788709469,0.02009635535984626,0.0,0.0,[9],[-1]
838,0.00625816167204635,0.0,0.0,0.0051241107316973775,0.04542737294152072,0.0,0.149086688807166,0.0,3.510625893216982e-05,0.0,0.015115677154637925,0.2574204066122986,0.0,0.0070160083079237896,0.0,0.0,0.0,0.00033436883219183875,0.0,0.0,0.0,"[6, 11]",[0]
839,0.004001309483886722,0.0,0.0,0.0025828164999215737,0.02973012228634947,0.0,0.10863002873637478,0.0,0.0,0.0,0.011271967627541882,0.1903636183955606,0.0,0.006686584865728813,0.0,0.0,0.0,0.0,0.0,0.0,0.0,"[6, 11]",[0]
840,0.002537534382092246,0.0,0.0,0.010284246046864782,0.02575175195729019,4.908547007778493e-05,0.0004727379711017251,0.0,0.012105191009591149,0.007908410209790667,0.0,0.006533383151461182,0.0,0.0,0.0,0.0,0.023982391377030548,0.0,0.0018349908262100204,0.0,0.0278592430847143,"[3, 4, 8, 16, 20]","[6, 7]"
841,0.004103369631511545,0.0,0.0,0.015905983956024217,0.033182507556803756,0.0,0.01664139731857601,0.0,0.028047685295045456,0.015858783941671666,0.0,0.03111364257266237,0.0,0.0,0.0,0.0005781299537697851,0.04914003335120708,0.001246739337537038,0.0,0.0,0.03473986867734781,"[3, 4, 6, 8, 9, 11, 16, 20]",[6]
842,0.003088725225736784,0.0017790638504042826,0.0,0.0,0.07753447647890083,0.00012160184376347213,0.0,0.0,0.0,0.0,0.0,0.0,0.0,0.0,0.0,0.0012089587267093524,0.0,0.0,0.018508818305663276,0.011561208807551633,0.0,[4],[-1]
843,0.0,0.02947076735612031,7.692066651267963e-05,0.0,0.013005168274280677,0.000987325505849015,0.016725179834246845,0.048105232252055166,0.001593163731293548,0.0020062289970923896,0.006320625430685571,0.0,0.05791318653684418,0.0004199158385189624,0.0019155613975435698,0.0,0.0027794038106044427,0.0012865862131672015,0.0005835040803341404,0.0007922990339583519,0.00034285716120842856,"[1, 7, 12]",[2]
844,0.1780015399447041,0.02074041719805875,0.00036173234731794553,0.0,0.0,0.0,0.0,0.02203285507982519,0.0,0.0,0.006512861973995061,0.01397019703467548,0.03815844013396054,0.01513703689307278,0.0,0.007075021003725854,0.004276552764064601,0.0,0.0,0.0,0.0025550529319836495,[0],[8]
845,0.006144487329232615,0.010134905703021953,0.0,0.0,0.0020114483065131836,0.0011861846238522668,0.0005715244677013172,0.01858515983484143,0.0,0.0037066116266205045,0.0,0.0017158693602793234,0.014031263282900715,0.007784706278387603,0.0006243339593031277,0.0,0.002066767491468857,0.0003086837749318634,0.012637378261117802,0.0,0.004031242577466032,"[0, 1, 7, 12, 13, 18]",[-1]
846,0.0004882735937079111,0.0,0.0,0.03883932727800042,0.0,4.103548148468493e-05,0.0005841393954426861,0.0,0.00023244705525203165,0.0006725768876370379,0.0003070599908996339,0.0,0.0,0.0,0.00031064124348310223,0.0,0.0011947737816506642,3.756074277394739e-05,0.0008350864973727597,0.0,0.0,[3],[6]
847,0.0,0.0,0.0,0.03291784259274411,0.0,0.0,0.0,0.004079032532361531,0.0,0.0,0.0007134149590389772,0.0,0.0,0.0010161372605909825,0.002608839583007289,0.0,0.0,0.00028582645643009753,0.0,0.002152465465284033,0.011933089860416673,"[3, 20]",[6]
848,0.0,0.025914461197822678,0.00021497953320113344,0.0,0.01253518075105528,0.0004848099842980171,0.012737830724084555,0.043116949490770114,0.0007016427134160348,4.0284237349091616e-05,0.0,0.004763982915915784,0.06447222904436627,0.0,0.0,0.0,0.0,4.609808453985165e-05,0.0,0.0,0.0006873753195203413,"[1, 7, 12]",[-1]
849,0.0,0.04666696251686866,0.0003437612068176934,0.0,0.004182224730892336,0.0,0.00785176090151901,0.009991180833444366,0.002193034791925767,0.0001480036523203434,0.0,0.004069158498425445,0.0401365047167438,0.0,0.0,0.0,0.005136496193685251,0.0005950054455685185,0.010768892934155694,0.00460170652283796,0.0001467164775316178,"[1, 12]",[-1]
850,0.0,0.031218417475583196,0.00019054224566137344,0.0,0.015906505127968262,0.0006602592320915894,0.022017749866781056,0.05015267801905614,0.0008271542128027645,0.0,0.0005519064255318069,0.0005552862891125899,0.08308923965262555,0.0,0.0,0.0,0.0,0.0,0.0,0.0,0.0033268024288985705,"[1, 7, 12]",[-1]
851,0.0012625775211232628,0.012106315581152865,7.775860472261192e-06,0.0,0.0119216617917782,0.00014250343476738563,0.04132602219823785,0.018829020598097594,0.0029050422627799975,0.0,0.016054757765499507,0.0,0.03194093308778011,0.0,0.03866562026058539,0.008794896494266631,0.0018673044639250344,0.0,0.0,0.0,0.0,"[6, 7, 10, 12, 14]",[4]
852,0.0029405938851788547,0.0,0.0,0.01398671108980678,0.023008278264119313,4.238789942135894e-05,0.006569368568448534,0.0,0.03466275772831527,0.022786794393980986,0.0,0.0015698154754095134,0.0,0.0,0.0,0.0002673666304360678,0.09410124690426892,0.0009486412634460285,0.0,0.0,0.0,"[8, 16]",[6]
853,0.0,0.012864807810643244,0.0,0.0,0.0041373393683368925,0.0,0.0,0.033396413390157205,0.0,0.0,0.0,0.0,0.0,0.051076703436470305,0.0,0.0,0.007946891531806936,0.00013955892039414186,0.0,0.00040153725433974375,0.0,"[7, 13]",[-1]
854,0.0,0.022265871467417073,0.0,0.0,0.006225003638917224,0.0,0.0,0.04724442742182603,0.0,0.0,0.0,0.0,0.0,0.06300565423680882,0.0,0.0,0.008805161173574235,0.0,0.006059819753449525,0.0,0.004058128421819206,"[1, 7, 13]",[3]
855,0.0037325998989486513,0.0,0.0,0.007839875467808016,0.05283463365371528,0.0,0.0,0.0,0.0,0.0,0.0,0.0,0.0,0.0,0.0,0.0,0.0,6.201255546884243e-05,0.012868399481908748,0.0037997918954402153,0.0,[4],[-1]
856,0.004362714846956934,0.0,0.0,0.010740368727337385,0.05881391400878496,5.697199069088421e-05,0.0,0.0,0.0,0.0,0.0,0.0,0.0,0.0,0.0,0.0,0.0,0.0,0.011458673816131283,0.01402491069754032,0.0,[4],[6]
857,0.0016092273096856113,0.0,0.0,0.01601583605311858,0.013440152860461126,0.0,0.0,0.0,0.01751494691562476,0.008327192695076993,0.0,0.0,0.0,0.0,0.003514111873970105,0.0,0.010378049043765129,0.00973991309376037,0.0,0.05340945733550334,0.0,"[8, 19]",[-1]
858,0.024432039558720867,0.0004511666383484117,0.0,0.0,0.0403264377294427,0.0,0.2233047911217968,0.0,0.0024828619273901,0.00644172922755941,0.010432617427191867,0.0,0.0,0.014390111451065902,0.32479311202778155,0.00013332557144645098,0.0,0.0,0.004416214197210408,0.0,0.005083990586071624,"[6, 14]",[4]
859,0.0,0.024353963560182962,0.00018906520677616204,0.0,0.012242938672245995,0.0005242292591578316,0.014240985600994854,0.040573245647988296,0.00047988173443000643,0.0,0.0,0.004382218376969544,0.0667900188971196,0.0,0.0,0.0,0.0,0.0,0.0,0.0,0.00626626852943351,"[1, 7, 12]",[6]
860,0.0,0.024508706974384196,0.00022043321523948885,0.0,0.013255140704691621,0.0008064948420240441,0.014961152221927707,0.044739714160058834,0.0006883242790420762,0.0,0.0,0.005113607434169037,0.07166773525951223,0.0,0.0,0.0,0.0,0.0019707118602510718,0.0,0.0,0.001307532657923867,"[1, 7, 12]",[-1]
861,0.0017100416322780056,0.0,0.0,0.021605679313527987,0.009290054408358107,0.0,0.0022921797962178825,0.0,0.02524859960869027,0.013440572327711854,0.0,0.0005741291671722058,0.0,0.0,0.0,0.0005946651760848649,0.036762044586036005,0.0,0.00012425882074296732,0.007827738573188168,0.0,"[3, 8, 9, 16]",[6]
862,0.16588010398931496,0.017996342403294167,0.0003345035429987143,0.0,0.0,0.0,0.0,0.020024002887732695,0.0,0.0,0.005712311576797866,0.015107458221016416,0.03415831146055443,0.013789628542346702,0.0,0.006065125135968911,0.003182206486632623,0.0,0.0,0.0,0.0020252847431881825,[0],[8]
863,0.00815797278186415,0.0,0.0,0.010856504407035733,0.116533854576306,0.0003277981335881196,0.0,0.0,0.0,0.0,0.0,0.0,0.0,0.0,0.0,0.0,0.0,0.0,0.024465005213645412,0.012612286385041586,0.0,[4],[6]
864,0.0,0.02877531383527416,0.00016923353569641718,0.0,0.0,0.0,0.0008364419559850584,0.0,0.0002130949717386605,0.0034779584413374954,0.0,0.00040242279256472993,0.0016910326614429296,0.0,0.0,0.0,0.0,0.0020628028623039165,0.01035307251189021,0.0004884821363420604,0.00031144587948986357,"[1, 18]",[-1]
865,0.010255622663729758,0.0,0.0,0.016115324148532995,0.12476701845356561,0.0003301414754252974,0.0,0.0,0.0,0.0,0.0,0.0,0.0,0.0,0.0,0.0,0.0,0.0,0.025061435343425646,0.009696730126682415,0.0,[4],[-1]
866,0.00025872216722831607,0.0,0.0,0.029709696788553085,0.0,0.0,0.0,0.0004954237246269675,0.0,0.0,0.0,0.0,0.0,0.0,0.0005356269038814743,0.0,0.00028371391640320977,0.00017766553845360104,0.0006314327205706306,0.001155903804441682,0.0,[3],[6]
867,0.0,0.013062015585781817,0.0,0.0,0.003509625600464585,0.0,0.0,0.02410362244722524,0.0,0.0008898518348443426,0.0,0.0,0.0,0.02946364465685008,0.0,0.0,0.004253914531469732,0.00032440687429000065,0.011855857837070405,0.0,0.0,"[1, 7, 13, 18]",[-1]
868,0.0,0.008928928468249662,0.0,0.0,0.002740809667574311,0.0,0.0,0.017864748828614125,0.0,0.0022180403359939455,0.0,0.0,0.0,0.018557483242630596,0.0,0.0,0.002149454668580821,0.0,0.014109503225488703,0.0,0.0,"[1, 7, 13, 18]",[-1]
869,0.0015476162910723758,0.0,0.0,0.009829008205080304,0.015316058081708045,2.4004864628571586e-05,0.0011524435133310636,0.0,0.007510796911982891,0.00693126372407177,0.0,0.006111564938484301,0.0,0.0,0.0,0.0,0.018045271584439096,0.0,0.0013951973563130556,0.0,0.019563771460295334,"[3, 4, 8, 9, 11, 16, 20]",[7]
870,0.0050140312205591295,0.0,0.0,0.0199117962977751,0.021622493772316058,0.0,0.0019410776392435206,0.0,0.03327545670947509,0.01943533031974868,0.0,0.0034413301156220764,0.0,0.0,0.0,0.0,0.03543276506497396,0.0,0.0,0.0,0.00986175849236602,"[3, 4, 8, 9, 16]",[-1]
871,0.16556883269395462,0.020502397275679648,0.0002702003194661046,0.0,0.0,0.0,0.0,0.02269890176748941,0.0,0.0,0.004010404255860403,0.012869536237539744,0.038860047816672356,0.012390465816423056,0.0,0.006514011990607195,0.006870754158040198,0.0,0.0,0.0,0.0013309422789702199,[0],[8]
872,0.016056059259409047,0.0,0.0,0.0024946561139208233,0.026243393392999886,0.0,0.15044008761659733,0.0,0.0019360199416335105,0.003608015205560645,0.011208602960966067,0.0,0.0,0.008315237737636753,0.202564440344554,0.0007799812906926703,0.0,0.0042498013436432685,0.002547382235509998,0.0,0.0003227811351746434,"[6, 14]",[7]
873,0.010542427974295027,0.0,0.0,0.00818400151990056,0.06625830552116463,0.0,0.1647698917715391,0.0,0.0,0.0004496099491710563,0.014921661268930264,0.2609885500975323,0.0,0.003010648455977889,0.0,0.0,0.0,0.0,0.0,0.0,0.0,"[6, 11]",[0]
874,0.0,0.01754533355355347,0.0,0.0,0.00772482939503494,0.0,0.0,0.05764884219069335,0.0,0.05931603713006197,0.0,0.0,0.0,0.055115695992776034,0.0017098780183411539,0.004599444272672549,0.0,0.000585918907280758,0.2569453721053624,0.0,0.002624232820642139,[18],[-1]
875,0.0,0.02161308270120945,0.0,0.0,0.009310838205437646,0.005479621849227232,0.0,0.05204900470111381,0.0,0.03479349454203155,0.0,0.0010466813808556478,0.017176969509606586,0.026297157266212665,0.003912014875870618,0.0,0.0,0.0008685977194453652,0.1023343842359364,0.0,0.0012480382500763283,"[7, 9, 18]",[-1]
876,0.0,0.017711337071595168,0.0,0.0,0.006065750454795401,0.0,0.0,0.04521216544290016,0.0,0.0053115612466272215,0.0,0.000134227302485421,4.176278396895883e-06,0.0354237064797939,0.0006557267567585561,0.0,0.003549682077454625,0.0,0.02957818058579464,0.0,0.0,"[1, 7, 13, 18]",[7]
877,0.0,0.014202823998284118,0.000164330026103931,0.0,0.007312938960890953,0.0005600065922093214,0.008494991179035748,0.025866413000953853,0.0002851134950030056,0.0,0.0,0.0033726918701568825,0.041740207845930286,0.0,0.0,0.0,0.0,0.00013511649044506416,0.0,0.0,0.0010518464856191711,"[1, 7, 12]",[-1]
878,0.0,0.05616775382311566,0.0004729218034079929,0.0,0.0,0.0,0.0,0.0,0.0013647961728351452,0.0009906005688586556,0.005774717078953347,0.0,0.0,0.0,0.003361683118750182,0.00042031791876911295,0.0,9.534013238007769e-05,0.0,0.00015456839602696998,4.3578531376776777e-05,[1],[-1]
879,0.0,0.012768887847568305,0.0,0.0,0.004090299365752656,0.0,0.0,0.03295196172593718,0.0,0.0,0.0,0.0,0.0,0.04940434398492501,0.0,5.997530280531992e-05,0.007974474696470992,0.0,0.0,8.810057592857809e-05,0.0,"[7, 13]",[-1]
880,0.0,0.03441251371817093,0.0002532847122274013,0.0,0.0025199390779904562,4.412064570557713e-05,0.006036248412422973,0.006345762068443585,0.0,0.0,0.0,0.0029276962360624305,0.02978955769770919,0.0009350995527716411,0.0,0.0,0.007802495961434188,0.0,0.009770454082347361,0.0,0.0,"[1, 12]",[-1]
881,0.004262829914442762,0.0,0.0,0.025648365024038576,0.021174742353221723,0.0,0.0039915924363553784,0.0,0.022996228123374228,0.0713489257335697,0.0,0.0,0.0,0.0,6.05734728023031e-05,0.0,0.019680334208674176,0.0,0.0,0.0,0.020577725970751266,"[3, 8, 9]",[-1]
882,0.002542841904598577,0.0,0.0,0.017123260317336457,0.019440540233834694,0.0,0.02232499123422447,0.0,0.054604040265790466,0.05032990385040673,0.0,0.012254848616173498,0.0,0.0,0.0,0.0,0.26481292014017715,0.00011223902727280911,0.004888849510293349,0.07895577522247624,0.009038085339634455,[16],[-1]
883,0.0,0.021126183672640596,0.00016260779549533434,0.0,0.010925099099690888,0.0011538060035343814,0.013716791486370486,0.04097099453225307,0.0016413054346989793,0.0,0.0,0.006426692327576887,0.0679956269440306,0.0,0.0,0.00018016087028315854,0.0,0.0,0.0,0.039699449301957825,0.0,"[1, 7, 12, 19]",[-1]
884,0.0,0.013506962627935003,0.0,0.0,0.005826015829046039,0.0,0.0,0.04388304217628098,0.0,0.046643289044832816,0.0,0.0,0.0,0.041127213266887036,0.0013177987966778812,0.0036426508313721017,0.0,0.0003369722922862142,0.20176650302225158,0.0,0.0015798992027162661,[18],[-1]
885,0.0,0.01987186978902565,7.599355542366132e-05,0.0,0.0,0.0,0.0006695303358254954,0.0,0.0,0.0,0.0,0.0003625676417174017,0.002570630776248928,0.0,0.0,0.0,0.001301309876265896,0.0,0.005070030714196925,0.0,0.0,[1],[5]
886,0.0005285147054252155,0.0,0.0,0.015565607751798978,0.0028179379886709224,1.820661195311311e-05,0.0,0.0,0.0,0.0,0.0,0.0,0.0,0.0,0.0,0.0,0.0,5.675938028915506e-06,0.002691837029115768,0.0004116512359714723,0.007769722189974444,"[3, 20]",[-1]
887,0.0,0.021963437440441845,0.0001994084821215824,0.0,0.009906703518032842,0.0006935045803832332,0.0110067125376733,0.03432563721634279,0.0005463537313048656,0.0,0.0,0.004960195908823408,0.05623706533171399,0.0,0.0,0.0,0.0,0.0,0.0,0.003773652125393456,0.0,"[1, 7, 12]",[-1]
888,0.001489252011378552,0.0,0.0,0.009860511389488829,0.01146875823952884,0.0,0.00095038562279971,0.0,0.0195625814296956,0.01279052054129347,0.001088318910781155,0.0,0.0,0.0,0.004028831623258757,0.0,0.0164715773981493,0.028061538252162323,0.0,0.04425579577453257,0.0,"[8, 16, 17, 19]",[-1]
889,0.0067553683059826735,0.0,0.0,0.01258540636464245,0.07429567992702313,0.00016936214402549023,0.0,0.0,0.01871867374109323,0.004500376349054491,0.0,0.0,0.0,0.0,0.0,0.0008930276081774962,0.025526293422120934,0.0018630164609387176,0.008624486854090573,0.0,0.036949023309799656,"[4, 16, 20]",[6]
890,0.0,0.0259155828713596,3.200394223142031e-05,0.0,0.0014758370528384702,0.0,0.0,0.012564102752778318,0.0,0.004535419823595334,0.0,0.0011115136873384782,0.008957575679449223,0.014422651083829854,0.0,0.0,0.0057343359995838394,0.0,0.0367259685833744,0.00037795979890816887,0.0,"[1, 7, 13, 18]",[-1]
891,0.0,0.006581334769460019,0.0,0.0,0.0032489262621277293,0.0,0.0,0.028959884152094096,0.0,0.0,0.09590917190856853,0.0,0.0,0.033722785592509436,0.0008536509715877847,0.0,0.00641149536769893,0.0,0.0,0.0003826297471604426,0.0,"[7, 10, 13]",[6]
892,0.025016217114832897,0.0011626256288963866,0.0,0.0,0.04354898381388454,0.0,0.23147615682935474,0.0,0.010677386850826838,0.010474970485592183,0.023362953746728542,0.0,0.0,0.015336720852070055,0.3184362078036049,0.0028713112037405766,0.020223483336361432,0.0,0.00101927258887488,0.008452918285841951,0.0026623452562522165,"[6, 14]",[4]
893,0.00792750881167102,0.0,0.0,0.008282722818431655,0.08738657310484536,0.00017534657911031696,0.0,0.0,0.0,0.0,0.0,0.0,0.0,0.0,0.0,0.0,0.0,0.0,0.017252089159315413,0.007401620838720362,0.0,[4],[6]
894,0.0005041858833602775,0.0,0.0,0.02326676578987827,0.0,2.8265448599974362e-05,0.00095500864420984,0.0,0.0046380792791461895,0.002887630427259403,0.0,0.0004862084346145754,0.0,0.0,0.0,0.004307939443026716,0.006230134533290996,0.00026120184675686143,0.0009413388515550523,0.0,0.01933786362244795,"[3, 20]",[-1]
895,0.0006182799754393844,0.0,0.0,0.009195516129101822,0.006022127851243187,1.0153540512077102e-05,0.0,0.0,0.0,0.0,0.0,0.0,0.0,0.0,0.0,0.0,0.0,8.646102469951457e-05,0.0023513014882127216,0.0,0.00848512634632959,"[3, 4, 20]",[-1]
896,0.13846153448036888,0.015363080017932247,0.00028187632932321125,0.0,0.0,0.0,0.0,0.017110942050009906,0.0,0.0,0.005146100725195336,0.012148036744739335,0.02894182810264596,0.01176106926538618,0.0,0.005294014830269011,0.003057051337501198,0.0,0.0,0.0,0.0017764662120528028,[0],[8]
897,4.746833762172015e-05,0.0,0.0,0.0056350094260283826,0.0,1.5945776073691968e-06,0.0,0.0,0.0,0.0,8.495717734174022e-05,0.0,0.0,0.0,0.00021788845317612435,0.0,0.0,0.0,0.0,0.00040175625899037355,0.0,[3],[-1]
898,0.0013871584061782632,0.0,0.0,0.0024192117379248745,0.018309859624191707,0.0,0.0,0.0015795114172327633,0.23314709686193558,0.0,0.0034111542110961957,0.0,0.0006813793251991286,0.007215997921165014,0.0028695794542169147,0.0009250808360012441,0.0,0.0018640453243830974,0.0,0.14621480760613198,0.046867069593195504,"[8, 19]",[3]
899,0.0023345197078651152,0.0,0.0,0.0036236860422705257,0.03602183258650193,0.0,0.0,0.0054809299569354404,0.40110284038009447,0.0,0.005279856969237557,0.0,8.925799664040631e-05,0.014757045495759765,0.005577400761049726,0.0006586043395715857,0.0,0.0,0.0,0.11804696754265312,0.035914127121862004,[8],[-1]
900,0.0,0.008012425503715233,0.0,0.0,0.0049981176806256754,0.0,0.0,0.022753127534331494,0.0013199513817029095,0.0,0.4757560936576192,0.0,0.0018328363035381113,0.012561857495856898,0.0,0.0,0.011978598715412105,0.0,0.009726268275780834,0.0,0.002442044291785806,[10],[7]
901,0.0,0.025134828091288728,0.00017804884407311068,0.0,0.011824269515961832,0.0008424662976919728,0.01366885617393145,0.044884207785671426,0.0005461588690295271,0.0,0.0011847438853846263,0.0063252763492893,0.07007488848538845,0.0,0.0,0.0013915781775095495,0.0,0.001940996830039958,0.0,0.004185031278954287,0.0,"[1, 7, 12]",[-1]
902,0.0,0.03493544079467561,0.0002801212654436425,0.0,0.01909597567201572,0.0009381055423457836,0.020204946549968156,0.06309204571214624,0.0008730819837648264,0.0,0.0,0.007163887049783512,0.09937278071125069,0.0,0.0,0.0,0.0,0.0018870015042308564,0.0,0.0,0.0007385696138646641,"[1, 7, 12]",[-1]
903,0.0,0.02624717349296414,0.00016209126931162246,0.0,0.015375908541267797,0.0005595777429503734,0.013605467495393837,0.056280301672557334,0.00048291504810017087,0.0029566983270993726,0.0,0.006403729348036218,0.07535392861703727,0.0,0.0,0.0,0.0,0.0,0.008948434033461293,0.0,0.0,"[1, 7, 12]",[-1]
904,0.00889929218679574,0.0,0.0,0.005747926587312888,0.056308145589859436,0.0,0.2040307291535681,0.0,0.0,0.0,0.02027523710453626,0.32076231191971033,0.0,0.009130080738471711,0.0,0.0,0.0,0.0,0.0,0.0,0.0,"[6, 11]",[0]
905,0.013052683771123567,0.0,0.0,0.01627088887696109,0.16705727513077998,0.0004551007827622765,0.0,0.0,0.0,0.0,0.0,0.0,0.0,0.0,0.0,0.0,0.0,0.018339172452579856,0.03242063111004523,0.014001556146923453,0.0,[4],"[1, 6]"
906,0.025811249488178797,0.0,0.0,0.0,0.04713407395363073,0.0,0.2201061245746905,0.0,0.0012051044089876827,0.005680994004682415,0.010032557772441681,0.0,0.0,0.012523899820212589,0.32164379098535534,6.402453910786787e-05,0.0,0.0,0.005773085860755469,0.0,0.004934857408414602,"[6, 14]",[-1]
907,0.0,0.05173954713431375,0.0003592720725850079,0.0,0.0,0.0,0.00033084217467393783,0.0,0.0,0.0,0.0,0.0,0.0,0.0,0.0,0.0009042745917346519,0.014704711662404783,0.0,0.028457806875315166,0.004790181787829799,0.0,"[1, 18]",[-1]
908,0.0,0.020379741682628214,0.00016559237384681076,0.0,0.011460847194725484,0.001080656112716766,0.01531842027833129,0.043016527387202644,0.0014334469725446888,0.0,0.0,0.00710002541185566,0.07399617426175882,0.0,0.0,0.0017157403080545175,0.0,0.0001966226637888164,0.0,0.06291173592667555,0.0,"[7, 12, 19]",[-1]
909,0.004416443957326136,0.0,0.0,0.009616993376401423,0.04391091472390371,0.0,0.0,0.0,0.11890410050637538,0.006821292233279454,0.0,0.0019426199988178945,0.0,0.0,0.0,0.0032704713341283457,0.052013533734544995,0.00022958281000288439,0.0,0.0,0.0325201779302753,"[4, 8, 16]",[6]
910,0.0,0.022440140274576557,0.0,0.0,0.007994782730304042,0.0,0.0,0.06016396838229427,0.0,0.0,0.0,0.0,0.0,0.08518634585214277,0.0,0.0,0.011951388100201401,0.0003249501361749504,0.0,0.0,0.0,"[7, 13]",[3]
911,0.0,0.028526930182897814,0.0,0.0,0.010323042807453359,0.0,0.0,0.07899603646852758,0.0,0.0,0.0,0.0,0.0,0.11171591126655062,0.0,0.0,0.01408361561057239,0.0,0.0,0.00036885952394698224,0.0,"[7, 13]",[-1]
912,0.0,0.010453924498016649,0.0,0.0,0.0026842764047110123,0.0008287170670968748,0.0,0.02350464473423046,0.0,0.001431312406068976,0.0,0.0007462082032465297,0.009171693599719718,0.011361481698255628,0.0010278305528547498,0.0,0.0007359227808202424,0.0,0.011584600737228038,0.0,0.0,"[1, 7, 12, 13, 18]",[7]
913,0.009358948941978671,0.0,0.0,0.006182401191383249,0.06034645115175513,0.0,0.2174856075051055,0.0,0.0,0.0,0.02172238526135151,0.3470920830807565,0.0,0.009747154881779165,0.0,0.0,0.0,0.0,0.0,0.0,0.0,"[6, 11]",[0]
914,0.024976636310240167,8.143038821048e-05,0.0,0.0,0.04130854013765511,0.0,0.23033996439720755,0.0,0.0024662818519900925,0.006494130614424976,0.01111258224135725,0.0,0.0,0.014533932085452046,0.3343602833045394,0.0001582309643405742,0.0,0.0,0.0047546489858648665,0.0,0.004848522797245691,"[6, 14]",[4]
915,0.0,0.014307336108485504,0.0,0.0,0.00448349617665826,0.0,0.0,0.03566492832934886,0.0,0.0,0.0,0.0,0.0,0.052328022970650694,0.0,0.0,0.007019615724123858,0.00026713601663698,0.0,0.0005451772405761985,0.0049400371342336515,"[7, 13]",[-1]
916,0.00020003146981245512,0.0,0.0,0.028904129388074247,0.0,2.7859844136654994e-05,0.0,0.0003893807127021669,0.0,0.0,0.0007911495122320432,0.0,0.0,0.0,0.0012240889981850512,0.0,0.0,0.00011415334424943579,0.0,4.082988367284695e-05,0.0,[3],[6]
917,0.0,0.02050277163415666,0.00015277625645357173,0.0,0.010897401060845035,0.0008596337480284077,0.012537903025529058,0.041434210591516724,0.0005646748980922181,0.0,0.0013963115969030692,0.005897839959201275,0.06417386727386813,0.0,0.0,0.0009408695731355749,0.0,0.0,0.0,0.00625543686240379,0.0,"[1, 7, 12]",[-1]
918,0.0,0.031461092681957445,0.00018091057270294475,0.0,0.01869013527624459,0.0001279620791504654,0.013064223116991146,0.06333047014584701,0.0005621590807516304,0.00046221091254669533,0.0,0.00585441908488543,0.07745143218585455,0.0,0.0,0.0,0.0,0.0015975560093775222,0.0,0.0,0.0,"[1, 7, 12]",[1]
919,0.0,0.03791124921902052,0.00026223823877885805,0.0,0.018791360341232577,0.0007002403703513565,0.017918113562694318,0.06568470599658191,0.002561561620564057,0.0,0.0003411866179910791,0.007588275958241386,0.0950338593574763,0.0,0.0,0.0,0.0,0.001200411085926792,0.0,0.0,0.0004565686335921923,"[1, 7, 12]",[-1]
920,0.00148459173375629,0.0,0.0,0.01709721159962568,0.009017709575909283,0.0,0.0006855744179353483,0.0,0.01651747177165988,0.010355946136497271,0.00018174850809116367,0.0,0.0,0.0,0.0031358779186208864,0.0,0.014895330719406288,0.010536666035191418,0.0,0.03829500899829742,0.0,"[3, 8, 16, 19]",[-1]
921,0.0,0.009583984284153729,0.0,0.0,0.00014661155750637084,0.0,0.0,0.006502686309534285,0.0,0.0,0.0034770246661617607,0.0,0.0,0.011872829952860289,0.0,0.0,0.0019310234367398429,0.0,0.0,0.0,0.0,"[1, 7, 13]",[2]
922,1.9057920428550835e-05,0.0,0.0,0.02682218373464916,0.0,9.13971553896241e-05,0.0,0.0007551710245521932,0.0,0.0,0.0005552505176210605,0.0,0.0,0.0,0.0011763648784280534,0.0,0.0,0.00010541143605840115,0.0018498238870293647,0.000521977147447919,0.0,[3],[-1]
923,0.13430487012485787,0.015433164367043714,0.000253943451763087,0.0,0.0,0.0,0.0,0.017450035301374144,0.0,0.0,0.004980533082427824,0.008837515925350052,0.028557489607945387,0.011823619491872604,0.0,0.004985202879967939,0.0032899997102365237,0.00019387148798516795,0.0,0.0,0.0024202539521583025,[0],[8]
924,0.0,0.013240096632932345,0.0,0.0,0.015828469680968005,0.0,0.0,0.03420019964663959,0.00313447572430718,0.0,0.0018018856087770802,0.0,0.009518110351502683,0.01966913644076282,0.0,0.0,0.0016274106773611686,0.0,0.0,0.0005666999801891041,0.0,"[1, 4, 7, 13]",[1]
925,0.0020251638521014887,0.0,0.0,0.003931286071944467,0.02171535216754471,0.0,0.0,0.0007125512844504848,0.23837362010320448,0.0,0.00342768739038617,0.0,0.00023888333379561074,0.006951764467297909,0.0028216154806716986,0.0008824300563283998,0.0,0.0,0.0,0.1550152560103754,0.03832677183828966,"[8, 19]",[3]
926,0.0,0.024514201711750103,0.0,0.0,0.00909192025212299,0.0,0.0,0.06675371062125296,0.0,0.0,0.0,0.0,0.0,0.09558803388710128,0.00020007768514162847,0.0,0.01360667306969257,0.0,0.0,0.002706409736619808,0.0,"[7, 13]",[-1]
927,0.0,0.012038221963555324,2.050722419625591e-06,0.0,0.0005077735351956576,0.0,0.0009222439844412555,0.004957889682902872,0.0,0.005628609757539635,0.0,0.0008306188528478866,0.007930187400859386,0.0018365244172179815,0.0,0.0,0.0,0.0,0.01765725572091091,0.0,0.0,"[1, 9, 12, 18]",[-1]
928,0.0004473579470719367,0.0,0.0,0.010668683512350315,0.002532418486002087,1.3816271436308056e-05,0.0008116598115983653,0.00023843355525457206,0.018710603961793956,0.0017278232400394864,0.0007870045541856933,0.0,0.0,0.0,0.0013925622396818622,0.0,0.0011912986463281645,0.0,5.4762835156500924e-05,0.02061305877408125,0.0021571754948293844,"[3, 8, 19]",[6]
929,0.0,0.011034443751043467,0.0,0.0,0.005015250060345719,0.0,0.0,0.03376977852061326,0.0,0.04324461982607729,0.0,0.0,0.0,0.02666180383199905,0.0010301434717035418,0.0032370379915953157,0.0,0.00019363965581442307,0.17003477593820296,0.0,0.0012658038150178377,[18],[-1]
930,0.008558287740231964,0.0,0.0,0.01139666702970483,0.041893243492777656,0.0,0.08914969138419797,0.0,0.013168876392615802,0.009093043770005029,0.00772998565015961,0.13274145845011906,0.0,0.0,0.0,0.0,0.016779417508517164,0.0,0.0,0.0,0.0050098073966326475,"[4, 6, 11]","[0, 6]"
931,0.009291782419535589,0.0,0.0,0.006534685253688337,0.05786838004304088,0.0,0.20409791090523416,0.0,0.0003003307812905666,0.0,0.020217797117298247,0.3208205187811184,0.0,0.008684859152460634,0.0,0.0,0.0,0.00042687532402513117,0.0,0.0,0.0,"[6, 11]",[-1]
932,0.003137588117044556,0.0,0.0,0.007231693779548179,0.0306872037767184,3.845364944684345e-05,0.0,0.0,0.017925019154722135,0.011330723041587996,0.0,0.004941065987895088,0.0,0.0,0.0,0.0003939191317494982,0.04931050511861275,0.00021393923943346257,0.0018721252802562885,0.0,0.0,"[4, 8, 16]","[1, 6]"
933,0.00021906363339789896,0.0,0.0,0.03283346925495984,0.0,0.0,0.0,0.0,0.0,0.0,0.0006860415921824919,0.0,0.0,0.0,0.0015221759465518468,0.0,0.0,0.0001045865260252536,0.0,0.0022900043696225283,0.011885659435779763,"[3, 20]",[6]
934,0.0,0.018344434388671498,0.0,0.0,0.00926957282987261,0.0,0.0,0.04347155182274874,0.0,0.0,0.0,0.0,0.0,0.06229497616799401,0.0,0.0,0.009215546675806256,0.00015526445636526625,0.0,0.0,0.0,"[7, 13]",[6]
935,0.0035488878941240406,0.0,0.0,0.011287200153384807,0.03086115351785881,4.084365893967705e-06,0.004694644899818818,0.0,0.04286420402330909,0.020402694353325097,0.0,0.008117482993863763,0.0,0.0,0.0,0.004754570566226809,0.07468050878727522,0.0,0.0,0.0,0.030071414787861767,"[4, 8, 16, 20]","[1, 6]"
936,0.004345244554597426,0.0,0.0,0.014820784945199233,0.03549846938727643,0.0,0.0,0.0,0.060778989711721215,0.019525506689671377,0.0,0.0003836407204822702,0.0,0.0,0.0,0.00016859623194505696,0.07132800672585059,0.0,0.0,0.0,0.0,"[4, 8, 16]",[6]
937,0.0,0.023310873437201576,0.00014968078823391698,0.0,0.01336804836444444,0.0010639871741544577,0.01325209664000852,0.04949083432797674,0.0005775473720877882,0.003950086785290689,0.0,0.006136194861435817,0.07066831335006885,0.0,0.0,0.0,0.0,8.303101104866048e-06,0.016170562700443123,0.0,0.0,"[1, 7, 12]",[-1]
938,0.0029570645286012783,0.0,0.0,0.007605203880396204,0.03246697748424828,0.0,0.0,0.0,0.008189344379367603,0.006303026964287362,0.0010629165492172562,0.0,0.0,0.00045695705995928013,0.0,0.0,0.02024307518301983,0.0,0.0004937458957012435,0.0,0.0,"[4, 16]",[6]
939,0.0,0.004593959836816025,0.0,0.0,0.0019040467318759842,0.0,0.0,0.021713173154526602,0.0,0.027445649440977445,0.0,0.0,0.0,0.018294592300269315,0.0013963540289411481,0.0,0.0,0.00011692600696071637,0.1148928232743026,0.0,0.0,[18],[-1]
940,0.0,0.021316680472995373,0.00016315653880029715,0.0,0.011063312012059132,0.0007868902178220915,0.01208209517170363,0.040742273508928104,0.0004080359651028846,0.0,0.0008726454095049487,0.0056690451198133564,0.06277877805254922,0.0,0.0,0.00019525834626766408,0.0,9.1330265173722e-05,0.0,0.00349614418481644,0.0,"[1, 7, 12]",[-1]
941,0.0,0.025601748339250947,0.0,0.0,0.009340518147241695,0.0,0.0,0.07019448605345278,0.0,0.0,0.0,0.0,0.0,0.10125408436479187,0.0,0.0,0.013972450834121823,0.00010814108653914227,0.0,0.0005612020939101805,0.0,"[7, 13]",[-1]
942,0.0,0.016537100264734667,0.0,0.0,0.005807662154339109,0.0,0.0,0.047458248627224246,0.0,0.0,0.006643953585529768,0.0,0.0,0.06483048422545931,0.0004683829290377489,0.0,0.009022455985833911,0.0,0.0,0.004643327091158933,0.0,"[7, 13]",[-1]
943,0.01073663837106376,0.0,0.0,0.003961928700678927,0.057623353469607286,0.0,0.21118137879214052,0.0,0.00013131947885126983,0.0001592628972490029,0.01994299210868642,0.27690415837550314,0.0,0.010729249265715276,0.0,0.0,0.0,0.0007004777239756232,0.0,0.0,0.0004975304622042968,"[6, 11]",[-1]
944,0.0,0.017408178676611444,0.0,0.0,0.0025359781188052655,0.0,0.00015962642220404154,0.018746701239313372,0.0,0.00863420193501961,0.0,0.0008253087165428528,0.006977480662008863,0.01336683475449928,0.0012848863151315396,0.0,9.846691009347998e-05,0.0,0.045505101316908055,0.0,0.0,"[1, 7, 18]",[-1]
945,0.0,0.05301505160316356,0.0004092634234268907,0.0,0.0,0.0,0.00012303172818392801,0.0,0.0,0.0,0.0,0.0,0.0,0.0,0.0,0.001132709495988137,0.013625016307932801,0.0,0.02503931396804151,0.004506433339369822,0.0,"[1, 18]",[5]
946,0.0,0.0,0.38834843627737775,0.005969831267941506,0.0,5.218787254010153e-05,0.0,0.0009408556016883796,0.0,0.0,0.0,1.5148855494351071e-05,0.0008921738712270913,0.0005835019526641678,0.0,0.0014269736317664532,0.0,0.0,0.0,0.000303944737682791,0.0020878921969601913,[2],[-1]
947,0.0,0.0,0.4525900289570373,0.007374757353326466,0.0,6.293850856513483e-05,0.0,0.0011373857288381594,0.0,0.0,0.0,5.968409013618643e-06,0.0011398214337208108,0.0005728769370199535,0.0,0.0014820494506785921,0.0,0.0,0.0,0.00018335132992561667,0.0024068319683015604,[2],[-1]
948,0.006115132233467159,0.005988425696826297,0.0,0.0,0.01728076788227459,0.0,0.06569605778360894,0.009136484225686442,0.01916078462790971,0.0,0.06746747246528116,0.0,0.00600435308533716,0.00934593000576203,0.07233956514994223,0.004871902434539162,0.0051024802303601385,0.0,0.0,0.01801342520510867,0.0,"[6, 10, 14]",[4]
949,0.0,0.012497310834683063,4.7398790063637237e-05,0.0,0.0,0.0,0.0,0.0,0.00018019117065335515,0.00016410044448093446,0.0015220841326820903,0.0,0.0,0.0,0.0011172518542598305,0.0,0.0,0.0,0.0,0.00016889383501668068,0.0,[1],[-1]
950,0.0,0.020221555464986295,0.0,0.0,0.008691012921137291,0.0,0.0,0.06048162415778533,0.0,0.06510429223169092,0.0,0.0,0.0,0.05442384900665068,0.0017947262237510632,0.0034071389394351808,0.0,0.00034585741087998973,0.24108588244837445,0.0,0.0017734013168473177,[18],[-1]
951,0.0,0.0,0.0,0.005787805860468362,0.0,0.0,0.0,0.01265557140285507,0.0,0.0,0.0,0.0,0.0,0.01827561067631137,0.0003220631683699621,0.0,0.000287003352918701,0.0,0.0,0.0018874450926365705,0.0004877483328987318,"[3, 7, 13]",[-1]
952,0.0,0.023133635871801998,0.0,0.0,0.008046704871843974,0.0,0.0,0.057259137056354194,0.0,0.019915460175035808,0.0,0.0,0.0,0.07174565980287595,0.0006112498779753087,0.0006182624725181925,0.0019843048045448393,0.0005568172934393021,0.08751485974197806,0.0013178969664660485,0.006577007396876172,"[7, 13, 18]",[-1]
953,0.0,0.01577491542841809,9.334499468013336e-05,0.0,0.006659136017729369,0.00020240016298221948,0.00713093585371221,0.026151232921825297,4.438732372911501e-05,0.0016859778904163103,0.0,0.003648117937845077,0.038784539473419186,0.0,0.0,0.0,0.0,0.0001382138763599754,0.01498212353059735,0.006455166363288358,0.0088069980942161,"[1, 7, 12, 18]",[-1]
954,0.0,0.013041623153484488,7.325026553252327e-05,0.0,0.005477461342001721,2.721474640034276e-05,0.0051867850701219085,0.022699107958752004,1.785312873568333e-05,0.0057871226386873725,0.0,0.002915343588761973,0.03018128831381357,0.0,0.0,0.0,0.0,0.00013823773153334335,0.035123069539677164,0.007502316847188501,0.010171016339054874,"[1, 7, 12, 18]",[-1]
955,0.0,0.016582904506505236,0.00013453854267906568,0.0,0.009169124782136122,0.0008816180112472561,0.012089031747471784,0.034632652620261904,0.0010190191546259253,0.0,0.0,0.005651315154868224,0.058857012003352555,0.0,0.0,0.0012340297780228265,0.0,0.00010156089356085946,0.0,0.041368311663597994,0.0,"[7, 12, 19]",[-1]
956,0.0,0.009607498653831148,0.0,0.0,0.0045735519118551725,0.0,0.0,0.031064920200522365,0.0,0.04218357114832655,0.0,0.0,0.0,0.02592133872215546,0.0010039971622538332,0.003686873887563861,0.0,0.0003175596580990844,0.16810791478370013,0.0,0.0013942948661672424,[18],[-1]
957,0.00032791989953299977,0.0,0.0,0.020466515905523407,0.0,0.0,0.0,0.0,0.0007969488997881394,3.1685934318584515e-05,0.0,0.0,0.0,0.0,0.00034769516336774,0.0,0.0,0.0,0.0015759911502504695,0.004042126438149246,0.010064854806390803,"[3, 20]",[6]
958,0.0,0.01643364936076858,0.0,0.0,0.009034982308912632,0.0,0.0,0.04121529374602794,0.0,0.01047150954330969,0.0,0.0014467892695085908,0.015736138210811882,0.01939754751355541,0.0015649854377190234,0.0,0.0,2.1987392760153103e-05,0.03323234462672997,0.0,0.0,"[1, 7, 12, 13, 18]",[1]
959,0.006532914326048342,0.006716850260278542,0.0,0.0,0.014976190047253616,0.0,0.06870285389201836,0.00745296286050545,0.007392134659289107,0.0,0.03374724563403267,0.0,0.011542816162022629,0.005176574793987339,0.06861314485894257,0.009796406656028545,0.002664640903629012,0.002005355771428324,0.0,0.004738886527816754,0.0,"[6, 10, 14]",[4]
960,0.0,0.01352857600480376,6.50742017830386e-05,0.0,0.006632933187577181,0.0,0.00421014802582468,0.02636336647638761,8.305134779549033e-05,0.0,0.0,0.0020960506595817862,0.027094731777696134,0.001288070969468916,0.0,0.0,0.0009215825866665959,0.0,0.0,0.0,0.0004930811776607658,"[1, 7, 12]",[-1]
961,0.02443203955872096,0.0004511666383483909,0.0,0.0,0.0403264377294427,0.0,0.2233047911217967,0.0,0.0024828619273901155,0.006441729227559411,0.010432617427191879,0.0,0.0,0.014390111451065765,0.3247931120277815,0.00013332557144638492,0.0,0.0,0.004416214197210482,0.0,0.005083990586071515,"[6, 14]",[4]
962,0.00727592475463011,0.0,0.0,0.013800565463383624,0.05133190114731181,6.983670764157147e-05,0.013541295809579138,0.0,0.0175779825704282,0.012967945724129725,0.0,0.0,0.0,0.0,0.02297205618273278,0.0010220343747318157,0.04065717416606173,0.0,0.0037021194445263058,0.0,0.02140988648925268,"[4, 8, 14, 16, 20]",[6]
963,0.01992861523344075,0.003693791021340856,0.0,0.0,0.025368040922968384,0.0,0.1241421898258682,0.0,0.006276817975568361,0.002043403098139312,0.029259355040315193,0.0,0.0,0.013341437246458457,0.09131943765289739,0.00468820766917917,0.00011947132425699443,0.0,0.0,0.002481070766203084,0.0,"[6, 14]",[4]
964,0.11600978831297656,0.012401452704304294,0.00015776401272364976,0.0,0.0,0.0,0.0,0.01287963820693847,0.0,0.0,0.0005883313428722463,0.009308692505464643,0.022947343270040426,0.008307127068550146,0.0,0.0038080899369947645,0.0030607457161028317,0.0,0.0,0.0,0.0005395706496242158,[0],[8]
965,0.00011626241043425548,0.0,0.0,0.011454975514266242,0.0,3.009191136655714e-06,0.0,0.0,0.0,0.0,0.00012334692955603724,0.0,0.0,0.0,0.00048806862052316234,0.0,0.0,1.1135159480975973e-05,0.0,0.00035600511643702366,0.6568250323429399,[20],[-1]
966,0.0,0.0014177725350821282,0.0,0.0,0.008535873088797372,0.0,0.0,0.012674824113769826,0.02466175073813495,0.49440631978018706,0.01643142247931779,0.0026587969604933924,0.004707352849328219,0.0,0.0,0.0,0.0,0.004082459458451648,0.0,0.0,0.0,[9],[-1]
967,0.0,0.001417772535082126,0.0,0.0,0.008535873088797377,0.0,0.0,0.012674824113769802,0.024661750738134952,0.4944063197801874,0.0164314224793177,0.0026587969604934788,0.0047073528493280755,0.0,0.0,0.0,0.0,0.004082459458454432,0.0,0.0,0.0,[9],[-1]
968,0.0,0.010965654436917927,0.0,0.0,0.002613564055108694,0.0,0.0,0.017857678521051065,0.0,0.0012791422905881328,0.0,0.0,0.0,0.021975925044956462,0.0,0.0,0.003197848910758939,0.0,0.011777964779539778,0.0,0.0,"[1, 7, 13, 18]",[-1]
969,0.0,0.02397303032020123,0.00016596610633922763,0.0,0.011291636610018472,0.0004929735149364378,0.015257496469010194,0.0365371991347501,0.00036040013754644535,0.0,6.0393348549217465e-05,0.0022227485535351375,0.061678508521225445,0.0,0.0,0.00015469058042041694,0.0,0.0,0.0,0.0,0.004832110131264811,"[1, 7, 12]",[-1]
970,0.004505455588404979,0.0,0.0,0.014338530104497125,0.030831387734282314,0.0,0.005723452048149014,0.0,0.05599029466476315,0.027470689173759947,0.00596976771810169,0.0,0.0,0.0,0.019582071175946583,0.0,0.028918387921793513,0.0,0.0,0.18126485800835165,0.0,"[8, 19]",[6]
971,0.006105031158511167,0.0,0.0,0.009953134683824433,0.08031066952528616,0.000197222105709267,0.0,0.0,0.0,0.0,0.0,0.0,0.0,0.0,0.0,0.0,0.0,0.0,0.01659992609187332,0.0013048875223955038,0.004527162606189477,[4],"[1, 6]"
972,5.978509576792495e-05,0.0,0.0,0.00584573771914743,0.0,2.7819822014808953e-06,0.0,0.0,0.0,0.0,7.878932043157104e-05,0.0,0.0,0.0,0.0002775542167856776,0.0,0.0,1.2899663966245487e-05,0.0,0.00024407061735728786,0.6433156877958087,[20],[-1]
973,0.00019906361768346961,0.0,0.0,0.026333436795368977,0.0,1.5317095488112527e-05,0.0,0.0,0.0,0.0,0.0010355240560313565,0.0,0.0,0.0,0.0015578359680788142,0.0009578220158672137,0.0,6.051571602329884e-05,0.0,0.00315535553897645,0.014190276055213951,"[3, 20]",[-1]
974,0.0,0.0,0.45259002895703726,0.007374757353326469,0.0,6.293850856512321e-05,0.0,0.0011373857288381134,0.0,0.0,0.0,5.968409013591599e-06,0.0011398214337208989,0.0005728769370198697,0.0,0.0014820494506787485,0.0,0.0,0.0,0.0001833513299257495,0.002406831968301506,[2],[-1]
975,0.002798440381400268,0.0,0.0,0.01950215840682962,0.02151530932384005,0.0,0.022281848504347654,0.0,0.05941332152551199,0.05282620776267352,0.0,0.012326233695139197,0.0,0.0,0.0,0.0,0.2757787046369205,0.00021707581461889226,0.004939444555105249,0.07899423367928855,0.0025323057481171554,[16],[6]
976,0.0,0.015203984882303722,0.0001271786603842914,0.0,0.008494421829982304,0.0008255699906773829,0.011261795037646911,0.03210314989713583,0.0010208745939641326,0.0,0.0,0.005315083445632374,0.05481423352667848,0.0,0.0,0.0012536133306948213,0.0,0.000241918335454055,0.0,0.0420384128018189,0.0,"[7, 12, 19]",[-1]
977,0.004139723065056855,0.0,0.0,0.010817334651773786,0.034450809840150566,1.3379629597459395e-06,0.0027539044005246704,0.0,0.05100196585626626,0.020611213364269687,0.0,0.0,0.0,0.0,0.00023175910066940635,0.006895990427400071,0.07865562094068378,0.0,0.0,0.0,0.014862746616985952,"[4, 8, 16]",[6]
978,0.0,0.02347803555596599,0.00015631858206236856,0.0,0.008633558489174123,0.00047810003621717457,0.010266670076409374,0.03259377185922402,0.00021631815368642498,0.0012913973209715867,0.0,0.004966905133671378,0.0534352931365012,0.0,0.0,0.0,0.0,0.0001465532550894166,0.012594270590686145,0.00828794810144807,0.0067718213354849115,"[1, 7, 12]",[-1]
979,0.0,0.007740404635938173,5.321622715037119e-05,0.0,0.0,0.0,7.59307544477627e-05,0.0,4.7893117533991224e-05,0.0,0.00029079901270304554,1.546855378486019e-05,0.0,0.0,0.0,0.0,0.0,8.923834082652696e-05,0.0,0.0,0.0,[1],[-1]
980,0.0011377689790973999,0.0,0.0,0.021522185909557897,0.003218706594283128,1.2382804404715643e-05,0.0011454114304396922,0.0,0.008085967556780602,0.012056942614476115,0.0,0.0014186088808989285,0.0,0.0,0.0,0.0,0.01280172304093208,0.0008688208282025425,0.0,0.0,0.047076804020601395,"[3, 20]",[6]
981,0.0024878835517589577,0.0,0.0,0.018556410947722927,0.020574271682067536,3.049661677616101e-05,0.001167038027772053,0.0,0.01926631991304861,0.02232100308478449,0.0,0.0038164018919274114,0.0,0.0,0.0,0.0,0.033704945124217275,0.0,0.0,0.0,0.013444748812753194,"[3, 4, 8, 9, 16, 20]",[-1]
982,0.004258335466152122,0.0,0.0,0.01424968291601459,0.04411649682122239,0.0,0.0,0.0,0.06385247608998611,0.009839537716158054,0.0,0.0,0.0,0.0,0.0,0.00025406749072280453,0.04874749782100034,0.0,0.0004858481030017548,0.02513849940345969,0.0,"[4, 8, 16, 19]",[6]
983,0.0,0.0,0.0,0.003059512323297537,0.00023825226390901462,5.3334070871487255e-05,2.6977093230097836e-05,0.00528220981093779,4.69997280270069e-05,0.0015620785289110013,0.0,0.0,0.0016019742043017352,0.0006776910836876893,0.00039546341644431716,0.0,0.0003440610254093551,0.0,0.008643556129012735,0.0,0.15954063168184207,[20],[-1]
984,0.0,0.009683696657381466,8.244748054057189e-05,0.0,0.0,0.0,0.0,0.0,0.00024707166910637867,0.00017606752820030255,0.0008664579852461519,0.0,0.0,0.0,0.0005506649302881035,5.453285106706336e-05,0.0,0.0,0.0,2.3619007725565845e-05,3.0225794081242008e-05,[1],[-1]
985,0.0001453594045943782,0.0,0.0,0.009632079385619616,0.0,8.334656157439577e-06,0.0,0.0,8.857405431132723e-05,0.0,0.0,0.0,0.0,0.0,0.00018677197749497184,0.0,0.0,3.5533246379480186e-05,0.0005006182752209798,0.0010355099859602715,0.0005645004708549714,[3],[-1]
986,0.0003195218167113349,0.003556581999324403,0.0,0.0,0.025285769844734112,0.0,0.0,0.006859799060466016,0.0,0.0,0.0,0.0,0.005954704320586053,0.0022092941813351926,0.0,0.0,0.0,0.0010641147663897079,0.001264907576755601,0.0014924306119824978,0.012609057703646823,"[4, 20]",[-1]
987,0.0,0.012088280406053751,5.8998900962777576e-05,0.0,0.00658294478557035,0.0,0.005008085613596464,0.024273874416601723,0.0,0.0,0.0,0.0007515011447294413,0.025204207561839546,0.0009240974884249866,0.0,0.0,0.0009226560849586365,0.0,0.0,0.0,0.00791810118807321,"[1, 7, 12, 20]",[-1]
988,0.0,0.04956539325523848,0.00038246109778260727,0.0,0.0,0.0,0.0009629550035873805,0.0,0.0,0.0,0.0,0.0,0.0,0.0,0.0,0.0009149798778697206,0.012858218222233648,0.0,0.025014653088434965,0.0050818210876096125,0.00022380253481403176,"[1, 18]",[-1]
989,0.0019039183521783812,0.0,0.0,0.011351994628397376,0.016172846736224614,3.4737889075866506e-05,0.00355287690840434,0.0,0.0341601229895005,0.019204747276856643,0.0,0.001979996649351684,0.0,0.0,0.0,0.0,0.08360633024584553,0.0003840189176407736,0.0,0.0,0.0,"[8, 16]",[6]
990,0.0012441527134870783,0.0,0.0,0.0029921589267253787,0.020517539995263387,0.0,0.0,0.0032962996559682805,0.18933681874930494,0.0,0.004496899100524341,0.0,0.0,0.007974684516018384,0.005674083139921072,0.0002398998792438733,0.0,0.0,0.0,0.1382902313782586,0.013809479073769922,"[8, 19]",[-1]
991,0.0017162385975230067,0.0,0.0,0.0037188251466039007,0.029869459600704126,0.0,0.0,0.0039702226064500246,0.18080808005558738,0.0,0.0022528379197323633,0.0,0.0,0.009319352387609494,0.003524292609408928,0.0004562537338390474,0.0,0.0,0.0,0.12236998400084666,0.008728126770161613,"[8, 19]",[3]
992,0.002479882201543881,0.0,0.0,0.012551645821723594,0.028695162592344895,7.928902843512678e-05,0.0,0.0,0.0,0.0037329132695235584,0.0,0.0005234138090536483,0.0,0.0,0.0,0.0,0.0061666511311975186,0.001123160442616491,0.005157187819640991,0.0,0.0,"[3, 4]",[6]
993,0.0,0.009153930521611288,6.368972778983138e-05,0.0,0.005917659554968607,0.0002532787925514072,0.007101301130788018,0.017705660317905814,0.00012884107149285882,0.0,0.00012715018283604695,0.000681019105106986,0.028355531992835033,0.0,0.0,0.0,0.0,0.0,0.0,0.0,0.0013234057921560041,"[1, 7, 12]",[-1]
994,0.0,0.006780957815495369,4.8212377230891684e-05,0.0,0.0033790047935383124,0.00015408132591026333,0.004810656432324311,0.011033182648033846,9.401454555992105e-05,0.0,3.222546036049615e-05,0.0006975998855855723,0.0192174557447735,0.0,0.0,0.00023982190096387906,0.0,0.0003258764694866905,0.0,0.0,0.002703640003385822,"[1, 7, 12]",[-1]
995,0.0005460084693980967,0.0,0.0,0.01225476896736483,0.003992429302280593,2.5530465434384018e-05,0.0,0.0,0.0,0.0,0.0,0.0,0.0,0.0,0.0,0.0,0.0,1.7050204128764914e-05,0.0025240429793805187,0.0,0.008212193092112244,"[3, 4, 20]",[-1]
996,0.0,0.0,0.4696462059513764,0.00980524879983472,0.0,7.515524530024195e-05,0.0,0.0013934196009564646,0.0,0.0,0.0001546398384343166,0.0,0.0016507196761293972,8.41346903436362e-05,0.00010261939202576102,0.000862054517932009,0.0,0.0,0.0,0.0,0.002423338180652052,[2],[-1]
997,0.000537900961878562,0.0,0.0,0.011392379198070313,0.0018580086541929745,2.088715822168396e-05,0.000622710735269619,0.0,0.005132104645666111,0.006819330810786649,0.0,0.0009652402660934238,0.0,0.0,0.0,0.00045668921768069577,0.010155831416882484,0.0,0.0004245985916352627,0.0,0.057634579406237646,[20],[-1]
998,0.0,0.010354134382508396,0.0,0.0,0.003985088126301754,0.0,0.0,0.03237939157448112,0.0,0.0,0.0,0.0,0.0,0.04679719983701887,0.0,0.0,0.006832450609055058,0.0002079374192558402,0.0,0.00011358183586980437,0.0,"[7, 13]",[-1]
999,0.0,0.004416009698535212,0.0,0.0,0.002069975120851218,0.0,0.0,0.02318940783132628,0.0,0.04261173696919677,0.0,0.0,0.0,0.018733304776670134,0.0015377389898858247,0.0,0.0,0.0004141843604017063,0.11400965394495662,0.0,0.0016401725023353628,"[9, 18]",[7]
1000,0.00016079198083994968,0.0,0.0,0.01313346621300857,0.0,2.3517629903843043e-05,0.00018633216587026112,0.0,0.0,0.0,0.00041255398543859365,0.0,0.0,0.0,0.0005207954369448996,0.5393007328400478,0.0,0.0007400244370921993,0.0,0.001804884279582554,0.0,[15],[7]
1001,0.019532745026319697,0.0037828854127329187,0.0,0.0,0.01522335859458118,0.0,0.029215848533677185,0.0008865851768383525,0.010141381834858763,0.006400784053083425,0.008081995019164215,0.0,0.0004630347622779622,0.007336106962237665,0.046135095657109416,0.0008565704973355196,0.012010479061153373,0.0,0.0,0.17077428862899496,0.0,[19],[2]
1002,0.0,0.01097583579754035,1.0355563168641087e-05,0.0,0.004798092549417852,0.0,0.0001503682493407687,0.024936618160696936,0.0,0.01637378380383223,0.0,0.0015920205263109726,0.014050184418382298,0.0077424644022339945,0.0010695401895237603,0.0013051796721023203,0.0,0.00024459860365956017,0.08052802357857358,0.004254972855103848,0.0082419432608683,"[7, 18]",[-1]
1003,9.800599616791031e-05,0.0,0.0,0.008505946243118498,0.0,1.8813045934569846e-05,9.512544577770145e-05,0.0,0.0,0.0,0.00041902460395823335,0.0,0.0,0.0,0.000443589139437635,0.6089355511179332,0.0,0.0008323076370457423,0.0,0.0018835996203539936,0.0,[15],[7]
1004,0.00012571757955076224,0.0,0.0,0.011818960872705458,0.0,2.240824635731161e-05,7.325013256973173e-05,0.0,0.0,0.0,0.0005351556850160626,0.0,0.0,0.0,0.0006447952389969254,0.56521500193019,0.0,0.0007685163224305883,0.0,0.0017798965497447903,0.0,[15],[7]
1005,0.0,0.004023208970670605,0.0,0.0,0.014149277556028655,0.0,0.0,0.012371064743315549,0.0,0.0004742649877839528,0.0,0.0,0.0,0.019858037417414716,0.0,0.00019666986866944818,0.0012146587506344517,0.00016844002393858,0.011044049929879646,0.0001615686448467466,0.0,"[4, 7, 13, 18]",[-1]
1006,0.0,0.0029551720865320084,0.0,0.0,0.0011834221119273855,0.0,0.0,0.019697969696995356,0.0,0.028462678172419487,0.0,0.0,0.0,0.017689140489364992,0.0014932331329282284,0.0,0.0,0.00018187004425418077,0.12014819479792005,0.0,0.0,[18],[-1]
1007,0.001564165506550565,0.0,0.0,0.006843763649112692,0.010638811530488557,1.1743205099390519e-05,0.004590313762213389,0.0,0.009973745237115738,0.006980808635509105,0.0,0.0,0.0,0.0,0.0017172065149772427,0.0010463430181610743,0.019097533085793393,0.00042091910148463977,0.0,0.0,0.011261115252087176,"[3, 4, 8, 9, 16, 20]",[6]
1008,0.0006513946640359302,0.0,0.0,4.959583213499455e-05,0.020024182764048104,0.0,0.0,0.007263349441794788,0.18088855078428673,0.0,0.0037165477419945953,0.0,0.0,0.011036634677145581,0.0053917351339768755,0.00013427675328543507,0.0,0.0,0.0,0.13412800289174348,0.01529339237484423,"[8, 19]",[-1]
1009,0.0,0.01577658797745811,0.00012442861853632784,0.0,0.0,0.0,0.00013859097661634854,0.0,0.0,0.0,0.0,0.0,0.0,0.0,0.0,0.00018510423179822898,0.004524796795752593,0.00018199383028499563,0.00944492618309226,0.0021853314106924297,0.00026519255415395,"[1, 18]",[-1]
1010,0.004565547478452683,0.0,0.0,0.01680478980756433,0.024278937427160426,0.0,0.03970635416926004,0.0,0.05764544488270302,0.05112288075236587,0.0,0.0,0.0,0.0,0.004455475581386809,0.0,0.26387149177250563,1.6587080076260353e-06,0.004216722079554363,0.07602107254195051,0.0026587758309619485,[16],[-1]
1011,0.0,0.009780469051977112,3.3510435149506356e-05,0.0,0.004318668085539294,0.0,0.0012576010318731865,0.0189804868692395,2.1977707647260346e-05,0.0,0.0,0.0013570797737632488,0.014130766182893125,0.005087563416250679,0.00013407360315148683,0.0,0.0010969372733815477,0.0003494274757278351,0.0,0.0,0.0,"[1, 7, 12]",[-1]
1012,0.0,0.013411887359652484,0.0,0.0,0.005775010997473706,0.0,0.0,0.03841720869631432,0.0,0.031123459082219324,0.0,0.0,0.0,0.03517161087595478,0.0008287189797027228,0.0019032174482074432,0.0,8.962657877086228e-05,0.1178809207972455,0.0,0.0012321683550658665,"[7, 18]",[-1]
1013,0.005565204931920175,0.00842113539603618,0.0,0.0,0.013772949848954129,0.0,0.06740764512974426,0.005567178091891952,0.004139812598134503,0.0006598701369945434,0.018850879126553078,0.0,0.012062633393519661,0.00466867149910455,0.0818594670075843,0.00911904404321045,0.00558052242573,0.0,0.0,0.0012791578395438834,0.0,"[6, 14]",[4]
1014,0.0,0.000981803426990716,0.0,0.0,0.005550102150890625,0.0,0.0,0.008183739944669142,0.01312504168114063,0.24298501574597386,0.006985410472974827,0.001208443291889854,0.0015485693435393862,0.0,0.0,0.0,0.0,0.003017144515398487,0.0,0.0,0.0,[9],[-1]
1015,0.0037148995319479052,0.0,0.0,0.009615450973049723,0.03527526044316597,0.0,0.0014383619181090328,0.0,0.06469044868877478,0.020144956261847393,0.0,0.00262662913378498,0.0,0.0,0.0,0.007880879472818698,0.08292414035115343,0.0,0.0,0.0,0.03914314173090473,"[4, 8, 16, 20]",[6]
1016,0.0,0.009290074956496005,7.680780805463648e-05,0.0,0.0,0.0,0.00012668865181315355,0.0,0.00019487868212725323,0.00020262613277870797,0.0005986316976735586,0.0,0.0,0.0,0.0001918953282119718,0.0,0.0,0.0,0.0,0.0,0.0,[1],[-1]
1017,0.00033475312232739504,0.0,0.0,0.005556200488997824,0.0019324658212018946,1.4692073135946437e-05,0.0002813759379647822,0.0,0.0027434635159634337,0.0035176171286468334,0.0,0.0006311697196908045,0.0,0.0,0.0,0.0,0.0062769048299742445,0.0,0.0002912151105506048,0.0,0.018069573624292113,"[3, 16, 20]",[7]
1018,0.0,0.010308821075044888,6.56296473499188e-06,0.0,0.0017807976317444196,0.5554156043618821,0.0,0.0015163560203222386,1.99644084646193e-05,0.0013315249125335127,0.0003556803741302932,0.0002916795963310703,0.0,0.00568979216727619,0.00043609394543226945,0.0,0.0010417553253255585,0.0,0.0015124327565302672,0.0,2.4311011600358147e-05,[5],[-1]
1019,0.002361853177636437,0.0033883674755297607,0.0,0.0,0.01675816550593289,0.0,0.005012736369234073,0.007172960000813386,0.012630935772130517,0.00863047103730684,0.019300409749793218,0.0,0.011244215381796053,0.0006098574647562292,0.021291678703675078,0.002122429854159021,0.012637019616823765,0.0,0.0,0.5374023410765576,0.01185131492747899,[19],[-1]
1020,0.0,0.01012402471840262,0.0,0.0,0.0018108223157048593,0.0,0.0,0.010702904303141693,0.0,0.0,0.0,0.0005348283030221432,0.003410403112697889,0.008925366932716451,0.0,0.0,0.002699380887845576,1.8596554034231083e-05,0.0015237558129100313,0.0,0.0022510247821961524,"[1, 7, 12, 13]",[-1]
1021,0.0016967652930135674,0.0025838061652285068,0.0,0.0,0.01224365149405965,0.0,0.0004970587083913477,0.007998341814754178,0.007540058685281692,0.003807539301315344,0.01888270370716106,0.0,0.0,0.009543924544915252,0.015206255195083535,0.00027233141438832726,0.009370945136612241,0.0,0.0,0.2755156711947546,0.0,[19],[-1]
1022,0.0006417778869007104,0.0,0.0,0.010759004275805383,0.005918809721574712,1.0797064093487911e-05,0.0,0.0,0.0,0.0,0.0,0.0,0.0,0.0,0.0,0.0,0.0,6.0202931385547345e-05,0.0027164483330445834,0.00027574447485439557,0.015017890626946646,"[3, 4, 20]",[-1]
1023,0.0,0.0,0.32889160779663573,0.00615548669528993,0.0,5.07675160895152e-05,0.0,0.0009029673562505851,0.0,0.0,0.0001174591935787259,0.0,0.0010708817696526598,0.00016586712623753436,4.81904232220038e-05,0.0,0.0,0.0,0.0,0.0,0.00042112332823319326,[2],[-1]
1024,0.0,0.0,0.3288916077966357,0.006155486695289932,0.0,5.076751608953925e-05,0.0,0.0009029673562505864,0.0,0.0,0.00011745919357864655,0.0,0.001070881769652701,0.00016586712623750606,4.8190423221978836e-05,0.0,0.0,0.0,0.0,0.0,0.00042112332823290074,[2],[-1]
1025,0.0,0.012936445515559156,2.113113024597307e-05,0.0,0.005362487896668156,0.0,0.004469450184074763,0.02457579554220088,0.0,0.0,0.00045195768944872436,0.0026224960564529298,0.028493800443486948,0.0,0.0,0.0,0.0,0.0002089737099906317,0.004430232377288865,0.004500784791983233,0.00449956563709591,"[1, 7, 12]",[-1]
1026,0.0011394944884666066,0.0,0.0,0.0015546894136986775,0.02104923453321179,0.0,0.0,0.003023689059142049,0.5019688671590375,0.0,0.0033404484601603688,0.0,0.00512991097670096,0.011998523801134028,0.0027457086542545385,0.0,0.0,0.0,0.019447684215250817,0.0,0.0,[8],[-1]
1027,0.0008286685053171182,0.0,0.0,0.0010835599406646738,0.01611195444331096,0.0,0.0,0.0022809279309906447,0.4425403288060869,0.0,0.002529177084853073,0.0002173114501063078,0.005047159018100189,0.00989109639264816,0.0020280204300785407,0.0,0.0,0.004232417977031504,0.020639238984280182,0.0,0.0,[8],[-1]
1028,0.0,0.0,0.0,0.001523542057070691,0.00010471883895206137,3.125812374967081e-05,1.3443452287809605e-05,0.0028361187383511666,2.6490213097852507e-05,0.0009921710303789242,0.0,0.0,0.0008810369765456152,0.00022824438872010358,0.00024125455486299785,0.0,0.0002399099608605641,0.00019150627625092966,0.006015249416109569,0.0,0.156252045904893,[20],[-1]
1029,0.000527400387363135,0.0,0.0,0.00983902166375679,0.0021974321260119613,1.8669166415337257e-05,0.0005586504671828268,0.0,0.004922370689066796,0.0069284560175373305,0.0,0.0009736256016020774,0.0,0.0,0.0,0.0,0.010006162865621877,0.0,0.00023074588021351666,0.0,0.056789403097720015,[20],[-1]
1030,0.0,0.005695288435723922,2.158078332169522e-05,0.0,0.0026349858757390393,0.0,0.0015433500704228997,0.011934457811472341,0.0,0.0,0.004233778052853993,0.0012093232944858554,0.011971315080281405,0.001517377323202521,0.0,0.001342143544174706,0.001430083168910844,0.0,0.0,0.0,0.0,"[1, 7, 10, 12]",[2]
1031,9.760794112374402e-05,0.0,0.0,0.005622139951160102,0.0,7.632002855160008e-06,2.520757139074181e-05,0.0,0.0,0.0,0.00010099186519113848,0.0,0.0,0.0,0.000146247158224471,0.0,0.0,8.580146326642074e-05,3.763267774591404e-05,4.644167679410656e-05,0.0,[3],[7]
1032,0.0005442349336046096,0.0,0.0,0.005479677670849476,0.0038673310749387764,5.591555739699336e-06,0.001974272786612733,0.0,0.010277282514630462,0.008410824661382169,0.0,0.0016469973587526306,0.0,0.0,0.0,0.0,0.03707806543430942,0.00030406723289949265,0.00024049162960608343,0.0,0.0,[16],[6]
1033,0.0,0.00403997683139755,0.0,0.0,0.0014716471211172488,0.0,0.0,0.012242198895797115,0.0,0.0,0.0,0.0,0.0,0.017776156086903236,3.216556964252484e-05,0.0,0.0024760979542714666,3.657860710853616e-05,0.0,0.000741987889777971,0.008650205315309458,"[7, 13, 20]",[-1]
